trader_id,strategy_id,instrument_id,venue_order_id,position_id,account_id,last_trade_id,type,side,quantity,time_in_force,is_reduce_only,is_quote_quantity,filled_qty,liquidity_side,avg_px,slippage,commissions,emulation_trigger,status,contingency_type,order_list_id,linked_order_ids,parent_order_id,exec_algorithm_id,exec_algorithm_params,exec_spawn_id,tags,init_id,ts_init,ts_last
BACKTESTER-001,OracleStrategy-000,MESM6.GLBX,GLBX-1-001,MESM6.GLBX-OracleStrategy-000,GLBX-001,GLBX-1-001,MARKET,BUY,1,GTC,False,False,1,TAKER,6677.0,0.0,['0.00 USD'],NO_TRIGGER,FILLED,NO_CONTINGENCY,,,,MY_GENERIC_ALGO,,O-20260309-000000-001-000-1,,1c53e50e-88a2-417a-8cf4-c98e8960766d,2026-03-09 00:00:00.037054713+00:00,2026-03-09 00:00:00.037054713+00:00
BACKTESTER-001,OracleStrategy-000,MESM6.GLBX,GLBX-1-002,MESM6.GLBX-OracleStrategy-000,GLBX-001,GLBX-1-002,MARKET,SELL,1,GTC,True,False,1,TAKER,6677.75,0.0,['0.00 USD'],NO_TRIGGER,FILLED,NO_CONTINGENCY,,,,MY_GENERIC_ALGO,,O-20260309-000001-001-000-2,,74434324-9728-4762-9c1b-8f9b4abe6e11,2026-03-09 00:00:01.282957928+00:00,2026-03-09 00:00:01.282957928+00:00
BACKTESTER-001,OracleStrategy-000,MESM6.GLBX,GLBX-1-003,MESM6.GLBX-OracleStrategy-000,GLBX-001,GLBX-1-003,MARKET,SELL,1,GTC,False,False,1,TAKER,6678.0,0.0,['0.00 USD'],NO_TRIGGER,FILLED,NO_CONTINGENCY,,,,MY_GENERIC_ALGO,,O-20260309-000002-001-000-4,,a5a100f8-1000-47c6-ab57-290c9b02fea3,2026-03-09 00:00:02.391555443+00:00,2026-03-09 00:00:02.391555443+00:00
BACKTESTER-001,OracleStrategy-000,MESM6.GLBX,GLBX-1-004,MESM6.GLBX-OracleStrategy-000,GLBX-001,GLBX-1-004,MARKET,BUY,1,GTC,True,False,1,TAKER,6675.5,0.0,['0.00 USD'],NO_TRIGGER,FILLED,NO_CONTINGENCY,,,,MY_GENERIC_ALGO,,O-20260309-000139-001-000-5,,8f1b4780-9373-479d-a6e8-00e898a0edf5,2026-03-09 00:01:39.875501368+00:00,2026-03-09 00:01:39.875501368+00:00
BACKTESTER-001,OracleStrategy-000,MESM6.GLBX,GLBX-1-005,MESM6.GLBX-OracleStrategy-000,GLBX-001,GLBX-1-005,MARKET,BUY,1,GTC,False,False,1,TAKER,6675.5,0.0,['0.00 USD'],NO_TRIGGER,FILLED,NO_CONTINGENCY,,,,MY_GENERIC_ALGO,,O-20260309-000139-001-000-6,,4802dfc8-5bf6-4aa5-ab73-1a60ef0a4b33,2026-03-09 00:01:39.875501368+00:00,2026-03-09 00:01:39.875501368+00:00
BACKTESTER-001,OracleStrategy-000,MESM6.GLBX,GLBX-1-006,MESM6.GLBX-OracleStrategy-000,GLBX-001,GLBX-1-006,MARKET,SELL,1,GTC,True,False,1,TAKER,6676.75,0.0,['0.00 USD'],NO_TRIGGER,FILLED,NO_CONTINGENCY,,,,MY_GENERIC_ALGO,,O-20260309-000227-001-000-7,,1685702e-9d5a-4a00-a367-ce43446b03f2,2026-03-09 00:02:27.540805323+00:00,2026-03-09 00:02:27.540805323+00:00
BACKTESTER-001,OracleStrategy-000,MESM6.GLBX,GLBX-1-007,MESM6.GLBX-OracleStrategy-000,GLBX-001,GLBX-1-007,MARKET,BUY,1,GTC,False,False,1,TAKER,6674.0,0.0,['0.00 USD'],NO_TRIGGER,FILLED,NO_CONTINGENCY,,,,MY_GENERIC_ALGO,,O-20260309-000306-001-000-9,,d3b591d4-6606-4fe5-a977-1a73eb420c32,2026-03-09 00:03:06.172627069+00:00,2026-03-09 00:03:06.172627069+00:00
BACKTESTER-001,OracleStrategy-000,MESM6.GLBX,GLBX-1-008,MESM6.GLBX-OracleStrategy-000,GLBX-001,GLBX-1-008,MARKET,SELL,1,GTC,True,False,1,TAKER,6686.0,0.0,['0.00 USD'],NO_TRIGGER,FILLED,NO_CONTINGENCY,,,,MY_GENERIC_ALGO,,O-20260309-000545-001-000-10,,14ae6951-58f4-47d0-9c86-106bd162fabb,2026-03-09 00:05:45.509657584+00:00,2026-03-09 00:05:45.509657584+00:00
BACKTESTER-001,OracleStrategy-000,MESM6.GLBX,GLBX-1-009,MESM6.GLBX-OracleStrategy-000,GLBX-001,GLBX-1-009,MARKET,SELL,1,GTC,False,False,1,TAKER,6686.0,0.0,['0.00 USD'],NO_TRIGGER,FILLED,NO_CONTINGENCY,,,,MY_GENERIC_ALGO,,O-20260309-000545-001-000-11,,f6840978-8c76-43a3-9f48-11aa54bce71a,2026-03-09 00:05:45.509657584+00:00,2026-03-09 00:05:45.509657584+00:00
BACKTESTER-001,OracleStrategy-000,MESM6.GLBX,GLBX-1-010,MESM6.GLBX-OracleStrategy-000,GLBX-001,GLBX-1-010,MARKET,BUY,1,GTC,True,False,1,TAKER,6680.75,0.0,['0.00 USD'],NO_TRIGGER,FILLED,NO_CONTINGENCY,,,,MY_GENERIC_ALGO,,O-20260309-000748-001-000-12,,0d9aad9a-8af8-490d-a6e4-8a433357023c,2026-03-09 00:07:48.567153890+00:00,2026-03-09 00:07:48.567153890+00:00
BACKTESTER-001,OracleStrategy-000,MESM6.GLBX,GLBX-1-011,MESM6.GLBX-OracleStrategy-000,GLBX-001,GLBX-1-011,MARKET,BUY,1,GTC,False,False,1,TAKER,6682.0,0.0,['0.00 USD'],NO_TRIGGER,FILLED,NO_CONTINGENCY,,,,MY_GENERIC_ALGO,,O-20260309-000759-001-000-14,,a75d4c3f-9ac4-4a69-9eb7-a109e7813bc6,2026-03-09 00:07:59.865203922+00:00,2026-03-09 00:07:59.865203922+00:00
BACKTESTER-001,OracleStrategy-000,MESM6.GLBX,GLBX-1-012,MESM6.GLBX-OracleStrategy-000,GLBX-001,GLBX-1-012,MARKET,SELL,1,GTC,True,False,1,TAKER,6686.75,0.0,['0.00 USD'],NO_TRIGGER,FILLED,NO_CONTINGENCY,,,,MY_GENERIC_ALGO,,O-20260309-001132-001-000-15,,396e1780-b2af-460b-b164-2794342a4359,2026-03-09 00:11:32.974124658+00:00,2026-03-09 00:11:32.974124658+00:00
BACKTESTER-001,OracleStrategy-000,MESM6.GLBX,GLBX-1-013,MESM6.GLBX-OracleStrategy-000,GLBX-001,GLBX-1-013,MARKET,SELL,1,GTC,False,False,1,TAKER,6686.75,0.0,['0.00 USD'],NO_TRIGGER,FILLED,NO_CONTINGENCY,,,,MY_GENERIC_ALGO,,O-20260309-001140-001-000-17,,090699b4-4f37-4985-93fd-2fd96145e4a4,2026-03-09 00:11:40.059841579+00:00,2026-03-09 00:11:40.059841579+00:00
BACKTESTER-001,OracleStrategy-000,MESM6.GLBX,GLBX-1-014,MESM6.GLBX-OracleStrategy-000,GLBX-001,GLBX-1-014,MARKET,BUY,1,GTC,True,False,1,TAKER,6680.0,0.0,['0.00 USD'],NO_TRIGGER,FILLED,NO_CONTINGENCY,,,,MY_GENERIC_ALGO,,O-20260309-001223-001-000-18,,e6c5621b-3962-4d82-a858-c84f1451efae,2026-03-09 00:12:23.431551735+00:00,2026-03-09 00:12:23.431551735+00:00
BACKTESTER-001,OracleStrategy-000,MESM6.GLBX,GLBX-1-015,MESM6.GLBX-OracleStrategy-000,GLBX-001,GLBX-1-015,MARKET,BUY,1,GTC,False,False,1,TAKER,6680.0,0.0,['0.00 USD'],NO_TRIGGER,FILLED,NO_CONTINGENCY,,,,MY_GENERIC_ALGO,,O-20260309-001223-001-000-19,,63e307c4-ae1a-4b58-9340-43bfe0ff4fc4,2026-03-09 00:12:23.431551735+00:00,2026-03-09 00:12:23.431551735+00:00
BACKTESTER-001,OracleStrategy-000,MESM6.GLBX,GLBX-1-016,MESM6.GLBX-OracleStrategy-000,GLBX-001,GLBX-1-016,MARKET,SELL,1,GTC,True,False,1,TAKER,6682.0,0.0,['0.00 USD'],NO_TRIGGER,FILLED,NO_CONTINGENCY,,,,MY_GENERIC_ALGO,,O-20260309-001250-001-000-20,,6dd06751-ad60-4009-93bc-9659290d2e1d,2026-03-09 00:12:50.691264695+00:00,2026-03-09 00:12:50.691264695+00:00
BACKTESTER-001,OracleStrategy-000,MESM6.GLBX,GLBX-1-017,MESM6.GLBX-OracleStrategy-000,GLBX-001,GLBX-1-017,MARKET,SELL,1,GTC,False,False,1,TAKER,6681.5,0.0,['0.00 USD'],NO_TRIGGER,FILLED,NO_CONTINGENCY,,,,MY_GENERIC_ALGO,,O-20260309-001254-001-000-23,,cd7ff237-51b2-4756-9c45-a3355dbe5eb7,2026-03-09 00:12:54.722121426+00:00,2026-03-09 00:12:54.722121426+00:00
BACKTESTER-001,OracleStrategy-000,MESM6.GLBX,GLBX-1-018,MESM6.GLBX-OracleStrategy-000,GLBX-001,GLBX-1-018,MARKET,BUY,1,GTC,True,False,1,TAKER,6679.5,0.0,['0.00 USD'],NO_TRIGGER,FILLED,NO_CONTINGENCY,,,,MY_GENERIC_ALGO,,O-20260309-001400-001-000-24,,cbed3194-893c-4d2e-adbb-caacaeb5ffcf,2026-03-09 00:14:00.157597816+00:00,2026-03-09 00:14:00.157597816+00:00
BACKTESTER-001,OracleStrategy-000,MESM6.GLBX,GLBX-1-019,MESM6.GLBX-OracleStrategy-000,GLBX-001,GLBX-1-019,MARKET,BUY,1,GTC,False,False,1,TAKER,6679.5,0.0,['0.00 USD'],NO_TRIGGER,FILLED,NO_CONTINGENCY,,,,MY_GENERIC_ALGO,,O-20260309-001400-001-000-25,,bdcea1fd-de4a-4332-b80c-c3009d5fc407,2026-03-09 00:14:00.157597816+00:00,2026-03-09 00:14:00.157597816+00:00
BACKTESTER-001,OracleStrategy-000,MESM6.GLBX,GLBX-1-020,MESM6.GLBX-OracleStrategy-000,GLBX-001,GLBX-1-020,MARKET,SELL,1,GTC,True,False,1,TAKER,6681.5,0.0,['0.00 USD'],NO_TRIGGER,FILLED,NO_CONTINGENCY,,,,MY_GENERIC_ALGO,,O-20260309-001502-001-000-26,,04eb24f2-ac84-44ad-85b6-ca1150949f2e,2026-03-09 00:15:02.091134808+00:00,2026-03-09 00:15:02.091134808+00:00
BACKTESTER-001,OracleStrategy-000,MESM6.GLBX,GLBX-1-021,MESM6.GLBX-OracleStrategy-000,GLBX-001,GLBX-1-021,MARKET,SELL,1,GTC,False,False,1,TAKER,6681.5,0.0,['0.00 USD'],NO_TRIGGER,FILLED,NO_CONTINGENCY,,,,MY_GENERIC_ALGO,,O-20260309-001502-001-000-27,,78ed940a-f93b-4370-9ab8-d0b58fb41373,2026-03-09 00:15:02.091134808+00:00,2026-03-09 00:15:02.091134808+00:00
BACKTESTER-001,OracleStrategy-000,MESM6.GLBX,GLBX-1-022,MESM6.GLBX-OracleStrategy-000,GLBX-001,GLBX-1-022,MARKET,BUY,1,GTC,True,False,1,TAKER,6679.0,0.0,['0.00 USD'],NO_TRIGGER,FILLED,NO_CONTINGENCY,,,,MY_GENERIC_ALGO,,O-20260309-001640-001-000-28,,bd8ec476-4c56-4070-92cc-2c2be859ec2d,2026-03-09 00:16:40.042742315+00:00,2026-03-09 00:16:40.042742315+00:00
BACKTESTER-001,OracleStrategy-000,MESM6.GLBX,GLBX-1-023,MESM6.GLBX-OracleStrategy-000,GLBX-001,GLBX-1-023,MARKET,BUY,1,GTC,False,False,1,TAKER,6680.5,0.0,['0.00 USD'],NO_TRIGGER,FILLED,NO_CONTINGENCY,,,,MY_GENERIC_ALGO,,O-20260309-001737-001-000-30,,539d4e94-4a21-4775-91b3-12c49c1c99be,2026-03-09 00:17:37.001207967+00:00,2026-03-09 00:17:37.001207967+00:00
BACKTESTER-001,OracleStrategy-000,MESM6.GLBX,GLBX-1-024,MESM6.GLBX-OracleStrategy-000,GLBX-001,GLBX-1-024,MARKET,SELL,1,GTC,True,False,1,TAKER,6679.75,0.0,['0.00 USD'],NO_TRIGGER,FILLED,NO_CONTINGENCY,,,,MY_GENERIC_ALGO,,O-20260309-001832-001-000-31,,74a37e5b-d503-4d92-aea4-bbae828e98ba,2026-03-09 00:18:32.873344256+00:00,2026-03-09 00:18:32.873344256+00:00
BACKTESTER-001,OracleStrategy-000,MESM6.GLBX,GLBX-1-025,MESM6.GLBX-OracleStrategy-000,GLBX-001,GLBX-1-025,MARKET,SELL,1,GTC,False,False,1,TAKER,6679.75,0.0,['0.00 USD'],NO_TRIGGER,FILLED,NO_CONTINGENCY,,,,MY_GENERIC_ALGO,,O-20260309-001832-001-000-32,,e25b6b08-f75a-4dc5-8f4a-eceb1aa4c24b,2026-03-09 00:18:32.873344256+00:00,2026-03-09 00:18:32.873344256+00:00
BACKTESTER-001,OracleStrategy-000,MESM6.GLBX,GLBX-1-026,MESM6.GLBX-OracleStrategy-000,GLBX-001,GLBX-1-026,MARKET,BUY,1,GTC,True,False,1,TAKER,6671.75,0.0,['0.00 USD'],NO_TRIGGER,FILLED,NO_CONTINGENCY,,,,MY_GENERIC_ALGO,,O-20260309-002002-001-000-33,,1c361aca-8f90-4cd1-af69-c5f7e8cc517a,2026-03-09 00:20:02.961885690+00:00,2026-03-09 00:20:02.961885690+00:00
BACKTESTER-001,OracleStrategy-000,MESM6.GLBX,GLBX-1-027,MESM6.GLBX-OracleStrategy-000,GLBX-001,GLBX-1-027,MARKET,BUY,1,GTC,False,False,1,TAKER,6671.75,0.0,['0.00 USD'],NO_TRIGGER,FILLED,NO_CONTINGENCY,,,,MY_GENERIC_ALGO,,O-20260309-002002-001-000-34,,c02b5d08-7f18-4433-9998-f084285d8d73,2026-03-09 00:20:02.961885690+00:00,2026-03-09 00:20:02.961885690+00:00
BACKTESTER-001,OracleStrategy-000,MESM6.GLBX,GLBX-1-028,MESM6.GLBX-OracleStrategy-000,GLBX-001,GLBX-1-028,MARKET,SELL,1,GTC,True,False,1,TAKER,6673.25,0.0,['0.00 USD'],NO_TRIGGER,FILLED,NO_CONTINGENCY,,,,MY_GENERIC_ALGO,,O-20260309-002033-001-000-35,,ba60897a-6eb8-4053-af5b-3e6f12fe76da,2026-03-09 00:20:33.199683026+00:00,2026-03-09 00:20:33.199683026+00:00
BACKTESTER-001,OracleStrategy-000,MESM6.GLBX,GLBX-1-029,MESM6.GLBX-OracleStrategy-000,GLBX-001,GLBX-1-029,MARKET,SELL,1,GTC,False,False,1,TAKER,6673.75,0.0,['0.00 USD'],NO_TRIGGER,FILLED,NO_CONTINGENCY,,,,MY_GENERIC_ALGO,,O-20260309-002036-001-000-37,,a68d55c0-5afa-4265-a46f-94180e7988ce,2026-03-09 00:20:36.349014914+00:00,2026-03-09 00:20:36.349014914+00:00
BACKTESTER-001,OracleStrategy-000,MESM6.GLBX,GLBX-1-030,MESM6.GLBX-OracleStrategy-000,GLBX-001,GLBX-1-030,MARKET,BUY,1,GTC,True,False,1,TAKER,6671.75,0.0,['0.00 USD'],NO_TRIGGER,FILLED,NO_CONTINGENCY,,,,MY_GENERIC_ALGO,,O-20260309-002155-001-000-38,,4aa7aab1-d05d-4148-9b80-e812ab9656f4,2026-03-09 00:21:55.327848960+00:00,2026-03-09 00:21:55.327848960+00:00
BACKTESTER-001,OracleStrategy-000,MESM6.GLBX,GLBX-1-031,MESM6.GLBX-OracleStrategy-000,GLBX-001,GLBX-1-031,MARKET,BUY,1,GTC,False,False,1,TAKER,6671.0,0.0,['0.00 USD'],NO_TRIGGER,FILLED,NO_CONTINGENCY,,,,MY_GENERIC_ALGO,,O-20260309-002205-001-000-41,,95d3502b-1de6-418f-ac8e-624b86c838ce,2026-03-09 00:22:05.915556120+00:00,2026-03-09 00:22:05.915556120+00:00
BACKTESTER-001,OracleStrategy-000,MESM6.GLBX,GLBX-1-032,MESM6.GLBX-OracleStrategy-000,GLBX-001,GLBX-1-032,MARKET,SELL,1,GTC,True,False,1,TAKER,6672.5,0.0,['0.00 USD'],NO_TRIGGER,FILLED,NO_CONTINGENCY,,,,MY_GENERIC_ALGO,,O-20260309-002226-001-000-42,,88b8f0de-7e68-4f96-8647-d0eb2c5a2fa4,2026-03-09 00:22:26.572829810+00:00,2026-03-09 00:22:26.572829810+00:00
BACKTESTER-001,OracleStrategy-000,MESM6.GLBX,GLBX-1-033,MESM6.GLBX-OracleStrategy-000,GLBX-001,GLBX-1-033,MARKET,SELL,1,GTC,False,False,1,TAKER,6672.5,0.0,['0.00 USD'],NO_TRIGGER,FILLED,NO_CONTINGENCY,,,,MY_GENERIC_ALGO,,O-20260309-002227-001-000-44,,885b9524-2ae1-42e7-a858-2f30ade44811,2026-03-09 00:22:27.725578064+00:00,2026-03-09 00:22:27.725578064+00:00
BACKTESTER-001,OracleStrategy-000,MESM6.GLBX,GLBX-1-034,MESM6.GLBX-OracleStrategy-000,GLBX-001,GLBX-1-034,MARKET,BUY,1,GTC,True,False,1,TAKER,6666.25,0.0,['0.00 USD'],NO_TRIGGER,FILLED,NO_CONTINGENCY,,,,MY_GENERIC_ALGO,,O-20260309-002515-001-000-45,,bf179588-8d94-4e36-adb4-64c319e641ae,2026-03-09 00:25:15.188083824+00:00,2026-03-09 00:25:15.188083824+00:00
BACKTESTER-001,OracleStrategy-000,MESM6.GLBX,GLBX-1-035,MESM6.GLBX-OracleStrategy-000,GLBX-001,GLBX-1-035,MARKET,BUY,1,GTC,False,False,1,TAKER,6666.25,0.0,['0.00 USD'],NO_TRIGGER,FILLED,NO_CONTINGENCY,,,,MY_GENERIC_ALGO,,O-20260309-002515-001-000-46,,413878cd-6a1a-4d15-ba5d-9a7f82c203fb,2026-03-09 00:25:15.188083824+00:00,2026-03-09 00:25:15.188083824+00:00
BACKTESTER-001,OracleStrategy-000,MESM6.GLBX,GLBX-1-036,MESM6.GLBX-OracleStrategy-000,GLBX-001,GLBX-1-036,MARKET,SELL,1,GTC,True,False,1,TAKER,6669.5,0.0,['0.00 USD'],NO_TRIGGER,FILLED,NO_CONTINGENCY,,,,MY_GENERIC_ALGO,,O-20260309-002647-001-000-47,,9ed10601-8279-4b6f-b17c-2aaea19a0b5b,2026-03-09 00:26:47.469788741+00:00,2026-03-09 00:26:47.469788741+00:00
BACKTESTER-001,OracleStrategy-000,MESM6.GLBX,GLBX-1-037,MESM6.GLBX-OracleStrategy-000,GLBX-001,GLBX-1-037,MARKET,SELL,1,GTC,False,False,1,TAKER,6669.5,0.0,['0.00 USD'],NO_TRIGGER,FILLED,NO_CONTINGENCY,,,,MY_GENERIC_ALGO,,O-20260309-002647-001-000-48,,db52c76c-a33a-4e44-b425-765dc7c45ba8,2026-03-09 00:26:47.469788741+00:00,2026-03-09 00:26:47.469788741+00:00
BACKTESTER-001,OracleStrategy-000,MESM6.GLBX,GLBX-1-038,MESM6.GLBX-OracleStrategy-000,GLBX-001,GLBX-1-038,MARKET,BUY,1,GTC,True,False,1,TAKER,6666.25,0.0,['0.00 USD'],NO_TRIGGER,FILLED,NO_CONTINGENCY,,,,MY_GENERIC_ALGO,,O-20260309-002841-001-000-49,,fb7e7a6c-1ff8-403b-908d-ab973440e643,2026-03-09 00:28:41.356514192+00:00,2026-03-09 00:28:41.356514192+00:00
BACKTESTER-001,OracleStrategy-000,MESM6.GLBX,GLBX-1-039,MESM6.GLBX-OracleStrategy-000,GLBX-001,GLBX-1-039,MARKET,BUY,1,GTC,False,False,1,TAKER,6666.25,0.0,['0.00 USD'],NO_TRIGGER,FILLED,NO_CONTINGENCY,,,,MY_GENERIC_ALGO,,O-20260309-002841-001-000-50,,b7f09e32-5ec6-4baf-b4bd-e8340bbeb819,2026-03-09 00:28:41.356514192+00:00,2026-03-09 00:28:41.356514192+00:00
BACKTESTER-001,OracleStrategy-000,MESM6.GLBX,GLBX-1-040,MESM6.GLBX-OracleStrategy-000,GLBX-001,GLBX-1-040,MARKET,SELL,1,GTC,True,False,1,TAKER,6675.75,0.0,['0.00 USD'],NO_TRIGGER,FILLED,NO_CONTINGENCY,,,,MY_GENERIC_ALGO,,O-20260309-003007-001-000-51,,94c27414-9dc8-44ce-8e81-ecc7c9510c37,2026-03-09 00:30:07.445320407+00:00,2026-03-09 00:30:07.445320407+00:00
BACKTESTER-001,OracleStrategy-000,MESM6.GLBX,GLBX-1-041,MESM6.GLBX-OracleStrategy-000,GLBX-001,GLBX-1-041,MARKET,SELL,1,GTC,False,False,1,TAKER,6675.75,0.0,['0.00 USD'],NO_TRIGGER,FILLED,NO_CONTINGENCY,,,,MY_GENERIC_ALGO,,O-20260309-003007-001-000-52,,c6fd0944-0310-49d7-abf2-cadbeb32570d,2026-03-09 00:30:07.445320407+00:00,2026-03-09 00:30:07.445320407+00:00
BACKTESTER-001,OracleStrategy-000,MESM6.GLBX,GLBX-1-042,MESM6.GLBX-OracleStrategy-000,GLBX-001,GLBX-1-042,MARKET,BUY,1,GTC,True,False,1,TAKER,6672.0,0.0,['0.00 USD'],NO_TRIGGER,FILLED,NO_CONTINGENCY,,,,MY_GENERIC_ALGO,,O-20260309-003117-001-000-53,,d51efd53-9116-48f6-be35-d6343e874861,2026-03-09 00:31:17.860851925+00:00,2026-03-09 00:31:17.860851925+00:00
BACKTESTER-001,OracleStrategy-000,MESM6.GLBX,GLBX-1-043,MESM6.GLBX-OracleStrategy-000,GLBX-001,GLBX-1-043,MARKET,BUY,1,GTC,False,False,1,TAKER,6672.0,0.0,['0.00 USD'],NO_TRIGGER,FILLED,NO_CONTINGENCY,,,,MY_GENERIC_ALGO,,O-20260309-003117-001-000-54,,bb3ee100-8eae-4794-922b-d8cdba658e3c,2026-03-09 00:31:17.860851925+00:00,2026-03-09 00:31:17.860851925+00:00
BACKTESTER-001,OracleStrategy-000,MESM6.GLBX,GLBX-1-044,MESM6.GLBX-OracleStrategy-000,GLBX-001,GLBX-1-044,MARKET,SELL,1,GTC,True,False,1,TAKER,6679.25,0.0,['0.00 USD'],NO_TRIGGER,FILLED,NO_CONTINGENCY,,,,MY_GENERIC_ALGO,,O-20260309-003405-001-000-55,,4cd48354-5651-4030-805a-d409344aff95,2026-03-09 00:34:05.787745167+00:00,2026-03-09 00:34:05.787745167+00:00
BACKTESTER-001,OracleStrategy-000,MESM6.GLBX,GLBX-1-045,MESM6.GLBX-OracleStrategy-000,GLBX-001,GLBX-1-045,MARKET,SELL,1,GTC,False,False,1,TAKER,6679.25,0.0,['0.00 USD'],NO_TRIGGER,FILLED,NO_CONTINGENCY,,,,MY_GENERIC_ALGO,,O-20260309-003405-001-000-56,,b2ffce11-cadd-4245-adb3-57abbb59dd9f,2026-03-09 00:34:05.787745167+00:00,2026-03-09 00:34:05.787745167+00:00
BACKTESTER-001,OracleStrategy-000,MESM6.GLBX,GLBX-1-046,MESM6.GLBX-OracleStrategy-000,GLBX-001,GLBX-1-046,MARKET,BUY,1,GTC,True,False,1,TAKER,6679.5,0.0,['0.00 USD'],NO_TRIGGER,FILLED,NO_CONTINGENCY,,,,MY_GENERIC_ALGO,,O-20260309-003415-001-000-57,,a4d34b22-e26a-48a5-ad54-52ef419f3c22,2026-03-09 00:34:15.452566245+00:00,2026-03-09 00:34:15.452566245+00:00
BACKTESTER-001,OracleStrategy-000,MESM6.GLBX,GLBX-1-047,MESM6.GLBX-OracleStrategy-000,GLBX-001,GLBX-1-047,MARKET,BUY,1,GTC,False,False,1,TAKER,6679.5,0.0,['0.00 USD'],NO_TRIGGER,FILLED,NO_CONTINGENCY,,,,MY_GENERIC_ALGO,,O-20260309-003439-001-000-61,,98f31b2d-0442-4d09-a3b7-1d866f42427f,2026-03-09 00:34:39.649799079+00:00,2026-03-09 00:34:39.649799079+00:00
BACKTESTER-001,OracleStrategy-000,MESM6.GLBX,GLBX-1-048,MESM6.GLBX-OracleStrategy-000,GLBX-001,GLBX-1-048,MARKET,SELL,1,GTC,True,False,1,TAKER,6682.75,0.0,['0.00 USD'],NO_TRIGGER,FILLED,NO_CONTINGENCY,,,,MY_GENERIC_ALGO,,O-20260309-003543-001-000-62,,1e967b49-6174-4aab-92bb-6c32357f7732,2026-03-09 00:35:43.097553959+00:00,2026-03-09 00:35:43.097553959+00:00
BACKTESTER-001,OracleStrategy-000,MESM6.GLBX,GLBX-1-049,MESM6.GLBX-OracleStrategy-000,GLBX-001,GLBX-1-049,MARKET,SELL,1,GTC,False,False,1,TAKER,6683.0,0.0,['0.00 USD'],NO_TRIGGER,FILLED,NO_CONTINGENCY,,,,MY_GENERIC_ALGO,,O-20260309-003559-001-000-64,,0dd4deeb-5a9b-4b6a-bdcb-f52f72fcc22f,2026-03-09 00:35:59.850099872+00:00,2026-03-09 00:35:59.850099872+00:00
BACKTESTER-001,OracleStrategy-000,MESM6.GLBX,GLBX-1-050,MESM6.GLBX-OracleStrategy-000,GLBX-001,GLBX-1-050,MARKET,BUY,1,GTC,True,False,1,TAKER,6679.25,0.0,['0.00 USD'],NO_TRIGGER,FILLED,NO_CONTINGENCY,,,,MY_GENERIC_ALGO,,O-20260309-003743-001-000-65,,8b4f51e8-273b-4265-b7d8-822775e74a39,2026-03-09 00:37:43.656868586+00:00,2026-03-09 00:37:43.656868586+00:00
BACKTESTER-001,OracleStrategy-000,MESM6.GLBX,GLBX-1-051,MESM6.GLBX-OracleStrategy-000,GLBX-001,GLBX-1-051,MARKET,SELL,1,GTC,False,False,1,TAKER,6679.25,0.0,['0.00 USD'],NO_TRIGGER,FILLED,NO_CONTINGENCY,,,,MY_GENERIC_ALGO,,O-20260309-003903-001-000-67,,63a7c399-4961-434f-b52a-b10c57833e99,2026-03-09 00:39:03.025290472+00:00,2026-03-09 00:39:03.025290472+00:00
BACKTESTER-001,OracleStrategy-000,MESM6.GLBX,GLBX-1-052,MESM6.GLBX-OracleStrategy-000,GLBX-001,GLBX-1-052,MARKET,BUY,1,GTC,True,False,1,TAKER,6672.0,0.0,['0.00 USD'],NO_TRIGGER,FILLED,NO_CONTINGENCY,,,,MY_GENERIC_ALGO,,O-20260309-004042-001-000-68,,feda4be6-c544-41aa-a270-22b10113af11,2026-03-09 00:40:42.903846216+00:00,2026-03-09 00:40:42.903846216+00:00
BACKTESTER-001,OracleStrategy-000,MESM6.GLBX,GLBX-1-053,MESM6.GLBX-OracleStrategy-000,GLBX-001,GLBX-1-053,MARKET,SELL,1,GTC,False,False,1,TAKER,6671.0,0.0,['0.00 USD'],NO_TRIGGER,FILLED,NO_CONTINGENCY,,,,MY_GENERIC_ALGO,,O-20260309-004227-001-000-71,,dbad13f4-8cc3-4c4d-9678-d943c433321b,2026-03-09 00:42:27.178931853+00:00,2026-03-09 00:42:27.178931853+00:00
BACKTESTER-001,OracleStrategy-000,MESM6.GLBX,GLBX-1-054,MESM6.GLBX-OracleStrategy-000,GLBX-001,GLBX-1-054,MARKET,BUY,1,GTC,True,False,1,TAKER,6668.5,0.0,['0.00 USD'],NO_TRIGGER,FILLED,NO_CONTINGENCY,,,,MY_GENERIC_ALGO,,O-20260309-004326-001-000-72,,dd871e19-5267-428b-b550-df0aaa7e237b,2026-03-09 00:43:26.617765778+00:00,2026-03-09 00:43:26.617765778+00:00
BACKTESTER-001,OracleStrategy-000,MESM6.GLBX,GLBX-1-055,MESM6.GLBX-OracleStrategy-000,GLBX-001,GLBX-1-055,MARKET,BUY,1,GTC,False,False,1,TAKER,6668.5,0.0,['0.00 USD'],NO_TRIGGER,FILLED,NO_CONTINGENCY,,,,MY_GENERIC_ALGO,,O-20260309-004326-001-000-73,,aa80ae68-0169-4522-a726-4d52d3ca2ea7,2026-03-09 00:43:26.617765778+00:00,2026-03-09 00:43:26.617765778+00:00
BACKTESTER-001,OracleStrategy-000,MESM6.GLBX,GLBX-1-056,MESM6.GLBX-OracleStrategy-000,GLBX-001,GLBX-1-056,MARKET,SELL,1,GTC,True,False,1,TAKER,6670.25,0.0,['0.00 USD'],NO_TRIGGER,FILLED,NO_CONTINGENCY,,,,MY_GENERIC_ALGO,,O-20260309-004423-001-000-74,,c94aa204-d25d-4e11-96f5-a4ee4529837f,2026-03-09 00:44:23.617944168+00:00,2026-03-09 00:44:23.617944168+00:00
BACKTESTER-001,OracleStrategy-000,MESM6.GLBX,GLBX-1-057,MESM6.GLBX-OracleStrategy-000,GLBX-001,GLBX-1-057,MARKET,SELL,1,GTC,False,False,1,TAKER,6668.5,0.0,['0.00 USD'],NO_TRIGGER,FILLED,NO_CONTINGENCY,,,,MY_GENERIC_ALGO,,O-20260309-004515-001-000-78,,4abc803e-58ff-47d8-bfe1-bb68a78ffd32,2026-03-09 00:45:15.438575264+00:00,2026-03-09 00:45:15.438575264+00:00
BACKTESTER-001,OracleStrategy-000,MESM6.GLBX,GLBX-1-058,MESM6.GLBX-OracleStrategy-000,GLBX-001,GLBX-1-058,MARKET,BUY,1,GTC,True,False,1,TAKER,6667.75,0.0,['0.00 USD'],NO_TRIGGER,FILLED,NO_CONTINGENCY,,,,MY_GENERIC_ALGO,,O-20260309-004527-001-000-79,,99ebb402-1055-483f-b9e2-90c1a9c07bf0,2026-03-09 00:45:27.106920747+00:00,2026-03-09 00:45:27.106920747+00:00
BACKTESTER-001,OracleStrategy-000,MESM6.GLBX,GLBX-1-059,MESM6.GLBX-OracleStrategy-000,GLBX-001,GLBX-1-059,MARKET,BUY,1,GTC,False,False,1,TAKER,6666.5,0.0,['0.00 USD'],NO_TRIGGER,FILLED,NO_CONTINGENCY,,,,MY_GENERIC_ALGO,,O-20260309-004546-001-000-81,,5a3984fd-aed9-45d9-b847-fe85c694133c,2026-03-09 00:45:46.215648074+00:00,2026-03-09 00:45:46.215648074+00:00
BACKTESTER-001,OracleStrategy-000,MESM6.GLBX,GLBX-1-060,MESM6.GLBX-OracleStrategy-000,GLBX-001,GLBX-1-060,MARKET,SELL,1,GTC,True,False,1,TAKER,6668.75,0.0,['0.00 USD'],NO_TRIGGER,FILLED,NO_CONTINGENCY,,,,MY_GENERIC_ALGO,,O-20260309-004605-001-000-82,,8c5b39f1-fca7-4954-98f8-e72c8b757229,2026-03-09 00:46:05.516278179+00:00,2026-03-09 00:46:05.516278179+00:00
BACKTESTER-001,OracleStrategy-000,MESM6.GLBX,GLBX-1-061,MESM6.GLBX-OracleStrategy-000,GLBX-001,GLBX-1-061,MARKET,SELL,1,GTC,False,False,1,TAKER,6667.5,0.0,['0.00 USD'],NO_TRIGGER,FILLED,NO_CONTINGENCY,,,,MY_GENERIC_ALGO,,O-20260309-004717-001-000-84,,1e53a981-7524-4d31-be3c-6a0b99654721,2026-03-09 00:47:17.478532816+00:00,2026-03-09 00:47:17.478532816+00:00
BACKTESTER-001,OracleStrategy-000,MESM6.GLBX,GLBX-1-062,MESM6.GLBX-OracleStrategy-000,GLBX-001,GLBX-1-062,MARKET,BUY,1,GTC,True,False,1,TAKER,6667.0,0.0,['0.00 USD'],NO_TRIGGER,FILLED,NO_CONTINGENCY,,,,MY_GENERIC_ALGO,,O-20260309-004749-001-000-85,,88e3ed42-c360-478d-b9a7-fabd220c0103,2026-03-09 00:47:49.080063435+00:00,2026-03-09 00:47:49.080063435+00:00
BACKTESTER-001,OracleStrategy-000,MESM6.GLBX,GLBX-1-063,MESM6.GLBX-OracleStrategy-000,GLBX-001,GLBX-1-063,MARKET,BUY,1,GTC,False,False,1,TAKER,6667.0,0.0,['0.00 USD'],NO_TRIGGER,FILLED,NO_CONTINGENCY,,,,MY_GENERIC_ALGO,,O-20260309-004749-001-000-86,,95738146-f865-4427-867a-0f7d071eb79c,2026-03-09 00:47:49.080063435+00:00,2026-03-09 00:47:49.080063435+00:00
BACKTESTER-001,OracleStrategy-000,MESM6.GLBX,GLBX-1-064,MESM6.GLBX-OracleStrategy-000,GLBX-001,GLBX-1-064,MARKET,SELL,1,GTC,True,False,1,TAKER,6668.0,0.0,['0.00 USD'],NO_TRIGGER,FILLED,NO_CONTINGENCY,,,,MY_GENERIC_ALGO,,O-20260309-004830-001-000-87,,f859a4fe-82d9-4dbc-a899-b1ce4130e3c1,2026-03-09 00:48:30.866384303+00:00,2026-03-09 00:48:30.866384303+00:00
BACKTESTER-001,OracleStrategy-000,MESM6.GLBX,GLBX-1-065,MESM6.GLBX-OracleStrategy-000,GLBX-001,GLBX-1-065,MARKET,SELL,1,GTC,False,False,1,TAKER,6668.0,0.0,['0.00 USD'],NO_TRIGGER,FILLED,NO_CONTINGENCY,,,,MY_GENERIC_ALGO,,O-20260309-004830-001-000-88,,320db8ab-2628-44c0-82d4-e6fa28c265ba,2026-03-09 00:48:30.866384303+00:00,2026-03-09 00:48:30.866384303+00:00
BACKTESTER-001,OracleStrategy-000,MESM6.GLBX,GLBX-1-066,MESM6.GLBX-OracleStrategy-000,GLBX-001,GLBX-1-066,MARKET,BUY,1,GTC,True,False,1,TAKER,6667.0,0.0,['0.00 USD'],NO_TRIGGER,FILLED,NO_CONTINGENCY,,,,MY_GENERIC_ALGO,,O-20260309-004848-001-000-89,,b2dee865-891d-4a87-a536-b9384765a279,2026-03-09 00:48:48.029226091+00:00,2026-03-09 00:48:48.029226091+00:00
BACKTESTER-001,OracleStrategy-000,MESM6.GLBX,GLBX-1-067,MESM6.GLBX-OracleStrategy-000,GLBX-001,GLBX-1-067,MARKET,BUY,1,GTC,False,False,1,TAKER,6666.25,0.0,['0.00 USD'],NO_TRIGGER,FILLED,NO_CONTINGENCY,,,,MY_GENERIC_ALGO,,O-20260309-004855-001-000-91,,d3a63d24-2ccd-4699-9e2a-30776bf5eff5,2026-03-09 00:48:55.536374674+00:00,2026-03-09 00:48:55.536374674+00:00
BACKTESTER-001,OracleStrategy-000,MESM6.GLBX,GLBX-1-068,MESM6.GLBX-OracleStrategy-000,GLBX-001,GLBX-1-068,MARKET,SELL,1,GTC,True,False,1,TAKER,6668.0,0.0,['0.00 USD'],NO_TRIGGER,FILLED,NO_CONTINGENCY,,,,MY_GENERIC_ALGO,,O-20260309-005026-001-000-92,,e569699b-62ba-4fdf-86c6-ebc015c19011,2026-03-09 00:50:26.880267551+00:00,2026-03-09 00:50:26.880267551+00:00
BACKTESTER-001,OracleStrategy-000,MESM6.GLBX,GLBX-1-069,MESM6.GLBX-OracleStrategy-000,GLBX-001,GLBX-1-069,MARKET,SELL,1,GTC,False,False,1,TAKER,6669.5,0.0,['0.00 USD'],NO_TRIGGER,FILLED,NO_CONTINGENCY,,,,MY_GENERIC_ALGO,,O-20260309-005028-001-000-94,,3e5b2b74-e5f1-4cd5-a5d0-79360ad958ec,2026-03-09 00:50:28.896762621+00:00,2026-03-09 00:50:28.896762621+00:00
BACKTESTER-001,OracleStrategy-000,MESM6.GLBX,GLBX-1-070,MESM6.GLBX-OracleStrategy-000,GLBX-001,GLBX-1-070,MARKET,BUY,1,GTC,True,False,1,TAKER,6666.75,0.0,['0.00 USD'],NO_TRIGGER,FILLED,NO_CONTINGENCY,,,,MY_GENERIC_ALGO,,O-20260309-005235-001-000-95,,e4a96681-effb-4ad8-a35e-c1cc07e19530,2026-03-09 00:52:35.590197303+00:00,2026-03-09 00:52:35.590197303+00:00
BACKTESTER-001,OracleStrategy-000,MESM6.GLBX,GLBX-1-071,MESM6.GLBX-OracleStrategy-000,GLBX-001,GLBX-1-071,MARKET,BUY,1,GTC,False,False,1,TAKER,6666.75,0.0,['0.00 USD'],NO_TRIGGER,FILLED,NO_CONTINGENCY,,,,MY_GENERIC_ALGO,,O-20260309-005235-001-000-96,,2ac8de6e-fe65-44ae-9c08-c092ed591129,2026-03-09 00:52:35.590197303+00:00,2026-03-09 00:52:35.590197303+00:00
BACKTESTER-001,OracleStrategy-000,MESM6.GLBX,GLBX-1-072,MESM6.GLBX-OracleStrategy-000,GLBX-001,GLBX-1-072,MARKET,SELL,1,GTC,True,False,1,TAKER,6667.25,0.0,['0.00 USD'],NO_TRIGGER,FILLED,NO_CONTINGENCY,,,,MY_GENERIC_ALGO,,O-20260309-005315-001-000-97,,541cd9da-928a-443c-a5a0-0a11eae0e3c2,2026-03-09 00:53:15.626580848+00:00,2026-03-09 00:53:15.626580848+00:00
BACKTESTER-001,OracleStrategy-000,MESM6.GLBX,GLBX-1-073,MESM6.GLBX-OracleStrategy-000,GLBX-001,GLBX-1-073,MARKET,SELL,1,GTC,False,False,1,TAKER,6667.25,0.0,['0.00 USD'],NO_TRIGGER,FILLED,NO_CONTINGENCY,,,,MY_GENERIC_ALGO,,O-20260309-005315-001-000-98,,d5f12840-bb44-4c65-baa2-9ffff8766ad6,2026-03-09 00:53:15.626580848+00:00,2026-03-09 00:53:15.626580848+00:00
BACKTESTER-001,OracleStrategy-000,MESM6.GLBX,GLBX-1-075,MESM6.GLBX-OracleStrategy-000,GLBX-001,GLBX-1-075,MARKET,BUY,1,GTC,False,False,1,TAKER,6666.0,0.0,['0.00 USD'],NO_TRIGGER,FILLED,NO_CONTINGENCY,,,,MY_GENERIC_ALGO,,O-20260309-005352-001-000-100,,335cb225-64eb-4bf5-98ee-b7cc8efb843e,2026-03-09 00:53:52.511975901+00:00,2026-03-09 00:53:52.511975901+00:00
BACKTESTER-001,OracleStrategy-000,MESM6.GLBX,GLBX-1-074,MESM6.GLBX-OracleStrategy-000,GLBX-001,GLBX-1-074,MARKET,BUY,1,GTC,True,False,1,TAKER,6666.0,0.0,['0.00 USD'],NO_TRIGGER,FILLED,NO_CONTINGENCY,,,,MY_GENERIC_ALGO,,O-20260309-005352-001-000-99,,8fc8d63c-b694-40d1-ae95-fc8f3cb5f13b,2026-03-09 00:53:52.511975901+00:00,2026-03-09 00:53:52.511975901+00:00
BACKTESTER-001,OracleStrategy-000,MESM6.GLBX,GLBX-1-076,MESM6.GLBX-OracleStrategy-000,GLBX-001,GLBX-1-076,MARKET,SELL,1,GTC,True,False,1,TAKER,6665.25,0.0,['0.00 USD'],NO_TRIGGER,FILLED,NO_CONTINGENCY,,,,MY_GENERIC_ALGO,,O-20260309-005355-001-000-101,,4d5d6483-8acf-4754-8aba-058eb08c0bf6,2026-03-09 00:53:55.331714303+00:00,2026-03-09 00:53:55.331714303+00:00
BACKTESTER-001,OracleStrategy-000,MESM6.GLBX,GLBX-1-077,MESM6.GLBX-OracleStrategy-000,GLBX-001,GLBX-1-077,MARKET,SELL,1,GTC,False,False,1,TAKER,6665.25,0.0,['0.00 USD'],NO_TRIGGER,FILLED,NO_CONTINGENCY,,,,MY_GENERIC_ALGO,,O-20260309-005355-001-000-102,,f841024c-4416-40a5-8948-ae4b7e9cb8a6,2026-03-09 00:53:55.331714303+00:00,2026-03-09 00:53:55.331714303+00:00
BACKTESTER-001,OracleStrategy-000,MESM6.GLBX,GLBX-1-078,MESM6.GLBX-OracleStrategy-000,GLBX-001,GLBX-1-078,MARKET,BUY,1,GTC,True,False,1,TAKER,6661.75,0.0,['0.00 USD'],NO_TRIGGER,FILLED,NO_CONTINGENCY,,,,MY_GENERIC_ALGO,,O-20260309-005602-001-000-103,,8c1b28c1-89e0-4b77-aca5-625249b81dc2,2026-03-09 00:56:02.583665885+00:00,2026-03-09 00:56:02.583665885+00:00
BACKTESTER-001,OracleStrategy-000,MESM6.GLBX,GLBX-1-079,MESM6.GLBX-OracleStrategy-000,GLBX-001,GLBX-1-079,MARKET,BUY,1,GTC,False,False,1,TAKER,6661.75,0.0,['0.00 USD'],NO_TRIGGER,FILLED,NO_CONTINGENCY,,,,MY_GENERIC_ALGO,,O-20260309-005602-001-000-104,,d8e55077-d3c3-4440-8c7f-2aafc5dc5915,2026-03-09 00:56:02.583665885+00:00,2026-03-09 00:56:02.583665885+00:00
BACKTESTER-001,OracleStrategy-000,MESM6.GLBX,GLBX-1-080,MESM6.GLBX-OracleStrategy-000,GLBX-001,GLBX-1-080,MARKET,SELL,1,GTC,True,False,1,TAKER,6665.75,0.0,['0.00 USD'],NO_TRIGGER,FILLED,NO_CONTINGENCY,,,,MY_GENERIC_ALGO,,O-20260309-005749-001-000-105,,93ebcd4d-1a33-4a00-a30d-0399cf2c6ee5,2026-03-09 00:57:49.022179560+00:00,2026-03-09 00:57:49.022179560+00:00
BACKTESTER-001,OracleStrategy-000,MESM6.GLBX,GLBX-1-081,MESM6.GLBX-OracleStrategy-000,GLBX-001,GLBX-1-081,MARKET,SELL,1,GTC,False,False,1,TAKER,6665.75,0.0,['0.00 USD'],NO_TRIGGER,FILLED,NO_CONTINGENCY,,,,MY_GENERIC_ALGO,,O-20260309-005749-001-000-106,,0e91d58b-b6e6-4803-8ba8-8f8bbe91adae,2026-03-09 00:57:49.022179560+00:00,2026-03-09 00:57:49.022179560+00:00
BACKTESTER-001,OracleStrategy-000,MESM6.GLBX,GLBX-1-082,MESM6.GLBX-OracleStrategy-000,GLBX-001,GLBX-1-082,MARKET,BUY,1,GTC,True,False,1,TAKER,6665.0,0.0,['0.00 USD'],NO_TRIGGER,FILLED,NO_CONTINGENCY,,,,MY_GENERIC_ALGO,,O-20260309-005809-001-000-107,,41c7448f-e24c-4181-b0fd-03b7cc9b7348,2026-03-09 00:58:09.789118301+00:00,2026-03-09 00:58:09.789118301+00:00
BACKTESTER-001,OracleStrategy-000,MESM6.GLBX,GLBX-1-083,MESM6.GLBX-OracleStrategy-000,GLBX-001,GLBX-1-083,MARKET,BUY,1,GTC,False,False,1,TAKER,6663.75,0.0,['0.00 USD'],NO_TRIGGER,FILLED,NO_CONTINGENCY,,,,MY_GENERIC_ALGO,,O-20260309-005824-001-000-109,,7bc77d25-c7b9-4fc3-a34a-b2980f332ee0,2026-03-09 00:58:24.907209144+00:00,2026-03-09 00:58:24.907209144+00:00
BACKTESTER-001,OracleStrategy-000,MESM6.GLBX,GLBX-1-084,MESM6.GLBX-OracleStrategy-000,GLBX-001,GLBX-1-084,MARKET,SELL,1,GTC,True,False,1,TAKER,6670.0,0.0,['0.00 USD'],NO_TRIGGER,FILLED,NO_CONTINGENCY,,,,MY_GENERIC_ALGO,,O-20260309-010007-001-000-110,,d9a61c91-2f3d-47a6-9c59-5478ccb318b7,2026-03-09 01:00:07.890058850+00:00,2026-03-09 01:00:07.890058850+00:00
BACKTESTER-001,OracleStrategy-000,MESM6.GLBX,GLBX-1-085,MESM6.GLBX-OracleStrategy-000,GLBX-001,GLBX-1-085,MARKET,SELL,1,GTC,False,False,1,TAKER,6670.0,0.0,['0.00 USD'],NO_TRIGGER,FILLED,NO_CONTINGENCY,,,,MY_GENERIC_ALGO,,O-20260309-010007-001-000-111,,e5343566-fc73-4c89-a01d-52b2ea3801a9,2026-03-09 01:00:07.890058850+00:00,2026-03-09 01:00:07.890058850+00:00
BACKTESTER-001,OracleStrategy-000,MESM6.GLBX,GLBX-1-086,MESM6.GLBX-OracleStrategy-000,GLBX-001,GLBX-1-086,MARKET,BUY,1,GTC,True,False,1,TAKER,6667.5,0.0,['0.00 USD'],NO_TRIGGER,FILLED,NO_CONTINGENCY,,,,MY_GENERIC_ALGO,,O-20260309-010043-001-000-112,,026ebe43-2bca-4a39-8443-19bb4ac9c624,2026-03-09 01:00:43.901112378+00:00,2026-03-09 01:00:43.901112378+00:00
BACKTESTER-001,OracleStrategy-000,MESM6.GLBX,GLBX-1-087,MESM6.GLBX-OracleStrategy-000,GLBX-001,GLBX-1-087,MARKET,BUY,1,GTC,False,False,1,TAKER,6667.5,0.0,['0.00 USD'],NO_TRIGGER,FILLED,NO_CONTINGENCY,,,,MY_GENERIC_ALGO,,O-20260309-010043-001-000-113,,2e188c7b-7a6b-4a3f-963e-137ad3d0ba2a,2026-03-09 01:00:43.901112378+00:00,2026-03-09 01:00:43.901112378+00:00
BACKTESTER-001,OracleStrategy-000,MESM6.GLBX,GLBX-1-088,MESM6.GLBX-OracleStrategy-000,GLBX-001,GLBX-1-088,MARKET,SELL,1,GTC,True,False,1,TAKER,6670.5,0.0,['0.00 USD'],NO_TRIGGER,FILLED,NO_CONTINGENCY,,,,MY_GENERIC_ALGO,,O-20260309-010220-001-000-114,,ae3891e0-baa3-46d1-bc80-6bb62aa4cf57,2026-03-09 01:02:20.070510171+00:00,2026-03-09 01:02:20.070510171+00:00
BACKTESTER-001,OracleStrategy-000,MESM6.GLBX,GLBX-1-089,MESM6.GLBX-OracleStrategy-000,GLBX-001,GLBX-1-089,MARKET,SELL,1,GTC,False,False,1,TAKER,6670.5,0.0,['0.00 USD'],NO_TRIGGER,FILLED,NO_CONTINGENCY,,,,MY_GENERIC_ALGO,,O-20260309-010220-001-000-115,,3cf58b02-a53c-4958-b2a3-5f3f39ea1f08,2026-03-09 01:02:20.070510171+00:00,2026-03-09 01:02:20.070510171+00:00
BACKTESTER-001,OracleStrategy-000,MESM6.GLBX,GLBX-1-090,MESM6.GLBX-OracleStrategy-000,GLBX-001,GLBX-1-090,MARKET,BUY,1,GTC,True,False,1,TAKER,6664.5,0.0,['0.00 USD'],NO_TRIGGER,FILLED,NO_CONTINGENCY,,,,MY_GENERIC_ALGO,,O-20260309-010504-001-000-116,,f2ab9890-3017-4409-b82a-b0f0a6ed9f4c,2026-03-09 01:05:04.910777703+00:00,2026-03-09 01:05:04.910777703+00:00
BACKTESTER-001,OracleStrategy-000,MESM6.GLBX,GLBX-1-091,MESM6.GLBX-OracleStrategy-000,GLBX-001,GLBX-1-091,MARKET,BUY,1,GTC,False,False,1,TAKER,6664.5,0.0,['0.00 USD'],NO_TRIGGER,FILLED,NO_CONTINGENCY,,,,MY_GENERIC_ALGO,,O-20260309-010504-001-000-117,,4937b485-ade8-460f-b598-e8b4410c4a00,2026-03-09 01:05:04.910777703+00:00,2026-03-09 01:05:04.910777703+00:00
BACKTESTER-001,OracleStrategy-000,MESM6.GLBX,GLBX-1-092,MESM6.GLBX-OracleStrategy-000,GLBX-001,GLBX-1-092,MARKET,SELL,1,GTC,True,False,1,TAKER,6666.0,0.0,['0.00 USD'],NO_TRIGGER,FILLED,NO_CONTINGENCY,,,,MY_GENERIC_ALGO,,O-20260309-010558-001-000-118,,76f6042e-db86-4fcc-a41e-1d0327e43411,2026-03-09 01:05:58.965698535+00:00,2026-03-09 01:05:58.965698535+00:00
BACKTESTER-001,OracleStrategy-000,MESM6.GLBX,GLBX-1-093,MESM6.GLBX-OracleStrategy-000,GLBX-001,GLBX-1-093,MARKET,SELL,1,GTC,False,False,1,TAKER,6666.25,0.0,['0.00 USD'],NO_TRIGGER,FILLED,NO_CONTINGENCY,,,,MY_GENERIC_ALGO,,O-20260309-010626-001-000-120,,0a80da31-d387-4b1e-9054-8be6399be0b2,2026-03-09 01:06:26.795820746+00:00,2026-03-09 01:06:26.795820746+00:00
BACKTESTER-001,OracleStrategy-000,MESM6.GLBX,GLBX-1-094,MESM6.GLBX-OracleStrategy-000,GLBX-001,GLBX-1-094,MARKET,BUY,1,GTC,True,False,1,TAKER,6662.25,0.0,['0.00 USD'],NO_TRIGGER,FILLED,NO_CONTINGENCY,,,,MY_GENERIC_ALGO,,O-20260309-010755-001-000-121,,00b04fae-508d-431c-9ac8-1fc8a3a225bd,2026-03-09 01:07:55.652072807+00:00,2026-03-09 01:07:55.652072807+00:00
BACKTESTER-001,OracleStrategy-000,MESM6.GLBX,GLBX-1-095,MESM6.GLBX-OracleStrategy-000,GLBX-001,GLBX-1-095,MARKET,BUY,1,GTC,False,False,1,TAKER,6662.25,0.0,['0.00 USD'],NO_TRIGGER,FILLED,NO_CONTINGENCY,,,,MY_GENERIC_ALGO,,O-20260309-010755-001-000-122,,15f2727b-9476-4865-b836-7332e3868cc0,2026-03-09 01:07:55.652072807+00:00,2026-03-09 01:07:55.652072807+00:00
BACKTESTER-001,OracleStrategy-000,MESM6.GLBX,GLBX-1-096,MESM6.GLBX-OracleStrategy-000,GLBX-001,GLBX-1-096,MARKET,SELL,1,GTC,True,False,1,TAKER,6663.75,0.0,['0.00 USD'],NO_TRIGGER,FILLED,NO_CONTINGENCY,,,,MY_GENERIC_ALGO,,O-20260309-010921-001-000-123,,a16970ca-c1ec-4291-b864-daa9d2c971ca,2026-03-09 01:09:21.082713277+00:00,2026-03-09 01:09:21.082713277+00:00
BACKTESTER-001,OracleStrategy-000,MESM6.GLBX,GLBX-1-097,MESM6.GLBX-OracleStrategy-000,GLBX-001,GLBX-1-097,MARKET,SELL,1,GTC,False,False,1,TAKER,6663.75,0.0,['0.00 USD'],NO_TRIGGER,FILLED,NO_CONTINGENCY,,,,MY_GENERIC_ALGO,,O-20260309-010921-001-000-124,,4844ccdf-1d1d-446e-90bf-a2fab6360823,2026-03-09 01:09:21.082713277+00:00,2026-03-09 01:09:21.082713277+00:00
BACKTESTER-001,OracleStrategy-000,MESM6.GLBX,GLBX-1-098,MESM6.GLBX-OracleStrategy-000,GLBX-001,GLBX-1-098,MARKET,BUY,1,GTC,True,False,1,TAKER,6656.25,0.0,['0.00 USD'],NO_TRIGGER,FILLED,NO_CONTINGENCY,,,,MY_GENERIC_ALGO,,O-20260309-011042-001-000-125,,59c0940d-c51e-4b2a-9fe0-8df382c8d078,2026-03-09 01:10:42.480058792+00:00,2026-03-09 01:10:42.480058792+00:00
BACKTESTER-001,OracleStrategy-000,MESM6.GLBX,GLBX-1-099,MESM6.GLBX-OracleStrategy-000,GLBX-001,GLBX-1-099,MARKET,BUY,1,GTC,False,False,1,TAKER,6656.25,0.0,['0.00 USD'],NO_TRIGGER,FILLED,NO_CONTINGENCY,,,,MY_GENERIC_ALGO,,O-20260309-011042-001-000-126,,b86aa453-639d-459e-b158-968bcf46be4f,2026-03-09 01:10:42.480058792+00:00,2026-03-09 01:10:42.480058792+00:00
BACKTESTER-001,OracleStrategy-000,MESM6.GLBX,GLBX-1-100,MESM6.GLBX-OracleStrategy-000,GLBX-001,GLBX-1-100,MARKET,SELL,1,GTC,True,False,1,TAKER,6663.0,0.0,['0.00 USD'],NO_TRIGGER,FILLED,NO_CONTINGENCY,,,,MY_GENERIC_ALGO,,O-20260309-011221-001-000-127,,24077ad4-bca8-4f00-a872-a4c539d1b81f,2026-03-09 01:12:21.851915331+00:00,2026-03-09 01:12:21.851915331+00:00
BACKTESTER-001,OracleStrategy-000,MESM6.GLBX,GLBX-1-101,MESM6.GLBX-OracleStrategy-000,GLBX-001,GLBX-1-101,MARKET,SELL,1,GTC,False,False,1,TAKER,6663.0,0.0,['0.00 USD'],NO_TRIGGER,FILLED,NO_CONTINGENCY,,,,MY_GENERIC_ALGO,,O-20260309-011221-001-000-128,,6e533aaf-7e49-4063-bc71-a86d566c12ab,2026-03-09 01:12:21.851915331+00:00,2026-03-09 01:12:21.851915331+00:00
BACKTESTER-001,OracleStrategy-000,MESM6.GLBX,GLBX-1-102,MESM6.GLBX-OracleStrategy-000,GLBX-001,GLBX-1-102,MARKET,BUY,1,GTC,True,False,1,TAKER,6659.5,0.0,['0.00 USD'],NO_TRIGGER,FILLED,NO_CONTINGENCY,,,,MY_GENERIC_ALGO,,O-20260309-011349-001-000-129,,9c70119d-73b8-4481-a20a-643e7d368a53,2026-03-09 01:13:49.081583699+00:00,2026-03-09 01:13:49.081583699+00:00
BACKTESTER-001,OracleStrategy-000,MESM6.GLBX,GLBX-1-103,MESM6.GLBX-OracleStrategy-000,GLBX-001,GLBX-1-103,MARKET,SELL,1,GTC,False,False,1,TAKER,6661.75,0.0,['0.00 USD'],NO_TRIGGER,FILLED,NO_CONTINGENCY,,,,MY_GENERIC_ALGO,,O-20260309-011548-001-000-135,,7837432c-c610-474a-9feb-e65ffe2135fb,2026-03-09 01:15:48.175230059+00:00,2026-03-09 01:15:48.175230059+00:00
BACKTESTER-001,OracleStrategy-000,MESM6.GLBX,GLBX-1-104,MESM6.GLBX-OracleStrategy-000,GLBX-001,GLBX-1-104,MARKET,BUY,1,GTC,True,False,1,TAKER,6660.25,0.0,['0.00 USD'],NO_TRIGGER,FILLED,NO_CONTINGENCY,,,,MY_GENERIC_ALGO,,O-20260309-011552-001-000-136,,1087e3f8-d23e-44c2-ab36-bbf855fff27f,2026-03-09 01:15:52.075671211+00:00,2026-03-09 01:15:52.075671211+00:00
BACKTESTER-001,OracleStrategy-000,MESM6.GLBX,GLBX-1-105,MESM6.GLBX-OracleStrategy-000,GLBX-001,GLBX-1-105,MARKET,BUY,1,GTC,False,False,1,TAKER,6660.25,0.0,['0.00 USD'],NO_TRIGGER,FILLED,NO_CONTINGENCY,,,,MY_GENERIC_ALGO,,O-20260309-011552-001-000-137,,c2886d1b-f8de-4d36-8751-373ae5c639ee,2026-03-09 01:15:52.075671211+00:00,2026-03-09 01:15:52.075671211+00:00
BACKTESTER-001,OracleStrategy-000,MESM6.GLBX,GLBX-1-106,MESM6.GLBX-OracleStrategy-000,GLBX-001,GLBX-1-106,MARKET,SELL,1,GTC,True,False,1,TAKER,6661.25,0.0,['0.00 USD'],NO_TRIGGER,FILLED,NO_CONTINGENCY,,,,MY_GENERIC_ALGO,,O-20260309-011708-001-000-138,,43f9904d-ad33-48df-beff-bcc61a7e135c,2026-03-09 01:17:08.833993173+00:00,2026-03-09 01:17:08.833993173+00:00
BACKTESTER-001,OracleStrategy-000,MESM6.GLBX,GLBX-1-107,MESM6.GLBX-OracleStrategy-000,GLBX-001,GLBX-1-107,MARKET,SELL,1,GTC,False,False,1,TAKER,6661.25,0.0,['0.00 USD'],NO_TRIGGER,FILLED,NO_CONTINGENCY,,,,MY_GENERIC_ALGO,,O-20260309-011708-001-000-139,,0c2ba8d4-c1c3-4bfe-9651-fdd44646233e,2026-03-09 01:17:08.833993173+00:00,2026-03-09 01:17:08.833993173+00:00
BACKTESTER-001,OracleStrategy-000,MESM6.GLBX,GLBX-1-108,MESM6.GLBX-OracleStrategy-000,GLBX-001,GLBX-1-108,MARKET,BUY,1,GTC,True,False,1,TAKER,6661.25,0.0,['0.00 USD'],NO_TRIGGER,FILLED,NO_CONTINGENCY,,,,MY_GENERIC_ALGO,,O-20260309-011737-001-000-140,,e37f40c1-c574-4a48-8c7c-e1edc2322cf3,2026-03-09 01:17:37.874121215+00:00,2026-03-09 01:17:37.874121215+00:00
BACKTESTER-001,OracleStrategy-000,MESM6.GLBX,GLBX-1-109,MESM6.GLBX-OracleStrategy-000,GLBX-001,GLBX-1-109,MARKET,SELL,1,GTC,False,False,1,TAKER,6661.25,0.0,['0.00 USD'],NO_TRIGGER,FILLED,NO_CONTINGENCY,,,,MY_GENERIC_ALGO,,O-20260309-011751-001-000-142,,1b8a3d35-6398-4e1d-ac42-373cd2cee052,2026-03-09 01:17:51.638837827+00:00,2026-03-09 01:17:51.638837827+00:00
BACKTESTER-001,OracleStrategy-000,MESM6.GLBX,GLBX-1-110,MESM6.GLBX-OracleStrategy-000,GLBX-001,GLBX-1-110,MARKET,BUY,1,GTC,True,False,1,TAKER,6658.25,0.0,['0.00 USD'],NO_TRIGGER,FILLED,NO_CONTINGENCY,,,,MY_GENERIC_ALGO,,O-20260309-011912-001-000-143,,7a463a2e-c9a5-4741-ba08-07501df6ba93,2026-03-09 01:19:12.459871405+00:00,2026-03-09 01:19:12.459871405+00:00
BACKTESTER-001,OracleStrategy-000,MESM6.GLBX,GLBX-1-111,MESM6.GLBX-OracleStrategy-000,GLBX-001,GLBX-1-111,MARKET,SELL,1,GTC,False,False,1,TAKER,6658.5,0.0,['0.00 USD'],NO_TRIGGER,FILLED,NO_CONTINGENCY,,,,MY_GENERIC_ALGO,,O-20260309-011936-001-000-145,,30df2d80-98df-4f8a-ac94-7994cbd74dd2,2026-03-09 01:19:36.225741632+00:00,2026-03-09 01:19:36.225741632+00:00
BACKTESTER-001,OracleStrategy-000,MESM6.GLBX,GLBX-1-112,MESM6.GLBX-OracleStrategy-000,GLBX-001,GLBX-1-112,MARKET,BUY,1,GTC,True,False,1,TAKER,6653.75,0.0,['0.00 USD'],NO_TRIGGER,FILLED,NO_CONTINGENCY,,,,MY_GENERIC_ALGO,,O-20260309-012123-001-000-146,,09d7346e-a67c-4d11-ac6b-81918312a7a4,2026-03-09 01:21:23.318350779+00:00,2026-03-09 01:21:23.318350779+00:00
BACKTESTER-001,OracleStrategy-000,MESM6.GLBX,GLBX-1-113,MESM6.GLBX-OracleStrategy-000,GLBX-001,GLBX-1-113,MARKET,BUY,1,GTC,False,False,1,TAKER,6653.75,0.0,['0.00 USD'],NO_TRIGGER,FILLED,NO_CONTINGENCY,,,,MY_GENERIC_ALGO,,O-20260309-012123-001-000-147,,2ffcdf3e-e82c-423a-9e8c-5617b366a403,2026-03-09 01:21:23.318350779+00:00,2026-03-09 01:21:23.318350779+00:00
BACKTESTER-001,OracleStrategy-000,MESM6.GLBX,GLBX-1-114,MESM6.GLBX-OracleStrategy-000,GLBX-001,GLBX-1-114,MARKET,SELL,1,GTC,True,False,1,TAKER,6657.5,0.0,['0.00 USD'],NO_TRIGGER,FILLED,NO_CONTINGENCY,,,,MY_GENERIC_ALGO,,O-20260309-012306-001-000-148,,d6c62468-2c2a-4ee0-8e40-70d65b23dd21,2026-03-09 01:23:06.165464328+00:00,2026-03-09 01:23:06.165464328+00:00
BACKTESTER-001,OracleStrategy-000,MESM6.GLBX,GLBX-1-115,MESM6.GLBX-OracleStrategy-000,GLBX-001,GLBX-1-115,MARKET,SELL,1,GTC,False,False,1,TAKER,6657.5,0.0,['0.00 USD'],NO_TRIGGER,FILLED,NO_CONTINGENCY,,,,MY_GENERIC_ALGO,,O-20260309-012306-001-000-149,,f6509906-5663-408f-81af-547fcd46b12a,2026-03-09 01:23:06.165464328+00:00,2026-03-09 01:23:06.165464328+00:00
BACKTESTER-001,OracleStrategy-000,MESM6.GLBX,GLBX-1-116,MESM6.GLBX-OracleStrategy-000,GLBX-001,GLBX-1-116,MARKET,BUY,1,GTC,True,False,1,TAKER,6654.5,0.0,['0.00 USD'],NO_TRIGGER,FILLED,NO_CONTINGENCY,,,,MY_GENERIC_ALGO,,O-20260309-012410-001-000-150,,daf4f5cb-a1d6-4642-8ad1-103ba77419d5,2026-03-09 01:24:10.101407759+00:00,2026-03-09 01:24:10.101407759+00:00
BACKTESTER-001,OracleStrategy-000,MESM6.GLBX,GLBX-1-117,MESM6.GLBX-OracleStrategy-000,GLBX-001,GLBX-1-117,MARKET,BUY,1,GTC,False,False,1,TAKER,6656.25,0.0,['0.00 USD'],NO_TRIGGER,FILLED,NO_CONTINGENCY,,,,MY_GENERIC_ALGO,,O-20260309-012414-001-000-152,,83511288-58a1-4572-b8e3-9d660079fe6f,2026-03-09 01:24:14.617335741+00:00,2026-03-09 01:24:14.617335741+00:00
BACKTESTER-001,OracleStrategy-000,MESM6.GLBX,GLBX-1-118,MESM6.GLBX-OracleStrategy-000,GLBX-001,GLBX-1-118,MARKET,SELL,1,GTC,True,False,1,TAKER,6661.5,0.0,['0.00 USD'],NO_TRIGGER,FILLED,NO_CONTINGENCY,,,,MY_GENERIC_ALGO,,O-20260309-012503-001-000-153,,58c3a89c-a704-4448-be57-e385b7c8e415,2026-03-09 01:25:03.754782771+00:00,2026-03-09 01:25:03.754782771+00:00
BACKTESTER-001,OracleStrategy-000,MESM6.GLBX,GLBX-1-119,MESM6.GLBX-OracleStrategy-000,GLBX-001,GLBX-1-119,MARKET,SELL,1,GTC,False,False,1,TAKER,6661.5,0.0,['0.00 USD'],NO_TRIGGER,FILLED,NO_CONTINGENCY,,,,MY_GENERIC_ALGO,,O-20260309-012503-001-000-154,,b399356d-38b4-4b7d-a7fe-8b2d61bef0da,2026-03-09 01:25:03.754782771+00:00,2026-03-09 01:25:03.754782771+00:00
BACKTESTER-001,OracleStrategy-000,MESM6.GLBX,GLBX-1-120,MESM6.GLBX-OracleStrategy-000,GLBX-001,GLBX-1-120,MARKET,BUY,1,GTC,True,False,1,TAKER,6657.5,0.0,['0.00 USD'],NO_TRIGGER,FILLED,NO_CONTINGENCY,,,,MY_GENERIC_ALGO,,O-20260309-012744-001-000-155,,f77ba30b-574f-440c-b785-78dc90c6bb51,2026-03-09 01:27:44.799523810+00:00,2026-03-09 01:27:44.799523810+00:00
BACKTESTER-001,OracleStrategy-000,MESM6.GLBX,GLBX-1-121,MESM6.GLBX-OracleStrategy-000,GLBX-001,GLBX-1-121,MARKET,BUY,1,GTC,False,False,1,TAKER,6657.5,0.0,['0.00 USD'],NO_TRIGGER,FILLED,NO_CONTINGENCY,,,,MY_GENERIC_ALGO,,O-20260309-012744-001-000-156,,47f64315-ae40-43ba-93ef-ce9778b1b504,2026-03-09 01:27:44.799523810+00:00,2026-03-09 01:27:44.799523810+00:00
BACKTESTER-001,OracleStrategy-000,MESM6.GLBX,GLBX-1-122,MESM6.GLBX-OracleStrategy-000,GLBX-001,GLBX-1-122,MARKET,SELL,1,GTC,True,False,1,TAKER,6657.5,0.0,['0.00 USD'],NO_TRIGGER,FILLED,NO_CONTINGENCY,,,,MY_GENERIC_ALGO,,O-20260309-012810-001-000-157,,d26a60d1-f6fd-4570-ab87-b6f05dc3e047,2026-03-09 01:28:10.603227586+00:00,2026-03-09 01:28:10.603227586+00:00
BACKTESTER-001,OracleStrategy-000,MESM6.GLBX,GLBX-1-123,MESM6.GLBX-OracleStrategy-000,GLBX-001,GLBX-1-123,MARKET,SELL,1,GTC,False,False,1,TAKER,6659.0,0.0,['0.00 USD'],NO_TRIGGER,FILLED,NO_CONTINGENCY,,,,MY_GENERIC_ALGO,,O-20260309-012827-001-000-159,,53895633-a005-47cc-ac8f-442d0ee30b03,2026-03-09 01:28:27.374209138+00:00,2026-03-09 01:28:27.374209138+00:00
BACKTESTER-001,OracleStrategy-000,MESM6.GLBX,GLBX-1-124,MESM6.GLBX-OracleStrategy-000,GLBX-001,GLBX-1-124,MARKET,BUY,1,GTC,True,False,1,TAKER,6654.0,0.0,['0.00 USD'],NO_TRIGGER,FILLED,NO_CONTINGENCY,,,,MY_GENERIC_ALGO,,O-20260309-013011-001-000-160,,33cdb6c1-053d-4603-8b93-d0821afaa04a,2026-03-09 01:30:11.705329991+00:00,2026-03-09 01:30:11.705329991+00:00
BACKTESTER-001,OracleStrategy-000,MESM6.GLBX,GLBX-1-125,MESM6.GLBX-OracleStrategy-000,GLBX-001,GLBX-1-125,MARKET,BUY,1,GTC,False,False,1,TAKER,6654.0,0.0,['0.00 USD'],NO_TRIGGER,FILLED,NO_CONTINGENCY,,,,MY_GENERIC_ALGO,,O-20260309-013011-001-000-161,,f7d0fe81-7471-49c6-b815-5c82a60f2839,2026-03-09 01:30:11.705329991+00:00,2026-03-09 01:30:11.705329991+00:00
BACKTESTER-001,OracleStrategy-000,MESM6.GLBX,GLBX-1-126,MESM6.GLBX-OracleStrategy-000,GLBX-001,GLBX-1-126,MARKET,SELL,1,GTC,True,False,1,TAKER,6655.75,0.0,['0.00 USD'],NO_TRIGGER,FILLED,NO_CONTINGENCY,,,,MY_GENERIC_ALGO,,O-20260309-013026-001-000-162,,643b29c6-ffc6-4dc8-b145-255b6802044f,2026-03-09 01:30:26.612875963+00:00,2026-03-09 01:30:26.612875963+00:00
BACKTESTER-001,OracleStrategy-000,MESM6.GLBX,GLBX-1-127,MESM6.GLBX-OracleStrategy-000,GLBX-001,GLBX-1-127,MARKET,BUY,1,GTC,False,False,1,TAKER,6653.75,0.0,['0.00 USD'],NO_TRIGGER,FILLED,NO_CONTINGENCY,,,,MY_GENERIC_ALGO,,O-20260309-013115-001-000-166,,2c1631e4-1831-4af6-afe3-2c71cfc0fe10,2026-03-09 01:31:15.210462128+00:00,2026-03-09 01:31:15.210462128+00:00
BACKTESTER-001,OracleStrategy-000,MESM6.GLBX,GLBX-1-128,MESM6.GLBX-OracleStrategy-000,GLBX-001,GLBX-1-128,MARKET,SELL,1,GTC,True,False,1,TAKER,6654.0,0.0,['0.00 USD'],NO_TRIGGER,FILLED,NO_CONTINGENCY,,,,MY_GENERIC_ALGO,,O-20260309-013123-001-000-167,,dbde9bc0-8320-4e85-b8f9-d2e37108d313,2026-03-09 01:31:23.673498899+00:00,2026-03-09 01:31:23.673498899+00:00
BACKTESTER-001,OracleStrategy-000,MESM6.GLBX,GLBX-1-129,MESM6.GLBX-OracleStrategy-000,GLBX-001,GLBX-1-129,MARKET,SELL,1,GTC,False,False,1,TAKER,6654.0,0.0,['0.00 USD'],NO_TRIGGER,FILLED,NO_CONTINGENCY,,,,MY_GENERIC_ALGO,,O-20260309-013123-001-000-168,,33f5a8ce-8ee8-4d6e-893d-22ef0ceebbb1,2026-03-09 01:31:23.673498899+00:00,2026-03-09 01:31:23.673498899+00:00
BACKTESTER-001,OracleStrategy-000,MESM6.GLBX,GLBX-1-130,MESM6.GLBX-OracleStrategy-000,GLBX-001,GLBX-1-130,MARKET,BUY,1,GTC,True,False,1,TAKER,6653.25,0.0,['0.00 USD'],NO_TRIGGER,FILLED,NO_CONTINGENCY,,,,MY_GENERIC_ALGO,,O-20260309-013142-001-000-169,,d9110afb-e287-4b92-9016-1121bba3a385,2026-03-09 01:31:42.604106910+00:00,2026-03-09 01:31:42.604106910+00:00
BACKTESTER-001,OracleStrategy-000,MESM6.GLBX,GLBX-1-131,MESM6.GLBX-OracleStrategy-000,GLBX-001,GLBX-1-131,MARKET,BUY,1,GTC,False,False,1,TAKER,6653.25,0.0,['0.00 USD'],NO_TRIGGER,FILLED,NO_CONTINGENCY,,,,MY_GENERIC_ALGO,,O-20260309-013142-001-000-170,,9f192d9d-5400-4fa5-b32c-727f51a19726,2026-03-09 01:31:42.604106910+00:00,2026-03-09 01:31:42.604106910+00:00
BACKTESTER-001,OracleStrategy-000,MESM6.GLBX,GLBX-1-132,MESM6.GLBX-OracleStrategy-000,GLBX-001,GLBX-1-132,MARKET,SELL,1,GTC,True,False,1,TAKER,6661.75,0.0,['0.00 USD'],NO_TRIGGER,FILLED,NO_CONTINGENCY,,,,MY_GENERIC_ALGO,,O-20260309-013347-001-000-171,,ae315d8d-cdde-4733-b7e7-dc36b35c267c,2026-03-09 01:33:47.198310083+00:00,2026-03-09 01:33:47.198310083+00:00
BACKTESTER-001,OracleStrategy-000,MESM6.GLBX,GLBX-1-133,MESM6.GLBX-OracleStrategy-000,GLBX-001,GLBX-1-133,MARKET,BUY,1,GTC,False,False,1,TAKER,6661.75,0.0,['0.00 USD'],NO_TRIGGER,FILLED,NO_CONTINGENCY,,,,MY_GENERIC_ALGO,,O-20260309-013409-001-000-173,,13d6cec5-1421-4949-98e3-54c7067f0cbf,2026-03-09 01:34:09.183738487+00:00,2026-03-09 01:34:09.183738487+00:00
BACKTESTER-001,OracleStrategy-000,MESM6.GLBX,GLBX-1-134,MESM6.GLBX-OracleStrategy-000,GLBX-001,GLBX-1-134,MARKET,SELL,1,GTC,True,False,1,TAKER,6664.75,0.0,['0.00 USD'],NO_TRIGGER,FILLED,NO_CONTINGENCY,,,,MY_GENERIC_ALGO,,O-20260309-013610-001-000-174,,46a38039-2434-4ab4-9863-bda2db4db84b,2026-03-09 01:36:10.839412746+00:00,2026-03-09 01:36:10.839412746+00:00
BACKTESTER-001,OracleStrategy-000,MESM6.GLBX,GLBX-1-135,MESM6.GLBX-OracleStrategy-000,GLBX-001,GLBX-1-135,MARKET,SELL,1,GTC,False,False,1,TAKER,6663.75,0.0,['0.00 USD'],NO_TRIGGER,FILLED,NO_CONTINGENCY,,,,MY_GENERIC_ALGO,,O-20260309-013657-001-000-176,,1642d418-2579-43be-8f4b-cf89f70048ef,2026-03-09 01:36:57.762354309+00:00,2026-03-09 01:36:57.762354309+00:00
BACKTESTER-001,OracleStrategy-000,MESM6.GLBX,GLBX-1-136,MESM6.GLBX-OracleStrategy-000,GLBX-001,GLBX-1-136,MARKET,BUY,1,GTC,True,False,1,TAKER,6661.0,0.0,['0.00 USD'],NO_TRIGGER,FILLED,NO_CONTINGENCY,,,,MY_GENERIC_ALGO,,O-20260309-013708-001-000-177,,f5628967-b205-40b8-8ed6-c498141d1389,2026-03-09 01:37:08.197836331+00:00,2026-03-09 01:37:08.197836331+00:00
BACKTESTER-001,OracleStrategy-000,MESM6.GLBX,GLBX-1-137,MESM6.GLBX-OracleStrategy-000,GLBX-001,GLBX-1-137,MARKET,BUY,1,GTC,False,False,1,TAKER,6661.0,0.0,['0.00 USD'],NO_TRIGGER,FILLED,NO_CONTINGENCY,,,,MY_GENERIC_ALGO,,O-20260309-013708-001-000-178,,ebd3081a-4e0a-41cf-a5a3-96bd2128e0a2,2026-03-09 01:37:08.197836331+00:00,2026-03-09 01:37:08.197836331+00:00
BACKTESTER-001,OracleStrategy-000,MESM6.GLBX,GLBX-1-138,MESM6.GLBX-OracleStrategy-000,GLBX-001,GLBX-1-138,MARKET,SELL,1,GTC,True,False,1,TAKER,6662.5,0.0,['0.00 USD'],NO_TRIGGER,FILLED,NO_CONTINGENCY,,,,MY_GENERIC_ALGO,,O-20260309-013742-001-000-179,,d13a93fa-a151-4ef4-8290-1db1fc60d81c,2026-03-09 01:37:42.405494629+00:00,2026-03-09 01:37:42.405494629+00:00
BACKTESTER-001,OracleStrategy-000,MESM6.GLBX,GLBX-1-139,MESM6.GLBX-OracleStrategy-000,GLBX-001,GLBX-1-139,MARKET,SELL,1,GTC,False,False,1,TAKER,6662.5,0.0,['0.00 USD'],NO_TRIGGER,FILLED,NO_CONTINGENCY,,,,MY_GENERIC_ALGO,,O-20260309-013742-001-000-180,,972d6d85-9e65-44ed-be9f-f7613c2aad99,2026-03-09 01:37:42.405494629+00:00,2026-03-09 01:37:42.405494629+00:00
BACKTESTER-001,OracleStrategy-000,MESM6.GLBX,GLBX-1-140,MESM6.GLBX-OracleStrategy-000,GLBX-001,GLBX-1-140,MARKET,BUY,1,GTC,True,False,1,TAKER,6654.0,0.0,['0.00 USD'],NO_TRIGGER,FILLED,NO_CONTINGENCY,,,,MY_GENERIC_ALGO,,O-20260309-014002-001-000-181,,d3b07abd-712b-4092-b089-91951c684a88,2026-03-09 01:40:02.291032384+00:00,2026-03-09 01:40:02.291032384+00:00
BACKTESTER-001,OracleStrategy-000,MESM6.GLBX,GLBX-1-141,MESM6.GLBX-OracleStrategy-000,GLBX-001,GLBX-1-141,MARKET,BUY,1,GTC,False,False,1,TAKER,6654.0,0.0,['0.00 USD'],NO_TRIGGER,FILLED,NO_CONTINGENCY,,,,MY_GENERIC_ALGO,,O-20260309-014002-001-000-182,,3a60824f-5be1-4e4d-8a5d-62501de6afe5,2026-03-09 01:40:02.291032384+00:00,2026-03-09 01:40:02.291032384+00:00
BACKTESTER-001,OracleStrategy-000,MESM6.GLBX,GLBX-1-142,MESM6.GLBX-OracleStrategy-000,GLBX-001,GLBX-1-142,MARKET,SELL,1,GTC,True,False,1,TAKER,6655.25,0.0,['0.00 USD'],NO_TRIGGER,FILLED,NO_CONTINGENCY,,,,MY_GENERIC_ALGO,,O-20260309-014025-001-000-183,,99b79292-a4ab-415c-8033-1020fd48f1ce,2026-03-09 01:40:25.056591640+00:00,2026-03-09 01:40:25.056591640+00:00
BACKTESTER-001,OracleStrategy-000,MESM6.GLBX,GLBX-1-143,MESM6.GLBX-OracleStrategy-000,GLBX-001,GLBX-1-143,MARKET,SELL,1,GTC,False,False,1,TAKER,6655.25,0.0,['0.00 USD'],NO_TRIGGER,FILLED,NO_CONTINGENCY,,,,MY_GENERIC_ALGO,,O-20260309-014025-001-000-184,,bea3011d-dd58-4399-9e78-b4f0725aa6fd,2026-03-09 01:40:25.056591640+00:00,2026-03-09 01:40:25.056591640+00:00
BACKTESTER-001,OracleStrategy-000,MESM6.GLBX,GLBX-1-144,MESM6.GLBX-OracleStrategy-000,GLBX-001,GLBX-1-144,MARKET,BUY,1,GTC,True,False,1,TAKER,6652.5,0.0,['0.00 USD'],NO_TRIGGER,FILLED,NO_CONTINGENCY,,,,MY_GENERIC_ALGO,,O-20260309-014216-001-000-185,,2128e85e-c70e-46bb-b45c-0b56664b8ee7,2026-03-09 01:42:16.205709499+00:00,2026-03-09 01:42:16.205709499+00:00
BACKTESTER-001,OracleStrategy-000,MESM6.GLBX,GLBX-1-145,MESM6.GLBX-OracleStrategy-000,GLBX-001,GLBX-1-145,MARKET,BUY,1,GTC,False,False,1,TAKER,6652.5,0.0,['0.00 USD'],NO_TRIGGER,FILLED,NO_CONTINGENCY,,,,MY_GENERIC_ALGO,,O-20260309-014216-001-000-186,,ef165ce1-aea4-4889-a540-86a3938af01a,2026-03-09 01:42:16.205709499+00:00,2026-03-09 01:42:16.205709499+00:00
BACKTESTER-001,OracleStrategy-000,MESM6.GLBX,GLBX-1-146,MESM6.GLBX-OracleStrategy-000,GLBX-001,GLBX-1-146,MARKET,SELL,1,GTC,True,False,1,TAKER,6652.75,0.0,['0.00 USD'],NO_TRIGGER,FILLED,NO_CONTINGENCY,,,,MY_GENERIC_ALGO,,O-20260309-014257-001-000-187,,eef5b027-9247-4654-b428-ac00f8edb8a2,2026-03-09 01:42:57.892834656+00:00,2026-03-09 01:42:57.892834656+00:00
BACKTESTER-001,OracleStrategy-000,MESM6.GLBX,GLBX-1-147,MESM6.GLBX-OracleStrategy-000,GLBX-001,GLBX-1-147,MARKET,SELL,1,GTC,False,False,1,TAKER,6652.75,0.0,['0.00 USD'],NO_TRIGGER,FILLED,NO_CONTINGENCY,,,,MY_GENERIC_ALGO,,O-20260309-014257-001-000-188,,30f79a83-772d-4e26-acd3-0765bdb2bbd0,2026-03-09 01:42:57.892834656+00:00,2026-03-09 01:42:57.892834656+00:00
BACKTESTER-001,OracleStrategy-000,MESM6.GLBX,GLBX-1-148,MESM6.GLBX-OracleStrategy-000,GLBX-001,GLBX-1-148,MARKET,BUY,1,GTC,True,False,1,TAKER,6650.5,0.0,['0.00 USD'],NO_TRIGGER,FILLED,NO_CONTINGENCY,,,,MY_GENERIC_ALGO,,O-20260309-014353-001-000-189,,2a2be77b-6016-4c21-9aa7-11ff1e13e704,2026-03-09 01:43:53.872184672+00:00,2026-03-09 01:43:53.872184672+00:00
BACKTESTER-001,OracleStrategy-000,MESM6.GLBX,GLBX-1-149,MESM6.GLBX-OracleStrategy-000,GLBX-001,GLBX-1-149,MARKET,BUY,1,GTC,False,False,1,TAKER,6650.5,0.0,['0.00 USD'],NO_TRIGGER,FILLED,NO_CONTINGENCY,,,,MY_GENERIC_ALGO,,O-20260309-014353-001-000-190,,4d7ac134-cdd1-4833-8f2c-c7451d1f0aad,2026-03-09 01:43:53.872184672+00:00,2026-03-09 01:43:53.872184672+00:00
BACKTESTER-001,OracleStrategy-000,MESM6.GLBX,GLBX-1-150,MESM6.GLBX-OracleStrategy-000,GLBX-001,GLBX-1-150,MARKET,SELL,1,GTC,True,False,1,TAKER,6653.5,0.0,['0.00 USD'],NO_TRIGGER,FILLED,NO_CONTINGENCY,,,,MY_GENERIC_ALGO,,O-20260309-014519-001-000-191,,8c78e4f6-16be-4a83-a07d-fbf529085562,2026-03-09 01:45:19.955150474+00:00,2026-03-09 01:45:19.955150474+00:00
BACKTESTER-001,OracleStrategy-000,MESM6.GLBX,GLBX-1-151,MESM6.GLBX-OracleStrategy-000,GLBX-001,GLBX-1-151,MARKET,SELL,1,GTC,False,False,1,TAKER,6648.25,0.0,['0.00 USD'],NO_TRIGGER,FILLED,NO_CONTINGENCY,,,,MY_GENERIC_ALGO,,O-20260309-014720-001-000-197,,512e3574-5718-4b5c-a2ca-8b1fc14ab4a1,2026-03-09 01:47:20.442373595+00:00,2026-03-09 01:47:20.442373595+00:00
BACKTESTER-001,OracleStrategy-000,MESM6.GLBX,GLBX-1-152,MESM6.GLBX-OracleStrategy-000,GLBX-001,GLBX-1-152,MARKET,BUY,1,GTC,True,False,1,TAKER,6646.5,0.0,['0.00 USD'],NO_TRIGGER,FILLED,NO_CONTINGENCY,,,,MY_GENERIC_ALGO,,O-20260309-014807-001-000-198,,9825d1ad-d7be-4239-9a7d-e8e9cde2fa83,2026-03-09 01:48:07.373353505+00:00,2026-03-09 01:48:07.373353505+00:00
BACKTESTER-001,OracleStrategy-000,MESM6.GLBX,GLBX-1-153,MESM6.GLBX-OracleStrategy-000,GLBX-001,GLBX-1-153,MARKET,BUY,1,GTC,False,False,1,TAKER,6646.5,0.0,['0.00 USD'],NO_TRIGGER,FILLED,NO_CONTINGENCY,,,,MY_GENERIC_ALGO,,O-20260309-014807-001-000-199,,433115b1-22dd-4c63-baa0-fd179b359632,2026-03-09 01:48:07.373353505+00:00,2026-03-09 01:48:07.373353505+00:00
BACKTESTER-001,OracleStrategy-000,MESM6.GLBX,GLBX-1-154,MESM6.GLBX-OracleStrategy-000,GLBX-001,GLBX-1-154,MARKET,SELL,1,GTC,True,False,1,TAKER,6647.5,0.0,['0.00 USD'],NO_TRIGGER,FILLED,NO_CONTINGENCY,,,,MY_GENERIC_ALGO,,O-20260309-014850-001-000-200,,2772c84b-24f5-4cf4-875b-fe8eee15860c,2026-03-09 01:48:50.110972383+00:00,2026-03-09 01:48:50.110972383+00:00
BACKTESTER-001,OracleStrategy-000,MESM6.GLBX,GLBX-1-155,MESM6.GLBX-OracleStrategy-000,GLBX-001,GLBX-1-155,MARKET,SELL,1,GTC,False,False,1,TAKER,6647.5,0.0,['0.00 USD'],NO_TRIGGER,FILLED,NO_CONTINGENCY,,,,MY_GENERIC_ALGO,,O-20260309-014850-001-000-201,,059a17dc-afcd-4e57-b248-23549ce0b371,2026-03-09 01:48:50.110972383+00:00,2026-03-09 01:48:50.110972383+00:00
BACKTESTER-001,OracleStrategy-000,MESM6.GLBX,GLBX-1-156,MESM6.GLBX-OracleStrategy-000,GLBX-001,GLBX-1-156,MARKET,BUY,1,GTC,True,False,1,TAKER,6644.25,0.0,['0.00 USD'],NO_TRIGGER,FILLED,NO_CONTINGENCY,,,,MY_GENERIC_ALGO,,O-20260309-014948-001-000-202,,2ff518f6-f500-43d6-8808-e460e823b33b,2026-03-09 01:49:48.733026111+00:00,2026-03-09 01:49:48.733026111+00:00
BACKTESTER-001,OracleStrategy-000,MESM6.GLBX,GLBX-1-157,MESM6.GLBX-OracleStrategy-000,GLBX-001,GLBX-1-157,MARKET,BUY,1,GTC,False,False,1,TAKER,6644.25,0.0,['0.00 USD'],NO_TRIGGER,FILLED,NO_CONTINGENCY,,,,MY_GENERIC_ALGO,,O-20260309-014948-001-000-203,,1fbb9848-3fc5-47d6-9920-a23b8220c75c,2026-03-09 01:49:48.733026111+00:00,2026-03-09 01:49:48.733026111+00:00
BACKTESTER-001,OracleStrategy-000,MESM6.GLBX,GLBX-1-158,MESM6.GLBX-OracleStrategy-000,GLBX-001,GLBX-1-158,MARKET,SELL,1,GTC,True,False,1,TAKER,6643.75,0.0,['0.00 USD'],NO_TRIGGER,FILLED,NO_CONTINGENCY,,,,MY_GENERIC_ALGO,,O-20260309-015010-001-000-204,,796187d6-64b9-4059-a787-d86b6ca0813c,2026-03-09 01:50:10.825822720+00:00,2026-03-09 01:50:10.825822720+00:00
BACKTESTER-001,OracleStrategy-000,MESM6.GLBX,GLBX-1-159,MESM6.GLBX-OracleStrategy-000,GLBX-001,GLBX-1-159,MARKET,SELL,1,GTC,False,False,1,TAKER,6644.5,0.0,['0.00 USD'],NO_TRIGGER,FILLED,NO_CONTINGENCY,,,,MY_GENERIC_ALGO,,O-20260309-015033-001-000-206,,006ca5ea-b93f-4637-8f0e-f3864bd717cd,2026-03-09 01:50:33.621099356+00:00,2026-03-09 01:50:33.621099356+00:00
BACKTESTER-001,OracleStrategy-000,MESM6.GLBX,GLBX-1-160,MESM6.GLBX-OracleStrategy-000,GLBX-001,GLBX-1-160,MARKET,BUY,1,GTC,True,False,1,TAKER,6639.25,0.0,['0.00 USD'],NO_TRIGGER,FILLED,NO_CONTINGENCY,,,,MY_GENERIC_ALGO,,O-20260309-015152-001-000-207,,de03db7d-4e5b-46c7-a8c7-9cbec8c92070,2026-03-09 01:51:52.007687007+00:00,2026-03-09 01:51:52.007687007+00:00
BACKTESTER-001,OracleStrategy-000,MESM6.GLBX,GLBX-1-161,MESM6.GLBX-OracleStrategy-000,GLBX-001,GLBX-1-161,MARKET,BUY,1,GTC,False,False,1,TAKER,6639.25,0.0,['0.00 USD'],NO_TRIGGER,FILLED,NO_CONTINGENCY,,,,MY_GENERIC_ALGO,,O-20260309-015152-001-000-208,,af05b608-a8b0-433c-9d97-fafb012c1306,2026-03-09 01:51:52.007687007+00:00,2026-03-09 01:51:52.007687007+00:00
BACKTESTER-001,OracleStrategy-000,MESM6.GLBX,GLBX-1-162,MESM6.GLBX-OracleStrategy-000,GLBX-001,GLBX-1-162,MARKET,SELL,1,GTC,True,False,1,TAKER,6644.5,0.0,['0.00 USD'],NO_TRIGGER,FILLED,NO_CONTINGENCY,,,,MY_GENERIC_ALGO,,O-20260309-015426-001-000-209,,1feea00a-77a1-4663-973f-84ad9c4b9d9a,2026-03-09 01:54:26.203911301+00:00,2026-03-09 01:54:26.203911301+00:00
BACKTESTER-001,OracleStrategy-000,MESM6.GLBX,GLBX-1-163,MESM6.GLBX-OracleStrategy-000,GLBX-001,GLBX-1-163,MARKET,BUY,1,GTC,False,False,1,TAKER,6642.25,0.0,['0.00 USD'],NO_TRIGGER,FILLED,NO_CONTINGENCY,,,,MY_GENERIC_ALGO,,O-20260309-015502-001-000-211,,f3ba4f7b-1c66-43c0-871c-844f2a2e51f9,2026-03-09 01:55:02.893074735+00:00,2026-03-09 01:55:02.893074735+00:00
BACKTESTER-001,OracleStrategy-000,MESM6.GLBX,GLBX-1-164,MESM6.GLBX-OracleStrategy-000,GLBX-001,GLBX-1-164,MARKET,SELL,1,GTC,True,False,1,TAKER,6647.5,0.0,['0.00 USD'],NO_TRIGGER,FILLED,NO_CONTINGENCY,,,,MY_GENERIC_ALGO,,O-20260309-015551-001-000-212,,879664b4-7e99-40c6-a245-4c586fc0c8a2,2026-03-09 01:55:51.367928583+00:00,2026-03-09 01:55:51.367928583+00:00
BACKTESTER-001,OracleStrategy-000,MESM6.GLBX,GLBX-1-165,MESM6.GLBX-OracleStrategy-000,GLBX-001,GLBX-1-165,MARKET,SELL,1,GTC,False,False,1,TAKER,6647.5,0.0,['0.00 USD'],NO_TRIGGER,FILLED,NO_CONTINGENCY,,,,MY_GENERIC_ALGO,,O-20260309-015551-001-000-213,,318f1af7-e04b-4745-80ec-42bb09d3091c,2026-03-09 01:55:51.367928583+00:00,2026-03-09 01:55:51.367928583+00:00
BACKTESTER-001,OracleStrategy-000,MESM6.GLBX,GLBX-1-166,MESM6.GLBX-OracleStrategy-000,GLBX-001,GLBX-1-166,MARKET,BUY,1,GTC,True,False,1,TAKER,6641.25,0.0,['0.00 USD'],NO_TRIGGER,FILLED,NO_CONTINGENCY,,,,MY_GENERIC_ALGO,,O-20260309-015806-001-000-214,,276f6cf5-f0d1-4282-b88e-e8b4664ddc5f,2026-03-09 01:58:06.202630237+00:00,2026-03-09 01:58:06.202630237+00:00
BACKTESTER-001,OracleStrategy-000,MESM6.GLBX,GLBX-1-167,MESM6.GLBX-OracleStrategy-000,GLBX-001,GLBX-1-167,MARKET,BUY,1,GTC,False,False,1,TAKER,6641.25,0.0,['0.00 USD'],NO_TRIGGER,FILLED,NO_CONTINGENCY,,,,MY_GENERIC_ALGO,,O-20260309-015806-001-000-215,,cddab7e5-950b-41bb-b12d-d9b0eddaeca3,2026-03-09 01:58:06.202630237+00:00,2026-03-09 01:58:06.202630237+00:00
BACKTESTER-001,OracleStrategy-000,MESM6.GLBX,GLBX-1-168,MESM6.GLBX-OracleStrategy-000,GLBX-001,GLBX-1-168,MARKET,SELL,1,GTC,True,False,1,TAKER,6642.5,0.0,['0.00 USD'],NO_TRIGGER,FILLED,NO_CONTINGENCY,,,,MY_GENERIC_ALGO,,O-20260309-015839-001-000-216,,d9a5a7aa-bfc5-4edb-ab92-29105c4e7964,2026-03-09 01:58:39.206545690+00:00,2026-03-09 01:58:39.206545690+00:00
BACKTESTER-001,OracleStrategy-000,MESM6.GLBX,GLBX-1-169,MESM6.GLBX-OracleStrategy-000,GLBX-001,GLBX-1-169,MARKET,SELL,1,GTC,False,False,1,TAKER,6642.5,0.0,['0.00 USD'],NO_TRIGGER,FILLED,NO_CONTINGENCY,,,,MY_GENERIC_ALGO,,O-20260309-015839-001-000-217,,86d1b743-26b5-4745-9df3-4dda3023ac95,2026-03-09 01:58:39.206545690+00:00,2026-03-09 01:58:39.206545690+00:00
BACKTESTER-001,OracleStrategy-000,MESM6.GLBX,GLBX-1-170,MESM6.GLBX-OracleStrategy-000,GLBX-001,GLBX-1-170,MARKET,BUY,1,GTC,True,False,1,TAKER,6638.75,0.0,['0.00 USD'],NO_TRIGGER,FILLED,NO_CONTINGENCY,,,,MY_GENERIC_ALGO,,O-20260309-015941-001-000-218,,d6718952-4fda-47b3-8744-04819e032d6e,2026-03-09 01:59:41.904618776+00:00,2026-03-09 01:59:41.904618776+00:00
BACKTESTER-001,OracleStrategy-000,MESM6.GLBX,GLBX-1-171,MESM6.GLBX-OracleStrategy-000,GLBX-001,GLBX-1-171,MARKET,BUY,1,GTC,False,False,1,TAKER,6638.75,0.0,['0.00 USD'],NO_TRIGGER,FILLED,NO_CONTINGENCY,,,,MY_GENERIC_ALGO,,O-20260309-015941-001-000-219,,14d71bd7-e400-4332-b535-b3dcd9ea5b08,2026-03-09 01:59:41.904618776+00:00,2026-03-09 01:59:41.904618776+00:00
BACKTESTER-001,OracleStrategy-000,MESM6.GLBX,GLBX-1-172,MESM6.GLBX-OracleStrategy-000,GLBX-001,GLBX-1-172,MARKET,SELL,1,GTC,True,False,1,TAKER,6645.5,0.0,['0.00 USD'],NO_TRIGGER,FILLED,NO_CONTINGENCY,,,,MY_GENERIC_ALGO,,O-20260309-020147-001-000-220,,2f61c07c-f726-4ca2-813b-c93f394c79c7,2026-03-09 02:01:47.714930059+00:00,2026-03-09 02:01:47.714930059+00:00
BACKTESTER-001,OracleStrategy-000,MESM6.GLBX,GLBX-1-173,MESM6.GLBX-OracleStrategy-000,GLBX-001,GLBX-1-173,MARKET,SELL,1,GTC,False,False,1,TAKER,6645.25,0.0,['0.00 USD'],NO_TRIGGER,FILLED,NO_CONTINGENCY,,,,MY_GENERIC_ALGO,,O-20260309-020207-001-000-222,,21e3cb30-44ff-4d1b-8619-91b47f9df2a5,2026-03-09 02:02:07.926089194+00:00,2026-03-09 02:02:07.926089194+00:00
BACKTESTER-001,OracleStrategy-000,MESM6.GLBX,GLBX-1-174,MESM6.GLBX-OracleStrategy-000,GLBX-001,GLBX-1-174,MARKET,BUY,1,GTC,True,False,1,TAKER,6639.0,0.0,['0.00 USD'],NO_TRIGGER,FILLED,NO_CONTINGENCY,,,,MY_GENERIC_ALGO,,O-20260309-020511-001-000-223,,7d4c44a0-f768-4b5e-a436-7b482bd977e8,2026-03-09 02:05:11.321600626+00:00,2026-03-09 02:05:11.321600626+00:00
BACKTESTER-001,OracleStrategy-000,MESM6.GLBX,GLBX-1-175,MESM6.GLBX-OracleStrategy-000,GLBX-001,GLBX-1-175,MARKET,BUY,1,GTC,False,False,1,TAKER,6639.0,0.0,['0.00 USD'],NO_TRIGGER,FILLED,NO_CONTINGENCY,,,,MY_GENERIC_ALGO,,O-20260309-020511-001-000-224,,4a4e11d2-fd07-4975-a462-30d689f8c828,2026-03-09 02:05:11.321600626+00:00,2026-03-09 02:05:11.321600626+00:00
BACKTESTER-001,OracleStrategy-000,MESM6.GLBX,GLBX-1-176,MESM6.GLBX-OracleStrategy-000,GLBX-001,GLBX-1-176,MARKET,SELL,1,GTC,True,False,1,TAKER,6643.25,0.0,['0.00 USD'],NO_TRIGGER,FILLED,NO_CONTINGENCY,,,,MY_GENERIC_ALGO,,O-20260309-020602-001-000-225,,e86448c3-a50b-4c84-b280-a35b8c82679e,2026-03-09 02:06:02.137226195+00:00,2026-03-09 02:06:02.137226195+00:00
BACKTESTER-001,OracleStrategy-000,MESM6.GLBX,GLBX-1-177,MESM6.GLBX-OracleStrategy-000,GLBX-001,GLBX-1-177,MARKET,SELL,1,GTC,False,False,1,TAKER,6643.25,0.0,['0.00 USD'],NO_TRIGGER,FILLED,NO_CONTINGENCY,,,,MY_GENERIC_ALGO,,O-20260309-020602-001-000-226,,82068146-4e3a-4c49-a3c1-ed4c69c920e0,2026-03-09 02:06:02.137226195+00:00,2026-03-09 02:06:02.137226195+00:00
BACKTESTER-001,OracleStrategy-000,MESM6.GLBX,GLBX-1-178,MESM6.GLBX-OracleStrategy-000,GLBX-001,GLBX-1-178,MARKET,BUY,1,GTC,True,False,1,TAKER,6639.25,0.0,['0.00 USD'],NO_TRIGGER,FILLED,NO_CONTINGENCY,,,,MY_GENERIC_ALGO,,O-20260309-020710-001-000-227,,dd120510-01af-4043-b4f3-7ed2ebc2f877,2026-03-09 02:07:10.602662282+00:00,2026-03-09 02:07:10.602662282+00:00
BACKTESTER-001,OracleStrategy-000,MESM6.GLBX,GLBX-1-179,MESM6.GLBX-OracleStrategy-000,GLBX-001,GLBX-1-179,MARKET,BUY,1,GTC,False,False,1,TAKER,6642.25,0.0,['0.00 USD'],NO_TRIGGER,FILLED,NO_CONTINGENCY,,,,MY_GENERIC_ALGO,,O-20260309-020836-001-000-231,,7374a4d3-268a-41fd-8328-1e4d83ec22d2,2026-03-09 02:08:36.157218674+00:00,2026-03-09 02:08:36.157218674+00:00
BACKTESTER-001,OracleStrategy-000,MESM6.GLBX,GLBX-1-180,MESM6.GLBX-OracleStrategy-000,GLBX-001,GLBX-1-180,MARKET,SELL,1,GTC,True,False,1,TAKER,6644.0,0.0,['0.00 USD'],NO_TRIGGER,FILLED,NO_CONTINGENCY,,,,MY_GENERIC_ALGO,,O-20260309-021017-001-000-232,,044f4b3d-f8cc-47d8-8eb0-4631cfbb845b,2026-03-09 02:10:17.599037199+00:00,2026-03-09 02:10:17.599037199+00:00
BACKTESTER-001,OracleStrategy-000,MESM6.GLBX,GLBX-1-181,MESM6.GLBX-OracleStrategy-000,GLBX-001,GLBX-1-181,MARKET,SELL,1,GTC,False,False,1,TAKER,6644.0,0.0,['0.00 USD'],NO_TRIGGER,FILLED,NO_CONTINGENCY,,,,MY_GENERIC_ALGO,,O-20260309-021017-001-000-233,,43c3dd60-0d49-4bb1-8c73-05b54bddb60f,2026-03-09 02:10:17.599037199+00:00,2026-03-09 02:10:17.599037199+00:00
BACKTESTER-001,OracleStrategy-000,MESM6.GLBX,GLBX-1-182,MESM6.GLBX-OracleStrategy-000,GLBX-001,GLBX-1-182,MARKET,BUY,1,GTC,True,False,1,TAKER,6640.5,0.0,['0.00 USD'],NO_TRIGGER,FILLED,NO_CONTINGENCY,,,,MY_GENERIC_ALGO,,O-20260309-021036-001-000-234,,2d0bb83e-b611-409b-a39d-4ba7c652d958,2026-03-09 02:10:36.981957586+00:00,2026-03-09 02:10:36.981957586+00:00
BACKTESTER-001,OracleStrategy-000,MESM6.GLBX,GLBX-1-183,MESM6.GLBX-OracleStrategy-000,GLBX-001,GLBX-1-183,MARKET,BUY,1,GTC,False,False,1,TAKER,6645.25,0.0,['0.00 USD'],NO_TRIGGER,FILLED,NO_CONTINGENCY,,,,MY_GENERIC_ALGO,,O-20260309-021125-001-000-239,,d20987d6-c73e-4622-ac8a-069dc399c80c,2026-03-09 02:11:25.506030514+00:00,2026-03-09 02:11:25.506030514+00:00
BACKTESTER-001,OracleStrategy-000,MESM6.GLBX,GLBX-1-184,MESM6.GLBX-OracleStrategy-000,GLBX-001,GLBX-1-184,MARKET,SELL,1,GTC,True,False,1,TAKER,6647.0,0.0,['0.00 USD'],NO_TRIGGER,FILLED,NO_CONTINGENCY,,,,MY_GENERIC_ALGO,,O-20260309-021130-001-000-240,,8826a77a-b468-4f46-a2a8-702ce1b23721,2026-03-09 02:11:30.508196963+00:00,2026-03-09 02:11:30.508196963+00:00
BACKTESTER-001,OracleStrategy-000,MESM6.GLBX,GLBX-1-185,MESM6.GLBX-OracleStrategy-000,GLBX-001,GLBX-1-185,MARKET,SELL,1,GTC,False,False,1,TAKER,6645.5,0.0,['0.00 USD'],NO_TRIGGER,FILLED,NO_CONTINGENCY,,,,MY_GENERIC_ALGO,,O-20260309-021139-001-000-242,,890fa6ee-918e-43ff-95f6-54092d4b1781,2026-03-09 02:11:39.186782119+00:00,2026-03-09 02:11:39.186782119+00:00
BACKTESTER-001,OracleStrategy-000,MESM6.GLBX,GLBX-1-186,MESM6.GLBX-OracleStrategy-000,GLBX-001,GLBX-1-186,MARKET,BUY,1,GTC,True,False,1,TAKER,6635.5,0.0,['0.00 USD'],NO_TRIGGER,FILLED,NO_CONTINGENCY,,,,MY_GENERIC_ALGO,,O-20260309-021532-001-000-243,,f66df5e5-b14c-4fab-aaee-bce246aac3f3,2026-03-09 02:15:32.407180378+00:00,2026-03-09 02:15:32.407180378+00:00
BACKTESTER-001,OracleStrategy-000,MESM6.GLBX,GLBX-1-187,MESM6.GLBX-OracleStrategy-000,GLBX-001,GLBX-1-187,MARKET,BUY,1,GTC,False,False,1,TAKER,6636.25,0.0,['0.00 USD'],NO_TRIGGER,FILLED,NO_CONTINGENCY,,,,MY_GENERIC_ALGO,,O-20260309-021552-001-000-245,,d78b7ecb-262d-4cbf-bffc-994be795b575,2026-03-09 02:15:52.287625183+00:00,2026-03-09 02:15:52.287625183+00:00
BACKTESTER-001,OracleStrategy-000,MESM6.GLBX,GLBX-1-188,MESM6.GLBX-OracleStrategy-000,GLBX-001,GLBX-1-188,MARKET,SELL,1,GTC,True,False,1,TAKER,6637.0,0.0,['0.00 USD'],NO_TRIGGER,FILLED,NO_CONTINGENCY,,,,MY_GENERIC_ALGO,,O-20260309-021558-001-000-246,,e65aad81-0025-43e7-9f81-1381a049917d,2026-03-09 02:15:58.672877712+00:00,2026-03-09 02:15:58.672877712+00:00
BACKTESTER-001,OracleStrategy-000,MESM6.GLBX,GLBX-1-189,MESM6.GLBX-OracleStrategy-000,GLBX-001,GLBX-1-189,MARKET,SELL,1,GTC,False,False,1,TAKER,6636.0,0.0,['0.00 USD'],NO_TRIGGER,FILLED,NO_CONTINGENCY,,,,MY_GENERIC_ALGO,,O-20260309-021609-001-000-248,,ab4a3a04-7168-48ad-a044-b53b51f3cf36,2026-03-09 02:16:09.394418669+00:00,2026-03-09 02:16:09.394418669+00:00
BACKTESTER-001,OracleStrategy-000,MESM6.GLBX,GLBX-1-190,MESM6.GLBX-OracleStrategy-000,GLBX-001,GLBX-1-190,MARKET,BUY,1,GTC,True,False,1,TAKER,6632.0,0.0,['0.00 USD'],NO_TRIGGER,FILLED,NO_CONTINGENCY,,,,MY_GENERIC_ALGO,,O-20260309-021908-001-000-249,,11e57a1c-7214-4cdf-985c-498f6a6542b3,2026-03-09 02:19:08.828087290+00:00,2026-03-09 02:19:08.828087290+00:00
BACKTESTER-001,OracleStrategy-000,MESM6.GLBX,GLBX-1-191,MESM6.GLBX-OracleStrategy-000,GLBX-001,GLBX-1-191,MARKET,BUY,1,GTC,False,False,1,TAKER,6632.0,0.0,['0.00 USD'],NO_TRIGGER,FILLED,NO_CONTINGENCY,,,,MY_GENERIC_ALGO,,O-20260309-021908-001-000-250,,bc300b8c-1798-4c0b-860d-10bbdd60f696,2026-03-09 02:19:08.828087290+00:00,2026-03-09 02:19:08.828087290+00:00
BACKTESTER-001,OracleStrategy-000,MESM6.GLBX,GLBX-1-192,MESM6.GLBX-OracleStrategy-000,GLBX-001,GLBX-1-192,MARKET,SELL,1,GTC,True,False,1,TAKER,6643.0,0.0,['0.00 USD'],NO_TRIGGER,FILLED,NO_CONTINGENCY,,,,MY_GENERIC_ALGO,,O-20260309-022357-001-000-251,,dd26df53-80a3-41c7-8bd3-9bfa7da38d08,2026-03-09 02:23:57.136894907+00:00,2026-03-09 02:23:57.136894907+00:00
BACKTESTER-001,OracleStrategy-000,MESM6.GLBX,GLBX-1-193,MESM6.GLBX-OracleStrategy-000,GLBX-001,GLBX-1-193,MARKET,SELL,1,GTC,False,False,1,TAKER,6643.0,0.0,['0.00 USD'],NO_TRIGGER,FILLED,NO_CONTINGENCY,,,,MY_GENERIC_ALGO,,O-20260309-022357-001-000-252,,71b47a59-bb5e-4cbb-907d-d80b052e1a03,2026-03-09 02:23:57.136894907+00:00,2026-03-09 02:23:57.136894907+00:00
BACKTESTER-001,OracleStrategy-000,MESM6.GLBX,GLBX-1-194,MESM6.GLBX-OracleStrategy-000,GLBX-001,GLBX-1-194,MARKET,BUY,1,GTC,True,False,1,TAKER,6641.0,0.0,['0.00 USD'],NO_TRIGGER,FILLED,NO_CONTINGENCY,,,,MY_GENERIC_ALGO,,O-20260309-022617-001-000-253,,974e2f3e-7536-4a7d-b60a-3566c639f09a,2026-03-09 02:26:17.040613523+00:00,2026-03-09 02:26:17.040613523+00:00
BACKTESTER-001,OracleStrategy-000,MESM6.GLBX,GLBX-1-195,MESM6.GLBX-OracleStrategy-000,GLBX-001,GLBX-1-195,MARKET,BUY,1,GTC,False,False,1,TAKER,6641.0,0.0,['0.00 USD'],NO_TRIGGER,FILLED,NO_CONTINGENCY,,,,MY_GENERIC_ALGO,,O-20260309-022617-001-000-254,,d5c17b7a-224a-43a9-96b9-eaf59d66e468,2026-03-09 02:26:17.040613523+00:00,2026-03-09 02:26:17.040613523+00:00
BACKTESTER-001,OracleStrategy-000,MESM6.GLBX,GLBX-1-196,MESM6.GLBX-OracleStrategy-000,GLBX-001,GLBX-1-196,MARKET,SELL,1,GTC,True,False,1,TAKER,6643.0,0.0,['0.00 USD'],NO_TRIGGER,FILLED,NO_CONTINGENCY,,,,MY_GENERIC_ALGO,,O-20260309-022725-001-000-255,,f7786d4d-7a14-4e04-a0fb-3cf1e89302af,2026-03-09 02:27:25.402943019+00:00,2026-03-09 02:27:25.402943019+00:00
BACKTESTER-001,OracleStrategy-000,MESM6.GLBX,GLBX-1-197,MESM6.GLBX-OracleStrategy-000,GLBX-001,GLBX-1-197,MARKET,SELL,1,GTC,False,False,1,TAKER,6643.0,0.0,['0.00 USD'],NO_TRIGGER,FILLED,NO_CONTINGENCY,,,,MY_GENERIC_ALGO,,O-20260309-022725-001-000-256,,5f98fc8f-d0e0-4c14-9d0c-2003823da355,2026-03-09 02:27:25.402943019+00:00,2026-03-09 02:27:25.402943019+00:00
BACKTESTER-001,OracleStrategy-000,MESM6.GLBX,GLBX-1-198,MESM6.GLBX-OracleStrategy-000,GLBX-001,GLBX-1-198,MARKET,BUY,1,GTC,True,False,1,TAKER,6641.5,0.0,['0.00 USD'],NO_TRIGGER,FILLED,NO_CONTINGENCY,,,,MY_GENERIC_ALGO,,O-20260309-022752-001-000-257,,b4bbccd6-c294-4406-9842-41bf9c356b18,2026-03-09 02:27:52.696966366+00:00,2026-03-09 02:27:52.696966366+00:00
BACKTESTER-001,OracleStrategy-000,MESM6.GLBX,GLBX-1-199,MESM6.GLBX-OracleStrategy-000,GLBX-001,GLBX-1-199,MARKET,BUY,1,GTC,False,False,1,TAKER,6642.5,0.0,['0.00 USD'],NO_TRIGGER,FILLED,NO_CONTINGENCY,,,,MY_GENERIC_ALGO,,O-20260309-022759-001-000-259,,8d014210-4628-423e-ba5d-a05678263cbf,2026-03-09 02:27:59.396736440+00:00,2026-03-09 02:27:59.396736440+00:00
BACKTESTER-001,OracleStrategy-000,MESM6.GLBX,GLBX-1-200,MESM6.GLBX-OracleStrategy-000,GLBX-001,GLBX-1-200,MARKET,SELL,1,GTC,True,False,1,TAKER,6646.75,0.0,['0.00 USD'],NO_TRIGGER,FILLED,NO_CONTINGENCY,,,,MY_GENERIC_ALGO,,O-20260309-022903-001-000-260,,e52d91ed-6aaa-4ecf-8f77-98383a8c556c,2026-03-09 02:29:03.482326419+00:00,2026-03-09 02:29:03.482326419+00:00
BACKTESTER-001,OracleStrategy-000,MESM6.GLBX,GLBX-1-201,MESM6.GLBX-OracleStrategy-000,GLBX-001,GLBX-1-201,MARKET,SELL,1,GTC,False,False,1,TAKER,6646.75,0.0,['0.00 USD'],NO_TRIGGER,FILLED,NO_CONTINGENCY,,,,MY_GENERIC_ALGO,,O-20260309-022903-001-000-261,,f2d97506-ce2d-4123-bd4d-b4c4aeab0584,2026-03-09 02:29:03.482326419+00:00,2026-03-09 02:29:03.482326419+00:00
BACKTESTER-001,OracleStrategy-000,MESM6.GLBX,GLBX-1-202,MESM6.GLBX-OracleStrategy-000,GLBX-001,GLBX-1-202,MARKET,BUY,1,GTC,True,False,1,TAKER,6637.5,0.0,['0.00 USD'],NO_TRIGGER,FILLED,NO_CONTINGENCY,,,,MY_GENERIC_ALGO,,O-20260309-023117-001-000-262,,73172e21-129a-4ba6-937f-21d2316cedf7,2026-03-09 02:31:17.338534970+00:00,2026-03-09 02:31:17.338534970+00:00
BACKTESTER-001,OracleStrategy-000,MESM6.GLBX,GLBX-1-203,MESM6.GLBX-OracleStrategy-000,GLBX-001,GLBX-1-203,MARKET,BUY,1,GTC,False,False,1,TAKER,6637.5,0.0,['0.00 USD'],NO_TRIGGER,FILLED,NO_CONTINGENCY,,,,MY_GENERIC_ALGO,,O-20260309-023117-001-000-263,,218d8fec-f6b3-4821-b648-307da3aadab8,2026-03-09 02:31:17.338534970+00:00,2026-03-09 02:31:17.338534970+00:00
BACKTESTER-001,OracleStrategy-000,MESM6.GLBX,GLBX-1-204,MESM6.GLBX-OracleStrategy-000,GLBX-001,GLBX-1-204,MARKET,SELL,1,GTC,True,False,1,TAKER,6639.75,0.0,['0.00 USD'],NO_TRIGGER,FILLED,NO_CONTINGENCY,,,,MY_GENERIC_ALGO,,O-20260309-023235-001-000-264,,1739fcab-c3ee-43b2-8290-46f242d2e9e1,2026-03-09 02:32:35.562999269+00:00,2026-03-09 02:32:35.562999269+00:00
BACKTESTER-001,OracleStrategy-000,MESM6.GLBX,GLBX-1-205,MESM6.GLBX-OracleStrategy-000,GLBX-001,GLBX-1-205,MARKET,SELL,1,GTC,False,False,1,TAKER,6639.75,0.0,['0.00 USD'],NO_TRIGGER,FILLED,NO_CONTINGENCY,,,,MY_GENERIC_ALGO,,O-20260309-023235-001-000-265,,eeb0029a-c1ad-4043-ae2f-97f2d718ee41,2026-03-09 02:32:35.562999269+00:00,2026-03-09 02:32:35.562999269+00:00
BACKTESTER-001,OracleStrategy-000,MESM6.GLBX,GLBX-1-206,MESM6.GLBX-OracleStrategy-000,GLBX-001,GLBX-1-206,MARKET,BUY,1,GTC,True,False,1,TAKER,6638.5,0.0,['0.00 USD'],NO_TRIGGER,FILLED,NO_CONTINGENCY,,,,MY_GENERIC_ALGO,,O-20260309-023324-001-000-266,,42beb9d1-f16f-42b2-a6ae-fffb94d5dd05,2026-03-09 02:33:24.853151170+00:00,2026-03-09 02:33:24.853151170+00:00
BACKTESTER-001,OracleStrategy-000,MESM6.GLBX,GLBX-1-207,MESM6.GLBX-OracleStrategy-000,GLBX-001,GLBX-1-207,MARKET,BUY,1,GTC,False,False,1,TAKER,6638.5,0.0,['0.00 USD'],NO_TRIGGER,FILLED,NO_CONTINGENCY,,,,MY_GENERIC_ALGO,,O-20260309-023324-001-000-267,,468f9893-0cb1-4f29-82db-ed8cfa0aa7d7,2026-03-09 02:33:24.853151170+00:00,2026-03-09 02:33:24.853151170+00:00
BACKTESTER-001,OracleStrategy-000,MESM6.GLBX,GLBX-1-208,MESM6.GLBX-OracleStrategy-000,GLBX-001,GLBX-1-208,MARKET,SELL,1,GTC,True,False,1,TAKER,6647.5,0.0,['0.00 USD'],NO_TRIGGER,FILLED,NO_CONTINGENCY,,,,MY_GENERIC_ALGO,,O-20260309-023657-001-000-268,,d159b83a-7c0b-4f8c-b253-2c37c792f90f,2026-03-09 02:36:57.297971685+00:00,2026-03-09 02:36:57.297971685+00:00
BACKTESTER-001,OracleStrategy-000,MESM6.GLBX,GLBX-1-209,MESM6.GLBX-OracleStrategy-000,GLBX-001,GLBX-1-209,MARKET,SELL,1,GTC,False,False,1,TAKER,6647.5,0.0,['0.00 USD'],NO_TRIGGER,FILLED,NO_CONTINGENCY,,,,MY_GENERIC_ALGO,,O-20260309-023657-001-000-269,,2c7df4d4-41da-42b4-af8f-f5269017e50f,2026-03-09 02:36:57.297971685+00:00,2026-03-09 02:36:57.297971685+00:00
BACKTESTER-001,OracleStrategy-000,MESM6.GLBX,GLBX-1-210,MESM6.GLBX-OracleStrategy-000,GLBX-001,GLBX-1-210,MARKET,BUY,1,GTC,True,False,1,TAKER,6645.25,0.0,['0.00 USD'],NO_TRIGGER,FILLED,NO_CONTINGENCY,,,,MY_GENERIC_ALGO,,O-20260309-023842-001-000-270,,dfffd343-fa5b-4af7-ac9d-76a6c479c9e4,2026-03-09 02:38:42.386326687+00:00,2026-03-09 02:38:42.386326687+00:00
BACKTESTER-001,OracleStrategy-000,MESM6.GLBX,GLBX-1-211,MESM6.GLBX-OracleStrategy-000,GLBX-001,GLBX-1-211,MARKET,BUY,1,GTC,False,False,1,TAKER,6645.25,0.0,['0.00 USD'],NO_TRIGGER,FILLED,NO_CONTINGENCY,,,,MY_GENERIC_ALGO,,O-20260309-023842-001-000-271,,eeb5edde-0457-4c59-9c92-d609a92ca08c,2026-03-09 02:38:42.386326687+00:00,2026-03-09 02:38:42.386326687+00:00
BACKTESTER-001,OracleStrategy-000,MESM6.GLBX,GLBX-1-212,MESM6.GLBX-OracleStrategy-000,GLBX-001,GLBX-1-212,MARKET,SELL,1,GTC,True,False,1,TAKER,6649.5,0.0,['0.00 USD'],NO_TRIGGER,FILLED,NO_CONTINGENCY,,,,MY_GENERIC_ALGO,,O-20260309-024021-001-000-272,,07a5f9e1-506a-4b09-8039-4085cecfe69a,2026-03-09 02:40:21.249732751+00:00,2026-03-09 02:40:21.249732751+00:00
BACKTESTER-001,OracleStrategy-000,MESM6.GLBX,GLBX-1-213,MESM6.GLBX-OracleStrategy-000,GLBX-001,GLBX-1-213,MARKET,BUY,1,GTC,False,False,1,TAKER,6648.25,0.0,['0.00 USD'],NO_TRIGGER,FILLED,NO_CONTINGENCY,,,,MY_GENERIC_ALGO,,O-20260309-024039-001-000-274,,08bc5d56-391c-4aa4-993b-4641280735ea,2026-03-09 02:40:39.109084967+00:00,2026-03-09 02:40:39.109084967+00:00
BACKTESTER-001,OracleStrategy-000,MESM6.GLBX,GLBX-1-214,MESM6.GLBX-OracleStrategy-000,GLBX-001,GLBX-1-214,MARKET,SELL,1,GTC,True,False,1,TAKER,6649.25,0.0,['0.00 USD'],NO_TRIGGER,FILLED,NO_CONTINGENCY,,,,MY_GENERIC_ALGO,,O-20260309-024125-001-000-275,,ae91e16a-6697-4926-ab76-c30e3a0b2db1,2026-03-09 02:41:25.360584600+00:00,2026-03-09 02:41:25.360584600+00:00
BACKTESTER-001,OracleStrategy-000,MESM6.GLBX,GLBX-1-215,MESM6.GLBX-OracleStrategy-000,GLBX-001,GLBX-1-215,MARKET,SELL,1,GTC,False,False,1,TAKER,6649.25,0.0,['0.00 USD'],NO_TRIGGER,FILLED,NO_CONTINGENCY,,,,MY_GENERIC_ALGO,,O-20260309-024125-001-000-276,,8a4d3fba-0001-419b-8062-46dca58fb1ed,2026-03-09 02:41:25.360584600+00:00,2026-03-09 02:41:25.360584600+00:00
BACKTESTER-001,OracleStrategy-000,MESM6.GLBX,GLBX-1-216,MESM6.GLBX-OracleStrategy-000,GLBX-001,GLBX-1-216,MARKET,BUY,1,GTC,True,False,1,TAKER,6649.75,0.0,['0.00 USD'],NO_TRIGGER,FILLED,NO_CONTINGENCY,,,,MY_GENERIC_ALGO,,O-20260309-024137-001-000-277,,34b35854-2ab1-463c-861b-dfd8f2201943,2026-03-09 02:41:37.566344920+00:00,2026-03-09 02:41:37.566344920+00:00
BACKTESTER-001,OracleStrategy-000,MESM6.GLBX,GLBX-1-217,MESM6.GLBX-OracleStrategy-000,GLBX-001,GLBX-1-217,MARKET,BUY,1,GTC,False,False,1,TAKER,6649.75,0.0,['0.00 USD'],NO_TRIGGER,FILLED,NO_CONTINGENCY,,,,MY_GENERIC_ALGO,,O-20260309-024137-001-000-278,,4f73fe8b-fca6-4e64-97bc-46693a9fc256,2026-03-09 02:41:37.566344920+00:00,2026-03-09 02:41:37.566344920+00:00
BACKTESTER-001,OracleStrategy-000,MESM6.GLBX,GLBX-1-218,MESM6.GLBX-OracleStrategy-000,GLBX-001,GLBX-1-218,MARKET,SELL,1,GTC,True,False,1,TAKER,6651.25,0.0,['0.00 USD'],NO_TRIGGER,FILLED,NO_CONTINGENCY,,,,MY_GENERIC_ALGO,,O-20260309-024223-001-000-279,,7e7c93c2-54dd-48cf-8d93-f2285129e829,2026-03-09 02:42:23.775849295+00:00,2026-03-09 02:42:23.775849295+00:00
BACKTESTER-001,OracleStrategy-000,MESM6.GLBX,GLBX-1-219,MESM6.GLBX-OracleStrategy-000,GLBX-001,GLBX-1-219,MARKET,SELL,1,GTC,False,False,1,TAKER,6650.75,0.0,['0.00 USD'],NO_TRIGGER,FILLED,NO_CONTINGENCY,,,,MY_GENERIC_ALGO,,O-20260309-024228-001-000-282,,e4a359f6-9f12-4e29-86db-111ef9210bdf,2026-03-09 02:42:28.621167874+00:00,2026-03-09 02:42:28.621167874+00:00
BACKTESTER-001,OracleStrategy-000,MESM6.GLBX,GLBX-1-220,MESM6.GLBX-OracleStrategy-000,GLBX-001,GLBX-1-220,MARKET,BUY,1,GTC,True,False,1,TAKER,6650.0,0.0,['0.00 USD'],NO_TRIGGER,FILLED,NO_CONTINGENCY,,,,MY_GENERIC_ALGO,,O-20260309-024410-001-000-283,,31992b42-54e9-4b0d-9756-870801e1a1c5,2026-03-09 02:44:10.567325781+00:00,2026-03-09 02:44:10.567325781+00:00
BACKTESTER-001,OracleStrategy-000,MESM6.GLBX,GLBX-1-221,MESM6.GLBX-OracleStrategy-000,GLBX-001,GLBX-1-221,MARKET,BUY,1,GTC,False,False,1,TAKER,6650.0,0.0,['0.00 USD'],NO_TRIGGER,FILLED,NO_CONTINGENCY,,,,MY_GENERIC_ALGO,,O-20260309-024410-001-000-284,,8e6bef80-335b-484e-adbf-09af8834eb81,2026-03-09 02:44:10.567325781+00:00,2026-03-09 02:44:10.567325781+00:00
BACKTESTER-001,OracleStrategy-000,MESM6.GLBX,GLBX-1-222,MESM6.GLBX-OracleStrategy-000,GLBX-001,GLBX-1-222,MARKET,SELL,1,GTC,True,False,1,TAKER,6650.5,0.0,['0.00 USD'],NO_TRIGGER,FILLED,NO_CONTINGENCY,,,,MY_GENERIC_ALGO,,O-20260309-024445-001-000-285,,1a3b83e3-5049-4a00-ae53-efc875a3620a,2026-03-09 02:44:45.933533840+00:00,2026-03-09 02:44:45.933533840+00:00
BACKTESTER-001,OracleStrategy-000,MESM6.GLBX,GLBX-1-223,MESM6.GLBX-OracleStrategy-000,GLBX-001,GLBX-1-223,MARKET,SELL,1,GTC,False,False,1,TAKER,6651.5,0.0,['0.00 USD'],NO_TRIGGER,FILLED,NO_CONTINGENCY,,,,MY_GENERIC_ALGO,,O-20260309-024455-001-000-287,,4c3092aa-228f-4895-beb6-6977de388ca7,2026-03-09 02:44:55.009651848+00:00,2026-03-09 02:44:55.009651848+00:00
BACKTESTER-001,OracleStrategy-000,MESM6.GLBX,GLBX-1-224,MESM6.GLBX-OracleStrategy-000,GLBX-001,GLBX-1-224,MARKET,BUY,1,GTC,True,False,1,TAKER,6651.75,0.0,['0.00 USD'],NO_TRIGGER,FILLED,NO_CONTINGENCY,,,,MY_GENERIC_ALGO,,O-20260309-024503-001-000-288,,35ccb46d-12e4-40e1-abdf-302e3fab96a3,2026-03-09 02:45:03.168451416+00:00,2026-03-09 02:45:03.168451416+00:00
BACKTESTER-001,OracleStrategy-000,MESM6.GLBX,GLBX-1-225,MESM6.GLBX-OracleStrategy-000,GLBX-001,GLBX-1-225,MARKET,SELL,1,GTC,False,False,1,TAKER,6649.5,0.0,['0.00 USD'],NO_TRIGGER,FILLED,NO_CONTINGENCY,,,,MY_GENERIC_ALGO,,O-20260309-024531-001-000-291,,459a67b4-99d8-45ab-b995-9e3b394a5663,2026-03-09 02:45:31.696267733+00:00,2026-03-09 02:45:31.696267733+00:00
BACKTESTER-001,OracleStrategy-000,MESM6.GLBX,GLBX-1-226,MESM6.GLBX-OracleStrategy-000,GLBX-001,GLBX-1-226,MARKET,BUY,1,GTC,True,False,1,TAKER,6649.5,0.0,['0.00 USD'],NO_TRIGGER,FILLED,NO_CONTINGENCY,,,,MY_GENERIC_ALGO,,O-20260309-024615-001-000-292,,1dd8ed9a-3ea4-4236-a97d-898841d2c603,2026-03-09 02:46:15.035164024+00:00,2026-03-09 02:46:15.035164024+00:00
BACKTESTER-001,OracleStrategy-000,MESM6.GLBX,GLBX-1-227,MESM6.GLBX-OracleStrategy-000,GLBX-001,GLBX-1-227,MARKET,BUY,1,GTC,False,False,1,TAKER,6649.5,0.0,['0.00 USD'],NO_TRIGGER,FILLED,NO_CONTINGENCY,,,,MY_GENERIC_ALGO,,O-20260309-024615-001-000-293,,c1b3d752-f447-4fce-b0dd-5c8402759087,2026-03-09 02:46:15.035164024+00:00,2026-03-09 02:46:15.035164024+00:00
BACKTESTER-001,OracleStrategy-000,MESM6.GLBX,GLBX-1-228,MESM6.GLBX-OracleStrategy-000,GLBX-001,GLBX-1-228,MARKET,SELL,1,GTC,True,False,1,TAKER,6650.75,0.0,['0.00 USD'],NO_TRIGGER,FILLED,NO_CONTINGENCY,,,,MY_GENERIC_ALGO,,O-20260309-024734-001-000-294,,15646739-6872-4afe-be45-366e216795b9,2026-03-09 02:47:34.083866507+00:00,2026-03-09 02:47:34.083866507+00:00
BACKTESTER-001,OracleStrategy-000,MESM6.GLBX,GLBX-1-229,MESM6.GLBX-OracleStrategy-000,GLBX-001,GLBX-1-229,MARKET,SELL,1,GTC,False,False,1,TAKER,6650.75,0.0,['0.00 USD'],NO_TRIGGER,FILLED,NO_CONTINGENCY,,,,MY_GENERIC_ALGO,,O-20260309-024734-001-000-295,,6930dc4a-d837-4774-b1b3-5ce996da9c2c,2026-03-09 02:47:34.083866507+00:00,2026-03-09 02:47:34.083866507+00:00
BACKTESTER-001,OracleStrategy-000,MESM6.GLBX,GLBX-1-230,MESM6.GLBX-OracleStrategy-000,GLBX-001,GLBX-1-230,MARKET,BUY,1,GTC,True,False,1,TAKER,6648.5,0.0,['0.00 USD'],NO_TRIGGER,FILLED,NO_CONTINGENCY,,,,MY_GENERIC_ALGO,,O-20260309-024753-001-000-296,,3c18f681-8c33-4cf5-a1ed-aabea779d874,2026-03-09 02:47:53.325465763+00:00,2026-03-09 02:47:53.325465763+00:00
BACKTESTER-001,OracleStrategy-000,MESM6.GLBX,GLBX-1-231,MESM6.GLBX-OracleStrategy-000,GLBX-001,GLBX-1-231,MARKET,BUY,1,GTC,False,False,1,TAKER,6648.5,0.0,['0.00 USD'],NO_TRIGGER,FILLED,NO_CONTINGENCY,,,,MY_GENERIC_ALGO,,O-20260309-024753-001-000-297,,0089cf55-49ed-4650-9c8e-832f0d1a379d,2026-03-09 02:47:53.325465763+00:00,2026-03-09 02:47:53.325465763+00:00
BACKTESTER-001,OracleStrategy-000,MESM6.GLBX,GLBX-1-232,MESM6.GLBX-OracleStrategy-000,GLBX-001,GLBX-1-232,MARKET,SELL,1,GTC,True,False,1,TAKER,6650.75,0.0,['0.00 USD'],NO_TRIGGER,FILLED,NO_CONTINGENCY,,,,MY_GENERIC_ALGO,,O-20260309-024924-001-000-298,,2d4671b0-bb24-4c9e-b976-96cd8c1aa1f3,2026-03-09 02:49:24.311054275+00:00,2026-03-09 02:49:24.311054275+00:00
BACKTESTER-001,OracleStrategy-000,MESM6.GLBX,GLBX-1-233,MESM6.GLBX-OracleStrategy-000,GLBX-001,GLBX-1-233,MARKET,SELL,1,GTC,False,False,1,TAKER,6650.75,0.0,['0.00 USD'],NO_TRIGGER,FILLED,NO_CONTINGENCY,,,,MY_GENERIC_ALGO,,O-20260309-024924-001-000-299,,f1d9c655-e88e-43b2-9e93-a4ac79443a5b,2026-03-09 02:49:24.311054275+00:00,2026-03-09 02:49:24.311054275+00:00
BACKTESTER-001,OracleStrategy-000,MESM6.GLBX,GLBX-1-234,MESM6.GLBX-OracleStrategy-000,GLBX-001,GLBX-1-234,MARKET,BUY,1,GTC,True,False,1,TAKER,6650.5,0.0,['0.00 USD'],NO_TRIGGER,FILLED,NO_CONTINGENCY,,,,MY_GENERIC_ALGO,,O-20260309-024947-001-000-300,,6fbcd893-73d2-420b-b7e6-992d59cc8c09,2026-03-09 02:49:47.522581271+00:00,2026-03-09 02:49:47.522581271+00:00
BACKTESTER-001,OracleStrategy-000,MESM6.GLBX,GLBX-1-235,MESM6.GLBX-OracleStrategy-000,GLBX-001,GLBX-1-235,MARKET,SELL,1,GTC,False,False,1,TAKER,6652.0,0.0,['0.00 USD'],NO_TRIGGER,FILLED,NO_CONTINGENCY,,,,MY_GENERIC_ALGO,,O-20260309-025103-001-000-305,,8357ecd2-5045-4da6-a3a5-50119dce254e,2026-03-09 02:51:03.345171244+00:00,2026-03-09 02:51:03.345171244+00:00
BACKTESTER-001,OracleStrategy-000,MESM6.GLBX,GLBX-1-236,MESM6.GLBX-OracleStrategy-000,GLBX-001,GLBX-1-236,MARKET,BUY,1,GTC,True,False,1,TAKER,6650.0,0.0,['0.00 USD'],NO_TRIGGER,FILLED,NO_CONTINGENCY,,,,MY_GENERIC_ALGO,,O-20260309-025244-001-000-306,,30136810-461d-4522-b308-9eade4f46527,2026-03-09 02:52:44.770605170+00:00,2026-03-09 02:52:44.770605170+00:00
BACKTESTER-001,OracleStrategy-000,MESM6.GLBX,GLBX-1-237,MESM6.GLBX-OracleStrategy-000,GLBX-001,GLBX-1-237,MARKET,BUY,1,GTC,False,False,1,TAKER,6650.0,0.0,['0.00 USD'],NO_TRIGGER,FILLED,NO_CONTINGENCY,,,,MY_GENERIC_ALGO,,O-20260309-025244-001-000-307,,896f247b-9b6c-4dc4-be68-7686bd78754d,2026-03-09 02:52:44.770605170+00:00,2026-03-09 02:52:44.770605170+00:00
BACKTESTER-001,OracleStrategy-000,MESM6.GLBX,GLBX-1-238,MESM6.GLBX-OracleStrategy-000,GLBX-001,GLBX-1-238,MARKET,SELL,1,GTC,True,False,1,TAKER,6653.0,0.0,['0.00 USD'],NO_TRIGGER,FILLED,NO_CONTINGENCY,,,,MY_GENERIC_ALGO,,O-20260309-025354-001-000-308,,9076619e-3a55-49ca-85fd-7c41c25bbf30,2026-03-09 02:53:54.744575091+00:00,2026-03-09 02:53:54.744575091+00:00
BACKTESTER-001,OracleStrategy-000,MESM6.GLBX,GLBX-1-239,MESM6.GLBX-OracleStrategy-000,GLBX-001,GLBX-1-239,MARKET,SELL,1,GTC,False,False,1,TAKER,6653.0,0.0,['0.00 USD'],NO_TRIGGER,FILLED,NO_CONTINGENCY,,,,MY_GENERIC_ALGO,,O-20260309-025354-001-000-309,,558e412f-9e99-47a3-9844-0e97c5e9b2ef,2026-03-09 02:53:54.744575091+00:00,2026-03-09 02:53:54.744575091+00:00
BACKTESTER-001,OracleStrategy-000,MESM6.GLBX,GLBX-1-240,MESM6.GLBX-OracleStrategy-000,GLBX-001,GLBX-1-240,MARKET,BUY,1,GTC,True,False,1,TAKER,6651.5,0.0,['0.00 USD'],NO_TRIGGER,FILLED,NO_CONTINGENCY,,,,MY_GENERIC_ALGO,,O-20260309-025458-001-000-310,,03022ce4-6ba6-4f56-8e8e-16fe97441669,2026-03-09 02:54:58.232550779+00:00,2026-03-09 02:54:58.232550779+00:00
BACKTESTER-001,OracleStrategy-000,MESM6.GLBX,GLBX-1-241,MESM6.GLBX-OracleStrategy-000,GLBX-001,GLBX-1-241,MARKET,BUY,1,GTC,False,False,1,TAKER,6651.5,0.0,['0.00 USD'],NO_TRIGGER,FILLED,NO_CONTINGENCY,,,,MY_GENERIC_ALGO,,O-20260309-025458-001-000-311,,2af7ffd6-8c85-44ed-9086-070c87f3ebdb,2026-03-09 02:54:58.232550779+00:00,2026-03-09 02:54:58.232550779+00:00
BACKTESTER-001,OracleStrategy-000,MESM6.GLBX,GLBX-1-242,MESM6.GLBX-OracleStrategy-000,GLBX-001,GLBX-1-242,MARKET,SELL,1,GTC,True,False,1,TAKER,6656.5,0.0,['0.00 USD'],NO_TRIGGER,FILLED,NO_CONTINGENCY,,,,MY_GENERIC_ALGO,,O-20260309-025528-001-000-312,,7be40be9-dd90-4d74-9278-ae35b9e62065,2026-03-09 02:55:28.192923759+00:00,2026-03-09 02:55:28.192923759+00:00
BACKTESTER-001,OracleStrategy-000,MESM6.GLBX,GLBX-1-243,MESM6.GLBX-OracleStrategy-000,GLBX-001,GLBX-1-243,MARKET,SELL,1,GTC,False,False,1,TAKER,6656.5,0.0,['0.00 USD'],NO_TRIGGER,FILLED,NO_CONTINGENCY,,,,MY_GENERIC_ALGO,,O-20260309-025528-001-000-313,,31752054-f697-4c07-b7a6-52481c359340,2026-03-09 02:55:28.192923759+00:00,2026-03-09 02:55:28.192923759+00:00
BACKTESTER-001,OracleStrategy-000,MESM6.GLBX,GLBX-1-244,MESM6.GLBX-OracleStrategy-000,GLBX-001,GLBX-1-244,MARKET,BUY,1,GTC,True,False,1,TAKER,6655.25,0.0,['0.00 USD'],NO_TRIGGER,FILLED,NO_CONTINGENCY,,,,MY_GENERIC_ALGO,,O-20260309-025619-001-000-314,,db641d02-8340-4f24-8819-a8d88ed3e5e7,2026-03-09 02:56:19.190285786+00:00,2026-03-09 02:56:19.190285786+00:00
BACKTESTER-001,OracleStrategy-000,MESM6.GLBX,GLBX-1-245,MESM6.GLBX-OracleStrategy-000,GLBX-001,GLBX-1-245,MARKET,BUY,1,GTC,False,False,1,TAKER,6655.25,0.0,['0.00 USD'],NO_TRIGGER,FILLED,NO_CONTINGENCY,,,,MY_GENERIC_ALGO,,O-20260309-025619-001-000-315,,6045e3da-5f25-429c-bf8f-f2f56ddf46e2,2026-03-09 02:56:19.190285786+00:00,2026-03-09 02:56:19.190285786+00:00
BACKTESTER-001,OracleStrategy-000,MESM6.GLBX,GLBX-1-246,MESM6.GLBX-OracleStrategy-000,GLBX-001,GLBX-1-246,MARKET,SELL,1,GTC,True,False,1,TAKER,6655.0,0.0,['0.00 USD'],NO_TRIGGER,FILLED,NO_CONTINGENCY,,,,MY_GENERIC_ALGO,,O-20260309-025648-001-000-316,,83f6ac80-696a-456e-bdef-d4ab244e2cd6,2026-03-09 02:56:48.005518911+00:00,2026-03-09 02:56:48.005518911+00:00
BACKTESTER-001,OracleStrategy-000,MESM6.GLBX,GLBX-1-247,MESM6.GLBX-OracleStrategy-000,GLBX-001,GLBX-1-247,MARKET,SELL,1,GTC,False,False,1,TAKER,6655.0,0.0,['0.00 USD'],NO_TRIGGER,FILLED,NO_CONTINGENCY,,,,MY_GENERIC_ALGO,,O-20260309-025648-001-000-317,,5f626f03-6f40-49b1-9f7b-f8913c077bad,2026-03-09 02:56:48.005518911+00:00,2026-03-09 02:56:48.005518911+00:00
BACKTESTER-001,OracleStrategy-000,MESM6.GLBX,GLBX-1-248,MESM6.GLBX-OracleStrategy-000,GLBX-001,GLBX-1-248,MARKET,BUY,1,GTC,True,False,1,TAKER,6653.25,0.0,['0.00 USD'],NO_TRIGGER,FILLED,NO_CONTINGENCY,,,,MY_GENERIC_ALGO,,O-20260309-025729-001-000-318,,ab45a088-aadd-42be-ae05-d0f01be9cae1,2026-03-09 02:57:29.354448543+00:00,2026-03-09 02:57:29.354448543+00:00
BACKTESTER-001,OracleStrategy-000,MESM6.GLBX,GLBX-1-249,MESM6.GLBX-OracleStrategy-000,GLBX-001,GLBX-1-249,MARKET,BUY,1,GTC,False,False,1,TAKER,6653.25,0.0,['0.00 USD'],NO_TRIGGER,FILLED,NO_CONTINGENCY,,,,MY_GENERIC_ALGO,,O-20260309-025729-001-000-319,,eacffe29-385b-4221-a6e9-a83bd662642c,2026-03-09 02:57:29.354448543+00:00,2026-03-09 02:57:29.354448543+00:00
BACKTESTER-001,OracleStrategy-000,MESM6.GLBX,GLBX-1-250,MESM6.GLBX-OracleStrategy-000,GLBX-001,GLBX-1-250,MARKET,SELL,1,GTC,True,False,1,TAKER,6654.0,0.0,['0.00 USD'],NO_TRIGGER,FILLED,NO_CONTINGENCY,,,,MY_GENERIC_ALGO,,O-20260309-025739-001-000-320,,dd28e74d-93c2-4eee-b0c8-047ce641d013,2026-03-09 02:57:39.084443218+00:00,2026-03-09 02:57:39.084443218+00:00
BACKTESTER-001,OracleStrategy-000,MESM6.GLBX,GLBX-1-251,MESM6.GLBX-OracleStrategy-000,GLBX-001,GLBX-1-251,MARKET,SELL,1,GTC,False,False,1,TAKER,6654.0,0.0,['0.00 USD'],NO_TRIGGER,FILLED,NO_CONTINGENCY,,,,MY_GENERIC_ALGO,,O-20260309-025739-001-000-321,,d42c8baa-7aa2-4413-afd2-c43995f0b7b0,2026-03-09 02:57:39.084443218+00:00,2026-03-09 02:57:39.084443218+00:00
BACKTESTER-001,OracleStrategy-000,MESM6.GLBX,GLBX-1-252,MESM6.GLBX-OracleStrategy-000,GLBX-001,GLBX-1-252,MARKET,BUY,1,GTC,True,False,1,TAKER,6652.75,0.0,['0.00 USD'],NO_TRIGGER,FILLED,NO_CONTINGENCY,,,,MY_GENERIC_ALGO,,O-20260309-025836-001-000-322,,72979d28-216d-405d-97fe-9d3fcfa45f39,2026-03-09 02:58:36.709648362+00:00,2026-03-09 02:58:36.709648362+00:00
BACKTESTER-001,OracleStrategy-000,MESM6.GLBX,GLBX-1-253,MESM6.GLBX-OracleStrategy-000,GLBX-001,GLBX-1-253,MARKET,BUY,1,GTC,False,False,1,TAKER,6652.75,0.0,['0.00 USD'],NO_TRIGGER,FILLED,NO_CONTINGENCY,,,,MY_GENERIC_ALGO,,O-20260309-025836-001-000-323,,e55418d3-3d32-4bc3-8fa8-9aeab3fc0084,2026-03-09 02:58:36.709648362+00:00,2026-03-09 02:58:36.709648362+00:00
BACKTESTER-001,OracleStrategy-000,MESM6.GLBX,GLBX-1-254,MESM6.GLBX-OracleStrategy-000,GLBX-001,GLBX-1-254,MARKET,SELL,1,GTC,True,False,1,TAKER,6653.5,0.0,['0.00 USD'],NO_TRIGGER,FILLED,NO_CONTINGENCY,,,,MY_GENERIC_ALGO,,O-20260309-025913-001-000-324,,934ce817-6851-469c-a474-793abdddb0c0,2026-03-09 02:59:13.715753884+00:00,2026-03-09 02:59:13.715753884+00:00
BACKTESTER-001,OracleStrategy-000,MESM6.GLBX,GLBX-1-255,MESM6.GLBX-OracleStrategy-000,GLBX-001,GLBX-1-255,MARKET,SELL,1,GTC,False,False,1,TAKER,6653.5,0.0,['0.00 USD'],NO_TRIGGER,FILLED,NO_CONTINGENCY,,,,MY_GENERIC_ALGO,,O-20260309-025913-001-000-325,,c1d0fdaa-2ed6-440e-9555-99bce6960561,2026-03-09 02:59:13.715753884+00:00,2026-03-09 02:59:13.715753884+00:00
BACKTESTER-001,OracleStrategy-000,MESM6.GLBX,GLBX-1-256,MESM6.GLBX-OracleStrategy-000,GLBX-001,GLBX-1-256,MARKET,BUY,1,GTC,True,False,1,TAKER,6651.5,0.0,['0.00 USD'],NO_TRIGGER,FILLED,NO_CONTINGENCY,,,,MY_GENERIC_ALGO,,O-20260309-030001-001-000-326,,21a7d684-47d3-4b4b-9b4f-0702f472974b,2026-03-09 03:00:01.469982738+00:00,2026-03-09 03:00:01.469982738+00:00
BACKTESTER-001,OracleStrategy-000,MESM6.GLBX,GLBX-1-257,MESM6.GLBX-OracleStrategy-000,GLBX-001,GLBX-1-257,MARKET,BUY,1,GTC,False,False,1,TAKER,6651.5,0.0,['0.00 USD'],NO_TRIGGER,FILLED,NO_CONTINGENCY,,,,MY_GENERIC_ALGO,,O-20260309-030010-001-000-328,,ae93a9ab-487b-4c2f-9748-314673466141,2026-03-09 03:00:10.813526626+00:00,2026-03-09 03:00:10.813526626+00:00
BACKTESTER-001,OracleStrategy-000,MESM6.GLBX,GLBX-1-258,MESM6.GLBX-OracleStrategy-000,GLBX-001,GLBX-1-258,MARKET,SELL,1,GTC,True,False,1,TAKER,6653.75,0.0,['0.00 USD'],NO_TRIGGER,FILLED,NO_CONTINGENCY,,,,MY_GENERIC_ALGO,,O-20260309-030027-001-000-329,,298555d1-2a59-4e49-aead-9999f28b31a1,2026-03-09 03:00:27.497326575+00:00,2026-03-09 03:00:27.497326575+00:00
BACKTESTER-001,OracleStrategy-000,MESM6.GLBX,GLBX-1-259,MESM6.GLBX-OracleStrategy-000,GLBX-001,GLBX-1-259,MARKET,BUY,1,GTC,False,False,1,TAKER,6654.0,0.0,['0.00 USD'],NO_TRIGGER,FILLED,NO_CONTINGENCY,,,,MY_GENERIC_ALGO,,O-20260309-030102-001-000-332,,955e37f7-ac05-4223-af7e-5e20b9ecfccf,2026-03-09 03:01:02.524138376+00:00,2026-03-09 03:01:02.524138376+00:00
BACKTESTER-001,OracleStrategy-000,MESM6.GLBX,GLBX-1-260,MESM6.GLBX-OracleStrategy-000,GLBX-001,GLBX-1-260,MARKET,SELL,1,GTC,True,False,1,TAKER,6656.25,0.0,['0.00 USD'],NO_TRIGGER,FILLED,NO_CONTINGENCY,,,,MY_GENERIC_ALGO,,O-20260309-030140-001-000-333,,996e3e5c-4a74-403b-be32-36218f256838,2026-03-09 03:01:40.029438629+00:00,2026-03-09 03:01:40.029438629+00:00
BACKTESTER-001,OracleStrategy-000,MESM6.GLBX,GLBX-1-261,MESM6.GLBX-OracleStrategy-000,GLBX-001,GLBX-1-261,MARKET,SELL,1,GTC,False,False,1,TAKER,6656.25,0.0,['0.00 USD'],NO_TRIGGER,FILLED,NO_CONTINGENCY,,,,MY_GENERIC_ALGO,,O-20260309-030140-001-000-334,,3472c3a4-df0c-44a3-a80c-1de629cadd85,2026-03-09 03:01:40.029438629+00:00,2026-03-09 03:01:40.029438629+00:00
BACKTESTER-001,OracleStrategy-000,MESM6.GLBX,GLBX-1-262,MESM6.GLBX-OracleStrategy-000,GLBX-001,GLBX-1-262,MARKET,BUY,1,GTC,True,False,1,TAKER,6654.75,0.0,['0.00 USD'],NO_TRIGGER,FILLED,NO_CONTINGENCY,,,,MY_GENERIC_ALGO,,O-20260309-030421-001-000-335,,4ea671a9-888a-4df1-9e1a-ddf943a26864,2026-03-09 03:04:21.906456336+00:00,2026-03-09 03:04:21.906456336+00:00
BACKTESTER-001,OracleStrategy-000,MESM6.GLBX,GLBX-1-263,MESM6.GLBX-OracleStrategy-000,GLBX-001,GLBX-1-263,MARKET,BUY,1,GTC,False,False,1,TAKER,6654.75,0.0,['0.00 USD'],NO_TRIGGER,FILLED,NO_CONTINGENCY,,,,MY_GENERIC_ALGO,,O-20260309-030421-001-000-336,,0e69b606-6770-4651-9456-245eea0b669a,2026-03-09 03:04:21.906456336+00:00,2026-03-09 03:04:21.906456336+00:00
BACKTESTER-001,OracleStrategy-000,MESM6.GLBX,GLBX-1-264,MESM6.GLBX-OracleStrategy-000,GLBX-001,GLBX-1-264,MARKET,SELL,1,GTC,True,False,1,TAKER,6654.5,0.0,['0.00 USD'],NO_TRIGGER,FILLED,NO_CONTINGENCY,,,,MY_GENERIC_ALGO,,O-20260309-030626-001-000-337,,cfb02a72-06a0-49fe-9654-8495196b33a4,2026-03-09 03:06:26.785546925+00:00,2026-03-09 03:06:26.785546925+00:00
BACKTESTER-001,OracleStrategy-000,MESM6.GLBX,GLBX-1-265,MESM6.GLBX-OracleStrategy-000,GLBX-001,GLBX-1-265,MARKET,BUY,1,GTC,False,False,1,TAKER,6655.25,0.0,['0.00 USD'],NO_TRIGGER,FILLED,NO_CONTINGENCY,,,,MY_GENERIC_ALGO,,O-20260309-030707-001-000-340,,e6167040-ecb3-4e25-8049-2ec0fee29850,2026-03-09 03:07:07.002625579+00:00,2026-03-09 03:07:07.002625579+00:00
BACKTESTER-001,OracleStrategy-000,MESM6.GLBX,GLBX-1-266,MESM6.GLBX-OracleStrategy-000,GLBX-001,GLBX-1-266,MARKET,SELL,1,GTC,True,False,1,TAKER,6656.25,0.0,['0.00 USD'],NO_TRIGGER,FILLED,NO_CONTINGENCY,,,,MY_GENERIC_ALGO,,O-20260309-030756-001-000-341,,0df58264-2e8d-426a-b871-2f85d0901b85,2026-03-09 03:07:56.052404797+00:00,2026-03-09 03:07:56.052404797+00:00
BACKTESTER-001,OracleStrategy-000,MESM6.GLBX,GLBX-1-267,MESM6.GLBX-OracleStrategy-000,GLBX-001,GLBX-1-267,MARKET,SELL,1,GTC,False,False,1,TAKER,6656.25,0.0,['0.00 USD'],NO_TRIGGER,FILLED,NO_CONTINGENCY,,,,MY_GENERIC_ALGO,,O-20260309-030756-001-000-342,,bbb57d81-8726-4b48-8e95-c4aa848e60f5,2026-03-09 03:07:56.052404797+00:00,2026-03-09 03:07:56.052404797+00:00
BACKTESTER-001,OracleStrategy-000,MESM6.GLBX,GLBX-1-268,MESM6.GLBX-OracleStrategy-000,GLBX-001,GLBX-1-268,MARKET,BUY,1,GTC,True,False,1,TAKER,6656.0,0.0,['0.00 USD'],NO_TRIGGER,FILLED,NO_CONTINGENCY,,,,MY_GENERIC_ALGO,,O-20260309-030824-001-000-343,,3b779a0f-bba9-4a67-a848-f855265630d9,2026-03-09 03:08:24.508927647+00:00,2026-03-09 03:08:24.508927647+00:00
BACKTESTER-001,OracleStrategy-000,MESM6.GLBX,GLBX-1-269,MESM6.GLBX-OracleStrategy-000,GLBX-001,GLBX-1-269,MARKET,BUY,1,GTC,False,False,1,TAKER,6656.0,0.0,['0.00 USD'],NO_TRIGGER,FILLED,NO_CONTINGENCY,,,,MY_GENERIC_ALGO,,O-20260309-030824-001-000-344,,32a80700-eb7b-4ec8-acdd-d3d557f5ed2d,2026-03-09 03:08:24.508927647+00:00,2026-03-09 03:08:24.508927647+00:00
BACKTESTER-001,OracleStrategy-000,MESM6.GLBX,GLBX-1-270,MESM6.GLBX-OracleStrategy-000,GLBX-001,GLBX-1-270,MARKET,SELL,1,GTC,True,False,1,TAKER,6658.0,0.0,['0.00 USD'],NO_TRIGGER,FILLED,NO_CONTINGENCY,,,,MY_GENERIC_ALGO,,O-20260309-030903-001-000-345,,1db3aef5-3175-45cc-a0a5-1697dd89122f,2026-03-09 03:09:03.519685173+00:00,2026-03-09 03:09:03.519685173+00:00
BACKTESTER-001,OracleStrategy-000,MESM6.GLBX,GLBX-1-271,MESM6.GLBX-OracleStrategy-000,GLBX-001,GLBX-1-271,MARKET,SELL,1,GTC,False,False,1,TAKER,6658.0,0.0,['0.00 USD'],NO_TRIGGER,FILLED,NO_CONTINGENCY,,,,MY_GENERIC_ALGO,,O-20260309-030903-001-000-346,,c1d8833f-03a3-4ef2-a782-ca6a49b6a27a,2026-03-09 03:09:03.519685173+00:00,2026-03-09 03:09:03.519685173+00:00
BACKTESTER-001,OracleStrategy-000,MESM6.GLBX,GLBX-1-272,MESM6.GLBX-OracleStrategy-000,GLBX-001,GLBX-1-272,MARKET,BUY,1,GTC,True,False,1,TAKER,6655.75,0.0,['0.00 USD'],NO_TRIGGER,FILLED,NO_CONTINGENCY,,,,MY_GENERIC_ALGO,,O-20260309-031219-001-000-347,,ae28c85e-9105-4b49-b1c1-87979bf5b68f,2026-03-09 03:12:19.664521234+00:00,2026-03-09 03:12:19.664521234+00:00
BACKTESTER-001,OracleStrategy-000,MESM6.GLBX,GLBX-1-273,MESM6.GLBX-OracleStrategy-000,GLBX-001,GLBX-1-273,MARKET,BUY,1,GTC,False,False,1,TAKER,6655.75,0.0,['0.00 USD'],NO_TRIGGER,FILLED,NO_CONTINGENCY,,,,MY_GENERIC_ALGO,,O-20260309-031219-001-000-348,,ec8db245-a66f-456a-8ed0-f0f5958fc133,2026-03-09 03:12:19.664521234+00:00,2026-03-09 03:12:19.664521234+00:00
BACKTESTER-001,OracleStrategy-000,MESM6.GLBX,GLBX-1-274,MESM6.GLBX-OracleStrategy-000,GLBX-001,GLBX-1-274,MARKET,SELL,1,GTC,True,False,1,TAKER,6656.0,0.0,['0.00 USD'],NO_TRIGGER,FILLED,NO_CONTINGENCY,,,,MY_GENERIC_ALGO,,O-20260309-031225-001-000-349,,7914ab06-30b4-4336-ad5c-3be0a6aba534,2026-03-09 03:12:25.027457811+00:00,2026-03-09 03:12:25.027457811+00:00
BACKTESTER-001,OracleStrategy-000,MESM6.GLBX,GLBX-1-275,MESM6.GLBX-OracleStrategy-000,GLBX-001,GLBX-1-275,MARKET,SELL,1,GTC,False,False,1,TAKER,6656.0,0.0,['0.00 USD'],NO_TRIGGER,FILLED,NO_CONTINGENCY,,,,MY_GENERIC_ALGO,,O-20260309-031225-001-000-350,,2cd54cb5-bf4b-48bc-92d8-a721ed4eef43,2026-03-09 03:12:25.027457811+00:00,2026-03-09 03:12:25.027457811+00:00
BACKTESTER-001,OracleStrategy-000,MESM6.GLBX,GLBX-1-276,MESM6.GLBX-OracleStrategy-000,GLBX-001,GLBX-1-276,MARKET,BUY,1,GTC,True,False,1,TAKER,6655.75,0.0,['0.00 USD'],NO_TRIGGER,FILLED,NO_CONTINGENCY,,,,MY_GENERIC_ALGO,,O-20260309-031314-001-000-351,,8527bf9f-4d9b-4eac-bee7-a71c6784fd8b,2026-03-09 03:13:14.869066089+00:00,2026-03-09 03:13:14.869066089+00:00
BACKTESTER-001,OracleStrategy-000,MESM6.GLBX,GLBX-1-277,MESM6.GLBX-OracleStrategy-000,GLBX-001,GLBX-1-277,MARKET,BUY,1,GTC,False,False,1,TAKER,6655.75,0.0,['0.00 USD'],NO_TRIGGER,FILLED,NO_CONTINGENCY,,,,MY_GENERIC_ALGO,,O-20260309-031314-001-000-352,,f887cba3-6dc0-4cfc-b1de-ea93dba7b60b,2026-03-09 03:13:14.869066089+00:00,2026-03-09 03:13:14.869066089+00:00
BACKTESTER-001,OracleStrategy-000,MESM6.GLBX,GLBX-1-278,MESM6.GLBX-OracleStrategy-000,GLBX-001,GLBX-1-278,MARKET,SELL,1,GTC,True,False,1,TAKER,6658.25,0.0,['0.00 USD'],NO_TRIGGER,FILLED,NO_CONTINGENCY,,,,MY_GENERIC_ALGO,,O-20260309-031500-001-000-353,,f1383a8f-902e-49c2-8083-f5c5efe410d5,2026-03-09 03:15:00.721947064+00:00,2026-03-09 03:15:00.721947064+00:00
BACKTESTER-001,OracleStrategy-000,MESM6.GLBX,GLBX-1-279,MESM6.GLBX-OracleStrategy-000,GLBX-001,GLBX-1-279,MARKET,SELL,1,GTC,False,False,1,TAKER,6658.25,0.0,['0.00 USD'],NO_TRIGGER,FILLED,NO_CONTINGENCY,,,,MY_GENERIC_ALGO,,O-20260309-031500-001-000-354,,fb63f40c-9fcd-4524-8cf2-4b78830dadcd,2026-03-09 03:15:00.721947064+00:00,2026-03-09 03:15:00.721947064+00:00
BACKTESTER-001,OracleStrategy-000,MESM6.GLBX,GLBX-1-280,MESM6.GLBX-OracleStrategy-000,GLBX-001,GLBX-1-280,MARKET,BUY,1,GTC,True,False,1,TAKER,6657.25,0.0,['0.00 USD'],NO_TRIGGER,FILLED,NO_CONTINGENCY,,,,MY_GENERIC_ALGO,,O-20260309-031527-001-000-355,,b6b4a2c6-d28a-41a3-8283-b7aaa49fd1c3,2026-03-09 03:15:27.019430981+00:00,2026-03-09 03:15:27.019430981+00:00
BACKTESTER-001,OracleStrategy-000,MESM6.GLBX,GLBX-1-281,MESM6.GLBX-OracleStrategy-000,GLBX-001,GLBX-1-281,MARKET,BUY,1,GTC,False,False,1,TAKER,6657.25,0.0,['0.00 USD'],NO_TRIGGER,FILLED,NO_CONTINGENCY,,,,MY_GENERIC_ALGO,,O-20260309-031527-001-000-356,,78eec9ff-8365-48f2-8fcc-96fcb3dbacca,2026-03-09 03:15:27.019430981+00:00,2026-03-09 03:15:27.019430981+00:00
BACKTESTER-001,OracleStrategy-000,MESM6.GLBX,GLBX-1-282,MESM6.GLBX-OracleStrategy-000,GLBX-001,GLBX-1-282,MARKET,SELL,1,GTC,True,False,1,TAKER,6659.25,0.0,['0.00 USD'],NO_TRIGGER,FILLED,NO_CONTINGENCY,,,,MY_GENERIC_ALGO,,O-20260309-031747-001-000-357,,be465189-2371-4eef-b7a0-596a538d0720,2026-03-09 03:17:47.619338181+00:00,2026-03-09 03:17:47.619338181+00:00
BACKTESTER-001,OracleStrategy-000,MESM6.GLBX,GLBX-1-283,MESM6.GLBX-OracleStrategy-000,GLBX-001,GLBX-1-283,MARKET,SELL,1,GTC,False,False,1,TAKER,6659.25,0.0,['0.00 USD'],NO_TRIGGER,FILLED,NO_CONTINGENCY,,,,MY_GENERIC_ALGO,,O-20260309-031747-001-000-358,,18dba642-54a0-4708-89fb-234dcc212da7,2026-03-09 03:17:47.619338181+00:00,2026-03-09 03:17:47.619338181+00:00
BACKTESTER-001,OracleStrategy-000,MESM6.GLBX,GLBX-1-284,MESM6.GLBX-OracleStrategy-000,GLBX-001,GLBX-1-284,MARKET,BUY,1,GTC,True,False,1,TAKER,6657.25,0.0,['0.00 USD'],NO_TRIGGER,FILLED,NO_CONTINGENCY,,,,MY_GENERIC_ALGO,,O-20260309-031945-001-000-359,,b6ac493b-361d-4691-8b2e-55932fb84903,2026-03-09 03:19:45.344245256+00:00,2026-03-09 03:19:45.344245256+00:00
BACKTESTER-001,OracleStrategy-000,MESM6.GLBX,GLBX-1-285,MESM6.GLBX-OracleStrategy-000,GLBX-001,GLBX-1-285,MARKET,BUY,1,GTC,False,False,1,TAKER,6656.25,0.0,['0.00 USD'],NO_TRIGGER,FILLED,NO_CONTINGENCY,,,,MY_GENERIC_ALGO,,O-20260309-031956-001-000-361,,648d5083-7a59-4c63-ae9b-25ca32d66bfb,2026-03-09 03:19:56.939321842+00:00,2026-03-09 03:19:56.939321842+00:00
BACKTESTER-001,OracleStrategy-000,MESM6.GLBX,GLBX-1-286,MESM6.GLBX-OracleStrategy-000,GLBX-001,GLBX-1-286,MARKET,SELL,1,GTC,True,False,1,TAKER,6656.0,0.0,['0.00 USD'],NO_TRIGGER,FILLED,NO_CONTINGENCY,,,,MY_GENERIC_ALGO,,O-20260309-032012-001-000-362,,2a2e85d2-daca-47bd-ac58-b733b9400022,2026-03-09 03:20:12.753223295+00:00,2026-03-09 03:20:12.753223295+00:00
BACKTESTER-001,OracleStrategy-000,MESM6.GLBX,GLBX-1-287,MESM6.GLBX-OracleStrategy-000,GLBX-001,GLBX-1-287,MARKET,SELL,1,GTC,False,False,1,TAKER,6656.0,0.0,['0.00 USD'],NO_TRIGGER,FILLED,NO_CONTINGENCY,,,,MY_GENERIC_ALGO,,O-20260309-032012-001-000-363,,76bca355-372a-4616-b488-7e451ee2724b,2026-03-09 03:20:12.753223295+00:00,2026-03-09 03:20:12.753223295+00:00
BACKTESTER-001,OracleStrategy-000,MESM6.GLBX,GLBX-1-288,MESM6.GLBX-OracleStrategy-000,GLBX-001,GLBX-1-288,MARKET,BUY,1,GTC,True,False,1,TAKER,6656.75,0.0,['0.00 USD'],NO_TRIGGER,FILLED,NO_CONTINGENCY,,,,MY_GENERIC_ALGO,,O-20260309-032057-001-000-364,,375ee678-880c-49bd-a451-f9a62db48e12,2026-03-09 03:20:57.773836691+00:00,2026-03-09 03:20:57.773836691+00:00
BACKTESTER-001,OracleStrategy-000,MESM6.GLBX,GLBX-1-289,MESM6.GLBX-OracleStrategy-000,GLBX-001,GLBX-1-289,MARKET,BUY,1,GTC,False,False,1,TAKER,6655.0,0.0,['0.00 USD'],NO_TRIGGER,FILLED,NO_CONTINGENCY,,,,MY_GENERIC_ALGO,,O-20260309-032349-001-000-369,,0ee788a1-c157-4445-9a6e-978a2ef16fd8,2026-03-09 03:23:49.741400271+00:00,2026-03-09 03:23:49.741400271+00:00
BACKTESTER-001,OracleStrategy-000,MESM6.GLBX,GLBX-1-290,MESM6.GLBX-OracleStrategy-000,GLBX-001,GLBX-1-290,MARKET,SELL,1,GTC,True,False,1,TAKER,6656.0,0.0,['0.00 USD'],NO_TRIGGER,FILLED,NO_CONTINGENCY,,,,MY_GENERIC_ALGO,,O-20260309-032428-001-000-370,,453ca8da-c4dc-4d34-abf7-8bcd182b89ba,2026-03-09 03:24:28.300031997+00:00,2026-03-09 03:24:28.300031997+00:00
BACKTESTER-001,OracleStrategy-000,MESM6.GLBX,GLBX-1-291,MESM6.GLBX-OracleStrategy-000,GLBX-001,GLBX-1-291,MARKET,SELL,1,GTC,False,False,1,TAKER,6655.0,0.0,['0.00 USD'],NO_TRIGGER,FILLED,NO_CONTINGENCY,,,,MY_GENERIC_ALGO,,O-20260309-032630-001-000-373,,cf14dab2-51ad-4e36-85d5-5409cb72d1e6,2026-03-09 03:26:30.807071429+00:00,2026-03-09 03:26:30.807071429+00:00
BACKTESTER-001,OracleStrategy-000,MESM6.GLBX,GLBX-1-292,MESM6.GLBX-OracleStrategy-000,GLBX-001,GLBX-1-292,MARKET,BUY,1,GTC,True,False,1,TAKER,6653.0,0.0,['0.00 USD'],NO_TRIGGER,FILLED,NO_CONTINGENCY,,,,MY_GENERIC_ALGO,,O-20260309-032852-001-000-374,,3d3356f0-d2e9-482c-94de-d725381f3521,2026-03-09 03:28:52.852937658+00:00,2026-03-09 03:28:52.852937658+00:00
BACKTESTER-001,OracleStrategy-000,MESM6.GLBX,GLBX-1-293,MESM6.GLBX-OracleStrategy-000,GLBX-001,GLBX-1-293,MARKET,BUY,1,GTC,False,False,1,TAKER,6653.0,0.0,['0.00 USD'],NO_TRIGGER,FILLED,NO_CONTINGENCY,,,,MY_GENERIC_ALGO,,O-20260309-032852-001-000-375,,4a04731d-bcf7-4aad-902a-13301285b4cc,2026-03-09 03:28:52.852937658+00:00,2026-03-09 03:28:52.852937658+00:00
BACKTESTER-001,OracleStrategy-000,MESM6.GLBX,GLBX-1-294,MESM6.GLBX-OracleStrategy-000,GLBX-001,GLBX-1-294,MARKET,SELL,1,GTC,True,False,1,TAKER,6654.75,0.0,['0.00 USD'],NO_TRIGGER,FILLED,NO_CONTINGENCY,,,,MY_GENERIC_ALGO,,O-20260309-033002-001-000-376,,9552bfde-fb5f-40fc-8359-6616093c0ef7,2026-03-09 03:30:02.246267503+00:00,2026-03-09 03:30:02.246267503+00:00
BACKTESTER-001,OracleStrategy-000,MESM6.GLBX,GLBX-1-295,MESM6.GLBX-OracleStrategy-000,GLBX-001,GLBX-1-295,MARKET,SELL,1,GTC,False,False,1,TAKER,6654.75,0.0,['0.00 USD'],NO_TRIGGER,FILLED,NO_CONTINGENCY,,,,MY_GENERIC_ALGO,,O-20260309-033002-001-000-377,,7d690203-6d1f-4ff7-ab6c-99f48fc92adb,2026-03-09 03:30:02.246267503+00:00,2026-03-09 03:30:02.246267503+00:00
BACKTESTER-001,OracleStrategy-000,MESM6.GLBX,GLBX-1-296,MESM6.GLBX-OracleStrategy-000,GLBX-001,GLBX-1-296,MARKET,BUY,1,GTC,True,False,1,TAKER,6651.75,0.0,['0.00 USD'],NO_TRIGGER,FILLED,NO_CONTINGENCY,,,,MY_GENERIC_ALGO,,O-20260309-033048-001-000-378,,16b258ad-c8e9-4553-bfa3-401f3f9dcf57,2026-03-09 03:30:48.116579815+00:00,2026-03-09 03:30:48.116579815+00:00
BACKTESTER-001,OracleStrategy-000,MESM6.GLBX,GLBX-1-297,MESM6.GLBX-OracleStrategy-000,GLBX-001,GLBX-1-297,MARKET,BUY,1,GTC,False,False,1,TAKER,6651.75,0.0,['0.00 USD'],NO_TRIGGER,FILLED,NO_CONTINGENCY,,,,MY_GENERIC_ALGO,,O-20260309-033048-001-000-379,,25e4e3f9-26f3-4554-ba01-fc5d074cd8cc,2026-03-09 03:30:48.116579815+00:00,2026-03-09 03:30:48.116579815+00:00
BACKTESTER-001,OracleStrategy-000,MESM6.GLBX,GLBX-1-298,MESM6.GLBX-OracleStrategy-000,GLBX-001,GLBX-1-298,MARKET,SELL,1,GTC,True,False,1,TAKER,6661.5,0.0,['0.00 USD'],NO_TRIGGER,FILLED,NO_CONTINGENCY,,,,MY_GENERIC_ALGO,,O-20260309-033459-001-000-380,,87496056-5d6d-4bf1-9981-f2d64f772b0a,2026-03-09 03:34:59.868002359+00:00,2026-03-09 03:34:59.868002359+00:00
BACKTESTER-001,OracleStrategy-000,MESM6.GLBX,GLBX-1-299,MESM6.GLBX-OracleStrategy-000,GLBX-001,GLBX-1-299,MARKET,SELL,1,GTC,False,False,1,TAKER,6661.5,0.0,['0.00 USD'],NO_TRIGGER,FILLED,NO_CONTINGENCY,,,,MY_GENERIC_ALGO,,O-20260309-033459-001-000-381,,920b6a3e-7fa8-4f9f-8e2a-415966afe0a6,2026-03-09 03:34:59.868002359+00:00,2026-03-09 03:34:59.868002359+00:00
BACKTESTER-001,OracleStrategy-000,MESM6.GLBX,GLBX-1-300,MESM6.GLBX-OracleStrategy-000,GLBX-001,GLBX-1-300,MARKET,BUY,1,GTC,True,False,1,TAKER,6658.5,0.0,['0.00 USD'],NO_TRIGGER,FILLED,NO_CONTINGENCY,,,,MY_GENERIC_ALGO,,O-20260309-033647-001-000-382,,ce388d2c-4bdf-4e68-ac98-b1259df579db,2026-03-09 03:36:47.113124920+00:00,2026-03-09 03:36:47.113124920+00:00
BACKTESTER-001,OracleStrategy-000,MESM6.GLBX,GLBX-1-301,MESM6.GLBX-OracleStrategy-000,GLBX-001,GLBX-1-301,MARKET,BUY,1,GTC,False,False,1,TAKER,6658.5,0.0,['0.00 USD'],NO_TRIGGER,FILLED,NO_CONTINGENCY,,,,MY_GENERIC_ALGO,,O-20260309-033647-001-000-383,,0c4ab9ad-318f-41b9-b584-b25abfa76307,2026-03-09 03:36:47.113124920+00:00,2026-03-09 03:36:47.113124920+00:00
BACKTESTER-001,OracleStrategy-000,MESM6.GLBX,GLBX-1-302,MESM6.GLBX-OracleStrategy-000,GLBX-001,GLBX-1-302,MARKET,SELL,1,GTC,True,False,1,TAKER,6660.0,0.0,['0.00 USD'],NO_TRIGGER,FILLED,NO_CONTINGENCY,,,,MY_GENERIC_ALGO,,O-20260309-033829-001-000-384,,154aca9a-a0dc-4897-a287-40f28791e193,2026-03-09 03:38:29.896452199+00:00,2026-03-09 03:38:29.896452199+00:00
BACKTESTER-001,OracleStrategy-000,MESM6.GLBX,GLBX-1-303,MESM6.GLBX-OracleStrategy-000,GLBX-001,GLBX-1-303,MARKET,SELL,1,GTC,False,False,1,TAKER,6656.75,0.0,['0.00 USD'],NO_TRIGGER,FILLED,NO_CONTINGENCY,,,,MY_GENERIC_ALGO,,O-20260309-034018-001-000-386,,b7ef8a73-8347-4cda-8f26-45647afd742a,2026-03-09 03:40:18.199282623+00:00,2026-03-09 03:40:18.199282623+00:00
BACKTESTER-001,OracleStrategy-000,MESM6.GLBX,GLBX-1-304,MESM6.GLBX-OracleStrategy-000,GLBX-001,GLBX-1-304,MARKET,BUY,1,GTC,True,False,1,TAKER,6656.5,0.0,['0.00 USD'],NO_TRIGGER,FILLED,NO_CONTINGENCY,,,,MY_GENERIC_ALGO,,O-20260309-034024-001-000-387,,89b1c34b-3602-41de-ade6-efcc19ed1bb4,2026-03-09 03:40:24.047469656+00:00,2026-03-09 03:40:24.047469656+00:00
BACKTESTER-001,OracleStrategy-000,MESM6.GLBX,GLBX-1-305,MESM6.GLBX-OracleStrategy-000,GLBX-001,GLBX-1-305,MARKET,BUY,1,GTC,False,False,1,TAKER,6656.5,0.0,['0.00 USD'],NO_TRIGGER,FILLED,NO_CONTINGENCY,,,,MY_GENERIC_ALGO,,O-20260309-034024-001-000-388,,732a4832-83e1-4394-9fa5-be184d81e214,2026-03-09 03:40:24.047469656+00:00,2026-03-09 03:40:24.047469656+00:00
BACKTESTER-001,OracleStrategy-000,MESM6.GLBX,GLBX-1-306,MESM6.GLBX-OracleStrategy-000,GLBX-001,GLBX-1-306,MARKET,SELL,1,GTC,True,False,1,TAKER,6655.0,0.0,['0.00 USD'],NO_TRIGGER,FILLED,NO_CONTINGENCY,,,,MY_GENERIC_ALGO,,O-20260309-034124-001-000-389,,1909b8a4-a875-4c81-9b90-7e6f2939a1eb,2026-03-09 03:41:24.238988670+00:00,2026-03-09 03:41:24.238988670+00:00
BACKTESTER-001,OracleStrategy-000,MESM6.GLBX,GLBX-1-307,MESM6.GLBX-OracleStrategy-000,GLBX-001,GLBX-1-307,MARKET,SELL,1,GTC,False,False,1,TAKER,6655.0,0.0,['0.00 USD'],NO_TRIGGER,FILLED,NO_CONTINGENCY,,,,MY_GENERIC_ALGO,,O-20260309-034124-001-000-390,,69c180d2-0c00-4f28-83b6-b374105b8932,2026-03-09 03:41:24.238988670+00:00,2026-03-09 03:41:24.238988670+00:00
BACKTESTER-001,OracleStrategy-000,MESM6.GLBX,GLBX-1-308,MESM6.GLBX-OracleStrategy-000,GLBX-001,GLBX-1-308,MARKET,BUY,1,GTC,True,False,1,TAKER,6651.75,0.0,['0.00 USD'],NO_TRIGGER,FILLED,NO_CONTINGENCY,,,,MY_GENERIC_ALGO,,O-20260309-034310-001-000-391,,94564784-019a-4ec7-885b-45d857c95133,2026-03-09 03:43:10.759440156+00:00,2026-03-09 03:43:10.759440156+00:00
BACKTESTER-001,OracleStrategy-000,MESM6.GLBX,GLBX-1-309,MESM6.GLBX-OracleStrategy-000,GLBX-001,GLBX-1-309,MARKET,BUY,1,GTC,False,False,1,TAKER,6651.75,0.0,['0.00 USD'],NO_TRIGGER,FILLED,NO_CONTINGENCY,,,,MY_GENERIC_ALGO,,O-20260309-034310-001-000-392,,7255aa68-0736-45ba-a5ee-31c1944fc562,2026-03-09 03:43:10.759440156+00:00,2026-03-09 03:43:10.759440156+00:00
BACKTESTER-001,OracleStrategy-000,MESM6.GLBX,GLBX-1-310,MESM6.GLBX-OracleStrategy-000,GLBX-001,GLBX-1-310,MARKET,SELL,1,GTC,True,False,1,TAKER,6660.0,0.0,['0.00 USD'],NO_TRIGGER,FILLED,NO_CONTINGENCY,,,,MY_GENERIC_ALGO,,O-20260309-035229-001-000-393,,7a3360bd-21bd-4a61-8101-9cef45cbb0f7,2026-03-09 03:52:29.731228274+00:00,2026-03-09 03:52:29.731228274+00:00
BACKTESTER-001,OracleStrategy-000,MESM6.GLBX,GLBX-1-311,MESM6.GLBX-OracleStrategy-000,GLBX-001,GLBX-1-311,MARKET,SELL,1,GTC,False,False,1,TAKER,6660.0,0.0,['0.00 USD'],NO_TRIGGER,FILLED,NO_CONTINGENCY,,,,MY_GENERIC_ALGO,,O-20260309-035229-001-000-394,,438e34ca-1805-441d-a2ca-dd12b211f256,2026-03-09 03:52:29.731228274+00:00,2026-03-09 03:52:29.731228274+00:00
BACKTESTER-001,OracleStrategy-000,MESM6.GLBX,GLBX-1-312,MESM6.GLBX-OracleStrategy-000,GLBX-001,GLBX-1-312,MARKET,BUY,1,GTC,True,False,1,TAKER,6654.0,0.0,['0.00 USD'],NO_TRIGGER,FILLED,NO_CONTINGENCY,,,,MY_GENERIC_ALGO,,O-20260309-035521-001-000-395,,9ecdac8e-c417-4ef9-a1db-a49c3c18d570,2026-03-09 03:55:21.606292309+00:00,2026-03-09 03:55:21.606292309+00:00
BACKTESTER-001,OracleStrategy-000,MESM6.GLBX,GLBX-1-313,MESM6.GLBX-OracleStrategy-000,GLBX-001,GLBX-1-313,MARKET,BUY,1,GTC,False,False,1,TAKER,6654.0,0.0,['0.00 USD'],NO_TRIGGER,FILLED,NO_CONTINGENCY,,,,MY_GENERIC_ALGO,,O-20260309-035521-001-000-396,,1e50383b-df3d-4298-9f74-82fd2bfe6ffe,2026-03-09 03:55:21.606292309+00:00,2026-03-09 03:55:21.606292309+00:00
BACKTESTER-001,OracleStrategy-000,MESM6.GLBX,GLBX-1-314,MESM6.GLBX-OracleStrategy-000,GLBX-001,GLBX-1-314,MARKET,SELL,1,GTC,True,False,1,TAKER,6666.0,0.0,['0.00 USD'],NO_TRIGGER,FILLED,NO_CONTINGENCY,,,,MY_GENERIC_ALGO,,O-20260309-040227-001-000-397,,a8cc3460-8b02-4e02-8474-125d3a182f3a,2026-03-09 04:02:27.511339533+00:00,2026-03-09 04:02:27.511339533+00:00
BACKTESTER-001,OracleStrategy-000,MESM6.GLBX,GLBX-1-315,MESM6.GLBX-OracleStrategy-000,GLBX-001,GLBX-1-315,MARKET,SELL,1,GTC,False,False,1,TAKER,6666.0,0.0,['0.00 USD'],NO_TRIGGER,FILLED,NO_CONTINGENCY,,,,MY_GENERIC_ALGO,,O-20260309-040227-001-000-398,,60c0eafe-f3cc-4fdc-a60b-1ba4e05d1023,2026-03-09 04:02:27.511339533+00:00,2026-03-09 04:02:27.511339533+00:00
BACKTESTER-001,OracleStrategy-000,MESM6.GLBX,GLBX-1-316,MESM6.GLBX-OracleStrategy-000,GLBX-001,GLBX-1-316,MARKET,BUY,1,GTC,True,False,1,TAKER,6663.5,0.0,['0.00 USD'],NO_TRIGGER,FILLED,NO_CONTINGENCY,,,,MY_GENERIC_ALGO,,O-20260309-040339-001-000-399,,8115436b-b2cb-42cb-950c-7c3e91055ba3,2026-03-09 04:03:39.088324301+00:00,2026-03-09 04:03:39.088324301+00:00
BACKTESTER-001,OracleStrategy-000,MESM6.GLBX,GLBX-1-317,MESM6.GLBX-OracleStrategy-000,GLBX-001,GLBX-1-317,MARKET,BUY,1,GTC,False,False,1,TAKER,6663.5,0.0,['0.00 USD'],NO_TRIGGER,FILLED,NO_CONTINGENCY,,,,MY_GENERIC_ALGO,,O-20260309-040339-001-000-400,,fda2a389-a4cd-4a01-98d7-0b6cb00f6f95,2026-03-09 04:03:39.088324301+00:00,2026-03-09 04:03:39.088324301+00:00
BACKTESTER-001,OracleStrategy-000,MESM6.GLBX,GLBX-1-318,MESM6.GLBX-OracleStrategy-000,GLBX-001,GLBX-1-318,MARKET,SELL,1,GTC,True,False,1,TAKER,6668.5,0.0,['0.00 USD'],NO_TRIGGER,FILLED,NO_CONTINGENCY,,,,MY_GENERIC_ALGO,,O-20260309-040812-001-000-401,,029c6c0b-a715-4556-9441-7f3cf462f651,2026-03-09 04:08:12.597092967+00:00,2026-03-09 04:08:12.597092967+00:00
BACKTESTER-001,OracleStrategy-000,MESM6.GLBX,GLBX-1-319,MESM6.GLBX-OracleStrategy-000,GLBX-001,GLBX-1-319,MARKET,SELL,1,GTC,False,False,1,TAKER,6668.5,0.0,['0.00 USD'],NO_TRIGGER,FILLED,NO_CONTINGENCY,,,,MY_GENERIC_ALGO,,O-20260309-040812-001-000-402,,050d6d56-de85-43be-8ce2-05f6114d1051,2026-03-09 04:08:12.597092967+00:00,2026-03-09 04:08:12.597092967+00:00
BACKTESTER-001,OracleStrategy-000,MESM6.GLBX,GLBX-1-320,MESM6.GLBX-OracleStrategy-000,GLBX-001,GLBX-1-320,MARKET,BUY,1,GTC,True,False,1,TAKER,6666.0,0.0,['0.00 USD'],NO_TRIGGER,FILLED,NO_CONTINGENCY,,,,MY_GENERIC_ALGO,,O-20260309-040940-001-000-403,,4999b727-ddd3-4af4-92ab-ecb1296c15ad,2026-03-09 04:09:40.274665126+00:00,2026-03-09 04:09:40.274665126+00:00
BACKTESTER-001,OracleStrategy-000,MESM6.GLBX,GLBX-1-321,MESM6.GLBX-OracleStrategy-000,GLBX-001,GLBX-1-321,MARKET,BUY,1,GTC,False,False,1,TAKER,6666.0,0.0,['0.00 USD'],NO_TRIGGER,FILLED,NO_CONTINGENCY,,,,MY_GENERIC_ALGO,,O-20260309-040940-001-000-404,,f9cb71f7-c493-47c2-acba-129948669ada,2026-03-09 04:09:40.274665126+00:00,2026-03-09 04:09:40.274665126+00:00
BACKTESTER-001,OracleStrategy-000,MESM6.GLBX,GLBX-1-322,MESM6.GLBX-OracleStrategy-000,GLBX-001,GLBX-1-322,MARKET,SELL,1,GTC,True,False,1,TAKER,6666.5,0.0,['0.00 USD'],NO_TRIGGER,FILLED,NO_CONTINGENCY,,,,MY_GENERIC_ALGO,,O-20260309-040951-001-000-405,,f625d181-4268-467f-b69f-f7d14448480b,2026-03-09 04:09:51.234358928+00:00,2026-03-09 04:09:51.234358928+00:00
BACKTESTER-001,OracleStrategy-000,MESM6.GLBX,GLBX-1-323,MESM6.GLBX-OracleStrategy-000,GLBX-001,GLBX-1-323,MARKET,SELL,1,GTC,False,False,1,TAKER,6666.5,0.0,['0.00 USD'],NO_TRIGGER,FILLED,NO_CONTINGENCY,,,,MY_GENERIC_ALGO,,O-20260309-040951-001-000-406,,413b763c-fb87-4725-b231-9ea39848ef37,2026-03-09 04:09:51.234358928+00:00,2026-03-09 04:09:51.234358928+00:00
BACKTESTER-001,OracleStrategy-000,MESM6.GLBX,GLBX-1-324,MESM6.GLBX-OracleStrategy-000,GLBX-001,GLBX-1-324,MARKET,BUY,1,GTC,True,False,1,TAKER,6666.75,0.0,['0.00 USD'],NO_TRIGGER,FILLED,NO_CONTINGENCY,,,,MY_GENERIC_ALGO,,O-20260309-041010-001-000-407,,ccac7baf-b98c-4882-98f4-c679af802cfb,2026-03-09 04:10:10.099192779+00:00,2026-03-09 04:10:10.099192779+00:00
BACKTESTER-001,OracleStrategy-000,MESM6.GLBX,GLBX-1-325,MESM6.GLBX-OracleStrategy-000,GLBX-001,GLBX-1-325,MARKET,BUY,1,GTC,False,False,1,TAKER,6666.75,0.0,['0.00 USD'],NO_TRIGGER,FILLED,NO_CONTINGENCY,,,,MY_GENERIC_ALGO,,O-20260309-041010-001-000-408,,3c81c511-ac77-4095-95c7-53d8f9dc40ba,2026-03-09 04:10:10.099192779+00:00,2026-03-09 04:10:10.099192779+00:00
BACKTESTER-001,OracleStrategy-000,MESM6.GLBX,GLBX-1-326,MESM6.GLBX-OracleStrategy-000,GLBX-001,GLBX-1-326,MARKET,SELL,1,GTC,True,False,1,TAKER,6668.0,0.0,['0.00 USD'],NO_TRIGGER,FILLED,NO_CONTINGENCY,,,,MY_GENERIC_ALGO,,O-20260309-041124-001-000-409,,e25c31a1-bcaa-40e0-9a73-da4d1a9513ef,2026-03-09 04:11:24.286963240+00:00,2026-03-09 04:11:24.286963240+00:00
BACKTESTER-001,OracleStrategy-000,MESM6.GLBX,GLBX-1-327,MESM6.GLBX-OracleStrategy-000,GLBX-001,GLBX-1-327,MARKET,SELL,1,GTC,False,False,1,TAKER,6667.5,0.0,['0.00 USD'],NO_TRIGGER,FILLED,NO_CONTINGENCY,,,,MY_GENERIC_ALGO,,O-20260309-041144-001-000-411,,578ba65a-9061-44b3-9ad5-7f2fd8fc0590,2026-03-09 04:11:44.277502343+00:00,2026-03-09 04:11:44.277502343+00:00
BACKTESTER-001,OracleStrategy-000,MESM6.GLBX,GLBX-1-328,MESM6.GLBX-OracleStrategy-000,GLBX-001,GLBX-1-328,MARKET,BUY,1,GTC,True,False,1,TAKER,6660.0,0.0,['0.00 USD'],NO_TRIGGER,FILLED,NO_CONTINGENCY,,,,MY_GENERIC_ALGO,,O-20260309-041712-001-000-412,,6261da98-9223-4d93-95c2-31cb0167c671,2026-03-09 04:17:12.675399459+00:00,2026-03-09 04:17:12.675399459+00:00
BACKTESTER-001,OracleStrategy-000,MESM6.GLBX,GLBX-1-329,MESM6.GLBX-OracleStrategy-000,GLBX-001,GLBX-1-329,MARKET,SELL,1,GTC,False,False,1,TAKER,6663.25,0.0,['0.00 USD'],NO_TRIGGER,FILLED,NO_CONTINGENCY,,,,MY_GENERIC_ALGO,,O-20260309-042200-001-000-420,,86de9ad6-926b-4f83-a085-ded250cdbfe1,2026-03-09 04:22:00.012363439+00:00,2026-03-09 04:22:00.012363439+00:00
BACKTESTER-001,OracleStrategy-000,MESM6.GLBX,GLBX-1-330,MESM6.GLBX-OracleStrategy-000,GLBX-001,GLBX-1-330,MARKET,BUY,1,GTC,True,False,1,TAKER,6662.25,0.0,['0.00 USD'],NO_TRIGGER,FILLED,NO_CONTINGENCY,,,,MY_GENERIC_ALGO,,O-20260309-042230-001-000-421,,8e525e72-10d8-465a-974f-0d64a6e347a7,2026-03-09 04:22:30.799857106+00:00,2026-03-09 04:22:30.799857106+00:00
BACKTESTER-001,OracleStrategy-000,MESM6.GLBX,GLBX-1-331,MESM6.GLBX-OracleStrategy-000,GLBX-001,GLBX-1-331,MARKET,BUY,1,GTC,False,False,1,TAKER,6662.25,0.0,['0.00 USD'],NO_TRIGGER,FILLED,NO_CONTINGENCY,,,,MY_GENERIC_ALGO,,O-20260309-042230-001-000-422,,201a2a33-9580-426a-bde3-751ee3dfd301,2026-03-09 04:22:30.799857106+00:00,2026-03-09 04:22:30.799857106+00:00
BACKTESTER-001,OracleStrategy-000,MESM6.GLBX,GLBX-1-332,MESM6.GLBX-OracleStrategy-000,GLBX-001,GLBX-1-332,MARKET,SELL,1,GTC,True,False,1,TAKER,6667.25,0.0,['0.00 USD'],NO_TRIGGER,FILLED,NO_CONTINGENCY,,,,MY_GENERIC_ALGO,,O-20260309-042704-001-000-423,,ad3798f5-2110-40e0-9034-e8326b45f0f2,2026-03-09 04:27:04.692172659+00:00,2026-03-09 04:27:04.692172659+00:00
BACKTESTER-001,OracleStrategy-000,MESM6.GLBX,GLBX-1-333,MESM6.GLBX-OracleStrategy-000,GLBX-001,GLBX-1-333,MARKET,SELL,1,GTC,False,False,1,TAKER,6667.25,0.0,['0.00 USD'],NO_TRIGGER,FILLED,NO_CONTINGENCY,,,,MY_GENERIC_ALGO,,O-20260309-042704-001-000-424,,0de66ddd-f531-4ea5-8154-b5bb8c598c3a,2026-03-09 04:27:04.692172659+00:00,2026-03-09 04:27:04.692172659+00:00
BACKTESTER-001,OracleStrategy-000,MESM6.GLBX,GLBX-1-334,MESM6.GLBX-OracleStrategy-000,GLBX-001,GLBX-1-334,MARKET,BUY,1,GTC,True,False,1,TAKER,6666.25,0.0,['0.00 USD'],NO_TRIGGER,FILLED,NO_CONTINGENCY,,,,MY_GENERIC_ALGO,,O-20260309-042919-001-000-425,,b940ca81-fc61-4ab2-a837-d8b4d9e70fd4,2026-03-09 04:29:19.095074269+00:00,2026-03-09 04:29:19.095074269+00:00
BACKTESTER-001,OracleStrategy-000,MESM6.GLBX,GLBX-1-335,MESM6.GLBX-OracleStrategy-000,GLBX-001,GLBX-1-335,MARKET,SELL,1,GTC,False,False,1,TAKER,6667.0,0.0,['0.00 USD'],NO_TRIGGER,FILLED,NO_CONTINGENCY,,,,MY_GENERIC_ALGO,,O-20260309-043000-001-000-428,,05e4d5ed-09a6-4cca-b3a8-580e209536ec,2026-03-09 04:30:00.043802897+00:00,2026-03-09 04:30:00.043802897+00:00
BACKTESTER-001,OracleStrategy-000,MESM6.GLBX,GLBX-1-336,MESM6.GLBX-OracleStrategy-000,GLBX-001,GLBX-1-336,MARKET,BUY,1,GTC,True,False,1,TAKER,6664.75,0.0,['0.00 USD'],NO_TRIGGER,FILLED,NO_CONTINGENCY,,,,MY_GENERIC_ALGO,,O-20260309-043033-001-000-429,,927bc7be-3ac6-4340-b481-a0928715026a,2026-03-09 04:30:33.132415824+00:00,2026-03-09 04:30:33.132415824+00:00
BACKTESTER-001,OracleStrategy-000,MESM6.GLBX,GLBX-1-337,MESM6.GLBX-OracleStrategy-000,GLBX-001,GLBX-1-337,MARKET,BUY,1,GTC,False,False,1,TAKER,6664.75,0.0,['0.00 USD'],NO_TRIGGER,FILLED,NO_CONTINGENCY,,,,MY_GENERIC_ALGO,,O-20260309-043033-001-000-430,,f915ef25-08cc-452f-ad4e-77b35248f563,2026-03-09 04:30:33.132415824+00:00,2026-03-09 04:30:33.132415824+00:00
BACKTESTER-001,OracleStrategy-000,MESM6.GLBX,GLBX-1-338,MESM6.GLBX-OracleStrategy-000,GLBX-001,GLBX-1-338,MARKET,SELL,1,GTC,True,False,1,TAKER,6667.75,0.0,['0.00 USD'],NO_TRIGGER,FILLED,NO_CONTINGENCY,,,,MY_GENERIC_ALGO,,O-20260309-043342-001-000-431,,51d50b5c-9759-483d-be29-1ab09cba1017,2026-03-09 04:33:42.651121733+00:00,2026-03-09 04:33:42.651121733+00:00
BACKTESTER-001,OracleStrategy-000,MESM6.GLBX,GLBX-1-339,MESM6.GLBX-OracleStrategy-000,GLBX-001,GLBX-1-339,MARKET,SELL,1,GTC,False,False,1,TAKER,6667.75,0.0,['0.00 USD'],NO_TRIGGER,FILLED,NO_CONTINGENCY,,,,MY_GENERIC_ALGO,,O-20260309-043342-001-000-432,,883d0bd6-6f42-4a8d-9a1f-bc8bf7f330bf,2026-03-09 04:33:42.651121733+00:00,2026-03-09 04:33:42.651121733+00:00
BACKTESTER-001,OracleStrategy-000,MESM6.GLBX,GLBX-1-340,MESM6.GLBX-OracleStrategy-000,GLBX-001,GLBX-1-340,MARKET,BUY,1,GTC,True,False,1,TAKER,6666.5,0.0,['0.00 USD'],NO_TRIGGER,FILLED,NO_CONTINGENCY,,,,MY_GENERIC_ALGO,,O-20260309-043352-001-000-433,,abbc28a0-1c90-4463-bf82-8ce1ec6973c9,2026-03-09 04:33:52.960243239+00:00,2026-03-09 04:33:52.960243239+00:00
BACKTESTER-001,OracleStrategy-000,MESM6.GLBX,GLBX-1-341,MESM6.GLBX-OracleStrategy-000,GLBX-001,GLBX-1-341,MARKET,BUY,1,GTC,False,False,1,TAKER,6666.5,0.0,['0.00 USD'],NO_TRIGGER,FILLED,NO_CONTINGENCY,,,,MY_GENERIC_ALGO,,O-20260309-043352-001-000-434,,5b9dd457-6189-42d5-accd-f71023e223ac,2026-03-09 04:33:52.960243239+00:00,2026-03-09 04:33:52.960243239+00:00
BACKTESTER-001,OracleStrategy-000,MESM6.GLBX,GLBX-1-342,MESM6.GLBX-OracleStrategy-000,GLBX-001,GLBX-1-342,MARKET,SELL,1,GTC,True,False,1,TAKER,6668.5,0.0,['0.00 USD'],NO_TRIGGER,FILLED,NO_CONTINGENCY,,,,MY_GENERIC_ALGO,,O-20260309-043513-001-000-435,,be2697a2-7239-405b-9add-c389131bdc50,2026-03-09 04:35:13.052957776+00:00,2026-03-09 04:35:13.052957776+00:00
BACKTESTER-001,OracleStrategy-000,MESM6.GLBX,GLBX-1-343,MESM6.GLBX-OracleStrategy-000,GLBX-001,GLBX-1-343,MARKET,SELL,1,GTC,False,False,1,TAKER,6668.5,0.0,['0.00 USD'],NO_TRIGGER,FILLED,NO_CONTINGENCY,,,,MY_GENERIC_ALGO,,O-20260309-043513-001-000-436,,b024b6de-f166-4b6e-bec2-97b42a15ae6f,2026-03-09 04:35:13.052957776+00:00,2026-03-09 04:35:13.052957776+00:00
BACKTESTER-001,OracleStrategy-000,MESM6.GLBX,GLBX-1-344,MESM6.GLBX-OracleStrategy-000,GLBX-001,GLBX-1-344,MARKET,BUY,1,GTC,True,False,1,TAKER,6665.0,0.0,['0.00 USD'],NO_TRIGGER,FILLED,NO_CONTINGENCY,,,,MY_GENERIC_ALGO,,O-20260309-043731-001-000-437,,e5b76f2f-ffae-4134-8b5e-02abbdaa2129,2026-03-09 04:37:31.318864883+00:00,2026-03-09 04:37:31.318864883+00:00
BACKTESTER-001,OracleStrategy-000,MESM6.GLBX,GLBX-1-345,MESM6.GLBX-OracleStrategy-000,GLBX-001,GLBX-1-345,MARKET,BUY,1,GTC,False,False,1,TAKER,6665.0,0.0,['0.00 USD'],NO_TRIGGER,FILLED,NO_CONTINGENCY,,,,MY_GENERIC_ALGO,,O-20260309-043731-001-000-438,,d14e91b0-f06d-4a05-ab44-f7859d8904e2,2026-03-09 04:37:31.318864883+00:00,2026-03-09 04:37:31.318864883+00:00
BACKTESTER-001,OracleStrategy-000,MESM6.GLBX,GLBX-1-346,MESM6.GLBX-OracleStrategy-000,GLBX-001,GLBX-1-346,MARKET,SELL,1,GTC,True,False,1,TAKER,6667.5,0.0,['0.00 USD'],NO_TRIGGER,FILLED,NO_CONTINGENCY,,,,MY_GENERIC_ALGO,,O-20260309-043817-001-000-439,,b61afad9-5343-4eb4-b5e7-20de42502554,2026-03-09 04:38:17.442070309+00:00,2026-03-09 04:38:17.442070309+00:00
BACKTESTER-001,OracleStrategy-000,MESM6.GLBX,GLBX-1-347,MESM6.GLBX-OracleStrategy-000,GLBX-001,GLBX-1-347,MARKET,SELL,1,GTC,False,False,1,TAKER,6667.5,0.0,['0.00 USD'],NO_TRIGGER,FILLED,NO_CONTINGENCY,,,,MY_GENERIC_ALGO,,O-20260309-043817-001-000-440,,d6172ce4-5537-417d-a103-27c890c1be41,2026-03-09 04:38:17.442070309+00:00,2026-03-09 04:38:17.442070309+00:00
BACKTESTER-001,OracleStrategy-000,MESM6.GLBX,GLBX-1-348,MESM6.GLBX-OracleStrategy-000,GLBX-001,GLBX-1-348,MARKET,BUY,1,GTC,True,False,1,TAKER,6664.0,0.0,['0.00 USD'],NO_TRIGGER,FILLED,NO_CONTINGENCY,,,,MY_GENERIC_ALGO,,O-20260309-044100-001-000-441,,9cea5b46-3147-42fc-94e4-dfefdf1e2e6d,2026-03-09 04:41:00.150143082+00:00,2026-03-09 04:41:00.150143082+00:00
BACKTESTER-001,OracleStrategy-000,MESM6.GLBX,GLBX-1-349,MESM6.GLBX-OracleStrategy-000,GLBX-001,GLBX-1-349,MARKET,BUY,1,GTC,False,False,1,TAKER,6664.0,0.0,['0.00 USD'],NO_TRIGGER,FILLED,NO_CONTINGENCY,,,,MY_GENERIC_ALGO,,O-20260309-044100-001-000-442,,aa0f6824-4458-4e8b-b012-febe3cc3338a,2026-03-09 04:41:00.150143082+00:00,2026-03-09 04:41:00.150143082+00:00
BACKTESTER-001,OracleStrategy-000,MESM6.GLBX,GLBX-1-350,MESM6.GLBX-OracleStrategy-000,GLBX-001,GLBX-1-350,MARKET,SELL,1,GTC,True,False,1,TAKER,6665.0,0.0,['0.00 USD'],NO_TRIGGER,FILLED,NO_CONTINGENCY,,,,MY_GENERIC_ALGO,,O-20260309-044322-001-000-443,,72c457a8-4d54-47be-9757-f8e6be188967,2026-03-09 04:43:22.173959602+00:00,2026-03-09 04:43:22.173959602+00:00
BACKTESTER-001,OracleStrategy-000,MESM6.GLBX,GLBX-1-351,MESM6.GLBX-OracleStrategy-000,GLBX-001,GLBX-1-351,MARKET,SELL,1,GTC,False,False,1,TAKER,6663.25,0.0,['0.00 USD'],NO_TRIGGER,FILLED,NO_CONTINGENCY,,,,MY_GENERIC_ALGO,,O-20260309-044413-001-000-445,,92a858ca-f2b1-40cb-9a45-1e0a683be456,2026-03-09 04:44:13.705781626+00:00,2026-03-09 04:44:13.705781626+00:00
BACKTESTER-001,OracleStrategy-000,MESM6.GLBX,GLBX-1-352,MESM6.GLBX-OracleStrategy-000,GLBX-001,GLBX-1-352,MARKET,BUY,1,GTC,True,False,1,TAKER,6661.5,0.0,['0.00 USD'],NO_TRIGGER,FILLED,NO_CONTINGENCY,,,,MY_GENERIC_ALGO,,O-20260309-044549-001-000-446,,1c5f41ec-d669-4dc8-9a23-95b487149d6e,2026-03-09 04:45:49.565041072+00:00,2026-03-09 04:45:49.565041072+00:00
BACKTESTER-001,OracleStrategy-000,MESM6.GLBX,GLBX-1-353,MESM6.GLBX-OracleStrategy-000,GLBX-001,GLBX-1-353,MARKET,BUY,1,GTC,False,False,1,TAKER,6661.5,0.0,['0.00 USD'],NO_TRIGGER,FILLED,NO_CONTINGENCY,,,,MY_GENERIC_ALGO,,O-20260309-044549-001-000-447,,e939f95b-31c2-4a0b-ad8d-dd7181127926,2026-03-09 04:45:49.565041072+00:00,2026-03-09 04:45:49.565041072+00:00
BACKTESTER-001,OracleStrategy-000,MESM6.GLBX,GLBX-1-354,MESM6.GLBX-OracleStrategy-000,GLBX-001,GLBX-1-354,MARKET,SELL,1,GTC,True,False,1,TAKER,6661.5,0.0,['0.00 USD'],NO_TRIGGER,FILLED,NO_CONTINGENCY,,,,MY_GENERIC_ALGO,,O-20260309-044643-001-000-448,,0f2c1b43-6d46-4ad0-a35b-a9f53cfc5040,2026-03-09 04:46:43.721362093+00:00,2026-03-09 04:46:43.721362093+00:00
BACKTESTER-001,OracleStrategy-000,MESM6.GLBX,GLBX-1-355,MESM6.GLBX-OracleStrategy-000,GLBX-001,GLBX-1-355,MARKET,SELL,1,GTC,False,False,1,TAKER,6661.5,0.0,['0.00 USD'],NO_TRIGGER,FILLED,NO_CONTINGENCY,,,,MY_GENERIC_ALGO,,O-20260309-044643-001-000-449,,57f8ac73-0741-436c-8aea-c895c19f257b,2026-03-09 04:46:43.721362093+00:00,2026-03-09 04:46:43.721362093+00:00
BACKTESTER-001,OracleStrategy-000,MESM6.GLBX,GLBX-1-356,MESM6.GLBX-OracleStrategy-000,GLBX-001,GLBX-1-356,MARKET,BUY,1,GTC,True,False,1,TAKER,6659.5,0.0,['0.00 USD'],NO_TRIGGER,FILLED,NO_CONTINGENCY,,,,MY_GENERIC_ALGO,,O-20260309-045311-001-000-450,,7b729488-769a-4f6a-b22f-ed2afb13ace6,2026-03-09 04:53:11.503725541+00:00,2026-03-09 04:53:11.503725541+00:00
BACKTESTER-001,OracleStrategy-000,MESM6.GLBX,GLBX-1-357,MESM6.GLBX-OracleStrategy-000,GLBX-001,GLBX-1-357,MARKET,BUY,1,GTC,False,False,1,TAKER,6659.5,0.0,['0.00 USD'],NO_TRIGGER,FILLED,NO_CONTINGENCY,,,,MY_GENERIC_ALGO,,O-20260309-045311-001-000-451,,35f6d3cf-6547-4bd8-8c11-6f9500b66a05,2026-03-09 04:53:11.503725541+00:00,2026-03-09 04:53:11.503725541+00:00
BACKTESTER-001,OracleStrategy-000,MESM6.GLBX,GLBX-1-358,MESM6.GLBX-OracleStrategy-000,GLBX-001,GLBX-1-358,MARKET,SELL,1,GTC,True,False,1,TAKER,6661.75,0.0,['0.00 USD'],NO_TRIGGER,FILLED,NO_CONTINGENCY,,,,MY_GENERIC_ALGO,,O-20260309-045401-001-000-452,,dea09a39-6ff0-47d8-8158-acef18e46c9d,2026-03-09 04:54:01.573068863+00:00,2026-03-09 04:54:01.573068863+00:00
BACKTESTER-001,OracleStrategy-000,MESM6.GLBX,GLBX-1-359,MESM6.GLBX-OracleStrategy-000,GLBX-001,GLBX-1-359,MARKET,BUY,1,GTC,False,False,1,TAKER,6660.5,0.0,['0.00 USD'],NO_TRIGGER,FILLED,NO_CONTINGENCY,,,,MY_GENERIC_ALGO,,O-20260309-045440-001-000-454,,7313dfe5-b053-4e35-8437-c1f37dd08ae9,2026-03-09 04:54:40.883398015+00:00,2026-03-09 04:54:40.883398015+00:00
BACKTESTER-001,OracleStrategy-000,MESM6.GLBX,GLBX-1-360,MESM6.GLBX-OracleStrategy-000,GLBX-001,GLBX-1-360,MARKET,SELL,1,GTC,True,False,1,TAKER,6664.25,0.0,['0.00 USD'],NO_TRIGGER,FILLED,NO_CONTINGENCY,,,,MY_GENERIC_ALGO,,O-20260309-045806-001-000-455,,8786407d-93fa-48a5-8a47-81a8e038d473,2026-03-09 04:58:06.894737256+00:00,2026-03-09 04:58:06.894737256+00:00
BACKTESTER-001,OracleStrategy-000,MESM6.GLBX,GLBX-1-361,MESM6.GLBX-OracleStrategy-000,GLBX-001,GLBX-1-361,MARKET,SELL,1,GTC,False,False,1,TAKER,6664.25,0.0,['0.00 USD'],NO_TRIGGER,FILLED,NO_CONTINGENCY,,,,MY_GENERIC_ALGO,,O-20260309-045806-001-000-456,,1e5bddf3-d225-4fb9-bc07-7b3c660f9035,2026-03-09 04:58:06.894737256+00:00,2026-03-09 04:58:06.894737256+00:00
BACKTESTER-001,OracleStrategy-000,MESM6.GLBX,GLBX-1-362,MESM6.GLBX-OracleStrategy-000,GLBX-001,GLBX-1-362,MARKET,BUY,1,GTC,True,False,1,TAKER,6657.5,0.0,['0.00 USD'],NO_TRIGGER,FILLED,NO_CONTINGENCY,,,,MY_GENERIC_ALGO,,O-20260309-050234-001-000-457,,9769cbfa-a09f-42d7-8e98-b360ce11a576,2026-03-09 05:02:34.407183529+00:00,2026-03-09 05:02:34.407183529+00:00
BACKTESTER-001,OracleStrategy-000,MESM6.GLBX,GLBX-1-363,MESM6.GLBX-OracleStrategy-000,GLBX-001,GLBX-1-363,MARKET,BUY,1,GTC,False,False,1,TAKER,6665.0,0.0,['0.00 USD'],NO_TRIGGER,FILLED,NO_CONTINGENCY,,,,MY_GENERIC_ALGO,,O-20260309-050511-001-000-460,,98756bfd-08b1-4736-92a1-c28fa0ec0ab6,2026-03-09 05:05:11.415420888+00:00,2026-03-09 05:05:11.415420888+00:00
BACKTESTER-001,OracleStrategy-000,MESM6.GLBX,GLBX-1-364,MESM6.GLBX-OracleStrategy-000,GLBX-001,GLBX-1-364,MARKET,SELL,1,GTC,True,False,1,TAKER,6669.5,0.0,['0.00 USD'],NO_TRIGGER,FILLED,NO_CONTINGENCY,,,,MY_GENERIC_ALGO,,O-20260309-050646-001-000-461,,b45bb6aa-83a9-4526-aa11-c0fff1437deb,2026-03-09 05:06:46.685237114+00:00,2026-03-09 05:06:46.685237114+00:00
BACKTESTER-001,OracleStrategy-000,MESM6.GLBX,GLBX-1-365,MESM6.GLBX-OracleStrategy-000,GLBX-001,GLBX-1-365,MARKET,SELL,1,GTC,False,False,1,TAKER,6669.5,0.0,['0.00 USD'],NO_TRIGGER,FILLED,NO_CONTINGENCY,,,,MY_GENERIC_ALGO,,O-20260309-050646-001-000-462,,8a6ce4b5-3463-4010-90ca-af2ea2cb6a44,2026-03-09 05:06:46.685237114+00:00,2026-03-09 05:06:46.685237114+00:00
BACKTESTER-001,OracleStrategy-000,MESM6.GLBX,GLBX-1-366,MESM6.GLBX-OracleStrategy-000,GLBX-001,GLBX-1-366,MARKET,BUY,1,GTC,True,False,1,TAKER,6668.0,0.0,['0.00 USD'],NO_TRIGGER,FILLED,NO_CONTINGENCY,,,,MY_GENERIC_ALGO,,O-20260309-050721-001-000-463,,ba4a227d-f287-4938-bdf9-eb637cae6097,2026-03-09 05:07:21.927889456+00:00,2026-03-09 05:07:21.927889456+00:00
BACKTESTER-001,OracleStrategy-000,MESM6.GLBX,GLBX-1-367,MESM6.GLBX-OracleStrategy-000,GLBX-001,GLBX-1-367,MARKET,BUY,1,GTC,False,False,1,TAKER,6668.0,0.0,['0.00 USD'],NO_TRIGGER,FILLED,NO_CONTINGENCY,,,,MY_GENERIC_ALGO,,O-20260309-050721-001-000-464,,1b787cce-8a88-48d9-90f9-baa60e440cd2,2026-03-09 05:07:21.927889456+00:00,2026-03-09 05:07:21.927889456+00:00
BACKTESTER-001,OracleStrategy-000,MESM6.GLBX,GLBX-1-368,MESM6.GLBX-OracleStrategy-000,GLBX-001,GLBX-1-368,MARKET,SELL,1,GTC,True,False,1,TAKER,6669.0,0.0,['0.00 USD'],NO_TRIGGER,FILLED,NO_CONTINGENCY,,,,MY_GENERIC_ALGO,,O-20260309-050735-001-000-465,,33062556-a7f8-474f-aed7-dbf945bf1346,2026-03-09 05:07:35.426865704+00:00,2026-03-09 05:07:35.426865704+00:00
BACKTESTER-001,OracleStrategy-000,MESM6.GLBX,GLBX-1-369,MESM6.GLBX-OracleStrategy-000,GLBX-001,GLBX-1-369,MARKET,SELL,1,GTC,False,False,1,TAKER,6669.0,0.0,['0.00 USD'],NO_TRIGGER,FILLED,NO_CONTINGENCY,,,,MY_GENERIC_ALGO,,O-20260309-050735-001-000-466,,b06b38f0-9d49-4b12-80d7-71d0cc8a7186,2026-03-09 05:07:35.426865704+00:00,2026-03-09 05:07:35.426865704+00:00
BACKTESTER-001,OracleStrategy-000,MESM6.GLBX,GLBX-1-370,MESM6.GLBX-OracleStrategy-000,GLBX-001,GLBX-1-370,MARKET,BUY,1,GTC,True,False,1,TAKER,6667.5,0.0,['0.00 USD'],NO_TRIGGER,FILLED,NO_CONTINGENCY,,,,MY_GENERIC_ALGO,,O-20260309-050944-001-000-467,,78d7c6e0-68a7-4bc1-9383-6c71823e536e,2026-03-09 05:09:44.832059421+00:00,2026-03-09 05:09:44.832059421+00:00
BACKTESTER-001,OracleStrategy-000,MESM6.GLBX,GLBX-1-371,MESM6.GLBX-OracleStrategy-000,GLBX-001,GLBX-1-371,MARKET,BUY,1,GTC,False,False,1,TAKER,6667.5,0.0,['0.00 USD'],NO_TRIGGER,FILLED,NO_CONTINGENCY,,,,MY_GENERIC_ALGO,,O-20260309-050944-001-000-468,,45a322d5-ec38-4ebb-a099-04a1afb0636b,2026-03-09 05:09:44.832059421+00:00,2026-03-09 05:09:44.832059421+00:00
BACKTESTER-001,OracleStrategy-000,MESM6.GLBX,GLBX-1-372,MESM6.GLBX-OracleStrategy-000,GLBX-001,GLBX-1-372,MARKET,SELL,1,GTC,True,False,1,TAKER,6668.75,0.0,['0.00 USD'],NO_TRIGGER,FILLED,NO_CONTINGENCY,,,,MY_GENERIC_ALGO,,O-20260309-051012-001-000-469,,70d929aa-1a68-4f21-959a-3a3aefae58ae,2026-03-09 05:10:12.965553311+00:00,2026-03-09 05:10:12.965553311+00:00
BACKTESTER-001,OracleStrategy-000,MESM6.GLBX,GLBX-1-373,MESM6.GLBX-OracleStrategy-000,GLBX-001,GLBX-1-373,MARKET,SELL,1,GTC,False,False,1,TAKER,6668.75,0.0,['0.00 USD'],NO_TRIGGER,FILLED,NO_CONTINGENCY,,,,MY_GENERIC_ALGO,,O-20260309-051012-001-000-470,,26793667-640e-4c95-810a-23de2a589872,2026-03-09 05:10:12.965553311+00:00,2026-03-09 05:10:12.965553311+00:00
BACKTESTER-001,OracleStrategy-000,MESM6.GLBX,GLBX-1-374,MESM6.GLBX-OracleStrategy-000,GLBX-001,GLBX-1-374,MARKET,BUY,1,GTC,True,False,1,TAKER,6665.5,0.0,['0.00 USD'],NO_TRIGGER,FILLED,NO_CONTINGENCY,,,,MY_GENERIC_ALGO,,O-20260309-051541-001-000-471,,d0985fc0-64d7-4fdf-bbe4-08a76c8bf972,2026-03-09 05:15:41.876855403+00:00,2026-03-09 05:15:41.876855403+00:00
BACKTESTER-001,OracleStrategy-000,MESM6.GLBX,GLBX-1-375,MESM6.GLBX-OracleStrategy-000,GLBX-001,GLBX-1-375,MARKET,BUY,1,GTC,False,False,1,TAKER,6665.5,0.0,['0.00 USD'],NO_TRIGGER,FILLED,NO_CONTINGENCY,,,,MY_GENERIC_ALGO,,O-20260309-051541-001-000-472,,132e9482-ad97-4536-b279-22ba8a3e8c4b,2026-03-09 05:15:41.876855403+00:00,2026-03-09 05:15:41.876855403+00:00
BACKTESTER-001,OracleStrategy-000,MESM6.GLBX,GLBX-1-376,MESM6.GLBX-OracleStrategy-000,GLBX-001,GLBX-1-376,MARKET,SELL,1,GTC,True,False,1,TAKER,6666.0,0.0,['0.00 USD'],NO_TRIGGER,FILLED,NO_CONTINGENCY,,,,MY_GENERIC_ALGO,,O-20260309-051657-001-000-473,,81b6448f-28e0-4d83-b0f4-f4071735c0dd,2026-03-09 05:16:57.468718375+00:00,2026-03-09 05:16:57.468718375+00:00
BACKTESTER-001,OracleStrategy-000,MESM6.GLBX,GLBX-1-377,MESM6.GLBX-OracleStrategy-000,GLBX-001,GLBX-1-377,MARKET,SELL,1,GTC,False,False,1,TAKER,6666.0,0.0,['0.00 USD'],NO_TRIGGER,FILLED,NO_CONTINGENCY,,,,MY_GENERIC_ALGO,,O-20260309-051657-001-000-474,,9873b035-1387-4919-9b5e-5f0eb9ef5781,2026-03-09 05:16:57.468718375+00:00,2026-03-09 05:16:57.468718375+00:00
BACKTESTER-001,OracleStrategy-000,MESM6.GLBX,GLBX-1-378,MESM6.GLBX-OracleStrategy-000,GLBX-001,GLBX-1-378,MARKET,BUY,1,GTC,True,False,1,TAKER,6663.5,0.0,['0.00 USD'],NO_TRIGGER,FILLED,NO_CONTINGENCY,,,,MY_GENERIC_ALGO,,O-20260309-051854-001-000-475,,9f27dcb5-c98d-404a-b8e6-6af5e69f3881,2026-03-09 05:18:54.510332523+00:00,2026-03-09 05:18:54.510332523+00:00
BACKTESTER-001,OracleStrategy-000,MESM6.GLBX,GLBX-1-379,MESM6.GLBX-OracleStrategy-000,GLBX-001,GLBX-1-379,MARKET,BUY,1,GTC,False,False,1,TAKER,6665.0,0.0,['0.00 USD'],NO_TRIGGER,FILLED,NO_CONTINGENCY,,,,MY_GENERIC_ALGO,,O-20260309-052035-001-000-477,,3c479950-4f8a-460e-9139-67dc1a32f261,2026-03-09 05:20:35.386371619+00:00,2026-03-09 05:20:35.386371619+00:00
BACKTESTER-001,OracleStrategy-000,MESM6.GLBX,GLBX-1-380,MESM6.GLBX-OracleStrategy-000,GLBX-001,GLBX-1-380,MARKET,SELL,1,GTC,True,False,1,TAKER,6681.25,0.0,['0.00 USD'],NO_TRIGGER,FILLED,NO_CONTINGENCY,,,,MY_GENERIC_ALGO,,O-20260309-052205-001-000-478,,3172b69d-77db-484c-9059-2a90b4dfdb7a,2026-03-09 05:22:05.414323506+00:00,2026-03-09 05:22:05.414323506+00:00
BACKTESTER-001,OracleStrategy-000,MESM6.GLBX,GLBX-1-381,MESM6.GLBX-OracleStrategy-000,GLBX-001,GLBX-1-381,MARKET,SELL,1,GTC,False,False,1,TAKER,6681.25,0.0,['0.00 USD'],NO_TRIGGER,FILLED,NO_CONTINGENCY,,,,MY_GENERIC_ALGO,,O-20260309-052205-001-000-479,,e93dddd8-5d9b-4f9c-ba04-5ac8f2c56c28,2026-03-09 05:22:05.414323506+00:00,2026-03-09 05:22:05.414323506+00:00
BACKTESTER-001,OracleStrategy-000,MESM6.GLBX,GLBX-1-382,MESM6.GLBX-OracleStrategy-000,GLBX-001,GLBX-1-382,MARKET,BUY,1,GTC,True,False,1,TAKER,6681.75,0.0,['0.00 USD'],NO_TRIGGER,FILLED,NO_CONTINGENCY,,,,MY_GENERIC_ALGO,,O-20260309-052227-001-000-480,,a2cd47bf-eab5-4205-b7a9-7d63e94ee68e,2026-03-09 05:22:27.899656395+00:00,2026-03-09 05:22:27.899656395+00:00
BACKTESTER-001,OracleStrategy-000,MESM6.GLBX,GLBX-1-383,MESM6.GLBX-OracleStrategy-000,GLBX-001,GLBX-1-383,MARKET,BUY,1,GTC,False,False,1,TAKER,6679.75,0.0,['0.00 USD'],NO_TRIGGER,FILLED,NO_CONTINGENCY,,,,MY_GENERIC_ALGO,,O-20260309-052231-001-000-483,,bbf69531-0204-4bcc-b53e-9970d020a2c9,2026-03-09 05:22:31.774176698+00:00,2026-03-09 05:22:31.774176698+00:00
BACKTESTER-001,OracleStrategy-000,MESM6.GLBX,GLBX-1-384,MESM6.GLBX-OracleStrategy-000,GLBX-001,GLBX-1-384,MARKET,SELL,1,GTC,True,False,1,TAKER,6685.0,0.0,['0.00 USD'],NO_TRIGGER,FILLED,NO_CONTINGENCY,,,,MY_GENERIC_ALGO,,O-20260309-052318-001-000-484,,f5b06113-09db-445c-b039-d4e25ae69217,2026-03-09 05:23:18.068490951+00:00,2026-03-09 05:23:18.068490951+00:00
BACKTESTER-001,OracleStrategy-000,MESM6.GLBX,GLBX-1-385,MESM6.GLBX-OracleStrategy-000,GLBX-001,GLBX-1-385,MARKET,SELL,1,GTC,False,False,1,TAKER,6685.0,0.0,['0.00 USD'],NO_TRIGGER,FILLED,NO_CONTINGENCY,,,,MY_GENERIC_ALGO,,O-20260309-052318-001-000-485,,19055199-7e37-487f-b618-4ed4722965e5,2026-03-09 05:23:18.068490951+00:00,2026-03-09 05:23:18.068490951+00:00
BACKTESTER-001,OracleStrategy-000,MESM6.GLBX,GLBX-1-386,MESM6.GLBX-OracleStrategy-000,GLBX-001,GLBX-1-386,MARKET,BUY,1,GTC,True,False,1,TAKER,6683.5,0.0,['0.00 USD'],NO_TRIGGER,FILLED,NO_CONTINGENCY,,,,MY_GENERIC_ALGO,,O-20260309-052357-001-000-486,,42309cba-3f51-4e34-96dc-85591e9e2d53,2026-03-09 05:23:57.722721139+00:00,2026-03-09 05:23:57.722721139+00:00
BACKTESTER-001,OracleStrategy-000,MESM6.GLBX,GLBX-1-387,MESM6.GLBX-OracleStrategy-000,GLBX-001,GLBX-1-387,MARKET,BUY,1,GTC,False,False,1,TAKER,6683.5,0.0,['0.00 USD'],NO_TRIGGER,FILLED,NO_CONTINGENCY,,,,MY_GENERIC_ALGO,,O-20260309-052357-001-000-487,,6f6293ee-950c-439e-b48c-4f624b2f4db1,2026-03-09 05:23:57.722721139+00:00,2026-03-09 05:23:57.722721139+00:00
BACKTESTER-001,OracleStrategy-000,MESM6.GLBX,GLBX-1-388,MESM6.GLBX-OracleStrategy-000,GLBX-001,GLBX-1-388,MARKET,SELL,1,GTC,True,False,1,TAKER,6682.25,0.0,['0.00 USD'],NO_TRIGGER,FILLED,NO_CONTINGENCY,,,,MY_GENERIC_ALGO,,O-20260309-052405-001-000-488,,67c8a77e-ca2c-4373-87d7-5aadb46e09a2,2026-03-09 05:24:05.619941410+00:00,2026-03-09 05:24:05.619941410+00:00
BACKTESTER-001,OracleStrategy-000,MESM6.GLBX,GLBX-1-389,MESM6.GLBX-OracleStrategy-000,GLBX-001,GLBX-1-389,MARKET,SELL,1,GTC,False,False,1,TAKER,6682.25,0.0,['0.00 USD'],NO_TRIGGER,FILLED,NO_CONTINGENCY,,,,MY_GENERIC_ALGO,,O-20260309-052405-001-000-489,,f5ab5a14-27b3-4a83-96ac-90a3e9fee8e4,2026-03-09 05:24:05.619941410+00:00,2026-03-09 05:24:05.619941410+00:00
BACKTESTER-001,OracleStrategy-000,MESM6.GLBX,GLBX-1-390,MESM6.GLBX-OracleStrategy-000,GLBX-001,GLBX-1-390,MARKET,BUY,1,GTC,True,False,1,TAKER,6682.5,0.0,['0.00 USD'],NO_TRIGGER,FILLED,NO_CONTINGENCY,,,,MY_GENERIC_ALGO,,O-20260309-052411-001-000-490,,12cdfc19-ae15-4489-b7af-dd63d2ca101a,2026-03-09 05:24:11.285191648+00:00,2026-03-09 05:24:11.285191648+00:00
BACKTESTER-001,OracleStrategy-000,MESM6.GLBX,GLBX-1-391,MESM6.GLBX-OracleStrategy-000,GLBX-001,GLBX-1-391,MARKET,BUY,1,GTC,False,False,1,TAKER,6682.5,0.0,['0.00 USD'],NO_TRIGGER,FILLED,NO_CONTINGENCY,,,,MY_GENERIC_ALGO,,O-20260309-052411-001-000-491,,0bd24318-c057-40dc-83aa-749313b55a83,2026-03-09 05:24:11.285191648+00:00,2026-03-09 05:24:11.285191648+00:00
BACKTESTER-001,OracleStrategy-000,MESM6.GLBX,GLBX-1-392,MESM6.GLBX-OracleStrategy-000,GLBX-001,GLBX-1-392,MARKET,SELL,1,GTC,True,False,1,TAKER,6681.5,0.0,['0.00 USD'],NO_TRIGGER,FILLED,NO_CONTINGENCY,,,,MY_GENERIC_ALGO,,O-20260309-052413-001-000-492,,316d59e2-eedc-4e9c-a576-306f8f83a43f,2026-03-09 05:24:13.594403755+00:00,2026-03-09 05:24:13.594403755+00:00
BACKTESTER-001,OracleStrategy-000,MESM6.GLBX,GLBX-1-393,MESM6.GLBX-OracleStrategy-000,GLBX-001,GLBX-1-393,MARKET,SELL,1,GTC,False,False,1,TAKER,6681.5,0.0,['0.00 USD'],NO_TRIGGER,FILLED,NO_CONTINGENCY,,,,MY_GENERIC_ALGO,,O-20260309-052413-001-000-493,,0303ce56-b94e-4ff2-83a2-406b630b1028,2026-03-09 05:24:13.594403755+00:00,2026-03-09 05:24:13.594403755+00:00
BACKTESTER-001,OracleStrategy-000,MESM6.GLBX,GLBX-1-394,MESM6.GLBX-OracleStrategy-000,GLBX-001,GLBX-1-394,MARKET,BUY,1,GTC,True,False,1,TAKER,6681.5,0.0,['0.00 USD'],NO_TRIGGER,FILLED,NO_CONTINGENCY,,,,MY_GENERIC_ALGO,,O-20260309-052419-001-000-494,,b6228ac8-2532-4d25-80e2-d98ca9d8f304,2026-03-09 05:24:19.728914839+00:00,2026-03-09 05:24:19.728914839+00:00
BACKTESTER-001,OracleStrategy-000,MESM6.GLBX,GLBX-1-395,MESM6.GLBX-OracleStrategy-000,GLBX-001,GLBX-1-395,MARKET,BUY,1,GTC,False,False,1,TAKER,6681.5,0.0,['0.00 USD'],NO_TRIGGER,FILLED,NO_CONTINGENCY,,,,MY_GENERIC_ALGO,,O-20260309-052419-001-000-495,,99d99053-9555-4564-b0e6-515d0f953913,2026-03-09 05:24:19.728914839+00:00,2026-03-09 05:24:19.728914839+00:00
BACKTESTER-001,OracleStrategy-000,MESM6.GLBX,GLBX-1-396,MESM6.GLBX-OracleStrategy-000,GLBX-001,GLBX-1-396,MARKET,SELL,1,GTC,True,False,1,TAKER,6685.25,0.0,['0.00 USD'],NO_TRIGGER,FILLED,NO_CONTINGENCY,,,,MY_GENERIC_ALGO,,O-20260309-052502-001-000-496,,e5f847a5-bd06-4a31-8eda-7afdd0a34875,2026-03-09 05:25:02.840466923+00:00,2026-03-09 05:25:02.840466923+00:00
BACKTESTER-001,OracleStrategy-000,MESM6.GLBX,GLBX-1-397,MESM6.GLBX-OracleStrategy-000,GLBX-001,GLBX-1-397,MARKET,SELL,1,GTC,False,False,1,TAKER,6685.25,0.0,['0.00 USD'],NO_TRIGGER,FILLED,NO_CONTINGENCY,,,,MY_GENERIC_ALGO,,O-20260309-052502-001-000-497,,3f7d8683-a332-4c5e-b2ba-a9f889db37cc,2026-03-09 05:25:02.840466923+00:00,2026-03-09 05:25:02.840466923+00:00
BACKTESTER-001,OracleStrategy-000,MESM6.GLBX,GLBX-1-398,MESM6.GLBX-OracleStrategy-000,GLBX-001,GLBX-1-398,MARKET,BUY,1,GTC,True,False,1,TAKER,6682.75,0.0,['0.00 USD'],NO_TRIGGER,FILLED,NO_CONTINGENCY,,,,MY_GENERIC_ALGO,,O-20260309-052613-001-000-498,,bdcbefd8-0e7d-4c81-97ca-04617c85db10,2026-03-09 05:26:13.497427963+00:00,2026-03-09 05:26:13.497427963+00:00
BACKTESTER-001,OracleStrategy-000,MESM6.GLBX,GLBX-1-399,MESM6.GLBX-OracleStrategy-000,GLBX-001,GLBX-1-399,MARKET,BUY,1,GTC,False,False,1,TAKER,6682.75,0.0,['0.00 USD'],NO_TRIGGER,FILLED,NO_CONTINGENCY,,,,MY_GENERIC_ALGO,,O-20260309-052613-001-000-499,,2f7df8ae-6037-48ef-ad71-2a947977f311,2026-03-09 05:26:13.497427963+00:00,2026-03-09 05:26:13.497427963+00:00
BACKTESTER-001,OracleStrategy-000,MESM6.GLBX,GLBX-1-400,MESM6.GLBX-OracleStrategy-000,GLBX-001,GLBX-1-400,MARKET,SELL,1,GTC,True,False,1,TAKER,6685.5,0.0,['0.00 USD'],NO_TRIGGER,FILLED,NO_CONTINGENCY,,,,MY_GENERIC_ALGO,,O-20260309-052628-001-000-500,,b8bf395d-a10e-4d48-ac79-0376c517e11f,2026-03-09 05:26:28.834177949+00:00,2026-03-09 05:26:28.834177949+00:00
BACKTESTER-001,OracleStrategy-000,MESM6.GLBX,GLBX-1-401,MESM6.GLBX-OracleStrategy-000,GLBX-001,GLBX-1-401,MARKET,SELL,1,GTC,False,False,1,TAKER,6685.5,0.0,['0.00 USD'],NO_TRIGGER,FILLED,NO_CONTINGENCY,,,,MY_GENERIC_ALGO,,O-20260309-052628-001-000-501,,8e06bed9-4474-470c-bee6-4f2d5f5c0518,2026-03-09 05:26:28.834177949+00:00,2026-03-09 05:26:28.834177949+00:00
BACKTESTER-001,OracleStrategy-000,MESM6.GLBX,GLBX-1-402,MESM6.GLBX-OracleStrategy-000,GLBX-001,GLBX-1-402,MARKET,BUY,1,GTC,True,False,1,TAKER,6683.0,0.0,['0.00 USD'],NO_TRIGGER,FILLED,NO_CONTINGENCY,,,,MY_GENERIC_ALGO,,O-20260309-052714-001-000-502,,e60ad989-89f6-46fb-b745-e1219c722098,2026-03-09 05:27:14.884663031+00:00,2026-03-09 05:27:14.884663031+00:00
BACKTESTER-001,OracleStrategy-000,MESM6.GLBX,GLBX-1-403,MESM6.GLBX-OracleStrategy-000,GLBX-001,GLBX-1-403,MARKET,SELL,1,GTC,False,False,1,TAKER,6686.0,0.0,['0.00 USD'],NO_TRIGGER,FILLED,NO_CONTINGENCY,,,,MY_GENERIC_ALGO,,O-20260309-052731-001-000-504,,f31e9b78-8d05-4fb5-95c5-32bac2fa2aa8,2026-03-09 05:27:31.448452699+00:00,2026-03-09 05:27:31.448452699+00:00
BACKTESTER-001,OracleStrategy-000,MESM6.GLBX,GLBX-1-404,MESM6.GLBX-OracleStrategy-000,GLBX-001,GLBX-1-404,MARKET,BUY,1,GTC,True,False,1,TAKER,6680.5,0.0,['0.00 USD'],NO_TRIGGER,FILLED,NO_CONTINGENCY,,,,MY_GENERIC_ALGO,,O-20260309-052821-001-000-505,,3536ef0d-49e0-450e-a1c0-1e7c08e78f97,2026-03-09 05:28:21.040587003+00:00,2026-03-09 05:28:21.040587003+00:00
BACKTESTER-001,OracleStrategy-000,MESM6.GLBX,GLBX-1-405,MESM6.GLBX-OracleStrategy-000,GLBX-001,GLBX-1-405,MARKET,BUY,1,GTC,False,False,1,TAKER,6681.5,0.0,['0.00 USD'],NO_TRIGGER,FILLED,NO_CONTINGENCY,,,,MY_GENERIC_ALGO,,O-20260309-052824-001-000-507,,1bddba00-42bd-4582-b253-354223a203a6,2026-03-09 05:28:24.089611987+00:00,2026-03-09 05:28:24.089611987+00:00
BACKTESTER-001,OracleStrategy-000,MESM6.GLBX,GLBX-1-406,MESM6.GLBX-OracleStrategy-000,GLBX-001,GLBX-1-406,MARKET,SELL,1,GTC,True,False,1,TAKER,6684.25,0.0,['0.00 USD'],NO_TRIGGER,FILLED,NO_CONTINGENCY,,,,MY_GENERIC_ALGO,,O-20260309-052847-001-000-508,,173da264-bb53-4ced-984b-7f25c2d765e1,2026-03-09 05:28:47.328385699+00:00,2026-03-09 05:28:47.328385699+00:00
BACKTESTER-001,OracleStrategy-000,MESM6.GLBX,GLBX-1-407,MESM6.GLBX-OracleStrategy-000,GLBX-001,GLBX-1-407,MARKET,SELL,1,GTC,False,False,1,TAKER,6684.25,0.0,['0.00 USD'],NO_TRIGGER,FILLED,NO_CONTINGENCY,,,,MY_GENERIC_ALGO,,O-20260309-052847-001-000-509,,3605a709-5a7f-4041-b439-3b9fac249eb7,2026-03-09 05:28:47.328385699+00:00,2026-03-09 05:28:47.328385699+00:00
BACKTESTER-001,OracleStrategy-000,MESM6.GLBX,GLBX-1-408,MESM6.GLBX-OracleStrategy-000,GLBX-001,GLBX-1-408,MARKET,BUY,1,GTC,True,False,1,TAKER,6681.0,0.0,['0.00 USD'],NO_TRIGGER,FILLED,NO_CONTINGENCY,,,,MY_GENERIC_ALGO,,O-20260309-052910-001-000-510,,948a762a-d7a3-4af1-b629-a76b8fa10ee7,2026-03-09 05:29:10.657059124+00:00,2026-03-09 05:29:10.657059124+00:00
BACKTESTER-001,OracleStrategy-000,MESM6.GLBX,GLBX-1-409,MESM6.GLBX-OracleStrategy-000,GLBX-001,GLBX-1-409,MARKET,BUY,1,GTC,False,False,1,TAKER,6681.0,0.0,['0.00 USD'],NO_TRIGGER,FILLED,NO_CONTINGENCY,,,,MY_GENERIC_ALGO,,O-20260309-052910-001-000-511,,fb096620-94d8-4461-8720-25dbe199ca57,2026-03-09 05:29:10.657059124+00:00,2026-03-09 05:29:10.657059124+00:00
BACKTESTER-001,OracleStrategy-000,MESM6.GLBX,GLBX-1-410,MESM6.GLBX-OracleStrategy-000,GLBX-001,GLBX-1-410,MARKET,SELL,1,GTC,True,False,1,TAKER,6688.75,0.0,['0.00 USD'],NO_TRIGGER,FILLED,NO_CONTINGENCY,,,,MY_GENERIC_ALGO,,O-20260309-053221-001-000-512,,fe942482-8f70-4dda-b4e0-13b8b24be68a,2026-03-09 05:32:21.092395733+00:00,2026-03-09 05:32:21.092395733+00:00
BACKTESTER-001,OracleStrategy-000,MESM6.GLBX,GLBX-1-411,MESM6.GLBX-OracleStrategy-000,GLBX-001,GLBX-1-411,MARKET,SELL,1,GTC,False,False,1,TAKER,6688.75,0.0,['0.00 USD'],NO_TRIGGER,FILLED,NO_CONTINGENCY,,,,MY_GENERIC_ALGO,,O-20260309-053221-001-000-513,,fa55b006-6b86-401d-956c-29b5c8baf607,2026-03-09 05:32:21.092395733+00:00,2026-03-09 05:32:21.092395733+00:00
BACKTESTER-001,OracleStrategy-000,MESM6.GLBX,GLBX-1-412,MESM6.GLBX-OracleStrategy-000,GLBX-001,GLBX-1-412,MARKET,BUY,1,GTC,True,False,1,TAKER,6685.25,0.0,['0.00 USD'],NO_TRIGGER,FILLED,NO_CONTINGENCY,,,,MY_GENERIC_ALGO,,O-20260309-053258-001-000-514,,dc08eef2-4455-4fe7-80d8-d1f63ad2f29c,2026-03-09 05:32:58.790191989+00:00,2026-03-09 05:32:58.790191989+00:00
BACKTESTER-001,OracleStrategy-000,MESM6.GLBX,GLBX-1-413,MESM6.GLBX-OracleStrategy-000,GLBX-001,GLBX-1-413,MARKET,BUY,1,GTC,False,False,1,TAKER,6685.25,0.0,['0.00 USD'],NO_TRIGGER,FILLED,NO_CONTINGENCY,,,,MY_GENERIC_ALGO,,O-20260309-053258-001-000-515,,fdd2c3a3-0aa2-4031-b97d-9a076ce105bd,2026-03-09 05:32:58.790191989+00:00,2026-03-09 05:32:58.790191989+00:00
BACKTESTER-001,OracleStrategy-000,MESM6.GLBX,GLBX-1-414,MESM6.GLBX-OracleStrategy-000,GLBX-001,GLBX-1-414,MARKET,SELL,1,GTC,True,False,1,TAKER,6686.5,0.0,['0.00 USD'],NO_TRIGGER,FILLED,NO_CONTINGENCY,,,,MY_GENERIC_ALGO,,O-20260309-053322-001-000-516,,b459841b-de81-4a24-a3bd-dae490e88fca,2026-03-09 05:33:22.717336230+00:00,2026-03-09 05:33:22.717336230+00:00
BACKTESTER-001,OracleStrategy-000,MESM6.GLBX,GLBX-1-415,MESM6.GLBX-OracleStrategy-000,GLBX-001,GLBX-1-415,MARKET,SELL,1,GTC,False,False,1,TAKER,6686.5,0.0,['0.00 USD'],NO_TRIGGER,FILLED,NO_CONTINGENCY,,,,MY_GENERIC_ALGO,,O-20260309-053322-001-000-517,,0bd49d67-1d32-4212-88ef-e384f5781d9b,2026-03-09 05:33:22.717336230+00:00,2026-03-09 05:33:22.717336230+00:00
BACKTESTER-001,OracleStrategy-000,MESM6.GLBX,GLBX-1-416,MESM6.GLBX-OracleStrategy-000,GLBX-001,GLBX-1-416,MARKET,BUY,1,GTC,True,False,1,TAKER,6684.0,0.0,['0.00 USD'],NO_TRIGGER,FILLED,NO_CONTINGENCY,,,,MY_GENERIC_ALGO,,O-20260309-053421-001-000-518,,0eb4a0e2-4dab-4b7d-8159-23a6e9ed4f6e,2026-03-09 05:34:21.791489975+00:00,2026-03-09 05:34:21.791489975+00:00
BACKTESTER-001,OracleStrategy-000,MESM6.GLBX,GLBX-1-417,MESM6.GLBX-OracleStrategy-000,GLBX-001,GLBX-1-417,MARKET,BUY,1,GTC,False,False,1,TAKER,6685.0,0.0,['0.00 USD'],NO_TRIGGER,FILLED,NO_CONTINGENCY,,,,MY_GENERIC_ALGO,,O-20260309-053436-001-000-521,,e82e471b-e6fa-49ec-b5c3-6aa36d5690c1,2026-03-09 05:34:36.889893832+00:00,2026-03-09 05:34:36.889893832+00:00
BACKTESTER-001,OracleStrategy-000,MESM6.GLBX,GLBX-1-418,MESM6.GLBX-OracleStrategy-000,GLBX-001,GLBX-1-418,MARKET,SELL,1,GTC,True,False,1,TAKER,6686.5,0.0,['0.00 USD'],NO_TRIGGER,FILLED,NO_CONTINGENCY,,,,MY_GENERIC_ALGO,,O-20260309-053458-001-000-522,,5e00f096-6ce5-4e48-8f3a-d68c1c43bbdd,2026-03-09 05:34:58.881975514+00:00,2026-03-09 05:34:58.881975514+00:00
BACKTESTER-001,OracleStrategy-000,MESM6.GLBX,GLBX-1-419,MESM6.GLBX-OracleStrategy-000,GLBX-001,GLBX-1-419,MARKET,SELL,1,GTC,False,False,1,TAKER,6686.25,0.0,['0.00 USD'],NO_TRIGGER,FILLED,NO_CONTINGENCY,,,,MY_GENERIC_ALGO,,O-20260309-053506-001-000-524,,0f3885db-c3bd-41b4-8147-b0ed7ddcb9ef,2026-03-09 05:35:06.561436067+00:00,2026-03-09 05:35:06.561436067+00:00
BACKTESTER-001,OracleStrategy-000,MESM6.GLBX,GLBX-1-420,MESM6.GLBX-OracleStrategy-000,GLBX-001,GLBX-1-420,MARKET,BUY,1,GTC,True,False,1,TAKER,6684.5,0.0,['0.00 USD'],NO_TRIGGER,FILLED,NO_CONTINGENCY,,,,MY_GENERIC_ALGO,,O-20260309-053542-001-000-525,,4380b11e-49b5-4d49-b708-7cbdf07cac4c,2026-03-09 05:35:42.687418795+00:00,2026-03-09 05:35:42.687418795+00:00
BACKTESTER-001,OracleStrategy-000,MESM6.GLBX,GLBX-1-421,MESM6.GLBX-OracleStrategy-000,GLBX-001,GLBX-1-421,MARKET,BUY,1,GTC,False,False,1,TAKER,6685.0,0.0,['0.00 USD'],NO_TRIGGER,FILLED,NO_CONTINGENCY,,,,MY_GENERIC_ALGO,,O-20260309-053543-001-000-527,,3af1bd91-cc0c-4a8e-a5df-b67884580968,2026-03-09 05:35:43.742254911+00:00,2026-03-09 05:35:43.742254911+00:00
BACKTESTER-001,OracleStrategy-000,MESM6.GLBX,GLBX-1-422,MESM6.GLBX-OracleStrategy-000,GLBX-001,GLBX-1-422,MARKET,SELL,1,GTC,True,False,1,TAKER,6685.0,0.0,['0.00 USD'],NO_TRIGGER,FILLED,NO_CONTINGENCY,,,,MY_GENERIC_ALGO,,O-20260309-053635-001-000-528,,dfb68ef3-b3a2-4036-abc9-744d2eb90b70,2026-03-09 05:36:35.052927583+00:00,2026-03-09 05:36:35.052927583+00:00
BACKTESTER-001,OracleStrategy-000,MESM6.GLBX,GLBX-1-423,MESM6.GLBX-OracleStrategy-000,GLBX-001,GLBX-1-423,MARKET,SELL,1,GTC,False,False,1,TAKER,6681.25,0.0,['0.00 USD'],NO_TRIGGER,FILLED,NO_CONTINGENCY,,,,MY_GENERIC_ALGO,,O-20260309-053707-001-000-531,,ca78044a-38ed-4b92-a976-60b299cf0347,2026-03-09 05:37:07.853336318+00:00,2026-03-09 05:37:07.853336318+00:00
BACKTESTER-001,OracleStrategy-000,MESM6.GLBX,GLBX-1-424,MESM6.GLBX-OracleStrategy-000,GLBX-001,GLBX-1-424,MARKET,BUY,1,GTC,True,False,1,TAKER,6677.25,0.0,['0.00 USD'],NO_TRIGGER,FILLED,NO_CONTINGENCY,,,,MY_GENERIC_ALGO,,O-20260309-054109-001-000-532,,cbc9504a-70b1-4884-a1cc-02fbab919d9a,2026-03-09 05:41:09.276682474+00:00,2026-03-09 05:41:09.276682474+00:00
BACKTESTER-001,OracleStrategy-000,MESM6.GLBX,GLBX-1-425,MESM6.GLBX-OracleStrategy-000,GLBX-001,GLBX-1-425,MARKET,BUY,1,GTC,False,False,1,TAKER,6677.25,0.0,['0.00 USD'],NO_TRIGGER,FILLED,NO_CONTINGENCY,,,,MY_GENERIC_ALGO,,O-20260309-054109-001-000-533,,198450c0-0ae0-4a92-a8c2-460431f594ce,2026-03-09 05:41:09.276682474+00:00,2026-03-09 05:41:09.276682474+00:00
BACKTESTER-001,OracleStrategy-000,MESM6.GLBX,GLBX-1-426,MESM6.GLBX-OracleStrategy-000,GLBX-001,GLBX-1-426,MARKET,SELL,1,GTC,True,False,1,TAKER,6687.0,0.0,['0.00 USD'],NO_TRIGGER,FILLED,NO_CONTINGENCY,,,,MY_GENERIC_ALGO,,O-20260309-054418-001-000-534,,0cf5d5de-01af-4064-a1e2-c3cd90b4ddd5,2026-03-09 05:44:18.663670410+00:00,2026-03-09 05:44:18.663670410+00:00
BACKTESTER-001,OracleStrategy-000,MESM6.GLBX,GLBX-1-427,MESM6.GLBX-OracleStrategy-000,GLBX-001,GLBX-1-427,MARKET,SELL,1,GTC,False,False,1,TAKER,6687.0,0.0,['0.00 USD'],NO_TRIGGER,FILLED,NO_CONTINGENCY,,,,MY_GENERIC_ALGO,,O-20260309-054418-001-000-535,,0ef0feac-c599-439f-a257-196149532ba3,2026-03-09 05:44:18.663670410+00:00,2026-03-09 05:44:18.663670410+00:00
BACKTESTER-001,OracleStrategy-000,MESM6.GLBX,GLBX-1-428,MESM6.GLBX-OracleStrategy-000,GLBX-001,GLBX-1-428,MARKET,BUY,1,GTC,True,False,1,TAKER,6682.5,0.0,['0.00 USD'],NO_TRIGGER,FILLED,NO_CONTINGENCY,,,,MY_GENERIC_ALGO,,O-20260309-054630-001-000-536,,c83f4414-7834-449b-8619-2dd9a4101071,2026-03-09 05:46:30.125312154+00:00,2026-03-09 05:46:30.125312154+00:00
BACKTESTER-001,OracleStrategy-000,MESM6.GLBX,GLBX-1-429,MESM6.GLBX-OracleStrategy-000,GLBX-001,GLBX-1-429,MARKET,BUY,1,GTC,False,False,1,TAKER,6682.5,0.0,['0.00 USD'],NO_TRIGGER,FILLED,NO_CONTINGENCY,,,,MY_GENERIC_ALGO,,O-20260309-054630-001-000-537,,937e7967-0b09-40cc-881f-7bdf31541ae4,2026-03-09 05:46:30.125312154+00:00,2026-03-09 05:46:30.125312154+00:00
BACKTESTER-001,OracleStrategy-000,MESM6.GLBX,GLBX-1-430,MESM6.GLBX-OracleStrategy-000,GLBX-001,GLBX-1-430,MARKET,SELL,1,GTC,True,False,1,TAKER,6682.75,0.0,['0.00 USD'],NO_TRIGGER,FILLED,NO_CONTINGENCY,,,,MY_GENERIC_ALGO,,O-20260309-054711-001-000-538,,1677dd82-26d5-4d74-bbca-aba83aa68173,2026-03-09 05:47:11.448667466+00:00,2026-03-09 05:47:11.448667466+00:00
BACKTESTER-001,OracleStrategy-000,MESM6.GLBX,GLBX-1-431,MESM6.GLBX-OracleStrategy-000,GLBX-001,GLBX-1-431,MARKET,BUY,1,GTC,False,False,1,TAKER,6682.0,0.0,['0.00 USD'],NO_TRIGGER,FILLED,NO_CONTINGENCY,,,,MY_GENERIC_ALGO,,O-20260309-054756-001-000-540,,47cd642e-66c2-4542-b60c-340e871233b2,2026-03-09 05:47:56.706769709+00:00,2026-03-09 05:47:56.706769709+00:00
BACKTESTER-001,OracleStrategy-000,MESM6.GLBX,GLBX-1-432,MESM6.GLBX-OracleStrategy-000,GLBX-001,GLBX-1-432,MARKET,SELL,1,GTC,True,False,1,TAKER,6692.0,0.0,['0.00 USD'],NO_TRIGGER,FILLED,NO_CONTINGENCY,,,,MY_GENERIC_ALGO,,O-20260309-055135-001-000-541,,8b714602-747b-47b0-a8eb-cfb3aa10187f,2026-03-09 05:51:35.216506939+00:00,2026-03-09 05:51:35.216506939+00:00
BACKTESTER-001,OracleStrategy-000,MESM6.GLBX,GLBX-1-433,MESM6.GLBX-OracleStrategy-000,GLBX-001,GLBX-1-433,MARKET,SELL,1,GTC,False,False,1,TAKER,6692.0,0.0,['0.00 USD'],NO_TRIGGER,FILLED,NO_CONTINGENCY,,,,MY_GENERIC_ALGO,,O-20260309-055135-001-000-542,,09e1c5e4-a184-425a-9d11-fbc11058ce06,2026-03-09 05:51:35.216506939+00:00,2026-03-09 05:51:35.216506939+00:00
BACKTESTER-001,OracleStrategy-000,MESM6.GLBX,GLBX-1-434,MESM6.GLBX-OracleStrategy-000,GLBX-001,GLBX-1-434,MARKET,BUY,1,GTC,True,False,1,TAKER,6684.5,0.0,['0.00 USD'],NO_TRIGGER,FILLED,NO_CONTINGENCY,,,,MY_GENERIC_ALGO,,O-20260309-055626-001-000-543,,777d17af-48e2-48ad-a96d-231780b29268,2026-03-09 05:56:26.185783062+00:00,2026-03-09 05:56:26.185783062+00:00
BACKTESTER-001,OracleStrategy-000,MESM6.GLBX,GLBX-1-435,MESM6.GLBX-OracleStrategy-000,GLBX-001,GLBX-1-435,MARKET,BUY,1,GTC,False,False,1,TAKER,6684.5,0.0,['0.00 USD'],NO_TRIGGER,FILLED,NO_CONTINGENCY,,,,MY_GENERIC_ALGO,,O-20260309-055626-001-000-544,,e9908ca7-4f59-4f8b-a79a-dbd18256b6b4,2026-03-09 05:56:26.185783062+00:00,2026-03-09 05:56:26.185783062+00:00
BACKTESTER-001,OracleStrategy-000,MESM6.GLBX,GLBX-1-436,MESM6.GLBX-OracleStrategy-000,GLBX-001,GLBX-1-436,MARKET,SELL,1,GTC,True,False,1,TAKER,6691.0,0.0,['0.00 USD'],NO_TRIGGER,FILLED,NO_CONTINGENCY,,,,MY_GENERIC_ALGO,,O-20260309-055950-001-000-545,,80ec4f30-5d9b-47c1-97bb-adfd16f6c342,2026-03-09 05:59:50.483218474+00:00,2026-03-09 05:59:50.483218474+00:00
BACKTESTER-001,OracleStrategy-000,MESM6.GLBX,GLBX-1-437,MESM6.GLBX-OracleStrategy-000,GLBX-001,GLBX-1-437,MARKET,SELL,1,GTC,False,False,1,TAKER,6691.0,0.0,['0.00 USD'],NO_TRIGGER,FILLED,NO_CONTINGENCY,,,,MY_GENERIC_ALGO,,O-20260309-055950-001-000-546,,42717307-1c14-4ab6-a3ab-a7d25576e72f,2026-03-09 05:59:50.483218474+00:00,2026-03-09 05:59:50.483218474+00:00
BACKTESTER-001,OracleStrategy-000,MESM6.GLBX,GLBX-1-438,MESM6.GLBX-OracleStrategy-000,GLBX-001,GLBX-1-438,MARKET,BUY,1,GTC,True,False,1,TAKER,6689.5,0.0,['0.00 USD'],NO_TRIGGER,FILLED,NO_CONTINGENCY,,,,MY_GENERIC_ALGO,,O-20260309-060043-001-000-547,,52ad5840-3732-400a-bbd2-0800014d22bb,2026-03-09 06:00:43.950702676+00:00,2026-03-09 06:00:43.950702676+00:00
BACKTESTER-001,OracleStrategy-000,MESM6.GLBX,GLBX-1-439,MESM6.GLBX-OracleStrategy-000,GLBX-001,GLBX-1-439,MARKET,BUY,1,GTC,False,False,1,TAKER,6689.5,0.0,['0.00 USD'],NO_TRIGGER,FILLED,NO_CONTINGENCY,,,,MY_GENERIC_ALGO,,O-20260309-060043-001-000-548,,d90b9096-cbed-4da8-a2c7-05a5f3361680,2026-03-09 06:00:43.950702676+00:00,2026-03-09 06:00:43.950702676+00:00
BACKTESTER-001,OracleStrategy-000,MESM6.GLBX,GLBX-1-440,MESM6.GLBX-OracleStrategy-000,GLBX-001,GLBX-1-440,MARKET,SELL,1,GTC,True,False,1,TAKER,6690.25,0.0,['0.00 USD'],NO_TRIGGER,FILLED,NO_CONTINGENCY,,,,MY_GENERIC_ALGO,,O-20260309-060156-001-000-549,,92b54e46-853d-4f7d-b6c4-d40d89523ceb,2026-03-09 06:01:56.878285823+00:00,2026-03-09 06:01:56.878285823+00:00
BACKTESTER-001,OracleStrategy-000,MESM6.GLBX,GLBX-1-441,MESM6.GLBX-OracleStrategy-000,GLBX-001,GLBX-1-441,MARKET,SELL,1,GTC,False,False,1,TAKER,6690.25,0.0,['0.00 USD'],NO_TRIGGER,FILLED,NO_CONTINGENCY,,,,MY_GENERIC_ALGO,,O-20260309-060156-001-000-550,,5e386b70-d4b6-4767-a97f-8e218924e930,2026-03-09 06:01:56.878285823+00:00,2026-03-09 06:01:56.878285823+00:00
BACKTESTER-001,OracleStrategy-000,MESM6.GLBX,GLBX-1-442,MESM6.GLBX-OracleStrategy-000,GLBX-001,GLBX-1-442,MARKET,BUY,1,GTC,True,False,1,TAKER,6687.75,0.0,['0.00 USD'],NO_TRIGGER,FILLED,NO_CONTINGENCY,,,,MY_GENERIC_ALGO,,O-20260309-060237-001-000-551,,448bab8f-d591-4f6c-affa-e865cda0374f,2026-03-09 06:02:37.323811399+00:00,2026-03-09 06:02:37.323811399+00:00
BACKTESTER-001,OracleStrategy-000,MESM6.GLBX,GLBX-1-443,MESM6.GLBX-OracleStrategy-000,GLBX-001,GLBX-1-443,MARKET,BUY,1,GTC,False,False,1,TAKER,6687.75,0.0,['0.00 USD'],NO_TRIGGER,FILLED,NO_CONTINGENCY,,,,MY_GENERIC_ALGO,,O-20260309-060237-001-000-552,,fd99e7c0-7aa4-4416-96a3-0f65ee896097,2026-03-09 06:02:37.323811399+00:00,2026-03-09 06:02:37.323811399+00:00
BACKTESTER-001,OracleStrategy-000,MESM6.GLBX,GLBX-1-444,MESM6.GLBX-OracleStrategy-000,GLBX-001,GLBX-1-444,MARKET,SELL,1,GTC,True,False,1,TAKER,6688.25,0.0,['0.00 USD'],NO_TRIGGER,FILLED,NO_CONTINGENCY,,,,MY_GENERIC_ALGO,,O-20260309-060255-001-000-553,,2b735df7-a285-4ec2-8457-fa45bd08a606,2026-03-09 06:02:55.481996797+00:00,2026-03-09 06:02:55.481996797+00:00
BACKTESTER-001,OracleStrategy-000,MESM6.GLBX,GLBX-1-445,MESM6.GLBX-OracleStrategy-000,GLBX-001,GLBX-1-445,MARKET,BUY,1,GTC,False,False,1,TAKER,6687.25,0.0,['0.00 USD'],NO_TRIGGER,FILLED,NO_CONTINGENCY,,,,MY_GENERIC_ALGO,,O-20260309-060416-001-000-556,,6f0d6b17-6b6a-42d9-ba8e-bacf150184d2,2026-03-09 06:04:16.769232353+00:00,2026-03-09 06:04:16.769232353+00:00
BACKTESTER-001,OracleStrategy-000,MESM6.GLBX,GLBX-1-446,MESM6.GLBX-OracleStrategy-000,GLBX-001,GLBX-1-446,MARKET,SELL,1,GTC,True,False,1,TAKER,6691.75,0.0,['0.00 USD'],NO_TRIGGER,FILLED,NO_CONTINGENCY,,,,MY_GENERIC_ALGO,,O-20260309-060530-001-000-557,,df977adc-44b6-4720-b750-4dbc45d4beaf,2026-03-09 06:05:30.275727351+00:00,2026-03-09 06:05:30.275727351+00:00
BACKTESTER-001,OracleStrategy-000,MESM6.GLBX,GLBX-1-447,MESM6.GLBX-OracleStrategy-000,GLBX-001,GLBX-1-447,MARKET,SELL,1,GTC,False,False,1,TAKER,6691.5,0.0,['0.00 USD'],NO_TRIGGER,FILLED,NO_CONTINGENCY,,,,MY_GENERIC_ALGO,,O-20260309-060535-001-000-559,,3c0c7cd3-6461-4d63-84ab-43ddce9a3aa7,2026-03-09 06:05:35.481222904+00:00,2026-03-09 06:05:35.481222904+00:00
BACKTESTER-001,OracleStrategy-000,MESM6.GLBX,GLBX-1-448,MESM6.GLBX-OracleStrategy-000,GLBX-001,GLBX-1-448,MARKET,BUY,1,GTC,True,False,1,TAKER,6689.75,0.0,['0.00 USD'],NO_TRIGGER,FILLED,NO_CONTINGENCY,,,,MY_GENERIC_ALGO,,O-20260309-060641-001-000-560,,6827424b-5c8e-49c8-9ebc-a6a46169fea7,2026-03-09 06:06:41.566586851+00:00,2026-03-09 06:06:41.566586851+00:00
BACKTESTER-001,OracleStrategy-000,MESM6.GLBX,GLBX-1-449,MESM6.GLBX-OracleStrategy-000,GLBX-001,GLBX-1-449,MARKET,SELL,1,GTC,False,False,1,TAKER,6691.5,0.0,['0.00 USD'],NO_TRIGGER,FILLED,NO_CONTINGENCY,,,,MY_GENERIC_ALGO,,O-20260309-060653-001-000-562,,c17e69c9-62c1-4a8d-aacc-541894308be3,2026-03-09 06:06:53.881094410+00:00,2026-03-09 06:06:53.881094410+00:00
BACKTESTER-001,OracleStrategy-000,MESM6.GLBX,GLBX-1-450,MESM6.GLBX-OracleStrategy-000,GLBX-001,GLBX-1-450,MARKET,BUY,1,GTC,True,False,1,TAKER,6690.5,0.0,['0.00 USD'],NO_TRIGGER,FILLED,NO_CONTINGENCY,,,,MY_GENERIC_ALGO,,O-20260309-060732-001-000-563,,650e16e8-e76e-44df-9ab0-76e2f9e33cc9,2026-03-09 06:07:32.688477268+00:00,2026-03-09 06:07:32.688477268+00:00
BACKTESTER-001,OracleStrategy-000,MESM6.GLBX,GLBX-1-451,MESM6.GLBX-OracleStrategy-000,GLBX-001,GLBX-1-451,MARKET,BUY,1,GTC,False,False,1,TAKER,6690.5,0.0,['0.00 USD'],NO_TRIGGER,FILLED,NO_CONTINGENCY,,,,MY_GENERIC_ALGO,,O-20260309-060732-001-000-564,,04f44589-78ca-4578-b2bb-9903089c94a6,2026-03-09 06:07:32.688477268+00:00,2026-03-09 06:07:32.688477268+00:00
BACKTESTER-001,OracleStrategy-000,MESM6.GLBX,GLBX-1-452,MESM6.GLBX-OracleStrategy-000,GLBX-001,GLBX-1-452,MARKET,SELL,1,GTC,True,False,1,TAKER,6693.0,0.0,['0.00 USD'],NO_TRIGGER,FILLED,NO_CONTINGENCY,,,,MY_GENERIC_ALGO,,O-20260309-060811-001-000-565,,95a6215c-cb0b-482b-ba8a-7c2c28a06485,2026-03-09 06:08:11.484661837+00:00,2026-03-09 06:08:11.484661837+00:00
BACKTESTER-001,OracleStrategy-000,MESM6.GLBX,GLBX-1-453,MESM6.GLBX-OracleStrategy-000,GLBX-001,GLBX-1-453,MARKET,SELL,1,GTC,False,False,1,TAKER,6693.0,0.0,['0.00 USD'],NO_TRIGGER,FILLED,NO_CONTINGENCY,,,,MY_GENERIC_ALGO,,O-20260309-060811-001-000-566,,0e5b5bc4-d8ea-4959-b92b-464d7ddcc31c,2026-03-09 06:08:11.484661837+00:00,2026-03-09 06:08:11.484661837+00:00
BACKTESTER-001,OracleStrategy-000,MESM6.GLBX,GLBX-1-454,MESM6.GLBX-OracleStrategy-000,GLBX-001,GLBX-1-454,MARKET,BUY,1,GTC,True,False,1,TAKER,6692.25,0.0,['0.00 USD'],NO_TRIGGER,FILLED,NO_CONTINGENCY,,,,MY_GENERIC_ALGO,,O-20260309-060848-001-000-567,,0ac818f7-9548-4849-a574-b98aecbf9690,2026-03-09 06:08:48.724113271+00:00,2026-03-09 06:08:48.724113271+00:00
BACKTESTER-001,OracleStrategy-000,MESM6.GLBX,GLBX-1-455,MESM6.GLBX-OracleStrategy-000,GLBX-001,GLBX-1-455,MARKET,BUY,1,GTC,False,False,1,TAKER,6692.25,0.0,['0.00 USD'],NO_TRIGGER,FILLED,NO_CONTINGENCY,,,,MY_GENERIC_ALGO,,O-20260309-060848-001-000-568,,86c97a86-4e07-41f4-983b-c23cf36ca2e7,2026-03-09 06:08:48.724113271+00:00,2026-03-09 06:08:48.724113271+00:00
BACKTESTER-001,OracleStrategy-000,MESM6.GLBX,GLBX-1-456,MESM6.GLBX-OracleStrategy-000,GLBX-001,GLBX-1-456,MARKET,SELL,1,GTC,True,False,1,TAKER,6699.75,0.0,['0.00 USD'],NO_TRIGGER,FILLED,NO_CONTINGENCY,,,,MY_GENERIC_ALGO,,O-20260309-061059-001-000-569,,dd8fe36a-b98b-4703-b3b0-76cd29a19eaf,2026-03-09 06:10:59.099665923+00:00,2026-03-09 06:10:59.099665923+00:00
BACKTESTER-001,OracleStrategy-000,MESM6.GLBX,GLBX-1-457,MESM6.GLBX-OracleStrategy-000,GLBX-001,GLBX-1-457,MARKET,SELL,1,GTC,False,False,1,TAKER,6699.75,0.0,['0.00 USD'],NO_TRIGGER,FILLED,NO_CONTINGENCY,,,,MY_GENERIC_ALGO,,O-20260309-061059-001-000-570,,47d3e9f9-5463-4a56-964c-9b774b16c2fb,2026-03-09 06:10:59.099665923+00:00,2026-03-09 06:10:59.099665923+00:00
BACKTESTER-001,OracleStrategy-000,MESM6.GLBX,GLBX-1-458,MESM6.GLBX-OracleStrategy-000,GLBX-001,GLBX-1-458,MARKET,BUY,1,GTC,True,False,1,TAKER,6697.75,0.0,['0.00 USD'],NO_TRIGGER,FILLED,NO_CONTINGENCY,,,,MY_GENERIC_ALGO,,O-20260309-061157-001-000-571,,8638cd73-14e6-47be-a337-e4e30644062e,2026-03-09 06:11:57.620391272+00:00,2026-03-09 06:11:57.620391272+00:00
BACKTESTER-001,OracleStrategy-000,MESM6.GLBX,GLBX-1-459,MESM6.GLBX-OracleStrategy-000,GLBX-001,GLBX-1-459,MARKET,BUY,1,GTC,False,False,1,TAKER,6697.75,0.0,['0.00 USD'],NO_TRIGGER,FILLED,NO_CONTINGENCY,,,,MY_GENERIC_ALGO,,O-20260309-061157-001-000-572,,e0b54211-8bb9-430f-9182-00da6454a4fc,2026-03-09 06:11:57.620391272+00:00,2026-03-09 06:11:57.620391272+00:00
BACKTESTER-001,OracleStrategy-000,MESM6.GLBX,GLBX-1-460,MESM6.GLBX-OracleStrategy-000,GLBX-001,GLBX-1-460,MARKET,SELL,1,GTC,True,False,1,TAKER,6697.5,0.0,['0.00 USD'],NO_TRIGGER,FILLED,NO_CONTINGENCY,,,,MY_GENERIC_ALGO,,O-20260309-061325-001-000-573,,90e7fda2-3f2f-4c41-9bcb-7e7e8ec25142,2026-03-09 06:13:25.616919058+00:00,2026-03-09 06:13:25.616919058+00:00
BACKTESTER-001,OracleStrategy-000,MESM6.GLBX,GLBX-1-461,MESM6.GLBX-OracleStrategy-000,GLBX-001,GLBX-1-461,MARKET,SELL,1,GTC,False,False,1,TAKER,6697.5,0.0,['0.00 USD'],NO_TRIGGER,FILLED,NO_CONTINGENCY,,,,MY_GENERIC_ALGO,,O-20260309-061325-001-000-574,,9b0a9607-5878-41b3-a692-7b30e2b02456,2026-03-09 06:13:25.616919058+00:00,2026-03-09 06:13:25.616919058+00:00
BACKTESTER-001,OracleStrategy-000,MESM6.GLBX,GLBX-1-462,MESM6.GLBX-OracleStrategy-000,GLBX-001,GLBX-1-462,MARKET,BUY,1,GTC,True,False,1,TAKER,6695.0,0.0,['0.00 USD'],NO_TRIGGER,FILLED,NO_CONTINGENCY,,,,MY_GENERIC_ALGO,,O-20260309-061359-001-000-575,,f259579e-fba7-4b69-bf1f-f5ada1ffe0b6,2026-03-09 06:13:59.972282690+00:00,2026-03-09 06:13:59.972282690+00:00
BACKTESTER-001,OracleStrategy-000,MESM6.GLBX,GLBX-1-463,MESM6.GLBX-OracleStrategy-000,GLBX-001,GLBX-1-463,MARKET,BUY,1,GTC,False,False,1,TAKER,6695.0,0.0,['0.00 USD'],NO_TRIGGER,FILLED,NO_CONTINGENCY,,,,MY_GENERIC_ALGO,,O-20260309-061359-001-000-576,,97c8b18c-1867-4f97-821e-d87498ef2dc4,2026-03-09 06:13:59.972282690+00:00,2026-03-09 06:13:59.972282690+00:00
BACKTESTER-001,OracleStrategy-000,MESM6.GLBX,GLBX-1-464,MESM6.GLBX-OracleStrategy-000,GLBX-001,GLBX-1-464,MARKET,SELL,1,GTC,True,False,1,TAKER,6694.25,0.0,['0.00 USD'],NO_TRIGGER,FILLED,NO_CONTINGENCY,,,,MY_GENERIC_ALGO,,O-20260309-061438-001-000-577,,44f8aff2-5fc7-4a9b-a3bc-2289bd2291c5,2026-03-09 06:14:38.637218871+00:00,2026-03-09 06:14:38.637218871+00:00
BACKTESTER-001,OracleStrategy-000,MESM6.GLBX,GLBX-1-465,MESM6.GLBX-OracleStrategy-000,GLBX-001,GLBX-1-465,MARKET,SELL,1,GTC,False,False,1,TAKER,6694.25,0.0,['0.00 USD'],NO_TRIGGER,FILLED,NO_CONTINGENCY,,,,MY_GENERIC_ALGO,,O-20260309-061438-001-000-578,,63ffaf15-ee8d-4071-8a2d-427dbd4cb736,2026-03-09 06:14:38.637218871+00:00,2026-03-09 06:14:38.637218871+00:00
BACKTESTER-001,OracleStrategy-000,MESM6.GLBX,GLBX-1-466,MESM6.GLBX-OracleStrategy-000,GLBX-001,GLBX-1-466,MARKET,BUY,1,GTC,True,False,1,TAKER,6694.0,0.0,['0.00 USD'],NO_TRIGGER,FILLED,NO_CONTINGENCY,,,,MY_GENERIC_ALGO,,O-20260309-061608-001-000-579,,aadca487-95c3-4729-bf74-9f9921a7f6c2,2026-03-09 06:16:08.967926015+00:00,2026-03-09 06:16:08.967926015+00:00
BACKTESTER-001,OracleStrategy-000,MESM6.GLBX,GLBX-1-467,MESM6.GLBX-OracleStrategy-000,GLBX-001,GLBX-1-467,MARKET,BUY,1,GTC,False,False,1,TAKER,6692.75,0.0,['0.00 USD'],NO_TRIGGER,FILLED,NO_CONTINGENCY,,,,MY_GENERIC_ALGO,,O-20260309-061616-001-000-581,,4fd62105-a394-462d-9ff8-5be66a7e1dc7,2026-03-09 06:16:16.318210279+00:00,2026-03-09 06:16:16.318210279+00:00
BACKTESTER-001,OracleStrategy-000,MESM6.GLBX,GLBX-1-468,MESM6.GLBX-OracleStrategy-000,GLBX-001,GLBX-1-468,MARKET,SELL,1,GTC,True,False,1,TAKER,6698.5,0.0,['0.00 USD'],NO_TRIGGER,FILLED,NO_CONTINGENCY,,,,MY_GENERIC_ALGO,,O-20260309-061836-001-000-582,,26084f94-cef9-47ff-96d8-0ef19a8ee608,2026-03-09 06:18:36.575063339+00:00,2026-03-09 06:18:36.575063339+00:00
BACKTESTER-001,OracleStrategy-000,MESM6.GLBX,GLBX-1-469,MESM6.GLBX-OracleStrategy-000,GLBX-001,GLBX-1-469,MARKET,SELL,1,GTC,False,False,1,TAKER,6698.5,0.0,['0.00 USD'],NO_TRIGGER,FILLED,NO_CONTINGENCY,,,,MY_GENERIC_ALGO,,O-20260309-061836-001-000-583,,8db7e89c-814f-4fa5-a764-2591995eb12e,2026-03-09 06:18:36.575063339+00:00,2026-03-09 06:18:36.575063339+00:00
BACKTESTER-001,OracleStrategy-000,MESM6.GLBX,GLBX-1-470,MESM6.GLBX-OracleStrategy-000,GLBX-001,GLBX-1-470,MARKET,BUY,1,GTC,True,False,1,TAKER,6698.0,0.0,['0.00 USD'],NO_TRIGGER,FILLED,NO_CONTINGENCY,,,,MY_GENERIC_ALGO,,O-20260309-061853-001-000-584,,25e31a08-14ee-4210-b50d-61ad4b4eb9d4,2026-03-09 06:18:53.773012334+00:00,2026-03-09 06:18:53.773012334+00:00
BACKTESTER-001,OracleStrategy-000,MESM6.GLBX,GLBX-1-471,MESM6.GLBX-OracleStrategy-000,GLBX-001,GLBX-1-471,MARKET,SELL,1,GTC,False,False,1,TAKER,6698.0,0.0,['0.00 USD'],NO_TRIGGER,FILLED,NO_CONTINGENCY,,,,MY_GENERIC_ALGO,,O-20260309-061923-001-000-586,,0bbd07c0-6a43-46ad-a943-393e2aa3c33f,2026-03-09 06:19:23.994875714+00:00,2026-03-09 06:19:23.994875714+00:00
BACKTESTER-001,OracleStrategy-000,MESM6.GLBX,GLBX-1-472,MESM6.GLBX-OracleStrategy-000,GLBX-001,GLBX-1-472,MARKET,BUY,1,GTC,True,False,1,TAKER,6690.75,0.0,['0.00 USD'],NO_TRIGGER,FILLED,NO_CONTINGENCY,,,,MY_GENERIC_ALGO,,O-20260309-062122-001-000-587,,601981de-38c5-43ce-ae13-3984393f81e2,2026-03-09 06:21:22.210184687+00:00,2026-03-09 06:21:22.210184687+00:00
BACKTESTER-001,OracleStrategy-000,MESM6.GLBX,GLBX-1-473,MESM6.GLBX-OracleStrategy-000,GLBX-001,GLBX-1-473,MARKET,BUY,1,GTC,False,False,1,TAKER,6690.75,0.0,['0.00 USD'],NO_TRIGGER,FILLED,NO_CONTINGENCY,,,,MY_GENERIC_ALGO,,O-20260309-062122-001-000-588,,9e09d12b-5dff-4765-bc8b-ab0db3f8dd0a,2026-03-09 06:21:22.210184687+00:00,2026-03-09 06:21:22.210184687+00:00
BACKTESTER-001,OracleStrategy-000,MESM6.GLBX,GLBX-1-474,MESM6.GLBX-OracleStrategy-000,GLBX-001,GLBX-1-474,MARKET,SELL,1,GTC,True,False,1,TAKER,6696.75,0.0,['0.00 USD'],NO_TRIGGER,FILLED,NO_CONTINGENCY,,,,MY_GENERIC_ALGO,,O-20260309-062209-001-000-589,,8b7a6c6f-5bc5-416a-bd2c-99175ef22ac6,2026-03-09 06:22:09.684545837+00:00,2026-03-09 06:22:09.684545837+00:00
BACKTESTER-001,OracleStrategy-000,MESM6.GLBX,GLBX-1-475,MESM6.GLBX-OracleStrategy-000,GLBX-001,GLBX-1-475,MARKET,SELL,1,GTC,False,False,1,TAKER,6696.75,0.0,['0.00 USD'],NO_TRIGGER,FILLED,NO_CONTINGENCY,,,,MY_GENERIC_ALGO,,O-20260309-062209-001-000-590,,bd7834fe-4578-4357-8acf-af7cdeaacebe,2026-03-09 06:22:09.684545837+00:00,2026-03-09 06:22:09.684545837+00:00
BACKTESTER-001,OracleStrategy-000,MESM6.GLBX,GLBX-1-476,MESM6.GLBX-OracleStrategy-000,GLBX-001,GLBX-1-476,MARKET,BUY,1,GTC,True,False,1,TAKER,6696.0,0.0,['0.00 USD'],NO_TRIGGER,FILLED,NO_CONTINGENCY,,,,MY_GENERIC_ALGO,,O-20260309-062312-001-000-591,,66e12b19-732b-4cff-942b-f84ffbac286e,2026-03-09 06:23:12.593388181+00:00,2026-03-09 06:23:12.593388181+00:00
BACKTESTER-001,OracleStrategy-000,MESM6.GLBX,GLBX-1-477,MESM6.GLBX-OracleStrategy-000,GLBX-001,GLBX-1-477,MARKET,BUY,1,GTC,False,False,1,TAKER,6696.0,0.0,['0.00 USD'],NO_TRIGGER,FILLED,NO_CONTINGENCY,,,,MY_GENERIC_ALGO,,O-20260309-062312-001-000-592,,398b2b0c-33a7-4ea9-b549-da9a6a24429e,2026-03-09 06:23:12.593388181+00:00,2026-03-09 06:23:12.593388181+00:00
BACKTESTER-001,OracleStrategy-000,MESM6.GLBX,GLBX-1-478,MESM6.GLBX-OracleStrategy-000,GLBX-001,GLBX-1-478,MARKET,SELL,1,GTC,True,False,1,TAKER,6697.75,0.0,['0.00 USD'],NO_TRIGGER,FILLED,NO_CONTINGENCY,,,,MY_GENERIC_ALGO,,O-20260309-062417-001-000-593,,b9deb821-6ab6-4fcf-ae69-b36e233ab906,2026-03-09 06:24:17.823468477+00:00,2026-03-09 06:24:17.823468477+00:00
BACKTESTER-001,OracleStrategy-000,MESM6.GLBX,GLBX-1-479,MESM6.GLBX-OracleStrategy-000,GLBX-001,GLBX-1-479,MARKET,SELL,1,GTC,False,False,1,TAKER,6697.75,0.0,['0.00 USD'],NO_TRIGGER,FILLED,NO_CONTINGENCY,,,,MY_GENERIC_ALGO,,O-20260309-062417-001-000-594,,d10595bc-b07a-4ffc-8f91-ee1ee335cf45,2026-03-09 06:24:17.823468477+00:00,2026-03-09 06:24:17.823468477+00:00
BACKTESTER-001,OracleStrategy-000,MESM6.GLBX,GLBX-1-480,MESM6.GLBX-OracleStrategy-000,GLBX-001,GLBX-1-480,MARKET,BUY,1,GTC,True,False,1,TAKER,6697.0,0.0,['0.00 USD'],NO_TRIGGER,FILLED,NO_CONTINGENCY,,,,MY_GENERIC_ALGO,,O-20260309-062503-001-000-595,,1af0ff23-c985-4bb3-809b-c44f307d5f1e,2026-03-09 06:25:03.133144650+00:00,2026-03-09 06:25:03.133144650+00:00
BACKTESTER-001,OracleStrategy-000,MESM6.GLBX,GLBX-1-481,MESM6.GLBX-OracleStrategy-000,GLBX-001,GLBX-1-481,MARKET,SELL,1,GTC,False,False,1,TAKER,6699.25,0.0,['0.00 USD'],NO_TRIGGER,FILLED,NO_CONTINGENCY,,,,MY_GENERIC_ALGO,,O-20260309-062721-001-000-599,,abe62d36-66f6-4849-9e74-9617cb778896,2026-03-09 06:27:21.068380951+00:00,2026-03-09 06:27:21.068380951+00:00
BACKTESTER-001,OracleStrategy-000,MESM6.GLBX,GLBX-1-482,MESM6.GLBX-OracleStrategy-000,GLBX-001,GLBX-1-482,MARKET,BUY,1,GTC,True,False,1,TAKER,6696.75,0.0,['0.00 USD'],NO_TRIGGER,FILLED,NO_CONTINGENCY,,,,MY_GENERIC_ALGO,,O-20260309-062818-001-000-600,,394786b0-984f-43ba-adbe-4de6b9731ef3,2026-03-09 06:28:18.696584495+00:00,2026-03-09 06:28:18.696584495+00:00
BACKTESTER-001,OracleStrategy-000,MESM6.GLBX,GLBX-1-483,MESM6.GLBX-OracleStrategy-000,GLBX-001,GLBX-1-483,MARKET,BUY,1,GTC,False,False,1,TAKER,6695.75,0.0,['0.00 USD'],NO_TRIGGER,FILLED,NO_CONTINGENCY,,,,MY_GENERIC_ALGO,,O-20260309-062823-001-000-602,,a7152093-ed8b-4927-8227-55366e1ee7df,2026-03-09 06:28:23.924906863+00:00,2026-03-09 06:28:23.924906863+00:00
BACKTESTER-001,OracleStrategy-000,MESM6.GLBX,GLBX-1-484,MESM6.GLBX-OracleStrategy-000,GLBX-001,GLBX-1-484,MARKET,SELL,1,GTC,True,False,1,TAKER,6697.0,0.0,['0.00 USD'],NO_TRIGGER,FILLED,NO_CONTINGENCY,,,,MY_GENERIC_ALGO,,O-20260309-062844-001-000-603,,1fb1515f-5541-4756-9fa2-65316a86b453,2026-03-09 06:28:44.366067877+00:00,2026-03-09 06:28:44.366067877+00:00
BACKTESTER-001,OracleStrategy-000,MESM6.GLBX,GLBX-1-485,MESM6.GLBX-OracleStrategy-000,GLBX-001,GLBX-1-485,MARKET,SELL,1,GTC,False,False,1,TAKER,6697.0,0.0,['0.00 USD'],NO_TRIGGER,FILLED,NO_CONTINGENCY,,,,MY_GENERIC_ALGO,,O-20260309-062844-001-000-604,,0216914f-b92d-4380-be15-f4400070b209,2026-03-09 06:28:44.366067877+00:00,2026-03-09 06:28:44.366067877+00:00
BACKTESTER-001,OracleStrategy-000,MESM6.GLBX,GLBX-1-486,MESM6.GLBX-OracleStrategy-000,GLBX-001,GLBX-1-486,MARKET,BUY,1,GTC,True,False,1,TAKER,6692.5,0.0,['0.00 USD'],NO_TRIGGER,FILLED,NO_CONTINGENCY,,,,MY_GENERIC_ALGO,,O-20260309-063047-001-000-605,,dbbee30d-af1d-4b60-b932-147f9a55e2e4,2026-03-09 06:30:47.068139771+00:00,2026-03-09 06:30:47.068139771+00:00
BACKTESTER-001,OracleStrategy-000,MESM6.GLBX,GLBX-1-487,MESM6.GLBX-OracleStrategy-000,GLBX-001,GLBX-1-487,MARKET,BUY,1,GTC,False,False,1,TAKER,6692.5,0.0,['0.00 USD'],NO_TRIGGER,FILLED,NO_CONTINGENCY,,,,MY_GENERIC_ALGO,,O-20260309-063047-001-000-606,,50d6e089-1709-42da-be80-224845d149b6,2026-03-09 06:30:47.068139771+00:00,2026-03-09 06:30:47.068139771+00:00
BACKTESTER-001,OracleStrategy-000,MESM6.GLBX,GLBX-1-488,MESM6.GLBX-OracleStrategy-000,GLBX-001,GLBX-1-488,MARKET,SELL,1,GTC,True,False,1,TAKER,6698.5,0.0,['0.00 USD'],NO_TRIGGER,FILLED,NO_CONTINGENCY,,,,MY_GENERIC_ALGO,,O-20260309-063154-001-000-607,,7c64101b-0c30-412f-9056-24653771c71e,2026-03-09 06:31:54.374175795+00:00,2026-03-09 06:31:54.374175795+00:00
BACKTESTER-001,OracleStrategy-000,MESM6.GLBX,GLBX-1-489,MESM6.GLBX-OracleStrategy-000,GLBX-001,GLBX-1-489,MARKET,SELL,1,GTC,False,False,1,TAKER,6696.5,0.0,['0.00 USD'],NO_TRIGGER,FILLED,NO_CONTINGENCY,,,,MY_GENERIC_ALGO,,O-20260309-063229-001-000-609,,eb7eba89-0f31-45c2-97bf-a71fbe1111dc,2026-03-09 06:32:29.305371678+00:00,2026-03-09 06:32:29.305371678+00:00
BACKTESTER-001,OracleStrategy-000,MESM6.GLBX,GLBX-1-490,MESM6.GLBX-OracleStrategy-000,GLBX-001,GLBX-1-490,MARKET,BUY,1,GTC,True,False,1,TAKER,6696.0,0.0,['0.00 USD'],NO_TRIGGER,FILLED,NO_CONTINGENCY,,,,MY_GENERIC_ALGO,,O-20260309-063236-001-000-610,,a81b4048-a43d-4540-8081-95567ba233a8,2026-03-09 06:32:36.435887314+00:00,2026-03-09 06:32:36.435887314+00:00
BACKTESTER-001,OracleStrategy-000,MESM6.GLBX,GLBX-1-491,MESM6.GLBX-OracleStrategy-000,GLBX-001,GLBX-1-491,MARKET,BUY,1,GTC,False,False,1,TAKER,6696.0,0.0,['0.00 USD'],NO_TRIGGER,FILLED,NO_CONTINGENCY,,,,MY_GENERIC_ALGO,,O-20260309-063236-001-000-611,,fcba2a50-817a-4ebc-82e4-10cd38cebcda,2026-03-09 06:32:36.435887314+00:00,2026-03-09 06:32:36.435887314+00:00
BACKTESTER-001,OracleStrategy-000,MESM6.GLBX,GLBX-1-492,MESM6.GLBX-OracleStrategy-000,GLBX-001,GLBX-1-492,MARKET,SELL,1,GTC,True,False,1,TAKER,6697.0,0.0,['0.00 USD'],NO_TRIGGER,FILLED,NO_CONTINGENCY,,,,MY_GENERIC_ALGO,,O-20260309-063346-001-000-612,,ef4c8bc3-2fe9-4e95-ac57-251f3e9f3b7f,2026-03-09 06:33:46.373307608+00:00,2026-03-09 06:33:46.373307608+00:00
BACKTESTER-001,OracleStrategy-000,MESM6.GLBX,GLBX-1-493,MESM6.GLBX-OracleStrategy-000,GLBX-001,GLBX-1-493,MARKET,SELL,1,GTC,False,False,1,TAKER,6697.0,0.0,['0.00 USD'],NO_TRIGGER,FILLED,NO_CONTINGENCY,,,,MY_GENERIC_ALGO,,O-20260309-063346-001-000-613,,78301d89-dd23-4bb4-aa89-6d7bf84502b0,2026-03-09 06:33:46.373307608+00:00,2026-03-09 06:33:46.373307608+00:00
BACKTESTER-001,OracleStrategy-000,MESM6.GLBX,GLBX-1-494,MESM6.GLBX-OracleStrategy-000,GLBX-001,GLBX-1-494,MARKET,BUY,1,GTC,True,False,1,TAKER,6687.75,0.0,['0.00 USD'],NO_TRIGGER,FILLED,NO_CONTINGENCY,,,,MY_GENERIC_ALGO,,O-20260309-063754-001-000-614,,8278df95-37c0-4279-9b07-8ac0fa657ec6,2026-03-09 06:37:54.883337301+00:00,2026-03-09 06:37:54.883337301+00:00
BACKTESTER-001,OracleStrategy-000,MESM6.GLBX,GLBX-1-495,MESM6.GLBX-OracleStrategy-000,GLBX-001,GLBX-1-495,MARKET,SELL,1,GTC,False,False,1,TAKER,6689.5,0.0,['0.00 USD'],NO_TRIGGER,FILLED,NO_CONTINGENCY,,,,MY_GENERIC_ALGO,,O-20260309-063928-001-000-618,,5b4c9d16-202d-416c-90a0-504ed77c3bcb,2026-03-09 06:39:28.452486610+00:00,2026-03-09 06:39:28.452486610+00:00
BACKTESTER-001,OracleStrategy-000,MESM6.GLBX,GLBX-1-496,MESM6.GLBX-OracleStrategy-000,GLBX-001,GLBX-1-496,MARKET,BUY,1,GTC,True,False,1,TAKER,6687.0,0.0,['0.00 USD'],NO_TRIGGER,FILLED,NO_CONTINGENCY,,,,MY_GENERIC_ALGO,,O-20260309-064103-001-000-619,,31eb48aa-16b9-427d-a8a4-0f9212aa8e32,2026-03-09 06:41:03.003249145+00:00,2026-03-09 06:41:03.003249145+00:00
BACKTESTER-001,OracleStrategy-000,MESM6.GLBX,GLBX-1-497,MESM6.GLBX-OracleStrategy-000,GLBX-001,GLBX-1-497,MARKET,BUY,1,GTC,False,False,1,TAKER,6686.0,0.0,['0.00 USD'],NO_TRIGGER,FILLED,NO_CONTINGENCY,,,,MY_GENERIC_ALGO,,O-20260309-064307-001-000-625,,d63ac7c6-aa45-4a5b-8502-7787a0ba5796,2026-03-09 06:43:07.206527563+00:00,2026-03-09 06:43:07.206527563+00:00
BACKTESTER-001,OracleStrategy-000,MESM6.GLBX,GLBX-1-498,MESM6.GLBX-OracleStrategy-000,GLBX-001,GLBX-1-498,MARKET,SELL,1,GTC,True,False,1,TAKER,6688.0,0.0,['0.00 USD'],NO_TRIGGER,FILLED,NO_CONTINGENCY,,,,MY_GENERIC_ALGO,,O-20260309-064403-001-000-626,,96dc0f6f-9d6e-4709-9aa2-c3026d7d50a5,2026-03-09 06:44:03.432660706+00:00,2026-03-09 06:44:03.432660706+00:00
BACKTESTER-001,OracleStrategy-000,MESM6.GLBX,GLBX-1-499,MESM6.GLBX-OracleStrategy-000,GLBX-001,GLBX-1-499,MARKET,SELL,1,GTC,False,False,1,TAKER,6689.25,0.0,['0.00 USD'],NO_TRIGGER,FILLED,NO_CONTINGENCY,,,,MY_GENERIC_ALGO,,O-20260309-064414-001-000-628,,a85f1566-d3f9-4246-9ae8-0bb613f9a6f5,2026-03-09 06:44:14.130080559+00:00,2026-03-09 06:44:14.130080559+00:00
BACKTESTER-001,OracleStrategy-000,MESM6.GLBX,GLBX-1-500,MESM6.GLBX-OracleStrategy-000,GLBX-001,GLBX-1-500,MARKET,BUY,1,GTC,True,False,1,TAKER,6684.5,0.0,['0.00 USD'],NO_TRIGGER,FILLED,NO_CONTINGENCY,,,,MY_GENERIC_ALGO,,O-20260309-064641-001-000-629,,e11794cf-733d-4a71-b15f-c94e63c18f78,2026-03-09 06:46:41.418353925+00:00,2026-03-09 06:46:41.418353925+00:00
BACKTESTER-001,OracleStrategy-000,MESM6.GLBX,GLBX-1-501,MESM6.GLBX-OracleStrategy-000,GLBX-001,GLBX-1-501,MARKET,BUY,1,GTC,False,False,1,TAKER,6684.5,0.0,['0.00 USD'],NO_TRIGGER,FILLED,NO_CONTINGENCY,,,,MY_GENERIC_ALGO,,O-20260309-064641-001-000-630,,828f9c4d-63fe-428d-b9b2-ff1ec5814569,2026-03-09 06:46:41.418353925+00:00,2026-03-09 06:46:41.418353925+00:00
BACKTESTER-001,OracleStrategy-000,MESM6.GLBX,GLBX-1-502,MESM6.GLBX-OracleStrategy-000,GLBX-001,GLBX-1-502,MARKET,SELL,1,GTC,True,False,1,TAKER,6684.75,0.0,['0.00 USD'],NO_TRIGGER,FILLED,NO_CONTINGENCY,,,,MY_GENERIC_ALGO,,O-20260309-064724-001-000-631,,f2fc2b69-af26-436c-afed-b9ec4911b9d7,2026-03-09 06:47:24.965451299+00:00,2026-03-09 06:47:24.965451299+00:00
BACKTESTER-001,OracleStrategy-000,MESM6.GLBX,GLBX-1-503,MESM6.GLBX-OracleStrategy-000,GLBX-001,GLBX-1-503,MARKET,SELL,1,GTC,False,False,1,TAKER,6684.75,0.0,['0.00 USD'],NO_TRIGGER,FILLED,NO_CONTINGENCY,,,,MY_GENERIC_ALGO,,O-20260309-064739-001-000-634,,07852aee-a49b-4107-a63f-2711a42d4b3a,2026-03-09 06:47:39.367508379+00:00,2026-03-09 06:47:39.367508379+00:00
BACKTESTER-001,OracleStrategy-000,MESM6.GLBX,GLBX-1-504,MESM6.GLBX-OracleStrategy-000,GLBX-001,GLBX-1-504,MARKET,BUY,1,GTC,True,False,1,TAKER,6680.5,0.0,['0.00 USD'],NO_TRIGGER,FILLED,NO_CONTINGENCY,,,,MY_GENERIC_ALGO,,O-20260309-065011-001-000-635,,bc64fb79-a222-43b5-9c8c-4289c71f2e2a,2026-03-09 06:50:11.947269259+00:00,2026-03-09 06:50:11.947269259+00:00
BACKTESTER-001,OracleStrategy-000,MESM6.GLBX,GLBX-1-505,MESM6.GLBX-OracleStrategy-000,GLBX-001,GLBX-1-505,MARKET,BUY,1,GTC,False,False,1,TAKER,6680.5,0.0,['0.00 USD'],NO_TRIGGER,FILLED,NO_CONTINGENCY,,,,MY_GENERIC_ALGO,,O-20260309-065011-001-000-636,,fcd84d7e-a391-4121-990e-aed00d18495c,2026-03-09 06:50:11.947269259+00:00,2026-03-09 06:50:11.947269259+00:00
BACKTESTER-001,OracleStrategy-000,MESM6.GLBX,GLBX-1-506,MESM6.GLBX-OracleStrategy-000,GLBX-001,GLBX-1-506,MARKET,SELL,1,GTC,True,False,1,TAKER,6683.75,0.0,['0.00 USD'],NO_TRIGGER,FILLED,NO_CONTINGENCY,,,,MY_GENERIC_ALGO,,O-20260309-065227-001-000-637,,27f81b9f-6983-4039-a699-66a02d46df78,2026-03-09 06:52:27.237297178+00:00,2026-03-09 06:52:27.237297178+00:00
BACKTESTER-001,OracleStrategy-000,MESM6.GLBX,GLBX-1-507,MESM6.GLBX-OracleStrategy-000,GLBX-001,GLBX-1-507,MARKET,SELL,1,GTC,False,False,1,TAKER,6683.75,0.0,['0.00 USD'],NO_TRIGGER,FILLED,NO_CONTINGENCY,,,,MY_GENERIC_ALGO,,O-20260309-065227-001-000-638,,a774e5b0-d5c5-44ec-ba27-ce6a9263a3cd,2026-03-09 06:52:27.237297178+00:00,2026-03-09 06:52:27.237297178+00:00
BACKTESTER-001,OracleStrategy-000,MESM6.GLBX,GLBX-1-508,MESM6.GLBX-OracleStrategy-000,GLBX-001,GLBX-1-508,MARKET,BUY,1,GTC,True,False,1,TAKER,6680.5,0.0,['0.00 USD'],NO_TRIGGER,FILLED,NO_CONTINGENCY,,,,MY_GENERIC_ALGO,,O-20260309-065313-001-000-639,,dd3529a7-71d2-468d-a332-5e78ccd4a2a3,2026-03-09 06:53:13.171062+00:00,2026-03-09 06:53:13.171062+00:00
BACKTESTER-001,OracleStrategy-000,MESM6.GLBX,GLBX-1-509,MESM6.GLBX-OracleStrategy-000,GLBX-001,GLBX-1-509,MARKET,BUY,1,GTC,False,False,1,TAKER,6678.25,0.0,['0.00 USD'],NO_TRIGGER,FILLED,NO_CONTINGENCY,,,,MY_GENERIC_ALGO,,O-20260309-065319-001-000-641,,7f947aa7-0054-4af4-b8b2-99e54904bcaf,2026-03-09 06:53:19.348553947+00:00,2026-03-09 06:53:19.348553947+00:00
BACKTESTER-001,OracleStrategy-000,MESM6.GLBX,GLBX-1-510,MESM6.GLBX-OracleStrategy-000,GLBX-001,GLBX-1-510,MARKET,SELL,1,GTC,True,False,1,TAKER,6682.5,0.0,['0.00 USD'],NO_TRIGGER,FILLED,NO_CONTINGENCY,,,,MY_GENERIC_ALGO,,O-20260309-065402-001-000-642,,5e31a0f2-bb7b-486f-8b50-f9978d6570eb,2026-03-09 06:54:02.987219608+00:00,2026-03-09 06:54:02.987219608+00:00
BACKTESTER-001,OracleStrategy-000,MESM6.GLBX,GLBX-1-511,MESM6.GLBX-OracleStrategy-000,GLBX-001,GLBX-1-511,MARKET,SELL,1,GTC,False,False,1,TAKER,6682.5,0.0,['0.00 USD'],NO_TRIGGER,FILLED,NO_CONTINGENCY,,,,MY_GENERIC_ALGO,,O-20260309-065402-001-000-643,,4044c75b-1457-483d-abfb-346a84a6e6d7,2026-03-09 06:54:02.987219608+00:00,2026-03-09 06:54:02.987219608+00:00
BACKTESTER-001,OracleStrategy-000,MESM6.GLBX,GLBX-1-512,MESM6.GLBX-OracleStrategy-000,GLBX-001,GLBX-1-512,MARKET,BUY,1,GTC,True,False,1,TAKER,6683.25,0.0,['0.00 USD'],NO_TRIGGER,FILLED,NO_CONTINGENCY,,,,MY_GENERIC_ALGO,,O-20260309-065443-001-000-644,,d489787a-b660-45db-8dc2-79399ee4ca79,2026-03-09 06:54:43.552290787+00:00,2026-03-09 06:54:43.552290787+00:00
BACKTESTER-001,OracleStrategy-000,MESM6.GLBX,GLBX-1-513,MESM6.GLBX-OracleStrategy-000,GLBX-001,GLBX-1-513,MARKET,BUY,1,GTC,False,False,1,TAKER,6683.25,0.0,['0.00 USD'],NO_TRIGGER,FILLED,NO_CONTINGENCY,,,,MY_GENERIC_ALGO,,O-20260309-065443-001-000-645,,8d98255c-25e7-4e3a-b782-472a1835ec1c,2026-03-09 06:54:43.552290787+00:00,2026-03-09 06:54:43.552290787+00:00
BACKTESTER-001,OracleStrategy-000,MESM6.GLBX,GLBX-1-514,MESM6.GLBX-OracleStrategy-000,GLBX-001,GLBX-1-514,MARKET,SELL,1,GTC,True,False,1,TAKER,6686.75,0.0,['0.00 USD'],NO_TRIGGER,FILLED,NO_CONTINGENCY,,,,MY_GENERIC_ALGO,,O-20260309-065704-001-000-646,,c52ffe7b-bf24-4719-b88e-cdc6cb577912,2026-03-09 06:57:04.168167664+00:00,2026-03-09 06:57:04.168167664+00:00
BACKTESTER-001,OracleStrategy-000,MESM6.GLBX,GLBX-1-515,MESM6.GLBX-OracleStrategy-000,GLBX-001,GLBX-1-515,MARKET,SELL,1,GTC,False,False,1,TAKER,6685.0,0.0,['0.00 USD'],NO_TRIGGER,FILLED,NO_CONTINGENCY,,,,MY_GENERIC_ALGO,,O-20260309-065748-001-000-648,,a6758ecb-a590-4f0f-a760-4ceef691855a,2026-03-09 06:57:48.774272279+00:00,2026-03-09 06:57:48.774272279+00:00
BACKTESTER-001,OracleStrategy-000,MESM6.GLBX,GLBX-1-516,MESM6.GLBX-OracleStrategy-000,GLBX-001,GLBX-1-516,MARKET,BUY,1,GTC,True,False,1,TAKER,6683.0,0.0,['0.00 USD'],NO_TRIGGER,FILLED,NO_CONTINGENCY,,,,MY_GENERIC_ALGO,,O-20260309-065930-001-000-649,,b38c880d-8960-46c4-9bb3-e58ed8fbe9c4,2026-03-09 06:59:30.415871951+00:00,2026-03-09 06:59:30.415871951+00:00
BACKTESTER-001,OracleStrategy-000,MESM6.GLBX,GLBX-1-517,MESM6.GLBX-OracleStrategy-000,GLBX-001,GLBX-1-517,MARKET,BUY,1,GTC,False,False,1,TAKER,6684.5,0.0,['0.00 USD'],NO_TRIGGER,FILLED,NO_CONTINGENCY,,,,MY_GENERIC_ALGO,,O-20260309-070020-001-000-651,,55253a71-e86c-4d6d-90bd-9eba070a9d09,2026-03-09 07:00:20.976743977+00:00,2026-03-09 07:00:20.976743977+00:00
BACKTESTER-001,OracleStrategy-000,MESM6.GLBX,GLBX-1-518,MESM6.GLBX-OracleStrategy-000,GLBX-001,GLBX-1-518,MARKET,SELL,1,GTC,True,False,1,TAKER,6686.25,0.0,['0.00 USD'],NO_TRIGGER,FILLED,NO_CONTINGENCY,,,,MY_GENERIC_ALGO,,O-20260309-070047-001-000-652,,3f867421-8ae8-44d7-bec5-c7e516f506a5,2026-03-09 07:00:47.545188469+00:00,2026-03-09 07:00:47.545188469+00:00
BACKTESTER-001,OracleStrategy-000,MESM6.GLBX,GLBX-1-519,MESM6.GLBX-OracleStrategy-000,GLBX-001,GLBX-1-519,MARKET,BUY,1,GTC,False,False,1,TAKER,6684.75,0.0,['0.00 USD'],NO_TRIGGER,FILLED,NO_CONTINGENCY,,,,MY_GENERIC_ALGO,,O-20260309-070110-001-000-655,,d5c350f7-fc97-4e18-8f18-765e1b74317a,2026-03-09 07:01:10.908577794+00:00,2026-03-09 07:01:10.908577794+00:00
BACKTESTER-001,OracleStrategy-000,MESM6.GLBX,GLBX-1-520,MESM6.GLBX-OracleStrategy-000,GLBX-001,GLBX-1-520,MARKET,SELL,1,GTC,True,False,1,TAKER,6685.5,0.0,['0.00 USD'],NO_TRIGGER,FILLED,NO_CONTINGENCY,,,,MY_GENERIC_ALGO,,O-20260309-070135-001-000-656,,3b4815eb-9dfb-4c27-b188-f14d15ebf825,2026-03-09 07:01:35.918296559+00:00,2026-03-09 07:01:35.918296559+00:00
BACKTESTER-001,OracleStrategy-000,MESM6.GLBX,GLBX-1-521,MESM6.GLBX-OracleStrategy-000,GLBX-001,GLBX-1-521,MARKET,SELL,1,GTC,False,False,1,TAKER,6685.5,0.0,['0.00 USD'],NO_TRIGGER,FILLED,NO_CONTINGENCY,,,,MY_GENERIC_ALGO,,O-20260309-070135-001-000-657,,70b4404c-220f-4eb5-9165-ed645c441892,2026-03-09 07:01:35.918296559+00:00,2026-03-09 07:01:35.918296559+00:00
BACKTESTER-001,OracleStrategy-000,MESM6.GLBX,GLBX-1-522,MESM6.GLBX-OracleStrategy-000,GLBX-001,GLBX-1-522,MARKET,BUY,1,GTC,True,False,1,TAKER,6680.5,0.0,['0.00 USD'],NO_TRIGGER,FILLED,NO_CONTINGENCY,,,,MY_GENERIC_ALGO,,O-20260309-070223-001-000-658,,c3d8b854-551f-4847-92de-1640d2a6535d,2026-03-09 07:02:23.715014949+00:00,2026-03-09 07:02:23.715014949+00:00
BACKTESTER-001,OracleStrategy-000,MESM6.GLBX,GLBX-1-523,MESM6.GLBX-OracleStrategy-000,GLBX-001,GLBX-1-523,MARKET,BUY,1,GTC,False,False,1,TAKER,6680.5,0.0,['0.00 USD'],NO_TRIGGER,FILLED,NO_CONTINGENCY,,,,MY_GENERIC_ALGO,,O-20260309-070223-001-000-659,,78f84351-a5cc-4d05-9212-c594446d35f5,2026-03-09 07:02:23.715014949+00:00,2026-03-09 07:02:23.715014949+00:00
BACKTESTER-001,OracleStrategy-000,MESM6.GLBX,GLBX-1-524,MESM6.GLBX-OracleStrategy-000,GLBX-001,GLBX-1-524,MARKET,SELL,1,GTC,True,False,1,TAKER,6681.5,0.0,['0.00 USD'],NO_TRIGGER,FILLED,NO_CONTINGENCY,,,,MY_GENERIC_ALGO,,O-20260309-070232-001-000-660,,a896279c-3363-47e1-aa04-3d97b86da05d,2026-03-09 07:02:32.150501576+00:00,2026-03-09 07:02:32.150501576+00:00
BACKTESTER-001,OracleStrategy-000,MESM6.GLBX,GLBX-1-525,MESM6.GLBX-OracleStrategy-000,GLBX-001,GLBX-1-525,MARKET,SELL,1,GTC,False,False,1,TAKER,6681.5,0.0,['0.00 USD'],NO_TRIGGER,FILLED,NO_CONTINGENCY,,,,MY_GENERIC_ALGO,,O-20260309-070232-001-000-661,,aa2f8c15-11ff-4ddf-ba27-8954ff0177ea,2026-03-09 07:02:32.150501576+00:00,2026-03-09 07:02:32.150501576+00:00
BACKTESTER-001,OracleStrategy-000,MESM6.GLBX,GLBX-1-526,MESM6.GLBX-OracleStrategy-000,GLBX-001,GLBX-1-526,MARKET,BUY,1,GTC,True,False,1,TAKER,6672.75,0.0,['0.00 USD'],NO_TRIGGER,FILLED,NO_CONTINGENCY,,,,MY_GENERIC_ALGO,,O-20260309-070550-001-000-662,,b445d279-ab43-4892-a7e7-440f76ce0f42,2026-03-09 07:05:50.239138922+00:00,2026-03-09 07:05:50.239138922+00:00
BACKTESTER-001,OracleStrategy-000,MESM6.GLBX,GLBX-1-527,MESM6.GLBX-OracleStrategy-000,GLBX-001,GLBX-1-527,MARKET,BUY,1,GTC,False,False,1,TAKER,6672.75,0.0,['0.00 USD'],NO_TRIGGER,FILLED,NO_CONTINGENCY,,,,MY_GENERIC_ALGO,,O-20260309-070550-001-000-663,,9e2bbc91-4c8d-4846-9fe7-e0bedcf6d7cf,2026-03-09 07:05:50.239138922+00:00,2026-03-09 07:05:50.239138922+00:00
BACKTESTER-001,OracleStrategy-000,MESM6.GLBX,GLBX-1-528,MESM6.GLBX-OracleStrategy-000,GLBX-001,GLBX-1-528,MARKET,SELL,1,GTC,True,False,1,TAKER,6684.25,0.0,['0.00 USD'],NO_TRIGGER,FILLED,NO_CONTINGENCY,,,,MY_GENERIC_ALGO,,O-20260309-070704-001-000-664,,d00586ee-08d5-4a75-8f58-3209f21fcd46,2026-03-09 07:07:04.520218415+00:00,2026-03-09 07:07:04.520218415+00:00
BACKTESTER-001,OracleStrategy-000,MESM6.GLBX,GLBX-1-529,MESM6.GLBX-OracleStrategy-000,GLBX-001,GLBX-1-529,MARKET,SELL,1,GTC,False,False,1,TAKER,6682.25,0.0,['0.00 USD'],NO_TRIGGER,FILLED,NO_CONTINGENCY,,,,MY_GENERIC_ALGO,,O-20260309-070818-001-000-667,,3b1a40f7-8dc2-458e-9e55-8747172104b7,2026-03-09 07:08:18.068920485+00:00,2026-03-09 07:08:18.068920485+00:00
BACKTESTER-001,OracleStrategy-000,MESM6.GLBX,GLBX-1-530,MESM6.GLBX-OracleStrategy-000,GLBX-001,GLBX-1-530,MARKET,BUY,1,GTC,True,False,1,TAKER,6682.0,0.0,['0.00 USD'],NO_TRIGGER,FILLED,NO_CONTINGENCY,,,,MY_GENERIC_ALGO,,O-20260309-071024-001-000-668,,205c65c3-feb1-4207-89f2-fe60e2d4ae37,2026-03-09 07:10:24.591464121+00:00,2026-03-09 07:10:24.591464121+00:00
BACKTESTER-001,OracleStrategy-000,MESM6.GLBX,GLBX-1-531,MESM6.GLBX-OracleStrategy-000,GLBX-001,GLBX-1-531,MARKET,SELL,1,GTC,False,False,1,TAKER,6680.5,0.0,['0.00 USD'],NO_TRIGGER,FILLED,NO_CONTINGENCY,,,,MY_GENERIC_ALGO,,O-20260309-071030-001-000-670,,7e570ac7-7b57-4cd5-9744-9b42b7a213fb,2026-03-09 07:10:30.764960042+00:00,2026-03-09 07:10:30.764960042+00:00
BACKTESTER-001,OracleStrategy-000,MESM6.GLBX,GLBX-1-532,MESM6.GLBX-OracleStrategy-000,GLBX-001,GLBX-1-532,MARKET,BUY,1,GTC,True,False,1,TAKER,6681.0,0.0,['0.00 USD'],NO_TRIGGER,FILLED,NO_CONTINGENCY,,,,MY_GENERIC_ALGO,,O-20260309-071042-001-000-671,,5d16054c-80c2-4ee7-adff-d4e918b88a71,2026-03-09 07:10:42.299985657+00:00,2026-03-09 07:10:42.299985657+00:00
BACKTESTER-001,OracleStrategy-000,MESM6.GLBX,GLBX-1-533,MESM6.GLBX-OracleStrategy-000,GLBX-001,GLBX-1-533,MARKET,BUY,1,GTC,False,False,1,TAKER,6681.0,0.0,['0.00 USD'],NO_TRIGGER,FILLED,NO_CONTINGENCY,,,,MY_GENERIC_ALGO,,O-20260309-071042-001-000-672,,8738f8ec-40da-44a0-a476-96bd95744f13,2026-03-09 07:10:42.299985657+00:00,2026-03-09 07:10:42.299985657+00:00
BACKTESTER-001,OracleStrategy-000,MESM6.GLBX,GLBX-1-534,MESM6.GLBX-OracleStrategy-000,GLBX-001,GLBX-1-534,MARKET,SELL,1,GTC,True,False,1,TAKER,6684.75,0.0,['0.00 USD'],NO_TRIGGER,FILLED,NO_CONTINGENCY,,,,MY_GENERIC_ALGO,,O-20260309-071134-001-000-673,,280cb26e-4848-469b-8030-84b8fce4c2e0,2026-03-09 07:11:34.951599647+00:00,2026-03-09 07:11:34.951599647+00:00
BACKTESTER-001,OracleStrategy-000,MESM6.GLBX,GLBX-1-535,MESM6.GLBX-OracleStrategy-000,GLBX-001,GLBX-1-535,MARKET,SELL,1,GTC,False,False,1,TAKER,6684.75,0.0,['0.00 USD'],NO_TRIGGER,FILLED,NO_CONTINGENCY,,,,MY_GENERIC_ALGO,,O-20260309-071134-001-000-674,,972ddb61-79a5-472f-8c5a-5498e64768ff,2026-03-09 07:11:34.951599647+00:00,2026-03-09 07:11:34.951599647+00:00
BACKTESTER-001,OracleStrategy-000,MESM6.GLBX,GLBX-1-536,MESM6.GLBX-OracleStrategy-000,GLBX-001,GLBX-1-536,MARKET,BUY,1,GTC,True,False,1,TAKER,6684.0,0.0,['0.00 USD'],NO_TRIGGER,FILLED,NO_CONTINGENCY,,,,MY_GENERIC_ALGO,,O-20260309-071253-001-000-675,,ca35c674-8be3-41bd-bd9c-77b271407fff,2026-03-09 07:12:53.458466175+00:00,2026-03-09 07:12:53.458466175+00:00
BACKTESTER-001,OracleStrategy-000,MESM6.GLBX,GLBX-1-537,MESM6.GLBX-OracleStrategy-000,GLBX-001,GLBX-1-537,MARKET,BUY,1,GTC,False,False,1,TAKER,6684.0,0.0,['0.00 USD'],NO_TRIGGER,FILLED,NO_CONTINGENCY,,,,MY_GENERIC_ALGO,,O-20260309-071253-001-000-676,,7f9b4842-9891-4b90-831c-ffa30de66ee6,2026-03-09 07:12:53.458466175+00:00,2026-03-09 07:12:53.458466175+00:00
BACKTESTER-001,OracleStrategy-000,MESM6.GLBX,GLBX-1-538,MESM6.GLBX-OracleStrategy-000,GLBX-001,GLBX-1-538,MARKET,SELL,1,GTC,True,False,1,TAKER,6689.75,0.0,['0.00 USD'],NO_TRIGGER,FILLED,NO_CONTINGENCY,,,,MY_GENERIC_ALGO,,O-20260309-071558-001-000-677,,4ecfe02a-aa20-499e-ab79-5084f6a966e4,2026-03-09 07:15:58.847193349+00:00,2026-03-09 07:15:58.847193349+00:00
BACKTESTER-001,OracleStrategy-000,MESM6.GLBX,GLBX-1-539,MESM6.GLBX-OracleStrategy-000,GLBX-001,GLBX-1-539,MARKET,SELL,1,GTC,False,False,1,TAKER,6689.75,0.0,['0.00 USD'],NO_TRIGGER,FILLED,NO_CONTINGENCY,,,,MY_GENERIC_ALGO,,O-20260309-071558-001-000-678,,ddd813d4-2b50-40d0-80f2-6b2bf0309c5e,2026-03-09 07:15:58.847193349+00:00,2026-03-09 07:15:58.847193349+00:00
BACKTESTER-001,OracleStrategy-000,MESM6.GLBX,GLBX-1-540,MESM6.GLBX-OracleStrategy-000,GLBX-001,GLBX-1-540,MARKET,BUY,1,GTC,True,False,1,TAKER,6681.5,0.0,['0.00 USD'],NO_TRIGGER,FILLED,NO_CONTINGENCY,,,,MY_GENERIC_ALGO,,O-20260309-071859-001-000-679,,1099fe17-e16a-4444-be80-2a201f13fb7c,2026-03-09 07:18:59.875654554+00:00,2026-03-09 07:18:59.875654554+00:00
BACKTESTER-001,OracleStrategy-000,MESM6.GLBX,GLBX-1-541,MESM6.GLBX-OracleStrategy-000,GLBX-001,GLBX-1-541,MARKET,BUY,1,GTC,False,False,1,TAKER,6681.5,0.0,['0.00 USD'],NO_TRIGGER,FILLED,NO_CONTINGENCY,,,,MY_GENERIC_ALGO,,O-20260309-071859-001-000-680,,f207ed57-bb7f-48f4-9224-8e4753450b35,2026-03-09 07:18:59.875654554+00:00,2026-03-09 07:18:59.875654554+00:00
BACKTESTER-001,OracleStrategy-000,MESM6.GLBX,GLBX-1-542,MESM6.GLBX-OracleStrategy-000,GLBX-001,GLBX-1-542,MARKET,SELL,1,GTC,True,False,1,TAKER,6686.0,0.0,['0.00 USD'],NO_TRIGGER,FILLED,NO_CONTINGENCY,,,,MY_GENERIC_ALGO,,O-20260309-072020-001-000-681,,f7202f6d-01e2-40f6-9e58-dcf5136ec120,2026-03-09 07:20:20.983631589+00:00,2026-03-09 07:20:20.983631589+00:00
BACKTESTER-001,OracleStrategy-000,MESM6.GLBX,GLBX-1-543,MESM6.GLBX-OracleStrategy-000,GLBX-001,GLBX-1-543,MARKET,SELL,1,GTC,False,False,1,TAKER,6686.0,0.0,['0.00 USD'],NO_TRIGGER,FILLED,NO_CONTINGENCY,,,,MY_GENERIC_ALGO,,O-20260309-072020-001-000-682,,a1efdfbc-7c5f-4f50-8b7b-28f8abc5437c,2026-03-09 07:20:20.983631589+00:00,2026-03-09 07:20:20.983631589+00:00
BACKTESTER-001,OracleStrategy-000,MESM6.GLBX,GLBX-1-544,MESM6.GLBX-OracleStrategy-000,GLBX-001,GLBX-1-544,MARKET,BUY,1,GTC,True,False,1,TAKER,6685.75,0.0,['0.00 USD'],NO_TRIGGER,FILLED,NO_CONTINGENCY,,,,MY_GENERIC_ALGO,,O-20260309-072102-001-000-683,,5ed5f762-cbe9-4fa6-af9f-b51b04c66860,2026-03-09 07:21:02.604937798+00:00,2026-03-09 07:21:02.604937798+00:00
BACKTESTER-001,OracleStrategy-000,MESM6.GLBX,GLBX-1-545,MESM6.GLBX-OracleStrategy-000,GLBX-001,GLBX-1-545,MARKET,BUY,1,GTC,False,False,1,TAKER,6685.75,0.0,['0.00 USD'],NO_TRIGGER,FILLED,NO_CONTINGENCY,,,,MY_GENERIC_ALGO,,O-20260309-072102-001-000-684,,75fd6d7f-c7d4-454c-84f5-550ca253236c,2026-03-09 07:21:02.604937798+00:00,2026-03-09 07:21:02.604937798+00:00
BACKTESTER-001,OracleStrategy-000,MESM6.GLBX,GLBX-1-546,MESM6.GLBX-OracleStrategy-000,GLBX-001,GLBX-1-546,MARKET,SELL,1,GTC,True,False,1,TAKER,6695.75,0.0,['0.00 USD'],NO_TRIGGER,FILLED,NO_CONTINGENCY,,,,MY_GENERIC_ALGO,,O-20260309-072414-001-000-685,,5def7750-53ac-4261-9d14-033c39f9f2b9,2026-03-09 07:24:14.836789864+00:00,2026-03-09 07:24:14.836789864+00:00
BACKTESTER-001,OracleStrategy-000,MESM6.GLBX,GLBX-1-547,MESM6.GLBX-OracleStrategy-000,GLBX-001,GLBX-1-547,MARKET,SELL,1,GTC,False,False,1,TAKER,6695.75,0.0,['0.00 USD'],NO_TRIGGER,FILLED,NO_CONTINGENCY,,,,MY_GENERIC_ALGO,,O-20260309-072414-001-000-686,,31770117-62e3-48fc-8e58-602cd599b256,2026-03-09 07:24:14.836789864+00:00,2026-03-09 07:24:14.836789864+00:00
BACKTESTER-001,OracleStrategy-000,MESM6.GLBX,GLBX-1-548,MESM6.GLBX-OracleStrategy-000,GLBX-001,GLBX-1-548,MARKET,BUY,1,GTC,True,False,1,TAKER,6693.5,0.0,['0.00 USD'],NO_TRIGGER,FILLED,NO_CONTINGENCY,,,,MY_GENERIC_ALGO,,O-20260309-072528-001-000-687,,132a512b-8e2e-41de-a51f-c4e7b6fcd0bc,2026-03-09 07:25:28.851766418+00:00,2026-03-09 07:25:28.851766418+00:00
BACKTESTER-001,OracleStrategy-000,MESM6.GLBX,GLBX-1-549,MESM6.GLBX-OracleStrategy-000,GLBX-001,GLBX-1-549,MARKET,BUY,1,GTC,False,False,1,TAKER,6693.5,0.0,['0.00 USD'],NO_TRIGGER,FILLED,NO_CONTINGENCY,,,,MY_GENERIC_ALGO,,O-20260309-072528-001-000-688,,2be5a09a-610a-4c2f-953e-b9d5e8fab95f,2026-03-09 07:25:28.851766418+00:00,2026-03-09 07:25:28.851766418+00:00
BACKTESTER-001,OracleStrategy-000,MESM6.GLBX,GLBX-1-550,MESM6.GLBX-OracleStrategy-000,GLBX-001,GLBX-1-550,MARKET,SELL,1,GTC,True,False,1,TAKER,6695.25,0.0,['0.00 USD'],NO_TRIGGER,FILLED,NO_CONTINGENCY,,,,MY_GENERIC_ALGO,,O-20260309-072703-001-000-689,,cf15209a-5d87-44ed-996c-13715d7157b4,2026-03-09 07:27:03.489368768+00:00,2026-03-09 07:27:03.489368768+00:00
BACKTESTER-001,OracleStrategy-000,MESM6.GLBX,GLBX-1-551,MESM6.GLBX-OracleStrategy-000,GLBX-001,GLBX-1-551,MARKET,SELL,1,GTC,False,False,1,TAKER,6695.25,0.0,['0.00 USD'],NO_TRIGGER,FILLED,NO_CONTINGENCY,,,,MY_GENERIC_ALGO,,O-20260309-072703-001-000-690,,4f93eb73-e471-4ee0-8ed6-8a935e13f348,2026-03-09 07:27:03.489368768+00:00,2026-03-09 07:27:03.489368768+00:00
BACKTESTER-001,OracleStrategy-000,MESM6.GLBX,GLBX-1-552,MESM6.GLBX-OracleStrategy-000,GLBX-001,GLBX-1-552,MARKET,BUY,1,GTC,True,False,1,TAKER,6694.25,0.0,['0.00 USD'],NO_TRIGGER,FILLED,NO_CONTINGENCY,,,,MY_GENERIC_ALGO,,O-20260309-072810-001-000-691,,7864552e-99a1-4ebd-9c87-9a9e434fafc5,2026-03-09 07:28:10.428456367+00:00,2026-03-09 07:28:10.428456367+00:00
BACKTESTER-001,OracleStrategy-000,MESM6.GLBX,GLBX-1-553,MESM6.GLBX-OracleStrategy-000,GLBX-001,GLBX-1-553,MARKET,BUY,1,GTC,False,False,1,TAKER,6694.25,0.0,['0.00 USD'],NO_TRIGGER,FILLED,NO_CONTINGENCY,,,,MY_GENERIC_ALGO,,O-20260309-072810-001-000-692,,f1a70579-148f-4d4a-8d41-f1e263397f75,2026-03-09 07:28:10.428456367+00:00,2026-03-09 07:28:10.428456367+00:00
BACKTESTER-001,OracleStrategy-000,MESM6.GLBX,GLBX-1-554,MESM6.GLBX-OracleStrategy-000,GLBX-001,GLBX-1-554,MARKET,SELL,1,GTC,True,False,1,TAKER,6694.25,0.0,['0.00 USD'],NO_TRIGGER,FILLED,NO_CONTINGENCY,,,,MY_GENERIC_ALGO,,O-20260309-072823-001-000-693,,86c97094-d0d0-452a-bb4d-764577758a84,2026-03-09 07:28:23.227637917+00:00,2026-03-09 07:28:23.227637917+00:00
BACKTESTER-001,OracleStrategy-000,MESM6.GLBX,GLBX-1-555,MESM6.GLBX-OracleStrategy-000,GLBX-001,GLBX-1-555,MARKET,SELL,1,GTC,False,False,1,TAKER,6694.25,0.0,['0.00 USD'],NO_TRIGGER,FILLED,NO_CONTINGENCY,,,,MY_GENERIC_ALGO,,O-20260309-072823-001-000-694,,ee2a78a9-bdbd-4b77-bb39-7f090d45c90f,2026-03-09 07:28:23.227637917+00:00,2026-03-09 07:28:23.227637917+00:00
BACKTESTER-001,OracleStrategy-000,MESM6.GLBX,GLBX-1-556,MESM6.GLBX-OracleStrategy-000,GLBX-001,GLBX-1-556,MARKET,BUY,1,GTC,True,False,1,TAKER,6694.5,0.0,['0.00 USD'],NO_TRIGGER,FILLED,NO_CONTINGENCY,,,,MY_GENERIC_ALGO,,O-20260309-072839-001-000-695,,989720d6-a119-4b50-970f-60531e61f927,2026-03-09 07:28:39.777979704+00:00,2026-03-09 07:28:39.777979704+00:00
BACKTESTER-001,OracleStrategy-000,MESM6.GLBX,GLBX-1-557,MESM6.GLBX-OracleStrategy-000,GLBX-001,GLBX-1-557,MARKET,SELL,1,GTC,False,False,1,TAKER,6695.25,0.0,['0.00 USD'],NO_TRIGGER,FILLED,NO_CONTINGENCY,,,,MY_GENERIC_ALGO,,O-20260309-072852-001-000-697,,c2194cfc-9685-4245-94d6-4b139eaf7cd0,2026-03-09 07:28:52.829047600+00:00,2026-03-09 07:28:52.829047600+00:00
BACKTESTER-001,OracleStrategy-000,MESM6.GLBX,GLBX-1-558,MESM6.GLBX-OracleStrategy-000,GLBX-001,GLBX-1-558,MARKET,BUY,1,GTC,True,False,1,TAKER,6693.75,0.0,['0.00 USD'],NO_TRIGGER,FILLED,NO_CONTINGENCY,,,,MY_GENERIC_ALGO,,O-20260309-072925-001-000-698,,6b0ed4ac-6b77-4642-bd86-e80a281ec652,2026-03-09 07:29:25.430800423+00:00,2026-03-09 07:29:25.430800423+00:00
BACKTESTER-001,OracleStrategy-000,MESM6.GLBX,GLBX-1-559,MESM6.GLBX-OracleStrategy-000,GLBX-001,GLBX-1-559,MARKET,BUY,1,GTC,False,False,1,TAKER,6693.75,0.0,['0.00 USD'],NO_TRIGGER,FILLED,NO_CONTINGENCY,,,,MY_GENERIC_ALGO,,O-20260309-072925-001-000-699,,843f24dc-3d71-48b2-8f8c-22c1a5aa808c,2026-03-09 07:29:25.430800423+00:00,2026-03-09 07:29:25.430800423+00:00
BACKTESTER-001,OracleStrategy-000,MESM6.GLBX,GLBX-1-560,MESM6.GLBX-OracleStrategy-000,GLBX-001,GLBX-1-560,MARKET,SELL,1,GTC,True,False,1,TAKER,6694.75,0.0,['0.00 USD'],NO_TRIGGER,FILLED,NO_CONTINGENCY,,,,MY_GENERIC_ALGO,,O-20260309-073009-001-000-700,,4c0b29bc-0be7-472b-b44a-5d54b12e14f7,2026-03-09 07:30:09.570810306+00:00,2026-03-09 07:30:09.570810306+00:00
BACKTESTER-001,OracleStrategy-000,MESM6.GLBX,GLBX-1-561,MESM6.GLBX-OracleStrategy-000,GLBX-001,GLBX-1-561,MARKET,SELL,1,GTC,False,False,1,TAKER,6694.75,0.0,['0.00 USD'],NO_TRIGGER,FILLED,NO_CONTINGENCY,,,,MY_GENERIC_ALGO,,O-20260309-073009-001-000-701,,e0b69b29-9cab-43dd-858f-a5fdaf025407,2026-03-09 07:30:09.570810306+00:00,2026-03-09 07:30:09.570810306+00:00
BACKTESTER-001,OracleStrategy-000,MESM6.GLBX,GLBX-1-562,MESM6.GLBX-OracleStrategy-000,GLBX-001,GLBX-1-562,MARKET,BUY,1,GTC,True,False,1,TAKER,6691.5,0.0,['0.00 USD'],NO_TRIGGER,FILLED,NO_CONTINGENCY,,,,MY_GENERIC_ALGO,,O-20260309-073100-001-000-702,,eabf5b0b-c73c-4520-9132-140604ac5b4f,2026-03-09 07:31:00.705765453+00:00,2026-03-09 07:31:00.705765453+00:00
BACKTESTER-001,OracleStrategy-000,MESM6.GLBX,GLBX-1-563,MESM6.GLBX-OracleStrategy-000,GLBX-001,GLBX-1-563,MARKET,BUY,1,GTC,False,False,1,TAKER,6691.5,0.0,['0.00 USD'],NO_TRIGGER,FILLED,NO_CONTINGENCY,,,,MY_GENERIC_ALGO,,O-20260309-073108-001-000-704,,be73678d-3ba7-4d7d-85bc-92fb2b8770cc,2026-03-09 07:31:08.658500947+00:00,2026-03-09 07:31:08.658500947+00:00
BACKTESTER-001,OracleStrategy-000,MESM6.GLBX,GLBX-1-564,MESM6.GLBX-OracleStrategy-000,GLBX-001,GLBX-1-564,MARKET,SELL,1,GTC,True,False,1,TAKER,6692.5,0.0,['0.00 USD'],NO_TRIGGER,FILLED,NO_CONTINGENCY,,,,MY_GENERIC_ALGO,,O-20260309-073120-001-000-705,,9b517c2c-81e3-494e-a348-1cb3046def89,2026-03-09 07:31:20.656276909+00:00,2026-03-09 07:31:20.656276909+00:00
BACKTESTER-001,OracleStrategy-000,MESM6.GLBX,GLBX-1-565,MESM6.GLBX-OracleStrategy-000,GLBX-001,GLBX-1-565,MARKET,SELL,1,GTC,False,False,1,TAKER,6692.25,0.0,['0.00 USD'],NO_TRIGGER,FILLED,NO_CONTINGENCY,,,,MY_GENERIC_ALGO,,O-20260309-073134-001-000-707,,943080fa-d18c-48ac-917b-668220c86664,2026-03-09 07:31:34.634699399+00:00,2026-03-09 07:31:34.634699399+00:00
BACKTESTER-001,OracleStrategy-000,MESM6.GLBX,GLBX-1-566,MESM6.GLBX-OracleStrategy-000,GLBX-001,GLBX-1-566,MARKET,BUY,1,GTC,True,False,1,TAKER,6687.5,0.0,['0.00 USD'],NO_TRIGGER,FILLED,NO_CONTINGENCY,,,,MY_GENERIC_ALGO,,O-20260309-073438-001-000-708,,5fd09afe-acd1-49a1-9c1c-0838f72b90f8,2026-03-09 07:34:38.241817538+00:00,2026-03-09 07:34:38.241817538+00:00
BACKTESTER-001,OracleStrategy-000,MESM6.GLBX,GLBX-1-567,MESM6.GLBX-OracleStrategy-000,GLBX-001,GLBX-1-567,MARKET,BUY,1,GTC,False,False,1,TAKER,6687.5,0.0,['0.00 USD'],NO_TRIGGER,FILLED,NO_CONTINGENCY,,,,MY_GENERIC_ALGO,,O-20260309-073438-001-000-709,,18be1b98-95de-46f7-bd3b-d8baba3cf1bd,2026-03-09 07:34:38.241817538+00:00,2026-03-09 07:34:38.241817538+00:00
BACKTESTER-001,OracleStrategy-000,MESM6.GLBX,GLBX-1-568,MESM6.GLBX-OracleStrategy-000,GLBX-001,GLBX-1-568,MARKET,SELL,1,GTC,True,False,1,TAKER,6688.0,0.0,['0.00 USD'],NO_TRIGGER,FILLED,NO_CONTINGENCY,,,,MY_GENERIC_ALGO,,O-20260309-073455-001-000-710,,e3176710-e3a5-439c-8d8d-62f9915eafef,2026-03-09 07:34:55.372311997+00:00,2026-03-09 07:34:55.372311997+00:00
BACKTESTER-001,OracleStrategy-000,MESM6.GLBX,GLBX-1-569,MESM6.GLBX-OracleStrategy-000,GLBX-001,GLBX-1-569,MARKET,SELL,1,GTC,False,False,1,TAKER,6688.5,0.0,['0.00 USD'],NO_TRIGGER,FILLED,NO_CONTINGENCY,,,,MY_GENERIC_ALGO,,O-20260309-073500-001-000-712,,05071d4c-8285-4016-acac-4109b2685a29,2026-03-09 07:35:00.653172046+00:00,2026-03-09 07:35:00.653172046+00:00
BACKTESTER-001,OracleStrategy-000,MESM6.GLBX,GLBX-1-570,MESM6.GLBX-OracleStrategy-000,GLBX-001,GLBX-1-570,MARKET,BUY,1,GTC,True,False,1,TAKER,6686.75,0.0,['0.00 USD'],NO_TRIGGER,FILLED,NO_CONTINGENCY,,,,MY_GENERIC_ALGO,,O-20260309-073604-001-000-713,,a0addd09-e879-4afa-a07b-ad660ed67ecb,2026-03-09 07:36:04.067918503+00:00,2026-03-09 07:36:04.067918503+00:00
BACKTESTER-001,OracleStrategy-000,MESM6.GLBX,GLBX-1-571,MESM6.GLBX-OracleStrategy-000,GLBX-001,GLBX-1-571,MARKET,BUY,1,GTC,False,False,1,TAKER,6690.25,0.0,['0.00 USD'],NO_TRIGGER,FILLED,NO_CONTINGENCY,,,,MY_GENERIC_ALGO,,O-20260309-073625-001-000-716,,b40f3d37-e98a-4fdf-8478-56633d37f4c7,2026-03-09 07:36:25.576012975+00:00,2026-03-09 07:36:25.576012975+00:00
BACKTESTER-001,OracleStrategy-000,MESM6.GLBX,GLBX-1-572,MESM6.GLBX-OracleStrategy-000,GLBX-001,GLBX-1-572,MARKET,SELL,1,GTC,True,False,1,TAKER,6695.0,0.0,['0.00 USD'],NO_TRIGGER,FILLED,NO_CONTINGENCY,,,,MY_GENERIC_ALGO,,O-20260309-073712-001-000-717,,0eb2208e-7a53-4f94-82af-1bcfed81d30e,2026-03-09 07:37:12.633670184+00:00,2026-03-09 07:37:12.633670184+00:00
BACKTESTER-001,OracleStrategy-000,MESM6.GLBX,GLBX-1-573,MESM6.GLBX-OracleStrategy-000,GLBX-001,GLBX-1-573,MARKET,SELL,1,GTC,False,False,1,TAKER,6695.0,0.0,['0.00 USD'],NO_TRIGGER,FILLED,NO_CONTINGENCY,,,,MY_GENERIC_ALGO,,O-20260309-073712-001-000-718,,7acc3a56-163b-4482-8cbf-e7d0be5fcaa8,2026-03-09 07:37:12.633670184+00:00,2026-03-09 07:37:12.633670184+00:00
BACKTESTER-001,OracleStrategy-000,MESM6.GLBX,GLBX-1-574,MESM6.GLBX-OracleStrategy-000,GLBX-001,GLBX-1-574,MARKET,BUY,1,GTC,True,False,1,TAKER,6694.0,0.0,['0.00 USD'],NO_TRIGGER,FILLED,NO_CONTINGENCY,,,,MY_GENERIC_ALGO,,O-20260309-073758-001-000-719,,26e59a95-7d10-4be9-a8df-644238236fa2,2026-03-09 07:37:58.270084283+00:00,2026-03-09 07:37:58.270084283+00:00
BACKTESTER-001,OracleStrategy-000,MESM6.GLBX,GLBX-1-575,MESM6.GLBX-OracleStrategy-000,GLBX-001,GLBX-1-575,MARKET,BUY,1,GTC,False,False,1,TAKER,6694.0,0.0,['0.00 USD'],NO_TRIGGER,FILLED,NO_CONTINGENCY,,,,MY_GENERIC_ALGO,,O-20260309-073758-001-000-720,,338e6406-282a-4fd2-8f95-d1511a47c2dc,2026-03-09 07:37:58.270084283+00:00,2026-03-09 07:37:58.270084283+00:00
BACKTESTER-001,OracleStrategy-000,MESM6.GLBX,GLBX-1-576,MESM6.GLBX-OracleStrategy-000,GLBX-001,GLBX-1-576,MARKET,SELL,1,GTC,True,False,1,TAKER,6695.5,0.0,['0.00 USD'],NO_TRIGGER,FILLED,NO_CONTINGENCY,,,,MY_GENERIC_ALGO,,O-20260309-073846-001-000-721,,fb9e448f-78db-44c8-97ea-18ace9c5b4c6,2026-03-09 07:38:46.274156328+00:00,2026-03-09 07:38:46.274156328+00:00
BACKTESTER-001,OracleStrategy-000,MESM6.GLBX,GLBX-1-577,MESM6.GLBX-OracleStrategy-000,GLBX-001,GLBX-1-577,MARKET,SELL,1,GTC,False,False,1,TAKER,6695.5,0.0,['0.00 USD'],NO_TRIGGER,FILLED,NO_CONTINGENCY,,,,MY_GENERIC_ALGO,,O-20260309-073846-001-000-722,,c3ee488d-00dc-4c8d-95f0-1722ddab765b,2026-03-09 07:38:46.274156328+00:00,2026-03-09 07:38:46.274156328+00:00
BACKTESTER-001,OracleStrategy-000,MESM6.GLBX,GLBX-1-578,MESM6.GLBX-OracleStrategy-000,GLBX-001,GLBX-1-578,MARKET,BUY,1,GTC,True,False,1,TAKER,6693.0,0.0,['0.00 USD'],NO_TRIGGER,FILLED,NO_CONTINGENCY,,,,MY_GENERIC_ALGO,,O-20260309-074030-001-000-723,,4acb422c-2705-4f3d-9696-729c736c54e2,2026-03-09 07:40:30.839178415+00:00,2026-03-09 07:40:30.839178415+00:00
BACKTESTER-001,OracleStrategy-000,MESM6.GLBX,GLBX-1-579,MESM6.GLBX-OracleStrategy-000,GLBX-001,GLBX-1-579,MARKET,BUY,1,GTC,False,False,1,TAKER,6693.0,0.0,['0.00 USD'],NO_TRIGGER,FILLED,NO_CONTINGENCY,,,,MY_GENERIC_ALGO,,O-20260309-074030-001-000-724,,3d1aae0c-63b2-428f-81e7-91ee9f33603a,2026-03-09 07:40:30.839178415+00:00,2026-03-09 07:40:30.839178415+00:00
BACKTESTER-001,OracleStrategy-000,MESM6.GLBX,GLBX-1-580,MESM6.GLBX-OracleStrategy-000,GLBX-001,GLBX-1-580,MARKET,SELL,1,GTC,True,False,1,TAKER,6693.75,0.0,['0.00 USD'],NO_TRIGGER,FILLED,NO_CONTINGENCY,,,,MY_GENERIC_ALGO,,O-20260309-074250-001-000-725,,bf53f0a3-9e11-4004-bce9-42b706bda95e,2026-03-09 07:42:50.720887843+00:00,2026-03-09 07:42:50.720887843+00:00
BACKTESTER-001,OracleStrategy-000,MESM6.GLBX,GLBX-1-581,MESM6.GLBX-OracleStrategy-000,GLBX-001,GLBX-1-581,MARKET,SELL,1,GTC,False,False,1,TAKER,6693.75,0.0,['0.00 USD'],NO_TRIGGER,FILLED,NO_CONTINGENCY,,,,MY_GENERIC_ALGO,,O-20260309-074250-001-000-726,,52a4b706-9944-450d-98ce-874635853343,2026-03-09 07:42:50.720887843+00:00,2026-03-09 07:42:50.720887843+00:00
BACKTESTER-001,OracleStrategy-000,MESM6.GLBX,GLBX-1-582,MESM6.GLBX-OracleStrategy-000,GLBX-001,GLBX-1-582,MARKET,BUY,1,GTC,True,False,1,TAKER,6688.75,0.0,['0.00 USD'],NO_TRIGGER,FILLED,NO_CONTINGENCY,,,,MY_GENERIC_ALGO,,O-20260309-074700-001-000-727,,f260ead2-360f-4e7b-bdb9-a3d3f995203f,2026-03-09 07:47:00.887476253+00:00,2026-03-09 07:47:00.887476253+00:00
BACKTESTER-001,OracleStrategy-000,MESM6.GLBX,GLBX-1-583,MESM6.GLBX-OracleStrategy-000,GLBX-001,GLBX-1-583,MARKET,BUY,1,GTC,False,False,1,TAKER,6688.75,0.0,['0.00 USD'],NO_TRIGGER,FILLED,NO_CONTINGENCY,,,,MY_GENERIC_ALGO,,O-20260309-074700-001-000-728,,bf88d0e2-c689-44f8-ae7f-845580057f1d,2026-03-09 07:47:00.887476253+00:00,2026-03-09 07:47:00.887476253+00:00
BACKTESTER-001,OracleStrategy-000,MESM6.GLBX,GLBX-1-584,MESM6.GLBX-OracleStrategy-000,GLBX-001,GLBX-1-584,MARKET,SELL,1,GTC,True,False,1,TAKER,6692.75,0.0,['0.00 USD'],NO_TRIGGER,FILLED,NO_CONTINGENCY,,,,MY_GENERIC_ALGO,,O-20260309-075018-001-000-729,,d0eb4266-5a52-4608-90d0-9f4fa1b4da52,2026-03-09 07:50:18.625101592+00:00,2026-03-09 07:50:18.625101592+00:00
BACKTESTER-001,OracleStrategy-000,MESM6.GLBX,GLBX-1-585,MESM6.GLBX-OracleStrategy-000,GLBX-001,GLBX-1-585,MARKET,BUY,1,GTC,False,False,1,TAKER,6690.5,0.0,['0.00 USD'],NO_TRIGGER,FILLED,NO_CONTINGENCY,,,,MY_GENERIC_ALGO,,O-20260309-075146-001-000-732,,02876a33-620e-41fa-98b2-296f1fd491d8,2026-03-09 07:51:46.100415280+00:00,2026-03-09 07:51:46.100415280+00:00
BACKTESTER-001,OracleStrategy-000,MESM6.GLBX,GLBX-1-586,MESM6.GLBX-OracleStrategy-000,GLBX-001,GLBX-1-586,MARKET,SELL,1,GTC,True,False,1,TAKER,6694.25,0.0,['0.00 USD'],NO_TRIGGER,FILLED,NO_CONTINGENCY,,,,MY_GENERIC_ALGO,,O-20260309-075717-001-000-733,,4f059aaa-7e51-4353-ac4f-6b788911c554,2026-03-09 07:57:17.799530594+00:00,2026-03-09 07:57:17.799530594+00:00
BACKTESTER-001,OracleStrategy-000,MESM6.GLBX,GLBX-1-587,MESM6.GLBX-OracleStrategy-000,GLBX-001,GLBX-1-587,MARKET,SELL,1,GTC,False,False,1,TAKER,6694.25,0.0,['0.00 USD'],NO_TRIGGER,FILLED,NO_CONTINGENCY,,,,MY_GENERIC_ALGO,,O-20260309-075717-001-000-734,,8331c922-892e-458d-a56e-56de1f984a96,2026-03-09 07:57:17.799530594+00:00,2026-03-09 07:57:17.799530594+00:00
BACKTESTER-001,OracleStrategy-000,MESM6.GLBX,GLBX-1-588,MESM6.GLBX-OracleStrategy-000,GLBX-001,GLBX-1-588,MARKET,BUY,1,GTC,True,False,1,TAKER,6690.0,0.0,['0.00 USD'],NO_TRIGGER,FILLED,NO_CONTINGENCY,,,,MY_GENERIC_ALGO,,O-20260309-075922-001-000-735,,e09c7913-ebf0-4fdf-b348-d64b1009c42c,2026-03-09 07:59:22.551754530+00:00,2026-03-09 07:59:22.551754530+00:00
BACKTESTER-001,OracleStrategy-000,MESM6.GLBX,GLBX-1-589,MESM6.GLBX-OracleStrategy-000,GLBX-001,GLBX-1-589,MARKET,BUY,1,GTC,False,False,1,TAKER,6690.0,0.0,['0.00 USD'],NO_TRIGGER,FILLED,NO_CONTINGENCY,,,,MY_GENERIC_ALGO,,O-20260309-075922-001-000-736,,a398569b-8bc1-4f1c-a9f0-09a918f49580,2026-03-09 07:59:22.551754530+00:00,2026-03-09 07:59:22.551754530+00:00
BACKTESTER-001,OracleStrategy-000,MESM6.GLBX,GLBX-1-590,MESM6.GLBX-OracleStrategy-000,GLBX-001,GLBX-1-590,MARKET,SELL,1,GTC,True,False,1,TAKER,6690.25,0.0,['0.00 USD'],NO_TRIGGER,FILLED,NO_CONTINGENCY,,,,MY_GENERIC_ALGO,,O-20260309-075955-001-000-737,,a6022c12-170c-4048-b85c-c319ebd9a88f,2026-03-09 07:59:55.033569837+00:00,2026-03-09 07:59:55.033569837+00:00
BACKTESTER-001,OracleStrategy-000,MESM6.GLBX,GLBX-1-591,MESM6.GLBX-OracleStrategy-000,GLBX-001,GLBX-1-591,MARKET,SELL,1,GTC,False,False,1,TAKER,6690.25,0.0,['0.00 USD'],NO_TRIGGER,FILLED,NO_CONTINGENCY,,,,MY_GENERIC_ALGO,,O-20260309-075955-001-000-738,,918cc32a-90ab-4ad6-b9fe-ae01dc82d7ef,2026-03-09 07:59:55.033569837+00:00,2026-03-09 07:59:55.033569837+00:00
BACKTESTER-001,OracleStrategy-000,MESM6.GLBX,GLBX-1-592,MESM6.GLBX-OracleStrategy-000,GLBX-001,GLBX-1-592,MARKET,BUY,1,GTC,True,False,1,TAKER,6692.75,0.0,['0.00 USD'],NO_TRIGGER,FILLED,NO_CONTINGENCY,,,,MY_GENERIC_ALGO,,O-20260309-080000-001-000-739,,ce40edca-8d7a-4936-930f-520ef67d61cc,2026-03-09 08:00:00.039049200+00:00,2026-03-09 08:00:00.039049200+00:00
BACKTESTER-001,OracleStrategy-000,MESM6.GLBX,GLBX-1-593,MESM6.GLBX-OracleStrategy-000,GLBX-001,GLBX-1-593,MARKET,SELL,1,GTC,False,False,1,TAKER,6694.75,0.0,['0.00 USD'],NO_TRIGGER,FILLED,NO_CONTINGENCY,,,,MY_GENERIC_ALGO,,O-20260309-080002-001-000-741,,d19526b3-36c4-426f-81c5-297e7d42977c,2026-03-09 08:00:02.038757645+00:00,2026-03-09 08:00:02.038757645+00:00
BACKTESTER-001,OracleStrategy-000,MESM6.GLBX,GLBX-1-594,MESM6.GLBX-OracleStrategy-000,GLBX-001,GLBX-1-594,MARKET,BUY,1,GTC,True,False,1,TAKER,6691.0,0.0,['0.00 USD'],NO_TRIGGER,FILLED,NO_CONTINGENCY,,,,MY_GENERIC_ALGO,,O-20260309-080025-001-000-742,,e6e6a23d-6aad-4094-9357-12356ccc1664,2026-03-09 08:00:25.990319363+00:00,2026-03-09 08:00:25.990319363+00:00
BACKTESTER-001,OracleStrategy-000,MESM6.GLBX,GLBX-1-595,MESM6.GLBX-OracleStrategy-000,GLBX-001,GLBX-1-595,MARKET,BUY,1,GTC,False,False,1,TAKER,6691.0,0.0,['0.00 USD'],NO_TRIGGER,FILLED,NO_CONTINGENCY,,,,MY_GENERIC_ALGO,,O-20260309-080025-001-000-743,,962754b1-9372-4c7e-ad28-10bf5e39ff7c,2026-03-09 08:00:25.990319363+00:00,2026-03-09 08:00:25.990319363+00:00
BACKTESTER-001,OracleStrategy-000,MESM6.GLBX,GLBX-1-596,MESM6.GLBX-OracleStrategy-000,GLBX-001,GLBX-1-596,MARKET,SELL,1,GTC,True,False,1,TAKER,6698.0,0.0,['0.00 USD'],NO_TRIGGER,FILLED,NO_CONTINGENCY,,,,MY_GENERIC_ALGO,,O-20260309-080144-001-000-744,,a8011952-f160-476b-bfa9-b922db403a12,2026-03-09 08:01:44.027594501+00:00,2026-03-09 08:01:44.027594501+00:00
BACKTESTER-001,OracleStrategy-000,MESM6.GLBX,GLBX-1-597,MESM6.GLBX-OracleStrategy-000,GLBX-001,GLBX-1-597,MARKET,SELL,1,GTC,False,False,1,TAKER,6698.0,0.0,['0.00 USD'],NO_TRIGGER,FILLED,NO_CONTINGENCY,,,,MY_GENERIC_ALGO,,O-20260309-080144-001-000-745,,fb12070e-774e-4bc0-a7b3-d191d39d0765,2026-03-09 08:01:44.027594501+00:00,2026-03-09 08:01:44.027594501+00:00
BACKTESTER-001,OracleStrategy-000,MESM6.GLBX,GLBX-1-598,MESM6.GLBX-OracleStrategy-000,GLBX-001,GLBX-1-598,MARKET,BUY,1,GTC,True,False,1,TAKER,6693.75,0.0,['0.00 USD'],NO_TRIGGER,FILLED,NO_CONTINGENCY,,,,MY_GENERIC_ALGO,,O-20260309-080245-001-000-746,,f6d520cf-cc11-4c0f-99dd-81cd278e218c,2026-03-09 08:02:45.337475813+00:00,2026-03-09 08:02:45.337475813+00:00
BACKTESTER-001,OracleStrategy-000,MESM6.GLBX,GLBX-1-599,MESM6.GLBX-OracleStrategy-000,GLBX-001,GLBX-1-599,MARKET,BUY,1,GTC,False,False,1,TAKER,6693.75,0.0,['0.00 USD'],NO_TRIGGER,FILLED,NO_CONTINGENCY,,,,MY_GENERIC_ALGO,,O-20260309-080245-001-000-747,,6d50d283-92c8-4e12-b049-609b9e3920cf,2026-03-09 08:02:45.337475813+00:00,2026-03-09 08:02:45.337475813+00:00
BACKTESTER-001,OracleStrategy-000,MESM6.GLBX,GLBX-1-600,MESM6.GLBX-OracleStrategy-000,GLBX-001,GLBX-1-600,MARKET,SELL,1,GTC,True,False,1,TAKER,6694.5,0.0,['0.00 USD'],NO_TRIGGER,FILLED,NO_CONTINGENCY,,,,MY_GENERIC_ALGO,,O-20260309-080256-001-000-748,,6ea4fede-ea55-453e-a060-845053a95125,2026-03-09 08:02:56.721853925+00:00,2026-03-09 08:02:56.721853925+00:00
BACKTESTER-001,OracleStrategy-000,MESM6.GLBX,GLBX-1-601,MESM6.GLBX-OracleStrategy-000,GLBX-001,GLBX-1-601,MARKET,SELL,1,GTC,False,False,1,TAKER,6694.5,0.0,['0.00 USD'],NO_TRIGGER,FILLED,NO_CONTINGENCY,,,,MY_GENERIC_ALGO,,O-20260309-080256-001-000-749,,a725bd0a-7d9d-4e96-9dd9-8a57d546813b,2026-03-09 08:02:56.721853925+00:00,2026-03-09 08:02:56.721853925+00:00
BACKTESTER-001,OracleStrategy-000,MESM6.GLBX,GLBX-1-602,MESM6.GLBX-OracleStrategy-000,GLBX-001,GLBX-1-602,MARKET,BUY,1,GTC,True,False,1,TAKER,6690.0,0.0,['0.00 USD'],NO_TRIGGER,FILLED,NO_CONTINGENCY,,,,MY_GENERIC_ALGO,,O-20260309-080455-001-000-750,,779da248-7d1f-44f7-82f1-b1ddeca59b16,2026-03-09 08:04:55.965032272+00:00,2026-03-09 08:04:55.965032272+00:00
BACKTESTER-001,OracleStrategy-000,MESM6.GLBX,GLBX-1-603,MESM6.GLBX-OracleStrategy-000,GLBX-001,GLBX-1-603,MARKET,BUY,1,GTC,False,False,1,TAKER,6690.0,0.0,['0.00 USD'],NO_TRIGGER,FILLED,NO_CONTINGENCY,,,,MY_GENERIC_ALGO,,O-20260309-080455-001-000-751,,7357fce9-33a7-4094-82ff-971ab77cfae1,2026-03-09 08:04:55.965032272+00:00,2026-03-09 08:04:55.965032272+00:00
BACKTESTER-001,OracleStrategy-000,MESM6.GLBX,GLBX-1-604,MESM6.GLBX-OracleStrategy-000,GLBX-001,GLBX-1-604,MARKET,SELL,1,GTC,True,False,1,TAKER,6695.0,0.0,['0.00 USD'],NO_TRIGGER,FILLED,NO_CONTINGENCY,,,,MY_GENERIC_ALGO,,O-20260309-080544-001-000-752,,76ead90e-2946-4e1d-a5d2-8a4e97c1298c,2026-03-09 08:05:44.165372845+00:00,2026-03-09 08:05:44.165372845+00:00
BACKTESTER-001,OracleStrategy-000,MESM6.GLBX,GLBX-1-605,MESM6.GLBX-OracleStrategy-000,GLBX-001,GLBX-1-605,MARKET,SELL,1,GTC,False,False,1,TAKER,6695.0,0.0,['0.00 USD'],NO_TRIGGER,FILLED,NO_CONTINGENCY,,,,MY_GENERIC_ALGO,,O-20260309-080544-001-000-753,,ca54e0bd-f064-4373-9b10-1d31292a88b9,2026-03-09 08:05:44.165372845+00:00,2026-03-09 08:05:44.165372845+00:00
BACKTESTER-001,OracleStrategy-000,MESM6.GLBX,GLBX-1-606,MESM6.GLBX-OracleStrategy-000,GLBX-001,GLBX-1-606,MARKET,BUY,1,GTC,True,False,1,TAKER,6690.0,0.0,['0.00 USD'],NO_TRIGGER,FILLED,NO_CONTINGENCY,,,,MY_GENERIC_ALGO,,O-20260309-080705-001-000-754,,e088cb01-a912-49dc-9e0c-8d9c25f1198f,2026-03-09 08:07:05.015801219+00:00,2026-03-09 08:07:05.015801219+00:00
BACKTESTER-001,OracleStrategy-000,MESM6.GLBX,GLBX-1-607,MESM6.GLBX-OracleStrategy-000,GLBX-001,GLBX-1-607,MARKET,BUY,1,GTC,False,False,1,TAKER,6690.0,0.0,['0.00 USD'],NO_TRIGGER,FILLED,NO_CONTINGENCY,,,,MY_GENERIC_ALGO,,O-20260309-080705-001-000-755,,de88554a-b243-4cda-962d-8da4d519bc43,2026-03-09 08:07:05.015801219+00:00,2026-03-09 08:07:05.015801219+00:00
BACKTESTER-001,OracleStrategy-000,MESM6.GLBX,GLBX-1-608,MESM6.GLBX-OracleStrategy-000,GLBX-001,GLBX-1-608,MARKET,SELL,1,GTC,True,False,1,TAKER,6697.0,0.0,['0.00 USD'],NO_TRIGGER,FILLED,NO_CONTINGENCY,,,,MY_GENERIC_ALGO,,O-20260309-080858-001-000-756,,cd9f4247-9844-494d-9321-205d0f3d4023,2026-03-09 08:08:58.553127267+00:00,2026-03-09 08:08:58.553127267+00:00
BACKTESTER-001,OracleStrategy-000,MESM6.GLBX,GLBX-1-609,MESM6.GLBX-OracleStrategy-000,GLBX-001,GLBX-1-609,MARKET,SELL,1,GTC,False,False,1,TAKER,6697.0,0.0,['0.00 USD'],NO_TRIGGER,FILLED,NO_CONTINGENCY,,,,MY_GENERIC_ALGO,,O-20260309-080858-001-000-757,,5cb87456-c457-4733-b530-8d9ae16f7107,2026-03-09 08:08:58.553127267+00:00,2026-03-09 08:08:58.553127267+00:00
BACKTESTER-001,OracleStrategy-000,MESM6.GLBX,GLBX-1-610,MESM6.GLBX-OracleStrategy-000,GLBX-001,GLBX-1-610,MARKET,BUY,1,GTC,True,False,1,TAKER,6690.0,0.0,['0.00 USD'],NO_TRIGGER,FILLED,NO_CONTINGENCY,,,,MY_GENERIC_ALGO,,O-20260309-081112-001-000-758,,5a06d3ac-08fb-4daf-ac3a-131d9bccf998,2026-03-09 08:11:12.267398599+00:00,2026-03-09 08:11:12.267398599+00:00
BACKTESTER-001,OracleStrategy-000,MESM6.GLBX,GLBX-1-611,MESM6.GLBX-OracleStrategy-000,GLBX-001,GLBX-1-611,MARKET,BUY,1,GTC,False,False,1,TAKER,6690.0,0.0,['0.00 USD'],NO_TRIGGER,FILLED,NO_CONTINGENCY,,,,MY_GENERIC_ALGO,,O-20260309-081112-001-000-759,,137483f6-9fc9-4507-b63b-3eb9fb4afa8b,2026-03-09 08:11:12.267398599+00:00,2026-03-09 08:11:12.267398599+00:00
BACKTESTER-001,OracleStrategy-000,MESM6.GLBX,GLBX-1-612,MESM6.GLBX-OracleStrategy-000,GLBX-001,GLBX-1-612,MARKET,SELL,1,GTC,True,False,1,TAKER,6692.0,0.0,['0.00 USD'],NO_TRIGGER,FILLED,NO_CONTINGENCY,,,,MY_GENERIC_ALGO,,O-20260309-081240-001-000-760,,f7cc107b-c6ef-4ebc-8f94-807f032b685c,2026-03-09 08:12:40.146476127+00:00,2026-03-09 08:12:40.146476127+00:00
BACKTESTER-001,OracleStrategy-000,MESM6.GLBX,GLBX-1-613,MESM6.GLBX-OracleStrategy-000,GLBX-001,GLBX-1-613,MARKET,SELL,1,GTC,False,False,1,TAKER,6692.0,0.0,['0.00 USD'],NO_TRIGGER,FILLED,NO_CONTINGENCY,,,,MY_GENERIC_ALGO,,O-20260309-081240-001-000-761,,2f0d0859-0e79-4435-8196-a65af8da928d,2026-03-09 08:12:40.146476127+00:00,2026-03-09 08:12:40.146476127+00:00
BACKTESTER-001,OracleStrategy-000,MESM6.GLBX,GLBX-1-614,MESM6.GLBX-OracleStrategy-000,GLBX-001,GLBX-1-614,MARKET,BUY,1,GTC,True,False,1,TAKER,6683.5,0.0,['0.00 USD'],NO_TRIGGER,FILLED,NO_CONTINGENCY,,,,MY_GENERIC_ALGO,,O-20260309-081627-001-000-762,,20bb4859-fee8-4c01-93b6-adf3d8e336d3,2026-03-09 08:16:27.691674655+00:00,2026-03-09 08:16:27.691674655+00:00
BACKTESTER-001,OracleStrategy-000,MESM6.GLBX,GLBX-1-615,MESM6.GLBX-OracleStrategy-000,GLBX-001,GLBX-1-615,MARKET,BUY,1,GTC,False,False,1,TAKER,6685.5,0.0,['0.00 USD'],NO_TRIGGER,FILLED,NO_CONTINGENCY,,,,MY_GENERIC_ALGO,,O-20260309-081717-001-000-766,,077b3b36-74b3-40a4-a354-a67ce9c0e1bb,2026-03-09 08:17:17.514225328+00:00,2026-03-09 08:17:17.514225328+00:00
BACKTESTER-001,OracleStrategy-000,MESM6.GLBX,GLBX-1-616,MESM6.GLBX-OracleStrategy-000,GLBX-001,GLBX-1-616,MARKET,SELL,1,GTC,True,False,1,TAKER,6693.0,0.0,['0.00 USD'],NO_TRIGGER,FILLED,NO_CONTINGENCY,,,,MY_GENERIC_ALGO,,O-20260309-081804-001-000-767,,ee3ef076-428f-45e0-a5cb-ffed347b4f63,2026-03-09 08:18:04.295586751+00:00,2026-03-09 08:18:04.295586751+00:00
BACKTESTER-001,OracleStrategy-000,MESM6.GLBX,GLBX-1-617,MESM6.GLBX-OracleStrategy-000,GLBX-001,GLBX-1-617,MARKET,SELL,1,GTC,False,False,1,TAKER,6693.0,0.0,['0.00 USD'],NO_TRIGGER,FILLED,NO_CONTINGENCY,,,,MY_GENERIC_ALGO,,O-20260309-081804-001-000-768,,2511419c-b85a-4231-adc3-44b8e5960dcb,2026-03-09 08:18:04.295586751+00:00,2026-03-09 08:18:04.295586751+00:00
BACKTESTER-001,OracleStrategy-000,MESM6.GLBX,GLBX-1-618,MESM6.GLBX-OracleStrategy-000,GLBX-001,GLBX-1-618,MARKET,BUY,1,GTC,True,False,1,TAKER,6688.0,0.0,['0.00 USD'],NO_TRIGGER,FILLED,NO_CONTINGENCY,,,,MY_GENERIC_ALGO,,O-20260309-082023-001-000-769,,9b9739da-c1ea-4c00-a37b-f821dd749865,2026-03-09 08:20:23.554840159+00:00,2026-03-09 08:20:23.554840159+00:00
BACKTESTER-001,OracleStrategy-000,MESM6.GLBX,GLBX-1-619,MESM6.GLBX-OracleStrategy-000,GLBX-001,GLBX-1-619,MARKET,BUY,1,GTC,False,False,1,TAKER,6688.0,0.0,['0.00 USD'],NO_TRIGGER,FILLED,NO_CONTINGENCY,,,,MY_GENERIC_ALGO,,O-20260309-082023-001-000-770,,eff00b36-75d1-402e-8030-ee0182568a21,2026-03-09 08:20:23.554840159+00:00,2026-03-09 08:20:23.554840159+00:00
BACKTESTER-001,OracleStrategy-000,MESM6.GLBX,GLBX-1-620,MESM6.GLBX-OracleStrategy-000,GLBX-001,GLBX-1-620,MARKET,SELL,1,GTC,True,False,1,TAKER,6704.0,0.0,['0.00 USD'],NO_TRIGGER,FILLED,NO_CONTINGENCY,,,,MY_GENERIC_ALGO,,O-20260309-082334-001-000-771,,86d97a01-c05a-4fd1-ae41-3f6021419d71,2026-03-09 08:23:34.420305979+00:00,2026-03-09 08:23:34.420305979+00:00
BACKTESTER-001,OracleStrategy-000,MESM6.GLBX,GLBX-1-621,MESM6.GLBX-OracleStrategy-000,GLBX-001,GLBX-1-621,MARKET,BUY,1,GTC,False,False,1,TAKER,6700.0,0.0,['0.00 USD'],NO_TRIGGER,FILLED,NO_CONTINGENCY,,,,MY_GENERIC_ALGO,,O-20260309-082445-001-000-774,,6460af67-4f14-48f8-8b2f-e9c6e03de854,2026-03-09 08:24:45.379170943+00:00,2026-03-09 08:24:45.379170943+00:00
BACKTESTER-001,OracleStrategy-000,MESM6.GLBX,GLBX-1-622,MESM6.GLBX-OracleStrategy-000,GLBX-001,GLBX-1-622,MARKET,SELL,1,GTC,True,False,1,TAKER,6703.75,0.0,['0.00 USD'],NO_TRIGGER,FILLED,NO_CONTINGENCY,,,,MY_GENERIC_ALGO,,O-20260309-082517-001-000-775,,d756f7ac-eca6-4205-b0c3-79c33b974c89,2026-03-09 08:25:17.534241560+00:00,2026-03-09 08:25:17.534241560+00:00
BACKTESTER-001,OracleStrategy-000,MESM6.GLBX,GLBX-1-623,MESM6.GLBX-OracleStrategy-000,GLBX-001,GLBX-1-623,MARKET,SELL,1,GTC,False,False,1,TAKER,6703.75,0.0,['0.00 USD'],NO_TRIGGER,FILLED,NO_CONTINGENCY,,,,MY_GENERIC_ALGO,,O-20260309-082517-001-000-776,,e5076d7e-0309-405d-9730-de7cd7ac43d6,2026-03-09 08:25:17.534241560+00:00,2026-03-09 08:25:17.534241560+00:00
BACKTESTER-001,OracleStrategy-000,MESM6.GLBX,GLBX-1-624,MESM6.GLBX-OracleStrategy-000,GLBX-001,GLBX-1-624,MARKET,BUY,1,GTC,True,False,1,TAKER,6699.25,0.0,['0.00 USD'],NO_TRIGGER,FILLED,NO_CONTINGENCY,,,,MY_GENERIC_ALGO,,O-20260309-082855-001-000-777,,76d6fc21-96e9-4d01-ad51-d8de90281a55,2026-03-09 08:28:55.068848306+00:00,2026-03-09 08:28:55.068848306+00:00
BACKTESTER-001,OracleStrategy-000,MESM6.GLBX,GLBX-1-625,MESM6.GLBX-OracleStrategy-000,GLBX-001,GLBX-1-625,MARKET,BUY,1,GTC,False,False,1,TAKER,6699.25,0.0,['0.00 USD'],NO_TRIGGER,FILLED,NO_CONTINGENCY,,,,MY_GENERIC_ALGO,,O-20260309-082855-001-000-778,,04ecd8ab-80f0-41a4-b2eb-0c099cafcb0c,2026-03-09 08:28:55.068848306+00:00,2026-03-09 08:28:55.068848306+00:00
BACKTESTER-001,OracleStrategy-000,MESM6.GLBX,GLBX-1-626,MESM6.GLBX-OracleStrategy-000,GLBX-001,GLBX-1-626,MARKET,SELL,1,GTC,True,False,1,TAKER,6699.25,0.0,['0.00 USD'],NO_TRIGGER,FILLED,NO_CONTINGENCY,,,,MY_GENERIC_ALGO,,O-20260309-082857-001-000-779,,1218b412-584a-4fe6-8632-7ccf280dd8ea,2026-03-09 08:28:57.668241019+00:00,2026-03-09 08:28:57.668241019+00:00
BACKTESTER-001,OracleStrategy-000,MESM6.GLBX,GLBX-1-627,MESM6.GLBX-OracleStrategy-000,GLBX-001,GLBX-1-627,MARKET,BUY,1,GTC,False,False,1,TAKER,6698.75,0.0,['0.00 USD'],NO_TRIGGER,FILLED,NO_CONTINGENCY,,,,MY_GENERIC_ALGO,,O-20260309-082905-001-000-781,,f04ecefe-c705-4eb0-9632-62dd13c14390,2026-03-09 08:29:05.050970175+00:00,2026-03-09 08:29:05.050970175+00:00
BACKTESTER-001,OracleStrategy-000,MESM6.GLBX,GLBX-1-628,MESM6.GLBX-OracleStrategy-000,GLBX-001,GLBX-1-628,MARKET,SELL,1,GTC,True,False,1,TAKER,6698.25,0.0,['0.00 USD'],NO_TRIGGER,FILLED,NO_CONTINGENCY,,,,MY_GENERIC_ALGO,,O-20260309-082939-001-000-782,,ef160096-3f16-42cc-97d5-7dea9b22c77d,2026-03-09 08:29:39.841969360+00:00,2026-03-09 08:29:39.841969360+00:00
BACKTESTER-001,OracleStrategy-000,MESM6.GLBX,GLBX-1-629,MESM6.GLBX-OracleStrategy-000,GLBX-001,GLBX-1-629,MARKET,BUY,1,GTC,False,False,1,TAKER,6696.25,0.0,['0.00 USD'],NO_TRIGGER,FILLED,NO_CONTINGENCY,,,,MY_GENERIC_ALGO,,O-20260309-082954-001-000-785,,bb4edf75-0c46-4977-bf39-2228989690b6,2026-03-09 08:29:54.713178607+00:00,2026-03-09 08:29:54.713178607+00:00
BACKTESTER-001,OracleStrategy-000,MESM6.GLBX,GLBX-1-630,MESM6.GLBX-OracleStrategy-000,GLBX-001,GLBX-1-630,MARKET,SELL,1,GTC,True,False,1,TAKER,6699.25,0.0,['0.00 USD'],NO_TRIGGER,FILLED,NO_CONTINGENCY,,,,MY_GENERIC_ALGO,,O-20260309-083120-001-000-786,,ef9bb734-ecd7-40ae-b621-56ca18b39d29,2026-03-09 08:31:20.947406531+00:00,2026-03-09 08:31:20.947406531+00:00
BACKTESTER-001,OracleStrategy-000,MESM6.GLBX,GLBX-1-631,MESM6.GLBX-OracleStrategy-000,GLBX-001,GLBX-1-631,MARKET,SELL,1,GTC,False,False,1,TAKER,6699.25,0.0,['0.00 USD'],NO_TRIGGER,FILLED,NO_CONTINGENCY,,,,MY_GENERIC_ALGO,,O-20260309-083120-001-000-787,,ddec1bf4-90ab-49b5-9b21-c3fd0522cbea,2026-03-09 08:31:20.947406531+00:00,2026-03-09 08:31:20.947406531+00:00
BACKTESTER-001,OracleStrategy-000,MESM6.GLBX,GLBX-1-632,MESM6.GLBX-OracleStrategy-000,GLBX-001,GLBX-1-632,MARKET,BUY,1,GTC,True,False,1,TAKER,6698.25,0.0,['0.00 USD'],NO_TRIGGER,FILLED,NO_CONTINGENCY,,,,MY_GENERIC_ALGO,,O-20260309-083215-001-000-788,,19d8bd93-0d25-4f7a-bb0a-3b0c8b10c625,2026-03-09 08:32:15.826533387+00:00,2026-03-09 08:32:15.826533387+00:00
BACKTESTER-001,OracleStrategy-000,MESM6.GLBX,GLBX-1-633,MESM6.GLBX-OracleStrategy-000,GLBX-001,GLBX-1-633,MARKET,BUY,1,GTC,False,False,1,TAKER,6698.25,0.0,['0.00 USD'],NO_TRIGGER,FILLED,NO_CONTINGENCY,,,,MY_GENERIC_ALGO,,O-20260309-083215-001-000-789,,f65d0153-8125-40c1-8902-6d3dfb3380a4,2026-03-09 08:32:15.826533387+00:00,2026-03-09 08:32:15.826533387+00:00
BACKTESTER-001,OracleStrategy-000,MESM6.GLBX,GLBX-1-634,MESM6.GLBX-OracleStrategy-000,GLBX-001,GLBX-1-634,MARKET,SELL,1,GTC,True,False,1,TAKER,6705.25,0.0,['0.00 USD'],NO_TRIGGER,FILLED,NO_CONTINGENCY,,,,MY_GENERIC_ALGO,,O-20260309-083330-001-000-790,,b7b1426c-417f-4b27-b08a-df66278705ea,2026-03-09 08:33:30.547472011+00:00,2026-03-09 08:33:30.547472011+00:00
BACKTESTER-001,OracleStrategy-000,MESM6.GLBX,GLBX-1-635,MESM6.GLBX-OracleStrategy-000,GLBX-001,GLBX-1-635,MARKET,SELL,1,GTC,False,False,1,TAKER,6705.25,0.0,['0.00 USD'],NO_TRIGGER,FILLED,NO_CONTINGENCY,,,,MY_GENERIC_ALGO,,O-20260309-083330-001-000-791,,58980921-78db-4853-a12d-7c4192ab130e,2026-03-09 08:33:30.547472011+00:00,2026-03-09 08:33:30.547472011+00:00
BACKTESTER-001,OracleStrategy-000,MESM6.GLBX,GLBX-1-636,MESM6.GLBX-OracleStrategy-000,GLBX-001,GLBX-1-636,MARKET,BUY,1,GTC,True,False,1,TAKER,6705.0,0.0,['0.00 USD'],NO_TRIGGER,FILLED,NO_CONTINGENCY,,,,MY_GENERIC_ALGO,,O-20260309-083407-001-000-792,,7b8ac87f-b024-4f63-afaa-c0ff93d8b13c,2026-03-09 08:34:07.408403320+00:00,2026-03-09 08:34:07.408403320+00:00
BACKTESTER-001,OracleStrategy-000,MESM6.GLBX,GLBX-1-637,MESM6.GLBX-OracleStrategy-000,GLBX-001,GLBX-1-637,MARKET,BUY,1,GTC,False,False,1,TAKER,6705.0,0.0,['0.00 USD'],NO_TRIGGER,FILLED,NO_CONTINGENCY,,,,MY_GENERIC_ALGO,,O-20260309-083407-001-000-793,,f864b9a6-03a4-4199-a901-8c582a020877,2026-03-09 08:34:07.408403320+00:00,2026-03-09 08:34:07.408403320+00:00
BACKTESTER-001,OracleStrategy-000,MESM6.GLBX,GLBX-1-638,MESM6.GLBX-OracleStrategy-000,GLBX-001,GLBX-1-638,MARKET,SELL,1,GTC,True,False,1,TAKER,6709.0,0.0,['0.00 USD'],NO_TRIGGER,FILLED,NO_CONTINGENCY,,,,MY_GENERIC_ALGO,,O-20260309-083506-001-000-794,,6e28fa6d-4621-4cc1-871f-f281a60260e7,2026-03-09 08:35:06.511643227+00:00,2026-03-09 08:35:06.511643227+00:00
BACKTESTER-001,OracleStrategy-000,MESM6.GLBX,GLBX-1-639,MESM6.GLBX-OracleStrategy-000,GLBX-001,GLBX-1-639,MARKET,SELL,1,GTC,False,False,1,TAKER,6709.0,0.0,['0.00 USD'],NO_TRIGGER,FILLED,NO_CONTINGENCY,,,,MY_GENERIC_ALGO,,O-20260309-083516-001-000-796,,0b0e6ad7-8562-4069-87f6-c13b15f65623,2026-03-09 08:35:16.404977531+00:00,2026-03-09 08:35:16.404977531+00:00
BACKTESTER-001,OracleStrategy-000,MESM6.GLBX,GLBX-1-640,MESM6.GLBX-OracleStrategy-000,GLBX-001,GLBX-1-640,MARKET,BUY,1,GTC,True,False,1,TAKER,6708.25,0.0,['0.00 USD'],NO_TRIGGER,FILLED,NO_CONTINGENCY,,,,MY_GENERIC_ALGO,,O-20260309-083532-001-000-797,,b0b5c2e5-a81c-4791-bbc4-20379c3a8aa7,2026-03-09 08:35:32.261117159+00:00,2026-03-09 08:35:32.261117159+00:00
BACKTESTER-001,OracleStrategy-000,MESM6.GLBX,GLBX-1-641,MESM6.GLBX-OracleStrategy-000,GLBX-001,GLBX-1-641,MARKET,BUY,1,GTC,False,False,1,TAKER,6707.0,0.0,['0.00 USD'],NO_TRIGGER,FILLED,NO_CONTINGENCY,,,,MY_GENERIC_ALGO,,O-20260309-083540-001-000-799,,c5bf5c17-2399-4e38-a487-82825f9f1f00,2026-03-09 08:35:40.071272386+00:00,2026-03-09 08:35:40.071272386+00:00
BACKTESTER-001,OracleStrategy-000,MESM6.GLBX,GLBX-1-642,MESM6.GLBX-OracleStrategy-000,GLBX-001,GLBX-1-642,MARKET,SELL,1,GTC,True,False,1,TAKER,6708.0,0.0,['0.00 USD'],NO_TRIGGER,FILLED,NO_CONTINGENCY,,,,MY_GENERIC_ALGO,,O-20260309-083622-001-000-800,,efbec36b-523c-496c-9263-20ce72778b6b,2026-03-09 08:36:22.981979706+00:00,2026-03-09 08:36:22.981979706+00:00
BACKTESTER-001,OracleStrategy-000,MESM6.GLBX,GLBX-1-643,MESM6.GLBX-OracleStrategy-000,GLBX-001,GLBX-1-643,MARKET,SELL,1,GTC,False,False,1,TAKER,6708.0,0.0,['0.00 USD'],NO_TRIGGER,FILLED,NO_CONTINGENCY,,,,MY_GENERIC_ALGO,,O-20260309-083622-001-000-801,,c7883a63-e7c2-428c-b497-ecf387b2f7a2,2026-03-09 08:36:22.981979706+00:00,2026-03-09 08:36:22.981979706+00:00
BACKTESTER-001,OracleStrategy-000,MESM6.GLBX,GLBX-1-644,MESM6.GLBX-OracleStrategy-000,GLBX-001,GLBX-1-644,MARKET,BUY,1,GTC,True,False,1,TAKER,6701.0,0.0,['0.00 USD'],NO_TRIGGER,FILLED,NO_CONTINGENCY,,,,MY_GENERIC_ALGO,,O-20260309-084106-001-000-802,,dee4c18f-d0b8-4775-aed6-49683d31c7ea,2026-03-09 08:41:06.904940829+00:00,2026-03-09 08:41:06.904940829+00:00
BACKTESTER-001,OracleStrategy-000,MESM6.GLBX,GLBX-1-645,MESM6.GLBX-OracleStrategy-000,GLBX-001,GLBX-1-645,MARKET,BUY,1,GTC,False,False,1,TAKER,6701.0,0.0,['0.00 USD'],NO_TRIGGER,FILLED,NO_CONTINGENCY,,,,MY_GENERIC_ALGO,,O-20260309-084106-001-000-803,,5c7f6f89-c403-47e6-bda3-7732193ad392,2026-03-09 08:41:06.904940829+00:00,2026-03-09 08:41:06.904940829+00:00
BACKTESTER-001,OracleStrategy-000,MESM6.GLBX,GLBX-1-646,MESM6.GLBX-OracleStrategy-000,GLBX-001,GLBX-1-646,MARKET,SELL,1,GTC,True,False,1,TAKER,6700.0,0.0,['0.00 USD'],NO_TRIGGER,FILLED,NO_CONTINGENCY,,,,MY_GENERIC_ALGO,,O-20260309-084127-001-000-804,,a477f1c7-92e0-43b4-b6bb-3655d77eb905,2026-03-09 08:41:27.723933351+00:00,2026-03-09 08:41:27.723933351+00:00
BACKTESTER-001,OracleStrategy-000,MESM6.GLBX,GLBX-1-647,MESM6.GLBX-OracleStrategy-000,GLBX-001,GLBX-1-647,MARKET,SELL,1,GTC,False,False,1,TAKER,6700.0,0.0,['0.00 USD'],NO_TRIGGER,FILLED,NO_CONTINGENCY,,,,MY_GENERIC_ALGO,,O-20260309-084127-001-000-805,,4987b3e3-db0e-4f29-a599-cb54d5cfd68f,2026-03-09 08:41:27.723933351+00:00,2026-03-09 08:41:27.723933351+00:00
BACKTESTER-001,OracleStrategy-000,MESM6.GLBX,GLBX-1-648,MESM6.GLBX-OracleStrategy-000,GLBX-001,GLBX-1-648,MARKET,BUY,1,GTC,True,False,1,TAKER,6698.0,0.0,['0.00 USD'],NO_TRIGGER,FILLED,NO_CONTINGENCY,,,,MY_GENERIC_ALGO,,O-20260309-084201-001-000-806,,b1b2c9a9-fcf9-4408-ba7f-53c9bc51df8e,2026-03-09 08:42:01.445730304+00:00,2026-03-09 08:42:01.445730304+00:00
BACKTESTER-001,OracleStrategy-000,MESM6.GLBX,GLBX-1-649,MESM6.GLBX-OracleStrategy-000,GLBX-001,GLBX-1-649,MARKET,BUY,1,GTC,False,False,1,TAKER,6698.0,0.0,['0.00 USD'],NO_TRIGGER,FILLED,NO_CONTINGENCY,,,,MY_GENERIC_ALGO,,O-20260309-084201-001-000-807,,e1f47b12-2648-4c5d-a89a-2b1a87fdc012,2026-03-09 08:42:01.445730304+00:00,2026-03-09 08:42:01.445730304+00:00
BACKTESTER-001,OracleStrategy-000,MESM6.GLBX,GLBX-1-650,MESM6.GLBX-OracleStrategy-000,GLBX-001,GLBX-1-650,MARKET,SELL,1,GTC,True,False,1,TAKER,6699.75,0.0,['0.00 USD'],NO_TRIGGER,FILLED,NO_CONTINGENCY,,,,MY_GENERIC_ALGO,,O-20260309-084309-001-000-808,,5cfaf10c-2b10-41ba-ad3b-625c112107d5,2026-03-09 08:43:09.225470810+00:00,2026-03-09 08:43:09.225470810+00:00
BACKTESTER-001,OracleStrategy-000,MESM6.GLBX,GLBX-1-651,MESM6.GLBX-OracleStrategy-000,GLBX-001,GLBX-1-651,MARKET,SELL,1,GTC,False,False,1,TAKER,6699.75,0.0,['0.00 USD'],NO_TRIGGER,FILLED,NO_CONTINGENCY,,,,MY_GENERIC_ALGO,,O-20260309-084309-001-000-809,,65e37794-35ac-4d84-a665-5a303f45d250,2026-03-09 08:43:09.225470810+00:00,2026-03-09 08:43:09.225470810+00:00
BACKTESTER-001,OracleStrategy-000,MESM6.GLBX,GLBX-1-652,MESM6.GLBX-OracleStrategy-000,GLBX-001,GLBX-1-652,MARKET,BUY,1,GTC,True,False,1,TAKER,6694.0,0.0,['0.00 USD'],NO_TRIGGER,FILLED,NO_CONTINGENCY,,,,MY_GENERIC_ALGO,,O-20260309-084517-001-000-810,,cd7690de-8063-408d-9b53-8c574b1b8e8b,2026-03-09 08:45:17.223214653+00:00,2026-03-09 08:45:17.223214653+00:00
BACKTESTER-001,OracleStrategy-000,MESM6.GLBX,GLBX-1-653,MESM6.GLBX-OracleStrategy-000,GLBX-001,GLBX-1-653,MARKET,BUY,1,GTC,False,False,1,TAKER,6694.0,0.0,['0.00 USD'],NO_TRIGGER,FILLED,NO_CONTINGENCY,,,,MY_GENERIC_ALGO,,O-20260309-084517-001-000-811,,aca25da3-3bdd-493d-bc9e-c3956242f4f2,2026-03-09 08:45:17.223214653+00:00,2026-03-09 08:45:17.223214653+00:00
BACKTESTER-001,OracleStrategy-000,MESM6.GLBX,GLBX-1-654,MESM6.GLBX-OracleStrategy-000,GLBX-001,GLBX-1-654,MARKET,SELL,1,GTC,True,False,1,TAKER,6702.25,0.0,['0.00 USD'],NO_TRIGGER,FILLED,NO_CONTINGENCY,,,,MY_GENERIC_ALGO,,O-20260309-084902-001-000-812,,70d88978-53bc-4fb5-975c-940db1efb255,2026-03-09 08:49:02.375944925+00:00,2026-03-09 08:49:02.375944925+00:00
BACKTESTER-001,OracleStrategy-000,MESM6.GLBX,GLBX-1-655,MESM6.GLBX-OracleStrategy-000,GLBX-001,GLBX-1-655,MARKET,SELL,1,GTC,False,False,1,TAKER,6702.25,0.0,['0.00 USD'],NO_TRIGGER,FILLED,NO_CONTINGENCY,,,,MY_GENERIC_ALGO,,O-20260309-084902-001-000-813,,f5a1e410-bbe4-4000-a46e-270367a6a470,2026-03-09 08:49:02.375944925+00:00,2026-03-09 08:49:02.375944925+00:00
BACKTESTER-001,OracleStrategy-000,MESM6.GLBX,GLBX-1-656,MESM6.GLBX-OracleStrategy-000,GLBX-001,GLBX-1-656,MARKET,BUY,1,GTC,True,False,1,TAKER,6703.5,0.0,['0.00 USD'],NO_TRIGGER,FILLED,NO_CONTINGENCY,,,,MY_GENERIC_ALGO,,O-20260309-085017-001-000-814,,04b10601-beb2-4c55-8062-c910376ccc38,2026-03-09 08:50:17.807755833+00:00,2026-03-09 08:50:17.807755833+00:00
BACKTESTER-001,OracleStrategy-000,MESM6.GLBX,GLBX-1-657,MESM6.GLBX-OracleStrategy-000,GLBX-001,GLBX-1-657,MARKET,BUY,1,GTC,False,False,1,TAKER,6703.5,0.0,['0.00 USD'],NO_TRIGGER,FILLED,NO_CONTINGENCY,,,,MY_GENERIC_ALGO,,O-20260309-085017-001-000-815,,0e29ca34-a3bc-4c20-adf5-649e5f39e3d0,2026-03-09 08:50:17.807755833+00:00,2026-03-09 08:50:17.807755833+00:00
BACKTESTER-001,OracleStrategy-000,MESM6.GLBX,GLBX-1-658,MESM6.GLBX-OracleStrategy-000,GLBX-001,GLBX-1-658,MARKET,SELL,1,GTC,True,False,1,TAKER,6705.5,0.0,['0.00 USD'],NO_TRIGGER,FILLED,NO_CONTINGENCY,,,,MY_GENERIC_ALGO,,O-20260309-085200-001-000-816,,0f8282b2-9d91-4422-b231-b8c35a99f40f,2026-03-09 08:52:00.909425727+00:00,2026-03-09 08:52:00.909425727+00:00
BACKTESTER-001,OracleStrategy-000,MESM6.GLBX,GLBX-1-659,MESM6.GLBX-OracleStrategy-000,GLBX-001,GLBX-1-659,MARKET,SELL,1,GTC,False,False,1,TAKER,6705.5,0.0,['0.00 USD'],NO_TRIGGER,FILLED,NO_CONTINGENCY,,,,MY_GENERIC_ALGO,,O-20260309-085200-001-000-817,,79190857-d1ed-40de-b184-6a7a9909035a,2026-03-09 08:52:00.909425727+00:00,2026-03-09 08:52:00.909425727+00:00
BACKTESTER-001,OracleStrategy-000,MESM6.GLBX,GLBX-1-660,MESM6.GLBX-OracleStrategy-000,GLBX-001,GLBX-1-660,MARKET,BUY,1,GTC,True,False,1,TAKER,6705.5,0.0,['0.00 USD'],NO_TRIGGER,FILLED,NO_CONTINGENCY,,,,MY_GENERIC_ALGO,,O-20260309-085338-001-000-818,,b77e5718-9ba4-4619-ae7a-4661c4cf1227,2026-03-09 08:53:38.455429581+00:00,2026-03-09 08:53:38.455429581+00:00
BACKTESTER-001,OracleStrategy-000,MESM6.GLBX,GLBX-1-661,MESM6.GLBX-OracleStrategy-000,GLBX-001,GLBX-1-661,MARKET,BUY,1,GTC,False,False,1,TAKER,6705.5,0.0,['0.00 USD'],NO_TRIGGER,FILLED,NO_CONTINGENCY,,,,MY_GENERIC_ALGO,,O-20260309-085338-001-000-819,,d6a260ab-ba66-40e0-9f04-481c712150c4,2026-03-09 08:53:38.455429581+00:00,2026-03-09 08:53:38.455429581+00:00
BACKTESTER-001,OracleStrategy-000,MESM6.GLBX,GLBX-1-662,MESM6.GLBX-OracleStrategy-000,GLBX-001,GLBX-1-662,MARKET,SELL,1,GTC,True,False,1,TAKER,6707.75,0.0,['0.00 USD'],NO_TRIGGER,FILLED,NO_CONTINGENCY,,,,MY_GENERIC_ALGO,,O-20260309-085512-001-000-820,,b1eb7561-cc5e-48fb-b813-6c33f0409f3f,2026-03-09 08:55:12.728743637+00:00,2026-03-09 08:55:12.728743637+00:00
BACKTESTER-001,OracleStrategy-000,MESM6.GLBX,GLBX-1-663,MESM6.GLBX-OracleStrategy-000,GLBX-001,GLBX-1-663,MARKET,SELL,1,GTC,False,False,1,TAKER,6707.75,0.0,['0.00 USD'],NO_TRIGGER,FILLED,NO_CONTINGENCY,,,,MY_GENERIC_ALGO,,O-20260309-085512-001-000-821,,364ee043-1c52-4678-85b6-8eff7b933fcd,2026-03-09 08:55:12.728743637+00:00,2026-03-09 08:55:12.728743637+00:00
BACKTESTER-001,OracleStrategy-000,MESM6.GLBX,GLBX-1-664,MESM6.GLBX-OracleStrategy-000,GLBX-001,GLBX-1-664,MARKET,BUY,1,GTC,True,False,1,TAKER,6702.0,0.0,['0.00 USD'],NO_TRIGGER,FILLED,NO_CONTINGENCY,,,,MY_GENERIC_ALGO,,O-20260309-085902-001-000-822,,eaf2a0af-bfb2-4acf-87c3-ece63522e20c,2026-03-09 08:59:02.279593944+00:00,2026-03-09 08:59:02.279593944+00:00
BACKTESTER-001,OracleStrategy-000,MESM6.GLBX,GLBX-1-665,MESM6.GLBX-OracleStrategy-000,GLBX-001,GLBX-1-665,MARKET,BUY,1,GTC,False,False,1,TAKER,6702.0,0.0,['0.00 USD'],NO_TRIGGER,FILLED,NO_CONTINGENCY,,,,MY_GENERIC_ALGO,,O-20260309-085910-001-000-824,,71801e2e-9fce-4b3b-9a6c-d950d828fe2f,2026-03-09 08:59:10.458857240+00:00,2026-03-09 08:59:10.458857240+00:00
BACKTESTER-001,OracleStrategy-000,MESM6.GLBX,GLBX-1-666,MESM6.GLBX-OracleStrategy-000,GLBX-001,GLBX-1-666,MARKET,SELL,1,GTC,True,False,1,TAKER,6708.0,0.0,['0.00 USD'],NO_TRIGGER,FILLED,NO_CONTINGENCY,,,,MY_GENERIC_ALGO,,O-20260309-090212-001-000-825,,0b50ad0e-8dcb-487d-b047-319a2ec53322,2026-03-09 09:02:12.182732491+00:00,2026-03-09 09:02:12.182732491+00:00
BACKTESTER-001,OracleStrategy-000,MESM6.GLBX,GLBX-1-667,MESM6.GLBX-OracleStrategy-000,GLBX-001,GLBX-1-667,MARKET,SELL,1,GTC,False,False,1,TAKER,6708.0,0.0,['0.00 USD'],NO_TRIGGER,FILLED,NO_CONTINGENCY,,,,MY_GENERIC_ALGO,,O-20260309-090212-001-000-826,,f1ea399c-bc66-48b6-bd74-1c3a384c4432,2026-03-09 09:02:12.182732491+00:00,2026-03-09 09:02:12.182732491+00:00
BACKTESTER-001,OracleStrategy-000,MESM6.GLBX,GLBX-1-668,MESM6.GLBX-OracleStrategy-000,GLBX-001,GLBX-1-668,MARKET,BUY,1,GTC,True,False,1,TAKER,6700.0,0.0,['0.00 USD'],NO_TRIGGER,FILLED,NO_CONTINGENCY,,,,MY_GENERIC_ALGO,,O-20260309-090522-001-000-827,,683b39ae-71e7-458c-b830-bc2e22ebf4bf,2026-03-09 09:05:22.399777699+00:00,2026-03-09 09:05:22.399777699+00:00
BACKTESTER-001,OracleStrategy-000,MESM6.GLBX,GLBX-1-669,MESM6.GLBX-OracleStrategy-000,GLBX-001,GLBX-1-669,MARKET,BUY,1,GTC,False,False,1,TAKER,6700.0,0.0,['0.00 USD'],NO_TRIGGER,FILLED,NO_CONTINGENCY,,,,MY_GENERIC_ALGO,,O-20260309-090522-001-000-828,,84ae824b-64bc-4d6a-9e7e-d77c2bdf03a4,2026-03-09 09:05:22.399777699+00:00,2026-03-09 09:05:22.399777699+00:00
BACKTESTER-001,OracleStrategy-000,MESM6.GLBX,GLBX-1-670,MESM6.GLBX-OracleStrategy-000,GLBX-001,GLBX-1-670,MARKET,SELL,1,GTC,True,False,1,TAKER,6701.0,0.0,['0.00 USD'],NO_TRIGGER,FILLED,NO_CONTINGENCY,,,,MY_GENERIC_ALGO,,O-20260309-090535-001-000-829,,164e38b0-57e5-41a3-b259-98266eae986c,2026-03-09 09:05:35.965845410+00:00,2026-03-09 09:05:35.965845410+00:00
BACKTESTER-001,OracleStrategy-000,MESM6.GLBX,GLBX-1-671,MESM6.GLBX-OracleStrategy-000,GLBX-001,GLBX-1-671,MARKET,SELL,1,GTC,False,False,1,TAKER,6701.0,0.0,['0.00 USD'],NO_TRIGGER,FILLED,NO_CONTINGENCY,,,,MY_GENERIC_ALGO,,O-20260309-090535-001-000-830,,03334cf4-ac4e-4487-ac90-ae4f036727cd,2026-03-09 09:05:35.965845410+00:00,2026-03-09 09:05:35.965845410+00:00
BACKTESTER-001,OracleStrategy-000,MESM6.GLBX,GLBX-1-672,MESM6.GLBX-OracleStrategy-000,GLBX-001,GLBX-1-672,MARKET,BUY,1,GTC,True,False,1,TAKER,6700.0,0.0,['0.00 USD'],NO_TRIGGER,FILLED,NO_CONTINGENCY,,,,MY_GENERIC_ALGO,,O-20260309-090631-001-000-831,,c4b41d59-9c51-47f8-bbc9-b16d49eb01b5,2026-03-09 09:06:31.030295989+00:00,2026-03-09 09:06:31.030295989+00:00
BACKTESTER-001,OracleStrategy-000,MESM6.GLBX,GLBX-1-673,MESM6.GLBX-OracleStrategy-000,GLBX-001,GLBX-1-673,MARKET,BUY,1,GTC,False,False,1,TAKER,6700.0,0.0,['0.00 USD'],NO_TRIGGER,FILLED,NO_CONTINGENCY,,,,MY_GENERIC_ALGO,,O-20260309-090631-001-000-832,,b408a58a-1961-4cd1-a37a-1c58d1867054,2026-03-09 09:06:31.030295989+00:00,2026-03-09 09:06:31.030295989+00:00
BACKTESTER-001,OracleStrategy-000,MESM6.GLBX,GLBX-1-674,MESM6.GLBX-OracleStrategy-000,GLBX-001,GLBX-1-674,MARKET,SELL,1,GTC,True,False,1,TAKER,6704.75,0.0,['0.00 USD'],NO_TRIGGER,FILLED,NO_CONTINGENCY,,,,MY_GENERIC_ALGO,,O-20260309-091013-001-000-833,,68bead80-3a49-4960-8067-d3b9f42c1f5e,2026-03-09 09:10:13.954134882+00:00,2026-03-09 09:10:13.954134882+00:00
BACKTESTER-001,OracleStrategy-000,MESM6.GLBX,GLBX-1-675,MESM6.GLBX-OracleStrategy-000,GLBX-001,GLBX-1-675,MARKET,BUY,1,GTC,False,False,1,TAKER,6700.0,0.0,['0.00 USD'],NO_TRIGGER,FILLED,NO_CONTINGENCY,,,,MY_GENERIC_ALGO,,O-20260309-091141-001-000-838,,c2d01b08-0044-496f-9567-d7ce0d97163e,2026-03-09 09:11:41.555860562+00:00,2026-03-09 09:11:41.555860562+00:00
BACKTESTER-001,OracleStrategy-000,MESM6.GLBX,GLBX-1-676,MESM6.GLBX-OracleStrategy-000,GLBX-001,GLBX-1-676,MARKET,SELL,1,GTC,True,False,1,TAKER,6707.0,0.0,['0.00 USD'],NO_TRIGGER,FILLED,NO_CONTINGENCY,,,,MY_GENERIC_ALGO,,O-20260309-091239-001-000-839,,138983b6-c6f2-4dea-b0f8-9079e52ce074,2026-03-09 09:12:39.465983010+00:00,2026-03-09 09:12:39.465983010+00:00
BACKTESTER-001,OracleStrategy-000,MESM6.GLBX,GLBX-1-677,MESM6.GLBX-OracleStrategy-000,GLBX-001,GLBX-1-677,MARKET,SELL,1,GTC,False,False,1,TAKER,6707.0,0.0,['0.00 USD'],NO_TRIGGER,FILLED,NO_CONTINGENCY,,,,MY_GENERIC_ALGO,,O-20260309-091239-001-000-840,,0aa5e628-53b1-49c4-b6f8-656aff784703,2026-03-09 09:12:39.465983010+00:00,2026-03-09 09:12:39.465983010+00:00
BACKTESTER-001,OracleStrategy-000,MESM6.GLBX,GLBX-1-678,MESM6.GLBX-OracleStrategy-000,GLBX-001,GLBX-1-678,MARKET,BUY,1,GTC,True,False,1,TAKER,6706.25,0.0,['0.00 USD'],NO_TRIGGER,FILLED,NO_CONTINGENCY,,,,MY_GENERIC_ALGO,,O-20260309-091309-001-000-841,,2d34611f-c0b0-41b3-8abe-0d6567842cd8,2026-03-09 09:13:09.777063392+00:00,2026-03-09 09:13:09.777063392+00:00
BACKTESTER-001,OracleStrategy-000,MESM6.GLBX,GLBX-1-679,MESM6.GLBX-OracleStrategy-000,GLBX-001,GLBX-1-679,MARKET,BUY,1,GTC,False,False,1,TAKER,6706.25,0.0,['0.00 USD'],NO_TRIGGER,FILLED,NO_CONTINGENCY,,,,MY_GENERIC_ALGO,,O-20260309-091309-001-000-842,,355ad060-9832-43f7-b1fa-7b76ee704b73,2026-03-09 09:13:09.777063392+00:00,2026-03-09 09:13:09.777063392+00:00
BACKTESTER-001,OracleStrategy-000,MESM6.GLBX,GLBX-1-680,MESM6.GLBX-OracleStrategy-000,GLBX-001,GLBX-1-680,MARKET,SELL,1,GTC,True,False,1,TAKER,6716.75,0.0,['0.00 USD'],NO_TRIGGER,FILLED,NO_CONTINGENCY,,,,MY_GENERIC_ALGO,,O-20260309-091602-001-000-843,,cb4347e6-69a9-49a8-806f-23aaec8e6034,2026-03-09 09:16:02.917848344+00:00,2026-03-09 09:16:02.917848344+00:00
BACKTESTER-001,OracleStrategy-000,MESM6.GLBX,GLBX-1-681,MESM6.GLBX-OracleStrategy-000,GLBX-001,GLBX-1-681,MARKET,SELL,1,GTC,False,False,1,TAKER,6716.75,0.0,['0.00 USD'],NO_TRIGGER,FILLED,NO_CONTINGENCY,,,,MY_GENERIC_ALGO,,O-20260309-091602-001-000-844,,ca7f21e5-8176-4230-93e4-4a575bfd2c63,2026-03-09 09:16:02.917848344+00:00,2026-03-09 09:16:02.917848344+00:00
BACKTESTER-001,OracleStrategy-000,MESM6.GLBX,GLBX-1-682,MESM6.GLBX-OracleStrategy-000,GLBX-001,GLBX-1-682,MARKET,BUY,1,GTC,True,False,1,TAKER,6715.5,0.0,['0.00 USD'],NO_TRIGGER,FILLED,NO_CONTINGENCY,,,,MY_GENERIC_ALGO,,O-20260309-091620-001-000-845,,d65507e2-0350-4d79-86b4-3e3f92318445,2026-03-09 09:16:20.796714718+00:00,2026-03-09 09:16:20.796714718+00:00
BACKTESTER-001,OracleStrategy-000,MESM6.GLBX,GLBX-1-683,MESM6.GLBX-OracleStrategy-000,GLBX-001,GLBX-1-683,MARKET,BUY,1,GTC,False,False,1,TAKER,6715.5,0.0,['0.00 USD'],NO_TRIGGER,FILLED,NO_CONTINGENCY,,,,MY_GENERIC_ALGO,,O-20260309-091620-001-000-846,,2f1bb36d-fe80-4bfa-933c-710e1d69c8ae,2026-03-09 09:16:20.796714718+00:00,2026-03-09 09:16:20.796714718+00:00
BACKTESTER-001,OracleStrategy-000,MESM6.GLBX,GLBX-1-684,MESM6.GLBX-OracleStrategy-000,GLBX-001,GLBX-1-684,MARKET,SELL,1,GTC,True,False,1,TAKER,6723.0,0.0,['0.00 USD'],NO_TRIGGER,FILLED,NO_CONTINGENCY,,,,MY_GENERIC_ALGO,,O-20260309-091837-001-000-847,,8b2cbeb0-a505-436a-b7cb-ed3e21fc5c2b,2026-03-09 09:18:37.386382727+00:00,2026-03-09 09:18:37.386382727+00:00
BACKTESTER-001,OracleStrategy-000,MESM6.GLBX,GLBX-1-685,MESM6.GLBX-OracleStrategy-000,GLBX-001,GLBX-1-685,MARKET,SELL,1,GTC,False,False,1,TAKER,6723.0,0.0,['0.00 USD'],NO_TRIGGER,FILLED,NO_CONTINGENCY,,,,MY_GENERIC_ALGO,,O-20260309-091837-001-000-848,,7f05b146-849c-4f94-93a1-2f63e57bac72,2026-03-09 09:18:37.386382727+00:00,2026-03-09 09:18:37.386382727+00:00
BACKTESTER-001,OracleStrategy-000,MESM6.GLBX,GLBX-1-686,MESM6.GLBX-OracleStrategy-000,GLBX-001,GLBX-1-686,MARKET,BUY,1,GTC,True,False,1,TAKER,6719.75,0.0,['0.00 USD'],NO_TRIGGER,FILLED,NO_CONTINGENCY,,,,MY_GENERIC_ALGO,,O-20260309-091924-001-000-849,,28f36639-5397-47f7-a53c-3f4237fde5cd,2026-03-09 09:19:24.703956071+00:00,2026-03-09 09:19:24.703956071+00:00
BACKTESTER-001,OracleStrategy-000,MESM6.GLBX,GLBX-1-687,MESM6.GLBX-OracleStrategy-000,GLBX-001,GLBX-1-687,MARKET,BUY,1,GTC,False,False,1,TAKER,6720.75,0.0,['0.00 USD'],NO_TRIGGER,FILLED,NO_CONTINGENCY,,,,MY_GENERIC_ALGO,,O-20260309-091926-001-000-851,,74ff903a-1e33-49a0-929a-86b51557ca3a,2026-03-09 09:19:26.125541477+00:00,2026-03-09 09:19:26.125541477+00:00
BACKTESTER-001,OracleStrategy-000,MESM6.GLBX,GLBX-1-688,MESM6.GLBX-OracleStrategy-000,GLBX-001,GLBX-1-688,MARKET,SELL,1,GTC,True,False,1,TAKER,6729.75,0.0,['0.00 USD'],NO_TRIGGER,FILLED,NO_CONTINGENCY,,,,MY_GENERIC_ALGO,,O-20260309-092132-001-000-852,,fde8f280-ef19-4687-8bff-0481319a3169,2026-03-09 09:21:32.815256357+00:00,2026-03-09 09:21:32.815256357+00:00
BACKTESTER-001,OracleStrategy-000,MESM6.GLBX,GLBX-1-689,MESM6.GLBX-OracleStrategy-000,GLBX-001,GLBX-1-689,MARKET,SELL,1,GTC,False,False,1,TAKER,6729.75,0.0,['0.00 USD'],NO_TRIGGER,FILLED,NO_CONTINGENCY,,,,MY_GENERIC_ALGO,,O-20260309-092140-001-000-854,,a7d4c751-26f3-4e0d-83ca-dff9c521b270,2026-03-09 09:21:40.979897837+00:00,2026-03-09 09:21:40.979897837+00:00
BACKTESTER-001,OracleStrategy-000,MESM6.GLBX,GLBX-1-690,MESM6.GLBX-OracleStrategy-000,GLBX-001,GLBX-1-690,MARKET,BUY,1,GTC,True,False,1,TAKER,6728.75,0.0,['0.00 USD'],NO_TRIGGER,FILLED,NO_CONTINGENCY,,,,MY_GENERIC_ALGO,,O-20260309-092249-001-000-855,,70deca35-d395-4833-8d5b-32f28150c6e9,2026-03-09 09:22:49.656823236+00:00,2026-03-09 09:22:49.656823236+00:00
BACKTESTER-001,OracleStrategy-000,MESM6.GLBX,GLBX-1-691,MESM6.GLBX-OracleStrategy-000,GLBX-001,GLBX-1-691,MARKET,BUY,1,GTC,False,False,1,TAKER,6728.75,0.0,['0.00 USD'],NO_TRIGGER,FILLED,NO_CONTINGENCY,,,,MY_GENERIC_ALGO,,O-20260309-092255-001-000-857,,890bc483-7344-4c3b-97ef-6a6ad288402d,2026-03-09 09:22:55.184015093+00:00,2026-03-09 09:22:55.184015093+00:00
BACKTESTER-001,OracleStrategy-000,MESM6.GLBX,GLBX-1-692,MESM6.GLBX-OracleStrategy-000,GLBX-001,GLBX-1-692,MARKET,SELL,1,GTC,True,False,1,TAKER,6730.25,0.0,['0.00 USD'],NO_TRIGGER,FILLED,NO_CONTINGENCY,,,,MY_GENERIC_ALGO,,O-20260309-092404-001-000-858,,392d129a-4ace-4eff-8800-9e94040ffa8f,2026-03-09 09:24:04.028383755+00:00,2026-03-09 09:24:04.028383755+00:00
BACKTESTER-001,OracleStrategy-000,MESM6.GLBX,GLBX-1-693,MESM6.GLBX-OracleStrategy-000,GLBX-001,GLBX-1-693,MARKET,SELL,1,GTC,False,False,1,TAKER,6730.25,0.0,['0.00 USD'],NO_TRIGGER,FILLED,NO_CONTINGENCY,,,,MY_GENERIC_ALGO,,O-20260309-092404-001-000-859,,c0defc73-0f58-40ec-82df-92c85a11e48d,2026-03-09 09:24:04.028383755+00:00,2026-03-09 09:24:04.028383755+00:00
BACKTESTER-001,OracleStrategy-000,MESM6.GLBX,GLBX-1-694,MESM6.GLBX-OracleStrategy-000,GLBX-001,GLBX-1-694,MARKET,BUY,1,GTC,True,False,1,TAKER,6728.0,0.0,['0.00 USD'],NO_TRIGGER,FILLED,NO_CONTINGENCY,,,,MY_GENERIC_ALGO,,O-20260309-092547-001-000-860,,4eb6c7b3-a2d3-431e-a95f-75a02776e2db,2026-03-09 09:25:47.130936579+00:00,2026-03-09 09:25:47.130936579+00:00
BACKTESTER-001,OracleStrategy-000,MESM6.GLBX,GLBX-1-695,MESM6.GLBX-OracleStrategy-000,GLBX-001,GLBX-1-695,MARKET,BUY,1,GTC,False,False,1,TAKER,6728.5,0.0,['0.00 USD'],NO_TRIGGER,FILLED,NO_CONTINGENCY,,,,MY_GENERIC_ALGO,,O-20260309-092551-001-000-862,,c2f118e5-de10-4444-b005-a541225586f2,2026-03-09 09:25:51.031274807+00:00,2026-03-09 09:25:51.031274807+00:00
BACKTESTER-001,OracleStrategy-000,MESM6.GLBX,GLBX-1-696,MESM6.GLBX-OracleStrategy-000,GLBX-001,GLBX-1-696,MARKET,SELL,1,GTC,True,False,1,TAKER,6730.0,0.0,['0.00 USD'],NO_TRIGGER,FILLED,NO_CONTINGENCY,,,,MY_GENERIC_ALGO,,O-20260309-092642-001-000-863,,a8fa4f79-ba27-40aa-9a15-108c11d70ae2,2026-03-09 09:26:42.161736579+00:00,2026-03-09 09:26:42.161736579+00:00
BACKTESTER-001,OracleStrategy-000,MESM6.GLBX,GLBX-1-697,MESM6.GLBX-OracleStrategy-000,GLBX-001,GLBX-1-697,MARKET,SELL,1,GTC,False,False,1,TAKER,6730.0,0.0,['0.00 USD'],NO_TRIGGER,FILLED,NO_CONTINGENCY,,,,MY_GENERIC_ALGO,,O-20260309-092642-001-000-864,,e6ce7faa-0393-424f-9033-9f40eb851742,2026-03-09 09:26:42.161736579+00:00,2026-03-09 09:26:42.161736579+00:00
BACKTESTER-001,OracleStrategy-000,MESM6.GLBX,GLBX-1-698,MESM6.GLBX-OracleStrategy-000,GLBX-001,GLBX-1-698,MARKET,BUY,1,GTC,True,False,1,TAKER,6730.75,0.0,['0.00 USD'],NO_TRIGGER,FILLED,NO_CONTINGENCY,,,,MY_GENERIC_ALGO,,O-20260309-092722-001-000-865,,226586a9-d4c4-4e4d-ba34-11ee89e4bfdc,2026-03-09 09:27:22.382924282+00:00,2026-03-09 09:27:22.382924282+00:00
BACKTESTER-001,OracleStrategy-000,MESM6.GLBX,GLBX-1-699,MESM6.GLBX-OracleStrategy-000,GLBX-001,GLBX-1-699,MARKET,SELL,1,GTC,False,False,1,TAKER,6732.5,0.0,['0.00 USD'],NO_TRIGGER,FILLED,NO_CONTINGENCY,,,,MY_GENERIC_ALGO,,O-20260309-092744-001-000-867,,d25ac03b-ef71-4616-a71f-833ff64d40ff,2026-03-09 09:27:44.913504774+00:00,2026-03-09 09:27:44.913504774+00:00
BACKTESTER-001,OracleStrategy-000,MESM6.GLBX,GLBX-1-700,MESM6.GLBX-OracleStrategy-000,GLBX-001,GLBX-1-700,MARKET,BUY,1,GTC,True,False,1,TAKER,6727.75,0.0,['0.00 USD'],NO_TRIGGER,FILLED,NO_CONTINGENCY,,,,MY_GENERIC_ALGO,,O-20260309-092842-001-000-868,,18e57fc1-9e77-4963-a050-0869dc1809b8,2026-03-09 09:28:42.824110215+00:00,2026-03-09 09:28:42.824110215+00:00
BACKTESTER-001,OracleStrategy-000,MESM6.GLBX,GLBX-1-701,MESM6.GLBX-OracleStrategy-000,GLBX-001,GLBX-1-701,MARKET,BUY,1,GTC,False,False,1,TAKER,6727.75,0.0,['0.00 USD'],NO_TRIGGER,FILLED,NO_CONTINGENCY,,,,MY_GENERIC_ALGO,,O-20260309-092842-001-000-869,,3177d938-1d7c-4ed0-b88e-2ce882f8d4f0,2026-03-09 09:28:42.824110215+00:00,2026-03-09 09:28:42.824110215+00:00
BACKTESTER-001,OracleStrategy-000,MESM6.GLBX,GLBX-1-702,MESM6.GLBX-OracleStrategy-000,GLBX-001,GLBX-1-702,MARKET,SELL,1,GTC,True,False,1,TAKER,6729.75,0.0,['0.00 USD'],NO_TRIGGER,FILLED,NO_CONTINGENCY,,,,MY_GENERIC_ALGO,,O-20260309-092955-001-000-870,,ebfc1c5c-302f-4cc6-bbbd-fb390b621829,2026-03-09 09:29:55.747625658+00:00,2026-03-09 09:29:55.747625658+00:00
BACKTESTER-001,OracleStrategy-000,MESM6.GLBX,GLBX-1-703,MESM6.GLBX-OracleStrategy-000,GLBX-001,GLBX-1-703,MARKET,SELL,1,GTC,False,False,1,TAKER,6729.75,0.0,['0.00 USD'],NO_TRIGGER,FILLED,NO_CONTINGENCY,,,,MY_GENERIC_ALGO,,O-20260309-092955-001-000-871,,3cbe9e4b-0963-4146-831c-58409bec2774,2026-03-09 09:29:55.747625658+00:00,2026-03-09 09:29:55.747625658+00:00
BACKTESTER-001,OracleStrategy-000,MESM6.GLBX,GLBX-1-704,MESM6.GLBX-OracleStrategy-000,GLBX-001,GLBX-1-704,MARKET,BUY,1,GTC,True,False,1,TAKER,6725.0,0.0,['0.00 USD'],NO_TRIGGER,FILLED,NO_CONTINGENCY,,,,MY_GENERIC_ALGO,,O-20260309-093103-001-000-872,,8ac2e579-a0e2-4a9a-8c10-882bf69fa2f9,2026-03-09 09:31:03.848200341+00:00,2026-03-09 09:31:03.848200341+00:00
BACKTESTER-001,OracleStrategy-000,MESM6.GLBX,GLBX-1-705,MESM6.GLBX-OracleStrategy-000,GLBX-001,GLBX-1-705,MARKET,BUY,1,GTC,False,False,1,TAKER,6725.0,0.0,['0.00 USD'],NO_TRIGGER,FILLED,NO_CONTINGENCY,,,,MY_GENERIC_ALGO,,O-20260309-093103-001-000-873,,fcb573e5-01aa-4fd5-a44f-d1f44513149d,2026-03-09 09:31:03.848200341+00:00,2026-03-09 09:31:03.848200341+00:00
BACKTESTER-001,OracleStrategy-000,MESM6.GLBX,GLBX-1-706,MESM6.GLBX-OracleStrategy-000,GLBX-001,GLBX-1-706,MARKET,SELL,1,GTC,True,False,1,TAKER,6742.0,0.0,['0.00 USD'],NO_TRIGGER,FILLED,NO_CONTINGENCY,,,,MY_GENERIC_ALGO,,O-20260309-093302-001-000-874,,3dadad3d-cbb3-478d-8d49-555e0c5dde1e,2026-03-09 09:33:02.253606615+00:00,2026-03-09 09:33:02.253606615+00:00
BACKTESTER-001,OracleStrategy-000,MESM6.GLBX,GLBX-1-707,MESM6.GLBX-OracleStrategy-000,GLBX-001,GLBX-1-707,MARKET,SELL,1,GTC,False,False,1,TAKER,6742.0,0.0,['0.00 USD'],NO_TRIGGER,FILLED,NO_CONTINGENCY,,,,MY_GENERIC_ALGO,,O-20260309-093302-001-000-875,,8baa2e16-1825-4eb5-bee0-4ddd32a35516,2026-03-09 09:33:02.253606615+00:00,2026-03-09 09:33:02.253606615+00:00
BACKTESTER-001,OracleStrategy-000,MESM6.GLBX,GLBX-1-708,MESM6.GLBX-OracleStrategy-000,GLBX-001,GLBX-1-708,MARKET,BUY,1,GTC,True,False,1,TAKER,6744.0,0.0,['0.00 USD'],NO_TRIGGER,FILLED,NO_CONTINGENCY,,,,MY_GENERIC_ALGO,,O-20260309-093313-001-000-876,,434c39d8-36fe-42f9-8856-dfe288daa305,2026-03-09 09:33:13.970100781+00:00,2026-03-09 09:33:13.970100781+00:00
BACKTESTER-001,OracleStrategy-000,MESM6.GLBX,GLBX-1-709,MESM6.GLBX-OracleStrategy-000,GLBX-001,GLBX-1-709,MARKET,SELL,1,GTC,False,False,1,TAKER,6746.0,0.0,['0.00 USD'],NO_TRIGGER,FILLED,NO_CONTINGENCY,,,,MY_GENERIC_ALGO,,O-20260309-093355-001-000-884,,193f7ef1-aca4-48fd-95f0-fb9af813f28b,2026-03-09 09:33:55.642661392+00:00,2026-03-09 09:33:55.642661392+00:00
BACKTESTER-001,OracleStrategy-000,MESM6.GLBX,GLBX-1-710,MESM6.GLBX-OracleStrategy-000,GLBX-001,GLBX-1-710,MARKET,BUY,1,GTC,True,False,1,TAKER,6745.75,0.0,['0.00 USD'],NO_TRIGGER,FILLED,NO_CONTINGENCY,,,,MY_GENERIC_ALGO,,O-20260309-093435-001-000-885,,cdcf0b32-2614-4654-ae2d-112c54f9bc3a,2026-03-09 09:34:35.315543371+00:00,2026-03-09 09:34:35.315543371+00:00
BACKTESTER-001,OracleStrategy-000,MESM6.GLBX,GLBX-1-711,MESM6.GLBX-OracleStrategy-000,GLBX-001,GLBX-1-711,MARKET,BUY,1,GTC,False,False,1,TAKER,6745.75,0.0,['0.00 USD'],NO_TRIGGER,FILLED,NO_CONTINGENCY,,,,MY_GENERIC_ALGO,,O-20260309-093505-001-000-889,,44e68238-e44c-4165-a452-3eb269905ec0,2026-03-09 09:35:05.235068543+00:00,2026-03-09 09:35:05.235068543+00:00
BACKTESTER-001,OracleStrategy-000,MESM6.GLBX,GLBX-1-712,MESM6.GLBX-OracleStrategy-000,GLBX-001,GLBX-1-712,MARKET,SELL,1,GTC,True,False,1,TAKER,6747.25,0.0,['0.00 USD'],NO_TRIGGER,FILLED,NO_CONTINGENCY,,,,MY_GENERIC_ALGO,,O-20260309-093516-001-000-890,,ba5cf80a-a898-43c8-8092-af1a013df96d,2026-03-09 09:35:16.179671309+00:00,2026-03-09 09:35:16.179671309+00:00
BACKTESTER-001,OracleStrategy-000,MESM6.GLBX,GLBX-1-713,MESM6.GLBX-OracleStrategy-000,GLBX-001,GLBX-1-713,MARKET,SELL,1,GTC,False,False,1,TAKER,6747.25,0.0,['0.00 USD'],NO_TRIGGER,FILLED,NO_CONTINGENCY,,,,MY_GENERIC_ALGO,,O-20260309-093516-001-000-891,,9d3a0bf1-845e-476b-9733-7cc67b27ed9d,2026-03-09 09:35:16.179671309+00:00,2026-03-09 09:35:16.179671309+00:00
BACKTESTER-001,OracleStrategy-000,MESM6.GLBX,GLBX-1-714,MESM6.GLBX-OracleStrategy-000,GLBX-001,GLBX-1-714,MARKET,BUY,1,GTC,True,False,1,TAKER,6740.0,0.0,['0.00 USD'],NO_TRIGGER,FILLED,NO_CONTINGENCY,,,,MY_GENERIC_ALGO,,O-20260309-093708-001-000-892,,b3217630-8cc6-4d60-9388-bade447d2e10,2026-03-09 09:37:08.314802547+00:00,2026-03-09 09:37:08.314802547+00:00
BACKTESTER-001,OracleStrategy-000,MESM6.GLBX,GLBX-1-715,MESM6.GLBX-OracleStrategy-000,GLBX-001,GLBX-1-715,MARKET,BUY,1,GTC,False,False,1,TAKER,6740.0,0.0,['0.00 USD'],NO_TRIGGER,FILLED,NO_CONTINGENCY,,,,MY_GENERIC_ALGO,,O-20260309-093708-001-000-893,,38e7c7b1-dcdb-4ca5-88c3-6d35599b1c36,2026-03-09 09:37:08.314802547+00:00,2026-03-09 09:37:08.314802547+00:00
BACKTESTER-001,OracleStrategy-000,MESM6.GLBX,GLBX-1-716,MESM6.GLBX-OracleStrategy-000,GLBX-001,GLBX-1-716,MARKET,SELL,1,GTC,True,False,1,TAKER,6740.75,0.0,['0.00 USD'],NO_TRIGGER,FILLED,NO_CONTINGENCY,,,,MY_GENERIC_ALGO,,O-20260309-093712-001-000-894,,2953f4e2-a5db-4d15-88a8-9797c51968fd,2026-03-09 09:37:12.720887925+00:00,2026-03-09 09:37:12.720887925+00:00
BACKTESTER-001,OracleStrategy-000,MESM6.GLBX,GLBX-1-717,MESM6.GLBX-OracleStrategy-000,GLBX-001,GLBX-1-717,MARKET,SELL,1,GTC,False,False,1,TAKER,6740.75,0.0,['0.00 USD'],NO_TRIGGER,FILLED,NO_CONTINGENCY,,,,MY_GENERIC_ALGO,,O-20260309-093712-001-000-895,,48d3d332-5b91-4290-8f44-de30d4ddcc9f,2026-03-09 09:37:12.720887925+00:00,2026-03-09 09:37:12.720887925+00:00
BACKTESTER-001,OracleStrategy-000,MESM6.GLBX,GLBX-1-718,MESM6.GLBX-OracleStrategy-000,GLBX-001,GLBX-1-718,MARKET,BUY,1,GTC,True,False,1,TAKER,6737.25,0.0,['0.00 USD'],NO_TRIGGER,FILLED,NO_CONTINGENCY,,,,MY_GENERIC_ALGO,,O-20260309-093820-001-000-896,,34351b21-27fb-4473-90b1-791051bd237e,2026-03-09 09:38:20.813991585+00:00,2026-03-09 09:38:20.813991585+00:00
BACKTESTER-001,OracleStrategy-000,MESM6.GLBX,GLBX-1-719,MESM6.GLBX-OracleStrategy-000,GLBX-001,GLBX-1-719,MARKET,BUY,1,GTC,False,False,1,TAKER,6735.75,0.0,['0.00 USD'],NO_TRIGGER,FILLED,NO_CONTINGENCY,,,,MY_GENERIC_ALGO,,O-20260309-093829-001-000-898,,72b693e8-ac91-41f7-a9cc-24cf57478ef4,2026-03-09 09:38:29.829258911+00:00,2026-03-09 09:38:29.829258911+00:00
BACKTESTER-001,OracleStrategy-000,MESM6.GLBX,GLBX-1-720,MESM6.GLBX-OracleStrategy-000,GLBX-001,GLBX-1-720,MARKET,SELL,1,GTC,True,False,1,TAKER,6741.75,0.0,['0.00 USD'],NO_TRIGGER,FILLED,NO_CONTINGENCY,,,,MY_GENERIC_ALGO,,O-20260309-093948-001-000-899,,e78ca956-5eee-4db9-b52f-3f59e7ffb879,2026-03-09 09:39:48.441884337+00:00,2026-03-09 09:39:48.441884337+00:00
BACKTESTER-001,OracleStrategy-000,MESM6.GLBX,GLBX-1-721,MESM6.GLBX-OracleStrategy-000,GLBX-001,GLBX-1-721,MARKET,SELL,1,GTC,False,False,1,TAKER,6741.75,0.0,['0.00 USD'],NO_TRIGGER,FILLED,NO_CONTINGENCY,,,,MY_GENERIC_ALGO,,O-20260309-093948-001-000-900,,15ea91bf-67c3-489a-b846-31a602993b7a,2026-03-09 09:39:48.441884337+00:00,2026-03-09 09:39:48.441884337+00:00
BACKTESTER-001,OracleStrategy-000,MESM6.GLBX,GLBX-1-722,MESM6.GLBX-OracleStrategy-000,GLBX-001,GLBX-1-722,MARKET,BUY,1,GTC,True,False,1,TAKER,6739.75,0.0,['0.00 USD'],NO_TRIGGER,FILLED,NO_CONTINGENCY,,,,MY_GENERIC_ALGO,,O-20260309-094035-001-000-901,,8f8a3aa1-735c-41e7-8d6e-f4f8e5827583,2026-03-09 09:40:35.025021107+00:00,2026-03-09 09:40:35.025021107+00:00
BACKTESTER-001,OracleStrategy-000,MESM6.GLBX,GLBX-1-723,MESM6.GLBX-OracleStrategy-000,GLBX-001,GLBX-1-723,MARKET,BUY,1,GTC,False,False,1,TAKER,6739.75,0.0,['0.00 USD'],NO_TRIGGER,FILLED,NO_CONTINGENCY,,,,MY_GENERIC_ALGO,,O-20260309-094035-001-000-902,,d1980ccb-4078-4cc5-aa93-a020de9d8e9c,2026-03-09 09:40:35.025021107+00:00,2026-03-09 09:40:35.025021107+00:00
BACKTESTER-001,OracleStrategy-000,MESM6.GLBX,GLBX-1-724,MESM6.GLBX-OracleStrategy-000,GLBX-001,GLBX-1-724,MARKET,SELL,1,GTC,True,False,1,TAKER,6740.5,0.0,['0.00 USD'],NO_TRIGGER,FILLED,NO_CONTINGENCY,,,,MY_GENERIC_ALGO,,O-20260309-094123-001-000-903,,7755acc9-1ff4-42bf-bee3-99822df22d6e,2026-03-09 09:41:23.485872704+00:00,2026-03-09 09:41:23.485872704+00:00
BACKTESTER-001,OracleStrategy-000,MESM6.GLBX,GLBX-1-725,MESM6.GLBX-OracleStrategy-000,GLBX-001,GLBX-1-725,MARKET,BUY,1,GTC,False,False,1,TAKER,6741.0,0.0,['0.00 USD'],NO_TRIGGER,FILLED,NO_CONTINGENCY,,,,MY_GENERIC_ALGO,,O-20260309-094134-001-000-905,,c21ba9c0-7dd5-4f61-b955-78cbe65cffba,2026-03-09 09:41:34.764425359+00:00,2026-03-09 09:41:34.764425359+00:00
BACKTESTER-001,OracleStrategy-000,MESM6.GLBX,GLBX-1-726,MESM6.GLBX-OracleStrategy-000,GLBX-001,GLBX-1-726,MARKET,SELL,1,GTC,True,False,1,TAKER,6742.0,0.0,['0.00 USD'],NO_TRIGGER,FILLED,NO_CONTINGENCY,,,,MY_GENERIC_ALGO,,O-20260309-094242-001-000-906,,a4e8ffec-eae2-4d22-abfc-b1fded62b669,2026-03-09 09:42:42.796965300+00:00,2026-03-09 09:42:42.796965300+00:00
BACKTESTER-001,OracleStrategy-000,MESM6.GLBX,GLBX-1-727,MESM6.GLBX-OracleStrategy-000,GLBX-001,GLBX-1-727,MARKET,SELL,1,GTC,False,False,1,TAKER,6742.0,0.0,['0.00 USD'],NO_TRIGGER,FILLED,NO_CONTINGENCY,,,,MY_GENERIC_ALGO,,O-20260309-094242-001-000-907,,165ec16e-0e4d-4ab4-94d0-36ee55fc5be3,2026-03-09 09:42:42.796965300+00:00,2026-03-09 09:42:42.796965300+00:00
BACKTESTER-001,OracleStrategy-000,MESM6.GLBX,GLBX-1-728,MESM6.GLBX-OracleStrategy-000,GLBX-001,GLBX-1-728,MARKET,BUY,1,GTC,True,False,1,TAKER,6739.25,0.0,['0.00 USD'],NO_TRIGGER,FILLED,NO_CONTINGENCY,,,,MY_GENERIC_ALGO,,O-20260309-094355-001-000-908,,697e2821-2524-4eaf-9a85-f46de7bd3322,2026-03-09 09:43:55.145125919+00:00,2026-03-09 09:43:55.145125919+00:00
BACKTESTER-001,OracleStrategy-000,MESM6.GLBX,GLBX-1-729,MESM6.GLBX-OracleStrategy-000,GLBX-001,GLBX-1-729,MARKET,BUY,1,GTC,False,False,1,TAKER,6739.25,0.0,['0.00 USD'],NO_TRIGGER,FILLED,NO_CONTINGENCY,,,,MY_GENERIC_ALGO,,O-20260309-094355-001-000-909,,a17f0796-1bdd-477c-8399-af68c447af51,2026-03-09 09:43:55.145125919+00:00,2026-03-09 09:43:55.145125919+00:00
BACKTESTER-001,OracleStrategy-000,MESM6.GLBX,GLBX-1-730,MESM6.GLBX-OracleStrategy-000,GLBX-001,GLBX-1-730,MARKET,SELL,1,GTC,True,False,1,TAKER,6743.25,0.0,['0.00 USD'],NO_TRIGGER,FILLED,NO_CONTINGENCY,,,,MY_GENERIC_ALGO,,O-20260309-094529-001-000-910,,a061f98d-5b49-4e97-8ebc-6e24f56ee2e5,2026-03-09 09:45:29.805624391+00:00,2026-03-09 09:45:29.805624391+00:00
BACKTESTER-001,OracleStrategy-000,MESM6.GLBX,GLBX-1-731,MESM6.GLBX-OracleStrategy-000,GLBX-001,GLBX-1-731,MARKET,SELL,1,GTC,False,False,1,TAKER,6743.25,0.0,['0.00 USD'],NO_TRIGGER,FILLED,NO_CONTINGENCY,,,,MY_GENERIC_ALGO,,O-20260309-094529-001-000-911,,f5cea1aa-7c2b-457a-9726-aea208fdfee7,2026-03-09 09:45:29.805624391+00:00,2026-03-09 09:45:29.805624391+00:00
BACKTESTER-001,OracleStrategy-000,MESM6.GLBX,GLBX-1-732,MESM6.GLBX-OracleStrategy-000,GLBX-001,GLBX-1-732,MARKET,BUY,1,GTC,True,False,1,TAKER,6734.25,0.0,['0.00 USD'],NO_TRIGGER,FILLED,NO_CONTINGENCY,,,,MY_GENERIC_ALGO,,O-20260309-094756-001-000-912,,861b3a26-0224-41f6-a9ac-81e4785cfa62,2026-03-09 09:47:56.460075150+00:00,2026-03-09 09:47:56.460075150+00:00
BACKTESTER-001,OracleStrategy-000,MESM6.GLBX,GLBX-1-733,MESM6.GLBX-OracleStrategy-000,GLBX-001,GLBX-1-733,MARKET,BUY,1,GTC,False,False,1,TAKER,6732.0,0.0,['0.00 USD'],NO_TRIGGER,FILLED,NO_CONTINGENCY,,,,MY_GENERIC_ALGO,,O-20260309-094824-001-000-914,,cbe95d3e-2d79-4531-a628-89d076a11b84,2026-03-09 09:48:24.612018037+00:00,2026-03-09 09:48:24.612018037+00:00
BACKTESTER-001,OracleStrategy-000,MESM6.GLBX,GLBX-1-734,MESM6.GLBX-OracleStrategy-000,GLBX-001,GLBX-1-734,MARKET,SELL,1,GTC,True,False,1,TAKER,6734.5,0.0,['0.00 USD'],NO_TRIGGER,FILLED,NO_CONTINGENCY,,,,MY_GENERIC_ALGO,,O-20260309-094844-001-000-915,,9adce56e-12ad-4ab5-82c6-8514ebf34d92,2026-03-09 09:48:44.486005607+00:00,2026-03-09 09:48:44.486005607+00:00
BACKTESTER-001,OracleStrategy-000,MESM6.GLBX,GLBX-1-735,MESM6.GLBX-OracleStrategy-000,GLBX-001,GLBX-1-735,MARKET,SELL,1,GTC,False,False,1,TAKER,6734.5,0.0,['0.00 USD'],NO_TRIGGER,FILLED,NO_CONTINGENCY,,,,MY_GENERIC_ALGO,,O-20260309-094844-001-000-916,,acc6fc0b-44ea-4561-86bc-85d9481f0ac4,2026-03-09 09:48:44.486005607+00:00,2026-03-09 09:48:44.486005607+00:00
BACKTESTER-001,OracleStrategy-000,MESM6.GLBX,GLBX-1-736,MESM6.GLBX-OracleStrategy-000,GLBX-001,GLBX-1-736,MARKET,BUY,1,GTC,True,False,1,TAKER,6726.0,0.0,['0.00 USD'],NO_TRIGGER,FILLED,NO_CONTINGENCY,,,,MY_GENERIC_ALGO,,O-20260309-095239-001-000-917,,492569f3-3c4d-4475-9ca5-79d7b1111ef8,2026-03-09 09:52:39.970125354+00:00,2026-03-09 09:52:39.970125354+00:00
BACKTESTER-001,OracleStrategy-000,MESM6.GLBX,GLBX-1-737,MESM6.GLBX-OracleStrategy-000,GLBX-001,GLBX-1-737,MARKET,BUY,1,GTC,False,False,1,TAKER,6726.0,0.0,['0.00 USD'],NO_TRIGGER,FILLED,NO_CONTINGENCY,,,,MY_GENERIC_ALGO,,O-20260309-095239-001-000-918,,58c224ea-dd77-400d-bb4f-7e2b89e280c3,2026-03-09 09:52:39.970125354+00:00,2026-03-09 09:52:39.970125354+00:00
BACKTESTER-001,OracleStrategy-000,MESM6.GLBX,GLBX-1-738,MESM6.GLBX-OracleStrategy-000,GLBX-001,GLBX-1-738,MARKET,SELL,1,GTC,True,False,1,TAKER,6727.25,0.0,['0.00 USD'],NO_TRIGGER,FILLED,NO_CONTINGENCY,,,,MY_GENERIC_ALGO,,O-20260309-095324-001-000-919,,6b41faba-4da4-4cb3-881e-cb6fba0039b4,2026-03-09 09:53:24.845336143+00:00,2026-03-09 09:53:24.845336143+00:00
BACKTESTER-001,OracleStrategy-000,MESM6.GLBX,GLBX-1-739,MESM6.GLBX-OracleStrategy-000,GLBX-001,GLBX-1-739,MARKET,SELL,1,GTC,False,False,1,TAKER,6727.25,0.0,['0.00 USD'],NO_TRIGGER,FILLED,NO_CONTINGENCY,,,,MY_GENERIC_ALGO,,O-20260309-095324-001-000-920,,02c166a6-e412-4f09-abb3-c7458aff69af,2026-03-09 09:53:24.845336143+00:00,2026-03-09 09:53:24.845336143+00:00
BACKTESTER-001,OracleStrategy-000,MESM6.GLBX,GLBX-1-740,MESM6.GLBX-OracleStrategy-000,GLBX-001,GLBX-1-740,MARKET,BUY,1,GTC,True,False,1,TAKER,6724.0,0.0,['0.00 USD'],NO_TRIGGER,FILLED,NO_CONTINGENCY,,,,MY_GENERIC_ALGO,,O-20260309-095412-001-000-921,,9d3f09b6-e7b9-4235-8ff5-3489501fd7b5,2026-03-09 09:54:12.071384376+00:00,2026-03-09 09:54:12.071384376+00:00
BACKTESTER-001,OracleStrategy-000,MESM6.GLBX,GLBX-1-741,MESM6.GLBX-OracleStrategy-000,GLBX-001,GLBX-1-741,MARKET,BUY,1,GTC,False,False,1,TAKER,6724.0,0.0,['0.00 USD'],NO_TRIGGER,FILLED,NO_CONTINGENCY,,,,MY_GENERIC_ALGO,,O-20260309-095412-001-000-922,,d6a55900-8142-48f9-99d6-5582d245ca40,2026-03-09 09:54:12.071384376+00:00,2026-03-09 09:54:12.071384376+00:00
BACKTESTER-001,OracleStrategy-000,MESM6.GLBX,GLBX-1-742,MESM6.GLBX-OracleStrategy-000,GLBX-001,GLBX-1-742,MARKET,SELL,1,GTC,True,False,1,TAKER,6729.5,0.0,['0.00 USD'],NO_TRIGGER,FILLED,NO_CONTINGENCY,,,,MY_GENERIC_ALGO,,O-20260309-095609-001-000-923,,87b50cfe-0bf8-41d5-b4dd-b9baab2d5ccd,2026-03-09 09:56:09.569868477+00:00,2026-03-09 09:56:09.569868477+00:00
BACKTESTER-001,OracleStrategy-000,MESM6.GLBX,GLBX-1-743,MESM6.GLBX-OracleStrategy-000,GLBX-001,GLBX-1-743,MARKET,BUY,1,GTC,False,False,1,TAKER,6728.75,0.0,['0.00 USD'],NO_TRIGGER,FILLED,NO_CONTINGENCY,,,,MY_GENERIC_ALGO,,O-20260309-095648-001-000-925,,1e7b7081-61d4-4760-9b51-d25df8e78bf9,2026-03-09 09:56:48.345620266+00:00,2026-03-09 09:56:48.345620266+00:00
BACKTESTER-001,OracleStrategy-000,MESM6.GLBX,GLBX-1-744,MESM6.GLBX-OracleStrategy-000,GLBX-001,GLBX-1-744,MARKET,SELL,1,GTC,True,False,1,TAKER,6732.5,0.0,['0.00 USD'],NO_TRIGGER,FILLED,NO_CONTINGENCY,,,,MY_GENERIC_ALGO,,O-20260309-095842-001-000-926,,013eac3a-4e18-42ce-8b8a-2eea7ddc6fbe,2026-03-09 09:58:42.896700514+00:00,2026-03-09 09:58:42.896700514+00:00
BACKTESTER-001,OracleStrategy-000,MESM6.GLBX,GLBX-1-745,MESM6.GLBX-OracleStrategy-000,GLBX-001,GLBX-1-745,MARKET,SELL,1,GTC,False,False,1,TAKER,6732.5,0.0,['0.00 USD'],NO_TRIGGER,FILLED,NO_CONTINGENCY,,,,MY_GENERIC_ALGO,,O-20260309-095842-001-000-927,,7aa3ea38-e619-459e-a11c-479499563e43,2026-03-09 09:58:42.896700514+00:00,2026-03-09 09:58:42.896700514+00:00
BACKTESTER-001,OracleStrategy-000,MESM6.GLBX,GLBX-1-746,MESM6.GLBX-OracleStrategy-000,GLBX-001,GLBX-1-746,MARKET,BUY,1,GTC,True,False,1,TAKER,6732.5,0.0,['0.00 USD'],NO_TRIGGER,FILLED,NO_CONTINGENCY,,,,MY_GENERIC_ALGO,,O-20260309-095956-001-000-928,,a0f7f1c4-1a10-481b-a2ea-70adaaf2a7fa,2026-03-09 09:59:56.787147455+00:00,2026-03-09 09:59:56.787147455+00:00
BACKTESTER-001,OracleStrategy-000,MESM6.GLBX,GLBX-1-747,MESM6.GLBX-OracleStrategy-000,GLBX-001,GLBX-1-747,MARKET,SELL,1,GTC,False,False,1,TAKER,6731.75,0.0,['0.00 USD'],NO_TRIGGER,FILLED,NO_CONTINGENCY,,,,MY_GENERIC_ALGO,,O-20260309-100020-001-000-930,,cc755361-329f-452d-9f5b-3f0b27ed99b4,2026-03-09 10:00:20.051877693+00:00,2026-03-09 10:00:20.051877693+00:00
BACKTESTER-001,OracleStrategy-000,MESM6.GLBX,GLBX-1-748,MESM6.GLBX-OracleStrategy-000,GLBX-001,GLBX-1-748,MARKET,BUY,1,GTC,True,False,1,TAKER,6723.5,0.0,['0.00 USD'],NO_TRIGGER,FILLED,NO_CONTINGENCY,,,,MY_GENERIC_ALGO,,O-20260309-100249-001-000-931,,7b8d531a-4132-4257-a2ce-7524aad66e6d,2026-03-09 10:02:49.279699186+00:00,2026-03-09 10:02:49.279699186+00:00
BACKTESTER-001,OracleStrategy-000,MESM6.GLBX,GLBX-1-749,MESM6.GLBX-OracleStrategy-000,GLBX-001,GLBX-1-749,MARKET,BUY,1,GTC,False,False,1,TAKER,6723.5,0.0,['0.00 USD'],NO_TRIGGER,FILLED,NO_CONTINGENCY,,,,MY_GENERIC_ALGO,,O-20260309-100249-001-000-932,,40fb077c-c45b-432f-8210-7b18b250c13e,2026-03-09 10:02:49.279699186+00:00,2026-03-09 10:02:49.279699186+00:00
BACKTESTER-001,OracleStrategy-000,MESM6.GLBX,GLBX-1-750,MESM6.GLBX-OracleStrategy-000,GLBX-001,GLBX-1-750,MARKET,SELL,1,GTC,True,False,1,TAKER,6727.75,0.0,['0.00 USD'],NO_TRIGGER,FILLED,NO_CONTINGENCY,,,,MY_GENERIC_ALGO,,O-20260309-100456-001-000-933,,4454962c-e4e4-494e-b11b-db519294becc,2026-03-09 10:04:56.471354931+00:00,2026-03-09 10:04:56.471354931+00:00
BACKTESTER-001,OracleStrategy-000,MESM6.GLBX,GLBX-1-751,MESM6.GLBX-OracleStrategy-000,GLBX-001,GLBX-1-751,MARKET,SELL,1,GTC,False,False,1,TAKER,6727.5,0.0,['0.00 USD'],NO_TRIGGER,FILLED,NO_CONTINGENCY,,,,MY_GENERIC_ALGO,,O-20260309-100525-001-000-935,,5a51dc73-ec85-493f-86b3-c497d2b45c63,2026-03-09 10:05:25.854318885+00:00,2026-03-09 10:05:25.854318885+00:00
BACKTESTER-001,OracleStrategy-000,MESM6.GLBX,GLBX-1-752,MESM6.GLBX-OracleStrategy-000,GLBX-001,GLBX-1-752,MARKET,BUY,1,GTC,True,False,1,TAKER,6725.0,0.0,['0.00 USD'],NO_TRIGGER,FILLED,NO_CONTINGENCY,,,,MY_GENERIC_ALGO,,O-20260309-100622-001-000-936,,c9d7ce34-449d-4c4c-b2de-4cb59dd33d9c,2026-03-09 10:06:22.335355925+00:00,2026-03-09 10:06:22.335355925+00:00
BACKTESTER-001,OracleStrategy-000,MESM6.GLBX,GLBX-1-753,MESM6.GLBX-OracleStrategy-000,GLBX-001,GLBX-1-753,MARKET,BUY,1,GTC,False,False,1,TAKER,6725.0,0.0,['0.00 USD'],NO_TRIGGER,FILLED,NO_CONTINGENCY,,,,MY_GENERIC_ALGO,,O-20260309-100622-001-000-937,,0cf14e24-b313-4f21-badd-bb632558f1c8,2026-03-09 10:06:22.335355925+00:00,2026-03-09 10:06:22.335355925+00:00
BACKTESTER-001,OracleStrategy-000,MESM6.GLBX,GLBX-1-754,MESM6.GLBX-OracleStrategy-000,GLBX-001,GLBX-1-754,MARKET,SELL,1,GTC,True,False,1,TAKER,6729.0,0.0,['0.00 USD'],NO_TRIGGER,FILLED,NO_CONTINGENCY,,,,MY_GENERIC_ALGO,,O-20260309-100714-001-000-938,,3a64065e-0672-47ce-a41d-845e9fde5f5a,2026-03-09 10:07:14.204250493+00:00,2026-03-09 10:07:14.204250493+00:00
BACKTESTER-001,OracleStrategy-000,MESM6.GLBX,GLBX-1-755,MESM6.GLBX-OracleStrategy-000,GLBX-001,GLBX-1-755,MARKET,BUY,1,GTC,False,False,1,TAKER,6722.25,0.0,['0.00 USD'],NO_TRIGGER,FILLED,NO_CONTINGENCY,,,,MY_GENERIC_ALGO,,O-20260309-100847-001-000-942,,ec06e881-7448-4c89-aac0-c09cb2663d2d,2026-03-09 10:08:47.646410603+00:00,2026-03-09 10:08:47.646410603+00:00
BACKTESTER-001,OracleStrategy-000,MESM6.GLBX,GLBX-1-756,MESM6.GLBX-OracleStrategy-000,GLBX-001,GLBX-1-756,MARKET,SELL,1,GTC,True,False,1,TAKER,6723.5,0.0,['0.00 USD'],NO_TRIGGER,FILLED,NO_CONTINGENCY,,,,MY_GENERIC_ALGO,,O-20260309-100850-001-000-943,,aa364240-438a-4df6-b53d-192c494a75e5,2026-03-09 10:08:50.445976082+00:00,2026-03-09 10:08:50.445976082+00:00
BACKTESTER-001,OracleStrategy-000,MESM6.GLBX,GLBX-1-757,MESM6.GLBX-OracleStrategy-000,GLBX-001,GLBX-1-757,MARKET,SELL,1,GTC,False,False,1,TAKER,6723.5,0.0,['0.00 USD'],NO_TRIGGER,FILLED,NO_CONTINGENCY,,,,MY_GENERIC_ALGO,,O-20260309-100850-001-000-944,,10391942-b639-4005-adde-968b7836c0eb,2026-03-09 10:08:50.445976082+00:00,2026-03-09 10:08:50.445976082+00:00
BACKTESTER-001,OracleStrategy-000,MESM6.GLBX,GLBX-1-758,MESM6.GLBX-OracleStrategy-000,GLBX-001,GLBX-1-758,MARKET,BUY,1,GTC,True,False,1,TAKER,6721.0,0.0,['0.00 USD'],NO_TRIGGER,FILLED,NO_CONTINGENCY,,,,MY_GENERIC_ALGO,,O-20260309-100903-001-000-945,,6a2e06b7-af7f-4237-a89c-cc05a97ba616,2026-03-09 10:09:03.209659931+00:00,2026-03-09 10:09:03.209659931+00:00
BACKTESTER-001,OracleStrategy-000,MESM6.GLBX,GLBX-1-759,MESM6.GLBX-OracleStrategy-000,GLBX-001,GLBX-1-759,MARKET,BUY,1,GTC,False,False,1,TAKER,6721.0,0.0,['0.00 USD'],NO_TRIGGER,FILLED,NO_CONTINGENCY,,,,MY_GENERIC_ALGO,,O-20260309-100903-001-000-946,,8d779718-f5eb-481a-a941-8d1586b5244d,2026-03-09 10:09:03.209659931+00:00,2026-03-09 10:09:03.209659931+00:00
BACKTESTER-001,OracleStrategy-000,MESM6.GLBX,GLBX-1-760,MESM6.GLBX-OracleStrategy-000,GLBX-001,GLBX-1-760,MARKET,SELL,1,GTC,True,False,1,TAKER,6724.25,0.0,['0.00 USD'],NO_TRIGGER,FILLED,NO_CONTINGENCY,,,,MY_GENERIC_ALGO,,O-20260309-101159-001-000-947,,cb6659ef-3bc8-4fcc-84af-911c66951c92,2026-03-09 10:11:59.317790298+00:00,2026-03-09 10:11:59.317790298+00:00
BACKTESTER-001,OracleStrategy-000,MESM6.GLBX,GLBX-1-761,MESM6.GLBX-OracleStrategy-000,GLBX-001,GLBX-1-761,MARKET,SELL,1,GTC,False,False,1,TAKER,6724.25,0.0,['0.00 USD'],NO_TRIGGER,FILLED,NO_CONTINGENCY,,,,MY_GENERIC_ALGO,,O-20260309-101159-001-000-948,,832d9725-1e30-4aa6-bd82-67d83245f00c,2026-03-09 10:11:59.317790298+00:00,2026-03-09 10:11:59.317790298+00:00
BACKTESTER-001,OracleStrategy-000,MESM6.GLBX,GLBX-1-762,MESM6.GLBX-OracleStrategy-000,GLBX-001,GLBX-1-762,MARKET,BUY,1,GTC,True,False,1,TAKER,6718.5,0.0,['0.00 USD'],NO_TRIGGER,FILLED,NO_CONTINGENCY,,,,MY_GENERIC_ALGO,,O-20260309-101438-001-000-949,,eb026a5c-73e0-4685-87ab-549055784228,2026-03-09 10:14:38.032132223+00:00,2026-03-09 10:14:38.032132223+00:00
BACKTESTER-001,OracleStrategy-000,MESM6.GLBX,GLBX-1-763,MESM6.GLBX-OracleStrategy-000,GLBX-001,GLBX-1-763,MARKET,BUY,1,GTC,False,False,1,TAKER,6718.5,0.0,['0.00 USD'],NO_TRIGGER,FILLED,NO_CONTINGENCY,,,,MY_GENERIC_ALGO,,O-20260309-101438-001-000-950,,ca3b8261-4a0b-45c8-b452-6952c3465785,2026-03-09 10:14:38.032132223+00:00,2026-03-09 10:14:38.032132223+00:00
BACKTESTER-001,OracleStrategy-000,MESM6.GLBX,GLBX-1-764,MESM6.GLBX-OracleStrategy-000,GLBX-001,GLBX-1-764,MARKET,SELL,1,GTC,True,False,1,TAKER,6721.75,0.0,['0.00 USD'],NO_TRIGGER,FILLED,NO_CONTINGENCY,,,,MY_GENERIC_ALGO,,O-20260309-101520-001-000-951,,2395640e-13ae-4f40-94de-1fb505d48fbb,2026-03-09 10:15:20.527722401+00:00,2026-03-09 10:15:20.527722401+00:00
BACKTESTER-001,OracleStrategy-000,MESM6.GLBX,GLBX-1-765,MESM6.GLBX-OracleStrategy-000,GLBX-001,GLBX-1-765,MARKET,BUY,1,GTC,False,False,1,TAKER,6724.5,0.0,['0.00 USD'],NO_TRIGGER,FILLED,NO_CONTINGENCY,,,,MY_GENERIC_ALGO,,O-20260309-101652-001-000-954,,219e0b7f-97d6-460a-96f4-c2ca8c9df152,2026-03-09 10:16:52.566621792+00:00,2026-03-09 10:16:52.566621792+00:00
BACKTESTER-001,OracleStrategy-000,MESM6.GLBX,GLBX-1-766,MESM6.GLBX-OracleStrategy-000,GLBX-001,GLBX-1-766,MARKET,SELL,1,GTC,True,False,1,TAKER,6725.5,0.0,['0.00 USD'],NO_TRIGGER,FILLED,NO_CONTINGENCY,,,,MY_GENERIC_ALGO,,O-20260309-101725-001-000-955,,8cafaec0-1392-4c7d-98e9-32de66d89d5a,2026-03-09 10:17:25.976268477+00:00,2026-03-09 10:17:25.976268477+00:00
BACKTESTER-001,OracleStrategy-000,MESM6.GLBX,GLBX-1-767,MESM6.GLBX-OracleStrategy-000,GLBX-001,GLBX-1-767,MARKET,BUY,1,GTC,False,False,1,TAKER,6725.25,0.0,['0.00 USD'],NO_TRIGGER,FILLED,NO_CONTINGENCY,,,,MY_GENERIC_ALGO,,O-20260309-101935-001-000-957,,b0c581aa-7311-4ae2-b241-dda440b33aeb,2026-03-09 10:19:35.989769947+00:00,2026-03-09 10:19:35.989769947+00:00
BACKTESTER-001,OracleStrategy-000,MESM6.GLBX,GLBX-1-768,MESM6.GLBX-OracleStrategy-000,GLBX-001,GLBX-1-768,MARKET,SELL,1,GTC,True,False,1,TAKER,6726.5,0.0,['0.00 USD'],NO_TRIGGER,FILLED,NO_CONTINGENCY,,,,MY_GENERIC_ALGO,,O-20260309-102206-001-000-958,,3ae4f2db-13f8-40d3-ac39-bc7400420aef,2026-03-09 10:22:06.893562763+00:00,2026-03-09 10:22:06.893562763+00:00
BACKTESTER-001,OracleStrategy-000,MESM6.GLBX,GLBX-1-769,MESM6.GLBX-OracleStrategy-000,GLBX-001,GLBX-1-769,MARKET,SELL,1,GTC,False,False,1,TAKER,6726.5,0.0,['0.00 USD'],NO_TRIGGER,FILLED,NO_CONTINGENCY,,,,MY_GENERIC_ALGO,,O-20260309-102206-001-000-959,,f64b299f-f2a8-4ed1-b2a2-fdae0a867b70,2026-03-09 10:22:06.893562763+00:00,2026-03-09 10:22:06.893562763+00:00
BACKTESTER-001,OracleStrategy-000,MESM6.GLBX,GLBX-1-770,MESM6.GLBX-OracleStrategy-000,GLBX-001,GLBX-1-770,MARKET,BUY,1,GTC,True,False,1,TAKER,6720.5,0.0,['0.00 USD'],NO_TRIGGER,FILLED,NO_CONTINGENCY,,,,MY_GENERIC_ALGO,,O-20260309-102403-001-000-960,,ef82715f-5e2f-4cce-9eb5-30237d0173f7,2026-03-09 10:24:03.688084448+00:00,2026-03-09 10:24:03.688084448+00:00
BACKTESTER-001,OracleStrategy-000,MESM6.GLBX,GLBX-1-771,MESM6.GLBX-OracleStrategy-000,GLBX-001,GLBX-1-771,MARKET,BUY,1,GTC,False,False,1,TAKER,6720.5,0.0,['0.00 USD'],NO_TRIGGER,FILLED,NO_CONTINGENCY,,,,MY_GENERIC_ALGO,,O-20260309-102403-001-000-961,,d7bd22fe-f5b0-4116-b9e7-debffd365863,2026-03-09 10:24:03.688084448+00:00,2026-03-09 10:24:03.688084448+00:00
BACKTESTER-001,OracleStrategy-000,MESM6.GLBX,GLBX-1-772,MESM6.GLBX-OracleStrategy-000,GLBX-001,GLBX-1-772,MARKET,SELL,1,GTC,True,False,1,TAKER,6724.25,0.0,['0.00 USD'],NO_TRIGGER,FILLED,NO_CONTINGENCY,,,,MY_GENERIC_ALGO,,O-20260309-102414-001-000-962,,4865cc9d-8082-44b8-b93e-7cd79aa19661,2026-03-09 10:24:14.120556587+00:00,2026-03-09 10:24:14.120556587+00:00
BACKTESTER-001,OracleStrategy-000,MESM6.GLBX,GLBX-1-773,MESM6.GLBX-OracleStrategy-000,GLBX-001,GLBX-1-773,MARKET,BUY,1,GTC,False,False,1,TAKER,6721.75,0.0,['0.00 USD'],NO_TRIGGER,FILLED,NO_CONTINGENCY,,,,MY_GENERIC_ALGO,,O-20260309-102519-001-000-964,,1602ea8a-47c7-4793-af37-e1eaec54aef4,2026-03-09 10:25:19.682286971+00:00,2026-03-09 10:25:19.682286971+00:00
BACKTESTER-001,OracleStrategy-000,MESM6.GLBX,GLBX-1-774,MESM6.GLBX-OracleStrategy-000,GLBX-001,GLBX-1-774,MARKET,SELL,1,GTC,True,False,1,TAKER,6722.75,0.0,['0.00 USD'],NO_TRIGGER,FILLED,NO_CONTINGENCY,,,,MY_GENERIC_ALGO,,O-20260309-102713-001-000-965,,a699c1a6-805d-4626-a687-b70d6323755e,2026-03-09 10:27:13.577153784+00:00,2026-03-09 10:27:13.577153784+00:00
BACKTESTER-001,OracleStrategy-000,MESM6.GLBX,GLBX-1-775,MESM6.GLBX-OracleStrategy-000,GLBX-001,GLBX-1-775,MARKET,SELL,1,GTC,False,False,1,TAKER,6722.75,0.0,['0.00 USD'],NO_TRIGGER,FILLED,NO_CONTINGENCY,,,,MY_GENERIC_ALGO,,O-20260309-102807-001-000-967,,bcb2f997-ad53-4b73-a73e-d34cea923a0f,2026-03-09 10:28:07.006089671+00:00,2026-03-09 10:28:07.006089671+00:00
BACKTESTER-001,OracleStrategy-000,MESM6.GLBX,GLBX-1-776,MESM6.GLBX-OracleStrategy-000,GLBX-001,GLBX-1-776,MARKET,BUY,1,GTC,True,False,1,TAKER,6715.25,0.0,['0.00 USD'],NO_TRIGGER,FILLED,NO_CONTINGENCY,,,,MY_GENERIC_ALGO,,O-20260309-103059-001-000-968,,a12756a3-88ea-452c-ad7c-21b62a779d81,2026-03-09 10:30:59.484172035+00:00,2026-03-09 10:30:59.484172035+00:00
BACKTESTER-001,OracleStrategy-000,MESM6.GLBX,GLBX-1-777,MESM6.GLBX-OracleStrategy-000,GLBX-001,GLBX-1-777,MARKET,BUY,1,GTC,False,False,1,TAKER,6715.25,0.0,['0.00 USD'],NO_TRIGGER,FILLED,NO_CONTINGENCY,,,,MY_GENERIC_ALGO,,O-20260309-103059-001-000-969,,1d7aed53-e0d7-415f-9d0a-121dbdafae2c,2026-03-09 10:30:59.484172035+00:00,2026-03-09 10:30:59.484172035+00:00
BACKTESTER-001,OracleStrategy-000,MESM6.GLBX,GLBX-1-778,MESM6.GLBX-OracleStrategy-000,GLBX-001,GLBX-1-778,MARKET,SELL,1,GTC,True,False,1,TAKER,6718.25,0.0,['0.00 USD'],NO_TRIGGER,FILLED,NO_CONTINGENCY,,,,MY_GENERIC_ALGO,,O-20260309-103130-001-000-970,,13a8e5e7-f0d2-4a4f-9854-3561543e26a6,2026-03-09 10:31:30.955774087+00:00,2026-03-09 10:31:30.955774087+00:00
BACKTESTER-001,OracleStrategy-000,MESM6.GLBX,GLBX-1-779,MESM6.GLBX-OracleStrategy-000,GLBX-001,GLBX-1-779,MARKET,SELL,1,GTC,False,False,1,TAKER,6718.25,0.0,['0.00 USD'],NO_TRIGGER,FILLED,NO_CONTINGENCY,,,,MY_GENERIC_ALGO,,O-20260309-103130-001-000-971,,1e5b60b5-341d-473d-ac37-3497a8d30b11,2026-03-09 10:31:30.955774087+00:00,2026-03-09 10:31:30.955774087+00:00
BACKTESTER-001,OracleStrategy-000,MESM6.GLBX,GLBX-1-780,MESM6.GLBX-OracleStrategy-000,GLBX-001,GLBX-1-780,MARKET,BUY,1,GTC,True,False,1,TAKER,6716.75,0.0,['0.00 USD'],NO_TRIGGER,FILLED,NO_CONTINGENCY,,,,MY_GENERIC_ALGO,,O-20260309-103227-001-000-972,,2e074365-b1bd-4afa-b72e-89b68779bfc2,2026-03-09 10:32:27.633295153+00:00,2026-03-09 10:32:27.633295153+00:00
BACKTESTER-001,OracleStrategy-000,MESM6.GLBX,GLBX-1-781,MESM6.GLBX-OracleStrategy-000,GLBX-001,GLBX-1-781,MARKET,BUY,1,GTC,False,False,1,TAKER,6716.0,0.0,['0.00 USD'],NO_TRIGGER,FILLED,NO_CONTINGENCY,,,,MY_GENERIC_ALGO,,O-20260309-103237-001-000-974,,6ebc1f22-6e80-4e00-90c4-b829840be5b3,2026-03-09 10:32:37.735787648+00:00,2026-03-09 10:32:37.735787648+00:00
BACKTESTER-001,OracleStrategy-000,MESM6.GLBX,GLBX-1-782,MESM6.GLBX-OracleStrategy-000,GLBX-001,GLBX-1-782,MARKET,SELL,1,GTC,True,False,1,TAKER,6725.75,0.0,['0.00 USD'],NO_TRIGGER,FILLED,NO_CONTINGENCY,,,,MY_GENERIC_ALGO,,O-20260309-103830-001-000-975,,c80815b1-2347-4bb2-a962-ea29c4d2fe82,2026-03-09 10:38:30.921288442+00:00,2026-03-09 10:38:30.921288442+00:00
BACKTESTER-001,OracleStrategy-000,MESM6.GLBX,GLBX-1-783,MESM6.GLBX-OracleStrategy-000,GLBX-001,GLBX-1-783,MARKET,SELL,1,GTC,False,False,1,TAKER,6725.25,0.0,['0.00 USD'],NO_TRIGGER,FILLED,NO_CONTINGENCY,,,,MY_GENERIC_ALGO,,O-20260309-103840-001-000-977,,f65cf65f-90f0-44f9-8107-35c8da5d5903,2026-03-09 10:38:40.703542280+00:00,2026-03-09 10:38:40.703542280+00:00
BACKTESTER-001,OracleStrategy-000,MESM6.GLBX,GLBX-1-784,MESM6.GLBX-OracleStrategy-000,GLBX-001,GLBX-1-784,MARKET,BUY,1,GTC,True,False,1,TAKER,6719.75,0.0,['0.00 USD'],NO_TRIGGER,FILLED,NO_CONTINGENCY,,,,MY_GENERIC_ALGO,,O-20260309-103845-001-000-978,,21d882fe-5ce3-4b1f-bfce-2fdf3121ce8d,2026-03-09 10:38:45.181035063+00:00,2026-03-09 10:38:45.181035063+00:00
BACKTESTER-001,OracleStrategy-000,MESM6.GLBX,GLBX-1-785,MESM6.GLBX-OracleStrategy-000,GLBX-001,GLBX-1-785,MARKET,BUY,1,GTC,False,False,1,TAKER,6719.75,0.0,['0.00 USD'],NO_TRIGGER,FILLED,NO_CONTINGENCY,,,,MY_GENERIC_ALGO,,O-20260309-103845-001-000-979,,9feb1efa-7a77-49a8-88dd-e3b64e5400de,2026-03-09 10:38:45.181035063+00:00,2026-03-09 10:38:45.181035063+00:00
BACKTESTER-001,OracleStrategy-000,MESM6.GLBX,GLBX-1-786,MESM6.GLBX-OracleStrategy-000,GLBX-001,GLBX-1-786,MARKET,SELL,1,GTC,True,False,1,TAKER,6725.75,0.0,['0.00 USD'],NO_TRIGGER,FILLED,NO_CONTINGENCY,,,,MY_GENERIC_ALGO,,O-20260309-104145-001-000-980,,df7384bd-7557-471d-b867-8fc39868e9e2,2026-03-09 10:41:45.811543648+00:00,2026-03-09 10:41:45.811543648+00:00
BACKTESTER-001,OracleStrategy-000,MESM6.GLBX,GLBX-1-787,MESM6.GLBX-OracleStrategy-000,GLBX-001,GLBX-1-787,MARKET,SELL,1,GTC,False,False,1,TAKER,6725.75,0.0,['0.00 USD'],NO_TRIGGER,FILLED,NO_CONTINGENCY,,,,MY_GENERIC_ALGO,,O-20260309-104145-001-000-981,,2974c31f-8e5c-47c1-acbb-a0eb8953c231,2026-03-09 10:41:45.811543648+00:00,2026-03-09 10:41:45.811543648+00:00
BACKTESTER-001,OracleStrategy-000,MESM6.GLBX,GLBX-1-788,MESM6.GLBX-OracleStrategy-000,GLBX-001,GLBX-1-788,MARKET,BUY,1,GTC,True,False,1,TAKER,6720.25,0.0,['0.00 USD'],NO_TRIGGER,FILLED,NO_CONTINGENCY,,,,MY_GENERIC_ALGO,,O-20260309-104347-001-000-982,,385374fa-d4b3-4a93-bc7d-0571ba4a8ef0,2026-03-09 10:43:47.165420083+00:00,2026-03-09 10:43:47.165420083+00:00
BACKTESTER-001,OracleStrategy-000,MESM6.GLBX,GLBX-1-789,MESM6.GLBX-OracleStrategy-000,GLBX-001,GLBX-1-789,MARKET,BUY,1,GTC,False,False,1,TAKER,6720.25,0.0,['0.00 USD'],NO_TRIGGER,FILLED,NO_CONTINGENCY,,,,MY_GENERIC_ALGO,,O-20260309-104347-001-000-983,,bf56bc88-846c-46b6-84a4-ed7c0257876e,2026-03-09 10:43:47.165420083+00:00,2026-03-09 10:43:47.165420083+00:00
BACKTESTER-001,OracleStrategy-000,MESM6.GLBX,GLBX-1-790,MESM6.GLBX-OracleStrategy-000,GLBX-001,GLBX-1-790,MARKET,SELL,1,GTC,True,False,1,TAKER,6721.0,0.0,['0.00 USD'],NO_TRIGGER,FILLED,NO_CONTINGENCY,,,,MY_GENERIC_ALGO,,O-20260309-104428-001-000-984,,e8353e59-1fc2-49de-82be-95431d8b1c48,2026-03-09 10:44:28.406485899+00:00,2026-03-09 10:44:28.406485899+00:00
BACKTESTER-001,OracleStrategy-000,MESM6.GLBX,GLBX-1-791,MESM6.GLBX-OracleStrategy-000,GLBX-001,GLBX-1-791,MARKET,SELL,1,GTC,False,False,1,TAKER,6717.0,0.0,['0.00 USD'],NO_TRIGGER,FILLED,NO_CONTINGENCY,,,,MY_GENERIC_ALGO,,O-20260309-104755-001-000-989,,d6fc632d-8fe8-4940-ace4-836957a2ea0a,2026-03-09 10:47:55.400111167+00:00,2026-03-09 10:47:55.400111167+00:00
BACKTESTER-001,OracleStrategy-000,MESM6.GLBX,GLBX-1-792,MESM6.GLBX-OracleStrategy-000,GLBX-001,GLBX-1-792,MARKET,BUY,1,GTC,True,False,1,TAKER,6714.75,0.0,['0.00 USD'],NO_TRIGGER,FILLED,NO_CONTINGENCY,,,,MY_GENERIC_ALGO,,O-20260309-105110-001-000-990,,815fc3ec-ca13-40db-aa60-9ebe685baf84,2026-03-09 10:51:10.996747664+00:00,2026-03-09 10:51:10.996747664+00:00
BACKTESTER-001,OracleStrategy-000,MESM6.GLBX,GLBX-1-793,MESM6.GLBX-OracleStrategy-000,GLBX-001,GLBX-1-793,MARKET,BUY,1,GTC,False,False,1,TAKER,6714.75,0.0,['0.00 USD'],NO_TRIGGER,FILLED,NO_CONTINGENCY,,,,MY_GENERIC_ALGO,,O-20260309-105110-001-000-991,,a8f9c498-da0b-44dc-a180-6bf6f325530b,2026-03-09 10:51:10.996747664+00:00,2026-03-09 10:51:10.996747664+00:00
BACKTESTER-001,OracleStrategy-000,MESM6.GLBX,GLBX-1-794,MESM6.GLBX-OracleStrategy-000,GLBX-001,GLBX-1-794,MARKET,SELL,1,GTC,True,False,1,TAKER,6717.25,0.0,['0.00 USD'],NO_TRIGGER,FILLED,NO_CONTINGENCY,,,,MY_GENERIC_ALGO,,O-20260309-105212-001-000-992,,6ebfa61d-6cc1-469e-b3be-fec21386af35,2026-03-09 10:52:12.393059440+00:00,2026-03-09 10:52:12.393059440+00:00
BACKTESTER-001,OracleStrategy-000,MESM6.GLBX,GLBX-1-795,MESM6.GLBX-OracleStrategy-000,GLBX-001,GLBX-1-795,MARKET,SELL,1,GTC,False,False,1,TAKER,6717.25,0.0,['0.00 USD'],NO_TRIGGER,FILLED,NO_CONTINGENCY,,,,MY_GENERIC_ALGO,,O-20260309-105212-001-000-993,,424ba3cc-3129-40fa-8829-97aaffbc3430,2026-03-09 10:52:12.393059440+00:00,2026-03-09 10:52:12.393059440+00:00
BACKTESTER-001,OracleStrategy-000,MESM6.GLBX,GLBX-1-796,MESM6.GLBX-OracleStrategy-000,GLBX-001,GLBX-1-796,MARKET,BUY,1,GTC,True,False,1,TAKER,6716.75,0.0,['0.00 USD'],NO_TRIGGER,FILLED,NO_CONTINGENCY,,,,MY_GENERIC_ALGO,,O-20260309-105314-001-000-994,,879932bc-7977-4f29-a833-effdcbd75dc6,2026-03-09 10:53:14.671598528+00:00,2026-03-09 10:53:14.671598528+00:00
BACKTESTER-001,OracleStrategy-000,MESM6.GLBX,GLBX-1-797,MESM6.GLBX-OracleStrategy-000,GLBX-001,GLBX-1-797,MARKET,BUY,1,GTC,False,False,1,TAKER,6716.75,0.0,['0.00 USD'],NO_TRIGGER,FILLED,NO_CONTINGENCY,,,,MY_GENERIC_ALGO,,O-20260309-105314-001-000-995,,b30e92b1-fc63-4562-8250-90622785b5b0,2026-03-09 10:53:14.671598528+00:00,2026-03-09 10:53:14.671598528+00:00
BACKTESTER-001,OracleStrategy-000,MESM6.GLBX,GLBX-1-798,MESM6.GLBX-OracleStrategy-000,GLBX-001,GLBX-1-798,MARKET,SELL,1,GTC,True,False,1,TAKER,6720.75,0.0,['0.00 USD'],NO_TRIGGER,FILLED,NO_CONTINGENCY,,,,MY_GENERIC_ALGO,,O-20260309-105423-001-000-996,,fb089cf1-5ff6-47ee-a917-021a5592cc72,2026-03-09 10:54:23.247777383+00:00,2026-03-09 10:54:23.247777383+00:00
BACKTESTER-001,OracleStrategy-000,MESM6.GLBX,GLBX-1-799,MESM6.GLBX-OracleStrategy-000,GLBX-001,GLBX-1-799,MARKET,BUY,1,GTC,False,False,1,TAKER,6719.0,0.0,['0.00 USD'],NO_TRIGGER,FILLED,NO_CONTINGENCY,,,,MY_GENERIC_ALGO,,O-20260309-105435-001-000-998,,ccb467c5-d572-4a42-a104-a020f010a643,2026-03-09 10:54:35.606737667+00:00,2026-03-09 10:54:35.606737667+00:00
BACKTESTER-001,OracleStrategy-000,MESM6.GLBX,GLBX-1-800,MESM6.GLBX-OracleStrategy-000,GLBX-001,GLBX-1-800,MARKET,SELL,1,GTC,True,False,1,TAKER,6720.0,0.0,['0.00 USD'],NO_TRIGGER,FILLED,NO_CONTINGENCY,,,,MY_GENERIC_ALGO,,O-20260309-105455-001-000-999,,f59d6633-f228-4d4e-998a-4874341b8850,2026-03-09 10:54:55.663158495+00:00,2026-03-09 10:54:55.663158495+00:00
BACKTESTER-001,OracleStrategy-000,MESM6.GLBX,GLBX-1-801,MESM6.GLBX-OracleStrategy-000,GLBX-001,GLBX-1-801,MARKET,BUY,1,GTC,False,False,1,TAKER,6719.5,0.0,['0.00 USD'],NO_TRIGGER,FILLED,NO_CONTINGENCY,,,,MY_GENERIC_ALGO,,O-20260309-105509-001-000-1002,,51456f8b-1d3d-408e-81c6-2cce306001ca,2026-03-09 10:55:09.299770074+00:00,2026-03-09 10:55:09.299770074+00:00
BACKTESTER-001,OracleStrategy-000,MESM6.GLBX,GLBX-1-802,MESM6.GLBX-OracleStrategy-000,GLBX-001,GLBX-1-802,MARKET,SELL,1,GTC,True,False,1,TAKER,6718.75,0.0,['0.00 USD'],NO_TRIGGER,FILLED,NO_CONTINGENCY,,,,MY_GENERIC_ALGO,,O-20260309-105510-001-000-1003,,67cf8d3d-bb7a-4033-9e1b-cf279d92b29f,2026-03-09 10:55:10.326995338+00:00,2026-03-09 10:55:10.326995338+00:00
BACKTESTER-001,OracleStrategy-000,MESM6.GLBX,GLBX-1-803,MESM6.GLBX-OracleStrategy-000,GLBX-001,GLBX-1-803,MARKET,BUY,1,GTC,False,False,1,TAKER,6718.5,0.0,['0.00 USD'],NO_TRIGGER,FILLED,NO_CONTINGENCY,,,,MY_GENERIC_ALGO,,O-20260309-105523-001-000-1006,,8c2d1bed-9613-44da-992b-6a3264cc40f3,2026-03-09 10:55:23.879769378+00:00,2026-03-09 10:55:23.879769378+00:00
BACKTESTER-001,OracleStrategy-000,MESM6.GLBX,GLBX-1-804,MESM6.GLBX-OracleStrategy-000,GLBX-001,GLBX-1-804,MARKET,SELL,1,GTC,True,False,1,TAKER,6718.0,0.0,['0.00 USD'],NO_TRIGGER,FILLED,NO_CONTINGENCY,,,,MY_GENERIC_ALGO,,O-20260309-105530-001-000-1007,,bba40541-0b6d-4c96-9c55-50e2dd0a45ce,2026-03-09 10:55:30.926516427+00:00,2026-03-09 10:55:30.926516427+00:00
BACKTESTER-001,OracleStrategy-000,MESM6.GLBX,GLBX-1-805,MESM6.GLBX-OracleStrategy-000,GLBX-001,GLBX-1-805,MARKET,SELL,1,GTC,False,False,1,TAKER,6718.0,0.0,['0.00 USD'],NO_TRIGGER,FILLED,NO_CONTINGENCY,,,,MY_GENERIC_ALGO,,O-20260309-105530-001-000-1008,,1868a76d-cc71-4bff-82de-fb157b3a5cb6,2026-03-09 10:55:30.926516427+00:00,2026-03-09 10:55:30.926516427+00:00
BACKTESTER-001,OracleStrategy-000,MESM6.GLBX,GLBX-1-806,MESM6.GLBX-OracleStrategy-000,GLBX-001,GLBX-1-806,MARKET,BUY,1,GTC,True,False,1,TAKER,6715.5,0.0,['0.00 USD'],NO_TRIGGER,FILLED,NO_CONTINGENCY,,,,MY_GENERIC_ALGO,,O-20260309-105633-001-000-1009,,02b4b346-1b12-4399-9573-43fbd73e546b,2026-03-09 10:56:33.242521845+00:00,2026-03-09 10:56:33.242521845+00:00
BACKTESTER-001,OracleStrategy-000,MESM6.GLBX,GLBX-1-807,MESM6.GLBX-OracleStrategy-000,GLBX-001,GLBX-1-807,MARKET,BUY,1,GTC,False,False,1,TAKER,6715.5,0.0,['0.00 USD'],NO_TRIGGER,FILLED,NO_CONTINGENCY,,,,MY_GENERIC_ALGO,,O-20260309-105633-001-000-1010,,7c8114f1-d83c-4988-9c0c-b2f765230307,2026-03-09 10:56:33.242521845+00:00,2026-03-09 10:56:33.242521845+00:00
BACKTESTER-001,OracleStrategy-000,MESM6.GLBX,GLBX-1-808,MESM6.GLBX-OracleStrategy-000,GLBX-001,GLBX-1-808,MARKET,SELL,1,GTC,True,False,1,TAKER,6718.0,0.0,['0.00 USD'],NO_TRIGGER,FILLED,NO_CONTINGENCY,,,,MY_GENERIC_ALGO,,O-20260309-105906-001-000-1011,,60285218-277c-4a34-92aa-a335063e8ac5,2026-03-09 10:59:06.109349371+00:00,2026-03-09 10:59:06.109349371+00:00
BACKTESTER-001,OracleStrategy-000,MESM6.GLBX,GLBX-1-809,MESM6.GLBX-OracleStrategy-000,GLBX-001,GLBX-1-809,MARKET,SELL,1,GTC,False,False,1,TAKER,6718.0,0.0,['0.00 USD'],NO_TRIGGER,FILLED,NO_CONTINGENCY,,,,MY_GENERIC_ALGO,,O-20260309-105906-001-000-1012,,c4cd2b7e-5f66-49c6-9bdc-308a51cee4dc,2026-03-09 10:59:06.109349371+00:00,2026-03-09 10:59:06.109349371+00:00
BACKTESTER-001,OracleStrategy-000,MESM6.GLBX,GLBX-1-810,MESM6.GLBX-OracleStrategy-000,GLBX-001,GLBX-1-810,MARKET,BUY,1,GTC,True,False,1,TAKER,6717.5,0.0,['0.00 USD'],NO_TRIGGER,FILLED,NO_CONTINGENCY,,,,MY_GENERIC_ALGO,,O-20260309-110037-001-000-1013,,917d742b-5e09-4a0f-8654-7538dc8834d9,2026-03-09 11:00:37.420539831+00:00,2026-03-09 11:00:37.420539831+00:00
BACKTESTER-001,OracleStrategy-000,MESM6.GLBX,GLBX-1-811,MESM6.GLBX-OracleStrategy-000,GLBX-001,GLBX-1-811,MARKET,SELL,1,GTC,False,False,1,TAKER,6724.75,0.0,['0.00 USD'],NO_TRIGGER,FILLED,NO_CONTINGENCY,,,,MY_GENERIC_ALGO,,O-20260309-110324-001-000-1019,,3481ea30-0b11-4adb-832b-f8f3bbf52e66,2026-03-09 11:03:24.855043707+00:00,2026-03-09 11:03:24.855043707+00:00
BACKTESTER-001,OracleStrategy-000,MESM6.GLBX,GLBX-1-812,MESM6.GLBX-OracleStrategy-000,GLBX-001,GLBX-1-812,MARKET,BUY,1,GTC,True,False,1,TAKER,6722.5,0.0,['0.00 USD'],NO_TRIGGER,FILLED,NO_CONTINGENCY,,,,MY_GENERIC_ALGO,,O-20260309-110454-001-000-1020,,71e6900b-0f7d-45c7-9605-eb062fbd32d0,2026-03-09 11:04:54.901028013+00:00,2026-03-09 11:04:54.901028013+00:00
BACKTESTER-001,OracleStrategy-000,MESM6.GLBX,GLBX-1-813,MESM6.GLBX-OracleStrategy-000,GLBX-001,GLBX-1-813,MARKET,BUY,1,GTC,False,False,1,TAKER,6722.5,0.0,['0.00 USD'],NO_TRIGGER,FILLED,NO_CONTINGENCY,,,,MY_GENERIC_ALGO,,O-20260309-110454-001-000-1021,,cbf26ec6-613d-4ef4-9561-f520fddccd87,2026-03-09 11:04:54.901028013+00:00,2026-03-09 11:04:54.901028013+00:00
BACKTESTER-001,OracleStrategy-000,MESM6.GLBX,GLBX-1-814,MESM6.GLBX-OracleStrategy-000,GLBX-001,GLBX-1-814,MARKET,SELL,1,GTC,True,False,1,TAKER,6725.0,0.0,['0.00 USD'],NO_TRIGGER,FILLED,NO_CONTINGENCY,,,,MY_GENERIC_ALGO,,O-20260309-110524-001-000-1022,,04dad020-609b-4cff-8df5-46fa0ddab147,2026-03-09 11:05:24.098620517+00:00,2026-03-09 11:05:24.098620517+00:00
BACKTESTER-001,OracleStrategy-000,MESM6.GLBX,GLBX-1-815,MESM6.GLBX-OracleStrategy-000,GLBX-001,GLBX-1-815,MARKET,SELL,1,GTC,False,False,1,TAKER,6725.0,0.0,['0.00 USD'],NO_TRIGGER,FILLED,NO_CONTINGENCY,,,,MY_GENERIC_ALGO,,O-20260309-110524-001-000-1023,,4c3931b8-1266-48a1-8324-4b3ab5144134,2026-03-09 11:05:24.098620517+00:00,2026-03-09 11:05:24.098620517+00:00
BACKTESTER-001,OracleStrategy-000,MESM6.GLBX,GLBX-1-816,MESM6.GLBX-OracleStrategy-000,GLBX-001,GLBX-1-816,MARKET,BUY,1,GTC,True,False,1,TAKER,6723.25,0.0,['0.00 USD'],NO_TRIGGER,FILLED,NO_CONTINGENCY,,,,MY_GENERIC_ALGO,,O-20260309-110640-001-000-1024,,3e534e78-92af-4bff-bea5-3329047557a8,2026-03-09 11:06:40.151544138+00:00,2026-03-09 11:06:40.151544138+00:00
BACKTESTER-001,OracleStrategy-000,MESM6.GLBX,GLBX-1-817,MESM6.GLBX-OracleStrategy-000,GLBX-001,GLBX-1-817,MARKET,SELL,1,GTC,False,False,1,TAKER,6725.5,0.0,['0.00 USD'],NO_TRIGGER,FILLED,NO_CONTINGENCY,,,,MY_GENERIC_ALGO,,O-20260309-110740-001-000-1029,,8f24ade7-bda3-4c47-81b5-412d7258296b,2026-03-09 11:07:40.916908794+00:00,2026-03-09 11:07:40.916908794+00:00
BACKTESTER-001,OracleStrategy-000,MESM6.GLBX,GLBX-1-818,MESM6.GLBX-OracleStrategy-000,GLBX-001,GLBX-1-818,MARKET,BUY,1,GTC,True,False,1,TAKER,6720.0,0.0,['0.00 USD'],NO_TRIGGER,FILLED,NO_CONTINGENCY,,,,MY_GENERIC_ALGO,,O-20260309-111054-001-000-1030,,4aae4853-87da-47ef-9385-319c1ee8b080,2026-03-09 11:10:54.406988594+00:00,2026-03-09 11:10:54.406988594+00:00
BACKTESTER-001,OracleStrategy-000,MESM6.GLBX,GLBX-1-819,MESM6.GLBX-OracleStrategy-000,GLBX-001,GLBX-1-819,MARKET,BUY,1,GTC,False,False,1,TAKER,6720.0,0.0,['0.00 USD'],NO_TRIGGER,FILLED,NO_CONTINGENCY,,,,MY_GENERIC_ALGO,,O-20260309-111054-001-000-1031,,89127917-23af-4dab-8518-83998d2c775f,2026-03-09 11:10:54.406988594+00:00,2026-03-09 11:10:54.406988594+00:00
BACKTESTER-001,OracleStrategy-000,MESM6.GLBX,GLBX-1-820,MESM6.GLBX-OracleStrategy-000,GLBX-001,GLBX-1-820,MARKET,SELL,1,GTC,True,False,1,TAKER,6722.5,0.0,['0.00 USD'],NO_TRIGGER,FILLED,NO_CONTINGENCY,,,,MY_GENERIC_ALGO,,O-20260309-111205-001-000-1032,,30c9457f-60df-49aa-9fa4-d9a2258d21f7,2026-03-09 11:12:05.793629232+00:00,2026-03-09 11:12:05.793629232+00:00
BACKTESTER-001,OracleStrategy-000,MESM6.GLBX,GLBX-1-821,MESM6.GLBX-OracleStrategy-000,GLBX-001,GLBX-1-821,MARKET,SELL,1,GTC,False,False,1,TAKER,6722.5,0.0,['0.00 USD'],NO_TRIGGER,FILLED,NO_CONTINGENCY,,,,MY_GENERIC_ALGO,,O-20260309-111205-001-000-1033,,d08c6900-c2dd-4092-bb13-be6a0bfe3556,2026-03-09 11:12:05.793629232+00:00,2026-03-09 11:12:05.793629232+00:00
BACKTESTER-001,OracleStrategy-000,MESM6.GLBX,GLBX-1-822,MESM6.GLBX-OracleStrategy-000,GLBX-001,GLBX-1-822,MARKET,BUY,1,GTC,True,False,1,TAKER,6715.0,0.0,['0.00 USD'],NO_TRIGGER,FILLED,NO_CONTINGENCY,,,,MY_GENERIC_ALGO,,O-20260309-111639-001-000-1034,,e6302c38-a3a5-4e95-a112-9d172d3eb8ae,2026-03-09 11:16:39.061138896+00:00,2026-03-09 11:16:39.061138896+00:00
BACKTESTER-001,OracleStrategy-000,MESM6.GLBX,GLBX-1-823,MESM6.GLBX-OracleStrategy-000,GLBX-001,GLBX-1-823,MARKET,SELL,1,GTC,False,False,1,TAKER,6715.0,0.0,['0.00 USD'],NO_TRIGGER,FILLED,NO_CONTINGENCY,,,,MY_GENERIC_ALGO,,O-20260309-111934-001-000-1040,,6c8f9ccb-0a18-44ae-bc37-bf51b397e055,2026-03-09 11:19:34.492875437+00:00,2026-03-09 11:19:34.492875437+00:00
BACKTESTER-001,OracleStrategy-000,MESM6.GLBX,GLBX-1-824,MESM6.GLBX-OracleStrategy-000,GLBX-001,GLBX-1-824,MARKET,BUY,1,GTC,True,False,1,TAKER,6710.0,0.0,['0.00 USD'],NO_TRIGGER,FILLED,NO_CONTINGENCY,,,,MY_GENERIC_ALGO,,O-20260309-112101-001-000-1041,,c8b7b393-72ed-47a3-97e0-e0093963a3a4,2026-03-09 11:21:01.117994508+00:00,2026-03-09 11:21:01.117994508+00:00
BACKTESTER-001,OracleStrategy-000,MESM6.GLBX,GLBX-1-825,MESM6.GLBX-OracleStrategy-000,GLBX-001,GLBX-1-825,MARKET,BUY,1,GTC,False,False,1,TAKER,6710.0,0.0,['0.00 USD'],NO_TRIGGER,FILLED,NO_CONTINGENCY,,,,MY_GENERIC_ALGO,,O-20260309-112101-001-000-1042,,350a8b4b-07d8-4d6c-8477-f4fa7a49a4da,2026-03-09 11:21:01.117994508+00:00,2026-03-09 11:21:01.117994508+00:00
BACKTESTER-001,OracleStrategy-000,MESM6.GLBX,GLBX-1-826,MESM6.GLBX-OracleStrategy-000,GLBX-001,GLBX-1-826,MARKET,SELL,1,GTC,True,False,1,TAKER,6717.75,0.0,['0.00 USD'],NO_TRIGGER,FILLED,NO_CONTINGENCY,,,,MY_GENERIC_ALGO,,O-20260309-112418-001-000-1043,,d2b156fd-4e89-4b8d-b592-29cca8d4e4e0,2026-03-09 11:24:18.673892427+00:00,2026-03-09 11:24:18.673892427+00:00
BACKTESTER-001,OracleStrategy-000,MESM6.GLBX,GLBX-1-827,MESM6.GLBX-OracleStrategy-000,GLBX-001,GLBX-1-827,MARKET,SELL,1,GTC,False,False,1,TAKER,6717.75,0.0,['0.00 USD'],NO_TRIGGER,FILLED,NO_CONTINGENCY,,,,MY_GENERIC_ALGO,,O-20260309-112418-001-000-1044,,77bdd300-999f-4450-916d-7f2c960e04c3,2026-03-09 11:24:18.673892427+00:00,2026-03-09 11:24:18.673892427+00:00
BACKTESTER-001,OracleStrategy-000,MESM6.GLBX,GLBX-1-828,MESM6.GLBX-OracleStrategy-000,GLBX-001,GLBX-1-828,MARKET,BUY,1,GTC,True,False,1,TAKER,6717.5,0.0,['0.00 USD'],NO_TRIGGER,FILLED,NO_CONTINGENCY,,,,MY_GENERIC_ALGO,,O-20260309-112630-001-000-1045,,a02ec007-2028-4266-8a64-c5631ff943fa,2026-03-09 11:26:30.116816572+00:00,2026-03-09 11:26:30.116816572+00:00
BACKTESTER-001,OracleStrategy-000,MESM6.GLBX,GLBX-1-829,MESM6.GLBX-OracleStrategy-000,GLBX-001,GLBX-1-829,MARKET,BUY,1,GTC,False,False,1,TAKER,6717.5,0.0,['0.00 USD'],NO_TRIGGER,FILLED,NO_CONTINGENCY,,,,MY_GENERIC_ALGO,,O-20260309-112630-001-000-1046,,20a86371-5c60-4c24-8375-539e59dc7e46,2026-03-09 11:26:30.116816572+00:00,2026-03-09 11:26:30.116816572+00:00
BACKTESTER-001,OracleStrategy-000,MESM6.GLBX,GLBX-1-830,MESM6.GLBX-OracleStrategy-000,GLBX-001,GLBX-1-830,MARKET,SELL,1,GTC,True,False,1,TAKER,6718.75,0.0,['0.00 USD'],NO_TRIGGER,FILLED,NO_CONTINGENCY,,,,MY_GENERIC_ALGO,,O-20260309-112818-001-000-1047,,87d0e62e-1e77-44b8-a733-e22c05bb3781,2026-03-09 11:28:18.687094431+00:00,2026-03-09 11:28:18.687094431+00:00
BACKTESTER-001,OracleStrategy-000,MESM6.GLBX,GLBX-1-831,MESM6.GLBX-OracleStrategy-000,GLBX-001,GLBX-1-831,MARKET,SELL,1,GTC,False,False,1,TAKER,6718.75,0.0,['0.00 USD'],NO_TRIGGER,FILLED,NO_CONTINGENCY,,,,MY_GENERIC_ALGO,,O-20260309-112818-001-000-1048,,1ffafe79-b393-4acd-9a98-dc474649f492,2026-03-09 11:28:18.687094431+00:00,2026-03-09 11:28:18.687094431+00:00
BACKTESTER-001,OracleStrategy-000,MESM6.GLBX,GLBX-1-832,MESM6.GLBX-OracleStrategy-000,GLBX-001,GLBX-1-832,MARKET,BUY,1,GTC,True,False,1,TAKER,6713.0,0.0,['0.00 USD'],NO_TRIGGER,FILLED,NO_CONTINGENCY,,,,MY_GENERIC_ALGO,,O-20260309-113031-001-000-1049,,a6104114-2f76-45dc-a81a-2c18acf078c9,2026-03-09 11:30:31.441270117+00:00,2026-03-09 11:30:31.441270117+00:00
BACKTESTER-001,OracleStrategy-000,MESM6.GLBX,GLBX-1-833,MESM6.GLBX-OracleStrategy-000,GLBX-001,GLBX-1-833,MARKET,BUY,1,GTC,False,False,1,TAKER,6713.0,0.0,['0.00 USD'],NO_TRIGGER,FILLED,NO_CONTINGENCY,,,,MY_GENERIC_ALGO,,O-20260309-113031-001-000-1050,,b1c68fa5-b253-4801-8eb4-ec7408723779,2026-03-09 11:30:31.441270117+00:00,2026-03-09 11:30:31.441270117+00:00
BACKTESTER-001,OracleStrategy-000,MESM6.GLBX,GLBX-1-834,MESM6.GLBX-OracleStrategy-000,GLBX-001,GLBX-1-834,MARKET,SELL,1,GTC,True,False,1,TAKER,6715.25,0.0,['0.00 USD'],NO_TRIGGER,FILLED,NO_CONTINGENCY,,,,MY_GENERIC_ALGO,,O-20260309-113229-001-000-1051,,d6a0df14-0f16-44de-9ae3-055266056f19,2026-03-09 11:32:29.095126877+00:00,2026-03-09 11:32:29.095126877+00:00
BACKTESTER-001,OracleStrategy-000,MESM6.GLBX,GLBX-1-835,MESM6.GLBX-OracleStrategy-000,GLBX-001,GLBX-1-835,MARKET,SELL,1,GTC,False,False,1,TAKER,6715.25,0.0,['0.00 USD'],NO_TRIGGER,FILLED,NO_CONTINGENCY,,,,MY_GENERIC_ALGO,,O-20260309-113229-001-000-1052,,691c61cc-8df9-46ce-9e8b-8d9ea1e7f907,2026-03-09 11:32:29.095126877+00:00,2026-03-09 11:32:29.095126877+00:00
BACKTESTER-001,OracleStrategy-000,MESM6.GLBX,GLBX-1-836,MESM6.GLBX-OracleStrategy-000,GLBX-001,GLBX-1-836,MARKET,BUY,1,GTC,True,False,1,TAKER,6714.75,0.0,['0.00 USD'],NO_TRIGGER,FILLED,NO_CONTINGENCY,,,,MY_GENERIC_ALGO,,O-20260309-113343-001-000-1053,,b7ba51a2-af52-44e2-81f8-9c10e6eab3c1,2026-03-09 11:33:43.928660067+00:00,2026-03-09 11:33:43.928660067+00:00
BACKTESTER-001,OracleStrategy-000,MESM6.GLBX,GLBX-1-837,MESM6.GLBX-OracleStrategy-000,GLBX-001,GLBX-1-837,MARKET,BUY,1,GTC,False,False,1,TAKER,6714.75,0.0,['0.00 USD'],NO_TRIGGER,FILLED,NO_CONTINGENCY,,,,MY_GENERIC_ALGO,,O-20260309-113343-001-000-1054,,864a886d-e365-4a68-9731-6332e2711a42,2026-03-09 11:33:43.928660067+00:00,2026-03-09 11:33:43.928660067+00:00
BACKTESTER-001,OracleStrategy-000,MESM6.GLBX,GLBX-1-838,MESM6.GLBX-OracleStrategy-000,GLBX-001,GLBX-1-838,MARKET,SELL,1,GTC,True,False,1,TAKER,6726.0,0.0,['0.00 USD'],NO_TRIGGER,FILLED,NO_CONTINGENCY,,,,MY_GENERIC_ALGO,,O-20260309-113735-001-000-1055,,1e46e48f-4b79-4754-b6d6-758a476c090a,2026-03-09 11:37:35.608829539+00:00,2026-03-09 11:37:35.608829539+00:00
BACKTESTER-001,OracleStrategy-000,MESM6.GLBX,GLBX-1-839,MESM6.GLBX-OracleStrategy-000,GLBX-001,GLBX-1-839,MARKET,SELL,1,GTC,False,False,1,TAKER,6726.0,0.0,['0.00 USD'],NO_TRIGGER,FILLED,NO_CONTINGENCY,,,,MY_GENERIC_ALGO,,O-20260309-113750-001-000-1057,,3c8f3de6-7ef4-4529-970a-ba944e9fa432,2026-03-09 11:37:50.202369738+00:00,2026-03-09 11:37:50.202369738+00:00
BACKTESTER-001,OracleStrategy-000,MESM6.GLBX,GLBX-1-840,MESM6.GLBX-OracleStrategy-000,GLBX-001,GLBX-1-840,MARKET,BUY,1,GTC,True,False,1,TAKER,6716.5,0.0,['0.00 USD'],NO_TRIGGER,FILLED,NO_CONTINGENCY,,,,MY_GENERIC_ALGO,,O-20260309-114134-001-000-1058,,d8d7b24b-4067-4f4e-87c9-328859185cbe,2026-03-09 11:41:34.744282219+00:00,2026-03-09 11:41:34.744282219+00:00
BACKTESTER-001,OracleStrategy-000,MESM6.GLBX,GLBX-1-841,MESM6.GLBX-OracleStrategy-000,GLBX-001,GLBX-1-841,MARKET,SELL,1,GTC,False,False,1,TAKER,6720.0,0.0,['0.00 USD'],NO_TRIGGER,FILLED,NO_CONTINGENCY,,,,MY_GENERIC_ALGO,,O-20260309-114310-001-000-1060,,7552af33-fd4b-41fd-9963-98776d891c3b,2026-03-09 11:43:10.543404343+00:00,2026-03-09 11:43:10.543404343+00:00
BACKTESTER-001,OracleStrategy-000,MESM6.GLBX,GLBX-1-842,MESM6.GLBX-OracleStrategy-000,GLBX-001,GLBX-1-842,MARKET,BUY,1,GTC,True,False,1,TAKER,6718.5,0.0,['0.00 USD'],NO_TRIGGER,FILLED,NO_CONTINGENCY,,,,MY_GENERIC_ALGO,,O-20260309-114439-001-000-1061,,140f3a11-181e-4878-b20d-a879f4124037,2026-03-09 11:44:39.131708655+00:00,2026-03-09 11:44:39.131708655+00:00
BACKTESTER-001,OracleStrategy-000,MESM6.GLBX,GLBX-1-843,MESM6.GLBX-OracleStrategy-000,GLBX-001,GLBX-1-843,MARKET,BUY,1,GTC,False,False,1,TAKER,6718.5,0.0,['0.00 USD'],NO_TRIGGER,FILLED,NO_CONTINGENCY,,,,MY_GENERIC_ALGO,,O-20260309-114439-001-000-1062,,b55ec98f-52cb-4b56-829f-3bf9f4b457b7,2026-03-09 11:44:39.131708655+00:00,2026-03-09 11:44:39.131708655+00:00
BACKTESTER-001,OracleStrategy-000,MESM6.GLBX,GLBX-1-844,MESM6.GLBX-OracleStrategy-000,GLBX-001,GLBX-1-844,MARKET,SELL,1,GTC,True,False,1,TAKER,6722.0,0.0,['0.00 USD'],NO_TRIGGER,FILLED,NO_CONTINGENCY,,,,MY_GENERIC_ALGO,,O-20260309-114658-001-000-1063,,841cb7ef-30e4-4f6e-9071-9cff7eaf7d98,2026-03-09 11:46:58.826001904+00:00,2026-03-09 11:46:58.826001904+00:00
BACKTESTER-001,OracleStrategy-000,MESM6.GLBX,GLBX-1-845,MESM6.GLBX-OracleStrategy-000,GLBX-001,GLBX-1-845,MARKET,SELL,1,GTC,False,False,1,TAKER,6723.75,0.0,['0.00 USD'],NO_TRIGGER,FILLED,NO_CONTINGENCY,,,,MY_GENERIC_ALGO,,O-20260309-114728-001-000-1065,,6cd3f90f-75d9-4172-898e-1485fef212ee,2026-03-09 11:47:28.293948901+00:00,2026-03-09 11:47:28.293948901+00:00
BACKTESTER-001,OracleStrategy-000,MESM6.GLBX,GLBX-1-846,MESM6.GLBX-OracleStrategy-000,GLBX-001,GLBX-1-846,MARKET,BUY,1,GTC,True,False,1,TAKER,6715.5,0.0,['0.00 USD'],NO_TRIGGER,FILLED,NO_CONTINGENCY,,,,MY_GENERIC_ALGO,,O-20260309-115047-001-000-1066,,02b9caf7-e231-4498-a8f2-15d84b8e51c6,2026-03-09 11:50:47.313566634+00:00,2026-03-09 11:50:47.313566634+00:00
BACKTESTER-001,OracleStrategy-000,MESM6.GLBX,GLBX-1-847,MESM6.GLBX-OracleStrategy-000,GLBX-001,GLBX-1-847,MARKET,BUY,1,GTC,False,False,1,TAKER,6715.5,0.0,['0.00 USD'],NO_TRIGGER,FILLED,NO_CONTINGENCY,,,,MY_GENERIC_ALGO,,O-20260309-115047-001-000-1067,,6648b1c0-e80c-4faf-add1-7861eca41526,2026-03-09 11:50:47.313566634+00:00,2026-03-09 11:50:47.313566634+00:00
BACKTESTER-001,OracleStrategy-000,MESM6.GLBX,GLBX-1-848,MESM6.GLBX-OracleStrategy-000,GLBX-001,GLBX-1-848,MARKET,SELL,1,GTC,True,False,1,TAKER,6723.75,0.0,['0.00 USD'],NO_TRIGGER,FILLED,NO_CONTINGENCY,,,,MY_GENERIC_ALGO,,O-20260309-115401-001-000-1068,,8c11daab-eac9-4e39-b4d5-1e3929ce3e6e,2026-03-09 11:54:01.611549485+00:00,2026-03-09 11:54:01.611549485+00:00
BACKTESTER-001,OracleStrategy-000,MESM6.GLBX,GLBX-1-849,MESM6.GLBX-OracleStrategy-000,GLBX-001,GLBX-1-849,MARKET,SELL,1,GTC,False,False,1,TAKER,6723.75,0.0,['0.00 USD'],NO_TRIGGER,FILLED,NO_CONTINGENCY,,,,MY_GENERIC_ALGO,,O-20260309-115401-001-000-1069,,d981161e-ce0e-4d9b-8b1b-79fe13c7ea07,2026-03-09 11:54:01.611549485+00:00,2026-03-09 11:54:01.611549485+00:00
BACKTESTER-001,OracleStrategy-000,MESM6.GLBX,GLBX-1-850,MESM6.GLBX-OracleStrategy-000,GLBX-001,GLBX-1-850,MARKET,BUY,1,GTC,True,False,1,TAKER,6718.5,0.0,['0.00 USD'],NO_TRIGGER,FILLED,NO_CONTINGENCY,,,,MY_GENERIC_ALGO,,O-20260309-115804-001-000-1070,,e8e795b9-813a-44a8-830e-656bf242a8ed,2026-03-09 11:58:04.090586992+00:00,2026-03-09 11:58:04.090586992+00:00
BACKTESTER-001,OracleStrategy-000,MESM6.GLBX,GLBX-1-851,MESM6.GLBX-OracleStrategy-000,GLBX-001,GLBX-1-851,MARKET,BUY,1,GTC,False,False,1,TAKER,6718.5,0.0,['0.00 USD'],NO_TRIGGER,FILLED,NO_CONTINGENCY,,,,MY_GENERIC_ALGO,,O-20260309-115804-001-000-1071,,5e81c4bd-72bd-4715-8281-51d57f7fa434,2026-03-09 11:58:04.090586992+00:00,2026-03-09 11:58:04.090586992+00:00
BACKTESTER-001,OracleStrategy-000,MESM6.GLBX,GLBX-1-852,MESM6.GLBX-OracleStrategy-000,GLBX-001,GLBX-1-852,MARKET,SELL,1,GTC,True,False,1,TAKER,6718.25,0.0,['0.00 USD'],NO_TRIGGER,FILLED,NO_CONTINGENCY,,,,MY_GENERIC_ALGO,,O-20260309-115823-001-000-1072,,921a3f39-74d1-43e9-92b3-f355ab74f7e4,2026-03-09 11:58:23.272448823+00:00,2026-03-09 11:58:23.272448823+00:00
BACKTESTER-001,OracleStrategy-000,MESM6.GLBX,GLBX-1-853,MESM6.GLBX-OracleStrategy-000,GLBX-001,GLBX-1-853,MARKET,SELL,1,GTC,False,False,1,TAKER,6718.25,0.0,['0.00 USD'],NO_TRIGGER,FILLED,NO_CONTINGENCY,,,,MY_GENERIC_ALGO,,O-20260309-115823-001-000-1073,,44589e44-471c-40b3-b8e2-aedc82b9bc18,2026-03-09 11:58:23.272448823+00:00,2026-03-09 11:58:23.272448823+00:00
BACKTESTER-001,OracleStrategy-000,MESM6.GLBX,GLBX-1-854,MESM6.GLBX-OracleStrategy-000,GLBX-001,GLBX-1-854,MARKET,BUY,1,GTC,True,False,1,TAKER,6717.0,0.0,['0.00 USD'],NO_TRIGGER,FILLED,NO_CONTINGENCY,,,,MY_GENERIC_ALGO,,O-20260309-115925-001-000-1074,,56b6c5c6-9c0e-46cc-a75e-fba5ba15c2b5,2026-03-09 11:59:25.864318493+00:00,2026-03-09 11:59:25.864318493+00:00
BACKTESTER-001,OracleStrategy-000,MESM6.GLBX,GLBX-1-855,MESM6.GLBX-OracleStrategy-000,GLBX-001,GLBX-1-855,MARKET,BUY,1,GTC,False,False,1,TAKER,6717.0,0.0,['0.00 USD'],NO_TRIGGER,FILLED,NO_CONTINGENCY,,,,MY_GENERIC_ALGO,,O-20260309-115925-001-000-1075,,ce75f856-c15b-412a-a3ff-44b4d0afca93,2026-03-09 11:59:25.864318493+00:00,2026-03-09 11:59:25.864318493+00:00
BACKTESTER-001,OracleStrategy-000,MESM6.GLBX,GLBX-1-856,MESM6.GLBX-OracleStrategy-000,GLBX-001,GLBX-1-856,MARKET,SELL,1,GTC,True,False,1,TAKER,6731.0,0.0,['0.00 USD'],NO_TRIGGER,FILLED,NO_CONTINGENCY,,,,MY_GENERIC_ALGO,,O-20260309-120657-001-000-1076,,1e27074d-6675-458c-acb7-6a5a848cdc4d,2026-03-09 12:06:57.764796849+00:00,2026-03-09 12:06:57.764796849+00:00
BACKTESTER-001,OracleStrategy-000,MESM6.GLBX,GLBX-1-857,MESM6.GLBX-OracleStrategy-000,GLBX-001,GLBX-1-857,MARKET,SELL,1,GTC,False,False,1,TAKER,6731.0,0.0,['0.00 USD'],NO_TRIGGER,FILLED,NO_CONTINGENCY,,,,MY_GENERIC_ALGO,,O-20260309-120657-001-000-1077,,d6c96674-43e0-4c11-9bbd-f0b78634e47b,2026-03-09 12:06:57.764796849+00:00,2026-03-09 12:06:57.764796849+00:00
BACKTESTER-001,OracleStrategy-000,MESM6.GLBX,GLBX-1-858,MESM6.GLBX-OracleStrategy-000,GLBX-001,GLBX-1-858,MARKET,BUY,1,GTC,True,False,1,TAKER,6725.75,0.0,['0.00 USD'],NO_TRIGGER,FILLED,NO_CONTINGENCY,,,,MY_GENERIC_ALGO,,O-20260309-120835-001-000-1078,,5e619451-3042-453d-a8a7-9900663ef855,2026-03-09 12:08:35.778719248+00:00,2026-03-09 12:08:35.778719248+00:00
BACKTESTER-001,OracleStrategy-000,MESM6.GLBX,GLBX-1-859,MESM6.GLBX-OracleStrategy-000,GLBX-001,GLBX-1-859,MARKET,BUY,1,GTC,False,False,1,TAKER,6725.75,0.0,['0.00 USD'],NO_TRIGGER,FILLED,NO_CONTINGENCY,,,,MY_GENERIC_ALGO,,O-20260309-120835-001-000-1079,,6a6ab421-ead0-4e17-8f51-2b25e7106f9f,2026-03-09 12:08:35.778719248+00:00,2026-03-09 12:08:35.778719248+00:00
BACKTESTER-001,OracleStrategy-000,MESM6.GLBX,GLBX-1-860,MESM6.GLBX-OracleStrategy-000,GLBX-001,GLBX-1-860,MARKET,SELL,1,GTC,True,False,1,TAKER,6726.75,0.0,['0.00 USD'],NO_TRIGGER,FILLED,NO_CONTINGENCY,,,,MY_GENERIC_ALGO,,O-20260309-121023-001-000-1080,,3f6b5049-4112-4260-9f40-084507e06c0e,2026-03-09 12:10:23.079889968+00:00,2026-03-09 12:10:23.079889968+00:00
BACKTESTER-001,OracleStrategy-000,MESM6.GLBX,GLBX-1-861,MESM6.GLBX-OracleStrategy-000,GLBX-001,GLBX-1-861,MARKET,SELL,1,GTC,False,False,1,TAKER,6726.75,0.0,['0.00 USD'],NO_TRIGGER,FILLED,NO_CONTINGENCY,,,,MY_GENERIC_ALGO,,O-20260309-121023-001-000-1081,,6946ce9a-9b78-4395-8758-33c2c0b8104e,2026-03-09 12:10:23.079889968+00:00,2026-03-09 12:10:23.079889968+00:00
BACKTESTER-001,OracleStrategy-000,MESM6.GLBX,GLBX-1-862,MESM6.GLBX-OracleStrategy-000,GLBX-001,GLBX-1-862,MARKET,BUY,1,GTC,True,False,1,TAKER,6725.25,0.0,['0.00 USD'],NO_TRIGGER,FILLED,NO_CONTINGENCY,,,,MY_GENERIC_ALGO,,O-20260309-121109-001-000-1082,,9a856b5d-075d-4e24-82b8-b2882ded3a27,2026-03-09 12:11:09.660431595+00:00,2026-03-09 12:11:09.660431595+00:00
BACKTESTER-001,OracleStrategy-000,MESM6.GLBX,GLBX-1-863,MESM6.GLBX-OracleStrategy-000,GLBX-001,GLBX-1-863,MARKET,BUY,1,GTC,False,False,1,TAKER,6725.25,0.0,['0.00 USD'],NO_TRIGGER,FILLED,NO_CONTINGENCY,,,,MY_GENERIC_ALGO,,O-20260309-121109-001-000-1083,,b99ad063-ac13-402e-ab79-d88cb46adeee,2026-03-09 12:11:09.660431595+00:00,2026-03-09 12:11:09.660431595+00:00
BACKTESTER-001,OracleStrategy-000,MESM6.GLBX,GLBX-1-864,MESM6.GLBX-OracleStrategy-000,GLBX-001,GLBX-1-864,MARKET,SELL,1,GTC,True,False,1,TAKER,6727.5,0.0,['0.00 USD'],NO_TRIGGER,FILLED,NO_CONTINGENCY,,,,MY_GENERIC_ALGO,,O-20260309-121239-001-000-1084,,bb6283ff-2fd9-4204-9c25-01f9dcc99ad8,2026-03-09 12:12:39.880371730+00:00,2026-03-09 12:12:39.880371730+00:00
BACKTESTER-001,OracleStrategy-000,MESM6.GLBX,GLBX-1-865,MESM6.GLBX-OracleStrategy-000,GLBX-001,GLBX-1-865,MARKET,BUY,1,GTC,False,False,1,TAKER,6726.0,0.0,['0.00 USD'],NO_TRIGGER,FILLED,NO_CONTINGENCY,,,,MY_GENERIC_ALGO,,O-20260309-121324-001-000-1086,,51af9080-4f61-4b1d-9265-9f1206cbc78c,2026-03-09 12:13:24.209926198+00:00,2026-03-09 12:13:24.209926198+00:00
BACKTESTER-001,OracleStrategy-000,MESM6.GLBX,GLBX-1-866,MESM6.GLBX-OracleStrategy-000,GLBX-001,GLBX-1-866,MARKET,SELL,1,GTC,True,False,1,TAKER,6728.25,0.0,['0.00 USD'],NO_TRIGGER,FILLED,NO_CONTINGENCY,,,,MY_GENERIC_ALGO,,O-20260309-121348-001-000-1087,,af895f67-c6bb-47c4-8071-e9173b65e636,2026-03-09 12:13:48.780196061+00:00,2026-03-09 12:13:48.780196061+00:00
BACKTESTER-001,OracleStrategy-000,MESM6.GLBX,GLBX-1-867,MESM6.GLBX-OracleStrategy-000,GLBX-001,GLBX-1-867,MARKET,BUY,1,GTC,False,False,1,TAKER,6727.75,0.0,['0.00 USD'],NO_TRIGGER,FILLED,NO_CONTINGENCY,,,,MY_GENERIC_ALGO,,O-20260309-121354-001-000-1090,,467306cc-241e-42d8-8733-87853342b9f9,2026-03-09 12:13:54.876648438+00:00,2026-03-09 12:13:54.876648438+00:00
BACKTESTER-001,OracleStrategy-000,MESM6.GLBX,GLBX-1-868,MESM6.GLBX-OracleStrategy-000,GLBX-001,GLBX-1-868,MARKET,SELL,1,GTC,True,False,1,TAKER,6733.75,0.0,['0.00 USD'],NO_TRIGGER,FILLED,NO_CONTINGENCY,,,,MY_GENERIC_ALGO,,O-20260309-121642-001-000-1091,,a7fd40d0-e6aa-4052-b62f-b08409546403,2026-03-09 12:16:42.622199315+00:00,2026-03-09 12:16:42.622199315+00:00
BACKTESTER-001,OracleStrategy-000,MESM6.GLBX,GLBX-1-869,MESM6.GLBX-OracleStrategy-000,GLBX-001,GLBX-1-869,MARKET,SELL,1,GTC,False,False,1,TAKER,6733.75,0.0,['0.00 USD'],NO_TRIGGER,FILLED,NO_CONTINGENCY,,,,MY_GENERIC_ALGO,,O-20260309-121642-001-000-1092,,0f9558c0-784b-4753-88e7-c462276cf3c9,2026-03-09 12:16:42.622199315+00:00,2026-03-09 12:16:42.622199315+00:00
BACKTESTER-001,OracleStrategy-000,MESM6.GLBX,GLBX-1-870,MESM6.GLBX-OracleStrategy-000,GLBX-001,GLBX-1-870,MARKET,BUY,1,GTC,True,False,1,TAKER,6730.5,0.0,['0.00 USD'],NO_TRIGGER,FILLED,NO_CONTINGENCY,,,,MY_GENERIC_ALGO,,O-20260309-121756-001-000-1093,,42450d82-2c4c-450a-a811-8ed631b8c98f,2026-03-09 12:17:56.215516306+00:00,2026-03-09 12:17:56.215516306+00:00
BACKTESTER-001,OracleStrategy-000,MESM6.GLBX,GLBX-1-871,MESM6.GLBX-OracleStrategy-000,GLBX-001,GLBX-1-871,MARKET,SELL,1,GTC,False,False,1,TAKER,6731.75,0.0,['0.00 USD'],NO_TRIGGER,FILLED,NO_CONTINGENCY,,,,MY_GENERIC_ALGO,,O-20260309-121815-001-000-1096,,e008ed97-04b3-4980-863b-cdd94ccbc97b,2026-03-09 12:18:15.730408987+00:00,2026-03-09 12:18:15.730408987+00:00
BACKTESTER-001,OracleStrategy-000,MESM6.GLBX,GLBX-1-872,MESM6.GLBX-OracleStrategy-000,GLBX-001,GLBX-1-872,MARKET,BUY,1,GTC,True,False,1,TAKER,6731.75,0.0,['0.00 USD'],NO_TRIGGER,FILLED,NO_CONTINGENCY,,,,MY_GENERIC_ALGO,,O-20260309-121930-001-000-1097,,4be80702-41d0-465b-89ad-c638fa4ada27,2026-03-09 12:19:30.592854362+00:00,2026-03-09 12:19:30.592854362+00:00
BACKTESTER-001,OracleStrategy-000,MESM6.GLBX,GLBX-1-873,MESM6.GLBX-OracleStrategy-000,GLBX-001,GLBX-1-873,MARKET,SELL,1,GTC,False,False,1,TAKER,6736.5,0.0,['0.00 USD'],NO_TRIGGER,FILLED,NO_CONTINGENCY,,,,MY_GENERIC_ALGO,,O-20260309-122043-001-000-1100,,8e24e5dd-0e82-4836-906d-4874efb0e2e4,2026-03-09 12:20:43.367277615+00:00,2026-03-09 12:20:43.367277615+00:00
BACKTESTER-001,OracleStrategy-000,MESM6.GLBX,GLBX-1-874,MESM6.GLBX-OracleStrategy-000,GLBX-001,GLBX-1-874,MARKET,BUY,1,GTC,True,False,1,TAKER,6733.25,0.0,['0.00 USD'],NO_TRIGGER,FILLED,NO_CONTINGENCY,,,,MY_GENERIC_ALGO,,O-20260309-122119-001-000-1101,,71cb5e2a-84d7-4bab-a993-bbd63940ae96,2026-03-09 12:21:19.646121282+00:00,2026-03-09 12:21:19.646121282+00:00
BACKTESTER-001,OracleStrategy-000,MESM6.GLBX,GLBX-1-875,MESM6.GLBX-OracleStrategy-000,GLBX-001,GLBX-1-875,MARKET,BUY,1,GTC,False,False,1,TAKER,6733.25,0.0,['0.00 USD'],NO_TRIGGER,FILLED,NO_CONTINGENCY,,,,MY_GENERIC_ALGO,,O-20260309-122119-001-000-1102,,fb65655c-334e-4e61-9278-4d0376fdc01a,2026-03-09 12:21:19.646121282+00:00,2026-03-09 12:21:19.646121282+00:00
BACKTESTER-001,OracleStrategy-000,MESM6.GLBX,GLBX-1-876,MESM6.GLBX-OracleStrategy-000,GLBX-001,GLBX-1-876,MARKET,SELL,1,GTC,True,False,1,TAKER,6735.25,0.0,['0.00 USD'],NO_TRIGGER,FILLED,NO_CONTINGENCY,,,,MY_GENERIC_ALGO,,O-20260309-122302-001-000-1103,,138bfac9-c271-4d71-b75d-3b787449ecc6,2026-03-09 12:23:02.655130826+00:00,2026-03-09 12:23:02.655130826+00:00
BACKTESTER-001,OracleStrategy-000,MESM6.GLBX,GLBX-1-877,MESM6.GLBX-OracleStrategy-000,GLBX-001,GLBX-1-877,MARKET,SELL,1,GTC,False,False,1,TAKER,6735.25,0.0,['0.00 USD'],NO_TRIGGER,FILLED,NO_CONTINGENCY,,,,MY_GENERIC_ALGO,,O-20260309-122302-001-000-1104,,95b404f9-37f3-411f-9420-f142bb05282b,2026-03-09 12:23:02.655130826+00:00,2026-03-09 12:23:02.655130826+00:00
BACKTESTER-001,OracleStrategy-000,MESM6.GLBX,GLBX-1-878,MESM6.GLBX-OracleStrategy-000,GLBX-001,GLBX-1-878,MARKET,BUY,1,GTC,True,False,1,TAKER,6734.75,0.0,['0.00 USD'],NO_TRIGGER,FILLED,NO_CONTINGENCY,,,,MY_GENERIC_ALGO,,O-20260309-122357-001-000-1105,,dc7b307a-c65e-47d9-bf27-7484a295796f,2026-03-09 12:23:57.135576248+00:00,2026-03-09 12:23:57.135576248+00:00
BACKTESTER-001,OracleStrategy-000,MESM6.GLBX,GLBX-1-879,MESM6.GLBX-OracleStrategy-000,GLBX-001,GLBX-1-879,MARKET,BUY,1,GTC,False,False,1,TAKER,6734.75,0.0,['0.00 USD'],NO_TRIGGER,FILLED,NO_CONTINGENCY,,,,MY_GENERIC_ALGO,,O-20260309-122357-001-000-1106,,a8f99a89-3e42-4a88-9993-dd1e683e9c74,2026-03-09 12:23:57.135576248+00:00,2026-03-09 12:23:57.135576248+00:00
BACKTESTER-001,OracleStrategy-000,MESM6.GLBX,GLBX-1-880,MESM6.GLBX-OracleStrategy-000,GLBX-001,GLBX-1-880,MARKET,SELL,1,GTC,True,False,1,TAKER,6737.0,0.0,['0.00 USD'],NO_TRIGGER,FILLED,NO_CONTINGENCY,,,,MY_GENERIC_ALGO,,O-20260309-122455-001-000-1107,,35312179-2b12-4932-85d4-67f25721a6fb,2026-03-09 12:24:55.653999019+00:00,2026-03-09 12:24:55.653999019+00:00
BACKTESTER-001,OracleStrategy-000,MESM6.GLBX,GLBX-1-881,MESM6.GLBX-OracleStrategy-000,GLBX-001,GLBX-1-881,MARKET,SELL,1,GTC,False,False,1,TAKER,6737.0,0.0,['0.00 USD'],NO_TRIGGER,FILLED,NO_CONTINGENCY,,,,MY_GENERIC_ALGO,,O-20260309-122455-001-000-1108,,1ee1a326-e80b-43db-9aa4-b2e8c5ddd4d1,2026-03-09 12:24:55.653999019+00:00,2026-03-09 12:24:55.653999019+00:00
BACKTESTER-001,OracleStrategy-000,MESM6.GLBX,GLBX-1-882,MESM6.GLBX-OracleStrategy-000,GLBX-001,GLBX-1-882,MARKET,BUY,1,GTC,True,False,1,TAKER,6732.25,0.0,['0.00 USD'],NO_TRIGGER,FILLED,NO_CONTINGENCY,,,,MY_GENERIC_ALGO,,O-20260309-122739-001-000-1109,,2bb5dfed-18a0-48bf-9372-fa3bba2be10d,2026-03-09 12:27:39.393958274+00:00,2026-03-09 12:27:39.393958274+00:00
BACKTESTER-001,OracleStrategy-000,MESM6.GLBX,GLBX-1-883,MESM6.GLBX-OracleStrategy-000,GLBX-001,GLBX-1-883,MARKET,BUY,1,GTC,False,False,1,TAKER,6732.25,0.0,['0.00 USD'],NO_TRIGGER,FILLED,NO_CONTINGENCY,,,,MY_GENERIC_ALGO,,O-20260309-122739-001-000-1110,,97522328-23c2-400e-a668-3571905f60f7,2026-03-09 12:27:39.393958274+00:00,2026-03-09 12:27:39.393958274+00:00
BACKTESTER-001,OracleStrategy-000,MESM6.GLBX,GLBX-1-884,MESM6.GLBX-OracleStrategy-000,GLBX-001,GLBX-1-884,MARKET,SELL,1,GTC,True,False,1,TAKER,6737.5,0.0,['0.00 USD'],NO_TRIGGER,FILLED,NO_CONTINGENCY,,,,MY_GENERIC_ALGO,,O-20260309-123002-001-000-1111,,e8f7e216-9dab-41ed-808b-6a8b4f658d03,2026-03-09 12:30:02.468879671+00:00,2026-03-09 12:30:02.468879671+00:00
BACKTESTER-001,OracleStrategy-000,MESM6.GLBX,GLBX-1-885,MESM6.GLBX-OracleStrategy-000,GLBX-001,GLBX-1-885,MARKET,SELL,1,GTC,False,False,1,TAKER,6737.5,0.0,['0.00 USD'],NO_TRIGGER,FILLED,NO_CONTINGENCY,,,,MY_GENERIC_ALGO,,O-20260309-123002-001-000-1112,,02604431-2505-4e26-9043-118ce8e9dcc2,2026-03-09 12:30:02.468879671+00:00,2026-03-09 12:30:02.468879671+00:00
BACKTESTER-001,OracleStrategy-000,MESM6.GLBX,GLBX-1-886,MESM6.GLBX-OracleStrategy-000,GLBX-001,GLBX-1-886,MARKET,BUY,1,GTC,True,False,1,TAKER,6736.25,0.0,['0.00 USD'],NO_TRIGGER,FILLED,NO_CONTINGENCY,,,,MY_GENERIC_ALGO,,O-20260309-123023-001-000-1113,,3ce176f8-66e3-4456-a1a9-5fdebd230d73,2026-03-09 12:30:23.636107679+00:00,2026-03-09 12:30:23.636107679+00:00
BACKTESTER-001,OracleStrategy-000,MESM6.GLBX,GLBX-1-887,MESM6.GLBX-OracleStrategy-000,GLBX-001,GLBX-1-887,MARKET,BUY,1,GTC,False,False,1,TAKER,6736.25,0.0,['0.00 USD'],NO_TRIGGER,FILLED,NO_CONTINGENCY,,,,MY_GENERIC_ALGO,,O-20260309-123023-001-000-1114,,724f4f4f-531e-49cd-a2d6-3bf94a3767ad,2026-03-09 12:30:23.636107679+00:00,2026-03-09 12:30:23.636107679+00:00
BACKTESTER-001,OracleStrategy-000,MESM6.GLBX,GLBX-1-888,MESM6.GLBX-OracleStrategy-000,GLBX-001,GLBX-1-888,MARKET,SELL,1,GTC,True,False,1,TAKER,6737.5,0.0,['0.00 USD'],NO_TRIGGER,FILLED,NO_CONTINGENCY,,,,MY_GENERIC_ALGO,,O-20260309-123154-001-000-1115,,a06a50f7-3277-489a-8c06-edd96f8d3a85,2026-03-09 12:31:54.426275264+00:00,2026-03-09 12:31:54.426275264+00:00
BACKTESTER-001,OracleStrategy-000,MESM6.GLBX,GLBX-1-889,MESM6.GLBX-OracleStrategy-000,GLBX-001,GLBX-1-889,MARKET,SELL,1,GTC,False,False,1,TAKER,6737.5,0.0,['0.00 USD'],NO_TRIGGER,FILLED,NO_CONTINGENCY,,,,MY_GENERIC_ALGO,,O-20260309-123154-001-000-1116,,33b6e8f0-f4eb-49d5-b199-6e80c66226a8,2026-03-09 12:31:54.426275264+00:00,2026-03-09 12:31:54.426275264+00:00
BACKTESTER-001,OracleStrategy-000,MESM6.GLBX,GLBX-1-890,MESM6.GLBX-OracleStrategy-000,GLBX-001,GLBX-1-890,MARKET,BUY,1,GTC,True,False,1,TAKER,6728.75,0.0,['0.00 USD'],NO_TRIGGER,FILLED,NO_CONTINGENCY,,,,MY_GENERIC_ALGO,,O-20260309-123431-001-000-1117,,eb2b229f-7918-4750-a7dc-9371574d77a8,2026-03-09 12:34:31.675410687+00:00,2026-03-09 12:34:31.675410687+00:00
BACKTESTER-001,OracleStrategy-000,MESM6.GLBX,GLBX-1-891,MESM6.GLBX-OracleStrategy-000,GLBX-001,GLBX-1-891,MARKET,BUY,1,GTC,False,False,1,TAKER,6728.75,0.0,['0.00 USD'],NO_TRIGGER,FILLED,NO_CONTINGENCY,,,,MY_GENERIC_ALGO,,O-20260309-123431-001-000-1118,,30289f46-6cb4-4eba-9779-57b4fac13a97,2026-03-09 12:34:31.675410687+00:00,2026-03-09 12:34:31.675410687+00:00
BACKTESTER-001,OracleStrategy-000,MESM6.GLBX,GLBX-1-892,MESM6.GLBX-OracleStrategy-000,GLBX-001,GLBX-1-892,MARKET,SELL,1,GTC,True,False,1,TAKER,6727.5,0.0,['0.00 USD'],NO_TRIGGER,FILLED,NO_CONTINGENCY,,,,MY_GENERIC_ALGO,,O-20260309-123524-001-000-1119,,0d08d251-8720-4f92-a646-dd30d7e626c2,2026-03-09 12:35:24.498993871+00:00,2026-03-09 12:35:24.498993871+00:00
BACKTESTER-001,OracleStrategy-000,MESM6.GLBX,GLBX-1-893,MESM6.GLBX-OracleStrategy-000,GLBX-001,GLBX-1-893,MARKET,SELL,1,GTC,False,False,1,TAKER,6727.5,0.0,['0.00 USD'],NO_TRIGGER,FILLED,NO_CONTINGENCY,,,,MY_GENERIC_ALGO,,O-20260309-123524-001-000-1120,,e2017994-67b4-4ec6-8601-eb4a4128eb31,2026-03-09 12:35:24.498993871+00:00,2026-03-09 12:35:24.498993871+00:00
BACKTESTER-001,OracleStrategy-000,MESM6.GLBX,GLBX-1-894,MESM6.GLBX-OracleStrategy-000,GLBX-001,GLBX-1-894,MARKET,BUY,1,GTC,True,False,1,TAKER,6725.75,0.0,['0.00 USD'],NO_TRIGGER,FILLED,NO_CONTINGENCY,,,,MY_GENERIC_ALGO,,O-20260309-123605-001-000-1121,,a530b628-f738-4248-883a-c0c92cc251cd,2026-03-09 12:36:05.025367474+00:00,2026-03-09 12:36:05.025367474+00:00
BACKTESTER-001,OracleStrategy-000,MESM6.GLBX,GLBX-1-895,MESM6.GLBX-OracleStrategy-000,GLBX-001,GLBX-1-895,MARKET,BUY,1,GTC,False,False,1,TAKER,6725.75,0.0,['0.00 USD'],NO_TRIGGER,FILLED,NO_CONTINGENCY,,,,MY_GENERIC_ALGO,,O-20260309-123605-001-000-1122,,d6f2a2f5-fcfe-4e2d-8354-355de0c69244,2026-03-09 12:36:05.025367474+00:00,2026-03-09 12:36:05.025367474+00:00
BACKTESTER-001,OracleStrategy-000,MESM6.GLBX,GLBX-1-896,MESM6.GLBX-OracleStrategy-000,GLBX-001,GLBX-1-896,MARKET,SELL,1,GTC,True,False,1,TAKER,6728.0,0.0,['0.00 USD'],NO_TRIGGER,FILLED,NO_CONTINGENCY,,,,MY_GENERIC_ALGO,,O-20260309-123652-001-000-1123,,bc18cd29-2a65-4a6f-9e7a-491f2cdae987,2026-03-09 12:36:52.385469565+00:00,2026-03-09 12:36:52.385469565+00:00
BACKTESTER-001,OracleStrategy-000,MESM6.GLBX,GLBX-1-897,MESM6.GLBX-OracleStrategy-000,GLBX-001,GLBX-1-897,MARKET,SELL,1,GTC,False,False,1,TAKER,6728.0,0.0,['0.00 USD'],NO_TRIGGER,FILLED,NO_CONTINGENCY,,,,MY_GENERIC_ALGO,,O-20260309-123652-001-000-1124,,d41068fc-1447-4774-8975-8cfefdfebb80,2026-03-09 12:36:52.385469565+00:00,2026-03-09 12:36:52.385469565+00:00
BACKTESTER-001,OracleStrategy-000,MESM6.GLBX,GLBX-1-898,MESM6.GLBX-OracleStrategy-000,GLBX-001,GLBX-1-898,MARKET,BUY,1,GTC,True,False,1,TAKER,6725.75,0.0,['0.00 USD'],NO_TRIGGER,FILLED,NO_CONTINGENCY,,,,MY_GENERIC_ALGO,,O-20260309-123755-001-000-1125,,80bfa968-517f-42b1-958b-aeb9938c0383,2026-03-09 12:37:55.009354251+00:00,2026-03-09 12:37:55.009354251+00:00
BACKTESTER-001,OracleStrategy-000,MESM6.GLBX,GLBX-1-899,MESM6.GLBX-OracleStrategy-000,GLBX-001,GLBX-1-899,MARKET,BUY,1,GTC,False,False,1,TAKER,6725.75,0.0,['0.00 USD'],NO_TRIGGER,FILLED,NO_CONTINGENCY,,,,MY_GENERIC_ALGO,,O-20260309-123755-001-000-1126,,2ee4e65e-2e20-4fcb-8aad-f477cbcf8cf1,2026-03-09 12:37:55.009354251+00:00,2026-03-09 12:37:55.009354251+00:00
BACKTESTER-001,OracleStrategy-000,MESM6.GLBX,GLBX-1-900,MESM6.GLBX-OracleStrategy-000,GLBX-001,GLBX-1-900,MARKET,SELL,1,GTC,True,False,1,TAKER,6724.5,0.0,['0.00 USD'],NO_TRIGGER,FILLED,NO_CONTINGENCY,,,,MY_GENERIC_ALGO,,O-20260309-123852-001-000-1127,,debcda13-12b1-478a-94d6-61a5774edead,2026-03-09 12:38:52.440399075+00:00,2026-03-09 12:38:52.440399075+00:00
BACKTESTER-001,OracleStrategy-000,MESM6.GLBX,GLBX-1-901,MESM6.GLBX-OracleStrategy-000,GLBX-001,GLBX-1-901,MARKET,SELL,1,GTC,False,False,1,TAKER,6724.5,0.0,['0.00 USD'],NO_TRIGGER,FILLED,NO_CONTINGENCY,,,,MY_GENERIC_ALGO,,O-20260309-123852-001-000-1128,,7f9bc849-fe19-40cb-b822-9b95eee306b1,2026-03-09 12:38:52.440399075+00:00,2026-03-09 12:38:52.440399075+00:00
BACKTESTER-001,OracleStrategy-000,MESM6.GLBX,GLBX-1-902,MESM6.GLBX-OracleStrategy-000,GLBX-001,GLBX-1-902,MARKET,BUY,1,GTC,True,False,1,TAKER,6720.5,0.0,['0.00 USD'],NO_TRIGGER,FILLED,NO_CONTINGENCY,,,,MY_GENERIC_ALGO,,O-20260309-124041-001-000-1129,,48ccae4c-3198-4b0e-89b6-0b2051aa62b9,2026-03-09 12:40:41.574836597+00:00,2026-03-09 12:40:41.574836597+00:00
BACKTESTER-001,OracleStrategy-000,MESM6.GLBX,GLBX-1-903,MESM6.GLBX-OracleStrategy-000,GLBX-001,GLBX-1-903,MARKET,BUY,1,GTC,False,False,1,TAKER,6720.5,0.0,['0.00 USD'],NO_TRIGGER,FILLED,NO_CONTINGENCY,,,,MY_GENERIC_ALGO,,O-20260309-124041-001-000-1130,,0cc5827e-9324-4b76-8265-51c4981624e3,2026-03-09 12:40:41.574836597+00:00,2026-03-09 12:40:41.574836597+00:00
BACKTESTER-001,OracleStrategy-000,MESM6.GLBX,GLBX-1-904,MESM6.GLBX-OracleStrategy-000,GLBX-001,GLBX-1-904,MARKET,SELL,1,GTC,True,False,1,TAKER,6720.5,0.0,['0.00 USD'],NO_TRIGGER,FILLED,NO_CONTINGENCY,,,,MY_GENERIC_ALGO,,O-20260309-124149-001-000-1131,,c015813e-6e05-4fa0-b81d-4570e1f6d209,2026-03-09 12:41:49.284611212+00:00,2026-03-09 12:41:49.284611212+00:00
BACKTESTER-001,OracleStrategy-000,MESM6.GLBX,GLBX-1-905,MESM6.GLBX-OracleStrategy-000,GLBX-001,GLBX-1-905,MARKET,SELL,1,GTC,False,False,1,TAKER,6720.5,0.0,['0.00 USD'],NO_TRIGGER,FILLED,NO_CONTINGENCY,,,,MY_GENERIC_ALGO,,O-20260309-124149-001-000-1132,,50ad368d-e306-4dce-98ad-508c752a9f5e,2026-03-09 12:41:49.284611212+00:00,2026-03-09 12:41:49.284611212+00:00
BACKTESTER-001,OracleStrategy-000,MESM6.GLBX,GLBX-1-906,MESM6.GLBX-OracleStrategy-000,GLBX-001,GLBX-1-906,MARKET,BUY,1,GTC,True,False,1,TAKER,6715.75,0.0,['0.00 USD'],NO_TRIGGER,FILLED,NO_CONTINGENCY,,,,MY_GENERIC_ALGO,,O-20260309-124340-001-000-1133,,a8d37d28-ad9c-436f-a211-3409f49fc45e,2026-03-09 12:43:40.735938122+00:00,2026-03-09 12:43:40.735938122+00:00
BACKTESTER-001,OracleStrategy-000,MESM6.GLBX,GLBX-1-907,MESM6.GLBX-OracleStrategy-000,GLBX-001,GLBX-1-907,MARKET,BUY,1,GTC,False,False,1,TAKER,6715.75,0.0,['0.00 USD'],NO_TRIGGER,FILLED,NO_CONTINGENCY,,,,MY_GENERIC_ALGO,,O-20260309-124340-001-000-1134,,f68eb2fb-f2c3-47b3-9ca8-90f909c45978,2026-03-09 12:43:40.735938122+00:00,2026-03-09 12:43:40.735938122+00:00
BACKTESTER-001,OracleStrategy-000,MESM6.GLBX,GLBX-1-908,MESM6.GLBX-OracleStrategy-000,GLBX-001,GLBX-1-908,MARKET,SELL,1,GTC,True,False,1,TAKER,6717.75,0.0,['0.00 USD'],NO_TRIGGER,FILLED,NO_CONTINGENCY,,,,MY_GENERIC_ALGO,,O-20260309-124445-001-000-1135,,3717ff29-a7cb-412a-b826-8602552edd34,2026-03-09 12:44:45.692633149+00:00,2026-03-09 12:44:45.692633149+00:00
BACKTESTER-001,OracleStrategy-000,MESM6.GLBX,GLBX-1-909,MESM6.GLBX-OracleStrategy-000,GLBX-001,GLBX-1-909,MARKET,BUY,1,GTC,False,False,1,TAKER,6717.0,0.0,['0.00 USD'],NO_TRIGGER,FILLED,NO_CONTINGENCY,,,,MY_GENERIC_ALGO,,O-20260309-124449-001-000-1137,,fcd61d4b-669c-43d2-ae36-b5993aaafd1f,2026-03-09 12:44:49.494120397+00:00,2026-03-09 12:44:49.494120397+00:00
BACKTESTER-001,OracleStrategy-000,MESM6.GLBX,GLBX-1-910,MESM6.GLBX-OracleStrategy-000,GLBX-001,GLBX-1-910,MARKET,SELL,1,GTC,True,False,1,TAKER,6718.0,0.0,['0.00 USD'],NO_TRIGGER,FILLED,NO_CONTINGENCY,,,,MY_GENERIC_ALGO,,O-20260309-124520-001-000-1138,,ebb27eb9-34be-43ef-8a5c-242413705654,2026-03-09 12:45:20.456789739+00:00,2026-03-09 12:45:20.456789739+00:00
BACKTESTER-001,OracleStrategy-000,MESM6.GLBX,GLBX-1-911,MESM6.GLBX-OracleStrategy-000,GLBX-001,GLBX-1-911,MARKET,SELL,1,GTC,False,False,1,TAKER,6718.0,0.0,['0.00 USD'],NO_TRIGGER,FILLED,NO_CONTINGENCY,,,,MY_GENERIC_ALGO,,O-20260309-124520-001-000-1139,,fef425d3-b66f-4f51-8c42-fb43c9a3852b,2026-03-09 12:45:20.456789739+00:00,2026-03-09 12:45:20.456789739+00:00
BACKTESTER-001,OracleStrategy-000,MESM6.GLBX,GLBX-1-912,MESM6.GLBX-OracleStrategy-000,GLBX-001,GLBX-1-912,MARKET,BUY,1,GTC,True,False,1,TAKER,6715.5,0.0,['0.00 USD'],NO_TRIGGER,FILLED,NO_CONTINGENCY,,,,MY_GENERIC_ALGO,,O-20260309-124621-001-000-1140,,8450a4e5-115d-4564-a5c2-e0167fd19388,2026-03-09 12:46:21.762840592+00:00,2026-03-09 12:46:21.762840592+00:00
BACKTESTER-001,OracleStrategy-000,MESM6.GLBX,GLBX-1-913,MESM6.GLBX-OracleStrategy-000,GLBX-001,GLBX-1-913,MARKET,BUY,1,GTC,False,False,1,TAKER,6715.5,0.0,['0.00 USD'],NO_TRIGGER,FILLED,NO_CONTINGENCY,,,,MY_GENERIC_ALGO,,O-20260309-124621-001-000-1141,,d19da9c0-92be-4112-bb5a-b5411a28c3a9,2026-03-09 12:46:21.762840592+00:00,2026-03-09 12:46:21.762840592+00:00
BACKTESTER-001,OracleStrategy-000,MESM6.GLBX,GLBX-1-914,MESM6.GLBX-OracleStrategy-000,GLBX-001,GLBX-1-914,MARKET,SELL,1,GTC,True,False,1,TAKER,6719.25,0.0,['0.00 USD'],NO_TRIGGER,FILLED,NO_CONTINGENCY,,,,MY_GENERIC_ALGO,,O-20260309-124805-001-000-1142,,c354c107-185b-4bef-8f9b-d9dcc75415fc,2026-03-09 12:48:05.401731888+00:00,2026-03-09 12:48:05.401731888+00:00
BACKTESTER-001,OracleStrategy-000,MESM6.GLBX,GLBX-1-915,MESM6.GLBX-OracleStrategy-000,GLBX-001,GLBX-1-915,MARKET,SELL,1,GTC,False,False,1,TAKER,6719.25,0.0,['0.00 USD'],NO_TRIGGER,FILLED,NO_CONTINGENCY,,,,MY_GENERIC_ALGO,,O-20260309-124805-001-000-1143,,403b44d8-71f6-40d7-b81d-83538a239790,2026-03-09 12:48:05.401731888+00:00,2026-03-09 12:48:05.401731888+00:00
BACKTESTER-001,OracleStrategy-000,MESM6.GLBX,GLBX-1-916,MESM6.GLBX-OracleStrategy-000,GLBX-001,GLBX-1-916,MARKET,BUY,1,GTC,True,False,1,TAKER,6712.75,0.0,['0.00 USD'],NO_TRIGGER,FILLED,NO_CONTINGENCY,,,,MY_GENERIC_ALGO,,O-20260309-125014-001-000-1144,,1a5877be-5468-4365-9894-75c55ab269fe,2026-03-09 12:50:14.008411065+00:00,2026-03-09 12:50:14.008411065+00:00
BACKTESTER-001,OracleStrategy-000,MESM6.GLBX,GLBX-1-917,MESM6.GLBX-OracleStrategy-000,GLBX-001,GLBX-1-917,MARKET,BUY,1,GTC,False,False,1,TAKER,6712.75,0.0,['0.00 USD'],NO_TRIGGER,FILLED,NO_CONTINGENCY,,,,MY_GENERIC_ALGO,,O-20260309-125014-001-000-1145,,9805bb64-ed60-4383-910c-23186ea41b5b,2026-03-09 12:50:14.008411065+00:00,2026-03-09 12:50:14.008411065+00:00
BACKTESTER-001,OracleStrategy-000,MESM6.GLBX,GLBX-1-918,MESM6.GLBX-OracleStrategy-000,GLBX-001,GLBX-1-918,MARKET,SELL,1,GTC,True,False,1,TAKER,6714.5,0.0,['0.00 USD'],NO_TRIGGER,FILLED,NO_CONTINGENCY,,,,MY_GENERIC_ALGO,,O-20260309-125028-001-000-1146,,47dc7bba-f6cd-42e5-bc9b-928f3f24ce1d,2026-03-09 12:50:28.721755119+00:00,2026-03-09 12:50:28.721755119+00:00
BACKTESTER-001,OracleStrategy-000,MESM6.GLBX,GLBX-1-919,MESM6.GLBX-OracleStrategy-000,GLBX-001,GLBX-1-919,MARKET,SELL,1,GTC,False,False,1,TAKER,6714.5,0.0,['0.00 USD'],NO_TRIGGER,FILLED,NO_CONTINGENCY,,,,MY_GENERIC_ALGO,,O-20260309-125028-001-000-1147,,a0384e34-e64b-4764-a030-e95a76b0dfc9,2026-03-09 12:50:28.721755119+00:00,2026-03-09 12:50:28.721755119+00:00
BACKTESTER-001,OracleStrategy-000,MESM6.GLBX,GLBX-1-920,MESM6.GLBX-OracleStrategy-000,GLBX-001,GLBX-1-920,MARKET,BUY,1,GTC,True,False,1,TAKER,6715.25,0.0,['0.00 USD'],NO_TRIGGER,FILLED,NO_CONTINGENCY,,,,MY_GENERIC_ALGO,,O-20260309-125047-001-000-1148,,c6df6698-8c4c-4242-b1f1-37a0919bd467,2026-03-09 12:50:47.005414322+00:00,2026-03-09 12:50:47.005414322+00:00
BACKTESTER-001,OracleStrategy-000,MESM6.GLBX,GLBX-1-921,MESM6.GLBX-OracleStrategy-000,GLBX-001,GLBX-1-921,MARKET,BUY,1,GTC,False,False,1,TAKER,6715.25,0.0,['0.00 USD'],NO_TRIGGER,FILLED,NO_CONTINGENCY,,,,MY_GENERIC_ALGO,,O-20260309-125047-001-000-1149,,eff13123-27e8-4f0e-96c6-4558b655ed38,2026-03-09 12:50:47.005414322+00:00,2026-03-09 12:50:47.005414322+00:00
BACKTESTER-001,OracleStrategy-000,MESM6.GLBX,GLBX-1-922,MESM6.GLBX-OracleStrategy-000,GLBX-001,GLBX-1-922,MARKET,SELL,1,GTC,True,False,1,TAKER,6715.25,0.0,['0.00 USD'],NO_TRIGGER,FILLED,NO_CONTINGENCY,,,,MY_GENERIC_ALGO,,O-20260309-125052-001-000-1150,,02534f82-0364-4b9d-bd38-17ec537cefce,2026-03-09 12:50:52.647963675+00:00,2026-03-09 12:50:52.647963675+00:00
BACKTESTER-001,OracleStrategy-000,MESM6.GLBX,GLBX-1-923,MESM6.GLBX-OracleStrategy-000,GLBX-001,GLBX-1-923,MARKET,SELL,1,GTC,False,False,1,TAKER,6716.5,0.0,['0.00 USD'],NO_TRIGGER,FILLED,NO_CONTINGENCY,,,,MY_GENERIC_ALGO,,O-20260309-125121-001-000-1152,,b191ed2f-f824-416b-a21b-9b31536a16e3,2026-03-09 12:51:21.171828879+00:00,2026-03-09 12:51:21.171828879+00:00
BACKTESTER-001,OracleStrategy-000,MESM6.GLBX,GLBX-1-924,MESM6.GLBX-OracleStrategy-000,GLBX-001,GLBX-1-924,MARKET,BUY,1,GTC,True,False,1,TAKER,6714.75,0.0,['0.00 USD'],NO_TRIGGER,FILLED,NO_CONTINGENCY,,,,MY_GENERIC_ALGO,,O-20260309-125138-001-000-1153,,2e6833bd-3de7-40a3-a0c6-8a38200f45bd,2026-03-09 12:51:38.341464226+00:00,2026-03-09 12:51:38.341464226+00:00
BACKTESTER-001,OracleStrategy-000,MESM6.GLBX,GLBX-1-925,MESM6.GLBX-OracleStrategy-000,GLBX-001,GLBX-1-925,MARKET,BUY,1,GTC,False,False,1,TAKER,6714.75,0.0,['0.00 USD'],NO_TRIGGER,FILLED,NO_CONTINGENCY,,,,MY_GENERIC_ALGO,,O-20260309-125138-001-000-1154,,55b4702d-a222-45d9-8a1e-105264df50a1,2026-03-09 12:51:38.341464226+00:00,2026-03-09 12:51:38.341464226+00:00
BACKTESTER-001,OracleStrategy-000,MESM6.GLBX,GLBX-1-926,MESM6.GLBX-OracleStrategy-000,GLBX-001,GLBX-1-926,MARKET,SELL,1,GTC,True,False,1,TAKER,6715.25,0.0,['0.00 USD'],NO_TRIGGER,FILLED,NO_CONTINGENCY,,,,MY_GENERIC_ALGO,,O-20260309-125357-001-000-1155,,c47237bd-c7ba-48de-aa30-d9364cc43aaa,2026-03-09 12:53:57.808363498+00:00,2026-03-09 12:53:57.808363498+00:00
BACKTESTER-001,OracleStrategy-000,MESM6.GLBX,GLBX-1-927,MESM6.GLBX-OracleStrategy-000,GLBX-001,GLBX-1-927,MARKET,SELL,1,GTC,False,False,1,TAKER,6713.75,0.0,['0.00 USD'],NO_TRIGGER,FILLED,NO_CONTINGENCY,,,,MY_GENERIC_ALGO,,O-20260309-125407-001-000-1157,,108a8eda-2543-4aea-b5b9-2bcf43700789,2026-03-09 12:54:07.472801995+00:00,2026-03-09 12:54:07.472801995+00:00
BACKTESTER-001,OracleStrategy-000,MESM6.GLBX,GLBX-1-928,MESM6.GLBX-OracleStrategy-000,GLBX-001,GLBX-1-928,MARKET,BUY,1,GTC,True,False,1,TAKER,6713.25,0.0,['0.00 USD'],NO_TRIGGER,FILLED,NO_CONTINGENCY,,,,MY_GENERIC_ALGO,,O-20260309-125501-001-000-1158,,9721547e-b446-474c-a78c-87115afaebd3,2026-03-09 12:55:01.767001221+00:00,2026-03-09 12:55:01.767001221+00:00
BACKTESTER-001,OracleStrategy-000,MESM6.GLBX,GLBX-1-929,MESM6.GLBX-OracleStrategy-000,GLBX-001,GLBX-1-929,MARKET,BUY,1,GTC,False,False,1,TAKER,6715.25,0.0,['0.00 USD'],NO_TRIGGER,FILLED,NO_CONTINGENCY,,,,MY_GENERIC_ALGO,,O-20260309-125537-001-000-1160,,97bc1cbd-0fda-4dbd-aabd-c23580518660,2026-03-09 12:55:37.623212674+00:00,2026-03-09 12:55:37.623212674+00:00
BACKTESTER-001,OracleStrategy-000,MESM6.GLBX,GLBX-1-930,MESM6.GLBX-OracleStrategy-000,GLBX-001,GLBX-1-930,MARKET,SELL,1,GTC,True,False,1,TAKER,6716.0,0.0,['0.00 USD'],NO_TRIGGER,FILLED,NO_CONTINGENCY,,,,MY_GENERIC_ALGO,,O-20260309-125702-001-000-1161,,4261cf3b-0628-41c5-be24-a37d49f93d17,2026-03-09 12:57:02.116091189+00:00,2026-03-09 12:57:02.116091189+00:00
BACKTESTER-001,OracleStrategy-000,MESM6.GLBX,GLBX-1-931,MESM6.GLBX-OracleStrategy-000,GLBX-001,GLBX-1-931,MARKET,SELL,1,GTC,False,False,1,TAKER,6716.0,0.0,['0.00 USD'],NO_TRIGGER,FILLED,NO_CONTINGENCY,,,,MY_GENERIC_ALGO,,O-20260309-125702-001-000-1162,,a63efae0-4cc9-4fb9-be60-ef4a3bb5ecc7,2026-03-09 12:57:02.116091189+00:00,2026-03-09 12:57:02.116091189+00:00
BACKTESTER-001,OracleStrategy-000,MESM6.GLBX,GLBX-1-932,MESM6.GLBX-OracleStrategy-000,GLBX-001,GLBX-1-932,MARKET,BUY,1,GTC,True,False,1,TAKER,6714.5,0.0,['0.00 USD'],NO_TRIGGER,FILLED,NO_CONTINGENCY,,,,MY_GENERIC_ALGO,,O-20260309-125747-001-000-1163,,8c53fb57-4e9c-4935-a624-af600145135e,2026-03-09 12:57:47.471610027+00:00,2026-03-09 12:57:47.471610027+00:00
BACKTESTER-001,OracleStrategy-000,MESM6.GLBX,GLBX-1-933,MESM6.GLBX-OracleStrategy-000,GLBX-001,GLBX-1-933,MARKET,BUY,1,GTC,False,False,1,TAKER,6714.0,0.0,['0.00 USD'],NO_TRIGGER,FILLED,NO_CONTINGENCY,,,,MY_GENERIC_ALGO,,O-20260309-125800-001-000-1165,,5ae3adcb-534e-4da0-87ac-50f4cab1b102,2026-03-09 12:58:00.935681957+00:00,2026-03-09 12:58:00.935681957+00:00
BACKTESTER-001,OracleStrategy-000,MESM6.GLBX,GLBX-1-934,MESM6.GLBX-OracleStrategy-000,GLBX-001,GLBX-1-934,MARKET,SELL,1,GTC,True,False,1,TAKER,6721.5,0.0,['0.00 USD'],NO_TRIGGER,FILLED,NO_CONTINGENCY,,,,MY_GENERIC_ALGO,,O-20260309-130055-001-000-1166,,15b9c88a-2588-4c29-872c-6150751fddb7,2026-03-09 13:00:55.253219648+00:00,2026-03-09 13:00:55.253219648+00:00
BACKTESTER-001,OracleStrategy-000,MESM6.GLBX,GLBX-1-935,MESM6.GLBX-OracleStrategy-000,GLBX-001,GLBX-1-935,MARKET,BUY,1,GTC,False,False,1,TAKER,6721.25,0.0,['0.00 USD'],NO_TRIGGER,FILLED,NO_CONTINGENCY,,,,MY_GENERIC_ALGO,,O-20260309-130141-001-000-1169,,a7fd725c-6c9f-4db3-8df4-c3fee76d3a4e,2026-03-09 13:01:41.902658600+00:00,2026-03-09 13:01:41.902658600+00:00
BACKTESTER-001,OracleStrategy-000,MESM6.GLBX,GLBX-1-936,MESM6.GLBX-OracleStrategy-000,GLBX-001,GLBX-1-936,MARKET,SELL,1,GTC,True,False,1,TAKER,6722.75,0.0,['0.00 USD'],NO_TRIGGER,FILLED,NO_CONTINGENCY,,,,MY_GENERIC_ALGO,,O-20260309-130223-001-000-1170,,03f578cd-52af-4152-b0a4-ff84a363568f,2026-03-09 13:02:23.743845858+00:00,2026-03-09 13:02:23.743845858+00:00
BACKTESTER-001,OracleStrategy-000,MESM6.GLBX,GLBX-1-937,MESM6.GLBX-OracleStrategy-000,GLBX-001,GLBX-1-937,MARKET,SELL,1,GTC,False,False,1,TAKER,6722.75,0.0,['0.00 USD'],NO_TRIGGER,FILLED,NO_CONTINGENCY,,,,MY_GENERIC_ALGO,,O-20260309-130223-001-000-1171,,b4fcc246-b787-46ac-a818-4faa99f4f7d4,2026-03-09 13:02:23.743845858+00:00,2026-03-09 13:02:23.743845858+00:00
BACKTESTER-001,OracleStrategy-000,MESM6.GLBX,GLBX-1-938,MESM6.GLBX-OracleStrategy-000,GLBX-001,GLBX-1-938,MARKET,BUY,1,GTC,True,False,1,TAKER,6722.5,0.0,['0.00 USD'],NO_TRIGGER,FILLED,NO_CONTINGENCY,,,,MY_GENERIC_ALGO,,O-20260309-130321-001-000-1172,,bbb0b426-3c94-4f9c-96f8-3e13ca27a7bc,2026-03-09 13:03:21.878572767+00:00,2026-03-09 13:03:21.878572767+00:00
BACKTESTER-001,OracleStrategy-000,MESM6.GLBX,GLBX-1-939,MESM6.GLBX-OracleStrategy-000,GLBX-001,GLBX-1-939,MARKET,BUY,1,GTC,False,False,1,TAKER,6722.5,0.0,['0.00 USD'],NO_TRIGGER,FILLED,NO_CONTINGENCY,,,,MY_GENERIC_ALGO,,O-20260309-130321-001-000-1173,,467f5069-5e8c-41c5-b8b4-6ac8c80c6b10,2026-03-09 13:03:21.878572767+00:00,2026-03-09 13:03:21.878572767+00:00
BACKTESTER-001,OracleStrategy-000,MESM6.GLBX,GLBX-1-940,MESM6.GLBX-OracleStrategy-000,GLBX-001,GLBX-1-940,MARKET,SELL,1,GTC,True,False,1,TAKER,6726.5,0.0,['0.00 USD'],NO_TRIGGER,FILLED,NO_CONTINGENCY,,,,MY_GENERIC_ALGO,,O-20260309-130438-001-000-1174,,4d6e5d98-3768-4ee5-a889-3d1ab097c613,2026-03-09 13:04:38.008212557+00:00,2026-03-09 13:04:38.008212557+00:00
BACKTESTER-001,OracleStrategy-000,MESM6.GLBX,GLBX-1-941,MESM6.GLBX-OracleStrategy-000,GLBX-001,GLBX-1-941,MARKET,BUY,1,GTC,False,False,1,TAKER,6725.25,0.0,['0.00 USD'],NO_TRIGGER,FILLED,NO_CONTINGENCY,,,,MY_GENERIC_ALGO,,O-20260309-130455-001-000-1176,,6da3be96-af49-48b0-b240-0f541d51c9df,2026-03-09 13:04:55.274741435+00:00,2026-03-09 13:04:55.274741435+00:00
BACKTESTER-001,OracleStrategy-000,MESM6.GLBX,GLBX-1-942,MESM6.GLBX-OracleStrategy-000,GLBX-001,GLBX-1-942,MARKET,SELL,1,GTC,True,False,1,TAKER,6726.0,0.0,['0.00 USD'],NO_TRIGGER,FILLED,NO_CONTINGENCY,,,,MY_GENERIC_ALGO,,O-20260309-130520-001-000-1177,,e049ae96-a2a2-4ac2-a0c0-8da272562417,2026-03-09 13:05:20.542232490+00:00,2026-03-09 13:05:20.542232490+00:00
BACKTESTER-001,OracleStrategy-000,MESM6.GLBX,GLBX-1-943,MESM6.GLBX-OracleStrategy-000,GLBX-001,GLBX-1-943,MARKET,SELL,1,GTC,False,False,1,TAKER,6726.25,0.0,['0.00 USD'],NO_TRIGGER,FILLED,NO_CONTINGENCY,,,,MY_GENERIC_ALGO,,O-20260309-130537-001-000-1179,,bca7a3e4-a874-4ced-b075-c6f23e88cb40,2026-03-09 13:05:37.844282619+00:00,2026-03-09 13:05:37.844282619+00:00
BACKTESTER-001,OracleStrategy-000,MESM6.GLBX,GLBX-1-944,MESM6.GLBX-OracleStrategy-000,GLBX-001,GLBX-1-944,MARKET,BUY,1,GTC,True,False,1,TAKER,6725.75,0.0,['0.00 USD'],NO_TRIGGER,FILLED,NO_CONTINGENCY,,,,MY_GENERIC_ALGO,,O-20260309-130549-001-000-1180,,fd1a0473-97a0-47c1-bda8-f755eda4475a,2026-03-09 13:05:49.861042189+00:00,2026-03-09 13:05:49.861042189+00:00
BACKTESTER-001,OracleStrategy-000,MESM6.GLBX,GLBX-1-945,MESM6.GLBX-OracleStrategy-000,GLBX-001,GLBX-1-945,MARKET,BUY,1,GTC,False,False,1,TAKER,6725.75,0.0,['0.00 USD'],NO_TRIGGER,FILLED,NO_CONTINGENCY,,,,MY_GENERIC_ALGO,,O-20260309-130549-001-000-1181,,cbfdf9af-7377-4513-94b8-7242f0bad34b,2026-03-09 13:05:49.861042189+00:00,2026-03-09 13:05:49.861042189+00:00
BACKTESTER-001,OracleStrategy-000,MESM6.GLBX,GLBX-1-946,MESM6.GLBX-OracleStrategy-000,GLBX-001,GLBX-1-946,MARKET,SELL,1,GTC,True,False,1,TAKER,6726.5,0.0,['0.00 USD'],NO_TRIGGER,FILLED,NO_CONTINGENCY,,,,MY_GENERIC_ALGO,,O-20260309-130618-001-000-1182,,ad24c477-1f11-4a79-904f-7f4e65ebfcf4,2026-03-09 13:06:18.180627781+00:00,2026-03-09 13:06:18.180627781+00:00
BACKTESTER-001,OracleStrategy-000,MESM6.GLBX,GLBX-1-947,MESM6.GLBX-OracleStrategy-000,GLBX-001,GLBX-1-947,MARKET,SELL,1,GTC,False,False,1,TAKER,6726.5,0.0,['0.00 USD'],NO_TRIGGER,FILLED,NO_CONTINGENCY,,,,MY_GENERIC_ALGO,,O-20260309-130618-001-000-1183,,59899bb2-4bdd-40e4-b6ec-f50c336798f1,2026-03-09 13:06:18.180627781+00:00,2026-03-09 13:06:18.180627781+00:00
BACKTESTER-001,OracleStrategy-000,MESM6.GLBX,GLBX-1-948,MESM6.GLBX-OracleStrategy-000,GLBX-001,GLBX-1-948,MARKET,BUY,1,GTC,True,False,1,TAKER,6720.0,0.0,['0.00 USD'],NO_TRIGGER,FILLED,NO_CONTINGENCY,,,,MY_GENERIC_ALGO,,O-20260309-130754-001-000-1184,,12835946-654d-457c-8d28-521f3f86c461,2026-03-09 13:07:54.885915111+00:00,2026-03-09 13:07:54.885915111+00:00
BACKTESTER-001,OracleStrategy-000,MESM6.GLBX,GLBX-1-949,MESM6.GLBX-OracleStrategy-000,GLBX-001,GLBX-1-949,MARKET,BUY,1,GTC,False,False,1,TAKER,6720.0,0.0,['0.00 USD'],NO_TRIGGER,FILLED,NO_CONTINGENCY,,,,MY_GENERIC_ALGO,,O-20260309-130754-001-000-1185,,a8ab1d18-a925-47c6-b92d-b677c2daf001,2026-03-09 13:07:54.885915111+00:00,2026-03-09 13:07:54.885915111+00:00
BACKTESTER-001,OracleStrategy-000,MESM6.GLBX,GLBX-1-950,MESM6.GLBX-OracleStrategy-000,GLBX-001,GLBX-1-950,MARKET,SELL,1,GTC,True,False,1,TAKER,6719.75,0.0,['0.00 USD'],NO_TRIGGER,FILLED,NO_CONTINGENCY,,,,MY_GENERIC_ALGO,,O-20260309-130823-001-000-1186,,bae6d597-8a78-4eb3-975c-7accd562201c,2026-03-09 13:08:23.590748751+00:00,2026-03-09 13:08:23.590748751+00:00
BACKTESTER-001,OracleStrategy-000,MESM6.GLBX,GLBX-1-951,MESM6.GLBX-OracleStrategy-000,GLBX-001,GLBX-1-951,MARKET,SELL,1,GTC,False,False,1,TAKER,6719.75,0.0,['0.00 USD'],NO_TRIGGER,FILLED,NO_CONTINGENCY,,,,MY_GENERIC_ALGO,,O-20260309-130823-001-000-1187,,4f783b69-5af1-4dcc-bb0a-25869463d800,2026-03-09 13:08:23.590748751+00:00,2026-03-09 13:08:23.590748751+00:00
BACKTESTER-001,OracleStrategy-000,MESM6.GLBX,GLBX-1-952,MESM6.GLBX-OracleStrategy-000,GLBX-001,GLBX-1-952,MARKET,BUY,1,GTC,True,False,1,TAKER,6721.25,0.0,['0.00 USD'],NO_TRIGGER,FILLED,NO_CONTINGENCY,,,,MY_GENERIC_ALGO,,O-20260309-130855-001-000-1188,,d8e029b2-0803-4104-9c12-62deface241a,2026-03-09 13:08:55.269211139+00:00,2026-03-09 13:08:55.269211139+00:00
BACKTESTER-001,OracleStrategy-000,MESM6.GLBX,GLBX-1-953,MESM6.GLBX-OracleStrategy-000,GLBX-001,GLBX-1-953,MARKET,BUY,1,GTC,False,False,1,TAKER,6721.25,0.0,['0.00 USD'],NO_TRIGGER,FILLED,NO_CONTINGENCY,,,,MY_GENERIC_ALGO,,O-20260309-130855-001-000-1189,,90870822-d9de-4717-9bf2-8bd0f2fd49c0,2026-03-09 13:08:55.269211139+00:00,2026-03-09 13:08:55.269211139+00:00
BACKTESTER-001,OracleStrategy-000,MESM6.GLBX,GLBX-1-954,MESM6.GLBX-OracleStrategy-000,GLBX-001,GLBX-1-954,MARKET,SELL,1,GTC,True,False,1,TAKER,6729.0,0.0,['0.00 USD'],NO_TRIGGER,FILLED,NO_CONTINGENCY,,,,MY_GENERIC_ALGO,,O-20260309-131111-001-000-1190,,d3b0aa84-43f2-4af4-9ac1-60ecb51a16ae,2026-03-09 13:11:11.831642339+00:00,2026-03-09 13:11:11.831642339+00:00
BACKTESTER-001,OracleStrategy-000,MESM6.GLBX,GLBX-1-955,MESM6.GLBX-OracleStrategy-000,GLBX-001,GLBX-1-955,MARKET,SELL,1,GTC,False,False,1,TAKER,6729.0,0.0,['0.00 USD'],NO_TRIGGER,FILLED,NO_CONTINGENCY,,,,MY_GENERIC_ALGO,,O-20260309-131111-001-000-1191,,98408078-c19d-4548-86be-30195464093d,2026-03-09 13:11:11.831642339+00:00,2026-03-09 13:11:11.831642339+00:00
BACKTESTER-001,OracleStrategy-000,MESM6.GLBX,GLBX-1-956,MESM6.GLBX-OracleStrategy-000,GLBX-001,GLBX-1-956,MARKET,BUY,1,GTC,True,False,1,TAKER,6725.25,0.0,['0.00 USD'],NO_TRIGGER,FILLED,NO_CONTINGENCY,,,,MY_GENERIC_ALGO,,O-20260309-131231-001-000-1192,,fc833ebd-8fe9-4c21-b180-51cdcd96a7a6,2026-03-09 13:12:31.776449867+00:00,2026-03-09 13:12:31.776449867+00:00
BACKTESTER-001,OracleStrategy-000,MESM6.GLBX,GLBX-1-957,MESM6.GLBX-OracleStrategy-000,GLBX-001,GLBX-1-957,MARKET,BUY,1,GTC,False,False,1,TAKER,6725.25,0.0,['0.00 USD'],NO_TRIGGER,FILLED,NO_CONTINGENCY,,,,MY_GENERIC_ALGO,,O-20260309-131231-001-000-1193,,b676ecd9-2753-45ea-8a50-5f5a4a4a050f,2026-03-09 13:12:31.776449867+00:00,2026-03-09 13:12:31.776449867+00:00
BACKTESTER-001,OracleStrategy-000,MESM6.GLBX,GLBX-1-958,MESM6.GLBX-OracleStrategy-000,GLBX-001,GLBX-1-958,MARKET,SELL,1,GTC,True,False,1,TAKER,6733.25,0.0,['0.00 USD'],NO_TRIGGER,FILLED,NO_CONTINGENCY,,,,MY_GENERIC_ALGO,,O-20260309-131448-001-000-1194,,5f19668d-4bbb-4fa0-9255-88e05b191d1a,2026-03-09 13:14:48.124179746+00:00,2026-03-09 13:14:48.124179746+00:00
BACKTESTER-001,OracleStrategy-000,MESM6.GLBX,GLBX-1-959,MESM6.GLBX-OracleStrategy-000,GLBX-001,GLBX-1-959,MARKET,SELL,1,GTC,False,False,1,TAKER,6733.0,0.0,['0.00 USD'],NO_TRIGGER,FILLED,NO_CONTINGENCY,,,,MY_GENERIC_ALGO,,O-20260309-131449-001-000-1196,,db6a6a90-139e-4dee-84aa-9359ac4831de,2026-03-09 13:14:49.441126144+00:00,2026-03-09 13:14:49.441126144+00:00
BACKTESTER-001,OracleStrategy-000,MESM6.GLBX,GLBX-1-960,MESM6.GLBX-OracleStrategy-000,GLBX-001,GLBX-1-960,MARKET,BUY,1,GTC,True,False,1,TAKER,6731.5,0.0,['0.00 USD'],NO_TRIGGER,FILLED,NO_CONTINGENCY,,,,MY_GENERIC_ALGO,,O-20260309-131505-001-000-1197,,ccc05372-1282-4cd5-960e-ecf7daa1dd8d,2026-03-09 13:15:05.279643460+00:00,2026-03-09 13:15:05.279643460+00:00
BACKTESTER-001,OracleStrategy-000,MESM6.GLBX,GLBX-1-961,MESM6.GLBX-OracleStrategy-000,GLBX-001,GLBX-1-961,MARKET,BUY,1,GTC,False,False,1,TAKER,6731.5,0.0,['0.00 USD'],NO_TRIGGER,FILLED,NO_CONTINGENCY,,,,MY_GENERIC_ALGO,,O-20260309-131505-001-000-1198,,71562126-c1fd-43d8-b562-880bc5092bdb,2026-03-09 13:15:05.279643460+00:00,2026-03-09 13:15:05.279643460+00:00
BACKTESTER-001,OracleStrategy-000,MESM6.GLBX,GLBX-1-962,MESM6.GLBX-OracleStrategy-000,GLBX-001,GLBX-1-962,MARKET,SELL,1,GTC,True,False,1,TAKER,6733.0,0.0,['0.00 USD'],NO_TRIGGER,FILLED,NO_CONTINGENCY,,,,MY_GENERIC_ALGO,,O-20260309-131601-001-000-1199,,62e539e3-2667-496c-80cb-9683cc79d977,2026-03-09 13:16:01.067754316+00:00,2026-03-09 13:16:01.067754316+00:00
BACKTESTER-001,OracleStrategy-000,MESM6.GLBX,GLBX-1-963,MESM6.GLBX-OracleStrategy-000,GLBX-001,GLBX-1-963,MARKET,BUY,1,GTC,False,False,1,TAKER,6732.0,0.0,['0.00 USD'],NO_TRIGGER,FILLED,NO_CONTINGENCY,,,,MY_GENERIC_ALGO,,O-20260309-131630-001-000-1202,,7323c6da-1e3a-4b85-93ce-120308751cff,2026-03-09 13:16:30.342437130+00:00,2026-03-09 13:16:30.342437130+00:00
BACKTESTER-001,OracleStrategy-000,MESM6.GLBX,GLBX-1-964,MESM6.GLBX-OracleStrategy-000,GLBX-001,GLBX-1-964,MARKET,SELL,1,GTC,True,False,1,TAKER,6732.0,0.0,['0.00 USD'],NO_TRIGGER,FILLED,NO_CONTINGENCY,,,,MY_GENERIC_ALGO,,O-20260309-131658-001-000-1203,,57269ba9-f0c9-469b-8919-477fb7861fe7,2026-03-09 13:16:58.229060989+00:00,2026-03-09 13:16:58.229060989+00:00
BACKTESTER-001,OracleStrategy-000,MESM6.GLBX,GLBX-1-965,MESM6.GLBX-OracleStrategy-000,GLBX-001,GLBX-1-965,MARKET,SELL,1,GTC,False,False,1,TAKER,6732.0,0.0,['0.00 USD'],NO_TRIGGER,FILLED,NO_CONTINGENCY,,,,MY_GENERIC_ALGO,,O-20260309-131658-001-000-1204,,74af1cd8-f85d-461b-b138-4f84a0aeb689,2026-03-09 13:16:58.229060989+00:00,2026-03-09 13:16:58.229060989+00:00
BACKTESTER-001,OracleStrategy-000,MESM6.GLBX,GLBX-1-966,MESM6.GLBX-OracleStrategy-000,GLBX-001,GLBX-1-966,MARKET,BUY,1,GTC,True,False,1,TAKER,6727.0,0.0,['0.00 USD'],NO_TRIGGER,FILLED,NO_CONTINGENCY,,,,MY_GENERIC_ALGO,,O-20260309-131945-001-000-1205,,9a871fbe-e763-4c44-bdd7-8c816849e54d,2026-03-09 13:19:45.945527057+00:00,2026-03-09 13:19:45.945527057+00:00
BACKTESTER-001,OracleStrategy-000,MESM6.GLBX,GLBX-1-967,MESM6.GLBX-OracleStrategy-000,GLBX-001,GLBX-1-967,MARKET,BUY,1,GTC,False,False,1,TAKER,6727.0,0.0,['0.00 USD'],NO_TRIGGER,FILLED,NO_CONTINGENCY,,,,MY_GENERIC_ALGO,,O-20260309-131945-001-000-1206,,502659f2-8c2a-42d9-b655-b860b3b65c68,2026-03-09 13:19:45.945527057+00:00,2026-03-09 13:19:45.945527057+00:00
BACKTESTER-001,OracleStrategy-000,MESM6.GLBX,GLBX-1-968,MESM6.GLBX-OracleStrategy-000,GLBX-001,GLBX-1-968,MARKET,SELL,1,GTC,True,False,1,TAKER,6724.75,0.0,['0.00 USD'],NO_TRIGGER,FILLED,NO_CONTINGENCY,,,,MY_GENERIC_ALGO,,O-20260309-132013-001-000-1207,,6375316e-d55a-4f76-8c47-0874ba4739b7,2026-03-09 13:20:13.329342303+00:00,2026-03-09 13:20:13.329342303+00:00
BACKTESTER-001,OracleStrategy-000,MESM6.GLBX,GLBX-1-969,MESM6.GLBX-OracleStrategy-000,GLBX-001,GLBX-1-969,MARKET,SELL,1,GTC,False,False,1,TAKER,6724.75,0.0,['0.00 USD'],NO_TRIGGER,FILLED,NO_CONTINGENCY,,,,MY_GENERIC_ALGO,,O-20260309-132013-001-000-1208,,0bdbc541-6e31-4f12-ba88-03a64c5d5675,2026-03-09 13:20:13.329342303+00:00,2026-03-09 13:20:13.329342303+00:00
BACKTESTER-001,OracleStrategy-000,MESM6.GLBX,GLBX-1-970,MESM6.GLBX-OracleStrategy-000,GLBX-001,GLBX-1-970,MARKET,BUY,1,GTC,True,False,1,TAKER,6727.25,0.0,['0.00 USD'],NO_TRIGGER,FILLED,NO_CONTINGENCY,,,,MY_GENERIC_ALGO,,O-20260309-132040-001-000-1209,,3092f7ae-a981-4c82-b43b-a473642897ef,2026-03-09 13:20:40.404408151+00:00,2026-03-09 13:20:40.404408151+00:00
BACKTESTER-001,OracleStrategy-000,MESM6.GLBX,GLBX-1-971,MESM6.GLBX-OracleStrategy-000,GLBX-001,GLBX-1-971,MARKET,BUY,1,GTC,False,False,1,TAKER,6727.25,0.0,['0.00 USD'],NO_TRIGGER,FILLED,NO_CONTINGENCY,,,,MY_GENERIC_ALGO,,O-20260309-132040-001-000-1210,,fd513d0c-8ff9-4546-b098-5a1de02ef470,2026-03-09 13:20:40.404408151+00:00,2026-03-09 13:20:40.404408151+00:00
BACKTESTER-001,OracleStrategy-000,MESM6.GLBX,GLBX-1-972,MESM6.GLBX-OracleStrategy-000,GLBX-001,GLBX-1-972,MARKET,SELL,1,GTC,True,False,1,TAKER,6727.25,0.0,['0.00 USD'],NO_TRIGGER,FILLED,NO_CONTINGENCY,,,,MY_GENERIC_ALGO,,O-20260309-132122-001-000-1211,,71076f79-e3ee-4089-bdda-b73d601632fc,2026-03-09 13:21:22.540061877+00:00,2026-03-09 13:21:22.540061877+00:00
BACKTESTER-001,OracleStrategy-000,MESM6.GLBX,GLBX-1-973,MESM6.GLBX-OracleStrategy-000,GLBX-001,GLBX-1-973,MARKET,SELL,1,GTC,False,False,1,TAKER,6727.25,0.0,['0.00 USD'],NO_TRIGGER,FILLED,NO_CONTINGENCY,,,,MY_GENERIC_ALGO,,O-20260309-132122-001-000-1212,,ccfeac39-c392-4bcc-9fc8-128296803fb4,2026-03-09 13:21:22.540061877+00:00,2026-03-09 13:21:22.540061877+00:00
BACKTESTER-001,OracleStrategy-000,MESM6.GLBX,GLBX-1-974,MESM6.GLBX-OracleStrategy-000,GLBX-001,GLBX-1-974,MARKET,BUY,1,GTC,True,False,1,TAKER,6726.25,0.0,['0.00 USD'],NO_TRIGGER,FILLED,NO_CONTINGENCY,,,,MY_GENERIC_ALGO,,O-20260309-132246-001-000-1213,,1b5432a4-2a99-4f9d-9f08-3538eac75e20,2026-03-09 13:22:46.372268591+00:00,2026-03-09 13:22:46.372268591+00:00
BACKTESTER-001,OracleStrategy-000,MESM6.GLBX,GLBX-1-975,MESM6.GLBX-OracleStrategy-000,GLBX-001,GLBX-1-975,MARKET,SELL,1,GTC,False,False,1,TAKER,6725.25,0.0,['0.00 USD'],NO_TRIGGER,FILLED,NO_CONTINGENCY,,,,MY_GENERIC_ALGO,,O-20260309-132419-001-000-1217,,4bc30aff-8078-4da8-9875-83ce298c10b9,2026-03-09 13:24:19.574926819+00:00,2026-03-09 13:24:19.574926819+00:00
BACKTESTER-001,OracleStrategy-000,MESM6.GLBX,GLBX-1-976,MESM6.GLBX-OracleStrategy-000,GLBX-001,GLBX-1-976,MARKET,BUY,1,GTC,True,False,1,TAKER,6724.5,0.0,['0.00 USD'],NO_TRIGGER,FILLED,NO_CONTINGENCY,,,,MY_GENERIC_ALGO,,O-20260309-132500-001-000-1218,,d26374bc-9110-4b12-a1bf-c18fbf964baf,2026-03-09 13:25:00.038512554+00:00,2026-03-09 13:25:00.038512554+00:00
BACKTESTER-001,OracleStrategy-000,MESM6.GLBX,GLBX-1-977,MESM6.GLBX-OracleStrategy-000,GLBX-001,GLBX-1-977,MARKET,BUY,1,GTC,False,False,1,TAKER,6724.5,0.0,['0.00 USD'],NO_TRIGGER,FILLED,NO_CONTINGENCY,,,,MY_GENERIC_ALGO,,O-20260309-132500-001-000-1219,,686b30ad-2936-403c-b623-f17166264bda,2026-03-09 13:25:00.038512554+00:00,2026-03-09 13:25:00.038512554+00:00
BACKTESTER-001,OracleStrategy-000,MESM6.GLBX,GLBX-1-978,MESM6.GLBX-OracleStrategy-000,GLBX-001,GLBX-1-978,MARKET,SELL,1,GTC,True,False,1,TAKER,6725.5,0.0,['0.00 USD'],NO_TRIGGER,FILLED,NO_CONTINGENCY,,,,MY_GENERIC_ALGO,,O-20260309-132605-001-000-1220,,f6ae3c5a-669b-4570-8491-5f23fa8db7fc,2026-03-09 13:26:05.323376149+00:00,2026-03-09 13:26:05.323376149+00:00
BACKTESTER-001,OracleStrategy-000,MESM6.GLBX,GLBX-1-979,MESM6.GLBX-OracleStrategy-000,GLBX-001,GLBX-1-979,MARKET,SELL,1,GTC,False,False,1,TAKER,6725.5,0.0,['0.00 USD'],NO_TRIGGER,FILLED,NO_CONTINGENCY,,,,MY_GENERIC_ALGO,,O-20260309-132605-001-000-1221,,84a3f237-4e9b-415b-9e19-f6dc68747710,2026-03-09 13:26:05.323376149+00:00,2026-03-09 13:26:05.323376149+00:00
BACKTESTER-001,OracleStrategy-000,MESM6.GLBX,GLBX-1-980,MESM6.GLBX-OracleStrategy-000,GLBX-001,GLBX-1-980,MARKET,BUY,1,GTC,True,False,1,TAKER,6727.25,0.0,['0.00 USD'],NO_TRIGGER,FILLED,NO_CONTINGENCY,,,,MY_GENERIC_ALGO,,O-20260309-132630-001-000-1222,,4763bcaf-bbc2-47ed-81be-2c3e3a2de8b9,2026-03-09 13:26:30.087688347+00:00,2026-03-09 13:26:30.087688347+00:00
BACKTESTER-001,OracleStrategy-000,MESM6.GLBX,GLBX-1-981,MESM6.GLBX-OracleStrategy-000,GLBX-001,GLBX-1-981,MARKET,BUY,1,GTC,False,False,1,TAKER,6727.25,0.0,['0.00 USD'],NO_TRIGGER,FILLED,NO_CONTINGENCY,,,,MY_GENERIC_ALGO,,O-20260309-132630-001-000-1223,,188ad06b-b92d-440d-a232-21e185206bc1,2026-03-09 13:26:30.087688347+00:00,2026-03-09 13:26:30.087688347+00:00
BACKTESTER-001,OracleStrategy-000,MESM6.GLBX,GLBX-1-982,MESM6.GLBX-OracleStrategy-000,GLBX-001,GLBX-1-982,MARKET,SELL,1,GTC,True,False,1,TAKER,6728.25,0.0,['0.00 USD'],NO_TRIGGER,FILLED,NO_CONTINGENCY,,,,MY_GENERIC_ALGO,,O-20260309-132723-001-000-1224,,28ea222f-6af2-4973-a66d-47c5e71fb06e,2026-03-09 13:27:23.033499599+00:00,2026-03-09 13:27:23.033499599+00:00
BACKTESTER-001,OracleStrategy-000,MESM6.GLBX,GLBX-1-983,MESM6.GLBX-OracleStrategy-000,GLBX-001,GLBX-1-983,MARKET,SELL,1,GTC,False,False,1,TAKER,6727.75,0.0,['0.00 USD'],NO_TRIGGER,FILLED,NO_CONTINGENCY,,,,MY_GENERIC_ALGO,,O-20260309-132724-001-000-1226,,c7c16914-84b0-4a82-b42a-53783cd2078c,2026-03-09 13:27:24.698992873+00:00,2026-03-09 13:27:24.698992873+00:00
BACKTESTER-001,OracleStrategy-000,MESM6.GLBX,GLBX-1-984,MESM6.GLBX-OracleStrategy-000,GLBX-001,GLBX-1-984,MARKET,BUY,1,GTC,True,False,1,TAKER,6725.0,0.0,['0.00 USD'],NO_TRIGGER,FILLED,NO_CONTINGENCY,,,,MY_GENERIC_ALGO,,O-20260309-132753-001-000-1227,,29101441-20ca-421f-a92c-6a51406cf7c7,2026-03-09 13:27:53.576115642+00:00,2026-03-09 13:27:53.576115642+00:00
BACKTESTER-001,OracleStrategy-000,MESM6.GLBX,GLBX-1-985,MESM6.GLBX-OracleStrategy-000,GLBX-001,GLBX-1-985,MARKET,BUY,1,GTC,False,False,1,TAKER,6725.0,0.0,['0.00 USD'],NO_TRIGGER,FILLED,NO_CONTINGENCY,,,,MY_GENERIC_ALGO,,O-20260309-132753-001-000-1228,,d86e4752-3e51-4c31-bd66-1e7f70308037,2026-03-09 13:27:53.576115642+00:00,2026-03-09 13:27:53.576115642+00:00
BACKTESTER-001,OracleStrategy-000,MESM6.GLBX,GLBX-1-986,MESM6.GLBX-OracleStrategy-000,GLBX-001,GLBX-1-986,MARKET,SELL,1,GTC,True,False,1,TAKER,6737.5,0.0,['0.00 USD'],NO_TRIGGER,FILLED,NO_CONTINGENCY,,,,MY_GENERIC_ALGO,,O-20260309-133005-001-000-1229,,aac12a3b-5e70-4ed2-98b8-233594f73f70,2026-03-09 13:30:05.508381482+00:00,2026-03-09 13:30:05.508381482+00:00
BACKTESTER-001,OracleStrategy-000,MESM6.GLBX,GLBX-1-987,MESM6.GLBX-OracleStrategy-000,GLBX-001,GLBX-1-987,MARKET,SELL,1,GTC,False,False,1,TAKER,6737.5,0.0,['0.00 USD'],NO_TRIGGER,FILLED,NO_CONTINGENCY,,,,MY_GENERIC_ALGO,,O-20260309-133005-001-000-1230,,f3a5fcea-5056-4243-8498-2c78728de809,2026-03-09 13:30:05.508381482+00:00,2026-03-09 13:30:05.508381482+00:00
BACKTESTER-001,OracleStrategy-000,MESM6.GLBX,GLBX-1-988,MESM6.GLBX-OracleStrategy-000,GLBX-001,GLBX-1-988,MARKET,BUY,1,GTC,True,False,1,TAKER,6734.5,0.0,['0.00 USD'],NO_TRIGGER,FILLED,NO_CONTINGENCY,,,,MY_GENERIC_ALGO,,O-20260309-133007-001-000-1231,,c298c4f3-1d25-4aa8-b6fb-9a5cb305f48c,2026-03-09 13:30:07.052183986+00:00,2026-03-09 13:30:07.052183986+00:00
BACKTESTER-001,OracleStrategy-000,MESM6.GLBX,GLBX-1-989,MESM6.GLBX-OracleStrategy-000,GLBX-001,GLBX-1-989,MARKET,BUY,1,GTC,False,False,1,TAKER,6734.5,0.0,['0.00 USD'],NO_TRIGGER,FILLED,NO_CONTINGENCY,,,,MY_GENERIC_ALGO,,O-20260309-133007-001-000-1232,,af84c88e-30c0-4e4c-8448-f56c46d073cf,2026-03-09 13:30:07.052183986+00:00,2026-03-09 13:30:07.052183986+00:00
BACKTESTER-001,OracleStrategy-000,MESM6.GLBX,GLBX-1-990,MESM6.GLBX-OracleStrategy-000,GLBX-001,GLBX-1-990,MARKET,SELL,1,GTC,True,False,1,TAKER,6738.0,0.0,['0.00 USD'],NO_TRIGGER,FILLED,NO_CONTINGENCY,,,,MY_GENERIC_ALGO,,O-20260309-133045-001-000-1233,,c10b6a1c-b824-422b-8980-305cb8e46b46,2026-03-09 13:30:45.873834173+00:00,2026-03-09 13:30:45.873834173+00:00
BACKTESTER-001,OracleStrategy-000,MESM6.GLBX,GLBX-1-991,MESM6.GLBX-OracleStrategy-000,GLBX-001,GLBX-1-991,MARKET,SELL,1,GTC,False,False,1,TAKER,6738.0,0.0,['0.00 USD'],NO_TRIGGER,FILLED,NO_CONTINGENCY,,,,MY_GENERIC_ALGO,,O-20260309-133045-001-000-1234,,4cfe4604-f94f-4282-b514-2ac746030032,2026-03-09 13:30:45.873834173+00:00,2026-03-09 13:30:45.873834173+00:00
BACKTESTER-001,OracleStrategy-000,MESM6.GLBX,GLBX-1-992,MESM6.GLBX-OracleStrategy-000,GLBX-001,GLBX-1-992,MARKET,BUY,1,GTC,True,False,1,TAKER,6735.75,0.0,['0.00 USD'],NO_TRIGGER,FILLED,NO_CONTINGENCY,,,,MY_GENERIC_ALGO,,O-20260309-133200-001-000-1235,,0482967b-208b-4379-aeb5-a0e4b04d5b93,2026-03-09 13:32:00.568850671+00:00,2026-03-09 13:32:00.568850671+00:00
BACKTESTER-001,OracleStrategy-000,MESM6.GLBX,GLBX-1-993,MESM6.GLBX-OracleStrategy-000,GLBX-001,GLBX-1-993,MARKET,BUY,1,GTC,False,False,1,TAKER,6735.75,0.0,['0.00 USD'],NO_TRIGGER,FILLED,NO_CONTINGENCY,,,,MY_GENERIC_ALGO,,O-20260309-133205-001-000-1237,,a3964868-553a-47e0-92ad-2c50bb1314f8,2026-03-09 13:32:05.988598727+00:00,2026-03-09 13:32:05.988598727+00:00
BACKTESTER-001,OracleStrategy-000,MESM6.GLBX,GLBX-1-994,MESM6.GLBX-OracleStrategy-000,GLBX-001,GLBX-1-994,MARKET,SELL,1,GTC,True,False,1,TAKER,6734.25,0.0,['0.00 USD'],NO_TRIGGER,FILLED,NO_CONTINGENCY,,,,MY_GENERIC_ALGO,,O-20260309-133208-001-000-1238,,346f67ce-fb0f-4af5-b53d-a2ff57ce8f2d,2026-03-09 13:32:08.891514896+00:00,2026-03-09 13:32:08.891514896+00:00
BACKTESTER-001,OracleStrategy-000,MESM6.GLBX,GLBX-1-995,MESM6.GLBX-OracleStrategy-000,GLBX-001,GLBX-1-995,MARKET,SELL,1,GTC,False,False,1,TAKER,6734.25,0.0,['0.00 USD'],NO_TRIGGER,FILLED,NO_CONTINGENCY,,,,MY_GENERIC_ALGO,,O-20260309-133208-001-000-1239,,8d3e5f4e-b653-4b0b-8f8f-fe9c3aa145b5,2026-03-09 13:32:08.891514896+00:00,2026-03-09 13:32:08.891514896+00:00
BACKTESTER-001,OracleStrategy-000,MESM6.GLBX,GLBX-1-996,MESM6.GLBX-OracleStrategy-000,GLBX-001,GLBX-1-996,MARKET,BUY,1,GTC,True,False,1,TAKER,6725.75,0.0,['0.00 USD'],NO_TRIGGER,FILLED,NO_CONTINGENCY,,,,MY_GENERIC_ALGO,,O-20260309-133338-001-000-1240,,bdc39ced-0230-4673-9316-086677b99bc3,2026-03-09 13:33:38.027240288+00:00,2026-03-09 13:33:38.027240288+00:00
BACKTESTER-001,OracleStrategy-000,MESM6.GLBX,GLBX-1-997,MESM6.GLBX-OracleStrategy-000,GLBX-001,GLBX-1-997,MARKET,BUY,1,GTC,False,False,1,TAKER,6725.75,0.0,['0.00 USD'],NO_TRIGGER,FILLED,NO_CONTINGENCY,,,,MY_GENERIC_ALGO,,O-20260309-133338-001-000-1241,,bebbf580-002c-4b48-9e92-2e1061ce102d,2026-03-09 13:33:38.027240288+00:00,2026-03-09 13:33:38.027240288+00:00
BACKTESTER-001,OracleStrategy-000,MESM6.GLBX,GLBX-1-998,MESM6.GLBX-OracleStrategy-000,GLBX-001,GLBX-1-998,MARKET,SELL,1,GTC,True,False,1,TAKER,6729.75,0.0,['0.00 USD'],NO_TRIGGER,FILLED,NO_CONTINGENCY,,,,MY_GENERIC_ALGO,,O-20260309-133353-001-000-1242,,3a790ab4-d150-4848-a9f1-82c745726164,2026-03-09 13:33:53.077901319+00:00,2026-03-09 13:33:53.077901319+00:00
BACKTESTER-001,OracleStrategy-000,MESM6.GLBX,GLBX-1-999,MESM6.GLBX-OracleStrategy-000,GLBX-001,GLBX-1-999,MARKET,SELL,1,GTC,False,False,1,TAKER,6729.75,0.0,['0.00 USD'],NO_TRIGGER,FILLED,NO_CONTINGENCY,,,,MY_GENERIC_ALGO,,O-20260309-133353-001-000-1243,,b088792d-33eb-4396-8b9e-053ffc93bd24,2026-03-09 13:33:53.077901319+00:00,2026-03-09 13:33:53.077901319+00:00
BACKTESTER-001,OracleStrategy-000,MESM6.GLBX,GLBX-1-1000,MESM6.GLBX-OracleStrategy-000,GLBX-001,GLBX-1-1000,MARKET,BUY,1,GTC,True,False,1,TAKER,6728.0,0.0,['0.00 USD'],NO_TRIGGER,FILLED,NO_CONTINGENCY,,,,MY_GENERIC_ALGO,,O-20260309-133355-001-000-1244,,38e18e43-c87e-4533-bbfb-14f272343a74,2026-03-09 13:33:55.297077912+00:00,2026-03-09 13:33:55.297077912+00:00
BACKTESTER-001,OracleStrategy-000,MESM6.GLBX,GLBX-1-1001,MESM6.GLBX-OracleStrategy-000,GLBX-001,GLBX-1-1001,MARKET,BUY,1,GTC,False,False,1,TAKER,6727.75,0.0,['0.00 USD'],NO_TRIGGER,FILLED,NO_CONTINGENCY,,,,MY_GENERIC_ALGO,,O-20260309-133359-001-000-1246,,043e6f9a-ea77-4b6f-a5b8-11f14a38137d,2026-03-09 13:33:59.456620125+00:00,2026-03-09 13:33:59.456620125+00:00
BACKTESTER-001,OracleStrategy-000,MESM6.GLBX,GLBX-1-1002,MESM6.GLBX-OracleStrategy-000,GLBX-001,GLBX-1-1002,MARKET,SELL,1,GTC,True,False,1,TAKER,6730.0,0.0,['0.00 USD'],NO_TRIGGER,FILLED,NO_CONTINGENCY,,,,MY_GENERIC_ALGO,,O-20260309-133405-001-000-1247,,404e34f9-34a3-4946-9ece-a2c97d640476,2026-03-09 13:34:05.744055679+00:00,2026-03-09 13:34:05.744055679+00:00
BACKTESTER-001,OracleStrategy-000,MESM6.GLBX,GLBX-1-1003,MESM6.GLBX-OracleStrategy-000,GLBX-001,GLBX-1-1003,MARKET,SELL,1,GTC,False,False,1,TAKER,6730.0,0.0,['0.00 USD'],NO_TRIGGER,FILLED,NO_CONTINGENCY,,,,MY_GENERIC_ALGO,,O-20260309-133405-001-000-1248,,51b2b235-7ef7-4f1d-bcf9-e3334d1db679,2026-03-09 13:34:05.744055679+00:00,2026-03-09 13:34:05.744055679+00:00
BACKTESTER-001,OracleStrategy-000,MESM6.GLBX,GLBX-1-1004,MESM6.GLBX-OracleStrategy-000,GLBX-001,GLBX-1-1004,MARKET,BUY,1,GTC,True,False,1,TAKER,6731.25,0.0,['0.00 USD'],NO_TRIGGER,FILLED,NO_CONTINGENCY,,,,MY_GENERIC_ALGO,,O-20260309-133519-001-000-1249,,87f95885-e066-431f-aa02-36e259de359a,2026-03-09 13:35:19.292998051+00:00,2026-03-09 13:35:19.292998051+00:00
BACKTESTER-001,OracleStrategy-000,MESM6.GLBX,GLBX-1-1005,MESM6.GLBX-OracleStrategy-000,GLBX-001,GLBX-1-1005,MARKET,BUY,1,GTC,False,False,1,TAKER,6731.75,0.0,['0.00 USD'],NO_TRIGGER,FILLED,NO_CONTINGENCY,,,,MY_GENERIC_ALGO,,O-20260309-133525-001-000-1251,,3af30fe7-f517-4aef-a7bb-20f58d9c0007,2026-03-09 13:35:25.983362104+00:00,2026-03-09 13:35:25.983362104+00:00
BACKTESTER-001,OracleStrategy-000,MESM6.GLBX,GLBX-1-1006,MESM6.GLBX-OracleStrategy-000,GLBX-001,GLBX-1-1006,MARKET,SELL,1,GTC,True,False,1,TAKER,6728.25,0.0,['0.00 USD'],NO_TRIGGER,FILLED,NO_CONTINGENCY,,,,MY_GENERIC_ALGO,,O-20260309-133536-001-000-1252,,b807164c-965a-4bff-9a9b-582efbf6a3f1,2026-03-09 13:35:36.208674861+00:00,2026-03-09 13:35:36.208674861+00:00
BACKTESTER-001,OracleStrategy-000,MESM6.GLBX,GLBX-1-1007,MESM6.GLBX-OracleStrategy-000,GLBX-001,GLBX-1-1007,MARKET,SELL,1,GTC,False,False,1,TAKER,6728.25,0.0,['0.00 USD'],NO_TRIGGER,FILLED,NO_CONTINGENCY,,,,MY_GENERIC_ALGO,,O-20260309-133536-001-000-1253,,81b70f3a-2104-4102-b258-3a5539caee19,2026-03-09 13:35:36.208674861+00:00,2026-03-09 13:35:36.208674861+00:00
BACKTESTER-001,OracleStrategy-000,MESM6.GLBX,GLBX-1-1008,MESM6.GLBX-OracleStrategy-000,GLBX-001,GLBX-1-1008,MARKET,BUY,1,GTC,True,False,1,TAKER,6717.25,0.0,['0.00 USD'],NO_TRIGGER,FILLED,NO_CONTINGENCY,,,,MY_GENERIC_ALGO,,O-20260309-133832-001-000-1254,,1a3f77a1-b3a6-47f9-832d-6067557a0d9b,2026-03-09 13:38:32.108446192+00:00,2026-03-09 13:38:32.108446192+00:00
BACKTESTER-001,OracleStrategy-000,MESM6.GLBX,GLBX-1-1009,MESM6.GLBX-OracleStrategy-000,GLBX-001,GLBX-1-1009,MARKET,BUY,1,GTC,False,False,1,TAKER,6717.25,0.0,['0.00 USD'],NO_TRIGGER,FILLED,NO_CONTINGENCY,,,,MY_GENERIC_ALGO,,O-20260309-133832-001-000-1255,,4fbe1b97-3dc3-43f5-9518-9ab2a970cc25,2026-03-09 13:38:32.108446192+00:00,2026-03-09 13:38:32.108446192+00:00
BACKTESTER-001,OracleStrategy-000,MESM6.GLBX,GLBX-1-1010,MESM6.GLBX-OracleStrategy-000,GLBX-001,GLBX-1-1010,MARKET,SELL,1,GTC,True,False,1,TAKER,6719.5,0.0,['0.00 USD'],NO_TRIGGER,FILLED,NO_CONTINGENCY,,,,MY_GENERIC_ALGO,,O-20260309-133854-001-000-1256,,f8d596fd-6369-4497-87af-090f7d6043b9,2026-03-09 13:38:54.347519291+00:00,2026-03-09 13:38:54.347519291+00:00
BACKTESTER-001,OracleStrategy-000,MESM6.GLBX,GLBX-1-1011,MESM6.GLBX-OracleStrategy-000,GLBX-001,GLBX-1-1011,MARKET,SELL,1,GTC,False,False,1,TAKER,6719.5,0.0,['0.00 USD'],NO_TRIGGER,FILLED,NO_CONTINGENCY,,,,MY_GENERIC_ALGO,,O-20260309-133854-001-000-1257,,49355ddc-9d58-468c-8d36-e991bce3353e,2026-03-09 13:38:54.347519291+00:00,2026-03-09 13:38:54.347519291+00:00
BACKTESTER-001,OracleStrategy-000,MESM6.GLBX,GLBX-1-1012,MESM6.GLBX-OracleStrategy-000,GLBX-001,GLBX-1-1012,MARKET,BUY,1,GTC,True,False,1,TAKER,6708.25,0.0,['0.00 USD'],NO_TRIGGER,FILLED,NO_CONTINGENCY,,,,MY_GENERIC_ALGO,,O-20260309-134110-001-000-1258,,aa9b4b0d-ebd8-4783-a321-0c3ee2892a81,2026-03-09 13:41:10.989830051+00:00,2026-03-09 13:41:10.989830051+00:00
BACKTESTER-001,OracleStrategy-000,MESM6.GLBX,GLBX-1-1013,MESM6.GLBX-OracleStrategy-000,GLBX-001,GLBX-1-1013,MARKET,BUY,1,GTC,False,False,1,TAKER,6708.25,0.0,['0.00 USD'],NO_TRIGGER,FILLED,NO_CONTINGENCY,,,,MY_GENERIC_ALGO,,O-20260309-134110-001-000-1259,,036ddaa9-4286-4a92-a728-8e578286194f,2026-03-09 13:41:10.989830051+00:00,2026-03-09 13:41:10.989830051+00:00
BACKTESTER-001,OracleStrategy-000,MESM6.GLBX,GLBX-1-1014,MESM6.GLBX-OracleStrategy-000,GLBX-001,GLBX-1-1014,MARKET,SELL,1,GTC,True,False,1,TAKER,6709.5,0.0,['0.00 USD'],NO_TRIGGER,FILLED,NO_CONTINGENCY,,,,MY_GENERIC_ALGO,,O-20260309-134131-001-000-1260,,a311d176-0f67-449f-a57d-20810797d457,2026-03-09 13:41:31.746325896+00:00,2026-03-09 13:41:31.746325896+00:00
BACKTESTER-001,OracleStrategy-000,MESM6.GLBX,GLBX-1-1015,MESM6.GLBX-OracleStrategy-000,GLBX-001,GLBX-1-1015,MARKET,SELL,1,GTC,False,False,1,TAKER,6709.5,0.0,['0.00 USD'],NO_TRIGGER,FILLED,NO_CONTINGENCY,,,,MY_GENERIC_ALGO,,O-20260309-134131-001-000-1261,,0b16a374-22c7-4028-a990-8ae0fc21b213,2026-03-09 13:41:31.746325896+00:00,2026-03-09 13:41:31.746325896+00:00
BACKTESTER-001,OracleStrategy-000,MESM6.GLBX,GLBX-1-1016,MESM6.GLBX-OracleStrategy-000,GLBX-001,GLBX-1-1016,MARKET,BUY,1,GTC,True,False,1,TAKER,6704.25,0.0,['0.00 USD'],NO_TRIGGER,FILLED,NO_CONTINGENCY,,,,MY_GENERIC_ALGO,,O-20260309-134246-001-000-1262,,1b670ca9-0aca-45c9-b3c2-c54b85516740,2026-03-09 13:42:46.495202667+00:00,2026-03-09 13:42:46.495202667+00:00
BACKTESTER-001,OracleStrategy-000,MESM6.GLBX,GLBX-1-1017,MESM6.GLBX-OracleStrategy-000,GLBX-001,GLBX-1-1017,MARKET,BUY,1,GTC,False,False,1,TAKER,6704.25,0.0,['0.00 USD'],NO_TRIGGER,FILLED,NO_CONTINGENCY,,,,MY_GENERIC_ALGO,,O-20260309-134246-001-000-1263,,b9acecbf-8532-4fa7-b169-21d9eb2c3465,2026-03-09 13:42:46.495202667+00:00,2026-03-09 13:42:46.495202667+00:00
BACKTESTER-001,OracleStrategy-000,MESM6.GLBX,GLBX-1-1018,MESM6.GLBX-OracleStrategy-000,GLBX-001,GLBX-1-1018,MARKET,SELL,1,GTC,True,False,1,TAKER,6707.5,0.0,['0.00 USD'],NO_TRIGGER,FILLED,NO_CONTINGENCY,,,,MY_GENERIC_ALGO,,O-20260309-134349-001-000-1264,,812c98a9-f632-4858-9b5b-11fcad52793e,2026-03-09 13:43:49.943061320+00:00,2026-03-09 13:43:49.943061320+00:00
BACKTESTER-001,OracleStrategy-000,MESM6.GLBX,GLBX-1-1019,MESM6.GLBX-OracleStrategy-000,GLBX-001,GLBX-1-1019,MARKET,SELL,1,GTC,False,False,1,TAKER,6708.0,0.0,['0.00 USD'],NO_TRIGGER,FILLED,NO_CONTINGENCY,,,,MY_GENERIC_ALGO,,O-20260309-134351-001-000-1266,,be77b409-12a1-4049-b466-1892cce36d19,2026-03-09 13:43:51.141459354+00:00,2026-03-09 13:43:51.141459354+00:00
BACKTESTER-001,OracleStrategy-000,MESM6.GLBX,GLBX-1-1020,MESM6.GLBX-OracleStrategy-000,GLBX-001,GLBX-1-1020,MARKET,BUY,1,GTC,True,False,1,TAKER,6707.5,0.0,['0.00 USD'],NO_TRIGGER,FILLED,NO_CONTINGENCY,,,,MY_GENERIC_ALGO,,O-20260309-134419-001-000-1267,,90fc7616-83e5-44d8-9ae1-b71754858085,2026-03-09 13:44:19.579678156+00:00,2026-03-09 13:44:19.579678156+00:00
BACKTESTER-001,OracleStrategy-000,MESM6.GLBX,GLBX-1-1021,MESM6.GLBX-OracleStrategy-000,GLBX-001,GLBX-1-1021,MARKET,BUY,1,GTC,False,False,1,TAKER,6707.5,0.0,['0.00 USD'],NO_TRIGGER,FILLED,NO_CONTINGENCY,,,,MY_GENERIC_ALGO,,O-20260309-134419-001-000-1268,,12e5f2a2-30ce-4ec0-b2c2-32426f276926,2026-03-09 13:44:19.579678156+00:00,2026-03-09 13:44:19.579678156+00:00
BACKTESTER-001,OracleStrategy-000,MESM6.GLBX,GLBX-1-1022,MESM6.GLBX-OracleStrategy-000,GLBX-001,GLBX-1-1022,MARKET,SELL,1,GTC,True,False,1,TAKER,6706.5,0.0,['0.00 USD'],NO_TRIGGER,FILLED,NO_CONTINGENCY,,,,MY_GENERIC_ALGO,,O-20260309-134434-001-000-1269,,306474b9-ce95-4ab1-bd7c-4e055fd1dac4,2026-03-09 13:44:34.006105563+00:00,2026-03-09 13:44:34.006105563+00:00
BACKTESTER-001,OracleStrategy-000,MESM6.GLBX,GLBX-1-1023,MESM6.GLBX-OracleStrategy-000,GLBX-001,GLBX-1-1023,MARKET,BUY,1,GTC,False,False,1,TAKER,6705.75,0.0,['0.00 USD'],NO_TRIGGER,FILLED,NO_CONTINGENCY,,,,MY_GENERIC_ALGO,,O-20260309-134436-001-000-1271,,87c45596-c1f3-4e97-aa6a-2157309f58da,2026-03-09 13:44:36.662272471+00:00,2026-03-09 13:44:36.662272471+00:00
BACKTESTER-001,OracleStrategy-000,MESM6.GLBX,GLBX-1-1024,MESM6.GLBX-OracleStrategy-000,GLBX-001,GLBX-1-1024,MARKET,SELL,1,GTC,True,False,1,TAKER,6706.5,0.0,['0.00 USD'],NO_TRIGGER,FILLED,NO_CONTINGENCY,,,,MY_GENERIC_ALGO,,O-20260309-134456-001-000-1272,,cd58ae6d-8c1b-4c08-92bb-0c1e338a949b,2026-03-09 13:44:56.966813091+00:00,2026-03-09 13:44:56.966813091+00:00
BACKTESTER-001,OracleStrategy-000,MESM6.GLBX,GLBX-1-1025,MESM6.GLBX-OracleStrategy-000,GLBX-001,GLBX-1-1025,MARKET,SELL,1,GTC,False,False,1,TAKER,6706.5,0.0,['0.00 USD'],NO_TRIGGER,FILLED,NO_CONTINGENCY,,,,MY_GENERIC_ALGO,,O-20260309-134456-001-000-1273,,704debb4-f41f-4e8c-9b72-26ef002a00e0,2026-03-09 13:44:56.966813091+00:00,2026-03-09 13:44:56.966813091+00:00
BACKTESTER-001,OracleStrategy-000,MESM6.GLBX,GLBX-1-1026,MESM6.GLBX-OracleStrategy-000,GLBX-001,GLBX-1-1026,MARKET,BUY,1,GTC,True,False,1,TAKER,6706.25,0.0,['0.00 USD'],NO_TRIGGER,FILLED,NO_CONTINGENCY,,,,MY_GENERIC_ALGO,,O-20260309-134530-001-000-1274,,e2779bab-25e9-442b-8208-db46c5ad94d0,2026-03-09 13:45:30.681292168+00:00,2026-03-09 13:45:30.681292168+00:00
BACKTESTER-001,OracleStrategy-000,MESM6.GLBX,GLBX-1-1027,MESM6.GLBX-OracleStrategy-000,GLBX-001,GLBX-1-1027,MARKET,BUY,1,GTC,False,False,1,TAKER,6706.25,0.0,['0.00 USD'],NO_TRIGGER,FILLED,NO_CONTINGENCY,,,,MY_GENERIC_ALGO,,O-20260309-134530-001-000-1275,,85d2d048-a9fd-4203-a33e-ca0b7b680a55,2026-03-09 13:45:30.681292168+00:00,2026-03-09 13:45:30.681292168+00:00
BACKTESTER-001,OracleStrategy-000,MESM6.GLBX,GLBX-1-1028,MESM6.GLBX-OracleStrategy-000,GLBX-001,GLBX-1-1028,MARKET,SELL,1,GTC,True,False,1,TAKER,6709.75,0.0,['0.00 USD'],NO_TRIGGER,FILLED,NO_CONTINGENCY,,,,MY_GENERIC_ALGO,,O-20260309-134605-001-000-1276,,82b86280-9dfa-4f7f-b581-97e06d0ff3ac,2026-03-09 13:46:05.781293864+00:00,2026-03-09 13:46:05.781293864+00:00
BACKTESTER-001,OracleStrategy-000,MESM6.GLBX,GLBX-1-1029,MESM6.GLBX-OracleStrategy-000,GLBX-001,GLBX-1-1029,MARKET,SELL,1,GTC,False,False,1,TAKER,6709.75,0.0,['0.00 USD'],NO_TRIGGER,FILLED,NO_CONTINGENCY,,,,MY_GENERIC_ALGO,,O-20260309-134605-001-000-1277,,c8c07de3-c283-442b-8511-02db5cdbe148,2026-03-09 13:46:05.781293864+00:00,2026-03-09 13:46:05.781293864+00:00
BACKTESTER-001,OracleStrategy-000,MESM6.GLBX,GLBX-1-1030,MESM6.GLBX-OracleStrategy-000,GLBX-001,GLBX-1-1030,MARKET,BUY,1,GTC,True,False,1,TAKER,6707.75,0.0,['0.00 USD'],NO_TRIGGER,FILLED,NO_CONTINGENCY,,,,MY_GENERIC_ALGO,,O-20260309-134618-001-000-1278,,c766b618-2af6-44a2-a5c5-1cec4e0b33c2,2026-03-09 13:46:18.088965019+00:00,2026-03-09 13:46:18.088965019+00:00
BACKTESTER-001,OracleStrategy-000,MESM6.GLBX,GLBX-1-1031,MESM6.GLBX-OracleStrategy-000,GLBX-001,GLBX-1-1031,MARKET,BUY,1,GTC,False,False,1,TAKER,6707.75,0.0,['0.00 USD'],NO_TRIGGER,FILLED,NO_CONTINGENCY,,,,MY_GENERIC_ALGO,,O-20260309-134618-001-000-1279,,788732cc-fc04-4b02-a41c-ec7e668141b5,2026-03-09 13:46:18.088965019+00:00,2026-03-09 13:46:18.088965019+00:00
BACKTESTER-001,OracleStrategy-000,MESM6.GLBX,GLBX-1-1032,MESM6.GLBX-OracleStrategy-000,GLBX-001,GLBX-1-1032,MARKET,SELL,1,GTC,True,False,1,TAKER,6709.75,0.0,['0.00 USD'],NO_TRIGGER,FILLED,NO_CONTINGENCY,,,,MY_GENERIC_ALGO,,O-20260309-134628-001-000-1280,,f5cac89c-69d0-47b9-a52b-30dffce35f9b,2026-03-09 13:46:28.702631458+00:00,2026-03-09 13:46:28.702631458+00:00
BACKTESTER-001,OracleStrategy-000,MESM6.GLBX,GLBX-1-1033,MESM6.GLBX-OracleStrategy-000,GLBX-001,GLBX-1-1033,MARKET,SELL,1,GTC,False,False,1,TAKER,6709.75,0.0,['0.00 USD'],NO_TRIGGER,FILLED,NO_CONTINGENCY,,,,MY_GENERIC_ALGO,,O-20260309-134628-001-000-1281,,83f1e241-cd68-4fdf-91b8-f9d5630ed787,2026-03-09 13:46:28.702631458+00:00,2026-03-09 13:46:28.702631458+00:00
BACKTESTER-001,OracleStrategy-000,MESM6.GLBX,GLBX-1-1034,MESM6.GLBX-OracleStrategy-000,GLBX-001,GLBX-1-1034,MARKET,BUY,1,GTC,True,False,1,TAKER,6709.25,0.0,['0.00 USD'],NO_TRIGGER,FILLED,NO_CONTINGENCY,,,,MY_GENERIC_ALGO,,O-20260309-134654-001-000-1282,,08cb8722-4d44-4345-85b0-cbf29e0268c2,2026-03-09 13:46:54.750913896+00:00,2026-03-09 13:46:54.750913896+00:00
BACKTESTER-001,OracleStrategy-000,MESM6.GLBX,GLBX-1-1035,MESM6.GLBX-OracleStrategy-000,GLBX-001,GLBX-1-1035,MARKET,BUY,1,GTC,False,False,1,TAKER,6709.25,0.0,['0.00 USD'],NO_TRIGGER,FILLED,NO_CONTINGENCY,,,,MY_GENERIC_ALGO,,O-20260309-134654-001-000-1283,,276d9cd1-9b62-4674-859d-dc04597b6d6c,2026-03-09 13:46:54.750913896+00:00,2026-03-09 13:46:54.750913896+00:00
BACKTESTER-001,OracleStrategy-000,MESM6.GLBX,GLBX-1-1036,MESM6.GLBX-OracleStrategy-000,GLBX-001,GLBX-1-1036,MARKET,SELL,1,GTC,True,False,1,TAKER,6714.75,0.0,['0.00 USD'],NO_TRIGGER,FILLED,NO_CONTINGENCY,,,,MY_GENERIC_ALGO,,O-20260309-134811-001-000-1284,,4bf0e7e3-107d-4666-8054-b29d263e66d2,2026-03-09 13:48:11.362643050+00:00,2026-03-09 13:48:11.362643050+00:00
BACKTESTER-001,OracleStrategy-000,MESM6.GLBX,GLBX-1-1037,MESM6.GLBX-OracleStrategy-000,GLBX-001,GLBX-1-1037,MARKET,SELL,1,GTC,False,False,1,TAKER,6714.75,0.0,['0.00 USD'],NO_TRIGGER,FILLED,NO_CONTINGENCY,,,,MY_GENERIC_ALGO,,O-20260309-134811-001-000-1285,,e5314400-3727-42e3-acca-7f925bbdd0e8,2026-03-09 13:48:11.362643050+00:00,2026-03-09 13:48:11.362643050+00:00
BACKTESTER-001,OracleStrategy-000,MESM6.GLBX,GLBX-1-1038,MESM6.GLBX-OracleStrategy-000,GLBX-001,GLBX-1-1038,MARKET,BUY,1,GTC,True,False,1,TAKER,6711.25,0.0,['0.00 USD'],NO_TRIGGER,FILLED,NO_CONTINGENCY,,,,MY_GENERIC_ALGO,,O-20260309-134812-001-000-1286,,a3a6a4d3-66a8-4ef3-8bd2-27fd556aad4d,2026-03-09 13:48:12.464064616+00:00,2026-03-09 13:48:12.464064616+00:00
BACKTESTER-001,OracleStrategy-000,MESM6.GLBX,GLBX-1-1039,MESM6.GLBX-OracleStrategy-000,GLBX-001,GLBX-1-1039,MARKET,BUY,1,GTC,False,False,1,TAKER,6711.25,0.0,['0.00 USD'],NO_TRIGGER,FILLED,NO_CONTINGENCY,,,,MY_GENERIC_ALGO,,O-20260309-134812-001-000-1287,,b729c4aa-66af-4069-9100-25ca2ba14577,2026-03-09 13:48:12.464064616+00:00,2026-03-09 13:48:12.464064616+00:00
BACKTESTER-001,OracleStrategy-000,MESM6.GLBX,GLBX-1-1040,MESM6.GLBX-OracleStrategy-000,GLBX-001,GLBX-1-1040,MARKET,SELL,1,GTC,True,False,1,TAKER,6715.0,0.0,['0.00 USD'],NO_TRIGGER,FILLED,NO_CONTINGENCY,,,,MY_GENERIC_ALGO,,O-20260309-134832-001-000-1288,,b9bb7374-5f05-4790-a733-137318e2266b,2026-03-09 13:48:32.230247360+00:00,2026-03-09 13:48:32.230247360+00:00
BACKTESTER-001,OracleStrategy-000,MESM6.GLBX,GLBX-1-1041,MESM6.GLBX-OracleStrategy-000,GLBX-001,GLBX-1-1041,MARKET,SELL,1,GTC,False,False,1,TAKER,6715.0,0.0,['0.00 USD'],NO_TRIGGER,FILLED,NO_CONTINGENCY,,,,MY_GENERIC_ALGO,,O-20260309-134832-001-000-1289,,7a9a3c6e-a138-4464-aa50-fddf51e82e7f,2026-03-09 13:48:32.230247360+00:00,2026-03-09 13:48:32.230247360+00:00
BACKTESTER-001,OracleStrategy-000,MESM6.GLBX,GLBX-1-1042,MESM6.GLBX-OracleStrategy-000,GLBX-001,GLBX-1-1042,MARKET,BUY,1,GTC,True,False,1,TAKER,6702.5,0.0,['0.00 USD'],NO_TRIGGER,FILLED,NO_CONTINGENCY,,,,MY_GENERIC_ALGO,,O-20260309-134955-001-000-1290,,007176b8-436f-4e92-bc52-b71da6196184,2026-03-09 13:49:55.411991154+00:00,2026-03-09 13:49:55.411991154+00:00
BACKTESTER-001,OracleStrategy-000,MESM6.GLBX,GLBX-1-1043,MESM6.GLBX-OracleStrategy-000,GLBX-001,GLBX-1-1043,MARKET,BUY,1,GTC,False,False,1,TAKER,6702.75,0.0,['0.00 USD'],NO_TRIGGER,FILLED,NO_CONTINGENCY,,,,MY_GENERIC_ALGO,,O-20260309-135011-001-000-1292,,a2ab79eb-de02-45a5-9b33-1f01c4289154,2026-03-09 13:50:11.682204632+00:00,2026-03-09 13:50:11.682204632+00:00
BACKTESTER-001,OracleStrategy-000,MESM6.GLBX,GLBX-1-1044,MESM6.GLBX-OracleStrategy-000,GLBX-001,GLBX-1-1044,MARKET,SELL,1,GTC,True,False,1,TAKER,6706.0,0.0,['0.00 USD'],NO_TRIGGER,FILLED,NO_CONTINGENCY,,,,MY_GENERIC_ALGO,,O-20260309-135016-001-000-1293,,805db6e4-7ff6-4364-9af0-e57cdcabed94,2026-03-09 13:50:16.255191749+00:00,2026-03-09 13:50:16.255191749+00:00
BACKTESTER-001,OracleStrategy-000,MESM6.GLBX,GLBX-1-1045,MESM6.GLBX-OracleStrategy-000,GLBX-001,GLBX-1-1045,MARKET,SELL,1,GTC,False,False,1,TAKER,6706.0,0.0,['0.00 USD'],NO_TRIGGER,FILLED,NO_CONTINGENCY,,,,MY_GENERIC_ALGO,,O-20260309-135016-001-000-1294,,35adf1b7-6a9d-4d62-8d1a-181c8f7b0c01,2026-03-09 13:50:16.255191749+00:00,2026-03-09 13:50:16.255191749+00:00
BACKTESTER-001,OracleStrategy-000,MESM6.GLBX,GLBX-1-1046,MESM6.GLBX-OracleStrategy-000,GLBX-001,GLBX-1-1046,MARKET,BUY,1,GTC,True,False,1,TAKER,6701.0,0.0,['0.00 USD'],NO_TRIGGER,FILLED,NO_CONTINGENCY,,,,MY_GENERIC_ALGO,,O-20260309-135102-001-000-1295,,04e8be2f-fe3f-4ed0-ae10-8f2d7f1fd37d,2026-03-09 13:51:02.623079175+00:00,2026-03-09 13:51:02.623079175+00:00
BACKTESTER-001,OracleStrategy-000,MESM6.GLBX,GLBX-1-1047,MESM6.GLBX-OracleStrategy-000,GLBX-001,GLBX-1-1047,MARKET,BUY,1,GTC,False,False,1,TAKER,6701.0,0.0,['0.00 USD'],NO_TRIGGER,FILLED,NO_CONTINGENCY,,,,MY_GENERIC_ALGO,,O-20260309-135102-001-000-1296,,59420d03-13c5-4fdb-991b-fe6f05976e7c,2026-03-09 13:51:02.623079175+00:00,2026-03-09 13:51:02.623079175+00:00
BACKTESTER-001,OracleStrategy-000,MESM6.GLBX,GLBX-1-1048,MESM6.GLBX-OracleStrategy-000,GLBX-001,GLBX-1-1048,MARKET,SELL,1,GTC,True,False,1,TAKER,6702.5,0.0,['0.00 USD'],NO_TRIGGER,FILLED,NO_CONTINGENCY,,,,MY_GENERIC_ALGO,,O-20260309-135110-001-000-1297,,021c8cfe-37a0-44ad-8ebb-e0f47b341338,2026-03-09 13:51:10.207297413+00:00,2026-03-09 13:51:10.207297413+00:00
BACKTESTER-001,OracleStrategy-000,MESM6.GLBX,GLBX-1-1049,MESM6.GLBX-OracleStrategy-000,GLBX-001,GLBX-1-1049,MARKET,SELL,1,GTC,False,False,1,TAKER,6702.5,0.0,['0.00 USD'],NO_TRIGGER,FILLED,NO_CONTINGENCY,,,,MY_GENERIC_ALGO,,O-20260309-135110-001-000-1298,,d1ce5d39-41cf-4d8a-baee-f112c0d0e96d,2026-03-09 13:51:10.207297413+00:00,2026-03-09 13:51:10.207297413+00:00
BACKTESTER-001,OracleStrategy-000,MESM6.GLBX,GLBX-1-1050,MESM6.GLBX-OracleStrategy-000,GLBX-001,GLBX-1-1050,MARKET,BUY,1,GTC,True,False,1,TAKER,6700.75,0.0,['0.00 USD'],NO_TRIGGER,FILLED,NO_CONTINGENCY,,,,MY_GENERIC_ALGO,,O-20260309-135125-001-000-1299,,e3a0b06f-94a8-401f-8590-01b347f72bf8,2026-03-09 13:51:25.591635354+00:00,2026-03-09 13:51:25.591635354+00:00
BACKTESTER-001,OracleStrategy-000,MESM6.GLBX,GLBX-1-1051,MESM6.GLBX-OracleStrategy-000,GLBX-001,GLBX-1-1051,MARKET,BUY,1,GTC,False,False,1,TAKER,6700.75,0.0,['0.00 USD'],NO_TRIGGER,FILLED,NO_CONTINGENCY,,,,MY_GENERIC_ALGO,,O-20260309-135125-001-000-1300,,e6d280d6-c494-41b3-9a8d-c5d3c912d01f,2026-03-09 13:51:25.591635354+00:00,2026-03-09 13:51:25.591635354+00:00
BACKTESTER-001,OracleStrategy-000,MESM6.GLBX,GLBX-1-1052,MESM6.GLBX-OracleStrategy-000,GLBX-001,GLBX-1-1052,MARKET,SELL,1,GTC,True,False,1,TAKER,6699.25,0.0,['0.00 USD'],NO_TRIGGER,FILLED,NO_CONTINGENCY,,,,MY_GENERIC_ALGO,,O-20260309-135132-001-000-1301,,795f0953-69ce-4384-97e0-55ea23583be0,2026-03-09 13:51:32.184502722+00:00,2026-03-09 13:51:32.184502722+00:00
BACKTESTER-001,OracleStrategy-000,MESM6.GLBX,GLBX-1-1053,MESM6.GLBX-OracleStrategy-000,GLBX-001,GLBX-1-1053,MARKET,SELL,1,GTC,False,False,1,TAKER,6699.25,0.0,['0.00 USD'],NO_TRIGGER,FILLED,NO_CONTINGENCY,,,,MY_GENERIC_ALGO,,O-20260309-135132-001-000-1302,,aff891e3-5814-4aee-91f1-c76ee4aea3c6,2026-03-09 13:51:32.184502722+00:00,2026-03-09 13:51:32.184502722+00:00
BACKTESTER-001,OracleStrategy-000,MESM6.GLBX,GLBX-1-1054,MESM6.GLBX-OracleStrategy-000,GLBX-001,GLBX-1-1054,MARKET,BUY,1,GTC,True,False,1,TAKER,6702.25,0.0,['0.00 USD'],NO_TRIGGER,FILLED,NO_CONTINGENCY,,,,MY_GENERIC_ALGO,,O-20260309-135155-001-000-1303,,06caf114-95fa-45d3-ae15-3ea12ddc65ab,2026-03-09 13:51:55.548412488+00:00,2026-03-09 13:51:55.548412488+00:00
BACKTESTER-001,OracleStrategy-000,MESM6.GLBX,GLBX-1-1055,MESM6.GLBX-OracleStrategy-000,GLBX-001,GLBX-1-1055,MARKET,BUY,1,GTC,False,False,1,TAKER,6702.25,0.0,['0.00 USD'],NO_TRIGGER,FILLED,NO_CONTINGENCY,,,,MY_GENERIC_ALGO,,O-20260309-135155-001-000-1304,,225ff89b-04bc-433b-8619-4b0a53d83372,2026-03-09 13:51:55.548412488+00:00,2026-03-09 13:51:55.548412488+00:00
BACKTESTER-001,OracleStrategy-000,MESM6.GLBX,GLBX-1-1056,MESM6.GLBX-OracleStrategy-000,GLBX-001,GLBX-1-1056,MARKET,SELL,1,GTC,True,False,1,TAKER,6703.25,0.0,['0.00 USD'],NO_TRIGGER,FILLED,NO_CONTINGENCY,,,,MY_GENERIC_ALGO,,O-20260309-135234-001-000-1305,,c32961d7-cbe8-41da-adc3-0c64f599313c,2026-03-09 13:52:34.406435107+00:00,2026-03-09 13:52:34.406435107+00:00
BACKTESTER-001,OracleStrategy-000,MESM6.GLBX,GLBX-1-1057,MESM6.GLBX-OracleStrategy-000,GLBX-001,GLBX-1-1057,MARKET,SELL,1,GTC,False,False,1,TAKER,6707.5,0.0,['0.00 USD'],NO_TRIGGER,FILLED,NO_CONTINGENCY,,,,MY_GENERIC_ALGO,,O-20260309-135235-001-000-1307,,5afbb29f-2a6c-408b-bd30-813891c96ae0,2026-03-09 13:52:35.622043899+00:00,2026-03-09 13:52:35.622043899+00:00
BACKTESTER-001,OracleStrategy-000,MESM6.GLBX,GLBX-1-1058,MESM6.GLBX-OracleStrategy-000,GLBX-001,GLBX-1-1058,MARKET,BUY,1,GTC,True,False,1,TAKER,6697.25,0.0,['0.00 USD'],NO_TRIGGER,FILLED,NO_CONTINGENCY,,,,MY_GENERIC_ALGO,,O-20260309-135347-001-000-1308,,9b74129a-d6b2-45dd-b6f3-19a92deb3a60,2026-03-09 13:53:47.890057453+00:00,2026-03-09 13:53:47.890057453+00:00
BACKTESTER-001,OracleStrategy-000,MESM6.GLBX,GLBX-1-1059,MESM6.GLBX-OracleStrategy-000,GLBX-001,GLBX-1-1059,MARKET,BUY,1,GTC,False,False,1,TAKER,6697.25,0.0,['0.00 USD'],NO_TRIGGER,FILLED,NO_CONTINGENCY,,,,MY_GENERIC_ALGO,,O-20260309-135347-001-000-1309,,5f988a77-5e0a-4af3-babc-5ea92ec75e7f,2026-03-09 13:53:47.890057453+00:00,2026-03-09 13:53:47.890057453+00:00
BACKTESTER-001,OracleStrategy-000,MESM6.GLBX,GLBX-1-1060,MESM6.GLBX-OracleStrategy-000,GLBX-001,GLBX-1-1060,MARKET,SELL,1,GTC,True,False,1,TAKER,6700.0,0.0,['0.00 USD'],NO_TRIGGER,FILLED,NO_CONTINGENCY,,,,MY_GENERIC_ALGO,,O-20260309-135424-001-000-1310,,87fb1a62-d9ed-44bd-94e5-02c6dd40339a,2026-03-09 13:54:24.723180395+00:00,2026-03-09 13:54:24.723180395+00:00
BACKTESTER-001,OracleStrategy-000,MESM6.GLBX,GLBX-1-1061,MESM6.GLBX-OracleStrategy-000,GLBX-001,GLBX-1-1061,MARKET,SELL,1,GTC,False,False,1,TAKER,6697.0,0.0,['0.00 USD'],NO_TRIGGER,FILLED,NO_CONTINGENCY,,,,MY_GENERIC_ALGO,,O-20260309-135434-001-000-1312,,5ff90bbf-edc2-4983-bab2-fa9b88ebf36d,2026-03-09 13:54:34.172289952+00:00,2026-03-09 13:54:34.172289952+00:00
BACKTESTER-001,OracleStrategy-000,MESM6.GLBX,GLBX-1-1062,MESM6.GLBX-OracleStrategy-000,GLBX-001,GLBX-1-1062,MARKET,BUY,1,GTC,True,False,1,TAKER,6698.5,0.0,['0.00 USD'],NO_TRIGGER,FILLED,NO_CONTINGENCY,,,,MY_GENERIC_ALGO,,O-20260309-135454-001-000-1313,,4a3d9cb0-2376-44e5-8380-392ddfec018b,2026-03-09 13:54:54.016878301+00:00,2026-03-09 13:54:54.016878301+00:00
BACKTESTER-001,OracleStrategy-000,MESM6.GLBX,GLBX-1-1063,MESM6.GLBX-OracleStrategy-000,GLBX-001,GLBX-1-1063,MARKET,BUY,1,GTC,False,False,1,TAKER,6696.25,0.0,['0.00 USD'],NO_TRIGGER,FILLED,NO_CONTINGENCY,,,,MY_GENERIC_ALGO,,O-20260309-135501-001-000-1315,,4008bcfc-228d-44e2-8c21-3acec7ba785b,2026-03-09 13:55:01.173172250+00:00,2026-03-09 13:55:01.173172250+00:00
BACKTESTER-001,OracleStrategy-000,MESM6.GLBX,GLBX-1-1064,MESM6.GLBX-OracleStrategy-000,GLBX-001,GLBX-1-1064,MARKET,SELL,1,GTC,True,False,1,TAKER,6708.75,0.0,['0.00 USD'],NO_TRIGGER,FILLED,NO_CONTINGENCY,,,,MY_GENERIC_ALGO,,O-20260309-135550-001-000-1316,,8dd88cc9-88fe-49b6-b50b-21ea052dc5c2,2026-03-09 13:55:50.343036717+00:00,2026-03-09 13:55:50.343036717+00:00
BACKTESTER-001,OracleStrategy-000,MESM6.GLBX,GLBX-1-1065,MESM6.GLBX-OracleStrategy-000,GLBX-001,GLBX-1-1065,MARKET,SELL,1,GTC,False,False,1,TAKER,6708.75,0.0,['0.00 USD'],NO_TRIGGER,FILLED,NO_CONTINGENCY,,,,MY_GENERIC_ALGO,,O-20260309-135550-001-000-1317,,1891d406-45d8-4227-aa07-ab7136fa67ec,2026-03-09 13:55:50.343036717+00:00,2026-03-09 13:55:50.343036717+00:00
BACKTESTER-001,OracleStrategy-000,MESM6.GLBX,GLBX-1-1066,MESM6.GLBX-OracleStrategy-000,GLBX-001,GLBX-1-1066,MARKET,BUY,1,GTC,True,False,1,TAKER,6708.5,0.0,['0.00 USD'],NO_TRIGGER,FILLED,NO_CONTINGENCY,,,,MY_GENERIC_ALGO,,O-20260309-135611-001-000-1318,,198c67b1-88ef-426f-898a-0803b32208a6,2026-03-09 13:56:11.692579363+00:00,2026-03-09 13:56:11.692579363+00:00
BACKTESTER-001,OracleStrategy-000,MESM6.GLBX,GLBX-1-1067,MESM6.GLBX-OracleStrategy-000,GLBX-001,GLBX-1-1067,MARKET,BUY,1,GTC,False,False,1,TAKER,6708.5,0.0,['0.00 USD'],NO_TRIGGER,FILLED,NO_CONTINGENCY,,,,MY_GENERIC_ALGO,,O-20260309-135611-001-000-1319,,43631999-53b5-45d5-ba2a-aec4d55fd555,2026-03-09 13:56:11.692579363+00:00,2026-03-09 13:56:11.692579363+00:00
BACKTESTER-001,OracleStrategy-000,MESM6.GLBX,GLBX-1-1068,MESM6.GLBX-OracleStrategy-000,GLBX-001,GLBX-1-1068,MARKET,SELL,1,GTC,True,False,1,TAKER,6707.75,0.0,['0.00 USD'],NO_TRIGGER,FILLED,NO_CONTINGENCY,,,,MY_GENERIC_ALGO,,O-20260309-135639-001-000-1320,,dfd27a29-6044-4a3f-8119-d2a10f9675aa,2026-03-09 13:56:39.644554512+00:00,2026-03-09 13:56:39.644554512+00:00
BACKTESTER-001,OracleStrategy-000,MESM6.GLBX,GLBX-1-1069,MESM6.GLBX-OracleStrategy-000,GLBX-001,GLBX-1-1069,MARKET,SELL,1,GTC,False,False,1,TAKER,6707.75,0.0,['0.00 USD'],NO_TRIGGER,FILLED,NO_CONTINGENCY,,,,MY_GENERIC_ALGO,,O-20260309-135639-001-000-1321,,7e87a3ff-c0da-42ab-b101-1268af2eef5f,2026-03-09 13:56:39.644554512+00:00,2026-03-09 13:56:39.644554512+00:00
BACKTESTER-001,OracleStrategy-000,MESM6.GLBX,GLBX-1-1070,MESM6.GLBX-OracleStrategy-000,GLBX-001,GLBX-1-1070,MARKET,BUY,1,GTC,True,False,1,TAKER,6708.75,0.0,['0.00 USD'],NO_TRIGGER,FILLED,NO_CONTINGENCY,,,,MY_GENERIC_ALGO,,O-20260309-135646-001-000-1322,,6fdbacb8-0f72-4850-a15a-f689d67a4699,2026-03-09 13:56:46.615363737+00:00,2026-03-09 13:56:46.615363737+00:00
BACKTESTER-001,OracleStrategy-000,MESM6.GLBX,GLBX-1-1071,MESM6.GLBX-OracleStrategy-000,GLBX-001,GLBX-1-1071,MARKET,BUY,1,GTC,False,False,1,TAKER,6708.75,0.0,['0.00 USD'],NO_TRIGGER,FILLED,NO_CONTINGENCY,,,,MY_GENERIC_ALGO,,O-20260309-135646-001-000-1323,,c0faa413-5b5a-4733-ab52-0ce2145d87f4,2026-03-09 13:56:46.615363737+00:00,2026-03-09 13:56:46.615363737+00:00
BACKTESTER-001,OracleStrategy-000,MESM6.GLBX,GLBX-1-1072,MESM6.GLBX-OracleStrategy-000,GLBX-001,GLBX-1-1072,MARKET,SELL,1,GTC,True,False,1,TAKER,6707.5,0.0,['0.00 USD'],NO_TRIGGER,FILLED,NO_CONTINGENCY,,,,MY_GENERIC_ALGO,,O-20260309-135702-001-000-1324,,11ee2495-1987-45a6-8826-430c1db39705,2026-03-09 13:57:02.584122190+00:00,2026-03-09 13:57:02.584122190+00:00
BACKTESTER-001,OracleStrategy-000,MESM6.GLBX,GLBX-1-1073,MESM6.GLBX-OracleStrategy-000,GLBX-001,GLBX-1-1073,MARKET,SELL,1,GTC,False,False,1,TAKER,6707.5,0.0,['0.00 USD'],NO_TRIGGER,FILLED,NO_CONTINGENCY,,,,MY_GENERIC_ALGO,,O-20260309-135702-001-000-1325,,604997ea-d678-452c-a946-0b50959e24e6,2026-03-09 13:57:02.584122190+00:00,2026-03-09 13:57:02.584122190+00:00
BACKTESTER-001,OracleStrategy-000,MESM6.GLBX,GLBX-1-1074,MESM6.GLBX-OracleStrategy-000,GLBX-001,GLBX-1-1074,MARKET,BUY,1,GTC,True,False,1,TAKER,6709.0,0.0,['0.00 USD'],NO_TRIGGER,FILLED,NO_CONTINGENCY,,,,MY_GENERIC_ALGO,,O-20260309-135726-001-000-1326,,459ab28b-5b36-4775-bc9b-abd411c6a112,2026-03-09 13:57:26.605881634+00:00,2026-03-09 13:57:26.605881634+00:00
BACKTESTER-001,OracleStrategy-000,MESM6.GLBX,GLBX-1-1075,MESM6.GLBX-OracleStrategy-000,GLBX-001,GLBX-1-1075,MARKET,BUY,1,GTC,False,False,1,TAKER,6709.0,0.0,['0.00 USD'],NO_TRIGGER,FILLED,NO_CONTINGENCY,,,,MY_GENERIC_ALGO,,O-20260309-135726-001-000-1327,,73447e8b-39fb-4e72-9acf-f4d108498197,2026-03-09 13:57:26.605881634+00:00,2026-03-09 13:57:26.605881634+00:00
BACKTESTER-001,OracleStrategy-000,MESM6.GLBX,GLBX-1-1076,MESM6.GLBX-OracleStrategy-000,GLBX-001,GLBX-1-1076,MARKET,SELL,1,GTC,True,False,1,TAKER,6713.75,0.0,['0.00 USD'],NO_TRIGGER,FILLED,NO_CONTINGENCY,,,,MY_GENERIC_ALGO,,O-20260309-135805-001-000-1328,,c198cbc1-75d1-48e3-9525-83ae4ca97793,2026-03-09 13:58:05.524885059+00:00,2026-03-09 13:58:05.524885059+00:00
BACKTESTER-001,OracleStrategy-000,MESM6.GLBX,GLBX-1-1077,MESM6.GLBX-OracleStrategy-000,GLBX-001,GLBX-1-1077,MARKET,SELL,1,GTC,False,False,1,TAKER,6713.75,0.0,['0.00 USD'],NO_TRIGGER,FILLED,NO_CONTINGENCY,,,,MY_GENERIC_ALGO,,O-20260309-135805-001-000-1329,,23a6a884-1ca6-4bf5-a486-51b19e41b8ba,2026-03-09 13:58:05.524885059+00:00,2026-03-09 13:58:05.524885059+00:00
BACKTESTER-001,OracleStrategy-000,MESM6.GLBX,GLBX-1-1078,MESM6.GLBX-OracleStrategy-000,GLBX-001,GLBX-1-1078,MARKET,BUY,1,GTC,True,False,1,TAKER,6710.0,0.0,['0.00 USD'],NO_TRIGGER,FILLED,NO_CONTINGENCY,,,,MY_GENERIC_ALGO,,O-20260309-135845-001-000-1330,,9a0572e6-cb96-45a6-a91d-826f5fb66bb8,2026-03-09 13:58:45.413257088+00:00,2026-03-09 13:58:45.413257088+00:00
BACKTESTER-001,OracleStrategy-000,MESM6.GLBX,GLBX-1-1079,MESM6.GLBX-OracleStrategy-000,GLBX-001,GLBX-1-1079,MARKET,BUY,1,GTC,False,False,1,TAKER,6710.0,0.0,['0.00 USD'],NO_TRIGGER,FILLED,NO_CONTINGENCY,,,,MY_GENERIC_ALGO,,O-20260309-135845-001-000-1331,,090b62af-4be2-4a1e-a466-0cac8cce2fcd,2026-03-09 13:58:45.413257088+00:00,2026-03-09 13:58:45.413257088+00:00
BACKTESTER-001,OracleStrategy-000,MESM6.GLBX,GLBX-1-1080,MESM6.GLBX-OracleStrategy-000,GLBX-001,GLBX-1-1080,MARKET,SELL,1,GTC,True,False,1,TAKER,6708.75,0.0,['0.00 USD'],NO_TRIGGER,FILLED,NO_CONTINGENCY,,,,MY_GENERIC_ALGO,,O-20260309-135858-001-000-1332,,8dd4f6fe-af89-4cda-8c6f-3a361e9e16b2,2026-03-09 13:58:58.914630159+00:00,2026-03-09 13:58:58.914630159+00:00
BACKTESTER-001,OracleStrategy-000,MESM6.GLBX,GLBX-1-1081,MESM6.GLBX-OracleStrategy-000,GLBX-001,GLBX-1-1081,MARKET,SELL,1,GTC,False,False,1,TAKER,6708.75,0.0,['0.00 USD'],NO_TRIGGER,FILLED,NO_CONTINGENCY,,,,MY_GENERIC_ALGO,,O-20260309-135858-001-000-1333,,22074707-8cba-4178-9a35-7def559f2e0a,2026-03-09 13:58:58.914630159+00:00,2026-03-09 13:58:58.914630159+00:00
BACKTESTER-001,OracleStrategy-000,MESM6.GLBX,GLBX-1-1082,MESM6.GLBX-OracleStrategy-000,GLBX-001,GLBX-1-1082,MARKET,BUY,1,GTC,True,False,1,TAKER,6707.25,0.0,['0.00 USD'],NO_TRIGGER,FILLED,NO_CONTINGENCY,,,,MY_GENERIC_ALGO,,O-20260309-135934-001-000-1334,,d73563dd-05aa-40fd-a472-b06ef3dd9986,2026-03-09 13:59:34.147316194+00:00,2026-03-09 13:59:34.147316194+00:00
BACKTESTER-001,OracleStrategy-000,MESM6.GLBX,GLBX-1-1083,MESM6.GLBX-OracleStrategy-000,GLBX-001,GLBX-1-1083,MARKET,BUY,1,GTC,False,False,1,TAKER,6707.25,0.0,['0.00 USD'],NO_TRIGGER,FILLED,NO_CONTINGENCY,,,,MY_GENERIC_ALGO,,O-20260309-135934-001-000-1335,,4ac2aa21-c00c-4a9f-942a-c8040eca1e44,2026-03-09 13:59:34.147316194+00:00,2026-03-09 13:59:34.147316194+00:00
BACKTESTER-001,OracleStrategy-000,MESM6.GLBX,GLBX-1-1084,MESM6.GLBX-OracleStrategy-000,GLBX-001,GLBX-1-1084,MARKET,SELL,1,GTC,True,False,1,TAKER,6707.25,0.0,['0.00 USD'],NO_TRIGGER,FILLED,NO_CONTINGENCY,,,,MY_GENERIC_ALGO,,O-20260309-135936-001-000-1336,,aad4d915-cf5c-4f9c-9e25-98c97d96d819,2026-03-09 13:59:36.688124914+00:00,2026-03-09 13:59:36.688124914+00:00
BACKTESTER-001,OracleStrategy-000,MESM6.GLBX,GLBX-1-1085,MESM6.GLBX-OracleStrategy-000,GLBX-001,GLBX-1-1085,MARKET,SELL,1,GTC,False,False,1,TAKER,6707.25,0.0,['0.00 USD'],NO_TRIGGER,FILLED,NO_CONTINGENCY,,,,MY_GENERIC_ALGO,,O-20260309-135936-001-000-1337,,bfb1774a-57d3-4f5a-8f2a-4a9c909818fe,2026-03-09 13:59:36.688124914+00:00,2026-03-09 13:59:36.688124914+00:00
BACKTESTER-001,OracleStrategy-000,MESM6.GLBX,GLBX-1-1086,MESM6.GLBX-OracleStrategy-000,GLBX-001,GLBX-1-1086,MARKET,BUY,1,GTC,True,False,1,TAKER,6707.0,0.0,['0.00 USD'],NO_TRIGGER,FILLED,NO_CONTINGENCY,,,,MY_GENERIC_ALGO,,O-20260309-135955-001-000-1338,,feb2373f-c274-46d7-af1e-b5bb2f611759,2026-03-09 13:59:55.841755448+00:00,2026-03-09 13:59:55.841755448+00:00
BACKTESTER-001,OracleStrategy-000,MESM6.GLBX,GLBX-1-1087,MESM6.GLBX-OracleStrategy-000,GLBX-001,GLBX-1-1087,MARKET,BUY,1,GTC,False,False,1,TAKER,6707.0,0.0,['0.00 USD'],NO_TRIGGER,FILLED,NO_CONTINGENCY,,,,MY_GENERIC_ALGO,,O-20260309-135955-001-000-1339,,0f2ff937-345f-42c6-a180-b9645a2587d5,2026-03-09 13:59:55.841755448+00:00,2026-03-09 13:59:55.841755448+00:00
BACKTESTER-001,OracleStrategy-000,MESM6.GLBX,GLBX-1-1088,MESM6.GLBX-OracleStrategy-000,GLBX-001,GLBX-1-1088,MARKET,SELL,1,GTC,True,False,1,TAKER,6708.25,0.0,['0.00 USD'],NO_TRIGGER,FILLED,NO_CONTINGENCY,,,,MY_GENERIC_ALGO,,O-20260309-140108-001-000-1340,,28aacdb0-d00d-4319-bc3b-a03ed7347997,2026-03-09 14:01:08.325933571+00:00,2026-03-09 14:01:08.325933571+00:00
BACKTESTER-001,OracleStrategy-000,MESM6.GLBX,GLBX-1-1089,MESM6.GLBX-OracleStrategy-000,GLBX-001,GLBX-1-1089,MARKET,SELL,1,GTC,False,False,1,TAKER,6708.25,0.0,['0.00 USD'],NO_TRIGGER,FILLED,NO_CONTINGENCY,,,,MY_GENERIC_ALGO,,O-20260309-140108-001-000-1341,,584e462c-173e-45fe-8d7d-cbe3f95187a8,2026-03-09 14:01:08.325933571+00:00,2026-03-09 14:01:08.325933571+00:00
BACKTESTER-001,OracleStrategy-000,MESM6.GLBX,GLBX-1-1090,MESM6.GLBX-OracleStrategy-000,GLBX-001,GLBX-1-1090,MARKET,BUY,1,GTC,True,False,1,TAKER,6709.5,0.0,['0.00 USD'],NO_TRIGGER,FILLED,NO_CONTINGENCY,,,,MY_GENERIC_ALGO,,O-20260309-140130-001-000-1342,,5243b3d4-2082-4da4-a093-65175d1ddd2b,2026-03-09 14:01:30.718114539+00:00,2026-03-09 14:01:30.718114539+00:00
BACKTESTER-001,OracleStrategy-000,MESM6.GLBX,GLBX-1-1091,MESM6.GLBX-OracleStrategy-000,GLBX-001,GLBX-1-1091,MARKET,BUY,1,GTC,False,False,1,TAKER,6709.5,0.0,['0.00 USD'],NO_TRIGGER,FILLED,NO_CONTINGENCY,,,,MY_GENERIC_ALGO,,O-20260309-140130-001-000-1343,,ea8f3aa7-943c-4648-9574-24809cb1cbac,2026-03-09 14:01:30.718114539+00:00,2026-03-09 14:01:30.718114539+00:00
BACKTESTER-001,OracleStrategy-000,MESM6.GLBX,GLBX-1-1092,MESM6.GLBX-OracleStrategy-000,GLBX-001,GLBX-1-1092,MARKET,SELL,1,GTC,True,False,1,TAKER,6710.0,0.0,['0.00 USD'],NO_TRIGGER,FILLED,NO_CONTINGENCY,,,,MY_GENERIC_ALGO,,O-20260309-140200-001-000-1344,,a18f173a-7634-43e4-9594-976d29c2ad89,2026-03-09 14:02:00.711928280+00:00,2026-03-09 14:02:00.711928280+00:00
BACKTESTER-001,OracleStrategy-000,MESM6.GLBX,GLBX-1-1093,MESM6.GLBX-OracleStrategy-000,GLBX-001,GLBX-1-1093,MARKET,BUY,1,GTC,False,False,1,TAKER,6709.5,0.0,['0.00 USD'],NO_TRIGGER,FILLED,NO_CONTINGENCY,,,,MY_GENERIC_ALGO,,O-20260309-140206-001-000-1346,,c49f5914-4c12-42fa-8651-ae9e8b533817,2026-03-09 14:02:06.334373446+00:00,2026-03-09 14:02:06.334373446+00:00
BACKTESTER-001,OracleStrategy-000,MESM6.GLBX,GLBX-1-1094,MESM6.GLBX-OracleStrategy-000,GLBX-001,GLBX-1-1094,MARKET,SELL,1,GTC,True,False,1,TAKER,6711.75,0.0,['0.00 USD'],NO_TRIGGER,FILLED,NO_CONTINGENCY,,,,MY_GENERIC_ALGO,,O-20260309-140219-001-000-1347,,b283331e-bc30-4652-923e-b197d8922660,2026-03-09 14:02:19.683731934+00:00,2026-03-09 14:02:19.683731934+00:00
BACKTESTER-001,OracleStrategy-000,MESM6.GLBX,GLBX-1-1095,MESM6.GLBX-OracleStrategy-000,GLBX-001,GLBX-1-1095,MARKET,SELL,1,GTC,False,False,1,TAKER,6711.75,0.0,['0.00 USD'],NO_TRIGGER,FILLED,NO_CONTINGENCY,,,,MY_GENERIC_ALGO,,O-20260309-140219-001-000-1348,,e1fb079d-10dd-422b-b8f1-111f08ae1fd8,2026-03-09 14:02:19.683731934+00:00,2026-03-09 14:02:19.683731934+00:00
BACKTESTER-001,OracleStrategy-000,MESM6.GLBX,GLBX-1-1096,MESM6.GLBX-OracleStrategy-000,GLBX-001,GLBX-1-1096,MARKET,BUY,1,GTC,True,False,1,TAKER,6709.25,0.0,['0.00 USD'],NO_TRIGGER,FILLED,NO_CONTINGENCY,,,,MY_GENERIC_ALGO,,O-20260309-140232-001-000-1349,,36da38b0-910a-4fbc-abfa-6a351a7ca391,2026-03-09 14:02:32.372951855+00:00,2026-03-09 14:02:32.372951855+00:00
BACKTESTER-001,OracleStrategy-000,MESM6.GLBX,GLBX-1-1097,MESM6.GLBX-OracleStrategy-000,GLBX-001,GLBX-1-1097,MARKET,BUY,1,GTC,False,False,1,TAKER,6712.0,0.0,['0.00 USD'],NO_TRIGGER,FILLED,NO_CONTINGENCY,,,,MY_GENERIC_ALGO,,O-20260309-140245-001-000-1352,,bbe827f3-cc32-4e31-8cd1-abc2b8c8e9c9,2026-03-09 14:02:45.146363998+00:00,2026-03-09 14:02:45.146363998+00:00
BACKTESTER-001,OracleStrategy-000,MESM6.GLBX,GLBX-1-1098,MESM6.GLBX-OracleStrategy-000,GLBX-001,GLBX-1-1098,MARKET,SELL,1,GTC,True,False,1,TAKER,6718.5,0.0,['0.00 USD'],NO_TRIGGER,FILLED,NO_CONTINGENCY,,,,MY_GENERIC_ALGO,,O-20260309-140315-001-000-1353,,57efc268-4e7e-4540-b886-4ee50fd6d667,2026-03-09 14:03:15.003854847+00:00,2026-03-09 14:03:15.003854847+00:00
BACKTESTER-001,OracleStrategy-000,MESM6.GLBX,GLBX-1-1099,MESM6.GLBX-OracleStrategy-000,GLBX-001,GLBX-1-1099,MARKET,SELL,1,GTC,False,False,1,TAKER,6718.5,0.0,['0.00 USD'],NO_TRIGGER,FILLED,NO_CONTINGENCY,,,,MY_GENERIC_ALGO,,O-20260309-140315-001-000-1354,,17776887-7f77-492a-9caa-55f0b9ff2ffa,2026-03-09 14:03:15.003854847+00:00,2026-03-09 14:03:15.003854847+00:00
BACKTESTER-001,OracleStrategy-000,MESM6.GLBX,GLBX-1-1100,MESM6.GLBX-OracleStrategy-000,GLBX-001,GLBX-1-1100,MARKET,BUY,1,GTC,True,False,1,TAKER,6719.25,0.0,['0.00 USD'],NO_TRIGGER,FILLED,NO_CONTINGENCY,,,,MY_GENERIC_ALGO,,O-20260309-140320-001-000-1355,,71fc0372-3cf8-42a8-aad3-2fb86c931b26,2026-03-09 14:03:20.737399807+00:00,2026-03-09 14:03:20.737399807+00:00
BACKTESTER-001,OracleStrategy-000,MESM6.GLBX,GLBX-1-1101,MESM6.GLBX-OracleStrategy-000,GLBX-001,GLBX-1-1101,MARKET,BUY,1,GTC,False,False,1,TAKER,6722.5,0.0,['0.00 USD'],NO_TRIGGER,FILLED,NO_CONTINGENCY,,,,MY_GENERIC_ALGO,,O-20260309-140334-001-000-1358,,32ff1b0f-8248-4f86-ad74-34858c7889d7,2026-03-09 14:03:34.223257008+00:00,2026-03-09 14:03:34.223257008+00:00
BACKTESTER-001,OracleStrategy-000,MESM6.GLBX,GLBX-1-1102,MESM6.GLBX-OracleStrategy-000,GLBX-001,GLBX-1-1102,MARKET,SELL,1,GTC,True,False,1,TAKER,6724.5,0.0,['0.00 USD'],NO_TRIGGER,FILLED,NO_CONTINGENCY,,,,MY_GENERIC_ALGO,,O-20260309-140419-001-000-1359,,ea8c91b8-c3c1-451a-ab2e-cc6ffb286f60,2026-03-09 14:04:19.095379277+00:00,2026-03-09 14:04:19.095379277+00:00
BACKTESTER-001,OracleStrategy-000,MESM6.GLBX,GLBX-1-1103,MESM6.GLBX-OracleStrategy-000,GLBX-001,GLBX-1-1103,MARKET,SELL,1,GTC,False,False,1,TAKER,6724.5,0.0,['0.00 USD'],NO_TRIGGER,FILLED,NO_CONTINGENCY,,,,MY_GENERIC_ALGO,,O-20260309-140419-001-000-1360,,1db00744-11da-408b-aa01-ed111bf26ad3,2026-03-09 14:04:19.095379277+00:00,2026-03-09 14:04:19.095379277+00:00
BACKTESTER-001,OracleStrategy-000,MESM6.GLBX,GLBX-1-1104,MESM6.GLBX-OracleStrategy-000,GLBX-001,GLBX-1-1104,MARKET,BUY,1,GTC,True,False,1,TAKER,6722.0,0.0,['0.00 USD'],NO_TRIGGER,FILLED,NO_CONTINGENCY,,,,MY_GENERIC_ALGO,,O-20260309-140420-001-000-1361,,10cfafaf-6a8d-4711-9a17-89a496b9a656,2026-03-09 14:04:20.281216947+00:00,2026-03-09 14:04:20.281216947+00:00
BACKTESTER-001,OracleStrategy-000,MESM6.GLBX,GLBX-1-1105,MESM6.GLBX-OracleStrategy-000,GLBX-001,GLBX-1-1105,MARKET,BUY,1,GTC,False,False,1,TAKER,6722.0,0.0,['0.00 USD'],NO_TRIGGER,FILLED,NO_CONTINGENCY,,,,MY_GENERIC_ALGO,,O-20260309-140420-001-000-1362,,e7dfbea9-36d6-4301-add0-156bea40d11c,2026-03-09 14:04:20.281216947+00:00,2026-03-09 14:04:20.281216947+00:00
BACKTESTER-001,OracleStrategy-000,MESM6.GLBX,GLBX-1-1106,MESM6.GLBX-OracleStrategy-000,GLBX-001,GLBX-1-1106,MARKET,SELL,1,GTC,True,False,1,TAKER,6722.75,0.0,['0.00 USD'],NO_TRIGGER,FILLED,NO_CONTINGENCY,,,,MY_GENERIC_ALGO,,O-20260309-140444-001-000-1363,,88f01802-fd3c-45a4-80aa-060bc4b80f09,2026-03-09 14:04:44.393483818+00:00,2026-03-09 14:04:44.393483818+00:00
BACKTESTER-001,OracleStrategy-000,MESM6.GLBX,GLBX-1-1107,MESM6.GLBX-OracleStrategy-000,GLBX-001,GLBX-1-1107,MARKET,SELL,1,GTC,False,False,1,TAKER,6722.75,0.0,['0.00 USD'],NO_TRIGGER,FILLED,NO_CONTINGENCY,,,,MY_GENERIC_ALGO,,O-20260309-140444-001-000-1364,,0dad2010-1758-431a-8cde-c09142fd6d01,2026-03-09 14:04:44.393483818+00:00,2026-03-09 14:04:44.393483818+00:00
BACKTESTER-001,OracleStrategy-000,MESM6.GLBX,GLBX-1-1108,MESM6.GLBX-OracleStrategy-000,GLBX-001,GLBX-1-1108,MARKET,BUY,1,GTC,True,False,1,TAKER,6701.25,0.0,['0.00 USD'],NO_TRIGGER,FILLED,NO_CONTINGENCY,,,,MY_GENERIC_ALGO,,O-20260309-140602-001-000-1365,,22d68be8-e370-4043-87a5-687f04078801,2026-03-09 14:06:02.062846602+00:00,2026-03-09 14:06:02.062846602+00:00
BACKTESTER-001,OracleStrategy-000,MESM6.GLBX,GLBX-1-1109,MESM6.GLBX-OracleStrategy-000,GLBX-001,GLBX-1-1109,MARKET,SELL,1,GTC,False,False,1,TAKER,6704.5,0.0,['0.00 USD'],NO_TRIGGER,FILLED,NO_CONTINGENCY,,,,MY_GENERIC_ALGO,,O-20260309-140608-001-000-1367,,c441b711-7afb-4798-9b39-d2f6191abca5,2026-03-09 14:06:08.319560496+00:00,2026-03-09 14:06:08.319560496+00:00
BACKTESTER-001,OracleStrategy-000,MESM6.GLBX,GLBX-1-1110,MESM6.GLBX-OracleStrategy-000,GLBX-001,GLBX-1-1110,MARKET,BUY,1,GTC,True,False,1,TAKER,6700.5,0.0,['0.00 USD'],NO_TRIGGER,FILLED,NO_CONTINGENCY,,,,MY_GENERIC_ALGO,,O-20260309-140622-001-000-1368,,49312a3b-a4d0-48cc-b530-267ec47d4430,2026-03-09 14:06:22.054586985+00:00,2026-03-09 14:06:22.054586985+00:00
BACKTESTER-001,OracleStrategy-000,MESM6.GLBX,GLBX-1-1111,MESM6.GLBX-OracleStrategy-000,GLBX-001,GLBX-1-1111,MARKET,BUY,1,GTC,False,False,1,TAKER,6700.5,0.0,['0.00 USD'],NO_TRIGGER,FILLED,NO_CONTINGENCY,,,,MY_GENERIC_ALGO,,O-20260309-140622-001-000-1369,,5a9d4a9c-c189-4e80-9a1f-79f9b014dcc5,2026-03-09 14:06:22.054586985+00:00,2026-03-09 14:06:22.054586985+00:00
BACKTESTER-001,OracleStrategy-000,MESM6.GLBX,GLBX-1-1112,MESM6.GLBX-OracleStrategy-000,GLBX-001,GLBX-1-1112,MARKET,SELL,1,GTC,True,False,1,TAKER,6702.75,0.0,['0.00 USD'],NO_TRIGGER,FILLED,NO_CONTINGENCY,,,,MY_GENERIC_ALGO,,O-20260309-140646-001-000-1370,,de2a9fc9-853f-49ac-8bec-c1184b3e80a8,2026-03-09 14:06:46.503977714+00:00,2026-03-09 14:06:46.503977714+00:00
BACKTESTER-001,OracleStrategy-000,MESM6.GLBX,GLBX-1-1113,MESM6.GLBX-OracleStrategy-000,GLBX-001,GLBX-1-1113,MARKET,SELL,1,GTC,False,False,1,TAKER,6700.0,0.0,['0.00 USD'],NO_TRIGGER,FILLED,NO_CONTINGENCY,,,,MY_GENERIC_ALGO,,O-20260309-140659-001-000-1373,,4f98fde4-b112-4a8d-ad5d-20302cd88a16,2026-03-09 14:06:59.611919081+00:00,2026-03-09 14:06:59.611919081+00:00
BACKTESTER-001,OracleStrategy-000,MESM6.GLBX,GLBX-1-1114,MESM6.GLBX-OracleStrategy-000,GLBX-001,GLBX-1-1114,MARKET,BUY,1,GTC,True,False,1,TAKER,6699.75,0.0,['0.00 USD'],NO_TRIGGER,FILLED,NO_CONTINGENCY,,,,MY_GENERIC_ALGO,,O-20260309-140730-001-000-1374,,0e0ef532-0894-4149-bd0d-6cae42069c74,2026-03-09 14:07:30.138070+00:00,2026-03-09 14:07:30.138070+00:00
BACKTESTER-001,OracleStrategy-000,MESM6.GLBX,GLBX-1-1115,MESM6.GLBX-OracleStrategy-000,GLBX-001,GLBX-1-1115,MARKET,BUY,1,GTC,False,False,1,TAKER,6699.75,0.0,['0.00 USD'],NO_TRIGGER,FILLED,NO_CONTINGENCY,,,,MY_GENERIC_ALGO,,O-20260309-140730-001-000-1375,,aa7f1ae2-a24f-43d0-aa2c-66b88f652774,2026-03-09 14:07:30.138070+00:00,2026-03-09 14:07:30.138070+00:00
BACKTESTER-001,OracleStrategy-000,MESM6.GLBX,GLBX-1-1116,MESM6.GLBX-OracleStrategy-000,GLBX-001,GLBX-1-1116,MARKET,SELL,1,GTC,True,False,1,TAKER,6699.75,0.0,['0.00 USD'],NO_TRIGGER,FILLED,NO_CONTINGENCY,,,,MY_GENERIC_ALGO,,O-20260309-140745-001-000-1376,,b4cd8aea-aa52-452a-b5c8-8f3bf3b0efac,2026-03-09 14:07:45.895710819+00:00,2026-03-09 14:07:45.895710819+00:00
BACKTESTER-001,OracleStrategy-000,MESM6.GLBX,GLBX-1-1117,MESM6.GLBX-OracleStrategy-000,GLBX-001,GLBX-1-1117,MARKET,SELL,1,GTC,False,False,1,TAKER,6699.75,0.0,['0.00 USD'],NO_TRIGGER,FILLED,NO_CONTINGENCY,,,,MY_GENERIC_ALGO,,O-20260309-140745-001-000-1377,,fcbe95c0-87c0-4d29-80ba-3ca38967fdfe,2026-03-09 14:07:45.895710819+00:00,2026-03-09 14:07:45.895710819+00:00
BACKTESTER-001,OracleStrategy-000,MESM6.GLBX,GLBX-1-1118,MESM6.GLBX-OracleStrategy-000,GLBX-001,GLBX-1-1118,MARKET,BUY,1,GTC,True,False,1,TAKER,6695.5,0.0,['0.00 USD'],NO_TRIGGER,FILLED,NO_CONTINGENCY,,,,MY_GENERIC_ALGO,,O-20260309-140848-001-000-1378,,d49e1a19-3b9c-484c-954a-7c3f00b6c07b,2026-03-09 14:08:48.222017631+00:00,2026-03-09 14:08:48.222017631+00:00
BACKTESTER-001,OracleStrategy-000,MESM6.GLBX,GLBX-1-1119,MESM6.GLBX-OracleStrategy-000,GLBX-001,GLBX-1-1119,MARKET,BUY,1,GTC,False,False,1,TAKER,6695.5,0.0,['0.00 USD'],NO_TRIGGER,FILLED,NO_CONTINGENCY,,,,MY_GENERIC_ALGO,,O-20260309-140848-001-000-1379,,bb8f3730-0f39-457b-87e2-df872a87b60e,2026-03-09 14:08:48.222017631+00:00,2026-03-09 14:08:48.222017631+00:00
BACKTESTER-001,OracleStrategy-000,MESM6.GLBX,GLBX-1-1120,MESM6.GLBX-OracleStrategy-000,GLBX-001,GLBX-1-1120,MARKET,SELL,1,GTC,True,False,1,TAKER,6700.25,0.0,['0.00 USD'],NO_TRIGGER,FILLED,NO_CONTINGENCY,,,,MY_GENERIC_ALGO,,O-20260309-140925-001-000-1380,,2b02732b-4949-401b-9089-873d5b5ad240,2026-03-09 14:09:25.116486560+00:00,2026-03-09 14:09:25.116486560+00:00
BACKTESTER-001,OracleStrategy-000,MESM6.GLBX,GLBX-1-1121,MESM6.GLBX-OracleStrategy-000,GLBX-001,GLBX-1-1121,MARKET,SELL,1,GTC,False,False,1,TAKER,6700.5,0.0,['0.00 USD'],NO_TRIGGER,FILLED,NO_CONTINGENCY,,,,MY_GENERIC_ALGO,,O-20260309-140940-001-000-1383,,44176e64-16d8-43d5-9069-aff6a7057dc3,2026-03-09 14:09:40.230572722+00:00,2026-03-09 14:09:40.230572722+00:00
BACKTESTER-001,OracleStrategy-000,MESM6.GLBX,GLBX-1-1122,MESM6.GLBX-OracleStrategy-000,GLBX-001,GLBX-1-1122,MARKET,BUY,1,GTC,True,False,1,TAKER,6698.0,0.0,['0.00 USD'],NO_TRIGGER,FILLED,NO_CONTINGENCY,,,,MY_GENERIC_ALGO,,O-20260309-141014-001-000-1384,,25824a1f-5469-404f-bf30-e248706b1392,2026-03-09 14:10:14.379506458+00:00,2026-03-09 14:10:14.379506458+00:00
BACKTESTER-001,OracleStrategy-000,MESM6.GLBX,GLBX-1-1123,MESM6.GLBX-OracleStrategy-000,GLBX-001,GLBX-1-1123,MARKET,BUY,1,GTC,False,False,1,TAKER,6698.0,0.0,['0.00 USD'],NO_TRIGGER,FILLED,NO_CONTINGENCY,,,,MY_GENERIC_ALGO,,O-20260309-141014-001-000-1385,,f92e1b3d-892b-4115-86f4-065697c2fa85,2026-03-09 14:10:14.379506458+00:00,2026-03-09 14:10:14.379506458+00:00
BACKTESTER-001,OracleStrategy-000,MESM6.GLBX,GLBX-1-1124,MESM6.GLBX-OracleStrategy-000,GLBX-001,GLBX-1-1124,MARKET,SELL,1,GTC,True,False,1,TAKER,6699.25,0.0,['0.00 USD'],NO_TRIGGER,FILLED,NO_CONTINGENCY,,,,MY_GENERIC_ALGO,,O-20260309-141023-001-000-1386,,b837a7fc-df97-4446-ad7f-a184c636ac6a,2026-03-09 14:10:23.855080695+00:00,2026-03-09 14:10:23.855080695+00:00
BACKTESTER-001,OracleStrategy-000,MESM6.GLBX,GLBX-1-1125,MESM6.GLBX-OracleStrategy-000,GLBX-001,GLBX-1-1125,MARKET,SELL,1,GTC,False,False,1,TAKER,6699.25,0.0,['0.00 USD'],NO_TRIGGER,FILLED,NO_CONTINGENCY,,,,MY_GENERIC_ALGO,,O-20260309-141025-001-000-1388,,24122ba7-06f1-4b22-8be5-2180c2fc2485,2026-03-09 14:10:25.260896423+00:00,2026-03-09 14:10:25.260896423+00:00
BACKTESTER-001,OracleStrategy-000,MESM6.GLBX,GLBX-1-1126,MESM6.GLBX-OracleStrategy-000,GLBX-001,GLBX-1-1126,MARKET,BUY,1,GTC,True,False,1,TAKER,6692.5,0.0,['0.00 USD'],NO_TRIGGER,FILLED,NO_CONTINGENCY,,,,MY_GENERIC_ALGO,,O-20260309-141139-001-000-1389,,d3b7f9f4-13c8-42f7-9d5c-ae90cf561aac,2026-03-09 14:11:39.439613571+00:00,2026-03-09 14:11:39.439613571+00:00
BACKTESTER-001,OracleStrategy-000,MESM6.GLBX,GLBX-1-1127,MESM6.GLBX-OracleStrategy-000,GLBX-001,GLBX-1-1127,MARKET,BUY,1,GTC,False,False,1,TAKER,6692.5,0.0,['0.00 USD'],NO_TRIGGER,FILLED,NO_CONTINGENCY,,,,MY_GENERIC_ALGO,,O-20260309-141139-001-000-1390,,7da5f413-88ab-499c-8a17-16e26706f54b,2026-03-09 14:11:39.439613571+00:00,2026-03-09 14:11:39.439613571+00:00
BACKTESTER-001,OracleStrategy-000,MESM6.GLBX,GLBX-1-1128,MESM6.GLBX-OracleStrategy-000,GLBX-001,GLBX-1-1128,MARKET,SELL,1,GTC,True,False,1,TAKER,6695.5,0.0,['0.00 USD'],NO_TRIGGER,FILLED,NO_CONTINGENCY,,,,MY_GENERIC_ALGO,,O-20260309-141205-001-000-1391,,a752a107-82ae-4f0b-91f8-1b38a19d6fc3,2026-03-09 14:12:05.860936557+00:00,2026-03-09 14:12:05.860936557+00:00
BACKTESTER-001,OracleStrategy-000,MESM6.GLBX,GLBX-1-1129,MESM6.GLBX-OracleStrategy-000,GLBX-001,GLBX-1-1129,MARKET,SELL,1,GTC,False,False,1,TAKER,6695.5,0.0,['0.00 USD'],NO_TRIGGER,FILLED,NO_CONTINGENCY,,,,MY_GENERIC_ALGO,,O-20260309-141205-001-000-1392,,c26a5a71-3517-4126-9429-71b7d58b114e,2026-03-09 14:12:05.860936557+00:00,2026-03-09 14:12:05.860936557+00:00
BACKTESTER-001,OracleStrategy-000,MESM6.GLBX,GLBX-1-1130,MESM6.GLBX-OracleStrategy-000,GLBX-001,GLBX-1-1130,MARKET,BUY,1,GTC,True,False,1,TAKER,6692.0,0.0,['0.00 USD'],NO_TRIGGER,FILLED,NO_CONTINGENCY,,,,MY_GENERIC_ALGO,,O-20260309-141245-001-000-1393,,ba581765-e48a-4b5c-9b12-40ea19dc38f5,2026-03-09 14:12:45.353752106+00:00,2026-03-09 14:12:45.353752106+00:00
BACKTESTER-001,OracleStrategy-000,MESM6.GLBX,GLBX-1-1131,MESM6.GLBX-OracleStrategy-000,GLBX-001,GLBX-1-1131,MARKET,BUY,1,GTC,False,False,1,TAKER,6692.0,0.0,['0.00 USD'],NO_TRIGGER,FILLED,NO_CONTINGENCY,,,,MY_GENERIC_ALGO,,O-20260309-141245-001-000-1394,,b1734e0b-08d5-4374-8207-70daeb38e996,2026-03-09 14:12:45.353752106+00:00,2026-03-09 14:12:45.353752106+00:00
BACKTESTER-001,OracleStrategy-000,MESM6.GLBX,GLBX-1-1132,MESM6.GLBX-OracleStrategy-000,GLBX-001,GLBX-1-1132,MARKET,SELL,1,GTC,True,False,1,TAKER,6694.75,0.0,['0.00 USD'],NO_TRIGGER,FILLED,NO_CONTINGENCY,,,,MY_GENERIC_ALGO,,O-20260309-141324-001-000-1395,,ecf8abd9-d4b9-4ff9-bd5e-5e33fd0ddc99,2026-03-09 14:13:24.013458891+00:00,2026-03-09 14:13:24.013458891+00:00
BACKTESTER-001,OracleStrategy-000,MESM6.GLBX,GLBX-1-1133,MESM6.GLBX-OracleStrategy-000,GLBX-001,GLBX-1-1133,MARKET,SELL,1,GTC,False,False,1,TAKER,6694.75,0.0,['0.00 USD'],NO_TRIGGER,FILLED,NO_CONTINGENCY,,,,MY_GENERIC_ALGO,,O-20260309-141324-001-000-1396,,536497c0-8ca8-43c6-86d6-f83f5d11da38,2026-03-09 14:13:24.013458891+00:00,2026-03-09 14:13:24.013458891+00:00
BACKTESTER-001,OracleStrategy-000,MESM6.GLBX,GLBX-1-1134,MESM6.GLBX-OracleStrategy-000,GLBX-001,GLBX-1-1134,MARKET,BUY,1,GTC,True,False,1,TAKER,6694.5,0.0,['0.00 USD'],NO_TRIGGER,FILLED,NO_CONTINGENCY,,,,MY_GENERIC_ALGO,,O-20260309-141343-001-000-1397,,0252b500-0197-4172-bc5d-fbd6a1026336,2026-03-09 14:13:43.906650171+00:00,2026-03-09 14:13:43.906650171+00:00
BACKTESTER-001,OracleStrategy-000,MESM6.GLBX,GLBX-1-1135,MESM6.GLBX-OracleStrategy-000,GLBX-001,GLBX-1-1135,MARKET,BUY,1,GTC,False,False,1,TAKER,6691.75,0.0,['0.00 USD'],NO_TRIGGER,FILLED,NO_CONTINGENCY,,,,MY_GENERIC_ALGO,,O-20260309-141356-001-000-1399,,4b82fb24-1145-4938-9a26-6e5c891d62fd,2026-03-09 14:13:56.096121915+00:00,2026-03-09 14:13:56.096121915+00:00
BACKTESTER-001,OracleStrategy-000,MESM6.GLBX,GLBX-1-1136,MESM6.GLBX-OracleStrategy-000,GLBX-001,GLBX-1-1136,MARKET,SELL,1,GTC,True,False,1,TAKER,6699.0,0.0,['0.00 USD'],NO_TRIGGER,FILLED,NO_CONTINGENCY,,,,MY_GENERIC_ALGO,,O-20260309-141419-001-000-1400,,50a79a0d-4dd7-4066-8903-c53cb1dd882a,2026-03-09 14:14:19.063707907+00:00,2026-03-09 14:14:19.063707907+00:00
BACKTESTER-001,OracleStrategy-000,MESM6.GLBX,GLBX-1-1137,MESM6.GLBX-OracleStrategy-000,GLBX-001,GLBX-1-1137,MARKET,SELL,1,GTC,False,False,1,TAKER,6699.0,0.0,['0.00 USD'],NO_TRIGGER,FILLED,NO_CONTINGENCY,,,,MY_GENERIC_ALGO,,O-20260309-141419-001-000-1401,,d4997bd4-e57e-4682-bbbd-f322c612c98a,2026-03-09 14:14:19.063707907+00:00,2026-03-09 14:14:19.063707907+00:00
BACKTESTER-001,OracleStrategy-000,MESM6.GLBX,GLBX-1-1138,MESM6.GLBX-OracleStrategy-000,GLBX-001,GLBX-1-1138,MARKET,BUY,1,GTC,True,False,1,TAKER,6696.25,0.0,['0.00 USD'],NO_TRIGGER,FILLED,NO_CONTINGENCY,,,,MY_GENERIC_ALGO,,O-20260309-141422-001-000-1402,,8ebcec95-b327-483c-a0ed-2c0ef6b5cfea,2026-03-09 14:14:22.440261256+00:00,2026-03-09 14:14:22.440261256+00:00
BACKTESTER-001,OracleStrategy-000,MESM6.GLBX,GLBX-1-1139,MESM6.GLBX-OracleStrategy-000,GLBX-001,GLBX-1-1139,MARKET,BUY,1,GTC,False,False,1,TAKER,6696.25,0.0,['0.00 USD'],NO_TRIGGER,FILLED,NO_CONTINGENCY,,,,MY_GENERIC_ALGO,,O-20260309-141422-001-000-1403,,256b8282-f2bc-4739-9992-9c18e73a7e71,2026-03-09 14:14:22.440261256+00:00,2026-03-09 14:14:22.440261256+00:00
BACKTESTER-001,OracleStrategy-000,MESM6.GLBX,GLBX-1-1140,MESM6.GLBX-OracleStrategy-000,GLBX-001,GLBX-1-1140,MARKET,SELL,1,GTC,True,False,1,TAKER,6697.5,0.0,['0.00 USD'],NO_TRIGGER,FILLED,NO_CONTINGENCY,,,,MY_GENERIC_ALGO,,O-20260309-141423-001-000-1404,,e52545bf-7d79-4e79-a5d9-921589cea204,2026-03-09 14:14:23.448515485+00:00,2026-03-09 14:14:23.448515485+00:00
BACKTESTER-001,OracleStrategy-000,MESM6.GLBX,GLBX-1-1141,MESM6.GLBX-OracleStrategy-000,GLBX-001,GLBX-1-1141,MARKET,SELL,1,GTC,False,False,1,TAKER,6697.5,0.0,['0.00 USD'],NO_TRIGGER,FILLED,NO_CONTINGENCY,,,,MY_GENERIC_ALGO,,O-20260309-141423-001-000-1405,,46f29443-e18b-460c-874e-a345dc16823e,2026-03-09 14:14:23.448515485+00:00,2026-03-09 14:14:23.448515485+00:00
BACKTESTER-001,OracleStrategy-000,MESM6.GLBX,GLBX-1-1142,MESM6.GLBX-OracleStrategy-000,GLBX-001,GLBX-1-1142,MARKET,BUY,1,GTC,True,False,1,TAKER,6696.5,0.0,['0.00 USD'],NO_TRIGGER,FILLED,NO_CONTINGENCY,,,,MY_GENERIC_ALGO,,O-20260309-141427-001-000-1406,,08395877-fe58-4d7b-87b3-e806f153512e,2026-03-09 14:14:27.573160963+00:00,2026-03-09 14:14:27.573160963+00:00
BACKTESTER-001,OracleStrategy-000,MESM6.GLBX,GLBX-1-1143,MESM6.GLBX-OracleStrategy-000,GLBX-001,GLBX-1-1143,MARKET,BUY,1,GTC,False,False,1,TAKER,6696.5,0.0,['0.00 USD'],NO_TRIGGER,FILLED,NO_CONTINGENCY,,,,MY_GENERIC_ALGO,,O-20260309-141430-001-000-1408,,610f7a31-3249-45ab-95e4-3a188a271efa,2026-03-09 14:14:30.739110565+00:00,2026-03-09 14:14:30.739110565+00:00
BACKTESTER-001,OracleStrategy-000,MESM6.GLBX,GLBX-1-1144,MESM6.GLBX-OracleStrategy-000,GLBX-001,GLBX-1-1144,MARKET,SELL,1,GTC,True,False,1,TAKER,6700.5,0.0,['0.00 USD'],NO_TRIGGER,FILLED,NO_CONTINGENCY,,,,MY_GENERIC_ALGO,,O-20260309-141523-001-000-1409,,ebeb55ce-abd3-43e0-9579-7e109289d683,2026-03-09 14:15:23.574060448+00:00,2026-03-09 14:15:23.574060448+00:00
BACKTESTER-001,OracleStrategy-000,MESM6.GLBX,GLBX-1-1145,MESM6.GLBX-OracleStrategy-000,GLBX-001,GLBX-1-1145,MARKET,SELL,1,GTC,False,False,1,TAKER,6700.5,0.0,['0.00 USD'],NO_TRIGGER,FILLED,NO_CONTINGENCY,,,,MY_GENERIC_ALGO,,O-20260309-141523-001-000-1410,,0f707b3e-7ade-4350-b17c-a546d27b0e01,2026-03-09 14:15:23.574060448+00:00,2026-03-09 14:15:23.574060448+00:00
BACKTESTER-001,OracleStrategy-000,MESM6.GLBX,GLBX-1-1146,MESM6.GLBX-OracleStrategy-000,GLBX-001,GLBX-1-1146,MARKET,BUY,1,GTC,True,False,1,TAKER,6696.0,0.0,['0.00 USD'],NO_TRIGGER,FILLED,NO_CONTINGENCY,,,,MY_GENERIC_ALGO,,O-20260309-141553-001-000-1411,,ecd03d82-0344-44bf-9981-75b983d7a94e,2026-03-09 14:15:53.315231458+00:00,2026-03-09 14:15:53.315231458+00:00
BACKTESTER-001,OracleStrategy-000,MESM6.GLBX,GLBX-1-1147,MESM6.GLBX-OracleStrategy-000,GLBX-001,GLBX-1-1147,MARKET,BUY,1,GTC,False,False,1,TAKER,6695.75,0.0,['0.00 USD'],NO_TRIGGER,FILLED,NO_CONTINGENCY,,,,MY_GENERIC_ALGO,,O-20260309-141555-001-000-1413,,e284e42d-e73c-4d31-a5f4-47734b9b7425,2026-03-09 14:15:55.678758573+00:00,2026-03-09 14:15:55.678758573+00:00
BACKTESTER-001,OracleStrategy-000,MESM6.GLBX,GLBX-1-1148,MESM6.GLBX-OracleStrategy-000,GLBX-001,GLBX-1-1148,MARKET,SELL,1,GTC,True,False,1,TAKER,6700.5,0.0,['0.00 USD'],NO_TRIGGER,FILLED,NO_CONTINGENCY,,,,MY_GENERIC_ALGO,,O-20260309-141638-001-000-1414,,facf8e84-3e26-4334-81ca-e7093acaeeb8,2026-03-09 14:16:38.631348853+00:00,2026-03-09 14:16:38.631348853+00:00
BACKTESTER-001,OracleStrategy-000,MESM6.GLBX,GLBX-1-1149,MESM6.GLBX-OracleStrategy-000,GLBX-001,GLBX-1-1149,MARKET,SELL,1,GTC,False,False,1,TAKER,6700.5,0.0,['0.00 USD'],NO_TRIGGER,FILLED,NO_CONTINGENCY,,,,MY_GENERIC_ALGO,,O-20260309-141638-001-000-1415,,18ea2837-7da1-4a93-9197-c27bf02642f8,2026-03-09 14:16:38.631348853+00:00,2026-03-09 14:16:38.631348853+00:00
BACKTESTER-001,OracleStrategy-000,MESM6.GLBX,GLBX-1-1150,MESM6.GLBX-OracleStrategy-000,GLBX-001,GLBX-1-1150,MARKET,BUY,1,GTC,True,False,1,TAKER,6702.25,0.0,['0.00 USD'],NO_TRIGGER,FILLED,NO_CONTINGENCY,,,,MY_GENERIC_ALGO,,O-20260309-141705-001-000-1416,,c91a34f4-a2b1-4be4-9990-e7ab554a360f,2026-03-09 14:17:05.132923007+00:00,2026-03-09 14:17:05.132923007+00:00
BACKTESTER-001,OracleStrategy-000,MESM6.GLBX,GLBX-1-1151,MESM6.GLBX-OracleStrategy-000,GLBX-001,GLBX-1-1151,MARKET,BUY,1,GTC,False,False,1,TAKER,6702.25,0.0,['0.00 USD'],NO_TRIGGER,FILLED,NO_CONTINGENCY,,,,MY_GENERIC_ALGO,,O-20260309-141705-001-000-1417,,9250d9c4-95d5-4cf4-b260-944a04fb7cdf,2026-03-09 14:17:05.132923007+00:00,2026-03-09 14:17:05.132923007+00:00
BACKTESTER-001,OracleStrategy-000,MESM6.GLBX,GLBX-1-1152,MESM6.GLBX-OracleStrategy-000,GLBX-001,GLBX-1-1152,MARKET,SELL,1,GTC,True,False,1,TAKER,6702.5,0.0,['0.00 USD'],NO_TRIGGER,FILLED,NO_CONTINGENCY,,,,MY_GENERIC_ALGO,,O-20260309-141732-001-000-1418,,44d9aa4c-a3d5-47cf-a000-15614d8c4820,2026-03-09 14:17:32.487893578+00:00,2026-03-09 14:17:32.487893578+00:00
BACKTESTER-001,OracleStrategy-000,MESM6.GLBX,GLBX-1-1153,MESM6.GLBX-OracleStrategy-000,GLBX-001,GLBX-1-1153,MARKET,BUY,1,GTC,False,False,1,TAKER,6703.0,0.0,['0.00 USD'],NO_TRIGGER,FILLED,NO_CONTINGENCY,,,,MY_GENERIC_ALGO,,O-20260309-141842-001-000-1423,,9c5677e4-1466-4fa2-9561-4ff659b10f63,2026-03-09 14:18:42.723104351+00:00,2026-03-09 14:18:42.723104351+00:00
BACKTESTER-001,OracleStrategy-000,MESM6.GLBX,GLBX-1-1154,MESM6.GLBX-OracleStrategy-000,GLBX-001,GLBX-1-1154,MARKET,SELL,1,GTC,True,False,1,TAKER,6707.25,0.0,['0.00 USD'],NO_TRIGGER,FILLED,NO_CONTINGENCY,,,,MY_GENERIC_ALGO,,O-20260309-141855-001-000-1424,,e0794ab5-6735-413e-a577-0f7564eb1545,2026-03-09 14:18:55.324435263+00:00,2026-03-09 14:18:55.324435263+00:00
BACKTESTER-001,OracleStrategy-000,MESM6.GLBX,GLBX-1-1155,MESM6.GLBX-OracleStrategy-000,GLBX-001,GLBX-1-1155,MARKET,SELL,1,GTC,False,False,1,TAKER,6707.25,0.0,['0.00 USD'],NO_TRIGGER,FILLED,NO_CONTINGENCY,,,,MY_GENERIC_ALGO,,O-20260309-141855-001-000-1425,,ea6dcf00-c9f6-4656-8b80-aa52542c8b43,2026-03-09 14:18:55.324435263+00:00,2026-03-09 14:18:55.324435263+00:00
BACKTESTER-001,OracleStrategy-000,MESM6.GLBX,GLBX-1-1156,MESM6.GLBX-OracleStrategy-000,GLBX-001,GLBX-1-1156,MARKET,BUY,1,GTC,True,False,1,TAKER,6706.75,0.0,['0.00 USD'],NO_TRIGGER,FILLED,NO_CONTINGENCY,,,,MY_GENERIC_ALGO,,O-20260309-141911-001-000-1426,,79177a95-f4a8-4d27-8c88-f284473ce521,2026-03-09 14:19:11.014856810+00:00,2026-03-09 14:19:11.014856810+00:00
BACKTESTER-001,OracleStrategy-000,MESM6.GLBX,GLBX-1-1157,MESM6.GLBX-OracleStrategy-000,GLBX-001,GLBX-1-1157,MARKET,BUY,1,GTC,False,False,1,TAKER,6706.75,0.0,['0.00 USD'],NO_TRIGGER,FILLED,NO_CONTINGENCY,,,,MY_GENERIC_ALGO,,O-20260309-141911-001-000-1427,,5f423051-9af7-4877-b7f7-a4504863dbc7,2026-03-09 14:19:11.014856810+00:00,2026-03-09 14:19:11.014856810+00:00
BACKTESTER-001,OracleStrategy-000,MESM6.GLBX,GLBX-1-1158,MESM6.GLBX-OracleStrategy-000,GLBX-001,GLBX-1-1158,MARKET,SELL,1,GTC,True,False,1,TAKER,6707.25,0.0,['0.00 USD'],NO_TRIGGER,FILLED,NO_CONTINGENCY,,,,MY_GENERIC_ALGO,,O-20260309-141950-001-000-1428,,77727caf-3e8f-451f-a4d9-dd66c593e722,2026-03-09 14:19:50.447153787+00:00,2026-03-09 14:19:50.447153787+00:00
BACKTESTER-001,OracleStrategy-000,MESM6.GLBX,GLBX-1-1159,MESM6.GLBX-OracleStrategy-000,GLBX-001,GLBX-1-1159,MARKET,SELL,1,GTC,False,False,1,TAKER,6707.25,0.0,['0.00 USD'],NO_TRIGGER,FILLED,NO_CONTINGENCY,,,,MY_GENERIC_ALGO,,O-20260309-141950-001-000-1429,,7a48a44d-1dc0-4d04-8127-f756aea6b806,2026-03-09 14:19:50.447153787+00:00,2026-03-09 14:19:50.447153787+00:00
BACKTESTER-001,OracleStrategy-000,MESM6.GLBX,GLBX-1-1160,MESM6.GLBX-OracleStrategy-000,GLBX-001,GLBX-1-1160,MARKET,BUY,1,GTC,True,False,1,TAKER,6700.25,0.0,['0.00 USD'],NO_TRIGGER,FILLED,NO_CONTINGENCY,,,,MY_GENERIC_ALGO,,O-20260309-142105-001-000-1430,,43a64ebf-6199-4b27-9bad-6a8cec4c350b,2026-03-09 14:21:05.208646730+00:00,2026-03-09 14:21:05.208646730+00:00
BACKTESTER-001,OracleStrategy-000,MESM6.GLBX,GLBX-1-1161,MESM6.GLBX-OracleStrategy-000,GLBX-001,GLBX-1-1161,MARKET,BUY,1,GTC,False,False,1,TAKER,6700.25,0.0,['0.00 USD'],NO_TRIGGER,FILLED,NO_CONTINGENCY,,,,MY_GENERIC_ALGO,,O-20260309-142105-001-000-1431,,7a389c0a-8374-4b49-833f-86bfb8089b0b,2026-03-09 14:21:05.208646730+00:00,2026-03-09 14:21:05.208646730+00:00
BACKTESTER-001,OracleStrategy-000,MESM6.GLBX,GLBX-1-1162,MESM6.GLBX-OracleStrategy-000,GLBX-001,GLBX-1-1162,MARKET,SELL,1,GTC,True,False,1,TAKER,6700.75,0.0,['0.00 USD'],NO_TRIGGER,FILLED,NO_CONTINGENCY,,,,MY_GENERIC_ALGO,,O-20260309-142128-001-000-1432,,8892213c-9bdb-4241-8f16-438bada09070,2026-03-09 14:21:28.208500593+00:00,2026-03-09 14:21:28.208500593+00:00
BACKTESTER-001,OracleStrategy-000,MESM6.GLBX,GLBX-1-1163,MESM6.GLBX-OracleStrategy-000,GLBX-001,GLBX-1-1163,MARKET,BUY,1,GTC,False,False,1,TAKER,6702.25,0.0,['0.00 USD'],NO_TRIGGER,FILLED,NO_CONTINGENCY,,,,MY_GENERIC_ALGO,,O-20260309-142134-001-000-1434,,e4bf474e-71c4-488d-b9cd-b85fd214f093,2026-03-09 14:21:34.893934707+00:00,2026-03-09 14:21:34.893934707+00:00
BACKTESTER-001,OracleStrategy-000,MESM6.GLBX,GLBX-1-1164,MESM6.GLBX-OracleStrategy-000,GLBX-001,GLBX-1-1164,MARKET,SELL,1,GTC,True,False,1,TAKER,6720.25,0.0,['0.00 USD'],NO_TRIGGER,FILLED,NO_CONTINGENCY,,,,MY_GENERIC_ALGO,,O-20260309-142319-001-000-1435,,9d2e76c7-faaa-4c3d-98a2-cfa7dcf139c6,2026-03-09 14:23:19.605577344+00:00,2026-03-09 14:23:19.605577344+00:00
BACKTESTER-001,OracleStrategy-000,MESM6.GLBX,GLBX-1-1165,MESM6.GLBX-OracleStrategy-000,GLBX-001,GLBX-1-1165,MARKET,SELL,1,GTC,False,False,1,TAKER,6720.25,0.0,['0.00 USD'],NO_TRIGGER,FILLED,NO_CONTINGENCY,,,,MY_GENERIC_ALGO,,O-20260309-142319-001-000-1436,,e5428458-969a-40b7-b4a1-6451cab773b7,2026-03-09 14:23:19.605577344+00:00,2026-03-09 14:23:19.605577344+00:00
BACKTESTER-001,OracleStrategy-000,MESM6.GLBX,GLBX-1-1166,MESM6.GLBX-OracleStrategy-000,GLBX-001,GLBX-1-1166,MARKET,BUY,1,GTC,True,False,1,TAKER,6720.5,0.0,['0.00 USD'],NO_TRIGGER,FILLED,NO_CONTINGENCY,,,,MY_GENERIC_ALGO,,O-20260309-142322-001-000-1437,,4b706394-ec88-4719-9a9d-b44e4b015f96,2026-03-09 14:23:22.955358027+00:00,2026-03-09 14:23:22.955358027+00:00
BACKTESTER-001,OracleStrategy-000,MESM6.GLBX,GLBX-1-1167,MESM6.GLBX-OracleStrategy-000,GLBX-001,GLBX-1-1167,MARKET,BUY,1,GTC,False,False,1,TAKER,6720.5,0.0,['0.00 USD'],NO_TRIGGER,FILLED,NO_CONTINGENCY,,,,MY_GENERIC_ALGO,,O-20260309-142322-001-000-1438,,ded98214-67ad-4734-beeb-293e4a58a4b5,2026-03-09 14:23:22.955358027+00:00,2026-03-09 14:23:22.955358027+00:00
BACKTESTER-001,OracleStrategy-000,MESM6.GLBX,GLBX-1-1168,MESM6.GLBX-OracleStrategy-000,GLBX-001,GLBX-1-1168,MARKET,SELL,1,GTC,True,False,1,TAKER,6721.75,0.0,['0.00 USD'],NO_TRIGGER,FILLED,NO_CONTINGENCY,,,,MY_GENERIC_ALGO,,O-20260309-142327-001-000-1439,,3e486257-6a44-40cf-a543-9b2f87ef0a1b,2026-03-09 14:23:27.150586797+00:00,2026-03-09 14:23:27.150586797+00:00
BACKTESTER-001,OracleStrategy-000,MESM6.GLBX,GLBX-1-1169,MESM6.GLBX-OracleStrategy-000,GLBX-001,GLBX-1-1169,MARKET,SELL,1,GTC,False,False,1,TAKER,6721.75,0.0,['0.00 USD'],NO_TRIGGER,FILLED,NO_CONTINGENCY,,,,MY_GENERIC_ALGO,,O-20260309-142327-001-000-1440,,4beca8d3-a9d8-46e0-8461-788ebb225d2f,2026-03-09 14:23:27.150586797+00:00,2026-03-09 14:23:27.150586797+00:00
BACKTESTER-001,OracleStrategy-000,MESM6.GLBX,GLBX-1-1170,MESM6.GLBX-OracleStrategy-000,GLBX-001,GLBX-1-1170,MARKET,BUY,1,GTC,True,False,1,TAKER,6716.25,0.0,['0.00 USD'],NO_TRIGGER,FILLED,NO_CONTINGENCY,,,,MY_GENERIC_ALGO,,O-20260309-142413-001-000-1441,,2d22cabd-29d7-4b1a-b7d8-a85a084d0304,2026-03-09 14:24:13.402025597+00:00,2026-03-09 14:24:13.402025597+00:00
BACKTESTER-001,OracleStrategy-000,MESM6.GLBX,GLBX-1-1171,MESM6.GLBX-OracleStrategy-000,GLBX-001,GLBX-1-1171,MARKET,BUY,1,GTC,False,False,1,TAKER,6716.25,0.0,['0.00 USD'],NO_TRIGGER,FILLED,NO_CONTINGENCY,,,,MY_GENERIC_ALGO,,O-20260309-142413-001-000-1442,,66a7a621-7371-41f2-b187-89e6a6031170,2026-03-09 14:24:13.402025597+00:00,2026-03-09 14:24:13.402025597+00:00
BACKTESTER-001,OracleStrategy-000,MESM6.GLBX,GLBX-1-1172,MESM6.GLBX-OracleStrategy-000,GLBX-001,GLBX-1-1172,MARKET,SELL,1,GTC,True,False,1,TAKER,6720.0,0.0,['0.00 USD'],NO_TRIGGER,FILLED,NO_CONTINGENCY,,,,MY_GENERIC_ALGO,,O-20260309-142456-001-000-1443,,5844ab00-5415-4dfd-9aea-550d3305169d,2026-03-09 14:24:56.452291111+00:00,2026-03-09 14:24:56.452291111+00:00
BACKTESTER-001,OracleStrategy-000,MESM6.GLBX,GLBX-1-1173,MESM6.GLBX-OracleStrategy-000,GLBX-001,GLBX-1-1173,MARKET,SELL,1,GTC,False,False,1,TAKER,6720.0,0.0,['0.00 USD'],NO_TRIGGER,FILLED,NO_CONTINGENCY,,,,MY_GENERIC_ALGO,,O-20260309-142456-001-000-1444,,abaab980-a99a-4cab-a087-fb54703ae0ae,2026-03-09 14:24:56.452291111+00:00,2026-03-09 14:24:56.452291111+00:00
BACKTESTER-001,OracleStrategy-000,MESM6.GLBX,GLBX-1-1174,MESM6.GLBX-OracleStrategy-000,GLBX-001,GLBX-1-1174,MARKET,BUY,1,GTC,True,False,1,TAKER,6719.25,0.0,['0.00 USD'],NO_TRIGGER,FILLED,NO_CONTINGENCY,,,,MY_GENERIC_ALGO,,O-20260309-142519-001-000-1445,,ad37af86-b355-47dc-81d7-c4d0bef1a757,2026-03-09 14:25:19.195489175+00:00,2026-03-09 14:25:19.195489175+00:00
BACKTESTER-001,OracleStrategy-000,MESM6.GLBX,GLBX-1-1175,MESM6.GLBX-OracleStrategy-000,GLBX-001,GLBX-1-1175,MARKET,BUY,1,GTC,False,False,1,TAKER,6719.25,0.0,['0.00 USD'],NO_TRIGGER,FILLED,NO_CONTINGENCY,,,,MY_GENERIC_ALGO,,O-20260309-142519-001-000-1446,,3152d9c2-84dd-4859-bca6-183719792d7f,2026-03-09 14:25:19.195489175+00:00,2026-03-09 14:25:19.195489175+00:00
BACKTESTER-001,OracleStrategy-000,MESM6.GLBX,GLBX-1-1176,MESM6.GLBX-OracleStrategy-000,GLBX-001,GLBX-1-1176,MARKET,SELL,1,GTC,True,False,1,TAKER,6719.25,0.0,['0.00 USD'],NO_TRIGGER,FILLED,NO_CONTINGENCY,,,,MY_GENERIC_ALGO,,O-20260309-142532-001-000-1447,,83040d1d-465c-4e22-bc00-9f39c7097806,2026-03-09 14:25:32.568496968+00:00,2026-03-09 14:25:32.568496968+00:00
BACKTESTER-001,OracleStrategy-000,MESM6.GLBX,GLBX-1-1177,MESM6.GLBX-OracleStrategy-000,GLBX-001,GLBX-1-1177,MARKET,SELL,1,GTC,False,False,1,TAKER,6719.25,0.0,['0.00 USD'],NO_TRIGGER,FILLED,NO_CONTINGENCY,,,,MY_GENERIC_ALGO,,O-20260309-142532-001-000-1448,,18377d7b-46ae-4f8d-8820-614ab6f48da3,2026-03-09 14:25:32.568496968+00:00,2026-03-09 14:25:32.568496968+00:00
BACKTESTER-001,OracleStrategy-000,MESM6.GLBX,GLBX-1-1178,MESM6.GLBX-OracleStrategy-000,GLBX-001,GLBX-1-1178,MARKET,BUY,1,GTC,True,False,1,TAKER,6705.5,0.0,['0.00 USD'],NO_TRIGGER,FILLED,NO_CONTINGENCY,,,,MY_GENERIC_ALGO,,O-20260309-142717-001-000-1449,,0ce16db9-5bdb-43a9-a248-86decd69f864,2026-03-09 14:27:17.175620615+00:00,2026-03-09 14:27:17.175620615+00:00
BACKTESTER-001,OracleStrategy-000,MESM6.GLBX,GLBX-1-1179,MESM6.GLBX-OracleStrategy-000,GLBX-001,GLBX-1-1179,MARKET,BUY,1,GTC,False,False,1,TAKER,6705.5,0.0,['0.00 USD'],NO_TRIGGER,FILLED,NO_CONTINGENCY,,,,MY_GENERIC_ALGO,,O-20260309-142717-001-000-1450,,2a42ee80-22d2-4c97-a056-65014cd08d95,2026-03-09 14:27:17.175620615+00:00,2026-03-09 14:27:17.175620615+00:00
BACKTESTER-001,OracleStrategy-000,MESM6.GLBX,GLBX-1-1180,MESM6.GLBX-OracleStrategy-000,GLBX-001,GLBX-1-1180,MARKET,SELL,1,GTC,True,False,1,TAKER,6706.75,0.0,['0.00 USD'],NO_TRIGGER,FILLED,NO_CONTINGENCY,,,,MY_GENERIC_ALGO,,O-20260309-142806-001-000-1451,,06ec3914-0e90-41f2-b69e-c8e560aca900,2026-03-09 14:28:06.258223877+00:00,2026-03-09 14:28:06.258223877+00:00
BACKTESTER-001,OracleStrategy-000,MESM6.GLBX,GLBX-1-1181,MESM6.GLBX-OracleStrategy-000,GLBX-001,GLBX-1-1181,MARKET,SELL,1,GTC,False,False,1,TAKER,6706.75,0.0,['0.00 USD'],NO_TRIGGER,FILLED,NO_CONTINGENCY,,,,MY_GENERIC_ALGO,,O-20260309-142806-001-000-1452,,e8036e84-7f60-4306-947c-c762b136b965,2026-03-09 14:28:06.258223877+00:00,2026-03-09 14:28:06.258223877+00:00
BACKTESTER-001,OracleStrategy-000,MESM6.GLBX,GLBX-1-1182,MESM6.GLBX-OracleStrategy-000,GLBX-001,GLBX-1-1182,MARKET,BUY,1,GTC,True,False,1,TAKER,6706.5,0.0,['0.00 USD'],NO_TRIGGER,FILLED,NO_CONTINGENCY,,,,MY_GENERIC_ALGO,,O-20260309-142909-001-000-1453,,50ab3f2e-de7d-4c19-95de-b236512f5418,2026-03-09 14:29:09.524785128+00:00,2026-03-09 14:29:09.524785128+00:00
BACKTESTER-001,OracleStrategy-000,MESM6.GLBX,GLBX-1-1183,MESM6.GLBX-OracleStrategy-000,GLBX-001,GLBX-1-1183,MARKET,BUY,1,GTC,False,False,1,TAKER,6707.0,0.0,['0.00 USD'],NO_TRIGGER,FILLED,NO_CONTINGENCY,,,,MY_GENERIC_ALGO,,O-20260309-142924-001-000-1456,,def79ee1-f7dd-499d-8f7a-95c84cd1a93d,2026-03-09 14:29:24.389615347+00:00,2026-03-09 14:29:24.389615347+00:00
BACKTESTER-001,OracleStrategy-000,MESM6.GLBX,GLBX-1-1184,MESM6.GLBX-OracleStrategy-000,GLBX-001,GLBX-1-1184,MARKET,SELL,1,GTC,True,False,1,TAKER,6712.25,0.0,['0.00 USD'],NO_TRIGGER,FILLED,NO_CONTINGENCY,,,,MY_GENERIC_ALGO,,O-20260309-143010-001-000-1457,,e99a8b16-f627-4363-9cd3-5375e269dc28,2026-03-09 14:30:10.272976712+00:00,2026-03-09 14:30:10.272976712+00:00
BACKTESTER-001,OracleStrategy-000,MESM6.GLBX,GLBX-1-1185,MESM6.GLBX-OracleStrategy-000,GLBX-001,GLBX-1-1185,MARKET,SELL,1,GTC,False,False,1,TAKER,6712.0,0.0,['0.00 USD'],NO_TRIGGER,FILLED,NO_CONTINGENCY,,,,MY_GENERIC_ALGO,,O-20260309-143016-001-000-1460,,4cb0c8be-2036-4919-9876-74bfe78f4ee7,2026-03-09 14:30:16.265191141+00:00,2026-03-09 14:30:16.265191141+00:00
BACKTESTER-001,OracleStrategy-000,MESM6.GLBX,GLBX-1-1186,MESM6.GLBX-OracleStrategy-000,GLBX-001,GLBX-1-1186,MARKET,BUY,1,GTC,True,False,1,TAKER,6710.0,0.0,['0.00 USD'],NO_TRIGGER,FILLED,NO_CONTINGENCY,,,,MY_GENERIC_ALGO,,O-20260309-143042-001-000-1461,,8242fadd-9eb1-4b6c-aafe-ee3dd73906c2,2026-03-09 14:30:42.233430819+00:00,2026-03-09 14:30:42.233430819+00:00
BACKTESTER-001,OracleStrategy-000,MESM6.GLBX,GLBX-1-1187,MESM6.GLBX-OracleStrategy-000,GLBX-001,GLBX-1-1187,MARKET,BUY,1,GTC,False,False,1,TAKER,6710.0,0.0,['0.00 USD'],NO_TRIGGER,FILLED,NO_CONTINGENCY,,,,MY_GENERIC_ALGO,,O-20260309-143042-001-000-1462,,130a6434-9d34-461a-beca-be3ab8614952,2026-03-09 14:30:42.233430819+00:00,2026-03-09 14:30:42.233430819+00:00
BACKTESTER-001,OracleStrategy-000,MESM6.GLBX,GLBX-1-1188,MESM6.GLBX-OracleStrategy-000,GLBX-001,GLBX-1-1188,MARKET,SELL,1,GTC,True,False,1,TAKER,6713.5,0.0,['0.00 USD'],NO_TRIGGER,FILLED,NO_CONTINGENCY,,,,MY_GENERIC_ALGO,,O-20260309-143127-001-000-1463,,7d4deda6-58f3-4c76-a1e7-a4fb4e6533ed,2026-03-09 14:31:27.481398303+00:00,2026-03-09 14:31:27.481398303+00:00
BACKTESTER-001,OracleStrategy-000,MESM6.GLBX,GLBX-1-1189,MESM6.GLBX-OracleStrategy-000,GLBX-001,GLBX-1-1189,MARKET,SELL,1,GTC,False,False,1,TAKER,6713.5,0.0,['0.00 USD'],NO_TRIGGER,FILLED,NO_CONTINGENCY,,,,MY_GENERIC_ALGO,,O-20260309-143127-001-000-1464,,38a2f8a2-65c2-4470-abea-13dddbaecb6a,2026-03-09 14:31:27.481398303+00:00,2026-03-09 14:31:27.481398303+00:00
BACKTESTER-001,OracleStrategy-000,MESM6.GLBX,GLBX-1-1190,MESM6.GLBX-OracleStrategy-000,GLBX-001,GLBX-1-1190,MARKET,BUY,1,GTC,True,False,1,TAKER,6713.5,0.0,['0.00 USD'],NO_TRIGGER,FILLED,NO_CONTINGENCY,,,,MY_GENERIC_ALGO,,O-20260309-143203-001-000-1465,,da071dd9-3c16-451e-b517-10eec77b3dcb,2026-03-09 14:32:03.423877919+00:00,2026-03-09 14:32:03.423877919+00:00
BACKTESTER-001,OracleStrategy-000,MESM6.GLBX,GLBX-1-1191,MESM6.GLBX-OracleStrategy-000,GLBX-001,GLBX-1-1191,MARKET,BUY,1,GTC,False,False,1,TAKER,6713.5,0.0,['0.00 USD'],NO_TRIGGER,FILLED,NO_CONTINGENCY,,,,MY_GENERIC_ALGO,,O-20260309-143203-001-000-1466,,d6b0f85c-b8b9-4dba-be70-11de46d54b24,2026-03-09 14:32:03.423877919+00:00,2026-03-09 14:32:03.423877919+00:00
BACKTESTER-001,OracleStrategy-000,MESM6.GLBX,GLBX-1-1192,MESM6.GLBX-OracleStrategy-000,GLBX-001,GLBX-1-1192,MARKET,SELL,1,GTC,True,False,1,TAKER,6714.75,0.0,['0.00 USD'],NO_TRIGGER,FILLED,NO_CONTINGENCY,,,,MY_GENERIC_ALGO,,O-20260309-143303-001-000-1467,,eeab0b88-e696-411a-887d-9dd1c5b8967f,2026-03-09 14:33:03.975437947+00:00,2026-03-09 14:33:03.975437947+00:00
BACKTESTER-001,OracleStrategy-000,MESM6.GLBX,GLBX-1-1193,MESM6.GLBX-OracleStrategy-000,GLBX-001,GLBX-1-1193,MARKET,SELL,1,GTC,False,False,1,TAKER,6713.5,0.0,['0.00 USD'],NO_TRIGGER,FILLED,NO_CONTINGENCY,,,,MY_GENERIC_ALGO,,O-20260309-143309-001-000-1469,,5fc274e0-f968-42d2-a974-9c0a7ba77b41,2026-03-09 14:33:09.156610039+00:00,2026-03-09 14:33:09.156610039+00:00
BACKTESTER-001,OracleStrategy-000,MESM6.GLBX,GLBX-1-1194,MESM6.GLBX-OracleStrategy-000,GLBX-001,GLBX-1-1194,MARKET,BUY,1,GTC,True,False,1,TAKER,6714.25,0.0,['0.00 USD'],NO_TRIGGER,FILLED,NO_CONTINGENCY,,,,MY_GENERIC_ALGO,,O-20260309-143324-001-000-1470,,5606445d-c596-420a-b5de-5738e3e1d118,2026-03-09 14:33:24.975193357+00:00,2026-03-09 14:33:24.975193357+00:00
BACKTESTER-001,OracleStrategy-000,MESM6.GLBX,GLBX-1-1195,MESM6.GLBX-OracleStrategy-000,GLBX-001,GLBX-1-1195,MARKET,BUY,1,GTC,False,False,1,TAKER,6714.25,0.0,['0.00 USD'],NO_TRIGGER,FILLED,NO_CONTINGENCY,,,,MY_GENERIC_ALGO,,O-20260309-143324-001-000-1471,,c306415d-14b4-4a24-8f68-0fb1b3509720,2026-03-09 14:33:24.975193357+00:00,2026-03-09 14:33:24.975193357+00:00
BACKTESTER-001,OracleStrategy-000,MESM6.GLBX,GLBX-1-1196,MESM6.GLBX-OracleStrategy-000,GLBX-001,GLBX-1-1196,MARKET,SELL,1,GTC,True,False,1,TAKER,6716.75,0.0,['0.00 USD'],NO_TRIGGER,FILLED,NO_CONTINGENCY,,,,MY_GENERIC_ALGO,,O-20260309-143416-001-000-1472,,487c8793-57a6-4109-bdda-15322c764b07,2026-03-09 14:34:16.913401949+00:00,2026-03-09 14:34:16.913401949+00:00
BACKTESTER-001,OracleStrategy-000,MESM6.GLBX,GLBX-1-1197,MESM6.GLBX-OracleStrategy-000,GLBX-001,GLBX-1-1197,MARKET,SELL,1,GTC,False,False,1,TAKER,6716.75,0.0,['0.00 USD'],NO_TRIGGER,FILLED,NO_CONTINGENCY,,,,MY_GENERIC_ALGO,,O-20260309-143416-001-000-1473,,f4a5887c-b363-4d47-8890-6caf186acc9b,2026-03-09 14:34:16.913401949+00:00,2026-03-09 14:34:16.913401949+00:00
BACKTESTER-001,OracleStrategy-000,MESM6.GLBX,GLBX-1-1198,MESM6.GLBX-OracleStrategy-000,GLBX-001,GLBX-1-1198,MARKET,BUY,1,GTC,True,False,1,TAKER,6715.5,0.0,['0.00 USD'],NO_TRIGGER,FILLED,NO_CONTINGENCY,,,,MY_GENERIC_ALGO,,O-20260309-143430-001-000-1474,,838fb765-c3f3-4da3-abc0-57773ede0232,2026-03-09 14:34:30.640746171+00:00,2026-03-09 14:34:30.640746171+00:00
BACKTESTER-001,OracleStrategy-000,MESM6.GLBX,GLBX-1-1199,MESM6.GLBX-OracleStrategy-000,GLBX-001,GLBX-1-1199,MARKET,BUY,1,GTC,False,False,1,TAKER,6715.5,0.0,['0.00 USD'],NO_TRIGGER,FILLED,NO_CONTINGENCY,,,,MY_GENERIC_ALGO,,O-20260309-143430-001-000-1475,,322d1c1c-b5df-4646-b03a-f1b090cf2d30,2026-03-09 14:34:30.640746171+00:00,2026-03-09 14:34:30.640746171+00:00
BACKTESTER-001,OracleStrategy-000,MESM6.GLBX,GLBX-1-1200,MESM6.GLBX-OracleStrategy-000,GLBX-001,GLBX-1-1200,MARKET,SELL,1,GTC,True,False,1,TAKER,6715.5,0.0,['0.00 USD'],NO_TRIGGER,FILLED,NO_CONTINGENCY,,,,MY_GENERIC_ALGO,,O-20260309-143443-001-000-1476,,1edda759-4463-45e1-b43f-045175ff30d1,2026-03-09 14:34:43.165251378+00:00,2026-03-09 14:34:43.165251378+00:00
BACKTESTER-001,OracleStrategy-000,MESM6.GLBX,GLBX-1-1201,MESM6.GLBX-OracleStrategy-000,GLBX-001,GLBX-1-1201,MARKET,BUY,1,GTC,False,False,1,TAKER,6716.5,0.0,['0.00 USD'],NO_TRIGGER,FILLED,NO_CONTINGENCY,,,,MY_GENERIC_ALGO,,O-20260309-143450-001-000-1478,,bcffa6e4-65b7-43cd-b1d6-e2f39a848109,2026-03-09 14:34:50.611202855+00:00,2026-03-09 14:34:50.611202855+00:00
BACKTESTER-001,OracleStrategy-000,MESM6.GLBX,GLBX-1-1202,MESM6.GLBX-OracleStrategy-000,GLBX-001,GLBX-1-1202,MARKET,SELL,1,GTC,True,False,1,TAKER,6725.0,0.0,['0.00 USD'],NO_TRIGGER,FILLED,NO_CONTINGENCY,,,,MY_GENERIC_ALGO,,O-20260309-143637-001-000-1479,,d4da9316-f440-4bb9-83c9-8ea569192f83,2026-03-09 14:36:37.597116377+00:00,2026-03-09 14:36:37.597116377+00:00
BACKTESTER-001,OracleStrategy-000,MESM6.GLBX,GLBX-1-1203,MESM6.GLBX-OracleStrategy-000,GLBX-001,GLBX-1-1203,MARKET,SELL,1,GTC,False,False,1,TAKER,6725.0,0.0,['0.00 USD'],NO_TRIGGER,FILLED,NO_CONTINGENCY,,,,MY_GENERIC_ALGO,,O-20260309-143637-001-000-1480,,7f35e804-6d24-42cf-965b-d42cfa454ae3,2026-03-09 14:36:37.597116377+00:00,2026-03-09 14:36:37.597116377+00:00
BACKTESTER-001,OracleStrategy-000,MESM6.GLBX,GLBX-1-1204,MESM6.GLBX-OracleStrategy-000,GLBX-001,GLBX-1-1204,MARKET,BUY,1,GTC,True,False,1,TAKER,6723.25,0.0,['0.00 USD'],NO_TRIGGER,FILLED,NO_CONTINGENCY,,,,MY_GENERIC_ALGO,,O-20260309-143713-001-000-1481,,9206a6b7-0bae-4666-a673-f8589102e073,2026-03-09 14:37:13.979219153+00:00,2026-03-09 14:37:13.979219153+00:00
BACKTESTER-001,OracleStrategy-000,MESM6.GLBX,GLBX-1-1205,MESM6.GLBX-OracleStrategy-000,GLBX-001,GLBX-1-1205,MARKET,BUY,1,GTC,False,False,1,TAKER,6723.25,0.0,['0.00 USD'],NO_TRIGGER,FILLED,NO_CONTINGENCY,,,,MY_GENERIC_ALGO,,O-20260309-143713-001-000-1482,,1de71563-5d83-432c-b807-b057156923bb,2026-03-09 14:37:13.979219153+00:00,2026-03-09 14:37:13.979219153+00:00
BACKTESTER-001,OracleStrategy-000,MESM6.GLBX,GLBX-1-1206,MESM6.GLBX-OracleStrategy-000,GLBX-001,GLBX-1-1206,MARKET,SELL,1,GTC,True,False,1,TAKER,6731.0,0.0,['0.00 USD'],NO_TRIGGER,FILLED,NO_CONTINGENCY,,,,MY_GENERIC_ALGO,,O-20260309-143845-001-000-1483,,92fac117-ea66-4237-b4c5-1e4e3d7e4dfe,2026-03-09 14:38:45.090253107+00:00,2026-03-09 14:38:45.090253107+00:00
BACKTESTER-001,OracleStrategy-000,MESM6.GLBX,GLBX-1-1207,MESM6.GLBX-OracleStrategy-000,GLBX-001,GLBX-1-1207,MARKET,SELL,1,GTC,False,False,1,TAKER,6731.0,0.0,['0.00 USD'],NO_TRIGGER,FILLED,NO_CONTINGENCY,,,,MY_GENERIC_ALGO,,O-20260309-143845-001-000-1484,,4f525c1f-d04a-4360-a3c5-98b815be1561,2026-03-09 14:38:45.090253107+00:00,2026-03-09 14:38:45.090253107+00:00
BACKTESTER-001,OracleStrategy-000,MESM6.GLBX,GLBX-1-1208,MESM6.GLBX-OracleStrategy-000,GLBX-001,GLBX-1-1208,MARKET,BUY,1,GTC,True,False,1,TAKER,6729.0,0.0,['0.00 USD'],NO_TRIGGER,FILLED,NO_CONTINGENCY,,,,MY_GENERIC_ALGO,,O-20260309-143943-001-000-1485,,510df37e-642a-4c8b-98ce-a598441e1807,2026-03-09 14:39:43.723302186+00:00,2026-03-09 14:39:43.723302186+00:00
BACKTESTER-001,OracleStrategy-000,MESM6.GLBX,GLBX-1-1209,MESM6.GLBX-OracleStrategy-000,GLBX-001,GLBX-1-1209,MARKET,BUY,1,GTC,False,False,1,TAKER,6729.0,0.0,['0.00 USD'],NO_TRIGGER,FILLED,NO_CONTINGENCY,,,,MY_GENERIC_ALGO,,O-20260309-143943-001-000-1486,,d77fa35c-daa8-480c-bb99-bb00745cddd2,2026-03-09 14:39:43.723302186+00:00,2026-03-09 14:39:43.723302186+00:00
BACKTESTER-001,OracleStrategy-000,MESM6.GLBX,GLBX-1-1210,MESM6.GLBX-OracleStrategy-000,GLBX-001,GLBX-1-1210,MARKET,SELL,1,GTC,True,False,1,TAKER,6727.75,0.0,['0.00 USD'],NO_TRIGGER,FILLED,NO_CONTINGENCY,,,,MY_GENERIC_ALGO,,O-20260309-144005-001-000-1487,,8ab09b5d-217c-415e-bf81-2e1cb07b414c,2026-03-09 14:40:05.755070787+00:00,2026-03-09 14:40:05.755070787+00:00
BACKTESTER-001,OracleStrategy-000,MESM6.GLBX,GLBX-1-1211,MESM6.GLBX-OracleStrategy-000,GLBX-001,GLBX-1-1211,MARKET,SELL,1,GTC,False,False,1,TAKER,6727.75,0.0,['0.00 USD'],NO_TRIGGER,FILLED,NO_CONTINGENCY,,,,MY_GENERIC_ALGO,,O-20260309-144005-001-000-1488,,11a7df66-5f9c-49e0-b3c2-05563ef10606,2026-03-09 14:40:05.755070787+00:00,2026-03-09 14:40:05.755070787+00:00
BACKTESTER-001,OracleStrategy-000,MESM6.GLBX,GLBX-1-1212,MESM6.GLBX-OracleStrategy-000,GLBX-001,GLBX-1-1212,MARKET,BUY,1,GTC,True,False,1,TAKER,6725.0,0.0,['0.00 USD'],NO_TRIGGER,FILLED,NO_CONTINGENCY,,,,MY_GENERIC_ALGO,,O-20260309-144030-001-000-1489,,f607e273-d066-4fd0-a032-f569fefbfe88,2026-03-09 14:40:30.499232477+00:00,2026-03-09 14:40:30.499232477+00:00
BACKTESTER-001,OracleStrategy-000,MESM6.GLBX,GLBX-1-1213,MESM6.GLBX-OracleStrategy-000,GLBX-001,GLBX-1-1213,MARKET,BUY,1,GTC,False,False,1,TAKER,6725.0,0.0,['0.00 USD'],NO_TRIGGER,FILLED,NO_CONTINGENCY,,,,MY_GENERIC_ALGO,,O-20260309-144030-001-000-1490,,6c87c89c-4a3b-4fb5-9551-93911f7400f6,2026-03-09 14:40:30.499232477+00:00,2026-03-09 14:40:30.499232477+00:00
BACKTESTER-001,OracleStrategy-000,MESM6.GLBX,GLBX-1-1214,MESM6.GLBX-OracleStrategy-000,GLBX-001,GLBX-1-1214,MARKET,SELL,1,GTC,True,False,1,TAKER,6732.25,0.0,['0.00 USD'],NO_TRIGGER,FILLED,NO_CONTINGENCY,,,,MY_GENERIC_ALGO,,O-20260309-144137-001-000-1491,,323db23b-7503-4785-827d-af5dbde0a0f0,2026-03-09 14:41:37.389981226+00:00,2026-03-09 14:41:37.389981226+00:00
BACKTESTER-001,OracleStrategy-000,MESM6.GLBX,GLBX-1-1215,MESM6.GLBX-OracleStrategy-000,GLBX-001,GLBX-1-1215,MARKET,SELL,1,GTC,False,False,1,TAKER,6732.25,0.0,['0.00 USD'],NO_TRIGGER,FILLED,NO_CONTINGENCY,,,,MY_GENERIC_ALGO,,O-20260309-144137-001-000-1492,,91e64032-a0ac-4ffe-9444-dbcfbb556919,2026-03-09 14:41:37.389981226+00:00,2026-03-09 14:41:37.389981226+00:00
BACKTESTER-001,OracleStrategy-000,MESM6.GLBX,GLBX-1-1216,MESM6.GLBX-OracleStrategy-000,GLBX-001,GLBX-1-1216,MARKET,BUY,1,GTC,True,False,1,TAKER,6725.5,0.0,['0.00 USD'],NO_TRIGGER,FILLED,NO_CONTINGENCY,,,,MY_GENERIC_ALGO,,O-20260309-144207-001-000-1493,,30a62da3-0065-470c-91e4-b350cb904a19,2026-03-09 14:42:07.547374847+00:00,2026-03-09 14:42:07.547374847+00:00
BACKTESTER-001,OracleStrategy-000,MESM6.GLBX,GLBX-1-1217,MESM6.GLBX-OracleStrategy-000,GLBX-001,GLBX-1-1217,MARKET,BUY,1,GTC,False,False,1,TAKER,6725.5,0.0,['0.00 USD'],NO_TRIGGER,FILLED,NO_CONTINGENCY,,,,MY_GENERIC_ALGO,,O-20260309-144207-001-000-1494,,accb21bc-c9a6-4b6b-854e-8821bcb2fd14,2026-03-09 14:42:07.547374847+00:00,2026-03-09 14:42:07.547374847+00:00
BACKTESTER-001,OracleStrategy-000,MESM6.GLBX,GLBX-1-1218,MESM6.GLBX-OracleStrategy-000,GLBX-001,GLBX-1-1218,MARKET,SELL,1,GTC,True,False,1,TAKER,6732.0,0.0,['0.00 USD'],NO_TRIGGER,FILLED,NO_CONTINGENCY,,,,MY_GENERIC_ALGO,,O-20260309-144311-001-000-1495,,e81db1a9-0513-4966-968e-80d80a59cc39,2026-03-09 14:43:11.779685736+00:00,2026-03-09 14:43:11.779685736+00:00
BACKTESTER-001,OracleStrategy-000,MESM6.GLBX,GLBX-1-1219,MESM6.GLBX-OracleStrategy-000,GLBX-001,GLBX-1-1219,MARKET,SELL,1,GTC,False,False,1,TAKER,6732.0,0.0,['0.00 USD'],NO_TRIGGER,FILLED,NO_CONTINGENCY,,,,MY_GENERIC_ALGO,,O-20260309-144311-001-000-1496,,d2b7d346-e68d-4cfd-8d45-402965309055,2026-03-09 14:43:11.779685736+00:00,2026-03-09 14:43:11.779685736+00:00
BACKTESTER-001,OracleStrategy-000,MESM6.GLBX,GLBX-1-1220,MESM6.GLBX-OracleStrategy-000,GLBX-001,GLBX-1-1220,MARKET,BUY,1,GTC,True,False,1,TAKER,6730.0,0.0,['0.00 USD'],NO_TRIGGER,FILLED,NO_CONTINGENCY,,,,MY_GENERIC_ALGO,,O-20260309-144323-001-000-1497,,ae96ff76-7d04-4115-be9c-05f1a983a81d,2026-03-09 14:43:23.719100843+00:00,2026-03-09 14:43:23.719100843+00:00
BACKTESTER-001,OracleStrategy-000,MESM6.GLBX,GLBX-1-1221,MESM6.GLBX-OracleStrategy-000,GLBX-001,GLBX-1-1221,MARKET,BUY,1,GTC,False,False,1,TAKER,6730.0,0.0,['0.00 USD'],NO_TRIGGER,FILLED,NO_CONTINGENCY,,,,MY_GENERIC_ALGO,,O-20260309-144323-001-000-1498,,6ee6756f-4427-453e-bcc0-bf54bdaa8213,2026-03-09 14:43:23.719100843+00:00,2026-03-09 14:43:23.719100843+00:00
BACKTESTER-001,OracleStrategy-000,MESM6.GLBX,GLBX-1-1222,MESM6.GLBX-OracleStrategy-000,GLBX-001,GLBX-1-1222,MARKET,SELL,1,GTC,True,False,1,TAKER,6730.75,0.0,['0.00 USD'],NO_TRIGGER,FILLED,NO_CONTINGENCY,,,,MY_GENERIC_ALGO,,O-20260309-144337-001-000-1499,,e811e937-c0f6-4aad-ae6d-0cff3c63e1d9,2026-03-09 14:43:37.708035336+00:00,2026-03-09 14:43:37.708035336+00:00
BACKTESTER-001,OracleStrategy-000,MESM6.GLBX,GLBX-1-1223,MESM6.GLBX-OracleStrategy-000,GLBX-001,GLBX-1-1223,MARKET,SELL,1,GTC,False,False,1,TAKER,6730.75,0.0,['0.00 USD'],NO_TRIGGER,FILLED,NO_CONTINGENCY,,,,MY_GENERIC_ALGO,,O-20260309-144337-001-000-1500,,8a5dce46-4689-41ab-a63e-5f9d5658fb9a,2026-03-09 14:43:37.708035336+00:00,2026-03-09 14:43:37.708035336+00:00
BACKTESTER-001,OracleStrategy-000,MESM6.GLBX,GLBX-1-1224,MESM6.GLBX-OracleStrategy-000,GLBX-001,GLBX-1-1224,MARKET,BUY,1,GTC,True,False,1,TAKER,6731.25,0.0,['0.00 USD'],NO_TRIGGER,FILLED,NO_CONTINGENCY,,,,MY_GENERIC_ALGO,,O-20260309-144407-001-000-1501,,d7429578-1ed0-4eff-ac43-f554819264d6,2026-03-09 14:44:07.095963656+00:00,2026-03-09 14:44:07.095963656+00:00
BACKTESTER-001,OracleStrategy-000,MESM6.GLBX,GLBX-1-1225,MESM6.GLBX-OracleStrategy-000,GLBX-001,GLBX-1-1225,MARKET,BUY,1,GTC,False,False,1,TAKER,6727.75,0.0,['0.00 USD'],NO_TRIGGER,FILLED,NO_CONTINGENCY,,,,MY_GENERIC_ALGO,,O-20260309-144419-001-000-1504,,6ff06f37-e1f8-43af-86f0-b2eda95d7745,2026-03-09 14:44:19.420624352+00:00,2026-03-09 14:44:19.420624352+00:00
BACKTESTER-001,OracleStrategy-000,MESM6.GLBX,GLBX-1-1226,MESM6.GLBX-OracleStrategy-000,GLBX-001,GLBX-1-1226,MARKET,SELL,1,GTC,True,False,1,TAKER,6737.5,0.0,['0.00 USD'],NO_TRIGGER,FILLED,NO_CONTINGENCY,,,,MY_GENERIC_ALGO,,O-20260309-144550-001-000-1505,,9d77ece6-becf-4d30-ad3f-1e6a482fb7fe,2026-03-09 14:45:50.766344634+00:00,2026-03-09 14:45:50.766344634+00:00
BACKTESTER-001,OracleStrategy-000,MESM6.GLBX,GLBX-1-1227,MESM6.GLBX-OracleStrategy-000,GLBX-001,GLBX-1-1227,MARKET,SELL,1,GTC,False,False,1,TAKER,6737.5,0.0,['0.00 USD'],NO_TRIGGER,FILLED,NO_CONTINGENCY,,,,MY_GENERIC_ALGO,,O-20260309-144550-001-000-1506,,a07b4450-3292-4465-a338-2a5990e4c41a,2026-03-09 14:45:50.766344634+00:00,2026-03-09 14:45:50.766344634+00:00
BACKTESTER-001,OracleStrategy-000,MESM6.GLBX,GLBX-1-1228,MESM6.GLBX-OracleStrategy-000,GLBX-001,GLBX-1-1228,MARKET,BUY,1,GTC,True,False,1,TAKER,6737.25,0.0,['0.00 USD'],NO_TRIGGER,FILLED,NO_CONTINGENCY,,,,MY_GENERIC_ALGO,,O-20260309-144624-001-000-1507,,5eb19256-a427-4c0c-95ab-562a32894476,2026-03-09 14:46:24.334224595+00:00,2026-03-09 14:46:24.334224595+00:00
BACKTESTER-001,OracleStrategy-000,MESM6.GLBX,GLBX-1-1229,MESM6.GLBX-OracleStrategy-000,GLBX-001,GLBX-1-1229,MARKET,BUY,1,GTC,False,False,1,TAKER,6737.25,0.0,['0.00 USD'],NO_TRIGGER,FILLED,NO_CONTINGENCY,,,,MY_GENERIC_ALGO,,O-20260309-144624-001-000-1508,,810f47b7-a9ff-4751-8f3b-31d4e455c9fd,2026-03-09 14:46:24.334224595+00:00,2026-03-09 14:46:24.334224595+00:00
BACKTESTER-001,OracleStrategy-000,MESM6.GLBX,GLBX-1-1230,MESM6.GLBX-OracleStrategy-000,GLBX-001,GLBX-1-1230,MARKET,SELL,1,GTC,True,False,1,TAKER,6741.25,0.0,['0.00 USD'],NO_TRIGGER,FILLED,NO_CONTINGENCY,,,,MY_GENERIC_ALGO,,O-20260309-144659-001-000-1509,,5882666c-465f-454f-8b19-edb5ed1d19fa,2026-03-09 14:46:59.907277563+00:00,2026-03-09 14:46:59.907277563+00:00
BACKTESTER-001,OracleStrategy-000,MESM6.GLBX,GLBX-1-1231,MESM6.GLBX-OracleStrategy-000,GLBX-001,GLBX-1-1231,MARKET,SELL,1,GTC,False,False,1,TAKER,6741.25,0.0,['0.00 USD'],NO_TRIGGER,FILLED,NO_CONTINGENCY,,,,MY_GENERIC_ALGO,,O-20260309-144659-001-000-1510,,3b8e7e35-bf27-41b0-a842-fe94064b10a7,2026-03-09 14:46:59.907277563+00:00,2026-03-09 14:46:59.907277563+00:00
BACKTESTER-001,OracleStrategy-000,MESM6.GLBX,GLBX-1-1232,MESM6.GLBX-OracleStrategy-000,GLBX-001,GLBX-1-1232,MARKET,BUY,1,GTC,True,False,1,TAKER,6741.5,0.0,['0.00 USD'],NO_TRIGGER,FILLED,NO_CONTINGENCY,,,,MY_GENERIC_ALGO,,O-20260309-144701-001-000-1511,,16582ce1-1af9-48c8-a17c-49f9ac70a00e,2026-03-09 14:47:01.425050386+00:00,2026-03-09 14:47:01.425050386+00:00
BACKTESTER-001,OracleStrategy-000,MESM6.GLBX,GLBX-1-1233,MESM6.GLBX-OracleStrategy-000,GLBX-001,GLBX-1-1233,MARKET,BUY,1,GTC,False,False,1,TAKER,6740.5,0.0,['0.00 USD'],NO_TRIGGER,FILLED,NO_CONTINGENCY,,,,MY_GENERIC_ALGO,,O-20260309-144707-001-000-1513,,4161a7b7-78d5-45be-b569-2773430c9a7e,2026-03-09 14:47:07.586357115+00:00,2026-03-09 14:47:07.586357115+00:00
BACKTESTER-001,OracleStrategy-000,MESM6.GLBX,GLBX-1-1234,MESM6.GLBX-OracleStrategy-000,GLBX-001,GLBX-1-1234,MARKET,SELL,1,GTC,True,False,1,TAKER,6742.0,0.0,['0.00 USD'],NO_TRIGGER,FILLED,NO_CONTINGENCY,,,,MY_GENERIC_ALGO,,O-20260309-144754-001-000-1514,,ab0e03ee-4281-4004-bcf2-8dfaf057d0b4,2026-03-09 14:47:54.012178573+00:00,2026-03-09 14:47:54.012178573+00:00
BACKTESTER-001,OracleStrategy-000,MESM6.GLBX,GLBX-1-1235,MESM6.GLBX-OracleStrategy-000,GLBX-001,GLBX-1-1235,MARKET,SELL,1,GTC,False,False,1,TAKER,6742.0,0.0,['0.00 USD'],NO_TRIGGER,FILLED,NO_CONTINGENCY,,,,MY_GENERIC_ALGO,,O-20260309-144754-001-000-1515,,369326a6-d687-4f30-845c-9183020d84d2,2026-03-09 14:47:54.012178573+00:00,2026-03-09 14:47:54.012178573+00:00
BACKTESTER-001,OracleStrategy-000,MESM6.GLBX,GLBX-1-1236,MESM6.GLBX-OracleStrategy-000,GLBX-001,GLBX-1-1236,MARKET,BUY,1,GTC,True,False,1,TAKER,6743.5,0.0,['0.00 USD'],NO_TRIGGER,FILLED,NO_CONTINGENCY,,,,MY_GENERIC_ALGO,,O-20260309-144804-001-000-1516,,e2e95220-1fa6-4f03-9fea-262a115335bc,2026-03-09 14:48:04.198512715+00:00,2026-03-09 14:48:04.198512715+00:00
BACKTESTER-001,OracleStrategy-000,MESM6.GLBX,GLBX-1-1237,MESM6.GLBX-OracleStrategy-000,GLBX-001,GLBX-1-1237,MARKET,SELL,1,GTC,False,False,1,TAKER,6744.5,0.0,['0.00 USD'],NO_TRIGGER,FILLED,NO_CONTINGENCY,,,,MY_GENERIC_ALGO,,O-20260309-144817-001-000-1518,,b8c63ab5-1858-4fbd-9e48-21ec88a19ba8,2026-03-09 14:48:17.464635663+00:00,2026-03-09 14:48:17.464635663+00:00
BACKTESTER-001,OracleStrategy-000,MESM6.GLBX,GLBX-1-1238,MESM6.GLBX-OracleStrategy-000,GLBX-001,GLBX-1-1238,MARKET,BUY,1,GTC,True,False,1,TAKER,6739.75,0.0,['0.00 USD'],NO_TRIGGER,FILLED,NO_CONTINGENCY,,,,MY_GENERIC_ALGO,,O-20260309-144917-001-000-1519,,c6eb361d-e3eb-4259-ac35-a4a58dcb77f1,2026-03-09 14:49:17.463379032+00:00,2026-03-09 14:49:17.463379032+00:00
BACKTESTER-001,OracleStrategy-000,MESM6.GLBX,GLBX-1-1239,MESM6.GLBX-OracleStrategy-000,GLBX-001,GLBX-1-1239,MARKET,BUY,1,GTC,False,False,1,TAKER,6739.75,0.0,['0.00 USD'],NO_TRIGGER,FILLED,NO_CONTINGENCY,,,,MY_GENERIC_ALGO,,O-20260309-144917-001-000-1520,,e5f6259a-095e-4429-ab08-aa627d57fcd1,2026-03-09 14:49:17.463379032+00:00,2026-03-09 14:49:17.463379032+00:00
BACKTESTER-001,OracleStrategy-000,MESM6.GLBX,GLBX-1-1240,MESM6.GLBX-OracleStrategy-000,GLBX-001,GLBX-1-1240,MARKET,SELL,1,GTC,True,False,1,TAKER,6741.25,0.0,['0.00 USD'],NO_TRIGGER,FILLED,NO_CONTINGENCY,,,,MY_GENERIC_ALGO,,O-20260309-144949-001-000-1521,,9d5d98fb-0e4b-4879-bd06-5c98368f8325,2026-03-09 14:49:49.926236253+00:00,2026-03-09 14:49:49.926236253+00:00
BACKTESTER-001,OracleStrategy-000,MESM6.GLBX,GLBX-1-1241,MESM6.GLBX-OracleStrategy-000,GLBX-001,GLBX-1-1241,MARKET,SELL,1,GTC,False,False,1,TAKER,6741.0,0.0,['0.00 USD'],NO_TRIGGER,FILLED,NO_CONTINGENCY,,,,MY_GENERIC_ALGO,,O-20260309-144955-001-000-1523,,05dc24fd-d4a0-47c3-b88c-32145c56cb9a,2026-03-09 14:49:55.691716686+00:00,2026-03-09 14:49:55.691716686+00:00
BACKTESTER-001,OracleStrategy-000,MESM6.GLBX,GLBX-1-1242,MESM6.GLBX-OracleStrategy-000,GLBX-001,GLBX-1-1242,MARKET,BUY,1,GTC,True,False,1,TAKER,6738.75,0.0,['0.00 USD'],NO_TRIGGER,FILLED,NO_CONTINGENCY,,,,MY_GENERIC_ALGO,,O-20260309-145010-001-000-1524,,dd2f3e7b-b579-490c-9727-b904546d9258,2026-03-09 14:50:10.187723197+00:00,2026-03-09 14:50:10.187723197+00:00
BACKTESTER-001,OracleStrategy-000,MESM6.GLBX,GLBX-1-1243,MESM6.GLBX-OracleStrategy-000,GLBX-001,GLBX-1-1243,MARKET,BUY,1,GTC,False,False,1,TAKER,6738.75,0.0,['0.00 USD'],NO_TRIGGER,FILLED,NO_CONTINGENCY,,,,MY_GENERIC_ALGO,,O-20260309-145010-001-000-1525,,adb95d74-8d1b-4f8a-9a76-59a787cef350,2026-03-09 14:50:10.187723197+00:00,2026-03-09 14:50:10.187723197+00:00
BACKTESTER-001,OracleStrategy-000,MESM6.GLBX,GLBX-1-1244,MESM6.GLBX-OracleStrategy-000,GLBX-001,GLBX-1-1244,MARKET,SELL,1,GTC,True,False,1,TAKER,6744.0,0.0,['0.00 USD'],NO_TRIGGER,FILLED,NO_CONTINGENCY,,,,MY_GENERIC_ALGO,,O-20260309-145152-001-000-1526,,d0388138-a261-44e0-9d1f-e827ae41998c,2026-03-09 14:51:52.609158691+00:00,2026-03-09 14:51:52.609158691+00:00
BACKTESTER-001,OracleStrategy-000,MESM6.GLBX,GLBX-1-1245,MESM6.GLBX-OracleStrategy-000,GLBX-001,GLBX-1-1245,MARKET,SELL,1,GTC,False,False,1,TAKER,6744.0,0.0,['0.00 USD'],NO_TRIGGER,FILLED,NO_CONTINGENCY,,,,MY_GENERIC_ALGO,,O-20260309-145152-001-000-1527,,e50ddd10-5209-4283-80f5-40942df1e292,2026-03-09 14:51:52.609158691+00:00,2026-03-09 14:51:52.609158691+00:00
BACKTESTER-001,OracleStrategy-000,MESM6.GLBX,GLBX-1-1246,MESM6.GLBX-OracleStrategy-000,GLBX-001,GLBX-1-1246,MARKET,BUY,1,GTC,True,False,1,TAKER,6742.5,0.0,['0.00 USD'],NO_TRIGGER,FILLED,NO_CONTINGENCY,,,,MY_GENERIC_ALGO,,O-20260309-145214-001-000-1528,,bef82154-7439-4197-a821-2e5c2cef19e1,2026-03-09 14:52:14.913730472+00:00,2026-03-09 14:52:14.913730472+00:00
BACKTESTER-001,OracleStrategy-000,MESM6.GLBX,GLBX-1-1247,MESM6.GLBX-OracleStrategy-000,GLBX-001,GLBX-1-1247,MARKET,BUY,1,GTC,False,False,1,TAKER,6742.5,0.0,['0.00 USD'],NO_TRIGGER,FILLED,NO_CONTINGENCY,,,,MY_GENERIC_ALGO,,O-20260309-145214-001-000-1529,,fe9a7262-154d-40f8-bea5-3fbe95309c8d,2026-03-09 14:52:14.913730472+00:00,2026-03-09 14:52:14.913730472+00:00
BACKTESTER-001,OracleStrategy-000,MESM6.GLBX,GLBX-1-1248,MESM6.GLBX-OracleStrategy-000,GLBX-001,GLBX-1-1248,MARKET,SELL,1,GTC,True,False,1,TAKER,6744.5,0.0,['0.00 USD'],NO_TRIGGER,FILLED,NO_CONTINGENCY,,,,MY_GENERIC_ALGO,,O-20260309-145246-001-000-1530,,d202156a-d0ca-4d5f-a818-eaf53bcf8536,2026-03-09 14:52:46.508249055+00:00,2026-03-09 14:52:46.508249055+00:00
BACKTESTER-001,OracleStrategy-000,MESM6.GLBX,GLBX-1-1249,MESM6.GLBX-OracleStrategy-000,GLBX-001,GLBX-1-1249,MARKET,SELL,1,GTC,False,False,1,TAKER,6744.5,0.0,['0.00 USD'],NO_TRIGGER,FILLED,NO_CONTINGENCY,,,,MY_GENERIC_ALGO,,O-20260309-145246-001-000-1531,,fe70b025-4a61-4067-a592-d4067303bca1,2026-03-09 14:52:46.508249055+00:00,2026-03-09 14:52:46.508249055+00:00
BACKTESTER-001,OracleStrategy-000,MESM6.GLBX,GLBX-1-1250,MESM6.GLBX-OracleStrategy-000,GLBX-001,GLBX-1-1250,MARKET,BUY,1,GTC,True,False,1,TAKER,6746.0,0.0,['0.00 USD'],NO_TRIGGER,FILLED,NO_CONTINGENCY,,,,MY_GENERIC_ALGO,,O-20260309-145304-001-000-1532,,1ab18837-15bb-4c3c-beb4-038caeaddd48,2026-03-09 14:53:04.010769927+00:00,2026-03-09 14:53:04.010769927+00:00
BACKTESTER-001,OracleStrategy-000,MESM6.GLBX,GLBX-1-1251,MESM6.GLBX-OracleStrategy-000,GLBX-001,GLBX-1-1251,MARKET,SELL,1,GTC,False,False,1,TAKER,6745.25,0.0,['0.00 USD'],NO_TRIGGER,FILLED,NO_CONTINGENCY,,,,MY_GENERIC_ALGO,,O-20260309-145332-001-000-1536,,9f59fc9a-7798-46a9-a0d4-c8f2a04b7b96,2026-03-09 14:53:32.789618463+00:00,2026-03-09 14:53:32.789618463+00:00
BACKTESTER-001,OracleStrategy-000,MESM6.GLBX,GLBX-1-1252,MESM6.GLBX-OracleStrategy-000,GLBX-001,GLBX-1-1252,MARKET,BUY,1,GTC,True,False,1,TAKER,6743.75,0.0,['0.00 USD'],NO_TRIGGER,FILLED,NO_CONTINGENCY,,,,MY_GENERIC_ALGO,,O-20260309-145409-001-000-1537,,8311fb91-06aa-443f-9d56-022a2a04c3fc,2026-03-09 14:54:09.789651584+00:00,2026-03-09 14:54:09.789651584+00:00
BACKTESTER-001,OracleStrategy-000,MESM6.GLBX,GLBX-1-1253,MESM6.GLBX-OracleStrategy-000,GLBX-001,GLBX-1-1253,MARKET,BUY,1,GTC,False,False,1,TAKER,6744.75,0.0,['0.00 USD'],NO_TRIGGER,FILLED,NO_CONTINGENCY,,,,MY_GENERIC_ALGO,,O-20260309-145423-001-000-1540,,17f77d98-d947-4e27-b38c-2c36e561e823,2026-03-09 14:54:23.679056706+00:00,2026-03-09 14:54:23.679056706+00:00
BACKTESTER-001,OracleStrategy-000,MESM6.GLBX,GLBX-1-1254,MESM6.GLBX-OracleStrategy-000,GLBX-001,GLBX-1-1254,MARKET,SELL,1,GTC,True,False,1,TAKER,6748.0,0.0,['0.00 USD'],NO_TRIGGER,FILLED,NO_CONTINGENCY,,,,MY_GENERIC_ALGO,,O-20260309-145455-001-000-1541,,838de578-234b-4b09-84fd-2e86d941f6d8,2026-03-09 14:54:55.769898680+00:00,2026-03-09 14:54:55.769898680+00:00
BACKTESTER-001,OracleStrategy-000,MESM6.GLBX,GLBX-1-1255,MESM6.GLBX-OracleStrategy-000,GLBX-001,GLBX-1-1255,MARKET,SELL,1,GTC,False,False,1,TAKER,6748.0,0.0,['0.00 USD'],NO_TRIGGER,FILLED,NO_CONTINGENCY,,,,MY_GENERIC_ALGO,,O-20260309-145455-001-000-1542,,818bbafe-083f-4b17-a989-5e5897d8850a,2026-03-09 14:54:55.769898680+00:00,2026-03-09 14:54:55.769898680+00:00
BACKTESTER-001,OracleStrategy-000,MESM6.GLBX,GLBX-1-1256,MESM6.GLBX-OracleStrategy-000,GLBX-001,GLBX-1-1256,MARKET,BUY,1,GTC,True,False,1,TAKER,6747.5,0.0,['0.00 USD'],NO_TRIGGER,FILLED,NO_CONTINGENCY,,,,MY_GENERIC_ALGO,,O-20260309-145524-001-000-1543,,323c7110-b1e4-4055-9350-e7e0929588d8,2026-03-09 14:55:24.940058021+00:00,2026-03-09 14:55:24.940058021+00:00
BACKTESTER-001,OracleStrategy-000,MESM6.GLBX,GLBX-1-1257,MESM6.GLBX-OracleStrategy-000,GLBX-001,GLBX-1-1257,MARKET,BUY,1,GTC,False,False,1,TAKER,6747.5,0.0,['0.00 USD'],NO_TRIGGER,FILLED,NO_CONTINGENCY,,,,MY_GENERIC_ALGO,,O-20260309-145524-001-000-1544,,0c96d956-1b36-429d-99b0-c729468e62d0,2026-03-09 14:55:24.940058021+00:00,2026-03-09 14:55:24.940058021+00:00
BACKTESTER-001,OracleStrategy-000,MESM6.GLBX,GLBX-1-1258,MESM6.GLBX-OracleStrategy-000,GLBX-001,GLBX-1-1258,MARKET,SELL,1,GTC,True,False,1,TAKER,6746.5,0.0,['0.00 USD'],NO_TRIGGER,FILLED,NO_CONTINGENCY,,,,MY_GENERIC_ALGO,,O-20260309-145536-001-000-1545,,159550fd-2bbb-4556-b4e6-ed23c6ce6853,2026-03-09 14:55:36.773406376+00:00,2026-03-09 14:55:36.773406376+00:00
BACKTESTER-001,OracleStrategy-000,MESM6.GLBX,GLBX-1-1259,MESM6.GLBX-OracleStrategy-000,GLBX-001,GLBX-1-1259,MARKET,SELL,1,GTC,False,False,1,TAKER,6746.0,0.0,['0.00 USD'],NO_TRIGGER,FILLED,NO_CONTINGENCY,,,,MY_GENERIC_ALGO,,O-20260309-145538-001-000-1547,,86f023e8-e8ab-4d09-bcfe-a4688197d06e,2026-03-09 14:55:38.299851879+00:00,2026-03-09 14:55:38.299851879+00:00
BACKTESTER-001,OracleStrategy-000,MESM6.GLBX,GLBX-1-1260,MESM6.GLBX-OracleStrategy-000,GLBX-001,GLBX-1-1260,MARKET,BUY,1,GTC,True,False,1,TAKER,6741.0,0.0,['0.00 USD'],NO_TRIGGER,FILLED,NO_CONTINGENCY,,,,MY_GENERIC_ALGO,,O-20260309-145617-001-000-1548,,de41b20b-e83b-4cd8-b928-adf3df6c3763,2026-03-09 14:56:17.425450258+00:00,2026-03-09 14:56:17.425450258+00:00
BACKTESTER-001,OracleStrategy-000,MESM6.GLBX,GLBX-1-1261,MESM6.GLBX-OracleStrategy-000,GLBX-001,GLBX-1-1261,MARKET,BUY,1,GTC,False,False,1,TAKER,6741.0,0.0,['0.00 USD'],NO_TRIGGER,FILLED,NO_CONTINGENCY,,,,MY_GENERIC_ALGO,,O-20260309-145617-001-000-1549,,99264afd-8cc2-4637-9f79-23fd1349e87d,2026-03-09 14:56:17.425450258+00:00,2026-03-09 14:56:17.425450258+00:00
BACKTESTER-001,OracleStrategy-000,MESM6.GLBX,GLBX-1-1262,MESM6.GLBX-OracleStrategy-000,GLBX-001,GLBX-1-1262,MARKET,SELL,1,GTC,True,False,1,TAKER,6745.25,0.0,['0.00 USD'],NO_TRIGGER,FILLED,NO_CONTINGENCY,,,,MY_GENERIC_ALGO,,O-20260309-145732-001-000-1550,,093e142c-d2e6-41f4-afea-641f66535615,2026-03-09 14:57:32.471126907+00:00,2026-03-09 14:57:32.471126907+00:00
BACKTESTER-001,OracleStrategy-000,MESM6.GLBX,GLBX-1-1263,MESM6.GLBX-OracleStrategy-000,GLBX-001,GLBX-1-1263,MARKET,SELL,1,GTC,False,False,1,TAKER,6745.25,0.0,['0.00 USD'],NO_TRIGGER,FILLED,NO_CONTINGENCY,,,,MY_GENERIC_ALGO,,O-20260309-145732-001-000-1551,,59973621-6e58-4843-afa5-d7bf188ed67a,2026-03-09 14:57:32.471126907+00:00,2026-03-09 14:57:32.471126907+00:00
BACKTESTER-001,OracleStrategy-000,MESM6.GLBX,GLBX-1-1264,MESM6.GLBX-OracleStrategy-000,GLBX-001,GLBX-1-1264,MARKET,BUY,1,GTC,True,False,1,TAKER,6745.75,0.0,['0.00 USD'],NO_TRIGGER,FILLED,NO_CONTINGENCY,,,,MY_GENERIC_ALGO,,O-20260309-145752-001-000-1552,,5aa8ee68-e44c-4612-ad8f-ab9209554767,2026-03-09 14:57:52.120629364+00:00,2026-03-09 14:57:52.120629364+00:00
BACKTESTER-001,OracleStrategy-000,MESM6.GLBX,GLBX-1-1265,MESM6.GLBX-OracleStrategy-000,GLBX-001,GLBX-1-1265,MARKET,BUY,1,GTC,False,False,1,TAKER,6745.75,0.0,['0.00 USD'],NO_TRIGGER,FILLED,NO_CONTINGENCY,,,,MY_GENERIC_ALGO,,O-20260309-145752-001-000-1553,,84f445f8-4695-47c3-817f-6df05dc27cd2,2026-03-09 14:57:52.120629364+00:00,2026-03-09 14:57:52.120629364+00:00
BACKTESTER-001,OracleStrategy-000,MESM6.GLBX,GLBX-1-1266,MESM6.GLBX-OracleStrategy-000,GLBX-001,GLBX-1-1266,MARKET,SELL,1,GTC,True,False,1,TAKER,6748.0,0.0,['0.00 USD'],NO_TRIGGER,FILLED,NO_CONTINGENCY,,,,MY_GENERIC_ALGO,,O-20260309-145828-001-000-1554,,33977d94-99e6-48d4-9b79-db3a564fcec4,2026-03-09 14:58:28.142217079+00:00,2026-03-09 14:58:28.142217079+00:00
BACKTESTER-001,OracleStrategy-000,MESM6.GLBX,GLBX-1-1267,MESM6.GLBX-OracleStrategy-000,GLBX-001,GLBX-1-1267,MARKET,SELL,1,GTC,False,False,1,TAKER,6749.0,0.0,['0.00 USD'],NO_TRIGGER,FILLED,NO_CONTINGENCY,,,,MY_GENERIC_ALGO,,O-20260309-145840-001-000-1556,,4a17e852-9103-4b84-ba8d-5fbf359e2866,2026-03-09 14:58:40.510131714+00:00,2026-03-09 14:58:40.510131714+00:00
BACKTESTER-001,OracleStrategy-000,MESM6.GLBX,GLBX-1-1268,MESM6.GLBX-OracleStrategy-000,GLBX-001,GLBX-1-1268,MARKET,BUY,1,GTC,True,False,1,TAKER,6742.25,0.0,['0.00 USD'],NO_TRIGGER,FILLED,NO_CONTINGENCY,,,,MY_GENERIC_ALGO,,O-20260309-145939-001-000-1557,,a9224090-9844-4f69-9721-d96bbbdcf171,2026-03-09 14:59:39.949011544+00:00,2026-03-09 14:59:39.949011544+00:00
BACKTESTER-001,OracleStrategy-000,MESM6.GLBX,GLBX-1-1269,MESM6.GLBX-OracleStrategy-000,GLBX-001,GLBX-1-1269,MARKET,BUY,1,GTC,False,False,1,TAKER,6742.25,0.0,['0.00 USD'],NO_TRIGGER,FILLED,NO_CONTINGENCY,,,,MY_GENERIC_ALGO,,O-20260309-145939-001-000-1558,,409eb18f-5302-4349-8e4b-9a6a079a918e,2026-03-09 14:59:39.949011544+00:00,2026-03-09 14:59:39.949011544+00:00
BACKTESTER-001,OracleStrategy-000,MESM6.GLBX,GLBX-1-1270,MESM6.GLBX-OracleStrategy-000,GLBX-001,GLBX-1-1270,MARKET,SELL,1,GTC,True,False,1,TAKER,6745.75,0.0,['0.00 USD'],NO_TRIGGER,FILLED,NO_CONTINGENCY,,,,MY_GENERIC_ALGO,,O-20260309-150037-001-000-1559,,f7b3a13e-63a0-4676-8e08-68df77c66548,2026-03-09 15:00:37.282498493+00:00,2026-03-09 15:00:37.282498493+00:00
BACKTESTER-001,OracleStrategy-000,MESM6.GLBX,GLBX-1-1271,MESM6.GLBX-OracleStrategy-000,GLBX-001,GLBX-1-1271,MARKET,BUY,1,GTC,False,False,1,TAKER,6746.0,0.0,['0.00 USD'],NO_TRIGGER,FILLED,NO_CONTINGENCY,,,,MY_GENERIC_ALGO,,O-20260309-150040-001-000-1561,,da6d5ad4-60f8-4d36-a59a-be2560db9346,2026-03-09 15:00:40.402060674+00:00,2026-03-09 15:00:40.402060674+00:00
BACKTESTER-001,OracleStrategy-000,MESM6.GLBX,GLBX-1-1272,MESM6.GLBX-OracleStrategy-000,GLBX-001,GLBX-1-1272,MARKET,SELL,1,GTC,True,False,1,TAKER,6746.0,0.0,['0.00 USD'],NO_TRIGGER,FILLED,NO_CONTINGENCY,,,,MY_GENERIC_ALGO,,O-20260309-150118-001-000-1562,,96b8ab9c-457e-4447-993d-e0f51495e20d,2026-03-09 15:01:18.232838827+00:00,2026-03-09 15:01:18.232838827+00:00
BACKTESTER-001,OracleStrategy-000,MESM6.GLBX,GLBX-1-1273,MESM6.GLBX-OracleStrategy-000,GLBX-001,GLBX-1-1273,MARKET,SELL,1,GTC,False,False,1,TAKER,6746.0,0.0,['0.00 USD'],NO_TRIGGER,FILLED,NO_CONTINGENCY,,,,MY_GENERIC_ALGO,,O-20260309-150118-001-000-1563,,ffe0c511-346f-4040-aa80-42ed81bdc7f7,2026-03-09 15:01:18.232838827+00:00,2026-03-09 15:01:18.232838827+00:00
BACKTESTER-001,OracleStrategy-000,MESM6.GLBX,GLBX-1-1274,MESM6.GLBX-OracleStrategy-000,GLBX-001,GLBX-1-1274,MARKET,BUY,1,GTC,True,False,1,TAKER,6745.25,0.0,['0.00 USD'],NO_TRIGGER,FILLED,NO_CONTINGENCY,,,,MY_GENERIC_ALGO,,O-20260309-150125-001-000-1564,,395c9ae2-eba1-4f34-897e-23b9b6c8d055,2026-03-09 15:01:25.421271223+00:00,2026-03-09 15:01:25.421271223+00:00
BACKTESTER-001,OracleStrategy-000,MESM6.GLBX,GLBX-1-1275,MESM6.GLBX-OracleStrategy-000,GLBX-001,GLBX-1-1275,MARKET,BUY,1,GTC,False,False,1,TAKER,6745.25,0.0,['0.00 USD'],NO_TRIGGER,FILLED,NO_CONTINGENCY,,,,MY_GENERIC_ALGO,,O-20260309-150125-001-000-1565,,8533f9ff-48bc-4d0b-b9aa-178e6cbc1746,2026-03-09 15:01:25.421271223+00:00,2026-03-09 15:01:25.421271223+00:00
BACKTESTER-001,OracleStrategy-000,MESM6.GLBX,GLBX-1-1276,MESM6.GLBX-OracleStrategy-000,GLBX-001,GLBX-1-1276,MARKET,SELL,1,GTC,True,False,1,TAKER,6749.0,0.0,['0.00 USD'],NO_TRIGGER,FILLED,NO_CONTINGENCY,,,,MY_GENERIC_ALGO,,O-20260309-150234-001-000-1566,,256fd1d5-b742-42df-bbda-7cef76a00b3b,2026-03-09 15:02:34.954222484+00:00,2026-03-09 15:02:34.954222484+00:00
BACKTESTER-001,OracleStrategy-000,MESM6.GLBX,GLBX-1-1277,MESM6.GLBX-OracleStrategy-000,GLBX-001,GLBX-1-1277,MARKET,SELL,1,GTC,False,False,1,TAKER,6749.0,0.0,['0.00 USD'],NO_TRIGGER,FILLED,NO_CONTINGENCY,,,,MY_GENERIC_ALGO,,O-20260309-150234-001-000-1567,,0fba034c-3f4d-4705-abbd-067a532566e6,2026-03-09 15:02:34.954222484+00:00,2026-03-09 15:02:34.954222484+00:00
BACKTESTER-001,OracleStrategy-000,MESM6.GLBX,GLBX-1-1278,MESM6.GLBX-OracleStrategy-000,GLBX-001,GLBX-1-1278,MARKET,BUY,1,GTC,True,False,1,TAKER,6747.5,0.0,['0.00 USD'],NO_TRIGGER,FILLED,NO_CONTINGENCY,,,,MY_GENERIC_ALGO,,O-20260309-150314-001-000-1568,,ccc54af0-b948-42cb-8790-615f2ddcc58c,2026-03-09 15:03:14.344678721+00:00,2026-03-09 15:03:14.344678721+00:00
BACKTESTER-001,OracleStrategy-000,MESM6.GLBX,GLBX-1-1279,MESM6.GLBX-OracleStrategy-000,GLBX-001,GLBX-1-1279,MARKET,BUY,1,GTC,False,False,1,TAKER,6747.5,0.0,['0.00 USD'],NO_TRIGGER,FILLED,NO_CONTINGENCY,,,,MY_GENERIC_ALGO,,O-20260309-150314-001-000-1569,,faf1362f-b0af-4b91-8ac8-f989a6c39c18,2026-03-09 15:03:14.344678721+00:00,2026-03-09 15:03:14.344678721+00:00
BACKTESTER-001,OracleStrategy-000,MESM6.GLBX,GLBX-1-1280,MESM6.GLBX-OracleStrategy-000,GLBX-001,GLBX-1-1280,MARKET,SELL,1,GTC,True,False,1,TAKER,6750.0,0.0,['0.00 USD'],NO_TRIGGER,FILLED,NO_CONTINGENCY,,,,MY_GENERIC_ALGO,,O-20260309-150344-001-000-1570,,f32b1554-2a47-4187-a74c-c00b20b14404,2026-03-09 15:03:44.967280456+00:00,2026-03-09 15:03:44.967280456+00:00
BACKTESTER-001,OracleStrategy-000,MESM6.GLBX,GLBX-1-1281,MESM6.GLBX-OracleStrategy-000,GLBX-001,GLBX-1-1281,MARKET,SELL,1,GTC,False,False,1,TAKER,6750.0,0.0,['0.00 USD'],NO_TRIGGER,FILLED,NO_CONTINGENCY,,,,MY_GENERIC_ALGO,,O-20260309-150344-001-000-1571,,08e469c6-e694-4a34-8a24-c44109d44ed7,2026-03-09 15:03:44.967280456+00:00,2026-03-09 15:03:44.967280456+00:00
BACKTESTER-001,OracleStrategy-000,MESM6.GLBX,GLBX-1-1282,MESM6.GLBX-OracleStrategy-000,GLBX-001,GLBX-1-1282,MARKET,BUY,1,GTC,True,False,1,TAKER,6752.25,0.0,['0.00 USD'],NO_TRIGGER,FILLED,NO_CONTINGENCY,,,,MY_GENERIC_ALGO,,O-20260309-150354-001-000-1572,,b426a450-3d83-4b23-977a-d9500f83b946,2026-03-09 15:03:54.349742160+00:00,2026-03-09 15:03:54.349742160+00:00
BACKTESTER-001,OracleStrategy-000,MESM6.GLBX,GLBX-1-1283,MESM6.GLBX-OracleStrategy-000,GLBX-001,GLBX-1-1283,MARKET,BUY,1,GTC,False,False,1,TAKER,6752.25,0.0,['0.00 USD'],NO_TRIGGER,FILLED,NO_CONTINGENCY,,,,MY_GENERIC_ALGO,,O-20260309-150354-001-000-1573,,c0c75b02-c7e8-4048-995b-f3b4d3035a90,2026-03-09 15:03:54.349742160+00:00,2026-03-09 15:03:54.349742160+00:00
BACKTESTER-001,OracleStrategy-000,MESM6.GLBX,GLBX-1-1284,MESM6.GLBX-OracleStrategy-000,GLBX-001,GLBX-1-1284,MARKET,SELL,1,GTC,True,False,1,TAKER,6753.0,0.0,['0.00 USD'],NO_TRIGGER,FILLED,NO_CONTINGENCY,,,,MY_GENERIC_ALGO,,O-20260309-150358-001-000-1574,,d034c9be-d4d3-430a-973b-807f5605c0f0,2026-03-09 15:03:58.527868277+00:00,2026-03-09 15:03:58.527868277+00:00
BACKTESTER-001,OracleStrategy-000,MESM6.GLBX,GLBX-1-1285,MESM6.GLBX-OracleStrategy-000,GLBX-001,GLBX-1-1285,MARKET,SELL,1,GTC,False,False,1,TAKER,6753.0,0.0,['0.00 USD'],NO_TRIGGER,FILLED,NO_CONTINGENCY,,,,MY_GENERIC_ALGO,,O-20260309-150358-001-000-1575,,7de36d78-19aa-4d61-9a0d-ba57b985fe72,2026-03-09 15:03:58.527868277+00:00,2026-03-09 15:03:58.527868277+00:00
BACKTESTER-001,OracleStrategy-000,MESM6.GLBX,GLBX-1-1286,MESM6.GLBX-OracleStrategy-000,GLBX-001,GLBX-1-1286,MARKET,BUY,1,GTC,True,False,1,TAKER,6750.75,0.0,['0.00 USD'],NO_TRIGGER,FILLED,NO_CONTINGENCY,,,,MY_GENERIC_ALGO,,O-20260309-150445-001-000-1576,,3f6caec7-5b22-4b94-a2b5-314ff54b0a6d,2026-03-09 15:04:45.946757442+00:00,2026-03-09 15:04:45.946757442+00:00
BACKTESTER-001,OracleStrategy-000,MESM6.GLBX,GLBX-1-1287,MESM6.GLBX-OracleStrategy-000,GLBX-001,GLBX-1-1287,MARKET,BUY,1,GTC,False,False,1,TAKER,6751.75,0.0,['0.00 USD'],NO_TRIGGER,FILLED,NO_CONTINGENCY,,,,MY_GENERIC_ALGO,,O-20260309-150446-001-000-1578,,d46ec96a-12de-4129-a088-1e711fb0cd71,2026-03-09 15:04:46.996550898+00:00,2026-03-09 15:04:46.996550898+00:00
BACKTESTER-001,OracleStrategy-000,MESM6.GLBX,GLBX-1-1288,MESM6.GLBX-OracleStrategy-000,GLBX-001,GLBX-1-1288,MARKET,SELL,1,GTC,True,False,1,TAKER,6752.0,0.0,['0.00 USD'],NO_TRIGGER,FILLED,NO_CONTINGENCY,,,,MY_GENERIC_ALGO,,O-20260309-150457-001-000-1579,,0a1a0b26-e2a0-4c66-a6da-e30402cb2268,2026-03-09 15:04:57.184887731+00:00,2026-03-09 15:04:57.184887731+00:00
BACKTESTER-001,OracleStrategy-000,MESM6.GLBX,GLBX-1-1289,MESM6.GLBX-OracleStrategy-000,GLBX-001,GLBX-1-1289,MARKET,SELL,1,GTC,False,False,1,TAKER,6752.0,0.0,['0.00 USD'],NO_TRIGGER,FILLED,NO_CONTINGENCY,,,,MY_GENERIC_ALGO,,O-20260309-150457-001-000-1580,,99b0eebd-7edb-4161-9c3f-90dd40d3a249,2026-03-09 15:04:57.184887731+00:00,2026-03-09 15:04:57.184887731+00:00
BACKTESTER-001,OracleStrategy-000,MESM6.GLBX,GLBX-1-1290,MESM6.GLBX-OracleStrategy-000,GLBX-001,GLBX-1-1290,MARKET,BUY,1,GTC,True,False,1,TAKER,6751.5,0.0,['0.00 USD'],NO_TRIGGER,FILLED,NO_CONTINGENCY,,,,MY_GENERIC_ALGO,,O-20260309-150524-001-000-1581,,1a5f033a-ed75-4cea-bd27-c58553f1bfa4,2026-03-09 15:05:24.485033215+00:00,2026-03-09 15:05:24.485033215+00:00
BACKTESTER-001,OracleStrategy-000,MESM6.GLBX,GLBX-1-1291,MESM6.GLBX-OracleStrategy-000,GLBX-001,GLBX-1-1291,MARKET,BUY,1,GTC,False,False,1,TAKER,6751.0,0.0,['0.00 USD'],NO_TRIGGER,FILLED,NO_CONTINGENCY,,,,MY_GENERIC_ALGO,,O-20260309-150534-001-000-1583,,5a3e35d6-c6e5-4814-941d-461cc1a73543,2026-03-09 15:05:34.083236592+00:00,2026-03-09 15:05:34.083236592+00:00
BACKTESTER-001,OracleStrategy-000,MESM6.GLBX,GLBX-1-1292,MESM6.GLBX-OracleStrategy-000,GLBX-001,GLBX-1-1292,MARKET,SELL,1,GTC,True,False,1,TAKER,6752.75,0.0,['0.00 USD'],NO_TRIGGER,FILLED,NO_CONTINGENCY,,,,MY_GENERIC_ALGO,,O-20260309-150634-001-000-1584,,7511254c-798d-4f2a-9928-8f6d2e38f794,2026-03-09 15:06:34.761614394+00:00,2026-03-09 15:06:34.761614394+00:00
BACKTESTER-001,OracleStrategy-000,MESM6.GLBX,GLBX-1-1293,MESM6.GLBX-OracleStrategy-000,GLBX-001,GLBX-1-1293,MARKET,SELL,1,GTC,False,False,1,TAKER,6752.75,0.0,['0.00 USD'],NO_TRIGGER,FILLED,NO_CONTINGENCY,,,,MY_GENERIC_ALGO,,O-20260309-150634-001-000-1585,,b05fe643-5c22-4791-af91-b9d310bde704,2026-03-09 15:06:34.761614394+00:00,2026-03-09 15:06:34.761614394+00:00
BACKTESTER-001,OracleStrategy-000,MESM6.GLBX,GLBX-1-1294,MESM6.GLBX-OracleStrategy-000,GLBX-001,GLBX-1-1294,MARKET,BUY,1,GTC,True,False,1,TAKER,6753.5,0.0,['0.00 USD'],NO_TRIGGER,FILLED,NO_CONTINGENCY,,,,MY_GENERIC_ALGO,,O-20260309-150647-001-000-1586,,19556d91-7a13-4b9c-beeb-a2e09b5a250e,2026-03-09 15:06:47.124395242+00:00,2026-03-09 15:06:47.124395242+00:00
BACKTESTER-001,OracleStrategy-000,MESM6.GLBX,GLBX-1-1295,MESM6.GLBX-OracleStrategy-000,GLBX-001,GLBX-1-1295,MARKET,BUY,1,GTC,False,False,1,TAKER,6753.5,0.0,['0.00 USD'],NO_TRIGGER,FILLED,NO_CONTINGENCY,,,,MY_GENERIC_ALGO,,O-20260309-150647-001-000-1587,,ea0974e7-e0ea-4dd4-b439-22f6dfaebbc6,2026-03-09 15:06:47.124395242+00:00,2026-03-09 15:06:47.124395242+00:00
BACKTESTER-001,OracleStrategy-000,MESM6.GLBX,GLBX-1-1296,MESM6.GLBX-OracleStrategy-000,GLBX-001,GLBX-1-1296,MARKET,SELL,1,GTC,True,False,1,TAKER,6752.5,0.0,['0.00 USD'],NO_TRIGGER,FILLED,NO_CONTINGENCY,,,,MY_GENERIC_ALGO,,O-20260309-150713-001-000-1588,,8c1188bb-d880-4621-97e5-208dd7425988,2026-03-09 15:07:13.749604759+00:00,2026-03-09 15:07:13.749604759+00:00
BACKTESTER-001,OracleStrategy-000,MESM6.GLBX,GLBX-1-1297,MESM6.GLBX-OracleStrategy-000,GLBX-001,GLBX-1-1297,MARKET,SELL,1,GTC,False,False,1,TAKER,6752.5,0.0,['0.00 USD'],NO_TRIGGER,FILLED,NO_CONTINGENCY,,,,MY_GENERIC_ALGO,,O-20260309-150713-001-000-1589,,b127c24b-e88a-4995-8e2f-d2658f4db4b1,2026-03-09 15:07:13.749604759+00:00,2026-03-09 15:07:13.749604759+00:00
BACKTESTER-001,OracleStrategy-000,MESM6.GLBX,GLBX-1-1298,MESM6.GLBX-OracleStrategy-000,GLBX-001,GLBX-1-1298,MARKET,BUY,1,GTC,True,False,1,TAKER,6748.25,0.0,['0.00 USD'],NO_TRIGGER,FILLED,NO_CONTINGENCY,,,,MY_GENERIC_ALGO,,O-20260309-150915-001-000-1590,,a241e82b-ea47-4ef7-8c4a-f1d578338721,2026-03-09 15:09:15.607430317+00:00,2026-03-09 15:09:15.607430317+00:00
BACKTESTER-001,OracleStrategy-000,MESM6.GLBX,GLBX-1-1299,MESM6.GLBX-OracleStrategy-000,GLBX-001,GLBX-1-1299,MARKET,BUY,1,GTC,False,False,1,TAKER,6748.25,0.0,['0.00 USD'],NO_TRIGGER,FILLED,NO_CONTINGENCY,,,,MY_GENERIC_ALGO,,O-20260309-150915-001-000-1591,,e3ec470c-64f7-459a-8c78-99e0f16b3c0e,2026-03-09 15:09:15.607430317+00:00,2026-03-09 15:09:15.607430317+00:00
BACKTESTER-001,OracleStrategy-000,MESM6.GLBX,GLBX-1-1300,MESM6.GLBX-OracleStrategy-000,GLBX-001,GLBX-1-1300,MARKET,SELL,1,GTC,True,False,1,TAKER,6747.75,0.0,['0.00 USD'],NO_TRIGGER,FILLED,NO_CONTINGENCY,,,,MY_GENERIC_ALGO,,O-20260309-150917-001-000-1592,,fd48346f-bc58-494b-bd93-639d02c6559a,2026-03-09 15:09:17.985751239+00:00,2026-03-09 15:09:17.985751239+00:00
BACKTESTER-001,OracleStrategy-000,MESM6.GLBX,GLBX-1-1301,MESM6.GLBX-OracleStrategy-000,GLBX-001,GLBX-1-1301,MARKET,SELL,1,GTC,False,False,1,TAKER,6747.75,0.0,['0.00 USD'],NO_TRIGGER,FILLED,NO_CONTINGENCY,,,,MY_GENERIC_ALGO,,O-20260309-150917-001-000-1593,,6673fc75-4949-4d4f-90c7-6a355b91c500,2026-03-09 15:09:17.985751239+00:00,2026-03-09 15:09:17.985751239+00:00
BACKTESTER-001,OracleStrategy-000,MESM6.GLBX,GLBX-1-1302,MESM6.GLBX-OracleStrategy-000,GLBX-001,GLBX-1-1302,MARKET,BUY,1,GTC,True,False,1,TAKER,6745.75,0.0,['0.00 USD'],NO_TRIGGER,FILLED,NO_CONTINGENCY,,,,MY_GENERIC_ALGO,,O-20260309-150934-001-000-1594,,afa13ec7-713f-484b-a39c-a5b588fa47c0,2026-03-09 15:09:34.102831655+00:00,2026-03-09 15:09:34.102831655+00:00
BACKTESTER-001,OracleStrategy-000,MESM6.GLBX,GLBX-1-1303,MESM6.GLBX-OracleStrategy-000,GLBX-001,GLBX-1-1303,MARKET,BUY,1,GTC,False,False,1,TAKER,6745.75,0.0,['0.00 USD'],NO_TRIGGER,FILLED,NO_CONTINGENCY,,,,MY_GENERIC_ALGO,,O-20260309-150934-001-000-1595,,78056126-ae28-4f3f-9bb2-8fa4a4e51f35,2026-03-09 15:09:34.102831655+00:00,2026-03-09 15:09:34.102831655+00:00
BACKTESTER-001,OracleStrategy-000,MESM6.GLBX,GLBX-1-1304,MESM6.GLBX-OracleStrategy-000,GLBX-001,GLBX-1-1304,MARKET,SELL,1,GTC,True,False,1,TAKER,6751.5,0.0,['0.00 USD'],NO_TRIGGER,FILLED,NO_CONTINGENCY,,,,MY_GENERIC_ALGO,,O-20260309-151055-001-000-1596,,2d0c92ba-47fd-466f-add0-06e3a1167282,2026-03-09 15:10:55.747797411+00:00,2026-03-09 15:10:55.747797411+00:00
BACKTESTER-001,OracleStrategy-000,MESM6.GLBX,GLBX-1-1305,MESM6.GLBX-OracleStrategy-000,GLBX-001,GLBX-1-1305,MARKET,SELL,1,GTC,False,False,1,TAKER,6751.5,0.0,['0.00 USD'],NO_TRIGGER,FILLED,NO_CONTINGENCY,,,,MY_GENERIC_ALGO,,O-20260309-151055-001-000-1597,,581654e6-7f58-47ec-a948-ae59c4e5525d,2026-03-09 15:10:55.747797411+00:00,2026-03-09 15:10:55.747797411+00:00
BACKTESTER-001,OracleStrategy-000,MESM6.GLBX,GLBX-1-1306,MESM6.GLBX-OracleStrategy-000,GLBX-001,GLBX-1-1306,MARKET,BUY,1,GTC,True,False,1,TAKER,6748.75,0.0,['0.00 USD'],NO_TRIGGER,FILLED,NO_CONTINGENCY,,,,MY_GENERIC_ALGO,,O-20260309-151145-001-000-1598,,8825a9fa-d093-4a46-bdb4-78f62d1551a2,2026-03-09 15:11:45.942811435+00:00,2026-03-09 15:11:45.942811435+00:00
BACKTESTER-001,OracleStrategy-000,MESM6.GLBX,GLBX-1-1307,MESM6.GLBX-OracleStrategy-000,GLBX-001,GLBX-1-1307,MARKET,BUY,1,GTC,False,False,1,TAKER,6748.75,0.0,['0.00 USD'],NO_TRIGGER,FILLED,NO_CONTINGENCY,,,,MY_GENERIC_ALGO,,O-20260309-151145-001-000-1599,,5572b51e-3502-4144-b996-7da1e8c2644e,2026-03-09 15:11:45.942811435+00:00,2026-03-09 15:11:45.942811435+00:00
BACKTESTER-001,OracleStrategy-000,MESM6.GLBX,GLBX-1-1308,MESM6.GLBX-OracleStrategy-000,GLBX-001,GLBX-1-1308,MARKET,SELL,1,GTC,True,False,1,TAKER,6752.75,0.0,['0.00 USD'],NO_TRIGGER,FILLED,NO_CONTINGENCY,,,,MY_GENERIC_ALGO,,O-20260309-151231-001-000-1600,,bbaf675a-4130-4197-a453-e13d5bf83dcc,2026-03-09 15:12:31.061252987+00:00,2026-03-09 15:12:31.061252987+00:00
BACKTESTER-001,OracleStrategy-000,MESM6.GLBX,GLBX-1-1309,MESM6.GLBX-OracleStrategy-000,GLBX-001,GLBX-1-1309,MARKET,SELL,1,GTC,False,False,1,TAKER,6752.75,0.0,['0.00 USD'],NO_TRIGGER,FILLED,NO_CONTINGENCY,,,,MY_GENERIC_ALGO,,O-20260309-151231-001-000-1601,,881e621c-9d14-44cd-b929-5e125bbc5aa6,2026-03-09 15:12:31.061252987+00:00,2026-03-09 15:12:31.061252987+00:00
BACKTESTER-001,OracleStrategy-000,MESM6.GLBX,GLBX-1-1310,MESM6.GLBX-OracleStrategy-000,GLBX-001,GLBX-1-1310,MARKET,BUY,1,GTC,True,False,1,TAKER,6752.5,0.0,['0.00 USD'],NO_TRIGGER,FILLED,NO_CONTINGENCY,,,,MY_GENERIC_ALGO,,O-20260309-151250-001-000-1602,,c6a0a6cf-025d-40b6-b71a-98338b758779,2026-03-09 15:12:50.636558887+00:00,2026-03-09 15:12:50.636558887+00:00
BACKTESTER-001,OracleStrategy-000,MESM6.GLBX,GLBX-1-1311,MESM6.GLBX-OracleStrategy-000,GLBX-001,GLBX-1-1311,MARKET,BUY,1,GTC,False,False,1,TAKER,6752.5,0.0,['0.00 USD'],NO_TRIGGER,FILLED,NO_CONTINGENCY,,,,MY_GENERIC_ALGO,,O-20260309-151250-001-000-1603,,70b325ad-5eba-4f8d-a746-cbf3324edca9,2026-03-09 15:12:50.636558887+00:00,2026-03-09 15:12:50.636558887+00:00
BACKTESTER-001,OracleStrategy-000,MESM6.GLBX,GLBX-1-1312,MESM6.GLBX-OracleStrategy-000,GLBX-001,GLBX-1-1312,MARKET,SELL,1,GTC,True,False,1,TAKER,6755.0,0.0,['0.00 USD'],NO_TRIGGER,FILLED,NO_CONTINGENCY,,,,MY_GENERIC_ALGO,,O-20260309-151325-001-000-1604,,72e9c229-d1e0-43c4-bb33-4093e97a0578,2026-03-09 15:13:25.382130203+00:00,2026-03-09 15:13:25.382130203+00:00
BACKTESTER-001,OracleStrategy-000,MESM6.GLBX,GLBX-1-1313,MESM6.GLBX-OracleStrategy-000,GLBX-001,GLBX-1-1313,MARKET,SELL,1,GTC,False,False,1,TAKER,6755.0,0.0,['0.00 USD'],NO_TRIGGER,FILLED,NO_CONTINGENCY,,,,MY_GENERIC_ALGO,,O-20260309-151325-001-000-1605,,777c8661-0e63-4383-be81-638a61533f1d,2026-03-09 15:13:25.382130203+00:00,2026-03-09 15:13:25.382130203+00:00
BACKTESTER-001,OracleStrategy-000,MESM6.GLBX,GLBX-1-1314,MESM6.GLBX-OracleStrategy-000,GLBX-001,GLBX-1-1314,MARKET,BUY,1,GTC,True,False,1,TAKER,6752.5,0.0,['0.00 USD'],NO_TRIGGER,FILLED,NO_CONTINGENCY,,,,MY_GENERIC_ALGO,,O-20260309-151405-001-000-1606,,25a425ce-8ba3-49c3-a0ba-299e8aa0ab7d,2026-03-09 15:14:05.811446207+00:00,2026-03-09 15:14:05.811446207+00:00
BACKTESTER-001,OracleStrategy-000,MESM6.GLBX,GLBX-1-1315,MESM6.GLBX-OracleStrategy-000,GLBX-001,GLBX-1-1315,MARKET,BUY,1,GTC,False,False,1,TAKER,6752.5,0.0,['0.00 USD'],NO_TRIGGER,FILLED,NO_CONTINGENCY,,,,MY_GENERIC_ALGO,,O-20260309-151405-001-000-1607,,46072edd-e93e-4ffc-b411-592486855086,2026-03-09 15:14:05.811446207+00:00,2026-03-09 15:14:05.811446207+00:00
BACKTESTER-001,OracleStrategy-000,MESM6.GLBX,GLBX-1-1316,MESM6.GLBX-OracleStrategy-000,GLBX-001,GLBX-1-1316,MARKET,SELL,1,GTC,True,False,1,TAKER,6758.5,0.0,['0.00 USD'],NO_TRIGGER,FILLED,NO_CONTINGENCY,,,,MY_GENERIC_ALGO,,O-20260309-151526-001-000-1608,,7c6dc7dc-98a1-4593-b9d8-2791b80d30bb,2026-03-09 15:15:26.975667775+00:00,2026-03-09 15:15:26.975667775+00:00
BACKTESTER-001,OracleStrategy-000,MESM6.GLBX,GLBX-1-1317,MESM6.GLBX-OracleStrategy-000,GLBX-001,GLBX-1-1317,MARKET,SELL,1,GTC,False,False,1,TAKER,6758.5,0.0,['0.00 USD'],NO_TRIGGER,FILLED,NO_CONTINGENCY,,,,MY_GENERIC_ALGO,,O-20260309-151526-001-000-1609,,a7b6b23f-1a12-49b7-b8df-2bdcbc5ffe1a,2026-03-09 15:15:26.975667775+00:00,2026-03-09 15:15:26.975667775+00:00
BACKTESTER-001,OracleStrategy-000,MESM6.GLBX,GLBX-1-1318,MESM6.GLBX-OracleStrategy-000,GLBX-001,GLBX-1-1318,MARKET,BUY,1,GTC,True,False,1,TAKER,6758.75,0.0,['0.00 USD'],NO_TRIGGER,FILLED,NO_CONTINGENCY,,,,MY_GENERIC_ALGO,,O-20260309-151530-001-000-1610,,df8c264e-5bff-4e8f-8f29-8dfe55aec19e,2026-03-09 15:15:30.497354090+00:00,2026-03-09 15:15:30.497354090+00:00
BACKTESTER-001,OracleStrategy-000,MESM6.GLBX,GLBX-1-1319,MESM6.GLBX-OracleStrategy-000,GLBX-001,GLBX-1-1319,MARKET,BUY,1,GTC,False,False,1,TAKER,6758.75,0.0,['0.00 USD'],NO_TRIGGER,FILLED,NO_CONTINGENCY,,,,MY_GENERIC_ALGO,,O-20260309-151530-001-000-1611,,fb58c8cc-4cf8-4177-a460-97a6b5b60ee8,2026-03-09 15:15:30.497354090+00:00,2026-03-09 15:15:30.497354090+00:00
BACKTESTER-001,OracleStrategy-000,MESM6.GLBX,GLBX-1-1320,MESM6.GLBX-OracleStrategy-000,GLBX-001,GLBX-1-1320,MARKET,SELL,1,GTC,True,False,1,TAKER,6757.75,0.0,['0.00 USD'],NO_TRIGGER,FILLED,NO_CONTINGENCY,,,,MY_GENERIC_ALGO,,O-20260309-151549-001-000-1612,,e7c2ec1e-a406-41cc-8685-31077afb4bae,2026-03-09 15:15:49.890266392+00:00,2026-03-09 15:15:49.890266392+00:00
BACKTESTER-001,OracleStrategy-000,MESM6.GLBX,GLBX-1-1321,MESM6.GLBX-OracleStrategy-000,GLBX-001,GLBX-1-1321,MARKET,SELL,1,GTC,False,False,1,TAKER,6757.75,0.0,['0.00 USD'],NO_TRIGGER,FILLED,NO_CONTINGENCY,,,,MY_GENERIC_ALGO,,O-20260309-151549-001-000-1613,,ed0a56b9-acae-4568-952f-44168ae82b04,2026-03-09 15:15:49.890266392+00:00,2026-03-09 15:15:49.890266392+00:00
BACKTESTER-001,OracleStrategy-000,MESM6.GLBX,GLBX-1-1322,MESM6.GLBX-OracleStrategy-000,GLBX-001,GLBX-1-1322,MARKET,BUY,1,GTC,True,False,1,TAKER,6758.5,0.0,['0.00 USD'],NO_TRIGGER,FILLED,NO_CONTINGENCY,,,,MY_GENERIC_ALGO,,O-20260309-151614-001-000-1614,,18b4b9d9-564d-4a2d-91b1-91f957f0ed1b,2026-03-09 15:16:14.851454043+00:00,2026-03-09 15:16:14.851454043+00:00
BACKTESTER-001,OracleStrategy-000,MESM6.GLBX,GLBX-1-1323,MESM6.GLBX-OracleStrategy-000,GLBX-001,GLBX-1-1323,MARKET,BUY,1,GTC,False,False,1,TAKER,6758.5,0.0,['0.00 USD'],NO_TRIGGER,FILLED,NO_CONTINGENCY,,,,MY_GENERIC_ALGO,,O-20260309-151614-001-000-1615,,ff5645ed-2809-461d-b4fd-d5c586d6f65e,2026-03-09 15:16:14.851454043+00:00,2026-03-09 15:16:14.851454043+00:00
BACKTESTER-001,OracleStrategy-000,MESM6.GLBX,GLBX-1-1324,MESM6.GLBX-OracleStrategy-000,GLBX-001,GLBX-1-1324,MARKET,SELL,1,GTC,True,False,1,TAKER,6758.0,0.0,['0.00 USD'],NO_TRIGGER,FILLED,NO_CONTINGENCY,,,,MY_GENERIC_ALGO,,O-20260309-151640-001-000-1616,,e0b88d80-b220-44d1-8b8d-720184f85ae5,2026-03-09 15:16:40.001037090+00:00,2026-03-09 15:16:40.001037090+00:00
BACKTESTER-001,OracleStrategy-000,MESM6.GLBX,GLBX-1-1325,MESM6.GLBX-OracleStrategy-000,GLBX-001,GLBX-1-1325,MARKET,BUY,1,GTC,False,False,1,TAKER,6757.75,0.0,['0.00 USD'],NO_TRIGGER,FILLED,NO_CONTINGENCY,,,,MY_GENERIC_ALGO,,O-20260309-151659-001-000-1618,,71d281c3-ac13-46af-a076-f18a4ed8de49,2026-03-09 15:16:59.719863851+00:00,2026-03-09 15:16:59.719863851+00:00
BACKTESTER-001,OracleStrategy-000,MESM6.GLBX,GLBX-1-1326,MESM6.GLBX-OracleStrategy-000,GLBX-001,GLBX-1-1326,MARKET,SELL,1,GTC,True,False,1,TAKER,6758.25,0.0,['0.00 USD'],NO_TRIGGER,FILLED,NO_CONTINGENCY,,,,MY_GENERIC_ALGO,,O-20260309-151727-001-000-1619,,25249d6c-a0fa-4810-b25f-8054d090c510,2026-03-09 15:17:27.806455869+00:00,2026-03-09 15:17:27.806455869+00:00
BACKTESTER-001,OracleStrategy-000,MESM6.GLBX,GLBX-1-1327,MESM6.GLBX-OracleStrategy-000,GLBX-001,GLBX-1-1327,MARKET,SELL,1,GTC,False,False,1,TAKER,6758.5,0.0,['0.00 USD'],NO_TRIGGER,FILLED,NO_CONTINGENCY,,,,MY_GENERIC_ALGO,,O-20260309-151728-001-000-1621,,f1488b9d-0c64-4831-a842-d0ab541d7009,2026-03-09 15:17:28.993880240+00:00,2026-03-09 15:17:28.993880240+00:00
BACKTESTER-001,OracleStrategy-000,MESM6.GLBX,GLBX-1-1328,MESM6.GLBX-OracleStrategy-000,GLBX-001,GLBX-1-1328,MARKET,BUY,1,GTC,True,False,1,TAKER,6753.0,0.0,['0.00 USD'],NO_TRIGGER,FILLED,NO_CONTINGENCY,,,,MY_GENERIC_ALGO,,O-20260309-151905-001-000-1622,,d9db39a6-4981-46ee-bc2b-0fbdbd658d6a,2026-03-09 15:19:05.192561851+00:00,2026-03-09 15:19:05.192561851+00:00
BACKTESTER-001,OracleStrategy-000,MESM6.GLBX,GLBX-1-1329,MESM6.GLBX-OracleStrategy-000,GLBX-001,GLBX-1-1329,MARKET,BUY,1,GTC,False,False,1,TAKER,6753.0,0.0,['0.00 USD'],NO_TRIGGER,FILLED,NO_CONTINGENCY,,,,MY_GENERIC_ALGO,,O-20260309-151905-001-000-1623,,b0b3d12b-02f5-4817-bf69-fbd8e268ea00,2026-03-09 15:19:05.192561851+00:00,2026-03-09 15:19:05.192561851+00:00
BACKTESTER-001,OracleStrategy-000,MESM6.GLBX,GLBX-1-1330,MESM6.GLBX-OracleStrategy-000,GLBX-001,GLBX-1-1330,MARKET,SELL,1,GTC,True,False,1,TAKER,6755.0,0.0,['0.00 USD'],NO_TRIGGER,FILLED,NO_CONTINGENCY,,,,MY_GENERIC_ALGO,,O-20260309-151939-001-000-1624,,b30c47ca-7e0c-482b-8eb2-11d0f05b6196,2026-03-09 15:19:39.128528531+00:00,2026-03-09 15:19:39.128528531+00:00
BACKTESTER-001,OracleStrategy-000,MESM6.GLBX,GLBX-1-1331,MESM6.GLBX-OracleStrategy-000,GLBX-001,GLBX-1-1331,MARKET,SELL,1,GTC,False,False,1,TAKER,6755.0,0.0,['0.00 USD'],NO_TRIGGER,FILLED,NO_CONTINGENCY,,,,MY_GENERIC_ALGO,,O-20260309-151939-001-000-1625,,a18de055-bd89-4e11-a202-7f9dac8b1282,2026-03-09 15:19:39.128528531+00:00,2026-03-09 15:19:39.128528531+00:00
BACKTESTER-001,OracleStrategy-000,MESM6.GLBX,GLBX-1-1332,MESM6.GLBX-OracleStrategy-000,GLBX-001,GLBX-1-1332,MARKET,BUY,1,GTC,True,False,1,TAKER,6754.75,0.0,['0.00 USD'],NO_TRIGGER,FILLED,NO_CONTINGENCY,,,,MY_GENERIC_ALGO,,O-20260309-151947-001-000-1626,,59365a6a-4961-4f2b-a810-e2cdac16deaf,2026-03-09 15:19:47.387789178+00:00,2026-03-09 15:19:47.387789178+00:00
BACKTESTER-001,OracleStrategy-000,MESM6.GLBX,GLBX-1-1333,MESM6.GLBX-OracleStrategy-000,GLBX-001,GLBX-1-1333,MARKET,SELL,1,GTC,False,False,1,TAKER,6758.0,0.0,['0.00 USD'],NO_TRIGGER,FILLED,NO_CONTINGENCY,,,,MY_GENERIC_ALGO,,O-20260309-152024-001-000-1629,,c1edbdda-9224-4d85-9527-91bdf3859c70,2026-03-09 15:20:24.467590928+00:00,2026-03-09 15:20:24.467590928+00:00
BACKTESTER-001,OracleStrategy-000,MESM6.GLBX,GLBX-1-1334,MESM6.GLBX-OracleStrategy-000,GLBX-001,GLBX-1-1334,MARKET,BUY,1,GTC,True,False,1,TAKER,6756.5,0.0,['0.00 USD'],NO_TRIGGER,FILLED,NO_CONTINGENCY,,,,MY_GENERIC_ALGO,,O-20260309-152036-001-000-1630,,ed360ca2-2b56-4d7d-af4c-de18469fd8bd,2026-03-09 15:20:36.182530122+00:00,2026-03-09 15:20:36.182530122+00:00
BACKTESTER-001,OracleStrategy-000,MESM6.GLBX,GLBX-1-1335,MESM6.GLBX-OracleStrategy-000,GLBX-001,GLBX-1-1335,MARKET,SELL,1,GTC,False,False,1,TAKER,6757.25,0.0,['0.00 USD'],NO_TRIGGER,FILLED,NO_CONTINGENCY,,,,MY_GENERIC_ALGO,,O-20260309-152042-001-000-1633,,700b6378-f410-4743-9688-4ef141d48962,2026-03-09 15:20:42.781504216+00:00,2026-03-09 15:20:42.781504216+00:00
BACKTESTER-001,OracleStrategy-000,MESM6.GLBX,GLBX-1-1336,MESM6.GLBX-OracleStrategy-000,GLBX-001,GLBX-1-1336,MARKET,BUY,1,GTC,True,False,1,TAKER,6756.25,0.0,['0.00 USD'],NO_TRIGGER,FILLED,NO_CONTINGENCY,,,,MY_GENERIC_ALGO,,O-20260309-152054-001-000-1634,,ecc63186-f53d-4ff0-bbdf-c68b0d71c8cb,2026-03-09 15:20:54.501993941+00:00,2026-03-09 15:20:54.501993941+00:00
BACKTESTER-001,OracleStrategy-000,MESM6.GLBX,GLBX-1-1337,MESM6.GLBX-OracleStrategy-000,GLBX-001,GLBX-1-1337,MARKET,BUY,1,GTC,False,False,1,TAKER,6756.25,0.0,['0.00 USD'],NO_TRIGGER,FILLED,NO_CONTINGENCY,,,,MY_GENERIC_ALGO,,O-20260309-152054-001-000-1635,,87726f1a-9fa0-4b43-b12c-9486794a479a,2026-03-09 15:20:54.501993941+00:00,2026-03-09 15:20:54.501993941+00:00
BACKTESTER-001,OracleStrategy-000,MESM6.GLBX,GLBX-1-1338,MESM6.GLBX-OracleStrategy-000,GLBX-001,GLBX-1-1338,MARKET,SELL,1,GTC,True,False,1,TAKER,6759.0,0.0,['0.00 USD'],NO_TRIGGER,FILLED,NO_CONTINGENCY,,,,MY_GENERIC_ALGO,,O-20260309-152210-001-000-1636,,43f55fbc-9f96-431f-8b96-dadb49fcf54c,2026-03-09 15:22:10.028201784+00:00,2026-03-09 15:22:10.028201784+00:00
BACKTESTER-001,OracleStrategy-000,MESM6.GLBX,GLBX-1-1339,MESM6.GLBX-OracleStrategy-000,GLBX-001,GLBX-1-1339,MARKET,SELL,1,GTC,False,False,1,TAKER,6759.0,0.0,['0.00 USD'],NO_TRIGGER,FILLED,NO_CONTINGENCY,,,,MY_GENERIC_ALGO,,O-20260309-152210-001-000-1637,,5eb625a8-fa0e-4de7-a226-e20d1b3c6136,2026-03-09 15:22:10.028201784+00:00,2026-03-09 15:22:10.028201784+00:00
BACKTESTER-001,OracleStrategy-000,MESM6.GLBX,GLBX-1-1340,MESM6.GLBX-OracleStrategy-000,GLBX-001,GLBX-1-1340,MARKET,BUY,1,GTC,True,False,1,TAKER,6758.25,0.0,['0.00 USD'],NO_TRIGGER,FILLED,NO_CONTINGENCY,,,,MY_GENERIC_ALGO,,O-20260309-152211-001-000-1638,,9e5ced68-af8a-465c-aa6a-03789a170057,2026-03-09 15:22:11.155662661+00:00,2026-03-09 15:22:11.155662661+00:00
BACKTESTER-001,OracleStrategy-000,MESM6.GLBX,GLBX-1-1341,MESM6.GLBX-OracleStrategy-000,GLBX-001,GLBX-1-1341,MARKET,BUY,1,GTC,False,False,1,TAKER,6758.25,0.0,['0.00 USD'],NO_TRIGGER,FILLED,NO_CONTINGENCY,,,,MY_GENERIC_ALGO,,O-20260309-152211-001-000-1639,,88c43320-d528-4c73-ac85-cbb3cf2b774b,2026-03-09 15:22:11.155662661+00:00,2026-03-09 15:22:11.155662661+00:00
BACKTESTER-001,OracleStrategy-000,MESM6.GLBX,GLBX-1-1342,MESM6.GLBX-OracleStrategy-000,GLBX-001,GLBX-1-1342,MARKET,SELL,1,GTC,True,False,1,TAKER,6760.0,0.0,['0.00 USD'],NO_TRIGGER,FILLED,NO_CONTINGENCY,,,,MY_GENERIC_ALGO,,O-20260309-152218-001-000-1640,,b5fe472c-751a-4d0c-9f55-17289fbd630f,2026-03-09 15:22:18.375631538+00:00,2026-03-09 15:22:18.375631538+00:00
BACKTESTER-001,OracleStrategy-000,MESM6.GLBX,GLBX-1-1343,MESM6.GLBX-OracleStrategy-000,GLBX-001,GLBX-1-1343,MARKET,SELL,1,GTC,False,False,1,TAKER,6760.0,0.0,['0.00 USD'],NO_TRIGGER,FILLED,NO_CONTINGENCY,,,,MY_GENERIC_ALGO,,O-20260309-152218-001-000-1641,,34b154e7-5a0f-442b-875b-be55f3b388a2,2026-03-09 15:22:18.375631538+00:00,2026-03-09 15:22:18.375631538+00:00
BACKTESTER-001,OracleStrategy-000,MESM6.GLBX,GLBX-1-1344,MESM6.GLBX-OracleStrategy-000,GLBX-001,GLBX-1-1344,MARKET,BUY,1,GTC,True,False,1,TAKER,6759.5,0.0,['0.00 USD'],NO_TRIGGER,FILLED,NO_CONTINGENCY,,,,MY_GENERIC_ALGO,,O-20260309-152222-001-000-1642,,d773e83f-0d54-4929-88da-09202228536a,2026-03-09 15:22:22.475557932+00:00,2026-03-09 15:22:22.475557932+00:00
BACKTESTER-001,OracleStrategy-000,MESM6.GLBX,GLBX-1-1345,MESM6.GLBX-OracleStrategy-000,GLBX-001,GLBX-1-1345,MARKET,SELL,1,GTC,False,False,1,TAKER,6760.25,0.0,['0.00 USD'],NO_TRIGGER,FILLED,NO_CONTINGENCY,,,,MY_GENERIC_ALGO,,O-20260309-152223-001-000-1644,,84891a20-c953-4cd9-83b5-d54d597250af,2026-03-09 15:22:23.495618880+00:00,2026-03-09 15:22:23.495618880+00:00
BACKTESTER-001,OracleStrategy-000,MESM6.GLBX,GLBX-1-1346,MESM6.GLBX-OracleStrategy-000,GLBX-001,GLBX-1-1346,MARKET,BUY,1,GTC,True,False,1,TAKER,6759.0,0.0,['0.00 USD'],NO_TRIGGER,FILLED,NO_CONTINGENCY,,,,MY_GENERIC_ALGO,,O-20260309-152255-001-000-1645,,5295ded7-2958-4cf7-bbed-e70d8cfd9c09,2026-03-09 15:22:55.720501274+00:00,2026-03-09 15:22:55.720501274+00:00
BACKTESTER-001,OracleStrategy-000,MESM6.GLBX,GLBX-1-1347,MESM6.GLBX-OracleStrategy-000,GLBX-001,GLBX-1-1347,MARKET,SELL,1,GTC,False,False,1,TAKER,6760.25,0.0,['0.00 USD'],NO_TRIGGER,FILLED,NO_CONTINGENCY,,,,MY_GENERIC_ALGO,,O-20260309-152258-001-000-1647,,86212c05-56af-433b-bba8-90e0a4ce2bff,2026-03-09 15:22:58.453169605+00:00,2026-03-09 15:22:58.453169605+00:00
BACKTESTER-001,OracleStrategy-000,MESM6.GLBX,GLBX-1-1348,MESM6.GLBX-OracleStrategy-000,GLBX-001,GLBX-1-1348,MARKET,BUY,1,GTC,True,False,1,TAKER,6759.75,0.0,['0.00 USD'],NO_TRIGGER,FILLED,NO_CONTINGENCY,,,,MY_GENERIC_ALGO,,O-20260309-152300-001-000-1648,,74281b32-d26b-4eca-887c-4f54c886677f,2026-03-09 15:23:00.175576512+00:00,2026-03-09 15:23:00.175576512+00:00
BACKTESTER-001,OracleStrategy-000,MESM6.GLBX,GLBX-1-1349,MESM6.GLBX-OracleStrategy-000,GLBX-001,GLBX-1-1349,MARKET,BUY,1,GTC,False,False,1,TAKER,6759.75,0.0,['0.00 USD'],NO_TRIGGER,FILLED,NO_CONTINGENCY,,,,MY_GENERIC_ALGO,,O-20260309-152300-001-000-1649,,d0507ee8-4476-43c8-a5d1-febdbe5482c0,2026-03-09 15:23:00.175576512+00:00,2026-03-09 15:23:00.175576512+00:00
BACKTESTER-001,OracleStrategy-000,MESM6.GLBX,GLBX-1-1350,MESM6.GLBX-OracleStrategy-000,GLBX-001,GLBX-1-1350,MARKET,SELL,1,GTC,True,False,1,TAKER,6760.25,0.0,['0.00 USD'],NO_TRIGGER,FILLED,NO_CONTINGENCY,,,,MY_GENERIC_ALGO,,O-20260309-152307-001-000-1650,,9664fa02-0a40-4aae-9246-94e0d9386a69,2026-03-09 15:23:07.955701347+00:00,2026-03-09 15:23:07.955701347+00:00
BACKTESTER-001,OracleStrategy-000,MESM6.GLBX,GLBX-1-1351,MESM6.GLBX-OracleStrategy-000,GLBX-001,GLBX-1-1351,MARKET,SELL,1,GTC,False,False,1,TAKER,6760.25,0.0,['0.00 USD'],NO_TRIGGER,FILLED,NO_CONTINGENCY,,,,MY_GENERIC_ALGO,,O-20260309-152307-001-000-1651,,dd8f6f0b-9e12-4c92-b8cc-20648595aaa6,2026-03-09 15:23:07.955701347+00:00,2026-03-09 15:23:07.955701347+00:00
BACKTESTER-001,OracleStrategy-000,MESM6.GLBX,GLBX-1-1352,MESM6.GLBX-OracleStrategy-000,GLBX-001,GLBX-1-1352,MARKET,BUY,1,GTC,True,False,1,TAKER,6759.0,0.0,['0.00 USD'],NO_TRIGGER,FILLED,NO_CONTINGENCY,,,,MY_GENERIC_ALGO,,O-20260309-152316-001-000-1652,,4f0b8efd-6a10-4fef-be1f-f6513ffc2a56,2026-03-09 15:23:16.291817536+00:00,2026-03-09 15:23:16.291817536+00:00
BACKTESTER-001,OracleStrategy-000,MESM6.GLBX,GLBX-1-1353,MESM6.GLBX-OracleStrategy-000,GLBX-001,GLBX-1-1353,MARKET,BUY,1,GTC,False,False,1,TAKER,6759.0,0.0,['0.00 USD'],NO_TRIGGER,FILLED,NO_CONTINGENCY,,,,MY_GENERIC_ALGO,,O-20260309-152317-001-000-1654,,81979d6a-3f2d-457f-9ce7-d53c6099b2d6,2026-03-09 15:23:17.855903411+00:00,2026-03-09 15:23:17.855903411+00:00
BACKTESTER-001,OracleStrategy-000,MESM6.GLBX,GLBX-1-1354,MESM6.GLBX-OracleStrategy-000,GLBX-001,GLBX-1-1354,MARKET,SELL,1,GTC,True,False,1,TAKER,6761.0,0.0,['0.00 USD'],NO_TRIGGER,FILLED,NO_CONTINGENCY,,,,MY_GENERIC_ALGO,,O-20260309-152353-001-000-1655,,de34cdd7-4f10-4ede-a23d-0095324f8071,2026-03-09 15:23:53.145074088+00:00,2026-03-09 15:23:53.145074088+00:00
BACKTESTER-001,OracleStrategy-000,MESM6.GLBX,GLBX-1-1355,MESM6.GLBX-OracleStrategy-000,GLBX-001,GLBX-1-1355,MARKET,SELL,1,GTC,False,False,1,TAKER,6761.0,0.0,['0.00 USD'],NO_TRIGGER,FILLED,NO_CONTINGENCY,,,,MY_GENERIC_ALGO,,O-20260309-152353-001-000-1656,,63b40b82-4e75-4e9e-9725-b0b59424d7ac,2026-03-09 15:23:53.145074088+00:00,2026-03-09 15:23:53.145074088+00:00
BACKTESTER-001,OracleStrategy-000,MESM6.GLBX,GLBX-1-1356,MESM6.GLBX-OracleStrategy-000,GLBX-001,GLBX-1-1356,MARKET,BUY,1,GTC,True,False,1,TAKER,6761.25,0.0,['0.00 USD'],NO_TRIGGER,FILLED,NO_CONTINGENCY,,,,MY_GENERIC_ALGO,,O-20260309-152401-001-000-1657,,4f8bb8e9-5695-4225-913d-7ea8ce7e330a,2026-03-09 15:24:01.451506608+00:00,2026-03-09 15:24:01.451506608+00:00
BACKTESTER-001,OracleStrategy-000,MESM6.GLBX,GLBX-1-1357,MESM6.GLBX-OracleStrategy-000,GLBX-001,GLBX-1-1357,MARKET,BUY,1,GTC,False,False,1,TAKER,6761.25,0.0,['0.00 USD'],NO_TRIGGER,FILLED,NO_CONTINGENCY,,,,MY_GENERIC_ALGO,,O-20260309-152401-001-000-1658,,4b5b90fd-f7fc-4bc5-9b40-07982017b046,2026-03-09 15:24:01.451506608+00:00,2026-03-09 15:24:01.451506608+00:00
BACKTESTER-001,OracleStrategy-000,MESM6.GLBX,GLBX-1-1358,MESM6.GLBX-OracleStrategy-000,GLBX-001,GLBX-1-1358,MARKET,SELL,1,GTC,True,False,1,TAKER,6761.0,0.0,['0.00 USD'],NO_TRIGGER,FILLED,NO_CONTINGENCY,,,,MY_GENERIC_ALGO,,O-20260309-152429-001-000-1659,,a9e1495c-9309-4d04-b0d6-5507f105cb68,2026-03-09 15:24:29.748143091+00:00,2026-03-09 15:24:29.748143091+00:00
BACKTESTER-001,OracleStrategy-000,MESM6.GLBX,GLBX-1-1359,MESM6.GLBX-OracleStrategy-000,GLBX-001,GLBX-1-1359,MARKET,SELL,1,GTC,False,False,1,TAKER,6761.0,0.0,['0.00 USD'],NO_TRIGGER,FILLED,NO_CONTINGENCY,,,,MY_GENERIC_ALGO,,O-20260309-152429-001-000-1660,,3f67864f-652c-4221-8be2-1993a1a4ea31,2026-03-09 15:24:29.748143091+00:00,2026-03-09 15:24:29.748143091+00:00
BACKTESTER-001,OracleStrategy-000,MESM6.GLBX,GLBX-1-1360,MESM6.GLBX-OracleStrategy-000,GLBX-001,GLBX-1-1360,MARKET,BUY,1,GTC,True,False,1,TAKER,6761.25,0.0,['0.00 USD'],NO_TRIGGER,FILLED,NO_CONTINGENCY,,,,MY_GENERIC_ALGO,,O-20260309-152455-001-000-1661,,7f836600-0925-4944-8548-99125b834149,2026-03-09 15:24:55.433544139+00:00,2026-03-09 15:24:55.433544139+00:00
BACKTESTER-001,OracleStrategy-000,MESM6.GLBX,GLBX-1-1361,MESM6.GLBX-OracleStrategy-000,GLBX-001,GLBX-1-1361,MARKET,BUY,1,GTC,False,False,1,TAKER,6761.25,0.0,['0.00 USD'],NO_TRIGGER,FILLED,NO_CONTINGENCY,,,,MY_GENERIC_ALGO,,O-20260309-152455-001-000-1662,,f68ac4b0-c648-4717-a4b0-3415be043923,2026-03-09 15:24:55.433544139+00:00,2026-03-09 15:24:55.433544139+00:00
BACKTESTER-001,OracleStrategy-000,MESM6.GLBX,GLBX-1-1362,MESM6.GLBX-OracleStrategy-000,GLBX-001,GLBX-1-1362,MARKET,SELL,1,GTC,True,False,1,TAKER,6766.25,0.0,['0.00 USD'],NO_TRIGGER,FILLED,NO_CONTINGENCY,,,,MY_GENERIC_ALGO,,O-20260309-152717-001-000-1663,,d6509c8c-35f0-4960-9c7f-84bd43536f75,2026-03-09 15:27:17.296136128+00:00,2026-03-09 15:27:17.296136128+00:00
BACKTESTER-001,OracleStrategy-000,MESM6.GLBX,GLBX-1-1363,MESM6.GLBX-OracleStrategy-000,GLBX-001,GLBX-1-1363,MARKET,SELL,1,GTC,False,False,1,TAKER,6766.25,0.0,['0.00 USD'],NO_TRIGGER,FILLED,NO_CONTINGENCY,,,,MY_GENERIC_ALGO,,O-20260309-152717-001-000-1664,,376cab8d-8616-4cb8-8cea-3009680c778b,2026-03-09 15:27:17.296136128+00:00,2026-03-09 15:27:17.296136128+00:00
BACKTESTER-001,OracleStrategy-000,MESM6.GLBX,GLBX-1-1364,MESM6.GLBX-OracleStrategy-000,GLBX-001,GLBX-1-1364,MARKET,BUY,1,GTC,True,False,1,TAKER,6765.25,0.0,['0.00 USD'],NO_TRIGGER,FILLED,NO_CONTINGENCY,,,,MY_GENERIC_ALGO,,O-20260309-152720-001-000-1665,,071b9f82-c774-43ad-8a44-1d431d6a481a,2026-03-09 15:27:20.494927938+00:00,2026-03-09 15:27:20.494927938+00:00
BACKTESTER-001,OracleStrategy-000,MESM6.GLBX,GLBX-1-1365,MESM6.GLBX-OracleStrategy-000,GLBX-001,GLBX-1-1365,MARKET,SELL,1,GTC,False,False,1,TAKER,6765.5,0.0,['0.00 USD'],NO_TRIGGER,FILLED,NO_CONTINGENCY,,,,MY_GENERIC_ALGO,,O-20260309-152740-001-000-1669,,311655b0-8058-4705-a01a-171292adc675,2026-03-09 15:27:40.208414575+00:00,2026-03-09 15:27:40.208414575+00:00
BACKTESTER-001,OracleStrategy-000,MESM6.GLBX,GLBX-1-1366,MESM6.GLBX-OracleStrategy-000,GLBX-001,GLBX-1-1366,MARKET,BUY,1,GTC,True,False,1,TAKER,6762.25,0.0,['0.00 USD'],NO_TRIGGER,FILLED,NO_CONTINGENCY,,,,MY_GENERIC_ALGO,,O-20260309-152836-001-000-1670,,49018287-179c-427d-b70a-7c6e09d9900c,2026-03-09 15:28:36.719566988+00:00,2026-03-09 15:28:36.719566988+00:00
BACKTESTER-001,OracleStrategy-000,MESM6.GLBX,GLBX-1-1367,MESM6.GLBX-OracleStrategy-000,GLBX-001,GLBX-1-1367,MARKET,BUY,1,GTC,False,False,1,TAKER,6762.25,0.0,['0.00 USD'],NO_TRIGGER,FILLED,NO_CONTINGENCY,,,,MY_GENERIC_ALGO,,O-20260309-152836-001-000-1671,,b1881e62-c9c2-4d85-8427-87b33d9f0da1,2026-03-09 15:28:36.719566988+00:00,2026-03-09 15:28:36.719566988+00:00
BACKTESTER-001,OracleStrategy-000,MESM6.GLBX,GLBX-1-1368,MESM6.GLBX-OracleStrategy-000,GLBX-001,GLBX-1-1368,MARKET,SELL,1,GTC,True,False,1,TAKER,6765.0,0.0,['0.00 USD'],NO_TRIGGER,FILLED,NO_CONTINGENCY,,,,MY_GENERIC_ALGO,,O-20260309-152936-001-000-1672,,07bbf266-ca30-4118-b4a2-4ba0450933ee,2026-03-09 15:29:36.417984815+00:00,2026-03-09 15:29:36.417984815+00:00
BACKTESTER-001,OracleStrategy-000,MESM6.GLBX,GLBX-1-1369,MESM6.GLBX-OracleStrategy-000,GLBX-001,GLBX-1-1369,MARKET,SELL,1,GTC,False,False,1,TAKER,6765.0,0.0,['0.00 USD'],NO_TRIGGER,FILLED,NO_CONTINGENCY,,,,MY_GENERIC_ALGO,,O-20260309-152936-001-000-1673,,e24522a2-0f3c-47fd-b92f-4c80bb5f4357,2026-03-09 15:29:36.417984815+00:00,2026-03-09 15:29:36.417984815+00:00
BACKTESTER-001,OracleStrategy-000,MESM6.GLBX,GLBX-1-1370,MESM6.GLBX-OracleStrategy-000,GLBX-001,GLBX-1-1370,MARKET,BUY,1,GTC,True,False,1,TAKER,6762.25,0.0,['0.00 USD'],NO_TRIGGER,FILLED,NO_CONTINGENCY,,,,MY_GENERIC_ALGO,,O-20260309-153008-001-000-1674,,33816016-00ce-45b0-917c-979e813e93d3,2026-03-09 15:30:08.194701754+00:00,2026-03-09 15:30:08.194701754+00:00
BACKTESTER-001,OracleStrategy-000,MESM6.GLBX,GLBX-1-1371,MESM6.GLBX-OracleStrategy-000,GLBX-001,GLBX-1-1371,MARKET,BUY,1,GTC,False,False,1,TAKER,6762.25,0.0,['0.00 USD'],NO_TRIGGER,FILLED,NO_CONTINGENCY,,,,MY_GENERIC_ALGO,,O-20260309-153008-001-000-1675,,93b08478-989e-4496-941e-ce38fc4fe9b6,2026-03-09 15:30:08.194701754+00:00,2026-03-09 15:30:08.194701754+00:00
BACKTESTER-001,OracleStrategy-000,MESM6.GLBX,GLBX-1-1372,MESM6.GLBX-OracleStrategy-000,GLBX-001,GLBX-1-1372,MARKET,SELL,1,GTC,True,False,1,TAKER,6762.5,0.0,['0.00 USD'],NO_TRIGGER,FILLED,NO_CONTINGENCY,,,,MY_GENERIC_ALGO,,O-20260309-153015-001-000-1676,,8a7e459f-f701-43de-8278-c23784fa3265,2026-03-09 15:30:15.223362071+00:00,2026-03-09 15:30:15.223362071+00:00
BACKTESTER-001,OracleStrategy-000,MESM6.GLBX,GLBX-1-1373,MESM6.GLBX-OracleStrategy-000,GLBX-001,GLBX-1-1373,MARKET,SELL,1,GTC,False,False,1,TAKER,6762.5,0.0,['0.00 USD'],NO_TRIGGER,FILLED,NO_CONTINGENCY,,,,MY_GENERIC_ALGO,,O-20260309-153015-001-000-1677,,833f656b-b311-436f-814a-5f89be139e92,2026-03-09 15:30:15.223362071+00:00,2026-03-09 15:30:15.223362071+00:00
BACKTESTER-001,OracleStrategy-000,MESM6.GLBX,GLBX-1-1374,MESM6.GLBX-OracleStrategy-000,GLBX-001,GLBX-1-1374,MARKET,BUY,1,GTC,True,False,1,TAKER,6761.5,0.0,['0.00 USD'],NO_TRIGGER,FILLED,NO_CONTINGENCY,,,,MY_GENERIC_ALGO,,O-20260309-153032-001-000-1678,,07c8210d-ee5d-455e-aef4-82d03fd44938,2026-03-09 15:30:32.289252253+00:00,2026-03-09 15:30:32.289252253+00:00
BACKTESTER-001,OracleStrategy-000,MESM6.GLBX,GLBX-1-1375,MESM6.GLBX-OracleStrategy-000,GLBX-001,GLBX-1-1375,MARKET,BUY,1,GTC,False,False,1,TAKER,6761.5,0.0,['0.00 USD'],NO_TRIGGER,FILLED,NO_CONTINGENCY,,,,MY_GENERIC_ALGO,,O-20260309-153032-001-000-1679,,d3fd78b0-b46e-4c02-bb69-17bf51f7a2ed,2026-03-09 15:30:32.289252253+00:00,2026-03-09 15:30:32.289252253+00:00
BACKTESTER-001,OracleStrategy-000,MESM6.GLBX,GLBX-1-1376,MESM6.GLBX-OracleStrategy-000,GLBX-001,GLBX-1-1376,MARKET,SELL,1,GTC,True,False,1,TAKER,6764.0,0.0,['0.00 USD'],NO_TRIGGER,FILLED,NO_CONTINGENCY,,,,MY_GENERIC_ALGO,,O-20260309-153120-001-000-1680,,4f2aac2e-d992-4994-8d67-bdba26a37c4d,2026-03-09 15:31:20.542711868+00:00,2026-03-09 15:31:20.542711868+00:00
BACKTESTER-001,OracleStrategy-000,MESM6.GLBX,GLBX-1-1377,MESM6.GLBX-OracleStrategy-000,GLBX-001,GLBX-1-1377,MARKET,SELL,1,GTC,False,False,1,TAKER,6764.0,0.0,['0.00 USD'],NO_TRIGGER,FILLED,NO_CONTINGENCY,,,,MY_GENERIC_ALGO,,O-20260309-153120-001-000-1681,,9b78b3ae-2922-438a-ad34-b32267d8dab5,2026-03-09 15:31:20.542711868+00:00,2026-03-09 15:31:20.542711868+00:00
BACKTESTER-001,OracleStrategy-000,MESM6.GLBX,GLBX-1-1378,MESM6.GLBX-OracleStrategy-000,GLBX-001,GLBX-1-1378,MARKET,BUY,1,GTC,True,False,1,TAKER,6758.75,0.0,['0.00 USD'],NO_TRIGGER,FILLED,NO_CONTINGENCY,,,,MY_GENERIC_ALGO,,O-20260309-153304-001-000-1682,,79802103-7e56-4cc4-94eb-e6945d511ec2,2026-03-09 15:33:04.548355304+00:00,2026-03-09 15:33:04.548355304+00:00
BACKTESTER-001,OracleStrategy-000,MESM6.GLBX,GLBX-1-1379,MESM6.GLBX-OracleStrategy-000,GLBX-001,GLBX-1-1379,MARKET,BUY,1,GTC,False,False,1,TAKER,6758.75,0.0,['0.00 USD'],NO_TRIGGER,FILLED,NO_CONTINGENCY,,,,MY_GENERIC_ALGO,,O-20260309-153304-001-000-1683,,43839a1e-3248-4f8d-b68a-e33209ba6553,2026-03-09 15:33:04.548355304+00:00,2026-03-09 15:33:04.548355304+00:00
BACKTESTER-001,OracleStrategy-000,MESM6.GLBX,GLBX-1-1380,MESM6.GLBX-OracleStrategy-000,GLBX-001,GLBX-1-1380,MARKET,SELL,1,GTC,True,False,1,TAKER,6759.0,0.0,['0.00 USD'],NO_TRIGGER,FILLED,NO_CONTINGENCY,,,,MY_GENERIC_ALGO,,O-20260309-153311-001-000-1684,,cc450b2c-dd61-4c79-99ca-43ca537aec37,2026-03-09 15:33:11.027529893+00:00,2026-03-09 15:33:11.027529893+00:00
BACKTESTER-001,OracleStrategy-000,MESM6.GLBX,GLBX-1-1381,MESM6.GLBX-OracleStrategy-000,GLBX-001,GLBX-1-1381,MARKET,SELL,1,GTC,False,False,1,TAKER,6759.0,0.0,['0.00 USD'],NO_TRIGGER,FILLED,NO_CONTINGENCY,,,,MY_GENERIC_ALGO,,O-20260309-153311-001-000-1685,,e0272b0a-ec6e-49bc-b7b1-2dcafdded8cd,2026-03-09 15:33:11.027529893+00:00,2026-03-09 15:33:11.027529893+00:00
BACKTESTER-001,OracleStrategy-000,MESM6.GLBX,GLBX-1-1382,MESM6.GLBX-OracleStrategy-000,GLBX-001,GLBX-1-1382,MARKET,BUY,1,GTC,True,False,1,TAKER,6756.25,0.0,['0.00 USD'],NO_TRIGGER,FILLED,NO_CONTINGENCY,,,,MY_GENERIC_ALGO,,O-20260309-153425-001-000-1686,,05b79acb-05e9-4482-828c-94f98e4ac4f5,2026-03-09 15:34:25.553487080+00:00,2026-03-09 15:34:25.553487080+00:00
BACKTESTER-001,OracleStrategy-000,MESM6.GLBX,GLBX-1-1383,MESM6.GLBX-OracleStrategy-000,GLBX-001,GLBX-1-1383,MARKET,BUY,1,GTC,False,False,1,TAKER,6756.25,0.0,['0.00 USD'],NO_TRIGGER,FILLED,NO_CONTINGENCY,,,,MY_GENERIC_ALGO,,O-20260309-153425-001-000-1687,,d1ea2102-9364-46a5-8df2-4154d3f58208,2026-03-09 15:34:25.553487080+00:00,2026-03-09 15:34:25.553487080+00:00
BACKTESTER-001,OracleStrategy-000,MESM6.GLBX,GLBX-1-1384,MESM6.GLBX-OracleStrategy-000,GLBX-001,GLBX-1-1384,MARKET,SELL,1,GTC,True,False,1,TAKER,6756.5,0.0,['0.00 USD'],NO_TRIGGER,FILLED,NO_CONTINGENCY,,,,MY_GENERIC_ALGO,,O-20260309-153428-001-000-1688,,b168937d-491d-422a-b6ae-c17dd4cede5d,2026-03-09 15:34:28.718723688+00:00,2026-03-09 15:34:28.718723688+00:00
BACKTESTER-001,OracleStrategy-000,MESM6.GLBX,GLBX-1-1385,MESM6.GLBX-OracleStrategy-000,GLBX-001,GLBX-1-1385,MARKET,SELL,1,GTC,False,False,1,TAKER,6756.5,0.0,['0.00 USD'],NO_TRIGGER,FILLED,NO_CONTINGENCY,,,,MY_GENERIC_ALGO,,O-20260309-153428-001-000-1689,,f16b7d78-a86d-4215-bac6-c5d7e0c80803,2026-03-09 15:34:28.718723688+00:00,2026-03-09 15:34:28.718723688+00:00
BACKTESTER-001,OracleStrategy-000,MESM6.GLBX,GLBX-1-1386,MESM6.GLBX-OracleStrategy-000,GLBX-001,GLBX-1-1386,MARKET,BUY,1,GTC,True,False,1,TAKER,6754.5,0.0,['0.00 USD'],NO_TRIGGER,FILLED,NO_CONTINGENCY,,,,MY_GENERIC_ALGO,,O-20260309-153443-001-000-1690,,b7f1ad0c-5b6a-40ac-901f-33671ca4015d,2026-03-09 15:34:43.769151395+00:00,2026-03-09 15:34:43.769151395+00:00
BACKTESTER-001,OracleStrategy-000,MESM6.GLBX,GLBX-1-1387,MESM6.GLBX-OracleStrategy-000,GLBX-001,GLBX-1-1387,MARKET,BUY,1,GTC,False,False,1,TAKER,6754.5,0.0,['0.00 USD'],NO_TRIGGER,FILLED,NO_CONTINGENCY,,,,MY_GENERIC_ALGO,,O-20260309-153443-001-000-1691,,17b0f4db-0659-46f9-888d-a46f6ad459f0,2026-03-09 15:34:43.769151395+00:00,2026-03-09 15:34:43.769151395+00:00
BACKTESTER-001,OracleStrategy-000,MESM6.GLBX,GLBX-1-1388,MESM6.GLBX-OracleStrategy-000,GLBX-001,GLBX-1-1388,MARKET,SELL,1,GTC,True,False,1,TAKER,6756.25,0.0,['0.00 USD'],NO_TRIGGER,FILLED,NO_CONTINGENCY,,,,MY_GENERIC_ALGO,,O-20260309-153453-001-000-1692,,272061ff-01b3-4283-8ad0-d49ea918c84c,2026-03-09 15:34:53.838632712+00:00,2026-03-09 15:34:53.838632712+00:00
BACKTESTER-001,OracleStrategy-000,MESM6.GLBX,GLBX-1-1389,MESM6.GLBX-OracleStrategy-000,GLBX-001,GLBX-1-1389,MARKET,SELL,1,GTC,False,False,1,TAKER,6753.75,0.0,['0.00 USD'],NO_TRIGGER,FILLED,NO_CONTINGENCY,,,,MY_GENERIC_ALGO,,O-20260309-153512-001-000-1697,,ebe5ae13-9294-4ca5-b975-c09b3ad177a9,2026-03-09 15:35:12.576874381+00:00,2026-03-09 15:35:12.576874381+00:00
BACKTESTER-001,OracleStrategy-000,MESM6.GLBX,GLBX-1-1390,MESM6.GLBX-OracleStrategy-000,GLBX-001,GLBX-1-1390,MARKET,BUY,1,GTC,True,False,1,TAKER,6752.25,0.0,['0.00 USD'],NO_TRIGGER,FILLED,NO_CONTINGENCY,,,,MY_GENERIC_ALGO,,O-20260309-153532-001-000-1698,,6f917940-c111-4ec0-944c-88526c6f2c2a,2026-03-09 15:35:32.242060288+00:00,2026-03-09 15:35:32.242060288+00:00
BACKTESTER-001,OracleStrategy-000,MESM6.GLBX,GLBX-1-1391,MESM6.GLBX-OracleStrategy-000,GLBX-001,GLBX-1-1391,MARKET,BUY,1,GTC,False,False,1,TAKER,6752.25,0.0,['0.00 USD'],NO_TRIGGER,FILLED,NO_CONTINGENCY,,,,MY_GENERIC_ALGO,,O-20260309-153532-001-000-1699,,b5e784fd-d926-43bf-9228-bb7d2299310d,2026-03-09 15:35:32.242060288+00:00,2026-03-09 15:35:32.242060288+00:00
BACKTESTER-001,OracleStrategy-000,MESM6.GLBX,GLBX-1-1392,MESM6.GLBX-OracleStrategy-000,GLBX-001,GLBX-1-1392,MARKET,SELL,1,GTC,True,False,1,TAKER,6754.25,0.0,['0.00 USD'],NO_TRIGGER,FILLED,NO_CONTINGENCY,,,,MY_GENERIC_ALGO,,O-20260309-153552-001-000-1700,,d711cbef-7b01-4cae-b67c-8cb2bcb498b2,2026-03-09 15:35:52.633119344+00:00,2026-03-09 15:35:52.633119344+00:00
BACKTESTER-001,OracleStrategy-000,MESM6.GLBX,GLBX-1-1393,MESM6.GLBX-OracleStrategy-000,GLBX-001,GLBX-1-1393,MARKET,SELL,1,GTC,False,False,1,TAKER,6754.25,0.0,['0.00 USD'],NO_TRIGGER,FILLED,NO_CONTINGENCY,,,,MY_GENERIC_ALGO,,O-20260309-153552-001-000-1701,,ac321cc2-11b0-4e64-9b57-65779d177813,2026-03-09 15:35:52.633119344+00:00,2026-03-09 15:35:52.633119344+00:00
BACKTESTER-001,OracleStrategy-000,MESM6.GLBX,GLBX-1-1394,MESM6.GLBX-OracleStrategy-000,GLBX-001,GLBX-1-1394,MARKET,BUY,1,GTC,True,False,1,TAKER,6753.75,0.0,['0.00 USD'],NO_TRIGGER,FILLED,NO_CONTINGENCY,,,,MY_GENERIC_ALGO,,O-20260309-153640-001-000-1702,,ea31af36-12b4-449d-ae03-00721dadcb70,2026-03-09 15:36:40.113640259+00:00,2026-03-09 15:36:40.113640259+00:00
BACKTESTER-001,OracleStrategy-000,MESM6.GLBX,GLBX-1-1395,MESM6.GLBX-OracleStrategy-000,GLBX-001,GLBX-1-1395,MARKET,BUY,1,GTC,False,False,1,TAKER,6753.75,0.0,['0.00 USD'],NO_TRIGGER,FILLED,NO_CONTINGENCY,,,,MY_GENERIC_ALGO,,O-20260309-153640-001-000-1703,,fc2df052-4cc4-4793-b881-0cd4a80c17e2,2026-03-09 15:36:40.113640259+00:00,2026-03-09 15:36:40.113640259+00:00
BACKTESTER-001,OracleStrategy-000,MESM6.GLBX,GLBX-1-1396,MESM6.GLBX-OracleStrategy-000,GLBX-001,GLBX-1-1396,MARKET,SELL,1,GTC,True,False,1,TAKER,6754.5,0.0,['0.00 USD'],NO_TRIGGER,FILLED,NO_CONTINGENCY,,,,MY_GENERIC_ALGO,,O-20260309-153711-001-000-1704,,5453f912-dd4a-4a30-939a-26bdd50d3f03,2026-03-09 15:37:11.300377270+00:00,2026-03-09 15:37:11.300377270+00:00
BACKTESTER-001,OracleStrategy-000,MESM6.GLBX,GLBX-1-1397,MESM6.GLBX-OracleStrategy-000,GLBX-001,GLBX-1-1397,MARKET,SELL,1,GTC,False,False,1,TAKER,6754.5,0.0,['0.00 USD'],NO_TRIGGER,FILLED,NO_CONTINGENCY,,,,MY_GENERIC_ALGO,,O-20260309-153711-001-000-1705,,7e244db8-b7b2-4c5d-9333-95ae0814629b,2026-03-09 15:37:11.300377270+00:00,2026-03-09 15:37:11.300377270+00:00
BACKTESTER-001,OracleStrategy-000,MESM6.GLBX,GLBX-1-1398,MESM6.GLBX-OracleStrategy-000,GLBX-001,GLBX-1-1398,MARKET,BUY,1,GTC,True,False,1,TAKER,6754.75,0.0,['0.00 USD'],NO_TRIGGER,FILLED,NO_CONTINGENCY,,,,MY_GENERIC_ALGO,,O-20260309-153730-001-000-1706,,14034fec-73bd-43fd-abf6-1520e9267189,2026-03-09 15:37:30.288870024+00:00,2026-03-09 15:37:30.288870024+00:00
BACKTESTER-001,OracleStrategy-000,MESM6.GLBX,GLBX-1-1399,MESM6.GLBX-OracleStrategy-000,GLBX-001,GLBX-1-1399,MARKET,BUY,1,GTC,False,False,1,TAKER,6754.75,0.0,['0.00 USD'],NO_TRIGGER,FILLED,NO_CONTINGENCY,,,,MY_GENERIC_ALGO,,O-20260309-153730-001-000-1707,,408d2ff1-dca2-4737-ac10-c7d2c1af2efd,2026-03-09 15:37:30.288870024+00:00,2026-03-09 15:37:30.288870024+00:00
BACKTESTER-001,OracleStrategy-000,MESM6.GLBX,GLBX-1-1400,MESM6.GLBX-OracleStrategy-000,GLBX-001,GLBX-1-1400,MARKET,SELL,1,GTC,True,False,1,TAKER,6756.75,0.0,['0.00 USD'],NO_TRIGGER,FILLED,NO_CONTINGENCY,,,,MY_GENERIC_ALGO,,O-20260309-153755-001-000-1708,,51754e7f-9264-4ad0-bc1b-23b8d9f13cfb,2026-03-09 15:37:55.678393327+00:00,2026-03-09 15:37:55.678393327+00:00
BACKTESTER-001,OracleStrategy-000,MESM6.GLBX,GLBX-1-1401,MESM6.GLBX-OracleStrategy-000,GLBX-001,GLBX-1-1401,MARKET,SELL,1,GTC,False,False,1,TAKER,6756.75,0.0,['0.00 USD'],NO_TRIGGER,FILLED,NO_CONTINGENCY,,,,MY_GENERIC_ALGO,,O-20260309-153755-001-000-1709,,7e21a3c0-4b12-4306-a31f-3605e629290d,2026-03-09 15:37:55.678393327+00:00,2026-03-09 15:37:55.678393327+00:00
BACKTESTER-001,OracleStrategy-000,MESM6.GLBX,GLBX-1-1402,MESM6.GLBX-OracleStrategy-000,GLBX-001,GLBX-1-1402,MARKET,BUY,1,GTC,True,False,1,TAKER,6755.25,0.0,['0.00 USD'],NO_TRIGGER,FILLED,NO_CONTINGENCY,,,,MY_GENERIC_ALGO,,O-20260309-153817-001-000-1710,,9af6190b-3ad9-4d43-8868-ace714ce8a33,2026-03-09 15:38:17.165677245+00:00,2026-03-09 15:38:17.165677245+00:00
BACKTESTER-001,OracleStrategy-000,MESM6.GLBX,GLBX-1-1403,MESM6.GLBX-OracleStrategy-000,GLBX-001,GLBX-1-1403,MARKET,BUY,1,GTC,False,False,1,TAKER,6755.25,0.0,['0.00 USD'],NO_TRIGGER,FILLED,NO_CONTINGENCY,,,,MY_GENERIC_ALGO,,O-20260309-153817-001-000-1711,,72b4e2ac-ffd0-46be-b8ab-43d000f6bc15,2026-03-09 15:38:17.165677245+00:00,2026-03-09 15:38:17.165677245+00:00
BACKTESTER-001,OracleStrategy-000,MESM6.GLBX,GLBX-1-1404,MESM6.GLBX-OracleStrategy-000,GLBX-001,GLBX-1-1404,MARKET,SELL,1,GTC,True,False,1,TAKER,6755.75,0.0,['0.00 USD'],NO_TRIGGER,FILLED,NO_CONTINGENCY,,,,MY_GENERIC_ALGO,,O-20260309-153829-001-000-1712,,e36e090d-b39a-4ff6-9201-721086865409,2026-03-09 15:38:29.494689879+00:00,2026-03-09 15:38:29.494689879+00:00
BACKTESTER-001,OracleStrategy-000,MESM6.GLBX,GLBX-1-1405,MESM6.GLBX-OracleStrategy-000,GLBX-001,GLBX-1-1405,MARKET,SELL,1,GTC,False,False,1,TAKER,6756.0,0.0,['0.00 USD'],NO_TRIGGER,FILLED,NO_CONTINGENCY,,,,MY_GENERIC_ALGO,,O-20260309-153833-001-000-1714,,57065e23-4bab-4323-82c2-734a407ca986,2026-03-09 15:38:33.079324496+00:00,2026-03-09 15:38:33.079324496+00:00
BACKTESTER-001,OracleStrategy-000,MESM6.GLBX,GLBX-1-1406,MESM6.GLBX-OracleStrategy-000,GLBX-001,GLBX-1-1406,MARKET,BUY,1,GTC,True,False,1,TAKER,6755.5,0.0,['0.00 USD'],NO_TRIGGER,FILLED,NO_CONTINGENCY,,,,MY_GENERIC_ALGO,,O-20260309-153855-001-000-1715,,1d168708-572b-4032-962e-2a98cf089768,2026-03-09 15:38:55.690458976+00:00,2026-03-09 15:38:55.690458976+00:00
BACKTESTER-001,OracleStrategy-000,MESM6.GLBX,GLBX-1-1407,MESM6.GLBX-OracleStrategy-000,GLBX-001,GLBX-1-1407,MARKET,BUY,1,GTC,False,False,1,TAKER,6755.5,0.0,['0.00 USD'],NO_TRIGGER,FILLED,NO_CONTINGENCY,,,,MY_GENERIC_ALGO,,O-20260309-153855-001-000-1716,,f32e7547-d22d-4f3b-a103-469a36213fef,2026-03-09 15:38:55.690458976+00:00,2026-03-09 15:38:55.690458976+00:00
BACKTESTER-001,OracleStrategy-000,MESM6.GLBX,GLBX-1-1408,MESM6.GLBX-OracleStrategy-000,GLBX-001,GLBX-1-1408,MARKET,SELL,1,GTC,True,False,1,TAKER,6754.75,0.0,['0.00 USD'],NO_TRIGGER,FILLED,NO_CONTINGENCY,,,,MY_GENERIC_ALGO,,O-20260309-153920-001-000-1717,,1408e33b-eaa0-4141-8b89-84d58a0239c4,2026-03-09 15:39:20.736710704+00:00,2026-03-09 15:39:20.736710704+00:00
BACKTESTER-001,OracleStrategy-000,MESM6.GLBX,GLBX-1-1409,MESM6.GLBX-OracleStrategy-000,GLBX-001,GLBX-1-1409,MARKET,SELL,1,GTC,False,False,1,TAKER,6754.75,0.0,['0.00 USD'],NO_TRIGGER,FILLED,NO_CONTINGENCY,,,,MY_GENERIC_ALGO,,O-20260309-153920-001-000-1718,,7176279f-8d27-4257-b9d3-2b7761db86ab,2026-03-09 15:39:20.736710704+00:00,2026-03-09 15:39:20.736710704+00:00
BACKTESTER-001,OracleStrategy-000,MESM6.GLBX,GLBX-1-1410,MESM6.GLBX-OracleStrategy-000,GLBX-001,GLBX-1-1410,MARKET,BUY,1,GTC,True,False,1,TAKER,6752.25,0.0,['0.00 USD'],NO_TRIGGER,FILLED,NO_CONTINGENCY,,,,MY_GENERIC_ALGO,,O-20260309-154005-001-000-1719,,023d1269-36cc-4bd6-8882-1fa64272b7f6,2026-03-09 15:40:05.972884703+00:00,2026-03-09 15:40:05.972884703+00:00
BACKTESTER-001,OracleStrategy-000,MESM6.GLBX,GLBX-1-1411,MESM6.GLBX-OracleStrategy-000,GLBX-001,GLBX-1-1411,MARKET,SELL,1,GTC,False,False,1,TAKER,6753.5,0.0,['0.00 USD'],NO_TRIGGER,FILLED,NO_CONTINGENCY,,,,MY_GENERIC_ALGO,,O-20260309-154018-001-000-1721,,c1ca0ca0-46f5-4772-a68d-969b1e99cd2a,2026-03-09 15:40:18.679248960+00:00,2026-03-09 15:40:18.679248960+00:00
BACKTESTER-001,OracleStrategy-000,MESM6.GLBX,GLBX-1-1412,MESM6.GLBX-OracleStrategy-000,GLBX-001,GLBX-1-1412,MARKET,BUY,1,GTC,True,False,1,TAKER,6751.75,0.0,['0.00 USD'],NO_TRIGGER,FILLED,NO_CONTINGENCY,,,,MY_GENERIC_ALGO,,O-20260309-154049-001-000-1722,,2636a2f4-42ac-4ee8-b4e4-2db4162d9192,2026-03-09 15:40:49.830701448+00:00,2026-03-09 15:40:49.830701448+00:00
BACKTESTER-001,OracleStrategy-000,MESM6.GLBX,GLBX-1-1413,MESM6.GLBX-OracleStrategy-000,GLBX-001,GLBX-1-1413,MARKET,SELL,1,GTC,False,False,1,TAKER,6752.5,0.0,['0.00 USD'],NO_TRIGGER,FILLED,NO_CONTINGENCY,,,,MY_GENERIC_ALGO,,O-20260309-154139-001-000-1724,,6f8f6b93-d289-45ef-be59-5c7f99776a66,2026-03-09 15:41:39.374963664+00:00,2026-03-09 15:41:39.374963664+00:00
BACKTESTER-001,OracleStrategy-000,MESM6.GLBX,GLBX-1-1414,MESM6.GLBX-OracleStrategy-000,GLBX-001,GLBX-1-1414,MARKET,BUY,1,GTC,True,False,1,TAKER,6751.5,0.0,['0.00 USD'],NO_TRIGGER,FILLED,NO_CONTINGENCY,,,,MY_GENERIC_ALGO,,O-20260309-154239-001-000-1725,,3e64a30f-5a21-4a68-acf5-1876279cb786,2026-03-09 15:42:39.164882813+00:00,2026-03-09 15:42:39.164882813+00:00
BACKTESTER-001,OracleStrategy-000,MESM6.GLBX,GLBX-1-1415,MESM6.GLBX-OracleStrategy-000,GLBX-001,GLBX-1-1415,MARKET,BUY,1,GTC,False,False,1,TAKER,6751.5,0.0,['0.00 USD'],NO_TRIGGER,FILLED,NO_CONTINGENCY,,,,MY_GENERIC_ALGO,,O-20260309-154239-001-000-1726,,1fcf53de-9329-4f19-819d-4c55077197a8,2026-03-09 15:42:39.164882813+00:00,2026-03-09 15:42:39.164882813+00:00
BACKTESTER-001,OracleStrategy-000,MESM6.GLBX,GLBX-1-1416,MESM6.GLBX-OracleStrategy-000,GLBX-001,GLBX-1-1416,MARKET,SELL,1,GTC,True,False,1,TAKER,6754.0,0.0,['0.00 USD'],NO_TRIGGER,FILLED,NO_CONTINGENCY,,,,MY_GENERIC_ALGO,,O-20260309-154403-001-000-1727,,b31ff3aa-cb4f-4d17-b618-232c6ffd4199,2026-03-09 15:44:03.856685067+00:00,2026-03-09 15:44:03.856685067+00:00
BACKTESTER-001,OracleStrategy-000,MESM6.GLBX,GLBX-1-1417,MESM6.GLBX-OracleStrategy-000,GLBX-001,GLBX-1-1417,MARKET,BUY,1,GTC,False,False,1,TAKER,6753.25,0.0,['0.00 USD'],NO_TRIGGER,FILLED,NO_CONTINGENCY,,,,MY_GENERIC_ALGO,,O-20260309-154417-001-000-1729,,97860943-4f23-4a0e-b5eb-f3bb28876a38,2026-03-09 15:44:17.732817507+00:00,2026-03-09 15:44:17.732817507+00:00
BACKTESTER-001,OracleStrategy-000,MESM6.GLBX,GLBX-1-1418,MESM6.GLBX-OracleStrategy-000,GLBX-001,GLBX-1-1418,MARKET,SELL,1,GTC,True,False,1,TAKER,6761.0,0.0,['0.00 USD'],NO_TRIGGER,FILLED,NO_CONTINGENCY,,,,MY_GENERIC_ALGO,,O-20260309-154622-001-000-1730,,1b217dee-430b-4a62-802d-746c3770f61a,2026-03-09 15:46:22.909077047+00:00,2026-03-09 15:46:22.909077047+00:00
BACKTESTER-001,OracleStrategy-000,MESM6.GLBX,GLBX-1-1419,MESM6.GLBX-OracleStrategy-000,GLBX-001,GLBX-1-1419,MARKET,SELL,1,GTC,False,False,1,TAKER,6761.0,0.0,['0.00 USD'],NO_TRIGGER,FILLED,NO_CONTINGENCY,,,,MY_GENERIC_ALGO,,O-20260309-154622-001-000-1731,,6659e760-57dc-4f06-9917-e5da95531cb1,2026-03-09 15:46:22.909077047+00:00,2026-03-09 15:46:22.909077047+00:00
BACKTESTER-001,OracleStrategy-000,MESM6.GLBX,GLBX-1-1420,MESM6.GLBX-OracleStrategy-000,GLBX-001,GLBX-1-1420,MARKET,BUY,1,GTC,True,False,1,TAKER,6757.5,0.0,['0.00 USD'],NO_TRIGGER,FILLED,NO_CONTINGENCY,,,,MY_GENERIC_ALGO,,O-20260309-154701-001-000-1732,,cc885bfc-0a66-46cb-a90e-4709817acc60,2026-03-09 15:47:01.282842226+00:00,2026-03-09 15:47:01.282842226+00:00
BACKTESTER-001,OracleStrategy-000,MESM6.GLBX,GLBX-1-1421,MESM6.GLBX-OracleStrategy-000,GLBX-001,GLBX-1-1421,MARKET,BUY,1,GTC,False,False,1,TAKER,6757.5,0.0,['0.00 USD'],NO_TRIGGER,FILLED,NO_CONTINGENCY,,,,MY_GENERIC_ALGO,,O-20260309-154701-001-000-1733,,5142e255-d299-4985-9f8c-841a012beead,2026-03-09 15:47:01.282842226+00:00,2026-03-09 15:47:01.282842226+00:00
BACKTESTER-001,OracleStrategy-000,MESM6.GLBX,GLBX-1-1422,MESM6.GLBX-OracleStrategy-000,GLBX-001,GLBX-1-1422,MARKET,SELL,1,GTC,True,False,1,TAKER,6759.5,0.0,['0.00 USD'],NO_TRIGGER,FILLED,NO_CONTINGENCY,,,,MY_GENERIC_ALGO,,O-20260309-154739-001-000-1734,,c4224494-53aa-4d18-b1e3-d73b91716e89,2026-03-09 15:47:39.112915003+00:00,2026-03-09 15:47:39.112915003+00:00
BACKTESTER-001,OracleStrategy-000,MESM6.GLBX,GLBX-1-1423,MESM6.GLBX-OracleStrategy-000,GLBX-001,GLBX-1-1423,MARKET,SELL,1,GTC,False,False,1,TAKER,6759.5,0.0,['0.00 USD'],NO_TRIGGER,FILLED,NO_CONTINGENCY,,,,MY_GENERIC_ALGO,,O-20260309-154739-001-000-1735,,214de08e-8cf4-4108-91f1-f55b634b03d6,2026-03-09 15:47:39.112915003+00:00,2026-03-09 15:47:39.112915003+00:00
BACKTESTER-001,OracleStrategy-000,MESM6.GLBX,GLBX-1-1424,MESM6.GLBX-OracleStrategy-000,GLBX-001,GLBX-1-1424,MARKET,BUY,1,GTC,True,False,1,TAKER,6756.5,0.0,['0.00 USD'],NO_TRIGGER,FILLED,NO_CONTINGENCY,,,,MY_GENERIC_ALGO,,O-20260309-154805-001-000-1736,,271570f8-b47b-4dd7-a673-48c5a7561e71,2026-03-09 15:48:05.874847310+00:00,2026-03-09 15:48:05.874847310+00:00
BACKTESTER-001,OracleStrategy-000,MESM6.GLBX,GLBX-1-1425,MESM6.GLBX-OracleStrategy-000,GLBX-001,GLBX-1-1425,MARKET,BUY,1,GTC,False,False,1,TAKER,6756.5,0.0,['0.00 USD'],NO_TRIGGER,FILLED,NO_CONTINGENCY,,,,MY_GENERIC_ALGO,,O-20260309-154805-001-000-1737,,bae42604-0254-433a-8dad-1cb20ee86766,2026-03-09 15:48:05.874847310+00:00,2026-03-09 15:48:05.874847310+00:00
BACKTESTER-001,OracleStrategy-000,MESM6.GLBX,GLBX-1-1426,MESM6.GLBX-OracleStrategy-000,GLBX-001,GLBX-1-1426,MARKET,SELL,1,GTC,True,False,1,TAKER,6758.25,0.0,['0.00 USD'],NO_TRIGGER,FILLED,NO_CONTINGENCY,,,,MY_GENERIC_ALGO,,O-20260309-154821-001-000-1738,,09be98cb-5982-4eae-9bfd-e6a397fb2f32,2026-03-09 15:48:21.969716775+00:00,2026-03-09 15:48:21.969716775+00:00
BACKTESTER-001,OracleStrategy-000,MESM6.GLBX,GLBX-1-1427,MESM6.GLBX-OracleStrategy-000,GLBX-001,GLBX-1-1427,MARKET,SELL,1,GTC,False,False,1,TAKER,6758.25,0.0,['0.00 USD'],NO_TRIGGER,FILLED,NO_CONTINGENCY,,,,MY_GENERIC_ALGO,,O-20260309-154821-001-000-1739,,b16094c0-b547-42f9-85ea-9e713ea2cedb,2026-03-09 15:48:21.969716775+00:00,2026-03-09 15:48:21.969716775+00:00
BACKTESTER-001,OracleStrategy-000,MESM6.GLBX,GLBX-1-1428,MESM6.GLBX-OracleStrategy-000,GLBX-001,GLBX-1-1428,MARKET,BUY,1,GTC,True,False,1,TAKER,6757.5,0.0,['0.00 USD'],NO_TRIGGER,FILLED,NO_CONTINGENCY,,,,MY_GENERIC_ALGO,,O-20260309-154844-001-000-1740,,ded40a6f-917f-40ac-9994-f2a660472afa,2026-03-09 15:48:44.781478094+00:00,2026-03-09 15:48:44.781478094+00:00
BACKTESTER-001,OracleStrategy-000,MESM6.GLBX,GLBX-1-1429,MESM6.GLBX-OracleStrategy-000,GLBX-001,GLBX-1-1429,MARKET,BUY,1,GTC,False,False,1,TAKER,6756.5,0.0,['0.00 USD'],NO_TRIGGER,FILLED,NO_CONTINGENCY,,,,MY_GENERIC_ALGO,,O-20260309-154854-001-000-1742,,753b4575-7ab4-482a-80e9-633cae00fd11,2026-03-09 15:48:54.338553416+00:00,2026-03-09 15:48:54.338553416+00:00
BACKTESTER-001,OracleStrategy-000,MESM6.GLBX,GLBX-1-1430,MESM6.GLBX-OracleStrategy-000,GLBX-001,GLBX-1-1430,MARKET,SELL,1,GTC,True,False,1,TAKER,6758.5,0.0,['0.00 USD'],NO_TRIGGER,FILLED,NO_CONTINGENCY,,,,MY_GENERIC_ALGO,,O-20260309-154908-001-000-1743,,b8ac10ee-b26a-486f-84b4-98c240aafac7,2026-03-09 15:49:08.342623103+00:00,2026-03-09 15:49:08.342623103+00:00
BACKTESTER-001,OracleStrategy-000,MESM6.GLBX,GLBX-1-1431,MESM6.GLBX-OracleStrategy-000,GLBX-001,GLBX-1-1431,MARKET,SELL,1,GTC,False,False,1,TAKER,6758.5,0.0,['0.00 USD'],NO_TRIGGER,FILLED,NO_CONTINGENCY,,,,MY_GENERIC_ALGO,,O-20260309-154908-001-000-1744,,b9b902cc-8671-4829-b1a7-dc5e5dc09778,2026-03-09 15:49:08.342623103+00:00,2026-03-09 15:49:08.342623103+00:00
BACKTESTER-001,OracleStrategy-000,MESM6.GLBX,GLBX-1-1432,MESM6.GLBX-OracleStrategy-000,GLBX-001,GLBX-1-1432,MARKET,BUY,1,GTC,True,False,1,TAKER,6758.0,0.0,['0.00 USD'],NO_TRIGGER,FILLED,NO_CONTINGENCY,,,,MY_GENERIC_ALGO,,O-20260309-155100-001-000-1745,,9a8b1554-02e4-44a2-abc8-8939c6556c9d,2026-03-09 15:51:00.626857880+00:00,2026-03-09 15:51:00.626857880+00:00
BACKTESTER-001,OracleStrategy-000,MESM6.GLBX,GLBX-1-1433,MESM6.GLBX-OracleStrategy-000,GLBX-001,GLBX-1-1433,MARKET,BUY,1,GTC,False,False,1,TAKER,6758.0,0.0,['0.00 USD'],NO_TRIGGER,FILLED,NO_CONTINGENCY,,,,MY_GENERIC_ALGO,,O-20260309-155100-001-000-1746,,7952bf7d-ebfc-430b-a6ef-9baa9cf00baf,2026-03-09 15:51:00.626857880+00:00,2026-03-09 15:51:00.626857880+00:00
BACKTESTER-001,OracleStrategy-000,MESM6.GLBX,GLBX-1-1434,MESM6.GLBX-OracleStrategy-000,GLBX-001,GLBX-1-1434,MARKET,SELL,1,GTC,True,False,1,TAKER,6759.75,0.0,['0.00 USD'],NO_TRIGGER,FILLED,NO_CONTINGENCY,,,,MY_GENERIC_ALGO,,O-20260309-155135-001-000-1747,,ae927e8e-911a-469d-aed3-8d911634808b,2026-03-09 15:51:35.935320722+00:00,2026-03-09 15:51:35.935320722+00:00
BACKTESTER-001,OracleStrategy-000,MESM6.GLBX,GLBX-1-1435,MESM6.GLBX-OracleStrategy-000,GLBX-001,GLBX-1-1435,MARKET,SELL,1,GTC,False,False,1,TAKER,6759.75,0.0,['0.00 USD'],NO_TRIGGER,FILLED,NO_CONTINGENCY,,,,MY_GENERIC_ALGO,,O-20260309-155135-001-000-1748,,ff5b335b-5917-408a-9aec-f36163d52eea,2026-03-09 15:51:35.935320722+00:00,2026-03-09 15:51:35.935320722+00:00
BACKTESTER-001,OracleStrategy-000,MESM6.GLBX,GLBX-1-1436,MESM6.GLBX-OracleStrategy-000,GLBX-001,GLBX-1-1436,MARKET,BUY,1,GTC,True,False,1,TAKER,6759.5,0.0,['0.00 USD'],NO_TRIGGER,FILLED,NO_CONTINGENCY,,,,MY_GENERIC_ALGO,,O-20260309-155233-001-000-1749,,998470d2-fd42-4ffa-a8f0-ca7107253502,2026-03-09 15:52:33.616870531+00:00,2026-03-09 15:52:33.616870531+00:00
BACKTESTER-001,OracleStrategy-000,MESM6.GLBX,GLBX-1-1437,MESM6.GLBX-OracleStrategy-000,GLBX-001,GLBX-1-1437,MARKET,BUY,1,GTC,False,False,1,TAKER,6760.75,0.0,['0.00 USD'],NO_TRIGGER,FILLED,NO_CONTINGENCY,,,,MY_GENERIC_ALGO,,O-20260309-155313-001-000-1754,,f820fff7-d90b-4184-a7f3-088327c1eea0,2026-03-09 15:53:13.179088232+00:00,2026-03-09 15:53:13.179088232+00:00
BACKTESTER-001,OracleStrategy-000,MESM6.GLBX,GLBX-1-1438,MESM6.GLBX-OracleStrategy-000,GLBX-001,GLBX-1-1438,MARKET,SELL,1,GTC,True,False,1,TAKER,6765.0,0.0,['0.00 USD'],NO_TRIGGER,FILLED,NO_CONTINGENCY,,,,MY_GENERIC_ALGO,,O-20260309-155404-001-000-1755,,18d7ea70-da46-4ed8-bafa-aac3208a0e07,2026-03-09 15:54:04.886812464+00:00,2026-03-09 15:54:04.886812464+00:00
BACKTESTER-001,OracleStrategy-000,MESM6.GLBX,GLBX-1-1439,MESM6.GLBX-OracleStrategy-000,GLBX-001,GLBX-1-1439,MARKET,SELL,1,GTC,False,False,1,TAKER,6765.0,0.0,['0.00 USD'],NO_TRIGGER,FILLED,NO_CONTINGENCY,,,,MY_GENERIC_ALGO,,O-20260309-155404-001-000-1756,,6585f8a6-53ca-4ce7-b834-ab59622bbd47,2026-03-09 15:54:04.886812464+00:00,2026-03-09 15:54:04.886812464+00:00
BACKTESTER-001,OracleStrategy-000,MESM6.GLBX,GLBX-1-1440,MESM6.GLBX-OracleStrategy-000,GLBX-001,GLBX-1-1440,MARKET,BUY,1,GTC,True,False,1,TAKER,6763.0,0.0,['0.00 USD'],NO_TRIGGER,FILLED,NO_CONTINGENCY,,,,MY_GENERIC_ALGO,,O-20260309-155432-001-000-1757,,46519ccf-128b-46dd-a74b-59ee580910b0,2026-03-09 15:54:32.510489517+00:00,2026-03-09 15:54:32.510489517+00:00
BACKTESTER-001,OracleStrategy-000,MESM6.GLBX,GLBX-1-1441,MESM6.GLBX-OracleStrategy-000,GLBX-001,GLBX-1-1441,MARKET,BUY,1,GTC,False,False,1,TAKER,6763.0,0.0,['0.00 USD'],NO_TRIGGER,FILLED,NO_CONTINGENCY,,,,MY_GENERIC_ALGO,,O-20260309-155432-001-000-1758,,39d08456-b766-4e12-b549-e779430305ad,2026-03-09 15:54:32.510489517+00:00,2026-03-09 15:54:32.510489517+00:00
BACKTESTER-001,OracleStrategy-000,MESM6.GLBX,GLBX-1-1442,MESM6.GLBX-OracleStrategy-000,GLBX-001,GLBX-1-1442,MARKET,SELL,1,GTC,True,False,1,TAKER,6763.5,0.0,['0.00 USD'],NO_TRIGGER,FILLED,NO_CONTINGENCY,,,,MY_GENERIC_ALGO,,O-20260309-155502-001-000-1759,,79978f48-e80f-4b24-8179-469abdd27bd3,2026-03-09 15:55:02.541020128+00:00,2026-03-09 15:55:02.541020128+00:00
BACKTESTER-001,OracleStrategy-000,MESM6.GLBX,GLBX-1-1443,MESM6.GLBX-OracleStrategy-000,GLBX-001,GLBX-1-1443,MARKET,SELL,1,GTC,False,False,1,TAKER,6763.5,0.0,['0.00 USD'],NO_TRIGGER,FILLED,NO_CONTINGENCY,,,,MY_GENERIC_ALGO,,O-20260309-155502-001-000-1760,,d61f429d-fcf0-47de-8b7b-4c82d7f282aa,2026-03-09 15:55:02.541020128+00:00,2026-03-09 15:55:02.541020128+00:00
BACKTESTER-001,OracleStrategy-000,MESM6.GLBX,GLBX-1-1444,MESM6.GLBX-OracleStrategy-000,GLBX-001,GLBX-1-1444,MARKET,BUY,1,GTC,True,False,1,TAKER,6762.0,0.0,['0.00 USD'],NO_TRIGGER,FILLED,NO_CONTINGENCY,,,,MY_GENERIC_ALGO,,O-20260309-155632-001-000-1761,,f08f53b8-5489-47f3-a1a1-f6a57a64e529,2026-03-09 15:56:32.812200829+00:00,2026-03-09 15:56:32.812200829+00:00
BACKTESTER-001,OracleStrategy-000,MESM6.GLBX,GLBX-1-1445,MESM6.GLBX-OracleStrategy-000,GLBX-001,GLBX-1-1445,MARKET,BUY,1,GTC,False,False,1,TAKER,6762.0,0.0,['0.00 USD'],NO_TRIGGER,FILLED,NO_CONTINGENCY,,,,MY_GENERIC_ALGO,,O-20260309-155632-001-000-1762,,c96b8e9d-729d-45ef-be33-6c709ce7fd7d,2026-03-09 15:56:32.812200829+00:00,2026-03-09 15:56:32.812200829+00:00
BACKTESTER-001,OracleStrategy-000,MESM6.GLBX,GLBX-1-1446,MESM6.GLBX-OracleStrategy-000,GLBX-001,GLBX-1-1446,MARKET,SELL,1,GTC,True,False,1,TAKER,6763.25,0.0,['0.00 USD'],NO_TRIGGER,FILLED,NO_CONTINGENCY,,,,MY_GENERIC_ALGO,,O-20260309-155756-001-000-1763,,ab3176fc-9e92-4937-86e3-4b496be5dc17,2026-03-09 15:57:56.332995720+00:00,2026-03-09 15:57:56.332995720+00:00
BACKTESTER-001,OracleStrategy-000,MESM6.GLBX,GLBX-1-1447,MESM6.GLBX-OracleStrategy-000,GLBX-001,GLBX-1-1447,MARKET,SELL,1,GTC,False,False,1,TAKER,6763.25,0.0,['0.00 USD'],NO_TRIGGER,FILLED,NO_CONTINGENCY,,,,MY_GENERIC_ALGO,,O-20260309-155756-001-000-1764,,12e4ff95-e180-4372-8f01-e8b137f1dbb4,2026-03-09 15:57:56.332995720+00:00,2026-03-09 15:57:56.332995720+00:00
BACKTESTER-001,OracleStrategy-000,MESM6.GLBX,GLBX-1-1448,MESM6.GLBX-OracleStrategy-000,GLBX-001,GLBX-1-1448,MARKET,BUY,1,GTC,True,False,1,TAKER,6761.0,0.0,['0.00 USD'],NO_TRIGGER,FILLED,NO_CONTINGENCY,,,,MY_GENERIC_ALGO,,O-20260309-155901-001-000-1765,,2611dc77-4e62-489a-8674-3de7959a485d,2026-03-09 15:59:01.463907413+00:00,2026-03-09 15:59:01.463907413+00:00
BACKTESTER-001,OracleStrategy-000,MESM6.GLBX,GLBX-1-1449,MESM6.GLBX-OracleStrategy-000,GLBX-001,GLBX-1-1449,MARKET,BUY,1,GTC,False,False,1,TAKER,6761.0,0.0,['0.00 USD'],NO_TRIGGER,FILLED,NO_CONTINGENCY,,,,MY_GENERIC_ALGO,,O-20260309-155901-001-000-1766,,fd409771-3f41-4ee8-869c-9d0ab2eef52b,2026-03-09 15:59:01.463907413+00:00,2026-03-09 15:59:01.463907413+00:00
BACKTESTER-001,OracleStrategy-000,MESM6.GLBX,GLBX-1-1450,MESM6.GLBX-OracleStrategy-000,GLBX-001,GLBX-1-1450,MARKET,SELL,1,GTC,True,False,1,TAKER,6761.5,0.0,['0.00 USD'],NO_TRIGGER,FILLED,NO_CONTINGENCY,,,,MY_GENERIC_ALGO,,O-20260309-155956-001-000-1767,,4c136374-3465-4da9-9b2a-c68d28b8102f,2026-03-09 15:59:56.402800439+00:00,2026-03-09 15:59:56.402800439+00:00
BACKTESTER-001,OracleStrategy-000,MESM6.GLBX,GLBX-1-1451,MESM6.GLBX-OracleStrategy-000,GLBX-001,GLBX-1-1451,MARKET,SELL,1,GTC,False,False,1,TAKER,6761.25,0.0,['0.00 USD'],NO_TRIGGER,FILLED,NO_CONTINGENCY,,,,MY_GENERIC_ALGO,,O-20260309-160000-001-000-1769,,8ae74a99-d57d-45d3-a878-0f1c4d09f74d,2026-03-09 16:00:00.004004995+00:00,2026-03-09 16:00:00.004004995+00:00
BACKTESTER-001,OracleStrategy-000,MESM6.GLBX,GLBX-1-1452,MESM6.GLBX-OracleStrategy-000,GLBX-001,GLBX-1-1452,MARKET,BUY,1,GTC,True,False,1,TAKER,6760.0,0.0,['0.00 USD'],NO_TRIGGER,FILLED,NO_CONTINGENCY,,,,MY_GENERIC_ALGO,,O-20260309-160038-001-000-1770,,42ad4436-e733-4d30-91d7-c662289d5eca,2026-03-09 16:00:38.854473776+00:00,2026-03-09 16:00:38.854473776+00:00
BACKTESTER-001,OracleStrategy-000,MESM6.GLBX,GLBX-1-1453,MESM6.GLBX-OracleStrategy-000,GLBX-001,GLBX-1-1453,MARKET,BUY,1,GTC,False,False,1,TAKER,6759.25,0.0,['0.00 USD'],NO_TRIGGER,FILLED,NO_CONTINGENCY,,,,MY_GENERIC_ALGO,,O-20260309-160107-001-000-1774,,572df436-7642-4db7-8037-eba3fb6a05c4,2026-03-09 16:01:07.168532464+00:00,2026-03-09 16:01:07.168532464+00:00
BACKTESTER-001,OracleStrategy-000,MESM6.GLBX,GLBX-1-1454,MESM6.GLBX-OracleStrategy-000,GLBX-001,GLBX-1-1454,MARKET,SELL,1,GTC,True,False,1,TAKER,6761.75,0.0,['0.00 USD'],NO_TRIGGER,FILLED,NO_CONTINGENCY,,,,MY_GENERIC_ALGO,,O-20260309-160134-001-000-1775,,accdd07d-ea85-4189-9823-d5a97caf8fba,2026-03-09 16:01:34.979614550+00:00,2026-03-09 16:01:34.979614550+00:00
BACKTESTER-001,OracleStrategy-000,MESM6.GLBX,GLBX-1-1455,MESM6.GLBX-OracleStrategy-000,GLBX-001,GLBX-1-1455,MARKET,SELL,1,GTC,False,False,1,TAKER,6761.75,0.0,['0.00 USD'],NO_TRIGGER,FILLED,NO_CONTINGENCY,,,,MY_GENERIC_ALGO,,O-20260309-160134-001-000-1776,,e6991e45-4488-4190-8a08-d90d69fe37c0,2026-03-09 16:01:34.979614550+00:00,2026-03-09 16:01:34.979614550+00:00
BACKTESTER-001,OracleStrategy-000,MESM6.GLBX,GLBX-1-1456,MESM6.GLBX-OracleStrategy-000,GLBX-001,GLBX-1-1456,MARKET,BUY,1,GTC,True,False,1,TAKER,6760.0,0.0,['0.00 USD'],NO_TRIGGER,FILLED,NO_CONTINGENCY,,,,MY_GENERIC_ALGO,,O-20260309-160230-001-000-1777,,411cccbb-24ae-4291-a1c4-8875d7386f52,2026-03-09 16:02:30.588161635+00:00,2026-03-09 16:02:30.588161635+00:00
BACKTESTER-001,OracleStrategy-000,MESM6.GLBX,GLBX-1-1457,MESM6.GLBX-OracleStrategy-000,GLBX-001,GLBX-1-1457,MARKET,BUY,1,GTC,False,False,1,TAKER,6760.0,0.0,['0.00 USD'],NO_TRIGGER,FILLED,NO_CONTINGENCY,,,,MY_GENERIC_ALGO,,O-20260309-160230-001-000-1778,,be15a091-4761-439a-a4d0-4e7f3fb84259,2026-03-09 16:02:30.588161635+00:00,2026-03-09 16:02:30.588161635+00:00
BACKTESTER-001,OracleStrategy-000,MESM6.GLBX,GLBX-1-1458,MESM6.GLBX-OracleStrategy-000,GLBX-001,GLBX-1-1458,MARKET,SELL,1,GTC,True,False,1,TAKER,6765.0,0.0,['0.00 USD'],NO_TRIGGER,FILLED,NO_CONTINGENCY,,,,MY_GENERIC_ALGO,,O-20260309-160352-001-000-1779,,ead5b763-232b-417d-a0a2-6445e628e383,2026-03-09 16:03:52.701638891+00:00,2026-03-09 16:03:52.701638891+00:00
BACKTESTER-001,OracleStrategy-000,MESM6.GLBX,GLBX-1-1459,MESM6.GLBX-OracleStrategy-000,GLBX-001,GLBX-1-1459,MARKET,SELL,1,GTC,False,False,1,TAKER,6765.0,0.0,['0.00 USD'],NO_TRIGGER,FILLED,NO_CONTINGENCY,,,,MY_GENERIC_ALGO,,O-20260309-160352-001-000-1780,,1e02d88b-221f-4caa-94d1-fe9303a9489b,2026-03-09 16:03:52.701638891+00:00,2026-03-09 16:03:52.701638891+00:00
BACKTESTER-001,OracleStrategy-000,MESM6.GLBX,GLBX-1-1460,MESM6.GLBX-OracleStrategy-000,GLBX-001,GLBX-1-1460,MARKET,BUY,1,GTC,True,False,1,TAKER,6765.0,0.0,['0.00 USD'],NO_TRIGGER,FILLED,NO_CONTINGENCY,,,,MY_GENERIC_ALGO,,O-20260309-160412-001-000-1781,,11973df4-4bf3-487b-a33f-b7cfd9b1144b,2026-03-09 16:04:12.185260354+00:00,2026-03-09 16:04:12.185260354+00:00
BACKTESTER-001,OracleStrategy-000,MESM6.GLBX,GLBX-1-1461,MESM6.GLBX-OracleStrategy-000,GLBX-001,GLBX-1-1461,MARKET,BUY,1,GTC,False,False,1,TAKER,6765.0,0.0,['0.00 USD'],NO_TRIGGER,FILLED,NO_CONTINGENCY,,,,MY_GENERIC_ALGO,,O-20260309-160412-001-000-1782,,94efb980-7f36-4fd7-8c37-de3e8394329e,2026-03-09 16:04:12.185260354+00:00,2026-03-09 16:04:12.185260354+00:00
BACKTESTER-001,OracleStrategy-000,MESM6.GLBX,GLBX-1-1462,MESM6.GLBX-OracleStrategy-000,GLBX-001,GLBX-1-1462,MARKET,SELL,1,GTC,True,False,1,TAKER,6764.5,0.0,['0.00 USD'],NO_TRIGGER,FILLED,NO_CONTINGENCY,,,,MY_GENERIC_ALGO,,O-20260309-160441-001-000-1783,,e2524292-3b08-49d5-aa76-ac6d3f0e5bce,2026-03-09 16:04:41.678194411+00:00,2026-03-09 16:04:41.678194411+00:00
BACKTESTER-001,OracleStrategy-000,MESM6.GLBX,GLBX-1-1463,MESM6.GLBX-OracleStrategy-000,GLBX-001,GLBX-1-1463,MARKET,SELL,1,GTC,False,False,1,TAKER,6764.5,0.0,['0.00 USD'],NO_TRIGGER,FILLED,NO_CONTINGENCY,,,,MY_GENERIC_ALGO,,O-20260309-160441-001-000-1784,,bab144a0-5cdf-4106-b07b-c90765050031,2026-03-09 16:04:41.678194411+00:00,2026-03-09 16:04:41.678194411+00:00
BACKTESTER-001,OracleStrategy-000,MESM6.GLBX,GLBX-1-1464,MESM6.GLBX-OracleStrategy-000,GLBX-001,GLBX-1-1464,MARKET,BUY,1,GTC,True,False,1,TAKER,6764.0,0.0,['0.00 USD'],NO_TRIGGER,FILLED,NO_CONTINGENCY,,,,MY_GENERIC_ALGO,,O-20260309-160533-001-000-1785,,0adbca07-5a58-4091-9067-3b6b15c83bbc,2026-03-09 16:05:33.254406591+00:00,2026-03-09 16:05:33.254406591+00:00
BACKTESTER-001,OracleStrategy-000,MESM6.GLBX,GLBX-1-1465,MESM6.GLBX-OracleStrategy-000,GLBX-001,GLBX-1-1465,MARKET,BUY,1,GTC,False,False,1,TAKER,6764.0,0.0,['0.00 USD'],NO_TRIGGER,FILLED,NO_CONTINGENCY,,,,MY_GENERIC_ALGO,,O-20260309-160533-001-000-1786,,8ce63ad0-c6ee-4893-9ff3-11849aed6ae0,2026-03-09 16:05:33.254406591+00:00,2026-03-09 16:05:33.254406591+00:00
BACKTESTER-001,OracleStrategy-000,MESM6.GLBX,GLBX-1-1466,MESM6.GLBX-OracleStrategy-000,GLBX-001,GLBX-1-1466,MARKET,SELL,1,GTC,True,False,1,TAKER,6764.5,0.0,['0.00 USD'],NO_TRIGGER,FILLED,NO_CONTINGENCY,,,,MY_GENERIC_ALGO,,O-20260309-160614-001-000-1787,,18ab4457-fa80-4e4e-9784-1bdc99851c23,2026-03-09 16:06:14.904449911+00:00,2026-03-09 16:06:14.904449911+00:00
BACKTESTER-001,OracleStrategy-000,MESM6.GLBX,GLBX-1-1467,MESM6.GLBX-OracleStrategy-000,GLBX-001,GLBX-1-1467,MARKET,SELL,1,GTC,False,False,1,TAKER,6764.5,0.0,['0.00 USD'],NO_TRIGGER,FILLED,NO_CONTINGENCY,,,,MY_GENERIC_ALGO,,O-20260309-160620-001-000-1789,,fcf3f1bd-418b-4b31-a413-2c1ec0e1750e,2026-03-09 16:06:20.071017021+00:00,2026-03-09 16:06:20.071017021+00:00
BACKTESTER-001,OracleStrategy-000,MESM6.GLBX,GLBX-1-1468,MESM6.GLBX-OracleStrategy-000,GLBX-001,GLBX-1-1468,MARKET,BUY,1,GTC,True,False,1,TAKER,6764.75,0.0,['0.00 USD'],NO_TRIGGER,FILLED,NO_CONTINGENCY,,,,MY_GENERIC_ALGO,,O-20260309-160634-001-000-1790,,a29299e9-38fc-4184-bedd-88ea79948b5c,2026-03-09 16:06:34.460233698+00:00,2026-03-09 16:06:34.460233698+00:00
BACKTESTER-001,OracleStrategy-000,MESM6.GLBX,GLBX-1-1469,MESM6.GLBX-OracleStrategy-000,GLBX-001,GLBX-1-1469,MARKET,BUY,1,GTC,False,False,1,TAKER,6764.75,0.0,['0.00 USD'],NO_TRIGGER,FILLED,NO_CONTINGENCY,,,,MY_GENERIC_ALGO,,O-20260309-160634-001-000-1791,,42e1305c-dc84-46b0-b09f-9e0a3eef39e7,2026-03-09 16:06:34.460233698+00:00,2026-03-09 16:06:34.460233698+00:00
BACKTESTER-001,OracleStrategy-000,MESM6.GLBX,GLBX-1-1470,MESM6.GLBX-OracleStrategy-000,GLBX-001,GLBX-1-1470,MARKET,SELL,1,GTC,True,False,1,TAKER,6768.25,0.0,['0.00 USD'],NO_TRIGGER,FILLED,NO_CONTINGENCY,,,,MY_GENERIC_ALGO,,O-20260309-160746-001-000-1792,,14062aea-259c-4c13-bd2e-36c1e7f1073f,2026-03-09 16:07:46.043660646+00:00,2026-03-09 16:07:46.043660646+00:00
BACKTESTER-001,OracleStrategy-000,MESM6.GLBX,GLBX-1-1471,MESM6.GLBX-OracleStrategy-000,GLBX-001,GLBX-1-1471,MARKET,SELL,1,GTC,False,False,1,TAKER,6768.25,0.0,['0.00 USD'],NO_TRIGGER,FILLED,NO_CONTINGENCY,,,,MY_GENERIC_ALGO,,O-20260309-160746-001-000-1793,,8218568a-b2ff-4a0a-904b-c71dd90fcabe,2026-03-09 16:07:46.043660646+00:00,2026-03-09 16:07:46.043660646+00:00
BACKTESTER-001,OracleStrategy-000,MESM6.GLBX,GLBX-1-1472,MESM6.GLBX-OracleStrategy-000,GLBX-001,GLBX-1-1472,MARKET,BUY,1,GTC,True,False,1,TAKER,6767.25,0.0,['0.00 USD'],NO_TRIGGER,FILLED,NO_CONTINGENCY,,,,MY_GENERIC_ALGO,,O-20260309-160801-001-000-1794,,aa6d5611-79b0-48e0-9f19-166baa7260c0,2026-03-09 16:08:01.573623053+00:00,2026-03-09 16:08:01.573623053+00:00
BACKTESTER-001,OracleStrategy-000,MESM6.GLBX,GLBX-1-1473,MESM6.GLBX-OracleStrategy-000,GLBX-001,GLBX-1-1473,MARKET,BUY,1,GTC,False,False,1,TAKER,6767.25,0.0,['0.00 USD'],NO_TRIGGER,FILLED,NO_CONTINGENCY,,,,MY_GENERIC_ALGO,,O-20260309-160801-001-000-1795,,8d79c3a8-76b3-40a6-8e99-92819fd84237,2026-03-09 16:08:01.573623053+00:00,2026-03-09 16:08:01.573623053+00:00
BACKTESTER-001,OracleStrategy-000,MESM6.GLBX,GLBX-1-1474,MESM6.GLBX-OracleStrategy-000,GLBX-001,GLBX-1-1474,MARKET,SELL,1,GTC,True,False,1,TAKER,6767.5,0.0,['0.00 USD'],NO_TRIGGER,FILLED,NO_CONTINGENCY,,,,MY_GENERIC_ALGO,,O-20260309-160813-001-000-1796,,36083d59-a588-4490-94d1-3af3c03a99eb,2026-03-09 16:08:13.482935573+00:00,2026-03-09 16:08:13.482935573+00:00
BACKTESTER-001,OracleStrategy-000,MESM6.GLBX,GLBX-1-1475,MESM6.GLBX-OracleStrategy-000,GLBX-001,GLBX-1-1475,MARKET,SELL,1,GTC,False,False,1,TAKER,6767.5,0.0,['0.00 USD'],NO_TRIGGER,FILLED,NO_CONTINGENCY,,,,MY_GENERIC_ALGO,,O-20260309-160813-001-000-1797,,f60b39d0-f58c-48cb-b279-c8115f232dca,2026-03-09 16:08:13.482935573+00:00,2026-03-09 16:08:13.482935573+00:00
BACKTESTER-001,OracleStrategy-000,MESM6.GLBX,GLBX-1-1476,MESM6.GLBX-OracleStrategy-000,GLBX-001,GLBX-1-1476,MARKET,BUY,1,GTC,True,False,1,TAKER,6765.25,0.0,['0.00 USD'],NO_TRIGGER,FILLED,NO_CONTINGENCY,,,,MY_GENERIC_ALGO,,O-20260309-160918-001-000-1798,,a683fe4f-3f76-4f8a-b7b5-5c5496cd3982,2026-03-09 16:09:18.481822831+00:00,2026-03-09 16:09:18.481822831+00:00
BACKTESTER-001,OracleStrategy-000,MESM6.GLBX,GLBX-1-1477,MESM6.GLBX-OracleStrategy-000,GLBX-001,GLBX-1-1477,MARKET,BUY,1,GTC,False,False,1,TAKER,6765.25,0.0,['0.00 USD'],NO_TRIGGER,FILLED,NO_CONTINGENCY,,,,MY_GENERIC_ALGO,,O-20260309-160918-001-000-1799,,8208379d-838e-4366-a6fd-952156cd8ee4,2026-03-09 16:09:18.481822831+00:00,2026-03-09 16:09:18.481822831+00:00
BACKTESTER-001,OracleStrategy-000,MESM6.GLBX,GLBX-1-1478,MESM6.GLBX-OracleStrategy-000,GLBX-001,GLBX-1-1478,MARKET,SELL,1,GTC,True,False,1,TAKER,6766.5,0.0,['0.00 USD'],NO_TRIGGER,FILLED,NO_CONTINGENCY,,,,MY_GENERIC_ALGO,,O-20260309-160938-001-000-1800,,8a4347c1-cdc9-4100-8057-97d06ed06066,2026-03-09 16:09:38.621720264+00:00,2026-03-09 16:09:38.621720264+00:00
BACKTESTER-001,OracleStrategy-000,MESM6.GLBX,GLBX-1-1479,MESM6.GLBX-OracleStrategy-000,GLBX-001,GLBX-1-1479,MARKET,SELL,1,GTC,False,False,1,TAKER,6766.5,0.0,['0.00 USD'],NO_TRIGGER,FILLED,NO_CONTINGENCY,,,,MY_GENERIC_ALGO,,O-20260309-160938-001-000-1801,,ed7ab1cb-09bb-448e-8c94-2280e935658e,2026-03-09 16:09:38.621720264+00:00,2026-03-09 16:09:38.621720264+00:00
BACKTESTER-001,OracleStrategy-000,MESM6.GLBX,GLBX-1-1480,MESM6.GLBX-OracleStrategy-000,GLBX-001,GLBX-1-1480,MARKET,BUY,1,GTC,True,False,1,TAKER,6765.75,0.0,['0.00 USD'],NO_TRIGGER,FILLED,NO_CONTINGENCY,,,,MY_GENERIC_ALGO,,O-20260309-160946-001-000-1802,,b0fcc98f-f572-469e-9a25-a17da873ed73,2026-03-09 16:09:46.791865362+00:00,2026-03-09 16:09:46.791865362+00:00
BACKTESTER-001,OracleStrategy-000,MESM6.GLBX,GLBX-1-1481,MESM6.GLBX-OracleStrategy-000,GLBX-001,GLBX-1-1481,MARKET,BUY,1,GTC,False,False,1,TAKER,6765.75,0.0,['0.00 USD'],NO_TRIGGER,FILLED,NO_CONTINGENCY,,,,MY_GENERIC_ALGO,,O-20260309-160946-001-000-1803,,1b2a0ad6-b8f2-4ed3-93bc-1ea45018221e,2026-03-09 16:09:46.791865362+00:00,2026-03-09 16:09:46.791865362+00:00
BACKTESTER-001,OracleStrategy-000,MESM6.GLBX,GLBX-1-1482,MESM6.GLBX-OracleStrategy-000,GLBX-001,GLBX-1-1482,MARKET,SELL,1,GTC,True,False,1,TAKER,6765.0,0.0,['0.00 USD'],NO_TRIGGER,FILLED,NO_CONTINGENCY,,,,MY_GENERIC_ALGO,,O-20260309-161002-001-000-1804,,a721c84f-172f-4429-9225-627fbd46aaeb,2026-03-09 16:10:02.130599653+00:00,2026-03-09 16:10:02.130599653+00:00
BACKTESTER-001,OracleStrategy-000,MESM6.GLBX,GLBX-1-1483,MESM6.GLBX-OracleStrategy-000,GLBX-001,GLBX-1-1483,MARKET,SELL,1,GTC,False,False,1,TAKER,6766.0,0.0,['0.00 USD'],NO_TRIGGER,FILLED,NO_CONTINGENCY,,,,MY_GENERIC_ALGO,,O-20260309-161022-001-000-1807,,805724f1-1003-43f4-8702-6ae065166a90,2026-03-09 16:10:22.906901330+00:00,2026-03-09 16:10:22.906901330+00:00
BACKTESTER-001,OracleStrategy-000,MESM6.GLBX,GLBX-1-1484,MESM6.GLBX-OracleStrategy-000,GLBX-001,GLBX-1-1484,MARKET,BUY,1,GTC,True,False,1,TAKER,6763.5,0.0,['0.00 USD'],NO_TRIGGER,FILLED,NO_CONTINGENCY,,,,MY_GENERIC_ALGO,,O-20260309-161102-001-000-1808,,b99e3545-5577-43f7-b938-2b84c3369fde,2026-03-09 16:11:02.364422856+00:00,2026-03-09 16:11:02.364422856+00:00
BACKTESTER-001,OracleStrategy-000,MESM6.GLBX,GLBX-1-1485,MESM6.GLBX-OracleStrategy-000,GLBX-001,GLBX-1-1485,MARKET,BUY,1,GTC,False,False,1,TAKER,6763.0,0.0,['0.00 USD'],NO_TRIGGER,FILLED,NO_CONTINGENCY,,,,MY_GENERIC_ALGO,,O-20260309-161159-001-000-1811,,9926cc4f-c693-4e56-8755-0c9e9effaec3,2026-03-09 16:11:59.433253242+00:00,2026-03-09 16:11:59.433253242+00:00
BACKTESTER-001,OracleStrategy-000,MESM6.GLBX,GLBX-1-1486,MESM6.GLBX-OracleStrategy-000,GLBX-001,GLBX-1-1486,MARKET,SELL,1,GTC,True,False,1,TAKER,6768.75,0.0,['0.00 USD'],NO_TRIGGER,FILLED,NO_CONTINGENCY,,,,MY_GENERIC_ALGO,,O-20260309-161255-001-000-1812,,408c5a60-164b-4315-9e6e-78b76afe02c9,2026-03-09 16:12:55.914549343+00:00,2026-03-09 16:12:55.914549343+00:00
BACKTESTER-001,OracleStrategy-000,MESM6.GLBX,GLBX-1-1487,MESM6.GLBX-OracleStrategy-000,GLBX-001,GLBX-1-1487,MARKET,SELL,1,GTC,False,False,1,TAKER,6768.75,0.0,['0.00 USD'],NO_TRIGGER,FILLED,NO_CONTINGENCY,,,,MY_GENERIC_ALGO,,O-20260309-161255-001-000-1813,,4935d975-f701-47e4-90c3-e9c42ddd38a1,2026-03-09 16:12:55.914549343+00:00,2026-03-09 16:12:55.914549343+00:00
BACKTESTER-001,OracleStrategy-000,MESM6.GLBX,GLBX-1-1488,MESM6.GLBX-OracleStrategy-000,GLBX-001,GLBX-1-1488,MARKET,BUY,1,GTC,True,False,1,TAKER,6767.0,0.0,['0.00 USD'],NO_TRIGGER,FILLED,NO_CONTINGENCY,,,,MY_GENERIC_ALGO,,O-20260309-161334-001-000-1814,,8fbba293-00df-4a14-8780-d1fe73aae878,2026-03-09 16:13:34.158699616+00:00,2026-03-09 16:13:34.158699616+00:00
BACKTESTER-001,OracleStrategy-000,MESM6.GLBX,GLBX-1-1489,MESM6.GLBX-OracleStrategy-000,GLBX-001,GLBX-1-1489,MARKET,SELL,1,GTC,False,False,1,TAKER,6767.75,0.0,['0.00 USD'],NO_TRIGGER,FILLED,NO_CONTINGENCY,,,,MY_GENERIC_ALGO,,O-20260309-161351-001-000-1816,,9dec76e0-b65d-4f3c-a6aa-633f1d450b4d,2026-03-09 16:13:51.259158227+00:00,2026-03-09 16:13:51.259158227+00:00
BACKTESTER-001,OracleStrategy-000,MESM6.GLBX,GLBX-1-1490,MESM6.GLBX-OracleStrategy-000,GLBX-001,GLBX-1-1490,MARKET,BUY,1,GTC,True,False,1,TAKER,6763.0,0.0,['0.00 USD'],NO_TRIGGER,FILLED,NO_CONTINGENCY,,,,MY_GENERIC_ALGO,,O-20260309-161728-001-000-1817,,b005a656-d12a-40d0-a030-7f0b1a367ac8,2026-03-09 16:17:28.341677591+00:00,2026-03-09 16:17:28.341677591+00:00
BACKTESTER-001,OracleStrategy-000,MESM6.GLBX,GLBX-1-1491,MESM6.GLBX-OracleStrategy-000,GLBX-001,GLBX-1-1491,MARKET,BUY,1,GTC,False,False,1,TAKER,6763.0,0.0,['0.00 USD'],NO_TRIGGER,FILLED,NO_CONTINGENCY,,,,MY_GENERIC_ALGO,,O-20260309-161728-001-000-1818,,2ff378b1-c853-406e-9081-67f3cbd7bb23,2026-03-09 16:17:28.341677591+00:00,2026-03-09 16:17:28.341677591+00:00
BACKTESTER-001,OracleStrategy-000,MESM6.GLBX,GLBX-1-1492,MESM6.GLBX-OracleStrategy-000,GLBX-001,GLBX-1-1492,MARKET,SELL,1,GTC,True,False,1,TAKER,6766.75,0.0,['0.00 USD'],NO_TRIGGER,FILLED,NO_CONTINGENCY,,,,MY_GENERIC_ALGO,,O-20260309-161817-001-000-1819,,6ce0ea25-f8a4-4526-9471-c515cd8f94b2,2026-03-09 16:18:17.162208331+00:00,2026-03-09 16:18:17.162208331+00:00
BACKTESTER-001,OracleStrategy-000,MESM6.GLBX,GLBX-1-1493,MESM6.GLBX-OracleStrategy-000,GLBX-001,GLBX-1-1493,MARKET,SELL,1,GTC,False,False,1,TAKER,6766.75,0.0,['0.00 USD'],NO_TRIGGER,FILLED,NO_CONTINGENCY,,,,MY_GENERIC_ALGO,,O-20260309-161817-001-000-1820,,a49be089-a28e-4c93-8f6f-43717f0af205,2026-03-09 16:18:17.162208331+00:00,2026-03-09 16:18:17.162208331+00:00
BACKTESTER-001,OracleStrategy-000,MESM6.GLBX,GLBX-1-1494,MESM6.GLBX-OracleStrategy-000,GLBX-001,GLBX-1-1494,MARKET,BUY,1,GTC,True,False,1,TAKER,6760.75,0.0,['0.00 USD'],NO_TRIGGER,FILLED,NO_CONTINGENCY,,,,MY_GENERIC_ALGO,,O-20260309-162235-001-000-1821,,fb6e444f-c4e4-43a8-b9b6-8410eaadd089,2026-03-09 16:22:35.283026071+00:00,2026-03-09 16:22:35.283026071+00:00
BACKTESTER-001,OracleStrategy-000,MESM6.GLBX,GLBX-1-1495,MESM6.GLBX-OracleStrategy-000,GLBX-001,GLBX-1-1495,MARKET,BUY,1,GTC,False,False,1,TAKER,6760.75,0.0,['0.00 USD'],NO_TRIGGER,FILLED,NO_CONTINGENCY,,,,MY_GENERIC_ALGO,,O-20260309-162235-001-000-1822,,9929bd5a-366c-4593-8a85-1688cf1d771b,2026-03-09 16:22:35.283026071+00:00,2026-03-09 16:22:35.283026071+00:00
BACKTESTER-001,OracleStrategy-000,MESM6.GLBX,GLBX-1-1496,MESM6.GLBX-OracleStrategy-000,GLBX-001,GLBX-1-1496,MARKET,SELL,1,GTC,True,False,1,TAKER,6773.0,0.0,['0.00 USD'],NO_TRIGGER,FILLED,NO_CONTINGENCY,,,,MY_GENERIC_ALGO,,O-20260309-162404-001-000-1823,,f73efeaf-ec5b-4bcc-9819-950e398c3b24,2026-03-09 16:24:04.480927355+00:00,2026-03-09 16:24:04.480927355+00:00
BACKTESTER-001,OracleStrategy-000,MESM6.GLBX,GLBX-1-1497,MESM6.GLBX-OracleStrategy-000,GLBX-001,GLBX-1-1497,MARKET,SELL,1,GTC,False,False,1,TAKER,6773.0,0.0,['0.00 USD'],NO_TRIGGER,FILLED,NO_CONTINGENCY,,,,MY_GENERIC_ALGO,,O-20260309-162404-001-000-1824,,e269ad8e-9d39-43f5-90a4-765564f39682,2026-03-09 16:24:04.480927355+00:00,2026-03-09 16:24:04.480927355+00:00
BACKTESTER-001,OracleStrategy-000,MESM6.GLBX,GLBX-1-1498,MESM6.GLBX-OracleStrategy-000,GLBX-001,GLBX-1-1498,MARKET,BUY,1,GTC,True,False,1,TAKER,6771.25,0.0,['0.00 USD'],NO_TRIGGER,FILLED,NO_CONTINGENCY,,,,MY_GENERIC_ALGO,,O-20260309-162517-001-000-1825,,91b5e7ff-7053-448d-b336-c21a8fd8a9a7,2026-03-09 16:25:17.838498578+00:00,2026-03-09 16:25:17.838498578+00:00
BACKTESTER-001,OracleStrategy-000,MESM6.GLBX,GLBX-1-1499,MESM6.GLBX-OracleStrategy-000,GLBX-001,GLBX-1-1499,MARKET,BUY,1,GTC,False,False,1,TAKER,6771.25,0.0,['0.00 USD'],NO_TRIGGER,FILLED,NO_CONTINGENCY,,,,MY_GENERIC_ALGO,,O-20260309-162517-001-000-1826,,dc2adc42-14e8-469f-af71-1dff81f0cca0,2026-03-09 16:25:17.838498578+00:00,2026-03-09 16:25:17.838498578+00:00
BACKTESTER-001,OracleStrategy-000,MESM6.GLBX,GLBX-1-1500,MESM6.GLBX-OracleStrategy-000,GLBX-001,GLBX-1-1500,MARKET,SELL,1,GTC,True,False,1,TAKER,6781.75,0.0,['0.00 USD'],NO_TRIGGER,FILLED,NO_CONTINGENCY,,,,MY_GENERIC_ALGO,,O-20260309-162638-001-000-1827,,4f51fa2b-14bc-48bd-9d7d-f5b412478637,2026-03-09 16:26:38.153058352+00:00,2026-03-09 16:26:38.153058352+00:00
BACKTESTER-001,OracleStrategy-000,MESM6.GLBX,GLBX-1-1501,MESM6.GLBX-OracleStrategy-000,GLBX-001,GLBX-1-1501,MARKET,SELL,1,GTC,False,False,1,TAKER,6781.75,0.0,['0.00 USD'],NO_TRIGGER,FILLED,NO_CONTINGENCY,,,,MY_GENERIC_ALGO,,O-20260309-162638-001-000-1828,,195705dd-0735-4310-ba02-41ff4a1910ae,2026-03-09 16:26:38.153058352+00:00,2026-03-09 16:26:38.153058352+00:00
BACKTESTER-001,OracleStrategy-000,MESM6.GLBX,GLBX-1-1502,MESM6.GLBX-OracleStrategy-000,GLBX-001,GLBX-1-1502,MARKET,BUY,1,GTC,True,False,1,TAKER,6782.75,0.0,['0.00 USD'],NO_TRIGGER,FILLED,NO_CONTINGENCY,,,,MY_GENERIC_ALGO,,O-20260309-162659-001-000-1829,,e22d8e2a-5d49-4a36-bb1f-3c69f92493ba,2026-03-09 16:26:59.133089016+00:00,2026-03-09 16:26:59.133089016+00:00
BACKTESTER-001,OracleStrategy-000,MESM6.GLBX,GLBX-1-1503,MESM6.GLBX-OracleStrategy-000,GLBX-001,GLBX-1-1503,MARKET,BUY,1,GTC,False,False,1,TAKER,6781.75,0.0,['0.00 USD'],NO_TRIGGER,FILLED,NO_CONTINGENCY,,,,MY_GENERIC_ALGO,,O-20260309-162702-001-000-1831,,7847fd97-e42c-4b27-87a2-0c20eb38e765,2026-03-09 16:27:02.281520405+00:00,2026-03-09 16:27:02.281520405+00:00
BACKTESTER-001,OracleStrategy-000,MESM6.GLBX,GLBX-1-1504,MESM6.GLBX-OracleStrategy-000,GLBX-001,GLBX-1-1504,MARKET,SELL,1,GTC,True,False,1,TAKER,6782.75,0.0,['0.00 USD'],NO_TRIGGER,FILLED,NO_CONTINGENCY,,,,MY_GENERIC_ALGO,,O-20260309-162737-001-000-1832,,7e333ead-b0c3-4655-b0e7-a0678a607431,2026-03-09 16:27:37.413568250+00:00,2026-03-09 16:27:37.413568250+00:00
BACKTESTER-001,OracleStrategy-000,MESM6.GLBX,GLBX-1-1505,MESM6.GLBX-OracleStrategy-000,GLBX-001,GLBX-1-1505,MARKET,SELL,1,GTC,False,False,1,TAKER,6782.75,0.0,['0.00 USD'],NO_TRIGGER,FILLED,NO_CONTINGENCY,,,,MY_GENERIC_ALGO,,O-20260309-162737-001-000-1833,,cf7b0b5e-2e07-4628-b8f1-1beaf8f3ae81,2026-03-09 16:27:37.413568250+00:00,2026-03-09 16:27:37.413568250+00:00
BACKTESTER-001,OracleStrategy-000,MESM6.GLBX,GLBX-1-1506,MESM6.GLBX-OracleStrategy-000,GLBX-001,GLBX-1-1506,MARKET,BUY,1,GTC,True,False,1,TAKER,6781.75,0.0,['0.00 USD'],NO_TRIGGER,FILLED,NO_CONTINGENCY,,,,MY_GENERIC_ALGO,,O-20260309-162749-001-000-1834,,28e0709c-5160-44fe-a275-a9d0225580f1,2026-03-09 16:27:49.396212237+00:00,2026-03-09 16:27:49.396212237+00:00
BACKTESTER-001,OracleStrategy-000,MESM6.GLBX,GLBX-1-1507,MESM6.GLBX-OracleStrategy-000,GLBX-001,GLBX-1-1507,MARKET,BUY,1,GTC,False,False,1,TAKER,6781.75,0.0,['0.00 USD'],NO_TRIGGER,FILLED,NO_CONTINGENCY,,,,MY_GENERIC_ALGO,,O-20260309-162749-001-000-1835,,4f74421a-6ccd-4f3d-af81-0d8d2b08f0f3,2026-03-09 16:27:49.396212237+00:00,2026-03-09 16:27:49.396212237+00:00
BACKTESTER-001,OracleStrategy-000,MESM6.GLBX,GLBX-1-1508,MESM6.GLBX-OracleStrategy-000,GLBX-001,GLBX-1-1508,MARKET,SELL,1,GTC,True,False,1,TAKER,6782.0,0.0,['0.00 USD'],NO_TRIGGER,FILLED,NO_CONTINGENCY,,,,MY_GENERIC_ALGO,,O-20260309-162800-001-000-1836,,53c9c680-4e1b-4db7-b6fd-ddacd28002de,2026-03-09 16:28:00.528516295+00:00,2026-03-09 16:28:00.528516295+00:00
BACKTESTER-001,OracleStrategy-000,MESM6.GLBX,GLBX-1-1509,MESM6.GLBX-OracleStrategy-000,GLBX-001,GLBX-1-1509,MARKET,SELL,1,GTC,False,False,1,TAKER,6782.0,0.0,['0.00 USD'],NO_TRIGGER,FILLED,NO_CONTINGENCY,,,,MY_GENERIC_ALGO,,O-20260309-162800-001-000-1837,,7e1a5327-2854-4f95-9f2e-8ac0078b5faa,2026-03-09 16:28:00.528516295+00:00,2026-03-09 16:28:00.528516295+00:00
BACKTESTER-001,OracleStrategy-000,MESM6.GLBX,GLBX-1-1510,MESM6.GLBX-OracleStrategy-000,GLBX-001,GLBX-1-1510,MARKET,BUY,1,GTC,True,False,1,TAKER,6781.5,0.0,['0.00 USD'],NO_TRIGGER,FILLED,NO_CONTINGENCY,,,,MY_GENERIC_ALGO,,O-20260309-162811-001-000-1838,,d682ab23-9b78-4d36-a3ba-bd04e3722b66,2026-03-09 16:28:11.728902637+00:00,2026-03-09 16:28:11.728902637+00:00
BACKTESTER-001,OracleStrategy-000,MESM6.GLBX,GLBX-1-1511,MESM6.GLBX-OracleStrategy-000,GLBX-001,GLBX-1-1511,MARKET,BUY,1,GTC,False,False,1,TAKER,6781.5,0.0,['0.00 USD'],NO_TRIGGER,FILLED,NO_CONTINGENCY,,,,MY_GENERIC_ALGO,,O-20260309-162811-001-000-1839,,d71d829a-bb0a-4885-9ecd-772b6c8a4d95,2026-03-09 16:28:11.728902637+00:00,2026-03-09 16:28:11.728902637+00:00
BACKTESTER-001,OracleStrategy-000,MESM6.GLBX,GLBX-1-1512,MESM6.GLBX-OracleStrategy-000,GLBX-001,GLBX-1-1512,MARKET,SELL,1,GTC,True,False,1,TAKER,6782.75,0.0,['0.00 USD'],NO_TRIGGER,FILLED,NO_CONTINGENCY,,,,MY_GENERIC_ALGO,,O-20260309-162823-001-000-1840,,640b322e-cc75-413c-b1eb-35482b5f3927,2026-03-09 16:28:23.302379595+00:00,2026-03-09 16:28:23.302379595+00:00
BACKTESTER-001,OracleStrategy-000,MESM6.GLBX,GLBX-1-1513,MESM6.GLBX-OracleStrategy-000,GLBX-001,GLBX-1-1513,MARKET,SELL,1,GTC,False,False,1,TAKER,6782.75,0.0,['0.00 USD'],NO_TRIGGER,FILLED,NO_CONTINGENCY,,,,MY_GENERIC_ALGO,,O-20260309-162823-001-000-1841,,3024a490-20bd-4039-ae29-2ac07124f0ed,2026-03-09 16:28:23.302379595+00:00,2026-03-09 16:28:23.302379595+00:00
BACKTESTER-001,OracleStrategy-000,MESM6.GLBX,GLBX-1-1514,MESM6.GLBX-OracleStrategy-000,GLBX-001,GLBX-1-1514,MARKET,BUY,1,GTC,True,False,1,TAKER,6771.25,0.0,['0.00 USD'],NO_TRIGGER,FILLED,NO_CONTINGENCY,,,,MY_GENERIC_ALGO,,O-20260309-163037-001-000-1842,,472c42ea-6871-4599-8ba3-b0e72b8927e1,2026-03-09 16:30:37.556241757+00:00,2026-03-09 16:30:37.556241757+00:00
BACKTESTER-001,OracleStrategy-000,MESM6.GLBX,GLBX-1-1515,MESM6.GLBX-OracleStrategy-000,GLBX-001,GLBX-1-1515,MARKET,BUY,1,GTC,False,False,1,TAKER,6771.25,0.0,['0.00 USD'],NO_TRIGGER,FILLED,NO_CONTINGENCY,,,,MY_GENERIC_ALGO,,O-20260309-163037-001-000-1843,,4eb1f3e0-af01-4f90-bebe-4bc6c1071661,2026-03-09 16:30:37.556241757+00:00,2026-03-09 16:30:37.556241757+00:00
BACKTESTER-001,OracleStrategy-000,MESM6.GLBX,GLBX-1-1516,MESM6.GLBX-OracleStrategy-000,GLBX-001,GLBX-1-1516,MARKET,SELL,1,GTC,True,False,1,TAKER,6773.25,0.0,['0.00 USD'],NO_TRIGGER,FILLED,NO_CONTINGENCY,,,,MY_GENERIC_ALGO,,O-20260309-163119-001-000-1844,,1d444f83-bb99-4531-9c76-4d0a13c92556,2026-03-09 16:31:19.499206378+00:00,2026-03-09 16:31:19.499206378+00:00
BACKTESTER-001,OracleStrategy-000,MESM6.GLBX,GLBX-1-1517,MESM6.GLBX-OracleStrategy-000,GLBX-001,GLBX-1-1517,MARKET,SELL,1,GTC,False,False,1,TAKER,6773.25,0.0,['0.00 USD'],NO_TRIGGER,FILLED,NO_CONTINGENCY,,,,MY_GENERIC_ALGO,,O-20260309-163119-001-000-1845,,b0f8d0de-e611-4bb3-8e1e-0fd91b38df86,2026-03-09 16:31:19.499206378+00:00,2026-03-09 16:31:19.499206378+00:00
BACKTESTER-001,OracleStrategy-000,MESM6.GLBX,GLBX-1-1518,MESM6.GLBX-OracleStrategy-000,GLBX-001,GLBX-1-1518,MARKET,BUY,1,GTC,True,False,1,TAKER,6767.5,0.0,['0.00 USD'],NO_TRIGGER,FILLED,NO_CONTINGENCY,,,,MY_GENERIC_ALGO,,O-20260309-163224-001-000-1846,,01b4d078-8a4f-4505-9a1f-9f62dff3c94e,2026-03-09 16:32:24.244675211+00:00,2026-03-09 16:32:24.244675211+00:00
BACKTESTER-001,OracleStrategy-000,MESM6.GLBX,GLBX-1-1519,MESM6.GLBX-OracleStrategy-000,GLBX-001,GLBX-1-1519,MARKET,BUY,1,GTC,False,False,1,TAKER,6767.5,0.0,['0.00 USD'],NO_TRIGGER,FILLED,NO_CONTINGENCY,,,,MY_GENERIC_ALGO,,O-20260309-163224-001-000-1847,,54f74036-5b1c-489b-99e6-d6ce5a2e2bc3,2026-03-09 16:32:24.244675211+00:00,2026-03-09 16:32:24.244675211+00:00
BACKTESTER-001,OracleStrategy-000,MESM6.GLBX,GLBX-1-1520,MESM6.GLBX-OracleStrategy-000,GLBX-001,GLBX-1-1520,MARKET,SELL,1,GTC,True,False,1,TAKER,6780.0,0.0,['0.00 USD'],NO_TRIGGER,FILLED,NO_CONTINGENCY,,,,MY_GENERIC_ALGO,,O-20260309-163528-001-000-1848,,d377bd84-a451-44dd-9546-c2a5b7b4bcc8,2026-03-09 16:35:28.075578979+00:00,2026-03-09 16:35:28.075578979+00:00
BACKTESTER-001,OracleStrategy-000,MESM6.GLBX,GLBX-1-1521,MESM6.GLBX-OracleStrategy-000,GLBX-001,GLBX-1-1521,MARKET,SELL,1,GTC,False,False,1,TAKER,6780.0,0.0,['0.00 USD'],NO_TRIGGER,FILLED,NO_CONTINGENCY,,,,MY_GENERIC_ALGO,,O-20260309-163528-001-000-1849,,7dc1135a-0d28-46bb-8bf5-c2040c554437,2026-03-09 16:35:28.075578979+00:00,2026-03-09 16:35:28.075578979+00:00
BACKTESTER-001,OracleStrategy-000,MESM6.GLBX,GLBX-1-1522,MESM6.GLBX-OracleStrategy-000,GLBX-001,GLBX-1-1522,MARKET,BUY,1,GTC,True,False,1,TAKER,6779.0,0.0,['0.00 USD'],NO_TRIGGER,FILLED,NO_CONTINGENCY,,,,MY_GENERIC_ALGO,,O-20260309-163609-001-000-1850,,d28a8ede-8cca-47bc-9c15-c4c503f14a49,2026-03-09 16:36:09.240809469+00:00,2026-03-09 16:36:09.240809469+00:00
BACKTESTER-001,OracleStrategy-000,MESM6.GLBX,GLBX-1-1523,MESM6.GLBX-OracleStrategy-000,GLBX-001,GLBX-1-1523,MARKET,BUY,1,GTC,False,False,1,TAKER,6779.0,0.0,['0.00 USD'],NO_TRIGGER,FILLED,NO_CONTINGENCY,,,,MY_GENERIC_ALGO,,O-20260309-163609-001-000-1851,,98ce4a79-e4db-43e0-9fb1-cfc7a012a44b,2026-03-09 16:36:09.240809469+00:00,2026-03-09 16:36:09.240809469+00:00
BACKTESTER-001,OracleStrategy-000,MESM6.GLBX,GLBX-1-1524,MESM6.GLBX-OracleStrategy-000,GLBX-001,GLBX-1-1524,MARKET,SELL,1,GTC,True,False,1,TAKER,6780.0,0.0,['0.00 USD'],NO_TRIGGER,FILLED,NO_CONTINGENCY,,,,MY_GENERIC_ALGO,,O-20260309-163625-001-000-1852,,49fe8fa2-be59-4cd6-82ed-3451b3a3ca4f,2026-03-09 16:36:25.638505845+00:00,2026-03-09 16:36:25.638505845+00:00
BACKTESTER-001,OracleStrategy-000,MESM6.GLBX,GLBX-1-1525,MESM6.GLBX-OracleStrategy-000,GLBX-001,GLBX-1-1525,MARKET,SELL,1,GTC,False,False,1,TAKER,6780.0,0.0,['0.00 USD'],NO_TRIGGER,FILLED,NO_CONTINGENCY,,,,MY_GENERIC_ALGO,,O-20260309-163625-001-000-1853,,f845d508-e474-4864-8ff7-32fde3041949,2026-03-09 16:36:25.638505845+00:00,2026-03-09 16:36:25.638505845+00:00
BACKTESTER-001,OracleStrategy-000,MESM6.GLBX,GLBX-1-1526,MESM6.GLBX-OracleStrategy-000,GLBX-001,GLBX-1-1526,MARKET,BUY,1,GTC,True,False,1,TAKER,6776.75,0.0,['0.00 USD'],NO_TRIGGER,FILLED,NO_CONTINGENCY,,,,MY_GENERIC_ALGO,,O-20260309-163751-001-000-1854,,e32ff84d-d70a-4788-98db-943cfb31f9ea,2026-03-09 16:37:51.367085071+00:00,2026-03-09 16:37:51.367085071+00:00
BACKTESTER-001,OracleStrategy-000,MESM6.GLBX,GLBX-1-1527,MESM6.GLBX-OracleStrategy-000,GLBX-001,GLBX-1-1527,MARKET,BUY,1,GTC,False,False,1,TAKER,6776.75,0.0,['0.00 USD'],NO_TRIGGER,FILLED,NO_CONTINGENCY,,,,MY_GENERIC_ALGO,,O-20260309-163751-001-000-1855,,aa1f3c9e-5b88-4d01-ab01-7b592fdebc60,2026-03-09 16:37:51.367085071+00:00,2026-03-09 16:37:51.367085071+00:00
BACKTESTER-001,OracleStrategy-000,MESM6.GLBX,GLBX-1-1528,MESM6.GLBX-OracleStrategy-000,GLBX-001,GLBX-1-1528,MARKET,SELL,1,GTC,True,False,1,TAKER,6776.75,0.0,['0.00 USD'],NO_TRIGGER,FILLED,NO_CONTINGENCY,,,,MY_GENERIC_ALGO,,O-20260309-163758-001-000-1856,,c8072a77-019c-49b3-8a64-861acdc871cd,2026-03-09 16:37:58.330732447+00:00,2026-03-09 16:37:58.330732447+00:00
BACKTESTER-001,OracleStrategy-000,MESM6.GLBX,GLBX-1-1529,MESM6.GLBX-OracleStrategy-000,GLBX-001,GLBX-1-1529,MARKET,SELL,1,GTC,False,False,1,TAKER,6778.5,0.0,['0.00 USD'],NO_TRIGGER,FILLED,NO_CONTINGENCY,,,,MY_GENERIC_ALGO,,O-20260309-163839-001-000-1858,,89f92d80-cf38-4cda-a110-8c4b3cc5ebdf,2026-03-09 16:38:39.475012418+00:00,2026-03-09 16:38:39.475012418+00:00
BACKTESTER-001,OracleStrategy-000,MESM6.GLBX,GLBX-1-1530,MESM6.GLBX-OracleStrategy-000,GLBX-001,GLBX-1-1530,MARKET,BUY,1,GTC,True,False,1,TAKER,6778.5,0.0,['0.00 USD'],NO_TRIGGER,FILLED,NO_CONTINGENCY,,,,MY_GENERIC_ALGO,,O-20260309-163908-001-000-1859,,2ade3997-24f7-4bb0-8a32-90d540ee840e,2026-03-09 16:39:08.100200655+00:00,2026-03-09 16:39:08.100200655+00:00
BACKTESTER-001,OracleStrategy-000,MESM6.GLBX,GLBX-1-1531,MESM6.GLBX-OracleStrategy-000,GLBX-001,GLBX-1-1531,MARKET,BUY,1,GTC,False,False,1,TAKER,6778.5,0.0,['0.00 USD'],NO_TRIGGER,FILLED,NO_CONTINGENCY,,,,MY_GENERIC_ALGO,,O-20260309-163908-001-000-1860,,db53f11f-99d9-4370-a65e-70b3fa356e48,2026-03-09 16:39:08.100200655+00:00,2026-03-09 16:39:08.100200655+00:00
BACKTESTER-001,OracleStrategy-000,MESM6.GLBX,GLBX-1-1532,MESM6.GLBX-OracleStrategy-000,GLBX-001,GLBX-1-1532,MARKET,SELL,1,GTC,True,False,1,TAKER,6781.5,0.0,['0.00 USD'],NO_TRIGGER,FILLED,NO_CONTINGENCY,,,,MY_GENERIC_ALGO,,O-20260309-164101-001-000-1861,,d83cfb0f-6da5-483c-a8ea-c754b67338c7,2026-03-09 16:41:01.649912635+00:00,2026-03-09 16:41:01.649912635+00:00
BACKTESTER-001,OracleStrategy-000,MESM6.GLBX,GLBX-1-1533,MESM6.GLBX-OracleStrategy-000,GLBX-001,GLBX-1-1533,MARKET,BUY,1,GTC,False,False,1,TAKER,6781.75,0.0,['0.00 USD'],NO_TRIGGER,FILLED,NO_CONTINGENCY,,,,MY_GENERIC_ALGO,,O-20260309-164149-001-000-1865,,e85d564e-a69b-46be-b7a5-aa8dfda203c0,2026-03-09 16:41:49.577558735+00:00,2026-03-09 16:41:49.577558735+00:00
BACKTESTER-001,OracleStrategy-000,MESM6.GLBX,GLBX-1-1534,MESM6.GLBX-OracleStrategy-000,GLBX-001,GLBX-1-1534,MARKET,SELL,1,GTC,True,False,1,TAKER,6784.0,0.0,['0.00 USD'],NO_TRIGGER,FILLED,NO_CONTINGENCY,,,,MY_GENERIC_ALGO,,O-20260309-164219-001-000-1866,,42e1fd1a-990f-4645-beaa-8182efd65021,2026-03-09 16:42:19.217723188+00:00,2026-03-09 16:42:19.217723188+00:00
BACKTESTER-001,OracleStrategy-000,MESM6.GLBX,GLBX-1-1535,MESM6.GLBX-OracleStrategy-000,GLBX-001,GLBX-1-1535,MARKET,SELL,1,GTC,False,False,1,TAKER,6784.0,0.0,['0.00 USD'],NO_TRIGGER,FILLED,NO_CONTINGENCY,,,,MY_GENERIC_ALGO,,O-20260309-164219-001-000-1867,,296adcf7-311d-42f7-8c56-1edf06025bbd,2026-03-09 16:42:19.217723188+00:00,2026-03-09 16:42:19.217723188+00:00
BACKTESTER-001,OracleStrategy-000,MESM6.GLBX,GLBX-1-1536,MESM6.GLBX-OracleStrategy-000,GLBX-001,GLBX-1-1536,MARKET,BUY,1,GTC,True,False,1,TAKER,6783.25,0.0,['0.00 USD'],NO_TRIGGER,FILLED,NO_CONTINGENCY,,,,MY_GENERIC_ALGO,,O-20260309-164242-001-000-1868,,0608ed34-2b74-4f13-9390-ae2ecadb3f84,2026-03-09 16:42:42.204413524+00:00,2026-03-09 16:42:42.204413524+00:00
BACKTESTER-001,OracleStrategy-000,MESM6.GLBX,GLBX-1-1537,MESM6.GLBX-OracleStrategy-000,GLBX-001,GLBX-1-1537,MARKET,BUY,1,GTC,False,False,1,TAKER,6783.25,0.0,['0.00 USD'],NO_TRIGGER,FILLED,NO_CONTINGENCY,,,,MY_GENERIC_ALGO,,O-20260309-164242-001-000-1869,,555d0d13-95c9-4724-91e6-edfd2e4470ea,2026-03-09 16:42:42.204413524+00:00,2026-03-09 16:42:42.204413524+00:00
BACKTESTER-001,OracleStrategy-000,MESM6.GLBX,GLBX-1-1538,MESM6.GLBX-OracleStrategy-000,GLBX-001,GLBX-1-1538,MARKET,SELL,1,GTC,True,False,1,TAKER,6786.0,0.0,['0.00 USD'],NO_TRIGGER,FILLED,NO_CONTINGENCY,,,,MY_GENERIC_ALGO,,O-20260309-164324-001-000-1870,,00729fad-8b08-4d68-bcba-9405a801960e,2026-03-09 16:43:24.552167208+00:00,2026-03-09 16:43:24.552167208+00:00
BACKTESTER-001,OracleStrategy-000,MESM6.GLBX,GLBX-1-1539,MESM6.GLBX-OracleStrategy-000,GLBX-001,GLBX-1-1539,MARKET,SELL,1,GTC,False,False,1,TAKER,6786.0,0.0,['0.00 USD'],NO_TRIGGER,FILLED,NO_CONTINGENCY,,,,MY_GENERIC_ALGO,,O-20260309-164324-001-000-1871,,503de021-d324-43cd-aa5e-3d9514074df5,2026-03-09 16:43:24.552167208+00:00,2026-03-09 16:43:24.552167208+00:00
BACKTESTER-001,OracleStrategy-000,MESM6.GLBX,GLBX-1-1540,MESM6.GLBX-OracleStrategy-000,GLBX-001,GLBX-1-1540,MARKET,BUY,1,GTC,True,False,1,TAKER,6785.25,0.0,['0.00 USD'],NO_TRIGGER,FILLED,NO_CONTINGENCY,,,,MY_GENERIC_ALGO,,O-20260309-164336-001-000-1872,,b8708bf5-33cf-4580-a7c3-7daddd796e84,2026-03-09 16:43:36.424793402+00:00,2026-03-09 16:43:36.424793402+00:00
BACKTESTER-001,OracleStrategy-000,MESM6.GLBX,GLBX-1-1541,MESM6.GLBX-OracleStrategy-000,GLBX-001,GLBX-1-1541,MARKET,BUY,1,GTC,False,False,1,TAKER,6785.25,0.0,['0.00 USD'],NO_TRIGGER,FILLED,NO_CONTINGENCY,,,,MY_GENERIC_ALGO,,O-20260309-164336-001-000-1873,,5309a436-2165-4d89-ad5f-a64aea24c4eb,2026-03-09 16:43:36.424793402+00:00,2026-03-09 16:43:36.424793402+00:00
BACKTESTER-001,OracleStrategy-000,MESM6.GLBX,GLBX-1-1542,MESM6.GLBX-OracleStrategy-000,GLBX-001,GLBX-1-1542,MARKET,SELL,1,GTC,True,False,1,TAKER,6788.25,0.0,['0.00 USD'],NO_TRIGGER,FILLED,NO_CONTINGENCY,,,,MY_GENERIC_ALGO,,O-20260309-164538-001-000-1874,,f3ffd3e3-8d01-4fce-b007-3e91b17d2a26,2026-03-09 16:45:38.855500090+00:00,2026-03-09 16:45:38.855500090+00:00
BACKTESTER-001,OracleStrategy-000,MESM6.GLBX,GLBX-1-1543,MESM6.GLBX-OracleStrategy-000,GLBX-001,GLBX-1-1543,MARKET,SELL,1,GTC,False,False,1,TAKER,6788.25,0.0,['0.00 USD'],NO_TRIGGER,FILLED,NO_CONTINGENCY,,,,MY_GENERIC_ALGO,,O-20260309-164538-001-000-1875,,3c902297-0c63-4474-bba6-cdec9081b0cc,2026-03-09 16:45:38.855500090+00:00,2026-03-09 16:45:38.855500090+00:00
BACKTESTER-001,OracleStrategy-000,MESM6.GLBX,GLBX-1-1544,MESM6.GLBX-OracleStrategy-000,GLBX-001,GLBX-1-1544,MARKET,BUY,1,GTC,True,False,1,TAKER,6787.5,0.0,['0.00 USD'],NO_TRIGGER,FILLED,NO_CONTINGENCY,,,,MY_GENERIC_ALGO,,O-20260309-164545-001-000-1876,,200cdced-d745-4aa4-b8fb-cde67a75d68e,2026-03-09 16:45:45.654609472+00:00,2026-03-09 16:45:45.654609472+00:00
BACKTESTER-001,OracleStrategy-000,MESM6.GLBX,GLBX-1-1545,MESM6.GLBX-OracleStrategy-000,GLBX-001,GLBX-1-1545,MARKET,BUY,1,GTC,False,False,1,TAKER,6787.5,0.0,['0.00 USD'],NO_TRIGGER,FILLED,NO_CONTINGENCY,,,,MY_GENERIC_ALGO,,O-20260309-164545-001-000-1877,,82fc1ba4-bb35-4994-abd9-077db680fcec,2026-03-09 16:45:45.654609472+00:00,2026-03-09 16:45:45.654609472+00:00
BACKTESTER-001,OracleStrategy-000,MESM6.GLBX,GLBX-1-1546,MESM6.GLBX-OracleStrategy-000,GLBX-001,GLBX-1-1546,MARKET,SELL,1,GTC,True,False,1,TAKER,6789.5,0.0,['0.00 USD'],NO_TRIGGER,FILLED,NO_CONTINGENCY,,,,MY_GENERIC_ALGO,,O-20260309-164706-001-000-1878,,c2fba424-da2d-477d-a569-29d07b1a451d,2026-03-09 16:47:06.154532840+00:00,2026-03-09 16:47:06.154532840+00:00
BACKTESTER-001,OracleStrategy-000,MESM6.GLBX,GLBX-1-1547,MESM6.GLBX-OracleStrategy-000,GLBX-001,GLBX-1-1547,MARKET,SELL,1,GTC,False,False,1,TAKER,6789.5,0.0,['0.00 USD'],NO_TRIGGER,FILLED,NO_CONTINGENCY,,,,MY_GENERIC_ALGO,,O-20260309-164706-001-000-1879,,4ddba397-9404-432c-87e7-2a5c8957ac8e,2026-03-09 16:47:06.154532840+00:00,2026-03-09 16:47:06.154532840+00:00
BACKTESTER-001,OracleStrategy-000,MESM6.GLBX,GLBX-1-1548,MESM6.GLBX-OracleStrategy-000,GLBX-001,GLBX-1-1548,MARKET,BUY,1,GTC,True,False,1,TAKER,6790.0,0.0,['0.00 USD'],NO_TRIGGER,FILLED,NO_CONTINGENCY,,,,MY_GENERIC_ALGO,,O-20260309-164718-001-000-1880,,79fc9cca-fe79-4e09-8652-ef67d467b8f8,2026-03-09 16:47:18.651220255+00:00,2026-03-09 16:47:18.651220255+00:00
BACKTESTER-001,OracleStrategy-000,MESM6.GLBX,GLBX-1-1549,MESM6.GLBX-OracleStrategy-000,GLBX-001,GLBX-1-1549,MARKET,SELL,1,GTC,False,False,1,TAKER,6789.5,0.0,['0.00 USD'],NO_TRIGGER,FILLED,NO_CONTINGENCY,,,,MY_GENERIC_ALGO,,O-20260309-164739-001-000-1883,,5475f811-8c28-4de4-a2a9-ef43c2fd0ddd,2026-03-09 16:47:39.664008446+00:00,2026-03-09 16:47:39.664008446+00:00
BACKTESTER-001,OracleStrategy-000,MESM6.GLBX,GLBX-1-1550,MESM6.GLBX-OracleStrategy-000,GLBX-001,GLBX-1-1550,MARKET,BUY,1,GTC,True,False,1,TAKER,6788.25,0.0,['0.00 USD'],NO_TRIGGER,FILLED,NO_CONTINGENCY,,,,MY_GENERIC_ALGO,,O-20260309-164915-001-000-1884,,495f6bb8-7607-4e44-a07c-aacc3b40eac1,2026-03-09 16:49:15.215880036+00:00,2026-03-09 16:49:15.215880036+00:00
BACKTESTER-001,OracleStrategy-000,MESM6.GLBX,GLBX-1-1551,MESM6.GLBX-OracleStrategy-000,GLBX-001,GLBX-1-1551,MARKET,BUY,1,GTC,False,False,1,TAKER,6788.25,0.0,['0.00 USD'],NO_TRIGGER,FILLED,NO_CONTINGENCY,,,,MY_GENERIC_ALGO,,O-20260309-164915-001-000-1885,,50cf830e-d5a9-4a98-8b87-6be9a4922aac,2026-03-09 16:49:15.215880036+00:00,2026-03-09 16:49:15.215880036+00:00
BACKTESTER-001,OracleStrategy-000,MESM6.GLBX,GLBX-1-1552,MESM6.GLBX-OracleStrategy-000,GLBX-001,GLBX-1-1552,MARKET,SELL,1,GTC,True,False,1,TAKER,6787.25,0.0,['0.00 USD'],NO_TRIGGER,FILLED,NO_CONTINGENCY,,,,MY_GENERIC_ALGO,,O-20260309-164942-001-000-1886,,d57153cb-2591-4614-8794-534b0835c723,2026-03-09 16:49:42.618197240+00:00,2026-03-09 16:49:42.618197240+00:00
BACKTESTER-001,OracleStrategy-000,MESM6.GLBX,GLBX-1-1553,MESM6.GLBX-OracleStrategy-000,GLBX-001,GLBX-1-1553,MARKET,SELL,1,GTC,False,False,1,TAKER,6787.25,0.0,['0.00 USD'],NO_TRIGGER,FILLED,NO_CONTINGENCY,,,,MY_GENERIC_ALGO,,O-20260309-164942-001-000-1887,,19593efd-6025-4e2c-8dcb-7946b10774b4,2026-03-09 16:49:42.618197240+00:00,2026-03-09 16:49:42.618197240+00:00
BACKTESTER-001,OracleStrategy-000,MESM6.GLBX,GLBX-1-1554,MESM6.GLBX-OracleStrategy-000,GLBX-001,GLBX-1-1554,MARKET,BUY,1,GTC,True,False,1,TAKER,6785.75,0.0,['0.00 USD'],NO_TRIGGER,FILLED,NO_CONTINGENCY,,,,MY_GENERIC_ALGO,,O-20260309-165056-001-000-1888,,411d13bb-6175-4118-b92e-a3049df7def7,2026-03-09 16:50:56.024149110+00:00,2026-03-09 16:50:56.024149110+00:00
BACKTESTER-001,OracleStrategy-000,MESM6.GLBX,GLBX-1-1555,MESM6.GLBX-OracleStrategy-000,GLBX-001,GLBX-1-1555,MARKET,BUY,1,GTC,False,False,1,TAKER,6785.75,0.0,['0.00 USD'],NO_TRIGGER,FILLED,NO_CONTINGENCY,,,,MY_GENERIC_ALGO,,O-20260309-165056-001-000-1889,,43f288c9-a921-467f-aaa2-d7eaedce4931,2026-03-09 16:50:56.024149110+00:00,2026-03-09 16:50:56.024149110+00:00
BACKTESTER-001,OracleStrategy-000,MESM6.GLBX,GLBX-1-1556,MESM6.GLBX-OracleStrategy-000,GLBX-001,GLBX-1-1556,MARKET,SELL,1,GTC,True,False,1,TAKER,6787.25,0.0,['0.00 USD'],NO_TRIGGER,FILLED,NO_CONTINGENCY,,,,MY_GENERIC_ALGO,,O-20260309-165247-001-000-1890,,38b41124-9ef4-4e7e-9195-77dbe17ab7d1,2026-03-09 16:52:47.616877794+00:00,2026-03-09 16:52:47.616877794+00:00
BACKTESTER-001,OracleStrategy-000,MESM6.GLBX,GLBX-1-1557,MESM6.GLBX-OracleStrategy-000,GLBX-001,GLBX-1-1557,MARKET,SELL,1,GTC,False,False,1,TAKER,6787.25,0.0,['0.00 USD'],NO_TRIGGER,FILLED,NO_CONTINGENCY,,,,MY_GENERIC_ALGO,,O-20260309-165258-001-000-1892,,865b6b3c-0897-40cc-bd59-ef464f5f3710,2026-03-09 16:52:58.652600306+00:00,2026-03-09 16:52:58.652600306+00:00
BACKTESTER-001,OracleStrategy-000,MESM6.GLBX,GLBX-1-1558,MESM6.GLBX-OracleStrategy-000,GLBX-001,GLBX-1-1558,MARKET,BUY,1,GTC,True,False,1,TAKER,6782.25,0.0,['0.00 USD'],NO_TRIGGER,FILLED,NO_CONTINGENCY,,,,MY_GENERIC_ALGO,,O-20260309-165453-001-000-1893,,f8d0a16a-6778-4da8-8e8a-370e75944d53,2026-03-09 16:54:53.534314531+00:00,2026-03-09 16:54:53.534314531+00:00
BACKTESTER-001,OracleStrategy-000,MESM6.GLBX,GLBX-1-1559,MESM6.GLBX-OracleStrategy-000,GLBX-001,GLBX-1-1559,MARKET,BUY,1,GTC,False,False,1,TAKER,6782.25,0.0,['0.00 USD'],NO_TRIGGER,FILLED,NO_CONTINGENCY,,,,MY_GENERIC_ALGO,,O-20260309-165453-001-000-1894,,0c5583cc-774a-42d7-b92a-92320079b865,2026-03-09 16:54:53.534314531+00:00,2026-03-09 16:54:53.534314531+00:00
BACKTESTER-001,OracleStrategy-000,MESM6.GLBX,GLBX-1-1560,MESM6.GLBX-OracleStrategy-000,GLBX-001,GLBX-1-1560,MARKET,SELL,1,GTC,True,False,1,TAKER,6784.0,0.0,['0.00 USD'],NO_TRIGGER,FILLED,NO_CONTINGENCY,,,,MY_GENERIC_ALGO,,O-20260309-165527-001-000-1895,,c49cf609-c3c8-4c5e-89f5-ee4fa7a8873c,2026-03-09 16:55:27.028310988+00:00,2026-03-09 16:55:27.028310988+00:00
BACKTESTER-001,OracleStrategy-000,MESM6.GLBX,GLBX-1-1561,MESM6.GLBX-OracleStrategy-000,GLBX-001,GLBX-1-1561,MARKET,SELL,1,GTC,False,False,1,TAKER,6784.0,0.0,['0.00 USD'],NO_TRIGGER,FILLED,NO_CONTINGENCY,,,,MY_GENERIC_ALGO,,O-20260309-165527-001-000-1896,,aed55340-e98f-4665-b470-fdf947ab9870,2026-03-09 16:55:27.028310988+00:00,2026-03-09 16:55:27.028310988+00:00
BACKTESTER-001,OracleStrategy-000,MESM6.GLBX,GLBX-1-1562,MESM6.GLBX-OracleStrategy-000,GLBX-001,GLBX-1-1562,MARKET,BUY,1,GTC,True,False,1,TAKER,6783.25,0.0,['0.00 USD'],NO_TRIGGER,FILLED,NO_CONTINGENCY,,,,MY_GENERIC_ALGO,,O-20260309-165605-001-000-1897,,de7f40f5-10b3-4ed8-8cc1-7c6d136b5a83,2026-03-09 16:56:05.618874164+00:00,2026-03-09 16:56:05.618874164+00:00
BACKTESTER-001,OracleStrategy-000,MESM6.GLBX,GLBX-1-1563,MESM6.GLBX-OracleStrategy-000,GLBX-001,GLBX-1-1563,MARKET,BUY,1,GTC,False,False,1,TAKER,6783.25,0.0,['0.00 USD'],NO_TRIGGER,FILLED,NO_CONTINGENCY,,,,MY_GENERIC_ALGO,,O-20260309-165605-001-000-1898,,f6083251-1f68-42cf-a1fb-991329a3c8bd,2026-03-09 16:56:05.618874164+00:00,2026-03-09 16:56:05.618874164+00:00
BACKTESTER-001,OracleStrategy-000,MESM6.GLBX,GLBX-1-1564,MESM6.GLBX-OracleStrategy-000,GLBX-001,GLBX-1-1564,MARKET,SELL,1,GTC,True,False,1,TAKER,6786.0,0.0,['0.00 USD'],NO_TRIGGER,FILLED,NO_CONTINGENCY,,,,MY_GENERIC_ALGO,,O-20260309-165637-001-000-1899,,81d60566-351b-45ea-acdc-63512f01468c,2026-03-09 16:56:37.906149168+00:00,2026-03-09 16:56:37.906149168+00:00
BACKTESTER-001,OracleStrategy-000,MESM6.GLBX,GLBX-1-1565,MESM6.GLBX-OracleStrategy-000,GLBX-001,GLBX-1-1565,MARKET,SELL,1,GTC,False,False,1,TAKER,6786.0,0.0,['0.00 USD'],NO_TRIGGER,FILLED,NO_CONTINGENCY,,,,MY_GENERIC_ALGO,,O-20260309-165637-001-000-1900,,cab1c5b7-dbd8-434b-947d-03dea46b0242,2026-03-09 16:56:37.906149168+00:00,2026-03-09 16:56:37.906149168+00:00
BACKTESTER-001,OracleStrategy-000,MESM6.GLBX,GLBX-1-1566,MESM6.GLBX-OracleStrategy-000,GLBX-001,GLBX-1-1566,MARKET,BUY,1,GTC,True,False,1,TAKER,6780.5,0.0,['0.00 USD'],NO_TRIGGER,FILLED,NO_CONTINGENCY,,,,MY_GENERIC_ALGO,,O-20260309-165845-001-000-1901,,afcbdcb3-9f46-4a07-89e2-1b2208f52ae7,2026-03-09 16:58:45.417112843+00:00,2026-03-09 16:58:45.417112843+00:00
BACKTESTER-001,OracleStrategy-000,MESM6.GLBX,GLBX-1-1567,MESM6.GLBX-OracleStrategy-000,GLBX-001,GLBX-1-1567,MARKET,BUY,1,GTC,False,False,1,TAKER,6780.5,0.0,['0.00 USD'],NO_TRIGGER,FILLED,NO_CONTINGENCY,,,,MY_GENERIC_ALGO,,O-20260309-165845-001-000-1902,,04771383-4e95-431f-a23b-4b72b258ae51,2026-03-09 16:58:45.417112843+00:00,2026-03-09 16:58:45.417112843+00:00
BACKTESTER-001,OracleStrategy-000,MESM6.GLBX,GLBX-1-1568,MESM6.GLBX-OracleStrategy-000,GLBX-001,GLBX-1-1568,MARKET,SELL,1,GTC,True,False,1,TAKER,6780.5,0.0,['0.00 USD'],NO_TRIGGER,FILLED,NO_CONTINGENCY,,,,MY_GENERIC_ALGO,,O-20260309-165905-001-000-1903,,0955b2d5-6429-48d4-a93c-7dc67a97f41a,2026-03-09 16:59:05.327082662+00:00,2026-03-09 16:59:05.327082662+00:00
BACKTESTER-001,OracleStrategy-000,MESM6.GLBX,GLBX-1-1569,MESM6.GLBX-OracleStrategy-000,GLBX-001,GLBX-1-1569,MARKET,SELL,1,GTC,False,False,1,TAKER,6780.5,0.0,['0.00 USD'],NO_TRIGGER,FILLED,NO_CONTINGENCY,,,,MY_GENERIC_ALGO,,O-20260309-165905-001-000-1904,,67caec9e-7180-4c02-81bd-377623c80ee9,2026-03-09 16:59:05.327082662+00:00,2026-03-09 16:59:05.327082662+00:00
BACKTESTER-001,OracleStrategy-000,MESM6.GLBX,GLBX-1-1570,MESM6.GLBX-OracleStrategy-000,GLBX-001,GLBX-1-1570,MARKET,BUY,1,GTC,True,False,1,TAKER,6776.25,0.0,['0.00 USD'],NO_TRIGGER,FILLED,NO_CONTINGENCY,,,,MY_GENERIC_ALGO,,O-20260309-170037-001-000-1905,,696d3e7f-0431-40e2-beae-c7aa23005215,2026-03-09 17:00:37.284594231+00:00,2026-03-09 17:00:37.284594231+00:00
BACKTESTER-001,OracleStrategy-000,MESM6.GLBX,GLBX-1-1571,MESM6.GLBX-OracleStrategy-000,GLBX-001,GLBX-1-1571,MARKET,BUY,1,GTC,False,False,1,TAKER,6776.25,0.0,['0.00 USD'],NO_TRIGGER,FILLED,NO_CONTINGENCY,,,,MY_GENERIC_ALGO,,O-20260309-170037-001-000-1906,,9acc5751-1778-42f6-85b8-2128f8822f2e,2026-03-09 17:00:37.284594231+00:00,2026-03-09 17:00:37.284594231+00:00
BACKTESTER-001,OracleStrategy-000,MESM6.GLBX,GLBX-1-1572,MESM6.GLBX-OracleStrategy-000,GLBX-001,GLBX-1-1572,MARKET,SELL,1,GTC,True,False,1,TAKER,6777.5,0.0,['0.00 USD'],NO_TRIGGER,FILLED,NO_CONTINGENCY,,,,MY_GENERIC_ALGO,,O-20260309-170134-001-000-1907,,9de180c4-db91-4852-aabf-f3c72b3cf8e1,2026-03-09 17:01:34.941132618+00:00,2026-03-09 17:01:34.941132618+00:00
BACKTESTER-001,OracleStrategy-000,MESM6.GLBX,GLBX-1-1573,MESM6.GLBX-OracleStrategy-000,GLBX-001,GLBX-1-1573,MARKET,SELL,1,GTC,False,False,1,TAKER,6777.5,0.0,['0.00 USD'],NO_TRIGGER,FILLED,NO_CONTINGENCY,,,,MY_GENERIC_ALGO,,O-20260309-170155-001-000-1909,,5bda72c9-2672-4d20-a28f-e6546b052ca5,2026-03-09 17:01:55.151739338+00:00,2026-03-09 17:01:55.151739338+00:00
BACKTESTER-001,OracleStrategy-000,MESM6.GLBX,GLBX-1-1574,MESM6.GLBX-OracleStrategy-000,GLBX-001,GLBX-1-1574,MARKET,BUY,1,GTC,True,False,1,TAKER,6772.5,0.0,['0.00 USD'],NO_TRIGGER,FILLED,NO_CONTINGENCY,,,,MY_GENERIC_ALGO,,O-20260309-170316-001-000-1910,,eb9979e5-7df1-495c-8c51-5967cf8c083f,2026-03-09 17:03:16.798328418+00:00,2026-03-09 17:03:16.798328418+00:00
BACKTESTER-001,OracleStrategy-000,MESM6.GLBX,GLBX-1-1575,MESM6.GLBX-OracleStrategy-000,GLBX-001,GLBX-1-1575,MARKET,BUY,1,GTC,False,False,1,TAKER,6774.0,0.0,['0.00 USD'],NO_TRIGGER,FILLED,NO_CONTINGENCY,,,,MY_GENERIC_ALGO,,O-20260309-170355-001-000-1918,,e5e1ba99-a4ae-4b53-a73a-0af9df106617,2026-03-09 17:03:55.139077163+00:00,2026-03-09 17:03:55.139077163+00:00
BACKTESTER-001,OracleStrategy-000,MESM6.GLBX,GLBX-1-1576,MESM6.GLBX-OracleStrategy-000,GLBX-001,GLBX-1-1576,MARKET,SELL,1,GTC,True,False,1,TAKER,6774.5,0.0,['0.00 USD'],NO_TRIGGER,FILLED,NO_CONTINGENCY,,,,MY_GENERIC_ALGO,,O-20260309-170520-001-000-1919,,414c3fe7-657b-4728-90ad-edebef839d3a,2026-03-09 17:05:20.839024048+00:00,2026-03-09 17:05:20.839024048+00:00
BACKTESTER-001,OracleStrategy-000,MESM6.GLBX,GLBX-1-1577,MESM6.GLBX-OracleStrategy-000,GLBX-001,GLBX-1-1577,MARKET,SELL,1,GTC,False,False,1,TAKER,6774.5,0.0,['0.00 USD'],NO_TRIGGER,FILLED,NO_CONTINGENCY,,,,MY_GENERIC_ALGO,,O-20260309-170520-001-000-1920,,0d3bc91c-4dff-42dc-86b4-d73b4ed50b65,2026-03-09 17:05:20.839024048+00:00,2026-03-09 17:05:20.839024048+00:00
BACKTESTER-001,OracleStrategy-000,MESM6.GLBX,GLBX-1-1578,MESM6.GLBX-OracleStrategy-000,GLBX-001,GLBX-1-1578,MARKET,BUY,1,GTC,True,False,1,TAKER,6773.75,0.0,['0.00 USD'],NO_TRIGGER,FILLED,NO_CONTINGENCY,,,,MY_GENERIC_ALGO,,O-20260309-170601-001-000-1921,,d3fc049b-b969-4c26-89f4-931d5d61a714,2026-03-09 17:06:01.501005189+00:00,2026-03-09 17:06:01.501005189+00:00
BACKTESTER-001,OracleStrategy-000,MESM6.GLBX,GLBX-1-1579,MESM6.GLBX-OracleStrategy-000,GLBX-001,GLBX-1-1579,MARKET,BUY,1,GTC,False,False,1,TAKER,6773.75,0.0,['0.00 USD'],NO_TRIGGER,FILLED,NO_CONTINGENCY,,,,MY_GENERIC_ALGO,,O-20260309-170601-001-000-1922,,288330c1-f962-47c0-a205-91bede69d5f5,2026-03-09 17:06:01.501005189+00:00,2026-03-09 17:06:01.501005189+00:00
BACKTESTER-001,OracleStrategy-000,MESM6.GLBX,GLBX-1-1580,MESM6.GLBX-OracleStrategy-000,GLBX-001,GLBX-1-1580,MARKET,SELL,1,GTC,True,False,1,TAKER,6775.25,0.0,['0.00 USD'],NO_TRIGGER,FILLED,NO_CONTINGENCY,,,,MY_GENERIC_ALGO,,O-20260309-170627-001-000-1923,,fcab7db5-95ab-465d-a73e-dce34f543de1,2026-03-09 17:06:27.388349363+00:00,2026-03-09 17:06:27.388349363+00:00
BACKTESTER-001,OracleStrategy-000,MESM6.GLBX,GLBX-1-1581,MESM6.GLBX-OracleStrategy-000,GLBX-001,GLBX-1-1581,MARKET,SELL,1,GTC,False,False,1,TAKER,6775.25,0.0,['0.00 USD'],NO_TRIGGER,FILLED,NO_CONTINGENCY,,,,MY_GENERIC_ALGO,,O-20260309-170627-001-000-1924,,9a09d2c0-587a-40e4-806f-ceb23f5959d3,2026-03-09 17:06:27.388349363+00:00,2026-03-09 17:06:27.388349363+00:00
BACKTESTER-001,OracleStrategy-000,MESM6.GLBX,GLBX-1-1582,MESM6.GLBX-OracleStrategy-000,GLBX-001,GLBX-1-1582,MARKET,BUY,1,GTC,True,False,1,TAKER,6772.75,0.0,['0.00 USD'],NO_TRIGGER,FILLED,NO_CONTINGENCY,,,,MY_GENERIC_ALGO,,O-20260309-170746-001-000-1925,,17f6ba54-c0b2-42a9-9caa-b782fb279cbc,2026-03-09 17:07:46.192012591+00:00,2026-03-09 17:07:46.192012591+00:00
BACKTESTER-001,OracleStrategy-000,MESM6.GLBX,GLBX-1-1583,MESM6.GLBX-OracleStrategy-000,GLBX-001,GLBX-1-1583,MARKET,BUY,1,GTC,False,False,1,TAKER,6772.75,0.0,['0.00 USD'],NO_TRIGGER,FILLED,NO_CONTINGENCY,,,,MY_GENERIC_ALGO,,O-20260309-170746-001-000-1926,,5756b7bd-c6ad-4a71-823d-71119d72fdab,2026-03-09 17:07:46.192012591+00:00,2026-03-09 17:07:46.192012591+00:00
BACKTESTER-001,OracleStrategy-000,MESM6.GLBX,GLBX-1-1584,MESM6.GLBX-OracleStrategy-000,GLBX-001,GLBX-1-1584,MARKET,SELL,1,GTC,True,False,1,TAKER,6777.0,0.0,['0.00 USD'],NO_TRIGGER,FILLED,NO_CONTINGENCY,,,,MY_GENERIC_ALGO,,O-20260309-171009-001-000-1927,,0385f94f-a304-4326-a953-3a4d07810edc,2026-03-09 17:10:09.895782480+00:00,2026-03-09 17:10:09.895782480+00:00
BACKTESTER-001,OracleStrategy-000,MESM6.GLBX,GLBX-1-1585,MESM6.GLBX-OracleStrategy-000,GLBX-001,GLBX-1-1585,MARKET,SELL,1,GTC,False,False,1,TAKER,6777.0,0.0,['0.00 USD'],NO_TRIGGER,FILLED,NO_CONTINGENCY,,,,MY_GENERIC_ALGO,,O-20260309-171009-001-000-1928,,7c1ac842-313e-4987-a168-226064991f4b,2026-03-09 17:10:09.895782480+00:00,2026-03-09 17:10:09.895782480+00:00
BACKTESTER-001,OracleStrategy-000,MESM6.GLBX,GLBX-1-1586,MESM6.GLBX-OracleStrategy-000,GLBX-001,GLBX-1-1586,MARKET,BUY,1,GTC,True,False,1,TAKER,6773.0,0.0,['0.00 USD'],NO_TRIGGER,FILLED,NO_CONTINGENCY,,,,MY_GENERIC_ALGO,,O-20260309-171434-001-000-1929,,0e810ab8-9e77-49ef-ba36-de9bba04371a,2026-03-09 17:14:34.178687833+00:00,2026-03-09 17:14:34.178687833+00:00
BACKTESTER-001,OracleStrategy-000,MESM6.GLBX,GLBX-1-1587,MESM6.GLBX-OracleStrategy-000,GLBX-001,GLBX-1-1587,MARKET,BUY,1,GTC,False,False,1,TAKER,6773.0,0.0,['0.00 USD'],NO_TRIGGER,FILLED,NO_CONTINGENCY,,,,MY_GENERIC_ALGO,,O-20260309-171434-001-000-1930,,a2f2a5c6-cdd0-4a0b-9dfc-a146ca92147f,2026-03-09 17:14:34.178687833+00:00,2026-03-09 17:14:34.178687833+00:00
BACKTESTER-001,OracleStrategy-000,MESM6.GLBX,GLBX-1-1588,MESM6.GLBX-OracleStrategy-000,GLBX-001,GLBX-1-1588,MARKET,SELL,1,GTC,True,False,1,TAKER,6773.75,0.0,['0.00 USD'],NO_TRIGGER,FILLED,NO_CONTINGENCY,,,,MY_GENERIC_ALGO,,O-20260309-171507-001-000-1931,,196fd5bb-592a-4e9b-a05a-ff8b9cb519f6,2026-03-09 17:15:07.432901130+00:00,2026-03-09 17:15:07.432901130+00:00
BACKTESTER-001,OracleStrategy-000,MESM6.GLBX,GLBX-1-1589,MESM6.GLBX-OracleStrategy-000,GLBX-001,GLBX-1-1589,MARKET,SELL,1,GTC,False,False,1,TAKER,6773.75,0.0,['0.00 USD'],NO_TRIGGER,FILLED,NO_CONTINGENCY,,,,MY_GENERIC_ALGO,,O-20260309-171525-001-000-1933,,8becde3e-427b-4bbb-bef5-58e445c12e2e,2026-03-09 17:15:25.298079795+00:00,2026-03-09 17:15:25.298079795+00:00
BACKTESTER-001,OracleStrategy-000,MESM6.GLBX,GLBX-1-1590,MESM6.GLBX-OracleStrategy-000,GLBX-001,GLBX-1-1590,MARKET,BUY,1,GTC,True,False,1,TAKER,6770.0,0.0,['0.00 USD'],NO_TRIGGER,FILLED,NO_CONTINGENCY,,,,MY_GENERIC_ALGO,,O-20260309-171615-001-000-1934,,d77b291b-8800-4cdd-98cb-61d9e5cb0851,2026-03-09 17:16:15.451225779+00:00,2026-03-09 17:16:15.451225779+00:00
BACKTESTER-001,OracleStrategy-000,MESM6.GLBX,GLBX-1-1591,MESM6.GLBX-OracleStrategy-000,GLBX-001,GLBX-1-1591,MARKET,BUY,1,GTC,False,False,1,TAKER,6770.0,0.0,['0.00 USD'],NO_TRIGGER,FILLED,NO_CONTINGENCY,,,,MY_GENERIC_ALGO,,O-20260309-171615-001-000-1935,,fe65683a-1640-4190-bf32-f336501366c5,2026-03-09 17:16:15.451225779+00:00,2026-03-09 17:16:15.451225779+00:00
BACKTESTER-001,OracleStrategy-000,MESM6.GLBX,GLBX-1-1592,MESM6.GLBX-OracleStrategy-000,GLBX-001,GLBX-1-1592,MARKET,SELL,1,GTC,True,False,1,TAKER,6771.75,0.0,['0.00 USD'],NO_TRIGGER,FILLED,NO_CONTINGENCY,,,,MY_GENERIC_ALGO,,O-20260309-171627-001-000-1936,,498f885b-225d-4e33-ac4d-302bfc0051ad,2026-03-09 17:16:27.491851418+00:00,2026-03-09 17:16:27.491851418+00:00
BACKTESTER-001,OracleStrategy-000,MESM6.GLBX,GLBX-1-1593,MESM6.GLBX-OracleStrategy-000,GLBX-001,GLBX-1-1593,MARKET,SELL,1,GTC,False,False,1,TAKER,6771.75,0.0,['0.00 USD'],NO_TRIGGER,FILLED,NO_CONTINGENCY,,,,MY_GENERIC_ALGO,,O-20260309-171627-001-000-1937,,b538d7a5-697b-43b8-bff2-be0a9df773ad,2026-03-09 17:16:27.491851418+00:00,2026-03-09 17:16:27.491851418+00:00
BACKTESTER-001,OracleStrategy-000,MESM6.GLBX,GLBX-1-1594,MESM6.GLBX-OracleStrategy-000,GLBX-001,GLBX-1-1594,MARKET,BUY,1,GTC,True,False,1,TAKER,6763.75,0.0,['0.00 USD'],NO_TRIGGER,FILLED,NO_CONTINGENCY,,,,MY_GENERIC_ALGO,,O-20260309-172038-001-000-1938,,3df1c58e-970c-4e9d-ab00-fe80ec24b7ab,2026-03-09 17:20:38.802535085+00:00,2026-03-09 17:20:38.802535085+00:00
BACKTESTER-001,OracleStrategy-000,MESM6.GLBX,GLBX-1-1595,MESM6.GLBX-OracleStrategy-000,GLBX-001,GLBX-1-1595,MARKET,BUY,1,GTC,False,False,1,TAKER,6763.75,0.0,['0.00 USD'],NO_TRIGGER,FILLED,NO_CONTINGENCY,,,,MY_GENERIC_ALGO,,O-20260309-172038-001-000-1939,,0b4e7984-8e2c-4414-806a-7c752acc62b6,2026-03-09 17:20:38.802535085+00:00,2026-03-09 17:20:38.802535085+00:00
BACKTESTER-001,OracleStrategy-000,MESM6.GLBX,GLBX-1-1596,MESM6.GLBX-OracleStrategy-000,GLBX-001,GLBX-1-1596,MARKET,SELL,1,GTC,True,False,1,TAKER,6763.0,0.0,['0.00 USD'],NO_TRIGGER,FILLED,NO_CONTINGENCY,,,,MY_GENERIC_ALGO,,O-20260309-172043-001-000-1940,,c7dfef5c-f17d-48ca-9ab6-425cf23da4ba,2026-03-09 17:20:43.006859784+00:00,2026-03-09 17:20:43.006859784+00:00
BACKTESTER-001,OracleStrategy-000,MESM6.GLBX,GLBX-1-1597,MESM6.GLBX-OracleStrategy-000,GLBX-001,GLBX-1-1597,MARKET,SELL,1,GTC,False,False,1,TAKER,6763.0,0.0,['0.00 USD'],NO_TRIGGER,FILLED,NO_CONTINGENCY,,,,MY_GENERIC_ALGO,,O-20260309-172043-001-000-1941,,6cd0d3fa-0088-474a-85ec-708235ade489,2026-03-09 17:20:43.006859784+00:00,2026-03-09 17:20:43.006859784+00:00
BACKTESTER-001,OracleStrategy-000,MESM6.GLBX,GLBX-1-1598,MESM6.GLBX-OracleStrategy-000,GLBX-001,GLBX-1-1598,MARKET,BUY,1,GTC,True,False,1,TAKER,6760.0,0.0,['0.00 USD'],NO_TRIGGER,FILLED,NO_CONTINGENCY,,,,MY_GENERIC_ALGO,,O-20260309-172221-001-000-1942,,c7d4090c-9fca-4ebc-8b2d-e76813476e72,2026-03-09 17:22:21.089829723+00:00,2026-03-09 17:22:21.089829723+00:00
BACKTESTER-001,OracleStrategy-000,MESM6.GLBX,GLBX-1-1599,MESM6.GLBX-OracleStrategy-000,GLBX-001,GLBX-1-1599,MARKET,BUY,1,GTC,False,False,1,TAKER,6760.0,0.0,['0.00 USD'],NO_TRIGGER,FILLED,NO_CONTINGENCY,,,,MY_GENERIC_ALGO,,O-20260309-172221-001-000-1943,,d0b61a91-34e0-43aa-995e-da2de47edfec,2026-03-09 17:22:21.089829723+00:00,2026-03-09 17:22:21.089829723+00:00
BACKTESTER-001,OracleStrategy-000,MESM6.GLBX,GLBX-1-1600,MESM6.GLBX-OracleStrategy-000,GLBX-001,GLBX-1-1600,MARKET,SELL,1,GTC,True,False,1,TAKER,6760.5,0.0,['0.00 USD'],NO_TRIGGER,FILLED,NO_CONTINGENCY,,,,MY_GENERIC_ALGO,,O-20260309-172251-001-000-1944,,e255e36b-6908-40f0-9035-ad6f2b5ec1b1,2026-03-09 17:22:51.523414330+00:00,2026-03-09 17:22:51.523414330+00:00
BACKTESTER-001,OracleStrategy-000,MESM6.GLBX,GLBX-1-1601,MESM6.GLBX-OracleStrategy-000,GLBX-001,GLBX-1-1601,MARKET,SELL,1,GTC,False,False,1,TAKER,6760.5,0.0,['0.00 USD'],NO_TRIGGER,FILLED,NO_CONTINGENCY,,,,MY_GENERIC_ALGO,,O-20260309-172251-001-000-1945,,5abed51f-081a-4af8-8909-e2a9a0ce94ac,2026-03-09 17:22:51.523414330+00:00,2026-03-09 17:22:51.523414330+00:00
BACKTESTER-001,OracleStrategy-000,MESM6.GLBX,GLBX-1-1602,MESM6.GLBX-OracleStrategy-000,GLBX-001,GLBX-1-1602,MARKET,BUY,1,GTC,True,False,1,TAKER,6760.0,0.0,['0.00 USD'],NO_TRIGGER,FILLED,NO_CONTINGENCY,,,,MY_GENERIC_ALGO,,O-20260309-172330-001-000-1946,,4c6b9a1e-dc84-4646-937c-187a72436e57,2026-03-09 17:23:30.160905458+00:00,2026-03-09 17:23:30.160905458+00:00
BACKTESTER-001,OracleStrategy-000,MESM6.GLBX,GLBX-1-1603,MESM6.GLBX-OracleStrategy-000,GLBX-001,GLBX-1-1603,MARKET,BUY,1,GTC,False,False,1,TAKER,6760.0,0.0,['0.00 USD'],NO_TRIGGER,FILLED,NO_CONTINGENCY,,,,MY_GENERIC_ALGO,,O-20260309-172330-001-000-1947,,b1b9dcae-d69f-4e21-a9fc-cd568a1e68be,2026-03-09 17:23:30.160905458+00:00,2026-03-09 17:23:30.160905458+00:00
BACKTESTER-001,OracleStrategy-000,MESM6.GLBX,GLBX-1-1604,MESM6.GLBX-OracleStrategy-000,GLBX-001,GLBX-1-1604,MARKET,SELL,1,GTC,True,False,1,TAKER,6758.75,0.0,['0.00 USD'],NO_TRIGGER,FILLED,NO_CONTINGENCY,,,,MY_GENERIC_ALGO,,O-20260309-172335-001-000-1948,,1fd9ce41-72bd-4ecd-87cf-c1e8be5a17ae,2026-03-09 17:23:35.455196027+00:00,2026-03-09 17:23:35.455196027+00:00
BACKTESTER-001,OracleStrategy-000,MESM6.GLBX,GLBX-1-1605,MESM6.GLBX-OracleStrategy-000,GLBX-001,GLBX-1-1605,MARKET,SELL,1,GTC,False,False,1,TAKER,6760.0,0.0,['0.00 USD'],NO_TRIGGER,FILLED,NO_CONTINGENCY,,,,MY_GENERIC_ALGO,,O-20260309-172403-001-000-1950,,14f13609-dc56-4f46-a6ec-78a469dab729,2026-03-09 17:24:03.090819895+00:00,2026-03-09 17:24:03.090819895+00:00
BACKTESTER-001,OracleStrategy-000,MESM6.GLBX,GLBX-1-1606,MESM6.GLBX-OracleStrategy-000,GLBX-001,GLBX-1-1606,MARKET,BUY,1,GTC,True,False,1,TAKER,6756.75,0.0,['0.00 USD'],NO_TRIGGER,FILLED,NO_CONTINGENCY,,,,MY_GENERIC_ALGO,,O-20260309-172504-001-000-1951,,d7954388-4f72-4573-a868-5bedd74e85b8,2026-03-09 17:25:04.623547341+00:00,2026-03-09 17:25:04.623547341+00:00
BACKTESTER-001,OracleStrategy-000,MESM6.GLBX,GLBX-1-1607,MESM6.GLBX-OracleStrategy-000,GLBX-001,GLBX-1-1607,MARKET,BUY,1,GTC,False,False,1,TAKER,6756.75,0.0,['0.00 USD'],NO_TRIGGER,FILLED,NO_CONTINGENCY,,,,MY_GENERIC_ALGO,,O-20260309-172504-001-000-1952,,ccf85689-75f4-48cf-b74a-03227e303c78,2026-03-09 17:25:04.623547341+00:00,2026-03-09 17:25:04.623547341+00:00
BACKTESTER-001,OracleStrategy-000,MESM6.GLBX,GLBX-1-1608,MESM6.GLBX-OracleStrategy-000,GLBX-001,GLBX-1-1608,MARKET,SELL,1,GTC,True,False,1,TAKER,6757.0,0.0,['0.00 USD'],NO_TRIGGER,FILLED,NO_CONTINGENCY,,,,MY_GENERIC_ALGO,,O-20260309-172521-001-000-1953,,b9621f23-a20c-48fe-a74e-bc5b54691dc6,2026-03-09 17:25:21.850982896+00:00,2026-03-09 17:25:21.850982896+00:00
BACKTESTER-001,OracleStrategy-000,MESM6.GLBX,GLBX-1-1609,MESM6.GLBX-OracleStrategy-000,GLBX-001,GLBX-1-1609,MARKET,SELL,1,GTC,False,False,1,TAKER,6757.0,0.0,['0.00 USD'],NO_TRIGGER,FILLED,NO_CONTINGENCY,,,,MY_GENERIC_ALGO,,O-20260309-172521-001-000-1954,,136a57cd-84b1-4a8b-996c-d598eadf1e26,2026-03-09 17:25:21.850982896+00:00,2026-03-09 17:25:21.850982896+00:00
BACKTESTER-001,OracleStrategy-000,MESM6.GLBX,GLBX-1-1610,MESM6.GLBX-OracleStrategy-000,GLBX-001,GLBX-1-1610,MARKET,BUY,1,GTC,True,False,1,TAKER,6756.75,0.0,['0.00 USD'],NO_TRIGGER,FILLED,NO_CONTINGENCY,,,,MY_GENERIC_ALGO,,O-20260309-172537-001-000-1955,,a8e56b21-ad8b-485d-bf92-e5bf5e9f9547,2026-03-09 17:25:37.698719226+00:00,2026-03-09 17:25:37.698719226+00:00
BACKTESTER-001,OracleStrategy-000,MESM6.GLBX,GLBX-1-1611,MESM6.GLBX-OracleStrategy-000,GLBX-001,GLBX-1-1611,MARKET,BUY,1,GTC,False,False,1,TAKER,6756.75,0.0,['0.00 USD'],NO_TRIGGER,FILLED,NO_CONTINGENCY,,,,MY_GENERIC_ALGO,,O-20260309-172537-001-000-1956,,3360a1d2-a1ad-4153-8c44-792352fba40f,2026-03-09 17:25:37.698719226+00:00,2026-03-09 17:25:37.698719226+00:00
BACKTESTER-001,OracleStrategy-000,MESM6.GLBX,GLBX-1-1612,MESM6.GLBX-OracleStrategy-000,GLBX-001,GLBX-1-1612,MARKET,SELL,1,GTC,True,False,1,TAKER,6757.75,0.0,['0.00 USD'],NO_TRIGGER,FILLED,NO_CONTINGENCY,,,,MY_GENERIC_ALGO,,O-20260309-172544-001-000-1957,,f5cb1bf7-93fd-44b5-aac8-dca5ac4b5f22,2026-03-09 17:25:44.991468879+00:00,2026-03-09 17:25:44.991468879+00:00
BACKTESTER-001,OracleStrategy-000,MESM6.GLBX,GLBX-1-1613,MESM6.GLBX-OracleStrategy-000,GLBX-001,GLBX-1-1613,MARKET,SELL,1,GTC,False,False,1,TAKER,6757.75,0.0,['0.00 USD'],NO_TRIGGER,FILLED,NO_CONTINGENCY,,,,MY_GENERIC_ALGO,,O-20260309-172544-001-000-1958,,1aa423cc-c92e-4bd5-89a6-4d05226b56db,2026-03-09 17:25:44.991468879+00:00,2026-03-09 17:25:44.991468879+00:00
BACKTESTER-001,OracleStrategy-000,MESM6.GLBX,GLBX-1-1614,MESM6.GLBX-OracleStrategy-000,GLBX-001,GLBX-1-1614,MARKET,BUY,1,GTC,True,False,1,TAKER,6756.5,0.0,['0.00 USD'],NO_TRIGGER,FILLED,NO_CONTINGENCY,,,,MY_GENERIC_ALGO,,O-20260309-172621-001-000-1959,,3d8338b9-1f86-4449-8f5e-d480d4a52bb2,2026-03-09 17:26:21.895597621+00:00,2026-03-09 17:26:21.895597621+00:00
BACKTESTER-001,OracleStrategy-000,MESM6.GLBX,GLBX-1-1615,MESM6.GLBX-OracleStrategy-000,GLBX-001,GLBX-1-1615,MARKET,BUY,1,GTC,False,False,1,TAKER,6756.5,0.0,['0.00 USD'],NO_TRIGGER,FILLED,NO_CONTINGENCY,,,,MY_GENERIC_ALGO,,O-20260309-172621-001-000-1960,,f0954785-8197-45ac-bb88-35671e3ff20e,2026-03-09 17:26:21.895597621+00:00,2026-03-09 17:26:21.895597621+00:00
BACKTESTER-001,OracleStrategy-000,MESM6.GLBX,GLBX-1-1616,MESM6.GLBX-OracleStrategy-000,GLBX-001,GLBX-1-1616,MARKET,SELL,1,GTC,True,False,1,TAKER,6757.5,0.0,['0.00 USD'],NO_TRIGGER,FILLED,NO_CONTINGENCY,,,,MY_GENERIC_ALGO,,O-20260309-172706-001-000-1961,,ac05aed3-34c2-498b-bba8-1e0242eb27f0,2026-03-09 17:27:06.043837226+00:00,2026-03-09 17:27:06.043837226+00:00
BACKTESTER-001,OracleStrategy-000,MESM6.GLBX,GLBX-1-1617,MESM6.GLBX-OracleStrategy-000,GLBX-001,GLBX-1-1617,MARKET,SELL,1,GTC,False,False,1,TAKER,6757.5,0.0,['0.00 USD'],NO_TRIGGER,FILLED,NO_CONTINGENCY,,,,MY_GENERIC_ALGO,,O-20260309-172706-001-000-1962,,4ec835d9-27c1-4bbf-9e19-964efa0ba6d4,2026-03-09 17:27:06.043837226+00:00,2026-03-09 17:27:06.043837226+00:00
BACKTESTER-001,OracleStrategy-000,MESM6.GLBX,GLBX-1-1618,MESM6.GLBX-OracleStrategy-000,GLBX-001,GLBX-1-1618,MARKET,BUY,1,GTC,True,False,1,TAKER,6755.75,0.0,['0.00 USD'],NO_TRIGGER,FILLED,NO_CONTINGENCY,,,,MY_GENERIC_ALGO,,O-20260309-172751-001-000-1963,,1c7ac44a-c29f-4793-9593-8903d1324bb0,2026-03-09 17:27:51.898990165+00:00,2026-03-09 17:27:51.898990165+00:00
BACKTESTER-001,OracleStrategy-000,MESM6.GLBX,GLBX-1-1619,MESM6.GLBX-OracleStrategy-000,GLBX-001,GLBX-1-1619,MARKET,BUY,1,GTC,False,False,1,TAKER,6755.25,0.0,['0.00 USD'],NO_TRIGGER,FILLED,NO_CONTINGENCY,,,,MY_GENERIC_ALGO,,O-20260309-172756-001-000-1965,,6d59570b-9c3c-4957-af0f-e24ee8f3cce4,2026-03-09 17:27:56.124569655+00:00,2026-03-09 17:27:56.124569655+00:00
BACKTESTER-001,OracleStrategy-000,MESM6.GLBX,GLBX-1-1620,MESM6.GLBX-OracleStrategy-000,GLBX-001,GLBX-1-1620,MARKET,SELL,1,GTC,True,False,1,TAKER,6755.0,0.0,['0.00 USD'],NO_TRIGGER,FILLED,NO_CONTINGENCY,,,,MY_GENERIC_ALGO,,O-20260309-172801-001-000-1966,,7f50d4ea-3177-400f-96a8-a4c84ae06ec7,2026-03-09 17:28:01.279547903+00:00,2026-03-09 17:28:01.279547903+00:00
BACKTESTER-001,OracleStrategy-000,MESM6.GLBX,GLBX-1-1621,MESM6.GLBX-OracleStrategy-000,GLBX-001,GLBX-1-1621,MARKET,SELL,1,GTC,False,False,1,TAKER,6755.0,0.0,['0.00 USD'],NO_TRIGGER,FILLED,NO_CONTINGENCY,,,,MY_GENERIC_ALGO,,O-20260309-172801-001-000-1967,,bbc58a1c-468b-4b89-96a9-d956a1fe0f94,2026-03-09 17:28:01.279547903+00:00,2026-03-09 17:28:01.279547903+00:00
BACKTESTER-001,OracleStrategy-000,MESM6.GLBX,GLBX-1-1622,MESM6.GLBX-OracleStrategy-000,GLBX-001,GLBX-1-1622,MARKET,BUY,1,GTC,True,False,1,TAKER,6755.0,0.0,['0.00 USD'],NO_TRIGGER,FILLED,NO_CONTINGENCY,,,,MY_GENERIC_ALGO,,O-20260309-172802-001-000-1968,,d3eb138a-a39d-4e54-93de-357dc8ba967a,2026-03-09 17:28:02.312008091+00:00,2026-03-09 17:28:02.312008091+00:00
BACKTESTER-001,OracleStrategy-000,MESM6.GLBX,GLBX-1-1623,MESM6.GLBX-OracleStrategy-000,GLBX-001,GLBX-1-1623,MARKET,BUY,1,GTC,False,False,1,TAKER,6755.0,0.0,['0.00 USD'],NO_TRIGGER,FILLED,NO_CONTINGENCY,,,,MY_GENERIC_ALGO,,O-20260309-172802-001-000-1969,,edcd2bb0-9569-4c3f-881b-0cd99393f68b,2026-03-09 17:28:02.312008091+00:00,2026-03-09 17:28:02.312008091+00:00
BACKTESTER-001,OracleStrategy-000,MESM6.GLBX,GLBX-1-1624,MESM6.GLBX-OracleStrategy-000,GLBX-001,GLBX-1-1624,MARKET,SELL,1,GTC,True,False,1,TAKER,6754.75,0.0,['0.00 USD'],NO_TRIGGER,FILLED,NO_CONTINGENCY,,,,MY_GENERIC_ALGO,,O-20260309-172831-001-000-1970,,53aeaa91-41b6-49ad-9c71-42aae131bf73,2026-03-09 17:28:31.869613589+00:00,2026-03-09 17:28:31.869613589+00:00
BACKTESTER-001,OracleStrategy-000,MESM6.GLBX,GLBX-1-1625,MESM6.GLBX-OracleStrategy-000,GLBX-001,GLBX-1-1625,MARKET,SELL,1,GTC,False,False,1,TAKER,6754.75,0.0,['0.00 USD'],NO_TRIGGER,FILLED,NO_CONTINGENCY,,,,MY_GENERIC_ALGO,,O-20260309-172831-001-000-1971,,136e3b53-a834-426c-96d4-2a6edf4287c5,2026-03-09 17:28:31.869613589+00:00,2026-03-09 17:28:31.869613589+00:00
BACKTESTER-001,OracleStrategy-000,MESM6.GLBX,GLBX-1-1626,MESM6.GLBX-OracleStrategy-000,GLBX-001,GLBX-1-1626,MARKET,BUY,1,GTC,True,False,1,TAKER,6755.75,0.0,['0.00 USD'],NO_TRIGGER,FILLED,NO_CONTINGENCY,,,,MY_GENERIC_ALGO,,O-20260309-172839-001-000-1972,,7d6acfc2-8094-44d1-bb85-272823efb195,2026-03-09 17:28:39.248915179+00:00,2026-03-09 17:28:39.248915179+00:00
BACKTESTER-001,OracleStrategy-000,MESM6.GLBX,GLBX-1-1627,MESM6.GLBX-OracleStrategy-000,GLBX-001,GLBX-1-1627,MARKET,BUY,1,GTC,False,False,1,TAKER,6755.75,0.0,['0.00 USD'],NO_TRIGGER,FILLED,NO_CONTINGENCY,,,,MY_GENERIC_ALGO,,O-20260309-172839-001-000-1973,,7a31cc8a-4a17-4ccc-bc27-d1ccb7a8c995,2026-03-09 17:28:39.248915179+00:00,2026-03-09 17:28:39.248915179+00:00
BACKTESTER-001,OracleStrategy-000,MESM6.GLBX,GLBX-1-1628,MESM6.GLBX-OracleStrategy-000,GLBX-001,GLBX-1-1628,MARKET,SELL,1,GTC,True,False,1,TAKER,6757.75,0.0,['0.00 USD'],NO_TRIGGER,FILLED,NO_CONTINGENCY,,,,MY_GENERIC_ALGO,,O-20260309-173122-001-000-1974,,f3d74166-0d95-4bad-9e6c-dd03a56e31f1,2026-03-09 17:31:22.439612223+00:00,2026-03-09 17:31:22.439612223+00:00
BACKTESTER-001,OracleStrategy-000,MESM6.GLBX,GLBX-1-1629,MESM6.GLBX-OracleStrategy-000,GLBX-001,GLBX-1-1629,MARKET,SELL,1,GTC,False,False,1,TAKER,6757.75,0.0,['0.00 USD'],NO_TRIGGER,FILLED,NO_CONTINGENCY,,,,MY_GENERIC_ALGO,,O-20260309-173122-001-000-1975,,86447421-2475-4b74-bac6-5df9d8e0f980,2026-03-09 17:31:22.439612223+00:00,2026-03-09 17:31:22.439612223+00:00
BACKTESTER-001,OracleStrategy-000,MESM6.GLBX,GLBX-1-1630,MESM6.GLBX-OracleStrategy-000,GLBX-001,GLBX-1-1630,MARKET,BUY,1,GTC,True,False,1,TAKER,6754.5,0.0,['0.00 USD'],NO_TRIGGER,FILLED,NO_CONTINGENCY,,,,MY_GENERIC_ALGO,,O-20260309-173206-001-000-1976,,631e2261-689d-4ec4-8972-6cd1df60797c,2026-03-09 17:32:06.068335522+00:00,2026-03-09 17:32:06.068335522+00:00
BACKTESTER-001,OracleStrategy-000,MESM6.GLBX,GLBX-1-1631,MESM6.GLBX-OracleStrategy-000,GLBX-001,GLBX-1-1631,MARKET,BUY,1,GTC,False,False,1,TAKER,6754.5,0.0,['0.00 USD'],NO_TRIGGER,FILLED,NO_CONTINGENCY,,,,MY_GENERIC_ALGO,,O-20260309-173206-001-000-1977,,34ed8d50-3178-4326-b9ec-868408864c4b,2026-03-09 17:32:06.068335522+00:00,2026-03-09 17:32:06.068335522+00:00
BACKTESTER-001,OracleStrategy-000,MESM6.GLBX,GLBX-1-1632,MESM6.GLBX-OracleStrategy-000,GLBX-001,GLBX-1-1632,MARKET,SELL,1,GTC,True,False,1,TAKER,6756.0,0.0,['0.00 USD'],NO_TRIGGER,FILLED,NO_CONTINGENCY,,,,MY_GENERIC_ALGO,,O-20260309-173539-001-000-1978,,2ac0a287-a73d-4b61-bbd2-cedfdca66171,2026-03-09 17:35:39.006520915+00:00,2026-03-09 17:35:39.006520915+00:00
BACKTESTER-001,OracleStrategy-000,MESM6.GLBX,GLBX-1-1633,MESM6.GLBX-OracleStrategy-000,GLBX-001,GLBX-1-1633,MARKET,SELL,1,GTC,False,False,1,TAKER,6756.0,0.0,['0.00 USD'],NO_TRIGGER,FILLED,NO_CONTINGENCY,,,,MY_GENERIC_ALGO,,O-20260309-173539-001-000-1979,,4e87c01d-7c47-4117-99aa-0ac365b74708,2026-03-09 17:35:39.006520915+00:00,2026-03-09 17:35:39.006520915+00:00
BACKTESTER-001,OracleStrategy-000,MESM6.GLBX,GLBX-1-1634,MESM6.GLBX-OracleStrategy-000,GLBX-001,GLBX-1-1634,MARKET,BUY,1,GTC,True,False,1,TAKER,6752.75,0.0,['0.00 USD'],NO_TRIGGER,FILLED,NO_CONTINGENCY,,,,MY_GENERIC_ALGO,,O-20260309-173705-001-000-1980,,2566e835-6d7d-480d-a8d9-e7a4b8818ead,2026-03-09 17:37:05.262781448+00:00,2026-03-09 17:37:05.262781448+00:00
BACKTESTER-001,OracleStrategy-000,MESM6.GLBX,GLBX-1-1635,MESM6.GLBX-OracleStrategy-000,GLBX-001,GLBX-1-1635,MARKET,BUY,1,GTC,False,False,1,TAKER,6752.75,0.0,['0.00 USD'],NO_TRIGGER,FILLED,NO_CONTINGENCY,,,,MY_GENERIC_ALGO,,O-20260309-173705-001-000-1981,,79183ba2-28cf-4808-b46c-9643f46bf746,2026-03-09 17:37:05.262781448+00:00,2026-03-09 17:37:05.262781448+00:00
BACKTESTER-001,OracleStrategy-000,MESM6.GLBX,GLBX-1-1636,MESM6.GLBX-OracleStrategy-000,GLBX-001,GLBX-1-1636,MARKET,SELL,1,GTC,True,False,1,TAKER,6753.25,0.0,['0.00 USD'],NO_TRIGGER,FILLED,NO_CONTINGENCY,,,,MY_GENERIC_ALGO,,O-20260309-173732-001-000-1982,,f6dbda86-f7ca-4922-b6e0-1cfe56d89fb0,2026-03-09 17:37:32.286101067+00:00,2026-03-09 17:37:32.286101067+00:00
BACKTESTER-001,OracleStrategy-000,MESM6.GLBX,GLBX-1-1637,MESM6.GLBX-OracleStrategy-000,GLBX-001,GLBX-1-1637,MARKET,SELL,1,GTC,False,False,1,TAKER,6753.25,0.0,['0.00 USD'],NO_TRIGGER,FILLED,NO_CONTINGENCY,,,,MY_GENERIC_ALGO,,O-20260309-173732-001-000-1983,,d3f159df-6813-49f7-b19b-2fff8c793039,2026-03-09 17:37:32.286101067+00:00,2026-03-09 17:37:32.286101067+00:00
BACKTESTER-001,OracleStrategy-000,MESM6.GLBX,GLBX-1-1638,MESM6.GLBX-OracleStrategy-000,GLBX-001,GLBX-1-1638,MARKET,BUY,1,GTC,True,False,1,TAKER,6751.75,0.0,['0.00 USD'],NO_TRIGGER,FILLED,NO_CONTINGENCY,,,,MY_GENERIC_ALGO,,O-20260309-173951-001-000-1984,,f3666dd1-8aba-4069-b8b1-4570bba77e0b,2026-03-09 17:39:51.170550786+00:00,2026-03-09 17:39:51.170550786+00:00
BACKTESTER-001,OracleStrategy-000,MESM6.GLBX,GLBX-1-1639,MESM6.GLBX-OracleStrategy-000,GLBX-001,GLBX-1-1639,MARKET,SELL,1,GTC,False,False,1,TAKER,6753.0,0.0,['0.00 USD'],NO_TRIGGER,FILLED,NO_CONTINGENCY,,,,MY_GENERIC_ALGO,,O-20260309-174020-001-000-1988,,48d9a90a-66dc-4fc2-a47b-ff911b1c9c17,2026-03-09 17:40:20.195357907+00:00,2026-03-09 17:40:20.195357907+00:00
BACKTESTER-001,OracleStrategy-000,MESM6.GLBX,GLBX-1-1640,MESM6.GLBX-OracleStrategy-000,GLBX-001,GLBX-1-1640,MARKET,BUY,1,GTC,True,False,1,TAKER,6749.0,0.0,['0.00 USD'],NO_TRIGGER,FILLED,NO_CONTINGENCY,,,,MY_GENERIC_ALGO,,O-20260309-174105-001-000-1989,,570f2394-3f79-4557-a1ca-89bd693dd6c5,2026-03-09 17:41:05.782247807+00:00,2026-03-09 17:41:05.782247807+00:00
BACKTESTER-001,OracleStrategy-000,MESM6.GLBX,GLBX-1-1641,MESM6.GLBX-OracleStrategy-000,GLBX-001,GLBX-1-1641,MARKET,BUY,1,GTC,False,False,1,TAKER,6749.0,0.0,['0.00 USD'],NO_TRIGGER,FILLED,NO_CONTINGENCY,,,,MY_GENERIC_ALGO,,O-20260309-174105-001-000-1990,,182cdb9a-6c1a-4ede-8a96-ae8db3933e71,2026-03-09 17:41:05.782247807+00:00,2026-03-09 17:41:05.782247807+00:00
BACKTESTER-001,OracleStrategy-000,MESM6.GLBX,GLBX-1-1642,MESM6.GLBX-OracleStrategy-000,GLBX-001,GLBX-1-1642,MARKET,SELL,1,GTC,True,False,1,TAKER,6751.5,0.0,['0.00 USD'],NO_TRIGGER,FILLED,NO_CONTINGENCY,,,,MY_GENERIC_ALGO,,O-20260309-174253-001-000-1991,,db29ff0f-efc0-4a11-86b6-bb8f20131c89,2026-03-09 17:42:53.023418671+00:00,2026-03-09 17:42:53.023418671+00:00
BACKTESTER-001,OracleStrategy-000,MESM6.GLBX,GLBX-1-1643,MESM6.GLBX-OracleStrategy-000,GLBX-001,GLBX-1-1643,MARKET,SELL,1,GTC,False,False,1,TAKER,6751.0,0.0,['0.00 USD'],NO_TRIGGER,FILLED,NO_CONTINGENCY,,,,MY_GENERIC_ALGO,,O-20260309-174312-001-000-1993,,b94c99c7-951b-4285-88fb-3b244cbabefc,2026-03-09 17:43:12.752084270+00:00,2026-03-09 17:43:12.752084270+00:00
BACKTESTER-001,OracleStrategy-000,MESM6.GLBX,GLBX-1-1644,MESM6.GLBX-OracleStrategy-000,GLBX-001,GLBX-1-1644,MARKET,BUY,1,GTC,True,False,1,TAKER,6748.75,0.0,['0.00 USD'],NO_TRIGGER,FILLED,NO_CONTINGENCY,,,,MY_GENERIC_ALGO,,O-20260309-174324-001-000-1994,,a9b8b8e9-453f-4969-ae86-36e8ff5afba4,2026-03-09 17:43:24.009842787+00:00,2026-03-09 17:43:24.009842787+00:00
BACKTESTER-001,OracleStrategy-000,MESM6.GLBX,GLBX-1-1645,MESM6.GLBX-OracleStrategy-000,GLBX-001,GLBX-1-1645,MARKET,BUY,1,GTC,False,False,1,TAKER,6748.75,0.0,['0.00 USD'],NO_TRIGGER,FILLED,NO_CONTINGENCY,,,,MY_GENERIC_ALGO,,O-20260309-174324-001-000-1995,,02ed2464-0943-4e54-a4fe-f5cd3411a5ae,2026-03-09 17:43:24.009842787+00:00,2026-03-09 17:43:24.009842787+00:00
BACKTESTER-001,OracleStrategy-000,MESM6.GLBX,GLBX-1-1646,MESM6.GLBX-OracleStrategy-000,GLBX-001,GLBX-1-1646,MARKET,SELL,1,GTC,True,False,1,TAKER,6753.5,0.0,['0.00 USD'],NO_TRIGGER,FILLED,NO_CONTINGENCY,,,,MY_GENERIC_ALGO,,O-20260309-174608-001-000-1996,,b39905f3-28f5-46c2-b530-834f2eb0aba4,2026-03-09 17:46:08.658264396+00:00,2026-03-09 17:46:08.658264396+00:00
BACKTESTER-001,OracleStrategy-000,MESM6.GLBX,GLBX-1-1647,MESM6.GLBX-OracleStrategy-000,GLBX-001,GLBX-1-1647,MARKET,SELL,1,GTC,False,False,1,TAKER,6753.5,0.0,['0.00 USD'],NO_TRIGGER,FILLED,NO_CONTINGENCY,,,,MY_GENERIC_ALGO,,O-20260309-174608-001-000-1997,,079d0ef9-39b6-40c2-a68c-8c3be668e40e,2026-03-09 17:46:08.658264396+00:00,2026-03-09 17:46:08.658264396+00:00
BACKTESTER-001,OracleStrategy-000,MESM6.GLBX,GLBX-1-1648,MESM6.GLBX-OracleStrategy-000,GLBX-001,GLBX-1-1648,MARKET,BUY,1,GTC,True,False,1,TAKER,6752.0,0.0,['0.00 USD'],NO_TRIGGER,FILLED,NO_CONTINGENCY,,,,MY_GENERIC_ALGO,,O-20260309-174643-001-000-1998,,34724d37-3ac9-4f52-9df6-aff7a1335af3,2026-03-09 17:46:43.692875763+00:00,2026-03-09 17:46:43.692875763+00:00
BACKTESTER-001,OracleStrategy-000,MESM6.GLBX,GLBX-1-1649,MESM6.GLBX-OracleStrategy-000,GLBX-001,GLBX-1-1649,MARKET,BUY,1,GTC,False,False,1,TAKER,6752.0,0.0,['0.00 USD'],NO_TRIGGER,FILLED,NO_CONTINGENCY,,,,MY_GENERIC_ALGO,,O-20260309-174643-001-000-1999,,faabac0f-f7e0-4eeb-87fa-d9929aaa766b,2026-03-09 17:46:43.692875763+00:00,2026-03-09 17:46:43.692875763+00:00
BACKTESTER-001,OracleStrategy-000,MESM6.GLBX,GLBX-1-1650,MESM6.GLBX-OracleStrategy-000,GLBX-001,GLBX-1-1650,MARKET,SELL,1,GTC,True,False,1,TAKER,6753.25,0.0,['0.00 USD'],NO_TRIGGER,FILLED,NO_CONTINGENCY,,,,MY_GENERIC_ALGO,,O-20260309-174650-001-000-2000,,ad166080-0393-431d-b5b1-d9ce6378de18,2026-03-09 17:46:50.876229397+00:00,2026-03-09 17:46:50.876229397+00:00
BACKTESTER-001,OracleStrategy-000,MESM6.GLBX,GLBX-1-1651,MESM6.GLBX-OracleStrategy-000,GLBX-001,GLBX-1-1651,MARKET,SELL,1,GTC,False,False,1,TAKER,6753.25,0.0,['0.00 USD'],NO_TRIGGER,FILLED,NO_CONTINGENCY,,,,MY_GENERIC_ALGO,,O-20260309-174650-001-000-2001,,635c526f-72ce-4b19-90cc-77582ae283bf,2026-03-09 17:46:50.876229397+00:00,2026-03-09 17:46:50.876229397+00:00
BACKTESTER-001,OracleStrategy-000,MESM6.GLBX,GLBX-1-1652,MESM6.GLBX-OracleStrategy-000,GLBX-001,GLBX-1-1652,MARKET,BUY,1,GTC,True,False,1,TAKER,6753.0,0.0,['0.00 USD'],NO_TRIGGER,FILLED,NO_CONTINGENCY,,,,MY_GENERIC_ALGO,,O-20260309-174745-001-000-2002,,f65b30ab-e076-487b-ac9c-4e885ceaa1cd,2026-03-09 17:47:45.056632216+00:00,2026-03-09 17:47:45.056632216+00:00
BACKTESTER-001,OracleStrategy-000,MESM6.GLBX,GLBX-1-1653,MESM6.GLBX-OracleStrategy-000,GLBX-001,GLBX-1-1653,MARKET,BUY,1,GTC,False,False,1,TAKER,6753.0,0.0,['0.00 USD'],NO_TRIGGER,FILLED,NO_CONTINGENCY,,,,MY_GENERIC_ALGO,,O-20260309-174745-001-000-2003,,980b3164-4f8e-4862-8e71-d1ab81d39360,2026-03-09 17:47:45.056632216+00:00,2026-03-09 17:47:45.056632216+00:00
BACKTESTER-001,OracleStrategy-000,MESM6.GLBX,GLBX-1-1654,MESM6.GLBX-OracleStrategy-000,GLBX-001,GLBX-1-1654,MARKET,SELL,1,GTC,True,False,1,TAKER,6757.5,0.0,['0.00 USD'],NO_TRIGGER,FILLED,NO_CONTINGENCY,,,,MY_GENERIC_ALGO,,O-20260309-174833-001-000-2004,,f27bb6d0-7cc0-4f5a-b24c-e584e517e904,2026-03-09 17:48:33.151103301+00:00,2026-03-09 17:48:33.151103301+00:00
BACKTESTER-001,OracleStrategy-000,MESM6.GLBX,GLBX-1-1655,MESM6.GLBX-OracleStrategy-000,GLBX-001,GLBX-1-1655,MARKET,SELL,1,GTC,False,False,1,TAKER,6757.5,0.0,['0.00 USD'],NO_TRIGGER,FILLED,NO_CONTINGENCY,,,,MY_GENERIC_ALGO,,O-20260309-174833-001-000-2005,,040ba3e9-f685-46c4-ac33-a7f6c20d62b6,2026-03-09 17:48:33.151103301+00:00,2026-03-09 17:48:33.151103301+00:00
BACKTESTER-001,OracleStrategy-000,MESM6.GLBX,GLBX-1-1656,MESM6.GLBX-OracleStrategy-000,GLBX-001,GLBX-1-1656,MARKET,BUY,1,GTC,True,False,1,TAKER,6753.0,0.0,['0.00 USD'],NO_TRIGGER,FILLED,NO_CONTINGENCY,,,,MY_GENERIC_ALGO,,O-20260309-174949-001-000-2006,,a1bfb419-aabe-403d-bdc1-7b1422b61c7c,2026-03-09 17:49:49.196572989+00:00,2026-03-09 17:49:49.196572989+00:00
BACKTESTER-001,OracleStrategy-000,MESM6.GLBX,GLBX-1-1657,MESM6.GLBX-OracleStrategy-000,GLBX-001,GLBX-1-1657,MARKET,BUY,1,GTC,False,False,1,TAKER,6753.0,0.0,['0.00 USD'],NO_TRIGGER,FILLED,NO_CONTINGENCY,,,,MY_GENERIC_ALGO,,O-20260309-174949-001-000-2007,,c19995f7-05b3-4148-8eb0-64034d693d01,2026-03-09 17:49:49.196572989+00:00,2026-03-09 17:49:49.196572989+00:00
BACKTESTER-001,OracleStrategy-000,MESM6.GLBX,GLBX-1-1658,MESM6.GLBX-OracleStrategy-000,GLBX-001,GLBX-1-1658,MARKET,SELL,1,GTC,True,False,1,TAKER,6754.75,0.0,['0.00 USD'],NO_TRIGGER,FILLED,NO_CONTINGENCY,,,,MY_GENERIC_ALGO,,O-20260309-175018-001-000-2008,,35b01f84-6605-4f3c-8c28-ac58f738920b,2026-03-09 17:50:18.528889257+00:00,2026-03-09 17:50:18.528889257+00:00
BACKTESTER-001,OracleStrategy-000,MESM6.GLBX,GLBX-1-1659,MESM6.GLBX-OracleStrategy-000,GLBX-001,GLBX-1-1659,MARKET,SELL,1,GTC,False,False,1,TAKER,6754.75,0.0,['0.00 USD'],NO_TRIGGER,FILLED,NO_CONTINGENCY,,,,MY_GENERIC_ALGO,,O-20260309-175018-001-000-2009,,5644f548-dffe-469f-91f8-659dfe42fa2d,2026-03-09 17:50:18.528889257+00:00,2026-03-09 17:50:18.528889257+00:00
BACKTESTER-001,OracleStrategy-000,MESM6.GLBX,GLBX-1-1660,MESM6.GLBX-OracleStrategy-000,GLBX-001,GLBX-1-1660,MARKET,BUY,1,GTC,True,False,1,TAKER,6754.25,0.0,['0.00 USD'],NO_TRIGGER,FILLED,NO_CONTINGENCY,,,,MY_GENERIC_ALGO,,O-20260309-175038-001-000-2010,,ffab0f64-d881-4e75-bd58-cbed4ff332f6,2026-03-09 17:50:38.070720144+00:00,2026-03-09 17:50:38.070720144+00:00
BACKTESTER-001,OracleStrategy-000,MESM6.GLBX,GLBX-1-1661,MESM6.GLBX-OracleStrategy-000,GLBX-001,GLBX-1-1661,MARKET,BUY,1,GTC,False,False,1,TAKER,6754.25,0.0,['0.00 USD'],NO_TRIGGER,FILLED,NO_CONTINGENCY,,,,MY_GENERIC_ALGO,,O-20260309-175038-001-000-2011,,621c97f2-8951-4dd8-b21b-688aab34d971,2026-03-09 17:50:38.070720144+00:00,2026-03-09 17:50:38.070720144+00:00
BACKTESTER-001,OracleStrategy-000,MESM6.GLBX,GLBX-1-1662,MESM6.GLBX-OracleStrategy-000,GLBX-001,GLBX-1-1662,MARKET,SELL,1,GTC,True,False,1,TAKER,6757.75,0.0,['0.00 USD'],NO_TRIGGER,FILLED,NO_CONTINGENCY,,,,MY_GENERIC_ALGO,,O-20260309-175253-001-000-2012,,6019cc3e-f50d-45e0-97d2-849de21e41b8,2026-03-09 17:52:53.247099629+00:00,2026-03-09 17:52:53.247099629+00:00
BACKTESTER-001,OracleStrategy-000,MESM6.GLBX,GLBX-1-1663,MESM6.GLBX-OracleStrategy-000,GLBX-001,GLBX-1-1663,MARKET,SELL,1,GTC,False,False,1,TAKER,6757.75,0.0,['0.00 USD'],NO_TRIGGER,FILLED,NO_CONTINGENCY,,,,MY_GENERIC_ALGO,,O-20260309-175253-001-000-2013,,928cc58d-7e12-4b8e-97b5-8534b660ffea,2026-03-09 17:52:53.247099629+00:00,2026-03-09 17:52:53.247099629+00:00
BACKTESTER-001,OracleStrategy-000,MESM6.GLBX,GLBX-1-1664,MESM6.GLBX-OracleStrategy-000,GLBX-001,GLBX-1-1664,MARKET,BUY,1,GTC,True,False,1,TAKER,6757.0,0.0,['0.00 USD'],NO_TRIGGER,FILLED,NO_CONTINGENCY,,,,MY_GENERIC_ALGO,,O-20260309-175344-001-000-2014,,fd3cc62e-c12f-420d-ad8e-02bf3472cf95,2026-03-09 17:53:44.225058394+00:00,2026-03-09 17:53:44.225058394+00:00
BACKTESTER-001,OracleStrategy-000,MESM6.GLBX,GLBX-1-1665,MESM6.GLBX-OracleStrategy-000,GLBX-001,GLBX-1-1665,MARKET,BUY,1,GTC,False,False,1,TAKER,6757.0,0.0,['0.00 USD'],NO_TRIGGER,FILLED,NO_CONTINGENCY,,,,MY_GENERIC_ALGO,,O-20260309-175344-001-000-2015,,a9822a81-584f-4c70-a6fd-044859c26e19,2026-03-09 17:53:44.225058394+00:00,2026-03-09 17:53:44.225058394+00:00
BACKTESTER-001,OracleStrategy-000,MESM6.GLBX,GLBX-1-1666,MESM6.GLBX-OracleStrategy-000,GLBX-001,GLBX-1-1666,MARKET,SELL,1,GTC,True,False,1,TAKER,6758.5,0.0,['0.00 USD'],NO_TRIGGER,FILLED,NO_CONTINGENCY,,,,MY_GENERIC_ALGO,,O-20260309-175450-001-000-2016,,e9dbb8f4-b412-459e-a2b0-c2a7964c313a,2026-03-09 17:54:50.045727291+00:00,2026-03-09 17:54:50.045727291+00:00
BACKTESTER-001,OracleStrategy-000,MESM6.GLBX,GLBX-1-1667,MESM6.GLBX-OracleStrategy-000,GLBX-001,GLBX-1-1667,MARKET,SELL,1,GTC,False,False,1,TAKER,6758.5,0.0,['0.00 USD'],NO_TRIGGER,FILLED,NO_CONTINGENCY,,,,MY_GENERIC_ALGO,,O-20260309-175450-001-000-2017,,7c810af5-c505-4faf-931c-cdf1f6fc0026,2026-03-09 17:54:50.045727291+00:00,2026-03-09 17:54:50.045727291+00:00
BACKTESTER-001,OracleStrategy-000,MESM6.GLBX,GLBX-1-1668,MESM6.GLBX-OracleStrategy-000,GLBX-001,GLBX-1-1668,MARKET,BUY,1,GTC,True,False,1,TAKER,6756.5,0.0,['0.00 USD'],NO_TRIGGER,FILLED,NO_CONTINGENCY,,,,MY_GENERIC_ALGO,,O-20260309-175602-001-000-2018,,cfb982e5-8052-4ff2-8cb1-509c820b16bf,2026-03-09 17:56:02.947531202+00:00,2026-03-09 17:56:02.947531202+00:00
BACKTESTER-001,OracleStrategy-000,MESM6.GLBX,GLBX-1-1669,MESM6.GLBX-OracleStrategy-000,GLBX-001,GLBX-1-1669,MARKET,BUY,1,GTC,False,False,1,TAKER,6756.5,0.0,['0.00 USD'],NO_TRIGGER,FILLED,NO_CONTINGENCY,,,,MY_GENERIC_ALGO,,O-20260309-175602-001-000-2019,,6284f94c-6bad-4704-940a-46b16250773c,2026-03-09 17:56:02.947531202+00:00,2026-03-09 17:56:02.947531202+00:00
BACKTESTER-001,OracleStrategy-000,MESM6.GLBX,GLBX-1-1670,MESM6.GLBX-OracleStrategy-000,GLBX-001,GLBX-1-1670,MARKET,SELL,1,GTC,True,False,1,TAKER,6756.0,0.0,['0.00 USD'],NO_TRIGGER,FILLED,NO_CONTINGENCY,,,,MY_GENERIC_ALGO,,O-20260309-175609-001-000-2020,,6d0bf14b-90aa-484d-9747-be86e582a609,2026-03-09 17:56:09.319138288+00:00,2026-03-09 17:56:09.319138288+00:00
BACKTESTER-001,OracleStrategy-000,MESM6.GLBX,GLBX-1-1671,MESM6.GLBX-OracleStrategy-000,GLBX-001,GLBX-1-1671,MARKET,SELL,1,GTC,False,False,1,TAKER,6756.0,0.0,['0.00 USD'],NO_TRIGGER,FILLED,NO_CONTINGENCY,,,,MY_GENERIC_ALGO,,O-20260309-175609-001-000-2021,,eb2ff90d-f1e1-4c81-8503-e79bcf93136d,2026-03-09 17:56:09.319138288+00:00,2026-03-09 17:56:09.319138288+00:00
BACKTESTER-001,OracleStrategy-000,MESM6.GLBX,GLBX-1-1672,MESM6.GLBX-OracleStrategy-000,GLBX-001,GLBX-1-1672,MARKET,BUY,1,GTC,True,False,1,TAKER,6755.75,0.0,['0.00 USD'],NO_TRIGGER,FILLED,NO_CONTINGENCY,,,,MY_GENERIC_ALGO,,O-20260309-175922-001-000-2022,,d9a5a0c2-6a6d-4eae-abc6-79764eb5d3fb,2026-03-09 17:59:22.924990880+00:00,2026-03-09 17:59:22.924990880+00:00
BACKTESTER-001,OracleStrategy-000,MESM6.GLBX,GLBX-1-1673,MESM6.GLBX-OracleStrategy-000,GLBX-001,GLBX-1-1673,MARKET,BUY,1,GTC,False,False,1,TAKER,6755.75,0.0,['0.00 USD'],NO_TRIGGER,FILLED,NO_CONTINGENCY,,,,MY_GENERIC_ALGO,,O-20260309-175922-001-000-2023,,d69f55a8-8ced-4391-ad3d-a47201511215,2026-03-09 17:59:22.924990880+00:00,2026-03-09 17:59:22.924990880+00:00
BACKTESTER-001,OracleStrategy-000,MESM6.GLBX,GLBX-1-1674,MESM6.GLBX-OracleStrategy-000,GLBX-001,GLBX-1-1674,MARKET,SELL,1,GTC,True,False,1,TAKER,6760.25,0.0,['0.00 USD'],NO_TRIGGER,FILLED,NO_CONTINGENCY,,,,MY_GENERIC_ALGO,,O-20260309-180024-001-000-2024,,24ae998c-d449-44ce-b7ef-7c59fffe2d71,2026-03-09 18:00:24.327396165+00:00,2026-03-09 18:00:24.327396165+00:00
BACKTESTER-001,OracleStrategy-000,MESM6.GLBX,GLBX-1-1675,MESM6.GLBX-OracleStrategy-000,GLBX-001,GLBX-1-1675,MARKET,SELL,1,GTC,False,False,1,TAKER,6760.25,0.0,['0.00 USD'],NO_TRIGGER,FILLED,NO_CONTINGENCY,,,,MY_GENERIC_ALGO,,O-20260309-180024-001-000-2025,,e7833e97-f717-4d11-bbc7-b5c5f1a7e8e0,2026-03-09 18:00:24.327396165+00:00,2026-03-09 18:00:24.327396165+00:00
BACKTESTER-001,OracleStrategy-000,MESM6.GLBX,GLBX-1-1676,MESM6.GLBX-OracleStrategy-000,GLBX-001,GLBX-1-1676,MARKET,BUY,1,GTC,True,False,1,TAKER,6759.25,0.0,['0.00 USD'],NO_TRIGGER,FILLED,NO_CONTINGENCY,,,,MY_GENERIC_ALGO,,O-20260309-180104-001-000-2026,,ca309fae-9ef0-4d10-b434-6dccc21b4156,2026-03-09 18:01:04.666765533+00:00,2026-03-09 18:01:04.666765533+00:00
BACKTESTER-001,OracleStrategy-000,MESM6.GLBX,GLBX-1-1677,MESM6.GLBX-OracleStrategy-000,GLBX-001,GLBX-1-1677,MARKET,BUY,1,GTC,False,False,1,TAKER,6759.25,0.0,['0.00 USD'],NO_TRIGGER,FILLED,NO_CONTINGENCY,,,,MY_GENERIC_ALGO,,O-20260309-180104-001-000-2027,,dffae50c-2914-4848-826b-3c08f9ebc03c,2026-03-09 18:01:04.666765533+00:00,2026-03-09 18:01:04.666765533+00:00
BACKTESTER-001,OracleStrategy-000,MESM6.GLBX,GLBX-1-1678,MESM6.GLBX-OracleStrategy-000,GLBX-001,GLBX-1-1678,MARKET,SELL,1,GTC,True,False,1,TAKER,6759.25,0.0,['0.00 USD'],NO_TRIGGER,FILLED,NO_CONTINGENCY,,,,MY_GENERIC_ALGO,,O-20260309-180118-001-000-2028,,885e6995-4f51-4ad8-ae34-f2c01ccc782f,2026-03-09 18:01:18.547943236+00:00,2026-03-09 18:01:18.547943236+00:00
BACKTESTER-001,OracleStrategy-000,MESM6.GLBX,GLBX-1-1679,MESM6.GLBX-OracleStrategy-000,GLBX-001,GLBX-1-1679,MARKET,SELL,1,GTC,False,False,1,TAKER,6759.25,0.0,['0.00 USD'],NO_TRIGGER,FILLED,NO_CONTINGENCY,,,,MY_GENERIC_ALGO,,O-20260309-180118-001-000-2029,,552be1f1-10e2-41d1-93cf-6a036cd2fc1f,2026-03-09 18:01:18.547943236+00:00,2026-03-09 18:01:18.547943236+00:00
BACKTESTER-001,OracleStrategy-000,MESM6.GLBX,GLBX-1-1680,MESM6.GLBX-OracleStrategy-000,GLBX-001,GLBX-1-1680,MARKET,BUY,1,GTC,True,False,1,TAKER,6759.25,0.0,['0.00 USD'],NO_TRIGGER,FILLED,NO_CONTINGENCY,,,,MY_GENERIC_ALGO,,O-20260309-180133-001-000-2030,,20eddd1a-2ebb-4067-b6ee-ad0a56c4e54a,2026-03-09 18:01:33.048437048+00:00,2026-03-09 18:01:33.048437048+00:00
BACKTESTER-001,OracleStrategy-000,MESM6.GLBX,GLBX-1-1681,MESM6.GLBX-OracleStrategy-000,GLBX-001,GLBX-1-1681,MARKET,BUY,1,GTC,False,False,1,TAKER,6759.25,0.0,['0.00 USD'],NO_TRIGGER,FILLED,NO_CONTINGENCY,,,,MY_GENERIC_ALGO,,O-20260309-180133-001-000-2031,,48d0810d-48e4-484e-bbf5-3ce05bafd0c8,2026-03-09 18:01:33.048437048+00:00,2026-03-09 18:01:33.048437048+00:00
BACKTESTER-001,OracleStrategy-000,MESM6.GLBX,GLBX-1-1682,MESM6.GLBX-OracleStrategy-000,GLBX-001,GLBX-1-1682,MARKET,SELL,1,GTC,True,False,1,TAKER,6760.0,0.0,['0.00 USD'],NO_TRIGGER,FILLED,NO_CONTINGENCY,,,,MY_GENERIC_ALGO,,O-20260309-180252-001-000-2032,,fa98e298-67ac-4f75-893b-b5532c47224f,2026-03-09 18:02:52.992039066+00:00,2026-03-09 18:02:52.992039066+00:00
BACKTESTER-001,OracleStrategy-000,MESM6.GLBX,GLBX-1-1683,MESM6.GLBX-OracleStrategy-000,GLBX-001,GLBX-1-1683,MARKET,SELL,1,GTC,False,False,1,TAKER,6760.0,0.0,['0.00 USD'],NO_TRIGGER,FILLED,NO_CONTINGENCY,,,,MY_GENERIC_ALGO,,O-20260309-180252-001-000-2033,,63f70d70-29c3-4622-bc56-48c8579f254c,2026-03-09 18:02:52.992039066+00:00,2026-03-09 18:02:52.992039066+00:00
BACKTESTER-001,OracleStrategy-000,MESM6.GLBX,GLBX-1-1684,MESM6.GLBX-OracleStrategy-000,GLBX-001,GLBX-1-1684,MARKET,BUY,1,GTC,True,False,1,TAKER,6758.5,0.0,['0.00 USD'],NO_TRIGGER,FILLED,NO_CONTINGENCY,,,,MY_GENERIC_ALGO,,O-20260309-180426-001-000-2034,,ab0f6750-875c-4cf1-856b-4593e6a53783,2026-03-09 18:04:26.331566767+00:00,2026-03-09 18:04:26.331566767+00:00
BACKTESTER-001,OracleStrategy-000,MESM6.GLBX,GLBX-1-1685,MESM6.GLBX-OracleStrategy-000,GLBX-001,GLBX-1-1685,MARKET,BUY,1,GTC,False,False,1,TAKER,6758.5,0.0,['0.00 USD'],NO_TRIGGER,FILLED,NO_CONTINGENCY,,,,MY_GENERIC_ALGO,,O-20260309-180426-001-000-2035,,101c5c18-8d81-4b31-9eaf-388647708701,2026-03-09 18:04:26.331566767+00:00,2026-03-09 18:04:26.331566767+00:00
BACKTESTER-001,OracleStrategy-000,MESM6.GLBX,GLBX-1-1686,MESM6.GLBX-OracleStrategy-000,GLBX-001,GLBX-1-1686,MARKET,SELL,1,GTC,True,False,1,TAKER,6763.25,0.0,['0.00 USD'],NO_TRIGGER,FILLED,NO_CONTINGENCY,,,,MY_GENERIC_ALGO,,O-20260309-180549-001-000-2036,,3d6eb3ef-f5fa-4344-bff7-3c7196b7d16c,2026-03-09 18:05:49.136249304+00:00,2026-03-09 18:05:49.136249304+00:00
BACKTESTER-001,OracleStrategy-000,MESM6.GLBX,GLBX-1-1687,MESM6.GLBX-OracleStrategy-000,GLBX-001,GLBX-1-1687,MARKET,SELL,1,GTC,False,False,1,TAKER,6763.25,0.0,['0.00 USD'],NO_TRIGGER,FILLED,NO_CONTINGENCY,,,,MY_GENERIC_ALGO,,O-20260309-180549-001-000-2037,,c0f33846-5733-41e1-bbd6-4f89a9e4b2ab,2026-03-09 18:05:49.136249304+00:00,2026-03-09 18:05:49.136249304+00:00
BACKTESTER-001,OracleStrategy-000,MESM6.GLBX,GLBX-1-1688,MESM6.GLBX-OracleStrategy-000,GLBX-001,GLBX-1-1688,MARKET,BUY,1,GTC,True,False,1,TAKER,6764.0,0.0,['0.00 USD'],NO_TRIGGER,FILLED,NO_CONTINGENCY,,,,MY_GENERIC_ALGO,,O-20260309-180558-001-000-2038,,4ee7e9e8-8632-4c08-86af-318247250d89,2026-03-09 18:05:58.079218707+00:00,2026-03-09 18:05:58.079218707+00:00
BACKTESTER-001,OracleStrategy-000,MESM6.GLBX,GLBX-1-1689,MESM6.GLBX-OracleStrategy-000,GLBX-001,GLBX-1-1689,MARKET,BUY,1,GTC,False,False,1,TAKER,6764.0,0.0,['0.00 USD'],NO_TRIGGER,FILLED,NO_CONTINGENCY,,,,MY_GENERIC_ALGO,,O-20260309-180558-001-000-2039,,7dd449d4-29c4-459f-9975-f6406f44efbe,2026-03-09 18:05:58.079218707+00:00,2026-03-09 18:05:58.079218707+00:00
BACKTESTER-001,OracleStrategy-000,MESM6.GLBX,GLBX-1-1690,MESM6.GLBX-OracleStrategy-000,GLBX-001,GLBX-1-1690,MARKET,SELL,1,GTC,True,False,1,TAKER,6765.0,0.0,['0.00 USD'],NO_TRIGGER,FILLED,NO_CONTINGENCY,,,,MY_GENERIC_ALGO,,O-20260309-180631-001-000-2040,,a3706116-cd1c-4982-a440-84bc67bc441f,2026-03-09 18:06:31.515178375+00:00,2026-03-09 18:06:31.515178375+00:00
BACKTESTER-001,OracleStrategy-000,MESM6.GLBX,GLBX-1-1691,MESM6.GLBX-OracleStrategy-000,GLBX-001,GLBX-1-1691,MARKET,SELL,1,GTC,False,False,1,TAKER,6765.0,0.0,['0.00 USD'],NO_TRIGGER,FILLED,NO_CONTINGENCY,,,,MY_GENERIC_ALGO,,O-20260309-180631-001-000-2041,,793aaca2-de47-40be-8db0-88a64e2324a7,2026-03-09 18:06:31.515178375+00:00,2026-03-09 18:06:31.515178375+00:00
BACKTESTER-001,OracleStrategy-000,MESM6.GLBX,GLBX-1-1692,MESM6.GLBX-OracleStrategy-000,GLBX-001,GLBX-1-1692,MARKET,BUY,1,GTC,True,False,1,TAKER,6759.5,0.0,['0.00 USD'],NO_TRIGGER,FILLED,NO_CONTINGENCY,,,,MY_GENERIC_ALGO,,O-20260309-180803-001-000-2042,,3e3b9c45-5025-49cd-a6af-87a86a20f436,2026-03-09 18:08:03.505092783+00:00,2026-03-09 18:08:03.505092783+00:00
BACKTESTER-001,OracleStrategy-000,MESM6.GLBX,GLBX-1-1693,MESM6.GLBX-OracleStrategy-000,GLBX-001,GLBX-1-1693,MARKET,BUY,1,GTC,False,False,1,TAKER,6759.5,0.0,['0.00 USD'],NO_TRIGGER,FILLED,NO_CONTINGENCY,,,,MY_GENERIC_ALGO,,O-20260309-180803-001-000-2043,,2f9099bf-b231-46aa-90bd-ce9873becd83,2026-03-09 18:08:03.505092783+00:00,2026-03-09 18:08:03.505092783+00:00
BACKTESTER-001,OracleStrategy-000,MESM6.GLBX,GLBX-1-1694,MESM6.GLBX-OracleStrategy-000,GLBX-001,GLBX-1-1694,MARKET,SELL,1,GTC,True,False,1,TAKER,6760.25,0.0,['0.00 USD'],NO_TRIGGER,FILLED,NO_CONTINGENCY,,,,MY_GENERIC_ALGO,,O-20260309-180900-001-000-2044,,03984d34-f603-4f52-b1c9-49f15dafe751,2026-03-09 18:09:00.108887686+00:00,2026-03-09 18:09:00.108887686+00:00
BACKTESTER-001,OracleStrategy-000,MESM6.GLBX,GLBX-1-1695,MESM6.GLBX-OracleStrategy-000,GLBX-001,GLBX-1-1695,MARKET,SELL,1,GTC,False,False,1,TAKER,6760.25,0.0,['0.00 USD'],NO_TRIGGER,FILLED,NO_CONTINGENCY,,,,MY_GENERIC_ALGO,,O-20260309-180900-001-000-2045,,43af3e21-68bd-439d-aba6-6c5088ae22ec,2026-03-09 18:09:00.108887686+00:00,2026-03-09 18:09:00.108887686+00:00
BACKTESTER-001,OracleStrategy-000,MESM6.GLBX,GLBX-1-1696,MESM6.GLBX-OracleStrategy-000,GLBX-001,GLBX-1-1696,MARKET,BUY,1,GTC,True,False,1,TAKER,6758.0,0.0,['0.00 USD'],NO_TRIGGER,FILLED,NO_CONTINGENCY,,,,MY_GENERIC_ALGO,,O-20260309-180930-001-000-2046,,dfdc3211-3c90-4dbc-81a6-103cdd751bd5,2026-03-09 18:09:30.802950783+00:00,2026-03-09 18:09:30.802950783+00:00
BACKTESTER-001,OracleStrategy-000,MESM6.GLBX,GLBX-1-1697,MESM6.GLBX-OracleStrategy-000,GLBX-001,GLBX-1-1697,MARKET,BUY,1,GTC,False,False,1,TAKER,6758.0,0.0,['0.00 USD'],NO_TRIGGER,FILLED,NO_CONTINGENCY,,,,MY_GENERIC_ALGO,,O-20260309-180953-001-000-2049,,79812343-fb0f-4570-837d-95e3cc536946,2026-03-09 18:09:53.412805004+00:00,2026-03-09 18:09:53.412805004+00:00
BACKTESTER-001,OracleStrategy-000,MESM6.GLBX,GLBX-1-1698,MESM6.GLBX-OracleStrategy-000,GLBX-001,GLBX-1-1698,MARKET,SELL,1,GTC,True,False,1,TAKER,6760.5,0.0,['0.00 USD'],NO_TRIGGER,FILLED,NO_CONTINGENCY,,,,MY_GENERIC_ALGO,,O-20260309-181130-001-000-2050,,eadef1a3-2400-4f5c-b8ad-ac0323aef719,2026-03-09 18:11:30.888584336+00:00,2026-03-09 18:11:30.888584336+00:00
BACKTESTER-001,OracleStrategy-000,MESM6.GLBX,GLBX-1-1699,MESM6.GLBX-OracleStrategy-000,GLBX-001,GLBX-1-1699,MARKET,SELL,1,GTC,False,False,1,TAKER,6760.5,0.0,['0.00 USD'],NO_TRIGGER,FILLED,NO_CONTINGENCY,,,,MY_GENERIC_ALGO,,O-20260309-181130-001-000-2051,,38437e20-ec8a-4a84-92cd-e2e5fa0fa94e,2026-03-09 18:11:30.888584336+00:00,2026-03-09 18:11:30.888584336+00:00
BACKTESTER-001,OracleStrategy-000,MESM6.GLBX,GLBX-1-1700,MESM6.GLBX-OracleStrategy-000,GLBX-001,GLBX-1-1700,MARKET,BUY,1,GTC,True,False,1,TAKER,6758.0,0.0,['0.00 USD'],NO_TRIGGER,FILLED,NO_CONTINGENCY,,,,MY_GENERIC_ALGO,,O-20260309-181227-001-000-2052,,ce85c4ba-a75b-4434-946b-53a8b1643996,2026-03-09 18:12:27.501009458+00:00,2026-03-09 18:12:27.501009458+00:00
BACKTESTER-001,OracleStrategy-000,MESM6.GLBX,GLBX-1-1701,MESM6.GLBX-OracleStrategy-000,GLBX-001,GLBX-1-1701,MARKET,BUY,1,GTC,False,False,1,TAKER,6758.0,0.0,['0.00 USD'],NO_TRIGGER,FILLED,NO_CONTINGENCY,,,,MY_GENERIC_ALGO,,O-20260309-181230-001-000-2054,,af42db12-d903-4f91-8193-7964077d38b4,2026-03-09 18:12:30.116684155+00:00,2026-03-09 18:12:30.116684155+00:00
BACKTESTER-001,OracleStrategy-000,MESM6.GLBX,GLBX-1-1702,MESM6.GLBX-OracleStrategy-000,GLBX-001,GLBX-1-1702,MARKET,SELL,1,GTC,True,False,1,TAKER,6763.0,0.0,['0.00 USD'],NO_TRIGGER,FILLED,NO_CONTINGENCY,,,,MY_GENERIC_ALGO,,O-20260309-181357-001-000-2055,,f5623e7b-b1b0-41ae-bf2c-05f011b449fd,2026-03-09 18:13:57.582838803+00:00,2026-03-09 18:13:57.582838803+00:00
BACKTESTER-001,OracleStrategy-000,MESM6.GLBX,GLBX-1-1703,MESM6.GLBX-OracleStrategy-000,GLBX-001,GLBX-1-1703,MARKET,SELL,1,GTC,False,False,1,TAKER,6763.0,0.0,['0.00 USD'],NO_TRIGGER,FILLED,NO_CONTINGENCY,,,,MY_GENERIC_ALGO,,O-20260309-181357-001-000-2056,,22a95a0e-d119-46c3-b57b-35e4f3209bc0,2026-03-09 18:13:57.582838803+00:00,2026-03-09 18:13:57.582838803+00:00
BACKTESTER-001,OracleStrategy-000,MESM6.GLBX,GLBX-1-1704,MESM6.GLBX-OracleStrategy-000,GLBX-001,GLBX-1-1704,MARKET,BUY,1,GTC,True,False,1,TAKER,6761.25,0.0,['0.00 USD'],NO_TRIGGER,FILLED,NO_CONTINGENCY,,,,MY_GENERIC_ALGO,,O-20260309-181615-001-000-2057,,c300f178-3462-40af-95fa-da766fb6e19b,2026-03-09 18:16:15.156472468+00:00,2026-03-09 18:16:15.156472468+00:00
BACKTESTER-001,OracleStrategy-000,MESM6.GLBX,GLBX-1-1705,MESM6.GLBX-OracleStrategy-000,GLBX-001,GLBX-1-1705,MARKET,BUY,1,GTC,False,False,1,TAKER,6763.75,0.0,['0.00 USD'],NO_TRIGGER,FILLED,NO_CONTINGENCY,,,,MY_GENERIC_ALGO,,O-20260309-181632-001-000-2059,,9922209b-795a-45ea-af67-bd4142c76b98,2026-03-09 18:16:32.176285082+00:00,2026-03-09 18:16:32.176285082+00:00
BACKTESTER-001,OracleStrategy-000,MESM6.GLBX,GLBX-1-1706,MESM6.GLBX-OracleStrategy-000,GLBX-001,GLBX-1-1706,MARKET,SELL,1,GTC,True,False,1,TAKER,6768.25,0.0,['0.00 USD'],NO_TRIGGER,FILLED,NO_CONTINGENCY,,,,MY_GENERIC_ALGO,,O-20260309-181821-001-000-2060,,358f9914-9c12-45d3-8136-5c23a2486927,2026-03-09 18:18:21.013436647+00:00,2026-03-09 18:18:21.013436647+00:00
BACKTESTER-001,OracleStrategy-000,MESM6.GLBX,GLBX-1-1707,MESM6.GLBX-OracleStrategy-000,GLBX-001,GLBX-1-1707,MARKET,BUY,1,GTC,False,False,1,TAKER,6768.25,0.0,['0.00 USD'],NO_TRIGGER,FILLED,NO_CONTINGENCY,,,,MY_GENERIC_ALGO,,O-20260309-181934-001-000-2063,,dd4d00e3-2e4a-4f21-a521-7dcc8ef15eb1,2026-03-09 18:19:34.758899143+00:00,2026-03-09 18:19:34.758899143+00:00
BACKTESTER-001,OracleStrategy-000,MESM6.GLBX,GLBX-1-1708,MESM6.GLBX-OracleStrategy-000,GLBX-001,GLBX-1-1708,MARKET,SELL,1,GTC,True,False,1,TAKER,6770.0,0.0,['0.00 USD'],NO_TRIGGER,FILLED,NO_CONTINGENCY,,,,MY_GENERIC_ALGO,,O-20260309-182010-001-000-2064,,50290501-f443-4644-9bcb-4a8a94a39d7a,2026-03-09 18:20:10.723627762+00:00,2026-03-09 18:20:10.723627762+00:00
BACKTESTER-001,OracleStrategy-000,MESM6.GLBX,GLBX-1-1709,MESM6.GLBX-OracleStrategy-000,GLBX-001,GLBX-1-1709,MARKET,SELL,1,GTC,False,False,1,TAKER,6770.0,0.0,['0.00 USD'],NO_TRIGGER,FILLED,NO_CONTINGENCY,,,,MY_GENERIC_ALGO,,O-20260309-182010-001-000-2065,,a0945d87-7794-4943-9777-1f0dbe2e1091,2026-03-09 18:20:10.723627762+00:00,2026-03-09 18:20:10.723627762+00:00
BACKTESTER-001,OracleStrategy-000,MESM6.GLBX,GLBX-1-1710,MESM6.GLBX-OracleStrategy-000,GLBX-001,GLBX-1-1710,MARKET,BUY,1,GTC,True,False,1,TAKER,6767.25,0.0,['0.00 USD'],NO_TRIGGER,FILLED,NO_CONTINGENCY,,,,MY_GENERIC_ALGO,,O-20260309-182200-001-000-2066,,ee0d0cc2-119c-45fe-bdb0-59f9a414475e,2026-03-09 18:22:00.937329362+00:00,2026-03-09 18:22:00.937329362+00:00
BACKTESTER-001,OracleStrategy-000,MESM6.GLBX,GLBX-1-1711,MESM6.GLBX-OracleStrategy-000,GLBX-001,GLBX-1-1711,MARKET,BUY,1,GTC,False,False,1,TAKER,6767.25,0.0,['0.00 USD'],NO_TRIGGER,FILLED,NO_CONTINGENCY,,,,MY_GENERIC_ALGO,,O-20260309-182200-001-000-2067,,545c6f52-8c63-4fac-bdba-ea63da1d896d,2026-03-09 18:22:00.937329362+00:00,2026-03-09 18:22:00.937329362+00:00
BACKTESTER-001,OracleStrategy-000,MESM6.GLBX,GLBX-1-1712,MESM6.GLBX-OracleStrategy-000,GLBX-001,GLBX-1-1712,MARKET,SELL,1,GTC,True,False,1,TAKER,6770.0,0.0,['0.00 USD'],NO_TRIGGER,FILLED,NO_CONTINGENCY,,,,MY_GENERIC_ALGO,,O-20260309-182334-001-000-2068,,9e2cb19c-5318-4e9f-9655-f188f973984a,2026-03-09 18:23:34.856776078+00:00,2026-03-09 18:23:34.856776078+00:00
BACKTESTER-001,OracleStrategy-000,MESM6.GLBX,GLBX-1-1713,MESM6.GLBX-OracleStrategy-000,GLBX-001,GLBX-1-1713,MARKET,SELL,1,GTC,False,False,1,TAKER,6770.0,0.0,['0.00 USD'],NO_TRIGGER,FILLED,NO_CONTINGENCY,,,,MY_GENERIC_ALGO,,O-20260309-182334-001-000-2069,,86d6e2d0-c298-4f13-8919-54def8b2005b,2026-03-09 18:23:34.856776078+00:00,2026-03-09 18:23:34.856776078+00:00
BACKTESTER-001,OracleStrategy-000,MESM6.GLBX,GLBX-1-1714,MESM6.GLBX-OracleStrategy-000,GLBX-001,GLBX-1-1714,MARKET,BUY,1,GTC,True,False,1,TAKER,6768.25,0.0,['0.00 USD'],NO_TRIGGER,FILLED,NO_CONTINGENCY,,,,MY_GENERIC_ALGO,,O-20260309-182418-001-000-2070,,2debe357-d5c1-43db-998a-b1062cb7985f,2026-03-09 18:24:18.584428954+00:00,2026-03-09 18:24:18.584428954+00:00
BACKTESTER-001,OracleStrategy-000,MESM6.GLBX,GLBX-1-1715,MESM6.GLBX-OracleStrategy-000,GLBX-001,GLBX-1-1715,MARKET,BUY,1,GTC,False,False,1,TAKER,6768.25,0.0,['0.00 USD'],NO_TRIGGER,FILLED,NO_CONTINGENCY,,,,MY_GENERIC_ALGO,,O-20260309-182418-001-000-2071,,0caf557b-ff38-4f50-a222-5e5d80546e6e,2026-03-09 18:24:18.584428954+00:00,2026-03-09 18:24:18.584428954+00:00
BACKTESTER-001,OracleStrategy-000,MESM6.GLBX,GLBX-1-1716,MESM6.GLBX-OracleStrategy-000,GLBX-001,GLBX-1-1716,MARKET,SELL,1,GTC,True,False,1,TAKER,6769.5,0.0,['0.00 USD'],NO_TRIGGER,FILLED,NO_CONTINGENCY,,,,MY_GENERIC_ALGO,,O-20260309-182701-001-000-2072,,ff0007f4-17ee-4bf7-af5e-3645a0095c13,2026-03-09 18:27:01.851402054+00:00,2026-03-09 18:27:01.851402054+00:00
BACKTESTER-001,OracleStrategy-000,MESM6.GLBX,GLBX-1-1717,MESM6.GLBX-OracleStrategy-000,GLBX-001,GLBX-1-1717,MARKET,SELL,1,GTC,False,False,1,TAKER,6769.5,0.0,['0.00 USD'],NO_TRIGGER,FILLED,NO_CONTINGENCY,,,,MY_GENERIC_ALGO,,O-20260309-182701-001-000-2073,,6f75211e-5d41-457d-aee0-97c370b87dbb,2026-03-09 18:27:01.851402054+00:00,2026-03-09 18:27:01.851402054+00:00
BACKTESTER-001,OracleStrategy-000,MESM6.GLBX,GLBX-1-1718,MESM6.GLBX-OracleStrategy-000,GLBX-001,GLBX-1-1718,MARKET,BUY,1,GTC,True,False,1,TAKER,6767.5,0.0,['0.00 USD'],NO_TRIGGER,FILLED,NO_CONTINGENCY,,,,MY_GENERIC_ALGO,,O-20260309-182729-001-000-2074,,4e74d847-105d-4a9b-a8a3-bc40b7115ac7,2026-03-09 18:27:29.006535666+00:00,2026-03-09 18:27:29.006535666+00:00
BACKTESTER-001,OracleStrategy-000,MESM6.GLBX,GLBX-1-1719,MESM6.GLBX-OracleStrategy-000,GLBX-001,GLBX-1-1719,MARKET,BUY,1,GTC,False,False,1,TAKER,6767.5,0.0,['0.00 USD'],NO_TRIGGER,FILLED,NO_CONTINGENCY,,,,MY_GENERIC_ALGO,,O-20260309-182729-001-000-2075,,a7848b30-30c1-4dff-9001-f853269feb6d,2026-03-09 18:27:29.006535666+00:00,2026-03-09 18:27:29.006535666+00:00
BACKTESTER-001,OracleStrategy-000,MESM6.GLBX,GLBX-1-1720,MESM6.GLBX-OracleStrategy-000,GLBX-001,GLBX-1-1720,MARKET,SELL,1,GTC,True,False,1,TAKER,6768.0,0.0,['0.00 USD'],NO_TRIGGER,FILLED,NO_CONTINGENCY,,,,MY_GENERIC_ALGO,,O-20260309-182928-001-000-2076,,452757c1-02ad-4dba-b2d8-e99ec140e11a,2026-03-09 18:29:28.539859344+00:00,2026-03-09 18:29:28.539859344+00:00
BACKTESTER-001,OracleStrategy-000,MESM6.GLBX,GLBX-1-1721,MESM6.GLBX-OracleStrategy-000,GLBX-001,GLBX-1-1721,MARKET,BUY,1,GTC,False,False,1,TAKER,6768.0,0.0,['0.00 USD'],NO_TRIGGER,FILLED,NO_CONTINGENCY,,,,MY_GENERIC_ALGO,,O-20260309-183001-001-000-2079,,5e7425ce-2f5f-4e72-b8ca-b033325cfebc,2026-03-09 18:30:01.598621181+00:00,2026-03-09 18:30:01.598621181+00:00
BACKTESTER-001,OracleStrategy-000,MESM6.GLBX,GLBX-1-1722,MESM6.GLBX-OracleStrategy-000,GLBX-001,GLBX-1-1722,MARKET,SELL,1,GTC,True,False,1,TAKER,6772.25,0.0,['0.00 USD'],NO_TRIGGER,FILLED,NO_CONTINGENCY,,,,MY_GENERIC_ALGO,,O-20260309-183249-001-000-2080,,6d69a64a-3960-45bb-8859-06cc0d226160,2026-03-09 18:32:49.747717805+00:00,2026-03-09 18:32:49.747717805+00:00
BACKTESTER-001,OracleStrategy-000,MESM6.GLBX,GLBX-1-1723,MESM6.GLBX-OracleStrategy-000,GLBX-001,GLBX-1-1723,MARKET,BUY,1,GTC,False,False,1,TAKER,6772.75,0.0,['0.00 USD'],NO_TRIGGER,FILLED,NO_CONTINGENCY,,,,MY_GENERIC_ALGO,,O-20260309-183426-001-000-2083,,0617b07c-c163-4120-bd3b-efc3103b6289,2026-03-09 18:34:26.570493463+00:00,2026-03-09 18:34:26.570493463+00:00
BACKTESTER-001,OracleStrategy-000,MESM6.GLBX,GLBX-1-1724,MESM6.GLBX-OracleStrategy-000,GLBX-001,GLBX-1-1724,MARKET,SELL,1,GTC,True,False,1,TAKER,6780.5,0.0,['0.00 USD'],NO_TRIGGER,FILLED,NO_CONTINGENCY,,,,MY_GENERIC_ALGO,,O-20260309-183523-001-000-2084,,d21866c3-8f19-4f26-9179-4e19b812e14c,2026-03-09 18:35:23.679212079+00:00,2026-03-09 18:35:23.679212079+00:00
BACKTESTER-001,OracleStrategy-000,MESM6.GLBX,GLBX-1-1725,MESM6.GLBX-OracleStrategy-000,GLBX-001,GLBX-1-1725,MARKET,SELL,1,GTC,False,False,1,TAKER,6780.5,0.0,['0.00 USD'],NO_TRIGGER,FILLED,NO_CONTINGENCY,,,,MY_GENERIC_ALGO,,O-20260309-183523-001-000-2085,,20a18555-91c7-43fa-9f2c-201bac7c9c82,2026-03-09 18:35:23.679212079+00:00,2026-03-09 18:35:23.679212079+00:00
BACKTESTER-001,OracleStrategy-000,MESM6.GLBX,GLBX-1-1726,MESM6.GLBX-OracleStrategy-000,GLBX-001,GLBX-1-1726,MARKET,BUY,1,GTC,True,False,1,TAKER,6777.75,0.0,['0.00 USD'],NO_TRIGGER,FILLED,NO_CONTINGENCY,,,,MY_GENERIC_ALGO,,O-20260309-183655-001-000-2086,,a2c429c0-6f86-456f-b02e-d05daca9cd85,2026-03-09 18:36:55.997459747+00:00,2026-03-09 18:36:55.997459747+00:00
BACKTESTER-001,OracleStrategy-000,MESM6.GLBX,GLBX-1-1727,MESM6.GLBX-OracleStrategy-000,GLBX-001,GLBX-1-1727,MARKET,BUY,1,GTC,False,False,1,TAKER,6777.75,0.0,['0.00 USD'],NO_TRIGGER,FILLED,NO_CONTINGENCY,,,,MY_GENERIC_ALGO,,O-20260309-183655-001-000-2087,,b426f13f-6d77-435c-97ce-c28012051d23,2026-03-09 18:36:55.997459747+00:00,2026-03-09 18:36:55.997459747+00:00
BACKTESTER-001,OracleStrategy-000,MESM6.GLBX,GLBX-1-1728,MESM6.GLBX-OracleStrategy-000,GLBX-001,GLBX-1-1728,MARKET,SELL,1,GTC,True,False,1,TAKER,6777.25,0.0,['0.00 USD'],NO_TRIGGER,FILLED,NO_CONTINGENCY,,,,MY_GENERIC_ALGO,,O-20260309-183810-001-000-2088,,688fcf4a-1b0f-45c7-a73c-4414f502732c,2026-03-09 18:38:10.803953215+00:00,2026-03-09 18:38:10.803953215+00:00
BACKTESTER-001,OracleStrategy-000,MESM6.GLBX,GLBX-1-1729,MESM6.GLBX-OracleStrategy-000,GLBX-001,GLBX-1-1729,MARKET,SELL,1,GTC,False,False,1,TAKER,6777.25,0.0,['0.00 USD'],NO_TRIGGER,FILLED,NO_CONTINGENCY,,,,MY_GENERIC_ALGO,,O-20260309-183810-001-000-2089,,153b26ce-e3f7-45c1-a0d7-65c6cf517857,2026-03-09 18:38:10.803953215+00:00,2026-03-09 18:38:10.803953215+00:00
BACKTESTER-001,OracleStrategy-000,MESM6.GLBX,GLBX-1-1730,MESM6.GLBX-OracleStrategy-000,GLBX-001,GLBX-1-1730,MARKET,BUY,1,GTC,True,False,1,TAKER,6776.0,0.0,['0.00 USD'],NO_TRIGGER,FILLED,NO_CONTINGENCY,,,,MY_GENERIC_ALGO,,O-20260309-183829-001-000-2090,,9ef50f53-2cbc-4249-ad6b-9dcdd1b63b91,2026-03-09 18:38:29.682177160+00:00,2026-03-09 18:38:29.682177160+00:00
BACKTESTER-001,OracleStrategy-000,MESM6.GLBX,GLBX-1-1731,MESM6.GLBX-OracleStrategy-000,GLBX-001,GLBX-1-1731,MARKET,BUY,1,GTC,False,False,1,TAKER,6776.0,0.0,['0.00 USD'],NO_TRIGGER,FILLED,NO_CONTINGENCY,,,,MY_GENERIC_ALGO,,O-20260309-183829-001-000-2091,,2c36b9b1-34d6-4f81-be01-cd54f7a64a20,2026-03-09 18:38:29.682177160+00:00,2026-03-09 18:38:29.682177160+00:00
BACKTESTER-001,OracleStrategy-000,MESM6.GLBX,GLBX-1-1732,MESM6.GLBX-OracleStrategy-000,GLBX-001,GLBX-1-1732,MARKET,SELL,1,GTC,True,False,1,TAKER,6777.5,0.0,['0.00 USD'],NO_TRIGGER,FILLED,NO_CONTINGENCY,,,,MY_GENERIC_ALGO,,O-20260309-183942-001-000-2092,,89dcd46f-d6d0-4bee-adb4-cc3b805dc442,2026-03-09 18:39:42.965471805+00:00,2026-03-09 18:39:42.965471805+00:00
BACKTESTER-001,OracleStrategy-000,MESM6.GLBX,GLBX-1-1733,MESM6.GLBX-OracleStrategy-000,GLBX-001,GLBX-1-1733,MARKET,SELL,1,GTC,False,False,1,TAKER,6777.5,0.0,['0.00 USD'],NO_TRIGGER,FILLED,NO_CONTINGENCY,,,,MY_GENERIC_ALGO,,O-20260309-183942-001-000-2093,,f10fe2f0-685c-49f2-8765-8430fae5fd52,2026-03-09 18:39:42.965471805+00:00,2026-03-09 18:39:42.965471805+00:00
BACKTESTER-001,OracleStrategy-000,MESM6.GLBX,GLBX-1-1734,MESM6.GLBX-OracleStrategy-000,GLBX-001,GLBX-1-1734,MARKET,BUY,1,GTC,True,False,1,TAKER,6776.5,0.0,['0.00 USD'],NO_TRIGGER,FILLED,NO_CONTINGENCY,,,,MY_GENERIC_ALGO,,O-20260309-184013-001-000-2094,,ce7fc05a-5ae4-4792-877d-6c08d89d1741,2026-03-09 18:40:13.752409587+00:00,2026-03-09 18:40:13.752409587+00:00
BACKTESTER-001,OracleStrategy-000,MESM6.GLBX,GLBX-1-1735,MESM6.GLBX-OracleStrategy-000,GLBX-001,GLBX-1-1735,MARKET,BUY,1,GTC,False,False,1,TAKER,6776.5,0.0,['0.00 USD'],NO_TRIGGER,FILLED,NO_CONTINGENCY,,,,MY_GENERIC_ALGO,,O-20260309-184013-001-000-2095,,aa6c57b5-ebaf-48fc-87b4-19fd9dd3660b,2026-03-09 18:40:13.752409587+00:00,2026-03-09 18:40:13.752409587+00:00
BACKTESTER-001,OracleStrategy-000,MESM6.GLBX,GLBX-1-1736,MESM6.GLBX-OracleStrategy-000,GLBX-001,GLBX-1-1736,MARKET,SELL,1,GTC,True,False,1,TAKER,6777.75,0.0,['0.00 USD'],NO_TRIGGER,FILLED,NO_CONTINGENCY,,,,MY_GENERIC_ALGO,,O-20260309-184055-001-000-2096,,46695efd-52fa-4dd2-8726-fd8340cf2b1f,2026-03-09 18:40:55.745841661+00:00,2026-03-09 18:40:55.745841661+00:00
BACKTESTER-001,OracleStrategy-000,MESM6.GLBX,GLBX-1-1737,MESM6.GLBX-OracleStrategy-000,GLBX-001,GLBX-1-1737,MARKET,SELL,1,GTC,False,False,1,TAKER,6777.75,0.0,['0.00 USD'],NO_TRIGGER,FILLED,NO_CONTINGENCY,,,,MY_GENERIC_ALGO,,O-20260309-184055-001-000-2097,,dcd54181-f667-412c-bc04-aa4d63b61ba8,2026-03-09 18:40:55.745841661+00:00,2026-03-09 18:40:55.745841661+00:00
BACKTESTER-001,OracleStrategy-000,MESM6.GLBX,GLBX-1-1738,MESM6.GLBX-OracleStrategy-000,GLBX-001,GLBX-1-1738,MARKET,BUY,1,GTC,True,False,1,TAKER,6775.5,0.0,['0.00 USD'],NO_TRIGGER,FILLED,NO_CONTINGENCY,,,,MY_GENERIC_ALGO,,O-20260309-184218-001-000-2098,,94ec5d08-a223-4023-9e63-acaf7b9eb30c,2026-03-09 18:42:18.502595058+00:00,2026-03-09 18:42:18.502595058+00:00
BACKTESTER-001,OracleStrategy-000,MESM6.GLBX,GLBX-1-1739,MESM6.GLBX-OracleStrategy-000,GLBX-001,GLBX-1-1739,MARKET,BUY,1,GTC,False,False,1,TAKER,6775.5,0.0,['0.00 USD'],NO_TRIGGER,FILLED,NO_CONTINGENCY,,,,MY_GENERIC_ALGO,,O-20260309-184218-001-000-2099,,b1a59aaa-3c1e-4be3-8547-201b83cf1a7e,2026-03-09 18:42:18.502595058+00:00,2026-03-09 18:42:18.502595058+00:00
BACKTESTER-001,OracleStrategy-000,MESM6.GLBX,GLBX-1-1740,MESM6.GLBX-OracleStrategy-000,GLBX-001,GLBX-1-1740,MARKET,SELL,1,GTC,True,False,1,TAKER,6778.0,0.0,['0.00 USD'],NO_TRIGGER,FILLED,NO_CONTINGENCY,,,,MY_GENERIC_ALGO,,O-20260309-184249-001-000-2100,,a41e2a4d-1952-4dd8-8add-428d67cde562,2026-03-09 18:42:49.855829802+00:00,2026-03-09 18:42:49.855829802+00:00
BACKTESTER-001,OracleStrategy-000,MESM6.GLBX,GLBX-1-1741,MESM6.GLBX-OracleStrategy-000,GLBX-001,GLBX-1-1741,MARKET,SELL,1,GTC,False,False,1,TAKER,6778.0,0.0,['0.00 USD'],NO_TRIGGER,FILLED,NO_CONTINGENCY,,,,MY_GENERIC_ALGO,,O-20260309-184249-001-000-2101,,204cd206-bc04-4ccf-8683-4abc296d9725,2026-03-09 18:42:49.855829802+00:00,2026-03-09 18:42:49.855829802+00:00
BACKTESTER-001,OracleStrategy-000,MESM6.GLBX,GLBX-1-1742,MESM6.GLBX-OracleStrategy-000,GLBX-001,GLBX-1-1742,MARKET,BUY,1,GTC,True,False,1,TAKER,6777.25,0.0,['0.00 USD'],NO_TRIGGER,FILLED,NO_CONTINGENCY,,,,MY_GENERIC_ALGO,,O-20260309-184251-001-000-2102,,dfd28e0c-f6cb-4092-b3ee-8a0314441efd,2026-03-09 18:42:51.600656430+00:00,2026-03-09 18:42:51.600656430+00:00
BACKTESTER-001,OracleStrategy-000,MESM6.GLBX,GLBX-1-1743,MESM6.GLBX-OracleStrategy-000,GLBX-001,GLBX-1-1743,MARKET,BUY,1,GTC,False,False,1,TAKER,6777.25,0.0,['0.00 USD'],NO_TRIGGER,FILLED,NO_CONTINGENCY,,,,MY_GENERIC_ALGO,,O-20260309-184251-001-000-2103,,cd236445-acc7-4efd-bd5d-efccc5ae78eb,2026-03-09 18:42:51.600656430+00:00,2026-03-09 18:42:51.600656430+00:00
BACKTESTER-001,OracleStrategy-000,MESM6.GLBX,GLBX-1-1744,MESM6.GLBX-OracleStrategy-000,GLBX-001,GLBX-1-1744,MARKET,SELL,1,GTC,True,False,1,TAKER,6777.25,0.0,['0.00 USD'],NO_TRIGGER,FILLED,NO_CONTINGENCY,,,,MY_GENERIC_ALGO,,O-20260309-184345-001-000-2104,,1e0785c8-3a6d-4f6d-a5bf-97f9d03ddb15,2026-03-09 18:43:45.500640482+00:00,2026-03-09 18:43:45.500640482+00:00
BACKTESTER-001,OracleStrategy-000,MESM6.GLBX,GLBX-1-1745,MESM6.GLBX-OracleStrategy-000,GLBX-001,GLBX-1-1745,MARKET,SELL,1,GTC,False,False,1,TAKER,6777.25,0.0,['0.00 USD'],NO_TRIGGER,FILLED,NO_CONTINGENCY,,,,MY_GENERIC_ALGO,,O-20260309-184345-001-000-2105,,98bd4fc4-05fc-45fa-828b-0c12dc9b43d4,2026-03-09 18:43:45.500640482+00:00,2026-03-09 18:43:45.500640482+00:00
BACKTESTER-001,OracleStrategy-000,MESM6.GLBX,GLBX-1-1746,MESM6.GLBX-OracleStrategy-000,GLBX-001,GLBX-1-1746,MARKET,BUY,1,GTC,True,False,1,TAKER,6775.5,0.0,['0.00 USD'],NO_TRIGGER,FILLED,NO_CONTINGENCY,,,,MY_GENERIC_ALGO,,O-20260309-184426-001-000-2106,,2d7180e8-0fd7-43cd-9fa8-054b17b3160c,2026-03-09 18:44:26.275974957+00:00,2026-03-09 18:44:26.275974957+00:00
BACKTESTER-001,OracleStrategy-000,MESM6.GLBX,GLBX-1-1747,MESM6.GLBX-OracleStrategy-000,GLBX-001,GLBX-1-1747,MARKET,BUY,1,GTC,False,False,1,TAKER,6775.5,0.0,['0.00 USD'],NO_TRIGGER,FILLED,NO_CONTINGENCY,,,,MY_GENERIC_ALGO,,O-20260309-184426-001-000-2107,,9e221240-a4ef-4fdb-85a9-04f55ddb4dcf,2026-03-09 18:44:26.275974957+00:00,2026-03-09 18:44:26.275974957+00:00
BACKTESTER-001,OracleStrategy-000,MESM6.GLBX,GLBX-1-1748,MESM6.GLBX-OracleStrategy-000,GLBX-001,GLBX-1-1748,MARKET,SELL,1,GTC,True,False,1,TAKER,6778.5,0.0,['0.00 USD'],NO_TRIGGER,FILLED,NO_CONTINGENCY,,,,MY_GENERIC_ALGO,,O-20260309-184643-001-000-2108,,6b2fa154-b889-49af-861e-865116e29c29,2026-03-09 18:46:43.436668835+00:00,2026-03-09 18:46:43.436668835+00:00
BACKTESTER-001,OracleStrategy-000,MESM6.GLBX,GLBX-1-1749,MESM6.GLBX-OracleStrategy-000,GLBX-001,GLBX-1-1749,MARKET,SELL,1,GTC,False,False,1,TAKER,6778.5,0.0,['0.00 USD'],NO_TRIGGER,FILLED,NO_CONTINGENCY,,,,MY_GENERIC_ALGO,,O-20260309-184643-001-000-2109,,3c027b33-8c5b-4843-ad0f-db9bf56c61c5,2026-03-09 18:46:43.436668835+00:00,2026-03-09 18:46:43.436668835+00:00
BACKTESTER-001,OracleStrategy-000,MESM6.GLBX,GLBX-1-1750,MESM6.GLBX-OracleStrategy-000,GLBX-001,GLBX-1-1750,MARKET,BUY,1,GTC,True,False,1,TAKER,6779.0,0.0,['0.00 USD'],NO_TRIGGER,FILLED,NO_CONTINGENCY,,,,MY_GENERIC_ALGO,,O-20260309-184705-001-000-2110,,8fb76932-c1a7-4d58-8c85-1074be0c911b,2026-03-09 18:47:05.471263160+00:00,2026-03-09 18:47:05.471263160+00:00
BACKTESTER-001,OracleStrategy-000,MESM6.GLBX,GLBX-1-1751,MESM6.GLBX-OracleStrategy-000,GLBX-001,GLBX-1-1751,MARKET,BUY,1,GTC,False,False,1,TAKER,6779.0,0.0,['0.00 USD'],NO_TRIGGER,FILLED,NO_CONTINGENCY,,,,MY_GENERIC_ALGO,,O-20260309-184705-001-000-2111,,e807eb69-18b5-497d-b32c-4f6ba2abfd8c,2026-03-09 18:47:05.471263160+00:00,2026-03-09 18:47:05.471263160+00:00
BACKTESTER-001,OracleStrategy-000,MESM6.GLBX,GLBX-1-1752,MESM6.GLBX-OracleStrategy-000,GLBX-001,GLBX-1-1752,MARKET,SELL,1,GTC,True,False,1,TAKER,6780.0,0.0,['0.00 USD'],NO_TRIGGER,FILLED,NO_CONTINGENCY,,,,MY_GENERIC_ALGO,,O-20260309-184741-001-000-2112,,3bf6371e-c3c6-4e96-a46f-63ac97131727,2026-03-09 18:47:41.501891359+00:00,2026-03-09 18:47:41.501891359+00:00
BACKTESTER-001,OracleStrategy-000,MESM6.GLBX,GLBX-1-1753,MESM6.GLBX-OracleStrategy-000,GLBX-001,GLBX-1-1753,MARKET,SELL,1,GTC,False,False,1,TAKER,6780.0,0.0,['0.00 USD'],NO_TRIGGER,FILLED,NO_CONTINGENCY,,,,MY_GENERIC_ALGO,,O-20260309-184741-001-000-2113,,e0fd8855-a4a9-4ebf-917c-54aadc36b64a,2026-03-09 18:47:41.501891359+00:00,2026-03-09 18:47:41.501891359+00:00
BACKTESTER-001,OracleStrategy-000,MESM6.GLBX,GLBX-1-1754,MESM6.GLBX-OracleStrategy-000,GLBX-001,GLBX-1-1754,MARKET,BUY,1,GTC,True,False,1,TAKER,6775.0,0.0,['0.00 USD'],NO_TRIGGER,FILLED,NO_CONTINGENCY,,,,MY_GENERIC_ALGO,,O-20260309-185039-001-000-2114,,80ebba30-555c-471c-93aa-2ec063426da8,2026-03-09 18:50:39.810235837+00:00,2026-03-09 18:50:39.810235837+00:00
BACKTESTER-001,OracleStrategy-000,MESM6.GLBX,GLBX-1-1755,MESM6.GLBX-OracleStrategy-000,GLBX-001,GLBX-1-1755,MARKET,BUY,1,GTC,False,False,1,TAKER,6777.5,0.0,['0.00 USD'],NO_TRIGGER,FILLED,NO_CONTINGENCY,,,,MY_GENERIC_ALGO,,O-20260309-185152-001-000-2117,,c3b70e2c-86fc-4685-97fe-8966c395ce13,2026-03-09 18:51:52.742275381+00:00,2026-03-09 18:51:52.742275381+00:00
BACKTESTER-001,OracleStrategy-000,MESM6.GLBX,GLBX-1-1756,MESM6.GLBX-OracleStrategy-000,GLBX-001,GLBX-1-1756,MARKET,SELL,1,GTC,True,False,1,TAKER,6779.25,0.0,['0.00 USD'],NO_TRIGGER,FILLED,NO_CONTINGENCY,,,,MY_GENERIC_ALGO,,O-20260309-185153-001-000-2118,,39534ffa-f5d6-4a6a-81ac-876032935fb2,2026-03-09 18:51:53.918232423+00:00,2026-03-09 18:51:53.918232423+00:00
BACKTESTER-001,OracleStrategy-000,MESM6.GLBX,GLBX-1-1757,MESM6.GLBX-OracleStrategy-000,GLBX-001,GLBX-1-1757,MARKET,SELL,1,GTC,False,False,1,TAKER,6779.25,0.0,['0.00 USD'],NO_TRIGGER,FILLED,NO_CONTINGENCY,,,,MY_GENERIC_ALGO,,O-20260309-185153-001-000-2119,,aa036422-96b9-4ff5-ae3c-ebf0f6d22b89,2026-03-09 18:51:53.918232423+00:00,2026-03-09 18:51:53.918232423+00:00
BACKTESTER-001,OracleStrategy-000,MESM6.GLBX,GLBX-1-1758,MESM6.GLBX-OracleStrategy-000,GLBX-001,GLBX-1-1758,MARKET,BUY,1,GTC,True,False,1,TAKER,6778.5,0.0,['0.00 USD'],NO_TRIGGER,FILLED,NO_CONTINGENCY,,,,MY_GENERIC_ALGO,,O-20260309-185200-001-000-2120,,dee77775-4a7a-4b7e-bcce-33121c9e3e4e,2026-03-09 18:52:00.404720341+00:00,2026-03-09 18:52:00.404720341+00:00
BACKTESTER-001,OracleStrategy-000,MESM6.GLBX,GLBX-1-1759,MESM6.GLBX-OracleStrategy-000,GLBX-001,GLBX-1-1759,MARKET,BUY,1,GTC,False,False,1,TAKER,6778.5,0.0,['0.00 USD'],NO_TRIGGER,FILLED,NO_CONTINGENCY,,,,MY_GENERIC_ALGO,,O-20260309-185320-001-000-2122,,67a683a8-b047-4589-9a3f-41a7d77814b3,2026-03-09 18:53:20.050506628+00:00,2026-03-09 18:53:20.050506628+00:00
BACKTESTER-001,OracleStrategy-000,MESM6.GLBX,GLBX-1-1760,MESM6.GLBX-OracleStrategy-000,GLBX-001,GLBX-1-1760,MARKET,SELL,1,GTC,True,False,1,TAKER,6779.75,0.0,['0.00 USD'],NO_TRIGGER,FILLED,NO_CONTINGENCY,,,,MY_GENERIC_ALGO,,O-20260309-185330-001-000-2123,,c7079d40-c377-4e50-954f-4a184f852299,2026-03-09 18:53:30.886828226+00:00,2026-03-09 18:53:30.886828226+00:00
BACKTESTER-001,OracleStrategy-000,MESM6.GLBX,GLBX-1-1761,MESM6.GLBX-OracleStrategy-000,GLBX-001,GLBX-1-1761,MARKET,SELL,1,GTC,False,False,1,TAKER,6778.75,0.0,['0.00 USD'],NO_TRIGGER,FILLED,NO_CONTINGENCY,,,,MY_GENERIC_ALGO,,O-20260309-185358-001-000-2125,,62b1516b-e4c1-4ee6-9d77-dab1834e1ede,2026-03-09 18:53:58.358051775+00:00,2026-03-09 18:53:58.358051775+00:00
BACKTESTER-001,OracleStrategy-000,MESM6.GLBX,GLBX-1-1762,MESM6.GLBX-OracleStrategy-000,GLBX-001,GLBX-1-1762,MARKET,BUY,1,GTC,True,False,1,TAKER,6773.0,0.0,['0.00 USD'],NO_TRIGGER,FILLED,NO_CONTINGENCY,,,,MY_GENERIC_ALGO,,O-20260309-185543-001-000-2126,,03769d14-5ab2-4fd7-a146-841178e53594,2026-03-09 18:55:43.667535563+00:00,2026-03-09 18:55:43.667535563+00:00
BACKTESTER-001,OracleStrategy-000,MESM6.GLBX,GLBX-1-1763,MESM6.GLBX-OracleStrategy-000,GLBX-001,GLBX-1-1763,MARKET,BUY,1,GTC,False,False,1,TAKER,6773.0,0.0,['0.00 USD'],NO_TRIGGER,FILLED,NO_CONTINGENCY,,,,MY_GENERIC_ALGO,,O-20260309-185543-001-000-2127,,f1e7de79-8e71-42ac-84a4-1580d0d37cca,2026-03-09 18:55:43.667535563+00:00,2026-03-09 18:55:43.667535563+00:00
BACKTESTER-001,OracleStrategy-000,MESM6.GLBX,GLBX-1-1764,MESM6.GLBX-OracleStrategy-000,GLBX-001,GLBX-1-1764,MARKET,SELL,1,GTC,True,False,1,TAKER,6773.5,0.0,['0.00 USD'],NO_TRIGGER,FILLED,NO_CONTINGENCY,,,,MY_GENERIC_ALGO,,O-20260309-185548-001-000-2128,,ce41339c-abe7-4d8b-9a30-09004d5fb2e8,2026-03-09 18:55:48.941448871+00:00,2026-03-09 18:55:48.941448871+00:00
BACKTESTER-001,OracleStrategy-000,MESM6.GLBX,GLBX-1-1765,MESM6.GLBX-OracleStrategy-000,GLBX-001,GLBX-1-1765,MARKET,SELL,1,GTC,False,False,1,TAKER,6773.5,0.0,['0.00 USD'],NO_TRIGGER,FILLED,NO_CONTINGENCY,,,,MY_GENERIC_ALGO,,O-20260309-185548-001-000-2129,,9fb77bc4-054d-44cf-ba52-f32fb5585d9b,2026-03-09 18:55:48.941448871+00:00,2026-03-09 18:55:48.941448871+00:00
BACKTESTER-001,OracleStrategy-000,MESM6.GLBX,GLBX-1-1766,MESM6.GLBX-OracleStrategy-000,GLBX-001,GLBX-1-1766,MARKET,BUY,1,GTC,True,False,1,TAKER,6767.0,0.0,['0.00 USD'],NO_TRIGGER,FILLED,NO_CONTINGENCY,,,,MY_GENERIC_ALGO,,O-20260309-185932-001-000-2130,,1a88208f-e567-4178-aca9-1e49566a2771,2026-03-09 18:59:32.962334421+00:00,2026-03-09 18:59:32.962334421+00:00
BACKTESTER-001,OracleStrategy-000,MESM6.GLBX,GLBX-1-1767,MESM6.GLBX-OracleStrategy-000,GLBX-001,GLBX-1-1767,MARKET,BUY,1,GTC,False,False,1,TAKER,6767.0,0.0,['0.00 USD'],NO_TRIGGER,FILLED,NO_CONTINGENCY,,,,MY_GENERIC_ALGO,,O-20260309-185932-001-000-2131,,7cadaaee-ad3d-464d-8c8a-90de5c4f5561,2026-03-09 18:59:32.962334421+00:00,2026-03-09 18:59:32.962334421+00:00
BACKTESTER-001,OracleStrategy-000,MESM6.GLBX,GLBX-1-1768,MESM6.GLBX-OracleStrategy-000,GLBX-001,GLBX-1-1768,MARKET,SELL,1,GTC,True,False,1,TAKER,6772.25,0.0,['0.00 USD'],NO_TRIGGER,FILLED,NO_CONTINGENCY,,,,MY_GENERIC_ALGO,,O-20260309-190157-001-000-2132,,3e6ec11e-9cc6-4e6c-beb0-2ba110c90092,2026-03-09 19:01:57.962351072+00:00,2026-03-09 19:01:57.962351072+00:00
BACKTESTER-001,OracleStrategy-000,MESM6.GLBX,GLBX-1-1769,MESM6.GLBX-OracleStrategy-000,GLBX-001,GLBX-1-1769,MARKET,SELL,1,GTC,False,False,1,TAKER,6772.25,0.0,['0.00 USD'],NO_TRIGGER,FILLED,NO_CONTINGENCY,,,,MY_GENERIC_ALGO,,O-20260309-190157-001-000-2133,,061f10d6-3c64-4fa6-94b4-49712ed16d22,2026-03-09 19:01:57.962351072+00:00,2026-03-09 19:01:57.962351072+00:00
BACKTESTER-001,OracleStrategy-000,MESM6.GLBX,GLBX-1-1770,MESM6.GLBX-OracleStrategy-000,GLBX-001,GLBX-1-1770,MARKET,BUY,1,GTC,True,False,1,TAKER,6770.75,0.0,['0.00 USD'],NO_TRIGGER,FILLED,NO_CONTINGENCY,,,,MY_GENERIC_ALGO,,O-20260309-190351-001-000-2134,,0359edbf-f9a4-40b0-98ad-f019c2b2261d,2026-03-09 19:03:51.485383061+00:00,2026-03-09 19:03:51.485383061+00:00
BACKTESTER-001,OracleStrategy-000,MESM6.GLBX,GLBX-1-1771,MESM6.GLBX-OracleStrategy-000,GLBX-001,GLBX-1-1771,MARKET,BUY,1,GTC,False,False,1,TAKER,6770.75,0.0,['0.00 USD'],NO_TRIGGER,FILLED,NO_CONTINGENCY,,,,MY_GENERIC_ALGO,,O-20260309-190351-001-000-2135,,1fe74d48-21e9-48ec-9bde-619bca0cd2d3,2026-03-09 19:03:51.485383061+00:00,2026-03-09 19:03:51.485383061+00:00
BACKTESTER-001,OracleStrategy-000,MESM6.GLBX,GLBX-1-1772,MESM6.GLBX-OracleStrategy-000,GLBX-001,GLBX-1-1772,MARKET,SELL,1,GTC,True,False,1,TAKER,6770.75,0.0,['0.00 USD'],NO_TRIGGER,FILLED,NO_CONTINGENCY,,,,MY_GENERIC_ALGO,,O-20260309-190524-001-000-2136,,f315bda7-2b09-4d0d-ba8d-40cb02d6f87a,2026-03-09 19:05:24.655836466+00:00,2026-03-09 19:05:24.655836466+00:00
BACKTESTER-001,OracleStrategy-000,MESM6.GLBX,GLBX-1-1773,MESM6.GLBX-OracleStrategy-000,GLBX-001,GLBX-1-1773,MARKET,SELL,1,GTC,False,False,1,TAKER,6770.75,0.0,['0.00 USD'],NO_TRIGGER,FILLED,NO_CONTINGENCY,,,,MY_GENERIC_ALGO,,O-20260309-190524-001-000-2137,,0fb57040-2850-48cc-b5ad-e2d2a2e4f28f,2026-03-09 19:05:24.655836466+00:00,2026-03-09 19:05:24.655836466+00:00
BACKTESTER-001,OracleStrategy-000,MESM6.GLBX,GLBX-1-1774,MESM6.GLBX-OracleStrategy-000,GLBX-001,GLBX-1-1774,MARKET,BUY,1,GTC,True,False,1,TAKER,6767.0,0.0,['0.00 USD'],NO_TRIGGER,FILLED,NO_CONTINGENCY,,,,MY_GENERIC_ALGO,,O-20260309-190709-001-000-2138,,36c82a80-2234-42bc-9c17-161811277a51,2026-03-09 19:07:09.567092053+00:00,2026-03-09 19:07:09.567092053+00:00
BACKTESTER-001,OracleStrategy-000,MESM6.GLBX,GLBX-1-1775,MESM6.GLBX-OracleStrategy-000,GLBX-001,GLBX-1-1775,MARKET,BUY,1,GTC,False,False,1,TAKER,6767.75,0.0,['0.00 USD'],NO_TRIGGER,FILLED,NO_CONTINGENCY,,,,MY_GENERIC_ALGO,,O-20260309-190721-001-000-2140,,60f5e25a-ec94-4cad-97d9-0d493634c02c,2026-03-09 19:07:21.265409497+00:00,2026-03-09 19:07:21.265409497+00:00
BACKTESTER-001,OracleStrategy-000,MESM6.GLBX,GLBX-1-1776,MESM6.GLBX-OracleStrategy-000,GLBX-001,GLBX-1-1776,MARKET,SELL,1,GTC,True,False,1,TAKER,6769.0,0.0,['0.00 USD'],NO_TRIGGER,FILLED,NO_CONTINGENCY,,,,MY_GENERIC_ALGO,,O-20260309-190758-001-000-2141,,a7bc6017-f6ed-4fb5-8ab2-e88637facfcb,2026-03-09 19:07:58.010757056+00:00,2026-03-09 19:07:58.010757056+00:00
BACKTESTER-001,OracleStrategy-000,MESM6.GLBX,GLBX-1-1777,MESM6.GLBX-OracleStrategy-000,GLBX-001,GLBX-1-1777,MARKET,SELL,1,GTC,False,False,1,TAKER,6769.0,0.0,['0.00 USD'],NO_TRIGGER,FILLED,NO_CONTINGENCY,,,,MY_GENERIC_ALGO,,O-20260309-190758-001-000-2142,,bb45bcc3-793f-4eb0-a186-df9611ae6e6c,2026-03-09 19:07:58.010757056+00:00,2026-03-09 19:07:58.010757056+00:00
BACKTESTER-001,OracleStrategy-000,MESM6.GLBX,GLBX-1-1778,MESM6.GLBX-OracleStrategy-000,GLBX-001,GLBX-1-1778,MARKET,BUY,1,GTC,True,False,1,TAKER,6769.0,0.0,['0.00 USD'],NO_TRIGGER,FILLED,NO_CONTINGENCY,,,,MY_GENERIC_ALGO,,O-20260309-190801-001-000-2143,,1d2a8841-8163-4549-a298-03ff6371c58e,2026-03-09 19:08:01.882224978+00:00,2026-03-09 19:08:01.882224978+00:00
BACKTESTER-001,OracleStrategy-000,MESM6.GLBX,GLBX-1-1779,MESM6.GLBX-OracleStrategy-000,GLBX-001,GLBX-1-1779,MARKET,BUY,1,GTC,False,False,1,TAKER,6769.0,0.0,['0.00 USD'],NO_TRIGGER,FILLED,NO_CONTINGENCY,,,,MY_GENERIC_ALGO,,O-20260309-190801-001-000-2144,,3b80f027-91e0-41d6-b836-bcb12b35da51,2026-03-09 19:08:01.882224978+00:00,2026-03-09 19:08:01.882224978+00:00
BACKTESTER-001,OracleStrategy-000,MESM6.GLBX,GLBX-1-1780,MESM6.GLBX-OracleStrategy-000,GLBX-001,GLBX-1-1780,MARKET,SELL,1,GTC,True,False,1,TAKER,6773.25,0.0,['0.00 USD'],NO_TRIGGER,FILLED,NO_CONTINGENCY,,,,MY_GENERIC_ALGO,,O-20260309-191026-001-000-2145,,5a68ad1e-9286-48ec-aa85-de04a5097e9a,2026-03-09 19:10:26.498243315+00:00,2026-03-09 19:10:26.498243315+00:00
BACKTESTER-001,OracleStrategy-000,MESM6.GLBX,GLBX-1-1781,MESM6.GLBX-OracleStrategy-000,GLBX-001,GLBX-1-1781,MARKET,SELL,1,GTC,False,False,1,TAKER,6773.25,0.0,['0.00 USD'],NO_TRIGGER,FILLED,NO_CONTINGENCY,,,,MY_GENERIC_ALGO,,O-20260309-191026-001-000-2146,,e1952537-20d3-4ab2-8dd6-16b80f10a656,2026-03-09 19:10:26.498243315+00:00,2026-03-09 19:10:26.498243315+00:00
BACKTESTER-001,OracleStrategy-000,MESM6.GLBX,GLBX-1-1782,MESM6.GLBX-OracleStrategy-000,GLBX-001,GLBX-1-1782,MARKET,BUY,1,GTC,True,False,1,TAKER,6774.0,0.0,['0.00 USD'],NO_TRIGGER,FILLED,NO_CONTINGENCY,,,,MY_GENERIC_ALGO,,O-20260309-191049-001-000-2147,,812d94f5-f637-43bc-a54e-e32c681b9a0d,2026-03-09 19:10:49.542806892+00:00,2026-03-09 19:10:49.542806892+00:00
BACKTESTER-001,OracleStrategy-000,MESM6.GLBX,GLBX-1-1783,MESM6.GLBX-OracleStrategy-000,GLBX-001,GLBX-1-1783,MARKET,BUY,1,GTC,False,False,1,TAKER,6773.25,0.0,['0.00 USD'],NO_TRIGGER,FILLED,NO_CONTINGENCY,,,,MY_GENERIC_ALGO,,O-20260309-191101-001-000-2149,,ba5ebedf-0df7-4e87-a467-094e0d1bf678,2026-03-09 19:11:01.515470216+00:00,2026-03-09 19:11:01.515470216+00:00
BACKTESTER-001,OracleStrategy-000,MESM6.GLBX,GLBX-1-1784,MESM6.GLBX-OracleStrategy-000,GLBX-001,GLBX-1-1784,MARKET,SELL,1,GTC,True,False,1,TAKER,6773.75,0.0,['0.00 USD'],NO_TRIGGER,FILLED,NO_CONTINGENCY,,,,MY_GENERIC_ALGO,,O-20260309-191151-001-000-2150,,501f63c8-cf32-4097-a82a-28f0ace56eee,2026-03-09 19:11:51.075288477+00:00,2026-03-09 19:11:51.075288477+00:00
BACKTESTER-001,OracleStrategy-000,MESM6.GLBX,GLBX-1-1785,MESM6.GLBX-OracleStrategy-000,GLBX-001,GLBX-1-1785,MARKET,SELL,1,GTC,False,False,1,TAKER,6773.75,0.0,['0.00 USD'],NO_TRIGGER,FILLED,NO_CONTINGENCY,,,,MY_GENERIC_ALGO,,O-20260309-191151-001-000-2151,,56b52044-e6e2-417e-8841-89dc93656a98,2026-03-09 19:11:51.075288477+00:00,2026-03-09 19:11:51.075288477+00:00
BACKTESTER-001,OracleStrategy-000,MESM6.GLBX,GLBX-1-1786,MESM6.GLBX-OracleStrategy-000,GLBX-001,GLBX-1-1786,MARKET,BUY,1,GTC,True,False,1,TAKER,6771.5,0.0,['0.00 USD'],NO_TRIGGER,FILLED,NO_CONTINGENCY,,,,MY_GENERIC_ALGO,,O-20260309-191639-001-000-2152,,7ada678f-d596-413e-b7e8-fa7e2f82de6f,2026-03-09 19:16:39.930381147+00:00,2026-03-09 19:16:39.930381147+00:00
BACKTESTER-001,OracleStrategy-000,MESM6.GLBX,GLBX-1-1787,MESM6.GLBX-OracleStrategy-000,GLBX-001,GLBX-1-1787,MARKET,BUY,1,GTC,False,False,1,TAKER,6771.5,0.0,['0.00 USD'],NO_TRIGGER,FILLED,NO_CONTINGENCY,,,,MY_GENERIC_ALGO,,O-20260309-191639-001-000-2153,,0bcba4f5-7015-43e5-b601-b7e6955bc8f8,2026-03-09 19:16:39.930381147+00:00,2026-03-09 19:16:39.930381147+00:00
BACKTESTER-001,OracleStrategy-000,MESM6.GLBX,GLBX-1-1788,MESM6.GLBX-OracleStrategy-000,GLBX-001,GLBX-1-1788,MARKET,SELL,1,GTC,True,False,1,TAKER,6778.0,0.0,['0.00 USD'],NO_TRIGGER,FILLED,NO_CONTINGENCY,,,,MY_GENERIC_ALGO,,O-20260309-191705-001-000-2154,,30264bc4-bd7d-4863-98a4-53032cf10230,2026-03-09 19:17:05.656262552+00:00,2026-03-09 19:17:05.656262552+00:00
BACKTESTER-001,OracleStrategy-000,MESM6.GLBX,GLBX-1-1789,MESM6.GLBX-OracleStrategy-000,GLBX-001,GLBX-1-1789,MARKET,SELL,1,GTC,False,False,1,TAKER,6778.0,0.0,['0.00 USD'],NO_TRIGGER,FILLED,NO_CONTINGENCY,,,,MY_GENERIC_ALGO,,O-20260309-191705-001-000-2155,,4bdb2974-d7a0-4588-a8d1-b1fa320ea5c8,2026-03-09 19:17:05.656262552+00:00,2026-03-09 19:17:05.656262552+00:00
BACKTESTER-001,OracleStrategy-000,MESM6.GLBX,GLBX-1-1790,MESM6.GLBX-OracleStrategy-000,GLBX-001,GLBX-1-1790,MARKET,BUY,1,GTC,True,False,1,TAKER,6777.25,0.0,['0.00 USD'],NO_TRIGGER,FILLED,NO_CONTINGENCY,,,,MY_GENERIC_ALGO,,O-20260309-191712-001-000-2156,,cbcc0041-629d-435a-b635-e0ccad2b2780,2026-03-09 19:17:12.158802210+00:00,2026-03-09 19:17:12.158802210+00:00
BACKTESTER-001,OracleStrategy-000,MESM6.GLBX,GLBX-1-1791,MESM6.GLBX-OracleStrategy-000,GLBX-001,GLBX-1-1791,MARKET,BUY,1,GTC,False,False,1,TAKER,6777.25,0.0,['0.00 USD'],NO_TRIGGER,FILLED,NO_CONTINGENCY,,,,MY_GENERIC_ALGO,,O-20260309-191712-001-000-2157,,88e3a682-fb78-4835-aae6-cc327f66850f,2026-03-09 19:17:12.158802210+00:00,2026-03-09 19:17:12.158802210+00:00
BACKTESTER-001,OracleStrategy-000,MESM6.GLBX,GLBX-1-1792,MESM6.GLBX-OracleStrategy-000,GLBX-001,GLBX-1-1792,MARKET,SELL,1,GTC,True,False,1,TAKER,6776.75,0.0,['0.00 USD'],NO_TRIGGER,FILLED,NO_CONTINGENCY,,,,MY_GENERIC_ALGO,,O-20260309-191738-001-000-2158,,45d7dc57-5dc9-4731-a925-d2dddcc1f628,2026-03-09 19:17:38.811270347+00:00,2026-03-09 19:17:38.811270347+00:00
BACKTESTER-001,OracleStrategy-000,MESM6.GLBX,GLBX-1-1793,MESM6.GLBX-OracleStrategy-000,GLBX-001,GLBX-1-1793,MARKET,SELL,1,GTC,False,False,1,TAKER,6776.75,0.0,['0.00 USD'],NO_TRIGGER,FILLED,NO_CONTINGENCY,,,,MY_GENERIC_ALGO,,O-20260309-191738-001-000-2159,,6d39f406-9f84-4032-a1af-73d32cc4c53a,2026-03-09 19:17:38.811270347+00:00,2026-03-09 19:17:38.811270347+00:00
BACKTESTER-001,OracleStrategy-000,MESM6.GLBX,GLBX-1-1794,MESM6.GLBX-OracleStrategy-000,GLBX-001,GLBX-1-1794,MARKET,BUY,1,GTC,True,False,1,TAKER,6775.75,0.0,['0.00 USD'],NO_TRIGGER,FILLED,NO_CONTINGENCY,,,,MY_GENERIC_ALGO,,O-20260309-191835-001-000-2160,,fac1cd9e-1adb-4232-a295-1759c8ef69ca,2026-03-09 19:18:35.458568802+00:00,2026-03-09 19:18:35.458568802+00:00
BACKTESTER-001,OracleStrategy-000,MESM6.GLBX,GLBX-1-1795,MESM6.GLBX-OracleStrategy-000,GLBX-001,GLBX-1-1795,MARKET,BUY,1,GTC,False,False,1,TAKER,6775.75,0.0,['0.00 USD'],NO_TRIGGER,FILLED,NO_CONTINGENCY,,,,MY_GENERIC_ALGO,,O-20260309-191835-001-000-2161,,a42ceeff-4e36-4ef4-923f-fa0bb2a3e7e1,2026-03-09 19:18:35.458568802+00:00,2026-03-09 19:18:35.458568802+00:00
BACKTESTER-001,OracleStrategy-000,MESM6.GLBX,GLBX-1-1796,MESM6.GLBX-OracleStrategy-000,GLBX-001,GLBX-1-1796,MARKET,SELL,1,GTC,True,False,1,TAKER,6815.75,0.0,['0.00 USD'],NO_TRIGGER,FILLED,NO_CONTINGENCY,,,,MY_GENERIC_ALGO,,O-20260309-192104-001-000-2162,,146ac4f5-3a0d-496c-b224-972c50b19a67,2026-03-09 19:21:04.353670517+00:00,2026-03-09 19:21:04.353670517+00:00
BACKTESTER-001,OracleStrategy-000,MESM6.GLBX,GLBX-1-1797,MESM6.GLBX-OracleStrategy-000,GLBX-001,GLBX-1-1797,MARKET,SELL,1,GTC,False,False,1,TAKER,6815.75,0.0,['0.00 USD'],NO_TRIGGER,FILLED,NO_CONTINGENCY,,,,MY_GENERIC_ALGO,,O-20260309-192104-001-000-2163,,a7a2b512-d92f-467b-ad7e-1ddf3f744641,2026-03-09 19:21:04.353670517+00:00,2026-03-09 19:21:04.353670517+00:00
BACKTESTER-001,OracleStrategy-000,MESM6.GLBX,GLBX-1-1798,MESM6.GLBX-OracleStrategy-000,GLBX-001,GLBX-1-1798,MARKET,BUY,1,GTC,True,False,1,TAKER,6816.25,0.0,['0.00 USD'],NO_TRIGGER,FILLED,NO_CONTINGENCY,,,,MY_GENERIC_ALGO,,O-20260309-192121-001-000-2164,,d46c19d4-50e9-4955-988a-125b9aae7358,2026-03-09 19:21:21.629062741+00:00,2026-03-09 19:21:21.629062741+00:00
BACKTESTER-001,OracleStrategy-000,MESM6.GLBX,GLBX-1-1799,MESM6.GLBX-OracleStrategy-000,GLBX-001,GLBX-1-1799,MARKET,BUY,1,GTC,False,False,1,TAKER,6816.25,0.0,['0.00 USD'],NO_TRIGGER,FILLED,NO_CONTINGENCY,,,,MY_GENERIC_ALGO,,O-20260309-192121-001-000-2165,,45cdf85e-0826-46e4-8096-750bfbb6b60a,2026-03-09 19:21:21.629062741+00:00,2026-03-09 19:21:21.629062741+00:00
BACKTESTER-001,OracleStrategy-000,MESM6.GLBX,GLBX-1-1800,MESM6.GLBX-OracleStrategy-000,GLBX-001,GLBX-1-1800,MARKET,SELL,1,GTC,True,False,1,TAKER,6817.25,0.0,['0.00 USD'],NO_TRIGGER,FILLED,NO_CONTINGENCY,,,,MY_GENERIC_ALGO,,O-20260309-192152-001-000-2166,,c461d00e-3c95-4e9d-a216-ec649bbf2779,2026-03-09 19:21:52.089541008+00:00,2026-03-09 19:21:52.089541008+00:00
BACKTESTER-001,OracleStrategy-000,MESM6.GLBX,GLBX-1-1801,MESM6.GLBX-OracleStrategy-000,GLBX-001,GLBX-1-1801,MARKET,SELL,1,GTC,False,False,1,TAKER,6817.25,0.0,['0.00 USD'],NO_TRIGGER,FILLED,NO_CONTINGENCY,,,,MY_GENERIC_ALGO,,O-20260309-192152-001-000-2167,,96e48829-8c88-4ecf-82c8-7da373df8290,2026-03-09 19:21:52.089541008+00:00,2026-03-09 19:21:52.089541008+00:00
BACKTESTER-001,OracleStrategy-000,MESM6.GLBX,GLBX-1-1802,MESM6.GLBX-OracleStrategy-000,GLBX-001,GLBX-1-1802,MARKET,BUY,1,GTC,True,False,1,TAKER,6817.5,0.0,['0.00 USD'],NO_TRIGGER,FILLED,NO_CONTINGENCY,,,,MY_GENERIC_ALGO,,O-20260309-192153-001-000-2168,,0c9fdc80-ece4-4810-8ea4-25b527147858,2026-03-09 19:21:53.214474840+00:00,2026-03-09 19:21:53.214474840+00:00
BACKTESTER-001,OracleStrategy-000,MESM6.GLBX,GLBX-1-1803,MESM6.GLBX-OracleStrategy-000,GLBX-001,GLBX-1-1803,MARKET,SELL,1,GTC,False,False,1,TAKER,6819.25,0.0,['0.00 USD'],NO_TRIGGER,FILLED,NO_CONTINGENCY,,,,MY_GENERIC_ALGO,,O-20260309-192155-001-000-2170,,a2a27bfe-211d-44a5-921f-13328b01f04d,2026-03-09 19:21:55.806770947+00:00,2026-03-09 19:21:55.806770947+00:00
BACKTESTER-001,OracleStrategy-000,MESM6.GLBX,GLBX-1-1804,MESM6.GLBX-OracleStrategy-000,GLBX-001,GLBX-1-1804,MARKET,BUY,1,GTC,True,False,1,TAKER,6816.75,0.0,['0.00 USD'],NO_TRIGGER,FILLED,NO_CONTINGENCY,,,,MY_GENERIC_ALGO,,O-20260309-192225-001-000-2171,,364872e2-bd14-4906-bdf4-d767b458c0d7,2026-03-09 19:22:25.089110797+00:00,2026-03-09 19:22:25.089110797+00:00
BACKTESTER-001,OracleStrategy-000,MESM6.GLBX,GLBX-1-1805,MESM6.GLBX-OracleStrategy-000,GLBX-001,GLBX-1-1805,MARKET,BUY,1,GTC,False,False,1,TAKER,6814.75,0.0,['0.00 USD'],NO_TRIGGER,FILLED,NO_CONTINGENCY,,,,MY_GENERIC_ALGO,,O-20260309-192226-001-000-2173,,b366a6c9-95a8-48de-9e99-61b0f4586efa,2026-03-09 19:22:26.139060210+00:00,2026-03-09 19:22:26.139060210+00:00
BACKTESTER-001,OracleStrategy-000,MESM6.GLBX,GLBX-1-1806,MESM6.GLBX-OracleStrategy-000,GLBX-001,GLBX-1-1806,MARKET,SELL,1,GTC,True,False,1,TAKER,6824.25,0.0,['0.00 USD'],NO_TRIGGER,FILLED,NO_CONTINGENCY,,,,MY_GENERIC_ALGO,,O-20260309-192326-001-000-2174,,684bcfc3-32b4-4cf6-855b-82d9e7234c74,2026-03-09 19:23:26.201927867+00:00,2026-03-09 19:23:26.201927867+00:00
BACKTESTER-001,OracleStrategy-000,MESM6.GLBX,GLBX-1-1807,MESM6.GLBX-OracleStrategy-000,GLBX-001,GLBX-1-1807,MARKET,SELL,1,GTC,False,False,1,TAKER,6824.25,0.0,['0.00 USD'],NO_TRIGGER,FILLED,NO_CONTINGENCY,,,,MY_GENERIC_ALGO,,O-20260309-192326-001-000-2175,,68cd3f14-83b1-42a6-befc-2678331bac3a,2026-03-09 19:23:26.201927867+00:00,2026-03-09 19:23:26.201927867+00:00
BACKTESTER-001,OracleStrategy-000,MESM6.GLBX,GLBX-1-1808,MESM6.GLBX-OracleStrategy-000,GLBX-001,GLBX-1-1808,MARKET,BUY,1,GTC,True,False,1,TAKER,6817.75,0.0,['0.00 USD'],NO_TRIGGER,FILLED,NO_CONTINGENCY,,,,MY_GENERIC_ALGO,,O-20260309-192415-001-000-2176,,20d94164-a619-4b58-a332-11e8a9f7afb0,2026-03-09 19:24:15.945853939+00:00,2026-03-09 19:24:15.945853939+00:00
BACKTESTER-001,OracleStrategy-000,MESM6.GLBX,GLBX-1-1809,MESM6.GLBX-OracleStrategy-000,GLBX-001,GLBX-1-1809,MARKET,BUY,1,GTC,False,False,1,TAKER,6817.75,0.0,['0.00 USD'],NO_TRIGGER,FILLED,NO_CONTINGENCY,,,,MY_GENERIC_ALGO,,O-20260309-192415-001-000-2177,,21b2cd96-5ff7-4dfa-9b6a-a018bcfa1457,2026-03-09 19:24:15.945853939+00:00,2026-03-09 19:24:15.945853939+00:00
BACKTESTER-001,OracleStrategy-000,MESM6.GLBX,GLBX-1-1810,MESM6.GLBX-OracleStrategy-000,GLBX-001,GLBX-1-1810,MARKET,SELL,1,GTC,True,False,1,TAKER,6820.25,0.0,['0.00 USD'],NO_TRIGGER,FILLED,NO_CONTINGENCY,,,,MY_GENERIC_ALGO,,O-20260309-192438-001-000-2178,,c2a82912-cd06-4604-97ab-4dad5bf36548,2026-03-09 19:24:38.973411663+00:00,2026-03-09 19:24:38.973411663+00:00
BACKTESTER-001,OracleStrategy-000,MESM6.GLBX,GLBX-1-1811,MESM6.GLBX-OracleStrategy-000,GLBX-001,GLBX-1-1811,MARKET,SELL,1,GTC,False,False,1,TAKER,6820.25,0.0,['0.00 USD'],NO_TRIGGER,FILLED,NO_CONTINGENCY,,,,MY_GENERIC_ALGO,,O-20260309-192438-001-000-2179,,c51cab59-1480-48c9-8dcd-293eea665271,2026-03-09 19:24:38.973411663+00:00,2026-03-09 19:24:38.973411663+00:00
BACKTESTER-001,OracleStrategy-000,MESM6.GLBX,GLBX-1-1812,MESM6.GLBX-OracleStrategy-000,GLBX-001,GLBX-1-1812,MARKET,BUY,1,GTC,True,False,1,TAKER,6819.25,0.0,['0.00 USD'],NO_TRIGGER,FILLED,NO_CONTINGENCY,,,,MY_GENERIC_ALGO,,O-20260309-192449-001-000-2180,,76b7da6c-c77f-4489-a104-4ddc68330207,2026-03-09 19:24:49.313702218+00:00,2026-03-09 19:24:49.313702218+00:00
BACKTESTER-001,OracleStrategy-000,MESM6.GLBX,GLBX-1-1813,MESM6.GLBX-OracleStrategy-000,GLBX-001,GLBX-1-1813,MARKET,BUY,1,GTC,False,False,1,TAKER,6819.25,0.0,['0.00 USD'],NO_TRIGGER,FILLED,NO_CONTINGENCY,,,,MY_GENERIC_ALGO,,O-20260309-192449-001-000-2181,,a89af7ec-69e4-4dc3-ac55-81afb9c96d60,2026-03-09 19:24:49.313702218+00:00,2026-03-09 19:24:49.313702218+00:00
BACKTESTER-001,OracleStrategy-000,MESM6.GLBX,GLBX-1-1814,MESM6.GLBX-OracleStrategy-000,GLBX-001,GLBX-1-1814,MARKET,SELL,1,GTC,True,False,1,TAKER,6820.25,0.0,['0.00 USD'],NO_TRIGGER,FILLED,NO_CONTINGENCY,,,,MY_GENERIC_ALGO,,O-20260309-192459-001-000-2182,,3a18ec88-9733-452f-8f0c-f9645eea42eb,2026-03-09 19:24:59.511611218+00:00,2026-03-09 19:24:59.511611218+00:00
BACKTESTER-001,OracleStrategy-000,MESM6.GLBX,GLBX-1-1815,MESM6.GLBX-OracleStrategy-000,GLBX-001,GLBX-1-1815,MARKET,SELL,1,GTC,False,False,1,TAKER,6820.25,0.0,['0.00 USD'],NO_TRIGGER,FILLED,NO_CONTINGENCY,,,,MY_GENERIC_ALGO,,O-20260309-192459-001-000-2183,,50555fe6-fd9b-4ab2-9890-6692c15acd6d,2026-03-09 19:24:59.511611218+00:00,2026-03-09 19:24:59.511611218+00:00
BACKTESTER-001,OracleStrategy-000,MESM6.GLBX,GLBX-1-1816,MESM6.GLBX-OracleStrategy-000,GLBX-001,GLBX-1-1816,MARKET,BUY,1,GTC,True,False,1,TAKER,6819.5,0.0,['0.00 USD'],NO_TRIGGER,FILLED,NO_CONTINGENCY,,,,MY_GENERIC_ALGO,,O-20260309-192508-001-000-2184,,3324d4ed-4bbe-45f4-a475-4d155b9c6d2c,2026-03-09 19:25:08.497275079+00:00,2026-03-09 19:25:08.497275079+00:00
BACKTESTER-001,OracleStrategy-000,MESM6.GLBX,GLBX-1-1817,MESM6.GLBX-OracleStrategy-000,GLBX-001,GLBX-1-1817,MARKET,BUY,1,GTC,False,False,1,TAKER,6819.5,0.0,['0.00 USD'],NO_TRIGGER,FILLED,NO_CONTINGENCY,,,,MY_GENERIC_ALGO,,O-20260309-192508-001-000-2185,,a1bf60dc-e9cc-403d-83ec-a0f782ad9013,2026-03-09 19:25:08.497275079+00:00,2026-03-09 19:25:08.497275079+00:00
BACKTESTER-001,OracleStrategy-000,MESM6.GLBX,GLBX-1-1818,MESM6.GLBX-OracleStrategy-000,GLBX-001,GLBX-1-1818,MARKET,SELL,1,GTC,True,False,1,TAKER,6820.75,0.0,['0.00 USD'],NO_TRIGGER,FILLED,NO_CONTINGENCY,,,,MY_GENERIC_ALGO,,O-20260309-192535-001-000-2186,,f63274c2-6f25-49e4-ba03-bc4cf198f78f,2026-03-09 19:25:35.455628517+00:00,2026-03-09 19:25:35.455628517+00:00
BACKTESTER-001,OracleStrategy-000,MESM6.GLBX,GLBX-1-1819,MESM6.GLBX-OracleStrategy-000,GLBX-001,GLBX-1-1819,MARKET,BUY,1,GTC,False,False,1,TAKER,6820.25,0.0,['0.00 USD'],NO_TRIGGER,FILLED,NO_CONTINGENCY,,,,MY_GENERIC_ALGO,,O-20260309-192543-001-000-2188,,6c80b5ce-5434-4485-b99a-16d72c3ff382,2026-03-09 19:25:43.549839872+00:00,2026-03-09 19:25:43.549839872+00:00
BACKTESTER-001,OracleStrategy-000,MESM6.GLBX,GLBX-1-1820,MESM6.GLBX-OracleStrategy-000,GLBX-001,GLBX-1-1820,MARKET,SELL,1,GTC,True,False,1,TAKER,6821.5,0.0,['0.00 USD'],NO_TRIGGER,FILLED,NO_CONTINGENCY,,,,MY_GENERIC_ALGO,,O-20260309-192553-001-000-2189,,4f3f93f1-b514-4eaa-8c51-8cdbdec7a5a6,2026-03-09 19:25:53.942554423+00:00,2026-03-09 19:25:53.942554423+00:00
BACKTESTER-001,OracleStrategy-000,MESM6.GLBX,GLBX-1-1821,MESM6.GLBX-OracleStrategy-000,GLBX-001,GLBX-1-1821,MARKET,SELL,1,GTC,False,False,1,TAKER,6821.5,0.0,['0.00 USD'],NO_TRIGGER,FILLED,NO_CONTINGENCY,,,,MY_GENERIC_ALGO,,O-20260309-192553-001-000-2190,,78a35e40-59ad-44ce-89ff-e06b8170f4f8,2026-03-09 19:25:53.942554423+00:00,2026-03-09 19:25:53.942554423+00:00
BACKTESTER-001,OracleStrategy-000,MESM6.GLBX,GLBX-1-1822,MESM6.GLBX-OracleStrategy-000,GLBX-001,GLBX-1-1822,MARKET,BUY,1,GTC,True,False,1,TAKER,6820.25,0.0,['0.00 USD'],NO_TRIGGER,FILLED,NO_CONTINGENCY,,,,MY_GENERIC_ALGO,,O-20260309-192558-001-000-2191,,32963686-06b1-4e70-8d21-7061d26ff683,2026-03-09 19:25:58.502952727+00:00,2026-03-09 19:25:58.502952727+00:00
BACKTESTER-001,OracleStrategy-000,MESM6.GLBX,GLBX-1-1823,MESM6.GLBX-OracleStrategy-000,GLBX-001,GLBX-1-1823,MARKET,BUY,1,GTC,False,False,1,TAKER,6820.25,0.0,['0.00 USD'],NO_TRIGGER,FILLED,NO_CONTINGENCY,,,,MY_GENERIC_ALGO,,O-20260309-192558-001-000-2192,,cae6b447-dc76-459c-b467-931b051233e4,2026-03-09 19:25:58.502952727+00:00,2026-03-09 19:25:58.502952727+00:00
BACKTESTER-001,OracleStrategy-000,MESM6.GLBX,GLBX-1-1824,MESM6.GLBX-OracleStrategy-000,GLBX-001,GLBX-1-1824,MARKET,SELL,1,GTC,True,False,1,TAKER,6835.0,0.0,['0.00 USD'],NO_TRIGGER,FILLED,NO_CONTINGENCY,,,,MY_GENERIC_ALGO,,O-20260309-192743-001-000-2193,,927b3d34-b32d-4a09-9c94-2d93fd4093f8,2026-03-09 19:27:43.072002507+00:00,2026-03-09 19:27:43.072002507+00:00
BACKTESTER-001,OracleStrategy-000,MESM6.GLBX,GLBX-1-1825,MESM6.GLBX-OracleStrategy-000,GLBX-001,GLBX-1-1825,MARKET,SELL,1,GTC,False,False,1,TAKER,6835.0,0.0,['0.00 USD'],NO_TRIGGER,FILLED,NO_CONTINGENCY,,,,MY_GENERIC_ALGO,,O-20260309-192743-001-000-2194,,fee39f4f-4346-4e40-b5ef-e82eb16558fb,2026-03-09 19:27:43.072002507+00:00,2026-03-09 19:27:43.072002507+00:00
BACKTESTER-001,OracleStrategy-000,MESM6.GLBX,GLBX-1-1826,MESM6.GLBX-OracleStrategy-000,GLBX-001,GLBX-1-1826,MARKET,BUY,1,GTC,True,False,1,TAKER,6833.25,0.0,['0.00 USD'],NO_TRIGGER,FILLED,NO_CONTINGENCY,,,,MY_GENERIC_ALGO,,O-20260309-192757-001-000-2195,,2261f1e9-880f-43bd-9fbc-524ebda1145d,2026-03-09 19:27:57.840557886+00:00,2026-03-09 19:27:57.840557886+00:00
BACKTESTER-001,OracleStrategy-000,MESM6.GLBX,GLBX-1-1827,MESM6.GLBX-OracleStrategy-000,GLBX-001,GLBX-1-1827,MARKET,BUY,1,GTC,False,False,1,TAKER,6834.5,0.0,['0.00 USD'],NO_TRIGGER,FILLED,NO_CONTINGENCY,,,,MY_GENERIC_ALGO,,O-20260309-192813-001-000-2198,,73f2e2e5-7dcc-428c-9e4b-68cf2ccfd83a,2026-03-09 19:28:13.335696210+00:00,2026-03-09 19:28:13.335696210+00:00
BACKTESTER-001,OracleStrategy-000,MESM6.GLBX,GLBX-1-1828,MESM6.GLBX-OracleStrategy-000,GLBX-001,GLBX-1-1828,MARKET,SELL,1,GTC,True,False,1,TAKER,6839.0,0.0,['0.00 USD'],NO_TRIGGER,FILLED,NO_CONTINGENCY,,,,MY_GENERIC_ALGO,,O-20260309-192846-001-000-2199,,b81169f9-f4c2-4c1f-acef-d4be0352cc2d,2026-03-09 19:28:46.569578759+00:00,2026-03-09 19:28:46.569578759+00:00
BACKTESTER-001,OracleStrategy-000,MESM6.GLBX,GLBX-1-1829,MESM6.GLBX-OracleStrategy-000,GLBX-001,GLBX-1-1829,MARKET,SELL,1,GTC,False,False,1,TAKER,6839.0,0.0,['0.00 USD'],NO_TRIGGER,FILLED,NO_CONTINGENCY,,,,MY_GENERIC_ALGO,,O-20260309-192846-001-000-2200,,708c6e1b-45c3-4a82-aa7b-65736b2e04bf,2026-03-09 19:28:46.569578759+00:00,2026-03-09 19:28:46.569578759+00:00
BACKTESTER-001,OracleStrategy-000,MESM6.GLBX,GLBX-1-1830,MESM6.GLBX-OracleStrategy-000,GLBX-001,GLBX-1-1830,MARKET,BUY,1,GTC,True,False,1,TAKER,6837.25,0.0,['0.00 USD'],NO_TRIGGER,FILLED,NO_CONTINGENCY,,,,MY_GENERIC_ALGO,,O-20260309-192859-001-000-2201,,08406e6e-0ed1-41ea-aab6-f6957248233c,2026-03-09 19:28:59.108529631+00:00,2026-03-09 19:28:59.108529631+00:00
BACKTESTER-001,OracleStrategy-000,MESM6.GLBX,GLBX-1-1831,MESM6.GLBX-OracleStrategy-000,GLBX-001,GLBX-1-1831,MARKET,BUY,1,GTC,False,False,1,TAKER,6837.25,0.0,['0.00 USD'],NO_TRIGGER,FILLED,NO_CONTINGENCY,,,,MY_GENERIC_ALGO,,O-20260309-192859-001-000-2202,,bd13e80f-148d-47cd-8392-1fe32f774ab4,2026-03-09 19:28:59.108529631+00:00,2026-03-09 19:28:59.108529631+00:00
BACKTESTER-001,OracleStrategy-000,MESM6.GLBX,GLBX-1-1832,MESM6.GLBX-OracleStrategy-000,GLBX-001,GLBX-1-1832,MARKET,SELL,1,GTC,True,False,1,TAKER,6840.75,0.0,['0.00 USD'],NO_TRIGGER,FILLED,NO_CONTINGENCY,,,,MY_GENERIC_ALGO,,O-20260309-192947-001-000-2203,,78e8ee62-2abb-4bd6-9dad-624794966eaf,2026-03-09 19:29:47.347071963+00:00,2026-03-09 19:29:47.347071963+00:00
BACKTESTER-001,OracleStrategy-000,MESM6.GLBX,GLBX-1-1833,MESM6.GLBX-OracleStrategy-000,GLBX-001,GLBX-1-1833,MARKET,SELL,1,GTC,False,False,1,TAKER,6840.75,0.0,['0.00 USD'],NO_TRIGGER,FILLED,NO_CONTINGENCY,,,,MY_GENERIC_ALGO,,O-20260309-192947-001-000-2204,,a685d568-2c0d-4d02-b63b-22b1858b9e80,2026-03-09 19:29:47.347071963+00:00,2026-03-09 19:29:47.347071963+00:00
BACKTESTER-001,OracleStrategy-000,MESM6.GLBX,GLBX-1-1834,MESM6.GLBX-OracleStrategy-000,GLBX-001,GLBX-1-1834,MARKET,BUY,1,GTC,True,False,1,TAKER,6834.0,0.0,['0.00 USD'],NO_TRIGGER,FILLED,NO_CONTINGENCY,,,,MY_GENERIC_ALGO,,O-20260309-193045-001-000-2205,,f2a50f58-e9f7-4525-b2fc-17ddc158d8e8,2026-03-09 19:30:45.941850144+00:00,2026-03-09 19:30:45.941850144+00:00
BACKTESTER-001,OracleStrategy-000,MESM6.GLBX,GLBX-1-1835,MESM6.GLBX-OracleStrategy-000,GLBX-001,GLBX-1-1835,MARKET,BUY,1,GTC,False,False,1,TAKER,6834.0,0.0,['0.00 USD'],NO_TRIGGER,FILLED,NO_CONTINGENCY,,,,MY_GENERIC_ALGO,,O-20260309-193045-001-000-2206,,ac71a7ac-2445-4ae1-bdaf-2098f7eeed2b,2026-03-09 19:30:45.941850144+00:00,2026-03-09 19:30:45.941850144+00:00
BACKTESTER-001,OracleStrategy-000,MESM6.GLBX,GLBX-1-1836,MESM6.GLBX-OracleStrategy-000,GLBX-001,GLBX-1-1836,MARKET,SELL,1,GTC,True,False,1,TAKER,6839.5,0.0,['0.00 USD'],NO_TRIGGER,FILLED,NO_CONTINGENCY,,,,MY_GENERIC_ALGO,,O-20260309-193135-001-000-2207,,809126d9-ba2c-4a73-ab6d-ae1ec4886941,2026-03-09 19:31:35.476681365+00:00,2026-03-09 19:31:35.476681365+00:00
BACKTESTER-001,OracleStrategy-000,MESM6.GLBX,GLBX-1-1837,MESM6.GLBX-OracleStrategy-000,GLBX-001,GLBX-1-1837,MARKET,SELL,1,GTC,False,False,1,TAKER,6839.5,0.0,['0.00 USD'],NO_TRIGGER,FILLED,NO_CONTINGENCY,,,,MY_GENERIC_ALGO,,O-20260309-193135-001-000-2208,,56ca15b8-8443-40af-908c-15aef8d00ac4,2026-03-09 19:31:35.476681365+00:00,2026-03-09 19:31:35.476681365+00:00
BACKTESTER-001,OracleStrategy-000,MESM6.GLBX,GLBX-1-1838,MESM6.GLBX-OracleStrategy-000,GLBX-001,GLBX-1-1838,MARKET,BUY,1,GTC,True,False,1,TAKER,6840.0,0.0,['0.00 USD'],NO_TRIGGER,FILLED,NO_CONTINGENCY,,,,MY_GENERIC_ALGO,,O-20260309-193146-001-000-2209,,a0a2cbdb-3666-41d8-80ed-664a51ba89ee,2026-03-09 19:31:46.470621247+00:00,2026-03-09 19:31:46.470621247+00:00
BACKTESTER-001,OracleStrategy-000,MESM6.GLBX,GLBX-1-1839,MESM6.GLBX-OracleStrategy-000,GLBX-001,GLBX-1-1839,MARKET,BUY,1,GTC,False,False,1,TAKER,6840.0,0.0,['0.00 USD'],NO_TRIGGER,FILLED,NO_CONTINGENCY,,,,MY_GENERIC_ALGO,,O-20260309-193146-001-000-2210,,27cf0697-ffe8-4294-9767-92fb3bea8e94,2026-03-09 19:31:46.470621247+00:00,2026-03-09 19:31:46.470621247+00:00
BACKTESTER-001,OracleStrategy-000,MESM6.GLBX,GLBX-1-1840,MESM6.GLBX-OracleStrategy-000,GLBX-001,GLBX-1-1840,MARKET,SELL,1,GTC,True,False,1,TAKER,6847.75,0.0,['0.00 USD'],NO_TRIGGER,FILLED,NO_CONTINGENCY,,,,MY_GENERIC_ALGO,,O-20260309-193300-001-000-2211,,fdf3be3b-7bc3-4554-9b72-3c2b73fcf878,2026-03-09 19:33:00.550037650+00:00,2026-03-09 19:33:00.550037650+00:00
BACKTESTER-001,OracleStrategy-000,MESM6.GLBX,GLBX-1-1841,MESM6.GLBX-OracleStrategy-000,GLBX-001,GLBX-1-1841,MARKET,SELL,1,GTC,False,False,1,TAKER,6847.75,0.0,['0.00 USD'],NO_TRIGGER,FILLED,NO_CONTINGENCY,,,,MY_GENERIC_ALGO,,O-20260309-193300-001-000-2212,,b51e0ad2-b5e0-4c1e-b39f-bb4679397435,2026-03-09 19:33:00.550037650+00:00,2026-03-09 19:33:00.550037650+00:00
BACKTESTER-001,OracleStrategy-000,MESM6.GLBX,GLBX-1-1842,MESM6.GLBX-OracleStrategy-000,GLBX-001,GLBX-1-1842,MARKET,BUY,1,GTC,True,False,1,TAKER,6850.75,0.0,['0.00 USD'],NO_TRIGGER,FILLED,NO_CONTINGENCY,,,,MY_GENERIC_ALGO,,O-20260309-193313-001-000-2213,,55012552-63a1-49fd-9cd4-d2ae7f86caae,2026-03-09 19:33:13.512352890+00:00,2026-03-09 19:33:13.512352890+00:00
BACKTESTER-001,OracleStrategy-000,MESM6.GLBX,GLBX-1-1843,MESM6.GLBX-OracleStrategy-000,GLBX-001,GLBX-1-1843,MARKET,BUY,1,GTC,False,False,1,TAKER,6850.75,0.0,['0.00 USD'],NO_TRIGGER,FILLED,NO_CONTINGENCY,,,,MY_GENERIC_ALGO,,O-20260309-193313-001-000-2214,,7042c3ea-6539-47f5-946e-dd801972b0a2,2026-03-09 19:33:13.512352890+00:00,2026-03-09 19:33:13.512352890+00:00
BACKTESTER-001,OracleStrategy-000,MESM6.GLBX,GLBX-1-1844,MESM6.GLBX-OracleStrategy-000,GLBX-001,GLBX-1-1844,MARKET,SELL,1,GTC,True,False,1,TAKER,6851.0,0.0,['0.00 USD'],NO_TRIGGER,FILLED,NO_CONTINGENCY,,,,MY_GENERIC_ALGO,,O-20260309-193343-001-000-2215,,a5ee3eb6-99aa-446f-9084-e63dc630b474,2026-03-09 19:33:43.821496685+00:00,2026-03-09 19:33:43.821496685+00:00
BACKTESTER-001,OracleStrategy-000,MESM6.GLBX,GLBX-1-1845,MESM6.GLBX-OracleStrategy-000,GLBX-001,GLBX-1-1845,MARKET,SELL,1,GTC,False,False,1,TAKER,6851.0,0.0,['0.00 USD'],NO_TRIGGER,FILLED,NO_CONTINGENCY,,,,MY_GENERIC_ALGO,,O-20260309-193343-001-000-2216,,a27f4048-6e62-43e0-87d4-374a8cde13a1,2026-03-09 19:33:43.821496685+00:00,2026-03-09 19:33:43.821496685+00:00
BACKTESTER-001,OracleStrategy-000,MESM6.GLBX,GLBX-1-1846,MESM6.GLBX-OracleStrategy-000,GLBX-001,GLBX-1-1846,MARKET,BUY,1,GTC,True,False,1,TAKER,6851.25,0.0,['0.00 USD'],NO_TRIGGER,FILLED,NO_CONTINGENCY,,,,MY_GENERIC_ALGO,,O-20260309-193408-001-000-2217,,f2bb24d4-025c-4a07-813a-310484f0fba9,2026-03-09 19:34:08.273189914+00:00,2026-03-09 19:34:08.273189914+00:00
BACKTESTER-001,OracleStrategy-000,MESM6.GLBX,GLBX-1-1847,MESM6.GLBX-OracleStrategy-000,GLBX-001,GLBX-1-1847,MARKET,BUY,1,GTC,False,False,1,TAKER,6851.25,0.0,['0.00 USD'],NO_TRIGGER,FILLED,NO_CONTINGENCY,,,,MY_GENERIC_ALGO,,O-20260309-193408-001-000-2218,,5616e3fe-fe96-4c60-8da2-44e42d09ad2f,2026-03-09 19:34:08.273189914+00:00,2026-03-09 19:34:08.273189914+00:00
BACKTESTER-001,OracleStrategy-000,MESM6.GLBX,GLBX-1-1848,MESM6.GLBX-OracleStrategy-000,GLBX-001,GLBX-1-1848,MARKET,SELL,1,GTC,True,False,1,TAKER,6853.75,0.0,['0.00 USD'],NO_TRIGGER,FILLED,NO_CONTINGENCY,,,,MY_GENERIC_ALGO,,O-20260309-193445-001-000-2219,,397ac6b2-08fb-46c6-b361-a8cafd98fc0e,2026-03-09 19:34:45.064076514+00:00,2026-03-09 19:34:45.064076514+00:00
BACKTESTER-001,OracleStrategy-000,MESM6.GLBX,GLBX-1-1849,MESM6.GLBX-OracleStrategy-000,GLBX-001,GLBX-1-1849,MARKET,SELL,1,GTC,False,False,1,TAKER,6853.75,0.0,['0.00 USD'],NO_TRIGGER,FILLED,NO_CONTINGENCY,,,,MY_GENERIC_ALGO,,O-20260309-193445-001-000-2220,,525da2fb-404d-4e9e-a9c3-37a16fa84a87,2026-03-09 19:34:45.064076514+00:00,2026-03-09 19:34:45.064076514+00:00
BACKTESTER-001,OracleStrategy-000,MESM6.GLBX,GLBX-1-1850,MESM6.GLBX-OracleStrategy-000,GLBX-001,GLBX-1-1850,MARKET,BUY,1,GTC,True,False,1,TAKER,6854.0,0.0,['0.00 USD'],NO_TRIGGER,FILLED,NO_CONTINGENCY,,,,MY_GENERIC_ALGO,,O-20260309-193446-001-000-2221,,767779f2-bf2e-4d24-a239-a70c2f342d6f,2026-03-09 19:34:46.300668574+00:00,2026-03-09 19:34:46.300668574+00:00
BACKTESTER-001,OracleStrategy-000,MESM6.GLBX,GLBX-1-1851,MESM6.GLBX-OracleStrategy-000,GLBX-001,GLBX-1-1851,MARKET,BUY,1,GTC,False,False,1,TAKER,6854.0,0.0,['0.00 USD'],NO_TRIGGER,FILLED,NO_CONTINGENCY,,,,MY_GENERIC_ALGO,,O-20260309-193446-001-000-2222,,eb31865a-6ea9-48fa-98e8-a9dc2332bd82,2026-03-09 19:34:46.300668574+00:00,2026-03-09 19:34:46.300668574+00:00
BACKTESTER-001,OracleStrategy-000,MESM6.GLBX,GLBX-1-1852,MESM6.GLBX-OracleStrategy-000,GLBX-001,GLBX-1-1852,MARKET,SELL,1,GTC,True,False,1,TAKER,6854.0,0.0,['0.00 USD'],NO_TRIGGER,FILLED,NO_CONTINGENCY,,,,MY_GENERIC_ALGO,,O-20260309-193458-001-000-2223,,e1bc335e-164d-4ca6-8536-90395439cbb7,2026-03-09 19:34:58.050547887+00:00,2026-03-09 19:34:58.050547887+00:00
BACKTESTER-001,OracleStrategy-000,MESM6.GLBX,GLBX-1-1853,MESM6.GLBX-OracleStrategy-000,GLBX-001,GLBX-1-1853,MARKET,SELL,1,GTC,False,False,1,TAKER,6854.0,0.0,['0.00 USD'],NO_TRIGGER,FILLED,NO_CONTINGENCY,,,,MY_GENERIC_ALGO,,O-20260309-193458-001-000-2224,,84c7ad97-588f-465d-b619-c5875fbe1940,2026-03-09 19:34:58.050547887+00:00,2026-03-09 19:34:58.050547887+00:00
BACKTESTER-001,OracleStrategy-000,MESM6.GLBX,GLBX-1-1854,MESM6.GLBX-OracleStrategy-000,GLBX-001,GLBX-1-1854,MARKET,BUY,1,GTC,True,False,1,TAKER,6845.0,0.0,['0.00 USD'],NO_TRIGGER,FILLED,NO_CONTINGENCY,,,,MY_GENERIC_ALGO,,O-20260309-193603-001-000-2225,,8f37ac04-2c90-4913-bdf4-16fddafe4f90,2026-03-09 19:36:03.738449541+00:00,2026-03-09 19:36:03.738449541+00:00
BACKTESTER-001,OracleStrategy-000,MESM6.GLBX,GLBX-1-1855,MESM6.GLBX-OracleStrategy-000,GLBX-001,GLBX-1-1855,MARKET,BUY,1,GTC,False,False,1,TAKER,6845.0,0.0,['0.00 USD'],NO_TRIGGER,FILLED,NO_CONTINGENCY,,,,MY_GENERIC_ALGO,,O-20260309-193603-001-000-2226,,d476d6eb-5fbb-44a7-b81b-e5d6c8c5496a,2026-03-09 19:36:03.738449541+00:00,2026-03-09 19:36:03.738449541+00:00
BACKTESTER-001,OracleStrategy-000,MESM6.GLBX,GLBX-1-1856,MESM6.GLBX-OracleStrategy-000,GLBX-001,GLBX-1-1856,MARKET,SELL,1,GTC,True,False,1,TAKER,6864.75,0.0,['0.00 USD'],NO_TRIGGER,FILLED,NO_CONTINGENCY,,,,MY_GENERIC_ALGO,,O-20260309-193806-001-000-2227,,92db3e65-0083-45ad-ac70-bbc354e5b72a,2026-03-09 19:38:06.186613578+00:00,2026-03-09 19:38:06.186613578+00:00
BACKTESTER-001,OracleStrategy-000,MESM6.GLBX,GLBX-1-1857,MESM6.GLBX-OracleStrategy-000,GLBX-001,GLBX-1-1857,MARKET,SELL,1,GTC,False,False,1,TAKER,6864.75,0.0,['0.00 USD'],NO_TRIGGER,FILLED,NO_CONTINGENCY,,,,MY_GENERIC_ALGO,,O-20260309-193806-001-000-2228,,bf01edd3-ddd7-4e1b-b75a-caec6ac6ddae,2026-03-09 19:38:06.186613578+00:00,2026-03-09 19:38:06.186613578+00:00
BACKTESTER-001,OracleStrategy-000,MESM6.GLBX,GLBX-1-1858,MESM6.GLBX-OracleStrategy-000,GLBX-001,GLBX-1-1858,MARKET,BUY,1,GTC,True,False,1,TAKER,6863.0,0.0,['0.00 USD'],NO_TRIGGER,FILLED,NO_CONTINGENCY,,,,MY_GENERIC_ALGO,,O-20260309-193852-001-000-2229,,779cacd5-d449-478b-b7fd-3e465741b6bd,2026-03-09 19:38:52.213930090+00:00,2026-03-09 19:38:52.213930090+00:00
BACKTESTER-001,OracleStrategy-000,MESM6.GLBX,GLBX-1-1859,MESM6.GLBX-OracleStrategy-000,GLBX-001,GLBX-1-1859,MARKET,BUY,1,GTC,False,False,1,TAKER,6863.0,0.0,['0.00 USD'],NO_TRIGGER,FILLED,NO_CONTINGENCY,,,,MY_GENERIC_ALGO,,O-20260309-193852-001-000-2230,,faf230f6-13d9-4b57-933a-4516f5322d4b,2026-03-09 19:38:52.213930090+00:00,2026-03-09 19:38:52.213930090+00:00
BACKTESTER-001,OracleStrategy-000,MESM6.GLBX,GLBX-1-1860,MESM6.GLBX-OracleStrategy-000,GLBX-001,GLBX-1-1860,MARKET,SELL,1,GTC,True,False,1,TAKER,6863.75,0.0,['0.00 USD'],NO_TRIGGER,FILLED,NO_CONTINGENCY,,,,MY_GENERIC_ALGO,,O-20260309-193918-001-000-2231,,6e7a7782-afee-4d03-b3df-8c4ed8c40a57,2026-03-09 19:39:18.548072464+00:00,2026-03-09 19:39:18.548072464+00:00
BACKTESTER-001,OracleStrategy-000,MESM6.GLBX,GLBX-1-1861,MESM6.GLBX-OracleStrategy-000,GLBX-001,GLBX-1-1861,MARKET,SELL,1,GTC,False,False,1,TAKER,6863.75,0.0,['0.00 USD'],NO_TRIGGER,FILLED,NO_CONTINGENCY,,,,MY_GENERIC_ALGO,,O-20260309-193918-001-000-2232,,52ef29a8-cb76-4728-b571-822a0e47a5e3,2026-03-09 19:39:18.548072464+00:00,2026-03-09 19:39:18.548072464+00:00
BACKTESTER-001,OracleStrategy-000,MESM6.GLBX,GLBX-1-1862,MESM6.GLBX-OracleStrategy-000,GLBX-001,GLBX-1-1862,MARKET,BUY,1,GTC,True,False,1,TAKER,6863.0,0.0,['0.00 USD'],NO_TRIGGER,FILLED,NO_CONTINGENCY,,,,MY_GENERIC_ALGO,,O-20260309-193923-001-000-2233,,38c7f2ab-9cba-47f6-82ae-8df99759a00b,2026-03-09 19:39:23.441850432+00:00,2026-03-09 19:39:23.441850432+00:00
BACKTESTER-001,OracleStrategy-000,MESM6.GLBX,GLBX-1-1863,MESM6.GLBX-OracleStrategy-000,GLBX-001,GLBX-1-1863,MARKET,BUY,1,GTC,False,False,1,TAKER,6863.0,0.0,['0.00 USD'],NO_TRIGGER,FILLED,NO_CONTINGENCY,,,,MY_GENERIC_ALGO,,O-20260309-193923-001-000-2234,,3d61a354-4925-4708-a82c-9c078044c28d,2026-03-09 19:39:23.441850432+00:00,2026-03-09 19:39:23.441850432+00:00
BACKTESTER-001,OracleStrategy-000,MESM6.GLBX,GLBX-1-1864,MESM6.GLBX-OracleStrategy-000,GLBX-001,GLBX-1-1864,MARKET,SELL,1,GTC,True,False,1,TAKER,6863.5,0.0,['0.00 USD'],NO_TRIGGER,FILLED,NO_CONTINGENCY,,,,MY_GENERIC_ALGO,,O-20260309-193931-001-000-2235,,7da011be-17a0-4934-ae47-455eafe154fc,2026-03-09 19:39:31.263975807+00:00,2026-03-09 19:39:31.263975807+00:00
BACKTESTER-001,OracleStrategy-000,MESM6.GLBX,GLBX-1-1865,MESM6.GLBX-OracleStrategy-000,GLBX-001,GLBX-1-1865,MARKET,SELL,1,GTC,False,False,1,TAKER,6863.5,0.0,['0.00 USD'],NO_TRIGGER,FILLED,NO_CONTINGENCY,,,,MY_GENERIC_ALGO,,O-20260309-193931-001-000-2236,,d58a7b6c-2fd7-4d66-9ecc-2a1c466f8843,2026-03-09 19:39:31.263975807+00:00,2026-03-09 19:39:31.263975807+00:00
BACKTESTER-001,OracleStrategy-000,MESM6.GLBX,GLBX-1-1866,MESM6.GLBX-OracleStrategy-000,GLBX-001,GLBX-1-1866,MARKET,BUY,1,GTC,True,False,1,TAKER,6843.5,0.0,['0.00 USD'],NO_TRIGGER,FILLED,NO_CONTINGENCY,,,,MY_GENERIC_ALGO,,O-20260309-194156-001-000-2237,,b1fa7f68-216a-468e-8257-e22500f9cefe,2026-03-09 19:41:56.768039978+00:00,2026-03-09 19:41:56.768039978+00:00
BACKTESTER-001,OracleStrategy-000,MESM6.GLBX,GLBX-1-1867,MESM6.GLBX-OracleStrategy-000,GLBX-001,GLBX-1-1867,MARKET,BUY,1,GTC,False,False,1,TAKER,6843.5,0.0,['0.00 USD'],NO_TRIGGER,FILLED,NO_CONTINGENCY,,,,MY_GENERIC_ALGO,,O-20260309-194156-001-000-2238,,c0cea986-d5da-4678-a585-11a18f38a15b,2026-03-09 19:41:56.768039978+00:00,2026-03-09 19:41:56.768039978+00:00
BACKTESTER-001,OracleStrategy-000,MESM6.GLBX,GLBX-1-1868,MESM6.GLBX-OracleStrategy-000,GLBX-001,GLBX-1-1868,MARKET,SELL,1,GTC,True,False,1,TAKER,6843.5,0.0,['0.00 USD'],NO_TRIGGER,FILLED,NO_CONTINGENCY,,,,MY_GENERIC_ALGO,,O-20260309-194225-001-000-2239,,4c9fe17c-0a97-4c7d-af15-16fcb4453279,2026-03-09 19:42:25.951792496+00:00,2026-03-09 19:42:25.951792496+00:00
BACKTESTER-001,OracleStrategy-000,MESM6.GLBX,GLBX-1-1869,MESM6.GLBX-OracleStrategy-000,GLBX-001,GLBX-1-1869,MARKET,SELL,1,GTC,False,False,1,TAKER,6843.5,0.0,['0.00 USD'],NO_TRIGGER,FILLED,NO_CONTINGENCY,,,,MY_GENERIC_ALGO,,O-20260309-194225-001-000-2240,,b36d1b6f-6c41-49b1-b202-b6337bcfad95,2026-03-09 19:42:25.951792496+00:00,2026-03-09 19:42:25.951792496+00:00
BACKTESTER-001,OracleStrategy-000,MESM6.GLBX,GLBX-1-1870,MESM6.GLBX-OracleStrategy-000,GLBX-001,GLBX-1-1870,MARKET,BUY,1,GTC,True,False,1,TAKER,6842.25,0.0,['0.00 USD'],NO_TRIGGER,FILLED,NO_CONTINGENCY,,,,MY_GENERIC_ALGO,,O-20260309-194257-001-000-2241,,fdb7f8e1-fdba-46f0-b3a0-2060e3b3f9a9,2026-03-09 19:42:57.285589637+00:00,2026-03-09 19:42:57.285589637+00:00
BACKTESTER-001,OracleStrategy-000,MESM6.GLBX,GLBX-1-1871,MESM6.GLBX-OracleStrategy-000,GLBX-001,GLBX-1-1871,MARKET,BUY,1,GTC,False,False,1,TAKER,6842.25,0.0,['0.00 USD'],NO_TRIGGER,FILLED,NO_CONTINGENCY,,,,MY_GENERIC_ALGO,,O-20260309-194257-001-000-2242,,d925bb56-66df-4dcd-b9a9-050fe782674f,2026-03-09 19:42:57.285589637+00:00,2026-03-09 19:42:57.285589637+00:00
BACKTESTER-001,OracleStrategy-000,MESM6.GLBX,GLBX-1-1872,MESM6.GLBX-OracleStrategy-000,GLBX-001,GLBX-1-1872,MARKET,SELL,1,GTC,True,False,1,TAKER,6845.25,0.0,['0.00 USD'],NO_TRIGGER,FILLED,NO_CONTINGENCY,,,,MY_GENERIC_ALGO,,O-20260309-194337-001-000-2243,,6c34fb59-3eaf-4209-8e19-f662b5bbc998,2026-03-09 19:43:37.265925695+00:00,2026-03-09 19:43:37.265925695+00:00
BACKTESTER-001,OracleStrategy-000,MESM6.GLBX,GLBX-1-1873,MESM6.GLBX-OracleStrategy-000,GLBX-001,GLBX-1-1873,MARKET,SELL,1,GTC,False,False,1,TAKER,6845.25,0.0,['0.00 USD'],NO_TRIGGER,FILLED,NO_CONTINGENCY,,,,MY_GENERIC_ALGO,,O-20260309-194337-001-000-2244,,63a2248d-56d0-4f31-841f-2c45b517616e,2026-03-09 19:43:37.265925695+00:00,2026-03-09 19:43:37.265925695+00:00
BACKTESTER-001,OracleStrategy-000,MESM6.GLBX,GLBX-1-1874,MESM6.GLBX-OracleStrategy-000,GLBX-001,GLBX-1-1874,MARKET,BUY,1,GTC,True,False,1,TAKER,6845.0,0.0,['0.00 USD'],NO_TRIGGER,FILLED,NO_CONTINGENCY,,,,MY_GENERIC_ALGO,,O-20260309-194407-001-000-2245,,86d4ec5c-df71-4f61-86f5-a64913266ea5,2026-03-09 19:44:07.367084823+00:00,2026-03-09 19:44:07.367084823+00:00
BACKTESTER-001,OracleStrategy-000,MESM6.GLBX,GLBX-1-1875,MESM6.GLBX-OracleStrategy-000,GLBX-001,GLBX-1-1875,MARKET,BUY,1,GTC,False,False,1,TAKER,6845.0,0.0,['0.00 USD'],NO_TRIGGER,FILLED,NO_CONTINGENCY,,,,MY_GENERIC_ALGO,,O-20260309-194407-001-000-2246,,66e42edf-6139-4a6c-8b54-a257827fbfb2,2026-03-09 19:44:07.367084823+00:00,2026-03-09 19:44:07.367084823+00:00
BACKTESTER-001,OracleStrategy-000,MESM6.GLBX,GLBX-1-1876,MESM6.GLBX-OracleStrategy-000,GLBX-001,GLBX-1-1876,MARKET,SELL,1,GTC,True,False,1,TAKER,6848.5,0.0,['0.00 USD'],NO_TRIGGER,FILLED,NO_CONTINGENCY,,,,MY_GENERIC_ALGO,,O-20260309-194433-001-000-2247,,aed8f678-e646-46b5-a509-aa6123743328,2026-03-09 19:44:33.991387515+00:00,2026-03-09 19:44:33.991387515+00:00
BACKTESTER-001,OracleStrategy-000,MESM6.GLBX,GLBX-1-1877,MESM6.GLBX-OracleStrategy-000,GLBX-001,GLBX-1-1877,MARKET,SELL,1,GTC,False,False,1,TAKER,6848.5,0.0,['0.00 USD'],NO_TRIGGER,FILLED,NO_CONTINGENCY,,,,MY_GENERIC_ALGO,,O-20260309-194433-001-000-2248,,27d28030-390c-4e9b-aa24-2d912becf872,2026-03-09 19:44:33.991387515+00:00,2026-03-09 19:44:33.991387515+00:00
BACKTESTER-001,OracleStrategy-000,MESM6.GLBX,GLBX-1-1878,MESM6.GLBX-OracleStrategy-000,GLBX-001,GLBX-1-1878,MARKET,BUY,1,GTC,True,False,1,TAKER,6848.0,0.0,['0.00 USD'],NO_TRIGGER,FILLED,NO_CONTINGENCY,,,,MY_GENERIC_ALGO,,O-20260309-194504-001-000-2249,,c130fda7-bc07-4609-88c9-afb16b9dd4e9,2026-03-09 19:45:04.903391949+00:00,2026-03-09 19:45:04.903391949+00:00
BACKTESTER-001,OracleStrategy-000,MESM6.GLBX,GLBX-1-1879,MESM6.GLBX-OracleStrategy-000,GLBX-001,GLBX-1-1879,MARKET,BUY,1,GTC,False,False,1,TAKER,6848.0,0.0,['0.00 USD'],NO_TRIGGER,FILLED,NO_CONTINGENCY,,,,MY_GENERIC_ALGO,,O-20260309-194504-001-000-2250,,89c530e3-249b-4a3d-b16f-51f8d693db9b,2026-03-09 19:45:04.903391949+00:00,2026-03-09 19:45:04.903391949+00:00
BACKTESTER-001,OracleStrategy-000,MESM6.GLBX,GLBX-1-1880,MESM6.GLBX-OracleStrategy-000,GLBX-001,GLBX-1-1880,MARKET,SELL,1,GTC,True,False,1,TAKER,6846.25,0.0,['0.00 USD'],NO_TRIGGER,FILLED,NO_CONTINGENCY,,,,MY_GENERIC_ALGO,,O-20260309-194519-001-000-2251,,117fd5e5-c4db-4e16-929d-cc0ffe176568,2026-03-09 19:45:19.342954640+00:00,2026-03-09 19:45:19.342954640+00:00
BACKTESTER-001,OracleStrategy-000,MESM6.GLBX,GLBX-1-1881,MESM6.GLBX-OracleStrategy-000,GLBX-001,GLBX-1-1881,MARKET,SELL,1,GTC,False,False,1,TAKER,6846.25,0.0,['0.00 USD'],NO_TRIGGER,FILLED,NO_CONTINGENCY,,,,MY_GENERIC_ALGO,,O-20260309-194519-001-000-2252,,ee6509c3-2ec2-4678-8c9b-bf6b436a7a03,2026-03-09 19:45:19.342954640+00:00,2026-03-09 19:45:19.342954640+00:00
BACKTESTER-001,OracleStrategy-000,MESM6.GLBX,GLBX-1-1882,MESM6.GLBX-OracleStrategy-000,GLBX-001,GLBX-1-1882,MARKET,BUY,1,GTC,True,False,1,TAKER,6845.75,0.0,['0.00 USD'],NO_TRIGGER,FILLED,NO_CONTINGENCY,,,,MY_GENERIC_ALGO,,O-20260309-194526-001-000-2253,,67654651-58e9-44f9-ae3f-71cd1809cd0d,2026-03-09 19:45:26.982199984+00:00,2026-03-09 19:45:26.982199984+00:00
BACKTESTER-001,OracleStrategy-000,MESM6.GLBX,GLBX-1-1883,MESM6.GLBX-OracleStrategy-000,GLBX-001,GLBX-1-1883,MARKET,BUY,1,GTC,False,False,1,TAKER,6845.75,0.0,['0.00 USD'],NO_TRIGGER,FILLED,NO_CONTINGENCY,,,,MY_GENERIC_ALGO,,O-20260309-194526-001-000-2254,,71f2e2e2-d219-4dee-a261-c594540ab032,2026-03-09 19:45:26.982199984+00:00,2026-03-09 19:45:26.982199984+00:00
BACKTESTER-001,OracleStrategy-000,MESM6.GLBX,GLBX-1-1884,MESM6.GLBX-OracleStrategy-000,GLBX-001,GLBX-1-1884,MARKET,SELL,1,GTC,True,False,1,TAKER,6848.5,0.0,['0.00 USD'],NO_TRIGGER,FILLED,NO_CONTINGENCY,,,,MY_GENERIC_ALGO,,O-20260309-194540-001-000-2255,,6d0a138c-01f9-4c32-8b41-e0c480cdfcb1,2026-03-09 19:45:40.189975666+00:00,2026-03-09 19:45:40.189975666+00:00
BACKTESTER-001,OracleStrategy-000,MESM6.GLBX,GLBX-1-1885,MESM6.GLBX-OracleStrategy-000,GLBX-001,GLBX-1-1885,MARKET,SELL,1,GTC,False,False,1,TAKER,6848.5,0.0,['0.00 USD'],NO_TRIGGER,FILLED,NO_CONTINGENCY,,,,MY_GENERIC_ALGO,,O-20260309-194540-001-000-2256,,bf3bc64f-5cb3-40ed-a3ee-0a82f1b945e4,2026-03-09 19:45:40.189975666+00:00,2026-03-09 19:45:40.189975666+00:00
BACKTESTER-001,OracleStrategy-000,MESM6.GLBX,GLBX-1-1886,MESM6.GLBX-OracleStrategy-000,GLBX-001,GLBX-1-1886,MARKET,BUY,1,GTC,True,False,1,TAKER,6844.5,0.0,['0.00 USD'],NO_TRIGGER,FILLED,NO_CONTINGENCY,,,,MY_GENERIC_ALGO,,O-20260309-194554-001-000-2257,,857580f2-a12b-4b73-b121-3296266e186a,2026-03-09 19:45:54.381357597+00:00,2026-03-09 19:45:54.381357597+00:00
BACKTESTER-001,OracleStrategy-000,MESM6.GLBX,GLBX-1-1887,MESM6.GLBX-OracleStrategy-000,GLBX-001,GLBX-1-1887,MARKET,SELL,1,GTC,False,False,1,TAKER,6847.0,0.0,['0.00 USD'],NO_TRIGGER,FILLED,NO_CONTINGENCY,,,,MY_GENERIC_ALGO,,O-20260309-194559-001-000-2259,,4f75c036-0c60-41e2-832d-999a15cd7f91,2026-03-09 19:45:59.836779592+00:00,2026-03-09 19:45:59.836779592+00:00
BACKTESTER-001,OracleStrategy-000,MESM6.GLBX,GLBX-1-1888,MESM6.GLBX-OracleStrategy-000,GLBX-001,GLBX-1-1888,MARKET,BUY,1,GTC,True,False,1,TAKER,6846.25,0.0,['0.00 USD'],NO_TRIGGER,FILLED,NO_CONTINGENCY,,,,MY_GENERIC_ALGO,,O-20260309-194627-001-000-2260,,2603dca4-9acf-4f62-aef5-a28f075104f8,2026-03-09 19:46:27.082090429+00:00,2026-03-09 19:46:27.082090429+00:00
BACKTESTER-001,OracleStrategy-000,MESM6.GLBX,GLBX-1-1889,MESM6.GLBX-OracleStrategy-000,GLBX-001,GLBX-1-1889,MARKET,BUY,1,GTC,False,False,1,TAKER,6846.25,0.0,['0.00 USD'],NO_TRIGGER,FILLED,NO_CONTINGENCY,,,,MY_GENERIC_ALGO,,O-20260309-194627-001-000-2261,,78697222-9ec3-40dd-a84c-61f1e8e74bff,2026-03-09 19:46:27.082090429+00:00,2026-03-09 19:46:27.082090429+00:00
BACKTESTER-001,OracleStrategy-000,MESM6.GLBX,GLBX-1-1890,MESM6.GLBX-OracleStrategy-000,GLBX-001,GLBX-1-1890,MARKET,SELL,1,GTC,True,False,1,TAKER,6847.75,0.0,['0.00 USD'],NO_TRIGGER,FILLED,NO_CONTINGENCY,,,,MY_GENERIC_ALGO,,O-20260309-194646-001-000-2262,,77bd3841-66a4-4146-8473-4d72301ad18c,2026-03-09 19:46:46.178663211+00:00,2026-03-09 19:46:46.178663211+00:00
BACKTESTER-001,OracleStrategy-000,MESM6.GLBX,GLBX-1-1891,MESM6.GLBX-OracleStrategy-000,GLBX-001,GLBX-1-1891,MARKET,SELL,1,GTC,False,False,1,TAKER,6847.75,0.0,['0.00 USD'],NO_TRIGGER,FILLED,NO_CONTINGENCY,,,,MY_GENERIC_ALGO,,O-20260309-194646-001-000-2263,,8536a30e-ed02-4c1b-8cf3-d50468448cb2,2026-03-09 19:46:46.178663211+00:00,2026-03-09 19:46:46.178663211+00:00
BACKTESTER-001,OracleStrategy-000,MESM6.GLBX,GLBX-1-1892,MESM6.GLBX-OracleStrategy-000,GLBX-001,GLBX-1-1892,MARKET,BUY,1,GTC,True,False,1,TAKER,6847.75,0.0,['0.00 USD'],NO_TRIGGER,FILLED,NO_CONTINGENCY,,,,MY_GENERIC_ALGO,,O-20260309-194700-001-000-2264,,d64c36c9-973a-494b-8d77-8564b7a3a21d,2026-03-09 19:47:00.798769195+00:00,2026-03-09 19:47:00.798769195+00:00
BACKTESTER-001,OracleStrategy-000,MESM6.GLBX,GLBX-1-1893,MESM6.GLBX-OracleStrategy-000,GLBX-001,GLBX-1-1893,MARKET,BUY,1,GTC,False,False,1,TAKER,6847.25,0.0,['0.00 USD'],NO_TRIGGER,FILLED,NO_CONTINGENCY,,,,MY_GENERIC_ALGO,,O-20260309-194725-001-000-2268,,8f009716-dcc2-4778-b634-ba09f6055f6c,2026-03-09 19:47:25.369188672+00:00,2026-03-09 19:47:25.369188672+00:00
BACKTESTER-001,OracleStrategy-000,MESM6.GLBX,GLBX-1-1894,MESM6.GLBX-OracleStrategy-000,GLBX-001,GLBX-1-1894,MARKET,SELL,1,GTC,True,False,1,TAKER,6853.25,0.0,['0.00 USD'],NO_TRIGGER,FILLED,NO_CONTINGENCY,,,,MY_GENERIC_ALGO,,O-20260309-194748-001-000-2269,,ca80d709-0478-4aec-be34-7c5853653304,2026-03-09 19:47:48.082801715+00:00,2026-03-09 19:47:48.082801715+00:00
BACKTESTER-001,OracleStrategy-000,MESM6.GLBX,GLBX-1-1895,MESM6.GLBX-OracleStrategy-000,GLBX-001,GLBX-1-1895,MARKET,SELL,1,GTC,False,False,1,TAKER,6853.25,0.0,['0.00 USD'],NO_TRIGGER,FILLED,NO_CONTINGENCY,,,,MY_GENERIC_ALGO,,O-20260309-194748-001-000-2270,,af81da09-7b47-4ca3-8bb3-c78d6ef11881,2026-03-09 19:47:48.082801715+00:00,2026-03-09 19:47:48.082801715+00:00
BACKTESTER-001,OracleStrategy-000,MESM6.GLBX,GLBX-1-1896,MESM6.GLBX-OracleStrategy-000,GLBX-001,GLBX-1-1896,MARKET,BUY,1,GTC,True,False,1,TAKER,6849.75,0.0,['0.00 USD'],NO_TRIGGER,FILLED,NO_CONTINGENCY,,,,MY_GENERIC_ALGO,,O-20260309-194908-001-000-2271,,d44eb047-e335-46c1-b696-5d187627d002,2026-03-09 19:49:08.421214322+00:00,2026-03-09 19:49:08.421214322+00:00
BACKTESTER-001,OracleStrategy-000,MESM6.GLBX,GLBX-1-1897,MESM6.GLBX-OracleStrategy-000,GLBX-001,GLBX-1-1897,MARKET,BUY,1,GTC,False,False,1,TAKER,6849.75,0.0,['0.00 USD'],NO_TRIGGER,FILLED,NO_CONTINGENCY,,,,MY_GENERIC_ALGO,,O-20260309-194908-001-000-2272,,b6551722-aa4a-4780-b452-c2ca7fc2aa7e,2026-03-09 19:49:08.421214322+00:00,2026-03-09 19:49:08.421214322+00:00
BACKTESTER-001,OracleStrategy-000,MESM6.GLBX,GLBX-1-1898,MESM6.GLBX-OracleStrategy-000,GLBX-001,GLBX-1-1898,MARKET,SELL,1,GTC,True,False,1,TAKER,6847.5,0.0,['0.00 USD'],NO_TRIGGER,FILLED,NO_CONTINGENCY,,,,MY_GENERIC_ALGO,,O-20260309-194938-001-000-2273,,c143e082-ba3f-4e6b-82fb-5cf30902160d,2026-03-09 19:49:38.109099931+00:00,2026-03-09 19:49:38.109099931+00:00
BACKTESTER-001,OracleStrategy-000,MESM6.GLBX,GLBX-1-1899,MESM6.GLBX-OracleStrategy-000,GLBX-001,GLBX-1-1899,MARKET,SELL,1,GTC,False,False,1,TAKER,6847.5,0.0,['0.00 USD'],NO_TRIGGER,FILLED,NO_CONTINGENCY,,,,MY_GENERIC_ALGO,,O-20260309-194938-001-000-2274,,bbe28cc5-6ed9-4a7a-84c6-ee17295e65d0,2026-03-09 19:49:38.109099931+00:00,2026-03-09 19:49:38.109099931+00:00
BACKTESTER-001,OracleStrategy-000,MESM6.GLBX,GLBX-1-1900,MESM6.GLBX-OracleStrategy-000,GLBX-001,GLBX-1-1900,MARKET,BUY,1,GTC,True,False,1,TAKER,6839.75,0.0,['0.00 USD'],NO_TRIGGER,FILLED,NO_CONTINGENCY,,,,MY_GENERIC_ALGO,,O-20260309-195056-001-000-2275,,1fe6a580-c03c-43ca-aede-09a73a9a3902,2026-03-09 19:50:56.159967187+00:00,2026-03-09 19:50:56.159967187+00:00
BACKTESTER-001,OracleStrategy-000,MESM6.GLBX,GLBX-1-1901,MESM6.GLBX-OracleStrategy-000,GLBX-001,GLBX-1-1901,MARKET,BUY,1,GTC,False,False,1,TAKER,6839.75,0.0,['0.00 USD'],NO_TRIGGER,FILLED,NO_CONTINGENCY,,,,MY_GENERIC_ALGO,,O-20260309-195056-001-000-2276,,830cac43-ef52-4dd3-855b-4f5682f764ba,2026-03-09 19:50:56.159967187+00:00,2026-03-09 19:50:56.159967187+00:00
BACKTESTER-001,OracleStrategy-000,MESM6.GLBX,GLBX-1-1902,MESM6.GLBX-OracleStrategy-000,GLBX-001,GLBX-1-1902,MARKET,SELL,1,GTC,True,False,1,TAKER,6843.0,0.0,['0.00 USD'],NO_TRIGGER,FILLED,NO_CONTINGENCY,,,,MY_GENERIC_ALGO,,O-20260309-195105-001-000-2277,,91dae819-e51a-4632-98aa-4be7b0c91be3,2026-03-09 19:51:05.742656635+00:00,2026-03-09 19:51:05.742656635+00:00
BACKTESTER-001,OracleStrategy-000,MESM6.GLBX,GLBX-1-1903,MESM6.GLBX-OracleStrategy-000,GLBX-001,GLBX-1-1903,MARKET,SELL,1,GTC,False,False,1,TAKER,6843.0,0.0,['0.00 USD'],NO_TRIGGER,FILLED,NO_CONTINGENCY,,,,MY_GENERIC_ALGO,,O-20260309-195105-001-000-2278,,fbfeee07-51b0-4c5a-8c8f-5fb12559d60c,2026-03-09 19:51:05.742656635+00:00,2026-03-09 19:51:05.742656635+00:00
BACKTESTER-001,OracleStrategy-000,MESM6.GLBX,GLBX-1-1904,MESM6.GLBX-OracleStrategy-000,GLBX-001,GLBX-1-1904,MARKET,BUY,1,GTC,True,False,1,TAKER,6839.0,0.0,['0.00 USD'],NO_TRIGGER,FILLED,NO_CONTINGENCY,,,,MY_GENERIC_ALGO,,O-20260309-195120-001-000-2279,,e07f1b16-04aa-4374-bf64-3c4b0b66c0a3,2026-03-09 19:51:20.248254339+00:00,2026-03-09 19:51:20.248254339+00:00
BACKTESTER-001,OracleStrategy-000,MESM6.GLBX,GLBX-1-1905,MESM6.GLBX-OracleStrategy-000,GLBX-001,GLBX-1-1905,MARKET,BUY,1,GTC,False,False,1,TAKER,6839.0,0.0,['0.00 USD'],NO_TRIGGER,FILLED,NO_CONTINGENCY,,,,MY_GENERIC_ALGO,,O-20260309-195120-001-000-2280,,5601a074-f2c3-4c48-a146-9bac9b0d5e2a,2026-03-09 19:51:20.248254339+00:00,2026-03-09 19:51:20.248254339+00:00
BACKTESTER-001,OracleStrategy-000,MESM6.GLBX,GLBX-1-1906,MESM6.GLBX-OracleStrategy-000,GLBX-001,GLBX-1-1906,MARKET,SELL,1,GTC,True,False,1,TAKER,6844.5,0.0,['0.00 USD'],NO_TRIGGER,FILLED,NO_CONTINGENCY,,,,MY_GENERIC_ALGO,,O-20260309-195211-001-000-2281,,020f898c-dace-498f-9d6d-706b7da9e394,2026-03-09 19:52:11.160071759+00:00,2026-03-09 19:52:11.160071759+00:00
BACKTESTER-001,OracleStrategy-000,MESM6.GLBX,GLBX-1-1907,MESM6.GLBX-OracleStrategy-000,GLBX-001,GLBX-1-1907,MARKET,SELL,1,GTC,False,False,1,TAKER,6844.5,0.0,['0.00 USD'],NO_TRIGGER,FILLED,NO_CONTINGENCY,,,,MY_GENERIC_ALGO,,O-20260309-195211-001-000-2282,,8bc6c975-f408-4378-8f6a-6f6c8b5bff04,2026-03-09 19:52:11.160071759+00:00,2026-03-09 19:52:11.160071759+00:00
BACKTESTER-001,OracleStrategy-000,MESM6.GLBX,GLBX-1-1908,MESM6.GLBX-OracleStrategy-000,GLBX-001,GLBX-1-1908,MARKET,BUY,1,GTC,True,False,1,TAKER,6841.25,0.0,['0.00 USD'],NO_TRIGGER,FILLED,NO_CONTINGENCY,,,,MY_GENERIC_ALGO,,O-20260309-195323-001-000-2283,,1ce3ee08-1d49-4c83-af98-5de2208fcd1e,2026-03-09 19:53:23.850058621+00:00,2026-03-09 19:53:23.850058621+00:00
BACKTESTER-001,OracleStrategy-000,MESM6.GLBX,GLBX-1-1909,MESM6.GLBX-OracleStrategy-000,GLBX-001,GLBX-1-1909,MARKET,BUY,1,GTC,False,False,1,TAKER,6841.25,0.0,['0.00 USD'],NO_TRIGGER,FILLED,NO_CONTINGENCY,,,,MY_GENERIC_ALGO,,O-20260309-195325-001-000-2285,,3692940c-bbf8-4de5-8908-e11271a01af2,2026-03-09 19:53:25.303830827+00:00,2026-03-09 19:53:25.303830827+00:00
BACKTESTER-001,OracleStrategy-000,MESM6.GLBX,GLBX-1-1910,MESM6.GLBX-OracleStrategy-000,GLBX-001,GLBX-1-1910,MARKET,SELL,1,GTC,True,False,1,TAKER,6842.25,0.0,['0.00 USD'],NO_TRIGGER,FILLED,NO_CONTINGENCY,,,,MY_GENERIC_ALGO,,O-20260309-195412-001-000-2286,,a165364d-642e-4877-b1c2-ed5ce8355fd0,2026-03-09 19:54:12.383048618+00:00,2026-03-09 19:54:12.383048618+00:00
BACKTESTER-001,OracleStrategy-000,MESM6.GLBX,GLBX-1-1911,MESM6.GLBX-OracleStrategy-000,GLBX-001,GLBX-1-1911,MARKET,SELL,1,GTC,False,False,1,TAKER,6842.25,0.0,['0.00 USD'],NO_TRIGGER,FILLED,NO_CONTINGENCY,,,,MY_GENERIC_ALGO,,O-20260309-195424-001-000-2288,,f8be4567-3c8e-458d-abfa-2032244abffc,2026-03-09 19:54:24.501609744+00:00,2026-03-09 19:54:24.501609744+00:00
BACKTESTER-001,OracleStrategy-000,MESM6.GLBX,GLBX-1-1912,MESM6.GLBX-OracleStrategy-000,GLBX-001,GLBX-1-1912,MARKET,BUY,1,GTC,True,False,1,TAKER,6841.25,0.0,['0.00 USD'],NO_TRIGGER,FILLED,NO_CONTINGENCY,,,,MY_GENERIC_ALGO,,O-20260309-195448-001-000-2289,,d86311f1-05fa-4f86-8125-a7024cafd09c,2026-03-09 19:54:48.316656127+00:00,2026-03-09 19:54:48.316656127+00:00
BACKTESTER-001,OracleStrategy-000,MESM6.GLBX,GLBX-1-1913,MESM6.GLBX-OracleStrategy-000,GLBX-001,GLBX-1-1913,MARKET,BUY,1,GTC,False,False,1,TAKER,6841.25,0.0,['0.00 USD'],NO_TRIGGER,FILLED,NO_CONTINGENCY,,,,MY_GENERIC_ALGO,,O-20260309-195448-001-000-2290,,997a9530-44ef-4629-a550-45c73d009e4f,2026-03-09 19:54:48.316656127+00:00,2026-03-09 19:54:48.316656127+00:00
BACKTESTER-001,OracleStrategy-000,MESM6.GLBX,GLBX-1-1914,MESM6.GLBX-OracleStrategy-000,GLBX-001,GLBX-1-1914,MARKET,SELL,1,GTC,True,False,1,TAKER,6846.75,0.0,['0.00 USD'],NO_TRIGGER,FILLED,NO_CONTINGENCY,,,,MY_GENERIC_ALGO,,O-20260309-195512-001-000-2291,,943b00d3-318f-4754-86ce-d565bbb64c9a,2026-03-09 19:55:12.571934893+00:00,2026-03-09 19:55:12.571934893+00:00
BACKTESTER-001,OracleStrategy-000,MESM6.GLBX,GLBX-1-1915,MESM6.GLBX-OracleStrategy-000,GLBX-001,GLBX-1-1915,MARKET,SELL,1,GTC,False,False,1,TAKER,6846.75,0.0,['0.00 USD'],NO_TRIGGER,FILLED,NO_CONTINGENCY,,,,MY_GENERIC_ALGO,,O-20260309-195512-001-000-2292,,359c807b-7505-4cd8-a6e1-4ceffedd2417,2026-03-09 19:55:12.571934893+00:00,2026-03-09 19:55:12.571934893+00:00
BACKTESTER-001,OracleStrategy-000,MESM6.GLBX,GLBX-1-1916,MESM6.GLBX-OracleStrategy-000,GLBX-001,GLBX-1-1916,MARKET,BUY,1,GTC,True,False,1,TAKER,6844.25,0.0,['0.00 USD'],NO_TRIGGER,FILLED,NO_CONTINGENCY,,,,MY_GENERIC_ALGO,,O-20260309-195515-001-000-2293,,2aa11647-0f59-4470-9e8d-a2e2e4911a07,2026-03-09 19:55:15.514705877+00:00,2026-03-09 19:55:15.514705877+00:00
BACKTESTER-001,OracleStrategy-000,MESM6.GLBX,GLBX-1-1917,MESM6.GLBX-OracleStrategy-000,GLBX-001,GLBX-1-1917,MARKET,BUY,1,GTC,False,False,1,TAKER,6844.25,0.0,['0.00 USD'],NO_TRIGGER,FILLED,NO_CONTINGENCY,,,,MY_GENERIC_ALGO,,O-20260309-195515-001-000-2294,,af3ebcd8-063e-4446-8f9d-f098c7ed18ce,2026-03-09 19:55:15.514705877+00:00,2026-03-09 19:55:15.514705877+00:00
BACKTESTER-001,OracleStrategy-000,MESM6.GLBX,GLBX-1-1918,MESM6.GLBX-OracleStrategy-000,GLBX-001,GLBX-1-1918,MARKET,SELL,1,GTC,True,False,1,TAKER,6849.0,0.0,['0.00 USD'],NO_TRIGGER,FILLED,NO_CONTINGENCY,,,,MY_GENERIC_ALGO,,O-20260309-195619-001-000-2295,,f6901f54-3d58-4229-a849-1a138e4f104e,2026-03-09 19:56:19.306909477+00:00,2026-03-09 19:56:19.306909477+00:00
BACKTESTER-001,OracleStrategy-000,MESM6.GLBX,GLBX-1-1919,MESM6.GLBX-OracleStrategy-000,GLBX-001,GLBX-1-1919,MARKET,SELL,1,GTC,False,False,1,TAKER,6849.0,0.0,['0.00 USD'],NO_TRIGGER,FILLED,NO_CONTINGENCY,,,,MY_GENERIC_ALGO,,O-20260309-195619-001-000-2296,,0828268b-810d-4263-b421-14d63bf9cd6a,2026-03-09 19:56:19.306909477+00:00,2026-03-09 19:56:19.306909477+00:00
BACKTESTER-001,OracleStrategy-000,MESM6.GLBX,GLBX-1-1920,MESM6.GLBX-OracleStrategy-000,GLBX-001,GLBX-1-1920,MARKET,BUY,1,GTC,True,False,1,TAKER,6848.5,0.0,['0.00 USD'],NO_TRIGGER,FILLED,NO_CONTINGENCY,,,,MY_GENERIC_ALGO,,O-20260309-195646-001-000-2297,,aeadc7e1-91fe-4cc9-8da1-51601fcf40dc,2026-03-09 19:56:46.376999739+00:00,2026-03-09 19:56:46.376999739+00:00
BACKTESTER-001,OracleStrategy-000,MESM6.GLBX,GLBX-1-1921,MESM6.GLBX-OracleStrategy-000,GLBX-001,GLBX-1-1921,MARKET,BUY,1,GTC,False,False,1,TAKER,6848.0,0.0,['0.00 USD'],NO_TRIGGER,FILLED,NO_CONTINGENCY,,,,MY_GENERIC_ALGO,,O-20260309-195651-001-000-2299,,bd6d37d1-3b09-4a13-8e3e-27f38968371c,2026-03-09 19:56:51.316000535+00:00,2026-03-09 19:56:51.316000535+00:00
BACKTESTER-001,OracleStrategy-000,MESM6.GLBX,GLBX-1-1922,MESM6.GLBX-OracleStrategy-000,GLBX-001,GLBX-1-1922,MARKET,SELL,1,GTC,True,False,1,TAKER,6856.0,0.0,['0.00 USD'],NO_TRIGGER,FILLED,NO_CONTINGENCY,,,,MY_GENERIC_ALGO,,O-20260309-195815-001-000-2300,,ae467c8e-bbe0-409b-8abb-7c80b483ec5a,2026-03-09 19:58:15.730522915+00:00,2026-03-09 19:58:15.730522915+00:00
BACKTESTER-001,OracleStrategy-000,MESM6.GLBX,GLBX-1-1923,MESM6.GLBX-OracleStrategy-000,GLBX-001,GLBX-1-1923,MARKET,SELL,1,GTC,False,False,1,TAKER,6856.0,0.0,['0.00 USD'],NO_TRIGGER,FILLED,NO_CONTINGENCY,,,,MY_GENERIC_ALGO,,O-20260309-195815-001-000-2301,,327d2b6e-5d7b-4231-a6eb-e607643e2e76,2026-03-09 19:58:15.730522915+00:00,2026-03-09 19:58:15.730522915+00:00
BACKTESTER-001,OracleStrategy-000,MESM6.GLBX,GLBX-1-1924,MESM6.GLBX-OracleStrategy-000,GLBX-001,GLBX-1-1924,MARKET,BUY,1,GTC,True,False,1,TAKER,6855.75,0.0,['0.00 USD'],NO_TRIGGER,FILLED,NO_CONTINGENCY,,,,MY_GENERIC_ALGO,,O-20260309-195819-001-000-2302,,1169f6ad-220b-4547-a635-b6b0577dada6,2026-03-09 19:58:19.233486573+00:00,2026-03-09 19:58:19.233486573+00:00
BACKTESTER-001,OracleStrategy-000,MESM6.GLBX,GLBX-1-1925,MESM6.GLBX-OracleStrategy-000,GLBX-001,GLBX-1-1925,MARKET,SELL,1,GTC,False,False,1,TAKER,6856.75,0.0,['0.00 USD'],NO_TRIGGER,FILLED,NO_CONTINGENCY,,,,MY_GENERIC_ALGO,,O-20260309-195823-001-000-2305,,87342122-b88a-4d57-afe8-10ec17d26c53,2026-03-09 19:58:23.547410368+00:00,2026-03-09 19:58:23.547410368+00:00
BACKTESTER-001,OracleStrategy-000,MESM6.GLBX,GLBX-1-1926,MESM6.GLBX-OracleStrategy-000,GLBX-001,GLBX-1-1926,MARKET,BUY,1,GTC,True,False,1,TAKER,6851.25,0.0,['0.00 USD'],NO_TRIGGER,FILLED,NO_CONTINGENCY,,,,MY_GENERIC_ALGO,,O-20260309-195911-001-000-2306,,7bcc3878-2ff0-41b2-814b-63ad1f8605d8,2026-03-09 19:59:11.851858186+00:00,2026-03-09 19:59:11.851858186+00:00
BACKTESTER-001,OracleStrategy-000,MESM6.GLBX,GLBX-1-1927,MESM6.GLBX-OracleStrategy-000,GLBX-001,GLBX-1-1927,MARKET,BUY,1,GTC,False,False,1,TAKER,6851.25,0.0,['0.00 USD'],NO_TRIGGER,FILLED,NO_CONTINGENCY,,,,MY_GENERIC_ALGO,,O-20260309-195911-001-000-2307,,bfa53292-3671-4ac5-9740-3735c27ea2c7,2026-03-09 19:59:11.851858186+00:00,2026-03-09 19:59:11.851858186+00:00
BACKTESTER-001,OracleStrategy-000,MESM6.GLBX,GLBX-1-1928,MESM6.GLBX-OracleStrategy-000,GLBX-001,GLBX-1-1928,MARKET,SELL,1,GTC,True,False,1,TAKER,6851.25,0.0,['0.00 USD'],NO_TRIGGER,FILLED,NO_CONTINGENCY,,,,MY_GENERIC_ALGO,,O-20260309-195917-001-000-2308,,722f50a3-0d5c-4f60-9a75-0763f628f6b6,2026-03-09 19:59:17.513415568+00:00,2026-03-09 19:59:17.513415568+00:00
BACKTESTER-001,OracleStrategy-000,MESM6.GLBX,GLBX-1-1929,MESM6.GLBX-OracleStrategy-000,GLBX-001,GLBX-1-1929,MARKET,BUY,1,GTC,False,False,1,TAKER,6851.5,0.0,['0.00 USD'],NO_TRIGGER,FILLED,NO_CONTINGENCY,,,,MY_GENERIC_ALGO,,O-20260309-195931-001-000-2314,,99914158-51d9-4785-9e00-bd4aeb982f3f,2026-03-09 19:59:31.015477809+00:00,2026-03-09 19:59:31.015477809+00:00
BACKTESTER-001,OracleStrategy-000,MESM6.GLBX,GLBX-1-1930,MESM6.GLBX-OracleStrategy-000,GLBX-001,GLBX-1-1930,MARKET,SELL,1,GTC,True,False,1,TAKER,6855.5,0.0,['0.00 USD'],NO_TRIGGER,FILLED,NO_CONTINGENCY,,,,MY_GENERIC_ALGO,,O-20260309-200022-001-000-2315,,916d20c3-ec61-4571-b7b3-68d69de94879,2026-03-09 20:00:22.184104299+00:00,2026-03-09 20:00:22.184104299+00:00
BACKTESTER-001,OracleStrategy-000,MESM6.GLBX,GLBX-1-1931,MESM6.GLBX-OracleStrategy-000,GLBX-001,GLBX-1-1931,MARKET,SELL,1,GTC,False,False,1,TAKER,6855.5,0.0,['0.00 USD'],NO_TRIGGER,FILLED,NO_CONTINGENCY,,,,MY_GENERIC_ALGO,,O-20260309-200022-001-000-2316,,20de1461-9e5d-49ed-a8ec-acb0b54bb558,2026-03-09 20:00:22.184104299+00:00,2026-03-09 20:00:22.184104299+00:00
BACKTESTER-001,OracleStrategy-000,MESM6.GLBX,GLBX-1-1932,MESM6.GLBX-OracleStrategy-000,GLBX-001,GLBX-1-1932,MARKET,BUY,1,GTC,True,False,1,TAKER,6855.75,0.0,['0.00 USD'],NO_TRIGGER,FILLED,NO_CONTINGENCY,,,,MY_GENERIC_ALGO,,O-20260309-200025-001-000-2317,,6cdbae40-ab66-46ac-bf79-1f51cb722552,2026-03-09 20:00:25.210324175+00:00,2026-03-09 20:00:25.210324175+00:00
BACKTESTER-001,OracleStrategy-000,MESM6.GLBX,GLBX-1-1933,MESM6.GLBX-OracleStrategy-000,GLBX-001,GLBX-1-1933,MARKET,BUY,1,GTC,False,False,1,TAKER,6855.75,0.0,['0.00 USD'],NO_TRIGGER,FILLED,NO_CONTINGENCY,,,,MY_GENERIC_ALGO,,O-20260309-200025-001-000-2318,,be6ebe45-0439-484d-8cec-b9e32b54dead,2026-03-09 20:00:25.210324175+00:00,2026-03-09 20:00:25.210324175+00:00
BACKTESTER-001,OracleStrategy-000,MESM6.GLBX,GLBX-1-1934,MESM6.GLBX-OracleStrategy-000,GLBX-001,GLBX-1-1934,MARKET,SELL,1,GTC,True,False,1,TAKER,6858.5,0.0,['0.00 USD'],NO_TRIGGER,FILLED,NO_CONTINGENCY,,,,MY_GENERIC_ALGO,,O-20260309-200040-001-000-2319,,22f13608-e263-4e52-9262-e5e19733b234,2026-03-09 20:00:40.657278914+00:00,2026-03-09 20:00:40.657278914+00:00
BACKTESTER-001,OracleStrategy-000,MESM6.GLBX,GLBX-1-1935,MESM6.GLBX-OracleStrategy-000,GLBX-001,GLBX-1-1935,MARKET,SELL,1,GTC,False,False,1,TAKER,6858.5,0.0,['0.00 USD'],NO_TRIGGER,FILLED,NO_CONTINGENCY,,,,MY_GENERIC_ALGO,,O-20260309-200040-001-000-2320,,cce7e163-f9a7-4700-9e94-6f12e20d311f,2026-03-09 20:00:40.657278914+00:00,2026-03-09 20:00:40.657278914+00:00
BACKTESTER-001,OracleStrategy-000,MESM6.GLBX,GLBX-1-1936,MESM6.GLBX-OracleStrategy-000,GLBX-001,GLBX-1-1936,MARKET,BUY,1,GTC,True,False,1,TAKER,6856.0,0.0,['0.00 USD'],NO_TRIGGER,FILLED,NO_CONTINGENCY,,,,MY_GENERIC_ALGO,,O-20260309-200056-001-000-2321,,76c5e45b-1e1b-449c-a48e-a110c12cc1d2,2026-03-09 20:00:56.717886456+00:00,2026-03-09 20:00:56.717886456+00:00
BACKTESTER-001,OracleStrategy-000,MESM6.GLBX,GLBX-1-1937,MESM6.GLBX-OracleStrategy-000,GLBX-001,GLBX-1-1937,MARKET,BUY,1,GTC,False,False,1,TAKER,6856.0,0.0,['0.00 USD'],NO_TRIGGER,FILLED,NO_CONTINGENCY,,,,MY_GENERIC_ALGO,,O-20260309-200056-001-000-2322,,b9abc13e-2262-4a7e-9888-e87772230c38,2026-03-09 20:00:56.717886456+00:00,2026-03-09 20:00:56.717886456+00:00
BACKTESTER-001,OracleStrategy-000,MESM6.GLBX,GLBX-1-1938,MESM6.GLBX-OracleStrategy-000,GLBX-001,GLBX-1-1938,MARKET,SELL,1,GTC,True,False,1,TAKER,6858.0,0.0,['0.00 USD'],NO_TRIGGER,FILLED,NO_CONTINGENCY,,,,MY_GENERIC_ALGO,,O-20260309-200124-001-000-2323,,f5e8f773-d8ab-4403-b8b9-156b040908fc,2026-03-09 20:01:24.862500540+00:00,2026-03-09 20:01:24.862500540+00:00
BACKTESTER-001,OracleStrategy-000,MESM6.GLBX,GLBX-1-1939,MESM6.GLBX-OracleStrategy-000,GLBX-001,GLBX-1-1939,MARKET,SELL,1,GTC,False,False,1,TAKER,6858.0,0.0,['0.00 USD'],NO_TRIGGER,FILLED,NO_CONTINGENCY,,,,MY_GENERIC_ALGO,,O-20260309-200124-001-000-2324,,e7ea7707-47dc-41c3-ab75-9bce7b876f0c,2026-03-09 20:01:24.862500540+00:00,2026-03-09 20:01:24.862500540+00:00
BACKTESTER-001,OracleStrategy-000,MESM6.GLBX,GLBX-1-1940,MESM6.GLBX-OracleStrategy-000,GLBX-001,GLBX-1-1940,MARKET,BUY,1,GTC,True,False,1,TAKER,6845.0,0.0,['0.00 USD'],NO_TRIGGER,FILLED,NO_CONTINGENCY,,,,MY_GENERIC_ALGO,,O-20260309-200405-001-000-2325,,08a37b0e-ffff-443d-9a57-9814f629a249,2026-03-09 20:04:05.181337993+00:00,2026-03-09 20:04:05.181337993+00:00
BACKTESTER-001,OracleStrategy-000,MESM6.GLBX,GLBX-1-1941,MESM6.GLBX-OracleStrategy-000,GLBX-001,GLBX-1-1941,MARKET,BUY,1,GTC,False,False,1,TAKER,6845.0,0.0,['0.00 USD'],NO_TRIGGER,FILLED,NO_CONTINGENCY,,,,MY_GENERIC_ALGO,,O-20260309-200405-001-000-2326,,9fc95d9e-b1ec-4691-85c8-8cd8b91a15e5,2026-03-09 20:04:05.181337993+00:00,2026-03-09 20:04:05.181337993+00:00
BACKTESTER-001,OracleStrategy-000,MESM6.GLBX,GLBX-1-1942,MESM6.GLBX-OracleStrategy-000,GLBX-001,GLBX-1-1942,MARKET,SELL,1,GTC,True,False,1,TAKER,6848.0,0.0,['0.00 USD'],NO_TRIGGER,FILLED,NO_CONTINGENCY,,,,MY_GENERIC_ALGO,,O-20260309-200530-001-000-2327,,a882c444-d918-4dc7-b89a-3dbc251b161e,2026-03-09 20:05:30.853613291+00:00,2026-03-09 20:05:30.853613291+00:00
BACKTESTER-001,OracleStrategy-000,MESM6.GLBX,GLBX-1-1943,MESM6.GLBX-OracleStrategy-000,GLBX-001,GLBX-1-1943,MARKET,SELL,1,GTC,False,False,1,TAKER,6848.0,0.0,['0.00 USD'],NO_TRIGGER,FILLED,NO_CONTINGENCY,,,,MY_GENERIC_ALGO,,O-20260309-200530-001-000-2328,,08a499ba-5208-4e1a-9da7-f05c2fed8bf0,2026-03-09 20:05:30.853613291+00:00,2026-03-09 20:05:30.853613291+00:00
BACKTESTER-001,OracleStrategy-000,MESM6.GLBX,GLBX-1-1944,MESM6.GLBX-OracleStrategy-000,GLBX-001,GLBX-1-1944,MARKET,BUY,1,GTC,True,False,1,TAKER,6845.25,0.0,['0.00 USD'],NO_TRIGGER,FILLED,NO_CONTINGENCY,,,,MY_GENERIC_ALGO,,O-20260309-200707-001-000-2329,,064923b6-48c7-4c2c-bc39-bca554214a40,2026-03-09 20:07:07.278856052+00:00,2026-03-09 20:07:07.278856052+00:00
BACKTESTER-001,OracleStrategy-000,MESM6.GLBX,GLBX-1-1945,MESM6.GLBX-OracleStrategy-000,GLBX-001,GLBX-1-1945,MARKET,BUY,1,GTC,False,False,1,TAKER,6845.25,0.0,['0.00 USD'],NO_TRIGGER,FILLED,NO_CONTINGENCY,,,,MY_GENERIC_ALGO,,O-20260309-200707-001-000-2330,,1a62f555-3ff6-4a58-b776-7e3c42208a11,2026-03-09 20:07:07.278856052+00:00,2026-03-09 20:07:07.278856052+00:00
BACKTESTER-001,OracleStrategy-000,MESM6.GLBX,GLBX-1-1946,MESM6.GLBX-OracleStrategy-000,GLBX-001,GLBX-1-1946,MARKET,SELL,1,GTC,True,False,1,TAKER,6846.75,0.0,['0.00 USD'],NO_TRIGGER,FILLED,NO_CONTINGENCY,,,,MY_GENERIC_ALGO,,O-20260309-200737-001-000-2331,,5e0ae0ae-0c68-41e1-8405-611ded2c3ce2,2026-03-09 20:07:37.685652946+00:00,2026-03-09 20:07:37.685652946+00:00
BACKTESTER-001,OracleStrategy-000,MESM6.GLBX,GLBX-1-1947,MESM6.GLBX-OracleStrategy-000,GLBX-001,GLBX-1-1947,MARKET,SELL,1,GTC,False,False,1,TAKER,6847.0,0.0,['0.00 USD'],NO_TRIGGER,FILLED,NO_CONTINGENCY,,,,MY_GENERIC_ALGO,,O-20260309-200750-001-000-2333,,c983ffaf-3f85-4fcf-a879-08c6e240d6c1,2026-03-09 20:07:50.400697629+00:00,2026-03-09 20:07:50.400697629+00:00
BACKTESTER-001,OracleStrategy-000,MESM6.GLBX,GLBX-1-1948,MESM6.GLBX-OracleStrategy-000,GLBX-001,GLBX-1-1948,MARKET,BUY,1,GTC,True,False,1,TAKER,6837.0,0.0,['0.00 USD'],NO_TRIGGER,FILLED,NO_CONTINGENCY,,,,MY_GENERIC_ALGO,,O-20260309-201057-001-000-2334,,5e5d5a17-ec90-4790-acf5-bb71c11f7e95,2026-03-09 20:10:57.699493973+00:00,2026-03-09 20:10:57.699493973+00:00
BACKTESTER-001,OracleStrategy-000,MESM6.GLBX,GLBX-1-1949,MESM6.GLBX-OracleStrategy-000,GLBX-001,GLBX-1-1949,MARKET,BUY,1,GTC,False,False,1,TAKER,6837.0,0.0,['0.00 USD'],NO_TRIGGER,FILLED,NO_CONTINGENCY,,,,MY_GENERIC_ALGO,,O-20260309-201057-001-000-2335,,93cf26ec-6f96-497a-aad6-165727ae87ec,2026-03-09 20:10:57.699493973+00:00,2026-03-09 20:10:57.699493973+00:00
BACKTESTER-001,OracleStrategy-000,MESM6.GLBX,GLBX-1-1950,MESM6.GLBX-OracleStrategy-000,GLBX-001,GLBX-1-1950,MARKET,SELL,1,GTC,True,False,1,TAKER,6837.75,0.0,['0.00 USD'],NO_TRIGGER,FILLED,NO_CONTINGENCY,,,,MY_GENERIC_ALGO,,O-20260309-201106-001-000-2336,,6dd9a921-0640-4484-9639-76b075f38c30,2026-03-09 20:11:06.456019615+00:00,2026-03-09 20:11:06.456019615+00:00
BACKTESTER-001,OracleStrategy-000,MESM6.GLBX,GLBX-1-1951,MESM6.GLBX-OracleStrategy-000,GLBX-001,GLBX-1-1951,MARKET,SELL,1,GTC,False,False,1,TAKER,6837.75,0.0,['0.00 USD'],NO_TRIGGER,FILLED,NO_CONTINGENCY,,,,MY_GENERIC_ALGO,,O-20260309-201106-001-000-2337,,fed960d7-a436-4db1-801a-b5e0944411ff,2026-03-09 20:11:06.456019615+00:00,2026-03-09 20:11:06.456019615+00:00
BACKTESTER-001,OracleStrategy-000,MESM6.GLBX,GLBX-1-1952,MESM6.GLBX-OracleStrategy-000,GLBX-001,GLBX-1-1952,MARKET,BUY,1,GTC,True,False,1,TAKER,6836.75,0.0,['0.00 USD'],NO_TRIGGER,FILLED,NO_CONTINGENCY,,,,MY_GENERIC_ALGO,,O-20260309-201125-001-000-2338,,e78e2f1c-4b3a-4438-a88f-85a0fb39ab39,2026-03-09 20:11:25.038602587+00:00,2026-03-09 20:11:25.038602587+00:00
BACKTESTER-001,OracleStrategy-000,MESM6.GLBX,GLBX-1-1953,MESM6.GLBX-OracleStrategy-000,GLBX-001,GLBX-1-1953,MARKET,BUY,1,GTC,False,False,1,TAKER,6836.75,0.0,['0.00 USD'],NO_TRIGGER,FILLED,NO_CONTINGENCY,,,,MY_GENERIC_ALGO,,O-20260309-201125-001-000-2339,,4e4919e3-e02f-4264-843f-d36bc047b296,2026-03-09 20:11:25.038602587+00:00,2026-03-09 20:11:25.038602587+00:00
BACKTESTER-001,OracleStrategy-000,MESM6.GLBX,GLBX-1-1954,MESM6.GLBX-OracleStrategy-000,GLBX-001,GLBX-1-1954,MARKET,SELL,1,GTC,True,False,1,TAKER,6837.0,0.0,['0.00 USD'],NO_TRIGGER,FILLED,NO_CONTINGENCY,,,,MY_GENERIC_ALGO,,O-20260309-201129-001-000-2340,,376eb04e-97f1-42be-8a41-714d7c3c0d2b,2026-03-09 20:11:29.031931122+00:00,2026-03-09 20:11:29.031931122+00:00
BACKTESTER-001,OracleStrategy-000,MESM6.GLBX,GLBX-1-1955,MESM6.GLBX-OracleStrategy-000,GLBX-001,GLBX-1-1955,MARKET,BUY,1,GTC,False,False,1,TAKER,6835.5,0.0,['0.00 USD'],NO_TRIGGER,FILLED,NO_CONTINGENCY,,,,MY_GENERIC_ALGO,,O-20260309-201144-001-000-2343,,30db2c6a-b92c-4b63-b09a-cd5c5bae5ee4,2026-03-09 20:11:44.793083472+00:00,2026-03-09 20:11:44.793083472+00:00
BACKTESTER-001,OracleStrategy-000,MESM6.GLBX,GLBX-1-1956,MESM6.GLBX-OracleStrategy-000,GLBX-001,GLBX-1-1956,MARKET,SELL,1,GTC,True,False,1,TAKER,6840.0,0.0,['0.00 USD'],NO_TRIGGER,FILLED,NO_CONTINGENCY,,,,MY_GENERIC_ALGO,,O-20260309-201209-001-000-2344,,02a4b65c-4743-4bc0-ba76-7425b1c214a8,2026-03-09 20:12:09.214763077+00:00,2026-03-09 20:12:09.214763077+00:00
BACKTESTER-001,OracleStrategy-000,MESM6.GLBX,GLBX-1-1957,MESM6.GLBX-OracleStrategy-000,GLBX-001,GLBX-1-1957,MARKET,SELL,1,GTC,False,False,1,TAKER,6840.0,0.0,['0.00 USD'],NO_TRIGGER,FILLED,NO_CONTINGENCY,,,,MY_GENERIC_ALGO,,O-20260309-201209-001-000-2345,,be5331f6-00fa-4bb2-866f-9c9f0a51af0e,2026-03-09 20:12:09.214763077+00:00,2026-03-09 20:12:09.214763077+00:00
BACKTESTER-001,OracleStrategy-000,MESM6.GLBX,GLBX-1-1958,MESM6.GLBX-OracleStrategy-000,GLBX-001,GLBX-1-1958,MARKET,BUY,1,GTC,True,False,1,TAKER,6838.5,0.0,['0.00 USD'],NO_TRIGGER,FILLED,NO_CONTINGENCY,,,,MY_GENERIC_ALGO,,O-20260309-201240-001-000-2346,,889a1c0b-cc06-4901-9bba-196f694d03c5,2026-03-09 20:12:40.037646621+00:00,2026-03-09 20:12:40.037646621+00:00
BACKTESTER-001,OracleStrategy-000,MESM6.GLBX,GLBX-1-1959,MESM6.GLBX-OracleStrategy-000,GLBX-001,GLBX-1-1959,MARKET,BUY,1,GTC,False,False,1,TAKER,6838.5,0.0,['0.00 USD'],NO_TRIGGER,FILLED,NO_CONTINGENCY,,,,MY_GENERIC_ALGO,,O-20260309-201240-001-000-2347,,ac53ca99-f178-4abf-b6c8-b3272848ea3c,2026-03-09 20:12:40.037646621+00:00,2026-03-09 20:12:40.037646621+00:00
BACKTESTER-001,OracleStrategy-000,MESM6.GLBX,GLBX-1-1960,MESM6.GLBX-OracleStrategy-000,GLBX-001,GLBX-1-1960,MARKET,SELL,1,GTC,True,False,1,TAKER,6840.0,0.0,['0.00 USD'],NO_TRIGGER,FILLED,NO_CONTINGENCY,,,,MY_GENERIC_ALGO,,O-20260309-201311-001-000-2348,,eff5cc90-2432-418e-9265-b9bee4b240a1,2026-03-09 20:13:11.544333810+00:00,2026-03-09 20:13:11.544333810+00:00
BACKTESTER-001,OracleStrategy-000,MESM6.GLBX,GLBX-1-1961,MESM6.GLBX-OracleStrategy-000,GLBX-001,GLBX-1-1961,MARKET,SELL,1,GTC,False,False,1,TAKER,6842.5,0.0,['0.00 USD'],NO_TRIGGER,FILLED,NO_CONTINGENCY,,,,MY_GENERIC_ALGO,,O-20260309-201421-001-000-2352,,688e6e97-6097-4ad0-895a-edd399398fe6,2026-03-09 20:14:21.382561215+00:00,2026-03-09 20:14:21.382561215+00:00
BACKTESTER-001,OracleStrategy-000,MESM6.GLBX,GLBX-1-1962,MESM6.GLBX-OracleStrategy-000,GLBX-001,GLBX-1-1962,MARKET,BUY,1,GTC,True,False,1,TAKER,6838.5,0.0,['0.00 USD'],NO_TRIGGER,FILLED,NO_CONTINGENCY,,,,MY_GENERIC_ALGO,,O-20260309-201636-001-000-2353,,b722d468-663f-4774-b1c0-4b2a330279ca,2026-03-09 20:16:36.151202109+00:00,2026-03-09 20:16:36.151202109+00:00
BACKTESTER-001,OracleStrategy-000,MESM6.GLBX,GLBX-1-1963,MESM6.GLBX-OracleStrategy-000,GLBX-001,GLBX-1-1963,MARKET,BUY,1,GTC,False,False,1,TAKER,6838.5,0.0,['0.00 USD'],NO_TRIGGER,FILLED,NO_CONTINGENCY,,,,MY_GENERIC_ALGO,,O-20260309-201636-001-000-2354,,2cc8a40e-ffcb-4759-9dea-bcc1f81e89d6,2026-03-09 20:16:36.151202109+00:00,2026-03-09 20:16:36.151202109+00:00
BACKTESTER-001,OracleStrategy-000,MESM6.GLBX,GLBX-1-1964,MESM6.GLBX-OracleStrategy-000,GLBX-001,GLBX-1-1964,MARKET,SELL,1,GTC,True,False,1,TAKER,6838.0,0.0,['0.00 USD'],NO_TRIGGER,FILLED,NO_CONTINGENCY,,,,MY_GENERIC_ALGO,,O-20260309-201644-001-000-2355,,ef4e1234-8631-4d72-897d-bdb47834ae1a,2026-03-09 20:16:44.074167048+00:00,2026-03-09 20:16:44.074167048+00:00
BACKTESTER-001,OracleStrategy-000,MESM6.GLBX,GLBX-1-1965,MESM6.GLBX-OracleStrategy-000,GLBX-001,GLBX-1-1965,MARKET,SELL,1,GTC,False,False,1,TAKER,6838.0,0.0,['0.00 USD'],NO_TRIGGER,FILLED,NO_CONTINGENCY,,,,MY_GENERIC_ALGO,,O-20260309-201644-001-000-2356,,bb3de290-b997-435e-80ed-5cc803134c05,2026-03-09 20:16:44.074167048+00:00,2026-03-09 20:16:44.074167048+00:00
BACKTESTER-001,OracleStrategy-000,MESM6.GLBX,GLBX-1-1966,MESM6.GLBX-OracleStrategy-000,GLBX-001,GLBX-1-1966,MARKET,BUY,1,GTC,True,False,1,TAKER,6835.0,0.0,['0.00 USD'],NO_TRIGGER,FILLED,NO_CONTINGENCY,,,,MY_GENERIC_ALGO,,O-20260309-201848-001-000-2357,,6217e843-1bb1-4109-8e74-b1149ff68bb5,2026-03-09 20:18:48.591327063+00:00,2026-03-09 20:18:48.591327063+00:00
BACKTESTER-001,OracleStrategy-000,MESM6.GLBX,GLBX-1-1967,MESM6.GLBX-OracleStrategy-000,GLBX-001,GLBX-1-1967,MARKET,BUY,1,GTC,False,False,1,TAKER,6835.0,0.0,['0.00 USD'],NO_TRIGGER,FILLED,NO_CONTINGENCY,,,,MY_GENERIC_ALGO,,O-20260309-201848-001-000-2358,,ef65522b-0cce-484f-a0ac-1596bd2cad2a,2026-03-09 20:18:48.591327063+00:00,2026-03-09 20:18:48.591327063+00:00
BACKTESTER-001,OracleStrategy-000,MESM6.GLBX,GLBX-1-1968,MESM6.GLBX-OracleStrategy-000,GLBX-001,GLBX-1-1968,MARKET,SELL,1,GTC,True,False,1,TAKER,6835.0,0.0,['0.00 USD'],NO_TRIGGER,FILLED,NO_CONTINGENCY,,,,MY_GENERIC_ALGO,,O-20260309-201913-001-000-2359,,837612bd-c3e5-443d-9397-39231f8bc81a,2026-03-09 20:19:13.863556047+00:00,2026-03-09 20:19:13.863556047+00:00
BACKTESTER-001,OracleStrategy-000,MESM6.GLBX,GLBX-1-1969,MESM6.GLBX-OracleStrategy-000,GLBX-001,GLBX-1-1969,MARKET,SELL,1,GTC,False,False,1,TAKER,6835.0,0.0,['0.00 USD'],NO_TRIGGER,FILLED,NO_CONTINGENCY,,,,MY_GENERIC_ALGO,,O-20260309-201922-001-000-2361,,45e945e3-6259-49f2-913b-2f3389b2808a,2026-03-09 20:19:22.216309229+00:00,2026-03-09 20:19:22.216309229+00:00
BACKTESTER-001,OracleStrategy-000,MESM6.GLBX,GLBX-1-1970,MESM6.GLBX-OracleStrategy-000,GLBX-001,GLBX-1-1970,MARKET,BUY,1,GTC,True,False,1,TAKER,6833.5,0.0,['0.00 USD'],NO_TRIGGER,FILLED,NO_CONTINGENCY,,,,MY_GENERIC_ALGO,,O-20260309-202025-001-000-2362,,5a1f5402-c892-49c7-84da-3a106a95c6b8,2026-03-09 20:20:25.509057994+00:00,2026-03-09 20:20:25.509057994+00:00
BACKTESTER-001,OracleStrategy-000,MESM6.GLBX,GLBX-1-1971,MESM6.GLBX-OracleStrategy-000,GLBX-001,GLBX-1-1971,MARKET,BUY,1,GTC,False,False,1,TAKER,6833.5,0.0,['0.00 USD'],NO_TRIGGER,FILLED,NO_CONTINGENCY,,,,MY_GENERIC_ALGO,,O-20260309-202025-001-000-2363,,46c2e8fe-e73c-4433-8506-e9c1c121c143,2026-03-09 20:20:25.509057994+00:00,2026-03-09 20:20:25.509057994+00:00
BACKTESTER-001,OracleStrategy-000,MESM6.GLBX,GLBX-1-1972,MESM6.GLBX-OracleStrategy-000,GLBX-001,GLBX-1-1972,MARKET,SELL,1,GTC,True,False,1,TAKER,6837.0,0.0,['0.00 USD'],NO_TRIGGER,FILLED,NO_CONTINGENCY,,,,MY_GENERIC_ALGO,,O-20260309-202311-001-000-2364,,9acb774c-4440-43ab-8d8b-42b38942daf9,2026-03-09 20:23:11.780410999+00:00,2026-03-09 20:23:11.780410999+00:00
BACKTESTER-001,OracleStrategy-000,MESM6.GLBX,GLBX-1-1973,MESM6.GLBX-OracleStrategy-000,GLBX-001,GLBX-1-1973,MARKET,SELL,1,GTC,False,False,1,TAKER,6837.0,0.0,['0.00 USD'],NO_TRIGGER,FILLED,NO_CONTINGENCY,,,,MY_GENERIC_ALGO,,O-20260309-202311-001-000-2365,,95a0a505-588d-4be8-8d89-8d5fc92faca6,2026-03-09 20:23:11.780410999+00:00,2026-03-09 20:23:11.780410999+00:00
BACKTESTER-001,OracleStrategy-000,MESM6.GLBX,GLBX-1-1974,MESM6.GLBX-OracleStrategy-000,GLBX-001,GLBX-1-1974,MARKET,BUY,1,GTC,True,False,1,TAKER,6834.0,0.0,['0.00 USD'],NO_TRIGGER,FILLED,NO_CONTINGENCY,,,,MY_GENERIC_ALGO,,O-20260309-202529-001-000-2366,,7f1d897f-c373-4753-85a4-2f00b7df56e0,2026-03-09 20:25:29.811249411+00:00,2026-03-09 20:25:29.811249411+00:00
BACKTESTER-001,OracleStrategy-000,MESM6.GLBX,GLBX-1-1975,MESM6.GLBX-OracleStrategy-000,GLBX-001,GLBX-1-1975,MARKET,BUY,1,GTC,False,False,1,TAKER,6834.0,0.0,['0.00 USD'],NO_TRIGGER,FILLED,NO_CONTINGENCY,,,,MY_GENERIC_ALGO,,O-20260309-202529-001-000-2367,,67068113-2ba4-4e81-a936-20f79c402554,2026-03-09 20:25:29.811249411+00:00,2026-03-09 20:25:29.811249411+00:00
BACKTESTER-001,OracleStrategy-000,MESM6.GLBX,GLBX-1-1976,MESM6.GLBX-OracleStrategy-000,GLBX-001,GLBX-1-1976,MARKET,SELL,1,GTC,True,False,1,TAKER,6838.0,0.0,['0.00 USD'],NO_TRIGGER,FILLED,NO_CONTINGENCY,,,,MY_GENERIC_ALGO,,O-20260309-202739-001-000-2368,,f0f5ff2e-abe9-4af3-8d3b-ba8bd428f579,2026-03-09 20:27:39.330484402+00:00,2026-03-09 20:27:39.330484402+00:00
BACKTESTER-001,OracleStrategy-000,MESM6.GLBX,GLBX-1-1977,MESM6.GLBX-OracleStrategy-000,GLBX-001,GLBX-1-1977,MARKET,BUY,1,GTC,False,False,1,TAKER,6837.5,0.0,['0.00 USD'],NO_TRIGGER,FILLED,NO_CONTINGENCY,,,,MY_GENERIC_ALGO,,O-20260309-202811-001-000-2370,,8d51f936-7878-4954-aa54-e42d62978b41,2026-03-09 20:28:11.507087202+00:00,2026-03-09 20:28:11.507087202+00:00
BACKTESTER-001,OracleStrategy-000,MESM6.GLBX,GLBX-1-1978,MESM6.GLBX-OracleStrategy-000,GLBX-001,GLBX-1-1978,MARKET,SELL,1,GTC,True,False,1,TAKER,6844.25,0.0,['0.00 USD'],NO_TRIGGER,FILLED,NO_CONTINGENCY,,,,MY_GENERIC_ALGO,,O-20260309-202958-001-000-2371,,94e0b76c-682d-4b34-b671-453665ef6a7c,2026-03-09 20:29:58.691428019+00:00,2026-03-09 20:29:58.691428019+00:00
BACKTESTER-001,OracleStrategy-000,MESM6.GLBX,GLBX-1-1979,MESM6.GLBX-OracleStrategy-000,GLBX-001,GLBX-1-1979,MARKET,BUY,1,GTC,False,False,1,TAKER,6840.25,0.0,['0.00 USD'],NO_TRIGGER,FILLED,NO_CONTINGENCY,,,,MY_GENERIC_ALGO,,O-20260309-203008-001-000-2373,,c96553af-fc9e-43a6-92cb-16ff41ee3c0b,2026-03-09 20:30:08.999235251+00:00,2026-03-09 20:30:08.999235251+00:00
BACKTESTER-001,OracleStrategy-000,MESM6.GLBX,GLBX-1-1980,MESM6.GLBX-OracleStrategy-000,GLBX-001,GLBX-1-1980,MARKET,SELL,1,GTC,True,False,1,TAKER,6842.0,0.0,['0.00 USD'],NO_TRIGGER,FILLED,NO_CONTINGENCY,,,,MY_GENERIC_ALGO,,O-20260309-203050-001-000-2374,,af9c6049-7ccd-4294-8da9-70d8d9b7b0d4,2026-03-09 20:30:50.651785125+00:00,2026-03-09 20:30:50.651785125+00:00
BACKTESTER-001,OracleStrategy-000,MESM6.GLBX,GLBX-1-1981,MESM6.GLBX-OracleStrategy-000,GLBX-001,GLBX-1-1981,MARKET,SELL,1,GTC,False,False,1,TAKER,6841.75,0.0,['0.00 USD'],NO_TRIGGER,FILLED,NO_CONTINGENCY,,,,MY_GENERIC_ALGO,,O-20260309-203052-001-000-2376,,93faca34-8fd1-4b9d-a3fd-73771eb77c56,2026-03-09 20:30:52.450757727+00:00,2026-03-09 20:30:52.450757727+00:00
BACKTESTER-001,OracleStrategy-000,MESM6.GLBX,GLBX-1-1982,MESM6.GLBX-OracleStrategy-000,GLBX-001,GLBX-1-1982,MARKET,BUY,1,GTC,True,False,1,TAKER,6840.25,0.0,['0.00 USD'],NO_TRIGGER,FILLED,NO_CONTINGENCY,,,,MY_GENERIC_ALGO,,O-20260309-203128-001-000-2377,,fdd0d58c-7617-4ae8-b383-a8a3c12a361a,2026-03-09 20:31:28.230679800+00:00,2026-03-09 20:31:28.230679800+00:00
BACKTESTER-001,OracleStrategy-000,MESM6.GLBX,GLBX-1-1983,MESM6.GLBX-OracleStrategy-000,GLBX-001,GLBX-1-1983,MARKET,BUY,1,GTC,False,False,1,TAKER,6840.25,0.0,['0.00 USD'],NO_TRIGGER,FILLED,NO_CONTINGENCY,,,,MY_GENERIC_ALGO,,O-20260309-203128-001-000-2378,,a1a73752-f428-4610-94c4-763c9d968223,2026-03-09 20:31:28.230679800+00:00,2026-03-09 20:31:28.230679800+00:00
BACKTESTER-001,OracleStrategy-000,MESM6.GLBX,GLBX-1-1984,MESM6.GLBX-OracleStrategy-000,GLBX-001,GLBX-1-1984,MARKET,SELL,1,GTC,True,False,1,TAKER,6844.0,0.0,['0.00 USD'],NO_TRIGGER,FILLED,NO_CONTINGENCY,,,,MY_GENERIC_ALGO,,O-20260309-203259-001-000-2379,,ffce14fb-f96c-4784-9228-9b329d90c9d3,2026-03-09 20:32:59.368994266+00:00,2026-03-09 20:32:59.368994266+00:00
BACKTESTER-001,OracleStrategy-000,MESM6.GLBX,GLBX-1-1985,MESM6.GLBX-OracleStrategy-000,GLBX-001,GLBX-1-1985,MARKET,SELL,1,GTC,False,False,1,TAKER,6844.0,0.0,['0.00 USD'],NO_TRIGGER,FILLED,NO_CONTINGENCY,,,,MY_GENERIC_ALGO,,O-20260309-203259-001-000-2380,,38a0957a-f2c5-4923-9581-cdab504a5ee3,2026-03-09 20:32:59.368994266+00:00,2026-03-09 20:32:59.368994266+00:00
BACKTESTER-001,OracleStrategy-000,MESM6.GLBX,GLBX-1-1986,MESM6.GLBX-OracleStrategy-000,GLBX-001,GLBX-1-1986,MARKET,BUY,1,GTC,True,False,1,TAKER,6842.25,0.0,['0.00 USD'],NO_TRIGGER,FILLED,NO_CONTINGENCY,,,,MY_GENERIC_ALGO,,O-20260309-203315-001-000-2381,,2a61da86-d50d-4212-ae70-9c4a38b80122,2026-03-09 20:33:15.031026847+00:00,2026-03-09 20:33:15.031026847+00:00
BACKTESTER-001,OracleStrategy-000,MESM6.GLBX,GLBX-1-1987,MESM6.GLBX-OracleStrategy-000,GLBX-001,GLBX-1-1987,MARKET,BUY,1,GTC,False,False,1,TAKER,6841.5,0.0,['0.00 USD'],NO_TRIGGER,FILLED,NO_CONTINGENCY,,,,MY_GENERIC_ALGO,,O-20260309-203316-001-000-2383,,4c4a95bd-ec1a-4dfb-9b9c-75808bfa7bc7,2026-03-09 20:33:16.580748069+00:00,2026-03-09 20:33:16.580748069+00:00
BACKTESTER-001,OracleStrategy-000,MESM6.GLBX,GLBX-1-1988,MESM6.GLBX-OracleStrategy-000,GLBX-001,GLBX-1-1988,MARKET,SELL,1,GTC,True,False,1,TAKER,6841.75,0.0,['0.00 USD'],NO_TRIGGER,FILLED,NO_CONTINGENCY,,,,MY_GENERIC_ALGO,,O-20260309-203330-001-000-2384,,3421f60f-98cb-40ce-97cb-eca755317075,2026-03-09 20:33:30.643583467+00:00,2026-03-09 20:33:30.643583467+00:00
BACKTESTER-001,OracleStrategy-000,MESM6.GLBX,GLBX-1-1989,MESM6.GLBX-OracleStrategy-000,GLBX-001,GLBX-1-1989,MARKET,BUY,1,GTC,False,False,1,TAKER,6841.5,0.0,['0.00 USD'],NO_TRIGGER,FILLED,NO_CONTINGENCY,,,,MY_GENERIC_ALGO,,O-20260309-203458-001-000-2387,,3b140f66-ec81-42f2-b008-5cd082b8c3c3,2026-03-09 20:34:58.230949061+00:00,2026-03-09 20:34:58.230949061+00:00
BACKTESTER-001,OracleStrategy-000,MESM6.GLBX,GLBX-1-1990,MESM6.GLBX-OracleStrategy-000,GLBX-001,GLBX-1-1990,MARKET,SELL,1,GTC,True,False,1,TAKER,6846.0,0.0,['0.00 USD'],NO_TRIGGER,FILLED,NO_CONTINGENCY,,,,MY_GENERIC_ALGO,,O-20260309-203601-001-000-2388,,1a6d3740-82db-4331-85d2-290028b3988b,2026-03-09 20:36:01.302177531+00:00,2026-03-09 20:36:01.302177531+00:00
BACKTESTER-001,OracleStrategy-000,MESM6.GLBX,GLBX-1-1991,MESM6.GLBX-OracleStrategy-000,GLBX-001,GLBX-1-1991,MARKET,SELL,1,GTC,False,False,1,TAKER,6846.0,0.0,['0.00 USD'],NO_TRIGGER,FILLED,NO_CONTINGENCY,,,,MY_GENERIC_ALGO,,O-20260309-203601-001-000-2389,,0b31e6a4-8a71-4b65-9fbf-5ee0a0a219d2,2026-03-09 20:36:01.302177531+00:00,2026-03-09 20:36:01.302177531+00:00
BACKTESTER-001,OracleStrategy-000,MESM6.GLBX,GLBX-1-1992,MESM6.GLBX-OracleStrategy-000,GLBX-001,GLBX-1-1992,MARKET,BUY,1,GTC,True,False,1,TAKER,6845.25,0.0,['0.00 USD'],NO_TRIGGER,FILLED,NO_CONTINGENCY,,,,MY_GENERIC_ALGO,,O-20260309-203621-001-000-2390,,992ed3a5-2c53-436e-b19a-bab888021e6d,2026-03-09 20:36:21.347670493+00:00,2026-03-09 20:36:21.347670493+00:00
BACKTESTER-001,OracleStrategy-000,MESM6.GLBX,GLBX-1-1993,MESM6.GLBX-OracleStrategy-000,GLBX-001,GLBX-1-1993,MARKET,BUY,1,GTC,False,False,1,TAKER,6845.25,0.0,['0.00 USD'],NO_TRIGGER,FILLED,NO_CONTINGENCY,,,,MY_GENERIC_ALGO,,O-20260309-203621-001-000-2391,,eb766ff1-e9b9-44f2-ac8a-0e49ade52058,2026-03-09 20:36:21.347670493+00:00,2026-03-09 20:36:21.347670493+00:00
BACKTESTER-001,OracleStrategy-000,MESM6.GLBX,GLBX-1-1994,MESM6.GLBX-OracleStrategy-000,GLBX-001,GLBX-1-1994,MARKET,SELL,1,GTC,True,False,1,TAKER,6843.75,0.0,['0.00 USD'],NO_TRIGGER,FILLED,NO_CONTINGENCY,,,,MY_GENERIC_ALGO,,O-20260309-203644-001-000-2392,,61c9094f-1179-4c7a-91eb-e85ac519fdce,2026-03-09 20:36:44.778939560+00:00,2026-03-09 20:36:44.778939560+00:00
BACKTESTER-001,OracleStrategy-000,MESM6.GLBX,GLBX-1-1995,MESM6.GLBX-OracleStrategy-000,GLBX-001,GLBX-1-1995,MARKET,SELL,1,GTC,False,False,1,TAKER,6843.75,0.0,['0.00 USD'],NO_TRIGGER,FILLED,NO_CONTINGENCY,,,,MY_GENERIC_ALGO,,O-20260309-203644-001-000-2393,,8b539876-52b1-406c-8385-27bd5f891b4c,2026-03-09 20:36:44.778939560+00:00,2026-03-09 20:36:44.778939560+00:00
BACKTESTER-001,OracleStrategy-000,MESM6.GLBX,GLBX-1-1996,MESM6.GLBX-OracleStrategy-000,GLBX-001,GLBX-1-1996,MARKET,BUY,1,GTC,True,False,1,TAKER,6839.75,0.0,['0.00 USD'],NO_TRIGGER,FILLED,NO_CONTINGENCY,,,,MY_GENERIC_ALGO,,O-20260309-203803-001-000-2394,,a406a39b-04b0-4453-826f-ac52219d9401,2026-03-09 20:38:03.960906155+00:00,2026-03-09 20:38:03.960906155+00:00
BACKTESTER-001,OracleStrategy-000,MESM6.GLBX,GLBX-1-1997,MESM6.GLBX-OracleStrategy-000,GLBX-001,GLBX-1-1997,MARKET,BUY,1,GTC,False,False,1,TAKER,6839.75,0.0,['0.00 USD'],NO_TRIGGER,FILLED,NO_CONTINGENCY,,,,MY_GENERIC_ALGO,,O-20260309-203803-001-000-2395,,133dc7c6-aee9-40cf-a93a-92c2ef17c947,2026-03-09 20:38:03.960906155+00:00,2026-03-09 20:38:03.960906155+00:00
BACKTESTER-001,OracleStrategy-000,MESM6.GLBX,GLBX-1-1998,MESM6.GLBX-OracleStrategy-000,GLBX-001,GLBX-1-1998,MARKET,SELL,1,GTC,True,False,1,TAKER,6845.25,0.0,['0.00 USD'],NO_TRIGGER,FILLED,NO_CONTINGENCY,,,,MY_GENERIC_ALGO,,O-20260309-203917-001-000-2396,,2e0631fe-2f87-41d9-8fa1-37421bd813eb,2026-03-09 20:39:17.121295472+00:00,2026-03-09 20:39:17.121295472+00:00
BACKTESTER-001,OracleStrategy-000,MESM6.GLBX,GLBX-1-1999,MESM6.GLBX-OracleStrategy-000,GLBX-001,GLBX-1-1999,MARKET,SELL,1,GTC,False,False,1,TAKER,6845.25,0.0,['0.00 USD'],NO_TRIGGER,FILLED,NO_CONTINGENCY,,,,MY_GENERIC_ALGO,,O-20260309-203917-001-000-2397,,eb643b78-9c7d-4537-b662-949902e757da,2026-03-09 20:39:17.121295472+00:00,2026-03-09 20:39:17.121295472+00:00
BACKTESTER-001,OracleStrategy-000,MESM6.GLBX,GLBX-1-2000,MESM6.GLBX-OracleStrategy-000,GLBX-001,GLBX-1-2000,MARKET,BUY,1,GTC,True,False,1,TAKER,6840.0,0.0,['0.00 USD'],NO_TRIGGER,FILLED,NO_CONTINGENCY,,,,MY_GENERIC_ALGO,,O-20260309-204258-001-000-2398,,f97fe2b8-9f31-4374-87d1-424fca1f3acb,2026-03-09 20:42:58.388086344+00:00,2026-03-09 20:42:58.388086344+00:00
BACKTESTER-001,OracleStrategy-000,MESM6.GLBX,GLBX-1-2001,MESM6.GLBX-OracleStrategy-000,GLBX-001,GLBX-1-2001,MARKET,SELL,1,GTC,False,False,1,TAKER,6842.0,0.0,['0.00 USD'],NO_TRIGGER,FILLED,NO_CONTINGENCY,,,,MY_GENERIC_ALGO,,O-20260309-204347-001-000-2401,,d3ac52ef-2aea-4bb9-88b7-ec674b6bfa47,2026-03-09 20:43:47.668955222+00:00,2026-03-09 20:43:47.668955222+00:00
BACKTESTER-001,OracleStrategy-000,MESM6.GLBX,GLBX-1-2002,MESM6.GLBX-OracleStrategy-000,GLBX-001,GLBX-1-2002,MARKET,BUY,1,GTC,True,False,1,TAKER,6838.75,0.0,['0.00 USD'],NO_TRIGGER,FILLED,NO_CONTINGENCY,,,,MY_GENERIC_ALGO,,O-20260309-204652-001-000-2402,,6bf130ee-24d8-4080-bdf7-640243e856ef,2026-03-09 20:46:52.921073618+00:00,2026-03-09 20:46:52.921073618+00:00
BACKTESTER-001,OracleStrategy-000,MESM6.GLBX,GLBX-1-2003,MESM6.GLBX-OracleStrategy-000,GLBX-001,GLBX-1-2003,MARKET,BUY,1,GTC,False,False,1,TAKER,6838.75,0.0,['0.00 USD'],NO_TRIGGER,FILLED,NO_CONTINGENCY,,,,MY_GENERIC_ALGO,,O-20260309-204652-001-000-2403,,0158880b-529f-4e5f-809e-af658e9e8768,2026-03-09 20:46:52.921073618+00:00,2026-03-09 20:46:52.921073618+00:00
BACKTESTER-001,OracleStrategy-000,MESM6.GLBX,GLBX-1-2004,MESM6.GLBX-OracleStrategy-000,GLBX-001,GLBX-1-2004,MARKET,SELL,1,GTC,True,False,1,TAKER,6839.75,0.0,['0.00 USD'],NO_TRIGGER,FILLED,NO_CONTINGENCY,,,,MY_GENERIC_ALGO,,O-20260309-204703-001-000-2404,,017d101d-c542-41b5-bfaa-63e62f88a16c,2026-03-09 20:47:03.682916644+00:00,2026-03-09 20:47:03.682916644+00:00
BACKTESTER-001,OracleStrategy-000,MESM6.GLBX,GLBX-1-2005,MESM6.GLBX-OracleStrategy-000,GLBX-001,GLBX-1-2005,MARKET,SELL,1,GTC,False,False,1,TAKER,6839.75,0.0,['0.00 USD'],NO_TRIGGER,FILLED,NO_CONTINGENCY,,,,MY_GENERIC_ALGO,,O-20260309-204703-001-000-2405,,bfb302e5-d45b-442d-b0e8-991cbe6ada57,2026-03-09 20:47:03.682916644+00:00,2026-03-09 20:47:03.682916644+00:00
BACKTESTER-001,OracleStrategy-000,MESM6.GLBX,GLBX-1-2006,MESM6.GLBX-OracleStrategy-000,GLBX-001,GLBX-1-2006,MARKET,BUY,1,GTC,True,False,1,TAKER,6838.75,0.0,['0.00 USD'],NO_TRIGGER,FILLED,NO_CONTINGENCY,,,,MY_GENERIC_ALGO,,O-20260309-204719-001-000-2406,,eecdce00-6173-4e1f-8356-c72650164af7,2026-03-09 20:47:19.923920471+00:00,2026-03-09 20:47:19.923920471+00:00
BACKTESTER-001,OracleStrategy-000,MESM6.GLBX,GLBX-1-2007,MESM6.GLBX-OracleStrategy-000,GLBX-001,GLBX-1-2007,MARKET,BUY,1,GTC,False,False,1,TAKER,6838.75,0.0,['0.00 USD'],NO_TRIGGER,FILLED,NO_CONTINGENCY,,,,MY_GENERIC_ALGO,,O-20260309-204719-001-000-2407,,3ee0edca-1904-4e92-be7e-e3a618023250,2026-03-09 20:47:19.923920471+00:00,2026-03-09 20:47:19.923920471+00:00
BACKTESTER-001,OracleStrategy-000,MESM6.GLBX,GLBX-1-2008,MESM6.GLBX-OracleStrategy-000,GLBX-001,GLBX-1-2008,MARKET,SELL,1,GTC,True,False,1,TAKER,6845.0,0.0,['0.00 USD'],NO_TRIGGER,FILLED,NO_CONTINGENCY,,,,MY_GENERIC_ALGO,,O-20260309-205154-001-000-2408,,fabe0858-02be-4a16-ad15-6f77e95e1365,2026-03-09 20:51:54.906199136+00:00,2026-03-09 20:51:54.906199136+00:00
BACKTESTER-001,OracleStrategy-000,MESM6.GLBX,GLBX-1-2009,MESM6.GLBX-OracleStrategy-000,GLBX-001,GLBX-1-2009,MARKET,SELL,1,GTC,False,False,1,TAKER,6845.0,0.0,['0.00 USD'],NO_TRIGGER,FILLED,NO_CONTINGENCY,,,,MY_GENERIC_ALGO,,O-20260309-205154-001-000-2409,,2f9457ed-cd2c-42c9-a5cc-34409fbe96c5,2026-03-09 20:51:54.906199136+00:00,2026-03-09 20:51:54.906199136+00:00
BACKTESTER-001,OracleStrategy-000,MESM6.GLBX,GLBX-1-2010,MESM6.GLBX-OracleStrategy-000,GLBX-001,GLBX-1-2010,MARKET,BUY,1,GTC,True,False,1,TAKER,6842.25,0.0,['0.00 USD'],NO_TRIGGER,FILLED,NO_CONTINGENCY,,,,MY_GENERIC_ALGO,,O-20260309-205215-001-000-2410,,27b1a972-1450-48af-ba79-cf033527e916,2026-03-09 20:52:15.689876536+00:00,2026-03-09 20:52:15.689876536+00:00
BACKTESTER-001,OracleStrategy-000,MESM6.GLBX,GLBX-1-2011,MESM6.GLBX-OracleStrategy-000,GLBX-001,GLBX-1-2011,MARKET,BUY,1,GTC,False,False,1,TAKER,6842.25,0.0,['0.00 USD'],NO_TRIGGER,FILLED,NO_CONTINGENCY,,,,MY_GENERIC_ALGO,,O-20260309-205215-001-000-2411,,80cc690d-c34f-4d1b-9c3a-532bf2277ede,2026-03-09 20:52:15.689876536+00:00,2026-03-09 20:52:15.689876536+00:00
BACKTESTER-001,OracleStrategy-000,MESM6.GLBX,GLBX-1-2012,MESM6.GLBX-OracleStrategy-000,GLBX-001,GLBX-1-2012,MARKET,SELL,1,GTC,True,False,1,TAKER,6844.75,0.0,['0.00 USD'],NO_TRIGGER,FILLED,NO_CONTINGENCY,,,,MY_GENERIC_ALGO,,O-20260309-205225-001-000-2412,,23d1a97e-0e9c-466c-b886-69496b500d45,2026-03-09 20:52:25.836326575+00:00,2026-03-09 20:52:25.836326575+00:00
BACKTESTER-001,OracleStrategy-000,MESM6.GLBX,GLBX-1-2013,MESM6.GLBX-OracleStrategy-000,GLBX-001,GLBX-1-2013,MARKET,SELL,1,GTC,False,False,1,TAKER,6844.75,0.0,['0.00 USD'],NO_TRIGGER,FILLED,NO_CONTINGENCY,,,,MY_GENERIC_ALGO,,O-20260309-205225-001-000-2413,,943719d9-80c9-43fe-b3f0-b200550d9cbc,2026-03-09 20:52:25.836326575+00:00,2026-03-09 20:52:25.836326575+00:00
BACKTESTER-001,OracleStrategy-000,MESM6.GLBX,GLBX-1-2014,MESM6.GLBX-OracleStrategy-000,GLBX-001,GLBX-1-2014,MARKET,BUY,1,GTC,True,False,1,TAKER,6841.0,0.0,['0.00 USD'],NO_TRIGGER,FILLED,NO_CONTINGENCY,,,,MY_GENERIC_ALGO,,O-20260309-205405-001-000-2414,,6dcf0b8e-d632-454d-8648-06c30eb05b7c,2026-03-09 20:54:05.726855416+00:00,2026-03-09 20:54:05.726855416+00:00
BACKTESTER-001,OracleStrategy-000,MESM6.GLBX,GLBX-1-2015,MESM6.GLBX-OracleStrategy-000,GLBX-001,GLBX-1-2015,MARKET,BUY,1,GTC,False,False,1,TAKER,6841.0,0.0,['0.00 USD'],NO_TRIGGER,FILLED,NO_CONTINGENCY,,,,MY_GENERIC_ALGO,,O-20260309-205405-001-000-2415,,0fb31d4c-142c-4ca8-825d-82f8916b8164,2026-03-09 20:54:05.726855416+00:00,2026-03-09 20:54:05.726855416+00:00
BACKTESTER-001,OracleStrategy-000,MESM6.GLBX,GLBX-1-2016,MESM6.GLBX-OracleStrategy-000,GLBX-001,GLBX-1-2016,MARKET,SELL,1,GTC,True,False,1,TAKER,6843.25,0.0,['0.00 USD'],NO_TRIGGER,FILLED,NO_CONTINGENCY,,,,MY_GENERIC_ALGO,,O-20260309-205511-001-000-2416,,468b76ae-6d46-48e4-8e66-e6731dff76b8,2026-03-09 20:55:11.910627008+00:00,2026-03-09 20:55:11.910627008+00:00
BACKTESTER-001,OracleStrategy-000,MESM6.GLBX,GLBX-1-2017,MESM6.GLBX-OracleStrategy-000,GLBX-001,GLBX-1-2017,MARKET,SELL,1,GTC,False,False,1,TAKER,6843.25,0.0,['0.00 USD'],NO_TRIGGER,FILLED,NO_CONTINGENCY,,,,MY_GENERIC_ALGO,,O-20260309-205511-001-000-2417,,b7d05601-542f-40bf-9064-4fb1846781f7,2026-03-09 20:55:11.910627008+00:00,2026-03-09 20:55:11.910627008+00:00
BACKTESTER-001,OracleStrategy-000,MESM6.GLBX,GLBX-1-2018,MESM6.GLBX-OracleStrategy-000,GLBX-001,GLBX-1-2018,MARKET,BUY,1,GTC,True,False,1,TAKER,6842.0,0.0,['0.00 USD'],NO_TRIGGER,FILLED,NO_CONTINGENCY,,,,MY_GENERIC_ALGO,,O-20260309-205607-001-000-2418,,bb440bb7-856f-4cee-adde-5a44d140ddb2,2026-03-09 20:56:07.012000464+00:00,2026-03-09 20:56:07.012000464+00:00
BACKTESTER-001,OracleStrategy-000,MESM6.GLBX,GLBX-1-2019,MESM6.GLBX-OracleStrategy-000,GLBX-001,GLBX-1-2019,MARKET,BUY,1,GTC,False,False,1,TAKER,6842.0,0.0,['0.00 USD'],NO_TRIGGER,FILLED,NO_CONTINGENCY,,,,MY_GENERIC_ALGO,,O-20260309-205607-001-000-2419,,f9d739c2-bb3a-4192-859d-ebd8203db511,2026-03-09 20:56:07.012000464+00:00,2026-03-09 20:56:07.012000464+00:00
BACKTESTER-001,OracleStrategy-000,MESM6.GLBX,GLBX-1-2020,MESM6.GLBX-OracleStrategy-000,GLBX-001,GLBX-1-2020,MARKET,SELL,1,GTC,True,False,1,TAKER,6848.25,0.0,['0.00 USD'],NO_TRIGGER,FILLED,NO_CONTINGENCY,,,,MY_GENERIC_ALGO,,O-20260309-205828-001-000-2420,,af0612dc-f75b-4633-8066-0820c3a0d9ac,2026-03-09 20:58:28.273524235+00:00,2026-03-09 20:58:28.273524235+00:00
BACKTESTER-001,OracleStrategy-000,MESM6.GLBX,GLBX-1-2021,MESM6.GLBX-OracleStrategy-000,GLBX-001,GLBX-1-2021,MARKET,SELL,1,GTC,False,False,1,TAKER,6848.25,0.0,['0.00 USD'],NO_TRIGGER,FILLED,NO_CONTINGENCY,,,,MY_GENERIC_ALGO,,O-20260309-205828-001-000-2421,,f4c85ad1-f4c7-4511-bd42-7fe602296229,2026-03-09 20:58:28.273524235+00:00,2026-03-09 20:58:28.273524235+00:00
BACKTESTER-001,OracleStrategy-000,MESM6.GLBX,GLBX-1-2022,MESM6.GLBX-OracleStrategy-000,GLBX-001,GLBX-1-2022,MARKET,BUY,1,GTC,True,False,1,TAKER,6845.25,0.0,['0.00 USD'],NO_TRIGGER,FILLED,NO_CONTINGENCY,,,,MY_GENERIC_ALGO,,O-20260309-205905-001-000-2422,,88cd0586-d727-4d89-9e3c-b2691092e49c,2026-03-09 20:59:05.759198816+00:00,2026-03-09 20:59:05.759198816+00:00
BACKTESTER-001,OracleStrategy-000,MESM6.GLBX,GLBX-1-2023,MESM6.GLBX-OracleStrategy-000,GLBX-001,GLBX-1-2023,MARKET,BUY,1,GTC,False,False,1,TAKER,6845.25,0.0,['0.00 USD'],NO_TRIGGER,FILLED,NO_CONTINGENCY,,,,MY_GENERIC_ALGO,,O-20260309-205905-001-000-2423,,4828979b-6b46-4850-bbce-e0920e7b06ed,2026-03-09 20:59:05.759198816+00:00,2026-03-09 20:59:05.759198816+00:00
BACKTESTER-001,OracleStrategy-000,MESM6.GLBX,GLBX-1-2024,MESM6.GLBX-OracleStrategy-000,GLBX-001,GLBX-1-2024,MARKET,SELL,1,GTC,True,False,1,TAKER,6849.0,0.0,['0.00 USD'],NO_TRIGGER,FILLED,NO_CONTINGENCY,,,,MY_GENERIC_ALGO,,O-20260309-220000-001-000-2424,,e7c8b4a4-51ce-4c19-832e-163a9d308c57,2026-03-09 22:00:00.013092325+00:00,2026-03-09 22:00:00.013092325+00:00
BACKTESTER-001,OracleStrategy-000,MESM6.GLBX,GLBX-1-2025,MESM6.GLBX-OracleStrategy-000,GLBX-001,GLBX-1-2025,MARKET,BUY,1,GTC,False,False,1,TAKER,6843.25,0.0,['0.00 USD'],NO_TRIGGER,FILLED,NO_CONTINGENCY,,,,MY_GENERIC_ALGO,,O-20260309-220044-001-000-2431,,0a0212c9-ec57-4ec0-9724-19ffcf5dedaf,2026-03-09 22:00:44.180414061+00:00,2026-03-09 22:00:44.180414061+00:00
BACKTESTER-001,OracleStrategy-000,MESM6.GLBX,GLBX-1-2026,MESM6.GLBX-OracleStrategy-000,GLBX-001,GLBX-1-2026,MARKET,SELL,1,GTC,True,False,1,TAKER,6840.75,0.0,['0.00 USD'],NO_TRIGGER,FILLED,NO_CONTINGENCY,,,,MY_GENERIC_ALGO,,O-20260309-220048-001-000-2432,,c2f9620b-e6a1-4adf-bba1-81e9278bf0b3,2026-03-09 22:00:48.663628168+00:00,2026-03-09 22:00:48.663628168+00:00
BACKTESTER-001,OracleStrategy-000,MESM6.GLBX,GLBX-1-2027,MESM6.GLBX-OracleStrategy-000,GLBX-001,GLBX-1-2027,MARKET,SELL,1,GTC,False,False,1,TAKER,6840.75,0.0,['0.00 USD'],NO_TRIGGER,FILLED,NO_CONTINGENCY,,,,MY_GENERIC_ALGO,,O-20260309-220048-001-000-2433,,4d899ed2-8361-48b5-baf8-a8c9fb76b269,2026-03-09 22:00:48.663628168+00:00,2026-03-09 22:00:48.663628168+00:00
BACKTESTER-001,OracleStrategy-000,MESM6.GLBX,GLBX-1-2028,MESM6.GLBX-OracleStrategy-000,GLBX-001,GLBX-1-2028,MARKET,BUY,1,GTC,True,False,1,TAKER,6840.75,0.0,['0.00 USD'],NO_TRIGGER,FILLED,NO_CONTINGENCY,,,,MY_GENERIC_ALGO,,O-20260309-220058-001-000-2434,,20bf4b9d-80d3-4019-997d-1ab6072dcc68,2026-03-09 22:00:58.576441407+00:00,2026-03-09 22:00:58.576441407+00:00
BACKTESTER-001,OracleStrategy-000,MESM6.GLBX,GLBX-1-2029,MESM6.GLBX-OracleStrategy-000,GLBX-001,GLBX-1-2029,MARKET,BUY,1,GTC,False,False,1,TAKER,6840.75,0.0,['0.00 USD'],NO_TRIGGER,FILLED,NO_CONTINGENCY,,,,MY_GENERIC_ALGO,,O-20260309-220058-001-000-2435,,d6b7f50f-354c-4795-a344-06aca64141cf,2026-03-09 22:00:58.576441407+00:00,2026-03-09 22:00:58.576441407+00:00
BACKTESTER-001,OracleStrategy-000,MESM6.GLBX,GLBX-1-2030,MESM6.GLBX-OracleStrategy-000,GLBX-001,GLBX-1-2030,MARKET,SELL,1,GTC,True,False,1,TAKER,6845.25,0.0,['0.00 USD'],NO_TRIGGER,FILLED,NO_CONTINGENCY,,,,MY_GENERIC_ALGO,,O-20260309-220104-001-000-2436,,208dd1ad-2492-4079-82f1-5b56a82b367d,2026-03-09 22:01:04.002801597+00:00,2026-03-09 22:01:04.002801597+00:00
BACKTESTER-001,OracleStrategy-000,MESM6.GLBX,GLBX-1-2031,MESM6.GLBX-OracleStrategy-000,GLBX-001,GLBX-1-2031,MARKET,SELL,1,GTC,False,False,1,TAKER,6845.25,0.0,['0.00 USD'],NO_TRIGGER,FILLED,NO_CONTINGENCY,,,,MY_GENERIC_ALGO,,O-20260309-220104-001-000-2437,,11a4a28f-d217-44fb-9f61-29ad203ff5cc,2026-03-09 22:01:04.002801597+00:00,2026-03-09 22:01:04.002801597+00:00
BACKTESTER-001,OracleStrategy-000,MESM6.GLBX,GLBX-1-2032,MESM6.GLBX-OracleStrategy-000,GLBX-001,GLBX-1-2032,MARKET,BUY,1,GTC,True,False,1,TAKER,6832.5,0.0,['0.00 USD'],NO_TRIGGER,FILLED,NO_CONTINGENCY,,,,MY_GENERIC_ALGO,,O-20260309-220401-001-000-2438,,35ab48a6-a70b-4254-a7da-0193e771586d,2026-03-09 22:04:01.611831456+00:00,2026-03-09 22:04:01.611831456+00:00
BACKTESTER-001,OracleStrategy-000,MESM6.GLBX,GLBX-1-2033,MESM6.GLBX-OracleStrategy-000,GLBX-001,GLBX-1-2033,MARKET,BUY,1,GTC,False,False,1,TAKER,6831.25,0.0,['0.00 USD'],NO_TRIGGER,FILLED,NO_CONTINGENCY,,,,MY_GENERIC_ALGO,,O-20260309-220430-001-000-2442,,89ce1bc7-db7e-460a-b3a9-0de4cdcf0f3d,2026-03-09 22:04:30.884390623+00:00,2026-03-09 22:04:30.884390623+00:00
BACKTESTER-001,OracleStrategy-000,MESM6.GLBX,GLBX-1-2034,MESM6.GLBX-OracleStrategy-000,GLBX-001,GLBX-1-2034,MARKET,SELL,1,GTC,True,False,1,TAKER,6835.25,0.0,['0.00 USD'],NO_TRIGGER,FILLED,NO_CONTINGENCY,,,,MY_GENERIC_ALGO,,O-20260309-220550-001-000-2443,,b9e893a5-4670-40d1-acff-599f37dde171,2026-03-09 22:05:50.187668575+00:00,2026-03-09 22:05:50.187668575+00:00
BACKTESTER-001,OracleStrategy-000,MESM6.GLBX,GLBX-1-2035,MESM6.GLBX-OracleStrategy-000,GLBX-001,GLBX-1-2035,MARKET,BUY,1,GTC,False,False,1,TAKER,6836.5,0.0,['0.00 USD'],NO_TRIGGER,FILLED,NO_CONTINGENCY,,,,MY_GENERIC_ALGO,,O-20260309-220607-001-000-2445,,1460b26d-674a-4c6d-854e-17afb888e796,2026-03-09 22:06:07.129308791+00:00,2026-03-09 22:06:07.129308791+00:00
BACKTESTER-001,OracleStrategy-000,MESM6.GLBX,GLBX-1-2036,MESM6.GLBX-OracleStrategy-000,GLBX-001,GLBX-1-2036,MARKET,SELL,1,GTC,True,False,1,TAKER,6844.75,0.0,['0.00 USD'],NO_TRIGGER,FILLED,NO_CONTINGENCY,,,,MY_GENERIC_ALGO,,O-20260309-220746-001-000-2446,,4863ce00-29cd-4d83-ad4e-7be1b0a57cff,2026-03-09 22:07:46.591134394+00:00,2026-03-09 22:07:46.591134394+00:00
BACKTESTER-001,OracleStrategy-000,MESM6.GLBX,GLBX-1-2037,MESM6.GLBX-OracleStrategy-000,GLBX-001,GLBX-1-2037,MARKET,SELL,1,GTC,False,False,1,TAKER,6844.75,0.0,['0.00 USD'],NO_TRIGGER,FILLED,NO_CONTINGENCY,,,,MY_GENERIC_ALGO,,O-20260309-220746-001-000-2447,,a6603c73-90ec-4fef-b643-64d316e52ae3,2026-03-09 22:07:46.591134394+00:00,2026-03-09 22:07:46.591134394+00:00
BACKTESTER-001,OracleStrategy-000,MESM6.GLBX,GLBX-1-2038,MESM6.GLBX-OracleStrategy-000,GLBX-001,GLBX-1-2038,MARKET,BUY,1,GTC,True,False,1,TAKER,6841.25,0.0,['0.00 USD'],NO_TRIGGER,FILLED,NO_CONTINGENCY,,,,MY_GENERIC_ALGO,,O-20260309-220851-001-000-2448,,1c67fe97-cde2-4575-a00b-4911cc6b3b1c,2026-03-09 22:08:51.298463722+00:00,2026-03-09 22:08:51.298463722+00:00
BACKTESTER-001,OracleStrategy-000,MESM6.GLBX,GLBX-1-2039,MESM6.GLBX-OracleStrategy-000,GLBX-001,GLBX-1-2039,MARKET,BUY,1,GTC,False,False,1,TAKER,6841.25,0.0,['0.00 USD'],NO_TRIGGER,FILLED,NO_CONTINGENCY,,,,MY_GENERIC_ALGO,,O-20260309-220851-001-000-2449,,1cc08dfa-744e-48ca-bc9a-0fd49b8ca982,2026-03-09 22:08:51.298463722+00:00,2026-03-09 22:08:51.298463722+00:00
BACKTESTER-001,OracleStrategy-000,MESM6.GLBX,GLBX-1-2040,MESM6.GLBX-OracleStrategy-000,GLBX-001,GLBX-1-2040,MARKET,SELL,1,GTC,True,False,1,TAKER,6840.0,0.0,['0.00 USD'],NO_TRIGGER,FILLED,NO_CONTINGENCY,,,,MY_GENERIC_ALGO,,O-20260309-220947-001-000-2450,,82875e4a-2fca-45b1-b840-4a941cc5a10d,2026-03-09 22:09:47.635210914+00:00,2026-03-09 22:09:47.635210914+00:00
BACKTESTER-001,OracleStrategy-000,MESM6.GLBX,GLBX-1-2041,MESM6.GLBX-OracleStrategy-000,GLBX-001,GLBX-1-2041,MARKET,SELL,1,GTC,False,False,1,TAKER,6840.75,0.0,['0.00 USD'],NO_TRIGGER,FILLED,NO_CONTINGENCY,,,,MY_GENERIC_ALGO,,O-20260309-220957-001-000-2453,,80907ae3-d032-4ca0-88a3-b485240f0829,2026-03-09 22:09:57.613945818+00:00,2026-03-09 22:09:57.613945818+00:00
BACKTESTER-001,OracleStrategy-000,MESM6.GLBX,GLBX-1-2042,MESM6.GLBX-OracleStrategy-000,GLBX-001,GLBX-1-2042,MARKET,BUY,1,GTC,True,False,1,TAKER,6833.75,0.0,['0.00 USD'],NO_TRIGGER,FILLED,NO_CONTINGENCY,,,,MY_GENERIC_ALGO,,O-20260309-221154-001-000-2454,,def5502e-a49c-49f2-bd91-915b98d23b4b,2026-03-09 22:11:54.846564495+00:00,2026-03-09 22:11:54.846564495+00:00
BACKTESTER-001,OracleStrategy-000,MESM6.GLBX,GLBX-1-2043,MESM6.GLBX-OracleStrategy-000,GLBX-001,GLBX-1-2043,MARKET,BUY,1,GTC,False,False,1,TAKER,6834.5,0.0,['0.00 USD'],NO_TRIGGER,FILLED,NO_CONTINGENCY,,,,MY_GENERIC_ALGO,,O-20260309-221209-001-000-2458,,21b5d171-26ca-47b7-8628-b21b436da8a3,2026-03-09 22:12:09.575749395+00:00,2026-03-09 22:12:09.575749395+00:00
BACKTESTER-001,OracleStrategy-000,MESM6.GLBX,GLBX-1-2044,MESM6.GLBX-OracleStrategy-000,GLBX-001,GLBX-1-2044,MARKET,SELL,1,GTC,True,False,1,TAKER,6839.25,0.0,['0.00 USD'],NO_TRIGGER,FILLED,NO_CONTINGENCY,,,,MY_GENERIC_ALGO,,O-20260309-221440-001-000-2459,,44a06dd6-f90b-413f-b065-9a077c277541,2026-03-09 22:14:40.813682498+00:00,2026-03-09 22:14:40.813682498+00:00
BACKTESTER-001,OracleStrategy-000,MESM6.GLBX,GLBX-1-2045,MESM6.GLBX-OracleStrategy-000,GLBX-001,GLBX-1-2045,MARKET,SELL,1,GTC,False,False,1,TAKER,6839.25,0.0,['0.00 USD'],NO_TRIGGER,FILLED,NO_CONTINGENCY,,,,MY_GENERIC_ALGO,,O-20260309-221440-001-000-2460,,03f8eb67-c9bf-4e08-af01-0cf87ceacebd,2026-03-09 22:14:40.813682498+00:00,2026-03-09 22:14:40.813682498+00:00
BACKTESTER-001,OracleStrategy-000,MESM6.GLBX,GLBX-1-2046,MESM6.GLBX-OracleStrategy-000,GLBX-001,GLBX-1-2046,MARKET,BUY,1,GTC,True,False,1,TAKER,6835.25,0.0,['0.00 USD'],NO_TRIGGER,FILLED,NO_CONTINGENCY,,,,MY_GENERIC_ALGO,,O-20260309-221536-001-000-2461,,6b4a6601-7de4-41a7-9cd4-5068db0fdf8d,2026-03-09 22:15:36.730754757+00:00,2026-03-09 22:15:36.730754757+00:00
BACKTESTER-001,OracleStrategy-000,MESM6.GLBX,GLBX-1-2047,MESM6.GLBX-OracleStrategy-000,GLBX-001,GLBX-1-2047,MARKET,BUY,1,GTC,False,False,1,TAKER,6835.25,0.0,['0.00 USD'],NO_TRIGGER,FILLED,NO_CONTINGENCY,,,,MY_GENERIC_ALGO,,O-20260309-221536-001-000-2462,,07104c74-39e2-4d02-a726-958675f35d64,2026-03-09 22:15:36.730754757+00:00,2026-03-09 22:15:36.730754757+00:00
BACKTESTER-001,OracleStrategy-000,MESM6.GLBX,GLBX-1-2048,MESM6.GLBX-OracleStrategy-000,GLBX-001,GLBX-1-2048,MARKET,SELL,1,GTC,True,False,1,TAKER,6835.0,0.0,['0.00 USD'],NO_TRIGGER,FILLED,NO_CONTINGENCY,,,,MY_GENERIC_ALGO,,O-20260309-221701-001-000-2463,,ab720484-e344-482d-b4d4-d098aff65cdd,2026-03-09 22:17:01.272210253+00:00,2026-03-09 22:17:01.272210253+00:00
BACKTESTER-001,OracleStrategy-000,MESM6.GLBX,GLBX-1-2049,MESM6.GLBX-OracleStrategy-000,GLBX-001,GLBX-1-2049,MARKET,SELL,1,GTC,False,False,1,TAKER,6835.0,0.0,['0.00 USD'],NO_TRIGGER,FILLED,NO_CONTINGENCY,,,,MY_GENERIC_ALGO,,O-20260309-221701-001-000-2464,,4c573569-2536-4bd0-ae87-cf918189bb6d,2026-03-09 22:17:01.272210253+00:00,2026-03-09 22:17:01.272210253+00:00
BACKTESTER-001,OracleStrategy-000,MESM6.GLBX,GLBX-1-2050,MESM6.GLBX-OracleStrategy-000,GLBX-001,GLBX-1-2050,MARKET,BUY,1,GTC,True,False,1,TAKER,6836.75,0.0,['0.00 USD'],NO_TRIGGER,FILLED,NO_CONTINGENCY,,,,MY_GENERIC_ALGO,,O-20260309-221739-001-000-2465,,8f657909-28a0-48da-810c-1b873b5a3e37,2026-03-09 22:17:39.496137687+00:00,2026-03-09 22:17:39.496137687+00:00
BACKTESTER-001,OracleStrategy-000,MESM6.GLBX,GLBX-1-2051,MESM6.GLBX-OracleStrategy-000,GLBX-001,GLBX-1-2051,MARKET,SELL,1,GTC,False,False,1,TAKER,6835.5,0.0,['0.00 USD'],NO_TRIGGER,FILLED,NO_CONTINGENCY,,,,MY_GENERIC_ALGO,,O-20260309-221743-001-000-2467,,32b15470-bbf3-48bd-bb65-0921c449b98a,2026-03-09 22:17:43.510124007+00:00,2026-03-09 22:17:43.510124007+00:00
BACKTESTER-001,OracleStrategy-000,MESM6.GLBX,GLBX-1-2052,MESM6.GLBX-OracleStrategy-000,GLBX-001,GLBX-1-2052,MARKET,BUY,1,GTC,True,False,1,TAKER,6831.25,0.0,['0.00 USD'],NO_TRIGGER,FILLED,NO_CONTINGENCY,,,,MY_GENERIC_ALGO,,O-20260309-221942-001-000-2468,,d899775b-b619-4d53-9351-bc6580b18702,2026-03-09 22:19:42.285341792+00:00,2026-03-09 22:19:42.285341792+00:00
BACKTESTER-001,OracleStrategy-000,MESM6.GLBX,GLBX-1-2053,MESM6.GLBX-OracleStrategy-000,GLBX-001,GLBX-1-2053,MARKET,BUY,1,GTC,False,False,1,TAKER,6831.25,0.0,['0.00 USD'],NO_TRIGGER,FILLED,NO_CONTINGENCY,,,,MY_GENERIC_ALGO,,O-20260309-221942-001-000-2469,,8aff8b13-da9d-4a22-8f44-f5f7693ed695,2026-03-09 22:19:42.285341792+00:00,2026-03-09 22:19:42.285341792+00:00
BACKTESTER-001,OracleStrategy-000,MESM6.GLBX,GLBX-1-2054,MESM6.GLBX-OracleStrategy-000,GLBX-001,GLBX-1-2054,MARKET,SELL,1,GTC,True,False,1,TAKER,6831.5,0.0,['0.00 USD'],NO_TRIGGER,FILLED,NO_CONTINGENCY,,,,MY_GENERIC_ALGO,,O-20260309-222043-001-000-2470,,71e0ce7c-0577-4f0f-8fb2-c0d8180e0c73,2026-03-09 22:20:43.239439795+00:00,2026-03-09 22:20:43.239439795+00:00
BACKTESTER-001,OracleStrategy-000,MESM6.GLBX,GLBX-1-2055,MESM6.GLBX-OracleStrategy-000,GLBX-001,GLBX-1-2055,MARKET,SELL,1,GTC,False,False,1,TAKER,6831.5,0.0,['0.00 USD'],NO_TRIGGER,FILLED,NO_CONTINGENCY,,,,MY_GENERIC_ALGO,,O-20260309-222043-001-000-2471,,68a52771-c34c-4f03-9511-04944670aae3,2026-03-09 22:20:43.239439795+00:00,2026-03-09 22:20:43.239439795+00:00
BACKTESTER-001,OracleStrategy-000,MESM6.GLBX,GLBX-1-2056,MESM6.GLBX-OracleStrategy-000,GLBX-001,GLBX-1-2056,MARKET,BUY,1,GTC,True,False,1,TAKER,6829.25,0.0,['0.00 USD'],NO_TRIGGER,FILLED,NO_CONTINGENCY,,,,MY_GENERIC_ALGO,,O-20260309-222124-001-000-2472,,0a001853-0109-49c0-93fe-dbe11f547dfc,2026-03-09 22:21:24.502102085+00:00,2026-03-09 22:21:24.502102085+00:00
BACKTESTER-001,OracleStrategy-000,MESM6.GLBX,GLBX-1-2057,MESM6.GLBX-OracleStrategy-000,GLBX-001,GLBX-1-2057,MARKET,BUY,1,GTC,False,False,1,TAKER,6829.25,0.0,['0.00 USD'],NO_TRIGGER,FILLED,NO_CONTINGENCY,,,,MY_GENERIC_ALGO,,O-20260309-222124-001-000-2473,,b8807f45-e4f8-4141-b84e-e224579a6d99,2026-03-09 22:21:24.502102085+00:00,2026-03-09 22:21:24.502102085+00:00
BACKTESTER-001,OracleStrategy-000,MESM6.GLBX,GLBX-1-2058,MESM6.GLBX-OracleStrategy-000,GLBX-001,GLBX-1-2058,MARKET,SELL,1,GTC,True,False,1,TAKER,6828.75,0.0,['0.00 USD'],NO_TRIGGER,FILLED,NO_CONTINGENCY,,,,MY_GENERIC_ALGO,,O-20260309-222131-001-000-2474,,76ff6306-b273-47d2-86ea-39348b444409,2026-03-09 22:21:31.649249763+00:00,2026-03-09 22:21:31.649249763+00:00
BACKTESTER-001,OracleStrategy-000,MESM6.GLBX,GLBX-1-2059,MESM6.GLBX-OracleStrategy-000,GLBX-001,GLBX-1-2059,MARKET,SELL,1,GTC,False,False,1,TAKER,6828.75,0.0,['0.00 USD'],NO_TRIGGER,FILLED,NO_CONTINGENCY,,,,MY_GENERIC_ALGO,,O-20260309-222131-001-000-2475,,45ea8150-7267-454d-a39f-ceec1f63db0b,2026-03-09 22:21:31.649249763+00:00,2026-03-09 22:21:31.649249763+00:00
BACKTESTER-001,OracleStrategy-000,MESM6.GLBX,GLBX-1-2060,MESM6.GLBX-OracleStrategy-000,GLBX-001,GLBX-1-2060,MARKET,BUY,1,GTC,True,False,1,TAKER,6829.0,0.0,['0.00 USD'],NO_TRIGGER,FILLED,NO_CONTINGENCY,,,,MY_GENERIC_ALGO,,O-20260309-222203-001-000-2476,,1715cbed-2dbc-42e3-ae6b-27fa9adac561,2026-03-09 22:22:03.273668047+00:00,2026-03-09 22:22:03.273668047+00:00
BACKTESTER-001,OracleStrategy-000,MESM6.GLBX,GLBX-1-2061,MESM6.GLBX-OracleStrategy-000,GLBX-001,GLBX-1-2061,MARKET,BUY,1,GTC,False,False,1,TAKER,6829.0,0.0,['0.00 USD'],NO_TRIGGER,FILLED,NO_CONTINGENCY,,,,MY_GENERIC_ALGO,,O-20260309-222203-001-000-2477,,177ce896-99ee-4abe-b1e7-e5739214e517,2026-03-09 22:22:03.273668047+00:00,2026-03-09 22:22:03.273668047+00:00
BACKTESTER-001,OracleStrategy-000,MESM6.GLBX,GLBX-1-2062,MESM6.GLBX-OracleStrategy-000,GLBX-001,GLBX-1-2062,MARKET,SELL,1,GTC,True,False,1,TAKER,6829.25,0.0,['0.00 USD'],NO_TRIGGER,FILLED,NO_CONTINGENCY,,,,MY_GENERIC_ALGO,,O-20260309-222237-001-000-2478,,4028f248-ab06-479f-af06-e233ad1b1bfb,2026-03-09 22:22:37.208096490+00:00,2026-03-09 22:22:37.208096490+00:00
BACKTESTER-001,OracleStrategy-000,MESM6.GLBX,GLBX-1-2063,MESM6.GLBX-OracleStrategy-000,GLBX-001,GLBX-1-2063,MARKET,SELL,1,GTC,False,False,1,TAKER,6829.25,0.0,['0.00 USD'],NO_TRIGGER,FILLED,NO_CONTINGENCY,,,,MY_GENERIC_ALGO,,O-20260309-222237-001-000-2479,,df5f3241-0b62-47b6-83fe-3991fba3fed6,2026-03-09 22:22:37.208096490+00:00,2026-03-09 22:22:37.208096490+00:00
BACKTESTER-001,OracleStrategy-000,MESM6.GLBX,GLBX-1-2064,MESM6.GLBX-OracleStrategy-000,GLBX-001,GLBX-1-2064,MARKET,BUY,1,GTC,True,False,1,TAKER,6824.75,0.0,['0.00 USD'],NO_TRIGGER,FILLED,NO_CONTINGENCY,,,,MY_GENERIC_ALGO,,O-20260309-222303-001-000-2480,,26a34563-98c8-4a07-833f-97d405221fa5,2026-03-09 22:23:03.148767707+00:00,2026-03-09 22:23:03.148767707+00:00
BACKTESTER-001,OracleStrategy-000,MESM6.GLBX,GLBX-1-2065,MESM6.GLBX-OracleStrategy-000,GLBX-001,GLBX-1-2065,MARKET,BUY,1,GTC,False,False,1,TAKER,6824.75,0.0,['0.00 USD'],NO_TRIGGER,FILLED,NO_CONTINGENCY,,,,MY_GENERIC_ALGO,,O-20260309-222303-001-000-2481,,a154ad89-251b-4616-98b5-ef5609758cc1,2026-03-09 22:23:03.148767707+00:00,2026-03-09 22:23:03.148767707+00:00
BACKTESTER-001,OracleStrategy-000,MESM6.GLBX,GLBX-1-2066,MESM6.GLBX-OracleStrategy-000,GLBX-001,GLBX-1-2066,MARKET,SELL,1,GTC,True,False,1,TAKER,6827.75,0.0,['0.00 USD'],NO_TRIGGER,FILLED,NO_CONTINGENCY,,,,MY_GENERIC_ALGO,,O-20260309-222403-001-000-2482,,95dd849d-93ae-4ecf-a54a-2f186207b15e,2026-03-09 22:24:03.258227167+00:00,2026-03-09 22:24:03.258227167+00:00
BACKTESTER-001,OracleStrategy-000,MESM6.GLBX,GLBX-1-2067,MESM6.GLBX-OracleStrategy-000,GLBX-001,GLBX-1-2067,MARKET,SELL,1,GTC,False,False,1,TAKER,6827.75,0.0,['0.00 USD'],NO_TRIGGER,FILLED,NO_CONTINGENCY,,,,MY_GENERIC_ALGO,,O-20260309-222403-001-000-2483,,fee368f8-7631-448e-b4e3-b820ddf9f123,2026-03-09 22:24:03.258227167+00:00,2026-03-09 22:24:03.258227167+00:00
BACKTESTER-001,OracleStrategy-000,MESM6.GLBX,GLBX-1-2068,MESM6.GLBX-OracleStrategy-000,GLBX-001,GLBX-1-2068,MARKET,BUY,1,GTC,True,False,1,TAKER,6827.0,0.0,['0.00 USD'],NO_TRIGGER,FILLED,NO_CONTINGENCY,,,,MY_GENERIC_ALGO,,O-20260309-222519-001-000-2484,,060a7eee-f9df-4a9f-969a-7c097eb8a0eb,2026-03-09 22:25:19.483498109+00:00,2026-03-09 22:25:19.483498109+00:00
BACKTESTER-001,OracleStrategy-000,MESM6.GLBX,GLBX-1-2069,MESM6.GLBX-OracleStrategy-000,GLBX-001,GLBX-1-2069,MARKET,BUY,1,GTC,False,False,1,TAKER,6827.0,0.0,['0.00 USD'],NO_TRIGGER,FILLED,NO_CONTINGENCY,,,,MY_GENERIC_ALGO,,O-20260309-222519-001-000-2485,,1ade9e69-1093-43da-8356-c2dddfbbeeb9,2026-03-09 22:25:19.483498109+00:00,2026-03-09 22:25:19.483498109+00:00
BACKTESTER-001,OracleStrategy-000,MESM6.GLBX,GLBX-1-2070,MESM6.GLBX-OracleStrategy-000,GLBX-001,GLBX-1-2070,MARKET,SELL,1,GTC,True,False,1,TAKER,6831.0,0.0,['0.00 USD'],NO_TRIGGER,FILLED,NO_CONTINGENCY,,,,MY_GENERIC_ALGO,,O-20260309-222728-001-000-2486,,2e427550-3177-4752-8a87-ac8c5eb47da8,2026-03-09 22:27:28.888938072+00:00,2026-03-09 22:27:28.888938072+00:00
BACKTESTER-001,OracleStrategy-000,MESM6.GLBX,GLBX-1-2071,MESM6.GLBX-OracleStrategy-000,GLBX-001,GLBX-1-2071,MARKET,SELL,1,GTC,False,False,1,TAKER,6832.5,0.0,['0.00 USD'],NO_TRIGGER,FILLED,NO_CONTINGENCY,,,,MY_GENERIC_ALGO,,O-20260309-222826-001-000-2488,,b3188f33-6f1a-4993-abdb-5e9e5d65e7cc,2026-03-09 22:28:26.218470650+00:00,2026-03-09 22:28:26.218470650+00:00
BACKTESTER-001,OracleStrategy-000,MESM6.GLBX,GLBX-1-2072,MESM6.GLBX-OracleStrategy-000,GLBX-001,GLBX-1-2072,MARKET,BUY,1,GTC,True,False,1,TAKER,6832.25,0.0,['0.00 USD'],NO_TRIGGER,FILLED,NO_CONTINGENCY,,,,MY_GENERIC_ALGO,,O-20260309-222842-001-000-2489,,0de69f46-2e40-47f9-8901-6683a773619f,2026-03-09 22:28:42.788485536+00:00,2026-03-09 22:28:42.788485536+00:00
BACKTESTER-001,OracleStrategy-000,MESM6.GLBX,GLBX-1-2073,MESM6.GLBX-OracleStrategy-000,GLBX-001,GLBX-1-2073,MARKET,BUY,1,GTC,False,False,1,TAKER,6832.25,0.0,['0.00 USD'],NO_TRIGGER,FILLED,NO_CONTINGENCY,,,,MY_GENERIC_ALGO,,O-20260309-222842-001-000-2490,,2bcc55ff-b090-409b-bcb3-59f62f36f475,2026-03-09 22:28:42.788485536+00:00,2026-03-09 22:28:42.788485536+00:00
BACKTESTER-001,OracleStrategy-000,MESM6.GLBX,GLBX-1-2074,MESM6.GLBX-OracleStrategy-000,GLBX-001,GLBX-1-2074,MARKET,SELL,1,GTC,True,False,1,TAKER,6834.5,0.0,['0.00 USD'],NO_TRIGGER,FILLED,NO_CONTINGENCY,,,,MY_GENERIC_ALGO,,O-20260309-222950-001-000-2491,,d3992f2d-c347-49e4-a861-461a4d0043b5,2026-03-09 22:29:50.419023543+00:00,2026-03-09 22:29:50.419023543+00:00
BACKTESTER-001,OracleStrategy-000,MESM6.GLBX,GLBX-1-2075,MESM6.GLBX-OracleStrategy-000,GLBX-001,GLBX-1-2075,MARKET,SELL,1,GTC,False,False,1,TAKER,6834.5,0.0,['0.00 USD'],NO_TRIGGER,FILLED,NO_CONTINGENCY,,,,MY_GENERIC_ALGO,,O-20260309-222950-001-000-2492,,6233636c-5b01-4b1e-82a8-e273b69ee9c1,2026-03-09 22:29:50.419023543+00:00,2026-03-09 22:29:50.419023543+00:00
BACKTESTER-001,OracleStrategy-000,MESM6.GLBX,GLBX-1-2076,MESM6.GLBX-OracleStrategy-000,GLBX-001,GLBX-1-2076,MARKET,BUY,1,GTC,True,False,1,TAKER,6828.0,0.0,['0.00 USD'],NO_TRIGGER,FILLED,NO_CONTINGENCY,,,,MY_GENERIC_ALGO,,O-20260309-223446-001-000-2493,,101524e7-6daa-4e2f-b4d9-8c9d4acaeb60,2026-03-09 22:34:46.745133885+00:00,2026-03-09 22:34:46.745133885+00:00
BACKTESTER-001,OracleStrategy-000,MESM6.GLBX,GLBX-1-2077,MESM6.GLBX-OracleStrategy-000,GLBX-001,GLBX-1-2077,MARKET,BUY,1,GTC,False,False,1,TAKER,6827.5,0.0,['0.00 USD'],NO_TRIGGER,FILLED,NO_CONTINGENCY,,,,MY_GENERIC_ALGO,,O-20260309-223458-001-000-2495,,c3aa4b9d-8418-4cb7-a9de-f082283456d9,2026-03-09 22:34:58.544733435+00:00,2026-03-09 22:34:58.544733435+00:00
BACKTESTER-001,OracleStrategy-000,MESM6.GLBX,GLBX-1-2078,MESM6.GLBX-OracleStrategy-000,GLBX-001,GLBX-1-2078,MARKET,SELL,1,GTC,True,False,1,TAKER,6830.0,0.0,['0.00 USD'],NO_TRIGGER,FILLED,NO_CONTINGENCY,,,,MY_GENERIC_ALGO,,O-20260309-223710-001-000-2496,,5d72c07f-0f93-4601-8a54-c6d8181eda02,2026-03-09 22:37:10.661189059+00:00,2026-03-09 22:37:10.661189059+00:00
BACKTESTER-001,OracleStrategy-000,MESM6.GLBX,GLBX-1-2079,MESM6.GLBX-OracleStrategy-000,GLBX-001,GLBX-1-2079,MARKET,BUY,1,GTC,False,False,1,TAKER,6825.75,0.0,['0.00 USD'],NO_TRIGGER,FILLED,NO_CONTINGENCY,,,,MY_GENERIC_ALGO,,O-20260309-224026-001-000-2501,,54e5517f-4c7f-43f5-b4cf-84bbc0052578,2026-03-09 22:40:26.707049978+00:00,2026-03-09 22:40:26.707049978+00:00
BACKTESTER-001,OracleStrategy-000,MESM6.GLBX,GLBX-1-2080,MESM6.GLBX-OracleStrategy-000,GLBX-001,GLBX-1-2080,MARKET,SELL,1,GTC,True,False,1,TAKER,6828.0,0.0,['0.00 USD'],NO_TRIGGER,FILLED,NO_CONTINGENCY,,,,MY_GENERIC_ALGO,,O-20260309-224208-001-000-2502,,864dcd07-9aef-4006-836c-7cfddffed75d,2026-03-09 22:42:08.745973621+00:00,2026-03-09 22:42:08.745973621+00:00
BACKTESTER-001,OracleStrategy-000,MESM6.GLBX,GLBX-1-2081,MESM6.GLBX-OracleStrategy-000,GLBX-001,GLBX-1-2081,MARKET,SELL,1,GTC,False,False,1,TAKER,6828.0,0.0,['0.00 USD'],NO_TRIGGER,FILLED,NO_CONTINGENCY,,,,MY_GENERIC_ALGO,,O-20260309-224208-001-000-2503,,e756e888-2d03-4443-bcc2-48ea4723fe39,2026-03-09 22:42:08.745973621+00:00,2026-03-09 22:42:08.745973621+00:00
BACKTESTER-001,OracleStrategy-000,MESM6.GLBX,GLBX-1-2082,MESM6.GLBX-OracleStrategy-000,GLBX-001,GLBX-1-2082,MARKET,BUY,1,GTC,True,False,1,TAKER,6828.75,0.0,['0.00 USD'],NO_TRIGGER,FILLED,NO_CONTINGENCY,,,,MY_GENERIC_ALGO,,O-20260309-224301-001-000-2504,,7dc60d49-12d9-47a3-a1a1-6b38dd55f570,2026-03-09 22:43:01.214501498+00:00,2026-03-09 22:43:01.214501498+00:00
BACKTESTER-001,OracleStrategy-000,MESM6.GLBX,GLBX-1-2083,MESM6.GLBX-OracleStrategy-000,GLBX-001,GLBX-1-2083,MARKET,BUY,1,GTC,False,False,1,TAKER,6828.0,0.0,['0.00 USD'],NO_TRIGGER,FILLED,NO_CONTINGENCY,,,,MY_GENERIC_ALGO,,O-20260309-224309-001-000-2506,,5c9d0215-d5cd-4311-a3dc-118621238c1d,2026-03-09 22:43:09.871128794+00:00,2026-03-09 22:43:09.871128794+00:00
BACKTESTER-001,OracleStrategy-000,MESM6.GLBX,GLBX-1-2084,MESM6.GLBX-OracleStrategy-000,GLBX-001,GLBX-1-2084,MARKET,SELL,1,GTC,True,False,1,TAKER,6835.25,0.0,['0.00 USD'],NO_TRIGGER,FILLED,NO_CONTINGENCY,,,,MY_GENERIC_ALGO,,O-20260309-224650-001-000-2507,,88e28d94-1fb3-4dfc-a4c1-8f5c0539f80f,2026-03-09 22:46:50.140624944+00:00,2026-03-09 22:46:50.140624944+00:00
BACKTESTER-001,OracleStrategy-000,MESM6.GLBX,GLBX-1-2085,MESM6.GLBX-OracleStrategy-000,GLBX-001,GLBX-1-2085,MARKET,SELL,1,GTC,False,False,1,TAKER,6835.25,0.0,['0.00 USD'],NO_TRIGGER,FILLED,NO_CONTINGENCY,,,,MY_GENERIC_ALGO,,O-20260309-224650-001-000-2508,,c9c36712-ff6d-4ca8-8ddc-e010d0362560,2026-03-09 22:46:50.140624944+00:00,2026-03-09 22:46:50.140624944+00:00
BACKTESTER-001,OracleStrategy-000,MESM6.GLBX,GLBX-1-2086,MESM6.GLBX-OracleStrategy-000,GLBX-001,GLBX-1-2086,MARKET,BUY,1,GTC,True,False,1,TAKER,6830.75,0.0,['0.00 USD'],NO_TRIGGER,FILLED,NO_CONTINGENCY,,,,MY_GENERIC_ALGO,,O-20260309-225238-001-000-2509,,f67762c9-e825-4bcc-9086-d239aab41e70,2026-03-09 22:52:38.301611248+00:00,2026-03-09 22:52:38.301611248+00:00
BACKTESTER-001,OracleStrategy-000,MESM6.GLBX,GLBX-1-2087,MESM6.GLBX-OracleStrategy-000,GLBX-001,GLBX-1-2087,MARKET,BUY,1,GTC,False,False,1,TAKER,6830.75,0.0,['0.00 USD'],NO_TRIGGER,FILLED,NO_CONTINGENCY,,,,MY_GENERIC_ALGO,,O-20260309-225238-001-000-2510,,21eaef6c-3a9f-4e84-87d6-ac557108c256,2026-03-09 22:52:38.301611248+00:00,2026-03-09 22:52:38.301611248+00:00
BACKTESTER-001,OracleStrategy-000,MESM6.GLBX,GLBX-1-2088,MESM6.GLBX-OracleStrategy-000,GLBX-001,GLBX-1-2088,MARKET,SELL,1,GTC,True,False,1,TAKER,6831.75,0.0,['0.00 USD'],NO_TRIGGER,FILLED,NO_CONTINGENCY,,,,MY_GENERIC_ALGO,,O-20260309-225335-001-000-2511,,52b86cd4-0e52-4efa-95f3-50ee36be1821,2026-03-09 22:53:35.842473968+00:00,2026-03-09 22:53:35.842473968+00:00
BACKTESTER-001,OracleStrategy-000,MESM6.GLBX,GLBX-1-2089,MESM6.GLBX-OracleStrategy-000,GLBX-001,GLBX-1-2089,MARKET,SELL,1,GTC,False,False,1,TAKER,6831.75,0.0,['0.00 USD'],NO_TRIGGER,FILLED,NO_CONTINGENCY,,,,MY_GENERIC_ALGO,,O-20260309-225335-001-000-2512,,fbd26e23-9130-4bbc-b9ae-bcce28bc7c89,2026-03-09 22:53:35.842473968+00:00,2026-03-09 22:53:35.842473968+00:00
BACKTESTER-001,OracleStrategy-000,MESM6.GLBX,GLBX-1-2090,MESM6.GLBX-OracleStrategy-000,GLBX-001,GLBX-1-2090,MARKET,BUY,1,GTC,True,False,1,TAKER,6827.0,0.0,['0.00 USD'],NO_TRIGGER,FILLED,NO_CONTINGENCY,,,,MY_GENERIC_ALGO,,O-20260309-225730-001-000-2513,,1d09303c-7370-4516-8d00-db7f27ccb142,2026-03-09 22:57:30.796341693+00:00,2026-03-09 22:57:30.796341693+00:00
BACKTESTER-001,OracleStrategy-000,MESM6.GLBX,GLBX-1-2091,MESM6.GLBX-OracleStrategy-000,GLBX-001,GLBX-1-2091,MARKET,BUY,1,GTC,False,False,1,TAKER,6827.0,0.0,['0.00 USD'],NO_TRIGGER,FILLED,NO_CONTINGENCY,,,,MY_GENERIC_ALGO,,O-20260309-225735-001-000-2515,,03aa9e67-3782-4532-a017-30b4b6f41972,2026-03-09 22:57:35.227797904+00:00,2026-03-09 22:57:35.227797904+00:00
BACKTESTER-001,OracleStrategy-000,MESM6.GLBX,GLBX-1-2092,MESM6.GLBX-OracleStrategy-000,GLBX-001,GLBX-1-2092,MARKET,SELL,1,GTC,True,False,1,TAKER,6829.25,0.0,['0.00 USD'],NO_TRIGGER,FILLED,NO_CONTINGENCY,,,,MY_GENERIC_ALGO,,O-20260309-230049-001-000-2516,,89b106f4-7e2c-48c9-b77b-de12be7c2b8e,2026-03-09 23:00:49.165725005+00:00,2026-03-09 23:00:49.165725005+00:00
BACKTESTER-001,OracleStrategy-000,MESM6.GLBX,GLBX-1-2093,MESM6.GLBX-OracleStrategy-000,GLBX-001,GLBX-1-2093,MARKET,SELL,1,GTC,False,False,1,TAKER,6829.25,0.0,['0.00 USD'],NO_TRIGGER,FILLED,NO_CONTINGENCY,,,,MY_GENERIC_ALGO,,O-20260309-230049-001-000-2517,,753ab87f-6d99-43ec-8316-feda76c057c4,2026-03-09 23:00:49.165725005+00:00,2026-03-09 23:00:49.165725005+00:00
BACKTESTER-001,OracleStrategy-000,MESM6.GLBX,GLBX-1-2094,MESM6.GLBX-OracleStrategy-000,GLBX-001,GLBX-1-2094,MARKET,BUY,1,GTC,True,False,1,TAKER,6826.25,0.0,['0.00 USD'],NO_TRIGGER,FILLED,NO_CONTINGENCY,,,,MY_GENERIC_ALGO,,O-20260309-230318-001-000-2518,,fcb5ec97-17d4-4dca-9d07-6b696d772805,2026-03-09 23:03:18.443178189+00:00,2026-03-09 23:03:18.443178189+00:00
BACKTESTER-001,OracleStrategy-000,MESM6.GLBX,GLBX-1-2095,MESM6.GLBX-OracleStrategy-000,GLBX-001,GLBX-1-2095,MARKET,BUY,1,GTC,False,False,1,TAKER,6826.25,0.0,['0.00 USD'],NO_TRIGGER,FILLED,NO_CONTINGENCY,,,,MY_GENERIC_ALGO,,O-20260309-230318-001-000-2519,,566ef889-0832-4b70-a067-c0077b76aedc,2026-03-09 23:03:18.443178189+00:00,2026-03-09 23:03:18.443178189+00:00
BACKTESTER-001,OracleStrategy-000,MESM6.GLBX,GLBX-1-2096,MESM6.GLBX-OracleStrategy-000,GLBX-001,GLBX-1-2096,MARKET,SELL,1,GTC,True,False,1,TAKER,6828.0,0.0,['0.00 USD'],NO_TRIGGER,FILLED,NO_CONTINGENCY,,,,MY_GENERIC_ALGO,,O-20260309-230430-001-000-2520,,1c67b12b-8320-43be-bb13-5af986b8751b,2026-03-09 23:04:30.395926730+00:00,2026-03-09 23:04:30.395926730+00:00
BACKTESTER-001,OracleStrategy-000,MESM6.GLBX,GLBX-1-2097,MESM6.GLBX-OracleStrategy-000,GLBX-001,GLBX-1-2097,MARKET,SELL,1,GTC,False,False,1,TAKER,6828.0,0.0,['0.00 USD'],NO_TRIGGER,FILLED,NO_CONTINGENCY,,,,MY_GENERIC_ALGO,,O-20260309-230430-001-000-2521,,6487456d-71d7-45a8-8698-af6ac8a6849d,2026-03-09 23:04:30.395926730+00:00,2026-03-09 23:04:30.395926730+00:00
BACKTESTER-001,OracleStrategy-000,MESM6.GLBX,GLBX-1-2098,MESM6.GLBX-OracleStrategy-000,GLBX-001,GLBX-1-2098,MARKET,BUY,1,GTC,True,False,1,TAKER,6828.0,0.0,['0.00 USD'],NO_TRIGGER,FILLED,NO_CONTINGENCY,,,,MY_GENERIC_ALGO,,O-20260309-230528-001-000-2522,,5c70b4e9-97c6-42a3-a1b8-08ddf8bcde92,2026-03-09 23:05:28.627317523+00:00,2026-03-09 23:05:28.627317523+00:00
BACKTESTER-001,OracleStrategy-000,MESM6.GLBX,GLBX-1-2099,MESM6.GLBX-OracleStrategy-000,GLBX-001,GLBX-1-2099,MARKET,BUY,1,GTC,False,False,1,TAKER,6828.0,0.0,['0.00 USD'],NO_TRIGGER,FILLED,NO_CONTINGENCY,,,,MY_GENERIC_ALGO,,O-20260309-230528-001-000-2523,,801fcc38-1fba-454b-9536-0fa95e6df4bf,2026-03-09 23:05:28.627317523+00:00,2026-03-09 23:05:28.627317523+00:00
BACKTESTER-001,OracleStrategy-000,MESM6.GLBX,GLBX-1-2100,MESM6.GLBX-OracleStrategy-000,GLBX-001,GLBX-1-2100,MARKET,SELL,1,GTC,True,False,1,TAKER,6832.0,0.0,['0.00 USD'],NO_TRIGGER,FILLED,NO_CONTINGENCY,,,,MY_GENERIC_ALGO,,O-20260309-230727-001-000-2524,,7b8b1924-0955-4ff7-ace2-a84a7f9b1d67,2026-03-09 23:07:27.465514843+00:00,2026-03-09 23:07:27.465514843+00:00
BACKTESTER-001,OracleStrategy-000,MESM6.GLBX,GLBX-1-2101,MESM6.GLBX-OracleStrategy-000,GLBX-001,GLBX-1-2101,MARKET,SELL,1,GTC,False,False,1,TAKER,6832.0,0.0,['0.00 USD'],NO_TRIGGER,FILLED,NO_CONTINGENCY,,,,MY_GENERIC_ALGO,,O-20260309-230727-001-000-2525,,2751d9c0-fec2-430d-b31a-b6bbec00cb1a,2026-03-09 23:07:27.465514843+00:00,2026-03-09 23:07:27.465514843+00:00
BACKTESTER-001,OracleStrategy-000,MESM6.GLBX,GLBX-1-2102,MESM6.GLBX-OracleStrategy-000,GLBX-001,GLBX-1-2102,MARKET,BUY,1,GTC,True,False,1,TAKER,6830.75,0.0,['0.00 USD'],NO_TRIGGER,FILLED,NO_CONTINGENCY,,,,MY_GENERIC_ALGO,,O-20260309-230956-001-000-2526,,7577fbe3-6503-432b-9a23-7d90d5008040,2026-03-09 23:09:56.643000264+00:00,2026-03-09 23:09:56.643000264+00:00
BACKTESTER-001,OracleStrategy-000,MESM6.GLBX,GLBX-1-2103,MESM6.GLBX-OracleStrategy-000,GLBX-001,GLBX-1-2103,MARKET,SELL,1,GTC,False,False,1,TAKER,6832.25,0.0,['0.00 USD'],NO_TRIGGER,FILLED,NO_CONTINGENCY,,,,MY_GENERIC_ALGO,,O-20260309-231012-001-000-2528,,8e786a3f-6e9b-417e-95d2-cb4f82618ee8,2026-03-09 23:10:12.314783067+00:00,2026-03-09 23:10:12.314783067+00:00
BACKTESTER-001,OracleStrategy-000,MESM6.GLBX,GLBX-1-2104,MESM6.GLBX-OracleStrategy-000,GLBX-001,GLBX-1-2104,MARKET,BUY,1,GTC,True,False,1,TAKER,6831.5,0.0,['0.00 USD'],NO_TRIGGER,FILLED,NO_CONTINGENCY,,,,MY_GENERIC_ALGO,,O-20260309-231138-001-000-2529,,8f43a098-2740-4934-9c57-4f803a904b75,2026-03-09 23:11:38.361516558+00:00,2026-03-09 23:11:38.361516558+00:00
BACKTESTER-001,OracleStrategy-000,MESM6.GLBX,GLBX-1-2105,MESM6.GLBX-OracleStrategy-000,GLBX-001,GLBX-1-2105,MARKET,BUY,1,GTC,False,False,1,TAKER,6831.5,0.0,['0.00 USD'],NO_TRIGGER,FILLED,NO_CONTINGENCY,,,,MY_GENERIC_ALGO,,O-20260309-231138-001-000-2530,,b18f093b-386e-40cb-921d-d21ddf497f1f,2026-03-09 23:11:38.361516558+00:00,2026-03-09 23:11:38.361516558+00:00
BACKTESTER-001,OracleStrategy-000,MESM6.GLBX,GLBX-1-2106,MESM6.GLBX-OracleStrategy-000,GLBX-001,GLBX-1-2106,MARKET,SELL,1,GTC,True,False,1,TAKER,6833.25,0.0,['0.00 USD'],NO_TRIGGER,FILLED,NO_CONTINGENCY,,,,MY_GENERIC_ALGO,,O-20260309-231221-001-000-2531,,e0ec3146-4c87-46ba-bad9-0db083344d18,2026-03-09 23:12:21.597182373+00:00,2026-03-09 23:12:21.597182373+00:00
BACKTESTER-001,OracleStrategy-000,MESM6.GLBX,GLBX-1-2107,MESM6.GLBX-OracleStrategy-000,GLBX-001,GLBX-1-2107,MARKET,BUY,1,GTC,False,False,1,TAKER,6831.5,0.0,['0.00 USD'],NO_TRIGGER,FILLED,NO_CONTINGENCY,,,,MY_GENERIC_ALGO,,O-20260309-231417-001-000-2535,,25e58de8-2c47-401a-aeb8-4537dc4b2bcf,2026-03-09 23:14:17.902982891+00:00,2026-03-09 23:14:17.902982891+00:00
BACKTESTER-001,OracleStrategy-000,MESM6.GLBX,GLBX-1-2108,MESM6.GLBX-OracleStrategy-000,GLBX-001,GLBX-1-2108,MARKET,SELL,1,GTC,True,False,1,TAKER,6832.0,0.0,['0.00 USD'],NO_TRIGGER,FILLED,NO_CONTINGENCY,,,,MY_GENERIC_ALGO,,O-20260309-231532-001-000-2536,,5c0fb815-baa0-4be5-a4f8-1ea4da1218d6,2026-03-09 23:15:32.174053645+00:00,2026-03-09 23:15:32.174053645+00:00
BACKTESTER-001,OracleStrategy-000,MESM6.GLBX,GLBX-1-2109,MESM6.GLBX-OracleStrategy-000,GLBX-001,GLBX-1-2109,MARKET,SELL,1,GTC,False,False,1,TAKER,6832.0,0.0,['0.00 USD'],NO_TRIGGER,FILLED,NO_CONTINGENCY,,,,MY_GENERIC_ALGO,,O-20260309-231532-001-000-2537,,70ded8e8-e6e5-4db1-bd9c-436023ffbfdb,2026-03-09 23:15:32.174053645+00:00,2026-03-09 23:15:32.174053645+00:00
BACKTESTER-001,OracleStrategy-000,MESM6.GLBX,GLBX-1-2110,MESM6.GLBX-OracleStrategy-000,GLBX-001,GLBX-1-2110,MARKET,BUY,1,GTC,True,False,1,TAKER,6831.75,0.0,['0.00 USD'],NO_TRIGGER,FILLED,NO_CONTINGENCY,,,,MY_GENERIC_ALGO,,O-20260309-231640-001-000-2538,,780287c4-63d0-46ee-8eac-d6ae55c13e88,2026-03-09 23:16:40.741722739+00:00,2026-03-09 23:16:40.741722739+00:00
BACKTESTER-001,OracleStrategy-000,MESM6.GLBX,GLBX-1-2111,MESM6.GLBX-OracleStrategy-000,GLBX-001,GLBX-1-2111,MARKET,BUY,1,GTC,False,False,1,TAKER,6831.75,0.0,['0.00 USD'],NO_TRIGGER,FILLED,NO_CONTINGENCY,,,,MY_GENERIC_ALGO,,O-20260309-231640-001-000-2539,,b07f3660-edb2-4b24-a11f-daf9226e4f05,2026-03-09 23:16:40.741722739+00:00,2026-03-09 23:16:40.741722739+00:00
BACKTESTER-001,OracleStrategy-000,MESM6.GLBX,GLBX-1-2112,MESM6.GLBX-OracleStrategy-000,GLBX-001,GLBX-1-2112,MARKET,SELL,1,GTC,True,False,1,TAKER,6831.75,0.0,['0.00 USD'],NO_TRIGGER,FILLED,NO_CONTINGENCY,,,,MY_GENERIC_ALGO,,O-20260309-231844-001-000-2540,,bdba2e42-5795-4fc1-9daa-1f73e2758663,2026-03-09 23:18:44.760092504+00:00,2026-03-09 23:18:44.760092504+00:00
BACKTESTER-001,OracleStrategy-000,MESM6.GLBX,GLBX-1-2113,MESM6.GLBX-OracleStrategy-000,GLBX-001,GLBX-1-2113,MARKET,BUY,1,GTC,False,False,1,TAKER,6831.0,0.0,['0.00 USD'],NO_TRIGGER,FILLED,NO_CONTINGENCY,,,,MY_GENERIC_ALGO,,O-20260309-231918-001-000-2542,,888d8293-f90a-4863-9911-1298b3e001f2,2026-03-09 23:19:18.560113050+00:00,2026-03-09 23:19:18.560113050+00:00
BACKTESTER-001,OracleStrategy-000,MESM6.GLBX,GLBX-1-2114,MESM6.GLBX-OracleStrategy-000,GLBX-001,GLBX-1-2114,MARKET,SELL,1,GTC,True,False,1,TAKER,6832.25,0.0,['0.00 USD'],NO_TRIGGER,FILLED,NO_CONTINGENCY,,,,MY_GENERIC_ALGO,,O-20260309-231945-001-000-2543,,aa81768d-acf5-4714-8ece-cddcfce8009c,2026-03-09 23:19:45.551368416+00:00,2026-03-09 23:19:45.551368416+00:00
BACKTESTER-001,OracleStrategy-000,MESM6.GLBX,GLBX-1-2115,MESM6.GLBX-OracleStrategy-000,GLBX-001,GLBX-1-2115,MARKET,SELL,1,GTC,False,False,1,TAKER,6832.25,0.0,['0.00 USD'],NO_TRIGGER,FILLED,NO_CONTINGENCY,,,,MY_GENERIC_ALGO,,O-20260309-231945-001-000-2544,,a22a0cf7-5acf-44ea-89be-ff16fe6e1c9a,2026-03-09 23:19:45.551368416+00:00,2026-03-09 23:19:45.551368416+00:00
BACKTESTER-001,OracleStrategy-000,MESM6.GLBX,GLBX-1-2116,MESM6.GLBX-OracleStrategy-000,GLBX-001,GLBX-1-2116,MARKET,BUY,1,GTC,True,False,1,TAKER,6827.75,0.0,['0.00 USD'],NO_TRIGGER,FILLED,NO_CONTINGENCY,,,,MY_GENERIC_ALGO,,O-20260309-232322-001-000-2545,,35613925-20f7-4beb-b2ed-235e7937269e,2026-03-09 23:23:22.540625651+00:00,2026-03-09 23:23:22.540625651+00:00
BACKTESTER-001,OracleStrategy-000,MESM6.GLBX,GLBX-1-2117,MESM6.GLBX-OracleStrategy-000,GLBX-001,GLBX-1-2117,MARKET,BUY,1,GTC,False,False,1,TAKER,6827.75,0.0,['0.00 USD'],NO_TRIGGER,FILLED,NO_CONTINGENCY,,,,MY_GENERIC_ALGO,,O-20260309-232322-001-000-2546,,0658189a-1a1e-4f90-b582-cba063ec17ea,2026-03-09 23:23:22.540625651+00:00,2026-03-09 23:23:22.540625651+00:00
BACKTESTER-001,OracleStrategy-000,MESM6.GLBX,GLBX-1-2118,MESM6.GLBX-OracleStrategy-000,GLBX-001,GLBX-1-2118,MARKET,SELL,1,GTC,True,False,1,TAKER,6831.0,0.0,['0.00 USD'],NO_TRIGGER,FILLED,NO_CONTINGENCY,,,,MY_GENERIC_ALGO,,O-20260309-232653-001-000-2547,,a063f346-fd51-46ff-808c-f2baf36a173e,2026-03-09 23:26:53.804547856+00:00,2026-03-09 23:26:53.804547856+00:00
BACKTESTER-001,OracleStrategy-000,MESM6.GLBX,GLBX-1-2119,MESM6.GLBX-OracleStrategy-000,GLBX-001,GLBX-1-2119,MARKET,BUY,1,GTC,False,False,1,TAKER,6829.25,0.0,['0.00 USD'],NO_TRIGGER,FILLED,NO_CONTINGENCY,,,,MY_GENERIC_ALGO,,O-20260309-232824-001-000-2549,,b5623c13-3fb7-48a2-8108-9fd41cad27da,2026-03-09 23:28:24.839649047+00:00,2026-03-09 23:28:24.839649047+00:00
BACKTESTER-001,OracleStrategy-000,MESM6.GLBX,GLBX-1-2120,MESM6.GLBX-OracleStrategy-000,GLBX-001,GLBX-1-2120,MARKET,SELL,1,GTC,True,False,1,TAKER,6831.25,0.0,['0.00 USD'],NO_TRIGGER,FILLED,NO_CONTINGENCY,,,,MY_GENERIC_ALGO,,O-20260309-232941-001-000-2550,,c3f631e4-10f6-43b3-a911-0be92dd8305a,2026-03-09 23:29:41.665457768+00:00,2026-03-09 23:29:41.665457768+00:00
BACKTESTER-001,OracleStrategy-000,MESM6.GLBX,GLBX-1-2121,MESM6.GLBX-OracleStrategy-000,GLBX-001,GLBX-1-2121,MARKET,SELL,1,GTC,False,False,1,TAKER,6831.25,0.0,['0.00 USD'],NO_TRIGGER,FILLED,NO_CONTINGENCY,,,,MY_GENERIC_ALGO,,O-20260309-232941-001-000-2551,,bae6c37c-7d55-434a-8458-df94107c574f,2026-03-09 23:29:41.665457768+00:00,2026-03-09 23:29:41.665457768+00:00
BACKTESTER-001,OracleStrategy-000,MESM6.GLBX,GLBX-1-2122,MESM6.GLBX-OracleStrategy-000,GLBX-001,GLBX-1-2122,MARKET,BUY,1,GTC,True,False,1,TAKER,6828.0,0.0,['0.00 USD'],NO_TRIGGER,FILLED,NO_CONTINGENCY,,,,MY_GENERIC_ALGO,,O-20260309-233434-001-000-2552,,0c6c5638-2df5-46fb-8152-2fb67cb9611b,2026-03-09 23:34:34.216447551+00:00,2026-03-09 23:34:34.216447551+00:00
BACKTESTER-001,OracleStrategy-000,MESM6.GLBX,GLBX-1-2123,MESM6.GLBX-OracleStrategy-000,GLBX-001,GLBX-1-2123,MARKET,BUY,1,GTC,False,False,1,TAKER,6828.0,0.0,['0.00 USD'],NO_TRIGGER,FILLED,NO_CONTINGENCY,,,,MY_GENERIC_ALGO,,O-20260309-233434-001-000-2553,,173acfe1-38a7-40db-818e-4f8e84a2e6a7,2026-03-09 23:34:34.216447551+00:00,2026-03-09 23:34:34.216447551+00:00
BACKTESTER-001,OracleStrategy-000,MESM6.GLBX,GLBX-1-2124,MESM6.GLBX-OracleStrategy-000,GLBX-001,GLBX-1-2124,MARKET,SELL,1,GTC,True,False,1,TAKER,6828.75,0.0,['0.00 USD'],NO_TRIGGER,FILLED,NO_CONTINGENCY,,,,MY_GENERIC_ALGO,,O-20260309-233512-001-000-2554,,03f8a9df-6ebe-496d-967c-571bd128d6f7,2026-03-09 23:35:12.479191789+00:00,2026-03-09 23:35:12.479191789+00:00
BACKTESTER-001,OracleStrategy-000,MESM6.GLBX,GLBX-1-2125,MESM6.GLBX-OracleStrategy-000,GLBX-001,GLBX-1-2125,MARKET,SELL,1,GTC,False,False,1,TAKER,6828.75,0.0,['0.00 USD'],NO_TRIGGER,FILLED,NO_CONTINGENCY,,,,MY_GENERIC_ALGO,,O-20260309-233512-001-000-2555,,537304d8-2c59-41a5-b1cd-66e0cc14ccc3,2026-03-09 23:35:12.479191789+00:00,2026-03-09 23:35:12.479191789+00:00
BACKTESTER-001,OracleStrategy-000,MESM6.GLBX,GLBX-1-2126,MESM6.GLBX-OracleStrategy-000,GLBX-001,GLBX-1-2126,MARKET,BUY,1,GTC,True,False,1,TAKER,6827.5,0.0,['0.00 USD'],NO_TRIGGER,FILLED,NO_CONTINGENCY,,,,MY_GENERIC_ALGO,,O-20260309-233609-001-000-2556,,b320f5f8-627d-409b-a29f-5329fa768d01,2026-03-09 23:36:09.754188529+00:00,2026-03-09 23:36:09.754188529+00:00
BACKTESTER-001,OracleStrategy-000,MESM6.GLBX,GLBX-1-2127,MESM6.GLBX-OracleStrategy-000,GLBX-001,GLBX-1-2127,MARKET,SELL,1,GTC,False,False,1,TAKER,6828.75,0.0,['0.00 USD'],NO_TRIGGER,FILLED,NO_CONTINGENCY,,,,MY_GENERIC_ALGO,,O-20260309-233632-001-000-2558,,f92d4e96-b62c-4bb9-8ed0-85a964f25a10,2026-03-09 23:36:32.285523536+00:00,2026-03-09 23:36:32.285523536+00:00
BACKTESTER-001,OracleStrategy-000,MESM6.GLBX,GLBX-1-2128,MESM6.GLBX-OracleStrategy-000,GLBX-001,GLBX-1-2128,MARKET,BUY,1,GTC,True,False,1,TAKER,6826.25,0.0,['0.00 USD'],NO_TRIGGER,FILLED,NO_CONTINGENCY,,,,MY_GENERIC_ALGO,,O-20260309-233811-001-000-2559,,a16f1467-d7e5-4eea-a69e-dc52c60be376,2026-03-09 23:38:11.756932588+00:00,2026-03-09 23:38:11.756932588+00:00
BACKTESTER-001,OracleStrategy-000,MESM6.GLBX,GLBX-1-2129,MESM6.GLBX-OracleStrategy-000,GLBX-001,GLBX-1-2129,MARKET,BUY,1,GTC,False,False,1,TAKER,6826.25,0.0,['0.00 USD'],NO_TRIGGER,FILLED,NO_CONTINGENCY,,,,MY_GENERIC_ALGO,,O-20260309-233811-001-000-2560,,cbe4e54b-5acf-42fe-be7a-6eaa65b5bdc8,2026-03-09 23:38:11.756932588+00:00,2026-03-09 23:38:11.756932588+00:00
BACKTESTER-001,OracleStrategy-000,MESM6.GLBX,GLBX-1-2130,MESM6.GLBX-OracleStrategy-000,GLBX-001,GLBX-1-2130,MARKET,SELL,1,GTC,True,False,1,TAKER,6826.25,0.0,['0.00 USD'],NO_TRIGGER,FILLED,NO_CONTINGENCY,,,,MY_GENERIC_ALGO,,O-20260309-233935-001-000-2561,,59d6324a-d182-405e-9151-c69ae9e5b993,2026-03-09 23:39:35.725793447+00:00,2026-03-09 23:39:35.725793447+00:00
BACKTESTER-001,OracleStrategy-000,MESM6.GLBX,GLBX-1-2131,MESM6.GLBX-OracleStrategy-000,GLBX-001,GLBX-1-2131,MARKET,SELL,1,GTC,False,False,1,TAKER,6826.25,0.0,['0.00 USD'],NO_TRIGGER,FILLED,NO_CONTINGENCY,,,,MY_GENERIC_ALGO,,O-20260309-233935-001-000-2562,,88ed7f41-a360-4537-abc4-d309820f6232,2026-03-09 23:39:35.725793447+00:00,2026-03-09 23:39:35.725793447+00:00
BACKTESTER-001,OracleStrategy-000,MESM6.GLBX,GLBX-1-2132,MESM6.GLBX-OracleStrategy-000,GLBX-001,GLBX-1-2132,MARKET,BUY,1,GTC,True,False,1,TAKER,6824.75,0.0,['0.00 USD'],NO_TRIGGER,FILLED,NO_CONTINGENCY,,,,MY_GENERIC_ALGO,,O-20260309-234306-001-000-2563,,71ba5c85-a547-49ca-bfc9-4757a8c0fe6d,2026-03-09 23:43:06.902363856+00:00,2026-03-09 23:43:06.902363856+00:00
BACKTESTER-001,OracleStrategy-000,MESM6.GLBX,GLBX-1-2133,MESM6.GLBX-OracleStrategy-000,GLBX-001,GLBX-1-2133,MARKET,SELL,1,GTC,False,False,1,TAKER,6825.0,0.0,['0.00 USD'],NO_TRIGGER,FILLED,NO_CONTINGENCY,,,,MY_GENERIC_ALGO,,O-20260309-234325-001-000-2565,,b175e3e2-35dc-4278-94f2-de8ed6d20af3,2026-03-09 23:43:25.533306763+00:00,2026-03-09 23:43:25.533306763+00:00
BACKTESTER-001,OracleStrategy-000,MESM6.GLBX,GLBX-1-2134,MESM6.GLBX-OracleStrategy-000,GLBX-001,GLBX-1-2134,MARKET,BUY,1,GTC,True,False,1,TAKER,6821.0,0.0,['0.00 USD'],NO_TRIGGER,FILLED,NO_CONTINGENCY,,,,MY_GENERIC_ALGO,,O-20260309-234505-001-000-2566,,9e1119e9-685c-4c98-89d7-e5e0b256b6df,2026-03-09 23:45:05.267004378+00:00,2026-03-09 23:45:05.267004378+00:00
BACKTESTER-001,OracleStrategy-000,MESM6.GLBX,GLBX-1-2135,MESM6.GLBX-OracleStrategy-000,GLBX-001,GLBX-1-2135,MARKET,BUY,1,GTC,False,False,1,TAKER,6821.0,0.0,['0.00 USD'],NO_TRIGGER,FILLED,NO_CONTINGENCY,,,,MY_GENERIC_ALGO,,O-20260309-234505-001-000-2567,,f04769ff-88fc-4088-884e-1bc7e17cc6e6,2026-03-09 23:45:05.267004378+00:00,2026-03-09 23:45:05.267004378+00:00
BACKTESTER-001,OracleStrategy-000,MESM6.GLBX,GLBX-1-2136,MESM6.GLBX-OracleStrategy-000,GLBX-001,GLBX-1-2136,MARKET,SELL,1,GTC,True,False,1,TAKER,6822.75,0.0,['0.00 USD'],NO_TRIGGER,FILLED,NO_CONTINGENCY,,,,MY_GENERIC_ALGO,,O-20260309-234743-001-000-2568,,473a2054-8978-4272-84dc-9a66b867374b,2026-03-09 23:47:43.598417799+00:00,2026-03-09 23:47:43.598417799+00:00
BACKTESTER-001,OracleStrategy-000,MESM6.GLBX,GLBX-1-2137,MESM6.GLBX-OracleStrategy-000,GLBX-001,GLBX-1-2137,MARKET,SELL,1,GTC,False,False,1,TAKER,6822.75,0.0,['0.00 USD'],NO_TRIGGER,FILLED,NO_CONTINGENCY,,,,MY_GENERIC_ALGO,,O-20260309-234743-001-000-2569,,84cfe223-04ab-4753-899f-705ba8b5d739,2026-03-09 23:47:43.598417799+00:00,2026-03-09 23:47:43.598417799+00:00
BACKTESTER-001,OracleStrategy-000,MESM6.GLBX,GLBX-1-2138,MESM6.GLBX-OracleStrategy-000,GLBX-001,GLBX-1-2138,MARKET,BUY,1,GTC,True,False,1,TAKER,6820.0,0.0,['0.00 USD'],NO_TRIGGER,FILLED,NO_CONTINGENCY,,,,MY_GENERIC_ALGO,,O-20260309-235116-001-000-2570,,c3af677f-5069-4abd-b638-5ffe26324073,2026-03-09 23:51:16.423165879+00:00,2026-03-09 23:51:16.423165879+00:00
BACKTESTER-001,OracleStrategy-000,MESM6.GLBX,GLBX-1-2139,MESM6.GLBX-OracleStrategy-000,GLBX-001,GLBX-1-2139,MARKET,SELL,1,GTC,False,False,1,TAKER,6820.0,0.0,['0.00 USD'],NO_TRIGGER,FILLED,NO_CONTINGENCY,,,,MY_GENERIC_ALGO,,O-20260309-235137-001-000-2573,,e4790176-b23e-4f1f-aeb4-bdfce8095edf,2026-03-09 23:51:37.164798256+00:00,2026-03-09 23:51:37.164798256+00:00
BACKTESTER-001,OracleStrategy-000,MESM6.GLBX,GLBX-1-2140,MESM6.GLBX-OracleStrategy-000,GLBX-001,GLBX-1-2140,MARKET,BUY,1,GTC,True,False,1,TAKER,6817.5,0.0,['0.00 USD'],NO_TRIGGER,FILLED,NO_CONTINGENCY,,,,MY_GENERIC_ALGO,,O-20260309-235228-001-000-2574,,414c8528-da22-4fc2-9d0b-3332071568f5,2026-03-09 23:52:28.334413103+00:00,2026-03-09 23:52:28.334413103+00:00
BACKTESTER-001,OracleStrategy-000,MESM6.GLBX,GLBX-1-2141,MESM6.GLBX-OracleStrategy-000,GLBX-001,GLBX-1-2141,MARKET,BUY,1,GTC,False,False,1,TAKER,6817.5,0.0,['0.00 USD'],NO_TRIGGER,FILLED,NO_CONTINGENCY,,,,MY_GENERIC_ALGO,,O-20260309-235228-001-000-2575,,68705a17-59bc-4ccb-b5e6-c9d71e888497,2026-03-09 23:52:28.334413103+00:00,2026-03-09 23:52:28.334413103+00:00
BACKTESTER-001,OracleStrategy-000,MESM6.GLBX,GLBX-1-2142,MESM6.GLBX-OracleStrategy-000,GLBX-001,GLBX-1-2142,MARKET,SELL,1,GTC,True,False,1,TAKER,6819.25,0.0,['0.00 USD'],NO_TRIGGER,FILLED,NO_CONTINGENCY,,,,MY_GENERIC_ALGO,,O-20260309-235426-001-000-2576,,57550813-4d90-484d-a7ab-4bd84b673bf5,2026-03-09 23:54:26.603536491+00:00,2026-03-09 23:54:26.603536491+00:00
BACKTESTER-001,OracleStrategy-000,MESM6.GLBX,GLBX-1-2143,MESM6.GLBX-OracleStrategy-000,GLBX-001,GLBX-1-2143,MARKET,SELL,1,GTC,False,False,1,TAKER,6819.25,0.0,['0.00 USD'],NO_TRIGGER,FILLED,NO_CONTINGENCY,,,,MY_GENERIC_ALGO,,O-20260309-235426-001-000-2577,,6c543a60-00ae-4bc4-a4de-4e93dcf1b3b2,2026-03-09 23:54:26.603536491+00:00,2026-03-09 23:54:26.603536491+00:00
BACKTESTER-001,OracleStrategy-000,MESM6.GLBX,GLBX-1-2144,MESM6.GLBX-OracleStrategy-000,GLBX-001,GLBX-1-2144,MARKET,BUY,1,GTC,True,False,1,TAKER,6820.0,0.0,['0.00 USD'],NO_TRIGGER,FILLED,NO_CONTINGENCY,,,,MY_GENERIC_ALGO,,O-20260309-235604-001-000-2578,,586521e1-a11b-4ac2-a769-4522928dd5d3,2026-03-09 23:56:04.029309243+00:00,2026-03-09 23:56:04.029309243+00:00
BACKTESTER-001,OracleStrategy-000,MESM6.GLBX,GLBX-1-2145,MESM6.GLBX-OracleStrategy-000,GLBX-001,GLBX-1-2145,MARKET,BUY,1,GTC,False,False,1,TAKER,6820.0,0.0,['0.00 USD'],NO_TRIGGER,FILLED,NO_CONTINGENCY,,,,MY_GENERIC_ALGO,,O-20260309-235604-001-000-2579,,396e982b-0279-4d92-83d4-3113b6ccfefe,2026-03-09 23:56:04.029309243+00:00,2026-03-09 23:56:04.029309243+00:00
BACKTESTER-001,OracleStrategy-000,MESM6.GLBX,GLBX-1-2146,MESM6.GLBX-OracleStrategy-000,GLBX-001,GLBX-1-2146,MARKET,SELL,1,GTC,True,False,1,TAKER,6821.75,0.0,['0.00 USD'],NO_TRIGGER,FILLED,NO_CONTINGENCY,,,,MY_GENERIC_ALGO,,O-20260309-235746-001-000-2580,,4a5c3fa3-fb6b-4cba-88c8-8d7827fd0f64,2026-03-09 23:57:46.866802925+00:00,2026-03-09 23:57:46.866802925+00:00
