,total,locked,free,currency,account_id,account_type,base_currency,margins,reported,info
2026-03-09 00:00:00+00:00,1000000.00,0.00,1000000.00,USD,GLBX-001,MARGIN,USD,[],True,{}
2026-03-09 00:00:00.037054713+00:00,1000000.00,0.00,1000000.00,USD,GLBX-001,MARGIN,USD,[],False,{}
2026-03-09 00:00:01.282957928+00:00,1000000.75,0.00,1000000.75,USD,GLBX-001,MARGIN,USD,[],False,{}
2026-03-09 00:00:01.282957928+00:00,1000000.75,0.00,1000000.75,USD,GLBX-001,MARGIN,USD,[],False,{}
2026-03-09 00:01:39.875501368+00:00,1000003.00,0.00,1000003.00,USD,GLBX-001,MARGIN,USD,[],False,{}
2026-03-09 00:01:39.875501368+00:00,1000003.00,0.00,1000003.00,USD,GLBX-001,MARGIN,USD,[],False,{}
2026-03-09 00:02:27.540805323+00:00,1000004.25,0.00,1000004.25,USD,GLBX-001,MARGIN,USD,[],False,{}
2026-03-09 00:02:27.540805323+00:00,1000004.25,0.00,1000004.25,USD,GLBX-001,MARGIN,USD,[],False,{}
2026-03-09 00:03:06.172627069+00:00,1000007.00,0.00,1000007.00,USD,GLBX-001,MARGIN,USD,[],False,{}
2026-03-09 00:03:06.172627069+00:00,1000007.00,0.00,1000007.00,USD,GLBX-001,MARGIN,USD,[],False,{}
2026-03-09 00:05:45.509657584+00:00,1000019.00,0.00,1000019.00,USD,GLBX-001,MARGIN,USD,[],False,{}
2026-03-09 00:05:45.509657584+00:00,1000019.00,0.00,1000019.00,USD,GLBX-001,MARGIN,USD,[],False,{}
2026-03-09 00:07:48.567153890+00:00,1000024.25,0.00,1000024.25,USD,GLBX-001,MARGIN,USD,[],False,{}
2026-03-09 00:07:48.567153890+00:00,1000024.25,0.00,1000024.25,USD,GLBX-001,MARGIN,USD,[],False,{}
2026-03-09 00:11:32.974124658+00:00,1000030.25,0.00,1000030.25,USD,GLBX-001,MARGIN,USD,[],False,{}
2026-03-09 00:11:32.974124658+00:00,1000030.25,0.00,1000030.25,USD,GLBX-001,MARGIN,USD,[],False,{}
2026-03-09 00:12:23.431551735+00:00,1000037.00,0.00,1000037.00,USD,GLBX-001,MARGIN,USD,[],False,{}
2026-03-09 00:12:23.431551735+00:00,1000037.00,0.00,1000037.00,USD,GLBX-001,MARGIN,USD,[],False,{}
2026-03-09 00:12:50.691264695+00:00,1000039.00,0.00,1000039.00,USD,GLBX-001,MARGIN,USD,[],False,{}
2026-03-09 00:12:50.691264695+00:00,1000039.00,0.00,1000039.00,USD,GLBX-001,MARGIN,USD,[],False,{}
2026-03-09 00:14:00.157597816+00:00,1000041.50,0.00,1000041.50,USD,GLBX-001,MARGIN,USD,[],False,{}
2026-03-09 00:14:00.157597816+00:00,1000041.50,0.00,1000041.50,USD,GLBX-001,MARGIN,USD,[],False,{}
2026-03-09 00:15:02.091134808+00:00,1000043.50,0.00,1000043.50,USD,GLBX-001,MARGIN,USD,[],False,{}
2026-03-09 00:15:02.091134808+00:00,1000043.50,0.00,1000043.50,USD,GLBX-001,MARGIN,USD,[],False,{}
2026-03-09 00:16:40.042742315+00:00,1000046.00,0.00,1000046.00,USD,GLBX-001,MARGIN,USD,[],False,{}
2026-03-09 00:16:40.042742315+00:00,1000046.00,0.00,1000046.00,USD,GLBX-001,MARGIN,USD,[],False,{}
2026-03-09 00:18:32.873344256+00:00,1000046.75,0.00,1000046.75,USD,GLBX-001,MARGIN,USD,[],False,{}
2026-03-09 00:18:32.873344256+00:00,1000046.75,0.00,1000046.75,USD,GLBX-001,MARGIN,USD,[],False,{}
2026-03-09 00:20:02.961885690+00:00,1000054.75,0.00,1000054.75,USD,GLBX-001,MARGIN,USD,[],False,{}
2026-03-09 00:20:02.961885690+00:00,1000054.75,0.00,1000054.75,USD,GLBX-001,MARGIN,USD,[],False,{}
2026-03-09 00:20:33.199683026+00:00,1000056.25,0.00,1000056.25,USD,GLBX-001,MARGIN,USD,[],False,{}
2026-03-09 00:20:33.199683026+00:00,1000056.25,0.00,1000056.25,USD,GLBX-001,MARGIN,USD,[],False,{}
2026-03-09 00:21:55.327848960+00:00,1000057.75,0.00,1000057.75,USD,GLBX-001,MARGIN,USD,[],False,{}
2026-03-09 00:21:55.327848960+00:00,1000057.75,0.00,1000057.75,USD,GLBX-001,MARGIN,USD,[],False,{}
2026-03-09 00:21:59.645900231+00:00,1000058.50,0.00,1000058.50,USD,GLBX-001,MARGIN,USD,[],False,{}
2026-03-09 00:21:59.645900231+00:00,1000058.50,0.00,1000058.50,USD,GLBX-001,MARGIN,USD,[],False,{}
2026-03-09 00:22:05.915556120+00:00,1000060.00,0.00,1000060.00,USD,GLBX-001,MARGIN,USD,[],False,{}
2026-03-09 00:22:05.915556120+00:00,1000060.00,0.00,1000060.00,USD,GLBX-001,MARGIN,USD,[],False,{}
2026-03-09 00:22:26.572829810+00:00,1000061.50,0.00,1000061.50,USD,GLBX-001,MARGIN,USD,[],False,{}
2026-03-09 00:22:26.572829810+00:00,1000061.50,0.00,1000061.50,USD,GLBX-001,MARGIN,USD,[],False,{}
2026-03-09 00:25:15.188083824+00:00,1000067.75,0.00,1000067.75,USD,GLBX-001,MARGIN,USD,[],False,{}
2026-03-09 00:25:15.188083824+00:00,1000067.75,0.00,1000067.75,USD,GLBX-001,MARGIN,USD,[],False,{}
2026-03-09 00:26:47.469788741+00:00,1000071.00,0.00,1000071.00,USD,GLBX-001,MARGIN,USD,[],False,{}
2026-03-09 00:26:47.469788741+00:00,1000071.00,0.00,1000071.00,USD,GLBX-001,MARGIN,USD,[],False,{}
2026-03-09 00:28:41.356514192+00:00,1000074.25,0.00,1000074.25,USD,GLBX-001,MARGIN,USD,[],False,{}
2026-03-09 00:28:41.356514192+00:00,1000074.25,0.00,1000074.25,USD,GLBX-001,MARGIN,USD,[],False,{}
2026-03-09 00:30:07.445320407+00:00,1000083.75,0.00,1000083.75,USD,GLBX-001,MARGIN,USD,[],False,{}
2026-03-09 00:30:07.445320407+00:00,1000083.75,0.00,1000083.75,USD,GLBX-001,MARGIN,USD,[],False,{}
2026-03-09 00:31:17.860851925+00:00,1000087.50,0.00,1000087.50,USD,GLBX-001,MARGIN,USD,[],False,{}
2026-03-09 00:31:17.860851925+00:00,1000087.50,0.00,1000087.50,USD,GLBX-001,MARGIN,USD,[],False,{}
2026-03-09 00:34:05.787745167+00:00,1000094.75,0.00,1000094.75,USD,GLBX-001,MARGIN,USD,[],False,{}
2026-03-09 00:34:05.787745167+00:00,1000094.75,0.00,1000094.75,USD,GLBX-001,MARGIN,USD,[],False,{}
2026-03-09 00:34:15.452566245+00:00,1000094.50,0.00,1000094.50,USD,GLBX-001,MARGIN,USD,[],False,{}
2026-03-09 00:34:15.452566245+00:00,1000094.50,0.00,1000094.50,USD,GLBX-001,MARGIN,USD,[],False,{}
2026-03-09 00:35:43.097553959+00:00,1000097.75,0.00,1000097.75,USD,GLBX-001,MARGIN,USD,[],False,{}
2026-03-09 00:35:43.097553959+00:00,1000097.75,0.00,1000097.75,USD,GLBX-001,MARGIN,USD,[],False,{}
2026-03-09 00:37:43.656868586+00:00,1000101.25,0.00,1000101.25,USD,GLBX-001,MARGIN,USD,[],False,{}
2026-03-09 00:37:43.656868586+00:00,1000101.25,0.00,1000101.25,USD,GLBX-001,MARGIN,USD,[],False,{}
2026-03-09 00:39:03.025290472+00:00,1000101.25,0.00,1000101.25,USD,GLBX-001,MARGIN,USD,[],False,{}
2026-03-09 00:39:03.025290472+00:00,1000101.25,0.00,1000101.25,USD,GLBX-001,MARGIN,USD,[],False,{}
2026-03-09 00:40:42.903846216+00:00,1000108.50,0.00,1000108.50,USD,GLBX-001,MARGIN,USD,[],False,{}
2026-03-09 00:40:42.903846216+00:00,1000108.50,0.00,1000108.50,USD,GLBX-001,MARGIN,USD,[],False,{}
2026-03-09 00:41:31.816834901+00:00,1000109.25,0.00,1000109.25,USD,GLBX-001,MARGIN,USD,[],False,{}
2026-03-09 00:41:31.816834901+00:00,1000109.25,0.00,1000109.25,USD,GLBX-001,MARGIN,USD,[],False,{}
2026-03-09 00:43:26.617765778+00:00,1000113.50,0.00,1000113.50,USD,GLBX-001,MARGIN,USD,[],False,{}
2026-03-09 00:43:26.617765778+00:00,1000113.50,0.00,1000113.50,USD,GLBX-001,MARGIN,USD,[],False,{}
2026-03-09 00:44:23.617944168+00:00,1000115.25,0.00,1000115.25,USD,GLBX-001,MARGIN,USD,[],False,{}
2026-03-09 00:44:23.617944168+00:00,1000115.25,0.00,1000115.25,USD,GLBX-001,MARGIN,USD,[],False,{}
2026-03-09 00:45:27.106920747+00:00,1000117.75,0.00,1000117.75,USD,GLBX-001,MARGIN,USD,[],False,{}
2026-03-09 00:45:27.106920747+00:00,1000117.75,0.00,1000117.75,USD,GLBX-001,MARGIN,USD,[],False,{}
2026-03-09 00:46:05.516278179+00:00,1000118.75,0.00,1000118.75,USD,GLBX-001,MARGIN,USD,[],False,{}
2026-03-09 00:46:05.516278179+00:00,1000118.75,0.00,1000118.75,USD,GLBX-001,MARGIN,USD,[],False,{}
2026-03-09 00:47:49.080063435+00:00,1000120.50,0.00,1000120.50,USD,GLBX-001,MARGIN,USD,[],False,{}
2026-03-09 00:47:49.080063435+00:00,1000120.50,0.00,1000120.50,USD,GLBX-001,MARGIN,USD,[],False,{}
2026-03-09 00:48:30.866384303+00:00,1000121.50,0.00,1000121.50,USD,GLBX-001,MARGIN,USD,[],False,{}
2026-03-09 00:48:30.866384303+00:00,1000121.50,0.00,1000121.50,USD,GLBX-001,MARGIN,USD,[],False,{}
2026-03-09 00:48:48.029226091+00:00,1000122.50,0.00,1000122.50,USD,GLBX-001,MARGIN,USD,[],False,{}
2026-03-09 00:48:48.029226091+00:00,1000122.50,0.00,1000122.50,USD,GLBX-001,MARGIN,USD,[],False,{}
2026-03-09 00:50:26.880267551+00:00,1000123.50,0.00,1000123.50,USD,GLBX-001,MARGIN,USD,[],False,{}
2026-03-09 00:50:26.880267551+00:00,1000123.50,0.00,1000123.50,USD,GLBX-001,MARGIN,USD,[],False,{}
2026-03-09 00:52:35.590197303+00:00,1000124.75,0.00,1000124.75,USD,GLBX-001,MARGIN,USD,[],False,{}
2026-03-09 00:52:35.590197303+00:00,1000124.75,0.00,1000124.75,USD,GLBX-001,MARGIN,USD,[],False,{}
2026-03-09 00:53:15.626580848+00:00,1000125.25,0.00,1000125.25,USD,GLBX-001,MARGIN,USD,[],False,{}
2026-03-09 00:53:15.626580848+00:00,1000125.25,0.00,1000125.25,USD,GLBX-001,MARGIN,USD,[],False,{}
2026-03-09 00:53:52.511975901+00:00,1000126.50,0.00,1000126.50,USD,GLBX-001,MARGIN,USD,[],False,{}
2026-03-09 00:53:52.511975901+00:00,1000126.50,0.00,1000126.50,USD,GLBX-001,MARGIN,USD,[],False,{}
2026-03-09 00:53:55.331714303+00:00,1000125.75,0.00,1000125.75,USD,GLBX-001,MARGIN,USD,[],False,{}
2026-03-09 00:53:55.331714303+00:00,1000125.75,0.00,1000125.75,USD,GLBX-001,MARGIN,USD,[],False,{}
2026-03-09 00:56:02.583665885+00:00,1000129.25,0.00,1000129.25,USD,GLBX-001,MARGIN,USD,[],False,{}
2026-03-09 00:56:02.583665885+00:00,1000129.25,0.00,1000129.25,USD,GLBX-001,MARGIN,USD,[],False,{}
2026-03-09 00:57:49.022179560+00:00,1000133.25,0.00,1000133.25,USD,GLBX-001,MARGIN,USD,[],False,{}
2026-03-09 00:57:49.022179560+00:00,1000133.25,0.00,1000133.25,USD,GLBX-001,MARGIN,USD,[],False,{}
2026-03-09 00:58:09.789118301+00:00,1000134.00,0.00,1000134.00,USD,GLBX-001,MARGIN,USD,[],False,{}
2026-03-09 00:58:09.789118301+00:00,1000134.00,0.00,1000134.00,USD,GLBX-001,MARGIN,USD,[],False,{}
2026-03-09 01:00:07.890058850+00:00,1000139.00,0.00,1000139.00,USD,GLBX-001,MARGIN,USD,[],False,{}
2026-03-09 01:00:07.890058850+00:00,1000139.00,0.00,1000139.00,USD,GLBX-001,MARGIN,USD,[],False,{}
2026-03-09 01:00:43.901112378+00:00,1000141.50,0.00,1000141.50,USD,GLBX-001,MARGIN,USD,[],False,{}
2026-03-09 01:00:43.901112378+00:00,1000141.50,0.00,1000141.50,USD,GLBX-001,MARGIN,USD,[],False,{}
2026-03-09 01:02:20.070510171+00:00,1000144.50,0.00,1000144.50,USD,GLBX-001,MARGIN,USD,[],False,{}
2026-03-09 01:02:20.070510171+00:00,1000144.50,0.00,1000144.50,USD,GLBX-001,MARGIN,USD,[],False,{}
2026-03-09 01:05:04.910777703+00:00,1000150.50,0.00,1000150.50,USD,GLBX-001,MARGIN,USD,[],False,{}
2026-03-09 01:05:04.910777703+00:00,1000150.50,0.00,1000150.50,USD,GLBX-001,MARGIN,USD,[],False,{}
2026-03-09 01:05:58.965698535+00:00,1000152.00,0.00,1000152.00,USD,GLBX-001,MARGIN,USD,[],False,{}
2026-03-09 01:05:58.965698535+00:00,1000152.00,0.00,1000152.00,USD,GLBX-001,MARGIN,USD,[],False,{}
2026-03-09 01:07:55.652072807+00:00,1000155.75,0.00,1000155.75,USD,GLBX-001,MARGIN,USD,[],False,{}
2026-03-09 01:07:55.652072807+00:00,1000155.75,0.00,1000155.75,USD,GLBX-001,MARGIN,USD,[],False,{}
2026-03-09 01:09:21.082713277+00:00,1000157.25,0.00,1000157.25,USD,GLBX-001,MARGIN,USD,[],False,{}
2026-03-09 01:09:21.082713277+00:00,1000157.25,0.00,1000157.25,USD,GLBX-001,MARGIN,USD,[],False,{}
2026-03-09 01:10:42.480058792+00:00,1000164.75,0.00,1000164.75,USD,GLBX-001,MARGIN,USD,[],False,{}
2026-03-09 01:10:42.480058792+00:00,1000164.75,0.00,1000164.75,USD,GLBX-001,MARGIN,USD,[],False,{}
2026-03-09 01:12:21.851915331+00:00,1000171.50,0.00,1000171.50,USD,GLBX-001,MARGIN,USD,[],False,{}
2026-03-09 01:12:21.851915331+00:00,1000171.50,0.00,1000171.50,USD,GLBX-001,MARGIN,USD,[],False,{}
2026-03-09 01:13:49.081583699+00:00,1000175.00,0.00,1000175.00,USD,GLBX-001,MARGIN,USD,[],False,{}
2026-03-09 01:13:49.081583699+00:00,1000175.00,0.00,1000175.00,USD,GLBX-001,MARGIN,USD,[],False,{}
2026-03-09 01:15:46.152396077+00:00,1000177.75,0.00,1000177.75,USD,GLBX-001,MARGIN,USD,[],False,{}
2026-03-09 01:15:46.152396077+00:00,1000177.75,0.00,1000177.75,USD,GLBX-001,MARGIN,USD,[],False,{}
2026-03-09 01:15:52.075671211+00:00,1000179.75,0.00,1000179.75,USD,GLBX-001,MARGIN,USD,[],False,{}
2026-03-09 01:15:52.075671211+00:00,1000179.75,0.00,1000179.75,USD,GLBX-001,MARGIN,USD,[],False,{}
2026-03-09 01:17:08.833993173+00:00,1000180.75,0.00,1000180.75,USD,GLBX-001,MARGIN,USD,[],False,{}
2026-03-09 01:17:08.833993173+00:00,1000180.75,0.00,1000180.75,USD,GLBX-001,MARGIN,USD,[],False,{}
2026-03-09 01:17:37.874121215+00:00,1000180.75,0.00,1000180.75,USD,GLBX-001,MARGIN,USD,[],False,{}
2026-03-09 01:17:37.874121215+00:00,1000180.75,0.00,1000180.75,USD,GLBX-001,MARGIN,USD,[],False,{}
2026-03-09 01:17:51.638837827+00:00,1000180.75,0.00,1000180.75,USD,GLBX-001,MARGIN,USD,[],False,{}
2026-03-09 01:17:51.638837827+00:00,1000180.75,0.00,1000180.75,USD,GLBX-001,MARGIN,USD,[],False,{}
2026-03-09 01:19:12.459871405+00:00,1000183.75,0.00,1000183.75,USD,GLBX-001,MARGIN,USD,[],False,{}
2026-03-09 01:19:12.459871405+00:00,1000183.75,0.00,1000183.75,USD,GLBX-001,MARGIN,USD,[],False,{}
2026-03-09 01:19:36.225741632+00:00,1000184.00,0.00,1000184.00,USD,GLBX-001,MARGIN,USD,[],False,{}
2026-03-09 01:19:36.225741632+00:00,1000184.00,0.00,1000184.00,USD,GLBX-001,MARGIN,USD,[],False,{}
2026-03-09 01:21:23.318350779+00:00,1000188.75,0.00,1000188.75,USD,GLBX-001,MARGIN,USD,[],False,{}
2026-03-09 01:21:23.318350779+00:00,1000188.75,0.00,1000188.75,USD,GLBX-001,MARGIN,USD,[],False,{}
2026-03-09 01:23:06.165464328+00:00,1000192.50,0.00,1000192.50,USD,GLBX-001,MARGIN,USD,[],False,{}
2026-03-09 01:23:06.165464328+00:00,1000192.50,0.00,1000192.50,USD,GLBX-001,MARGIN,USD,[],False,{}
2026-03-09 01:24:10.101407759+00:00,1000195.50,0.00,1000195.50,USD,GLBX-001,MARGIN,USD,[],False,{}
2026-03-09 01:24:10.101407759+00:00,1000195.50,0.00,1000195.50,USD,GLBX-001,MARGIN,USD,[],False,{}
2026-03-09 01:25:03.754782771+00:00,1000202.50,0.00,1000202.50,USD,GLBX-001,MARGIN,USD,[],False,{}
2026-03-09 01:25:03.754782771+00:00,1000202.50,0.00,1000202.50,USD,GLBX-001,MARGIN,USD,[],False,{}
2026-03-09 01:27:44.799523810+00:00,1000206.50,0.00,1000206.50,USD,GLBX-001,MARGIN,USD,[],False,{}
2026-03-09 01:27:44.799523810+00:00,1000206.50,0.00,1000206.50,USD,GLBX-001,MARGIN,USD,[],False,{}
2026-03-09 01:28:10.603227586+00:00,1000206.50,0.00,1000206.50,USD,GLBX-001,MARGIN,USD,[],False,{}
2026-03-09 01:28:10.603227586+00:00,1000206.50,0.00,1000206.50,USD,GLBX-001,MARGIN,USD,[],False,{}
2026-03-09 01:30:11.705329991+00:00,1000210.00,0.00,1000210.00,USD,GLBX-001,MARGIN,USD,[],False,{}
2026-03-09 01:30:11.705329991+00:00,1000210.00,0.00,1000210.00,USD,GLBX-001,MARGIN,USD,[],False,{}
2026-03-09 01:30:26.612875963+00:00,1000211.75,0.00,1000211.75,USD,GLBX-001,MARGIN,USD,[],False,{}
2026-03-09 01:30:26.612875963+00:00,1000211.75,0.00,1000211.75,USD,GLBX-001,MARGIN,USD,[],False,{}
2026-03-09 01:31:15.210462128+00:00,1000213.75,0.00,1000213.75,USD,GLBX-001,MARGIN,USD,[],False,{}
2026-03-09 01:31:15.210462128+00:00,1000213.75,0.00,1000213.75,USD,GLBX-001,MARGIN,USD,[],False,{}
2026-03-09 01:31:23.673498899+00:00,1000214.00,0.00,1000214.00,USD,GLBX-001,MARGIN,USD,[],False,{}
2026-03-09 01:31:23.673498899+00:00,1000214.00,0.00,1000214.00,USD,GLBX-001,MARGIN,USD,[],False,{}
2026-03-09 01:31:42.604106910+00:00,1000214.75,0.00,1000214.75,USD,GLBX-001,MARGIN,USD,[],False,{}
2026-03-09 01:31:42.604106910+00:00,1000214.75,0.00,1000214.75,USD,GLBX-001,MARGIN,USD,[],False,{}
2026-03-09 01:33:47.198310083+00:00,1000223.25,0.00,1000223.25,USD,GLBX-001,MARGIN,USD,[],False,{}
2026-03-09 01:33:47.198310083+00:00,1000223.25,0.00,1000223.25,USD,GLBX-001,MARGIN,USD,[],False,{}
2026-03-09 01:34:09.183738487+00:00,1000223.25,0.00,1000223.25,USD,GLBX-001,MARGIN,USD,[],False,{}
2026-03-09 01:34:09.183738487+00:00,1000223.25,0.00,1000223.25,USD,GLBX-001,MARGIN,USD,[],False,{}
2026-03-09 01:36:10.839412746+00:00,1000226.25,0.00,1000226.25,USD,GLBX-001,MARGIN,USD,[],False,{}
2026-03-09 01:36:10.839412746+00:00,1000226.25,0.00,1000226.25,USD,GLBX-001,MARGIN,USD,[],False,{}
2026-03-09 01:37:08.197836331+00:00,1000230.00,0.00,1000230.00,USD,GLBX-001,MARGIN,USD,[],False,{}
2026-03-09 01:37:08.197836331+00:00,1000230.00,0.00,1000230.00,USD,GLBX-001,MARGIN,USD,[],False,{}
2026-03-09 01:37:42.405494629+00:00,1000231.50,0.00,1000231.50,USD,GLBX-001,MARGIN,USD,[],False,{}
2026-03-09 01:37:42.405494629+00:00,1000231.50,0.00,1000231.50,USD,GLBX-001,MARGIN,USD,[],False,{}
2026-03-09 01:40:02.291032384+00:00,1000240.00,0.00,1000240.00,USD,GLBX-001,MARGIN,USD,[],False,{}
2026-03-09 01:40:02.291032384+00:00,1000240.00,0.00,1000240.00,USD,GLBX-001,MARGIN,USD,[],False,{}
2026-03-09 01:40:25.056591640+00:00,1000241.25,0.00,1000241.25,USD,GLBX-001,MARGIN,USD,[],False,{}
2026-03-09 01:40:25.056591640+00:00,1000241.25,0.00,1000241.25,USD,GLBX-001,MARGIN,USD,[],False,{}
2026-03-09 01:42:16.205709499+00:00,1000244.00,0.00,1000244.00,USD,GLBX-001,MARGIN,USD,[],False,{}
2026-03-09 01:42:16.205709499+00:00,1000244.00,0.00,1000244.00,USD,GLBX-001,MARGIN,USD,[],False,{}
2026-03-09 01:42:57.892834656+00:00,1000244.25,0.00,1000244.25,USD,GLBX-001,MARGIN,USD,[],False,{}
2026-03-09 01:42:57.892834656+00:00,1000244.25,0.00,1000244.25,USD,GLBX-001,MARGIN,USD,[],False,{}
2026-03-09 01:43:53.872184672+00:00,1000246.50,0.00,1000246.50,USD,GLBX-001,MARGIN,USD,[],False,{}
2026-03-09 01:43:53.872184672+00:00,1000246.50,0.00,1000246.50,USD,GLBX-001,MARGIN,USD,[],False,{}
2026-03-09 01:45:19.955150474+00:00,1000249.50,0.00,1000249.50,USD,GLBX-001,MARGIN,USD,[],False,{}
2026-03-09 01:45:19.955150474+00:00,1000249.50,0.00,1000249.50,USD,GLBX-001,MARGIN,USD,[],False,{}
2026-03-09 01:45:47.238331037+00:00,1000252.50,0.00,1000252.50,USD,GLBX-001,MARGIN,USD,[],False,{}
2026-03-09 01:45:47.238331037+00:00,1000252.50,0.00,1000252.50,USD,GLBX-001,MARGIN,USD,[],False,{}
2026-03-09 01:47:07.594593735+00:00,1000252.25,0.00,1000252.25,USD,GLBX-001,MARGIN,USD,[],False,{}
2026-03-09 01:47:07.594593735+00:00,1000252.25,0.00,1000252.25,USD,GLBX-001,MARGIN,USD,[],False,{}
2026-03-09 01:48:07.373353505+00:00,1000256.00,0.00,1000256.00,USD,GLBX-001,MARGIN,USD,[],False,{}
2026-03-09 01:48:07.373353505+00:00,1000256.00,0.00,1000256.00,USD,GLBX-001,MARGIN,USD,[],False,{}
2026-03-09 01:48:50.110972383+00:00,1000257.00,0.00,1000257.00,USD,GLBX-001,MARGIN,USD,[],False,{}
2026-03-09 01:48:50.110972383+00:00,1000257.00,0.00,1000257.00,USD,GLBX-001,MARGIN,USD,[],False,{}
2026-03-09 01:49:48.733026111+00:00,1000260.25,0.00,1000260.25,USD,GLBX-001,MARGIN,USD,[],False,{}
2026-03-09 01:49:48.733026111+00:00,1000260.25,0.00,1000260.25,USD,GLBX-001,MARGIN,USD,[],False,{}
2026-03-09 01:50:10.825822720+00:00,1000259.75,0.00,1000259.75,USD,GLBX-001,MARGIN,USD,[],False,{}
2026-03-09 01:50:43.091334807+00:00,1000259.75,0.00,1000259.75,USD,GLBX-001,MARGIN,USD,[],False,{}
2026-03-09 01:51:52.007687007+00:00,1000263.25,0.00,1000263.25,USD,GLBX-001,MARGIN,USD,[],False,{}
2026-03-09 01:51:52.007687007+00:00,1000263.25,0.00,1000263.25,USD,GLBX-001,MARGIN,USD,[],False,{}
2026-03-09 01:54:26.203911301+00:00,1000268.50,0.00,1000268.50,USD,GLBX-001,MARGIN,USD,[],False,{}
2026-03-09 01:54:26.203911301+00:00,1000268.50,0.00,1000268.50,USD,GLBX-001,MARGIN,USD,[],False,{}
2026-03-09 01:55:02.893074735+00:00,1000270.75,0.00,1000270.75,USD,GLBX-001,MARGIN,USD,[],False,{}
2026-03-09 01:55:02.893074735+00:00,1000270.75,0.00,1000270.75,USD,GLBX-001,MARGIN,USD,[],False,{}
2026-03-09 01:55:51.367928583+00:00,1000276.00,0.00,1000276.00,USD,GLBX-001,MARGIN,USD,[],False,{}
2026-03-09 01:55:51.367928583+00:00,1000276.00,0.00,1000276.00,USD,GLBX-001,MARGIN,USD,[],False,{}
2026-03-09 01:58:06.202630237+00:00,1000282.25,0.00,1000282.25,USD,GLBX-001,MARGIN,USD,[],False,{}
2026-03-09 01:58:06.202630237+00:00,1000282.25,0.00,1000282.25,USD,GLBX-001,MARGIN,USD,[],False,{}
2026-03-09 01:58:39.206545690+00:00,1000283.50,0.00,1000283.50,USD,GLBX-001,MARGIN,USD,[],False,{}
2026-03-09 01:58:39.206545690+00:00,1000283.50,0.00,1000283.50,USD,GLBX-001,MARGIN,USD,[],False,{}
2026-03-09 01:59:41.904618776+00:00,1000287.25,0.00,1000287.25,USD,GLBX-001,MARGIN,USD,[],False,{}
2026-03-09 01:59:41.904618776+00:00,1000287.25,0.00,1000287.25,USD,GLBX-001,MARGIN,USD,[],False,{}
2026-03-09 02:01:47.714930059+00:00,1000294.00,0.00,1000294.00,USD,GLBX-001,MARGIN,USD,[],False,{}
2026-03-09 02:01:47.714930059+00:00,1000294.00,0.00,1000294.00,USD,GLBX-001,MARGIN,USD,[],False,{}
2026-03-09 02:05:11.321600626+00:00,1000300.50,0.00,1000300.50,USD,GLBX-001,MARGIN,USD,[],False,{}
2026-03-09 02:05:11.321600626+00:00,1000300.50,0.00,1000300.50,USD,GLBX-001,MARGIN,USD,[],False,{}
2026-03-09 02:06:02.137226195+00:00,1000304.75,0.00,1000304.75,USD,GLBX-001,MARGIN,USD,[],False,{}
2026-03-09 02:06:02.137226195+00:00,1000304.75,0.00,1000304.75,USD,GLBX-001,MARGIN,USD,[],False,{}
2026-03-09 02:07:10.602662282+00:00,1000308.75,0.00,1000308.75,USD,GLBX-001,MARGIN,USD,[],False,{}
2026-03-09 02:07:10.602662282+00:00,1000308.75,0.00,1000308.75,USD,GLBX-001,MARGIN,USD,[],False,{}
2026-03-09 02:10:17.599037199+00:00,1000313.50,0.00,1000313.50,USD,GLBX-001,MARGIN,USD,[],False,{}
2026-03-09 02:10:17.599037199+00:00,1000313.50,0.00,1000313.50,USD,GLBX-001,MARGIN,USD,[],False,{}
2026-03-09 02:10:36.981957586+00:00,1000317.00,0.00,1000317.00,USD,GLBX-001,MARGIN,USD,[],False,{}
2026-03-09 02:10:36.981957586+00:00,1000317.00,0.00,1000317.00,USD,GLBX-001,MARGIN,USD,[],False,{}
2026-03-09 02:11:30.508196963+00:00,1000323.50,0.00,1000323.50,USD,GLBX-001,MARGIN,USD,[],False,{}
2026-03-09 02:11:30.508196963+00:00,1000323.50,0.00,1000323.50,USD,GLBX-001,MARGIN,USD,[],False,{}
2026-03-09 02:15:32.407180378+00:00,1000335.00,0.00,1000335.00,USD,GLBX-001,MARGIN,USD,[],False,{}
2026-03-09 02:15:32.407180378+00:00,1000335.00,0.00,1000335.00,USD,GLBX-001,MARGIN,USD,[],False,{}
2026-03-09 02:15:58.672877712+00:00,1000336.50,0.00,1000336.50,USD,GLBX-001,MARGIN,USD,[],False,{}
2026-03-09 02:15:58.672877712+00:00,1000336.50,0.00,1000336.50,USD,GLBX-001,MARGIN,USD,[],False,{}
2026-03-09 02:19:08.828087290+00:00,1000341.50,0.00,1000341.50,USD,GLBX-001,MARGIN,USD,[],False,{}
2026-03-09 02:19:08.828087290+00:00,1000341.50,0.00,1000341.50,USD,GLBX-001,MARGIN,USD,[],False,{}
2026-03-09 02:23:57.136894907+00:00,1000352.50,0.00,1000352.50,USD,GLBX-001,MARGIN,USD,[],False,{}
2026-03-09 02:23:57.136894907+00:00,1000352.50,0.00,1000352.50,USD,GLBX-001,MARGIN,USD,[],False,{}
2026-03-09 02:26:17.040613523+00:00,1000354.50,0.00,1000354.50,USD,GLBX-001,MARGIN,USD,[],False,{}
2026-03-09 02:26:17.040613523+00:00,1000354.50,0.00,1000354.50,USD,GLBX-001,MARGIN,USD,[],False,{}
2026-03-09 02:27:25.402943019+00:00,1000356.50,0.00,1000356.50,USD,GLBX-001,MARGIN,USD,[],False,{}
2026-03-09 02:27:25.402943019+00:00,1000356.50,0.00,1000356.50,USD,GLBX-001,MARGIN,USD,[],False,{}
2026-03-09 02:27:52.696966366+00:00,1000358.00,0.00,1000358.00,USD,GLBX-001,MARGIN,USD,[],False,{}
2026-03-09 02:27:52.696966366+00:00,1000358.00,0.00,1000358.00,USD,GLBX-001,MARGIN,USD,[],False,{}
2026-03-09 02:29:03.482326419+00:00,1000363.25,0.00,1000363.25,USD,GLBX-001,MARGIN,USD,[],False,{}
2026-03-09 02:29:03.482326419+00:00,1000363.25,0.00,1000363.25,USD,GLBX-001,MARGIN,USD,[],False,{}
2026-03-09 02:31:17.338534970+00:00,1000372.50,0.00,1000372.50,USD,GLBX-001,MARGIN,USD,[],False,{}
2026-03-09 02:31:17.338534970+00:00,1000372.50,0.00,1000372.50,USD,GLBX-001,MARGIN,USD,[],False,{}
2026-03-09 02:32:35.562999269+00:00,1000374.75,0.00,1000374.75,USD,GLBX-001,MARGIN,USD,[],False,{}
2026-03-09 02:32:35.562999269+00:00,1000374.75,0.00,1000374.75,USD,GLBX-001,MARGIN,USD,[],False,{}
2026-03-09 02:33:24.853151170+00:00,1000376.00,0.00,1000376.00,USD,GLBX-001,MARGIN,USD,[],False,{}
2026-03-09 02:33:24.853151170+00:00,1000376.00,0.00,1000376.00,USD,GLBX-001,MARGIN,USD,[],False,{}
2026-03-09 02:36:57.297971685+00:00,1000385.00,0.00,1000385.00,USD,GLBX-001,MARGIN,USD,[],False,{}
2026-03-09 02:36:57.297971685+00:00,1000385.00,0.00,1000385.00,USD,GLBX-001,MARGIN,USD,[],False,{}
2026-03-09 02:38:42.386326687+00:00,1000387.25,0.00,1000387.25,USD,GLBX-001,MARGIN,USD,[],False,{}
2026-03-09 02:38:42.386326687+00:00,1000387.25,0.00,1000387.25,USD,GLBX-001,MARGIN,USD,[],False,{}
2026-03-09 02:40:21.249732751+00:00,1000391.50,0.00,1000391.50,USD,GLBX-001,MARGIN,USD,[],False,{}
2026-03-09 02:40:21.249732751+00:00,1000391.50,0.00,1000391.50,USD,GLBX-001,MARGIN,USD,[],False,{}
2026-03-09 02:40:39.109084967+00:00,1000392.75,0.00,1000392.75,USD,GLBX-001,MARGIN,USD,[],False,{}
2026-03-09 02:40:39.109084967+00:00,1000392.75,0.00,1000392.75,USD,GLBX-001,MARGIN,USD,[],False,{}
2026-03-09 02:41:25.360584600+00:00,1000393.75,0.00,1000393.75,USD,GLBX-001,MARGIN,USD,[],False,{}
2026-03-09 02:41:25.360584600+00:00,1000393.75,0.00,1000393.75,USD,GLBX-001,MARGIN,USD,[],False,{}
2026-03-09 02:41:37.566344920+00:00,1000393.25,0.00,1000393.25,USD,GLBX-001,MARGIN,USD,[],False,{}
2026-03-09 02:41:47.838000949+00:00,1000393.25,0.00,1000393.25,USD,GLBX-001,MARGIN,USD,[],False,{}
2026-03-09 02:42:23.775849295+00:00,1000394.75,0.00,1000394.75,USD,GLBX-001,MARGIN,USD,[],False,{}
2026-03-09 02:42:23.775849295+00:00,1000394.75,0.00,1000394.75,USD,GLBX-001,MARGIN,USD,[],False,{}
2026-03-09 02:44:10.567325781+00:00,1000396.00,0.00,1000396.00,USD,GLBX-001,MARGIN,USD,[],False,{}
2026-03-09 02:44:10.567325781+00:00,1000396.00,0.00,1000396.00,USD,GLBX-001,MARGIN,USD,[],False,{}
2026-03-09 02:44:45.933533840+00:00,1000396.50,0.00,1000396.50,USD,GLBX-001,MARGIN,USD,[],False,{}
2026-03-09 02:44:45.933533840+00:00,1000396.50,0.00,1000396.50,USD,GLBX-001,MARGIN,USD,[],False,{}
2026-03-09 02:45:03.168451416+00:00,1000395.25,0.00,1000395.25,USD,GLBX-001,MARGIN,USD,[],False,{}
2026-03-09 02:45:21.474912939+00:00,1000395.25,0.00,1000395.25,USD,GLBX-001,MARGIN,USD,[],False,{}
2026-03-09 02:45:31.696267733+00:00,1000394.75,0.00,1000394.75,USD,GLBX-001,MARGIN,USD,[],False,{}
2026-03-09 02:45:31.696267733+00:00,1000394.75,0.00,1000394.75,USD,GLBX-001,MARGIN,USD,[],False,{}
2026-03-09 02:46:15.035164024+00:00,1000394.75,0.00,1000394.75,USD,GLBX-001,MARGIN,USD,[],False,{}
2026-03-09 02:46:15.035164024+00:00,1000394.75,0.00,1000394.75,USD,GLBX-001,MARGIN,USD,[],False,{}
2026-03-09 02:47:34.083866507+00:00,1000396.00,0.00,1000396.00,USD,GLBX-001,MARGIN,USD,[],False,{}
2026-03-09 02:47:34.083866507+00:00,1000396.00,0.00,1000396.00,USD,GLBX-001,MARGIN,USD,[],False,{}
2026-03-09 02:47:53.325465763+00:00,1000398.25,0.00,1000398.25,USD,GLBX-001,MARGIN,USD,[],False,{}
2026-03-09 02:47:53.325465763+00:00,1000398.25,0.00,1000398.25,USD,GLBX-001,MARGIN,USD,[],False,{}
2026-03-09 02:49:24.311054275+00:00,1000400.50,0.00,1000400.50,USD,GLBX-001,MARGIN,USD,[],False,{}
2026-03-09 02:49:24.311054275+00:00,1000400.50,0.00,1000400.50,USD,GLBX-001,MARGIN,USD,[],False,{}
2026-03-09 02:49:47.522581271+00:00,1000400.75,0.00,1000400.75,USD,GLBX-001,MARGIN,USD,[],False,{}
2026-03-09 02:49:47.522581271+00:00,1000400.75,0.00,1000400.75,USD,GLBX-001,MARGIN,USD,[],False,{}
2026-03-09 02:50:58.122238127+00:00,1000402.25,0.00,1000402.25,USD,GLBX-001,MARGIN,USD,[],False,{}
2026-03-09 02:50:58.122238127+00:00,1000402.25,0.00,1000402.25,USD,GLBX-001,MARGIN,USD,[],False,{}
2026-03-09 02:52:44.770605170+00:00,1000404.25,0.00,1000404.25,USD,GLBX-001,MARGIN,USD,[],False,{}
2026-03-09 02:52:44.770605170+00:00,1000404.25,0.00,1000404.25,USD,GLBX-001,MARGIN,USD,[],False,{}
2026-03-09 02:53:54.744575091+00:00,1000407.25,0.00,1000407.25,USD,GLBX-001,MARGIN,USD,[],False,{}
2026-03-09 02:53:54.744575091+00:00,1000407.25,0.00,1000407.25,USD,GLBX-001,MARGIN,USD,[],False,{}
2026-03-09 02:54:58.232550779+00:00,1000408.75,0.00,1000408.75,USD,GLBX-001,MARGIN,USD,[],False,{}
2026-03-09 02:54:58.232550779+00:00,1000408.75,0.00,1000408.75,USD,GLBX-001,MARGIN,USD,[],False,{}
2026-03-09 02:55:28.192923759+00:00,1000413.75,0.00,1000413.75,USD,GLBX-001,MARGIN,USD,[],False,{}
2026-03-09 02:55:28.192923759+00:00,1000413.75,0.00,1000413.75,USD,GLBX-001,MARGIN,USD,[],False,{}
2026-03-09 02:56:19.190285786+00:00,1000415.00,0.00,1000415.00,USD,GLBX-001,MARGIN,USD,[],False,{}
2026-03-09 02:56:19.190285786+00:00,1000415.00,0.00,1000415.00,USD,GLBX-001,MARGIN,USD,[],False,{}
2026-03-09 02:56:48.005518911+00:00,1000414.75,0.00,1000414.75,USD,GLBX-001,MARGIN,USD,[],False,{}
2026-03-09 02:56:48.005518911+00:00,1000414.75,0.00,1000414.75,USD,GLBX-001,MARGIN,USD,[],False,{}
2026-03-09 02:57:29.354448543+00:00,1000416.50,0.00,1000416.50,USD,GLBX-001,MARGIN,USD,[],False,{}
2026-03-09 02:57:29.354448543+00:00,1000416.50,0.00,1000416.50,USD,GLBX-001,MARGIN,USD,[],False,{}
2026-03-09 02:57:39.084443218+00:00,1000417.25,0.00,1000417.25,USD,GLBX-001,MARGIN,USD,[],False,{}
2026-03-09 02:57:39.084443218+00:00,1000417.25,0.00,1000417.25,USD,GLBX-001,MARGIN,USD,[],False,{}
2026-03-09 02:58:36.709648362+00:00,1000418.50,0.00,1000418.50,USD,GLBX-001,MARGIN,USD,[],False,{}
2026-03-09 02:58:36.709648362+00:00,1000418.50,0.00,1000418.50,USD,GLBX-001,MARGIN,USD,[],False,{}
2026-03-09 02:59:13.715753884+00:00,1000419.25,0.00,1000419.25,USD,GLBX-001,MARGIN,USD,[],False,{}
2026-03-09 02:59:13.715753884+00:00,1000419.25,0.00,1000419.25,USD,GLBX-001,MARGIN,USD,[],False,{}
2026-03-09 03:00:01.469982738+00:00,1000421.25,0.00,1000421.25,USD,GLBX-001,MARGIN,USD,[],False,{}
2026-03-09 03:00:01.469982738+00:00,1000421.25,0.00,1000421.25,USD,GLBX-001,MARGIN,USD,[],False,{}
2026-03-09 03:00:27.497326575+00:00,1000423.50,0.00,1000423.50,USD,GLBX-001,MARGIN,USD,[],False,{}
2026-03-09 03:00:27.497326575+00:00,1000423.50,0.00,1000423.50,USD,GLBX-001,MARGIN,USD,[],False,{}
2026-03-09 03:01:02.524138376+00:00,1000423.25,0.00,1000423.25,USD,GLBX-001,MARGIN,USD,[],False,{}
2026-03-09 03:01:02.524138376+00:00,1000423.25,0.00,1000423.25,USD,GLBX-001,MARGIN,USD,[],False,{}
2026-03-09 03:01:40.029438629+00:00,1000425.50,0.00,1000425.50,USD,GLBX-001,MARGIN,USD,[],False,{}
2026-03-09 03:01:40.029438629+00:00,1000425.50,0.00,1000425.50,USD,GLBX-001,MARGIN,USD,[],False,{}
2026-03-09 03:04:21.906456336+00:00,1000427.00,0.00,1000427.00,USD,GLBX-001,MARGIN,USD,[],False,{}
2026-03-09 03:04:21.906456336+00:00,1000427.00,0.00,1000427.00,USD,GLBX-001,MARGIN,USD,[],False,{}
2026-03-09 03:06:26.785546925+00:00,1000426.75,0.00,1000426.75,USD,GLBX-001,MARGIN,USD,[],False,{}
2026-03-09 03:06:26.785546925+00:00,1000426.75,0.00,1000426.75,USD,GLBX-001,MARGIN,USD,[],False,{}
2026-03-09 03:07:02.652751613+00:00,1000426.50,0.00,1000426.50,USD,GLBX-001,MARGIN,USD,[],False,{}
2026-03-09 03:07:07.002625579+00:00,1000426.50,0.00,1000426.50,USD,GLBX-001,MARGIN,USD,[],False,{}
2026-03-09 03:07:56.052404797+00:00,1000427.50,0.00,1000427.50,USD,GLBX-001,MARGIN,USD,[],False,{}
2026-03-09 03:07:56.052404797+00:00,1000427.50,0.00,1000427.50,USD,GLBX-001,MARGIN,USD,[],False,{}
2026-03-09 03:08:24.508927647+00:00,1000427.75,0.00,1000427.75,USD,GLBX-001,MARGIN,USD,[],False,{}
2026-03-09 03:08:24.508927647+00:00,1000427.75,0.00,1000427.75,USD,GLBX-001,MARGIN,USD,[],False,{}
2026-03-09 03:09:03.519685173+00:00,1000429.75,0.00,1000429.75,USD,GLBX-001,MARGIN,USD,[],False,{}
2026-03-09 03:09:03.519685173+00:00,1000429.75,0.00,1000429.75,USD,GLBX-001,MARGIN,USD,[],False,{}
2026-03-09 03:12:19.664521234+00:00,1000432.00,0.00,1000432.00,USD,GLBX-001,MARGIN,USD,[],False,{}
2026-03-09 03:12:19.664521234+00:00,1000432.00,0.00,1000432.00,USD,GLBX-001,MARGIN,USD,[],False,{}
2026-03-09 03:12:25.027457811+00:00,1000432.25,0.00,1000432.25,USD,GLBX-001,MARGIN,USD,[],False,{}
2026-03-09 03:12:25.027457811+00:00,1000432.25,0.00,1000432.25,USD,GLBX-001,MARGIN,USD,[],False,{}
2026-03-09 03:13:14.869066089+00:00,1000432.50,0.00,1000432.50,USD,GLBX-001,MARGIN,USD,[],False,{}
2026-03-09 03:13:14.869066089+00:00,1000432.50,0.00,1000432.50,USD,GLBX-001,MARGIN,USD,[],False,{}
2026-03-09 03:15:00.721947064+00:00,1000435.00,0.00,1000435.00,USD,GLBX-001,MARGIN,USD,[],False,{}
2026-03-09 03:15:00.721947064+00:00,1000435.00,0.00,1000435.00,USD,GLBX-001,MARGIN,USD,[],False,{}
2026-03-09 03:15:27.019430981+00:00,1000436.00,0.00,1000436.00,USD,GLBX-001,MARGIN,USD,[],False,{}
2026-03-09 03:15:27.019430981+00:00,1000436.00,0.00,1000436.00,USD,GLBX-001,MARGIN,USD,[],False,{}
2026-03-09 03:17:47.619338181+00:00,1000438.00,0.00,1000438.00,USD,GLBX-001,MARGIN,USD,[],False,{}
2026-03-09 03:17:47.619338181+00:00,1000438.00,0.00,1000438.00,USD,GLBX-001,MARGIN,USD,[],False,{}
2026-03-09 03:19:45.344245256+00:00,1000440.00,0.00,1000440.00,USD,GLBX-001,MARGIN,USD,[],False,{}
2026-03-09 03:19:45.344245256+00:00,1000440.00,0.00,1000440.00,USD,GLBX-001,MARGIN,USD,[],False,{}
2026-03-09 03:20:12.753223295+00:00,1000438.75,0.00,1000438.75,USD,GLBX-001,MARGIN,USD,[],False,{}
2026-03-09 03:20:12.753223295+00:00,1000438.75,0.00,1000438.75,USD,GLBX-001,MARGIN,USD,[],False,{}
2026-03-09 03:20:57.773836691+00:00,1000438.00,0.00,1000438.00,USD,GLBX-001,MARGIN,USD,[],False,{}
2026-03-09 03:20:57.773836691+00:00,1000438.00,0.00,1000438.00,USD,GLBX-001,MARGIN,USD,[],False,{}
2026-03-09 03:22:24.935031376+00:00,1000439.75,0.00,1000439.75,USD,GLBX-001,MARGIN,USD,[],False,{}
2026-03-09 03:22:24.935031376+00:00,1000439.75,0.00,1000439.75,USD,GLBX-001,MARGIN,USD,[],False,{}
2026-03-09 03:23:49.741400271+00:00,1000443.25,0.00,1000443.25,USD,GLBX-001,MARGIN,USD,[],False,{}
2026-03-09 03:23:49.741400271+00:00,1000443.25,0.00,1000443.25,USD,GLBX-001,MARGIN,USD,[],False,{}
2026-03-09 03:24:28.300031997+00:00,1000444.25,0.00,1000444.25,USD,GLBX-001,MARGIN,USD,[],False,{}
2026-03-09 03:24:28.300031997+00:00,1000444.25,0.00,1000444.25,USD,GLBX-001,MARGIN,USD,[],False,{}
2026-03-09 03:28:52.852937658+00:00,1000447.25,0.00,1000447.25,USD,GLBX-001,MARGIN,USD,[],False,{}
2026-03-09 03:28:52.852937658+00:00,1000447.25,0.00,1000447.25,USD,GLBX-001,MARGIN,USD,[],False,{}
2026-03-09 03:30:02.246267503+00:00,1000449.00,0.00,1000449.00,USD,GLBX-001,MARGIN,USD,[],False,{}
2026-03-09 03:30:02.246267503+00:00,1000449.00,0.00,1000449.00,USD,GLBX-001,MARGIN,USD,[],False,{}
2026-03-09 03:30:48.116579815+00:00,1000452.00,0.00,1000452.00,USD,GLBX-001,MARGIN,USD,[],False,{}
2026-03-09 03:30:48.116579815+00:00,1000452.00,0.00,1000452.00,USD,GLBX-001,MARGIN,USD,[],False,{}
2026-03-09 03:34:59.868002359+00:00,1000461.75,0.00,1000461.75,USD,GLBX-001,MARGIN,USD,[],False,{}
2026-03-09 03:34:59.868002359+00:00,1000461.75,0.00,1000461.75,USD,GLBX-001,MARGIN,USD,[],False,{}
2026-03-09 03:36:47.113124920+00:00,1000464.75,0.00,1000464.75,USD,GLBX-001,MARGIN,USD,[],False,{}
2026-03-09 03:36:47.113124920+00:00,1000464.75,0.00,1000464.75,USD,GLBX-001,MARGIN,USD,[],False,{}
2026-03-09 03:38:29.896452199+00:00,1000466.25,0.00,1000466.25,USD,GLBX-001,MARGIN,USD,[],False,{}
2026-03-09 03:38:29.896452199+00:00,1000466.25,0.00,1000466.25,USD,GLBX-001,MARGIN,USD,[],False,{}
2026-03-09 03:40:24.047469656+00:00,1000469.75,0.00,1000469.75,USD,GLBX-001,MARGIN,USD,[],False,{}
2026-03-09 03:40:24.047469656+00:00,1000469.75,0.00,1000469.75,USD,GLBX-001,MARGIN,USD,[],False,{}
2026-03-09 03:41:24.238988670+00:00,1000468.25,0.00,1000468.25,USD,GLBX-001,MARGIN,USD,[],False,{}
2026-03-09 03:41:28.637455130+00:00,1000468.25,0.00,1000468.25,USD,GLBX-001,MARGIN,USD,[],False,{}
2026-03-09 03:43:10.759440156+00:00,1000472.25,0.00,1000472.25,USD,GLBX-001,MARGIN,USD,[],False,{}
2026-03-09 03:43:10.759440156+00:00,1000472.25,0.00,1000472.25,USD,GLBX-001,MARGIN,USD,[],False,{}
2026-03-09 03:52:29.731228274+00:00,1000480.50,0.00,1000480.50,USD,GLBX-001,MARGIN,USD,[],False,{}
2026-03-09 03:52:29.731228274+00:00,1000480.50,0.00,1000480.50,USD,GLBX-001,MARGIN,USD,[],False,{}
2026-03-09 03:55:21.606292309+00:00,1000486.50,0.00,1000486.50,USD,GLBX-001,MARGIN,USD,[],False,{}
2026-03-09 03:55:21.606292309+00:00,1000486.50,0.00,1000486.50,USD,GLBX-001,MARGIN,USD,[],False,{}
2026-03-09 04:02:27.511339533+00:00,1000498.50,0.00,1000498.50,USD,GLBX-001,MARGIN,USD,[],False,{}
2026-03-09 04:02:27.511339533+00:00,1000498.50,0.00,1000498.50,USD,GLBX-001,MARGIN,USD,[],False,{}
2026-03-09 04:03:39.088324301+00:00,1000501.00,0.00,1000501.00,USD,GLBX-001,MARGIN,USD,[],False,{}
2026-03-09 04:03:39.088324301+00:00,1000501.00,0.00,1000501.00,USD,GLBX-001,MARGIN,USD,[],False,{}
2026-03-09 04:08:12.597092967+00:00,1000506.00,0.00,1000506.00,USD,GLBX-001,MARGIN,USD,[],False,{}
2026-03-09 04:08:12.597092967+00:00,1000506.00,0.00,1000506.00,USD,GLBX-001,MARGIN,USD,[],False,{}
2026-03-09 04:09:40.274665126+00:00,1000508.50,0.00,1000508.50,USD,GLBX-001,MARGIN,USD,[],False,{}
2026-03-09 04:09:40.274665126+00:00,1000508.50,0.00,1000508.50,USD,GLBX-001,MARGIN,USD,[],False,{}
2026-03-09 04:09:51.234358928+00:00,1000509.00,0.00,1000509.00,USD,GLBX-001,MARGIN,USD,[],False,{}
2026-03-09 04:09:51.234358928+00:00,1000509.00,0.00,1000509.00,USD,GLBX-001,MARGIN,USD,[],False,{}
2026-03-09 04:10:10.099192779+00:00,1000508.75,0.00,1000508.75,USD,GLBX-001,MARGIN,USD,[],False,{}
2026-03-09 04:10:10.099192779+00:00,1000508.75,0.00,1000508.75,USD,GLBX-001,MARGIN,USD,[],False,{}
2026-03-09 04:11:24.286963240+00:00,1000510.00,0.00,1000510.00,USD,GLBX-001,MARGIN,USD,[],False,{}
2026-03-09 04:11:24.286963240+00:00,1000510.00,0.00,1000510.00,USD,GLBX-001,MARGIN,USD,[],False,{}
2026-03-09 04:17:12.675399459+00:00,1000518.00,0.00,1000518.00,USD,GLBX-001,MARGIN,USD,[],False,{}
2026-03-09 04:17:12.675399459+00:00,1000518.00,0.00,1000518.00,USD,GLBX-001,MARGIN,USD,[],False,{}
2026-03-09 04:21:56.538428254+00:00,1000522.25,0.00,1000522.25,USD,GLBX-001,MARGIN,USD,[],False,{}
2026-03-09 04:21:56.538428254+00:00,1000522.25,0.00,1000522.25,USD,GLBX-001,MARGIN,USD,[],False,{}
2026-03-09 04:22:30.799857106+00:00,1000524.25,0.00,1000524.25,USD,GLBX-001,MARGIN,USD,[],False,{}
2026-03-09 04:22:30.799857106+00:00,1000524.25,0.00,1000524.25,USD,GLBX-001,MARGIN,USD,[],False,{}
2026-03-09 04:27:04.692172659+00:00,1000529.25,0.00,1000529.25,USD,GLBX-001,MARGIN,USD,[],False,{}
2026-03-09 04:27:04.692172659+00:00,1000529.25,0.00,1000529.25,USD,GLBX-001,MARGIN,USD,[],False,{}
2026-03-09 04:29:19.095074269+00:00,1000530.25,0.00,1000530.25,USD,GLBX-001,MARGIN,USD,[],False,{}
2026-03-09 04:29:19.095074269+00:00,1000530.25,0.00,1000530.25,USD,GLBX-001,MARGIN,USD,[],False,{}
2026-03-09 04:29:44.125548928+00:00,1000530.25,0.00,1000530.25,USD,GLBX-001,MARGIN,USD,[],False,{}
2026-03-09 04:29:44.125548928+00:00,1000530.25,0.00,1000530.25,USD,GLBX-001,MARGIN,USD,[],False,{}
2026-03-09 04:30:33.132415824+00:00,1000531.75,0.00,1000531.75,USD,GLBX-001,MARGIN,USD,[],False,{}
2026-03-09 04:30:33.132415824+00:00,1000531.75,0.00,1000531.75,USD,GLBX-001,MARGIN,USD,[],False,{}
2026-03-09 04:33:42.651121733+00:00,1000534.75,0.00,1000534.75,USD,GLBX-001,MARGIN,USD,[],False,{}
2026-03-09 04:33:42.651121733+00:00,1000534.75,0.00,1000534.75,USD,GLBX-001,MARGIN,USD,[],False,{}
2026-03-09 04:33:52.960243239+00:00,1000536.00,0.00,1000536.00,USD,GLBX-001,MARGIN,USD,[],False,{}
2026-03-09 04:33:52.960243239+00:00,1000536.00,0.00,1000536.00,USD,GLBX-001,MARGIN,USD,[],False,{}
2026-03-09 04:35:13.052957776+00:00,1000538.00,0.00,1000538.00,USD,GLBX-001,MARGIN,USD,[],False,{}
2026-03-09 04:35:13.052957776+00:00,1000538.00,0.00,1000538.00,USD,GLBX-001,MARGIN,USD,[],False,{}
2026-03-09 04:37:31.318864883+00:00,1000541.50,0.00,1000541.50,USD,GLBX-001,MARGIN,USD,[],False,{}
2026-03-09 04:37:31.318864883+00:00,1000541.50,0.00,1000541.50,USD,GLBX-001,MARGIN,USD,[],False,{}
2026-03-09 04:38:17.442070309+00:00,1000544.00,0.00,1000544.00,USD,GLBX-001,MARGIN,USD,[],False,{}
2026-03-09 04:38:17.442070309+00:00,1000544.00,0.00,1000544.00,USD,GLBX-001,MARGIN,USD,[],False,{}
2026-03-09 04:41:00.150143082+00:00,1000547.50,0.00,1000547.50,USD,GLBX-001,MARGIN,USD,[],False,{}
2026-03-09 04:41:00.150143082+00:00,1000547.50,0.00,1000547.50,USD,GLBX-001,MARGIN,USD,[],False,{}
2026-03-09 04:43:22.173959602+00:00,1000548.50,0.00,1000548.50,USD,GLBX-001,MARGIN,USD,[],False,{}
2026-03-09 04:43:22.173959602+00:00,1000548.50,0.00,1000548.50,USD,GLBX-001,MARGIN,USD,[],False,{}
2026-03-09 04:45:49.565041072+00:00,1000552.00,0.00,1000552.00,USD,GLBX-001,MARGIN,USD,[],False,{}
2026-03-09 04:45:49.565041072+00:00,1000552.00,0.00,1000552.00,USD,GLBX-001,MARGIN,USD,[],False,{}
2026-03-09 04:46:43.721362093+00:00,1000552.00,0.00,1000552.00,USD,GLBX-001,MARGIN,USD,[],False,{}
2026-03-09 04:46:43.721362093+00:00,1000552.00,0.00,1000552.00,USD,GLBX-001,MARGIN,USD,[],False,{}
2026-03-09 04:53:11.503725541+00:00,1000554.00,0.00,1000554.00,USD,GLBX-001,MARGIN,USD,[],False,{}
2026-03-09 04:53:11.503725541+00:00,1000554.00,0.00,1000554.00,USD,GLBX-001,MARGIN,USD,[],False,{}
2026-03-09 04:54:01.573068863+00:00,1000556.25,0.00,1000556.25,USD,GLBX-001,MARGIN,USD,[],False,{}
2026-03-09 04:54:01.573068863+00:00,1000556.25,0.00,1000556.25,USD,GLBX-001,MARGIN,USD,[],False,{}
2026-03-09 04:54:40.883398015+00:00,1000557.50,0.00,1000557.50,USD,GLBX-001,MARGIN,USD,[],False,{}
2026-03-09 04:54:40.883398015+00:00,1000557.50,0.00,1000557.50,USD,GLBX-001,MARGIN,USD,[],False,{}
2026-03-09 04:58:06.894737256+00:00,1000561.25,0.00,1000561.25,USD,GLBX-001,MARGIN,USD,[],False,{}
2026-03-09 04:58:06.894737256+00:00,1000561.25,0.00,1000561.25,USD,GLBX-001,MARGIN,USD,[],False,{}
2026-03-09 05:02:34.407183529+00:00,1000568.00,0.00,1000568.00,USD,GLBX-001,MARGIN,USD,[],False,{}
2026-03-09 05:02:34.407183529+00:00,1000568.00,0.00,1000568.00,USD,GLBX-001,MARGIN,USD,[],False,{}
2026-03-09 05:06:46.685237114+00:00,1000580.00,0.00,1000580.00,USD,GLBX-001,MARGIN,USD,[],False,{}
2026-03-09 05:06:46.685237114+00:00,1000580.00,0.00,1000580.00,USD,GLBX-001,MARGIN,USD,[],False,{}
2026-03-09 05:07:21.927889456+00:00,1000581.50,0.00,1000581.50,USD,GLBX-001,MARGIN,USD,[],False,{}
2026-03-09 05:07:21.927889456+00:00,1000581.50,0.00,1000581.50,USD,GLBX-001,MARGIN,USD,[],False,{}
2026-03-09 05:07:35.426865704+00:00,1000582.50,0.00,1000582.50,USD,GLBX-001,MARGIN,USD,[],False,{}
2026-03-09 05:07:35.426865704+00:00,1000582.50,0.00,1000582.50,USD,GLBX-001,MARGIN,USD,[],False,{}
2026-03-09 05:09:44.832059421+00:00,1000584.00,0.00,1000584.00,USD,GLBX-001,MARGIN,USD,[],False,{}
2026-03-09 05:09:44.832059421+00:00,1000584.00,0.00,1000584.00,USD,GLBX-001,MARGIN,USD,[],False,{}
2026-03-09 05:10:12.965553311+00:00,1000585.25,0.00,1000585.25,USD,GLBX-001,MARGIN,USD,[],False,{}
2026-03-09 05:10:12.965553311+00:00,1000585.25,0.00,1000585.25,USD,GLBX-001,MARGIN,USD,[],False,{}
2026-03-09 05:15:41.876855403+00:00,1000588.50,0.00,1000588.50,USD,GLBX-001,MARGIN,USD,[],False,{}
2026-03-09 05:15:41.876855403+00:00,1000588.50,0.00,1000588.50,USD,GLBX-001,MARGIN,USD,[],False,{}
2026-03-09 05:16:57.468718375+00:00,1000589.00,0.00,1000589.00,USD,GLBX-001,MARGIN,USD,[],False,{}
2026-03-09 05:16:57.468718375+00:00,1000589.00,0.00,1000589.00,USD,GLBX-001,MARGIN,USD,[],False,{}
2026-03-09 05:18:54.510332523+00:00,1000591.50,0.00,1000591.50,USD,GLBX-001,MARGIN,USD,[],False,{}
2026-03-09 05:18:54.510332523+00:00,1000591.50,0.00,1000591.50,USD,GLBX-001,MARGIN,USD,[],False,{}
2026-03-09 05:22:05.414323506+00:00,1000609.25,0.00,1000609.25,USD,GLBX-001,MARGIN,USD,[],False,{}
2026-03-09 05:22:05.414323506+00:00,1000609.25,0.00,1000609.25,USD,GLBX-001,MARGIN,USD,[],False,{}
2026-03-09 05:22:27.899656395+00:00,1000608.75,0.00,1000608.75,USD,GLBX-001,MARGIN,USD,[],False,{}
2026-03-09 05:22:27.899656395+00:00,1000608.75,0.00,1000608.75,USD,GLBX-001,MARGIN,USD,[],False,{}
2026-03-09 05:23:18.068490951+00:00,1000612.00,0.00,1000612.00,USD,GLBX-001,MARGIN,USD,[],False,{}
2026-03-09 05:23:18.068490951+00:00,1000612.00,0.00,1000612.00,USD,GLBX-001,MARGIN,USD,[],False,{}
2026-03-09 05:23:57.722721139+00:00,1000613.50,0.00,1000613.50,USD,GLBX-001,MARGIN,USD,[],False,{}
2026-03-09 05:23:57.722721139+00:00,1000613.50,0.00,1000613.50,USD,GLBX-001,MARGIN,USD,[],False,{}
2026-03-09 05:24:05.619941410+00:00,1000612.25,0.00,1000612.25,USD,GLBX-001,MARGIN,USD,[],False,{}
2026-03-09 05:24:05.619941410+00:00,1000612.25,0.00,1000612.25,USD,GLBX-001,MARGIN,USD,[],False,{}
2026-03-09 05:24:11.285191648+00:00,1000612.00,0.00,1000612.00,USD,GLBX-001,MARGIN,USD,[],False,{}
2026-03-09 05:24:11.285191648+00:00,1000612.00,0.00,1000612.00,USD,GLBX-001,MARGIN,USD,[],False,{}
2026-03-09 05:24:13.594403755+00:00,1000611.00,0.00,1000611.00,USD,GLBX-001,MARGIN,USD,[],False,{}
2026-03-09 05:24:13.594403755+00:00,1000611.00,0.00,1000611.00,USD,GLBX-001,MARGIN,USD,[],False,{}
2026-03-09 05:24:19.728914839+00:00,1000611.00,0.00,1000611.00,USD,GLBX-001,MARGIN,USD,[],False,{}
2026-03-09 05:24:19.728914839+00:00,1000611.00,0.00,1000611.00,USD,GLBX-001,MARGIN,USD,[],False,{}
2026-03-09 05:25:02.840466923+00:00,1000614.75,0.00,1000614.75,USD,GLBX-001,MARGIN,USD,[],False,{}
2026-03-09 05:25:02.840466923+00:00,1000614.75,0.00,1000614.75,USD,GLBX-001,MARGIN,USD,[],False,{}
2026-03-09 05:26:13.497427963+00:00,1000617.25,0.00,1000617.25,USD,GLBX-001,MARGIN,USD,[],False,{}
2026-03-09 05:26:13.497427963+00:00,1000617.25,0.00,1000617.25,USD,GLBX-001,MARGIN,USD,[],False,{}
2026-03-09 05:26:28.834177949+00:00,1000620.00,0.00,1000620.00,USD,GLBX-001,MARGIN,USD,[],False,{}
2026-03-09 05:26:28.834177949+00:00,1000620.00,0.00,1000620.00,USD,GLBX-001,MARGIN,USD,[],False,{}
2026-03-09 05:27:14.884663031+00:00,1000622.50,0.00,1000622.50,USD,GLBX-001,MARGIN,USD,[],False,{}
2026-03-09 05:27:14.884663031+00:00,1000622.50,0.00,1000622.50,USD,GLBX-001,MARGIN,USD,[],False,{}
2026-03-09 05:27:31.448452699+00:00,1000625.50,0.00,1000625.50,USD,GLBX-001,MARGIN,USD,[],False,{}
2026-03-09 05:27:31.448452699+00:00,1000625.50,0.00,1000625.50,USD,GLBX-001,MARGIN,USD,[],False,{}
2026-03-09 05:28:21.040587003+00:00,1000631.00,0.00,1000631.00,USD,GLBX-001,MARGIN,USD,[],False,{}
2026-03-09 05:28:21.040587003+00:00,1000631.00,0.00,1000631.00,USD,GLBX-001,MARGIN,USD,[],False,{}
2026-03-09 05:28:47.328385699+00:00,1000634.75,0.00,1000634.75,USD,GLBX-001,MARGIN,USD,[],False,{}
2026-03-09 05:28:47.328385699+00:00,1000634.75,0.00,1000634.75,USD,GLBX-001,MARGIN,USD,[],False,{}
2026-03-09 05:29:10.657059124+00:00,1000638.00,0.00,1000638.00,USD,GLBX-001,MARGIN,USD,[],False,{}
2026-03-09 05:29:10.657059124+00:00,1000638.00,0.00,1000638.00,USD,GLBX-001,MARGIN,USD,[],False,{}
2026-03-09 05:32:21.092395733+00:00,1000645.75,0.00,1000645.75,USD,GLBX-001,MARGIN,USD,[],False,{}
2026-03-09 05:32:21.092395733+00:00,1000645.75,0.00,1000645.75,USD,GLBX-001,MARGIN,USD,[],False,{}
2026-03-09 05:32:58.790191989+00:00,1000649.25,0.00,1000649.25,USD,GLBX-001,MARGIN,USD,[],False,{}
2026-03-09 05:32:58.790191989+00:00,1000649.25,0.00,1000649.25,USD,GLBX-001,MARGIN,USD,[],False,{}
2026-03-09 05:33:22.717336230+00:00,1000650.50,0.00,1000650.50,USD,GLBX-001,MARGIN,USD,[],False,{}
2026-03-09 05:33:22.717336230+00:00,1000650.50,0.00,1000650.50,USD,GLBX-001,MARGIN,USD,[],False,{}
2026-03-09 05:34:21.791489975+00:00,1000653.00,0.00,1000653.00,USD,GLBX-001,MARGIN,USD,[],False,{}
2026-03-09 05:34:21.791489975+00:00,1000653.00,0.00,1000653.00,USD,GLBX-001,MARGIN,USD,[],False,{}
2026-03-09 05:34:58.881975514+00:00,1000655.50,0.00,1000655.50,USD,GLBX-001,MARGIN,USD,[],False,{}
2026-03-09 05:34:58.881975514+00:00,1000655.50,0.00,1000655.50,USD,GLBX-001,MARGIN,USD,[],False,{}
2026-03-09 05:35:42.687418795+00:00,1000657.50,0.00,1000657.50,USD,GLBX-001,MARGIN,USD,[],False,{}
2026-03-09 05:35:42.687418795+00:00,1000657.50,0.00,1000657.50,USD,GLBX-001,MARGIN,USD,[],False,{}
2026-03-09 05:36:35.052927583+00:00,1000658.00,0.00,1000658.00,USD,GLBX-001,MARGIN,USD,[],False,{}
2026-03-09 05:36:35.052927583+00:00,1000658.00,0.00,1000658.00,USD,GLBX-001,MARGIN,USD,[],False,{}
2026-03-09 05:41:09.276682474+00:00,1000665.75,0.00,1000665.75,USD,GLBX-001,MARGIN,USD,[],False,{}
2026-03-09 05:41:09.276682474+00:00,1000665.75,0.00,1000665.75,USD,GLBX-001,MARGIN,USD,[],False,{}
2026-03-09 05:44:18.663670410+00:00,1000675.50,0.00,1000675.50,USD,GLBX-001,MARGIN,USD,[],False,{}
2026-03-09 05:44:18.663670410+00:00,1000675.50,0.00,1000675.50,USD,GLBX-001,MARGIN,USD,[],False,{}
2026-03-09 05:46:30.125312154+00:00,1000680.00,0.00,1000680.00,USD,GLBX-001,MARGIN,USD,[],False,{}
2026-03-09 05:46:30.125312154+00:00,1000680.00,0.00,1000680.00,USD,GLBX-001,MARGIN,USD,[],False,{}
2026-03-09 05:47:11.448667466+00:00,1000680.25,0.00,1000680.25,USD,GLBX-001,MARGIN,USD,[],False,{}
2026-03-09 05:47:11.448667466+00:00,1000680.25,0.00,1000680.25,USD,GLBX-001,MARGIN,USD,[],False,{}
2026-03-09 05:47:56.706769709+00:00,1000681.00,0.00,1000681.00,USD,GLBX-001,MARGIN,USD,[],False,{}
2026-03-09 05:50:04.341458063+00:00,1000681.00,0.00,1000681.00,USD,GLBX-001,MARGIN,USD,[],False,{}
2026-03-09 05:51:35.216506939+00:00,1000684.50,0.00,1000684.50,USD,GLBX-001,MARGIN,USD,[],False,{}
2026-03-09 05:51:35.216506939+00:00,1000684.50,0.00,1000684.50,USD,GLBX-001,MARGIN,USD,[],False,{}
2026-03-09 05:56:26.185783062+00:00,1000692.00,0.00,1000692.00,USD,GLBX-001,MARGIN,USD,[],False,{}
2026-03-09 05:56:26.185783062+00:00,1000692.00,0.00,1000692.00,USD,GLBX-001,MARGIN,USD,[],False,{}
2026-03-09 05:59:50.483218474+00:00,1000698.50,0.00,1000698.50,USD,GLBX-001,MARGIN,USD,[],False,{}
2026-03-09 05:59:50.483218474+00:00,1000698.50,0.00,1000698.50,USD,GLBX-001,MARGIN,USD,[],False,{}
2026-03-09 06:00:43.950702676+00:00,1000700.00,0.00,1000700.00,USD,GLBX-001,MARGIN,USD,[],False,{}
2026-03-09 06:00:43.950702676+00:00,1000700.00,0.00,1000700.00,USD,GLBX-001,MARGIN,USD,[],False,{}
2026-03-09 06:01:56.878285823+00:00,1000700.75,0.00,1000700.75,USD,GLBX-001,MARGIN,USD,[],False,{}
2026-03-09 06:02:04.600691525+00:00,1000700.75,0.00,1000700.75,USD,GLBX-001,MARGIN,USD,[],False,{}
2026-03-09 06:02:37.323811399+00:00,1000703.50,0.00,1000703.50,USD,GLBX-001,MARGIN,USD,[],False,{}
2026-03-09 06:02:37.323811399+00:00,1000703.50,0.00,1000703.50,USD,GLBX-001,MARGIN,USD,[],False,{}
2026-03-09 06:02:55.481996797+00:00,1000704.00,0.00,1000704.00,USD,GLBX-001,MARGIN,USD,[],False,{}
2026-03-09 06:02:55.481996797+00:00,1000704.00,0.00,1000704.00,USD,GLBX-001,MARGIN,USD,[],False,{}
2026-03-09 06:04:16.769232353+00:00,1000705.00,0.00,1000705.00,USD,GLBX-001,MARGIN,USD,[],False,{}
2026-03-09 06:04:16.769232353+00:00,1000705.00,0.00,1000705.00,USD,GLBX-001,MARGIN,USD,[],False,{}
2026-03-09 06:05:30.275727351+00:00,1000709.50,0.00,1000709.50,USD,GLBX-001,MARGIN,USD,[],False,{}
2026-03-09 06:05:30.275727351+00:00,1000709.50,0.00,1000709.50,USD,GLBX-001,MARGIN,USD,[],False,{}
2026-03-09 06:06:41.566586851+00:00,1000711.50,0.00,1000711.50,USD,GLBX-001,MARGIN,USD,[],False,{}
2026-03-09 06:06:41.566586851+00:00,1000711.50,0.00,1000711.50,USD,GLBX-001,MARGIN,USD,[],False,{}
2026-03-09 06:06:53.881094410+00:00,1000713.25,0.00,1000713.25,USD,GLBX-001,MARGIN,USD,[],False,{}
2026-03-09 06:06:53.881094410+00:00,1000713.25,0.00,1000713.25,USD,GLBX-001,MARGIN,USD,[],False,{}
2026-03-09 06:07:32.688477268+00:00,1000714.25,0.00,1000714.25,USD,GLBX-001,MARGIN,USD,[],False,{}
2026-03-09 06:07:32.688477268+00:00,1000714.25,0.00,1000714.25,USD,GLBX-001,MARGIN,USD,[],False,{}
2026-03-09 06:08:11.484661837+00:00,1000716.75,0.00,1000716.75,USD,GLBX-001,MARGIN,USD,[],False,{}
2026-03-09 06:08:11.484661837+00:00,1000716.75,0.00,1000716.75,USD,GLBX-001,MARGIN,USD,[],False,{}
2026-03-09 06:08:48.724113271+00:00,1000717.50,0.00,1000717.50,USD,GLBX-001,MARGIN,USD,[],False,{}
2026-03-09 06:08:48.724113271+00:00,1000717.50,0.00,1000717.50,USD,GLBX-001,MARGIN,USD,[],False,{}
2026-03-09 06:10:59.099665923+00:00,1000725.00,0.00,1000725.00,USD,GLBX-001,MARGIN,USD,[],False,{}
2026-03-09 06:10:59.099665923+00:00,1000725.00,0.00,1000725.00,USD,GLBX-001,MARGIN,USD,[],False,{}
2026-03-09 06:11:57.620391272+00:00,1000727.00,0.00,1000727.00,USD,GLBX-001,MARGIN,USD,[],False,{}
2026-03-09 06:11:57.620391272+00:00,1000727.00,0.00,1000727.00,USD,GLBX-001,MARGIN,USD,[],False,{}
2026-03-09 06:13:25.616919058+00:00,1000726.75,0.00,1000726.75,USD,GLBX-001,MARGIN,USD,[],False,{}
2026-03-09 06:13:25.616919058+00:00,1000726.75,0.00,1000726.75,USD,GLBX-001,MARGIN,USD,[],False,{}
2026-03-09 06:13:59.972282690+00:00,1000729.25,0.00,1000729.25,USD,GLBX-001,MARGIN,USD,[],False,{}
2026-03-09 06:13:59.972282690+00:00,1000729.25,0.00,1000729.25,USD,GLBX-001,MARGIN,USD,[],False,{}
2026-03-09 06:14:38.637218871+00:00,1000728.50,0.00,1000728.50,USD,GLBX-001,MARGIN,USD,[],False,{}
2026-03-09 06:14:38.637218871+00:00,1000728.50,0.00,1000728.50,USD,GLBX-001,MARGIN,USD,[],False,{}
2026-03-09 06:16:08.967926015+00:00,1000728.75,0.00,1000728.75,USD,GLBX-001,MARGIN,USD,[],False,{}
2026-03-09 06:16:08.967926015+00:00,1000728.75,0.00,1000728.75,USD,GLBX-001,MARGIN,USD,[],False,{}
2026-03-09 06:18:36.575063339+00:00,1000733.25,0.00,1000733.25,USD,GLBX-001,MARGIN,USD,[],False,{}
2026-03-09 06:18:36.575063339+00:00,1000733.25,0.00,1000733.25,USD,GLBX-001,MARGIN,USD,[],False,{}
2026-03-09 06:18:53.773012334+00:00,1000733.75,0.00,1000733.75,USD,GLBX-001,MARGIN,USD,[],False,{}
2026-03-09 06:18:53.773012334+00:00,1000733.75,0.00,1000733.75,USD,GLBX-001,MARGIN,USD,[],False,{}
2026-03-09 06:19:23.994875714+00:00,1000733.75,0.00,1000733.75,USD,GLBX-001,MARGIN,USD,[],False,{}
2026-03-09 06:19:23.994875714+00:00,1000733.75,0.00,1000733.75,USD,GLBX-001,MARGIN,USD,[],False,{}
2026-03-09 06:21:22.210184687+00:00,1000741.00,0.00,1000741.00,USD,GLBX-001,MARGIN,USD,[],False,{}
2026-03-09 06:21:22.210184687+00:00,1000741.00,0.00,1000741.00,USD,GLBX-001,MARGIN,USD,[],False,{}
2026-03-09 06:22:09.684545837+00:00,1000747.00,0.00,1000747.00,USD,GLBX-001,MARGIN,USD,[],False,{}
2026-03-09 06:22:09.684545837+00:00,1000747.00,0.00,1000747.00,USD,GLBX-001,MARGIN,USD,[],False,{}
2026-03-09 06:23:12.593388181+00:00,1000747.75,0.00,1000747.75,USD,GLBX-001,MARGIN,USD,[],False,{}
2026-03-09 06:23:12.593388181+00:00,1000747.75,0.00,1000747.75,USD,GLBX-001,MARGIN,USD,[],False,{}
2026-03-09 06:24:17.823468477+00:00,1000749.50,0.00,1000749.50,USD,GLBX-001,MARGIN,USD,[],False,{}
2026-03-09 06:24:17.823468477+00:00,1000749.50,0.00,1000749.50,USD,GLBX-001,MARGIN,USD,[],False,{}
2026-03-09 06:25:03.133144650+00:00,1000750.25,0.00,1000750.25,USD,GLBX-001,MARGIN,USD,[],False,{}
2026-03-09 06:25:03.133144650+00:00,1000750.25,0.00,1000750.25,USD,GLBX-001,MARGIN,USD,[],False,{}
2026-03-09 06:27:07.119523621+00:00,1000751.25,0.00,1000751.25,USD,GLBX-001,MARGIN,USD,[],False,{}
2026-03-09 06:27:07.119523621+00:00,1000751.25,0.00,1000751.25,USD,GLBX-001,MARGIN,USD,[],False,{}
2026-03-09 06:28:18.696584495+00:00,1000752.50,0.00,1000752.50,USD,GLBX-001,MARGIN,USD,[],False,{}
2026-03-09 06:28:18.696584495+00:00,1000752.50,0.00,1000752.50,USD,GLBX-001,MARGIN,USD,[],False,{}
2026-03-09 06:28:44.366067877+00:00,1000752.75,0.00,1000752.75,USD,GLBX-001,MARGIN,USD,[],False,{}
2026-03-09 06:28:44.366067877+00:00,1000752.75,0.00,1000752.75,USD,GLBX-001,MARGIN,USD,[],False,{}
2026-03-09 06:30:47.068139771+00:00,1000757.25,0.00,1000757.25,USD,GLBX-001,MARGIN,USD,[],False,{}
2026-03-09 06:30:47.068139771+00:00,1000757.25,0.00,1000757.25,USD,GLBX-001,MARGIN,USD,[],False,{}
2026-03-09 06:31:54.374175795+00:00,1000763.25,0.00,1000763.25,USD,GLBX-001,MARGIN,USD,[],False,{}
2026-03-09 06:31:54.374175795+00:00,1000763.25,0.00,1000763.25,USD,GLBX-001,MARGIN,USD,[],False,{}
2026-03-09 06:32:36.435887314+00:00,1000765.75,0.00,1000765.75,USD,GLBX-001,MARGIN,USD,[],False,{}
2026-03-09 06:32:36.435887314+00:00,1000765.75,0.00,1000765.75,USD,GLBX-001,MARGIN,USD,[],False,{}
2026-03-09 06:33:46.373307608+00:00,1000766.75,0.00,1000766.75,USD,GLBX-001,MARGIN,USD,[],False,{}
2026-03-09 06:33:46.373307608+00:00,1000766.75,0.00,1000766.75,USD,GLBX-001,MARGIN,USD,[],False,{}
2026-03-09 06:37:54.883337301+00:00,1000776.00,0.00,1000776.00,USD,GLBX-001,MARGIN,USD,[],False,{}
2026-03-09 06:37:54.883337301+00:00,1000776.00,0.00,1000776.00,USD,GLBX-001,MARGIN,USD,[],False,{}
2026-03-09 06:39:02.283249792+00:00,1000778.25,0.00,1000778.25,USD,GLBX-001,MARGIN,USD,[],False,{}
2026-03-09 06:39:02.283249792+00:00,1000778.25,0.00,1000778.25,USD,GLBX-001,MARGIN,USD,[],False,{}
2026-03-09 06:41:03.003249145+00:00,1000781.25,0.00,1000781.25,USD,GLBX-001,MARGIN,USD,[],False,{}
2026-03-09 06:41:03.003249145+00:00,1000781.25,0.00,1000781.25,USD,GLBX-001,MARGIN,USD,[],False,{}
2026-03-09 06:41:53.033935589+00:00,1000782.25,0.00,1000782.25,USD,GLBX-001,MARGIN,USD,[],False,{}
2026-03-09 06:41:53.033935589+00:00,1000782.25,0.00,1000782.25,USD,GLBX-001,MARGIN,USD,[],False,{}
2026-03-09 06:42:28.536561997+00:00,1000784.00,0.00,1000784.00,USD,GLBX-001,MARGIN,USD,[],False,{}
2026-03-09 06:42:28.536561997+00:00,1000784.00,0.00,1000784.00,USD,GLBX-001,MARGIN,USD,[],False,{}
2026-03-09 06:44:03.432660706+00:00,1000785.75,0.00,1000785.75,USD,GLBX-001,MARGIN,USD,[],False,{}
2026-03-09 06:44:03.432660706+00:00,1000785.75,0.00,1000785.75,USD,GLBX-001,MARGIN,USD,[],False,{}
2026-03-09 06:46:41.418353925+00:00,1000789.25,0.00,1000789.25,USD,GLBX-001,MARGIN,USD,[],False,{}
2026-03-09 06:46:41.418353925+00:00,1000789.25,0.00,1000789.25,USD,GLBX-001,MARGIN,USD,[],False,{}
2026-03-09 06:47:24.965451299+00:00,1000789.50,0.00,1000789.50,USD,GLBX-001,MARGIN,USD,[],False,{}
2026-03-09 06:47:24.965451299+00:00,1000789.50,0.00,1000789.50,USD,GLBX-001,MARGIN,USD,[],False,{}
2026-03-09 06:50:11.947269259+00:00,1000793.75,0.00,1000793.75,USD,GLBX-001,MARGIN,USD,[],False,{}
2026-03-09 06:50:11.947269259+00:00,1000793.75,0.00,1000793.75,USD,GLBX-001,MARGIN,USD,[],False,{}
2026-03-09 06:52:27.237297178+00:00,1000797.00,0.00,1000797.00,USD,GLBX-001,MARGIN,USD,[],False,{}
2026-03-09 06:52:27.237297178+00:00,1000797.00,0.00,1000797.00,USD,GLBX-001,MARGIN,USD,[],False,{}
2026-03-09 06:53:13.171062+00:00,1000800.25,0.00,1000800.25,USD,GLBX-001,MARGIN,USD,[],False,{}
2026-03-09 06:53:13.171062+00:00,1000800.25,0.00,1000800.25,USD,GLBX-001,MARGIN,USD,[],False,{}
2026-03-09 06:54:02.987219608+00:00,1000802.25,0.00,1000802.25,USD,GLBX-001,MARGIN,USD,[],False,{}
2026-03-09 06:54:02.987219608+00:00,1000802.25,0.00,1000802.25,USD,GLBX-001,MARGIN,USD,[],False,{}
2026-03-09 06:54:43.552290787+00:00,1000801.50,0.00,1000801.50,USD,GLBX-001,MARGIN,USD,[],False,{}
2026-03-09 06:55:03.847411373+00:00,1000801.50,0.00,1000801.50,USD,GLBX-001,MARGIN,USD,[],False,{}
2026-03-09 06:57:04.168167664+00:00,1000804.25,0.00,1000804.25,USD,GLBX-001,MARGIN,USD,[],False,{}
2026-03-09 06:57:04.168167664+00:00,1000804.25,0.00,1000804.25,USD,GLBX-001,MARGIN,USD,[],False,{}
2026-03-09 06:59:30.415871951+00:00,1000808.00,0.00,1000808.00,USD,GLBX-001,MARGIN,USD,[],False,{}
2026-03-09 06:59:30.415871951+00:00,1000808.00,0.00,1000808.00,USD,GLBX-001,MARGIN,USD,[],False,{}
2026-03-09 07:00:47.545188469+00:00,1000811.25,0.00,1000811.25,USD,GLBX-001,MARGIN,USD,[],False,{}
2026-03-09 07:00:47.545188469+00:00,1000811.25,0.00,1000811.25,USD,GLBX-001,MARGIN,USD,[],False,{}
2026-03-09 07:01:00.269401264+00:00,1000813.00,0.00,1000813.00,USD,GLBX-001,MARGIN,USD,[],False,{}
2026-03-09 07:01:00.269401264+00:00,1000813.00,0.00,1000813.00,USD,GLBX-001,MARGIN,USD,[],False,{}
2026-03-09 07:01:35.918296559+00:00,1000814.00,0.00,1000814.00,USD,GLBX-001,MARGIN,USD,[],False,{}
2026-03-09 07:01:40.667127797+00:00,1000814.00,0.00,1000814.00,USD,GLBX-001,MARGIN,USD,[],False,{}
2026-03-09 07:02:23.715014949+00:00,1000817.25,0.00,1000817.25,USD,GLBX-001,MARGIN,USD,[],False,{}
2026-03-09 07:02:23.715014949+00:00,1000817.25,0.00,1000817.25,USD,GLBX-001,MARGIN,USD,[],False,{}
2026-03-09 07:02:32.150501576+00:00,1000818.25,0.00,1000818.25,USD,GLBX-001,MARGIN,USD,[],False,{}
2026-03-09 07:02:32.150501576+00:00,1000818.25,0.00,1000818.25,USD,GLBX-001,MARGIN,USD,[],False,{}
2026-03-09 07:05:50.239138922+00:00,1000827.00,0.00,1000827.00,USD,GLBX-001,MARGIN,USD,[],False,{}
2026-03-09 07:05:50.239138922+00:00,1000827.00,0.00,1000827.00,USD,GLBX-001,MARGIN,USD,[],False,{}
2026-03-09 07:07:04.520218415+00:00,1000838.50,0.00,1000838.50,USD,GLBX-001,MARGIN,USD,[],False,{}
2026-03-09 07:07:04.520218415+00:00,1000838.50,0.00,1000838.50,USD,GLBX-001,MARGIN,USD,[],False,{}
2026-03-09 07:10:24.591464121+00:00,1000840.75,0.00,1000840.75,USD,GLBX-001,MARGIN,USD,[],False,{}
2026-03-09 07:10:24.591464121+00:00,1000840.75,0.00,1000840.75,USD,GLBX-001,MARGIN,USD,[],False,{}
2026-03-09 07:10:30.764960042+00:00,1000839.25,0.00,1000839.25,USD,GLBX-001,MARGIN,USD,[],False,{}
2026-03-09 07:10:30.764960042+00:00,1000839.25,0.00,1000839.25,USD,GLBX-001,MARGIN,USD,[],False,{}
2026-03-09 07:10:42.299985657+00:00,1000838.75,0.00,1000838.75,USD,GLBX-001,MARGIN,USD,[],False,{}
2026-03-09 07:10:42.299985657+00:00,1000838.75,0.00,1000838.75,USD,GLBX-001,MARGIN,USD,[],False,{}
2026-03-09 07:11:34.951599647+00:00,1000842.50,0.00,1000842.50,USD,GLBX-001,MARGIN,USD,[],False,{}
2026-03-09 07:11:34.951599647+00:00,1000842.50,0.00,1000842.50,USD,GLBX-001,MARGIN,USD,[],False,{}
2026-03-09 07:12:53.458466175+00:00,1000843.25,0.00,1000843.25,USD,GLBX-001,MARGIN,USD,[],False,{}
2026-03-09 07:12:53.458466175+00:00,1000843.25,0.00,1000843.25,USD,GLBX-001,MARGIN,USD,[],False,{}
2026-03-09 07:15:58.847193349+00:00,1000849.00,0.00,1000849.00,USD,GLBX-001,MARGIN,USD,[],False,{}
2026-03-09 07:15:58.847193349+00:00,1000849.00,0.00,1000849.00,USD,GLBX-001,MARGIN,USD,[],False,{}
2026-03-09 07:18:59.875654554+00:00,1000857.25,0.00,1000857.25,USD,GLBX-001,MARGIN,USD,[],False,{}
2026-03-09 07:18:59.875654554+00:00,1000857.25,0.00,1000857.25,USD,GLBX-001,MARGIN,USD,[],False,{}
2026-03-09 07:20:20.983631589+00:00,1000861.75,0.00,1000861.75,USD,GLBX-001,MARGIN,USD,[],False,{}
2026-03-09 07:20:20.983631589+00:00,1000861.75,0.00,1000861.75,USD,GLBX-001,MARGIN,USD,[],False,{}
2026-03-09 07:21:02.604937798+00:00,1000862.00,0.00,1000862.00,USD,GLBX-001,MARGIN,USD,[],False,{}
2026-03-09 07:21:02.604937798+00:00,1000862.00,0.00,1000862.00,USD,GLBX-001,MARGIN,USD,[],False,{}
2026-03-09 07:24:14.836789864+00:00,1000872.00,0.00,1000872.00,USD,GLBX-001,MARGIN,USD,[],False,{}
2026-03-09 07:24:14.836789864+00:00,1000872.00,0.00,1000872.00,USD,GLBX-001,MARGIN,USD,[],False,{}
2026-03-09 07:25:28.851766418+00:00,1000874.25,0.00,1000874.25,USD,GLBX-001,MARGIN,USD,[],False,{}
2026-03-09 07:25:28.851766418+00:00,1000874.25,0.00,1000874.25,USD,GLBX-001,MARGIN,USD,[],False,{}
2026-03-09 07:27:03.489368768+00:00,1000876.00,0.00,1000876.00,USD,GLBX-001,MARGIN,USD,[],False,{}
2026-03-09 07:27:03.489368768+00:00,1000876.00,0.00,1000876.00,USD,GLBX-001,MARGIN,USD,[],False,{}
2026-03-09 07:28:10.428456367+00:00,1000877.00,0.00,1000877.00,USD,GLBX-001,MARGIN,USD,[],False,{}
2026-03-09 07:28:10.428456367+00:00,1000877.00,0.00,1000877.00,USD,GLBX-001,MARGIN,USD,[],False,{}
2026-03-09 07:28:23.227637917+00:00,1000877.00,0.00,1000877.00,USD,GLBX-001,MARGIN,USD,[],False,{}
2026-03-09 07:28:52.829047600+00:00,1000877.00,0.00,1000877.00,USD,GLBX-001,MARGIN,USD,[],False,{}
2026-03-09 07:29:25.430800423+00:00,1000878.50,0.00,1000878.50,USD,GLBX-001,MARGIN,USD,[],False,{}
2026-03-09 07:29:25.430800423+00:00,1000878.50,0.00,1000878.50,USD,GLBX-001,MARGIN,USD,[],False,{}
2026-03-09 07:30:09.570810306+00:00,1000879.50,0.00,1000879.50,USD,GLBX-001,MARGIN,USD,[],False,{}
2026-03-09 07:30:09.570810306+00:00,1000879.50,0.00,1000879.50,USD,GLBX-001,MARGIN,USD,[],False,{}
2026-03-09 07:31:00.705765453+00:00,1000882.75,0.00,1000882.75,USD,GLBX-001,MARGIN,USD,[],False,{}
2026-03-09 07:31:00.705765453+00:00,1000882.75,0.00,1000882.75,USD,GLBX-001,MARGIN,USD,[],False,{}
2026-03-09 07:31:20.656276909+00:00,1000883.75,0.00,1000883.75,USD,GLBX-001,MARGIN,USD,[],False,{}
2026-03-09 07:31:20.656276909+00:00,1000883.75,0.00,1000883.75,USD,GLBX-001,MARGIN,USD,[],False,{}
2026-03-09 07:34:38.241817538+00:00,1000888.75,0.00,1000888.75,USD,GLBX-001,MARGIN,USD,[],False,{}
2026-03-09 07:34:38.241817538+00:00,1000888.75,0.00,1000888.75,USD,GLBX-001,MARGIN,USD,[],False,{}
2026-03-09 07:34:55.372311997+00:00,1000889.25,0.00,1000889.25,USD,GLBX-001,MARGIN,USD,[],False,{}
2026-03-09 07:34:55.372311997+00:00,1000889.25,0.00,1000889.25,USD,GLBX-001,MARGIN,USD,[],False,{}
2026-03-09 07:36:04.067918503+00:00,1000890.50,0.00,1000890.50,USD,GLBX-001,MARGIN,USD,[],False,{}
2026-03-09 07:36:04.067918503+00:00,1000890.50,0.00,1000890.50,USD,GLBX-001,MARGIN,USD,[],False,{}
2026-03-09 07:37:12.633670184+00:00,1000898.75,0.00,1000898.75,USD,GLBX-001,MARGIN,USD,[],False,{}
2026-03-09 07:37:12.633670184+00:00,1000898.75,0.00,1000898.75,USD,GLBX-001,MARGIN,USD,[],False,{}
2026-03-09 07:37:58.270084283+00:00,1000899.75,0.00,1000899.75,USD,GLBX-001,MARGIN,USD,[],False,{}
2026-03-09 07:37:58.270084283+00:00,1000899.75,0.00,1000899.75,USD,GLBX-001,MARGIN,USD,[],False,{}
2026-03-09 07:38:46.274156328+00:00,1000901.25,0.00,1000901.25,USD,GLBX-001,MARGIN,USD,[],False,{}
2026-03-09 07:38:46.274156328+00:00,1000901.25,0.00,1000901.25,USD,GLBX-001,MARGIN,USD,[],False,{}
2026-03-09 07:40:30.839178415+00:00,1000903.75,0.00,1000903.75,USD,GLBX-001,MARGIN,USD,[],False,{}
2026-03-09 07:40:30.839178415+00:00,1000903.75,0.00,1000903.75,USD,GLBX-001,MARGIN,USD,[],False,{}
2026-03-09 07:42:50.720887843+00:00,1000904.50,0.00,1000904.50,USD,GLBX-001,MARGIN,USD,[],False,{}
2026-03-09 07:42:50.720887843+00:00,1000904.50,0.00,1000904.50,USD,GLBX-001,MARGIN,USD,[],False,{}
2026-03-09 07:47:00.887476253+00:00,1000909.50,0.00,1000909.50,USD,GLBX-001,MARGIN,USD,[],False,{}
2026-03-09 07:47:00.887476253+00:00,1000909.50,0.00,1000909.50,USD,GLBX-001,MARGIN,USD,[],False,{}
2026-03-09 07:50:18.625101592+00:00,1000913.50,0.00,1000913.50,USD,GLBX-001,MARGIN,USD,[],False,{}
2026-03-09 07:50:18.625101592+00:00,1000913.50,0.00,1000913.50,USD,GLBX-001,MARGIN,USD,[],False,{}
2026-03-09 07:51:46.100415280+00:00,1000915.75,0.00,1000915.75,USD,GLBX-001,MARGIN,USD,[],False,{}
2026-03-09 07:51:46.100415280+00:00,1000915.75,0.00,1000915.75,USD,GLBX-001,MARGIN,USD,[],False,{}
2026-03-09 07:57:17.799530594+00:00,1000919.50,0.00,1000919.50,USD,GLBX-001,MARGIN,USD,[],False,{}
2026-03-09 07:57:17.799530594+00:00,1000919.50,0.00,1000919.50,USD,GLBX-001,MARGIN,USD,[],False,{}
2026-03-09 07:59:22.551754530+00:00,1000923.75,0.00,1000923.75,USD,GLBX-001,MARGIN,USD,[],False,{}
2026-03-09 07:59:22.551754530+00:00,1000923.75,0.00,1000923.75,USD,GLBX-001,MARGIN,USD,[],False,{}
2026-03-09 07:59:55.033569837+00:00,1000924.00,0.00,1000924.00,USD,GLBX-001,MARGIN,USD,[],False,{}
2026-03-09 07:59:55.033569837+00:00,1000924.00,0.00,1000924.00,USD,GLBX-001,MARGIN,USD,[],False,{}
2026-03-09 08:00:00.039049200+00:00,1000921.50,0.00,1000921.50,USD,GLBX-001,MARGIN,USD,[],False,{}
2026-03-09 08:00:02.038757645+00:00,1000921.50,0.00,1000921.50,USD,GLBX-001,MARGIN,USD,[],False,{}
2026-03-09 08:00:25.990319363+00:00,1000925.25,0.00,1000925.25,USD,GLBX-001,MARGIN,USD,[],False,{}
2026-03-09 08:00:25.990319363+00:00,1000925.25,0.00,1000925.25,USD,GLBX-001,MARGIN,USD,[],False,{}
2026-03-09 08:01:44.027594501+00:00,1000932.25,0.00,1000932.25,USD,GLBX-001,MARGIN,USD,[],False,{}
2026-03-09 08:01:44.027594501+00:00,1000932.25,0.00,1000932.25,USD,GLBX-001,MARGIN,USD,[],False,{}
2026-03-09 08:02:45.337475813+00:00,1000936.50,0.00,1000936.50,USD,GLBX-001,MARGIN,USD,[],False,{}
2026-03-09 08:02:45.337475813+00:00,1000936.50,0.00,1000936.50,USD,GLBX-001,MARGIN,USD,[],False,{}
2026-03-09 08:02:56.721853925+00:00,1000937.25,0.00,1000937.25,USD,GLBX-001,MARGIN,USD,[],False,{}
2026-03-09 08:02:56.721853925+00:00,1000937.25,0.00,1000937.25,USD,GLBX-001,MARGIN,USD,[],False,{}
2026-03-09 08:04:55.965032272+00:00,1000941.75,0.00,1000941.75,USD,GLBX-001,MARGIN,USD,[],False,{}
2026-03-09 08:04:55.965032272+00:00,1000941.75,0.00,1000941.75,USD,GLBX-001,MARGIN,USD,[],False,{}
2026-03-09 08:05:44.165372845+00:00,1000946.75,0.00,1000946.75,USD,GLBX-001,MARGIN,USD,[],False,{}
2026-03-09 08:05:44.165372845+00:00,1000946.75,0.00,1000946.75,USD,GLBX-001,MARGIN,USD,[],False,{}
2026-03-09 08:07:05.015801219+00:00,1000951.75,0.00,1000951.75,USD,GLBX-001,MARGIN,USD,[],False,{}
2026-03-09 08:07:05.015801219+00:00,1000951.75,0.00,1000951.75,USD,GLBX-001,MARGIN,USD,[],False,{}
2026-03-09 08:08:58.553127267+00:00,1000958.75,0.00,1000958.75,USD,GLBX-001,MARGIN,USD,[],False,{}
2026-03-09 08:08:58.553127267+00:00,1000958.75,0.00,1000958.75,USD,GLBX-001,MARGIN,USD,[],False,{}
2026-03-09 08:11:12.267398599+00:00,1000965.75,0.00,1000965.75,USD,GLBX-001,MARGIN,USD,[],False,{}
2026-03-09 08:11:12.267398599+00:00,1000965.75,0.00,1000965.75,USD,GLBX-001,MARGIN,USD,[],False,{}
2026-03-09 08:12:40.146476127+00:00,1000967.75,0.00,1000967.75,USD,GLBX-001,MARGIN,USD,[],False,{}
2026-03-09 08:12:40.146476127+00:00,1000967.75,0.00,1000967.75,USD,GLBX-001,MARGIN,USD,[],False,{}
2026-03-09 08:16:27.691674655+00:00,1000976.25,0.00,1000976.25,USD,GLBX-001,MARGIN,USD,[],False,{}
2026-03-09 08:16:27.691674655+00:00,1000976.25,0.00,1000976.25,USD,GLBX-001,MARGIN,USD,[],False,{}
2026-03-09 08:18:04.295586751+00:00,1000985.75,0.00,1000985.75,USD,GLBX-001,MARGIN,USD,[],False,{}
2026-03-09 08:18:04.295586751+00:00,1000985.75,0.00,1000985.75,USD,GLBX-001,MARGIN,USD,[],False,{}
2026-03-09 08:20:23.554840159+00:00,1000990.75,0.00,1000990.75,USD,GLBX-001,MARGIN,USD,[],False,{}
2026-03-09 08:20:23.554840159+00:00,1000990.75,0.00,1000990.75,USD,GLBX-001,MARGIN,USD,[],False,{}
2026-03-09 08:23:34.420305979+00:00,1001006.75,0.00,1001006.75,USD,GLBX-001,MARGIN,USD,[],False,{}
2026-03-09 08:23:34.420305979+00:00,1001006.75,0.00,1001006.75,USD,GLBX-001,MARGIN,USD,[],False,{}
2026-03-09 08:24:20.484297573+00:00,1001008.00,0.00,1001008.00,USD,GLBX-001,MARGIN,USD,[],False,{}
2026-03-09 08:24:20.484297573+00:00,1001008.00,0.00,1001008.00,USD,GLBX-001,MARGIN,USD,[],False,{}
2026-03-09 08:25:17.534241560+00:00,1001009.00,0.00,1001009.00,USD,GLBX-001,MARGIN,USD,[],False,{}
2026-03-09 08:25:17.534241560+00:00,1001009.00,0.00,1001009.00,USD,GLBX-001,MARGIN,USD,[],False,{}
2026-03-09 08:28:55.068848306+00:00,1001013.50,0.00,1001013.50,USD,GLBX-001,MARGIN,USD,[],False,{}
2026-03-09 08:28:55.068848306+00:00,1001013.50,0.00,1001013.50,USD,GLBX-001,MARGIN,USD,[],False,{}
2026-03-09 08:28:57.668241019+00:00,1001013.50,0.00,1001013.50,USD,GLBX-001,MARGIN,USD,[],False,{}
2026-03-09 08:28:57.668241019+00:00,1001013.50,0.00,1001013.50,USD,GLBX-001,MARGIN,USD,[],False,{}
2026-03-09 08:29:05.050970175+00:00,1001014.00,0.00,1001014.00,USD,GLBX-001,MARGIN,USD,[],False,{}
2026-03-09 08:29:05.050970175+00:00,1001014.00,0.00,1001014.00,USD,GLBX-001,MARGIN,USD,[],False,{}
2026-03-09 08:29:39.841969360+00:00,1001013.50,0.00,1001013.50,USD,GLBX-001,MARGIN,USD,[],False,{}
2026-03-09 08:29:39.841969360+00:00,1001013.50,0.00,1001013.50,USD,GLBX-001,MARGIN,USD,[],False,{}
2026-03-09 08:29:54.713178607+00:00,1001015.50,0.00,1001015.50,USD,GLBX-001,MARGIN,USD,[],False,{}
2026-03-09 08:29:54.713178607+00:00,1001015.50,0.00,1001015.50,USD,GLBX-001,MARGIN,USD,[],False,{}
2026-03-09 08:31:20.947406531+00:00,1001018.50,0.00,1001018.50,USD,GLBX-001,MARGIN,USD,[],False,{}
2026-03-09 08:31:20.947406531+00:00,1001018.50,0.00,1001018.50,USD,GLBX-001,MARGIN,USD,[],False,{}
2026-03-09 08:32:15.826533387+00:00,1001019.50,0.00,1001019.50,USD,GLBX-001,MARGIN,USD,[],False,{}
2026-03-09 08:32:15.826533387+00:00,1001019.50,0.00,1001019.50,USD,GLBX-001,MARGIN,USD,[],False,{}
2026-03-09 08:33:30.547472011+00:00,1001026.50,0.00,1001026.50,USD,GLBX-001,MARGIN,USD,[],False,{}
2026-03-09 08:33:30.547472011+00:00,1001026.50,0.00,1001026.50,USD,GLBX-001,MARGIN,USD,[],False,{}
2026-03-09 08:34:07.408403320+00:00,1001026.75,0.00,1001026.75,USD,GLBX-001,MARGIN,USD,[],False,{}
2026-03-09 08:34:07.408403320+00:00,1001026.75,0.00,1001026.75,USD,GLBX-001,MARGIN,USD,[],False,{}
2026-03-09 08:35:06.511643227+00:00,1001030.75,0.00,1001030.75,USD,GLBX-001,MARGIN,USD,[],False,{}
2026-03-09 08:35:06.511643227+00:00,1001030.75,0.00,1001030.75,USD,GLBX-001,MARGIN,USD,[],False,{}
2026-03-09 08:35:32.261117159+00:00,1001031.50,0.00,1001031.50,USD,GLBX-001,MARGIN,USD,[],False,{}
2026-03-09 08:35:32.261117159+00:00,1001031.50,0.00,1001031.50,USD,GLBX-001,MARGIN,USD,[],False,{}
2026-03-09 08:36:22.981979706+00:00,1001031.25,0.00,1001031.25,USD,GLBX-001,MARGIN,USD,[],False,{}
2026-03-09 08:36:22.981979706+00:00,1001031.25,0.00,1001031.25,USD,GLBX-001,MARGIN,USD,[],False,{}
2026-03-09 08:41:06.904940829+00:00,1001038.25,0.00,1001038.25,USD,GLBX-001,MARGIN,USD,[],False,{}
2026-03-09 08:41:06.904940829+00:00,1001038.25,0.00,1001038.25,USD,GLBX-001,MARGIN,USD,[],False,{}
2026-03-09 08:41:27.723933351+00:00,1001037.25,0.00,1001037.25,USD,GLBX-001,MARGIN,USD,[],False,{}
2026-03-09 08:41:39.918845127+00:00,1001037.25,0.00,1001037.25,USD,GLBX-001,MARGIN,USD,[],False,{}
2026-03-09 08:42:01.445730304+00:00,1001040.00,0.00,1001040.00,USD,GLBX-001,MARGIN,USD,[],False,{}
2026-03-09 08:42:01.445730304+00:00,1001040.00,0.00,1001040.00,USD,GLBX-001,MARGIN,USD,[],False,{}
2026-03-09 08:43:09.225470810+00:00,1001041.75,0.00,1001041.75,USD,GLBX-001,MARGIN,USD,[],False,{}
2026-03-09 08:43:09.225470810+00:00,1001041.75,0.00,1001041.75,USD,GLBX-001,MARGIN,USD,[],False,{}
2026-03-09 08:45:17.223214653+00:00,1001047.50,0.00,1001047.50,USD,GLBX-001,MARGIN,USD,[],False,{}
2026-03-09 08:45:17.223214653+00:00,1001047.50,0.00,1001047.50,USD,GLBX-001,MARGIN,USD,[],False,{}
2026-03-09 08:49:02.375944925+00:00,1001055.75,0.00,1001055.75,USD,GLBX-001,MARGIN,USD,[],False,{}
2026-03-09 08:49:02.375944925+00:00,1001055.75,0.00,1001055.75,USD,GLBX-001,MARGIN,USD,[],False,{}
2026-03-09 08:50:17.807755833+00:00,1001054.50,0.00,1001054.50,USD,GLBX-001,MARGIN,USD,[],False,{}
2026-03-09 08:50:39.940992314+00:00,1001054.50,0.00,1001054.50,USD,GLBX-001,MARGIN,USD,[],False,{}
2026-03-09 08:52:00.909425727+00:00,1001057.25,0.00,1001057.25,USD,GLBX-001,MARGIN,USD,[],False,{}
2026-03-09 08:52:00.909425727+00:00,1001057.25,0.00,1001057.25,USD,GLBX-001,MARGIN,USD,[],False,{}
2026-03-09 08:53:38.455429581+00:00,1001057.25,0.00,1001057.25,USD,GLBX-001,MARGIN,USD,[],False,{}
2026-03-09 08:53:40.165070427+00:00,1001057.25,0.00,1001057.25,USD,GLBX-001,MARGIN,USD,[],False,{}
2026-03-09 08:55:12.728743637+00:00,1001058.25,0.00,1001058.25,USD,GLBX-001,MARGIN,USD,[],False,{}
2026-03-09 08:55:12.728743637+00:00,1001058.25,0.00,1001058.25,USD,GLBX-001,MARGIN,USD,[],False,{}
2026-03-09 08:59:02.279593944+00:00,1001064.00,0.00,1001064.00,USD,GLBX-001,MARGIN,USD,[],False,{}
2026-03-09 08:59:02.279593944+00:00,1001064.00,0.00,1001064.00,USD,GLBX-001,MARGIN,USD,[],False,{}
2026-03-09 09:02:12.182732491+00:00,1001070.00,0.00,1001070.00,USD,GLBX-001,MARGIN,USD,[],False,{}
2026-03-09 09:02:12.182732491+00:00,1001070.00,0.00,1001070.00,USD,GLBX-001,MARGIN,USD,[],False,{}
2026-03-09 09:05:22.399777699+00:00,1001078.00,0.00,1001078.00,USD,GLBX-001,MARGIN,USD,[],False,{}
2026-03-09 09:05:22.399777699+00:00,1001078.00,0.00,1001078.00,USD,GLBX-001,MARGIN,USD,[],False,{}
2026-03-09 09:05:35.965845410+00:00,1001079.00,0.00,1001079.00,USD,GLBX-001,MARGIN,USD,[],False,{}
2026-03-09 09:05:35.965845410+00:00,1001079.00,0.00,1001079.00,USD,GLBX-001,MARGIN,USD,[],False,{}
2026-03-09 09:06:31.030295989+00:00,1001080.00,0.00,1001080.00,USD,GLBX-001,MARGIN,USD,[],False,{}
2026-03-09 09:06:31.030295989+00:00,1001080.00,0.00,1001080.00,USD,GLBX-001,MARGIN,USD,[],False,{}
2026-03-09 09:10:13.954134882+00:00,1001084.75,0.00,1001084.75,USD,GLBX-001,MARGIN,USD,[],False,{}
2026-03-09 09:10:13.954134882+00:00,1001084.75,0.00,1001084.75,USD,GLBX-001,MARGIN,USD,[],False,{}
2026-03-09 09:11:35.150612754+00:00,1001088.50,0.00,1001088.50,USD,GLBX-001,MARGIN,USD,[],False,{}
2026-03-09 09:11:35.150612754+00:00,1001088.50,0.00,1001088.50,USD,GLBX-001,MARGIN,USD,[],False,{}
2026-03-09 09:12:39.465983010+00:00,1001094.50,0.00,1001094.50,USD,GLBX-001,MARGIN,USD,[],False,{}
2026-03-09 09:12:39.465983010+00:00,1001094.50,0.00,1001094.50,USD,GLBX-001,MARGIN,USD,[],False,{}
2026-03-09 09:13:09.777063392+00:00,1001095.25,0.00,1001095.25,USD,GLBX-001,MARGIN,USD,[],False,{}
2026-03-09 09:13:09.777063392+00:00,1001095.25,0.00,1001095.25,USD,GLBX-001,MARGIN,USD,[],False,{}
2026-03-09 09:16:02.917848344+00:00,1001105.75,0.00,1001105.75,USD,GLBX-001,MARGIN,USD,[],False,{}
2026-03-09 09:16:02.917848344+00:00,1001105.75,0.00,1001105.75,USD,GLBX-001,MARGIN,USD,[],False,{}
2026-03-09 09:16:20.796714718+00:00,1001107.00,0.00,1001107.00,USD,GLBX-001,MARGIN,USD,[],False,{}
2026-03-09 09:16:20.796714718+00:00,1001107.00,0.00,1001107.00,USD,GLBX-001,MARGIN,USD,[],False,{}
2026-03-09 09:18:37.386382727+00:00,1001114.50,0.00,1001114.50,USD,GLBX-001,MARGIN,USD,[],False,{}
2026-03-09 09:18:37.386382727+00:00,1001114.50,0.00,1001114.50,USD,GLBX-001,MARGIN,USD,[],False,{}
2026-03-09 09:19:24.703956071+00:00,1001117.75,0.00,1001117.75,USD,GLBX-001,MARGIN,USD,[],False,{}
2026-03-09 09:19:24.703956071+00:00,1001117.75,0.00,1001117.75,USD,GLBX-001,MARGIN,USD,[],False,{}
2026-03-09 09:21:32.815256357+00:00,1001127.75,0.00,1001127.75,USD,GLBX-001,MARGIN,USD,[],False,{}
2026-03-09 09:21:32.815256357+00:00,1001127.75,0.00,1001127.75,USD,GLBX-001,MARGIN,USD,[],False,{}
2026-03-09 09:22:49.656823236+00:00,1001128.75,0.00,1001128.75,USD,GLBX-001,MARGIN,USD,[],False,{}
2026-03-09 09:22:49.656823236+00:00,1001128.75,0.00,1001128.75,USD,GLBX-001,MARGIN,USD,[],False,{}
2026-03-09 09:24:04.028383755+00:00,1001130.25,0.00,1001130.25,USD,GLBX-001,MARGIN,USD,[],False,{}
2026-03-09 09:24:04.028383755+00:00,1001130.25,0.00,1001130.25,USD,GLBX-001,MARGIN,USD,[],False,{}
2026-03-09 09:25:47.130936579+00:00,1001132.50,0.00,1001132.50,USD,GLBX-001,MARGIN,USD,[],False,{}
2026-03-09 09:25:47.130936579+00:00,1001132.50,0.00,1001132.50,USD,GLBX-001,MARGIN,USD,[],False,{}
2026-03-09 09:26:42.161736579+00:00,1001134.50,0.00,1001134.50,USD,GLBX-001,MARGIN,USD,[],False,{}
2026-03-09 09:26:42.161736579+00:00,1001134.50,0.00,1001134.50,USD,GLBX-001,MARGIN,USD,[],False,{}
2026-03-09 09:27:22.382924282+00:00,1001133.75,0.00,1001133.75,USD,GLBX-001,MARGIN,USD,[],False,{}
2026-03-09 09:27:22.382924282+00:00,1001133.75,0.00,1001133.75,USD,GLBX-001,MARGIN,USD,[],False,{}
2026-03-09 09:27:44.913504774+00:00,1001135.50,0.00,1001135.50,USD,GLBX-001,MARGIN,USD,[],False,{}
2026-03-09 09:27:44.913504774+00:00,1001135.50,0.00,1001135.50,USD,GLBX-001,MARGIN,USD,[],False,{}
2026-03-09 09:28:42.824110215+00:00,1001140.25,0.00,1001140.25,USD,GLBX-001,MARGIN,USD,[],False,{}
2026-03-09 09:28:42.824110215+00:00,1001140.25,0.00,1001140.25,USD,GLBX-001,MARGIN,USD,[],False,{}
2026-03-09 09:29:55.747625658+00:00,1001142.25,0.00,1001142.25,USD,GLBX-001,MARGIN,USD,[],False,{}
2026-03-09 09:29:55.747625658+00:00,1001142.25,0.00,1001142.25,USD,GLBX-001,MARGIN,USD,[],False,{}
2026-03-09 09:31:03.848200341+00:00,1001147.00,0.00,1001147.00,USD,GLBX-001,MARGIN,USD,[],False,{}
2026-03-09 09:31:03.848200341+00:00,1001147.00,0.00,1001147.00,USD,GLBX-001,MARGIN,USD,[],False,{}
2026-03-09 09:33:02.253606615+00:00,1001164.00,0.00,1001164.00,USD,GLBX-001,MARGIN,USD,[],False,{}
2026-03-09 09:33:02.253606615+00:00,1001164.00,0.00,1001164.00,USD,GLBX-001,MARGIN,USD,[],False,{}
2026-03-09 09:33:13.970100781+00:00,1001162.00,0.00,1001162.00,USD,GLBX-001,MARGIN,USD,[],False,{}
2026-03-09 09:33:23.035114575+00:00,1001162.00,0.00,1001162.00,USD,GLBX-001,MARGIN,USD,[],False,{}
2026-03-09 09:33:55.642661392+00:00,1001164.75,0.00,1001164.75,USD,GLBX-001,MARGIN,USD,[],False,{}
2026-03-09 09:33:55.642661392+00:00,1001164.75,0.00,1001164.75,USD,GLBX-001,MARGIN,USD,[],False,{}
2026-03-09 09:34:35.315543371+00:00,1001165.00,0.00,1001165.00,USD,GLBX-001,MARGIN,USD,[],False,{}
2026-03-09 09:34:35.315543371+00:00,1001165.00,0.00,1001165.00,USD,GLBX-001,MARGIN,USD,[],False,{}
2026-03-09 09:35:16.179671309+00:00,1001166.50,0.00,1001166.50,USD,GLBX-001,MARGIN,USD,[],False,{}
2026-03-09 09:35:16.179671309+00:00,1001166.50,0.00,1001166.50,USD,GLBX-001,MARGIN,USD,[],False,{}
2026-03-09 09:37:08.314802547+00:00,1001173.75,0.00,1001173.75,USD,GLBX-001,MARGIN,USD,[],False,{}
2026-03-09 09:37:08.314802547+00:00,1001173.75,0.00,1001173.75,USD,GLBX-001,MARGIN,USD,[],False,{}
2026-03-09 09:37:12.720887925+00:00,1001174.50,0.00,1001174.50,USD,GLBX-001,MARGIN,USD,[],False,{}
2026-03-09 09:37:12.720887925+00:00,1001174.50,0.00,1001174.50,USD,GLBX-001,MARGIN,USD,[],False,{}
2026-03-09 09:38:20.813991585+00:00,1001178.00,0.00,1001178.00,USD,GLBX-001,MARGIN,USD,[],False,{}
2026-03-09 09:38:20.813991585+00:00,1001178.00,0.00,1001178.00,USD,GLBX-001,MARGIN,USD,[],False,{}
2026-03-09 09:39:48.441884337+00:00,1001182.50,0.00,1001182.50,USD,GLBX-001,MARGIN,USD,[],False,{}
2026-03-09 09:39:48.441884337+00:00,1001182.50,0.00,1001182.50,USD,GLBX-001,MARGIN,USD,[],False,{}
2026-03-09 09:40:35.025021107+00:00,1001184.50,0.00,1001184.50,USD,GLBX-001,MARGIN,USD,[],False,{}
2026-03-09 09:40:35.025021107+00:00,1001184.50,0.00,1001184.50,USD,GLBX-001,MARGIN,USD,[],False,{}
2026-03-09 09:41:23.485872704+00:00,1001185.25,0.00,1001185.25,USD,GLBX-001,MARGIN,USD,[],False,{}
2026-03-09 09:41:23.485872704+00:00,1001185.25,0.00,1001185.25,USD,GLBX-001,MARGIN,USD,[],False,{}
2026-03-09 09:41:34.764425359+00:00,1001184.75,0.00,1001184.75,USD,GLBX-001,MARGIN,USD,[],False,{}
2026-03-09 09:41:34.764425359+00:00,1001184.75,0.00,1001184.75,USD,GLBX-001,MARGIN,USD,[],False,{}
2026-03-09 09:42:42.796965300+00:00,1001185.75,0.00,1001185.75,USD,GLBX-001,MARGIN,USD,[],False,{}
2026-03-09 09:42:42.796965300+00:00,1001185.75,0.00,1001185.75,USD,GLBX-001,MARGIN,USD,[],False,{}
2026-03-09 09:43:55.145125919+00:00,1001188.50,0.00,1001188.50,USD,GLBX-001,MARGIN,USD,[],False,{}
2026-03-09 09:43:55.145125919+00:00,1001188.50,0.00,1001188.50,USD,GLBX-001,MARGIN,USD,[],False,{}
2026-03-09 09:45:29.805624391+00:00,1001192.50,0.00,1001192.50,USD,GLBX-001,MARGIN,USD,[],False,{}
2026-03-09 09:45:29.805624391+00:00,1001192.50,0.00,1001192.50,USD,GLBX-001,MARGIN,USD,[],False,{}
2026-03-09 09:47:56.460075150+00:00,1001201.50,0.00,1001201.50,USD,GLBX-001,MARGIN,USD,[],False,{}
2026-03-09 09:47:56.460075150+00:00,1001201.50,0.00,1001201.50,USD,GLBX-001,MARGIN,USD,[],False,{}
2026-03-09 09:48:44.486005607+00:00,1001201.75,0.00,1001201.75,USD,GLBX-001,MARGIN,USD,[],False,{}
2026-03-09 09:50:19.630266192+00:00,1001201.75,0.00,1001201.75,USD,GLBX-001,MARGIN,USD,[],False,{}
2026-03-09 09:52:39.970125354+00:00,1001206.75,0.00,1001206.75,USD,GLBX-001,MARGIN,USD,[],False,{}
2026-03-09 09:52:39.970125354+00:00,1001206.75,0.00,1001206.75,USD,GLBX-001,MARGIN,USD,[],False,{}
2026-03-09 09:53:24.845336143+00:00,1001208.00,0.00,1001208.00,USD,GLBX-001,MARGIN,USD,[],False,{}
2026-03-09 09:53:24.845336143+00:00,1001208.00,0.00,1001208.00,USD,GLBX-001,MARGIN,USD,[],False,{}
2026-03-09 09:54:12.071384376+00:00,1001211.25,0.00,1001211.25,USD,GLBX-001,MARGIN,USD,[],False,{}
2026-03-09 09:54:12.071384376+00:00,1001211.25,0.00,1001211.25,USD,GLBX-001,MARGIN,USD,[],False,{}
2026-03-09 09:56:09.569868477+00:00,1001216.75,0.00,1001216.75,USD,GLBX-001,MARGIN,USD,[],False,{}
2026-03-09 09:56:09.569868477+00:00,1001216.75,0.00,1001216.75,USD,GLBX-001,MARGIN,USD,[],False,{}
2026-03-09 09:56:48.345620266+00:00,1001217.50,0.00,1001217.50,USD,GLBX-001,MARGIN,USD,[],False,{}
2026-03-09 09:56:48.345620266+00:00,1001217.50,0.00,1001217.50,USD,GLBX-001,MARGIN,USD,[],False,{}
2026-03-09 09:58:42.896700514+00:00,1001221.25,0.00,1001221.25,USD,GLBX-001,MARGIN,USD,[],False,{}
2026-03-09 09:58:42.896700514+00:00,1001221.25,0.00,1001221.25,USD,GLBX-001,MARGIN,USD,[],False,{}
2026-03-09 09:59:56.787147455+00:00,1001221.25,0.00,1001221.25,USD,GLBX-001,MARGIN,USD,[],False,{}
2026-03-09 09:59:56.787147455+00:00,1001221.25,0.00,1001221.25,USD,GLBX-001,MARGIN,USD,[],False,{}
2026-03-09 10:00:20.051877693+00:00,1001220.50,0.00,1001220.50,USD,GLBX-001,MARGIN,USD,[],False,{}
2026-03-09 10:00:20.051877693+00:00,1001220.50,0.00,1001220.50,USD,GLBX-001,MARGIN,USD,[],False,{}
2026-03-09 10:02:49.279699186+00:00,1001228.75,0.00,1001228.75,USD,GLBX-001,MARGIN,USD,[],False,{}
2026-03-09 10:02:49.279699186+00:00,1001228.75,0.00,1001228.75,USD,GLBX-001,MARGIN,USD,[],False,{}
2026-03-09 10:04:56.471354931+00:00,1001233.00,0.00,1001233.00,USD,GLBX-001,MARGIN,USD,[],False,{}
2026-03-09 10:04:56.471354931+00:00,1001233.00,0.00,1001233.00,USD,GLBX-001,MARGIN,USD,[],False,{}
2026-03-09 10:06:22.335355925+00:00,1001235.75,0.00,1001235.75,USD,GLBX-001,MARGIN,USD,[],False,{}
2026-03-09 10:06:22.335355925+00:00,1001235.75,0.00,1001235.75,USD,GLBX-001,MARGIN,USD,[],False,{}
2026-03-09 10:07:14.204250493+00:00,1001239.75,0.00,1001239.75,USD,GLBX-001,MARGIN,USD,[],False,{}
2026-03-09 10:07:14.204250493+00:00,1001239.75,0.00,1001239.75,USD,GLBX-001,MARGIN,USD,[],False,{}
2026-03-09 10:08:47.646410603+00:00,1001246.50,0.00,1001246.50,USD,GLBX-001,MARGIN,USD,[],False,{}
2026-03-09 10:08:47.646410603+00:00,1001246.50,0.00,1001246.50,USD,GLBX-001,MARGIN,USD,[],False,{}
2026-03-09 10:08:50.445976082+00:00,1001247.75,0.00,1001247.75,USD,GLBX-001,MARGIN,USD,[],False,{}
2026-03-09 10:08:50.445976082+00:00,1001247.75,0.00,1001247.75,USD,GLBX-001,MARGIN,USD,[],False,{}
2026-03-09 10:09:03.209659931+00:00,1001250.25,0.00,1001250.25,USD,GLBX-001,MARGIN,USD,[],False,{}
2026-03-09 10:09:03.209659931+00:00,1001250.25,0.00,1001250.25,USD,GLBX-001,MARGIN,USD,[],False,{}
2026-03-09 10:11:59.317790298+00:00,1001253.50,0.00,1001253.50,USD,GLBX-001,MARGIN,USD,[],False,{}
2026-03-09 10:11:59.317790298+00:00,1001253.50,0.00,1001253.50,USD,GLBX-001,MARGIN,USD,[],False,{}
2026-03-09 10:14:38.032132223+00:00,1001259.25,0.00,1001259.25,USD,GLBX-001,MARGIN,USD,[],False,{}
2026-03-09 10:14:38.032132223+00:00,1001259.25,0.00,1001259.25,USD,GLBX-001,MARGIN,USD,[],False,{}
2026-03-09 10:15:20.527722401+00:00,1001262.50,0.00,1001262.50,USD,GLBX-001,MARGIN,USD,[],False,{}
2026-03-09 10:15:20.527722401+00:00,1001262.50,0.00,1001262.50,USD,GLBX-001,MARGIN,USD,[],False,{}
2026-03-09 10:16:04.066050907+00:00,1001262.50,0.00,1001262.50,USD,GLBX-001,MARGIN,USD,[],False,{}
2026-03-09 10:16:04.066050907+00:00,1001262.50,0.00,1001262.50,USD,GLBX-001,MARGIN,USD,[],False,{}
2026-03-09 10:17:25.976268477+00:00,1001266.25,0.00,1001266.25,USD,GLBX-001,MARGIN,USD,[],False,{}
2026-03-09 10:17:25.976268477+00:00,1001266.25,0.00,1001266.25,USD,GLBX-001,MARGIN,USD,[],False,{}
2026-03-09 10:19:35.989769947+00:00,1001266.50,0.00,1001266.50,USD,GLBX-001,MARGIN,USD,[],False,{}
2026-03-09 10:19:35.989769947+00:00,1001266.50,0.00,1001266.50,USD,GLBX-001,MARGIN,USD,[],False,{}
2026-03-09 10:22:06.893562763+00:00,1001267.75,0.00,1001267.75,USD,GLBX-001,MARGIN,USD,[],False,{}
2026-03-09 10:22:06.893562763+00:00,1001267.75,0.00,1001267.75,USD,GLBX-001,MARGIN,USD,[],False,{}
2026-03-09 10:24:03.688084448+00:00,1001273.75,0.00,1001273.75,USD,GLBX-001,MARGIN,USD,[],False,{}
2026-03-09 10:24:03.688084448+00:00,1001273.75,0.00,1001273.75,USD,GLBX-001,MARGIN,USD,[],False,{}
2026-03-09 10:24:14.120556587+00:00,1001277.50,0.00,1001277.50,USD,GLBX-001,MARGIN,USD,[],False,{}
2026-03-09 10:24:14.120556587+00:00,1001277.50,0.00,1001277.50,USD,GLBX-001,MARGIN,USD,[],False,{}
2026-03-09 10:25:19.682286971+00:00,1001280.00,0.00,1001280.00,USD,GLBX-001,MARGIN,USD,[],False,{}
2026-03-09 10:25:19.682286971+00:00,1001280.00,0.00,1001280.00,USD,GLBX-001,MARGIN,USD,[],False,{}
2026-03-09 10:27:13.577153784+00:00,1001281.00,0.00,1001281.00,USD,GLBX-001,MARGIN,USD,[],False,{}
2026-03-09 10:27:13.577153784+00:00,1001281.00,0.00,1001281.00,USD,GLBX-001,MARGIN,USD,[],False,{}
2026-03-09 10:30:59.484172035+00:00,1001288.50,0.00,1001288.50,USD,GLBX-001,MARGIN,USD,[],False,{}
2026-03-09 10:30:59.484172035+00:00,1001288.50,0.00,1001288.50,USD,GLBX-001,MARGIN,USD,[],False,{}
2026-03-09 10:31:30.955774087+00:00,1001291.50,0.00,1001291.50,USD,GLBX-001,MARGIN,USD,[],False,{}
2026-03-09 10:31:30.955774087+00:00,1001291.50,0.00,1001291.50,USD,GLBX-001,MARGIN,USD,[],False,{}
2026-03-09 10:32:27.633295153+00:00,1001293.00,0.00,1001293.00,USD,GLBX-001,MARGIN,USD,[],False,{}
2026-03-09 10:32:27.633295153+00:00,1001293.00,0.00,1001293.00,USD,GLBX-001,MARGIN,USD,[],False,{}
2026-03-09 10:38:30.921288442+00:00,1001302.00,0.00,1001302.00,USD,GLBX-001,MARGIN,USD,[],False,{}
2026-03-09 10:38:30.921288442+00:00,1001302.00,0.00,1001302.00,USD,GLBX-001,MARGIN,USD,[],False,{}
2026-03-09 10:38:45.181035063+00:00,1001308.00,0.00,1001308.00,USD,GLBX-001,MARGIN,USD,[],False,{}
2026-03-09 10:38:45.181035063+00:00,1001308.00,0.00,1001308.00,USD,GLBX-001,MARGIN,USD,[],False,{}
2026-03-09 10:41:45.811543648+00:00,1001314.00,0.00,1001314.00,USD,GLBX-001,MARGIN,USD,[],False,{}
2026-03-09 10:41:45.811543648+00:00,1001314.00,0.00,1001314.00,USD,GLBX-001,MARGIN,USD,[],False,{}
2026-03-09 10:43:47.165420083+00:00,1001319.50,0.00,1001319.50,USD,GLBX-001,MARGIN,USD,[],False,{}
2026-03-09 10:43:47.165420083+00:00,1001319.50,0.00,1001319.50,USD,GLBX-001,MARGIN,USD,[],False,{}
2026-03-09 10:44:28.406485899+00:00,1001320.25,0.00,1001320.25,USD,GLBX-001,MARGIN,USD,[],False,{}
2026-03-09 10:44:28.406485899+00:00,1001320.25,0.00,1001320.25,USD,GLBX-001,MARGIN,USD,[],False,{}
2026-03-09 10:51:10.996747664+00:00,1001326.50,0.00,1001326.50,USD,GLBX-001,MARGIN,USD,[],False,{}
2026-03-09 10:51:10.996747664+00:00,1001326.50,0.00,1001326.50,USD,GLBX-001,MARGIN,USD,[],False,{}
2026-03-09 10:52:12.393059440+00:00,1001329.00,0.00,1001329.00,USD,GLBX-001,MARGIN,USD,[],False,{}
2026-03-09 10:52:12.393059440+00:00,1001329.00,0.00,1001329.00,USD,GLBX-001,MARGIN,USD,[],False,{}
2026-03-09 10:53:14.671598528+00:00,1001329.50,0.00,1001329.50,USD,GLBX-001,MARGIN,USD,[],False,{}
2026-03-09 10:53:14.671598528+00:00,1001329.50,0.00,1001329.50,USD,GLBX-001,MARGIN,USD,[],False,{}
2026-03-09 10:54:23.247777383+00:00,1001333.50,0.00,1001333.50,USD,GLBX-001,MARGIN,USD,[],False,{}
2026-03-09 10:54:23.247777383+00:00,1001333.50,0.00,1001333.50,USD,GLBX-001,MARGIN,USD,[],False,{}
2026-03-09 10:54:35.606737667+00:00,1001335.25,0.00,1001335.25,USD,GLBX-001,MARGIN,USD,[],False,{}
2026-03-09 10:54:35.606737667+00:00,1001335.25,0.00,1001335.25,USD,GLBX-001,MARGIN,USD,[],False,{}
2026-03-09 10:54:55.663158495+00:00,1001336.25,0.00,1001336.25,USD,GLBX-001,MARGIN,USD,[],False,{}
2026-03-09 10:54:55.663158495+00:00,1001336.25,0.00,1001336.25,USD,GLBX-001,MARGIN,USD,[],False,{}
2026-03-09 10:55:02.604967031+00:00,1001337.00,0.00,1001337.00,USD,GLBX-001,MARGIN,USD,[],False,{}
2026-03-09 10:55:02.604967031+00:00,1001337.00,0.00,1001337.00,USD,GLBX-001,MARGIN,USD,[],False,{}
2026-03-09 10:55:10.326995338+00:00,1001336.50,0.00,1001336.50,USD,GLBX-001,MARGIN,USD,[],False,{}
2026-03-09 10:55:20.461541093+00:00,1001336.50,0.00,1001336.50,USD,GLBX-001,MARGIN,USD,[],False,{}
2026-03-09 10:55:30.926516427+00:00,1001336.50,0.00,1001336.50,USD,GLBX-001,MARGIN,USD,[],False,{}
2026-03-09 10:55:30.926516427+00:00,1001336.50,0.00,1001336.50,USD,GLBX-001,MARGIN,USD,[],False,{}
2026-03-09 10:56:33.242521845+00:00,1001339.00,0.00,1001339.00,USD,GLBX-001,MARGIN,USD,[],False,{}
2026-03-09 10:56:33.242521845+00:00,1001339.00,0.00,1001339.00,USD,GLBX-001,MARGIN,USD,[],False,{}
2026-03-09 10:59:06.109349371+00:00,1001341.50,0.00,1001341.50,USD,GLBX-001,MARGIN,USD,[],False,{}
2026-03-09 10:59:06.109349371+00:00,1001341.50,0.00,1001341.50,USD,GLBX-001,MARGIN,USD,[],False,{}
2026-03-09 11:00:37.420539831+00:00,1001342.00,0.00,1001342.00,USD,GLBX-001,MARGIN,USD,[],False,{}
2026-03-09 11:00:37.420539831+00:00,1001342.00,0.00,1001342.00,USD,GLBX-001,MARGIN,USD,[],False,{}
2026-03-09 11:03:24.855043707+00:00,1001349.25,0.00,1001349.25,USD,GLBX-001,MARGIN,USD,[],False,{}
2026-03-09 11:03:24.855043707+00:00,1001349.25,0.00,1001349.25,USD,GLBX-001,MARGIN,USD,[],False,{}
2026-03-09 11:04:54.901028013+00:00,1001351.50,0.00,1001351.50,USD,GLBX-001,MARGIN,USD,[],False,{}
2026-03-09 11:04:54.901028013+00:00,1001351.50,0.00,1001351.50,USD,GLBX-001,MARGIN,USD,[],False,{}
2026-03-09 11:05:24.098620517+00:00,1001354.00,0.00,1001354.00,USD,GLBX-001,MARGIN,USD,[],False,{}
2026-03-09 11:05:24.098620517+00:00,1001354.00,0.00,1001354.00,USD,GLBX-001,MARGIN,USD,[],False,{}
2026-03-09 11:06:40.151544138+00:00,1001355.75,0.00,1001355.75,USD,GLBX-001,MARGIN,USD,[],False,{}
2026-03-09 11:06:40.151544138+00:00,1001355.75,0.00,1001355.75,USD,GLBX-001,MARGIN,USD,[],False,{}
2026-03-09 11:07:22.684829549+00:00,1001358.25,0.00,1001358.25,USD,GLBX-001,MARGIN,USD,[],False,{}
2026-03-09 11:07:22.684829549+00:00,1001358.25,0.00,1001358.25,USD,GLBX-001,MARGIN,USD,[],False,{}
2026-03-09 11:10:54.406988594+00:00,1001364.00,0.00,1001364.00,USD,GLBX-001,MARGIN,USD,[],False,{}
2026-03-09 11:10:54.406988594+00:00,1001364.00,0.00,1001364.00,USD,GLBX-001,MARGIN,USD,[],False,{}
2026-03-09 11:12:05.793629232+00:00,1001366.50,0.00,1001366.50,USD,GLBX-001,MARGIN,USD,[],False,{}
2026-03-09 11:12:05.793629232+00:00,1001366.50,0.00,1001366.50,USD,GLBX-001,MARGIN,USD,[],False,{}
2026-03-09 11:16:39.061138896+00:00,1001374.00,0.00,1001374.00,USD,GLBX-001,MARGIN,USD,[],False,{}
2026-03-09 11:16:39.061138896+00:00,1001374.00,0.00,1001374.00,USD,GLBX-001,MARGIN,USD,[],False,{}
2026-03-09 11:17:12.996946071+00:00,1001374.50,0.00,1001374.50,USD,GLBX-001,MARGIN,USD,[],False,{}
2026-03-09 11:17:12.996946071+00:00,1001374.50,0.00,1001374.50,USD,GLBX-001,MARGIN,USD,[],False,{}
2026-03-09 11:18:34.101046098+00:00,1001377.00,0.00,1001377.00,USD,GLBX-001,MARGIN,USD,[],False,{}
2026-03-09 11:18:34.101046098+00:00,1001377.00,0.00,1001377.00,USD,GLBX-001,MARGIN,USD,[],False,{}
2026-03-09 11:19:34.492875437+00:00,1001379.00,0.00,1001379.00,USD,GLBX-001,MARGIN,USD,[],False,{}
2026-03-09 11:19:34.492875437+00:00,1001379.00,0.00,1001379.00,USD,GLBX-001,MARGIN,USD,[],False,{}
2026-03-09 11:21:01.117994508+00:00,1001384.00,0.00,1001384.00,USD,GLBX-001,MARGIN,USD,[],False,{}
2026-03-09 11:21:01.117994508+00:00,1001384.00,0.00,1001384.00,USD,GLBX-001,MARGIN,USD,[],False,{}
2026-03-09 11:24:18.673892427+00:00,1001391.75,0.00,1001391.75,USD,GLBX-001,MARGIN,USD,[],False,{}
2026-03-09 11:24:18.673892427+00:00,1001391.75,0.00,1001391.75,USD,GLBX-001,MARGIN,USD,[],False,{}
2026-03-09 11:26:30.116816572+00:00,1001392.00,0.00,1001392.00,USD,GLBX-001,MARGIN,USD,[],False,{}
2026-03-09 11:26:30.116816572+00:00,1001392.00,0.00,1001392.00,USD,GLBX-001,MARGIN,USD,[],False,{}
2026-03-09 11:28:18.687094431+00:00,1001393.25,0.00,1001393.25,USD,GLBX-001,MARGIN,USD,[],False,{}
2026-03-09 11:28:53.332397799+00:00,1001393.25,0.00,1001393.25,USD,GLBX-001,MARGIN,USD,[],False,{}
2026-03-09 11:30:31.441270117+00:00,1001394.75,0.00,1001394.75,USD,GLBX-001,MARGIN,USD,[],False,{}
2026-03-09 11:30:31.441270117+00:00,1001394.75,0.00,1001394.75,USD,GLBX-001,MARGIN,USD,[],False,{}
2026-03-09 11:32:29.095126877+00:00,1001397.00,0.00,1001397.00,USD,GLBX-001,MARGIN,USD,[],False,{}
2026-03-09 11:32:29.095126877+00:00,1001397.00,0.00,1001397.00,USD,GLBX-001,MARGIN,USD,[],False,{}
2026-03-09 11:33:43.928660067+00:00,1001397.50,0.00,1001397.50,USD,GLBX-001,MARGIN,USD,[],False,{}
2026-03-09 11:33:43.928660067+00:00,1001397.50,0.00,1001397.50,USD,GLBX-001,MARGIN,USD,[],False,{}
2026-03-09 11:37:35.608829539+00:00,1001408.75,0.00,1001408.75,USD,GLBX-001,MARGIN,USD,[],False,{}
2026-03-09 11:37:35.608829539+00:00,1001408.75,0.00,1001408.75,USD,GLBX-001,MARGIN,USD,[],False,{}
2026-03-09 11:41:34.744282219+00:00,1001418.25,0.00,1001418.25,USD,GLBX-001,MARGIN,USD,[],False,{}
2026-03-09 11:41:34.744282219+00:00,1001418.25,0.00,1001418.25,USD,GLBX-001,MARGIN,USD,[],False,{}
2026-03-09 11:43:10.543404343+00:00,1001421.75,0.00,1001421.75,USD,GLBX-001,MARGIN,USD,[],False,{}
2026-03-09 11:43:10.543404343+00:00,1001421.75,0.00,1001421.75,USD,GLBX-001,MARGIN,USD,[],False,{}
2026-03-09 11:44:39.131708655+00:00,1001423.25,0.00,1001423.25,USD,GLBX-001,MARGIN,USD,[],False,{}
2026-03-09 11:44:39.131708655+00:00,1001423.25,0.00,1001423.25,USD,GLBX-001,MARGIN,USD,[],False,{}
2026-03-09 11:46:58.826001904+00:00,1001426.75,0.00,1001426.75,USD,GLBX-001,MARGIN,USD,[],False,{}
2026-03-09 11:46:58.826001904+00:00,1001426.75,0.00,1001426.75,USD,GLBX-001,MARGIN,USD,[],False,{}
2026-03-09 11:50:47.313566634+00:00,1001433.25,0.00,1001433.25,USD,GLBX-001,MARGIN,USD,[],False,{}
2026-03-09 11:50:47.313566634+00:00,1001433.25,0.00,1001433.25,USD,GLBX-001,MARGIN,USD,[],False,{}
2026-03-09 11:54:01.611549485+00:00,1001441.50,0.00,1001441.50,USD,GLBX-001,MARGIN,USD,[],False,{}
2026-03-09 11:54:01.611549485+00:00,1001441.50,0.00,1001441.50,USD,GLBX-001,MARGIN,USD,[],False,{}
2026-03-09 11:58:04.090586992+00:00,1001446.75,0.00,1001446.75,USD,GLBX-001,MARGIN,USD,[],False,{}
2026-03-09 11:58:04.090586992+00:00,1001446.75,0.00,1001446.75,USD,GLBX-001,MARGIN,USD,[],False,{}
2026-03-09 11:58:23.272448823+00:00,1001446.50,0.00,1001446.50,USD,GLBX-001,MARGIN,USD,[],False,{}
2026-03-09 11:58:23.272448823+00:00,1001446.50,0.00,1001446.50,USD,GLBX-001,MARGIN,USD,[],False,{}
2026-03-09 11:59:25.864318493+00:00,1001447.75,0.00,1001447.75,USD,GLBX-001,MARGIN,USD,[],False,{}
2026-03-09 11:59:25.864318493+00:00,1001447.75,0.00,1001447.75,USD,GLBX-001,MARGIN,USD,[],False,{}
2026-03-09 12:06:57.764796849+00:00,1001461.75,0.00,1001461.75,USD,GLBX-001,MARGIN,USD,[],False,{}
2026-03-09 12:06:57.764796849+00:00,1001461.75,0.00,1001461.75,USD,GLBX-001,MARGIN,USD,[],False,{}
2026-03-09 12:08:35.778719248+00:00,1001467.00,0.00,1001467.00,USD,GLBX-001,MARGIN,USD,[],False,{}
2026-03-09 12:08:35.778719248+00:00,1001467.00,0.00,1001467.00,USD,GLBX-001,MARGIN,USD,[],False,{}
2026-03-09 12:10:23.079889968+00:00,1001468.00,0.00,1001468.00,USD,GLBX-001,MARGIN,USD,[],False,{}
2026-03-09 12:10:23.079889968+00:00,1001468.00,0.00,1001468.00,USD,GLBX-001,MARGIN,USD,[],False,{}
2026-03-09 12:11:09.660431595+00:00,1001469.50,0.00,1001469.50,USD,GLBX-001,MARGIN,USD,[],False,{}
2026-03-09 12:11:09.660431595+00:00,1001469.50,0.00,1001469.50,USD,GLBX-001,MARGIN,USD,[],False,{}
2026-03-09 12:12:39.880371730+00:00,1001471.75,0.00,1001471.75,USD,GLBX-001,MARGIN,USD,[],False,{}
2026-03-09 12:12:39.880371730+00:00,1001471.75,0.00,1001471.75,USD,GLBX-001,MARGIN,USD,[],False,{}
2026-03-09 12:13:24.209926198+00:00,1001473.25,0.00,1001473.25,USD,GLBX-001,MARGIN,USD,[],False,{}
2026-03-09 12:13:24.209926198+00:00,1001473.25,0.00,1001473.25,USD,GLBX-001,MARGIN,USD,[],False,{}
2026-03-09 12:13:48.780196061+00:00,1001475.50,0.00,1001475.50,USD,GLBX-001,MARGIN,USD,[],False,{}
2026-03-09 12:13:48.780196061+00:00,1001475.50,0.00,1001475.50,USD,GLBX-001,MARGIN,USD,[],False,{}
2026-03-09 12:13:51.496711030+00:00,1001475.00,0.00,1001475.00,USD,GLBX-001,MARGIN,USD,[],False,{}
2026-03-09 12:13:54.876648438+00:00,1001475.00,0.00,1001475.00,USD,GLBX-001,MARGIN,USD,[],False,{}
2026-03-09 12:16:42.622199315+00:00,1001481.00,0.00,1001481.00,USD,GLBX-001,MARGIN,USD,[],False,{}
2026-03-09 12:16:42.622199315+00:00,1001481.00,0.00,1001481.00,USD,GLBX-001,MARGIN,USD,[],False,{}
2026-03-09 12:17:56.215516306+00:00,1001484.25,0.00,1001484.25,USD,GLBX-001,MARGIN,USD,[],False,{}
2026-03-09 12:17:56.215516306+00:00,1001484.25,0.00,1001484.25,USD,GLBX-001,MARGIN,USD,[],False,{}
2026-03-09 12:18:15.730408987+00:00,1001485.50,0.00,1001485.50,USD,GLBX-001,MARGIN,USD,[],False,{}
2026-03-09 12:18:15.730408987+00:00,1001485.50,0.00,1001485.50,USD,GLBX-001,MARGIN,USD,[],False,{}
2026-03-09 12:19:30.592854362+00:00,1001485.50,0.00,1001485.50,USD,GLBX-001,MARGIN,USD,[],False,{}
2026-03-09 12:19:30.592854362+00:00,1001485.50,0.00,1001485.50,USD,GLBX-001,MARGIN,USD,[],False,{}
2026-03-09 12:20:43.367277615+00:00,1001490.25,0.00,1001490.25,USD,GLBX-001,MARGIN,USD,[],False,{}
2026-03-09 12:20:43.367277615+00:00,1001490.25,0.00,1001490.25,USD,GLBX-001,MARGIN,USD,[],False,{}
2026-03-09 12:21:19.646121282+00:00,1001493.50,0.00,1001493.50,USD,GLBX-001,MARGIN,USD,[],False,{}
2026-03-09 12:21:19.646121282+00:00,1001493.50,0.00,1001493.50,USD,GLBX-001,MARGIN,USD,[],False,{}
2026-03-09 12:23:02.655130826+00:00,1001495.50,0.00,1001495.50,USD,GLBX-001,MARGIN,USD,[],False,{}
2026-03-09 12:23:02.655130826+00:00,1001495.50,0.00,1001495.50,USD,GLBX-001,MARGIN,USD,[],False,{}
2026-03-09 12:23:57.135576248+00:00,1001496.00,0.00,1001496.00,USD,GLBX-001,MARGIN,USD,[],False,{}
2026-03-09 12:23:57.135576248+00:00,1001496.00,0.00,1001496.00,USD,GLBX-001,MARGIN,USD,[],False,{}
2026-03-09 12:24:55.653999019+00:00,1001498.25,0.00,1001498.25,USD,GLBX-001,MARGIN,USD,[],False,{}
2026-03-09 12:24:55.653999019+00:00,1001498.25,0.00,1001498.25,USD,GLBX-001,MARGIN,USD,[],False,{}
2026-03-09 12:27:39.393958274+00:00,1001503.00,0.00,1001503.00,USD,GLBX-001,MARGIN,USD,[],False,{}
2026-03-09 12:27:39.393958274+00:00,1001503.00,0.00,1001503.00,USD,GLBX-001,MARGIN,USD,[],False,{}
2026-03-09 12:30:02.468879671+00:00,1001508.25,0.00,1001508.25,USD,GLBX-001,MARGIN,USD,[],False,{}
2026-03-09 12:30:02.468879671+00:00,1001508.25,0.00,1001508.25,USD,GLBX-001,MARGIN,USD,[],False,{}
2026-03-09 12:30:23.636107679+00:00,1001509.50,0.00,1001509.50,USD,GLBX-001,MARGIN,USD,[],False,{}
2026-03-09 12:30:23.636107679+00:00,1001509.50,0.00,1001509.50,USD,GLBX-001,MARGIN,USD,[],False,{}
2026-03-09 12:31:54.426275264+00:00,1001510.75,0.00,1001510.75,USD,GLBX-001,MARGIN,USD,[],False,{}
2026-03-09 12:31:54.426275264+00:00,1001510.75,0.00,1001510.75,USD,GLBX-001,MARGIN,USD,[],False,{}
2026-03-09 12:34:31.675410687+00:00,1001519.50,0.00,1001519.50,USD,GLBX-001,MARGIN,USD,[],False,{}
2026-03-09 12:34:31.675410687+00:00,1001519.50,0.00,1001519.50,USD,GLBX-001,MARGIN,USD,[],False,{}
2026-03-09 12:35:24.498993871+00:00,1001518.25,0.00,1001518.25,USD,GLBX-001,MARGIN,USD,[],False,{}
2026-03-09 12:35:24.498993871+00:00,1001518.25,0.00,1001518.25,USD,GLBX-001,MARGIN,USD,[],False,{}
2026-03-09 12:36:05.025367474+00:00,1001520.00,0.00,1001520.00,USD,GLBX-001,MARGIN,USD,[],False,{}
2026-03-09 12:36:05.025367474+00:00,1001520.00,0.00,1001520.00,USD,GLBX-001,MARGIN,USD,[],False,{}
2026-03-09 12:36:52.385469565+00:00,1001522.25,0.00,1001522.25,USD,GLBX-001,MARGIN,USD,[],False,{}
2026-03-09 12:36:52.385469565+00:00,1001522.25,0.00,1001522.25,USD,GLBX-001,MARGIN,USD,[],False,{}
2026-03-09 12:37:55.009354251+00:00,1001524.50,0.00,1001524.50,USD,GLBX-001,MARGIN,USD,[],False,{}
2026-03-09 12:37:55.009354251+00:00,1001524.50,0.00,1001524.50,USD,GLBX-001,MARGIN,USD,[],False,{}
2026-03-09 12:38:52.440399075+00:00,1001523.25,0.00,1001523.25,USD,GLBX-001,MARGIN,USD,[],False,{}
2026-03-09 12:38:52.440399075+00:00,1001523.25,0.00,1001523.25,USD,GLBX-001,MARGIN,USD,[],False,{}
2026-03-09 12:40:41.574836597+00:00,1001527.25,0.00,1001527.25,USD,GLBX-001,MARGIN,USD,[],False,{}
2026-03-09 12:40:41.574836597+00:00,1001527.25,0.00,1001527.25,USD,GLBX-001,MARGIN,USD,[],False,{}
2026-03-09 12:41:49.284611212+00:00,1001527.25,0.00,1001527.25,USD,GLBX-001,MARGIN,USD,[],False,{}
2026-03-09 12:41:49.284611212+00:00,1001527.25,0.00,1001527.25,USD,GLBX-001,MARGIN,USD,[],False,{}
2026-03-09 12:43:40.735938122+00:00,1001532.00,0.00,1001532.00,USD,GLBX-001,MARGIN,USD,[],False,{}
2026-03-09 12:43:40.735938122+00:00,1001532.00,0.00,1001532.00,USD,GLBX-001,MARGIN,USD,[],False,{}
2026-03-09 12:44:45.692633149+00:00,1001534.00,0.00,1001534.00,USD,GLBX-001,MARGIN,USD,[],False,{}
2026-03-09 12:44:45.692633149+00:00,1001534.00,0.00,1001534.00,USD,GLBX-001,MARGIN,USD,[],False,{}
2026-03-09 12:44:49.494120397+00:00,1001534.75,0.00,1001534.75,USD,GLBX-001,MARGIN,USD,[],False,{}
2026-03-09 12:45:20.456789739+00:00,1001534.75,0.00,1001534.75,USD,GLBX-001,MARGIN,USD,[],False,{}
2026-03-09 12:46:21.762840592+00:00,1001537.25,0.00,1001537.25,USD,GLBX-001,MARGIN,USD,[],False,{}
2026-03-09 12:46:21.762840592+00:00,1001537.25,0.00,1001537.25,USD,GLBX-001,MARGIN,USD,[],False,{}
2026-03-09 12:48:05.401731888+00:00,1001541.00,0.00,1001541.00,USD,GLBX-001,MARGIN,USD,[],False,{}
2026-03-09 12:48:05.401731888+00:00,1001541.00,0.00,1001541.00,USD,GLBX-001,MARGIN,USD,[],False,{}
2026-03-09 12:50:14.008411065+00:00,1001547.50,0.00,1001547.50,USD,GLBX-001,MARGIN,USD,[],False,{}
2026-03-09 12:50:14.008411065+00:00,1001547.50,0.00,1001547.50,USD,GLBX-001,MARGIN,USD,[],False,{}
2026-03-09 12:50:28.721755119+00:00,1001549.25,0.00,1001549.25,USD,GLBX-001,MARGIN,USD,[],False,{}
2026-03-09 12:50:28.721755119+00:00,1001549.25,0.00,1001549.25,USD,GLBX-001,MARGIN,USD,[],False,{}
2026-03-09 12:50:47.005414322+00:00,1001548.50,0.00,1001548.50,USD,GLBX-001,MARGIN,USD,[],False,{}
2026-03-09 12:50:47.005414322+00:00,1001548.50,0.00,1001548.50,USD,GLBX-001,MARGIN,USD,[],False,{}
2026-03-09 12:50:52.647963675+00:00,1001548.50,0.00,1001548.50,USD,GLBX-001,MARGIN,USD,[],False,{}
2026-03-09 12:50:52.647963675+00:00,1001548.50,0.00,1001548.50,USD,GLBX-001,MARGIN,USD,[],False,{}
2026-03-09 12:51:38.341464226+00:00,1001549.00,0.00,1001549.00,USD,GLBX-001,MARGIN,USD,[],False,{}
2026-03-09 12:51:38.341464226+00:00,1001549.00,0.00,1001549.00,USD,GLBX-001,MARGIN,USD,[],False,{}
2026-03-09 12:53:57.808363498+00:00,1001549.50,0.00,1001549.50,USD,GLBX-001,MARGIN,USD,[],False,{}
2026-03-09 12:53:57.808363498+00:00,1001549.50,0.00,1001549.50,USD,GLBX-001,MARGIN,USD,[],False,{}
2026-03-09 12:55:01.767001221+00:00,1001551.50,0.00,1001551.50,USD,GLBX-001,MARGIN,USD,[],False,{}
2026-03-09 12:55:01.767001221+00:00,1001551.50,0.00,1001551.50,USD,GLBX-001,MARGIN,USD,[],False,{}
2026-03-09 12:57:02.116091189+00:00,1001554.25,0.00,1001554.25,USD,GLBX-001,MARGIN,USD,[],False,{}
2026-03-09 12:57:02.116091189+00:00,1001554.25,0.00,1001554.25,USD,GLBX-001,MARGIN,USD,[],False,{}
2026-03-09 12:57:47.471610027+00:00,1001555.75,0.00,1001555.75,USD,GLBX-001,MARGIN,USD,[],False,{}
2026-03-09 12:57:47.471610027+00:00,1001555.75,0.00,1001555.75,USD,GLBX-001,MARGIN,USD,[],False,{}
2026-03-09 13:00:55.253219648+00:00,1001562.75,0.00,1001562.75,USD,GLBX-001,MARGIN,USD,[],False,{}
2026-03-09 13:00:55.253219648+00:00,1001562.75,0.00,1001562.75,USD,GLBX-001,MARGIN,USD,[],False,{}
2026-03-09 13:01:11.635476625+00:00,1001563.50,0.00,1001563.50,USD,GLBX-001,MARGIN,USD,[],False,{}
2026-03-09 13:01:11.635476625+00:00,1001563.50,0.00,1001563.50,USD,GLBX-001,MARGIN,USD,[],False,{}
2026-03-09 13:02:23.743845858+00:00,1001565.50,0.00,1001565.50,USD,GLBX-001,MARGIN,USD,[],False,{}
2026-03-09 13:02:23.743845858+00:00,1001565.50,0.00,1001565.50,USD,GLBX-001,MARGIN,USD,[],False,{}
2026-03-09 13:03:21.878572767+00:00,1001565.75,0.00,1001565.75,USD,GLBX-001,MARGIN,USD,[],False,{}
2026-03-09 13:03:21.878572767+00:00,1001565.75,0.00,1001565.75,USD,GLBX-001,MARGIN,USD,[],False,{}
2026-03-09 13:04:38.008212557+00:00,1001569.75,0.00,1001569.75,USD,GLBX-001,MARGIN,USD,[],False,{}
2026-03-09 13:04:38.008212557+00:00,1001569.75,0.00,1001569.75,USD,GLBX-001,MARGIN,USD,[],False,{}
2026-03-09 13:04:55.274741435+00:00,1001571.00,0.00,1001571.00,USD,GLBX-001,MARGIN,USD,[],False,{}
2026-03-09 13:04:55.274741435+00:00,1001571.00,0.00,1001571.00,USD,GLBX-001,MARGIN,USD,[],False,{}
2026-03-09 13:05:20.542232490+00:00,1001571.75,0.00,1001571.75,USD,GLBX-001,MARGIN,USD,[],False,{}
2026-03-09 13:05:20.542232490+00:00,1001571.75,0.00,1001571.75,USD,GLBX-001,MARGIN,USD,[],False,{}
2026-03-09 13:05:49.861042189+00:00,1001572.00,0.00,1001572.00,USD,GLBX-001,MARGIN,USD,[],False,{}
2026-03-09 13:05:49.861042189+00:00,1001572.00,0.00,1001572.00,USD,GLBX-001,MARGIN,USD,[],False,{}
2026-03-09 13:06:18.180627781+00:00,1001572.75,0.00,1001572.75,USD,GLBX-001,MARGIN,USD,[],False,{}
2026-03-09 13:06:18.180627781+00:00,1001572.75,0.00,1001572.75,USD,GLBX-001,MARGIN,USD,[],False,{}
2026-03-09 13:07:54.885915111+00:00,1001579.25,0.00,1001579.25,USD,GLBX-001,MARGIN,USD,[],False,{}
2026-03-09 13:07:54.885915111+00:00,1001579.25,0.00,1001579.25,USD,GLBX-001,MARGIN,USD,[],False,{}
2026-03-09 13:08:23.590748751+00:00,1001579.00,0.00,1001579.00,USD,GLBX-001,MARGIN,USD,[],False,{}
2026-03-09 13:08:23.590748751+00:00,1001579.00,0.00,1001579.00,USD,GLBX-001,MARGIN,USD,[],False,{}
2026-03-09 13:08:55.269211139+00:00,1001577.50,0.00,1001577.50,USD,GLBX-001,MARGIN,USD,[],False,{}
2026-03-09 13:08:55.269211139+00:00,1001577.50,0.00,1001577.50,USD,GLBX-001,MARGIN,USD,[],False,{}
2026-03-09 13:11:11.831642339+00:00,1001585.25,0.00,1001585.25,USD,GLBX-001,MARGIN,USD,[],False,{}
2026-03-09 13:11:11.831642339+00:00,1001585.25,0.00,1001585.25,USD,GLBX-001,MARGIN,USD,[],False,{}
2026-03-09 13:12:31.776449867+00:00,1001589.00,0.00,1001589.00,USD,GLBX-001,MARGIN,USD,[],False,{}
2026-03-09 13:12:31.776449867+00:00,1001589.00,0.00,1001589.00,USD,GLBX-001,MARGIN,USD,[],False,{}
2026-03-09 13:14:48.124179746+00:00,1001597.00,0.00,1001597.00,USD,GLBX-001,MARGIN,USD,[],False,{}
2026-03-09 13:14:48.124179746+00:00,1001597.00,0.00,1001597.00,USD,GLBX-001,MARGIN,USD,[],False,{}
2026-03-09 13:15:05.279643460+00:00,1001598.75,0.00,1001598.75,USD,GLBX-001,MARGIN,USD,[],False,{}
2026-03-09 13:15:05.279643460+00:00,1001598.75,0.00,1001598.75,USD,GLBX-001,MARGIN,USD,[],False,{}
2026-03-09 13:16:01.067754316+00:00,1001600.25,0.00,1001600.25,USD,GLBX-001,MARGIN,USD,[],False,{}
2026-03-09 13:16:01.067754316+00:00,1001600.25,0.00,1001600.25,USD,GLBX-001,MARGIN,USD,[],False,{}
2026-03-09 13:16:30.342437130+00:00,1001601.25,0.00,1001601.25,USD,GLBX-001,MARGIN,USD,[],False,{}
2026-03-09 13:16:30.342437130+00:00,1001601.25,0.00,1001601.25,USD,GLBX-001,MARGIN,USD,[],False,{}
2026-03-09 13:16:58.229060989+00:00,1001601.25,0.00,1001601.25,USD,GLBX-001,MARGIN,USD,[],False,{}
2026-03-09 13:16:58.229060989+00:00,1001601.25,0.00,1001601.25,USD,GLBX-001,MARGIN,USD,[],False,{}
2026-03-09 13:19:45.945527057+00:00,1001606.25,0.00,1001606.25,USD,GLBX-001,MARGIN,USD,[],False,{}
2026-03-09 13:19:45.945527057+00:00,1001606.25,0.00,1001606.25,USD,GLBX-001,MARGIN,USD,[],False,{}
2026-03-09 13:20:13.329342303+00:00,1001604.00,0.00,1001604.00,USD,GLBX-001,MARGIN,USD,[],False,{}
2026-03-09 13:20:32.820177123+00:00,1001604.00,0.00,1001604.00,USD,GLBX-001,MARGIN,USD,[],False,{}
2026-03-09 13:20:40.404408151+00:00,1001604.75,0.00,1001604.75,USD,GLBX-001,MARGIN,USD,[],False,{}
2026-03-09 13:20:40.404408151+00:00,1001604.75,0.00,1001604.75,USD,GLBX-001,MARGIN,USD,[],False,{}
2026-03-09 13:21:22.540061877+00:00,1001604.75,0.00,1001604.75,USD,GLBX-001,MARGIN,USD,[],False,{}
2026-03-09 13:21:22.540061877+00:00,1001604.75,0.00,1001604.75,USD,GLBX-001,MARGIN,USD,[],False,{}
2026-03-09 13:22:46.372268591+00:00,1001605.75,0.00,1001605.75,USD,GLBX-001,MARGIN,USD,[],False,{}
2026-03-09 13:22:46.372268591+00:00,1001605.75,0.00,1001605.75,USD,GLBX-001,MARGIN,USD,[],False,{}
2026-03-09 13:24:09.303443775+00:00,1001606.00,0.00,1001606.00,USD,GLBX-001,MARGIN,USD,[],False,{}
2026-03-09 13:24:09.303443775+00:00,1001606.00,0.00,1001606.00,USD,GLBX-001,MARGIN,USD,[],False,{}
2026-03-09 13:25:00.038512554+00:00,1001608.00,0.00,1001608.00,USD,GLBX-001,MARGIN,USD,[],False,{}
2026-03-09 13:25:00.038512554+00:00,1001608.00,0.00,1001608.00,USD,GLBX-001,MARGIN,USD,[],False,{}
2026-03-09 13:26:05.323376149+00:00,1001609.00,0.00,1001609.00,USD,GLBX-001,MARGIN,USD,[],False,{}
2026-03-09 13:26:05.323376149+00:00,1001609.00,0.00,1001609.00,USD,GLBX-001,MARGIN,USD,[],False,{}
2026-03-09 13:26:30.087688347+00:00,1001607.25,0.00,1001607.25,USD,GLBX-001,MARGIN,USD,[],False,{}
2026-03-09 13:26:36.247416624+00:00,1001607.25,0.00,1001607.25,USD,GLBX-001,MARGIN,USD,[],False,{}
2026-03-09 13:27:23.033499599+00:00,1001610.00,0.00,1001610.00,USD,GLBX-001,MARGIN,USD,[],False,{}
2026-03-09 13:27:23.033499599+00:00,1001610.00,0.00,1001610.00,USD,GLBX-001,MARGIN,USD,[],False,{}
2026-03-09 13:27:53.576115642+00:00,1001613.25,0.00,1001613.25,USD,GLBX-001,MARGIN,USD,[],False,{}
2026-03-09 13:27:53.576115642+00:00,1001613.25,0.00,1001613.25,USD,GLBX-001,MARGIN,USD,[],False,{}
2026-03-09 13:30:05.508381482+00:00,1001625.75,0.00,1001625.75,USD,GLBX-001,MARGIN,USD,[],False,{}
2026-03-09 13:30:05.508381482+00:00,1001625.75,0.00,1001625.75,USD,GLBX-001,MARGIN,USD,[],False,{}
2026-03-09 13:30:07.052183986+00:00,1001628.75,0.00,1001628.75,USD,GLBX-001,MARGIN,USD,[],False,{}
2026-03-09 13:30:07.052183986+00:00,1001628.75,0.00,1001628.75,USD,GLBX-001,MARGIN,USD,[],False,{}
2026-03-09 13:30:45.873834173+00:00,1001632.25,0.00,1001632.25,USD,GLBX-001,MARGIN,USD,[],False,{}
2026-03-09 13:30:45.873834173+00:00,1001632.25,0.00,1001632.25,USD,GLBX-001,MARGIN,USD,[],False,{}
2026-03-09 13:32:00.568850671+00:00,1001634.50,0.00,1001634.50,USD,GLBX-001,MARGIN,USD,[],False,{}
2026-03-09 13:32:00.568850671+00:00,1001634.50,0.00,1001634.50,USD,GLBX-001,MARGIN,USD,[],False,{}
2026-03-09 13:32:08.891514896+00:00,1001633.00,0.00,1001633.00,USD,GLBX-001,MARGIN,USD,[],False,{}
2026-03-09 13:32:08.891514896+00:00,1001633.00,0.00,1001633.00,USD,GLBX-001,MARGIN,USD,[],False,{}
2026-03-09 13:33:38.027240288+00:00,1001641.50,0.00,1001641.50,USD,GLBX-001,MARGIN,USD,[],False,{}
2026-03-09 13:33:38.027240288+00:00,1001641.50,0.00,1001641.50,USD,GLBX-001,MARGIN,USD,[],False,{}
2026-03-09 13:33:53.077901319+00:00,1001645.50,0.00,1001645.50,USD,GLBX-001,MARGIN,USD,[],False,{}
2026-03-09 13:33:53.077901319+00:00,1001645.50,0.00,1001645.50,USD,GLBX-001,MARGIN,USD,[],False,{}
2026-03-09 13:33:55.297077912+00:00,1001647.25,0.00,1001647.25,USD,GLBX-001,MARGIN,USD,[],False,{}
2026-03-09 13:33:55.297077912+00:00,1001647.25,0.00,1001647.25,USD,GLBX-001,MARGIN,USD,[],False,{}
2026-03-09 13:34:05.744055679+00:00,1001649.25,0.00,1001649.25,USD,GLBX-001,MARGIN,USD,[],False,{}
2026-03-09 13:34:05.744055679+00:00,1001649.25,0.00,1001649.25,USD,GLBX-001,MARGIN,USD,[],False,{}
2026-03-09 13:35:19.292998051+00:00,1001648.00,0.00,1001648.00,USD,GLBX-001,MARGIN,USD,[],False,{}
2026-03-09 13:35:25.983362104+00:00,1001648.00,0.00,1001648.00,USD,GLBX-001,MARGIN,USD,[],False,{}
2026-03-09 13:35:36.208674861+00:00,1001644.50,0.00,1001644.50,USD,GLBX-001,MARGIN,USD,[],False,{}
2026-03-09 13:35:40.151256560+00:00,1001644.50,0.00,1001644.50,USD,GLBX-001,MARGIN,USD,[],False,{}
2026-03-09 13:38:32.108446192+00:00,1001655.25,0.00,1001655.25,USD,GLBX-001,MARGIN,USD,[],False,{}
2026-03-09 13:38:32.108446192+00:00,1001655.25,0.00,1001655.25,USD,GLBX-001,MARGIN,USD,[],False,{}
2026-03-09 13:38:54.347519291+00:00,1001657.50,0.00,1001657.50,USD,GLBX-001,MARGIN,USD,[],False,{}
2026-03-09 13:38:54.347519291+00:00,1001657.50,0.00,1001657.50,USD,GLBX-001,MARGIN,USD,[],False,{}
2026-03-09 13:41:10.989830051+00:00,1001668.75,0.00,1001668.75,USD,GLBX-001,MARGIN,USD,[],False,{}
2026-03-09 13:41:10.989830051+00:00,1001668.75,0.00,1001668.75,USD,GLBX-001,MARGIN,USD,[],False,{}
2026-03-09 13:41:31.746325896+00:00,1001670.00,0.00,1001670.00,USD,GLBX-001,MARGIN,USD,[],False,{}
2026-03-09 13:41:31.746325896+00:00,1001670.00,0.00,1001670.00,USD,GLBX-001,MARGIN,USD,[],False,{}
2026-03-09 13:42:46.495202667+00:00,1001675.25,0.00,1001675.25,USD,GLBX-001,MARGIN,USD,[],False,{}
2026-03-09 13:42:46.495202667+00:00,1001675.25,0.00,1001675.25,USD,GLBX-001,MARGIN,USD,[],False,{}
2026-03-09 13:43:49.943061320+00:00,1001678.50,0.00,1001678.50,USD,GLBX-001,MARGIN,USD,[],False,{}
2026-03-09 13:43:49.943061320+00:00,1001678.50,0.00,1001678.50,USD,GLBX-001,MARGIN,USD,[],False,{}
2026-03-09 13:44:19.579678156+00:00,1001678.50,0.00,1001678.50,USD,GLBX-001,MARGIN,USD,[],False,{}
2026-03-09 13:44:19.579678156+00:00,1001678.50,0.00,1001678.50,USD,GLBX-001,MARGIN,USD,[],False,{}
2026-03-09 13:44:34.006105563+00:00,1001677.50,0.00,1001677.50,USD,GLBX-001,MARGIN,USD,[],False,{}
2026-03-09 13:44:34.006105563+00:00,1001677.50,0.00,1001677.50,USD,GLBX-001,MARGIN,USD,[],False,{}
2026-03-09 13:44:36.662272471+00:00,1001678.25,0.00,1001678.25,USD,GLBX-001,MARGIN,USD,[],False,{}
2026-03-09 13:44:36.662272471+00:00,1001678.25,0.00,1001678.25,USD,GLBX-001,MARGIN,USD,[],False,{}
2026-03-09 13:44:56.966813091+00:00,1001679.00,0.00,1001679.00,USD,GLBX-001,MARGIN,USD,[],False,{}
2026-03-09 13:44:56.966813091+00:00,1001679.00,0.00,1001679.00,USD,GLBX-001,MARGIN,USD,[],False,{}
2026-03-09 13:45:30.681292168+00:00,1001679.25,0.00,1001679.25,USD,GLBX-001,MARGIN,USD,[],False,{}
2026-03-09 13:45:30.681292168+00:00,1001679.25,0.00,1001679.25,USD,GLBX-001,MARGIN,USD,[],False,{}
2026-03-09 13:46:05.781293864+00:00,1001682.75,0.00,1001682.75,USD,GLBX-001,MARGIN,USD,[],False,{}
2026-03-09 13:46:05.781293864+00:00,1001682.75,0.00,1001682.75,USD,GLBX-001,MARGIN,USD,[],False,{}
2026-03-09 13:46:18.088965019+00:00,1001684.75,0.00,1001684.75,USD,GLBX-001,MARGIN,USD,[],False,{}
2026-03-09 13:46:18.088965019+00:00,1001684.75,0.00,1001684.75,USD,GLBX-001,MARGIN,USD,[],False,{}
2026-03-09 13:46:28.702631458+00:00,1001686.75,0.00,1001686.75,USD,GLBX-001,MARGIN,USD,[],False,{}
2026-03-09 13:46:28.702631458+00:00,1001686.75,0.00,1001686.75,USD,GLBX-001,MARGIN,USD,[],False,{}
2026-03-09 13:46:54.750913896+00:00,1001687.25,0.00,1001687.25,USD,GLBX-001,MARGIN,USD,[],False,{}
2026-03-09 13:46:54.750913896+00:00,1001687.25,0.00,1001687.25,USD,GLBX-001,MARGIN,USD,[],False,{}
2026-03-09 13:48:11.362643050+00:00,1001692.75,0.00,1001692.75,USD,GLBX-001,MARGIN,USD,[],False,{}
2026-03-09 13:48:11.362643050+00:00,1001692.75,0.00,1001692.75,USD,GLBX-001,MARGIN,USD,[],False,{}
2026-03-09 13:48:12.464064616+00:00,1001696.25,0.00,1001696.25,USD,GLBX-001,MARGIN,USD,[],False,{}
2026-03-09 13:48:12.464064616+00:00,1001696.25,0.00,1001696.25,USD,GLBX-001,MARGIN,USD,[],False,{}
2026-03-09 13:48:32.230247360+00:00,1001700.00,0.00,1001700.00,USD,GLBX-001,MARGIN,USD,[],False,{}
2026-03-09 13:48:32.230247360+00:00,1001700.00,0.00,1001700.00,USD,GLBX-001,MARGIN,USD,[],False,{}
2026-03-09 13:49:55.411991154+00:00,1001712.50,0.00,1001712.50,USD,GLBX-001,MARGIN,USD,[],False,{}
2026-03-09 13:49:55.411991154+00:00,1001712.50,0.00,1001712.50,USD,GLBX-001,MARGIN,USD,[],False,{}
2026-03-09 13:50:16.255191749+00:00,1001716.00,0.00,1001716.00,USD,GLBX-001,MARGIN,USD,[],False,{}
2026-03-09 13:50:16.255191749+00:00,1001716.00,0.00,1001716.00,USD,GLBX-001,MARGIN,USD,[],False,{}
2026-03-09 13:51:02.623079175+00:00,1001721.00,0.00,1001721.00,USD,GLBX-001,MARGIN,USD,[],False,{}
2026-03-09 13:51:02.623079175+00:00,1001721.00,0.00,1001721.00,USD,GLBX-001,MARGIN,USD,[],False,{}
2026-03-09 13:51:10.207297413+00:00,1001722.50,0.00,1001722.50,USD,GLBX-001,MARGIN,USD,[],False,{}
2026-03-09 13:51:10.207297413+00:00,1001722.50,0.00,1001722.50,USD,GLBX-001,MARGIN,USD,[],False,{}
2026-03-09 13:51:25.591635354+00:00,1001724.25,0.00,1001724.25,USD,GLBX-001,MARGIN,USD,[],False,{}
2026-03-09 13:51:25.591635354+00:00,1001724.25,0.00,1001724.25,USD,GLBX-001,MARGIN,USD,[],False,{}
2026-03-09 13:51:32.184502722+00:00,1001722.75,0.00,1001722.75,USD,GLBX-001,MARGIN,USD,[],False,{}
2026-03-09 13:51:50.287525040+00:00,1001722.75,0.00,1001722.75,USD,GLBX-001,MARGIN,USD,[],False,{}
2026-03-09 13:51:55.548412488+00:00,1001723.00,0.00,1001723.00,USD,GLBX-001,MARGIN,USD,[],False,{}
2026-03-09 13:51:55.548412488+00:00,1001723.00,0.00,1001723.00,USD,GLBX-001,MARGIN,USD,[],False,{}
2026-03-09 13:52:34.406435107+00:00,1001724.00,0.00,1001724.00,USD,GLBX-001,MARGIN,USD,[],False,{}
2026-03-09 13:52:34.406435107+00:00,1001724.00,0.00,1001724.00,USD,GLBX-001,MARGIN,USD,[],False,{}
2026-03-09 13:53:47.890057453+00:00,1001730.00,0.00,1001730.00,USD,GLBX-001,MARGIN,USD,[],False,{}
2026-03-09 13:53:47.890057453+00:00,1001730.00,0.00,1001730.00,USD,GLBX-001,MARGIN,USD,[],False,{}
2026-03-09 13:54:24.723180395+00:00,1001732.75,0.00,1001732.75,USD,GLBX-001,MARGIN,USD,[],False,{}
2026-03-09 13:54:24.723180395+00:00,1001732.75,0.00,1001732.75,USD,GLBX-001,MARGIN,USD,[],False,{}
2026-03-09 13:54:54.016878301+00:00,1001734.25,0.00,1001734.25,USD,GLBX-001,MARGIN,USD,[],False,{}
2026-03-09 13:54:54.016878301+00:00,1001734.25,0.00,1001734.25,USD,GLBX-001,MARGIN,USD,[],False,{}
2026-03-09 13:55:50.343036717+00:00,1001744.50,0.00,1001744.50,USD,GLBX-001,MARGIN,USD,[],False,{}
2026-03-09 13:55:50.343036717+00:00,1001744.50,0.00,1001744.50,USD,GLBX-001,MARGIN,USD,[],False,{}
2026-03-09 13:56:11.692579363+00:00,1001744.75,0.00,1001744.75,USD,GLBX-001,MARGIN,USD,[],False,{}
2026-03-09 13:56:15.814797597+00:00,1001744.75,0.00,1001744.75,USD,GLBX-001,MARGIN,USD,[],False,{}
2026-03-09 13:56:39.644554512+00:00,1001746.25,0.00,1001746.25,USD,GLBX-001,MARGIN,USD,[],False,{}
2026-03-09 13:56:39.644554512+00:00,1001746.25,0.00,1001746.25,USD,GLBX-001,MARGIN,USD,[],False,{}
2026-03-09 13:56:46.615363737+00:00,1001745.25,0.00,1001745.25,USD,GLBX-001,MARGIN,USD,[],False,{}
2026-03-09 13:56:46.615363737+00:00,1001745.25,0.00,1001745.25,USD,GLBX-001,MARGIN,USD,[],False,{}
2026-03-09 13:57:02.584122190+00:00,1001744.00,0.00,1001744.00,USD,GLBX-001,MARGIN,USD,[],False,{}
2026-03-09 13:57:04.064041526+00:00,1001744.00,0.00,1001744.00,USD,GLBX-001,MARGIN,USD,[],False,{}
2026-03-09 13:57:26.605881634+00:00,1001744.75,0.00,1001744.75,USD,GLBX-001,MARGIN,USD,[],False,{}
2026-03-09 13:57:26.605881634+00:00,1001744.75,0.00,1001744.75,USD,GLBX-001,MARGIN,USD,[],False,{}
2026-03-09 13:58:05.524885059+00:00,1001749.50,0.00,1001749.50,USD,GLBX-001,MARGIN,USD,[],False,{}
2026-03-09 13:58:05.524885059+00:00,1001749.50,0.00,1001749.50,USD,GLBX-001,MARGIN,USD,[],False,{}
2026-03-09 13:58:45.413257088+00:00,1001753.25,0.00,1001753.25,USD,GLBX-001,MARGIN,USD,[],False,{}
2026-03-09 13:58:45.413257088+00:00,1001753.25,0.00,1001753.25,USD,GLBX-001,MARGIN,USD,[],False,{}
2026-03-09 13:58:58.914630159+00:00,1001752.00,0.00,1001752.00,USD,GLBX-001,MARGIN,USD,[],False,{}
2026-03-09 13:59:01.704904493+00:00,1001752.00,0.00,1001752.00,USD,GLBX-001,MARGIN,USD,[],False,{}
2026-03-09 13:59:34.147316194+00:00,1001753.75,0.00,1001753.75,USD,GLBX-001,MARGIN,USD,[],False,{}
2026-03-09 13:59:34.147316194+00:00,1001753.75,0.00,1001753.75,USD,GLBX-001,MARGIN,USD,[],False,{}
2026-03-09 13:59:36.688124914+00:00,1001753.75,0.00,1001753.75,USD,GLBX-001,MARGIN,USD,[],False,{}
2026-03-09 13:59:36.688124914+00:00,1001753.75,0.00,1001753.75,USD,GLBX-001,MARGIN,USD,[],False,{}
2026-03-09 13:59:55.841755448+00:00,1001754.00,0.00,1001754.00,USD,GLBX-001,MARGIN,USD,[],False,{}
2026-03-09 13:59:55.841755448+00:00,1001754.00,0.00,1001754.00,USD,GLBX-001,MARGIN,USD,[],False,{}
2026-03-09 14:01:08.325933571+00:00,1001755.25,0.00,1001755.25,USD,GLBX-001,MARGIN,USD,[],False,{}
2026-03-09 14:01:08.325933571+00:00,1001755.25,0.00,1001755.25,USD,GLBX-001,MARGIN,USD,[],False,{}
2026-03-09 14:01:30.718114539+00:00,1001754.00,0.00,1001754.00,USD,GLBX-001,MARGIN,USD,[],False,{}
2026-03-09 14:01:30.718114539+00:00,1001754.00,0.00,1001754.00,USD,GLBX-001,MARGIN,USD,[],False,{}
2026-03-09 14:02:00.711928280+00:00,1001754.50,0.00,1001754.50,USD,GLBX-001,MARGIN,USD,[],False,{}
2026-03-09 14:02:00.711928280+00:00,1001754.50,0.00,1001754.50,USD,GLBX-001,MARGIN,USD,[],False,{}
2026-03-09 14:02:06.334373446+00:00,1001755.00,0.00,1001755.00,USD,GLBX-001,MARGIN,USD,[],False,{}
2026-03-09 14:02:06.334373446+00:00,1001755.00,0.00,1001755.00,USD,GLBX-001,MARGIN,USD,[],False,{}
2026-03-09 14:02:19.683731934+00:00,1001757.25,0.00,1001757.25,USD,GLBX-001,MARGIN,USD,[],False,{}
2026-03-09 14:02:19.683731934+00:00,1001757.25,0.00,1001757.25,USD,GLBX-001,MARGIN,USD,[],False,{}
2026-03-09 14:02:32.372951855+00:00,1001759.75,0.00,1001759.75,USD,GLBX-001,MARGIN,USD,[],False,{}
2026-03-09 14:02:32.372951855+00:00,1001759.75,0.00,1001759.75,USD,GLBX-001,MARGIN,USD,[],False,{}
2026-03-09 14:03:15.003854847+00:00,1001769.00,0.00,1001769.00,USD,GLBX-001,MARGIN,USD,[],False,{}
2026-03-09 14:03:15.003854847+00:00,1001769.00,0.00,1001769.00,USD,GLBX-001,MARGIN,USD,[],False,{}
2026-03-09 14:03:20.737399807+00:00,1001768.25,0.00,1001768.25,USD,GLBX-001,MARGIN,USD,[],False,{}
2026-03-09 14:03:20.737399807+00:00,1001768.25,0.00,1001768.25,USD,GLBX-001,MARGIN,USD,[],False,{}
2026-03-09 14:03:22.730763490+00:00,1001769.50,0.00,1001769.50,USD,GLBX-001,MARGIN,USD,[],False,{}
2026-03-09 14:03:22.730763490+00:00,1001769.50,0.00,1001769.50,USD,GLBX-001,MARGIN,USD,[],False,{}
2026-03-09 14:03:34.223257008+00:00,1001767.50,0.00,1001767.50,USD,GLBX-001,MARGIN,USD,[],False,{}
2026-03-09 14:03:34.223257008+00:00,1001767.50,0.00,1001767.50,USD,GLBX-001,MARGIN,USD,[],False,{}
2026-03-09 14:04:19.095379277+00:00,1001769.50,0.00,1001769.50,USD,GLBX-001,MARGIN,USD,[],False,{}
2026-03-09 14:04:19.095379277+00:00,1001769.50,0.00,1001769.50,USD,GLBX-001,MARGIN,USD,[],False,{}
2026-03-09 14:04:20.281216947+00:00,1001772.00,0.00,1001772.00,USD,GLBX-001,MARGIN,USD,[],False,{}
2026-03-09 14:04:20.281216947+00:00,1001772.00,0.00,1001772.00,USD,GLBX-001,MARGIN,USD,[],False,{}
2026-03-09 14:04:44.393483818+00:00,1001772.75,0.00,1001772.75,USD,GLBX-001,MARGIN,USD,[],False,{}
2026-03-09 14:04:44.393483818+00:00,1001772.75,0.00,1001772.75,USD,GLBX-001,MARGIN,USD,[],False,{}
2026-03-09 14:06:02.062846602+00:00,1001794.25,0.00,1001794.25,USD,GLBX-001,MARGIN,USD,[],False,{}
2026-03-09 14:06:02.062846602+00:00,1001794.25,0.00,1001794.25,USD,GLBX-001,MARGIN,USD,[],False,{}
2026-03-09 14:06:08.319560496+00:00,1001797.50,0.00,1001797.50,USD,GLBX-001,MARGIN,USD,[],False,{}
2026-03-09 14:06:08.319560496+00:00,1001797.50,0.00,1001797.50,USD,GLBX-001,MARGIN,USD,[],False,{}
2026-03-09 14:06:22.054586985+00:00,1001801.50,0.00,1001801.50,USD,GLBX-001,MARGIN,USD,[],False,{}
2026-03-09 14:06:22.054586985+00:00,1001801.50,0.00,1001801.50,USD,GLBX-001,MARGIN,USD,[],False,{}
2026-03-09 14:06:46.503977714+00:00,1001803.75,0.00,1001803.75,USD,GLBX-001,MARGIN,USD,[],False,{}
2026-03-09 14:06:46.503977714+00:00,1001803.75,0.00,1001803.75,USD,GLBX-001,MARGIN,USD,[],False,{}
2026-03-09 14:07:30.138070+00:00,1001806.75,0.00,1001806.75,USD,GLBX-001,MARGIN,USD,[],False,{}
2026-03-09 14:07:30.138070+00:00,1001806.75,0.00,1001806.75,USD,GLBX-001,MARGIN,USD,[],False,{}
2026-03-09 14:07:45.895710819+00:00,1001806.75,0.00,1001806.75,USD,GLBX-001,MARGIN,USD,[],False,{}
2026-03-09 14:07:45.895710819+00:00,1001806.75,0.00,1001806.75,USD,GLBX-001,MARGIN,USD,[],False,{}
2026-03-09 14:08:48.222017631+00:00,1001811.00,0.00,1001811.00,USD,GLBX-001,MARGIN,USD,[],False,{}
2026-03-09 14:08:48.222017631+00:00,1001811.00,0.00,1001811.00,USD,GLBX-001,MARGIN,USD,[],False,{}
2026-03-09 14:09:25.116486560+00:00,1001815.75,0.00,1001815.75,USD,GLBX-001,MARGIN,USD,[],False,{}
2026-03-09 14:09:25.116486560+00:00,1001815.75,0.00,1001815.75,USD,GLBX-001,MARGIN,USD,[],False,{}
2026-03-09 14:10:14.379506458+00:00,1001818.00,0.00,1001818.00,USD,GLBX-001,MARGIN,USD,[],False,{}
2026-03-09 14:10:14.379506458+00:00,1001818.00,0.00,1001818.00,USD,GLBX-001,MARGIN,USD,[],False,{}
2026-03-09 14:10:23.855080695+00:00,1001819.25,0.00,1001819.25,USD,GLBX-001,MARGIN,USD,[],False,{}
2026-03-09 14:10:23.855080695+00:00,1001819.25,0.00,1001819.25,USD,GLBX-001,MARGIN,USD,[],False,{}
2026-03-09 14:11:39.439613571+00:00,1001826.00,0.00,1001826.00,USD,GLBX-001,MARGIN,USD,[],False,{}
2026-03-09 14:11:39.439613571+00:00,1001826.00,0.00,1001826.00,USD,GLBX-001,MARGIN,USD,[],False,{}
2026-03-09 14:12:05.860936557+00:00,1001829.00,0.00,1001829.00,USD,GLBX-001,MARGIN,USD,[],False,{}
2026-03-09 14:12:05.860936557+00:00,1001829.00,0.00,1001829.00,USD,GLBX-001,MARGIN,USD,[],False,{}
2026-03-09 14:12:45.353752106+00:00,1001832.50,0.00,1001832.50,USD,GLBX-001,MARGIN,USD,[],False,{}
2026-03-09 14:12:45.353752106+00:00,1001832.50,0.00,1001832.50,USD,GLBX-001,MARGIN,USD,[],False,{}
2026-03-09 14:13:24.013458891+00:00,1001835.25,0.00,1001835.25,USD,GLBX-001,MARGIN,USD,[],False,{}
2026-03-09 14:13:24.013458891+00:00,1001835.25,0.00,1001835.25,USD,GLBX-001,MARGIN,USD,[],False,{}
2026-03-09 14:13:43.906650171+00:00,1001835.50,0.00,1001835.50,USD,GLBX-001,MARGIN,USD,[],False,{}
2026-03-09 14:13:43.906650171+00:00,1001835.50,0.00,1001835.50,USD,GLBX-001,MARGIN,USD,[],False,{}
2026-03-09 14:14:19.063707907+00:00,1001840.00,0.00,1001840.00,USD,GLBX-001,MARGIN,USD,[],False,{}
2026-03-09 14:14:19.063707907+00:00,1001840.00,0.00,1001840.00,USD,GLBX-001,MARGIN,USD,[],False,{}
2026-03-09 14:14:22.440261256+00:00,1001842.75,0.00,1001842.75,USD,GLBX-001,MARGIN,USD,[],False,{}
2026-03-09 14:14:22.440261256+00:00,1001842.75,0.00,1001842.75,USD,GLBX-001,MARGIN,USD,[],False,{}
2026-03-09 14:14:23.448515485+00:00,1001844.00,0.00,1001844.00,USD,GLBX-001,MARGIN,USD,[],False,{}
2026-03-09 14:14:23.448515485+00:00,1001844.00,0.00,1001844.00,USD,GLBX-001,MARGIN,USD,[],False,{}
2026-03-09 14:14:27.573160963+00:00,1001845.00,0.00,1001845.00,USD,GLBX-001,MARGIN,USD,[],False,{}
2026-03-09 14:14:27.573160963+00:00,1001845.00,0.00,1001845.00,USD,GLBX-001,MARGIN,USD,[],False,{}
2026-03-09 14:15:23.574060448+00:00,1001849.00,0.00,1001849.00,USD,GLBX-001,MARGIN,USD,[],False,{}
2026-03-09 14:15:23.574060448+00:00,1001849.00,0.00,1001849.00,USD,GLBX-001,MARGIN,USD,[],False,{}
2026-03-09 14:15:53.315231458+00:00,1001853.50,0.00,1001853.50,USD,GLBX-001,MARGIN,USD,[],False,{}
2026-03-09 14:15:53.315231458+00:00,1001853.50,0.00,1001853.50,USD,GLBX-001,MARGIN,USD,[],False,{}
2026-03-09 14:16:38.631348853+00:00,1001858.00,0.00,1001858.00,USD,GLBX-001,MARGIN,USD,[],False,{}
2026-03-09 14:16:38.631348853+00:00,1001858.00,0.00,1001858.00,USD,GLBX-001,MARGIN,USD,[],False,{}
2026-03-09 14:17:05.132923007+00:00,1001856.25,0.00,1001856.25,USD,GLBX-001,MARGIN,USD,[],False,{}
2026-03-09 14:17:09.370909616+00:00,1001856.25,0.00,1001856.25,USD,GLBX-001,MARGIN,USD,[],False,{}
2026-03-09 14:17:32.487893578+00:00,1001858.75,0.00,1001858.75,USD,GLBX-001,MARGIN,USD,[],False,{}
2026-03-09 14:17:32.487893578+00:00,1001858.75,0.00,1001858.75,USD,GLBX-001,MARGIN,USD,[],False,{}
2026-03-09 14:18:26.266905899+00:00,1001855.75,0.00,1001855.75,USD,GLBX-001,MARGIN,USD,[],False,{}
2026-03-09 14:18:39.521565490+00:00,1001855.75,0.00,1001855.75,USD,GLBX-001,MARGIN,USD,[],False,{}
2026-03-09 14:18:55.324435263+00:00,1001861.00,0.00,1001861.00,USD,GLBX-001,MARGIN,USD,[],False,{}
2026-03-09 14:18:55.324435263+00:00,1001861.00,0.00,1001861.00,USD,GLBX-001,MARGIN,USD,[],False,{}
2026-03-09 14:19:11.014856810+00:00,1001861.50,0.00,1001861.50,USD,GLBX-001,MARGIN,USD,[],False,{}
2026-03-09 14:19:11.014856810+00:00,1001861.50,0.00,1001861.50,USD,GLBX-001,MARGIN,USD,[],False,{}
2026-03-09 14:19:50.447153787+00:00,1001862.00,0.00,1001862.00,USD,GLBX-001,MARGIN,USD,[],False,{}
2026-03-09 14:19:50.447153787+00:00,1001862.00,0.00,1001862.00,USD,GLBX-001,MARGIN,USD,[],False,{}
2026-03-09 14:21:05.208646730+00:00,1001869.00,0.00,1001869.00,USD,GLBX-001,MARGIN,USD,[],False,{}
2026-03-09 14:21:05.208646730+00:00,1001869.00,0.00,1001869.00,USD,GLBX-001,MARGIN,USD,[],False,{}
2026-03-09 14:21:28.208500593+00:00,1001869.50,0.00,1001869.50,USD,GLBX-001,MARGIN,USD,[],False,{}
2026-03-09 14:21:51.956588011+00:00,1001869.50,0.00,1001869.50,USD,GLBX-001,MARGIN,USD,[],False,{}
2026-03-09 14:23:19.605577344+00:00,1001888.50,0.00,1001888.50,USD,GLBX-001,MARGIN,USD,[],False,{}
2026-03-09 14:23:19.605577344+00:00,1001888.50,0.00,1001888.50,USD,GLBX-001,MARGIN,USD,[],False,{}
2026-03-09 14:23:22.955358027+00:00,1001888.25,0.00,1001888.25,USD,GLBX-001,MARGIN,USD,[],False,{}
2026-03-09 14:23:25.478810370+00:00,1001888.25,0.00,1001888.25,USD,GLBX-001,MARGIN,USD,[],False,{}
2026-03-09 14:23:27.150586797+00:00,1001890.75,0.00,1001890.75,USD,GLBX-001,MARGIN,USD,[],False,{}
2026-03-09 14:23:27.150586797+00:00,1001890.75,0.00,1001890.75,USD,GLBX-001,MARGIN,USD,[],False,{}
2026-03-09 14:24:13.402025597+00:00,1001896.25,0.00,1001896.25,USD,GLBX-001,MARGIN,USD,[],False,{}
2026-03-09 14:24:13.402025597+00:00,1001896.25,0.00,1001896.25,USD,GLBX-001,MARGIN,USD,[],False,{}
2026-03-09 14:24:56.452291111+00:00,1001900.00,0.00,1001900.00,USD,GLBX-001,MARGIN,USD,[],False,{}
2026-03-09 14:24:56.452291111+00:00,1001900.00,0.00,1001900.00,USD,GLBX-001,MARGIN,USD,[],False,{}
2026-03-09 14:25:19.195489175+00:00,1001900.75,0.00,1001900.75,USD,GLBX-001,MARGIN,USD,[],False,{}
2026-03-09 14:25:19.195489175+00:00,1001900.75,0.00,1001900.75,USD,GLBX-001,MARGIN,USD,[],False,{}
2026-03-09 14:25:32.568496968+00:00,1001900.75,0.00,1001900.75,USD,GLBX-001,MARGIN,USD,[],False,{}
2026-03-09 14:25:32.568496968+00:00,1001900.75,0.00,1001900.75,USD,GLBX-001,MARGIN,USD,[],False,{}
2026-03-09 14:27:17.175620615+00:00,1001914.50,0.00,1001914.50,USD,GLBX-001,MARGIN,USD,[],False,{}
2026-03-09 14:27:17.175620615+00:00,1001914.50,0.00,1001914.50,USD,GLBX-001,MARGIN,USD,[],False,{}
2026-03-09 14:28:06.258223877+00:00,1001915.75,0.00,1001915.75,USD,GLBX-001,MARGIN,USD,[],False,{}
2026-03-09 14:28:06.258223877+00:00,1001915.75,0.00,1001915.75,USD,GLBX-001,MARGIN,USD,[],False,{}
2026-03-09 14:29:09.524785128+00:00,1001916.00,0.00,1001916.00,USD,GLBX-001,MARGIN,USD,[],False,{}
2026-03-09 14:29:09.524785128+00:00,1001916.00,0.00,1001916.00,USD,GLBX-001,MARGIN,USD,[],False,{}
2026-03-09 14:30:10.272976712+00:00,1001921.75,0.00,1001921.75,USD,GLBX-001,MARGIN,USD,[],False,{}
2026-03-09 14:30:10.272976712+00:00,1001921.75,0.00,1001921.75,USD,GLBX-001,MARGIN,USD,[],False,{}
2026-03-09 14:30:42.233430819+00:00,1001924.00,0.00,1001924.00,USD,GLBX-001,MARGIN,USD,[],False,{}
2026-03-09 14:30:42.233430819+00:00,1001924.00,0.00,1001924.00,USD,GLBX-001,MARGIN,USD,[],False,{}
2026-03-09 14:31:27.481398303+00:00,1001927.50,0.00,1001927.50,USD,GLBX-001,MARGIN,USD,[],False,{}
2026-03-09 14:31:27.481398303+00:00,1001927.50,0.00,1001927.50,USD,GLBX-001,MARGIN,USD,[],False,{}
2026-03-09 14:32:03.423877919+00:00,1001927.50,0.00,1001927.50,USD,GLBX-001,MARGIN,USD,[],False,{}
2026-03-09 14:32:03.423877919+00:00,1001927.50,0.00,1001927.50,USD,GLBX-001,MARGIN,USD,[],False,{}
2026-03-09 14:33:03.975437947+00:00,1001928.75,0.00,1001928.75,USD,GLBX-001,MARGIN,USD,[],False,{}
2026-03-09 14:33:03.975437947+00:00,1001928.75,0.00,1001928.75,USD,GLBX-001,MARGIN,USD,[],False,{}
2026-03-09 14:33:24.975193357+00:00,1001929.25,0.00,1001929.25,USD,GLBX-001,MARGIN,USD,[],False,{}
2026-03-09 14:33:24.975193357+00:00,1001929.25,0.00,1001929.25,USD,GLBX-001,MARGIN,USD,[],False,{}
2026-03-09 14:34:16.913401949+00:00,1001931.75,0.00,1001931.75,USD,GLBX-001,MARGIN,USD,[],False,{}
2026-03-09 14:34:16.913401949+00:00,1001931.75,0.00,1001931.75,USD,GLBX-001,MARGIN,USD,[],False,{}
2026-03-09 14:34:30.640746171+00:00,1001933.00,0.00,1001933.00,USD,GLBX-001,MARGIN,USD,[],False,{}
2026-03-09 14:34:30.640746171+00:00,1001933.00,0.00,1001933.00,USD,GLBX-001,MARGIN,USD,[],False,{}
2026-03-09 14:34:43.165251378+00:00,1001933.00,0.00,1001933.00,USD,GLBX-001,MARGIN,USD,[],False,{}
2026-03-09 14:34:43.165251378+00:00,1001933.00,0.00,1001933.00,USD,GLBX-001,MARGIN,USD,[],False,{}
2026-03-09 14:34:50.611202855+00:00,1001932.00,0.00,1001932.00,USD,GLBX-001,MARGIN,USD,[],False,{}
2026-03-09 14:34:50.611202855+00:00,1001932.00,0.00,1001932.00,USD,GLBX-001,MARGIN,USD,[],False,{}
2026-03-09 14:36:37.597116377+00:00,1001940.50,0.00,1001940.50,USD,GLBX-001,MARGIN,USD,[],False,{}
2026-03-09 14:36:37.597116377+00:00,1001940.50,0.00,1001940.50,USD,GLBX-001,MARGIN,USD,[],False,{}
2026-03-09 14:37:13.979219153+00:00,1001942.25,0.00,1001942.25,USD,GLBX-001,MARGIN,USD,[],False,{}
2026-03-09 14:37:13.979219153+00:00,1001942.25,0.00,1001942.25,USD,GLBX-001,MARGIN,USD,[],False,{}
2026-03-09 14:38:45.090253107+00:00,1001950.00,0.00,1001950.00,USD,GLBX-001,MARGIN,USD,[],False,{}
2026-03-09 14:38:45.090253107+00:00,1001950.00,0.00,1001950.00,USD,GLBX-001,MARGIN,USD,[],False,{}
2026-03-09 14:39:43.723302186+00:00,1001952.00,0.00,1001952.00,USD,GLBX-001,MARGIN,USD,[],False,{}
2026-03-09 14:39:43.723302186+00:00,1001952.00,0.00,1001952.00,USD,GLBX-001,MARGIN,USD,[],False,{}
2026-03-09 14:40:05.755070787+00:00,1001950.75,0.00,1001950.75,USD,GLBX-001,MARGIN,USD,[],False,{}
2026-03-09 14:40:15.087682188+00:00,1001950.75,0.00,1001950.75,USD,GLBX-001,MARGIN,USD,[],False,{}
2026-03-09 14:40:30.499232477+00:00,1001954.25,0.00,1001954.25,USD,GLBX-001,MARGIN,USD,[],False,{}
2026-03-09 14:40:30.499232477+00:00,1001954.25,0.00,1001954.25,USD,GLBX-001,MARGIN,USD,[],False,{}
2026-03-09 14:41:37.389981226+00:00,1001961.50,0.00,1001961.50,USD,GLBX-001,MARGIN,USD,[],False,{}
2026-03-09 14:41:37.389981226+00:00,1001961.50,0.00,1001961.50,USD,GLBX-001,MARGIN,USD,[],False,{}
2026-03-09 14:42:07.547374847+00:00,1001968.25,0.00,1001968.25,USD,GLBX-001,MARGIN,USD,[],False,{}
2026-03-09 14:42:07.547374847+00:00,1001968.25,0.00,1001968.25,USD,GLBX-001,MARGIN,USD,[],False,{}
2026-03-09 14:43:11.779685736+00:00,1001974.75,0.00,1001974.75,USD,GLBX-001,MARGIN,USD,[],False,{}
2026-03-09 14:43:11.779685736+00:00,1001974.75,0.00,1001974.75,USD,GLBX-001,MARGIN,USD,[],False,{}
2026-03-09 14:43:23.719100843+00:00,1001976.75,0.00,1001976.75,USD,GLBX-001,MARGIN,USD,[],False,{}
2026-03-09 14:43:23.719100843+00:00,1001976.75,0.00,1001976.75,USD,GLBX-001,MARGIN,USD,[],False,{}
2026-03-09 14:43:37.708035336+00:00,1001977.50,0.00,1001977.50,USD,GLBX-001,MARGIN,USD,[],False,{}
2026-03-09 14:43:37.708035336+00:00,1001977.50,0.00,1001977.50,USD,GLBX-001,MARGIN,USD,[],False,{}
2026-03-09 14:44:07.095963656+00:00,1001977.00,0.00,1001977.00,USD,GLBX-001,MARGIN,USD,[],False,{}
2026-03-09 14:44:16.681851547+00:00,1001977.00,0.00,1001977.00,USD,GLBX-001,MARGIN,USD,[],False,{}
2026-03-09 14:45:50.766344634+00:00,1001987.25,0.00,1001987.25,USD,GLBX-001,MARGIN,USD,[],False,{}
2026-03-09 14:45:50.766344634+00:00,1001987.25,0.00,1001987.25,USD,GLBX-001,MARGIN,USD,[],False,{}
2026-03-09 14:46:24.334224595+00:00,1001987.50,0.00,1001987.50,USD,GLBX-001,MARGIN,USD,[],False,{}
2026-03-09 14:46:24.334224595+00:00,1001987.50,0.00,1001987.50,USD,GLBX-001,MARGIN,USD,[],False,{}
2026-03-09 14:46:59.907277563+00:00,1001991.50,0.00,1001991.50,USD,GLBX-001,MARGIN,USD,[],False,{}
2026-03-09 14:46:59.907277563+00:00,1001991.50,0.00,1001991.50,USD,GLBX-001,MARGIN,USD,[],False,{}
2026-03-09 14:47:01.425050386+00:00,1001991.25,0.00,1001991.25,USD,GLBX-001,MARGIN,USD,[],False,{}
2026-03-09 14:47:01.425050386+00:00,1001991.25,0.00,1001991.25,USD,GLBX-001,MARGIN,USD,[],False,{}
2026-03-09 14:47:54.012178573+00:00,1001991.75,0.00,1001991.75,USD,GLBX-001,MARGIN,USD,[],False,{}
2026-03-09 14:47:54.012178573+00:00,1001991.75,0.00,1001991.75,USD,GLBX-001,MARGIN,USD,[],False,{}
2026-03-09 14:48:04.198512715+00:00,1001990.25,0.00,1001990.25,USD,GLBX-001,MARGIN,USD,[],False,{}
2026-03-09 14:48:17.464635663+00:00,1001990.25,0.00,1001990.25,USD,GLBX-001,MARGIN,USD,[],False,{}
2026-03-09 14:49:17.463379032+00:00,1001995.00,0.00,1001995.00,USD,GLBX-001,MARGIN,USD,[],False,{}
2026-03-09 14:49:17.463379032+00:00,1001995.00,0.00,1001995.00,USD,GLBX-001,MARGIN,USD,[],False,{}
2026-03-09 14:49:49.926236253+00:00,1001996.50,0.00,1001996.50,USD,GLBX-001,MARGIN,USD,[],False,{}
2026-03-09 14:49:49.926236253+00:00,1001996.50,0.00,1001996.50,USD,GLBX-001,MARGIN,USD,[],False,{}
2026-03-09 14:50:10.187723197+00:00,1001999.00,0.00,1001999.00,USD,GLBX-001,MARGIN,USD,[],False,{}
2026-03-09 14:50:10.187723197+00:00,1001999.00,0.00,1001999.00,USD,GLBX-001,MARGIN,USD,[],False,{}
2026-03-09 14:51:52.609158691+00:00,1002004.25,0.00,1002004.25,USD,GLBX-001,MARGIN,USD,[],False,{}
2026-03-09 14:51:52.609158691+00:00,1002004.25,0.00,1002004.25,USD,GLBX-001,MARGIN,USD,[],False,{}
2026-03-09 14:52:14.913730472+00:00,1002005.75,0.00,1002005.75,USD,GLBX-001,MARGIN,USD,[],False,{}
2026-03-09 14:52:14.913730472+00:00,1002005.75,0.00,1002005.75,USD,GLBX-001,MARGIN,USD,[],False,{}
2026-03-09 14:52:46.508249055+00:00,1002007.75,0.00,1002007.75,USD,GLBX-001,MARGIN,USD,[],False,{}
2026-03-09 14:52:46.508249055+00:00,1002007.75,0.00,1002007.75,USD,GLBX-001,MARGIN,USD,[],False,{}
2026-03-09 14:53:04.010769927+00:00,1002006.25,0.00,1002006.25,USD,GLBX-001,MARGIN,USD,[],False,{}
2026-03-09 14:53:09.622528859+00:00,1002006.25,0.00,1002006.25,USD,GLBX-001,MARGIN,USD,[],False,{}
2026-03-09 14:53:31.237554645+00:00,1002007.50,0.00,1002007.50,USD,GLBX-001,MARGIN,USD,[],False,{}
2026-03-09 14:53:31.237554645+00:00,1002007.50,0.00,1002007.50,USD,GLBX-001,MARGIN,USD,[],False,{}
2026-03-09 14:54:09.789651584+00:00,1002008.75,0.00,1002008.75,USD,GLBX-001,MARGIN,USD,[],False,{}
2026-03-09 14:54:09.789651584+00:00,1002008.75,0.00,1002008.75,USD,GLBX-001,MARGIN,USD,[],False,{}
2026-03-09 14:54:55.769898680+00:00,1002013.00,0.00,1002013.00,USD,GLBX-001,MARGIN,USD,[],False,{}
2026-03-09 14:54:55.769898680+00:00,1002013.00,0.00,1002013.00,USD,GLBX-001,MARGIN,USD,[],False,{}
2026-03-09 14:55:24.940058021+00:00,1002013.50,0.00,1002013.50,USD,GLBX-001,MARGIN,USD,[],False,{}
2026-03-09 14:55:24.940058021+00:00,1002013.50,0.00,1002013.50,USD,GLBX-001,MARGIN,USD,[],False,{}
2026-03-09 14:55:36.773406376+00:00,1002012.50,0.00,1002012.50,USD,GLBX-001,MARGIN,USD,[],False,{}
2026-03-09 14:55:36.773406376+00:00,1002012.50,0.00,1002012.50,USD,GLBX-001,MARGIN,USD,[],False,{}
2026-03-09 14:56:17.425450258+00:00,1002018.00,0.00,1002018.00,USD,GLBX-001,MARGIN,USD,[],False,{}
2026-03-09 14:56:17.425450258+00:00,1002018.00,0.00,1002018.00,USD,GLBX-001,MARGIN,USD,[],False,{}
2026-03-09 14:57:32.471126907+00:00,1002022.25,0.00,1002022.25,USD,GLBX-001,MARGIN,USD,[],False,{}
2026-03-09 14:57:32.471126907+00:00,1002022.25,0.00,1002022.25,USD,GLBX-001,MARGIN,USD,[],False,{}
2026-03-09 14:57:52.120629364+00:00,1002021.75,0.00,1002021.75,USD,GLBX-001,MARGIN,USD,[],False,{}
2026-03-09 14:57:52.120629364+00:00,1002021.75,0.00,1002021.75,USD,GLBX-001,MARGIN,USD,[],False,{}
2026-03-09 14:58:28.142217079+00:00,1002024.00,0.00,1002024.00,USD,GLBX-001,MARGIN,USD,[],False,{}
2026-03-09 14:58:28.142217079+00:00,1002024.00,0.00,1002024.00,USD,GLBX-001,MARGIN,USD,[],False,{}
2026-03-09 14:59:39.949011544+00:00,1002029.75,0.00,1002029.75,USD,GLBX-001,MARGIN,USD,[],False,{}
2026-03-09 14:59:39.949011544+00:00,1002029.75,0.00,1002029.75,USD,GLBX-001,MARGIN,USD,[],False,{}
2026-03-09 15:00:37.282498493+00:00,1002033.25,0.00,1002033.25,USD,GLBX-001,MARGIN,USD,[],False,{}
2026-03-09 15:00:37.282498493+00:00,1002033.25,0.00,1002033.25,USD,GLBX-001,MARGIN,USD,[],False,{}
2026-03-09 15:00:40.402060674+00:00,1002033.00,0.00,1002033.00,USD,GLBX-001,MARGIN,USD,[],False,{}
2026-03-09 15:00:40.402060674+00:00,1002033.00,0.00,1002033.00,USD,GLBX-001,MARGIN,USD,[],False,{}
2026-03-09 15:01:18.232838827+00:00,1002033.00,0.00,1002033.00,USD,GLBX-001,MARGIN,USD,[],False,{}
2026-03-09 15:01:18.232838827+00:00,1002033.00,0.00,1002033.00,USD,GLBX-001,MARGIN,USD,[],False,{}
2026-03-09 15:01:25.421271223+00:00,1002033.75,0.00,1002033.75,USD,GLBX-001,MARGIN,USD,[],False,{}
2026-03-09 15:01:25.421271223+00:00,1002033.75,0.00,1002033.75,USD,GLBX-001,MARGIN,USD,[],False,{}
2026-03-09 15:02:34.954222484+00:00,1002037.50,0.00,1002037.50,USD,GLBX-001,MARGIN,USD,[],False,{}
2026-03-09 15:02:34.954222484+00:00,1002037.50,0.00,1002037.50,USD,GLBX-001,MARGIN,USD,[],False,{}
2026-03-09 15:03:14.344678721+00:00,1002039.00,0.00,1002039.00,USD,GLBX-001,MARGIN,USD,[],False,{}
2026-03-09 15:03:14.344678721+00:00,1002039.00,0.00,1002039.00,USD,GLBX-001,MARGIN,USD,[],False,{}
2026-03-09 15:03:44.967280456+00:00,1002041.50,0.00,1002041.50,USD,GLBX-001,MARGIN,USD,[],False,{}
2026-03-09 15:03:44.967280456+00:00,1002041.50,0.00,1002041.50,USD,GLBX-001,MARGIN,USD,[],False,{}
2026-03-09 15:03:54.349742160+00:00,1002039.25,0.00,1002039.25,USD,GLBX-001,MARGIN,USD,[],False,{}
2026-03-09 15:03:58.527868277+00:00,1002039.25,0.00,1002039.25,USD,GLBX-001,MARGIN,USD,[],False,{}
2026-03-09 15:04:45.946757442+00:00,1002041.50,0.00,1002041.50,USD,GLBX-001,MARGIN,USD,[],False,{}
2026-03-09 15:04:45.946757442+00:00,1002041.50,0.00,1002041.50,USD,GLBX-001,MARGIN,USD,[],False,{}
2026-03-09 15:04:57.184887731+00:00,1002042.75,0.00,1002042.75,USD,GLBX-001,MARGIN,USD,[],False,{}
2026-03-09 15:04:57.184887731+00:00,1002042.75,0.00,1002042.75,USD,GLBX-001,MARGIN,USD,[],False,{}
2026-03-09 15:05:24.485033215+00:00,1002043.25,0.00,1002043.25,USD,GLBX-001,MARGIN,USD,[],False,{}
2026-03-09 15:05:24.485033215+00:00,1002043.25,0.00,1002043.25,USD,GLBX-001,MARGIN,USD,[],False,{}
2026-03-09 15:06:34.761614394+00:00,1002044.50,0.00,1002044.50,USD,GLBX-001,MARGIN,USD,[],False,{}
2026-03-09 15:06:34.761614394+00:00,1002044.50,0.00,1002044.50,USD,GLBX-001,MARGIN,USD,[],False,{}
2026-03-09 15:06:47.124395242+00:00,1002043.75,0.00,1002043.75,USD,GLBX-001,MARGIN,USD,[],False,{}
2026-03-09 15:06:47.124395242+00:00,1002043.75,0.00,1002043.75,USD,GLBX-001,MARGIN,USD,[],False,{}
2026-03-09 15:07:13.749604759+00:00,1002042.75,0.00,1002042.75,USD,GLBX-001,MARGIN,USD,[],False,{}
2026-03-09 15:07:16.203764431+00:00,1002042.75,0.00,1002042.75,USD,GLBX-001,MARGIN,USD,[],False,{}
2026-03-09 15:09:15.607430317+00:00,1002047.50,0.00,1002047.50,USD,GLBX-001,MARGIN,USD,[],False,{}
2026-03-09 15:09:15.607430317+00:00,1002047.50,0.00,1002047.50,USD,GLBX-001,MARGIN,USD,[],False,{}
2026-03-09 15:09:17.985751239+00:00,1002047.00,0.00,1002047.00,USD,GLBX-001,MARGIN,USD,[],False,{}
2026-03-09 15:09:17.985751239+00:00,1002047.00,0.00,1002047.00,USD,GLBX-001,MARGIN,USD,[],False,{}
2026-03-09 15:09:34.102831655+00:00,1002049.00,0.00,1002049.00,USD,GLBX-001,MARGIN,USD,[],False,{}
2026-03-09 15:09:34.102831655+00:00,1002049.00,0.00,1002049.00,USD,GLBX-001,MARGIN,USD,[],False,{}
2026-03-09 15:10:55.747797411+00:00,1002054.75,0.00,1002054.75,USD,GLBX-001,MARGIN,USD,[],False,{}
2026-03-09 15:10:55.747797411+00:00,1002054.75,0.00,1002054.75,USD,GLBX-001,MARGIN,USD,[],False,{}
2026-03-09 15:11:45.942811435+00:00,1002057.50,0.00,1002057.50,USD,GLBX-001,MARGIN,USD,[],False,{}
2026-03-09 15:11:45.942811435+00:00,1002057.50,0.00,1002057.50,USD,GLBX-001,MARGIN,USD,[],False,{}
2026-03-09 15:12:31.061252987+00:00,1002061.50,0.00,1002061.50,USD,GLBX-001,MARGIN,USD,[],False,{}
2026-03-09 15:12:31.061252987+00:00,1002061.50,0.00,1002061.50,USD,GLBX-001,MARGIN,USD,[],False,{}
2026-03-09 15:12:50.636558887+00:00,1002061.75,0.00,1002061.75,USD,GLBX-001,MARGIN,USD,[],False,{}
2026-03-09 15:12:50.636558887+00:00,1002061.75,0.00,1002061.75,USD,GLBX-001,MARGIN,USD,[],False,{}
2026-03-09 15:13:25.382130203+00:00,1002064.25,0.00,1002064.25,USD,GLBX-001,MARGIN,USD,[],False,{}
2026-03-09 15:13:25.382130203+00:00,1002064.25,0.00,1002064.25,USD,GLBX-001,MARGIN,USD,[],False,{}
2026-03-09 15:14:05.811446207+00:00,1002066.75,0.00,1002066.75,USD,GLBX-001,MARGIN,USD,[],False,{}
2026-03-09 15:14:05.811446207+00:00,1002066.75,0.00,1002066.75,USD,GLBX-001,MARGIN,USD,[],False,{}
2026-03-09 15:15:26.975667775+00:00,1002072.75,0.00,1002072.75,USD,GLBX-001,MARGIN,USD,[],False,{}
2026-03-09 15:15:26.975667775+00:00,1002072.75,0.00,1002072.75,USD,GLBX-001,MARGIN,USD,[],False,{}
2026-03-09 15:15:30.497354090+00:00,1002072.50,0.00,1002072.50,USD,GLBX-001,MARGIN,USD,[],False,{}
2026-03-09 15:15:30.497354090+00:00,1002072.50,0.00,1002072.50,USD,GLBX-001,MARGIN,USD,[],False,{}
2026-03-09 15:15:49.890266392+00:00,1002071.50,0.00,1002071.50,USD,GLBX-001,MARGIN,USD,[],False,{}
2026-03-09 15:15:49.890266392+00:00,1002071.50,0.00,1002071.50,USD,GLBX-001,MARGIN,USD,[],False,{}
2026-03-09 15:16:14.851454043+00:00,1002070.75,0.00,1002070.75,USD,GLBX-001,MARGIN,USD,[],False,{}
2026-03-09 15:16:14.851454043+00:00,1002070.75,0.00,1002070.75,USD,GLBX-001,MARGIN,USD,[],False,{}
2026-03-09 15:16:40.001037090+00:00,1002070.25,0.00,1002070.25,USD,GLBX-001,MARGIN,USD,[],False,{}
2026-03-09 15:17:06.446493343+00:00,1002070.25,0.00,1002070.25,USD,GLBX-001,MARGIN,USD,[],False,{}
2026-03-09 15:17:27.806455869+00:00,1002070.00,0.00,1002070.00,USD,GLBX-001,MARGIN,USD,[],False,{}
2026-03-09 15:17:28.993880240+00:00,1002070.00,0.00,1002070.00,USD,GLBX-001,MARGIN,USD,[],False,{}
2026-03-09 15:19:05.192561851+00:00,1002075.50,0.00,1002075.50,USD,GLBX-001,MARGIN,USD,[],False,{}
2026-03-09 15:19:05.192561851+00:00,1002075.50,0.00,1002075.50,USD,GLBX-001,MARGIN,USD,[],False,{}
2026-03-09 15:19:39.128528531+00:00,1002077.50,0.00,1002077.50,USD,GLBX-001,MARGIN,USD,[],False,{}
2026-03-09 15:19:39.128528531+00:00,1002077.50,0.00,1002077.50,USD,GLBX-001,MARGIN,USD,[],False,{}
2026-03-09 15:19:47.387789178+00:00,1002077.75,0.00,1002077.75,USD,GLBX-001,MARGIN,USD,[],False,{}
2026-03-09 15:19:47.387789178+00:00,1002077.75,0.00,1002077.75,USD,GLBX-001,MARGIN,USD,[],False,{}
2026-03-09 15:20:24.467590928+00:00,1002081.00,0.00,1002081.00,USD,GLBX-001,MARGIN,USD,[],False,{}
2026-03-09 15:20:24.467590928+00:00,1002081.00,0.00,1002081.00,USD,GLBX-001,MARGIN,USD,[],False,{}
2026-03-09 15:20:36.182530122+00:00,1002082.50,0.00,1002082.50,USD,GLBX-001,MARGIN,USD,[],False,{}
2026-03-09 15:20:36.182530122+00:00,1002082.50,0.00,1002082.50,USD,GLBX-001,MARGIN,USD,[],False,{}
2026-03-09 15:20:41.731363856+00:00,1002083.50,0.00,1002083.50,USD,GLBX-001,MARGIN,USD,[],False,{}
2026-03-09 15:20:41.731363856+00:00,1002083.50,0.00,1002083.50,USD,GLBX-001,MARGIN,USD,[],False,{}
2026-03-09 15:20:54.501993941+00:00,1002084.75,0.00,1002084.75,USD,GLBX-001,MARGIN,USD,[],False,{}
2026-03-09 15:20:54.501993941+00:00,1002084.75,0.00,1002084.75,USD,GLBX-001,MARGIN,USD,[],False,{}
2026-03-09 15:22:10.028201784+00:00,1002087.50,0.00,1002087.50,USD,GLBX-001,MARGIN,USD,[],False,{}
2026-03-09 15:22:10.028201784+00:00,1002087.50,0.00,1002087.50,USD,GLBX-001,MARGIN,USD,[],False,{}
2026-03-09 15:22:11.155662661+00:00,1002088.25,0.00,1002088.25,USD,GLBX-001,MARGIN,USD,[],False,{}
2026-03-09 15:22:11.155662661+00:00,1002088.25,0.00,1002088.25,USD,GLBX-001,MARGIN,USD,[],False,{}
2026-03-09 15:22:18.375631538+00:00,1002090.00,0.00,1002090.00,USD,GLBX-001,MARGIN,USD,[],False,{}
2026-03-09 15:22:18.375631538+00:00,1002090.00,0.00,1002090.00,USD,GLBX-001,MARGIN,USD,[],False,{}
2026-03-09 15:22:22.475557932+00:00,1002090.50,0.00,1002090.50,USD,GLBX-001,MARGIN,USD,[],False,{}
2026-03-09 15:22:22.475557932+00:00,1002090.50,0.00,1002090.50,USD,GLBX-001,MARGIN,USD,[],False,{}
2026-03-09 15:22:23.495618880+00:00,1002091.25,0.00,1002091.25,USD,GLBX-001,MARGIN,USD,[],False,{}
2026-03-09 15:22:23.495618880+00:00,1002091.25,0.00,1002091.25,USD,GLBX-001,MARGIN,USD,[],False,{}
2026-03-09 15:22:55.720501274+00:00,1002092.50,0.00,1002092.50,USD,GLBX-001,MARGIN,USD,[],False,{}
2026-03-09 15:22:55.720501274+00:00,1002092.50,0.00,1002092.50,USD,GLBX-001,MARGIN,USD,[],False,{}
2026-03-09 15:22:58.453169605+00:00,1002093.75,0.00,1002093.75,USD,GLBX-001,MARGIN,USD,[],False,{}
2026-03-09 15:22:58.453169605+00:00,1002093.75,0.00,1002093.75,USD,GLBX-001,MARGIN,USD,[],False,{}
2026-03-09 15:23:00.175576512+00:00,1002094.25,0.00,1002094.25,USD,GLBX-001,MARGIN,USD,[],False,{}
2026-03-09 15:23:00.175576512+00:00,1002094.25,0.00,1002094.25,USD,GLBX-001,MARGIN,USD,[],False,{}
2026-03-09 15:23:07.955701347+00:00,1002094.75,0.00,1002094.75,USD,GLBX-001,MARGIN,USD,[],False,{}
2026-03-09 15:23:07.955701347+00:00,1002094.75,0.00,1002094.75,USD,GLBX-001,MARGIN,USD,[],False,{}
2026-03-09 15:23:16.291817536+00:00,1002096.00,0.00,1002096.00,USD,GLBX-001,MARGIN,USD,[],False,{}
2026-03-09 15:23:16.291817536+00:00,1002096.00,0.00,1002096.00,USD,GLBX-001,MARGIN,USD,[],False,{}
2026-03-09 15:23:53.145074088+00:00,1002098.00,0.00,1002098.00,USD,GLBX-001,MARGIN,USD,[],False,{}
2026-03-09 15:23:53.145074088+00:00,1002098.00,0.00,1002098.00,USD,GLBX-001,MARGIN,USD,[],False,{}
2026-03-09 15:24:01.451506608+00:00,1002097.75,0.00,1002097.75,USD,GLBX-001,MARGIN,USD,[],False,{}
2026-03-09 15:24:01.451506608+00:00,1002097.75,0.00,1002097.75,USD,GLBX-001,MARGIN,USD,[],False,{}
2026-03-09 15:24:29.748143091+00:00,1002097.50,0.00,1002097.50,USD,GLBX-001,MARGIN,USD,[],False,{}
2026-03-09 15:24:29.748143091+00:00,1002097.50,0.00,1002097.50,USD,GLBX-001,MARGIN,USD,[],False,{}
2026-03-09 15:24:55.433544139+00:00,1002097.25,0.00,1002097.25,USD,GLBX-001,MARGIN,USD,[],False,{}
2026-03-09 15:24:58.004014549+00:00,1002097.25,0.00,1002097.25,USD,GLBX-001,MARGIN,USD,[],False,{}
2026-03-09 15:27:17.296136128+00:00,1002102.00,0.00,1002102.00,USD,GLBX-001,MARGIN,USD,[],False,{}
2026-03-09 15:27:17.296136128+00:00,1002102.00,0.00,1002102.00,USD,GLBX-001,MARGIN,USD,[],False,{}
2026-03-09 15:27:20.494927938+00:00,1002103.00,0.00,1002103.00,USD,GLBX-001,MARGIN,USD,[],False,{}
2026-03-09 15:27:20.494927938+00:00,1002103.00,0.00,1002103.00,USD,GLBX-001,MARGIN,USD,[],False,{}
2026-03-09 15:27:22.959125599+00:00,1002103.00,0.00,1002103.00,USD,GLBX-001,MARGIN,USD,[],False,{}
2026-03-09 15:27:22.959125599+00:00,1002103.00,0.00,1002103.00,USD,GLBX-001,MARGIN,USD,[],False,{}
2026-03-09 15:28:36.719566988+00:00,1002106.00,0.00,1002106.00,USD,GLBX-001,MARGIN,USD,[],False,{}
2026-03-09 15:28:36.719566988+00:00,1002106.00,0.00,1002106.00,USD,GLBX-001,MARGIN,USD,[],False,{}
2026-03-09 15:29:36.417984815+00:00,1002108.75,0.00,1002108.75,USD,GLBX-001,MARGIN,USD,[],False,{}
2026-03-09 15:29:36.417984815+00:00,1002108.75,0.00,1002108.75,USD,GLBX-001,MARGIN,USD,[],False,{}
2026-03-09 15:30:08.194701754+00:00,1002111.50,0.00,1002111.50,USD,GLBX-001,MARGIN,USD,[],False,{}
2026-03-09 15:30:08.194701754+00:00,1002111.50,0.00,1002111.50,USD,GLBX-001,MARGIN,USD,[],False,{}
2026-03-09 15:30:15.223362071+00:00,1002111.75,0.00,1002111.75,USD,GLBX-001,MARGIN,USD,[],False,{}
2026-03-09 15:30:15.223362071+00:00,1002111.75,0.00,1002111.75,USD,GLBX-001,MARGIN,USD,[],False,{}
2026-03-09 15:30:32.289252253+00:00,1002112.75,0.00,1002112.75,USD,GLBX-001,MARGIN,USD,[],False,{}
2026-03-09 15:30:32.289252253+00:00,1002112.75,0.00,1002112.75,USD,GLBX-001,MARGIN,USD,[],False,{}
2026-03-09 15:31:20.542711868+00:00,1002115.25,0.00,1002115.25,USD,GLBX-001,MARGIN,USD,[],False,{}
2026-03-09 15:31:20.542711868+00:00,1002115.25,0.00,1002115.25,USD,GLBX-001,MARGIN,USD,[],False,{}
2026-03-09 15:33:04.548355304+00:00,1002120.50,0.00,1002120.50,USD,GLBX-001,MARGIN,USD,[],False,{}
2026-03-09 15:33:04.548355304+00:00,1002120.50,0.00,1002120.50,USD,GLBX-001,MARGIN,USD,[],False,{}
2026-03-09 15:33:11.027529893+00:00,1002120.75,0.00,1002120.75,USD,GLBX-001,MARGIN,USD,[],False,{}
2026-03-09 15:33:11.027529893+00:00,1002120.75,0.00,1002120.75,USD,GLBX-001,MARGIN,USD,[],False,{}
2026-03-09 15:34:25.553487080+00:00,1002123.50,0.00,1002123.50,USD,GLBX-001,MARGIN,USD,[],False,{}
2026-03-09 15:34:25.553487080+00:00,1002123.50,0.00,1002123.50,USD,GLBX-001,MARGIN,USD,[],False,{}
2026-03-09 15:34:28.718723688+00:00,1002123.75,0.00,1002123.75,USD,GLBX-001,MARGIN,USD,[],False,{}
2026-03-09 15:34:28.718723688+00:00,1002123.75,0.00,1002123.75,USD,GLBX-001,MARGIN,USD,[],False,{}
2026-03-09 15:34:43.769151395+00:00,1002125.75,0.00,1002125.75,USD,GLBX-001,MARGIN,USD,[],False,{}
2026-03-09 15:34:43.769151395+00:00,1002125.75,0.00,1002125.75,USD,GLBX-001,MARGIN,USD,[],False,{}
2026-03-09 15:34:53.838632712+00:00,1002127.50,0.00,1002127.50,USD,GLBX-001,MARGIN,USD,[],False,{}
2026-03-09 15:34:53.838632712+00:00,1002127.50,0.00,1002127.50,USD,GLBX-001,MARGIN,USD,[],False,{}
2026-03-09 15:35:32.242060288+00:00,1002131.50,0.00,1002131.50,USD,GLBX-001,MARGIN,USD,[],False,{}
2026-03-09 15:35:32.242060288+00:00,1002131.50,0.00,1002131.50,USD,GLBX-001,MARGIN,USD,[],False,{}
2026-03-09 15:35:52.633119344+00:00,1002133.50,0.00,1002133.50,USD,GLBX-001,MARGIN,USD,[],False,{}
2026-03-09 15:35:52.633119344+00:00,1002133.50,0.00,1002133.50,USD,GLBX-001,MARGIN,USD,[],False,{}
2026-03-09 15:36:40.113640259+00:00,1002134.00,0.00,1002134.00,USD,GLBX-001,MARGIN,USD,[],False,{}
2026-03-09 15:36:40.113640259+00:00,1002134.00,0.00,1002134.00,USD,GLBX-001,MARGIN,USD,[],False,{}
2026-03-09 15:37:11.300377270+00:00,1002134.75,0.00,1002134.75,USD,GLBX-001,MARGIN,USD,[],False,{}
2026-03-09 15:37:11.300377270+00:00,1002134.75,0.00,1002134.75,USD,GLBX-001,MARGIN,USD,[],False,{}
2026-03-09 15:37:30.288870024+00:00,1002134.50,0.00,1002134.50,USD,GLBX-001,MARGIN,USD,[],False,{}
2026-03-09 15:37:30.288870024+00:00,1002134.50,0.00,1002134.50,USD,GLBX-001,MARGIN,USD,[],False,{}
2026-03-09 15:37:55.678393327+00:00,1002136.50,0.00,1002136.50,USD,GLBX-001,MARGIN,USD,[],False,{}
2026-03-09 15:37:55.678393327+00:00,1002136.50,0.00,1002136.50,USD,GLBX-001,MARGIN,USD,[],False,{}
2026-03-09 15:38:17.165677245+00:00,1002138.00,0.00,1002138.00,USD,GLBX-001,MARGIN,USD,[],False,{}
2026-03-09 15:38:17.165677245+00:00,1002138.00,0.00,1002138.00,USD,GLBX-001,MARGIN,USD,[],False,{}
2026-03-09 15:38:29.494689879+00:00,1002138.50,0.00,1002138.50,USD,GLBX-001,MARGIN,USD,[],False,{}
2026-03-09 15:38:29.494689879+00:00,1002138.50,0.00,1002138.50,USD,GLBX-001,MARGIN,USD,[],False,{}
2026-03-09 15:38:55.690458976+00:00,1002138.75,0.00,1002138.75,USD,GLBX-001,MARGIN,USD,[],False,{}
2026-03-09 15:39:29.178740166+00:00,1002138.75,0.00,1002138.75,USD,GLBX-001,MARGIN,USD,[],False,{}
2026-03-09 15:40:05.972884703+00:00,1002142.75,0.00,1002142.75,USD,GLBX-001,MARGIN,USD,[],False,{}
2026-03-09 15:40:05.972884703+00:00,1002142.75,0.00,1002142.75,USD,GLBX-001,MARGIN,USD,[],False,{}
2026-03-09 15:40:18.679248960+00:00,1002144.00,0.00,1002144.00,USD,GLBX-001,MARGIN,USD,[],False,{}
2026-03-09 15:40:18.679248960+00:00,1002144.00,0.00,1002144.00,USD,GLBX-001,MARGIN,USD,[],False,{}
2026-03-09 15:40:49.830701448+00:00,1002145.75,0.00,1002145.75,USD,GLBX-001,MARGIN,USD,[],False,{}
2026-03-09 15:40:49.830701448+00:00,1002145.75,0.00,1002145.75,USD,GLBX-001,MARGIN,USD,[],False,{}
2026-03-09 15:41:39.374963664+00:00,1002146.50,0.00,1002146.50,USD,GLBX-001,MARGIN,USD,[],False,{}
2026-03-09 15:41:39.374963664+00:00,1002146.50,0.00,1002146.50,USD,GLBX-001,MARGIN,USD,[],False,{}
2026-03-09 15:42:39.164882813+00:00,1002147.50,0.00,1002147.50,USD,GLBX-001,MARGIN,USD,[],False,{}
2026-03-09 15:42:39.164882813+00:00,1002147.50,0.00,1002147.50,USD,GLBX-001,MARGIN,USD,[],False,{}
2026-03-09 15:44:03.856685067+00:00,1002150.00,0.00,1002150.00,USD,GLBX-001,MARGIN,USD,[],False,{}
2026-03-09 15:44:03.856685067+00:00,1002150.00,0.00,1002150.00,USD,GLBX-001,MARGIN,USD,[],False,{}
2026-03-09 15:44:17.732817507+00:00,1002150.75,0.00,1002150.75,USD,GLBX-001,MARGIN,USD,[],False,{}
2026-03-09 15:44:17.732817507+00:00,1002150.75,0.00,1002150.75,USD,GLBX-001,MARGIN,USD,[],False,{}
2026-03-09 15:46:22.909077047+00:00,1002158.50,0.00,1002158.50,USD,GLBX-001,MARGIN,USD,[],False,{}
2026-03-09 15:46:22.909077047+00:00,1002158.50,0.00,1002158.50,USD,GLBX-001,MARGIN,USD,[],False,{}
2026-03-09 15:47:01.282842226+00:00,1002162.00,0.00,1002162.00,USD,GLBX-001,MARGIN,USD,[],False,{}
2026-03-09 15:47:01.282842226+00:00,1002162.00,0.00,1002162.00,USD,GLBX-001,MARGIN,USD,[],False,{}
2026-03-09 15:47:39.112915003+00:00,1002164.00,0.00,1002164.00,USD,GLBX-001,MARGIN,USD,[],False,{}
2026-03-09 15:47:39.112915003+00:00,1002164.00,0.00,1002164.00,USD,GLBX-001,MARGIN,USD,[],False,{}
2026-03-09 15:48:05.874847310+00:00,1002167.00,0.00,1002167.00,USD,GLBX-001,MARGIN,USD,[],False,{}
2026-03-09 15:48:05.874847310+00:00,1002167.00,0.00,1002167.00,USD,GLBX-001,MARGIN,USD,[],False,{}
2026-03-09 15:48:21.969716775+00:00,1002168.75,0.00,1002168.75,USD,GLBX-001,MARGIN,USD,[],False,{}
2026-03-09 15:48:21.969716775+00:00,1002168.75,0.00,1002168.75,USD,GLBX-001,MARGIN,USD,[],False,{}
2026-03-09 15:48:44.781478094+00:00,1002169.50,0.00,1002169.50,USD,GLBX-001,MARGIN,USD,[],False,{}
2026-03-09 15:48:44.781478094+00:00,1002169.50,0.00,1002169.50,USD,GLBX-001,MARGIN,USD,[],False,{}
2026-03-09 15:49:08.342623103+00:00,1002170.50,0.00,1002170.50,USD,GLBX-001,MARGIN,USD,[],False,{}
2026-03-09 15:49:08.342623103+00:00,1002170.50,0.00,1002170.50,USD,GLBX-001,MARGIN,USD,[],False,{}
2026-03-09 15:51:00.626857880+00:00,1002171.00,0.00,1002171.00,USD,GLBX-001,MARGIN,USD,[],False,{}
2026-03-09 15:51:00.626857880+00:00,1002171.00,0.00,1002171.00,USD,GLBX-001,MARGIN,USD,[],False,{}
2026-03-09 15:51:35.935320722+00:00,1002172.75,0.00,1002172.75,USD,GLBX-001,MARGIN,USD,[],False,{}
2026-03-09 15:51:35.935320722+00:00,1002172.75,0.00,1002172.75,USD,GLBX-001,MARGIN,USD,[],False,{}
2026-03-09 15:52:33.616870531+00:00,1002173.00,0.00,1002173.00,USD,GLBX-001,MARGIN,USD,[],False,{}
2026-03-09 15:52:33.616870531+00:00,1002173.00,0.00,1002173.00,USD,GLBX-001,MARGIN,USD,[],False,{}
2026-03-09 15:54:04.886812464+00:00,1002178.50,0.00,1002178.50,USD,GLBX-001,MARGIN,USD,[],False,{}
2026-03-09 15:54:04.886812464+00:00,1002178.50,0.00,1002178.50,USD,GLBX-001,MARGIN,USD,[],False,{}
2026-03-09 15:54:32.510489517+00:00,1002180.50,0.00,1002180.50,USD,GLBX-001,MARGIN,USD,[],False,{}
2026-03-09 15:54:32.510489517+00:00,1002180.50,0.00,1002180.50,USD,GLBX-001,MARGIN,USD,[],False,{}
2026-03-09 15:55:02.541020128+00:00,1002181.00,0.00,1002181.00,USD,GLBX-001,MARGIN,USD,[],False,{}
2026-03-09 15:55:02.541020128+00:00,1002181.00,0.00,1002181.00,USD,GLBX-001,MARGIN,USD,[],False,{}
2026-03-09 15:56:32.812200829+00:00,1002182.50,0.00,1002182.50,USD,GLBX-001,MARGIN,USD,[],False,{}
2026-03-09 15:56:32.812200829+00:00,1002182.50,0.00,1002182.50,USD,GLBX-001,MARGIN,USD,[],False,{}
2026-03-09 15:57:56.332995720+00:00,1002183.75,0.00,1002183.75,USD,GLBX-001,MARGIN,USD,[],False,{}
2026-03-09 15:57:56.332995720+00:00,1002183.75,0.00,1002183.75,USD,GLBX-001,MARGIN,USD,[],False,{}
2026-03-09 15:59:01.463907413+00:00,1002186.00,0.00,1002186.00,USD,GLBX-001,MARGIN,USD,[],False,{}
2026-03-09 15:59:01.463907413+00:00,1002186.00,0.00,1002186.00,USD,GLBX-001,MARGIN,USD,[],False,{}
2026-03-09 15:59:56.402800439+00:00,1002186.50,0.00,1002186.50,USD,GLBX-001,MARGIN,USD,[],False,{}
2026-03-09 15:59:56.402800439+00:00,1002186.50,0.00,1002186.50,USD,GLBX-001,MARGIN,USD,[],False,{}
2026-03-09 16:00:38.854473776+00:00,1002188.00,0.00,1002188.00,USD,GLBX-001,MARGIN,USD,[],False,{}
2026-03-09 16:00:38.854473776+00:00,1002188.00,0.00,1002188.00,USD,GLBX-001,MARGIN,USD,[],False,{}
2026-03-09 16:01:34.979614550+00:00,1002189.75,0.00,1002189.75,USD,GLBX-001,MARGIN,USD,[],False,{}
2026-03-09 16:01:34.979614550+00:00,1002189.75,0.00,1002189.75,USD,GLBX-001,MARGIN,USD,[],False,{}
2026-03-09 16:02:30.588161635+00:00,1002191.50,0.00,1002191.50,USD,GLBX-001,MARGIN,USD,[],False,{}
2026-03-09 16:02:30.588161635+00:00,1002191.50,0.00,1002191.50,USD,GLBX-001,MARGIN,USD,[],False,{}
2026-03-09 16:03:52.701638891+00:00,1002196.50,0.00,1002196.50,USD,GLBX-001,MARGIN,USD,[],False,{}
2026-03-09 16:03:52.701638891+00:00,1002196.50,0.00,1002196.50,USD,GLBX-001,MARGIN,USD,[],False,{}
2026-03-09 16:04:12.185260354+00:00,1002196.50,0.00,1002196.50,USD,GLBX-001,MARGIN,USD,[],False,{}
2026-03-09 16:04:12.185260354+00:00,1002196.50,0.00,1002196.50,USD,GLBX-001,MARGIN,USD,[],False,{}
2026-03-09 16:04:41.678194411+00:00,1002196.00,0.00,1002196.00,USD,GLBX-001,MARGIN,USD,[],False,{}
2026-03-09 16:04:41.678194411+00:00,1002196.00,0.00,1002196.00,USD,GLBX-001,MARGIN,USD,[],False,{}
2026-03-09 16:05:33.254406591+00:00,1002196.50,0.00,1002196.50,USD,GLBX-001,MARGIN,USD,[],False,{}
2026-03-09 16:05:33.254406591+00:00,1002196.50,0.00,1002196.50,USD,GLBX-001,MARGIN,USD,[],False,{}
2026-03-09 16:06:14.904449911+00:00,1002197.00,0.00,1002197.00,USD,GLBX-001,MARGIN,USD,[],False,{}
2026-03-09 16:06:14.904449911+00:00,1002197.00,0.00,1002197.00,USD,GLBX-001,MARGIN,USD,[],False,{}
2026-03-09 16:06:34.460233698+00:00,1002196.75,0.00,1002196.75,USD,GLBX-001,MARGIN,USD,[],False,{}
2026-03-09 16:06:34.460233698+00:00,1002196.75,0.00,1002196.75,USD,GLBX-001,MARGIN,USD,[],False,{}
2026-03-09 16:07:46.043660646+00:00,1002200.25,0.00,1002200.25,USD,GLBX-001,MARGIN,USD,[],False,{}
2026-03-09 16:07:46.043660646+00:00,1002200.25,0.00,1002200.25,USD,GLBX-001,MARGIN,USD,[],False,{}
2026-03-09 16:08:01.573623053+00:00,1002201.25,0.00,1002201.25,USD,GLBX-001,MARGIN,USD,[],False,{}
2026-03-09 16:08:01.573623053+00:00,1002201.25,0.00,1002201.25,USD,GLBX-001,MARGIN,USD,[],False,{}
2026-03-09 16:08:13.482935573+00:00,1002201.50,0.00,1002201.50,USD,GLBX-001,MARGIN,USD,[],False,{}
2026-03-09 16:08:13.482935573+00:00,1002201.50,0.00,1002201.50,USD,GLBX-001,MARGIN,USD,[],False,{}
2026-03-09 16:09:18.481822831+00:00,1002203.75,0.00,1002203.75,USD,GLBX-001,MARGIN,USD,[],False,{}
2026-03-09 16:09:18.481822831+00:00,1002203.75,0.00,1002203.75,USD,GLBX-001,MARGIN,USD,[],False,{}
2026-03-09 16:09:38.621720264+00:00,1002205.00,0.00,1002205.00,USD,GLBX-001,MARGIN,USD,[],False,{}
2026-03-09 16:09:38.621720264+00:00,1002205.00,0.00,1002205.00,USD,GLBX-001,MARGIN,USD,[],False,{}
2026-03-09 16:09:46.791865362+00:00,1002205.75,0.00,1002205.75,USD,GLBX-001,MARGIN,USD,[],False,{}
2026-03-09 16:09:46.791865362+00:00,1002205.75,0.00,1002205.75,USD,GLBX-001,MARGIN,USD,[],False,{}
2026-03-09 16:10:02.130599653+00:00,1002205.00,0.00,1002205.00,USD,GLBX-001,MARGIN,USD,[],False,{}
2026-03-09 16:10:22.906901330+00:00,1002205.00,0.00,1002205.00,USD,GLBX-001,MARGIN,USD,[],False,{}
2026-03-09 16:11:02.364422856+00:00,1002207.50,0.00,1002207.50,USD,GLBX-001,MARGIN,USD,[],False,{}
2026-03-09 16:11:02.364422856+00:00,1002207.50,0.00,1002207.50,USD,GLBX-001,MARGIN,USD,[],False,{}
2026-03-09 16:12:55.914549343+00:00,1002212.75,0.00,1002212.75,USD,GLBX-001,MARGIN,USD,[],False,{}
2026-03-09 16:12:55.914549343+00:00,1002212.75,0.00,1002212.75,USD,GLBX-001,MARGIN,USD,[],False,{}
2026-03-09 16:13:34.158699616+00:00,1002214.50,0.00,1002214.50,USD,GLBX-001,MARGIN,USD,[],False,{}
2026-03-09 16:13:34.158699616+00:00,1002214.50,0.00,1002214.50,USD,GLBX-001,MARGIN,USD,[],False,{}
2026-03-09 16:13:51.259158227+00:00,1002215.25,0.00,1002215.25,USD,GLBX-001,MARGIN,USD,[],False,{}
2026-03-09 16:13:51.259158227+00:00,1002215.25,0.00,1002215.25,USD,GLBX-001,MARGIN,USD,[],False,{}
2026-03-09 16:17:28.341677591+00:00,1002220.00,0.00,1002220.00,USD,GLBX-001,MARGIN,USD,[],False,{}
2026-03-09 16:17:28.341677591+00:00,1002220.00,0.00,1002220.00,USD,GLBX-001,MARGIN,USD,[],False,{}
2026-03-09 16:18:17.162208331+00:00,1002223.75,0.00,1002223.75,USD,GLBX-001,MARGIN,USD,[],False,{}
2026-03-09 16:18:17.162208331+00:00,1002223.75,0.00,1002223.75,USD,GLBX-001,MARGIN,USD,[],False,{}
2026-03-09 16:22:35.283026071+00:00,1002229.75,0.00,1002229.75,USD,GLBX-001,MARGIN,USD,[],False,{}
2026-03-09 16:22:35.283026071+00:00,1002229.75,0.00,1002229.75,USD,GLBX-001,MARGIN,USD,[],False,{}
2026-03-09 16:24:04.480927355+00:00,1002242.00,0.00,1002242.00,USD,GLBX-001,MARGIN,USD,[],False,{}
2026-03-09 16:24:04.480927355+00:00,1002242.00,0.00,1002242.00,USD,GLBX-001,MARGIN,USD,[],False,{}
2026-03-09 16:25:17.838498578+00:00,1002243.75,0.00,1002243.75,USD,GLBX-001,MARGIN,USD,[],False,{}
2026-03-09 16:25:17.838498578+00:00,1002243.75,0.00,1002243.75,USD,GLBX-001,MARGIN,USD,[],False,{}
2026-03-09 16:26:38.153058352+00:00,1002254.25,0.00,1002254.25,USD,GLBX-001,MARGIN,USD,[],False,{}
2026-03-09 16:26:38.153058352+00:00,1002254.25,0.00,1002254.25,USD,GLBX-001,MARGIN,USD,[],False,{}
2026-03-09 16:26:59.133089016+00:00,1002253.25,0.00,1002253.25,USD,GLBX-001,MARGIN,USD,[],False,{}
2026-03-09 16:26:59.133089016+00:00,1002253.25,0.00,1002253.25,USD,GLBX-001,MARGIN,USD,[],False,{}
2026-03-09 16:27:37.413568250+00:00,1002253.25,0.00,1002253.25,USD,GLBX-001,MARGIN,USD,[],False,{}
2026-03-09 16:27:37.413568250+00:00,1002253.25,0.00,1002253.25,USD,GLBX-001,MARGIN,USD,[],False,{}
2026-03-09 16:27:49.396212237+00:00,1002254.25,0.00,1002254.25,USD,GLBX-001,MARGIN,USD,[],False,{}
2026-03-09 16:27:49.396212237+00:00,1002254.25,0.00,1002254.25,USD,GLBX-001,MARGIN,USD,[],False,{}
2026-03-09 16:28:00.528516295+00:00,1002254.50,0.00,1002254.50,USD,GLBX-001,MARGIN,USD,[],False,{}
2026-03-09 16:28:11.728902637+00:00,1002254.50,0.00,1002254.50,USD,GLBX-001,MARGIN,USD,[],False,{}
2026-03-09 16:28:23.302379595+00:00,1002255.75,0.00,1002255.75,USD,GLBX-001,MARGIN,USD,[],False,{}
2026-03-09 16:28:23.302379595+00:00,1002255.75,0.00,1002255.75,USD,GLBX-001,MARGIN,USD,[],False,{}
2026-03-09 16:30:37.556241757+00:00,1002267.25,0.00,1002267.25,USD,GLBX-001,MARGIN,USD,[],False,{}
2026-03-09 16:30:37.556241757+00:00,1002267.25,0.00,1002267.25,USD,GLBX-001,MARGIN,USD,[],False,{}
2026-03-09 16:31:19.499206378+00:00,1002269.25,0.00,1002269.25,USD,GLBX-001,MARGIN,USD,[],False,{}
2026-03-09 16:31:19.499206378+00:00,1002269.25,0.00,1002269.25,USD,GLBX-001,MARGIN,USD,[],False,{}
2026-03-09 16:32:24.244675211+00:00,1002275.00,0.00,1002275.00,USD,GLBX-001,MARGIN,USD,[],False,{}
2026-03-09 16:32:24.244675211+00:00,1002275.00,0.00,1002275.00,USD,GLBX-001,MARGIN,USD,[],False,{}
2026-03-09 16:35:28.075578979+00:00,1002287.50,0.00,1002287.50,USD,GLBX-001,MARGIN,USD,[],False,{}
2026-03-09 16:35:28.075578979+00:00,1002287.50,0.00,1002287.50,USD,GLBX-001,MARGIN,USD,[],False,{}
2026-03-09 16:36:09.240809469+00:00,1002288.50,0.00,1002288.50,USD,GLBX-001,MARGIN,USD,[],False,{}
2026-03-09 16:36:09.240809469+00:00,1002288.50,0.00,1002288.50,USD,GLBX-001,MARGIN,USD,[],False,{}
2026-03-09 16:36:25.638505845+00:00,1002289.50,0.00,1002289.50,USD,GLBX-001,MARGIN,USD,[],False,{}
2026-03-09 16:36:25.638505845+00:00,1002289.50,0.00,1002289.50,USD,GLBX-001,MARGIN,USD,[],False,{}
2026-03-09 16:37:51.367085071+00:00,1002292.75,0.00,1002292.75,USD,GLBX-001,MARGIN,USD,[],False,{}
2026-03-09 16:37:51.367085071+00:00,1002292.75,0.00,1002292.75,USD,GLBX-001,MARGIN,USD,[],False,{}
2026-03-09 16:37:58.330732447+00:00,1002292.75,0.00,1002292.75,USD,GLBX-001,MARGIN,USD,[],False,{}
2026-03-09 16:37:58.330732447+00:00,1002292.75,0.00,1002292.75,USD,GLBX-001,MARGIN,USD,[],False,{}
2026-03-09 16:39:08.100200655+00:00,1002291.00,0.00,1002291.00,USD,GLBX-001,MARGIN,USD,[],False,{}
2026-03-09 16:39:16.822510059+00:00,1002291.00,0.00,1002291.00,USD,GLBX-001,MARGIN,USD,[],False,{}
2026-03-09 16:41:01.649912635+00:00,1002295.75,0.00,1002295.75,USD,GLBX-001,MARGIN,USD,[],False,{}
2026-03-09 16:41:01.649912635+00:00,1002295.75,0.00,1002295.75,USD,GLBX-001,MARGIN,USD,[],False,{}
2026-03-09 16:41:14.056414891+00:00,1002295.25,0.00,1002295.25,USD,GLBX-001,MARGIN,USD,[],False,{}
2026-03-09 16:41:14.056414891+00:00,1002295.25,0.00,1002295.25,USD,GLBX-001,MARGIN,USD,[],False,{}
2026-03-09 16:42:19.217723188+00:00,1002297.25,0.00,1002297.25,USD,GLBX-001,MARGIN,USD,[],False,{}
2026-03-09 16:42:19.217723188+00:00,1002297.25,0.00,1002297.25,USD,GLBX-001,MARGIN,USD,[],False,{}
2026-03-09 16:42:42.204413524+00:00,1002298.00,0.00,1002298.00,USD,GLBX-001,MARGIN,USD,[],False,{}
2026-03-09 16:42:42.204413524+00:00,1002298.00,0.00,1002298.00,USD,GLBX-001,MARGIN,USD,[],False,{}
2026-03-09 16:43:24.552167208+00:00,1002300.75,0.00,1002300.75,USD,GLBX-001,MARGIN,USD,[],False,{}
2026-03-09 16:43:24.552167208+00:00,1002300.75,0.00,1002300.75,USD,GLBX-001,MARGIN,USD,[],False,{}
2026-03-09 16:43:36.424793402+00:00,1002301.50,0.00,1002301.50,USD,GLBX-001,MARGIN,USD,[],False,{}
2026-03-09 16:43:36.424793402+00:00,1002301.50,0.00,1002301.50,USD,GLBX-001,MARGIN,USD,[],False,{}
2026-03-09 16:45:38.855500090+00:00,1002304.50,0.00,1002304.50,USD,GLBX-001,MARGIN,USD,[],False,{}
2026-03-09 16:45:38.855500090+00:00,1002304.50,0.00,1002304.50,USD,GLBX-001,MARGIN,USD,[],False,{}
2026-03-09 16:45:45.654609472+00:00,1002305.25,0.00,1002305.25,USD,GLBX-001,MARGIN,USD,[],False,{}
2026-03-09 16:45:45.654609472+00:00,1002305.25,0.00,1002305.25,USD,GLBX-001,MARGIN,USD,[],False,{}
2026-03-09 16:47:06.154532840+00:00,1002307.25,0.00,1002307.25,USD,GLBX-001,MARGIN,USD,[],False,{}
2026-03-09 16:47:06.154532840+00:00,1002307.25,0.00,1002307.25,USD,GLBX-001,MARGIN,USD,[],False,{}
2026-03-09 16:47:18.651220255+00:00,1002306.75,0.00,1002306.75,USD,GLBX-001,MARGIN,USD,[],False,{}
2026-03-09 16:47:34.439676368+00:00,1002306.75,0.00,1002306.75,USD,GLBX-001,MARGIN,USD,[],False,{}
2026-03-09 16:49:15.215880036+00:00,1002308.00,0.00,1002308.00,USD,GLBX-001,MARGIN,USD,[],False,{}
2026-03-09 16:49:15.215880036+00:00,1002308.00,0.00,1002308.00,USD,GLBX-001,MARGIN,USD,[],False,{}
2026-03-09 16:49:42.618197240+00:00,1002307.00,0.00,1002307.00,USD,GLBX-001,MARGIN,USD,[],False,{}
2026-03-09 16:49:42.618197240+00:00,1002307.00,0.00,1002307.00,USD,GLBX-001,MARGIN,USD,[],False,{}
2026-03-09 16:50:56.024149110+00:00,1002308.50,0.00,1002308.50,USD,GLBX-001,MARGIN,USD,[],False,{}
2026-03-09 16:50:56.024149110+00:00,1002308.50,0.00,1002308.50,USD,GLBX-001,MARGIN,USD,[],False,{}
2026-03-09 16:52:47.616877794+00:00,1002310.00,0.00,1002310.00,USD,GLBX-001,MARGIN,USD,[],False,{}
2026-03-09 16:52:47.616877794+00:00,1002310.00,0.00,1002310.00,USD,GLBX-001,MARGIN,USD,[],False,{}
2026-03-09 16:54:53.534314531+00:00,1002315.00,0.00,1002315.00,USD,GLBX-001,MARGIN,USD,[],False,{}
2026-03-09 16:54:53.534314531+00:00,1002315.00,0.00,1002315.00,USD,GLBX-001,MARGIN,USD,[],False,{}
2026-03-09 16:55:27.028310988+00:00,1002316.75,0.00,1002316.75,USD,GLBX-001,MARGIN,USD,[],False,{}
2026-03-09 16:55:27.028310988+00:00,1002316.75,0.00,1002316.75,USD,GLBX-001,MARGIN,USD,[],False,{}
2026-03-09 16:56:05.618874164+00:00,1002317.50,0.00,1002317.50,USD,GLBX-001,MARGIN,USD,[],False,{}
2026-03-09 16:56:05.618874164+00:00,1002317.50,0.00,1002317.50,USD,GLBX-001,MARGIN,USD,[],False,{}
2026-03-09 16:56:37.906149168+00:00,1002320.25,0.00,1002320.25,USD,GLBX-001,MARGIN,USD,[],False,{}
2026-03-09 16:56:37.906149168+00:00,1002320.25,0.00,1002320.25,USD,GLBX-001,MARGIN,USD,[],False,{}
2026-03-09 16:58:45.417112843+00:00,1002325.75,0.00,1002325.75,USD,GLBX-001,MARGIN,USD,[],False,{}
2026-03-09 16:58:45.417112843+00:00,1002325.75,0.00,1002325.75,USD,GLBX-001,MARGIN,USD,[],False,{}
2026-03-09 16:59:05.327082662+00:00,1002325.75,0.00,1002325.75,USD,GLBX-001,MARGIN,USD,[],False,{}
2026-03-09 16:59:05.327082662+00:00,1002325.75,0.00,1002325.75,USD,GLBX-001,MARGIN,USD,[],False,{}
2026-03-09 17:00:37.284594231+00:00,1002330.00,0.00,1002330.00,USD,GLBX-001,MARGIN,USD,[],False,{}
2026-03-09 17:00:37.284594231+00:00,1002330.00,0.00,1002330.00,USD,GLBX-001,MARGIN,USD,[],False,{}
2026-03-09 17:01:34.941132618+00:00,1002331.25,0.00,1002331.25,USD,GLBX-001,MARGIN,USD,[],False,{}
2026-03-09 17:01:34.941132618+00:00,1002331.25,0.00,1002331.25,USD,GLBX-001,MARGIN,USD,[],False,{}
2026-03-09 17:03:16.798328418+00:00,1002336.25,0.00,1002336.25,USD,GLBX-001,MARGIN,USD,[],False,{}
2026-03-09 17:03:16.798328418+00:00,1002336.25,0.00,1002336.25,USD,GLBX-001,MARGIN,USD,[],False,{}
2026-03-09 17:05:20.839024048+00:00,1002338.25,0.00,1002338.25,USD,GLBX-001,MARGIN,USD,[],False,{}
2026-03-09 17:05:20.839024048+00:00,1002338.25,0.00,1002338.25,USD,GLBX-001,MARGIN,USD,[],False,{}
2026-03-09 17:06:01.501005189+00:00,1002339.00,0.00,1002339.00,USD,GLBX-001,MARGIN,USD,[],False,{}
2026-03-09 17:06:01.501005189+00:00,1002339.00,0.00,1002339.00,USD,GLBX-001,MARGIN,USD,[],False,{}
2026-03-09 17:06:27.388349363+00:00,1002340.50,0.00,1002340.50,USD,GLBX-001,MARGIN,USD,[],False,{}
2026-03-09 17:06:27.388349363+00:00,1002340.50,0.00,1002340.50,USD,GLBX-001,MARGIN,USD,[],False,{}
2026-03-09 17:07:46.192012591+00:00,1002343.00,0.00,1002343.00,USD,GLBX-001,MARGIN,USD,[],False,{}
2026-03-09 17:07:46.192012591+00:00,1002343.00,0.00,1002343.00,USD,GLBX-001,MARGIN,USD,[],False,{}
2026-03-09 17:10:09.895782480+00:00,1002347.25,0.00,1002347.25,USD,GLBX-001,MARGIN,USD,[],False,{}
2026-03-09 17:10:09.895782480+00:00,1002347.25,0.00,1002347.25,USD,GLBX-001,MARGIN,USD,[],False,{}
2026-03-09 17:14:34.178687833+00:00,1002351.25,0.00,1002351.25,USD,GLBX-001,MARGIN,USD,[],False,{}
2026-03-09 17:14:34.178687833+00:00,1002351.25,0.00,1002351.25,USD,GLBX-001,MARGIN,USD,[],False,{}
2026-03-09 17:15:07.432901130+00:00,1002352.00,0.00,1002352.00,USD,GLBX-001,MARGIN,USD,[],False,{}
2026-03-09 17:15:07.432901130+00:00,1002352.00,0.00,1002352.00,USD,GLBX-001,MARGIN,USD,[],False,{}
2026-03-09 17:16:15.451225779+00:00,1002355.75,0.00,1002355.75,USD,GLBX-001,MARGIN,USD,[],False,{}
2026-03-09 17:16:15.451225779+00:00,1002355.75,0.00,1002355.75,USD,GLBX-001,MARGIN,USD,[],False,{}
2026-03-09 17:16:27.491851418+00:00,1002357.50,0.00,1002357.50,USD,GLBX-001,MARGIN,USD,[],False,{}
2026-03-09 17:16:27.491851418+00:00,1002357.50,0.00,1002357.50,USD,GLBX-001,MARGIN,USD,[],False,{}
2026-03-09 17:20:38.802535085+00:00,1002365.50,0.00,1002365.50,USD,GLBX-001,MARGIN,USD,[],False,{}
2026-03-09 17:20:38.802535085+00:00,1002365.50,0.00,1002365.50,USD,GLBX-001,MARGIN,USD,[],False,{}
2026-03-09 17:20:43.006859784+00:00,1002364.75,0.00,1002364.75,USD,GLBX-001,MARGIN,USD,[],False,{}
2026-03-09 17:20:43.006859784+00:00,1002364.75,0.00,1002364.75,USD,GLBX-001,MARGIN,USD,[],False,{}
2026-03-09 17:22:21.089829723+00:00,1002367.75,0.00,1002367.75,USD,GLBX-001,MARGIN,USD,[],False,{}
2026-03-09 17:22:21.089829723+00:00,1002367.75,0.00,1002367.75,USD,GLBX-001,MARGIN,USD,[],False,{}
2026-03-09 17:22:51.523414330+00:00,1002368.25,0.00,1002368.25,USD,GLBX-001,MARGIN,USD,[],False,{}
2026-03-09 17:22:51.523414330+00:00,1002368.25,0.00,1002368.25,USD,GLBX-001,MARGIN,USD,[],False,{}
2026-03-09 17:23:30.160905458+00:00,1002368.75,0.00,1002368.75,USD,GLBX-001,MARGIN,USD,[],False,{}
2026-03-09 17:23:30.160905458+00:00,1002368.75,0.00,1002368.75,USD,GLBX-001,MARGIN,USD,[],False,{}
2026-03-09 17:23:35.455196027+00:00,1002367.50,0.00,1002367.50,USD,GLBX-001,MARGIN,USD,[],False,{}
2026-03-09 17:24:03.090819895+00:00,1002367.50,0.00,1002367.50,USD,GLBX-001,MARGIN,USD,[],False,{}
2026-03-09 17:25:04.623547341+00:00,1002370.75,0.00,1002370.75,USD,GLBX-001,MARGIN,USD,[],False,{}
2026-03-09 17:25:04.623547341+00:00,1002370.75,0.00,1002370.75,USD,GLBX-001,MARGIN,USD,[],False,{}
2026-03-09 17:25:21.850982896+00:00,1002371.00,0.00,1002371.00,USD,GLBX-001,MARGIN,USD,[],False,{}
2026-03-09 17:25:21.850982896+00:00,1002371.00,0.00,1002371.00,USD,GLBX-001,MARGIN,USD,[],False,{}
2026-03-09 17:25:37.698719226+00:00,1002371.25,0.00,1002371.25,USD,GLBX-001,MARGIN,USD,[],False,{}
2026-03-09 17:25:37.698719226+00:00,1002371.25,0.00,1002371.25,USD,GLBX-001,MARGIN,USD,[],False,{}
2026-03-09 17:25:44.991468879+00:00,1002372.25,0.00,1002372.25,USD,GLBX-001,MARGIN,USD,[],False,{}
2026-03-09 17:25:44.991468879+00:00,1002372.25,0.00,1002372.25,USD,GLBX-001,MARGIN,USD,[],False,{}
2026-03-09 17:26:21.895597621+00:00,1002373.50,0.00,1002373.50,USD,GLBX-001,MARGIN,USD,[],False,{}
2026-03-09 17:26:21.895597621+00:00,1002373.50,0.00,1002373.50,USD,GLBX-001,MARGIN,USD,[],False,{}
2026-03-09 17:27:06.043837226+00:00,1002374.50,0.00,1002374.50,USD,GLBX-001,MARGIN,USD,[],False,{}
2026-03-09 17:27:06.043837226+00:00,1002374.50,0.00,1002374.50,USD,GLBX-001,MARGIN,USD,[],False,{}
2026-03-09 17:27:51.898990165+00:00,1002376.25,0.00,1002376.25,USD,GLBX-001,MARGIN,USD,[],False,{}
2026-03-09 17:27:51.898990165+00:00,1002376.25,0.00,1002376.25,USD,GLBX-001,MARGIN,USD,[],False,{}
2026-03-09 17:28:01.279547903+00:00,1002375.50,0.00,1002375.50,USD,GLBX-001,MARGIN,USD,[],False,{}
2026-03-09 17:28:01.279547903+00:00,1002375.50,0.00,1002375.50,USD,GLBX-001,MARGIN,USD,[],False,{}
2026-03-09 17:28:02.312008091+00:00,1002375.50,0.00,1002375.50,USD,GLBX-001,MARGIN,USD,[],False,{}
2026-03-09 17:28:02.312008091+00:00,1002375.50,0.00,1002375.50,USD,GLBX-001,MARGIN,USD,[],False,{}
2026-03-09 17:28:31.869613589+00:00,1002375.25,0.00,1002375.25,USD,GLBX-001,MARGIN,USD,[],False,{}
2026-03-09 17:28:31.869613589+00:00,1002375.25,0.00,1002375.25,USD,GLBX-001,MARGIN,USD,[],False,{}
2026-03-09 17:28:39.248915179+00:00,1002374.25,0.00,1002374.25,USD,GLBX-001,MARGIN,USD,[],False,{}
2026-03-09 17:29:07.745422826+00:00,1002374.25,0.00,1002374.25,USD,GLBX-001,MARGIN,USD,[],False,{}
2026-03-09 17:31:22.439612223+00:00,1002377.00,0.00,1002377.00,USD,GLBX-001,MARGIN,USD,[],False,{}
2026-03-09 17:31:22.439612223+00:00,1002377.00,0.00,1002377.00,USD,GLBX-001,MARGIN,USD,[],False,{}
2026-03-09 17:32:06.068335522+00:00,1002380.25,0.00,1002380.25,USD,GLBX-001,MARGIN,USD,[],False,{}
2026-03-09 17:32:06.068335522+00:00,1002380.25,0.00,1002380.25,USD,GLBX-001,MARGIN,USD,[],False,{}
2026-03-09 17:35:39.006520915+00:00,1002381.75,0.00,1002381.75,USD,GLBX-001,MARGIN,USD,[],False,{}
2026-03-09 17:35:39.006520915+00:00,1002381.75,0.00,1002381.75,USD,GLBX-001,MARGIN,USD,[],False,{}
2026-03-09 17:37:05.262781448+00:00,1002385.00,0.00,1002385.00,USD,GLBX-001,MARGIN,USD,[],False,{}
2026-03-09 17:37:05.262781448+00:00,1002385.00,0.00,1002385.00,USD,GLBX-001,MARGIN,USD,[],False,{}
2026-03-09 17:37:32.286101067+00:00,1002385.50,0.00,1002385.50,USD,GLBX-001,MARGIN,USD,[],False,{}
2026-03-09 17:37:32.286101067+00:00,1002385.50,0.00,1002385.50,USD,GLBX-001,MARGIN,USD,[],False,{}
2026-03-09 17:39:51.170550786+00:00,1002387.00,0.00,1002387.00,USD,GLBX-001,MARGIN,USD,[],False,{}
2026-03-09 17:39:51.170550786+00:00,1002387.00,0.00,1002387.00,USD,GLBX-001,MARGIN,USD,[],False,{}
2026-03-09 17:40:13.710402711+00:00,1002386.50,0.00,1002386.50,USD,GLBX-001,MARGIN,USD,[],False,{}
2026-03-09 17:40:20.195357907+00:00,1002386.50,0.00,1002386.50,USD,GLBX-001,MARGIN,USD,[],False,{}
2026-03-09 17:41:05.782247807+00:00,1002390.50,0.00,1002390.50,USD,GLBX-001,MARGIN,USD,[],False,{}
2026-03-09 17:41:05.782247807+00:00,1002390.50,0.00,1002390.50,USD,GLBX-001,MARGIN,USD,[],False,{}
2026-03-09 17:42:53.023418671+00:00,1002393.00,0.00,1002393.00,USD,GLBX-001,MARGIN,USD,[],False,{}
2026-03-09 17:42:53.023418671+00:00,1002393.00,0.00,1002393.00,USD,GLBX-001,MARGIN,USD,[],False,{}
2026-03-09 17:43:24.009842787+00:00,1002395.75,0.00,1002395.75,USD,GLBX-001,MARGIN,USD,[],False,{}
2026-03-09 17:43:24.009842787+00:00,1002395.75,0.00,1002395.75,USD,GLBX-001,MARGIN,USD,[],False,{}
2026-03-09 17:46:08.658264396+00:00,1002400.50,0.00,1002400.50,USD,GLBX-001,MARGIN,USD,[],False,{}
2026-03-09 17:46:08.658264396+00:00,1002400.50,0.00,1002400.50,USD,GLBX-001,MARGIN,USD,[],False,{}
2026-03-09 17:46:43.692875763+00:00,1002402.00,0.00,1002402.00,USD,GLBX-001,MARGIN,USD,[],False,{}
2026-03-09 17:46:43.692875763+00:00,1002402.00,0.00,1002402.00,USD,GLBX-001,MARGIN,USD,[],False,{}
2026-03-09 17:46:50.876229397+00:00,1002403.25,0.00,1002403.25,USD,GLBX-001,MARGIN,USD,[],False,{}
2026-03-09 17:46:50.876229397+00:00,1002403.25,0.00,1002403.25,USD,GLBX-001,MARGIN,USD,[],False,{}
2026-03-09 17:47:45.056632216+00:00,1002403.50,0.00,1002403.50,USD,GLBX-001,MARGIN,USD,[],False,{}
2026-03-09 17:47:45.056632216+00:00,1002403.50,0.00,1002403.50,USD,GLBX-001,MARGIN,USD,[],False,{}
2026-03-09 17:48:33.151103301+00:00,1002408.00,0.00,1002408.00,USD,GLBX-001,MARGIN,USD,[],False,{}
2026-03-09 17:48:33.151103301+00:00,1002408.00,0.00,1002408.00,USD,GLBX-001,MARGIN,USD,[],False,{}
2026-03-09 17:49:49.196572989+00:00,1002412.50,0.00,1002412.50,USD,GLBX-001,MARGIN,USD,[],False,{}
2026-03-09 17:49:49.196572989+00:00,1002412.50,0.00,1002412.50,USD,GLBX-001,MARGIN,USD,[],False,{}
2026-03-09 17:50:18.528889257+00:00,1002414.25,0.00,1002414.25,USD,GLBX-001,MARGIN,USD,[],False,{}
2026-03-09 17:50:18.528889257+00:00,1002414.25,0.00,1002414.25,USD,GLBX-001,MARGIN,USD,[],False,{}
2026-03-09 17:50:38.070720144+00:00,1002414.75,0.00,1002414.75,USD,GLBX-001,MARGIN,USD,[],False,{}
2026-03-09 17:50:38.070720144+00:00,1002414.75,0.00,1002414.75,USD,GLBX-001,MARGIN,USD,[],False,{}
2026-03-09 17:52:53.247099629+00:00,1002418.25,0.00,1002418.25,USD,GLBX-001,MARGIN,USD,[],False,{}
2026-03-09 17:52:53.247099629+00:00,1002418.25,0.00,1002418.25,USD,GLBX-001,MARGIN,USD,[],False,{}
2026-03-09 17:53:44.225058394+00:00,1002419.00,0.00,1002419.00,USD,GLBX-001,MARGIN,USD,[],False,{}
2026-03-09 17:53:44.225058394+00:00,1002419.00,0.00,1002419.00,USD,GLBX-001,MARGIN,USD,[],False,{}
2026-03-09 17:54:50.045727291+00:00,1002420.50,0.00,1002420.50,USD,GLBX-001,MARGIN,USD,[],False,{}
2026-03-09 17:54:50.045727291+00:00,1002420.50,0.00,1002420.50,USD,GLBX-001,MARGIN,USD,[],False,{}
2026-03-09 17:56:02.947531202+00:00,1002422.50,0.00,1002422.50,USD,GLBX-001,MARGIN,USD,[],False,{}
2026-03-09 17:56:02.947531202+00:00,1002422.50,0.00,1002422.50,USD,GLBX-001,MARGIN,USD,[],False,{}
2026-03-09 17:56:09.319138288+00:00,1002422.00,0.00,1002422.00,USD,GLBX-001,MARGIN,USD,[],False,{}
2026-03-09 17:56:19.578615717+00:00,1002422.00,0.00,1002422.00,USD,GLBX-001,MARGIN,USD,[],False,{}
2026-03-09 17:59:22.924990880+00:00,1002422.75,0.00,1002422.75,USD,GLBX-001,MARGIN,USD,[],False,{}
2026-03-09 17:59:22.924990880+00:00,1002422.75,0.00,1002422.75,USD,GLBX-001,MARGIN,USD,[],False,{}
2026-03-09 18:00:24.327396165+00:00,1002427.25,0.00,1002427.25,USD,GLBX-001,MARGIN,USD,[],False,{}
2026-03-09 18:00:24.327396165+00:00,1002427.25,0.00,1002427.25,USD,GLBX-001,MARGIN,USD,[],False,{}
2026-03-09 18:01:04.666765533+00:00,1002428.25,0.00,1002428.25,USD,GLBX-001,MARGIN,USD,[],False,{}
2026-03-09 18:01:04.666765533+00:00,1002428.25,0.00,1002428.25,USD,GLBX-001,MARGIN,USD,[],False,{}
2026-03-09 18:01:18.547943236+00:00,1002428.25,0.00,1002428.25,USD,GLBX-001,MARGIN,USD,[],False,{}
2026-03-09 18:01:18.547943236+00:00,1002428.25,0.00,1002428.25,USD,GLBX-001,MARGIN,USD,[],False,{}
2026-03-09 18:01:33.048437048+00:00,1002428.25,0.00,1002428.25,USD,GLBX-001,MARGIN,USD,[],False,{}
2026-03-09 18:01:33.048437048+00:00,1002428.25,0.00,1002428.25,USD,GLBX-001,MARGIN,USD,[],False,{}
2026-03-09 18:02:52.992039066+00:00,1002429.00,0.00,1002429.00,USD,GLBX-001,MARGIN,USD,[],False,{}
2026-03-09 18:02:52.992039066+00:00,1002429.00,0.00,1002429.00,USD,GLBX-001,MARGIN,USD,[],False,{}
2026-03-09 18:04:26.331566767+00:00,1002430.50,0.00,1002430.50,USD,GLBX-001,MARGIN,USD,[],False,{}
2026-03-09 18:04:26.331566767+00:00,1002430.50,0.00,1002430.50,USD,GLBX-001,MARGIN,USD,[],False,{}
2026-03-09 18:05:49.136249304+00:00,1002435.25,0.00,1002435.25,USD,GLBX-001,MARGIN,USD,[],False,{}
2026-03-09 18:05:49.136249304+00:00,1002435.25,0.00,1002435.25,USD,GLBX-001,MARGIN,USD,[],False,{}
2026-03-09 18:05:58.079218707+00:00,1002434.50,0.00,1002434.50,USD,GLBX-001,MARGIN,USD,[],False,{}
2026-03-09 18:05:58.079218707+00:00,1002434.50,0.00,1002434.50,USD,GLBX-001,MARGIN,USD,[],False,{}
2026-03-09 18:06:31.515178375+00:00,1002435.50,0.00,1002435.50,USD,GLBX-001,MARGIN,USD,[],False,{}
2026-03-09 18:06:31.515178375+00:00,1002435.50,0.00,1002435.50,USD,GLBX-001,MARGIN,USD,[],False,{}
2026-03-09 18:08:03.505092783+00:00,1002441.00,0.00,1002441.00,USD,GLBX-001,MARGIN,USD,[],False,{}
2026-03-09 18:08:03.505092783+00:00,1002441.00,0.00,1002441.00,USD,GLBX-001,MARGIN,USD,[],False,{}
2026-03-09 18:09:00.108887686+00:00,1002441.75,0.00,1002441.75,USD,GLBX-001,MARGIN,USD,[],False,{}
2026-03-09 18:09:00.108887686+00:00,1002441.75,0.00,1002441.75,USD,GLBX-001,MARGIN,USD,[],False,{}
2026-03-09 18:09:30.802950783+00:00,1002444.00,0.00,1002444.00,USD,GLBX-001,MARGIN,USD,[],False,{}
2026-03-09 18:09:30.802950783+00:00,1002444.00,0.00,1002444.00,USD,GLBX-001,MARGIN,USD,[],False,{}
2026-03-09 18:11:30.888584336+00:00,1002446.50,0.00,1002446.50,USD,GLBX-001,MARGIN,USD,[],False,{}
2026-03-09 18:11:30.888584336+00:00,1002446.50,0.00,1002446.50,USD,GLBX-001,MARGIN,USD,[],False,{}
2026-03-09 18:12:27.501009458+00:00,1002449.00,0.00,1002449.00,USD,GLBX-001,MARGIN,USD,[],False,{}
2026-03-09 18:12:27.501009458+00:00,1002449.00,0.00,1002449.00,USD,GLBX-001,MARGIN,USD,[],False,{}
2026-03-09 18:13:57.582838803+00:00,1002454.00,0.00,1002454.00,USD,GLBX-001,MARGIN,USD,[],False,{}
2026-03-09 18:13:57.582838803+00:00,1002454.00,0.00,1002454.00,USD,GLBX-001,MARGIN,USD,[],False,{}
2026-03-09 18:16:15.156472468+00:00,1002455.75,0.00,1002455.75,USD,GLBX-001,MARGIN,USD,[],False,{}
2026-03-09 18:16:15.156472468+00:00,1002455.75,0.00,1002455.75,USD,GLBX-001,MARGIN,USD,[],False,{}
2026-03-09 18:18:21.013436647+00:00,1002462.75,0.00,1002462.75,USD,GLBX-001,MARGIN,USD,[],False,{}
2026-03-09 18:18:21.013436647+00:00,1002462.75,0.00,1002462.75,USD,GLBX-001,MARGIN,USD,[],False,{}
2026-03-09 18:18:24.984686427+00:00,1002463.00,0.00,1002463.00,USD,GLBX-001,MARGIN,USD,[],False,{}
2026-03-09 18:18:24.984686427+00:00,1002463.00,0.00,1002463.00,USD,GLBX-001,MARGIN,USD,[],False,{}
2026-03-09 18:20:10.723627762+00:00,1002465.00,0.00,1002465.00,USD,GLBX-001,MARGIN,USD,[],False,{}
2026-03-09 18:20:10.723627762+00:00,1002465.00,0.00,1002465.00,USD,GLBX-001,MARGIN,USD,[],False,{}
2026-03-09 18:22:00.937329362+00:00,1002467.75,0.00,1002467.75,USD,GLBX-001,MARGIN,USD,[],False,{}
2026-03-09 18:22:00.937329362+00:00,1002467.75,0.00,1002467.75,USD,GLBX-001,MARGIN,USD,[],False,{}
2026-03-09 18:23:34.856776078+00:00,1002470.50,0.00,1002470.50,USD,GLBX-001,MARGIN,USD,[],False,{}
2026-03-09 18:23:34.856776078+00:00,1002470.50,0.00,1002470.50,USD,GLBX-001,MARGIN,USD,[],False,{}
2026-03-09 18:24:18.584428954+00:00,1002472.25,0.00,1002472.25,USD,GLBX-001,MARGIN,USD,[],False,{}
2026-03-09 18:24:18.584428954+00:00,1002472.25,0.00,1002472.25,USD,GLBX-001,MARGIN,USD,[],False,{}
2026-03-09 18:27:01.851402054+00:00,1002473.50,0.00,1002473.50,USD,GLBX-001,MARGIN,USD,[],False,{}
2026-03-09 18:27:01.851402054+00:00,1002473.50,0.00,1002473.50,USD,GLBX-001,MARGIN,USD,[],False,{}
2026-03-09 18:27:29.006535666+00:00,1002475.50,0.00,1002475.50,USD,GLBX-001,MARGIN,USD,[],False,{}
2026-03-09 18:27:29.006535666+00:00,1002475.50,0.00,1002475.50,USD,GLBX-001,MARGIN,USD,[],False,{}
2026-03-09 18:29:28.539859344+00:00,1002476.00,0.00,1002476.00,USD,GLBX-001,MARGIN,USD,[],False,{}
2026-03-09 18:29:28.539859344+00:00,1002476.00,0.00,1002476.00,USD,GLBX-001,MARGIN,USD,[],False,{}
2026-03-09 18:29:43.787675157+00:00,1002477.00,0.00,1002477.00,USD,GLBX-001,MARGIN,USD,[],False,{}
2026-03-09 18:29:43.787675157+00:00,1002477.00,0.00,1002477.00,USD,GLBX-001,MARGIN,USD,[],False,{}
2026-03-09 18:32:49.747717805+00:00,1002482.25,0.00,1002482.25,USD,GLBX-001,MARGIN,USD,[],False,{}
2026-03-09 18:32:49.747717805+00:00,1002482.25,0.00,1002482.25,USD,GLBX-001,MARGIN,USD,[],False,{}
2026-03-09 18:34:03.155118930+00:00,1002482.25,0.00,1002482.25,USD,GLBX-001,MARGIN,USD,[],False,{}
2026-03-09 18:34:03.155118930+00:00,1002482.25,0.00,1002482.25,USD,GLBX-001,MARGIN,USD,[],False,{}
2026-03-09 18:35:23.679212079+00:00,1002490.50,0.00,1002490.50,USD,GLBX-001,MARGIN,USD,[],False,{}
2026-03-09 18:35:23.679212079+00:00,1002490.50,0.00,1002490.50,USD,GLBX-001,MARGIN,USD,[],False,{}
2026-03-09 18:36:55.997459747+00:00,1002493.25,0.00,1002493.25,USD,GLBX-001,MARGIN,USD,[],False,{}
2026-03-09 18:36:55.997459747+00:00,1002493.25,0.00,1002493.25,USD,GLBX-001,MARGIN,USD,[],False,{}
2026-03-09 18:38:10.803953215+00:00,1002492.75,0.00,1002492.75,USD,GLBX-001,MARGIN,USD,[],False,{}
2026-03-09 18:38:16.534860365+00:00,1002492.75,0.00,1002492.75,USD,GLBX-001,MARGIN,USD,[],False,{}
2026-03-09 18:38:29.682177160+00:00,1002494.50,0.00,1002494.50,USD,GLBX-001,MARGIN,USD,[],False,{}
2026-03-09 18:38:29.682177160+00:00,1002494.50,0.00,1002494.50,USD,GLBX-001,MARGIN,USD,[],False,{}
2026-03-09 18:39:42.965471805+00:00,1002496.00,0.00,1002496.00,USD,GLBX-001,MARGIN,USD,[],False,{}
2026-03-09 18:39:42.965471805+00:00,1002496.00,0.00,1002496.00,USD,GLBX-001,MARGIN,USD,[],False,{}
2026-03-09 18:40:13.752409587+00:00,1002497.00,0.00,1002497.00,USD,GLBX-001,MARGIN,USD,[],False,{}
2026-03-09 18:40:13.752409587+00:00,1002497.00,0.00,1002497.00,USD,GLBX-001,MARGIN,USD,[],False,{}
2026-03-09 18:40:55.745841661+00:00,1002498.25,0.00,1002498.25,USD,GLBX-001,MARGIN,USD,[],False,{}
2026-03-09 18:40:55.745841661+00:00,1002498.25,0.00,1002498.25,USD,GLBX-001,MARGIN,USD,[],False,{}
2026-03-09 18:42:18.502595058+00:00,1002500.50,0.00,1002500.50,USD,GLBX-001,MARGIN,USD,[],False,{}
2026-03-09 18:42:18.502595058+00:00,1002500.50,0.00,1002500.50,USD,GLBX-001,MARGIN,USD,[],False,{}
2026-03-09 18:42:49.855829802+00:00,1002503.00,0.00,1002503.00,USD,GLBX-001,MARGIN,USD,[],False,{}
2026-03-09 18:42:49.855829802+00:00,1002503.00,0.00,1002503.00,USD,GLBX-001,MARGIN,USD,[],False,{}
2026-03-09 18:42:51.600656430+00:00,1002503.75,0.00,1002503.75,USD,GLBX-001,MARGIN,USD,[],False,{}
2026-03-09 18:42:51.600656430+00:00,1002503.75,0.00,1002503.75,USD,GLBX-001,MARGIN,USD,[],False,{}
2026-03-09 18:43:45.500640482+00:00,1002503.75,0.00,1002503.75,USD,GLBX-001,MARGIN,USD,[],False,{}
2026-03-09 18:43:45.500640482+00:00,1002503.75,0.00,1002503.75,USD,GLBX-001,MARGIN,USD,[],False,{}
2026-03-09 18:44:26.275974957+00:00,1002505.50,0.00,1002505.50,USD,GLBX-001,MARGIN,USD,[],False,{}
2026-03-09 18:44:26.275974957+00:00,1002505.50,0.00,1002505.50,USD,GLBX-001,MARGIN,USD,[],False,{}
2026-03-09 18:46:43.436668835+00:00,1002508.50,0.00,1002508.50,USD,GLBX-001,MARGIN,USD,[],False,{}
2026-03-09 18:46:43.436668835+00:00,1002508.50,0.00,1002508.50,USD,GLBX-001,MARGIN,USD,[],False,{}
2026-03-09 18:47:05.471263160+00:00,1002508.00,0.00,1002508.00,USD,GLBX-001,MARGIN,USD,[],False,{}
2026-03-09 18:47:05.471263160+00:00,1002508.00,0.00,1002508.00,USD,GLBX-001,MARGIN,USD,[],False,{}
2026-03-09 18:47:41.501891359+00:00,1002509.00,0.00,1002509.00,USD,GLBX-001,MARGIN,USD,[],False,{}
2026-03-09 18:47:41.501891359+00:00,1002509.00,0.00,1002509.00,USD,GLBX-001,MARGIN,USD,[],False,{}
2026-03-09 18:50:39.810235837+00:00,1002514.00,0.00,1002514.00,USD,GLBX-001,MARGIN,USD,[],False,{}
2026-03-09 18:50:39.810235837+00:00,1002514.00,0.00,1002514.00,USD,GLBX-001,MARGIN,USD,[],False,{}
2026-03-09 18:51:53.918232423+00:00,1002518.25,0.00,1002518.25,USD,GLBX-001,MARGIN,USD,[],False,{}
2026-03-09 18:51:53.918232423+00:00,1002518.25,0.00,1002518.25,USD,GLBX-001,MARGIN,USD,[],False,{}
2026-03-09 18:52:00.404720341+00:00,1002519.00,0.00,1002519.00,USD,GLBX-001,MARGIN,USD,[],False,{}
2026-03-09 18:52:00.404720341+00:00,1002519.00,0.00,1002519.00,USD,GLBX-001,MARGIN,USD,[],False,{}
2026-03-09 18:53:30.886828226+00:00,1002520.25,0.00,1002520.25,USD,GLBX-001,MARGIN,USD,[],False,{}
2026-03-09 18:53:30.886828226+00:00,1002520.25,0.00,1002520.25,USD,GLBX-001,MARGIN,USD,[],False,{}
2026-03-09 18:55:43.667535563+00:00,1002527.00,0.00,1002527.00,USD,GLBX-001,MARGIN,USD,[],False,{}
2026-03-09 18:55:43.667535563+00:00,1002527.00,0.00,1002527.00,USD,GLBX-001,MARGIN,USD,[],False,{}
2026-03-09 18:55:48.941448871+00:00,1002527.50,0.00,1002527.50,USD,GLBX-001,MARGIN,USD,[],False,{}
2026-03-09 18:55:48.941448871+00:00,1002527.50,0.00,1002527.50,USD,GLBX-001,MARGIN,USD,[],False,{}
2026-03-09 18:59:32.962334421+00:00,1002534.00,0.00,1002534.00,USD,GLBX-001,MARGIN,USD,[],False,{}
2026-03-09 18:59:32.962334421+00:00,1002534.00,0.00,1002534.00,USD,GLBX-001,MARGIN,USD,[],False,{}
2026-03-09 19:01:57.962351072+00:00,1002539.25,0.00,1002539.25,USD,GLBX-001,MARGIN,USD,[],False,{}
2026-03-09 19:01:57.962351072+00:00,1002539.25,0.00,1002539.25,USD,GLBX-001,MARGIN,USD,[],False,{}
2026-03-09 19:03:51.485383061+00:00,1002540.75,0.00,1002540.75,USD,GLBX-001,MARGIN,USD,[],False,{}
2026-03-09 19:03:51.485383061+00:00,1002540.75,0.00,1002540.75,USD,GLBX-001,MARGIN,USD,[],False,{}
2026-03-09 19:05:24.655836466+00:00,1002540.75,0.00,1002540.75,USD,GLBX-001,MARGIN,USD,[],False,{}
2026-03-09 19:05:39.433387237+00:00,1002540.75,0.00,1002540.75,USD,GLBX-001,MARGIN,USD,[],False,{}
2026-03-09 19:07:09.567092053+00:00,1002543.25,0.00,1002543.25,USD,GLBX-001,MARGIN,USD,[],False,{}
2026-03-09 19:07:09.567092053+00:00,1002543.25,0.00,1002543.25,USD,GLBX-001,MARGIN,USD,[],False,{}
2026-03-09 19:07:58.010757056+00:00,1002545.25,0.00,1002545.25,USD,GLBX-001,MARGIN,USD,[],False,{}
2026-03-09 19:07:58.010757056+00:00,1002545.25,0.00,1002545.25,USD,GLBX-001,MARGIN,USD,[],False,{}
2026-03-09 19:08:01.882224978+00:00,1002545.25,0.00,1002545.25,USD,GLBX-001,MARGIN,USD,[],False,{}
2026-03-09 19:08:01.882224978+00:00,1002545.25,0.00,1002545.25,USD,GLBX-001,MARGIN,USD,[],False,{}
2026-03-09 19:10:26.498243315+00:00,1002549.50,0.00,1002549.50,USD,GLBX-001,MARGIN,USD,[],False,{}
2026-03-09 19:10:26.498243315+00:00,1002549.50,0.00,1002549.50,USD,GLBX-001,MARGIN,USD,[],False,{}
2026-03-09 19:10:49.542806892+00:00,1002548.75,0.00,1002548.75,USD,GLBX-001,MARGIN,USD,[],False,{}
2026-03-09 19:11:01.515470216+00:00,1002548.75,0.00,1002548.75,USD,GLBX-001,MARGIN,USD,[],False,{}
2026-03-09 19:11:51.075288477+00:00,1002549.25,0.00,1002549.25,USD,GLBX-001,MARGIN,USD,[],False,{}
2026-03-09 19:11:51.075288477+00:00,1002549.25,0.00,1002549.25,USD,GLBX-001,MARGIN,USD,[],False,{}
2026-03-09 19:16:39.930381147+00:00,1002551.50,0.00,1002551.50,USD,GLBX-001,MARGIN,USD,[],False,{}
2026-03-09 19:16:39.930381147+00:00,1002551.50,0.00,1002551.50,USD,GLBX-001,MARGIN,USD,[],False,{}
2026-03-09 19:17:05.656262552+00:00,1002558.00,0.00,1002558.00,USD,GLBX-001,MARGIN,USD,[],False,{}
2026-03-09 19:17:05.656262552+00:00,1002558.00,0.00,1002558.00,USD,GLBX-001,MARGIN,USD,[],False,{}
2026-03-09 19:17:12.158802210+00:00,1002558.75,0.00,1002558.75,USD,GLBX-001,MARGIN,USD,[],False,{}
2026-03-09 19:17:12.158802210+00:00,1002558.75,0.00,1002558.75,USD,GLBX-001,MARGIN,USD,[],False,{}
2026-03-09 19:17:38.811270347+00:00,1002558.25,0.00,1002558.25,USD,GLBX-001,MARGIN,USD,[],False,{}
2026-03-09 19:17:38.811270347+00:00,1002558.25,0.00,1002558.25,USD,GLBX-001,MARGIN,USD,[],False,{}
2026-03-09 19:18:35.458568802+00:00,1002559.25,0.00,1002559.25,USD,GLBX-001,MARGIN,USD,[],False,{}
2026-03-09 19:18:35.458568802+00:00,1002559.25,0.00,1002559.25,USD,GLBX-001,MARGIN,USD,[],False,{}
2026-03-09 19:21:04.353670517+00:00,1002599.25,0.00,1002599.25,USD,GLBX-001,MARGIN,USD,[],False,{}
2026-03-09 19:21:04.353670517+00:00,1002599.25,0.00,1002599.25,USD,GLBX-001,MARGIN,USD,[],False,{}
2026-03-09 19:21:21.629062741+00:00,1002598.75,0.00,1002598.75,USD,GLBX-001,MARGIN,USD,[],False,{}
2026-03-09 19:21:21.629062741+00:00,1002598.75,0.00,1002598.75,USD,GLBX-001,MARGIN,USD,[],False,{}
2026-03-09 19:21:52.089541008+00:00,1002599.75,0.00,1002599.75,USD,GLBX-001,MARGIN,USD,[],False,{}
2026-03-09 19:21:52.089541008+00:00,1002599.75,0.00,1002599.75,USD,GLBX-001,MARGIN,USD,[],False,{}
2026-03-09 19:21:53.214474840+00:00,1002599.50,0.00,1002599.50,USD,GLBX-001,MARGIN,USD,[],False,{}
2026-03-09 19:21:53.214474840+00:00,1002599.50,0.00,1002599.50,USD,GLBX-001,MARGIN,USD,[],False,{}
2026-03-09 19:21:55.806770947+00:00,1002601.25,0.00,1002601.25,USD,GLBX-001,MARGIN,USD,[],False,{}
2026-03-09 19:21:55.806770947+00:00,1002601.25,0.00,1002601.25,USD,GLBX-001,MARGIN,USD,[],False,{}
2026-03-09 19:22:25.089110797+00:00,1002603.75,0.00,1002603.75,USD,GLBX-001,MARGIN,USD,[],False,{}
2026-03-09 19:22:25.089110797+00:00,1002603.75,0.00,1002603.75,USD,GLBX-001,MARGIN,USD,[],False,{}
2026-03-09 19:23:26.201927867+00:00,1002611.25,0.00,1002611.25,USD,GLBX-001,MARGIN,USD,[],False,{}
2026-03-09 19:23:26.201927867+00:00,1002611.25,0.00,1002611.25,USD,GLBX-001,MARGIN,USD,[],False,{}
2026-03-09 19:24:15.945853939+00:00,1002617.75,0.00,1002617.75,USD,GLBX-001,MARGIN,USD,[],False,{}
2026-03-09 19:24:15.945853939+00:00,1002617.75,0.00,1002617.75,USD,GLBX-001,MARGIN,USD,[],False,{}
2026-03-09 19:24:38.973411663+00:00,1002620.25,0.00,1002620.25,USD,GLBX-001,MARGIN,USD,[],False,{}
2026-03-09 19:24:38.973411663+00:00,1002620.25,0.00,1002620.25,USD,GLBX-001,MARGIN,USD,[],False,{}
2026-03-09 19:24:49.313702218+00:00,1002621.25,0.00,1002621.25,USD,GLBX-001,MARGIN,USD,[],False,{}
2026-03-09 19:24:49.313702218+00:00,1002621.25,0.00,1002621.25,USD,GLBX-001,MARGIN,USD,[],False,{}
2026-03-09 19:24:59.511611218+00:00,1002622.25,0.00,1002622.25,USD,GLBX-001,MARGIN,USD,[],False,{}
2026-03-09 19:24:59.511611218+00:00,1002622.25,0.00,1002622.25,USD,GLBX-001,MARGIN,USD,[],False,{}
2026-03-09 19:25:08.497275079+00:00,1002623.00,0.00,1002623.00,USD,GLBX-001,MARGIN,USD,[],False,{}
2026-03-09 19:25:08.497275079+00:00,1002623.00,0.00,1002623.00,USD,GLBX-001,MARGIN,USD,[],False,{}
2026-03-09 19:25:35.455628517+00:00,1002624.25,0.00,1002624.25,USD,GLBX-001,MARGIN,USD,[],False,{}
2026-03-09 19:25:35.455628517+00:00,1002624.25,0.00,1002624.25,USD,GLBX-001,MARGIN,USD,[],False,{}
2026-03-09 19:25:43.549839872+00:00,1002624.75,0.00,1002624.75,USD,GLBX-001,MARGIN,USD,[],False,{}
2026-03-09 19:25:43.549839872+00:00,1002624.75,0.00,1002624.75,USD,GLBX-001,MARGIN,USD,[],False,{}
2026-03-09 19:25:53.942554423+00:00,1002626.00,0.00,1002626.00,USD,GLBX-001,MARGIN,USD,[],False,{}
2026-03-09 19:25:53.942554423+00:00,1002626.00,0.00,1002626.00,USD,GLBX-001,MARGIN,USD,[],False,{}
2026-03-09 19:25:58.502952727+00:00,1002627.25,0.00,1002627.25,USD,GLBX-001,MARGIN,USD,[],False,{}
2026-03-09 19:25:58.502952727+00:00,1002627.25,0.00,1002627.25,USD,GLBX-001,MARGIN,USD,[],False,{}
2026-03-09 19:27:43.072002507+00:00,1002642.00,0.00,1002642.00,USD,GLBX-001,MARGIN,USD,[],False,{}
2026-03-09 19:27:43.072002507+00:00,1002642.00,0.00,1002642.00,USD,GLBX-001,MARGIN,USD,[],False,{}
2026-03-09 19:27:57.840557886+00:00,1002643.75,0.00,1002643.75,USD,GLBX-001,MARGIN,USD,[],False,{}
2026-03-09 19:27:57.840557886+00:00,1002643.75,0.00,1002643.75,USD,GLBX-001,MARGIN,USD,[],False,{}
2026-03-09 19:28:46.569578759+00:00,1002649.50,0.00,1002649.50,USD,GLBX-001,MARGIN,USD,[],False,{}
2026-03-09 19:28:46.569578759+00:00,1002649.50,0.00,1002649.50,USD,GLBX-001,MARGIN,USD,[],False,{}
2026-03-09 19:28:59.108529631+00:00,1002651.25,0.00,1002651.25,USD,GLBX-001,MARGIN,USD,[],False,{}
2026-03-09 19:28:59.108529631+00:00,1002651.25,0.00,1002651.25,USD,GLBX-001,MARGIN,USD,[],False,{}
2026-03-09 19:29:47.347071963+00:00,1002654.75,0.00,1002654.75,USD,GLBX-001,MARGIN,USD,[],False,{}
2026-03-09 19:29:47.347071963+00:00,1002654.75,0.00,1002654.75,USD,GLBX-001,MARGIN,USD,[],False,{}
2026-03-09 19:30:45.941850144+00:00,1002661.50,0.00,1002661.50,USD,GLBX-001,MARGIN,USD,[],False,{}
2026-03-09 19:30:45.941850144+00:00,1002661.50,0.00,1002661.50,USD,GLBX-001,MARGIN,USD,[],False,{}
2026-03-09 19:31:35.476681365+00:00,1002667.00,0.00,1002667.00,USD,GLBX-001,MARGIN,USD,[],False,{}
2026-03-09 19:31:35.476681365+00:00,1002667.00,0.00,1002667.00,USD,GLBX-001,MARGIN,USD,[],False,{}
2026-03-09 19:31:46.470621247+00:00,1002666.50,0.00,1002666.50,USD,GLBX-001,MARGIN,USD,[],False,{}
2026-03-09 19:31:46.470621247+00:00,1002666.50,0.00,1002666.50,USD,GLBX-001,MARGIN,USD,[],False,{}
2026-03-09 19:33:00.550037650+00:00,1002674.25,0.00,1002674.25,USD,GLBX-001,MARGIN,USD,[],False,{}
2026-03-09 19:33:00.550037650+00:00,1002674.25,0.00,1002674.25,USD,GLBX-001,MARGIN,USD,[],False,{}
2026-03-09 19:33:13.512352890+00:00,1002671.25,0.00,1002671.25,USD,GLBX-001,MARGIN,USD,[],False,{}
2026-03-09 19:33:15.042100339+00:00,1002671.25,0.00,1002671.25,USD,GLBX-001,MARGIN,USD,[],False,{}
2026-03-09 19:33:43.821496685+00:00,1002671.75,0.00,1002671.75,USD,GLBX-001,MARGIN,USD,[],False,{}
2026-03-09 19:33:43.821496685+00:00,1002671.75,0.00,1002671.75,USD,GLBX-001,MARGIN,USD,[],False,{}
2026-03-09 19:34:08.273189914+00:00,1002671.50,0.00,1002671.50,USD,GLBX-001,MARGIN,USD,[],False,{}
2026-03-09 19:34:09.735638763+00:00,1002671.50,0.00,1002671.50,USD,GLBX-001,MARGIN,USD,[],False,{}
2026-03-09 19:34:45.064076514+00:00,1002673.00,0.00,1002673.00,USD,GLBX-001,MARGIN,USD,[],False,{}
2026-03-09 19:34:45.064076514+00:00,1002673.00,0.00,1002673.00,USD,GLBX-001,MARGIN,USD,[],False,{}
2026-03-09 19:34:46.300668574+00:00,1002672.75,0.00,1002672.75,USD,GLBX-001,MARGIN,USD,[],False,{}
2026-03-09 19:34:46.300668574+00:00,1002672.75,0.00,1002672.75,USD,GLBX-001,MARGIN,USD,[],False,{}
2026-03-09 19:34:58.050547887+00:00,1002672.75,0.00,1002672.75,USD,GLBX-001,MARGIN,USD,[],False,{}
2026-03-09 19:34:58.050547887+00:00,1002672.75,0.00,1002672.75,USD,GLBX-001,MARGIN,USD,[],False,{}
2026-03-09 19:36:03.738449541+00:00,1002681.75,0.00,1002681.75,USD,GLBX-001,MARGIN,USD,[],False,{}
2026-03-09 19:36:03.738449541+00:00,1002681.75,0.00,1002681.75,USD,GLBX-001,MARGIN,USD,[],False,{}
2026-03-09 19:38:06.186613578+00:00,1002701.50,0.00,1002701.50,USD,GLBX-001,MARGIN,USD,[],False,{}
2026-03-09 19:38:06.186613578+00:00,1002701.50,0.00,1002701.50,USD,GLBX-001,MARGIN,USD,[],False,{}
2026-03-09 19:38:52.213930090+00:00,1002703.25,0.00,1002703.25,USD,GLBX-001,MARGIN,USD,[],False,{}
2026-03-09 19:38:52.213930090+00:00,1002703.25,0.00,1002703.25,USD,GLBX-001,MARGIN,USD,[],False,{}
2026-03-09 19:39:18.548072464+00:00,1002704.00,0.00,1002704.00,USD,GLBX-001,MARGIN,USD,[],False,{}
2026-03-09 19:39:18.548072464+00:00,1002704.00,0.00,1002704.00,USD,GLBX-001,MARGIN,USD,[],False,{}
2026-03-09 19:39:23.441850432+00:00,1002704.75,0.00,1002704.75,USD,GLBX-001,MARGIN,USD,[],False,{}
2026-03-09 19:39:23.441850432+00:00,1002704.75,0.00,1002704.75,USD,GLBX-001,MARGIN,USD,[],False,{}
2026-03-09 19:39:31.263975807+00:00,1002705.25,0.00,1002705.25,USD,GLBX-001,MARGIN,USD,[],False,{}
2026-03-09 19:39:31.263975807+00:00,1002705.25,0.00,1002705.25,USD,GLBX-001,MARGIN,USD,[],False,{}
2026-03-09 19:41:56.768039978+00:00,1002725.25,0.00,1002725.25,USD,GLBX-001,MARGIN,USD,[],False,{}
2026-03-09 19:41:56.768039978+00:00,1002725.25,0.00,1002725.25,USD,GLBX-001,MARGIN,USD,[],False,{}
2026-03-09 19:42:25.951792496+00:00,1002725.25,0.00,1002725.25,USD,GLBX-001,MARGIN,USD,[],False,{}
2026-03-09 19:42:25.951792496+00:00,1002725.25,0.00,1002725.25,USD,GLBX-001,MARGIN,USD,[],False,{}
2026-03-09 19:42:57.285589637+00:00,1002726.50,0.00,1002726.50,USD,GLBX-001,MARGIN,USD,[],False,{}
2026-03-09 19:42:57.285589637+00:00,1002726.50,0.00,1002726.50,USD,GLBX-001,MARGIN,USD,[],False,{}
2026-03-09 19:43:37.265925695+00:00,1002729.50,0.00,1002729.50,USD,GLBX-001,MARGIN,USD,[],False,{}
2026-03-09 19:43:37.265925695+00:00,1002729.50,0.00,1002729.50,USD,GLBX-001,MARGIN,USD,[],False,{}
2026-03-09 19:44:07.367084823+00:00,1002729.75,0.00,1002729.75,USD,GLBX-001,MARGIN,USD,[],False,{}
2026-03-09 19:44:07.367084823+00:00,1002729.75,0.00,1002729.75,USD,GLBX-001,MARGIN,USD,[],False,{}
2026-03-09 19:44:33.991387515+00:00,1002733.25,0.00,1002733.25,USD,GLBX-001,MARGIN,USD,[],False,{}
2026-03-09 19:44:33.991387515+00:00,1002733.25,0.00,1002733.25,USD,GLBX-001,MARGIN,USD,[],False,{}
2026-03-09 19:45:04.903391949+00:00,1002733.75,0.00,1002733.75,USD,GLBX-001,MARGIN,USD,[],False,{}
2026-03-09 19:45:04.903391949+00:00,1002733.75,0.00,1002733.75,USD,GLBX-001,MARGIN,USD,[],False,{}
2026-03-09 19:45:19.342954640+00:00,1002732.00,0.00,1002732.00,USD,GLBX-001,MARGIN,USD,[],False,{}
2026-03-09 19:45:20.649745362+00:00,1002732.00,0.00,1002732.00,USD,GLBX-001,MARGIN,USD,[],False,{}
2026-03-09 19:45:26.982199984+00:00,1002734.00,0.00,1002734.00,USD,GLBX-001,MARGIN,USD,[],False,{}
2026-03-09 19:45:26.982199984+00:00,1002734.00,0.00,1002734.00,USD,GLBX-001,MARGIN,USD,[],False,{}
2026-03-09 19:45:40.189975666+00:00,1002736.75,0.00,1002736.75,USD,GLBX-001,MARGIN,USD,[],False,{}
2026-03-09 19:45:40.189975666+00:00,1002736.75,0.00,1002736.75,USD,GLBX-001,MARGIN,USD,[],False,{}
2026-03-09 19:45:54.381357597+00:00,1002740.75,0.00,1002740.75,USD,GLBX-001,MARGIN,USD,[],False,{}
2026-03-09 19:45:54.381357597+00:00,1002740.75,0.00,1002740.75,USD,GLBX-001,MARGIN,USD,[],False,{}
2026-03-09 19:45:59.836779592+00:00,1002743.25,0.00,1002743.25,USD,GLBX-001,MARGIN,USD,[],False,{}
2026-03-09 19:45:59.836779592+00:00,1002743.25,0.00,1002743.25,USD,GLBX-001,MARGIN,USD,[],False,{}
2026-03-09 19:46:27.082090429+00:00,1002744.00,0.00,1002744.00,USD,GLBX-001,MARGIN,USD,[],False,{}
2026-03-09 19:46:27.082090429+00:00,1002744.00,0.00,1002744.00,USD,GLBX-001,MARGIN,USD,[],False,{}
2026-03-09 19:46:46.178663211+00:00,1002745.50,0.00,1002745.50,USD,GLBX-001,MARGIN,USD,[],False,{}
2026-03-09 19:46:46.178663211+00:00,1002745.50,0.00,1002745.50,USD,GLBX-001,MARGIN,USD,[],False,{}
2026-03-09 19:47:00.798769195+00:00,1002745.50,0.00,1002745.50,USD,GLBX-001,MARGIN,USD,[],False,{}
2026-03-09 19:47:00.798769195+00:00,1002745.50,0.00,1002745.50,USD,GLBX-001,MARGIN,USD,[],False,{}
2026-03-09 19:47:48.082801715+00:00,1002751.00,0.00,1002751.00,USD,GLBX-001,MARGIN,USD,[],False,{}
2026-03-09 19:47:48.082801715+00:00,1002751.00,0.00,1002751.00,USD,GLBX-001,MARGIN,USD,[],False,{}
2026-03-09 19:49:08.421214322+00:00,1002754.50,0.00,1002754.50,USD,GLBX-001,MARGIN,USD,[],False,{}
2026-03-09 19:49:08.421214322+00:00,1002754.50,0.00,1002754.50,USD,GLBX-001,MARGIN,USD,[],False,{}
2026-03-09 19:49:38.109099931+00:00,1002752.25,0.00,1002752.25,USD,GLBX-001,MARGIN,USD,[],False,{}
2026-03-09 19:49:44.572102301+00:00,1002752.25,0.00,1002752.25,USD,GLBX-001,MARGIN,USD,[],False,{}
2026-03-09 19:50:56.159967187+00:00,1002762.25,0.00,1002762.25,USD,GLBX-001,MARGIN,USD,[],False,{}
2026-03-09 19:50:56.159967187+00:00,1002762.25,0.00,1002762.25,USD,GLBX-001,MARGIN,USD,[],False,{}
2026-03-09 19:51:05.742656635+00:00,1002765.50,0.00,1002765.50,USD,GLBX-001,MARGIN,USD,[],False,{}
2026-03-09 19:51:05.742656635+00:00,1002765.50,0.00,1002765.50,USD,GLBX-001,MARGIN,USD,[],False,{}
2026-03-09 19:51:20.248254339+00:00,1002769.50,0.00,1002769.50,USD,GLBX-001,MARGIN,USD,[],False,{}
2026-03-09 19:51:20.248254339+00:00,1002769.50,0.00,1002769.50,USD,GLBX-001,MARGIN,USD,[],False,{}
2026-03-09 19:52:11.160071759+00:00,1002775.00,0.00,1002775.00,USD,GLBX-001,MARGIN,USD,[],False,{}
2026-03-09 19:52:11.160071759+00:00,1002775.00,0.00,1002775.00,USD,GLBX-001,MARGIN,USD,[],False,{}
2026-03-09 19:53:23.850058621+00:00,1002778.25,0.00,1002778.25,USD,GLBX-001,MARGIN,USD,[],False,{}
2026-03-09 19:53:23.850058621+00:00,1002778.25,0.00,1002778.25,USD,GLBX-001,MARGIN,USD,[],False,{}
2026-03-09 19:54:12.383048618+00:00,1002779.25,0.00,1002779.25,USD,GLBX-001,MARGIN,USD,[],False,{}
2026-03-09 19:54:12.383048618+00:00,1002779.25,0.00,1002779.25,USD,GLBX-001,MARGIN,USD,[],False,{}
2026-03-09 19:54:48.316656127+00:00,1002780.25,0.00,1002780.25,USD,GLBX-001,MARGIN,USD,[],False,{}
2026-03-09 19:54:48.316656127+00:00,1002780.25,0.00,1002780.25,USD,GLBX-001,MARGIN,USD,[],False,{}
2026-03-09 19:55:12.571934893+00:00,1002785.75,0.00,1002785.75,USD,GLBX-001,MARGIN,USD,[],False,{}
2026-03-09 19:55:12.571934893+00:00,1002785.75,0.00,1002785.75,USD,GLBX-001,MARGIN,USD,[],False,{}
2026-03-09 19:55:15.514705877+00:00,1002788.25,0.00,1002788.25,USD,GLBX-001,MARGIN,USD,[],False,{}
2026-03-09 19:55:15.514705877+00:00,1002788.25,0.00,1002788.25,USD,GLBX-001,MARGIN,USD,[],False,{}
2026-03-09 19:56:19.306909477+00:00,1002793.00,0.00,1002793.00,USD,GLBX-001,MARGIN,USD,[],False,{}
2026-03-09 19:56:19.306909477+00:00,1002793.00,0.00,1002793.00,USD,GLBX-001,MARGIN,USD,[],False,{}
2026-03-09 19:56:46.376999739+00:00,1002793.50,0.00,1002793.50,USD,GLBX-001,MARGIN,USD,[],False,{}
2026-03-09 19:56:46.376999739+00:00,1002793.50,0.00,1002793.50,USD,GLBX-001,MARGIN,USD,[],False,{}
2026-03-09 19:58:15.730522915+00:00,1002801.00,0.00,1002801.00,USD,GLBX-001,MARGIN,USD,[],False,{}
2026-03-09 19:58:15.730522915+00:00,1002801.00,0.00,1002801.00,USD,GLBX-001,MARGIN,USD,[],False,{}
2026-03-09 19:58:19.233486573+00:00,1002801.25,0.00,1002801.25,USD,GLBX-001,MARGIN,USD,[],False,{}
2026-03-09 19:58:19.233486573+00:00,1002801.25,0.00,1002801.25,USD,GLBX-001,MARGIN,USD,[],False,{}
2026-03-09 19:58:22.474626009+00:00,1002801.25,0.00,1002801.25,USD,GLBX-001,MARGIN,USD,[],False,{}
2026-03-09 19:58:22.474626009+00:00,1002801.25,0.00,1002801.25,USD,GLBX-001,MARGIN,USD,[],False,{}
2026-03-09 19:59:11.851858186+00:00,1002805.75,0.00,1002805.75,USD,GLBX-001,MARGIN,USD,[],False,{}
2026-03-09 19:59:11.851858186+00:00,1002805.75,0.00,1002805.75,USD,GLBX-001,MARGIN,USD,[],False,{}
2026-03-09 19:59:17.513415568+00:00,1002805.75,0.00,1002805.75,USD,GLBX-001,MARGIN,USD,[],False,{}
2026-03-09 19:59:17.513415568+00:00,1002805.75,0.00,1002805.75,USD,GLBX-001,MARGIN,USD,[],False,{}
2026-03-09 19:59:22.825710386+00:00,1002806.50,0.00,1002806.50,USD,GLBX-001,MARGIN,USD,[],False,{}
2026-03-09 19:59:22.825710386+00:00,1002806.50,0.00,1002806.50,USD,GLBX-001,MARGIN,USD,[],False,{}
2026-03-09 20:00:22.184104299+00:00,1002811.50,0.00,1002811.50,USD,GLBX-001,MARGIN,USD,[],False,{}
2026-03-09 20:00:22.184104299+00:00,1002811.50,0.00,1002811.50,USD,GLBX-001,MARGIN,USD,[],False,{}
2026-03-09 20:00:25.210324175+00:00,1002811.25,0.00,1002811.25,USD,GLBX-001,MARGIN,USD,[],False,{}
2026-03-09 20:00:40.657278914+00:00,1002811.25,0.00,1002811.25,USD,GLBX-001,MARGIN,USD,[],False,{}
2026-03-09 20:00:56.717886456+00:00,1002813.75,0.00,1002813.75,USD,GLBX-001,MARGIN,USD,[],False,{}
2026-03-09 20:00:56.717886456+00:00,1002813.75,0.00,1002813.75,USD,GLBX-001,MARGIN,USD,[],False,{}
2026-03-09 20:01:24.862500540+00:00,1002815.75,0.00,1002815.75,USD,GLBX-001,MARGIN,USD,[],False,{}
2026-03-09 20:01:24.862500540+00:00,1002815.75,0.00,1002815.75,USD,GLBX-001,MARGIN,USD,[],False,{}
2026-03-09 20:04:05.181337993+00:00,1002828.75,0.00,1002828.75,USD,GLBX-001,MARGIN,USD,[],False,{}
2026-03-09 20:04:05.181337993+00:00,1002828.75,0.00,1002828.75,USD,GLBX-001,MARGIN,USD,[],False,{}
2026-03-09 20:05:30.853613291+00:00,1002831.75,0.00,1002831.75,USD,GLBX-001,MARGIN,USD,[],False,{}
2026-03-09 20:05:30.853613291+00:00,1002831.75,0.00,1002831.75,USD,GLBX-001,MARGIN,USD,[],False,{}
2026-03-09 20:07:07.278856052+00:00,1002834.50,0.00,1002834.50,USD,GLBX-001,MARGIN,USD,[],False,{}
2026-03-09 20:07:07.278856052+00:00,1002834.50,0.00,1002834.50,USD,GLBX-001,MARGIN,USD,[],False,{}
2026-03-09 20:07:37.685652946+00:00,1002836.00,0.00,1002836.00,USD,GLBX-001,MARGIN,USD,[],False,{}
2026-03-09 20:07:37.685652946+00:00,1002836.00,0.00,1002836.00,USD,GLBX-001,MARGIN,USD,[],False,{}
2026-03-09 20:10:57.699493973+00:00,1002845.75,0.00,1002845.75,USD,GLBX-001,MARGIN,USD,[],False,{}
2026-03-09 20:10:57.699493973+00:00,1002845.75,0.00,1002845.75,USD,GLBX-001,MARGIN,USD,[],False,{}
2026-03-09 20:11:06.456019615+00:00,1002846.50,0.00,1002846.50,USD,GLBX-001,MARGIN,USD,[],False,{}
2026-03-09 20:11:06.456019615+00:00,1002846.50,0.00,1002846.50,USD,GLBX-001,MARGIN,USD,[],False,{}
2026-03-09 20:11:25.038602587+00:00,1002847.50,0.00,1002847.50,USD,GLBX-001,MARGIN,USD,[],False,{}
2026-03-09 20:11:25.038602587+00:00,1002847.50,0.00,1002847.50,USD,GLBX-001,MARGIN,USD,[],False,{}
2026-03-09 20:11:29.031931122+00:00,1002847.75,0.00,1002847.75,USD,GLBX-001,MARGIN,USD,[],False,{}
2026-03-09 20:11:29.031931122+00:00,1002847.75,0.00,1002847.75,USD,GLBX-001,MARGIN,USD,[],False,{}
2026-03-09 20:11:44.793083472+00:00,1002849.25,0.00,1002849.25,USD,GLBX-001,MARGIN,USD,[],False,{}
2026-03-09 20:11:44.793083472+00:00,1002849.25,0.00,1002849.25,USD,GLBX-001,MARGIN,USD,[],False,{}
2026-03-09 20:12:09.214763077+00:00,1002853.75,0.00,1002853.75,USD,GLBX-001,MARGIN,USD,[],False,{}
2026-03-09 20:12:09.214763077+00:00,1002853.75,0.00,1002853.75,USD,GLBX-001,MARGIN,USD,[],False,{}
2026-03-09 20:12:40.037646621+00:00,1002855.25,0.00,1002855.25,USD,GLBX-001,MARGIN,USD,[],False,{}
2026-03-09 20:12:40.037646621+00:00,1002855.25,0.00,1002855.25,USD,GLBX-001,MARGIN,USD,[],False,{}
2026-03-09 20:13:11.544333810+00:00,1002856.75,0.00,1002856.75,USD,GLBX-001,MARGIN,USD,[],False,{}
2026-03-09 20:13:11.544333810+00:00,1002856.75,0.00,1002856.75,USD,GLBX-001,MARGIN,USD,[],False,{}
2026-03-09 20:14:06.881270366+00:00,1002857.75,0.00,1002857.75,USD,GLBX-001,MARGIN,USD,[],False,{}
2026-03-09 20:14:06.881270366+00:00,1002857.75,0.00,1002857.75,USD,GLBX-001,MARGIN,USD,[],False,{}
2026-03-09 20:14:21.382561215+00:00,1002861.25,0.00,1002861.25,USD,GLBX-001,MARGIN,USD,[],False,{}
2026-03-09 20:14:21.382561215+00:00,1002861.25,0.00,1002861.25,USD,GLBX-001,MARGIN,USD,[],False,{}
2026-03-09 20:16:36.151202109+00:00,1002865.25,0.00,1002865.25,USD,GLBX-001,MARGIN,USD,[],False,{}
2026-03-09 20:16:36.151202109+00:00,1002865.25,0.00,1002865.25,USD,GLBX-001,MARGIN,USD,[],False,{}
2026-03-09 20:16:44.074167048+00:00,1002864.75,0.00,1002864.75,USD,GLBX-001,MARGIN,USD,[],False,{}
2026-03-09 20:16:44.074167048+00:00,1002864.75,0.00,1002864.75,USD,GLBX-001,MARGIN,USD,[],False,{}
2026-03-09 20:18:48.591327063+00:00,1002867.75,0.00,1002867.75,USD,GLBX-001,MARGIN,USD,[],False,{}
2026-03-09 20:18:48.591327063+00:00,1002867.75,0.00,1002867.75,USD,GLBX-001,MARGIN,USD,[],False,{}
2026-03-09 20:19:13.863556047+00:00,1002867.75,0.00,1002867.75,USD,GLBX-001,MARGIN,USD,[],False,{}
2026-03-09 20:19:22.216309229+00:00,1002867.75,0.00,1002867.75,USD,GLBX-001,MARGIN,USD,[],False,{}
2026-03-09 20:20:25.509057994+00:00,1002869.25,0.00,1002869.25,USD,GLBX-001,MARGIN,USD,[],False,{}
2026-03-09 20:20:25.509057994+00:00,1002869.25,0.00,1002869.25,USD,GLBX-001,MARGIN,USD,[],False,{}
2026-03-09 20:23:11.780410999+00:00,1002872.75,0.00,1002872.75,USD,GLBX-001,MARGIN,USD,[],False,{}
2026-03-09 20:23:11.780410999+00:00,1002872.75,0.00,1002872.75,USD,GLBX-001,MARGIN,USD,[],False,{}
2026-03-09 20:25:29.811249411+00:00,1002875.75,0.00,1002875.75,USD,GLBX-001,MARGIN,USD,[],False,{}
2026-03-09 20:25:29.811249411+00:00,1002875.75,0.00,1002875.75,USD,GLBX-001,MARGIN,USD,[],False,{}
2026-03-09 20:27:39.330484402+00:00,1002879.75,0.00,1002879.75,USD,GLBX-001,MARGIN,USD,[],False,{}
2026-03-09 20:27:39.330484402+00:00,1002879.75,0.00,1002879.75,USD,GLBX-001,MARGIN,USD,[],False,{}
2026-03-09 20:28:11.507087202+00:00,1002880.25,0.00,1002880.25,USD,GLBX-001,MARGIN,USD,[],False,{}
2026-03-09 20:28:11.507087202+00:00,1002880.25,0.00,1002880.25,USD,GLBX-001,MARGIN,USD,[],False,{}
2026-03-09 20:29:58.691428019+00:00,1002887.00,0.00,1002887.00,USD,GLBX-001,MARGIN,USD,[],False,{}
2026-03-09 20:29:58.691428019+00:00,1002887.00,0.00,1002887.00,USD,GLBX-001,MARGIN,USD,[],False,{}
2026-03-09 20:30:08.999235251+00:00,1002891.00,0.00,1002891.00,USD,GLBX-001,MARGIN,USD,[],False,{}
2026-03-09 20:30:08.999235251+00:00,1002891.00,0.00,1002891.00,USD,GLBX-001,MARGIN,USD,[],False,{}
2026-03-09 20:30:50.651785125+00:00,1002892.75,0.00,1002892.75,USD,GLBX-001,MARGIN,USD,[],False,{}
2026-03-09 20:30:50.651785125+00:00,1002892.75,0.00,1002892.75,USD,GLBX-001,MARGIN,USD,[],False,{}
2026-03-09 20:31:28.230679800+00:00,1002894.50,0.00,1002894.50,USD,GLBX-001,MARGIN,USD,[],False,{}
2026-03-09 20:31:28.230679800+00:00,1002894.50,0.00,1002894.50,USD,GLBX-001,MARGIN,USD,[],False,{}
2026-03-09 20:32:59.368994266+00:00,1002898.25,0.00,1002898.25,USD,GLBX-001,MARGIN,USD,[],False,{}
2026-03-09 20:32:59.368994266+00:00,1002898.25,0.00,1002898.25,USD,GLBX-001,MARGIN,USD,[],False,{}
2026-03-09 20:33:15.031026847+00:00,1002900.00,0.00,1002900.00,USD,GLBX-001,MARGIN,USD,[],False,{}
2026-03-09 20:33:15.031026847+00:00,1002900.00,0.00,1002900.00,USD,GLBX-001,MARGIN,USD,[],False,{}
2026-03-09 20:33:30.643583467+00:00,1002899.50,0.00,1002899.50,USD,GLBX-001,MARGIN,USD,[],False,{}
2026-03-09 20:33:30.643583467+00:00,1002899.50,0.00,1002899.50,USD,GLBX-001,MARGIN,USD,[],False,{}
2026-03-09 20:34:47.509517083+00:00,1002899.25,0.00,1002899.25,USD,GLBX-001,MARGIN,USD,[],False,{}
2026-03-09 20:34:58.230949061+00:00,1002899.25,0.00,1002899.25,USD,GLBX-001,MARGIN,USD,[],False,{}
2026-03-09 20:36:01.302177531+00:00,1002903.75,0.00,1002903.75,USD,GLBX-001,MARGIN,USD,[],False,{}
2026-03-09 20:36:01.302177531+00:00,1002903.75,0.00,1002903.75,USD,GLBX-001,MARGIN,USD,[],False,{}
2026-03-09 20:36:21.347670493+00:00,1002904.50,0.00,1002904.50,USD,GLBX-001,MARGIN,USD,[],False,{}
2026-03-09 20:36:21.347670493+00:00,1002904.50,0.00,1002904.50,USD,GLBX-001,MARGIN,USD,[],False,{}
2026-03-09 20:36:44.778939560+00:00,1002903.00,0.00,1002903.00,USD,GLBX-001,MARGIN,USD,[],False,{}
2026-03-09 20:36:44.778939560+00:00,1002903.00,0.00,1002903.00,USD,GLBX-001,MARGIN,USD,[],False,{}
2026-03-09 20:38:03.960906155+00:00,1002907.00,0.00,1002907.00,USD,GLBX-001,MARGIN,USD,[],False,{}
2026-03-09 20:38:03.960906155+00:00,1002907.00,0.00,1002907.00,USD,GLBX-001,MARGIN,USD,[],False,{}
2026-03-09 20:39:17.121295472+00:00,1002912.50,0.00,1002912.50,USD,GLBX-001,MARGIN,USD,[],False,{}
2026-03-09 20:39:17.121295472+00:00,1002912.50,0.00,1002912.50,USD,GLBX-001,MARGIN,USD,[],False,{}
2026-03-09 20:42:58.388086344+00:00,1002917.75,0.00,1002917.75,USD,GLBX-001,MARGIN,USD,[],False,{}
2026-03-09 20:42:58.388086344+00:00,1002917.75,0.00,1002917.75,USD,GLBX-001,MARGIN,USD,[],False,{}
2026-03-09 20:43:47.668955222+00:00,1002919.75,0.00,1002919.75,USD,GLBX-001,MARGIN,USD,[],False,{}
2026-03-09 20:43:47.668955222+00:00,1002919.75,0.00,1002919.75,USD,GLBX-001,MARGIN,USD,[],False,{}
2026-03-09 20:46:52.921073618+00:00,1002923.00,0.00,1002923.00,USD,GLBX-001,MARGIN,USD,[],False,{}
2026-03-09 20:46:52.921073618+00:00,1002923.00,0.00,1002923.00,USD,GLBX-001,MARGIN,USD,[],False,{}
2026-03-09 20:47:03.682916644+00:00,1002924.00,0.00,1002924.00,USD,GLBX-001,MARGIN,USD,[],False,{}
2026-03-09 20:47:03.682916644+00:00,1002924.00,0.00,1002924.00,USD,GLBX-001,MARGIN,USD,[],False,{}
2026-03-09 20:47:19.923920471+00:00,1002925.00,0.00,1002925.00,USD,GLBX-001,MARGIN,USD,[],False,{}
2026-03-09 20:47:19.923920471+00:00,1002925.00,0.00,1002925.00,USD,GLBX-001,MARGIN,USD,[],False,{}
2026-03-09 20:51:54.906199136+00:00,1002931.25,0.00,1002931.25,USD,GLBX-001,MARGIN,USD,[],False,{}
2026-03-09 20:51:54.906199136+00:00,1002931.25,0.00,1002931.25,USD,GLBX-001,MARGIN,USD,[],False,{}
2026-03-09 20:52:15.689876536+00:00,1002934.00,0.00,1002934.00,USD,GLBX-001,MARGIN,USD,[],False,{}
2026-03-09 20:52:15.689876536+00:00,1002934.00,0.00,1002934.00,USD,GLBX-001,MARGIN,USD,[],False,{}
2026-03-09 20:52:25.836326575+00:00,1002936.50,0.00,1002936.50,USD,GLBX-001,MARGIN,USD,[],False,{}
2026-03-09 20:52:25.836326575+00:00,1002936.50,0.00,1002936.50,USD,GLBX-001,MARGIN,USD,[],False,{}
2026-03-09 20:54:05.726855416+00:00,1002940.25,0.00,1002940.25,USD,GLBX-001,MARGIN,USD,[],False,{}
2026-03-09 20:54:05.726855416+00:00,1002940.25,0.00,1002940.25,USD,GLBX-001,MARGIN,USD,[],False,{}
2026-03-09 20:55:11.910627008+00:00,1002942.50,0.00,1002942.50,USD,GLBX-001,MARGIN,USD,[],False,{}
2026-03-09 20:55:11.910627008+00:00,1002942.50,0.00,1002942.50,USD,GLBX-001,MARGIN,USD,[],False,{}
2026-03-09 20:56:07.012000464+00:00,1002943.75,0.00,1002943.75,USD,GLBX-001,MARGIN,USD,[],False,{}
2026-03-09 20:56:07.012000464+00:00,1002943.75,0.00,1002943.75,USD,GLBX-001,MARGIN,USD,[],False,{}
2026-03-09 20:58:28.273524235+00:00,1002950.00,0.00,1002950.00,USD,GLBX-001,MARGIN,USD,[],False,{}
2026-03-09 20:58:28.273524235+00:00,1002950.00,0.00,1002950.00,USD,GLBX-001,MARGIN,USD,[],False,{}
2026-03-09 20:59:05.759198816+00:00,1002953.00,0.00,1002953.00,USD,GLBX-001,MARGIN,USD,[],False,{}
2026-03-09 20:59:05.759198816+00:00,1002953.00,0.00,1002953.00,USD,GLBX-001,MARGIN,USD,[],False,{}
2026-03-09 22:00:00.013092325+00:00,1002956.75,0.00,1002956.75,USD,GLBX-001,MARGIN,USD,[],False,{}
2026-03-09 22:00:00.013092325+00:00,1002956.75,0.00,1002956.75,USD,GLBX-001,MARGIN,USD,[],False,{}
2026-03-09 22:00:21.373550136+00:00,1002962.50,0.00,1002962.50,USD,GLBX-001,MARGIN,USD,[],False,{}
2026-03-09 22:00:21.373550136+00:00,1002962.50,0.00,1002962.50,USD,GLBX-001,MARGIN,USD,[],False,{}
2026-03-09 22:00:23.703745659+00:00,1002964.00,0.00,1002964.00,USD,GLBX-001,MARGIN,USD,[],False,{}
2026-03-09 22:00:47.228454408+00:00,1002964.00,0.00,1002964.00,USD,GLBX-001,MARGIN,USD,[],False,{}
2026-03-09 22:00:48.663628168+00:00,1002960.75,0.00,1002960.75,USD,GLBX-001,MARGIN,USD,[],False,{}
2026-03-09 22:00:51.870949602+00:00,1002960.75,0.00,1002960.75,USD,GLBX-001,MARGIN,USD,[],False,{}
2026-03-09 22:00:58.576441407+00:00,1002964.00,0.00,1002964.00,USD,GLBX-001,MARGIN,USD,[],False,{}
2026-03-09 22:00:58.576441407+00:00,1002964.00,0.00,1002964.00,USD,GLBX-001,MARGIN,USD,[],False,{}
2026-03-09 22:01:04.002801597+00:00,1002968.50,0.00,1002968.50,USD,GLBX-001,MARGIN,USD,[],False,{}
2026-03-09 22:01:04.002801597+00:00,1002968.50,0.00,1002968.50,USD,GLBX-001,MARGIN,USD,[],False,{}
2026-03-09 22:04:01.611831456+00:00,1002981.25,0.00,1002981.25,USD,GLBX-001,MARGIN,USD,[],False,{}
2026-03-09 22:04:01.611831456+00:00,1002981.25,0.00,1002981.25,USD,GLBX-001,MARGIN,USD,[],False,{}
2026-03-09 22:05:50.187668575+00:00,1002984.00,0.00,1002984.00,USD,GLBX-001,MARGIN,USD,[],False,{}
2026-03-09 22:05:50.187668575+00:00,1002984.00,0.00,1002984.00,USD,GLBX-001,MARGIN,USD,[],False,{}
2026-03-09 22:06:07.129308791+00:00,1002982.75,0.00,1002982.75,USD,GLBX-001,MARGIN,USD,[],False,{}
2026-03-09 22:06:07.129308791+00:00,1002982.75,0.00,1002982.75,USD,GLBX-001,MARGIN,USD,[],False,{}
2026-03-09 22:07:46.591134394+00:00,1002991.00,0.00,1002991.00,USD,GLBX-001,MARGIN,USD,[],False,{}
2026-03-09 22:07:46.591134394+00:00,1002991.00,0.00,1002991.00,USD,GLBX-001,MARGIN,USD,[],False,{}
2026-03-09 22:08:51.298463722+00:00,1002994.50,0.00,1002994.50,USD,GLBX-001,MARGIN,USD,[],False,{}
2026-03-09 22:08:51.298463722+00:00,1002994.50,0.00,1002994.50,USD,GLBX-001,MARGIN,USD,[],False,{}
2026-03-09 22:09:47.635210914+00:00,1002993.25,0.00,1002993.25,USD,GLBX-001,MARGIN,USD,[],False,{}
2026-03-09 22:09:52.409532717+00:00,1002993.25,0.00,1002993.25,USD,GLBX-001,MARGIN,USD,[],False,{}
2026-03-09 22:11:54.846564495+00:00,1003000.25,0.00,1003000.25,USD,GLBX-001,MARGIN,USD,[],False,{}
2026-03-09 22:11:54.846564495+00:00,1003000.25,0.00,1003000.25,USD,GLBX-001,MARGIN,USD,[],False,{}
2026-03-09 22:14:40.813682498+00:00,1003005.75,0.00,1003005.75,USD,GLBX-001,MARGIN,USD,[],False,{}
2026-03-09 22:14:40.813682498+00:00,1003005.75,0.00,1003005.75,USD,GLBX-001,MARGIN,USD,[],False,{}
2026-03-09 22:15:36.730754757+00:00,1003009.75,0.00,1003009.75,USD,GLBX-001,MARGIN,USD,[],False,{}
2026-03-09 22:15:36.730754757+00:00,1003009.75,0.00,1003009.75,USD,GLBX-001,MARGIN,USD,[],False,{}
2026-03-09 22:17:01.272210253+00:00,1003009.50,0.00,1003009.50,USD,GLBX-001,MARGIN,USD,[],False,{}
2026-03-09 22:17:43.510124007+00:00,1003009.50,0.00,1003009.50,USD,GLBX-001,MARGIN,USD,[],False,{}
2026-03-09 22:19:42.285341792+00:00,1003013.75,0.00,1003013.75,USD,GLBX-001,MARGIN,USD,[],False,{}
2026-03-09 22:19:42.285341792+00:00,1003013.75,0.00,1003013.75,USD,GLBX-001,MARGIN,USD,[],False,{}
2026-03-09 22:20:43.239439795+00:00,1003014.00,0.00,1003014.00,USD,GLBX-001,MARGIN,USD,[],False,{}
2026-03-09 22:20:43.239439795+00:00,1003014.00,0.00,1003014.00,USD,GLBX-001,MARGIN,USD,[],False,{}
2026-03-09 22:21:24.502102085+00:00,1003016.25,0.00,1003016.25,USD,GLBX-001,MARGIN,USD,[],False,{}
2026-03-09 22:21:24.502102085+00:00,1003016.25,0.00,1003016.25,USD,GLBX-001,MARGIN,USD,[],False,{}
2026-03-09 22:21:31.649249763+00:00,1003015.75,0.00,1003015.75,USD,GLBX-001,MARGIN,USD,[],False,{}
2026-03-09 22:21:31.649249763+00:00,1003015.75,0.00,1003015.75,USD,GLBX-001,MARGIN,USD,[],False,{}
2026-03-09 22:22:03.273668047+00:00,1003015.50,0.00,1003015.50,USD,GLBX-001,MARGIN,USD,[],False,{}
2026-03-09 22:22:03.273668047+00:00,1003015.50,0.00,1003015.50,USD,GLBX-001,MARGIN,USD,[],False,{}
2026-03-09 22:22:37.208096490+00:00,1003015.75,0.00,1003015.75,USD,GLBX-001,MARGIN,USD,[],False,{}
2026-03-09 22:22:37.208096490+00:00,1003015.75,0.00,1003015.75,USD,GLBX-001,MARGIN,USD,[],False,{}
2026-03-09 22:23:03.148767707+00:00,1003020.25,0.00,1003020.25,USD,GLBX-001,MARGIN,USD,[],False,{}
2026-03-09 22:23:03.148767707+00:00,1003020.25,0.00,1003020.25,USD,GLBX-001,MARGIN,USD,[],False,{}
2026-03-09 22:24:03.258227167+00:00,1003023.25,0.00,1003023.25,USD,GLBX-001,MARGIN,USD,[],False,{}
2026-03-09 22:24:03.258227167+00:00,1003023.25,0.00,1003023.25,USD,GLBX-001,MARGIN,USD,[],False,{}
2026-03-09 22:25:19.483498109+00:00,1003024.00,0.00,1003024.00,USD,GLBX-001,MARGIN,USD,[],False,{}
2026-03-09 22:25:19.483498109+00:00,1003024.00,0.00,1003024.00,USD,GLBX-001,MARGIN,USD,[],False,{}
2026-03-09 22:27:28.888938072+00:00,1003028.00,0.00,1003028.00,USD,GLBX-001,MARGIN,USD,[],False,{}
2026-03-09 22:27:28.888938072+00:00,1003028.00,0.00,1003028.00,USD,GLBX-001,MARGIN,USD,[],False,{}
2026-03-09 22:28:42.788485536+00:00,1003026.75,0.00,1003026.75,USD,GLBX-001,MARGIN,USD,[],False,{}
2026-03-09 22:28:42.788485536+00:00,1003026.75,0.00,1003026.75,USD,GLBX-001,MARGIN,USD,[],False,{}
2026-03-09 22:29:50.419023543+00:00,1003029.00,0.00,1003029.00,USD,GLBX-001,MARGIN,USD,[],False,{}
2026-03-09 22:29:50.419023543+00:00,1003029.00,0.00,1003029.00,USD,GLBX-001,MARGIN,USD,[],False,{}
2026-03-09 22:34:46.745133885+00:00,1003035.50,0.00,1003035.50,USD,GLBX-001,MARGIN,USD,[],False,{}
2026-03-09 22:34:46.745133885+00:00,1003035.50,0.00,1003035.50,USD,GLBX-001,MARGIN,USD,[],False,{}
2026-03-09 22:37:10.661189059+00:00,1003037.50,0.00,1003037.50,USD,GLBX-001,MARGIN,USD,[],False,{}
2026-03-09 22:37:10.661189059+00:00,1003037.50,0.00,1003037.50,USD,GLBX-001,MARGIN,USD,[],False,{}
2026-03-09 22:40:26.707049978+00:00,1003041.75,0.00,1003041.75,USD,GLBX-001,MARGIN,USD,[],False,{}
2026-03-09 22:40:26.707049978+00:00,1003041.75,0.00,1003041.75,USD,GLBX-001,MARGIN,USD,[],False,{}
2026-03-09 22:42:08.745973621+00:00,1003044.00,0.00,1003044.00,USD,GLBX-001,MARGIN,USD,[],False,{}
2026-03-09 22:42:08.745973621+00:00,1003044.00,0.00,1003044.00,USD,GLBX-001,MARGIN,USD,[],False,{}
2026-03-09 22:43:01.214501498+00:00,1003043.25,0.00,1003043.25,USD,GLBX-001,MARGIN,USD,[],False,{}
2026-03-09 22:43:09.871128794+00:00,1003043.25,0.00,1003043.25,USD,GLBX-001,MARGIN,USD,[],False,{}
2026-03-09 22:46:50.140624944+00:00,1003050.50,0.00,1003050.50,USD,GLBX-001,MARGIN,USD,[],False,{}
2026-03-09 22:46:50.140624944+00:00,1003050.50,0.00,1003050.50,USD,GLBX-001,MARGIN,USD,[],False,{}
2026-03-09 22:52:38.301611248+00:00,1003055.00,0.00,1003055.00,USD,GLBX-001,MARGIN,USD,[],False,{}
2026-03-09 22:52:38.301611248+00:00,1003055.00,0.00,1003055.00,USD,GLBX-001,MARGIN,USD,[],False,{}
2026-03-09 22:53:35.842473968+00:00,1003056.00,0.00,1003056.00,USD,GLBX-001,MARGIN,USD,[],False,{}
2026-03-09 22:53:35.842473968+00:00,1003056.00,0.00,1003056.00,USD,GLBX-001,MARGIN,USD,[],False,{}
2026-03-09 22:57:30.796341693+00:00,1003060.75,0.00,1003060.75,USD,GLBX-001,MARGIN,USD,[],False,{}
2026-03-09 22:57:30.796341693+00:00,1003060.75,0.00,1003060.75,USD,GLBX-001,MARGIN,USD,[],False,{}
2026-03-09 23:00:49.165725005+00:00,1003063.00,0.00,1003063.00,USD,GLBX-001,MARGIN,USD,[],False,{}
2026-03-09 23:00:49.165725005+00:00,1003063.00,0.00,1003063.00,USD,GLBX-001,MARGIN,USD,[],False,{}
2026-03-09 23:03:18.443178189+00:00,1003066.00,0.00,1003066.00,USD,GLBX-001,MARGIN,USD,[],False,{}
2026-03-09 23:03:18.443178189+00:00,1003066.00,0.00,1003066.00,USD,GLBX-001,MARGIN,USD,[],False,{}
2026-03-09 23:04:30.395926730+00:00,1003067.75,0.00,1003067.75,USD,GLBX-001,MARGIN,USD,[],False,{}
2026-03-09 23:04:30.395926730+00:00,1003067.75,0.00,1003067.75,USD,GLBX-001,MARGIN,USD,[],False,{}
2026-03-09 23:05:28.627317523+00:00,1003067.75,0.00,1003067.75,USD,GLBX-001,MARGIN,USD,[],False,{}
2026-03-09 23:05:28.627317523+00:00,1003067.75,0.00,1003067.75,USD,GLBX-001,MARGIN,USD,[],False,{}
2026-03-09 23:07:27.465514843+00:00,1003071.75,0.00,1003071.75,USD,GLBX-001,MARGIN,USD,[],False,{}
2026-03-09 23:07:27.465514843+00:00,1003071.75,0.00,1003071.75,USD,GLBX-001,MARGIN,USD,[],False,{}
2026-03-09 23:09:56.643000264+00:00,1003073.00,0.00,1003073.00,USD,GLBX-001,MARGIN,USD,[],False,{}
2026-03-09 23:09:56.643000264+00:00,1003073.00,0.00,1003073.00,USD,GLBX-001,MARGIN,USD,[],False,{}
2026-03-09 23:10:12.314783067+00:00,1003074.50,0.00,1003074.50,USD,GLBX-001,MARGIN,USD,[],False,{}
2026-03-09 23:10:12.314783067+00:00,1003074.50,0.00,1003074.50,USD,GLBX-001,MARGIN,USD,[],False,{}
2026-03-09 23:11:38.361516558+00:00,1003075.25,0.00,1003075.25,USD,GLBX-001,MARGIN,USD,[],False,{}
2026-03-09 23:12:21.597182373+00:00,1003075.25,0.00,1003075.25,USD,GLBX-001,MARGIN,USD,[],False,{}
2026-03-09 23:14:17.902982891+00:00,1003077.00,0.00,1003077.00,USD,GLBX-001,MARGIN,USD,[],False,{}
2026-03-09 23:14:17.902982891+00:00,1003077.00,0.00,1003077.00,USD,GLBX-001,MARGIN,USD,[],False,{}
2026-03-09 23:15:32.174053645+00:00,1003077.50,0.00,1003077.50,USD,GLBX-001,MARGIN,USD,[],False,{}
2026-03-09 23:15:32.174053645+00:00,1003077.50,0.00,1003077.50,USD,GLBX-001,MARGIN,USD,[],False,{}
2026-03-09 23:16:40.741722739+00:00,1003077.75,0.00,1003077.75,USD,GLBX-001,MARGIN,USD,[],False,{}
2026-03-09 23:16:40.741722739+00:00,1003077.75,0.00,1003077.75,USD,GLBX-001,MARGIN,USD,[],False,{}
2026-03-09 23:18:44.760092504+00:00,1003077.75,0.00,1003077.75,USD,GLBX-001,MARGIN,USD,[],False,{}
2026-03-09 23:18:44.760092504+00:00,1003077.75,0.00,1003077.75,USD,GLBX-001,MARGIN,USD,[],False,{}
2026-03-09 23:19:18.560113050+00:00,1003078.50,0.00,1003078.50,USD,GLBX-001,MARGIN,USD,[],False,{}
2026-03-09 23:19:18.560113050+00:00,1003078.50,0.00,1003078.50,USD,GLBX-001,MARGIN,USD,[],False,{}
2026-03-09 23:19:45.551368416+00:00,1003079.75,0.00,1003079.75,USD,GLBX-001,MARGIN,USD,[],False,{}
2026-03-09 23:19:45.551368416+00:00,1003079.75,0.00,1003079.75,USD,GLBX-001,MARGIN,USD,[],False,{}
2026-03-09 23:23:22.540625651+00:00,1003084.25,0.00,1003084.25,USD,GLBX-001,MARGIN,USD,[],False,{}
2026-03-09 23:23:22.540625651+00:00,1003084.25,0.00,1003084.25,USD,GLBX-001,MARGIN,USD,[],False,{}
2026-03-09 23:26:53.804547856+00:00,1003087.50,0.00,1003087.50,USD,GLBX-001,MARGIN,USD,[],False,{}
2026-03-09 23:26:53.804547856+00:00,1003087.50,0.00,1003087.50,USD,GLBX-001,MARGIN,USD,[],False,{}
2026-03-09 23:28:24.839649047+00:00,1003089.25,0.00,1003089.25,USD,GLBX-001,MARGIN,USD,[],False,{}
2026-03-09 23:28:24.839649047+00:00,1003089.25,0.00,1003089.25,USD,GLBX-001,MARGIN,USD,[],False,{}
2026-03-09 23:29:41.665457768+00:00,1003091.25,0.00,1003091.25,USD,GLBX-001,MARGIN,USD,[],False,{}
2026-03-09 23:29:41.665457768+00:00,1003091.25,0.00,1003091.25,USD,GLBX-001,MARGIN,USD,[],False,{}
2026-03-09 23:34:34.216447551+00:00,1003094.50,0.00,1003094.50,USD,GLBX-001,MARGIN,USD,[],False,{}
2026-03-09 23:34:34.216447551+00:00,1003094.50,0.00,1003094.50,USD,GLBX-001,MARGIN,USD,[],False,{}
2026-03-09 23:35:12.479191789+00:00,1003095.25,0.00,1003095.25,USD,GLBX-001,MARGIN,USD,[],False,{}
2026-03-09 23:35:12.479191789+00:00,1003095.25,0.00,1003095.25,USD,GLBX-001,MARGIN,USD,[],False,{}
2026-03-09 23:36:09.754188529+00:00,1003096.50,0.00,1003096.50,USD,GLBX-001,MARGIN,USD,[],False,{}
2026-03-09 23:36:09.754188529+00:00,1003096.50,0.00,1003096.50,USD,GLBX-001,MARGIN,USD,[],False,{}
2026-03-09 23:36:32.285523536+00:00,1003097.75,0.00,1003097.75,USD,GLBX-001,MARGIN,USD,[],False,{}
2026-03-09 23:36:32.285523536+00:00,1003097.75,0.00,1003097.75,USD,GLBX-001,MARGIN,USD,[],False,{}
2026-03-09 23:38:11.756932588+00:00,1003100.25,0.00,1003100.25,USD,GLBX-001,MARGIN,USD,[],False,{}
2026-03-09 23:38:11.756932588+00:00,1003100.25,0.00,1003100.25,USD,GLBX-001,MARGIN,USD,[],False,{}
2026-03-09 23:39:35.725793447+00:00,1003100.25,0.00,1003100.25,USD,GLBX-001,MARGIN,USD,[],False,{}
2026-03-09 23:39:35.725793447+00:00,1003100.25,0.00,1003100.25,USD,GLBX-001,MARGIN,USD,[],False,{}
2026-03-09 23:43:06.902363856+00:00,1003101.75,0.00,1003101.75,USD,GLBX-001,MARGIN,USD,[],False,{}
2026-03-09 23:43:06.902363856+00:00,1003101.75,0.00,1003101.75,USD,GLBX-001,MARGIN,USD,[],False,{}
2026-03-09 23:43:25.533306763+00:00,1003102.00,0.00,1003102.00,USD,GLBX-001,MARGIN,USD,[],False,{}
2026-03-09 23:43:25.533306763+00:00,1003102.00,0.00,1003102.00,USD,GLBX-001,MARGIN,USD,[],False,{}
2026-03-09 23:45:05.267004378+00:00,1003106.00,0.00,1003106.00,USD,GLBX-001,MARGIN,USD,[],False,{}
2026-03-09 23:45:05.267004378+00:00,1003106.00,0.00,1003106.00,USD,GLBX-001,MARGIN,USD,[],False,{}
2026-03-09 23:47:43.598417799+00:00,1003107.75,0.00,1003107.75,USD,GLBX-001,MARGIN,USD,[],False,{}
2026-03-09 23:47:43.598417799+00:00,1003107.75,0.00,1003107.75,USD,GLBX-001,MARGIN,USD,[],False,{}
2026-03-09 23:51:16.423165879+00:00,1003110.50,0.00,1003110.50,USD,GLBX-001,MARGIN,USD,[],False,{}
2026-03-09 23:51:16.423165879+00:00,1003110.50,0.00,1003110.50,USD,GLBX-001,MARGIN,USD,[],False,{}
2026-03-09 23:51:37.164798256+00:00,1003110.50,0.00,1003110.50,USD,GLBX-001,MARGIN,USD,[],False,{}
2026-03-09 23:51:37.164798256+00:00,1003110.50,0.00,1003110.50,USD,GLBX-001,MARGIN,USD,[],False,{}
2026-03-09 23:52:28.334413103+00:00,1003113.00,0.00,1003113.00,USD,GLBX-001,MARGIN,USD,[],False,{}
2026-03-09 23:52:28.334413103+00:00,1003113.00,0.00,1003113.00,USD,GLBX-001,MARGIN,USD,[],False,{}
2026-03-09 23:54:26.603536491+00:00,1003114.75,0.00,1003114.75,USD,GLBX-001,MARGIN,USD,[],False,{}
2026-03-09 23:54:26.603536491+00:00,1003114.75,0.00,1003114.75,USD,GLBX-001,MARGIN,USD,[],False,{}
2026-03-09 23:56:04.029309243+00:00,1003114.00,0.00,1003114.00,USD,GLBX-001,MARGIN,USD,[],False,{}
2026-03-09 23:56:04.029309243+00:00,1003114.00,0.00,1003114.00,USD,GLBX-001,MARGIN,USD,[],False,{}
2026-03-09 23:57:46.866802925+00:00,1003115.75,0.00,1003115.75,USD,GLBX-001,MARGIN,USD,[],False,{}
2026-03-09 23:57:46.866802925+00:00,1003115.75,0.00,1003115.75,USD,GLBX-001,MARGIN,USD,[],False,{}
2026-03-09 23:59:56.193230160+00:00,1003114.50,0.00,1003114.50,USD,GLBX-001,MARGIN,USD,[],False,{}
