{
  "starting_balance": 1000000.0,
  "final_equity": 1003085.5,
  "total_return_pct": 0.30855,
  "realized_pnl": 3085.5,
  "max_drawdown_pct": -0.00047423044254935303,
  "sharpe_ratio": 382.6648235771996,
  "trade_count": 1181,
  "winners": 1001,
  "losers": 128,
  "win_rate": 0.8475867908552075,
  "long_count": 593,
  "short_count": 588,
  "order_count": 2417,
  "fill_count": 2362,
  "total_commissions": 0.0,
  "mean_slippage": 0.0,
  "max_abs_slippage": 0.0
}