{
  "starting_balance": 1000000.0,
  "final_equity": 1002374.0,
  "total_return_pct": 0.23739999999999997,
  "realized_pnl": 2374.0,
  "max_drawdown_pct": -0.00027446499910050337,
  "sharpe_ratio": 497.64078868127507,
  "trade_count": 3827,
  "winners": 2552,
  "losers": 618,
  "win_rate": 0.6668408675202508,
  "long_count": 1914,
  "short_count": 1913,
  "order_count": 7654,
  "fill_count": 7654,
  "total_commissions": 0.0,
  "mean_slippage": 0.0,
  "max_abs_slippage": 0.0
}