trader_id,strategy_id,instrument_id,venue_order_id,position_id,account_id,last_trade_id,type,side,quantity,time_in_force,is_reduce_only,is_quote_quantity,filled_qty,liquidity_side,avg_px,slippage,commissions,emulation_trigger,status,contingency_type,order_list_id,linked_order_ids,parent_order_id,exec_algorithm_id,exec_algorithm_params,exec_spawn_id,tags,init_id,ts_init,ts_last
BACKTESTER-001,OracleStrategy-000,MESM6.GLBX,GLBX-1-001,MESM6.GLBX-OracleStrategy-000,GLBX-001,GLBX-1-001,MARKET,SELL,1,GTC,False,False,1,TAKER,6745.0,0.0,['0.00 USD'],NO_TRIGGER,FILLED,NO_CONTINGENCY,,,,MY_GENERIC_ALGO,,O-20260308-220000-001-000-1,,cd51bc37-3b1b-4358-bd45-021620b837f7,2026-03-08 22:00:00.136210549+00:00,2026-03-08 22:00:00.136210549+00:00
BACKTESTER-001,OracleStrategy-000,MESM6.GLBX,GLBX-1-002,MESM6.GLBX-OracleStrategy-000,GLBX-001,GLBX-1-002,MARKET,BUY,1,GTC,True,False,1,TAKER,6720.0,0.0,['0.00 USD'],NO_TRIGGER,FILLED,NO_CONTINGENCY,,,,MY_GENERIC_ALGO,,O-20260308-220040-001-000-2,,683f637b-2b4b-4e2b-b534-547ce5a49936,2026-03-08 22:00:40.372954511+00:00,2026-03-08 22:00:40.372954511+00:00
BACKTESTER-001,OracleStrategy-000,MESM6.GLBX,GLBX-1-003,MESM6.GLBX-OracleStrategy-000,GLBX-001,GLBX-1-003,MARKET,BUY,1,GTC,False,False,1,TAKER,6720.0,0.0,['0.00 USD'],NO_TRIGGER,FILLED,NO_CONTINGENCY,,,,MY_GENERIC_ALGO,,O-20260308-220040-001-000-3,,965ec554-493c-4541-8b91-fd9f71bf0140,2026-03-08 22:00:40.372954511+00:00,2026-03-08 22:00:40.372954511+00:00
BACKTESTER-001,OracleStrategy-000,MESM6.GLBX,GLBX-1-004,MESM6.GLBX-OracleStrategy-000,GLBX-001,GLBX-1-004,MARKET,SELL,1,GTC,True,False,1,TAKER,6720.0,0.0,['0.00 USD'],NO_TRIGGER,FILLED,NO_CONTINGENCY,,,,MY_GENERIC_ALGO,,O-20260308-220043-001-000-4,,2b10f599-bd4b-42ec-83df-0696823424d4,2026-03-08 22:00:43.544532484+00:00,2026-03-08 22:00:43.544532484+00:00
BACKTESTER-001,OracleStrategy-000,MESM6.GLBX,GLBX-1-005,MESM6.GLBX-OracleStrategy-000,GLBX-001,GLBX-1-005,MARKET,SELL,1,GTC,False,False,1,TAKER,6720.0,0.0,['0.00 USD'],NO_TRIGGER,FILLED,NO_CONTINGENCY,,,,MY_GENERIC_ALGO,,O-20260308-220043-001-000-5,,a558fdad-d0e4-4050-8c42-ab17ea7715b5,2026-03-08 22:00:43.544532484+00:00,2026-03-08 22:00:43.544532484+00:00
BACKTESTER-001,OracleStrategy-000,MESM6.GLBX,GLBX-1-006,MESM6.GLBX-OracleStrategy-000,GLBX-001,GLBX-1-006,MARKET,BUY,1,GTC,True,False,1,TAKER,6711.0,0.0,['0.00 USD'],NO_TRIGGER,FILLED,NO_CONTINGENCY,,,,MY_GENERIC_ALGO,,O-20260308-220121-001-000-6,,427ea75a-e493-4c38-9657-4d5342f1950e,2026-03-08 22:01:21.642410037+00:00,2026-03-08 22:01:21.642410037+00:00
BACKTESTER-001,OracleStrategy-000,MESM6.GLBX,GLBX-1-007,MESM6.GLBX-OracleStrategy-000,GLBX-001,GLBX-1-007,MARKET,BUY,1,GTC,False,False,1,TAKER,6711.0,0.0,['0.00 USD'],NO_TRIGGER,FILLED,NO_CONTINGENCY,,,,MY_GENERIC_ALGO,,O-20260308-220121-001-000-7,,a99731d1-9e61-416e-a5b3-e8cab9f3522f,2026-03-08 22:01:21.642410037+00:00,2026-03-08 22:01:21.642410037+00:00
BACKTESTER-001,OracleStrategy-000,MESM6.GLBX,GLBX-1-008,MESM6.GLBX-OracleStrategy-000,GLBX-001,GLBX-1-008,MARKET,SELL,1,GTC,True,False,1,TAKER,6708.5,0.0,['0.00 USD'],NO_TRIGGER,FILLED,NO_CONTINGENCY,,,,MY_GENERIC_ALGO,,O-20260308-220124-001-000-8,,914f2ce6-5935-4a0a-bc2c-7dd0309f1e91,2026-03-08 22:01:24.270974314+00:00,2026-03-08 22:01:24.270974314+00:00
BACKTESTER-001,OracleStrategy-000,MESM6.GLBX,GLBX-1-009,MESM6.GLBX-OracleStrategy-000,GLBX-001,GLBX-1-009,MARKET,SELL,1,GTC,False,False,1,TAKER,6708.5,0.0,['0.00 USD'],NO_TRIGGER,FILLED,NO_CONTINGENCY,,,,MY_GENERIC_ALGO,,O-20260308-220124-001-000-9,,3eec9639-0d27-4c05-ba71-501b6260e883,2026-03-08 22:01:24.270974314+00:00,2026-03-08 22:01:24.270974314+00:00
BACKTESTER-001,OracleStrategy-000,MESM6.GLBX,GLBX-1-010,MESM6.GLBX-OracleStrategy-000,GLBX-001,GLBX-1-010,MARKET,BUY,1,GTC,True,False,1,TAKER,6697.0,0.0,['0.00 USD'],NO_TRIGGER,FILLED,NO_CONTINGENCY,,,,MY_GENERIC_ALGO,,O-20260308-220207-001-000-10,,34aa7327-9bf4-4edf-80f9-f6be23ee7b03,2026-03-08 22:02:07.565296856+00:00,2026-03-08 22:02:07.565296856+00:00
BACKTESTER-001,OracleStrategy-000,MESM6.GLBX,GLBX-1-011,MESM6.GLBX-OracleStrategy-000,GLBX-001,GLBX-1-011,MARKET,BUY,1,GTC,False,False,1,TAKER,6697.0,0.0,['0.00 USD'],NO_TRIGGER,FILLED,NO_CONTINGENCY,,,,MY_GENERIC_ALGO,,O-20260308-220207-001-000-11,,e9ae6cf6-40ee-49bd-a031-71fd6ac9ee6b,2026-03-08 22:02:07.565296856+00:00,2026-03-08 22:02:07.565296856+00:00
BACKTESTER-001,OracleStrategy-000,MESM6.GLBX,GLBX-1-012,MESM6.GLBX-OracleStrategy-000,GLBX-001,GLBX-1-012,MARKET,SELL,1,GTC,True,False,1,TAKER,6697.75,0.0,['0.00 USD'],NO_TRIGGER,FILLED,NO_CONTINGENCY,,,,MY_GENERIC_ALGO,,O-20260308-220217-001-000-12,,589f25e9-6c3b-448e-a9be-d67151ebc127,2026-03-08 22:02:17.413527063+00:00,2026-03-08 22:02:17.413527063+00:00
BACKTESTER-001,OracleStrategy-000,MESM6.GLBX,GLBX-1-013,MESM6.GLBX-OracleStrategy-000,GLBX-001,GLBX-1-013,MARKET,SELL,1,GTC,False,False,1,TAKER,6697.75,0.0,['0.00 USD'],NO_TRIGGER,FILLED,NO_CONTINGENCY,,,,MY_GENERIC_ALGO,,O-20260308-220217-001-000-13,,2174012b-8b33-4e22-8096-b0c2ccf93630,2026-03-08 22:02:17.413527063+00:00,2026-03-08 22:02:17.413527063+00:00
BACKTESTER-001,OracleStrategy-000,MESM6.GLBX,GLBX-1-014,MESM6.GLBX-OracleStrategy-000,GLBX-001,GLBX-1-014,MARKET,BUY,1,GTC,True,False,1,TAKER,6696.25,0.0,['0.00 USD'],NO_TRIGGER,FILLED,NO_CONTINGENCY,,,,MY_GENERIC_ALGO,,O-20260308-220241-001-000-14,,107f5a79-4b07-4b3f-b5fa-c97db6387161,2026-03-08 22:02:41.213193896+00:00,2026-03-08 22:02:41.213193896+00:00
BACKTESTER-001,OracleStrategy-000,MESM6.GLBX,GLBX-1-015,MESM6.GLBX-OracleStrategy-000,GLBX-001,GLBX-1-015,MARKET,BUY,1,GTC,False,False,1,TAKER,6696.25,0.0,['0.00 USD'],NO_TRIGGER,FILLED,NO_CONTINGENCY,,,,MY_GENERIC_ALGO,,O-20260308-220241-001-000-15,,2d33c98e-a2b7-415a-8b8d-a88275c93b02,2026-03-08 22:02:41.213193896+00:00,2026-03-08 22:02:41.213193896+00:00
BACKTESTER-001,OracleStrategy-000,MESM6.GLBX,GLBX-1-016,MESM6.GLBX-OracleStrategy-000,GLBX-001,GLBX-1-016,MARKET,SELL,1,GTC,True,False,1,TAKER,6698.0,0.0,['0.00 USD'],NO_TRIGGER,FILLED,NO_CONTINGENCY,,,,MY_GENERIC_ALGO,,O-20260308-220245-001-000-16,,878636de-d6c3-48ae-a478-b752bf5eb8a7,2026-03-08 22:02:45.586807037+00:00,2026-03-08 22:02:45.586807037+00:00
BACKTESTER-001,OracleStrategy-000,MESM6.GLBX,GLBX-1-017,MESM6.GLBX-OracleStrategy-000,GLBX-001,GLBX-1-017,MARKET,SELL,1,GTC,False,False,1,TAKER,6698.0,0.0,['0.00 USD'],NO_TRIGGER,FILLED,NO_CONTINGENCY,,,,MY_GENERIC_ALGO,,O-20260308-220245-001-000-17,,e20941fa-29a7-4226-9839-06381bc3418a,2026-03-08 22:02:45.586807037+00:00,2026-03-08 22:02:45.586807037+00:00
BACKTESTER-001,OracleStrategy-000,MESM6.GLBX,GLBX-1-018,MESM6.GLBX-OracleStrategy-000,GLBX-001,GLBX-1-018,MARKET,BUY,1,GTC,True,False,1,TAKER,6695.0,0.0,['0.00 USD'],NO_TRIGGER,FILLED,NO_CONTINGENCY,,,,MY_GENERIC_ALGO,,O-20260308-220251-001-000-18,,b7253273-24c0-4e17-abfb-b722195022b5,2026-03-08 22:02:51.160079784+00:00,2026-03-08 22:02:51.160079784+00:00
BACKTESTER-001,OracleStrategy-000,MESM6.GLBX,GLBX-1-019,MESM6.GLBX-OracleStrategy-000,GLBX-001,GLBX-1-019,MARKET,BUY,1,GTC,False,False,1,TAKER,6695.0,0.0,['0.00 USD'],NO_TRIGGER,FILLED,NO_CONTINGENCY,,,,MY_GENERIC_ALGO,,O-20260308-220251-001-000-19,,cf9d7b81-9847-4f84-ba5d-6ae8f4f72c2c,2026-03-08 22:02:51.160079784+00:00,2026-03-08 22:02:51.160079784+00:00
BACKTESTER-001,OracleStrategy-000,MESM6.GLBX,GLBX-1-020,MESM6.GLBX-OracleStrategy-000,GLBX-001,GLBX-1-020,MARKET,SELL,1,GTC,True,False,1,TAKER,6699.5,0.0,['0.00 USD'],NO_TRIGGER,FILLED,NO_CONTINGENCY,,,,MY_GENERIC_ALGO,,O-20260308-220330-001-000-20,,e671cf3d-a3ce-4b13-aa7f-ca7ffa504a83,2026-03-08 22:03:30.702788291+00:00,2026-03-08 22:03:30.702788291+00:00
BACKTESTER-001,OracleStrategy-000,MESM6.GLBX,GLBX-1-021,MESM6.GLBX-OracleStrategy-000,GLBX-001,GLBX-1-021,MARKET,SELL,1,GTC,False,False,1,TAKER,6699.5,0.0,['0.00 USD'],NO_TRIGGER,FILLED,NO_CONTINGENCY,,,,MY_GENERIC_ALGO,,O-20260308-220330-001-000-21,,e8b703ce-96a2-4953-81c5-bc820023f301,2026-03-08 22:03:30.702788291+00:00,2026-03-08 22:03:30.702788291+00:00
BACKTESTER-001,OracleStrategy-000,MESM6.GLBX,GLBX-1-022,MESM6.GLBX-OracleStrategy-000,GLBX-001,GLBX-1-022,MARKET,BUY,1,GTC,True,False,1,TAKER,6701.25,0.0,['0.00 USD'],NO_TRIGGER,FILLED,NO_CONTINGENCY,,,,MY_GENERIC_ALGO,,O-20260308-220333-001-000-22,,772f144b-00f6-4dda-931b-4368ae3be273,2026-03-08 22:03:33.796182672+00:00,2026-03-08 22:03:33.796182672+00:00
BACKTESTER-001,OracleStrategy-000,MESM6.GLBX,GLBX-1-023,MESM6.GLBX-OracleStrategy-000,GLBX-001,GLBX-1-023,MARKET,BUY,1,GTC,False,False,1,TAKER,6701.25,0.0,['0.00 USD'],NO_TRIGGER,FILLED,NO_CONTINGENCY,,,,MY_GENERIC_ALGO,,O-20260308-220333-001-000-23,,ebe804aa-dcfb-4f1e-97d5-68412a06a65a,2026-03-08 22:03:33.796182672+00:00,2026-03-08 22:03:33.796182672+00:00
BACKTESTER-001,OracleStrategy-000,MESM6.GLBX,GLBX-1-024,MESM6.GLBX-OracleStrategy-000,GLBX-001,GLBX-1-024,MARKET,SELL,1,GTC,True,False,1,TAKER,6703.0,0.0,['0.00 USD'],NO_TRIGGER,FILLED,NO_CONTINGENCY,,,,MY_GENERIC_ALGO,,O-20260308-220338-001-000-24,,49de5ff1-547e-4b9b-bb8b-c61f00c5a10b,2026-03-08 22:03:38.616748022+00:00,2026-03-08 22:03:38.616748022+00:00
BACKTESTER-001,OracleStrategy-000,MESM6.GLBX,GLBX-1-025,MESM6.GLBX-OracleStrategy-000,GLBX-001,GLBX-1-025,MARKET,SELL,1,GTC,False,False,1,TAKER,6703.0,0.0,['0.00 USD'],NO_TRIGGER,FILLED,NO_CONTINGENCY,,,,MY_GENERIC_ALGO,,O-20260308-220338-001-000-25,,e7cc7259-9eaa-4fa9-995f-418a8e0a9fc0,2026-03-08 22:03:38.616748022+00:00,2026-03-08 22:03:38.616748022+00:00
BACKTESTER-001,OracleStrategy-000,MESM6.GLBX,GLBX-1-026,MESM6.GLBX-OracleStrategy-000,GLBX-001,GLBX-1-026,MARKET,BUY,1,GTC,True,False,1,TAKER,6702.5,0.0,['0.00 USD'],NO_TRIGGER,FILLED,NO_CONTINGENCY,,,,MY_GENERIC_ALGO,,O-20260308-220339-001-000-26,,47819aae-4a6b-41f4-a97c-d8b0e97b9980,2026-03-08 22:03:39.894842613+00:00,2026-03-08 22:03:39.894842613+00:00
BACKTESTER-001,OracleStrategy-000,MESM6.GLBX,GLBX-1-027,MESM6.GLBX-OracleStrategy-000,GLBX-001,GLBX-1-027,MARKET,BUY,1,GTC,False,False,1,TAKER,6702.5,0.0,['0.00 USD'],NO_TRIGGER,FILLED,NO_CONTINGENCY,,,,MY_GENERIC_ALGO,,O-20260308-220339-001-000-27,,5b869628-4be8-4ebc-9561-c0967143867d,2026-03-08 22:03:39.894842613+00:00,2026-03-08 22:03:39.894842613+00:00
BACKTESTER-001,OracleStrategy-000,MESM6.GLBX,GLBX-1-028,MESM6.GLBX-OracleStrategy-000,GLBX-001,GLBX-1-028,MARKET,SELL,1,GTC,True,False,1,TAKER,6702.5,0.0,['0.00 USD'],NO_TRIGGER,FILLED,NO_CONTINGENCY,,,,MY_GENERIC_ALGO,,O-20260308-220357-001-000-28,,af8b3897-d8e1-43be-935f-b0d249e004bc,2026-03-08 22:03:57.737283339+00:00,2026-03-08 22:03:57.737283339+00:00
BACKTESTER-001,OracleStrategy-000,MESM6.GLBX,GLBX-1-029,MESM6.GLBX-OracleStrategy-000,GLBX-001,GLBX-1-029,MARKET,SELL,1,GTC,False,False,1,TAKER,6702.5,0.0,['0.00 USD'],NO_TRIGGER,FILLED,NO_CONTINGENCY,,,,MY_GENERIC_ALGO,,O-20260308-220357-001-000-29,,d94b3ace-7211-419b-9f2f-bfc5d8b56c06,2026-03-08 22:03:57.737283339+00:00,2026-03-08 22:03:57.737283339+00:00
BACKTESTER-001,OracleStrategy-000,MESM6.GLBX,GLBX-1-030,MESM6.GLBX-OracleStrategy-000,GLBX-001,GLBX-1-030,MARKET,BUY,1,GTC,True,False,1,TAKER,6702.5,0.0,['0.00 USD'],NO_TRIGGER,FILLED,NO_CONTINGENCY,,,,MY_GENERIC_ALGO,,O-20260308-220417-001-000-30,,4a04c237-c131-433d-9fd6-9f0e0e156714,2026-03-08 22:04:17.770426699+00:00,2026-03-08 22:04:17.770426699+00:00
BACKTESTER-001,OracleStrategy-000,MESM6.GLBX,GLBX-1-031,MESM6.GLBX-OracleStrategy-000,GLBX-001,GLBX-1-031,MARKET,BUY,1,GTC,False,False,1,TAKER,6702.5,0.0,['0.00 USD'],NO_TRIGGER,FILLED,NO_CONTINGENCY,,,,MY_GENERIC_ALGO,,O-20260308-220417-001-000-31,,16fb5def-d5c1-4910-bb39-346a5850dc39,2026-03-08 22:04:17.770426699+00:00,2026-03-08 22:04:17.770426699+00:00
BACKTESTER-001,OracleStrategy-000,MESM6.GLBX,GLBX-1-032,MESM6.GLBX-OracleStrategy-000,GLBX-001,GLBX-1-032,MARKET,SELL,1,GTC,True,False,1,TAKER,6700.75,0.0,['0.00 USD'],NO_TRIGGER,FILLED,NO_CONTINGENCY,,,,MY_GENERIC_ALGO,,O-20260308-220418-001-000-32,,5dd410b4-7d50-47f7-8169-66456967110f,2026-03-08 22:04:18.921533951+00:00,2026-03-08 22:04:18.921533951+00:00
BACKTESTER-001,OracleStrategy-000,MESM6.GLBX,GLBX-1-033,MESM6.GLBX-OracleStrategy-000,GLBX-001,GLBX-1-033,MARKET,SELL,1,GTC,False,False,1,TAKER,6700.75,0.0,['0.00 USD'],NO_TRIGGER,FILLED,NO_CONTINGENCY,,,,MY_GENERIC_ALGO,,O-20260308-220418-001-000-33,,8bca478c-5e43-4854-aa5c-aefa1ed14845,2026-03-08 22:04:18.921533951+00:00,2026-03-08 22:04:18.921533951+00:00
BACKTESTER-001,OracleStrategy-000,MESM6.GLBX,GLBX-1-034,MESM6.GLBX-OracleStrategy-000,GLBX-001,GLBX-1-034,MARKET,BUY,1,GTC,True,False,1,TAKER,6695.25,0.0,['0.00 USD'],NO_TRIGGER,FILLED,NO_CONTINGENCY,,,,MY_GENERIC_ALGO,,O-20260308-220431-001-000-34,,9468f59e-65d9-421d-9e1b-872da927d253,2026-03-08 22:04:31.799008707+00:00,2026-03-08 22:04:31.799008707+00:00
BACKTESTER-001,OracleStrategy-000,MESM6.GLBX,GLBX-1-035,MESM6.GLBX-OracleStrategy-000,GLBX-001,GLBX-1-035,MARKET,BUY,1,GTC,False,False,1,TAKER,6695.25,0.0,['0.00 USD'],NO_TRIGGER,FILLED,NO_CONTINGENCY,,,,MY_GENERIC_ALGO,,O-20260308-220431-001-000-35,,1d7d7697-9199-4b81-b000-24472e0c481f,2026-03-08 22:04:31.799008707+00:00,2026-03-08 22:04:31.799008707+00:00
BACKTESTER-001,OracleStrategy-000,MESM6.GLBX,GLBX-1-036,MESM6.GLBX-OracleStrategy-000,GLBX-001,GLBX-1-036,MARKET,SELL,1,GTC,True,False,1,TAKER,6699.0,0.0,['0.00 USD'],NO_TRIGGER,FILLED,NO_CONTINGENCY,,,,MY_GENERIC_ALGO,,O-20260308-220447-001-000-36,,51af3007-c941-4eac-a704-87f02169db34,2026-03-08 22:04:47.450960355+00:00,2026-03-08 22:04:47.450960355+00:00
BACKTESTER-001,OracleStrategy-000,MESM6.GLBX,GLBX-1-037,MESM6.GLBX-OracleStrategy-000,GLBX-001,GLBX-1-037,MARKET,SELL,1,GTC,False,False,1,TAKER,6699.0,0.0,['0.00 USD'],NO_TRIGGER,FILLED,NO_CONTINGENCY,,,,MY_GENERIC_ALGO,,O-20260308-220447-001-000-37,,cf1c5574-4d0f-4b4a-89a5-e76ec541236b,2026-03-08 22:04:47.450960355+00:00,2026-03-08 22:04:47.450960355+00:00
BACKTESTER-001,OracleStrategy-000,MESM6.GLBX,GLBX-1-038,MESM6.GLBX-OracleStrategy-000,GLBX-001,GLBX-1-038,MARKET,BUY,1,GTC,True,False,1,TAKER,6689.0,0.0,['0.00 USD'],NO_TRIGGER,FILLED,NO_CONTINGENCY,,,,MY_GENERIC_ALGO,,O-20260308-220520-001-000-38,,8ac89a80-f91b-4748-b94f-579afee50c1c,2026-03-08 22:05:20.672755643+00:00,2026-03-08 22:05:20.672755643+00:00
BACKTESTER-001,OracleStrategy-000,MESM6.GLBX,GLBX-1-039,MESM6.GLBX-OracleStrategy-000,GLBX-001,GLBX-1-039,MARKET,BUY,1,GTC,False,False,1,TAKER,6689.0,0.0,['0.00 USD'],NO_TRIGGER,FILLED,NO_CONTINGENCY,,,,MY_GENERIC_ALGO,,O-20260308-220520-001-000-39,,4a9c3047-f0d6-4e69-b07a-20ce1fe982c1,2026-03-08 22:05:20.672755643+00:00,2026-03-08 22:05:20.672755643+00:00
BACKTESTER-001,OracleStrategy-000,MESM6.GLBX,GLBX-1-040,MESM6.GLBX-OracleStrategy-000,GLBX-001,GLBX-1-040,MARKET,SELL,1,GTC,True,False,1,TAKER,6687.75,0.0,['0.00 USD'],NO_TRIGGER,FILLED,NO_CONTINGENCY,,,,MY_GENERIC_ALGO,,O-20260308-220521-001-000-40,,6fbf2fb5-4dec-46b3-8940-71430cfffccf,2026-03-08 22:05:21.838041397+00:00,2026-03-08 22:05:21.838041397+00:00
BACKTESTER-001,OracleStrategy-000,MESM6.GLBX,GLBX-1-041,MESM6.GLBX-OracleStrategy-000,GLBX-001,GLBX-1-041,MARKET,SELL,1,GTC,False,False,1,TAKER,6687.75,0.0,['0.00 USD'],NO_TRIGGER,FILLED,NO_CONTINGENCY,,,,MY_GENERIC_ALGO,,O-20260308-220521-001-000-41,,5e54681d-ebdf-4b44-b9c8-c5fe9b8272b5,2026-03-08 22:05:21.838041397+00:00,2026-03-08 22:05:21.838041397+00:00
BACKTESTER-001,OracleStrategy-000,MESM6.GLBX,GLBX-1-042,MESM6.GLBX-OracleStrategy-000,GLBX-001,GLBX-1-042,MARKET,BUY,1,GTC,True,False,1,TAKER,6686.0,0.0,['0.00 USD'],NO_TRIGGER,FILLED,NO_CONTINGENCY,,,,MY_GENERIC_ALGO,,O-20260308-220527-001-000-42,,6038c5d6-a599-4860-9070-163a816df060,2026-03-08 22:05:27.450625877+00:00,2026-03-08 22:05:27.450625877+00:00
BACKTESTER-001,OracleStrategy-000,MESM6.GLBX,GLBX-1-043,MESM6.GLBX-OracleStrategy-000,GLBX-001,GLBX-1-043,MARKET,BUY,1,GTC,False,False,1,TAKER,6686.0,0.0,['0.00 USD'],NO_TRIGGER,FILLED,NO_CONTINGENCY,,,,MY_GENERIC_ALGO,,O-20260308-220527-001-000-43,,c35cbf5f-ed9b-497d-bb01-8d23a9c65dd1,2026-03-08 22:05:27.450625877+00:00,2026-03-08 22:05:27.450625877+00:00
BACKTESTER-001,OracleStrategy-000,MESM6.GLBX,GLBX-1-044,MESM6.GLBX-OracleStrategy-000,GLBX-001,GLBX-1-044,MARKET,SELL,1,GTC,True,False,1,TAKER,6684.75,0.0,['0.00 USD'],NO_TRIGGER,FILLED,NO_CONTINGENCY,,,,MY_GENERIC_ALGO,,O-20260308-220536-001-000-44,,46049849-4997-4bfc-965c-f020997f5480,2026-03-08 22:05:36.899160089+00:00,2026-03-08 22:05:36.899160089+00:00
BACKTESTER-001,OracleStrategy-000,MESM6.GLBX,GLBX-1-045,MESM6.GLBX-OracleStrategy-000,GLBX-001,GLBX-1-045,MARKET,SELL,1,GTC,False,False,1,TAKER,6684.75,0.0,['0.00 USD'],NO_TRIGGER,FILLED,NO_CONTINGENCY,,,,MY_GENERIC_ALGO,,O-20260308-220536-001-000-45,,a905dd01-b5ae-4473-9288-793c0c85d31e,2026-03-08 22:05:36.899160089+00:00,2026-03-08 22:05:36.899160089+00:00
BACKTESTER-001,OracleStrategy-000,MESM6.GLBX,GLBX-1-046,MESM6.GLBX-OracleStrategy-000,GLBX-001,GLBX-1-046,MARKET,BUY,1,GTC,True,False,1,TAKER,6685.5,0.0,['0.00 USD'],NO_TRIGGER,FILLED,NO_CONTINGENCY,,,,MY_GENERIC_ALGO,,O-20260308-220552-001-000-46,,6fef0d1e-9742-45ac-b68b-9bec08aa740b,2026-03-08 22:05:52.587402346+00:00,2026-03-08 22:05:52.587402346+00:00
BACKTESTER-001,OracleStrategy-000,MESM6.GLBX,GLBX-1-047,MESM6.GLBX-OracleStrategy-000,GLBX-001,GLBX-1-047,MARKET,BUY,1,GTC,False,False,1,TAKER,6685.5,0.0,['0.00 USD'],NO_TRIGGER,FILLED,NO_CONTINGENCY,,,,MY_GENERIC_ALGO,,O-20260308-220552-001-000-47,,f8233314-8376-4d23-8db7-3a93d0b9738d,2026-03-08 22:05:52.587402346+00:00,2026-03-08 22:05:52.587402346+00:00
BACKTESTER-001,OracleStrategy-000,MESM6.GLBX,GLBX-1-048,MESM6.GLBX-OracleStrategy-000,GLBX-001,GLBX-1-048,MARKET,SELL,1,GTC,True,False,1,TAKER,6688.25,0.0,['0.00 USD'],NO_TRIGGER,FILLED,NO_CONTINGENCY,,,,MY_GENERIC_ALGO,,O-20260308-220557-001-000-48,,23476b20-212d-4aef-9264-0297254e0022,2026-03-08 22:05:57.912930971+00:00,2026-03-08 22:05:57.912930971+00:00
BACKTESTER-001,OracleStrategy-000,MESM6.GLBX,GLBX-1-049,MESM6.GLBX-OracleStrategy-000,GLBX-001,GLBX-1-049,MARKET,SELL,1,GTC,False,False,1,TAKER,6688.25,0.0,['0.00 USD'],NO_TRIGGER,FILLED,NO_CONTINGENCY,,,,MY_GENERIC_ALGO,,O-20260308-220557-001-000-49,,09f56d92-8ff4-44b7-92b9-c3fdcb4ebf83,2026-03-08 22:05:57.912930971+00:00,2026-03-08 22:05:57.912930971+00:00
BACKTESTER-001,OracleStrategy-000,MESM6.GLBX,GLBX-1-050,MESM6.GLBX-OracleStrategy-000,GLBX-001,GLBX-1-050,MARKET,BUY,1,GTC,True,False,1,TAKER,6684.5,0.0,['0.00 USD'],NO_TRIGGER,FILLED,NO_CONTINGENCY,,,,MY_GENERIC_ALGO,,O-20260308-220623-001-000-50,,f4491606-6cbf-4904-a60e-2c3ec5c32d13,2026-03-08 22:06:23.617088584+00:00,2026-03-08 22:06:23.617088584+00:00
BACKTESTER-001,OracleStrategy-000,MESM6.GLBX,GLBX-1-051,MESM6.GLBX-OracleStrategy-000,GLBX-001,GLBX-1-051,MARKET,BUY,1,GTC,False,False,1,TAKER,6684.5,0.0,['0.00 USD'],NO_TRIGGER,FILLED,NO_CONTINGENCY,,,,MY_GENERIC_ALGO,,O-20260308-220623-001-000-51,,983bb50d-7e43-41c4-b79d-a27183f4b9a4,2026-03-08 22:06:23.617088584+00:00,2026-03-08 22:06:23.617088584+00:00
BACKTESTER-001,OracleStrategy-000,MESM6.GLBX,GLBX-1-052,MESM6.GLBX-OracleStrategy-000,GLBX-001,GLBX-1-052,MARKET,SELL,1,GTC,True,False,1,TAKER,6684.75,0.0,['0.00 USD'],NO_TRIGGER,FILLED,NO_CONTINGENCY,,,,MY_GENERIC_ALGO,,O-20260308-220630-001-000-52,,8a35c006-1bd7-48a0-ba0b-3a60fd79bd27,2026-03-08 22:06:30.831709572+00:00,2026-03-08 22:06:30.831709572+00:00
BACKTESTER-001,OracleStrategy-000,MESM6.GLBX,GLBX-1-053,MESM6.GLBX-OracleStrategy-000,GLBX-001,GLBX-1-053,MARKET,SELL,1,GTC,False,False,1,TAKER,6684.75,0.0,['0.00 USD'],NO_TRIGGER,FILLED,NO_CONTINGENCY,,,,MY_GENERIC_ALGO,,O-20260308-220630-001-000-53,,d0012ce9-0546-4d7d-905c-533372b58050,2026-03-08 22:06:30.831709572+00:00,2026-03-08 22:06:30.831709572+00:00
BACKTESTER-001,OracleStrategy-000,MESM6.GLBX,GLBX-1-054,MESM6.GLBX-OracleStrategy-000,GLBX-001,GLBX-1-054,MARKET,BUY,1,GTC,True,False,1,TAKER,6683.0,0.0,['0.00 USD'],NO_TRIGGER,FILLED,NO_CONTINGENCY,,,,MY_GENERIC_ALGO,,O-20260308-220634-001-000-54,,05f68dad-7986-490b-9c65-7dbe06ade0ff,2026-03-08 22:06:34.847163527+00:00,2026-03-08 22:06:34.847163527+00:00
BACKTESTER-001,OracleStrategy-000,MESM6.GLBX,GLBX-1-055,MESM6.GLBX-OracleStrategy-000,GLBX-001,GLBX-1-055,MARKET,BUY,1,GTC,False,False,1,TAKER,6683.0,0.0,['0.00 USD'],NO_TRIGGER,FILLED,NO_CONTINGENCY,,,,MY_GENERIC_ALGO,,O-20260308-220634-001-000-55,,c204dbb5-04d3-4953-8dd3-52a8d8264c7a,2026-03-08 22:06:34.847163527+00:00,2026-03-08 22:06:34.847163527+00:00
BACKTESTER-001,OracleStrategy-000,MESM6.GLBX,GLBX-1-056,MESM6.GLBX-OracleStrategy-000,GLBX-001,GLBX-1-056,MARKET,SELL,1,GTC,True,False,1,TAKER,6681.75,0.0,['0.00 USD'],NO_TRIGGER,FILLED,NO_CONTINGENCY,,,,MY_GENERIC_ALGO,,O-20260308-220638-001-000-56,,3f36e7fb-0f15-4351-8745-e74d1adc019b,2026-03-08 22:06:38.617316387+00:00,2026-03-08 22:06:38.617316387+00:00
BACKTESTER-001,OracleStrategy-000,MESM6.GLBX,GLBX-1-057,MESM6.GLBX-OracleStrategy-000,GLBX-001,GLBX-1-057,MARKET,SELL,1,GTC,False,False,1,TAKER,6681.75,0.0,['0.00 USD'],NO_TRIGGER,FILLED,NO_CONTINGENCY,,,,MY_GENERIC_ALGO,,O-20260308-220638-001-000-57,,97b8a137-df28-43c2-b034-1f22fa20164b,2026-03-08 22:06:38.617316387+00:00,2026-03-08 22:06:38.617316387+00:00
BACKTESTER-001,OracleStrategy-000,MESM6.GLBX,GLBX-1-058,MESM6.GLBX-OracleStrategy-000,GLBX-001,GLBX-1-058,MARKET,BUY,1,GTC,True,False,1,TAKER,6681.25,0.0,['0.00 USD'],NO_TRIGGER,FILLED,NO_CONTINGENCY,,,,MY_GENERIC_ALGO,,O-20260308-220640-001-000-58,,7c72197f-4f58-4a65-97e7-298257adee4c,2026-03-08 22:06:40.981714431+00:00,2026-03-08 22:06:40.981714431+00:00
BACKTESTER-001,OracleStrategy-000,MESM6.GLBX,GLBX-1-059,MESM6.GLBX-OracleStrategy-000,GLBX-001,GLBX-1-059,MARKET,SELL,1,GTC,False,False,1,TAKER,6681.0,0.0,['0.00 USD'],NO_TRIGGER,FILLED,NO_CONTINGENCY,,,,MY_GENERIC_ALGO,,O-20260308-220643-001-000-60,,a690aeb8-61b8-43c4-92f8-87f424516c82,2026-03-08 22:06:43.474451595+00:00,2026-03-08 22:06:43.474451595+00:00
BACKTESTER-001,OracleStrategy-000,MESM6.GLBX,GLBX-1-060,MESM6.GLBX-OracleStrategy-000,GLBX-001,GLBX-1-060,MARKET,BUY,1,GTC,True,False,1,TAKER,6677.5,0.0,['0.00 USD'],NO_TRIGGER,FILLED,NO_CONTINGENCY,,,,MY_GENERIC_ALGO,,O-20260308-220649-001-000-61,,f8c1f97c-3e63-4d49-8b9e-809bab695517,2026-03-08 22:06:49.915777289+00:00,2026-03-08 22:06:49.915777289+00:00
BACKTESTER-001,OracleStrategy-000,MESM6.GLBX,GLBX-1-061,MESM6.GLBX-OracleStrategy-000,GLBX-001,GLBX-1-061,MARKET,BUY,1,GTC,False,False,1,TAKER,6677.5,0.0,['0.00 USD'],NO_TRIGGER,FILLED,NO_CONTINGENCY,,,,MY_GENERIC_ALGO,,O-20260308-220649-001-000-62,,d7cab59e-d180-46ff-8f7f-a0fe263d4da8,2026-03-08 22:06:49.915777289+00:00,2026-03-08 22:06:49.915777289+00:00
BACKTESTER-001,OracleStrategy-000,MESM6.GLBX,GLBX-1-062,MESM6.GLBX-OracleStrategy-000,GLBX-001,GLBX-1-062,MARKET,SELL,1,GTC,True,False,1,TAKER,6689.0,0.0,['0.00 USD'],NO_TRIGGER,FILLED,NO_CONTINGENCY,,,,MY_GENERIC_ALGO,,O-20260308-220717-001-000-63,,3fd27db5-2e62-479c-ac7a-b9a9edc64b77,2026-03-08 22:07:17.308895248+00:00,2026-03-08 22:07:17.308895248+00:00
BACKTESTER-001,OracleStrategy-000,MESM6.GLBX,GLBX-1-063,MESM6.GLBX-OracleStrategy-000,GLBX-001,GLBX-1-063,MARKET,SELL,1,GTC,False,False,1,TAKER,6689.0,0.0,['0.00 USD'],NO_TRIGGER,FILLED,NO_CONTINGENCY,,,,MY_GENERIC_ALGO,,O-20260308-220717-001-000-64,,3378af00-a6e7-4e19-bcd7-f67c4126f778,2026-03-08 22:07:17.308895248+00:00,2026-03-08 22:07:17.308895248+00:00
BACKTESTER-001,OracleStrategy-000,MESM6.GLBX,GLBX-1-064,MESM6.GLBX-OracleStrategy-000,GLBX-001,GLBX-1-064,MARKET,BUY,1,GTC,True,False,1,TAKER,6688.5,0.0,['0.00 USD'],NO_TRIGGER,FILLED,NO_CONTINGENCY,,,,MY_GENERIC_ALGO,,O-20260308-220718-001-000-65,,f2cb10a1-9c53-430c-ba74-f5f7052ba95f,2026-03-08 22:07:18.848923754+00:00,2026-03-08 22:07:18.848923754+00:00
BACKTESTER-001,OracleStrategy-000,MESM6.GLBX,GLBX-1-065,MESM6.GLBX-OracleStrategy-000,GLBX-001,GLBX-1-065,MARKET,BUY,1,GTC,False,False,1,TAKER,6688.5,0.0,['0.00 USD'],NO_TRIGGER,FILLED,NO_CONTINGENCY,,,,MY_GENERIC_ALGO,,O-20260308-220718-001-000-66,,e01aa594-6dcf-4a8c-b6b4-2e5ab44f0ae4,2026-03-08 22:07:18.848923754+00:00,2026-03-08 22:07:18.848923754+00:00
BACKTESTER-001,OracleStrategy-000,MESM6.GLBX,GLBX-1-066,MESM6.GLBX-OracleStrategy-000,GLBX-001,GLBX-1-066,MARKET,SELL,1,GTC,True,False,1,TAKER,6687.0,0.0,['0.00 USD'],NO_TRIGGER,FILLED,NO_CONTINGENCY,,,,MY_GENERIC_ALGO,,O-20260308-220734-001-000-67,,ebbe6323-4146-473c-a9e3-5387a8a5b7a2,2026-03-08 22:07:34.028013525+00:00,2026-03-08 22:07:34.028013525+00:00
BACKTESTER-001,OracleStrategy-000,MESM6.GLBX,GLBX-1-067,MESM6.GLBX-OracleStrategy-000,GLBX-001,GLBX-1-067,MARKET,SELL,1,GTC,False,False,1,TAKER,6687.0,0.0,['0.00 USD'],NO_TRIGGER,FILLED,NO_CONTINGENCY,,,,MY_GENERIC_ALGO,,O-20260308-220734-001-000-68,,cab51c72-786c-40c6-a3b4-7008384f3c4c,2026-03-08 22:07:34.028013525+00:00,2026-03-08 22:07:34.028013525+00:00
BACKTESTER-001,OracleStrategy-000,MESM6.GLBX,GLBX-1-068,MESM6.GLBX-OracleStrategy-000,GLBX-001,GLBX-1-068,MARKET,BUY,1,GTC,True,False,1,TAKER,6690.5,0.0,['0.00 USD'],NO_TRIGGER,FILLED,NO_CONTINGENCY,,,,MY_GENERIC_ALGO,,O-20260308-220748-001-000-69,,4422c5d2-ff50-40ab-81e2-f541b7f70f37,2026-03-08 22:07:48.714067354+00:00,2026-03-08 22:07:48.714067354+00:00
BACKTESTER-001,OracleStrategy-000,MESM6.GLBX,GLBX-1-069,MESM6.GLBX-OracleStrategy-000,GLBX-001,GLBX-1-069,MARKET,BUY,1,GTC,False,False,1,TAKER,6690.5,0.0,['0.00 USD'],NO_TRIGGER,FILLED,NO_CONTINGENCY,,,,MY_GENERIC_ALGO,,O-20260308-220748-001-000-70,,485d7b8c-8c59-4bc0-b753-b4864c41e224,2026-03-08 22:07:48.714067354+00:00,2026-03-08 22:07:48.714067354+00:00
BACKTESTER-001,OracleStrategy-000,MESM6.GLBX,GLBX-1-070,MESM6.GLBX-OracleStrategy-000,GLBX-001,GLBX-1-070,MARKET,SELL,1,GTC,True,False,1,TAKER,6688.5,0.0,['0.00 USD'],NO_TRIGGER,FILLED,NO_CONTINGENCY,,,,MY_GENERIC_ALGO,,O-20260308-220752-001-000-71,,621e4424-9389-49cf-849a-4fc3ddd8ee9b,2026-03-08 22:07:52.747677669+00:00,2026-03-08 22:07:52.747677669+00:00
BACKTESTER-001,OracleStrategy-000,MESM6.GLBX,GLBX-1-071,MESM6.GLBX-OracleStrategy-000,GLBX-001,GLBX-1-071,MARKET,SELL,1,GTC,False,False,1,TAKER,6688.5,0.0,['0.00 USD'],NO_TRIGGER,FILLED,NO_CONTINGENCY,,,,MY_GENERIC_ALGO,,O-20260308-220752-001-000-72,,4f7c1ebf-8602-49f5-94ac-8ccca768bd65,2026-03-08 22:07:52.747677669+00:00,2026-03-08 22:07:52.747677669+00:00
BACKTESTER-001,OracleStrategy-000,MESM6.GLBX,GLBX-1-072,MESM6.GLBX-OracleStrategy-000,GLBX-001,GLBX-1-072,MARKET,BUY,1,GTC,True,False,1,TAKER,6681.5,0.0,['0.00 USD'],NO_TRIGGER,FILLED,NO_CONTINGENCY,,,,MY_GENERIC_ALGO,,O-20260308-220823-001-000-73,,a170868d-d46f-4969-8cd8-645157e36b80,2026-03-08 22:08:23.016090441+00:00,2026-03-08 22:08:23.016090441+00:00
BACKTESTER-001,OracleStrategy-000,MESM6.GLBX,GLBX-1-073,MESM6.GLBX-OracleStrategy-000,GLBX-001,GLBX-1-073,MARKET,BUY,1,GTC,False,False,1,TAKER,6681.5,0.0,['0.00 USD'],NO_TRIGGER,FILLED,NO_CONTINGENCY,,,,MY_GENERIC_ALGO,,O-20260308-220823-001-000-74,,651f0b76-bfc7-4171-bc2f-5014799cfc97,2026-03-08 22:08:23.016090441+00:00,2026-03-08 22:08:23.016090441+00:00
BACKTESTER-001,OracleStrategy-000,MESM6.GLBX,GLBX-1-074,MESM6.GLBX-OracleStrategy-000,GLBX-001,GLBX-1-074,MARKET,SELL,1,GTC,True,False,1,TAKER,6680.25,0.0,['0.00 USD'],NO_TRIGGER,FILLED,NO_CONTINGENCY,,,,MY_GENERIC_ALGO,,O-20260308-220839-001-000-75,,dbce802a-2543-4017-b72f-8fe31e974021,2026-03-08 22:08:39.809312072+00:00,2026-03-08 22:08:39.809312072+00:00
BACKTESTER-001,OracleStrategy-000,MESM6.GLBX,GLBX-1-075,MESM6.GLBX-OracleStrategy-000,GLBX-001,GLBX-1-075,MARKET,SELL,1,GTC,False,False,1,TAKER,6680.25,0.0,['0.00 USD'],NO_TRIGGER,FILLED,NO_CONTINGENCY,,,,MY_GENERIC_ALGO,,O-20260308-220839-001-000-76,,b90a8db6-8d96-402c-91a7-d339434679ae,2026-03-08 22:08:39.809312072+00:00,2026-03-08 22:08:39.809312072+00:00
BACKTESTER-001,OracleStrategy-000,MESM6.GLBX,GLBX-1-076,MESM6.GLBX-OracleStrategy-000,GLBX-001,GLBX-1-076,MARKET,BUY,1,GTC,True,False,1,TAKER,6676.75,0.0,['0.00 USD'],NO_TRIGGER,FILLED,NO_CONTINGENCY,,,,MY_GENERIC_ALGO,,O-20260308-220855-001-000-77,,4379edf8-2afa-4cda-9f23-62d60788c311,2026-03-08 22:08:55.411551495+00:00,2026-03-08 22:08:55.411551495+00:00
BACKTESTER-001,OracleStrategy-000,MESM6.GLBX,GLBX-1-077,MESM6.GLBX-OracleStrategy-000,GLBX-001,GLBX-1-077,MARKET,BUY,1,GTC,False,False,1,TAKER,6676.75,0.0,['0.00 USD'],NO_TRIGGER,FILLED,NO_CONTINGENCY,,,,MY_GENERIC_ALGO,,O-20260308-220855-001-000-78,,4fe3dc4d-0feb-4a45-93e4-4d0f0e9841a9,2026-03-08 22:08:55.411551495+00:00,2026-03-08 22:08:55.411551495+00:00
BACKTESTER-001,OracleStrategy-000,MESM6.GLBX,GLBX-1-078,MESM6.GLBX-OracleStrategy-000,GLBX-001,GLBX-1-078,MARKET,SELL,1,GTC,True,False,1,TAKER,6678.25,0.0,['0.00 USD'],NO_TRIGGER,FILLED,NO_CONTINGENCY,,,,MY_GENERIC_ALGO,,O-20260308-220903-001-000-79,,8176f126-f672-415b-9f94-34425b1fff50,2026-03-08 22:09:03.706494357+00:00,2026-03-08 22:09:03.706494357+00:00
BACKTESTER-001,OracleStrategy-000,MESM6.GLBX,GLBX-1-079,MESM6.GLBX-OracleStrategy-000,GLBX-001,GLBX-1-079,MARKET,SELL,1,GTC,False,False,1,TAKER,6678.25,0.0,['0.00 USD'],NO_TRIGGER,FILLED,NO_CONTINGENCY,,,,MY_GENERIC_ALGO,,O-20260308-220903-001-000-80,,63d43a6f-c17e-4243-9726-c78ae62903b1,2026-03-08 22:09:03.706494357+00:00,2026-03-08 22:09:03.706494357+00:00
BACKTESTER-001,OracleStrategy-000,MESM6.GLBX,GLBX-1-080,MESM6.GLBX-OracleStrategy-000,GLBX-001,GLBX-1-080,MARKET,BUY,1,GTC,True,False,1,TAKER,6673.5,0.0,['0.00 USD'],NO_TRIGGER,FILLED,NO_CONTINGENCY,,,,MY_GENERIC_ALGO,,O-20260308-220917-001-000-81,,bbc42141-a0ce-4474-b27c-7a5ee46a10a0,2026-03-08 22:09:17.069366323+00:00,2026-03-08 22:09:17.069366323+00:00
BACKTESTER-001,OracleStrategy-000,MESM6.GLBX,GLBX-1-081,MESM6.GLBX-OracleStrategy-000,GLBX-001,GLBX-1-081,MARKET,BUY,1,GTC,False,False,1,TAKER,6673.5,0.0,['0.00 USD'],NO_TRIGGER,FILLED,NO_CONTINGENCY,,,,MY_GENERIC_ALGO,,O-20260308-220917-001-000-82,,1c647472-ac29-47fb-9c0c-b13804bbb323,2026-03-08 22:09:17.069366323+00:00,2026-03-08 22:09:17.069366323+00:00
BACKTESTER-001,OracleStrategy-000,MESM6.GLBX,GLBX-1-082,MESM6.GLBX-OracleStrategy-000,GLBX-001,GLBX-1-082,MARKET,SELL,1,GTC,True,False,1,TAKER,6671.75,0.0,['0.00 USD'],NO_TRIGGER,FILLED,NO_CONTINGENCY,,,,MY_GENERIC_ALGO,,O-20260308-220923-001-000-83,,791fb4a2-90b7-43df-9a49-987b31e29845,2026-03-08 22:09:23.000641543+00:00,2026-03-08 22:09:23.000641543+00:00
BACKTESTER-001,OracleStrategy-000,MESM6.GLBX,GLBX-1-083,MESM6.GLBX-OracleStrategy-000,GLBX-001,GLBX-1-083,MARKET,SELL,1,GTC,False,False,1,TAKER,6671.75,0.0,['0.00 USD'],NO_TRIGGER,FILLED,NO_CONTINGENCY,,,,MY_GENERIC_ALGO,,O-20260308-220923-001-000-84,,77645a3f-eb7f-4233-84a6-0f6aa6ba96e7,2026-03-08 22:09:23.000641543+00:00,2026-03-08 22:09:23.000641543+00:00
BACKTESTER-001,OracleStrategy-000,MESM6.GLBX,GLBX-1-084,MESM6.GLBX-OracleStrategy-000,GLBX-001,GLBX-1-084,MARKET,BUY,1,GTC,True,False,1,TAKER,6670.75,0.0,['0.00 USD'],NO_TRIGGER,FILLED,NO_CONTINGENCY,,,,MY_GENERIC_ALGO,,O-20260308-220926-001-000-85,,8debeec0-0063-445d-b5ea-e0814efcbc0e,2026-03-08 22:09:26.057937967+00:00,2026-03-08 22:09:26.057937967+00:00
BACKTESTER-001,OracleStrategy-000,MESM6.GLBX,GLBX-1-085,MESM6.GLBX-OracleStrategy-000,GLBX-001,GLBX-1-085,MARKET,BUY,1,GTC,False,False,1,TAKER,6670.75,0.0,['0.00 USD'],NO_TRIGGER,FILLED,NO_CONTINGENCY,,,,MY_GENERIC_ALGO,,O-20260308-220926-001-000-86,,19243c09-dc79-4799-9586-5f7e731451d9,2026-03-08 22:09:26.057937967+00:00,2026-03-08 22:09:26.057937967+00:00
BACKTESTER-001,OracleStrategy-000,MESM6.GLBX,GLBX-1-086,MESM6.GLBX-OracleStrategy-000,GLBX-001,GLBX-1-086,MARKET,SELL,1,GTC,True,False,1,TAKER,6670.5,0.0,['0.00 USD'],NO_TRIGGER,FILLED,NO_CONTINGENCY,,,,MY_GENERIC_ALGO,,O-20260308-220928-001-000-87,,fd6dcfa3-295e-4824-9b1a-9a2f0b9efacb,2026-03-08 22:09:28.874500498+00:00,2026-03-08 22:09:28.874500498+00:00
BACKTESTER-001,OracleStrategy-000,MESM6.GLBX,GLBX-1-087,MESM6.GLBX-OracleStrategy-000,GLBX-001,GLBX-1-087,MARKET,SELL,1,GTC,False,False,1,TAKER,6670.5,0.0,['0.00 USD'],NO_TRIGGER,FILLED,NO_CONTINGENCY,,,,MY_GENERIC_ALGO,,O-20260308-220928-001-000-88,,00ab5da0-e1f4-4564-9fa5-399f32097a78,2026-03-08 22:09:28.874500498+00:00,2026-03-08 22:09:28.874500498+00:00
BACKTESTER-001,OracleStrategy-000,MESM6.GLBX,GLBX-1-088,MESM6.GLBX-OracleStrategy-000,GLBX-001,GLBX-1-088,MARKET,BUY,1,GTC,True,False,1,TAKER,6670.5,0.0,['0.00 USD'],NO_TRIGGER,FILLED,NO_CONTINGENCY,,,,MY_GENERIC_ALGO,,O-20260308-220930-001-000-89,,2d609f5f-acdc-402a-b0a1-c5e46db0666f,2026-03-08 22:09:30.034441867+00:00,2026-03-08 22:09:30.034441867+00:00
BACKTESTER-001,OracleStrategy-000,MESM6.GLBX,GLBX-1-089,MESM6.GLBX-OracleStrategy-000,GLBX-001,GLBX-1-089,MARKET,BUY,1,GTC,False,False,1,TAKER,6670.5,0.0,['0.00 USD'],NO_TRIGGER,FILLED,NO_CONTINGENCY,,,,MY_GENERIC_ALGO,,O-20260308-220930-001-000-90,,50649720-b967-47d9-bb03-c767331952aa,2026-03-08 22:09:30.034441867+00:00,2026-03-08 22:09:30.034441867+00:00
BACKTESTER-001,OracleStrategy-000,MESM6.GLBX,GLBX-1-090,MESM6.GLBX-OracleStrategy-000,GLBX-001,GLBX-1-090,MARKET,SELL,1,GTC,True,False,1,TAKER,6680.0,0.0,['0.00 USD'],NO_TRIGGER,FILLED,NO_CONTINGENCY,,,,MY_GENERIC_ALGO,,O-20260308-221010-001-000-91,,7ee8c41f-bd66-4671-99c1-bf04273ffd18,2026-03-08 22:10:10.430977611+00:00,2026-03-08 22:10:10.430977611+00:00
BACKTESTER-001,OracleStrategy-000,MESM6.GLBX,GLBX-1-091,MESM6.GLBX-OracleStrategy-000,GLBX-001,GLBX-1-091,MARKET,SELL,1,GTC,False,False,1,TAKER,6680.0,0.0,['0.00 USD'],NO_TRIGGER,FILLED,NO_CONTINGENCY,,,,MY_GENERIC_ALGO,,O-20260308-221010-001-000-92,,b12f8590-0588-424a-8f08-3afea240e501,2026-03-08 22:10:10.430977611+00:00,2026-03-08 22:10:10.430977611+00:00
BACKTESTER-001,OracleStrategy-000,MESM6.GLBX,GLBX-1-092,MESM6.GLBX-OracleStrategy-000,GLBX-001,GLBX-1-092,MARKET,BUY,1,GTC,True,False,1,TAKER,6682.5,0.0,['0.00 USD'],NO_TRIGGER,FILLED,NO_CONTINGENCY,,,,MY_GENERIC_ALGO,,O-20260308-221012-001-000-93,,0128fd06-031f-4c04-8c00-867c91d272d8,2026-03-08 22:10:12.352934411+00:00,2026-03-08 22:10:12.352934411+00:00
BACKTESTER-001,OracleStrategy-000,MESM6.GLBX,GLBX-1-093,MESM6.GLBX-OracleStrategy-000,GLBX-001,GLBX-1-093,MARKET,BUY,1,GTC,False,False,1,TAKER,6682.5,0.0,['0.00 USD'],NO_TRIGGER,FILLED,NO_CONTINGENCY,,,,MY_GENERIC_ALGO,,O-20260308-221012-001-000-94,,adac286c-409e-4cba-b250-701f8cbd1fb4,2026-03-08 22:10:12.352934411+00:00,2026-03-08 22:10:12.352934411+00:00
BACKTESTER-001,OracleStrategy-000,MESM6.GLBX,GLBX-1-094,MESM6.GLBX-OracleStrategy-000,GLBX-001,GLBX-1-094,MARKET,SELL,1,GTC,True,False,1,TAKER,6682.0,0.0,['0.00 USD'],NO_TRIGGER,FILLED,NO_CONTINGENCY,,,,MY_GENERIC_ALGO,,O-20260308-221033-001-000-95,,7ce14597-2da6-4efb-b7d7-a897947309df,2026-03-08 22:10:33.966652085+00:00,2026-03-08 22:10:33.966652085+00:00
BACKTESTER-001,OracleStrategy-000,MESM6.GLBX,GLBX-1-095,MESM6.GLBX-OracleStrategy-000,GLBX-001,GLBX-1-095,MARKET,SELL,1,GTC,False,False,1,TAKER,6682.0,0.0,['0.00 USD'],NO_TRIGGER,FILLED,NO_CONTINGENCY,,,,MY_GENERIC_ALGO,,O-20260308-221033-001-000-96,,e3f5387e-761c-4eb1-b621-599c67900842,2026-03-08 22:10:33.966652085+00:00,2026-03-08 22:10:33.966652085+00:00
BACKTESTER-001,OracleStrategy-000,MESM6.GLBX,GLBX-1-096,MESM6.GLBX-OracleStrategy-000,GLBX-001,GLBX-1-096,MARKET,BUY,1,GTC,True,False,1,TAKER,6684.0,0.0,['0.00 USD'],NO_TRIGGER,FILLED,NO_CONTINGENCY,,,,MY_GENERIC_ALGO,,O-20260308-221058-001-000-97,,e6b4a14d-f768-4aa3-9a2b-9866a5e2d677,2026-03-08 22:10:58.875395549+00:00,2026-03-08 22:10:58.875395549+00:00
BACKTESTER-001,OracleStrategy-000,MESM6.GLBX,GLBX-1-097,MESM6.GLBX-OracleStrategy-000,GLBX-001,GLBX-1-097,MARKET,BUY,1,GTC,False,False,1,TAKER,6684.0,0.0,['0.00 USD'],NO_TRIGGER,FILLED,NO_CONTINGENCY,,,,MY_GENERIC_ALGO,,O-20260308-221058-001-000-98,,79e74e34-2144-4816-8356-1f1795cd86a4,2026-03-08 22:10:58.875395549+00:00,2026-03-08 22:10:58.875395549+00:00
BACKTESTER-001,OracleStrategy-000,MESM6.GLBX,GLBX-1-099,MESM6.GLBX-OracleStrategy-000,GLBX-001,GLBX-1-099,MARKET,SELL,1,GTC,False,False,1,TAKER,6682.0,0.0,['0.00 USD'],NO_TRIGGER,FILLED,NO_CONTINGENCY,,,,MY_GENERIC_ALGO,,O-20260308-221104-001-000-100,,520254dc-fd84-40e8-adaa-ccf1484300f6,2026-03-08 22:11:04.851237757+00:00,2026-03-08 22:11:04.851237757+00:00
BACKTESTER-001,OracleStrategy-000,MESM6.GLBX,GLBX-1-098,MESM6.GLBX-OracleStrategy-000,GLBX-001,GLBX-1-098,MARKET,SELL,1,GTC,True,False,1,TAKER,6682.0,0.0,['0.00 USD'],NO_TRIGGER,FILLED,NO_CONTINGENCY,,,,MY_GENERIC_ALGO,,O-20260308-221104-001-000-99,,acb0ccee-d9a1-4148-b22e-0336d3195771,2026-03-08 22:11:04.851237757+00:00,2026-03-08 22:11:04.851237757+00:00
BACKTESTER-001,OracleStrategy-000,MESM6.GLBX,GLBX-1-100,MESM6.GLBX-OracleStrategy-000,GLBX-001,GLBX-1-100,MARKET,BUY,1,GTC,True,False,1,TAKER,6677.25,0.0,['0.00 USD'],NO_TRIGGER,FILLED,NO_CONTINGENCY,,,,MY_GENERIC_ALGO,,O-20260308-221105-001-000-101,,13ead6a2-ceb6-4c1e-a193-6118d79005bc,2026-03-08 22:11:05.852709659+00:00,2026-03-08 22:11:05.852709659+00:00
BACKTESTER-001,OracleStrategy-000,MESM6.GLBX,GLBX-1-101,MESM6.GLBX-OracleStrategy-000,GLBX-001,GLBX-1-101,MARKET,BUY,1,GTC,False,False,1,TAKER,6677.25,0.0,['0.00 USD'],NO_TRIGGER,FILLED,NO_CONTINGENCY,,,,MY_GENERIC_ALGO,,O-20260308-221105-001-000-102,,eec7d166-f96d-4498-af05-b40ff31d9dde,2026-03-08 22:11:05.852709659+00:00,2026-03-08 22:11:05.852709659+00:00
BACKTESTER-001,OracleStrategy-000,MESM6.GLBX,GLBX-1-102,MESM6.GLBX-OracleStrategy-000,GLBX-001,GLBX-1-102,MARKET,SELL,1,GTC,True,False,1,TAKER,6678.75,0.0,['0.00 USD'],NO_TRIGGER,FILLED,NO_CONTINGENCY,,,,MY_GENERIC_ALGO,,O-20260308-221107-001-000-103,,bb6bd0a5-0daf-473a-bc98-97dc98df6335,2026-03-08 22:11:07.108595448+00:00,2026-03-08 22:11:07.108595448+00:00
BACKTESTER-001,OracleStrategy-000,MESM6.GLBX,GLBX-1-103,MESM6.GLBX-OracleStrategy-000,GLBX-001,GLBX-1-103,MARKET,SELL,1,GTC,False,False,1,TAKER,6678.75,0.0,['0.00 USD'],NO_TRIGGER,FILLED,NO_CONTINGENCY,,,,MY_GENERIC_ALGO,,O-20260308-221107-001-000-104,,ab8067bc-27fe-4b78-bc83-7b34dcce0b9c,2026-03-08 22:11:07.108595448+00:00,2026-03-08 22:11:07.108595448+00:00
BACKTESTER-001,OracleStrategy-000,MESM6.GLBX,GLBX-1-104,MESM6.GLBX-OracleStrategy-000,GLBX-001,GLBX-1-104,MARKET,BUY,1,GTC,True,False,1,TAKER,6680.5,0.0,['0.00 USD'],NO_TRIGGER,FILLED,NO_CONTINGENCY,,,,MY_GENERIC_ALGO,,O-20260308-221113-001-000-105,,926e465e-c970-4c58-a729-eec50f3055c0,2026-03-08 22:11:13.360012682+00:00,2026-03-08 22:11:13.360012682+00:00
BACKTESTER-001,OracleStrategy-000,MESM6.GLBX,GLBX-1-105,MESM6.GLBX-OracleStrategy-000,GLBX-001,GLBX-1-105,MARKET,BUY,1,GTC,False,False,1,TAKER,6680.5,0.0,['0.00 USD'],NO_TRIGGER,FILLED,NO_CONTINGENCY,,,,MY_GENERIC_ALGO,,O-20260308-221113-001-000-106,,3f6f30cb-991e-4e5e-a9d8-78a83c0383a4,2026-03-08 22:11:13.360012682+00:00,2026-03-08 22:11:13.360012682+00:00
BACKTESTER-001,OracleStrategy-000,MESM6.GLBX,GLBX-1-106,MESM6.GLBX-OracleStrategy-000,GLBX-001,GLBX-1-106,MARKET,SELL,1,GTC,True,False,1,TAKER,6680.0,0.0,['0.00 USD'],NO_TRIGGER,FILLED,NO_CONTINGENCY,,,,MY_GENERIC_ALGO,,O-20260308-221114-001-000-107,,1cf347bf-3095-42bd-ae9a-e3630d64fbe6,2026-03-08 22:11:14.679412256+00:00,2026-03-08 22:11:14.679412256+00:00
BACKTESTER-001,OracleStrategy-000,MESM6.GLBX,GLBX-1-107,MESM6.GLBX-OracleStrategy-000,GLBX-001,GLBX-1-107,MARKET,SELL,1,GTC,False,False,1,TAKER,6680.0,0.0,['0.00 USD'],NO_TRIGGER,FILLED,NO_CONTINGENCY,,,,MY_GENERIC_ALGO,,O-20260308-221114-001-000-108,,94600f32-d243-41c7-a3fd-329d23c6a046,2026-03-08 22:11:14.679412256+00:00,2026-03-08 22:11:14.679412256+00:00
BACKTESTER-001,OracleStrategy-000,MESM6.GLBX,GLBX-1-108,MESM6.GLBX-OracleStrategy-000,GLBX-001,GLBX-1-108,MARKET,BUY,1,GTC,True,False,1,TAKER,6678.0,0.0,['0.00 USD'],NO_TRIGGER,FILLED,NO_CONTINGENCY,,,,MY_GENERIC_ALGO,,O-20260308-221125-001-000-109,,fb704a98-504f-4586-b2d5-84f56303208e,2026-03-08 22:11:25.310552493+00:00,2026-03-08 22:11:25.310552493+00:00
BACKTESTER-001,OracleStrategy-000,MESM6.GLBX,GLBX-1-109,MESM6.GLBX-OracleStrategy-000,GLBX-001,GLBX-1-109,MARKET,BUY,1,GTC,False,False,1,TAKER,6678.0,0.0,['0.00 USD'],NO_TRIGGER,FILLED,NO_CONTINGENCY,,,,MY_GENERIC_ALGO,,O-20260308-221125-001-000-110,,ca391e1b-af91-4c7a-ad5b-3862dd505227,2026-03-08 22:11:25.310552493+00:00,2026-03-08 22:11:25.310552493+00:00
BACKTESTER-001,OracleStrategy-000,MESM6.GLBX,GLBX-1-110,MESM6.GLBX-OracleStrategy-000,GLBX-001,GLBX-1-110,MARKET,SELL,1,GTC,True,False,1,TAKER,6680.25,0.0,['0.00 USD'],NO_TRIGGER,FILLED,NO_CONTINGENCY,,,,MY_GENERIC_ALGO,,O-20260308-221131-001-000-111,,b3dc0e47-f278-4ecf-a155-27e612747912,2026-03-08 22:11:31.166319759+00:00,2026-03-08 22:11:31.166319759+00:00
BACKTESTER-001,OracleStrategy-000,MESM6.GLBX,GLBX-1-111,MESM6.GLBX-OracleStrategy-000,GLBX-001,GLBX-1-111,MARKET,SELL,1,GTC,False,False,1,TAKER,6680.25,0.0,['0.00 USD'],NO_TRIGGER,FILLED,NO_CONTINGENCY,,,,MY_GENERIC_ALGO,,O-20260308-221131-001-000-112,,d31fa3d5-e55a-4bf0-9882-70486e1f6d17,2026-03-08 22:11:31.166319759+00:00,2026-03-08 22:11:31.166319759+00:00
BACKTESTER-001,OracleStrategy-000,MESM6.GLBX,GLBX-1-112,MESM6.GLBX-OracleStrategy-000,GLBX-001,GLBX-1-112,MARKET,BUY,1,GTC,True,False,1,TAKER,6679.5,0.0,['0.00 USD'],NO_TRIGGER,FILLED,NO_CONTINGENCY,,,,MY_GENERIC_ALGO,,O-20260308-221146-001-000-113,,623d4307-6776-4f48-87eb-ab6ff31e3cb8,2026-03-08 22:11:46.534671626+00:00,2026-03-08 22:11:46.534671626+00:00
BACKTESTER-001,OracleStrategy-000,MESM6.GLBX,GLBX-1-113,MESM6.GLBX-OracleStrategy-000,GLBX-001,GLBX-1-113,MARKET,BUY,1,GTC,False,False,1,TAKER,6679.5,0.0,['0.00 USD'],NO_TRIGGER,FILLED,NO_CONTINGENCY,,,,MY_GENERIC_ALGO,,O-20260308-221146-001-000-114,,a1e72ec4-fdc9-4723-b86e-16a2e85eea90,2026-03-08 22:11:46.534671626+00:00,2026-03-08 22:11:46.534671626+00:00
BACKTESTER-001,OracleStrategy-000,MESM6.GLBX,GLBX-1-114,MESM6.GLBX-OracleStrategy-000,GLBX-001,GLBX-1-114,MARKET,SELL,1,GTC,True,False,1,TAKER,6679.0,0.0,['0.00 USD'],NO_TRIGGER,FILLED,NO_CONTINGENCY,,,,MY_GENERIC_ALGO,,O-20260308-221151-001-000-115,,d442b4d0-5d98-47f3-8e66-4ce21573d0ec,2026-03-08 22:11:51.828553611+00:00,2026-03-08 22:11:51.828553611+00:00
BACKTESTER-001,OracleStrategy-000,MESM6.GLBX,GLBX-1-115,MESM6.GLBX-OracleStrategy-000,GLBX-001,GLBX-1-115,MARKET,SELL,1,GTC,False,False,1,TAKER,6679.0,0.0,['0.00 USD'],NO_TRIGGER,FILLED,NO_CONTINGENCY,,,,MY_GENERIC_ALGO,,O-20260308-221151-001-000-116,,72aa0878-8221-4313-989b-3d0a65824803,2026-03-08 22:11:51.828553611+00:00,2026-03-08 22:11:51.828553611+00:00
BACKTESTER-001,OracleStrategy-000,MESM6.GLBX,GLBX-1-116,MESM6.GLBX-OracleStrategy-000,GLBX-001,GLBX-1-116,MARKET,BUY,1,GTC,True,False,1,TAKER,6677.75,0.0,['0.00 USD'],NO_TRIGGER,FILLED,NO_CONTINGENCY,,,,MY_GENERIC_ALGO,,O-20260308-221155-001-000-117,,d124fe71-97ea-48cd-b7c5-b4dc77e2662b,2026-03-08 22:11:55.613286965+00:00,2026-03-08 22:11:55.613286965+00:00
BACKTESTER-001,OracleStrategy-000,MESM6.GLBX,GLBX-1-117,MESM6.GLBX-OracleStrategy-000,GLBX-001,GLBX-1-117,MARKET,BUY,1,GTC,False,False,1,TAKER,6677.75,0.0,['0.00 USD'],NO_TRIGGER,FILLED,NO_CONTINGENCY,,,,MY_GENERIC_ALGO,,O-20260308-221155-001-000-118,,432bbcb4-e981-42e2-924c-65880b769ecc,2026-03-08 22:11:55.613286965+00:00,2026-03-08 22:11:55.613286965+00:00
BACKTESTER-001,OracleStrategy-000,MESM6.GLBX,GLBX-1-118,MESM6.GLBX-OracleStrategy-000,GLBX-001,GLBX-1-118,MARKET,SELL,1,GTC,True,False,1,TAKER,6678.5,0.0,['0.00 USD'],NO_TRIGGER,FILLED,NO_CONTINGENCY,,,,MY_GENERIC_ALGO,,O-20260308-221220-001-000-119,,7d5dcbee-2c03-4674-a579-ab150e97c5ef,2026-03-08 22:12:20.606960923+00:00,2026-03-08 22:12:20.606960923+00:00
BACKTESTER-001,OracleStrategy-000,MESM6.GLBX,GLBX-1-119,MESM6.GLBX-OracleStrategy-000,GLBX-001,GLBX-1-119,MARKET,SELL,1,GTC,False,False,1,TAKER,6678.5,0.0,['0.00 USD'],NO_TRIGGER,FILLED,NO_CONTINGENCY,,,,MY_GENERIC_ALGO,,O-20260308-221220-001-000-120,,903a5e98-a170-4ccb-ac96-8d09b0f94391,2026-03-08 22:12:20.606960923+00:00,2026-03-08 22:12:20.606960923+00:00
BACKTESTER-001,OracleStrategy-000,MESM6.GLBX,GLBX-1-120,MESM6.GLBX-OracleStrategy-000,GLBX-001,GLBX-1-120,MARKET,BUY,1,GTC,True,False,1,TAKER,6681.0,0.0,['0.00 USD'],NO_TRIGGER,FILLED,NO_CONTINGENCY,,,,MY_GENERIC_ALGO,,O-20260308-221236-001-000-121,,a495edbb-6c0c-4600-9e9a-3fb5e86a9e7e,2026-03-08 22:12:36.595547383+00:00,2026-03-08 22:12:36.595547383+00:00
BACKTESTER-001,OracleStrategy-000,MESM6.GLBX,GLBX-1-121,MESM6.GLBX-OracleStrategy-000,GLBX-001,GLBX-1-121,MARKET,BUY,1,GTC,False,False,1,TAKER,6681.0,0.0,['0.00 USD'],NO_TRIGGER,FILLED,NO_CONTINGENCY,,,,MY_GENERIC_ALGO,,O-20260308-221236-001-000-122,,0b65e6ab-a563-4942-ab6d-b7905fb279e8,2026-03-08 22:12:36.595547383+00:00,2026-03-08 22:12:36.595547383+00:00
BACKTESTER-001,OracleStrategy-000,MESM6.GLBX,GLBX-1-122,MESM6.GLBX-OracleStrategy-000,GLBX-001,GLBX-1-122,MARKET,SELL,1,GTC,True,False,1,TAKER,6680.25,0.0,['0.00 USD'],NO_TRIGGER,FILLED,NO_CONTINGENCY,,,,MY_GENERIC_ALGO,,O-20260308-221239-001-000-123,,4ec3bd02-49dd-46a6-b6a5-0dfa65df1859,2026-03-08 22:12:39.924388936+00:00,2026-03-08 22:12:39.924388936+00:00
BACKTESTER-001,OracleStrategy-000,MESM6.GLBX,GLBX-1-123,MESM6.GLBX-OracleStrategy-000,GLBX-001,GLBX-1-123,MARKET,SELL,1,GTC,False,False,1,TAKER,6680.25,0.0,['0.00 USD'],NO_TRIGGER,FILLED,NO_CONTINGENCY,,,,MY_GENERIC_ALGO,,O-20260308-221239-001-000-124,,b8ff1664-d9f7-487c-9375-342c0c67176b,2026-03-08 22:12:39.924388936+00:00,2026-03-08 22:12:39.924388936+00:00
BACKTESTER-001,OracleStrategy-000,MESM6.GLBX,GLBX-1-124,MESM6.GLBX-OracleStrategy-000,GLBX-001,GLBX-1-124,MARKET,BUY,1,GTC,True,False,1,TAKER,6681.0,0.0,['0.00 USD'],NO_TRIGGER,FILLED,NO_CONTINGENCY,,,,MY_GENERIC_ALGO,,O-20260308-221304-001-000-125,,e16f894c-2dd2-4eee-8275-d8166d38b4c6,2026-03-08 22:13:04.140026202+00:00,2026-03-08 22:13:04.140026202+00:00
BACKTESTER-001,OracleStrategy-000,MESM6.GLBX,GLBX-1-125,MESM6.GLBX-OracleStrategy-000,GLBX-001,GLBX-1-125,MARKET,BUY,1,GTC,False,False,1,TAKER,6681.0,0.0,['0.00 USD'],NO_TRIGGER,FILLED,NO_CONTINGENCY,,,,MY_GENERIC_ALGO,,O-20260308-221304-001-000-126,,12652f6c-ac7b-4f9a-b323-dbb9bcdb974a,2026-03-08 22:13:04.140026202+00:00,2026-03-08 22:13:04.140026202+00:00
BACKTESTER-001,OracleStrategy-000,MESM6.GLBX,GLBX-1-126,MESM6.GLBX-OracleStrategy-000,GLBX-001,GLBX-1-126,MARKET,SELL,1,GTC,True,False,1,TAKER,6680.25,0.0,['0.00 USD'],NO_TRIGGER,FILLED,NO_CONTINGENCY,,,,MY_GENERIC_ALGO,,O-20260308-221306-001-000-127,,6a2d73f8-8825-4eba-a1c9-e7fdce803ae8,2026-03-08 22:13:06.411328399+00:00,2026-03-08 22:13:06.411328399+00:00
BACKTESTER-001,OracleStrategy-000,MESM6.GLBX,GLBX-1-127,MESM6.GLBX-OracleStrategy-000,GLBX-001,GLBX-1-127,MARKET,SELL,1,GTC,False,False,1,TAKER,6680.25,0.0,['0.00 USD'],NO_TRIGGER,FILLED,NO_CONTINGENCY,,,,MY_GENERIC_ALGO,,O-20260308-221306-001-000-128,,def9b6c4-53dc-4b78-93da-1065ee12cb8b,2026-03-08 22:13:06.411328399+00:00,2026-03-08 22:13:06.411328399+00:00
BACKTESTER-001,OracleStrategy-000,MESM6.GLBX,GLBX-1-128,MESM6.GLBX-OracleStrategy-000,GLBX-001,GLBX-1-128,MARKET,BUY,1,GTC,True,False,1,TAKER,6681.75,0.0,['0.00 USD'],NO_TRIGGER,FILLED,NO_CONTINGENCY,,,,MY_GENERIC_ALGO,,O-20260308-221325-001-000-129,,03dff1cc-aeae-43e5-805d-b185311bef10,2026-03-08 22:13:25.193784189+00:00,2026-03-08 22:13:25.193784189+00:00
BACKTESTER-001,OracleStrategy-000,MESM6.GLBX,GLBX-1-129,MESM6.GLBX-OracleStrategy-000,GLBX-001,GLBX-1-129,MARKET,BUY,1,GTC,False,False,1,TAKER,6681.75,0.0,['0.00 USD'],NO_TRIGGER,FILLED,NO_CONTINGENCY,,,,MY_GENERIC_ALGO,,O-20260308-221325-001-000-130,,64e34027-0ff3-4843-a4e5-8d58d58bcdd2,2026-03-08 22:13:25.193784189+00:00,2026-03-08 22:13:25.193784189+00:00
BACKTESTER-001,OracleStrategy-000,MESM6.GLBX,GLBX-1-130,MESM6.GLBX-OracleStrategy-000,GLBX-001,GLBX-1-130,MARKET,SELL,1,GTC,True,False,1,TAKER,6682.25,0.0,['0.00 USD'],NO_TRIGGER,FILLED,NO_CONTINGENCY,,,,MY_GENERIC_ALGO,,O-20260308-221332-001-000-131,,a52eabda-41c7-45fb-b779-865f43803b4e,2026-03-08 22:13:32.056105923+00:00,2026-03-08 22:13:32.056105923+00:00
BACKTESTER-001,OracleStrategy-000,MESM6.GLBX,GLBX-1-131,MESM6.GLBX-OracleStrategy-000,GLBX-001,GLBX-1-131,MARKET,SELL,1,GTC,False,False,1,TAKER,6682.25,0.0,['0.00 USD'],NO_TRIGGER,FILLED,NO_CONTINGENCY,,,,MY_GENERIC_ALGO,,O-20260308-221332-001-000-132,,a09e4f09-ac1e-49ab-83ea-c163571df0f6,2026-03-08 22:13:32.056105923+00:00,2026-03-08 22:13:32.056105923+00:00
BACKTESTER-001,OracleStrategy-000,MESM6.GLBX,GLBX-1-132,MESM6.GLBX-OracleStrategy-000,GLBX-001,GLBX-1-132,MARKET,BUY,1,GTC,True,False,1,TAKER,6680.25,0.0,['0.00 USD'],NO_TRIGGER,FILLED,NO_CONTINGENCY,,,,MY_GENERIC_ALGO,,O-20260308-221336-001-000-133,,d8667ec1-7cb7-49fb-bf7a-cac3fca86190,2026-03-08 22:13:36.252080019+00:00,2026-03-08 22:13:36.252080019+00:00
BACKTESTER-001,OracleStrategy-000,MESM6.GLBX,GLBX-1-133,MESM6.GLBX-OracleStrategy-000,GLBX-001,GLBX-1-133,MARKET,BUY,1,GTC,False,False,1,TAKER,6680.25,0.0,['0.00 USD'],NO_TRIGGER,FILLED,NO_CONTINGENCY,,,,MY_GENERIC_ALGO,,O-20260308-221336-001-000-134,,9a985687-b017-4997-9d78-e59e79156135,2026-03-08 22:13:36.252080019+00:00,2026-03-08 22:13:36.252080019+00:00
BACKTESTER-001,OracleStrategy-000,MESM6.GLBX,GLBX-1-134,MESM6.GLBX-OracleStrategy-000,GLBX-001,GLBX-1-134,MARKET,SELL,1,GTC,True,False,1,TAKER,6680.5,0.0,['0.00 USD'],NO_TRIGGER,FILLED,NO_CONTINGENCY,,,,MY_GENERIC_ALGO,,O-20260308-221338-001-000-135,,663f188d-e730-4fb3-8a11-0e7cc3900a79,2026-03-08 22:13:38.987781738+00:00,2026-03-08 22:13:38.987781738+00:00
BACKTESTER-001,OracleStrategy-000,MESM6.GLBX,GLBX-1-135,MESM6.GLBX-OracleStrategy-000,GLBX-001,GLBX-1-135,MARKET,SELL,1,GTC,False,False,1,TAKER,6680.5,0.0,['0.00 USD'],NO_TRIGGER,FILLED,NO_CONTINGENCY,,,,MY_GENERIC_ALGO,,O-20260308-221338-001-000-136,,006cd785-7ca7-4ec7-9b12-75026ab1873f,2026-03-08 22:13:38.987781738+00:00,2026-03-08 22:13:38.987781738+00:00
BACKTESTER-001,OracleStrategy-000,MESM6.GLBX,GLBX-1-136,MESM6.GLBX-OracleStrategy-000,GLBX-001,GLBX-1-136,MARKET,BUY,1,GTC,True,False,1,TAKER,6678.75,0.0,['0.00 USD'],NO_TRIGGER,FILLED,NO_CONTINGENCY,,,,MY_GENERIC_ALGO,,O-20260308-221353-001-000-137,,7c1a83d2-6e89-4a57-8563-30e021a48b8a,2026-03-08 22:13:53.555443570+00:00,2026-03-08 22:13:53.555443570+00:00
BACKTESTER-001,OracleStrategy-000,MESM6.GLBX,GLBX-1-137,MESM6.GLBX-OracleStrategy-000,GLBX-001,GLBX-1-137,MARKET,BUY,1,GTC,False,False,1,TAKER,6678.75,0.0,['0.00 USD'],NO_TRIGGER,FILLED,NO_CONTINGENCY,,,,MY_GENERIC_ALGO,,O-20260308-221353-001-000-138,,3fc5c8d8-b0d1-48a7-bbef-9f7194bbdc1e,2026-03-08 22:13:53.555443570+00:00,2026-03-08 22:13:53.555443570+00:00
BACKTESTER-001,OracleStrategy-000,MESM6.GLBX,GLBX-1-138,MESM6.GLBX-OracleStrategy-000,GLBX-001,GLBX-1-138,MARKET,SELL,1,GTC,True,False,1,TAKER,6678.25,0.0,['0.00 USD'],NO_TRIGGER,FILLED,NO_CONTINGENCY,,,,MY_GENERIC_ALGO,,O-20260308-221406-001-000-139,,ff483e49-46e6-43af-82d1-ff36ecbd66ab,2026-03-08 22:14:06.280886914+00:00,2026-03-08 22:14:06.280886914+00:00
BACKTESTER-001,OracleStrategy-000,MESM6.GLBX,GLBX-1-139,MESM6.GLBX-OracleStrategy-000,GLBX-001,GLBX-1-139,MARKET,SELL,1,GTC,False,False,1,TAKER,6678.25,0.0,['0.00 USD'],NO_TRIGGER,FILLED,NO_CONTINGENCY,,,,MY_GENERIC_ALGO,,O-20260308-221406-001-000-140,,66db5700-a6f2-4ee8-bd4b-79b4ec4f4229,2026-03-08 22:14:06.280886914+00:00,2026-03-08 22:14:06.280886914+00:00
BACKTESTER-001,OracleStrategy-000,MESM6.GLBX,GLBX-1-140,MESM6.GLBX-OracleStrategy-000,GLBX-001,GLBX-1-140,MARKET,BUY,1,GTC,True,False,1,TAKER,6680.0,0.0,['0.00 USD'],NO_TRIGGER,FILLED,NO_CONTINGENCY,,,,MY_GENERIC_ALGO,,O-20260308-221413-001-000-141,,851bef9a-654d-4b03-b579-45e617fca0cf,2026-03-08 22:14:13.169005210+00:00,2026-03-08 22:14:13.169005210+00:00
BACKTESTER-001,OracleStrategy-000,MESM6.GLBX,GLBX-1-141,MESM6.GLBX-OracleStrategy-000,GLBX-001,GLBX-1-141,MARKET,BUY,1,GTC,False,False,1,TAKER,6680.0,0.0,['0.00 USD'],NO_TRIGGER,FILLED,NO_CONTINGENCY,,,,MY_GENERIC_ALGO,,O-20260308-221413-001-000-142,,39465fd7-298d-4f6d-880d-4cc8e171c74a,2026-03-08 22:14:13.169005210+00:00,2026-03-08 22:14:13.169005210+00:00
BACKTESTER-001,OracleStrategy-000,MESM6.GLBX,GLBX-1-142,MESM6.GLBX-OracleStrategy-000,GLBX-001,GLBX-1-142,MARKET,SELL,1,GTC,True,False,1,TAKER,6679.25,0.0,['0.00 USD'],NO_TRIGGER,FILLED,NO_CONTINGENCY,,,,MY_GENERIC_ALGO,,O-20260308-221424-001-000-143,,d10b440f-d7fa-461e-bcda-babf2af74675,2026-03-08 22:14:24.575823848+00:00,2026-03-08 22:14:24.575823848+00:00
BACKTESTER-001,OracleStrategy-000,MESM6.GLBX,GLBX-1-143,MESM6.GLBX-OracleStrategy-000,GLBX-001,GLBX-1-143,MARKET,SELL,1,GTC,False,False,1,TAKER,6679.25,0.0,['0.00 USD'],NO_TRIGGER,FILLED,NO_CONTINGENCY,,,,MY_GENERIC_ALGO,,O-20260308-221424-001-000-144,,b7a1fac4-03d2-4943-97b7-edab14b331dc,2026-03-08 22:14:24.575823848+00:00,2026-03-08 22:14:24.575823848+00:00
BACKTESTER-001,OracleStrategy-000,MESM6.GLBX,GLBX-1-144,MESM6.GLBX-OracleStrategy-000,GLBX-001,GLBX-1-144,MARKET,BUY,1,GTC,True,False,1,TAKER,6673.75,0.0,['0.00 USD'],NO_TRIGGER,FILLED,NO_CONTINGENCY,,,,MY_GENERIC_ALGO,,O-20260308-221439-001-000-145,,57306919-be85-4359-8027-f4799f6a6e8a,2026-03-08 22:14:39.037369067+00:00,2026-03-08 22:14:39.037369067+00:00
BACKTESTER-001,OracleStrategy-000,MESM6.GLBX,GLBX-1-145,MESM6.GLBX-OracleStrategy-000,GLBX-001,GLBX-1-145,MARKET,BUY,1,GTC,False,False,1,TAKER,6673.75,0.0,['0.00 USD'],NO_TRIGGER,FILLED,NO_CONTINGENCY,,,,MY_GENERIC_ALGO,,O-20260308-221439-001-000-146,,2db459cf-d607-4691-80c5-c43d4cc2c8e8,2026-03-08 22:14:39.037369067+00:00,2026-03-08 22:14:39.037369067+00:00
BACKTESTER-001,OracleStrategy-000,MESM6.GLBX,GLBX-1-146,MESM6.GLBX-OracleStrategy-000,GLBX-001,GLBX-1-146,MARKET,SELL,1,GTC,True,False,1,TAKER,6672.5,0.0,['0.00 USD'],NO_TRIGGER,FILLED,NO_CONTINGENCY,,,,MY_GENERIC_ALGO,,O-20260308-221442-001-000-147,,ce0208b2-f73c-465e-a093-ba26bc61b4ab,2026-03-08 22:14:42.611930911+00:00,2026-03-08 22:14:42.611930911+00:00
BACKTESTER-001,OracleStrategy-000,MESM6.GLBX,GLBX-1-147,MESM6.GLBX-OracleStrategy-000,GLBX-001,GLBX-1-147,MARKET,SELL,1,GTC,False,False,1,TAKER,6672.5,0.0,['0.00 USD'],NO_TRIGGER,FILLED,NO_CONTINGENCY,,,,MY_GENERIC_ALGO,,O-20260308-221442-001-000-148,,cfc5ba2e-10d8-4122-9ffa-7cfe351206d8,2026-03-08 22:14:42.611930911+00:00,2026-03-08 22:14:42.611930911+00:00
BACKTESTER-001,OracleStrategy-000,MESM6.GLBX,GLBX-1-148,MESM6.GLBX-OracleStrategy-000,GLBX-001,GLBX-1-148,MARKET,BUY,1,GTC,True,False,1,TAKER,6675.0,0.0,['0.00 USD'],NO_TRIGGER,FILLED,NO_CONTINGENCY,,,,MY_GENERIC_ALGO,,O-20260308-221508-001-000-149,,c085bb12-161f-4a0b-9c35-54f30d2c58f1,2026-03-08 22:15:08.458162141+00:00,2026-03-08 22:15:08.458162141+00:00
BACKTESTER-001,OracleStrategy-000,MESM6.GLBX,GLBX-1-149,MESM6.GLBX-OracleStrategy-000,GLBX-001,GLBX-1-149,MARKET,BUY,1,GTC,False,False,1,TAKER,6675.0,0.0,['0.00 USD'],NO_TRIGGER,FILLED,NO_CONTINGENCY,,,,MY_GENERIC_ALGO,,O-20260308-221508-001-000-150,,7669758a-97e3-4892-a46b-e74c457138b9,2026-03-08 22:15:08.458162141+00:00,2026-03-08 22:15:08.458162141+00:00
BACKTESTER-001,OracleStrategy-000,MESM6.GLBX,GLBX-1-150,MESM6.GLBX-OracleStrategy-000,GLBX-001,GLBX-1-150,MARKET,SELL,1,GTC,True,False,1,TAKER,6676.5,0.0,['0.00 USD'],NO_TRIGGER,FILLED,NO_CONTINGENCY,,,,MY_GENERIC_ALGO,,O-20260308-221526-001-000-151,,6cd4a635-4684-4ed0-b2a8-2d94d0a7a705,2026-03-08 22:15:26.387389627+00:00,2026-03-08 22:15:26.387389627+00:00
BACKTESTER-001,OracleStrategy-000,MESM6.GLBX,GLBX-1-151,MESM6.GLBX-OracleStrategy-000,GLBX-001,GLBX-1-151,MARKET,SELL,1,GTC,False,False,1,TAKER,6676.5,0.0,['0.00 USD'],NO_TRIGGER,FILLED,NO_CONTINGENCY,,,,MY_GENERIC_ALGO,,O-20260308-221526-001-000-152,,264153c1-7486-4fb8-b6ff-21df3a43ffe1,2026-03-08 22:15:26.387389627+00:00,2026-03-08 22:15:26.387389627+00:00
BACKTESTER-001,OracleStrategy-000,MESM6.GLBX,GLBX-1-152,MESM6.GLBX-OracleStrategy-000,GLBX-001,GLBX-1-152,MARKET,BUY,1,GTC,True,False,1,TAKER,6680.0,0.0,['0.00 USD'],NO_TRIGGER,FILLED,NO_CONTINGENCY,,,,MY_GENERIC_ALGO,,O-20260308-221556-001-000-153,,54f54127-1f53-4c08-9970-1693521f94b6,2026-03-08 22:15:56.973836356+00:00,2026-03-08 22:15:56.973836356+00:00
BACKTESTER-001,OracleStrategy-000,MESM6.GLBX,GLBX-1-153,MESM6.GLBX-OracleStrategy-000,GLBX-001,GLBX-1-153,MARKET,BUY,1,GTC,False,False,1,TAKER,6680.0,0.0,['0.00 USD'],NO_TRIGGER,FILLED,NO_CONTINGENCY,,,,MY_GENERIC_ALGO,,O-20260308-221556-001-000-154,,ca8274cd-32ce-4a44-bc9a-90db1c892d70,2026-03-08 22:15:56.973836356+00:00,2026-03-08 22:15:56.973836356+00:00
BACKTESTER-001,OracleStrategy-000,MESM6.GLBX,GLBX-1-154,MESM6.GLBX-OracleStrategy-000,GLBX-001,GLBX-1-154,MARKET,SELL,1,GTC,True,False,1,TAKER,6681.5,0.0,['0.00 USD'],NO_TRIGGER,FILLED,NO_CONTINGENCY,,,,MY_GENERIC_ALGO,,O-20260308-221611-001-000-155,,038233c4-c2a1-4b21-93eb-20e4fbdbe90e,2026-03-08 22:16:11.809371083+00:00,2026-03-08 22:16:11.809371083+00:00
BACKTESTER-001,OracleStrategy-000,MESM6.GLBX,GLBX-1-155,MESM6.GLBX-OracleStrategy-000,GLBX-001,GLBX-1-155,MARKET,SELL,1,GTC,False,False,1,TAKER,6681.5,0.0,['0.00 USD'],NO_TRIGGER,FILLED,NO_CONTINGENCY,,,,MY_GENERIC_ALGO,,O-20260308-221611-001-000-156,,68541e1e-dd36-4904-8382-a02b9eb361b6,2026-03-08 22:16:11.809371083+00:00,2026-03-08 22:16:11.809371083+00:00
BACKTESTER-001,OracleStrategy-000,MESM6.GLBX,GLBX-1-156,MESM6.GLBX-OracleStrategy-000,GLBX-001,GLBX-1-156,MARKET,BUY,1,GTC,True,False,1,TAKER,6682.0,0.0,['0.00 USD'],NO_TRIGGER,FILLED,NO_CONTINGENCY,,,,MY_GENERIC_ALGO,,O-20260308-221615-001-000-157,,c1167b20-acc4-45c3-9b2f-82558575424c,2026-03-08 22:16:15.156340853+00:00,2026-03-08 22:16:15.156340853+00:00
BACKTESTER-001,OracleStrategy-000,MESM6.GLBX,GLBX-1-157,MESM6.GLBX-OracleStrategy-000,GLBX-001,GLBX-1-157,MARKET,BUY,1,GTC,False,False,1,TAKER,6682.0,0.0,['0.00 USD'],NO_TRIGGER,FILLED,NO_CONTINGENCY,,,,MY_GENERIC_ALGO,,O-20260308-221615-001-000-158,,688db49a-4556-433f-8382-6a3f91492f29,2026-03-08 22:16:15.156340853+00:00,2026-03-08 22:16:15.156340853+00:00
BACKTESTER-001,OracleStrategy-000,MESM6.GLBX,GLBX-1-158,MESM6.GLBX-OracleStrategy-000,GLBX-001,GLBX-1-158,MARKET,SELL,1,GTC,True,False,1,TAKER,6681.75,0.0,['0.00 USD'],NO_TRIGGER,FILLED,NO_CONTINGENCY,,,,MY_GENERIC_ALGO,,O-20260308-221618-001-000-159,,7f460ca7-3d23-4d6d-a4b1-e1cd581ba96e,2026-03-08 22:16:18.977488067+00:00,2026-03-08 22:16:18.977488067+00:00
BACKTESTER-001,OracleStrategy-000,MESM6.GLBX,GLBX-1-159,MESM6.GLBX-OracleStrategy-000,GLBX-001,GLBX-1-159,MARKET,SELL,1,GTC,False,False,1,TAKER,6681.75,0.0,['0.00 USD'],NO_TRIGGER,FILLED,NO_CONTINGENCY,,,,MY_GENERIC_ALGO,,O-20260308-221618-001-000-160,,82ec4e18-4a2c-4f81-bb48-32812e1dfbdc,2026-03-08 22:16:18.977488067+00:00,2026-03-08 22:16:18.977488067+00:00
BACKTESTER-001,OracleStrategy-000,MESM6.GLBX,GLBX-1-160,MESM6.GLBX-OracleStrategy-000,GLBX-001,GLBX-1-160,MARKET,BUY,1,GTC,True,False,1,TAKER,6680.75,0.0,['0.00 USD'],NO_TRIGGER,FILLED,NO_CONTINGENCY,,,,MY_GENERIC_ALGO,,O-20260308-221629-001-000-161,,b3b3dbad-12cf-4693-acd2-4b00957372bc,2026-03-08 22:16:29.679424605+00:00,2026-03-08 22:16:29.679424605+00:00
BACKTESTER-001,OracleStrategy-000,MESM6.GLBX,GLBX-1-161,MESM6.GLBX-OracleStrategy-000,GLBX-001,GLBX-1-161,MARKET,BUY,1,GTC,False,False,1,TAKER,6680.75,0.0,['0.00 USD'],NO_TRIGGER,FILLED,NO_CONTINGENCY,,,,MY_GENERIC_ALGO,,O-20260308-221629-001-000-162,,c769d8f7-ad2a-41be-8a27-1b6571a3831f,2026-03-08 22:16:29.679424605+00:00,2026-03-08 22:16:29.679424605+00:00
BACKTESTER-001,OracleStrategy-000,MESM6.GLBX,GLBX-1-162,MESM6.GLBX-OracleStrategy-000,GLBX-001,GLBX-1-162,MARKET,SELL,1,GTC,True,False,1,TAKER,6684.0,0.0,['0.00 USD'],NO_TRIGGER,FILLED,NO_CONTINGENCY,,,,MY_GENERIC_ALGO,,O-20260308-221705-001-000-163,,5924f824-5dd8-424d-ba73-89c2d8450ddb,2026-03-08 22:17:05.470709456+00:00,2026-03-08 22:17:05.470709456+00:00
BACKTESTER-001,OracleStrategy-000,MESM6.GLBX,GLBX-1-163,MESM6.GLBX-OracleStrategy-000,GLBX-001,GLBX-1-163,MARKET,SELL,1,GTC,False,False,1,TAKER,6684.0,0.0,['0.00 USD'],NO_TRIGGER,FILLED,NO_CONTINGENCY,,,,MY_GENERIC_ALGO,,O-20260308-221705-001-000-164,,d6a407c1-39a3-4e0b-a87a-11a3ee1848fc,2026-03-08 22:17:05.470709456+00:00,2026-03-08 22:17:05.470709456+00:00
BACKTESTER-001,OracleStrategy-000,MESM6.GLBX,GLBX-1-164,MESM6.GLBX-OracleStrategy-000,GLBX-001,GLBX-1-164,MARKET,BUY,1,GTC,True,False,1,TAKER,6684.75,0.0,['0.00 USD'],NO_TRIGGER,FILLED,NO_CONTINGENCY,,,,MY_GENERIC_ALGO,,O-20260308-221708-001-000-165,,d34c1b5d-ba83-40ed-9168-21a7a1d3bfec,2026-03-08 22:17:08.995810891+00:00,2026-03-08 22:17:08.995810891+00:00
BACKTESTER-001,OracleStrategy-000,MESM6.GLBX,GLBX-1-165,MESM6.GLBX-OracleStrategy-000,GLBX-001,GLBX-1-165,MARKET,BUY,1,GTC,False,False,1,TAKER,6684.75,0.0,['0.00 USD'],NO_TRIGGER,FILLED,NO_CONTINGENCY,,,,MY_GENERIC_ALGO,,O-20260308-221708-001-000-166,,d37ab0a3-e81f-4050-98b5-e7d9269965ee,2026-03-08 22:17:08.995810891+00:00,2026-03-08 22:17:08.995810891+00:00
BACKTESTER-001,OracleStrategy-000,MESM6.GLBX,GLBX-1-166,MESM6.GLBX-OracleStrategy-000,GLBX-001,GLBX-1-166,MARKET,SELL,1,GTC,True,False,1,TAKER,6683.75,0.0,['0.00 USD'],NO_TRIGGER,FILLED,NO_CONTINGENCY,,,,MY_GENERIC_ALGO,,O-20260308-221711-001-000-167,,4126543d-3f3a-4495-aef9-1c5d4ccfc298,2026-03-08 22:17:11.985464903+00:00,2026-03-08 22:17:11.985464903+00:00
BACKTESTER-001,OracleStrategy-000,MESM6.GLBX,GLBX-1-167,MESM6.GLBX-OracleStrategy-000,GLBX-001,GLBX-1-167,MARKET,SELL,1,GTC,False,False,1,TAKER,6683.75,0.0,['0.00 USD'],NO_TRIGGER,FILLED,NO_CONTINGENCY,,,,MY_GENERIC_ALGO,,O-20260308-221711-001-000-168,,5e89151f-e42a-40f2-b6b8-75ed4e5366b5,2026-03-08 22:17:11.985464903+00:00,2026-03-08 22:17:11.985464903+00:00
BACKTESTER-001,OracleStrategy-000,MESM6.GLBX,GLBX-1-168,MESM6.GLBX-OracleStrategy-000,GLBX-001,GLBX-1-168,MARKET,BUY,1,GTC,True,False,1,TAKER,6685.25,0.0,['0.00 USD'],NO_TRIGGER,FILLED,NO_CONTINGENCY,,,,MY_GENERIC_ALGO,,O-20260308-221722-001-000-169,,8317cd6f-61f0-400e-bcbe-a2f2bab7432b,2026-03-08 22:17:22.644388261+00:00,2026-03-08 22:17:22.644388261+00:00
BACKTESTER-001,OracleStrategy-000,MESM6.GLBX,GLBX-1-169,MESM6.GLBX-OracleStrategy-000,GLBX-001,GLBX-1-169,MARKET,BUY,1,GTC,False,False,1,TAKER,6685.25,0.0,['0.00 USD'],NO_TRIGGER,FILLED,NO_CONTINGENCY,,,,MY_GENERIC_ALGO,,O-20260308-221722-001-000-170,,1c7e2606-c258-49a4-a204-adfc502e15cd,2026-03-08 22:17:22.644388261+00:00,2026-03-08 22:17:22.644388261+00:00
BACKTESTER-001,OracleStrategy-000,MESM6.GLBX,GLBX-1-170,MESM6.GLBX-OracleStrategy-000,GLBX-001,GLBX-1-170,MARKET,SELL,1,GTC,True,False,1,TAKER,6684.25,0.0,['0.00 USD'],NO_TRIGGER,FILLED,NO_CONTINGENCY,,,,MY_GENERIC_ALGO,,O-20260308-221731-001-000-171,,883635f6-76f9-40d5-a4bf-bd57765d8641,2026-03-08 22:17:31.809771179+00:00,2026-03-08 22:17:31.809771179+00:00
BACKTESTER-001,OracleStrategy-000,MESM6.GLBX,GLBX-1-171,MESM6.GLBX-OracleStrategy-000,GLBX-001,GLBX-1-171,MARKET,SELL,1,GTC,False,False,1,TAKER,6684.25,0.0,['0.00 USD'],NO_TRIGGER,FILLED,NO_CONTINGENCY,,,,MY_GENERIC_ALGO,,O-20260308-221731-001-000-172,,3d641a08-d417-452f-af04-70808a098262,2026-03-08 22:17:31.809771179+00:00,2026-03-08 22:17:31.809771179+00:00
BACKTESTER-001,OracleStrategy-000,MESM6.GLBX,GLBX-1-172,MESM6.GLBX-OracleStrategy-000,GLBX-001,GLBX-1-172,MARKET,BUY,1,GTC,True,False,1,TAKER,6684.75,0.0,['0.00 USD'],NO_TRIGGER,FILLED,NO_CONTINGENCY,,,,MY_GENERIC_ALGO,,O-20260308-221804-001-000-173,,54b24152-55b1-4757-b85d-8692f32938de,2026-03-08 22:18:04.127558093+00:00,2026-03-08 22:18:04.127558093+00:00
BACKTESTER-001,OracleStrategy-000,MESM6.GLBX,GLBX-1-173,MESM6.GLBX-OracleStrategy-000,GLBX-001,GLBX-1-173,MARKET,BUY,1,GTC,False,False,1,TAKER,6684.75,0.0,['0.00 USD'],NO_TRIGGER,FILLED,NO_CONTINGENCY,,,,MY_GENERIC_ALGO,,O-20260308-221804-001-000-174,,9724ddf2-4180-4ada-b023-ca58163e30b1,2026-03-08 22:18:04.127558093+00:00,2026-03-08 22:18:04.127558093+00:00
BACKTESTER-001,OracleStrategy-000,MESM6.GLBX,GLBX-1-174,MESM6.GLBX-OracleStrategy-000,GLBX-001,GLBX-1-174,MARKET,SELL,1,GTC,True,False,1,TAKER,6681.75,0.0,['0.00 USD'],NO_TRIGGER,FILLED,NO_CONTINGENCY,,,,MY_GENERIC_ALGO,,O-20260308-221822-001-000-175,,c566cc4f-8cc0-46e4-8964-30c538509656,2026-03-08 22:18:22.824278858+00:00,2026-03-08 22:18:22.824278858+00:00
BACKTESTER-001,OracleStrategy-000,MESM6.GLBX,GLBX-1-175,MESM6.GLBX-OracleStrategy-000,GLBX-001,GLBX-1-175,MARKET,SELL,1,GTC,False,False,1,TAKER,6681.75,0.0,['0.00 USD'],NO_TRIGGER,FILLED,NO_CONTINGENCY,,,,MY_GENERIC_ALGO,,O-20260308-221822-001-000-176,,0dfce199-02c6-4f1c-a9d7-b5a1c2ab8caa,2026-03-08 22:18:22.824278858+00:00,2026-03-08 22:18:22.824278858+00:00
BACKTESTER-001,OracleStrategy-000,MESM6.GLBX,GLBX-1-176,MESM6.GLBX-OracleStrategy-000,GLBX-001,GLBX-1-176,MARKET,BUY,1,GTC,True,False,1,TAKER,6683.0,0.0,['0.00 USD'],NO_TRIGGER,FILLED,NO_CONTINGENCY,,,,MY_GENERIC_ALGO,,O-20260308-221824-001-000-177,,20a45a27-dbb2-43d7-8c04-70050bb33379,2026-03-08 22:18:24.584768667+00:00,2026-03-08 22:18:24.584768667+00:00
BACKTESTER-001,OracleStrategy-000,MESM6.GLBX,GLBX-1-177,MESM6.GLBX-OracleStrategy-000,GLBX-001,GLBX-1-177,MARKET,BUY,1,GTC,False,False,1,TAKER,6683.0,0.0,['0.00 USD'],NO_TRIGGER,FILLED,NO_CONTINGENCY,,,,MY_GENERIC_ALGO,,O-20260308-221824-001-000-178,,663f1de0-8caf-454b-aac5-9fd813227e31,2026-03-08 22:18:24.584768667+00:00,2026-03-08 22:18:24.584768667+00:00
BACKTESTER-001,OracleStrategy-000,MESM6.GLBX,GLBX-1-178,MESM6.GLBX-OracleStrategy-000,GLBX-001,GLBX-1-178,MARKET,SELL,1,GTC,True,False,1,TAKER,6684.0,0.0,['0.00 USD'],NO_TRIGGER,FILLED,NO_CONTINGENCY,,,,MY_GENERIC_ALGO,,O-20260308-221846-001-000-179,,d2dc57d3-9557-4cb7-9d0c-6bbe72b6756f,2026-03-08 22:18:46.771348096+00:00,2026-03-08 22:18:46.771348096+00:00
BACKTESTER-001,OracleStrategy-000,MESM6.GLBX,GLBX-1-179,MESM6.GLBX-OracleStrategy-000,GLBX-001,GLBX-1-179,MARKET,SELL,1,GTC,False,False,1,TAKER,6684.0,0.0,['0.00 USD'],NO_TRIGGER,FILLED,NO_CONTINGENCY,,,,MY_GENERIC_ALGO,,O-20260308-221846-001-000-180,,63932e7d-88db-42f1-8f60-445e00f21857,2026-03-08 22:18:46.771348096+00:00,2026-03-08 22:18:46.771348096+00:00
BACKTESTER-001,OracleStrategy-000,MESM6.GLBX,GLBX-1-180,MESM6.GLBX-OracleStrategy-000,GLBX-001,GLBX-1-180,MARKET,BUY,1,GTC,True,False,1,TAKER,6683.0,0.0,['0.00 USD'],NO_TRIGGER,FILLED,NO_CONTINGENCY,,,,MY_GENERIC_ALGO,,O-20260308-221848-001-000-181,,afcf8ad4-3b5d-4ff4-9f6a-23ccc4df9ed2,2026-03-08 22:18:48.483518434+00:00,2026-03-08 22:18:48.483518434+00:00
BACKTESTER-001,OracleStrategy-000,MESM6.GLBX,GLBX-1-181,MESM6.GLBX-OracleStrategy-000,GLBX-001,GLBX-1-181,MARKET,BUY,1,GTC,False,False,1,TAKER,6683.0,0.0,['0.00 USD'],NO_TRIGGER,FILLED,NO_CONTINGENCY,,,,MY_GENERIC_ALGO,,O-20260308-221848-001-000-182,,4ccfdb17-02a0-47c9-8ac8-fe4f81d345fe,2026-03-08 22:18:48.483518434+00:00,2026-03-08 22:18:48.483518434+00:00
BACKTESTER-001,OracleStrategy-000,MESM6.GLBX,GLBX-1-182,MESM6.GLBX-OracleStrategy-000,GLBX-001,GLBX-1-182,MARKET,SELL,1,GTC,True,False,1,TAKER,6683.0,0.0,['0.00 USD'],NO_TRIGGER,FILLED,NO_CONTINGENCY,,,,MY_GENERIC_ALGO,,O-20260308-221850-001-000-183,,0188849c-0257-4721-ae4f-f3aeef908d21,2026-03-08 22:18:50.863781474+00:00,2026-03-08 22:18:50.863781474+00:00
BACKTESTER-001,OracleStrategy-000,MESM6.GLBX,GLBX-1-183,MESM6.GLBX-OracleStrategy-000,GLBX-001,GLBX-1-183,MARKET,SELL,1,GTC,False,False,1,TAKER,6683.0,0.0,['0.00 USD'],NO_TRIGGER,FILLED,NO_CONTINGENCY,,,,MY_GENERIC_ALGO,,O-20260308-221850-001-000-184,,f182d16f-9eff-451d-8fe2-f1cc9237a44f,2026-03-08 22:18:50.863781474+00:00,2026-03-08 22:18:50.863781474+00:00
BACKTESTER-001,OracleStrategy-000,MESM6.GLBX,GLBX-1-184,MESM6.GLBX-OracleStrategy-000,GLBX-001,GLBX-1-184,MARKET,BUY,1,GTC,True,False,1,TAKER,6684.0,0.0,['0.00 USD'],NO_TRIGGER,FILLED,NO_CONTINGENCY,,,,MY_GENERIC_ALGO,,O-20260308-221915-001-000-185,,a4e50503-478f-4afd-9f55-a1513d3089d2,2026-03-08 22:19:15.185229104+00:00,2026-03-08 22:19:15.185229104+00:00
BACKTESTER-001,OracleStrategy-000,MESM6.GLBX,GLBX-1-185,MESM6.GLBX-OracleStrategy-000,GLBX-001,GLBX-1-185,MARKET,BUY,1,GTC,False,False,1,TAKER,6684.0,0.0,['0.00 USD'],NO_TRIGGER,FILLED,NO_CONTINGENCY,,,,MY_GENERIC_ALGO,,O-20260308-221915-001-000-186,,7475f221-e512-453c-9c6d-3cd58559df42,2026-03-08 22:19:15.185229104+00:00,2026-03-08 22:19:15.185229104+00:00
BACKTESTER-001,OracleStrategy-000,MESM6.GLBX,GLBX-1-186,MESM6.GLBX-OracleStrategy-000,GLBX-001,GLBX-1-186,MARKET,SELL,1,GTC,True,False,1,TAKER,6684.5,0.0,['0.00 USD'],NO_TRIGGER,FILLED,NO_CONTINGENCY,,,,MY_GENERIC_ALGO,,O-20260308-221922-001-000-187,,142abc0e-344a-4d56-9d9b-26b24adc8d2b,2026-03-08 22:19:22.847149464+00:00,2026-03-08 22:19:22.847149464+00:00
BACKTESTER-001,OracleStrategy-000,MESM6.GLBX,GLBX-1-187,MESM6.GLBX-OracleStrategy-000,GLBX-001,GLBX-1-187,MARKET,SELL,1,GTC,False,False,1,TAKER,6684.5,0.0,['0.00 USD'],NO_TRIGGER,FILLED,NO_CONTINGENCY,,,,MY_GENERIC_ALGO,,O-20260308-221922-001-000-188,,52e76d68-0a38-4678-a82f-31fde649a49f,2026-03-08 22:19:22.847149464+00:00,2026-03-08 22:19:22.847149464+00:00
BACKTESTER-001,OracleStrategy-000,MESM6.GLBX,GLBX-1-188,MESM6.GLBX-OracleStrategy-000,GLBX-001,GLBX-1-188,MARKET,BUY,1,GTC,True,False,1,TAKER,6684.25,0.0,['0.00 USD'],NO_TRIGGER,FILLED,NO_CONTINGENCY,,,,MY_GENERIC_ALGO,,O-20260308-221931-001-000-189,,b6926bb7-c259-451d-8ded-778516009331,2026-03-08 22:19:31.789848363+00:00,2026-03-08 22:19:31.789848363+00:00
BACKTESTER-001,OracleStrategy-000,MESM6.GLBX,GLBX-1-189,MESM6.GLBX-OracleStrategy-000,GLBX-001,GLBX-1-189,MARKET,BUY,1,GTC,False,False,1,TAKER,6684.25,0.0,['0.00 USD'],NO_TRIGGER,FILLED,NO_CONTINGENCY,,,,MY_GENERIC_ALGO,,O-20260308-221931-001-000-190,,7203f256-2723-49a6-8043-52080582177e,2026-03-08 22:19:31.789848363+00:00,2026-03-08 22:19:31.789848363+00:00
BACKTESTER-001,OracleStrategy-000,MESM6.GLBX,GLBX-1-190,MESM6.GLBX-OracleStrategy-000,GLBX-001,GLBX-1-190,MARKET,SELL,1,GTC,True,False,1,TAKER,6685.0,0.0,['0.00 USD'],NO_TRIGGER,FILLED,NO_CONTINGENCY,,,,MY_GENERIC_ALGO,,O-20260308-222008-001-000-191,,de664dbd-f2f4-49bc-8f55-220df9e33cf0,2026-03-08 22:20:08.359356232+00:00,2026-03-08 22:20:08.359356232+00:00
BACKTESTER-001,OracleStrategy-000,MESM6.GLBX,GLBX-1-191,MESM6.GLBX-OracleStrategy-000,GLBX-001,GLBX-1-191,MARKET,SELL,1,GTC,False,False,1,TAKER,6685.0,0.0,['0.00 USD'],NO_TRIGGER,FILLED,NO_CONTINGENCY,,,,MY_GENERIC_ALGO,,O-20260308-222008-001-000-192,,fbfe818f-d3a4-4a0a-bf03-57b9d37d972f,2026-03-08 22:20:08.359356232+00:00,2026-03-08 22:20:08.359356232+00:00
BACKTESTER-001,OracleStrategy-000,MESM6.GLBX,GLBX-1-192,MESM6.GLBX-OracleStrategy-000,GLBX-001,GLBX-1-192,MARKET,BUY,1,GTC,True,False,1,TAKER,6686.25,0.0,['0.00 USD'],NO_TRIGGER,FILLED,NO_CONTINGENCY,,,,MY_GENERIC_ALGO,,O-20260308-222021-001-000-193,,b60b1dda-869f-4076-ab94-6a7b896d7657,2026-03-08 22:20:21.089405919+00:00,2026-03-08 22:20:21.089405919+00:00
BACKTESTER-001,OracleStrategy-000,MESM6.GLBX,GLBX-1-193,MESM6.GLBX-OracleStrategy-000,GLBX-001,GLBX-1-193,MARKET,BUY,1,GTC,False,False,1,TAKER,6686.25,0.0,['0.00 USD'],NO_TRIGGER,FILLED,NO_CONTINGENCY,,,,MY_GENERIC_ALGO,,O-20260308-222021-001-000-194,,c5a93016-dd17-4b42-802b-72fee040b973,2026-03-08 22:20:21.089405919+00:00,2026-03-08 22:20:21.089405919+00:00
BACKTESTER-001,OracleStrategy-000,MESM6.GLBX,GLBX-1-194,MESM6.GLBX-OracleStrategy-000,GLBX-001,GLBX-1-194,MARKET,SELL,1,GTC,True,False,1,TAKER,6686.75,0.0,['0.00 USD'],NO_TRIGGER,FILLED,NO_CONTINGENCY,,,,MY_GENERIC_ALGO,,O-20260308-222024-001-000-195,,e0cb8aa3-40d2-4dc3-84b7-01a606028f95,2026-03-08 22:20:24.662803951+00:00,2026-03-08 22:20:24.662803951+00:00
BACKTESTER-001,OracleStrategy-000,MESM6.GLBX,GLBX-1-195,MESM6.GLBX-OracleStrategy-000,GLBX-001,GLBX-1-195,MARKET,SELL,1,GTC,False,False,1,TAKER,6686.75,0.0,['0.00 USD'],NO_TRIGGER,FILLED,NO_CONTINGENCY,,,,MY_GENERIC_ALGO,,O-20260308-222024-001-000-196,,3b9bc191-8ce1-408b-8169-1d3a5ccc2ad4,2026-03-08 22:20:24.662803951+00:00,2026-03-08 22:20:24.662803951+00:00
BACKTESTER-001,OracleStrategy-000,MESM6.GLBX,GLBX-1-196,MESM6.GLBX-OracleStrategy-000,GLBX-001,GLBX-1-196,MARKET,BUY,1,GTC,True,False,1,TAKER,6687.75,0.0,['0.00 USD'],NO_TRIGGER,FILLED,NO_CONTINGENCY,,,,MY_GENERIC_ALGO,,O-20260308-222028-001-000-197,,aea4c3a5-77df-4475-a880-19bfb085cc19,2026-03-08 22:20:28.222032682+00:00,2026-03-08 22:20:28.222032682+00:00
BACKTESTER-001,OracleStrategy-000,MESM6.GLBX,GLBX-1-197,MESM6.GLBX-OracleStrategy-000,GLBX-001,GLBX-1-197,MARKET,BUY,1,GTC,False,False,1,TAKER,6687.75,0.0,['0.00 USD'],NO_TRIGGER,FILLED,NO_CONTINGENCY,,,,MY_GENERIC_ALGO,,O-20260308-222028-001-000-198,,8e452c47-4e03-4d54-bbbf-a9ce4ef8420b,2026-03-08 22:20:28.222032682+00:00,2026-03-08 22:20:28.222032682+00:00
BACKTESTER-001,OracleStrategy-000,MESM6.GLBX,GLBX-1-198,MESM6.GLBX-OracleStrategy-000,GLBX-001,GLBX-1-198,MARKET,SELL,1,GTC,True,False,1,TAKER,6692.0,0.0,['0.00 USD'],NO_TRIGGER,FILLED,NO_CONTINGENCY,,,,MY_GENERIC_ALGO,,O-20260308-222035-001-000-199,,29abcacd-e1e6-4923-ba53-7bb16a421810,2026-03-08 22:20:35.111645470+00:00,2026-03-08 22:20:35.111645470+00:00
BACKTESTER-001,OracleStrategy-000,MESM6.GLBX,GLBX-1-199,MESM6.GLBX-OracleStrategy-000,GLBX-001,GLBX-1-199,MARKET,SELL,1,GTC,False,False,1,TAKER,6692.0,0.0,['0.00 USD'],NO_TRIGGER,FILLED,NO_CONTINGENCY,,,,MY_GENERIC_ALGO,,O-20260308-222035-001-000-200,,24a2d958-4284-40bf-bf04-7fd61880dd49,2026-03-08 22:20:35.111645470+00:00,2026-03-08 22:20:35.111645470+00:00
BACKTESTER-001,OracleStrategy-000,MESM6.GLBX,GLBX-1-200,MESM6.GLBX-OracleStrategy-000,GLBX-001,GLBX-1-200,MARKET,BUY,1,GTC,True,False,1,TAKER,6688.0,0.0,['0.00 USD'],NO_TRIGGER,FILLED,NO_CONTINGENCY,,,,MY_GENERIC_ALGO,,O-20260308-222038-001-000-201,,1b1b3e4b-5f8c-4e5b-909b-99992998ff20,2026-03-08 22:20:38.377386490+00:00,2026-03-08 22:20:38.377386490+00:00
BACKTESTER-001,OracleStrategy-000,MESM6.GLBX,GLBX-1-201,MESM6.GLBX-OracleStrategy-000,GLBX-001,GLBX-1-201,MARKET,BUY,1,GTC,False,False,1,TAKER,6688.0,0.0,['0.00 USD'],NO_TRIGGER,FILLED,NO_CONTINGENCY,,,,MY_GENERIC_ALGO,,O-20260308-222038-001-000-202,,81a9880b-7431-40e0-853c-7a91ddf6f3e4,2026-03-08 22:20:38.377386490+00:00,2026-03-08 22:20:38.377386490+00:00
BACKTESTER-001,OracleStrategy-000,MESM6.GLBX,GLBX-1-202,MESM6.GLBX-OracleStrategy-000,GLBX-001,GLBX-1-202,MARKET,SELL,1,GTC,True,False,1,TAKER,6686.25,0.0,['0.00 USD'],NO_TRIGGER,FILLED,NO_CONTINGENCY,,,,MY_GENERIC_ALGO,,O-20260308-222043-001-000-203,,f3e59f40-902f-4465-a35d-c7a7aca963cf,2026-03-08 22:20:43.572321008+00:00,2026-03-08 22:20:43.572321008+00:00
BACKTESTER-001,OracleStrategy-000,MESM6.GLBX,GLBX-1-203,MESM6.GLBX-OracleStrategy-000,GLBX-001,GLBX-1-203,MARKET,SELL,1,GTC,False,False,1,TAKER,6686.25,0.0,['0.00 USD'],NO_TRIGGER,FILLED,NO_CONTINGENCY,,,,MY_GENERIC_ALGO,,O-20260308-222043-001-000-204,,b7bc1da6-1ec1-4894-b6e8-e1e5144c8073,2026-03-08 22:20:43.572321008+00:00,2026-03-08 22:20:43.572321008+00:00
BACKTESTER-001,OracleStrategy-000,MESM6.GLBX,GLBX-1-204,MESM6.GLBX-OracleStrategy-000,GLBX-001,GLBX-1-204,MARKET,BUY,1,GTC,True,False,1,TAKER,6686.5,0.0,['0.00 USD'],NO_TRIGGER,FILLED,NO_CONTINGENCY,,,,MY_GENERIC_ALGO,,O-20260308-222057-001-000-205,,ac02a8fb-c64b-4c86-9d5f-2e7b670ebb6c,2026-03-08 22:20:57.668330156+00:00,2026-03-08 22:20:57.668330156+00:00
BACKTESTER-001,OracleStrategy-000,MESM6.GLBX,GLBX-1-205,MESM6.GLBX-OracleStrategy-000,GLBX-001,GLBX-1-205,MARKET,BUY,1,GTC,False,False,1,TAKER,6686.5,0.0,['0.00 USD'],NO_TRIGGER,FILLED,NO_CONTINGENCY,,,,MY_GENERIC_ALGO,,O-20260308-222057-001-000-206,,90edf195-812f-41e3-86df-2e80a0b637b7,2026-03-08 22:20:57.668330156+00:00,2026-03-08 22:20:57.668330156+00:00
BACKTESTER-001,OracleStrategy-000,MESM6.GLBX,GLBX-1-206,MESM6.GLBX-OracleStrategy-000,GLBX-001,GLBX-1-206,MARKET,SELL,1,GTC,True,False,1,TAKER,6687.0,0.0,['0.00 USD'],NO_TRIGGER,FILLED,NO_CONTINGENCY,,,,MY_GENERIC_ALGO,,O-20260308-222102-001-000-207,,f67a78e3-a2fb-4b83-812a-b6a6cfc807cf,2026-03-08 22:21:02.592598407+00:00,2026-03-08 22:21:02.592598407+00:00
BACKTESTER-001,OracleStrategy-000,MESM6.GLBX,GLBX-1-207,MESM6.GLBX-OracleStrategy-000,GLBX-001,GLBX-1-207,MARKET,SELL,1,GTC,False,False,1,TAKER,6687.0,0.0,['0.00 USD'],NO_TRIGGER,FILLED,NO_CONTINGENCY,,,,MY_GENERIC_ALGO,,O-20260308-222102-001-000-208,,7cab4d50-d62b-454a-add4-1e091316ec1e,2026-03-08 22:21:02.592598407+00:00,2026-03-08 22:21:02.592598407+00:00
BACKTESTER-001,OracleStrategy-000,MESM6.GLBX,GLBX-1-208,MESM6.GLBX-OracleStrategy-000,GLBX-001,GLBX-1-208,MARKET,BUY,1,GTC,True,False,1,TAKER,6692.0,0.0,['0.00 USD'],NO_TRIGGER,FILLED,NO_CONTINGENCY,,,,MY_GENERIC_ALGO,,O-20260308-222104-001-000-209,,e0ec4d4c-a378-46d4-9a0b-8e0c6278eab0,2026-03-08 22:21:04.202620706+00:00,2026-03-08 22:21:04.202620706+00:00
BACKTESTER-001,OracleStrategy-000,MESM6.GLBX,GLBX-1-209,MESM6.GLBX-OracleStrategy-000,GLBX-001,GLBX-1-209,MARKET,BUY,1,GTC,False,False,1,TAKER,6692.0,0.0,['0.00 USD'],NO_TRIGGER,FILLED,NO_CONTINGENCY,,,,MY_GENERIC_ALGO,,O-20260308-222104-001-000-210,,bb1c3c32-50f6-4a35-b673-945153eac41c,2026-03-08 22:21:04.202620706+00:00,2026-03-08 22:21:04.202620706+00:00
BACKTESTER-001,OracleStrategy-000,MESM6.GLBX,GLBX-1-210,MESM6.GLBX-OracleStrategy-000,GLBX-001,GLBX-1-210,MARKET,SELL,1,GTC,True,False,1,TAKER,6688.0,0.0,['0.00 USD'],NO_TRIGGER,FILLED,NO_CONTINGENCY,,,,MY_GENERIC_ALGO,,O-20260308-222106-001-000-211,,c1433b70-b869-4d47-abad-209dacc2eb4f,2026-03-08 22:21:06.960119349+00:00,2026-03-08 22:21:06.960119349+00:00
BACKTESTER-001,OracleStrategy-000,MESM6.GLBX,GLBX-1-211,MESM6.GLBX-OracleStrategy-000,GLBX-001,GLBX-1-211,MARKET,BUY,1,GTC,False,False,1,TAKER,6686.75,0.0,['0.00 USD'],NO_TRIGGER,FILLED,NO_CONTINGENCY,,,,MY_GENERIC_ALGO,,O-20260308-222109-001-000-213,,f04ae6e2-397c-4492-9dcd-249bce3c9ccd,2026-03-08 22:21:09.835084069+00:00,2026-03-08 22:21:09.835084069+00:00
BACKTESTER-001,OracleStrategy-000,MESM6.GLBX,GLBX-1-212,MESM6.GLBX-OracleStrategy-000,GLBX-001,GLBX-1-212,MARKET,SELL,1,GTC,True,False,1,TAKER,6686.5,0.0,['0.00 USD'],NO_TRIGGER,FILLED,NO_CONTINGENCY,,,,MY_GENERIC_ALGO,,O-20260308-222129-001-000-214,,7ea3ed1a-2c3e-4f50-8ade-711bd73e035a,2026-03-08 22:21:29.913255823+00:00,2026-03-08 22:21:29.913255823+00:00
BACKTESTER-001,OracleStrategy-000,MESM6.GLBX,GLBX-1-213,MESM6.GLBX-OracleStrategy-000,GLBX-001,GLBX-1-213,MARKET,SELL,1,GTC,False,False,1,TAKER,6686.5,0.0,['0.00 USD'],NO_TRIGGER,FILLED,NO_CONTINGENCY,,,,MY_GENERIC_ALGO,,O-20260308-222129-001-000-215,,45862ba8-6d29-4170-afb8-a8784195dd7c,2026-03-08 22:21:29.913255823+00:00,2026-03-08 22:21:29.913255823+00:00
BACKTESTER-001,OracleStrategy-000,MESM6.GLBX,GLBX-1-214,MESM6.GLBX-OracleStrategy-000,GLBX-001,GLBX-1-214,MARKET,BUY,1,GTC,True,False,1,TAKER,6688.25,0.0,['0.00 USD'],NO_TRIGGER,FILLED,NO_CONTINGENCY,,,,MY_GENERIC_ALGO,,O-20260308-222204-001-000-216,,0351dab8-5082-4783-b9e8-9f018cda9e37,2026-03-08 22:22:04.710914834+00:00,2026-03-08 22:22:04.710914834+00:00
BACKTESTER-001,OracleStrategy-000,MESM6.GLBX,GLBX-1-215,MESM6.GLBX-OracleStrategy-000,GLBX-001,GLBX-1-215,MARKET,BUY,1,GTC,False,False,1,TAKER,6688.25,0.0,['0.00 USD'],NO_TRIGGER,FILLED,NO_CONTINGENCY,,,,MY_GENERIC_ALGO,,O-20260308-222204-001-000-217,,7f353ec4-9a98-4b29-81f4-05af2aac3eba,2026-03-08 22:22:04.710914834+00:00,2026-03-08 22:22:04.710914834+00:00
BACKTESTER-001,OracleStrategy-000,MESM6.GLBX,GLBX-1-216,MESM6.GLBX-OracleStrategy-000,GLBX-001,GLBX-1-216,MARKET,SELL,1,GTC,True,False,1,TAKER,6686.0,0.0,['0.00 USD'],NO_TRIGGER,FILLED,NO_CONTINGENCY,,,,MY_GENERIC_ALGO,,O-20260308-222216-001-000-218,,362aae77-3814-45ae-bde1-d5fcc441145e,2026-03-08 22:22:16.736305693+00:00,2026-03-08 22:22:16.736305693+00:00
BACKTESTER-001,OracleStrategy-000,MESM6.GLBX,GLBX-1-217,MESM6.GLBX-OracleStrategy-000,GLBX-001,GLBX-1-217,MARKET,SELL,1,GTC,False,False,1,TAKER,6686.0,0.0,['0.00 USD'],NO_TRIGGER,FILLED,NO_CONTINGENCY,,,,MY_GENERIC_ALGO,,O-20260308-222216-001-000-219,,34c39d93-9832-4bfa-9cf1-79d2d19521e8,2026-03-08 22:22:16.736305693+00:00,2026-03-08 22:22:16.736305693+00:00
BACKTESTER-001,OracleStrategy-000,MESM6.GLBX,GLBX-1-218,MESM6.GLBX-OracleStrategy-000,GLBX-001,GLBX-1-218,MARKET,BUY,1,GTC,True,False,1,TAKER,6685.5,0.0,['0.00 USD'],NO_TRIGGER,FILLED,NO_CONTINGENCY,,,,MY_GENERIC_ALGO,,O-20260308-222223-001-000-220,,06aad8f2-cdce-4f9b-8e3f-66091e293e3b,2026-03-08 22:22:23.437566888+00:00,2026-03-08 22:22:23.437566888+00:00
BACKTESTER-001,OracleStrategy-000,MESM6.GLBX,GLBX-1-219,MESM6.GLBX-OracleStrategy-000,GLBX-001,GLBX-1-219,MARKET,BUY,1,GTC,False,False,1,TAKER,6685.5,0.0,['0.00 USD'],NO_TRIGGER,FILLED,NO_CONTINGENCY,,,,MY_GENERIC_ALGO,,O-20260308-222223-001-000-221,,7bb908fb-a482-4465-9aca-7f0d7309cb03,2026-03-08 22:22:23.437566888+00:00,2026-03-08 22:22:23.437566888+00:00
BACKTESTER-001,OracleStrategy-000,MESM6.GLBX,GLBX-1-220,MESM6.GLBX-OracleStrategy-000,GLBX-001,GLBX-1-220,MARKET,SELL,1,GTC,True,False,1,TAKER,6685.0,0.0,['0.00 USD'],NO_TRIGGER,FILLED,NO_CONTINGENCY,,,,MY_GENERIC_ALGO,,O-20260308-222237-001-000-222,,27eadbc5-2de4-49b5-aef7-6b45e6099741,2026-03-08 22:22:37.135892755+00:00,2026-03-08 22:22:37.135892755+00:00
BACKTESTER-001,OracleStrategy-000,MESM6.GLBX,GLBX-1-221,MESM6.GLBX-OracleStrategy-000,GLBX-001,GLBX-1-221,MARKET,SELL,1,GTC,False,False,1,TAKER,6685.0,0.0,['0.00 USD'],NO_TRIGGER,FILLED,NO_CONTINGENCY,,,,MY_GENERIC_ALGO,,O-20260308-222237-001-000-223,,f67068b2-973f-4777-8cdb-ead0b318c561,2026-03-08 22:22:37.135892755+00:00,2026-03-08 22:22:37.135892755+00:00
BACKTESTER-001,OracleStrategy-000,MESM6.GLBX,GLBX-1-222,MESM6.GLBX-OracleStrategy-000,GLBX-001,GLBX-1-222,MARKET,BUY,1,GTC,True,False,1,TAKER,6684.75,0.0,['0.00 USD'],NO_TRIGGER,FILLED,NO_CONTINGENCY,,,,MY_GENERIC_ALGO,,O-20260308-222256-001-000-224,,a50c9142-b46f-440a-b657-5d2c34a2af7d,2026-03-08 22:22:56.304257738+00:00,2026-03-08 22:22:56.304257738+00:00
BACKTESTER-001,OracleStrategy-000,MESM6.GLBX,GLBX-1-223,MESM6.GLBX-OracleStrategy-000,GLBX-001,GLBX-1-223,MARKET,BUY,1,GTC,False,False,1,TAKER,6684.75,0.0,['0.00 USD'],NO_TRIGGER,FILLED,NO_CONTINGENCY,,,,MY_GENERIC_ALGO,,O-20260308-222256-001-000-225,,ec25fd77-d0a4-45fa-bb9a-23a9f77099f6,2026-03-08 22:22:56.304257738+00:00,2026-03-08 22:22:56.304257738+00:00
BACKTESTER-001,OracleStrategy-000,MESM6.GLBX,GLBX-1-224,MESM6.GLBX-OracleStrategy-000,GLBX-001,GLBX-1-224,MARKET,SELL,1,GTC,True,False,1,TAKER,6683.75,0.0,['0.00 USD'],NO_TRIGGER,FILLED,NO_CONTINGENCY,,,,MY_GENERIC_ALGO,,O-20260308-222305-001-000-226,,6c70c01e-3dec-47bd-a4b6-6395362832ee,2026-03-08 22:23:05.410091213+00:00,2026-03-08 22:23:05.410091213+00:00
BACKTESTER-001,OracleStrategy-000,MESM6.GLBX,GLBX-1-225,MESM6.GLBX-OracleStrategy-000,GLBX-001,GLBX-1-225,MARKET,SELL,1,GTC,False,False,1,TAKER,6683.75,0.0,['0.00 USD'],NO_TRIGGER,FILLED,NO_CONTINGENCY,,,,MY_GENERIC_ALGO,,O-20260308-222305-001-000-227,,5bf56ca8-0881-4909-a508-d4ac4b5a0ac1,2026-03-08 22:23:05.410091213+00:00,2026-03-08 22:23:05.410091213+00:00
BACKTESTER-001,OracleStrategy-000,MESM6.GLBX,GLBX-1-226,MESM6.GLBX-OracleStrategy-000,GLBX-001,GLBX-1-226,MARKET,BUY,1,GTC,True,False,1,TAKER,6677.25,0.0,['0.00 USD'],NO_TRIGGER,FILLED,NO_CONTINGENCY,,,,MY_GENERIC_ALGO,,O-20260308-222424-001-000-228,,ba8b25a4-06eb-47b9-a66d-e85f8d36f270,2026-03-08 22:24:24.824441305+00:00,2026-03-08 22:24:24.824441305+00:00
BACKTESTER-001,OracleStrategy-000,MESM6.GLBX,GLBX-1-227,MESM6.GLBX-OracleStrategy-000,GLBX-001,GLBX-1-227,MARKET,BUY,1,GTC,False,False,1,TAKER,6677.25,0.0,['0.00 USD'],NO_TRIGGER,FILLED,NO_CONTINGENCY,,,,MY_GENERIC_ALGO,,O-20260308-222424-001-000-229,,226c11cb-c2eb-450e-bcae-837fad7ea14d,2026-03-08 22:24:24.824441305+00:00,2026-03-08 22:24:24.824441305+00:00
BACKTESTER-001,OracleStrategy-000,MESM6.GLBX,GLBX-1-228,MESM6.GLBX-OracleStrategy-000,GLBX-001,GLBX-1-228,MARKET,SELL,1,GTC,True,False,1,TAKER,6677.25,0.0,['0.00 USD'],NO_TRIGGER,FILLED,NO_CONTINGENCY,,,,MY_GENERIC_ALGO,,O-20260308-222447-001-000-230,,2386f4a2-e9d6-495b-9693-3a1bce989472,2026-03-08 22:24:47.558978289+00:00,2026-03-08 22:24:47.558978289+00:00
BACKTESTER-001,OracleStrategy-000,MESM6.GLBX,GLBX-1-229,MESM6.GLBX-OracleStrategy-000,GLBX-001,GLBX-1-229,MARKET,SELL,1,GTC,False,False,1,TAKER,6677.25,0.0,['0.00 USD'],NO_TRIGGER,FILLED,NO_CONTINGENCY,,,,MY_GENERIC_ALGO,,O-20260308-222447-001-000-231,,443dbdbe-4c2a-4531-a532-1b2adec274e0,2026-03-08 22:24:47.558978289+00:00,2026-03-08 22:24:47.558978289+00:00
BACKTESTER-001,OracleStrategy-000,MESM6.GLBX,GLBX-1-230,MESM6.GLBX-OracleStrategy-000,GLBX-001,GLBX-1-230,MARKET,BUY,1,GTC,True,False,1,TAKER,6679.0,0.0,['0.00 USD'],NO_TRIGGER,FILLED,NO_CONTINGENCY,,,,MY_GENERIC_ALGO,,O-20260308-222455-001-000-232,,b4f04235-257b-441b-bd1b-206c25b5eec2,2026-03-08 22:24:55.510952898+00:00,2026-03-08 22:24:55.510952898+00:00
BACKTESTER-001,OracleStrategy-000,MESM6.GLBX,GLBX-1-231,MESM6.GLBX-OracleStrategy-000,GLBX-001,GLBX-1-231,MARKET,BUY,1,GTC,False,False,1,TAKER,6679.0,0.0,['0.00 USD'],NO_TRIGGER,FILLED,NO_CONTINGENCY,,,,MY_GENERIC_ALGO,,O-20260308-222455-001-000-233,,5940dc27-0b89-4d92-807e-69e3dd15a3b3,2026-03-08 22:24:55.510952898+00:00,2026-03-08 22:24:55.510952898+00:00
BACKTESTER-001,OracleStrategy-000,MESM6.GLBX,GLBX-1-232,MESM6.GLBX-OracleStrategy-000,GLBX-001,GLBX-1-232,MARKET,SELL,1,GTC,True,False,1,TAKER,6678.5,0.0,['0.00 USD'],NO_TRIGGER,FILLED,NO_CONTINGENCY,,,,MY_GENERIC_ALGO,,O-20260308-222501-001-000-234,,4646609a-f49f-4684-8c5e-244030917a65,2026-03-08 22:25:01.038484024+00:00,2026-03-08 22:25:01.038484024+00:00
BACKTESTER-001,OracleStrategy-000,MESM6.GLBX,GLBX-1-233,MESM6.GLBX-OracleStrategy-000,GLBX-001,GLBX-1-233,MARKET,SELL,1,GTC,False,False,1,TAKER,6678.5,0.0,['0.00 USD'],NO_TRIGGER,FILLED,NO_CONTINGENCY,,,,MY_GENERIC_ALGO,,O-20260308-222501-001-000-235,,671a127b-3087-47bb-bebf-275646b26d49,2026-03-08 22:25:01.038484024+00:00,2026-03-08 22:25:01.038484024+00:00
BACKTESTER-001,OracleStrategy-000,MESM6.GLBX,GLBX-1-234,MESM6.GLBX-OracleStrategy-000,GLBX-001,GLBX-1-234,MARKET,BUY,1,GTC,True,False,1,TAKER,6680.75,0.0,['0.00 USD'],NO_TRIGGER,FILLED,NO_CONTINGENCY,,,,MY_GENERIC_ALGO,,O-20260308-222516-001-000-236,,5037bce7-b23a-4cc1-b3c0-a5ab8d6c6ab4,2026-03-08 22:25:16.948380250+00:00,2026-03-08 22:25:16.948380250+00:00
BACKTESTER-001,OracleStrategy-000,MESM6.GLBX,GLBX-1-235,MESM6.GLBX-OracleStrategy-000,GLBX-001,GLBX-1-235,MARKET,BUY,1,GTC,False,False,1,TAKER,6680.75,0.0,['0.00 USD'],NO_TRIGGER,FILLED,NO_CONTINGENCY,,,,MY_GENERIC_ALGO,,O-20260308-222516-001-000-237,,a9f00eec-9a39-4338-a0d5-876a23dfec53,2026-03-08 22:25:16.948380250+00:00,2026-03-08 22:25:16.948380250+00:00
BACKTESTER-001,OracleStrategy-000,MESM6.GLBX,GLBX-1-236,MESM6.GLBX-OracleStrategy-000,GLBX-001,GLBX-1-236,MARKET,SELL,1,GTC,True,False,1,TAKER,6680.25,0.0,['0.00 USD'],NO_TRIGGER,FILLED,NO_CONTINGENCY,,,,MY_GENERIC_ALGO,,O-20260308-222520-001-000-238,,a47c1221-b80e-448e-84b0-133cfbc63f54,2026-03-08 22:25:20.372967723+00:00,2026-03-08 22:25:20.372967723+00:00
BACKTESTER-001,OracleStrategy-000,MESM6.GLBX,GLBX-1-237,MESM6.GLBX-OracleStrategy-000,GLBX-001,GLBX-1-237,MARKET,SELL,1,GTC,False,False,1,TAKER,6680.25,0.0,['0.00 USD'],NO_TRIGGER,FILLED,NO_CONTINGENCY,,,,MY_GENERIC_ALGO,,O-20260308-222520-001-000-239,,033415d5-a88e-415c-aa4d-cbaea43c99d6,2026-03-08 22:25:20.372967723+00:00,2026-03-08 22:25:20.372967723+00:00
BACKTESTER-001,OracleStrategy-000,MESM6.GLBX,GLBX-1-238,MESM6.GLBX-OracleStrategy-000,GLBX-001,GLBX-1-238,MARKET,BUY,1,GTC,True,False,1,TAKER,6678.25,0.0,['0.00 USD'],NO_TRIGGER,FILLED,NO_CONTINGENCY,,,,MY_GENERIC_ALGO,,O-20260308-222542-001-000-240,,f0ee0cd4-1cfb-41f0-9981-39bbf2827e27,2026-03-08 22:25:42.560633314+00:00,2026-03-08 22:25:42.560633314+00:00
BACKTESTER-001,OracleStrategy-000,MESM6.GLBX,GLBX-1-239,MESM6.GLBX-OracleStrategy-000,GLBX-001,GLBX-1-239,MARKET,BUY,1,GTC,False,False,1,TAKER,6678.25,0.0,['0.00 USD'],NO_TRIGGER,FILLED,NO_CONTINGENCY,,,,MY_GENERIC_ALGO,,O-20260308-222542-001-000-241,,6a4dd0c5-ad76-4e74-bacb-7dc35857f5d4,2026-03-08 22:25:42.560633314+00:00,2026-03-08 22:25:42.560633314+00:00
BACKTESTER-001,OracleStrategy-000,MESM6.GLBX,GLBX-1-240,MESM6.GLBX-OracleStrategy-000,GLBX-001,GLBX-1-240,MARKET,SELL,1,GTC,True,False,1,TAKER,6676.75,0.0,['0.00 USD'],NO_TRIGGER,FILLED,NO_CONTINGENCY,,,,MY_GENERIC_ALGO,,O-20260308-222543-001-000-242,,32363762-df0d-41ea-8c88-69e78eb6646b,2026-03-08 22:25:43.644395269+00:00,2026-03-08 22:25:43.644395269+00:00
BACKTESTER-001,OracleStrategy-000,MESM6.GLBX,GLBX-1-241,MESM6.GLBX-OracleStrategy-000,GLBX-001,GLBX-1-241,MARKET,SELL,1,GTC,False,False,1,TAKER,6676.75,0.0,['0.00 USD'],NO_TRIGGER,FILLED,NO_CONTINGENCY,,,,MY_GENERIC_ALGO,,O-20260308-222543-001-000-243,,4ad194a7-905c-4de9-9044-dcf24f0a30d8,2026-03-08 22:25:43.644395269+00:00,2026-03-08 22:25:43.644395269+00:00
BACKTESTER-001,OracleStrategy-000,MESM6.GLBX,GLBX-1-242,MESM6.GLBX-OracleStrategy-000,GLBX-001,GLBX-1-242,MARKET,BUY,1,GTC,True,False,1,TAKER,6676.25,0.0,['0.00 USD'],NO_TRIGGER,FILLED,NO_CONTINGENCY,,,,MY_GENERIC_ALGO,,O-20260308-222548-001-000-244,,7d05c6e6-d40c-495c-93c7-d4e380dd8c1d,2026-03-08 22:25:48.288101101+00:00,2026-03-08 22:25:48.288101101+00:00
BACKTESTER-001,OracleStrategy-000,MESM6.GLBX,GLBX-1-243,MESM6.GLBX-OracleStrategy-000,GLBX-001,GLBX-1-243,MARKET,BUY,1,GTC,False,False,1,TAKER,6676.25,0.0,['0.00 USD'],NO_TRIGGER,FILLED,NO_CONTINGENCY,,,,MY_GENERIC_ALGO,,O-20260308-222548-001-000-245,,44c0536e-093a-4b72-a0a1-7689c704ce32,2026-03-08 22:25:48.288101101+00:00,2026-03-08 22:25:48.288101101+00:00
BACKTESTER-001,OracleStrategy-000,MESM6.GLBX,GLBX-1-244,MESM6.GLBX-OracleStrategy-000,GLBX-001,GLBX-1-244,MARKET,SELL,1,GTC,True,False,1,TAKER,6676.5,0.0,['0.00 USD'],NO_TRIGGER,FILLED,NO_CONTINGENCY,,,,MY_GENERIC_ALGO,,O-20260308-222625-001-000-246,,239c9f18-b560-439c-8004-db71fcd1efe3,2026-03-08 22:26:25.575297570+00:00,2026-03-08 22:26:25.575297570+00:00
BACKTESTER-001,OracleStrategy-000,MESM6.GLBX,GLBX-1-245,MESM6.GLBX-OracleStrategy-000,GLBX-001,GLBX-1-245,MARKET,SELL,1,GTC,False,False,1,TAKER,6676.5,0.0,['0.00 USD'],NO_TRIGGER,FILLED,NO_CONTINGENCY,,,,MY_GENERIC_ALGO,,O-20260308-222625-001-000-247,,9724c729-898f-4999-a742-a7169bf2a598,2026-03-08 22:26:25.575297570+00:00,2026-03-08 22:26:25.575297570+00:00
BACKTESTER-001,OracleStrategy-000,MESM6.GLBX,GLBX-1-246,MESM6.GLBX-OracleStrategy-000,GLBX-001,GLBX-1-246,MARKET,BUY,1,GTC,True,False,1,TAKER,6676.25,0.0,['0.00 USD'],NO_TRIGGER,FILLED,NO_CONTINGENCY,,,,MY_GENERIC_ALGO,,O-20260308-222629-001-000-248,,807f3349-164a-4dab-92ce-d8f5b1902174,2026-03-08 22:26:29.014607157+00:00,2026-03-08 22:26:29.014607157+00:00
BACKTESTER-001,OracleStrategy-000,MESM6.GLBX,GLBX-1-247,MESM6.GLBX-OracleStrategy-000,GLBX-001,GLBX-1-247,MARKET,BUY,1,GTC,False,False,1,TAKER,6676.25,0.0,['0.00 USD'],NO_TRIGGER,FILLED,NO_CONTINGENCY,,,,MY_GENERIC_ALGO,,O-20260308-222629-001-000-249,,69d19564-d31d-4f82-9632-3f7af56fe04b,2026-03-08 22:26:29.014607157+00:00,2026-03-08 22:26:29.014607157+00:00
BACKTESTER-001,OracleStrategy-000,MESM6.GLBX,GLBX-1-248,MESM6.GLBX-OracleStrategy-000,GLBX-001,GLBX-1-248,MARKET,SELL,1,GTC,True,False,1,TAKER,6675.0,0.0,['0.00 USD'],NO_TRIGGER,FILLED,NO_CONTINGENCY,,,,MY_GENERIC_ALGO,,O-20260308-222637-001-000-250,,7e3c57b2-b824-4469-a3ce-d83877687f3d,2026-03-08 22:26:37.085225323+00:00,2026-03-08 22:26:37.085225323+00:00
BACKTESTER-001,OracleStrategy-000,MESM6.GLBX,GLBX-1-249,MESM6.GLBX-OracleStrategy-000,GLBX-001,GLBX-1-249,MARKET,SELL,1,GTC,False,False,1,TAKER,6675.0,0.0,['0.00 USD'],NO_TRIGGER,FILLED,NO_CONTINGENCY,,,,MY_GENERIC_ALGO,,O-20260308-222637-001-000-251,,6d148316-35f3-4456-b83f-0127d34e9331,2026-03-08 22:26:37.085225323+00:00,2026-03-08 22:26:37.085225323+00:00
BACKTESTER-001,OracleStrategy-000,MESM6.GLBX,GLBX-1-250,MESM6.GLBX-OracleStrategy-000,GLBX-001,GLBX-1-250,MARKET,BUY,1,GTC,True,False,1,TAKER,6675.0,0.0,['0.00 USD'],NO_TRIGGER,FILLED,NO_CONTINGENCY,,,,MY_GENERIC_ALGO,,O-20260308-222642-001-000-252,,05aa420e-1180-42cd-973f-d984561abc84,2026-03-08 22:26:42.780422864+00:00,2026-03-08 22:26:42.780422864+00:00
BACKTESTER-001,OracleStrategy-000,MESM6.GLBX,GLBX-1-251,MESM6.GLBX-OracleStrategy-000,GLBX-001,GLBX-1-251,MARKET,BUY,1,GTC,False,False,1,TAKER,6675.0,0.0,['0.00 USD'],NO_TRIGGER,FILLED,NO_CONTINGENCY,,,,MY_GENERIC_ALGO,,O-20260308-222642-001-000-253,,9b145f04-ea4f-42c1-9735-dc260508aa19,2026-03-08 22:26:42.780422864+00:00,2026-03-08 22:26:42.780422864+00:00
BACKTESTER-001,OracleStrategy-000,MESM6.GLBX,GLBX-1-252,MESM6.GLBX-OracleStrategy-000,GLBX-001,GLBX-1-252,MARKET,SELL,1,GTC,True,False,1,TAKER,6675.75,0.0,['0.00 USD'],NO_TRIGGER,FILLED,NO_CONTINGENCY,,,,MY_GENERIC_ALGO,,O-20260308-222652-001-000-254,,3eeb6009-177f-43ed-a9e4-08af38801737,2026-03-08 22:26:52.702072045+00:00,2026-03-08 22:26:52.702072045+00:00
BACKTESTER-001,OracleStrategy-000,MESM6.GLBX,GLBX-1-253,MESM6.GLBX-OracleStrategy-000,GLBX-001,GLBX-1-253,MARKET,SELL,1,GTC,False,False,1,TAKER,6675.75,0.0,['0.00 USD'],NO_TRIGGER,FILLED,NO_CONTINGENCY,,,,MY_GENERIC_ALGO,,O-20260308-222652-001-000-255,,d44a0c84-1dc7-440b-85b4-deecc16e6463,2026-03-08 22:26:52.702072045+00:00,2026-03-08 22:26:52.702072045+00:00
BACKTESTER-001,OracleStrategy-000,MESM6.GLBX,GLBX-1-254,MESM6.GLBX-OracleStrategy-000,GLBX-001,GLBX-1-254,MARKET,BUY,1,GTC,True,False,1,TAKER,6676.0,0.0,['0.00 USD'],NO_TRIGGER,FILLED,NO_CONTINGENCY,,,,MY_GENERIC_ALGO,,O-20260308-222700-001-000-256,,0ba8af61-6f77-4b75-9c10-cbd0a0738639,2026-03-08 22:27:00.259652477+00:00,2026-03-08 22:27:00.259652477+00:00
BACKTESTER-001,OracleStrategy-000,MESM6.GLBX,GLBX-1-255,MESM6.GLBX-OracleStrategy-000,GLBX-001,GLBX-1-255,MARKET,BUY,1,GTC,False,False,1,TAKER,6676.0,0.0,['0.00 USD'],NO_TRIGGER,FILLED,NO_CONTINGENCY,,,,MY_GENERIC_ALGO,,O-20260308-222700-001-000-257,,4bce5092-6e7d-4911-95a2-899860e41ca1,2026-03-08 22:27:00.259652477+00:00,2026-03-08 22:27:00.259652477+00:00
BACKTESTER-001,OracleStrategy-000,MESM6.GLBX,GLBX-1-256,MESM6.GLBX-OracleStrategy-000,GLBX-001,GLBX-1-256,MARKET,SELL,1,GTC,True,False,1,TAKER,6675.0,0.0,['0.00 USD'],NO_TRIGGER,FILLED,NO_CONTINGENCY,,,,MY_GENERIC_ALGO,,O-20260308-222703-001-000-258,,33f69a9d-2793-4378-843a-049fb1e793fc,2026-03-08 22:27:03.908932054+00:00,2026-03-08 22:27:03.908932054+00:00
BACKTESTER-001,OracleStrategy-000,MESM6.GLBX,GLBX-1-257,MESM6.GLBX-OracleStrategy-000,GLBX-001,GLBX-1-257,MARKET,SELL,1,GTC,False,False,1,TAKER,6675.0,0.0,['0.00 USD'],NO_TRIGGER,FILLED,NO_CONTINGENCY,,,,MY_GENERIC_ALGO,,O-20260308-222703-001-000-259,,76d34702-2cf4-42b0-99f2-aa0961507a42,2026-03-08 22:27:03.908932054+00:00,2026-03-08 22:27:03.908932054+00:00
BACKTESTER-001,OracleStrategy-000,MESM6.GLBX,GLBX-1-258,MESM6.GLBX-OracleStrategy-000,GLBX-001,GLBX-1-258,MARKET,BUY,1,GTC,True,False,1,TAKER,6674.75,0.0,['0.00 USD'],NO_TRIGGER,FILLED,NO_CONTINGENCY,,,,MY_GENERIC_ALGO,,O-20260308-222737-001-000-260,,34ad2045-2735-465c-a6ff-86d2f8cf8643,2026-03-08 22:27:37.324230949+00:00,2026-03-08 22:27:37.324230949+00:00
BACKTESTER-001,OracleStrategy-000,MESM6.GLBX,GLBX-1-259,MESM6.GLBX-OracleStrategy-000,GLBX-001,GLBX-1-259,MARKET,BUY,1,GTC,False,False,1,TAKER,6674.75,0.0,['0.00 USD'],NO_TRIGGER,FILLED,NO_CONTINGENCY,,,,MY_GENERIC_ALGO,,O-20260308-222737-001-000-261,,cbe496af-73ac-43ca-9225-9e1175e084c7,2026-03-08 22:27:37.324230949+00:00,2026-03-08 22:27:37.324230949+00:00
BACKTESTER-001,OracleStrategy-000,MESM6.GLBX,GLBX-1-260,MESM6.GLBX-OracleStrategy-000,GLBX-001,GLBX-1-260,MARKET,SELL,1,GTC,True,False,1,TAKER,6673.25,0.0,['0.00 USD'],NO_TRIGGER,FILLED,NO_CONTINGENCY,,,,MY_GENERIC_ALGO,,O-20260308-222740-001-000-262,,f121bddb-231e-4646-a37c-0e002c8067a8,2026-03-08 22:27:40.401323701+00:00,2026-03-08 22:27:40.401323701+00:00
BACKTESTER-001,OracleStrategy-000,MESM6.GLBX,GLBX-1-261,MESM6.GLBX-OracleStrategy-000,GLBX-001,GLBX-1-261,MARKET,SELL,1,GTC,False,False,1,TAKER,6673.25,0.0,['0.00 USD'],NO_TRIGGER,FILLED,NO_CONTINGENCY,,,,MY_GENERIC_ALGO,,O-20260308-222740-001-000-263,,2deb7267-430e-4c77-b01d-c1b816b139d7,2026-03-08 22:27:40.401323701+00:00,2026-03-08 22:27:40.401323701+00:00
BACKTESTER-001,OracleStrategy-000,MESM6.GLBX,GLBX-1-262,MESM6.GLBX-OracleStrategy-000,GLBX-001,GLBX-1-262,MARKET,BUY,1,GTC,True,False,1,TAKER,6673.0,0.0,['0.00 USD'],NO_TRIGGER,FILLED,NO_CONTINGENCY,,,,MY_GENERIC_ALGO,,O-20260308-222743-001-000-264,,1b0bdc81-f099-49e4-848c-19bf881e304a,2026-03-08 22:27:43.605846026+00:00,2026-03-08 22:27:43.605846026+00:00
BACKTESTER-001,OracleStrategy-000,MESM6.GLBX,GLBX-1-263,MESM6.GLBX-OracleStrategy-000,GLBX-001,GLBX-1-263,MARKET,BUY,1,GTC,False,False,1,TAKER,6673.0,0.0,['0.00 USD'],NO_TRIGGER,FILLED,NO_CONTINGENCY,,,,MY_GENERIC_ALGO,,O-20260308-222743-001-000-265,,ae0ddea1-defd-4a47-b222-4219a41ca6ac,2026-03-08 22:27:43.605846026+00:00,2026-03-08 22:27:43.605846026+00:00
BACKTESTER-001,OracleStrategy-000,MESM6.GLBX,GLBX-1-264,MESM6.GLBX-OracleStrategy-000,GLBX-001,GLBX-1-264,MARKET,SELL,1,GTC,True,False,1,TAKER,6672.75,0.0,['0.00 USD'],NO_TRIGGER,FILLED,NO_CONTINGENCY,,,,MY_GENERIC_ALGO,,O-20260308-222747-001-000-266,,515371ec-b3fd-46a2-a308-a7b43f1039b0,2026-03-08 22:27:47.043217172+00:00,2026-03-08 22:27:47.043217172+00:00
BACKTESTER-001,OracleStrategy-000,MESM6.GLBX,GLBX-1-265,MESM6.GLBX-OracleStrategy-000,GLBX-001,GLBX-1-265,MARKET,SELL,1,GTC,False,False,1,TAKER,6672.75,0.0,['0.00 USD'],NO_TRIGGER,FILLED,NO_CONTINGENCY,,,,MY_GENERIC_ALGO,,O-20260308-222747-001-000-267,,627d6d51-4cb3-4669-b865-306f9deb092a,2026-03-08 22:27:47.043217172+00:00,2026-03-08 22:27:47.043217172+00:00
BACKTESTER-001,OracleStrategy-000,MESM6.GLBX,GLBX-1-266,MESM6.GLBX-OracleStrategy-000,GLBX-001,GLBX-1-266,MARKET,BUY,1,GTC,True,False,1,TAKER,6671.75,0.0,['0.00 USD'],NO_TRIGGER,FILLED,NO_CONTINGENCY,,,,MY_GENERIC_ALGO,,O-20260308-222752-001-000-268,,cc610a50-7381-42d8-8e92-7376aa2f04f3,2026-03-08 22:27:52.663442277+00:00,2026-03-08 22:27:52.663442277+00:00
BACKTESTER-001,OracleStrategy-000,MESM6.GLBX,GLBX-1-267,MESM6.GLBX-OracleStrategy-000,GLBX-001,GLBX-1-267,MARKET,BUY,1,GTC,False,False,1,TAKER,6671.75,0.0,['0.00 USD'],NO_TRIGGER,FILLED,NO_CONTINGENCY,,,,MY_GENERIC_ALGO,,O-20260308-222752-001-000-269,,2860c396-a578-41bf-9605-62988cefad57,2026-03-08 22:27:52.663442277+00:00,2026-03-08 22:27:52.663442277+00:00
BACKTESTER-001,OracleStrategy-000,MESM6.GLBX,GLBX-1-268,MESM6.GLBX-OracleStrategy-000,GLBX-001,GLBX-1-268,MARKET,SELL,1,GTC,True,False,1,TAKER,6674.0,0.0,['0.00 USD'],NO_TRIGGER,FILLED,NO_CONTINGENCY,,,,MY_GENERIC_ALGO,,O-20260308-222757-001-000-270,,79e3c916-37a3-47aa-a017-a15ebcb29a2d,2026-03-08 22:27:57.519772571+00:00,2026-03-08 22:27:57.519772571+00:00
BACKTESTER-001,OracleStrategy-000,MESM6.GLBX,GLBX-1-269,MESM6.GLBX-OracleStrategy-000,GLBX-001,GLBX-1-269,MARKET,SELL,1,GTC,False,False,1,TAKER,6674.0,0.0,['0.00 USD'],NO_TRIGGER,FILLED,NO_CONTINGENCY,,,,MY_GENERIC_ALGO,,O-20260308-222757-001-000-271,,a217865b-022c-4a51-b3d6-2761e5febba9,2026-03-08 22:27:57.519772571+00:00,2026-03-08 22:27:57.519772571+00:00
BACKTESTER-001,OracleStrategy-000,MESM6.GLBX,GLBX-1-270,MESM6.GLBX-OracleStrategy-000,GLBX-001,GLBX-1-270,MARKET,BUY,1,GTC,True,False,1,TAKER,6674.0,0.0,['0.00 USD'],NO_TRIGGER,FILLED,NO_CONTINGENCY,,,,MY_GENERIC_ALGO,,O-20260308-222801-001-000-272,,095d8be7-5e6a-4097-b5d1-cae6bbf2e937,2026-03-08 22:28:01.649581089+00:00,2026-03-08 22:28:01.649581089+00:00
BACKTESTER-001,OracleStrategy-000,MESM6.GLBX,GLBX-1-271,MESM6.GLBX-OracleStrategy-000,GLBX-001,GLBX-1-271,MARKET,BUY,1,GTC,False,False,1,TAKER,6674.0,0.0,['0.00 USD'],NO_TRIGGER,FILLED,NO_CONTINGENCY,,,,MY_GENERIC_ALGO,,O-20260308-222801-001-000-273,,38a601ac-c5f9-40d4-b3b1-a403a0598ebb,2026-03-08 22:28:01.649581089+00:00,2026-03-08 22:28:01.649581089+00:00
BACKTESTER-001,OracleStrategy-000,MESM6.GLBX,GLBX-1-272,MESM6.GLBX-OracleStrategy-000,GLBX-001,GLBX-1-272,MARKET,SELL,1,GTC,True,False,1,TAKER,6678.0,0.0,['0.00 USD'],NO_TRIGGER,FILLED,NO_CONTINGENCY,,,,MY_GENERIC_ALGO,,O-20260308-222839-001-000-274,,2edc589b-8bde-4b40-b02d-2a844135d368,2026-03-08 22:28:39.908827029+00:00,2026-03-08 22:28:39.908827029+00:00
BACKTESTER-001,OracleStrategy-000,MESM6.GLBX,GLBX-1-273,MESM6.GLBX-OracleStrategy-000,GLBX-001,GLBX-1-273,MARKET,SELL,1,GTC,False,False,1,TAKER,6678.0,0.0,['0.00 USD'],NO_TRIGGER,FILLED,NO_CONTINGENCY,,,,MY_GENERIC_ALGO,,O-20260308-222839-001-000-275,,708b154e-0276-4742-b4d3-7a3d98c49988,2026-03-08 22:28:39.908827029+00:00,2026-03-08 22:28:39.908827029+00:00
BACKTESTER-001,OracleStrategy-000,MESM6.GLBX,GLBX-1-274,MESM6.GLBX-OracleStrategy-000,GLBX-001,GLBX-1-274,MARKET,BUY,1,GTC,True,False,1,TAKER,6676.75,0.0,['0.00 USD'],NO_TRIGGER,FILLED,NO_CONTINGENCY,,,,MY_GENERIC_ALGO,,O-20260308-222847-001-000-276,,38fc1170-376b-4b99-b6c0-37d031998f44,2026-03-08 22:28:47.002741304+00:00,2026-03-08 22:28:47.002741304+00:00
BACKTESTER-001,OracleStrategy-000,MESM6.GLBX,GLBX-1-275,MESM6.GLBX-OracleStrategy-000,GLBX-001,GLBX-1-275,MARKET,BUY,1,GTC,False,False,1,TAKER,6676.75,0.0,['0.00 USD'],NO_TRIGGER,FILLED,NO_CONTINGENCY,,,,MY_GENERIC_ALGO,,O-20260308-222847-001-000-277,,1db36394-2990-409a-806b-65facf3f81e5,2026-03-08 22:28:47.002741304+00:00,2026-03-08 22:28:47.002741304+00:00
BACKTESTER-001,OracleStrategy-000,MESM6.GLBX,GLBX-1-276,MESM6.GLBX-OracleStrategy-000,GLBX-001,GLBX-1-276,MARKET,SELL,1,GTC,True,False,1,TAKER,6679.25,0.0,['0.00 USD'],NO_TRIGGER,FILLED,NO_CONTINGENCY,,,,MY_GENERIC_ALGO,,O-20260308-222914-001-000-278,,b0778a42-e2f1-4ccc-8efd-55f493439297,2026-03-08 22:29:14.532894384+00:00,2026-03-08 22:29:14.532894384+00:00
BACKTESTER-001,OracleStrategy-000,MESM6.GLBX,GLBX-1-277,MESM6.GLBX-OracleStrategy-000,GLBX-001,GLBX-1-277,MARKET,SELL,1,GTC,False,False,1,TAKER,6679.25,0.0,['0.00 USD'],NO_TRIGGER,FILLED,NO_CONTINGENCY,,,,MY_GENERIC_ALGO,,O-20260308-222914-001-000-279,,3e9f7395-2c22-4a3f-b374-35f5bc94f982,2026-03-08 22:29:14.532894384+00:00,2026-03-08 22:29:14.532894384+00:00
BACKTESTER-001,OracleStrategy-000,MESM6.GLBX,GLBX-1-278,MESM6.GLBX-OracleStrategy-000,GLBX-001,GLBX-1-278,MARKET,BUY,1,GTC,True,False,1,TAKER,6680.5,0.0,['0.00 USD'],NO_TRIGGER,FILLED,NO_CONTINGENCY,,,,MY_GENERIC_ALGO,,O-20260308-222921-001-000-280,,641ac356-c50d-4d96-aec3-3147ecb07a90,2026-03-08 22:29:21.636670770+00:00,2026-03-08 22:29:21.636670770+00:00
BACKTESTER-001,OracleStrategy-000,MESM6.GLBX,GLBX-1-279,MESM6.GLBX-OracleStrategy-000,GLBX-001,GLBX-1-279,MARKET,BUY,1,GTC,False,False,1,TAKER,6680.5,0.0,['0.00 USD'],NO_TRIGGER,FILLED,NO_CONTINGENCY,,,,MY_GENERIC_ALGO,,O-20260308-222921-001-000-281,,c0e97216-0715-4b72-8dd6-3db72f6340df,2026-03-08 22:29:21.636670770+00:00,2026-03-08 22:29:21.636670770+00:00
BACKTESTER-001,OracleStrategy-000,MESM6.GLBX,GLBX-1-280,MESM6.GLBX-OracleStrategy-000,GLBX-001,GLBX-1-280,MARKET,SELL,1,GTC,True,False,1,TAKER,6682.5,0.0,['0.00 USD'],NO_TRIGGER,FILLED,NO_CONTINGENCY,,,,MY_GENERIC_ALGO,,O-20260308-223003-001-000-282,,a34b031b-d35f-4502-b74d-bfd024751079,2026-03-08 22:30:03.570036560+00:00,2026-03-08 22:30:03.570036560+00:00
BACKTESTER-001,OracleStrategy-000,MESM6.GLBX,GLBX-1-281,MESM6.GLBX-OracleStrategy-000,GLBX-001,GLBX-1-281,MARKET,SELL,1,GTC,False,False,1,TAKER,6682.5,0.0,['0.00 USD'],NO_TRIGGER,FILLED,NO_CONTINGENCY,,,,MY_GENERIC_ALGO,,O-20260308-223003-001-000-283,,64fd2a0d-2958-4a5f-b965-f9abe6fe72c0,2026-03-08 22:30:03.570036560+00:00,2026-03-08 22:30:03.570036560+00:00
BACKTESTER-001,OracleStrategy-000,MESM6.GLBX,GLBX-1-282,MESM6.GLBX-OracleStrategy-000,GLBX-001,GLBX-1-282,MARKET,BUY,1,GTC,True,False,1,TAKER,6681.75,0.0,['0.00 USD'],NO_TRIGGER,FILLED,NO_CONTINGENCY,,,,MY_GENERIC_ALGO,,O-20260308-223004-001-000-284,,8034745f-29c3-4176-a92f-991a9980d2f0,2026-03-08 22:30:04.773173965+00:00,2026-03-08 22:30:04.773173965+00:00
BACKTESTER-001,OracleStrategy-000,MESM6.GLBX,GLBX-1-283,MESM6.GLBX-OracleStrategy-000,GLBX-001,GLBX-1-283,MARKET,BUY,1,GTC,False,False,1,TAKER,6681.75,0.0,['0.00 USD'],NO_TRIGGER,FILLED,NO_CONTINGENCY,,,,MY_GENERIC_ALGO,,O-20260308-223004-001-000-285,,0e148473-4023-4f40-aabe-04f15b4e617a,2026-03-08 22:30:04.773173965+00:00,2026-03-08 22:30:04.773173965+00:00
BACKTESTER-001,OracleStrategy-000,MESM6.GLBX,GLBX-1-284,MESM6.GLBX-OracleStrategy-000,GLBX-001,GLBX-1-284,MARKET,SELL,1,GTC,True,False,1,TAKER,6682.75,0.0,['0.00 USD'],NO_TRIGGER,FILLED,NO_CONTINGENCY,,,,MY_GENERIC_ALGO,,O-20260308-223054-001-000-286,,d3746cc2-ec79-42ae-b3ec-1e2a37ecaff6,2026-03-08 22:30:54.511612181+00:00,2026-03-08 22:30:54.511612181+00:00
BACKTESTER-001,OracleStrategy-000,MESM6.GLBX,GLBX-1-285,MESM6.GLBX-OracleStrategy-000,GLBX-001,GLBX-1-285,MARKET,SELL,1,GTC,False,False,1,TAKER,6682.75,0.0,['0.00 USD'],NO_TRIGGER,FILLED,NO_CONTINGENCY,,,,MY_GENERIC_ALGO,,O-20260308-223054-001-000-287,,f200d0c5-93c5-4d4e-a7bd-51a42c6d66cd,2026-03-08 22:30:54.511612181+00:00,2026-03-08 22:30:54.511612181+00:00
BACKTESTER-001,OracleStrategy-000,MESM6.GLBX,GLBX-1-286,MESM6.GLBX-OracleStrategy-000,GLBX-001,GLBX-1-286,MARKET,BUY,1,GTC,True,False,1,TAKER,6683.0,0.0,['0.00 USD'],NO_TRIGGER,FILLED,NO_CONTINGENCY,,,,MY_GENERIC_ALGO,,O-20260308-223101-001-000-288,,6666c499-e31e-4c44-8aec-21313329ec51,2026-03-08 22:31:01.681602245+00:00,2026-03-08 22:31:01.681602245+00:00
BACKTESTER-001,OracleStrategy-000,MESM6.GLBX,GLBX-1-287,MESM6.GLBX-OracleStrategy-000,GLBX-001,GLBX-1-287,MARKET,BUY,1,GTC,False,False,1,TAKER,6683.0,0.0,['0.00 USD'],NO_TRIGGER,FILLED,NO_CONTINGENCY,,,,MY_GENERIC_ALGO,,O-20260308-223101-001-000-289,,f5425c32-b982-4626-a2ae-22594df47f60,2026-03-08 22:31:01.681602245+00:00,2026-03-08 22:31:01.681602245+00:00
BACKTESTER-001,OracleStrategy-000,MESM6.GLBX,GLBX-1-288,MESM6.GLBX-OracleStrategy-000,GLBX-001,GLBX-1-288,MARKET,SELL,1,GTC,True,False,1,TAKER,6682.5,0.0,['0.00 USD'],NO_TRIGGER,FILLED,NO_CONTINGENCY,,,,MY_GENERIC_ALGO,,O-20260308-223131-001-000-290,,fc8ee442-d63c-454a-99a0-945fa94164a0,2026-03-08 22:31:31.184415500+00:00,2026-03-08 22:31:31.184415500+00:00
BACKTESTER-001,OracleStrategy-000,MESM6.GLBX,GLBX-1-289,MESM6.GLBX-OracleStrategy-000,GLBX-001,GLBX-1-289,MARKET,SELL,1,GTC,False,False,1,TAKER,6682.5,0.0,['0.00 USD'],NO_TRIGGER,FILLED,NO_CONTINGENCY,,,,MY_GENERIC_ALGO,,O-20260308-223131-001-000-291,,507a7c7f-93ab-435e-8bc0-3084749e3dd8,2026-03-08 22:31:31.184415500+00:00,2026-03-08 22:31:31.184415500+00:00
BACKTESTER-001,OracleStrategy-000,MESM6.GLBX,GLBX-1-290,MESM6.GLBX-OracleStrategy-000,GLBX-001,GLBX-1-290,MARKET,BUY,1,GTC,True,False,1,TAKER,6683.25,0.0,['0.00 USD'],NO_TRIGGER,FILLED,NO_CONTINGENCY,,,,MY_GENERIC_ALGO,,O-20260308-223139-001-000-292,,65f2a52d-8a91-4a75-903d-073b6bf03aab,2026-03-08 22:31:39.712221392+00:00,2026-03-08 22:31:39.712221392+00:00
BACKTESTER-001,OracleStrategy-000,MESM6.GLBX,GLBX-1-291,MESM6.GLBX-OracleStrategy-000,GLBX-001,GLBX-1-291,MARKET,BUY,1,GTC,False,False,1,TAKER,6683.25,0.0,['0.00 USD'],NO_TRIGGER,FILLED,NO_CONTINGENCY,,,,MY_GENERIC_ALGO,,O-20260308-223139-001-000-293,,0c9e9633-f161-44d5-81f5-2785a79e1a78,2026-03-08 22:31:39.712221392+00:00,2026-03-08 22:31:39.712221392+00:00
BACKTESTER-001,OracleStrategy-000,MESM6.GLBX,GLBX-1-292,MESM6.GLBX-OracleStrategy-000,GLBX-001,GLBX-1-292,MARKET,SELL,1,GTC,True,False,1,TAKER,6682.5,0.0,['0.00 USD'],NO_TRIGGER,FILLED,NO_CONTINGENCY,,,,MY_GENERIC_ALGO,,O-20260308-223150-001-000-294,,cf747304-13cb-4fb2-b4b7-5537da9ae055,2026-03-08 22:31:50.838014536+00:00,2026-03-08 22:31:50.838014536+00:00
BACKTESTER-001,OracleStrategy-000,MESM6.GLBX,GLBX-1-293,MESM6.GLBX-OracleStrategy-000,GLBX-001,GLBX-1-293,MARKET,SELL,1,GTC,False,False,1,TAKER,6682.5,0.0,['0.00 USD'],NO_TRIGGER,FILLED,NO_CONTINGENCY,,,,MY_GENERIC_ALGO,,O-20260308-223150-001-000-295,,878ef8af-8019-403c-abd4-a6ad7182a0f2,2026-03-08 22:31:50.838014536+00:00,2026-03-08 22:31:50.838014536+00:00
BACKTESTER-001,OracleStrategy-000,MESM6.GLBX,GLBX-1-294,MESM6.GLBX-OracleStrategy-000,GLBX-001,GLBX-1-294,MARKET,BUY,1,GTC,True,False,1,TAKER,6683.25,0.0,['0.00 USD'],NO_TRIGGER,FILLED,NO_CONTINGENCY,,,,MY_GENERIC_ALGO,,O-20260308-223231-001-000-296,,5fd9ba72-2307-473b-9e26-96985fd38e55,2026-03-08 22:32:31.179617085+00:00,2026-03-08 22:32:31.179617085+00:00
BACKTESTER-001,OracleStrategy-000,MESM6.GLBX,GLBX-1-295,MESM6.GLBX-OracleStrategy-000,GLBX-001,GLBX-1-295,MARKET,BUY,1,GTC,False,False,1,TAKER,6683.25,0.0,['0.00 USD'],NO_TRIGGER,FILLED,NO_CONTINGENCY,,,,MY_GENERIC_ALGO,,O-20260308-223231-001-000-297,,84eb5466-1cfd-46a1-b86a-e770f4badefd,2026-03-08 22:32:31.179617085+00:00,2026-03-08 22:32:31.179617085+00:00
BACKTESTER-001,OracleStrategy-000,MESM6.GLBX,GLBX-1-296,MESM6.GLBX-OracleStrategy-000,GLBX-001,GLBX-1-296,MARKET,SELL,1,GTC,True,False,1,TAKER,6683.0,0.0,['0.00 USD'],NO_TRIGGER,FILLED,NO_CONTINGENCY,,,,MY_GENERIC_ALGO,,O-20260308-223238-001-000-298,,a5e9c67a-3fba-4238-8456-134fd6f8439c,2026-03-08 22:32:38.898400145+00:00,2026-03-08 22:32:38.898400145+00:00
BACKTESTER-001,OracleStrategy-000,MESM6.GLBX,GLBX-1-297,MESM6.GLBX-OracleStrategy-000,GLBX-001,GLBX-1-297,MARKET,SELL,1,GTC,False,False,1,TAKER,6683.0,0.0,['0.00 USD'],NO_TRIGGER,FILLED,NO_CONTINGENCY,,,,MY_GENERIC_ALGO,,O-20260308-223238-001-000-299,,b1928e97-2d3a-4674-8ea5-e5b766b0320b,2026-03-08 22:32:38.898400145+00:00,2026-03-08 22:32:38.898400145+00:00
BACKTESTER-001,OracleStrategy-000,MESM6.GLBX,GLBX-1-298,MESM6.GLBX-OracleStrategy-000,GLBX-001,GLBX-1-298,MARKET,BUY,1,GTC,True,False,1,TAKER,6682.75,0.0,['0.00 USD'],NO_TRIGGER,FILLED,NO_CONTINGENCY,,,,MY_GENERIC_ALGO,,O-20260308-223242-001-000-300,,1a742620-0bf9-41d2-8faa-b3f2b1ece53d,2026-03-08 22:32:42.847291055+00:00,2026-03-08 22:32:42.847291055+00:00
BACKTESTER-001,OracleStrategy-000,MESM6.GLBX,GLBX-1-299,MESM6.GLBX-OracleStrategy-000,GLBX-001,GLBX-1-299,MARKET,BUY,1,GTC,False,False,1,TAKER,6682.75,0.0,['0.00 USD'],NO_TRIGGER,FILLED,NO_CONTINGENCY,,,,MY_GENERIC_ALGO,,O-20260308-223242-001-000-301,,44226069-7045-4cc1-8116-af08bf5836c3,2026-03-08 22:32:42.847291055+00:00,2026-03-08 22:32:42.847291055+00:00
BACKTESTER-001,OracleStrategy-000,MESM6.GLBX,GLBX-1-300,MESM6.GLBX-OracleStrategy-000,GLBX-001,GLBX-1-300,MARKET,SELL,1,GTC,True,False,1,TAKER,6683.75,0.0,['0.00 USD'],NO_TRIGGER,FILLED,NO_CONTINGENCY,,,,MY_GENERIC_ALGO,,O-20260308-223249-001-000-302,,bdbb62a9-c3d6-49dc-a64a-1e2e615f8936,2026-03-08 22:32:49.706159130+00:00,2026-03-08 22:32:49.706159130+00:00
BACKTESTER-001,OracleStrategy-000,MESM6.GLBX,GLBX-1-301,MESM6.GLBX-OracleStrategy-000,GLBX-001,GLBX-1-301,MARKET,SELL,1,GTC,False,False,1,TAKER,6683.75,0.0,['0.00 USD'],NO_TRIGGER,FILLED,NO_CONTINGENCY,,,,MY_GENERIC_ALGO,,O-20260308-223249-001-000-303,,dc38c0fe-e170-4f1b-b6b3-2c12460b3137,2026-03-08 22:32:49.706159130+00:00,2026-03-08 22:32:49.706159130+00:00
BACKTESTER-001,OracleStrategy-000,MESM6.GLBX,GLBX-1-302,MESM6.GLBX-OracleStrategy-000,GLBX-001,GLBX-1-302,MARKET,BUY,1,GTC,True,False,1,TAKER,6683.5,0.0,['0.00 USD'],NO_TRIGGER,FILLED,NO_CONTINGENCY,,,,MY_GENERIC_ALGO,,O-20260308-223258-001-000-304,,26bc8935-233e-4592-a6e6-afd994c1e806,2026-03-08 22:32:58.522434776+00:00,2026-03-08 22:32:58.522434776+00:00
BACKTESTER-001,OracleStrategy-000,MESM6.GLBX,GLBX-1-303,MESM6.GLBX-OracleStrategy-000,GLBX-001,GLBX-1-303,MARKET,BUY,1,GTC,False,False,1,TAKER,6683.5,0.0,['0.00 USD'],NO_TRIGGER,FILLED,NO_CONTINGENCY,,,,MY_GENERIC_ALGO,,O-20260308-223258-001-000-305,,e87bd8b5-d298-44e6-a1f9-a1256e541b74,2026-03-08 22:32:58.522434776+00:00,2026-03-08 22:32:58.522434776+00:00
BACKTESTER-001,OracleStrategy-000,MESM6.GLBX,GLBX-1-304,MESM6.GLBX-OracleStrategy-000,GLBX-001,GLBX-1-304,MARKET,SELL,1,GTC,True,False,1,TAKER,6684.25,0.0,['0.00 USD'],NO_TRIGGER,FILLED,NO_CONTINGENCY,,,,MY_GENERIC_ALGO,,O-20260308-223300-001-000-306,,cd894af0-86be-4a28-a97f-5f8e9338343a,2026-03-08 22:33:00.110882450+00:00,2026-03-08 22:33:00.110882450+00:00
BACKTESTER-001,OracleStrategy-000,MESM6.GLBX,GLBX-1-305,MESM6.GLBX-OracleStrategy-000,GLBX-001,GLBX-1-305,MARKET,SELL,1,GTC,False,False,1,TAKER,6684.25,0.0,['0.00 USD'],NO_TRIGGER,FILLED,NO_CONTINGENCY,,,,MY_GENERIC_ALGO,,O-20260308-223300-001-000-307,,45f699ef-6445-4251-bce8-03449f8013a2,2026-03-08 22:33:00.110882450+00:00,2026-03-08 22:33:00.110882450+00:00
BACKTESTER-001,OracleStrategy-000,MESM6.GLBX,GLBX-1-306,MESM6.GLBX-OracleStrategy-000,GLBX-001,GLBX-1-306,MARKET,BUY,1,GTC,True,False,1,TAKER,6686.0,0.0,['0.00 USD'],NO_TRIGGER,FILLED,NO_CONTINGENCY,,,,MY_GENERIC_ALGO,,O-20260308-223305-001-000-308,,31834cb7-ca8b-4638-853a-9794d84f1efd,2026-03-08 22:33:05.885651647+00:00,2026-03-08 22:33:05.885651647+00:00
BACKTESTER-001,OracleStrategy-000,MESM6.GLBX,GLBX-1-307,MESM6.GLBX-OracleStrategy-000,GLBX-001,GLBX-1-307,MARKET,BUY,1,GTC,False,False,1,TAKER,6686.0,0.0,['0.00 USD'],NO_TRIGGER,FILLED,NO_CONTINGENCY,,,,MY_GENERIC_ALGO,,O-20260308-223305-001-000-309,,1f37200a-d5f1-4d39-8fea-d4ee6d88b2bc,2026-03-08 22:33:05.885651647+00:00,2026-03-08 22:33:05.885651647+00:00
BACKTESTER-001,OracleStrategy-000,MESM6.GLBX,GLBX-1-308,MESM6.GLBX-OracleStrategy-000,GLBX-001,GLBX-1-308,MARKET,SELL,1,GTC,True,False,1,TAKER,6685.5,0.0,['0.00 USD'],NO_TRIGGER,FILLED,NO_CONTINGENCY,,,,MY_GENERIC_ALGO,,O-20260308-223310-001-000-310,,1a003b52-bf4b-41a4-967d-fdbf6f248ad4,2026-03-08 22:33:10.185359835+00:00,2026-03-08 22:33:10.185359835+00:00
BACKTESTER-001,OracleStrategy-000,MESM6.GLBX,GLBX-1-309,MESM6.GLBX-OracleStrategy-000,GLBX-001,GLBX-1-309,MARKET,SELL,1,GTC,False,False,1,TAKER,6685.5,0.0,['0.00 USD'],NO_TRIGGER,FILLED,NO_CONTINGENCY,,,,MY_GENERIC_ALGO,,O-20260308-223310-001-000-311,,13e9106d-c7e8-4552-8ef5-4b971687e765,2026-03-08 22:33:10.185359835+00:00,2026-03-08 22:33:10.185359835+00:00
BACKTESTER-001,OracleStrategy-000,MESM6.GLBX,GLBX-1-310,MESM6.GLBX-OracleStrategy-000,GLBX-001,GLBX-1-310,MARKET,BUY,1,GTC,True,False,1,TAKER,6686.5,0.0,['0.00 USD'],NO_TRIGGER,FILLED,NO_CONTINGENCY,,,,MY_GENERIC_ALGO,,O-20260308-223339-001-000-312,,15059e43-06e9-4e07-aa42-c90fe0dfd27e,2026-03-08 22:33:39.944381643+00:00,2026-03-08 22:33:39.944381643+00:00
BACKTESTER-001,OracleStrategy-000,MESM6.GLBX,GLBX-1-311,MESM6.GLBX-OracleStrategy-000,GLBX-001,GLBX-1-311,MARKET,BUY,1,GTC,False,False,1,TAKER,6686.5,0.0,['0.00 USD'],NO_TRIGGER,FILLED,NO_CONTINGENCY,,,,MY_GENERIC_ALGO,,O-20260308-223339-001-000-313,,f1e66c15-5151-43e0-b48d-5de15a87b4b3,2026-03-08 22:33:39.944381643+00:00,2026-03-08 22:33:39.944381643+00:00
BACKTESTER-001,OracleStrategy-000,MESM6.GLBX,GLBX-1-312,MESM6.GLBX-OracleStrategy-000,GLBX-001,GLBX-1-312,MARKET,SELL,1,GTC,True,False,1,TAKER,6686.75,0.0,['0.00 USD'],NO_TRIGGER,FILLED,NO_CONTINGENCY,,,,MY_GENERIC_ALGO,,O-20260308-223359-001-000-314,,6348ffeb-0fe0-4c83-b5af-5443d6f3912a,2026-03-08 22:33:59.852168742+00:00,2026-03-08 22:33:59.852168742+00:00
BACKTESTER-001,OracleStrategy-000,MESM6.GLBX,GLBX-1-313,MESM6.GLBX-OracleStrategy-000,GLBX-001,GLBX-1-313,MARKET,SELL,1,GTC,False,False,1,TAKER,6686.75,0.0,['0.00 USD'],NO_TRIGGER,FILLED,NO_CONTINGENCY,,,,MY_GENERIC_ALGO,,O-20260308-223359-001-000-315,,e28e99ac-d697-4942-89c0-94daac284637,2026-03-08 22:33:59.852168742+00:00,2026-03-08 22:33:59.852168742+00:00
BACKTESTER-001,OracleStrategy-000,MESM6.GLBX,GLBX-1-314,MESM6.GLBX-OracleStrategy-000,GLBX-001,GLBX-1-314,MARKET,BUY,1,GTC,True,False,1,TAKER,6686.5,0.0,['0.00 USD'],NO_TRIGGER,FILLED,NO_CONTINGENCY,,,,MY_GENERIC_ALGO,,O-20260308-223407-001-000-316,,2b7467e8-1ee7-4456-b7ce-aef72bd107a8,2026-03-08 22:34:07.720502912+00:00,2026-03-08 22:34:07.720502912+00:00
BACKTESTER-001,OracleStrategy-000,MESM6.GLBX,GLBX-1-315,MESM6.GLBX-OracleStrategy-000,GLBX-001,GLBX-1-315,MARKET,BUY,1,GTC,False,False,1,TAKER,6686.5,0.0,['0.00 USD'],NO_TRIGGER,FILLED,NO_CONTINGENCY,,,,MY_GENERIC_ALGO,,O-20260308-223407-001-000-317,,a23942a3-a894-4170-993a-9a6702676270,2026-03-08 22:34:07.720502912+00:00,2026-03-08 22:34:07.720502912+00:00
BACKTESTER-001,OracleStrategy-000,MESM6.GLBX,GLBX-1-316,MESM6.GLBX-OracleStrategy-000,GLBX-001,GLBX-1-316,MARKET,SELL,1,GTC,True,False,1,TAKER,6687.0,0.0,['0.00 USD'],NO_TRIGGER,FILLED,NO_CONTINGENCY,,,,MY_GENERIC_ALGO,,O-20260308-223418-001-000-318,,40251797-352d-4839-b3f3-881240dba1eb,2026-03-08 22:34:18.934309650+00:00,2026-03-08 22:34:18.934309650+00:00
BACKTESTER-001,OracleStrategy-000,MESM6.GLBX,GLBX-1-317,MESM6.GLBX-OracleStrategy-000,GLBX-001,GLBX-1-317,MARKET,SELL,1,GTC,False,False,1,TAKER,6687.0,0.0,['0.00 USD'],NO_TRIGGER,FILLED,NO_CONTINGENCY,,,,MY_GENERIC_ALGO,,O-20260308-223418-001-000-319,,39ab04f4-3156-408a-aca7-8961e13aeca0,2026-03-08 22:34:18.934309650+00:00,2026-03-08 22:34:18.934309650+00:00
BACKTESTER-001,OracleStrategy-000,MESM6.GLBX,GLBX-1-318,MESM6.GLBX-OracleStrategy-000,GLBX-001,GLBX-1-318,MARKET,BUY,1,GTC,True,False,1,TAKER,6686.75,0.0,['0.00 USD'],NO_TRIGGER,FILLED,NO_CONTINGENCY,,,,MY_GENERIC_ALGO,,O-20260308-223423-001-000-320,,192962c6-7593-4f48-8f23-03791a06bfe2,2026-03-08 22:34:23.263460994+00:00,2026-03-08 22:34:23.263460994+00:00
BACKTESTER-001,OracleStrategy-000,MESM6.GLBX,GLBX-1-319,MESM6.GLBX-OracleStrategy-000,GLBX-001,GLBX-1-319,MARKET,BUY,1,GTC,False,False,1,TAKER,6686.75,0.0,['0.00 USD'],NO_TRIGGER,FILLED,NO_CONTINGENCY,,,,MY_GENERIC_ALGO,,O-20260308-223423-001-000-321,,ba4662be-4362-4d71-92cc-ea967a13ec5f,2026-03-08 22:34:23.263460994+00:00,2026-03-08 22:34:23.263460994+00:00
BACKTESTER-001,OracleStrategy-000,MESM6.GLBX,GLBX-1-320,MESM6.GLBX-OracleStrategy-000,GLBX-001,GLBX-1-320,MARKET,SELL,1,GTC,True,False,1,TAKER,6686.5,0.0,['0.00 USD'],NO_TRIGGER,FILLED,NO_CONTINGENCY,,,,MY_GENERIC_ALGO,,O-20260308-223434-001-000-322,,d28a5eb9-bc8b-4ec9-855e-d07bae5426de,2026-03-08 22:34:34.840949139+00:00,2026-03-08 22:34:34.840949139+00:00
BACKTESTER-001,OracleStrategy-000,MESM6.GLBX,GLBX-1-321,MESM6.GLBX-OracleStrategy-000,GLBX-001,GLBX-1-321,MARKET,SELL,1,GTC,False,False,1,TAKER,6686.5,0.0,['0.00 USD'],NO_TRIGGER,FILLED,NO_CONTINGENCY,,,,MY_GENERIC_ALGO,,O-20260308-223434-001-000-323,,590a751a-80a5-49e3-a16f-73b33a8f83f7,2026-03-08 22:34:34.840949139+00:00,2026-03-08 22:34:34.840949139+00:00
BACKTESTER-001,OracleStrategy-000,MESM6.GLBX,GLBX-1-322,MESM6.GLBX-OracleStrategy-000,GLBX-001,GLBX-1-322,MARKET,BUY,1,GTC,True,False,1,TAKER,6686.75,0.0,['0.00 USD'],NO_TRIGGER,FILLED,NO_CONTINGENCY,,,,MY_GENERIC_ALGO,,O-20260308-223454-001-000-324,,9b954778-97d7-466a-b108-9b582b1fcb17,2026-03-08 22:34:54.739812637+00:00,2026-03-08 22:34:54.739812637+00:00
BACKTESTER-001,OracleStrategy-000,MESM6.GLBX,GLBX-1-323,MESM6.GLBX-OracleStrategy-000,GLBX-001,GLBX-1-323,MARKET,BUY,1,GTC,False,False,1,TAKER,6686.75,0.0,['0.00 USD'],NO_TRIGGER,FILLED,NO_CONTINGENCY,,,,MY_GENERIC_ALGO,,O-20260308-223454-001-000-325,,266f9a21-e9c9-4eec-b706-1b969126c830,2026-03-08 22:34:54.739812637+00:00,2026-03-08 22:34:54.739812637+00:00
BACKTESTER-001,OracleStrategy-000,MESM6.GLBX,GLBX-1-324,MESM6.GLBX-OracleStrategy-000,GLBX-001,GLBX-1-324,MARKET,SELL,1,GTC,True,False,1,TAKER,6685.5,0.0,['0.00 USD'],NO_TRIGGER,FILLED,NO_CONTINGENCY,,,,MY_GENERIC_ALGO,,O-20260308-223516-001-000-326,,f1ae68bf-5081-4bb6-af6c-96bb52e448c8,2026-03-08 22:35:16.047955983+00:00,2026-03-08 22:35:16.047955983+00:00
BACKTESTER-001,OracleStrategy-000,MESM6.GLBX,GLBX-1-325,MESM6.GLBX-OracleStrategy-000,GLBX-001,GLBX-1-325,MARKET,SELL,1,GTC,False,False,1,TAKER,6685.5,0.0,['0.00 USD'],NO_TRIGGER,FILLED,NO_CONTINGENCY,,,,MY_GENERIC_ALGO,,O-20260308-223516-001-000-327,,6b9d9489-e484-4632-a615-59d0d29e1f09,2026-03-08 22:35:16.047955983+00:00,2026-03-08 22:35:16.047955983+00:00
BACKTESTER-001,OracleStrategy-000,MESM6.GLBX,GLBX-1-326,MESM6.GLBX-OracleStrategy-000,GLBX-001,GLBX-1-326,MARKET,BUY,1,GTC,True,False,1,TAKER,6687.25,0.0,['0.00 USD'],NO_TRIGGER,FILLED,NO_CONTINGENCY,,,,MY_GENERIC_ALGO,,O-20260308-223556-001-000-328,,4e14b268-f5f5-4515-83bb-eb5a35f836fe,2026-03-08 22:35:56.819279667+00:00,2026-03-08 22:35:56.819279667+00:00
BACKTESTER-001,OracleStrategy-000,MESM6.GLBX,GLBX-1-327,MESM6.GLBX-OracleStrategy-000,GLBX-001,GLBX-1-327,MARKET,BUY,1,GTC,False,False,1,TAKER,6687.25,0.0,['0.00 USD'],NO_TRIGGER,FILLED,NO_CONTINGENCY,,,,MY_GENERIC_ALGO,,O-20260308-223556-001-000-329,,500bdb6f-d062-4123-8dfc-370b613925a1,2026-03-08 22:35:56.819279667+00:00,2026-03-08 22:35:56.819279667+00:00
BACKTESTER-001,OracleStrategy-000,MESM6.GLBX,GLBX-1-328,MESM6.GLBX-OracleStrategy-000,GLBX-001,GLBX-1-328,MARKET,SELL,1,GTC,True,False,1,TAKER,6686.5,0.0,['0.00 USD'],NO_TRIGGER,FILLED,NO_CONTINGENCY,,,,MY_GENERIC_ALGO,,O-20260308-223601-001-000-330,,ebe89469-64d9-4b38-bbaf-74aa3990a142,2026-03-08 22:36:01.854635640+00:00,2026-03-08 22:36:01.854635640+00:00
BACKTESTER-001,OracleStrategy-000,MESM6.GLBX,GLBX-1-329,MESM6.GLBX-OracleStrategy-000,GLBX-001,GLBX-1-329,MARKET,SELL,1,GTC,False,False,1,TAKER,6686.5,0.0,['0.00 USD'],NO_TRIGGER,FILLED,NO_CONTINGENCY,,,,MY_GENERIC_ALGO,,O-20260308-223601-001-000-331,,e2d30e43-737c-4f6e-b412-ceedcf76aef1,2026-03-08 22:36:01.854635640+00:00,2026-03-08 22:36:01.854635640+00:00
BACKTESTER-001,OracleStrategy-000,MESM6.GLBX,GLBX-1-330,MESM6.GLBX-OracleStrategy-000,GLBX-001,GLBX-1-330,MARKET,BUY,1,GTC,True,False,1,TAKER,6687.5,0.0,['0.00 USD'],NO_TRIGGER,FILLED,NO_CONTINGENCY,,,,MY_GENERIC_ALGO,,O-20260308-223610-001-000-332,,f6056fbf-3ef9-44e8-9992-bdc699047952,2026-03-08 22:36:10.356615371+00:00,2026-03-08 22:36:10.356615371+00:00
BACKTESTER-001,OracleStrategy-000,MESM6.GLBX,GLBX-1-331,MESM6.GLBX-OracleStrategy-000,GLBX-001,GLBX-1-331,MARKET,BUY,1,GTC,False,False,1,TAKER,6687.5,0.0,['0.00 USD'],NO_TRIGGER,FILLED,NO_CONTINGENCY,,,,MY_GENERIC_ALGO,,O-20260308-223610-001-000-333,,ea3cd79b-a003-48e0-9ed6-f1c25755ad2e,2026-03-08 22:36:10.356615371+00:00,2026-03-08 22:36:10.356615371+00:00
BACKTESTER-001,OracleStrategy-000,MESM6.GLBX,GLBX-1-332,MESM6.GLBX-OracleStrategy-000,GLBX-001,GLBX-1-332,MARKET,SELL,1,GTC,True,False,1,TAKER,6689.25,0.0,['0.00 USD'],NO_TRIGGER,FILLED,NO_CONTINGENCY,,,,MY_GENERIC_ALGO,,O-20260308-223624-001-000-334,,edc8d96e-0c93-4a9d-8a79-fbaabddb38aa,2026-03-08 22:36:24.366094015+00:00,2026-03-08 22:36:24.366094015+00:00
BACKTESTER-001,OracleStrategy-000,MESM6.GLBX,GLBX-1-333,MESM6.GLBX-OracleStrategy-000,GLBX-001,GLBX-1-333,MARKET,SELL,1,GTC,False,False,1,TAKER,6689.25,0.0,['0.00 USD'],NO_TRIGGER,FILLED,NO_CONTINGENCY,,,,MY_GENERIC_ALGO,,O-20260308-223624-001-000-335,,9142c3af-ea90-4ae7-a9e4-636d40d1b6f5,2026-03-08 22:36:24.366094015+00:00,2026-03-08 22:36:24.366094015+00:00
BACKTESTER-001,OracleStrategy-000,MESM6.GLBX,GLBX-1-334,MESM6.GLBX-OracleStrategy-000,GLBX-001,GLBX-1-334,MARKET,BUY,1,GTC,True,False,1,TAKER,6688.75,0.0,['0.00 USD'],NO_TRIGGER,FILLED,NO_CONTINGENCY,,,,MY_GENERIC_ALGO,,O-20260308-223641-001-000-336,,6e9c13ce-8a1a-4d0e-a011-01aa05e10dad,2026-03-08 22:36:41.573204170+00:00,2026-03-08 22:36:41.573204170+00:00
BACKTESTER-001,OracleStrategy-000,MESM6.GLBX,GLBX-1-335,MESM6.GLBX-OracleStrategy-000,GLBX-001,GLBX-1-335,MARKET,BUY,1,GTC,False,False,1,TAKER,6688.75,0.0,['0.00 USD'],NO_TRIGGER,FILLED,NO_CONTINGENCY,,,,MY_GENERIC_ALGO,,O-20260308-223641-001-000-337,,24e794ee-7273-4fb5-9262-c5578ae326e8,2026-03-08 22:36:41.573204170+00:00,2026-03-08 22:36:41.573204170+00:00
BACKTESTER-001,OracleStrategy-000,MESM6.GLBX,GLBX-1-336,MESM6.GLBX-OracleStrategy-000,GLBX-001,GLBX-1-336,MARKET,SELL,1,GTC,True,False,1,TAKER,6688.25,0.0,['0.00 USD'],NO_TRIGGER,FILLED,NO_CONTINGENCY,,,,MY_GENERIC_ALGO,,O-20260308-223643-001-000-338,,10b98705-0fba-46df-a56e-d33a018fb02e,2026-03-08 22:36:43.608544795+00:00,2026-03-08 22:36:43.608544795+00:00
BACKTESTER-001,OracleStrategy-000,MESM6.GLBX,GLBX-1-337,MESM6.GLBX-OracleStrategy-000,GLBX-001,GLBX-1-337,MARKET,SELL,1,GTC,False,False,1,TAKER,6688.25,0.0,['0.00 USD'],NO_TRIGGER,FILLED,NO_CONTINGENCY,,,,MY_GENERIC_ALGO,,O-20260308-223643-001-000-339,,5cba3d5c-da44-4778-b2f1-f67aded74e54,2026-03-08 22:36:43.608544795+00:00,2026-03-08 22:36:43.608544795+00:00
BACKTESTER-001,OracleStrategy-000,MESM6.GLBX,GLBX-1-338,MESM6.GLBX-OracleStrategy-000,GLBX-001,GLBX-1-338,MARKET,BUY,1,GTC,True,False,1,TAKER,6688.0,0.0,['0.00 USD'],NO_TRIGGER,FILLED,NO_CONTINGENCY,,,,MY_GENERIC_ALGO,,O-20260308-223702-001-000-340,,871fe6ad-443f-4739-94c4-3581608acf35,2026-03-08 22:37:02.462724083+00:00,2026-03-08 22:37:02.462724083+00:00
BACKTESTER-001,OracleStrategy-000,MESM6.GLBX,GLBX-1-339,MESM6.GLBX-OracleStrategy-000,GLBX-001,GLBX-1-339,MARKET,BUY,1,GTC,False,False,1,TAKER,6688.0,0.0,['0.00 USD'],NO_TRIGGER,FILLED,NO_CONTINGENCY,,,,MY_GENERIC_ALGO,,O-20260308-223702-001-000-341,,48d035fd-5e24-49d9-a66c-e509f28c0d33,2026-03-08 22:37:02.462724083+00:00,2026-03-08 22:37:02.462724083+00:00
BACKTESTER-001,OracleStrategy-000,MESM6.GLBX,GLBX-1-340,MESM6.GLBX-OracleStrategy-000,GLBX-001,GLBX-1-340,MARKET,SELL,1,GTC,True,False,1,TAKER,6687.0,0.0,['0.00 USD'],NO_TRIGGER,FILLED,NO_CONTINGENCY,,,,MY_GENERIC_ALGO,,O-20260308-223710-001-000-342,,fb4e6848-c14f-42d3-94e1-4a8da8a312c1,2026-03-08 22:37:10.330196984+00:00,2026-03-08 22:37:10.330196984+00:00
BACKTESTER-001,OracleStrategy-000,MESM6.GLBX,GLBX-1-341,MESM6.GLBX-OracleStrategy-000,GLBX-001,GLBX-1-341,MARKET,SELL,1,GTC,False,False,1,TAKER,6687.5,0.0,['0.00 USD'],NO_TRIGGER,FILLED,NO_CONTINGENCY,,,,MY_GENERIC_ALGO,,O-20260308-223728-001-000-344,,93090103-9095-40cc-9fb2-3807167b3026,2026-03-08 22:37:28.687225568+00:00,2026-03-08 22:37:28.687225568+00:00
BACKTESTER-001,OracleStrategy-000,MESM6.GLBX,GLBX-1-342,MESM6.GLBX-OracleStrategy-000,GLBX-001,GLBX-1-342,MARKET,BUY,1,GTC,True,False,1,TAKER,6687.0,0.0,['0.00 USD'],NO_TRIGGER,FILLED,NO_CONTINGENCY,,,,MY_GENERIC_ALGO,,O-20260308-223805-001-000-345,,afe5f29c-2491-44c1-a114-457ed1b1aa64,2026-03-08 22:38:05.844122210+00:00,2026-03-08 22:38:05.844122210+00:00
BACKTESTER-001,OracleStrategy-000,MESM6.GLBX,GLBX-1-343,MESM6.GLBX-OracleStrategy-000,GLBX-001,GLBX-1-343,MARKET,BUY,1,GTC,False,False,1,TAKER,6687.0,0.0,['0.00 USD'],NO_TRIGGER,FILLED,NO_CONTINGENCY,,,,MY_GENERIC_ALGO,,O-20260308-223805-001-000-346,,3e11e3c7-9911-4f65-9e51-04ea3fa28ab5,2026-03-08 22:38:05.844122210+00:00,2026-03-08 22:38:05.844122210+00:00
BACKTESTER-001,OracleStrategy-000,MESM6.GLBX,GLBX-1-344,MESM6.GLBX-OracleStrategy-000,GLBX-001,GLBX-1-344,MARKET,SELL,1,GTC,True,False,1,TAKER,6686.0,0.0,['0.00 USD'],NO_TRIGGER,FILLED,NO_CONTINGENCY,,,,MY_GENERIC_ALGO,,O-20260308-223847-001-000-347,,ec385e18-1f9d-4727-b0dd-f1f324297e17,2026-03-08 22:38:47.009297704+00:00,2026-03-08 22:38:47.009297704+00:00
BACKTESTER-001,OracleStrategy-000,MESM6.GLBX,GLBX-1-345,MESM6.GLBX-OracleStrategy-000,GLBX-001,GLBX-1-345,MARKET,SELL,1,GTC,False,False,1,TAKER,6686.0,0.0,['0.00 USD'],NO_TRIGGER,FILLED,NO_CONTINGENCY,,,,MY_GENERIC_ALGO,,O-20260308-223847-001-000-348,,999bef90-d32b-429c-8c01-c035a34c2a74,2026-03-08 22:38:47.009297704+00:00,2026-03-08 22:38:47.009297704+00:00
BACKTESTER-001,OracleStrategy-000,MESM6.GLBX,GLBX-1-346,MESM6.GLBX-OracleStrategy-000,GLBX-001,GLBX-1-346,MARKET,BUY,1,GTC,True,False,1,TAKER,6685.0,0.0,['0.00 USD'],NO_TRIGGER,FILLED,NO_CONTINGENCY,,,,MY_GENERIC_ALGO,,O-20260308-223901-001-000-349,,b0a739c0-e2ca-45bb-ae4a-db48f0c67051,2026-03-08 22:39:01.216475691+00:00,2026-03-08 22:39:01.216475691+00:00
BACKTESTER-001,OracleStrategy-000,MESM6.GLBX,GLBX-1-347,MESM6.GLBX-OracleStrategy-000,GLBX-001,GLBX-1-347,MARKET,BUY,1,GTC,False,False,1,TAKER,6685.0,0.0,['0.00 USD'],NO_TRIGGER,FILLED,NO_CONTINGENCY,,,,MY_GENERIC_ALGO,,O-20260308-223901-001-000-350,,7d870ead-5337-45be-9188-1cade8338f9e,2026-03-08 22:39:01.216475691+00:00,2026-03-08 22:39:01.216475691+00:00
BACKTESTER-001,OracleStrategy-000,MESM6.GLBX,GLBX-1-348,MESM6.GLBX-OracleStrategy-000,GLBX-001,GLBX-1-348,MARKET,SELL,1,GTC,True,False,1,TAKER,6684.5,0.0,['0.00 USD'],NO_TRIGGER,FILLED,NO_CONTINGENCY,,,,MY_GENERIC_ALGO,,O-20260308-223907-001-000-351,,2ded5064-7f01-4d13-976c-48d8c21f33d3,2026-03-08 22:39:07.974665549+00:00,2026-03-08 22:39:07.974665549+00:00
BACKTESTER-001,OracleStrategy-000,MESM6.GLBX,GLBX-1-349,MESM6.GLBX-OracleStrategy-000,GLBX-001,GLBX-1-349,MARKET,SELL,1,GTC,False,False,1,TAKER,6684.5,0.0,['0.00 USD'],NO_TRIGGER,FILLED,NO_CONTINGENCY,,,,MY_GENERIC_ALGO,,O-20260308-223907-001-000-352,,6a6ac412-5151-4f74-89b6-2af10ba45e6a,2026-03-08 22:39:07.974665549+00:00,2026-03-08 22:39:07.974665549+00:00
BACKTESTER-001,OracleStrategy-000,MESM6.GLBX,GLBX-1-350,MESM6.GLBX-OracleStrategy-000,GLBX-001,GLBX-1-350,MARKET,BUY,1,GTC,True,False,1,TAKER,6688.25,0.0,['0.00 USD'],NO_TRIGGER,FILLED,NO_CONTINGENCY,,,,MY_GENERIC_ALGO,,O-20260308-223941-001-000-353,,9010a80e-45ed-4ad6-ad5a-b353b78d995f,2026-03-08 22:39:41.817635800+00:00,2026-03-08 22:39:41.817635800+00:00
BACKTESTER-001,OracleStrategy-000,MESM6.GLBX,GLBX-1-351,MESM6.GLBX-OracleStrategy-000,GLBX-001,GLBX-1-351,MARKET,BUY,1,GTC,False,False,1,TAKER,6688.25,0.0,['0.00 USD'],NO_TRIGGER,FILLED,NO_CONTINGENCY,,,,MY_GENERIC_ALGO,,O-20260308-223941-001-000-354,,b50aa9ef-fb6d-43af-a49b-5b459f5c9f17,2026-03-08 22:39:41.817635800+00:00,2026-03-08 22:39:41.817635800+00:00
BACKTESTER-001,OracleStrategy-000,MESM6.GLBX,GLBX-1-352,MESM6.GLBX-OracleStrategy-000,GLBX-001,GLBX-1-352,MARKET,SELL,1,GTC,True,False,1,TAKER,6686.5,0.0,['0.00 USD'],NO_TRIGGER,FILLED,NO_CONTINGENCY,,,,MY_GENERIC_ALGO,,O-20260308-224042-001-000-355,,eb2f9008-37e8-4563-b860-21cf385845b8,2026-03-08 22:40:42.963542450+00:00,2026-03-08 22:40:42.963542450+00:00
BACKTESTER-001,OracleStrategy-000,MESM6.GLBX,GLBX-1-353,MESM6.GLBX-OracleStrategy-000,GLBX-001,GLBX-1-353,MARKET,SELL,1,GTC,False,False,1,TAKER,6686.5,0.0,['0.00 USD'],NO_TRIGGER,FILLED,NO_CONTINGENCY,,,,MY_GENERIC_ALGO,,O-20260308-224042-001-000-356,,70d276fc-875d-4bd2-a81e-67ba9054b1d2,2026-03-08 22:40:42.963542450+00:00,2026-03-08 22:40:42.963542450+00:00
BACKTESTER-001,OracleStrategy-000,MESM6.GLBX,GLBX-1-354,MESM6.GLBX-OracleStrategy-000,GLBX-001,GLBX-1-354,MARKET,BUY,1,GTC,True,False,1,TAKER,6686.0,0.0,['0.00 USD'],NO_TRIGGER,FILLED,NO_CONTINGENCY,,,,MY_GENERIC_ALGO,,O-20260308-224054-001-000-357,,a0e30091-50ab-41aa-9bfd-4083885d0bbd,2026-03-08 22:40:54.965330079+00:00,2026-03-08 22:40:54.965330079+00:00
BACKTESTER-001,OracleStrategy-000,MESM6.GLBX,GLBX-1-355,MESM6.GLBX-OracleStrategy-000,GLBX-001,GLBX-1-355,MARKET,BUY,1,GTC,False,False,1,TAKER,6686.0,0.0,['0.00 USD'],NO_TRIGGER,FILLED,NO_CONTINGENCY,,,,MY_GENERIC_ALGO,,O-20260308-224054-001-000-358,,44392b51-c882-4a67-bff8-c045de96fe98,2026-03-08 22:40:54.965330079+00:00,2026-03-08 22:40:54.965330079+00:00
BACKTESTER-001,OracleStrategy-000,MESM6.GLBX,GLBX-1-356,MESM6.GLBX-OracleStrategy-000,GLBX-001,GLBX-1-356,MARKET,SELL,1,GTC,True,False,1,TAKER,6685.75,0.0,['0.00 USD'],NO_TRIGGER,FILLED,NO_CONTINGENCY,,,,MY_GENERIC_ALGO,,O-20260308-224056-001-000-359,,b797a5d9-044f-4f81-a182-91c79294f9da,2026-03-08 22:40:56.204979458+00:00,2026-03-08 22:40:56.204979458+00:00
BACKTESTER-001,OracleStrategy-000,MESM6.GLBX,GLBX-1-357,MESM6.GLBX-OracleStrategy-000,GLBX-001,GLBX-1-357,MARKET,SELL,1,GTC,False,False,1,TAKER,6685.75,0.0,['0.00 USD'],NO_TRIGGER,FILLED,NO_CONTINGENCY,,,,MY_GENERIC_ALGO,,O-20260308-224056-001-000-360,,854fa334-acc5-46a4-8a21-d7ebc32c5a38,2026-03-08 22:40:56.204979458+00:00,2026-03-08 22:40:56.204979458+00:00
BACKTESTER-001,OracleStrategy-000,MESM6.GLBX,GLBX-1-358,MESM6.GLBX-OracleStrategy-000,GLBX-001,GLBX-1-358,MARKET,BUY,1,GTC,True,False,1,TAKER,6684.75,0.0,['0.00 USD'],NO_TRIGGER,FILLED,NO_CONTINGENCY,,,,MY_GENERIC_ALGO,,O-20260308-224121-001-000-361,,90ed3737-7228-4b94-8336-8dc75af3d9cb,2026-03-08 22:41:21.309552976+00:00,2026-03-08 22:41:21.309552976+00:00
BACKTESTER-001,OracleStrategy-000,MESM6.GLBX,GLBX-1-359,MESM6.GLBX-OracleStrategy-000,GLBX-001,GLBX-1-359,MARKET,BUY,1,GTC,False,False,1,TAKER,6684.75,0.0,['0.00 USD'],NO_TRIGGER,FILLED,NO_CONTINGENCY,,,,MY_GENERIC_ALGO,,O-20260308-224121-001-000-362,,cd9c09fb-63ef-4b4c-8517-1694ea84607c,2026-03-08 22:41:21.309552976+00:00,2026-03-08 22:41:21.309552976+00:00
BACKTESTER-001,OracleStrategy-000,MESM6.GLBX,GLBX-1-360,MESM6.GLBX-OracleStrategy-000,GLBX-001,GLBX-1-360,MARKET,SELL,1,GTC,True,False,1,TAKER,6685.0,0.0,['0.00 USD'],NO_TRIGGER,FILLED,NO_CONTINGENCY,,,,MY_GENERIC_ALGO,,O-20260308-224144-001-000-363,,6e8c9931-2366-40b9-863a-5027a435d3d2,2026-03-08 22:41:44.194192848+00:00,2026-03-08 22:41:44.194192848+00:00
BACKTESTER-001,OracleStrategy-000,MESM6.GLBX,GLBX-1-361,MESM6.GLBX-OracleStrategy-000,GLBX-001,GLBX-1-361,MARKET,SELL,1,GTC,False,False,1,TAKER,6685.0,0.0,['0.00 USD'],NO_TRIGGER,FILLED,NO_CONTINGENCY,,,,MY_GENERIC_ALGO,,O-20260308-224144-001-000-364,,c4779cb9-c8da-4ab6-a257-0cb821780b2d,2026-03-08 22:41:44.194192848+00:00,2026-03-08 22:41:44.194192848+00:00
BACKTESTER-001,OracleStrategy-000,MESM6.GLBX,GLBX-1-362,MESM6.GLBX-OracleStrategy-000,GLBX-001,GLBX-1-362,MARKET,BUY,1,GTC,True,False,1,TAKER,6682.5,0.0,['0.00 USD'],NO_TRIGGER,FILLED,NO_CONTINGENCY,,,,MY_GENERIC_ALGO,,O-20260308-224226-001-000-365,,b4d63ca2-caa4-49c7-b117-1654549d2dbb,2026-03-08 22:42:26.222452933+00:00,2026-03-08 22:42:26.222452933+00:00
BACKTESTER-001,OracleStrategy-000,MESM6.GLBX,GLBX-1-363,MESM6.GLBX-OracleStrategy-000,GLBX-001,GLBX-1-363,MARKET,BUY,1,GTC,False,False,1,TAKER,6682.5,0.0,['0.00 USD'],NO_TRIGGER,FILLED,NO_CONTINGENCY,,,,MY_GENERIC_ALGO,,O-20260308-224226-001-000-366,,f64f6b18-7547-4b45-9c9b-6bb9d4f54214,2026-03-08 22:42:26.222452933+00:00,2026-03-08 22:42:26.222452933+00:00
BACKTESTER-001,OracleStrategy-000,MESM6.GLBX,GLBX-1-364,MESM6.GLBX-OracleStrategy-000,GLBX-001,GLBX-1-364,MARKET,SELL,1,GTC,True,False,1,TAKER,6686.0,0.0,['0.00 USD'],NO_TRIGGER,FILLED,NO_CONTINGENCY,,,,MY_GENERIC_ALGO,,O-20260308-224335-001-000-367,,55d76edc-b220-47b0-8d1f-059cd3f34618,2026-03-08 22:43:35.658749048+00:00,2026-03-08 22:43:35.658749048+00:00
BACKTESTER-001,OracleStrategy-000,MESM6.GLBX,GLBX-1-365,MESM6.GLBX-OracleStrategy-000,GLBX-001,GLBX-1-365,MARKET,SELL,1,GTC,False,False,1,TAKER,6686.0,0.0,['0.00 USD'],NO_TRIGGER,FILLED,NO_CONTINGENCY,,,,MY_GENERIC_ALGO,,O-20260308-224335-001-000-368,,b08de769-c2ac-4091-83a6-87611d36dca6,2026-03-08 22:43:35.658749048+00:00,2026-03-08 22:43:35.658749048+00:00
BACKTESTER-001,OracleStrategy-000,MESM6.GLBX,GLBX-1-366,MESM6.GLBX-OracleStrategy-000,GLBX-001,GLBX-1-366,MARKET,BUY,1,GTC,True,False,1,TAKER,6682.5,0.0,['0.00 USD'],NO_TRIGGER,FILLED,NO_CONTINGENCY,,,,MY_GENERIC_ALGO,,O-20260308-224422-001-000-369,,91a7e8bc-3f72-452b-b622-17c3b0d52059,2026-03-08 22:44:22.061705061+00:00,2026-03-08 22:44:22.061705061+00:00
BACKTESTER-001,OracleStrategy-000,MESM6.GLBX,GLBX-1-367,MESM6.GLBX-OracleStrategy-000,GLBX-001,GLBX-1-367,MARKET,BUY,1,GTC,False,False,1,TAKER,6682.5,0.0,['0.00 USD'],NO_TRIGGER,FILLED,NO_CONTINGENCY,,,,MY_GENERIC_ALGO,,O-20260308-224422-001-000-370,,533377b9-483a-427f-b3bb-25a23c25ae32,2026-03-08 22:44:22.061705061+00:00,2026-03-08 22:44:22.061705061+00:00
BACKTESTER-001,OracleStrategy-000,MESM6.GLBX,GLBX-1-368,MESM6.GLBX-OracleStrategy-000,GLBX-001,GLBX-1-368,MARKET,SELL,1,GTC,True,False,1,TAKER,6681.25,0.0,['0.00 USD'],NO_TRIGGER,FILLED,NO_CONTINGENCY,,,,MY_GENERIC_ALGO,,O-20260308-224455-001-000-371,,090ad369-7c68-487b-a953-5c76e4b5c3cd,2026-03-08 22:44:55.633598618+00:00,2026-03-08 22:44:55.633598618+00:00
BACKTESTER-001,OracleStrategy-000,MESM6.GLBX,GLBX-1-369,MESM6.GLBX-OracleStrategy-000,GLBX-001,GLBX-1-369,MARKET,SELL,1,GTC,False,False,1,TAKER,6681.25,0.0,['0.00 USD'],NO_TRIGGER,FILLED,NO_CONTINGENCY,,,,MY_GENERIC_ALGO,,O-20260308-224455-001-000-372,,b553da8d-61fa-4a8a-90a4-ce27416ae534,2026-03-08 22:44:55.633598618+00:00,2026-03-08 22:44:55.633598618+00:00
BACKTESTER-001,OracleStrategy-000,MESM6.GLBX,GLBX-1-370,MESM6.GLBX-OracleStrategy-000,GLBX-001,GLBX-1-370,MARKET,BUY,1,GTC,True,False,1,TAKER,6688.75,0.0,['0.00 USD'],NO_TRIGGER,FILLED,NO_CONTINGENCY,,,,MY_GENERIC_ALGO,,O-20260308-224555-001-000-373,,e0bb3a73-9a77-47ea-8cbf-909adac1caa6,2026-03-08 22:45:55.583865728+00:00,2026-03-08 22:45:55.583865728+00:00
BACKTESTER-001,OracleStrategy-000,MESM6.GLBX,GLBX-1-371,MESM6.GLBX-OracleStrategy-000,GLBX-001,GLBX-1-371,MARKET,BUY,1,GTC,False,False,1,TAKER,6688.75,0.0,['0.00 USD'],NO_TRIGGER,FILLED,NO_CONTINGENCY,,,,MY_GENERIC_ALGO,,O-20260308-224555-001-000-374,,05b3b1f1-d325-468c-b8ba-b388db95a715,2026-03-08 22:45:55.583865728+00:00,2026-03-08 22:45:55.583865728+00:00
BACKTESTER-001,OracleStrategy-000,MESM6.GLBX,GLBX-1-372,MESM6.GLBX-OracleStrategy-000,GLBX-001,GLBX-1-372,MARKET,SELL,1,GTC,True,False,1,TAKER,6688.25,0.0,['0.00 USD'],NO_TRIGGER,FILLED,NO_CONTINGENCY,,,,MY_GENERIC_ALGO,,O-20260308-224619-001-000-375,,13b8d4ab-237d-4b9c-9179-05f06280eb00,2026-03-08 22:46:19.544408488+00:00,2026-03-08 22:46:19.544408488+00:00
BACKTESTER-001,OracleStrategy-000,MESM6.GLBX,GLBX-1-373,MESM6.GLBX-OracleStrategy-000,GLBX-001,GLBX-1-373,MARKET,SELL,1,GTC,False,False,1,TAKER,6688.25,0.0,['0.00 USD'],NO_TRIGGER,FILLED,NO_CONTINGENCY,,,,MY_GENERIC_ALGO,,O-20260308-224619-001-000-376,,6f58a7b9-b846-43d5-ae09-e616b4cb273a,2026-03-08 22:46:19.544408488+00:00,2026-03-08 22:46:19.544408488+00:00
BACKTESTER-001,OracleStrategy-000,MESM6.GLBX,GLBX-1-374,MESM6.GLBX-OracleStrategy-000,GLBX-001,GLBX-1-374,MARKET,BUY,1,GTC,True,False,1,TAKER,6687.75,0.0,['0.00 USD'],NO_TRIGGER,FILLED,NO_CONTINGENCY,,,,MY_GENERIC_ALGO,,O-20260308-224621-001-000-377,,2713e0cc-afbf-4269-99a0-ec2308552bc4,2026-03-08 22:46:21.825025461+00:00,2026-03-08 22:46:21.825025461+00:00
BACKTESTER-001,OracleStrategy-000,MESM6.GLBX,GLBX-1-375,MESM6.GLBX-OracleStrategy-000,GLBX-001,GLBX-1-375,MARKET,BUY,1,GTC,False,False,1,TAKER,6687.75,0.0,['0.00 USD'],NO_TRIGGER,FILLED,NO_CONTINGENCY,,,,MY_GENERIC_ALGO,,O-20260308-224621-001-000-378,,ac004b33-66d1-45aa-8f2a-b1db8c667025,2026-03-08 22:46:21.825025461+00:00,2026-03-08 22:46:21.825025461+00:00
BACKTESTER-001,OracleStrategy-000,MESM6.GLBX,GLBX-1-376,MESM6.GLBX-OracleStrategy-000,GLBX-001,GLBX-1-376,MARKET,SELL,1,GTC,True,False,1,TAKER,6688.5,0.0,['0.00 USD'],NO_TRIGGER,FILLED,NO_CONTINGENCY,,,,MY_GENERIC_ALGO,,O-20260308-224631-001-000-379,,b9ce4ebc-c1be-4e47-8202-c50eb5dc8edd,2026-03-08 22:46:31.570720003+00:00,2026-03-08 22:46:31.570720003+00:00
BACKTESTER-001,OracleStrategy-000,MESM6.GLBX,GLBX-1-377,MESM6.GLBX-OracleStrategy-000,GLBX-001,GLBX-1-377,MARKET,SELL,1,GTC,False,False,1,TAKER,6688.5,0.0,['0.00 USD'],NO_TRIGGER,FILLED,NO_CONTINGENCY,,,,MY_GENERIC_ALGO,,O-20260308-224631-001-000-380,,41c6fd49-fd04-4d2d-bfe6-77e869055986,2026-03-08 22:46:31.570720003+00:00,2026-03-08 22:46:31.570720003+00:00
BACKTESTER-001,OracleStrategy-000,MESM6.GLBX,GLBX-1-378,MESM6.GLBX-OracleStrategy-000,GLBX-001,GLBX-1-378,MARKET,BUY,1,GTC,True,False,1,TAKER,6688.25,0.0,['0.00 USD'],NO_TRIGGER,FILLED,NO_CONTINGENCY,,,,MY_GENERIC_ALGO,,O-20260308-224742-001-000-381,,12bd6779-303f-4a26-8016-92e5a7747624,2026-03-08 22:47:42.873851839+00:00,2026-03-08 22:47:42.873851839+00:00
BACKTESTER-001,OracleStrategy-000,MESM6.GLBX,GLBX-1-379,MESM6.GLBX-OracleStrategy-000,GLBX-001,GLBX-1-379,MARKET,BUY,1,GTC,False,False,1,TAKER,6688.25,0.0,['0.00 USD'],NO_TRIGGER,FILLED,NO_CONTINGENCY,,,,MY_GENERIC_ALGO,,O-20260308-224742-001-000-382,,3c634c05-3574-48b4-8df7-9b8c2c4b38bd,2026-03-08 22:47:42.873851839+00:00,2026-03-08 22:47:42.873851839+00:00
BACKTESTER-001,OracleStrategy-000,MESM6.GLBX,GLBX-1-380,MESM6.GLBX-OracleStrategy-000,GLBX-001,GLBX-1-380,MARKET,SELL,1,GTC,True,False,1,TAKER,6689.5,0.0,['0.00 USD'],NO_TRIGGER,FILLED,NO_CONTINGENCY,,,,MY_GENERIC_ALGO,,O-20260308-224826-001-000-383,,956a8317-34e6-445e-967f-c7bc0bed78e2,2026-03-08 22:48:26.324776315+00:00,2026-03-08 22:48:26.324776315+00:00
BACKTESTER-001,OracleStrategy-000,MESM6.GLBX,GLBX-1-381,MESM6.GLBX-OracleStrategy-000,GLBX-001,GLBX-1-381,MARKET,SELL,1,GTC,False,False,1,TAKER,6689.5,0.0,['0.00 USD'],NO_TRIGGER,FILLED,NO_CONTINGENCY,,,,MY_GENERIC_ALGO,,O-20260308-224826-001-000-384,,01d80104-9895-4ec7-bb30-4932a4d45fd4,2026-03-08 22:48:26.324776315+00:00,2026-03-08 22:48:26.324776315+00:00
BACKTESTER-001,OracleStrategy-000,MESM6.GLBX,GLBX-1-382,MESM6.GLBX-OracleStrategy-000,GLBX-001,GLBX-1-382,MARKET,BUY,1,GTC,True,False,1,TAKER,6689.0,0.0,['0.00 USD'],NO_TRIGGER,FILLED,NO_CONTINGENCY,,,,MY_GENERIC_ALGO,,O-20260308-224840-001-000-385,,46e96836-ecf1-4d83-88ba-99d6c5ade54a,2026-03-08 22:48:40.110210511+00:00,2026-03-08 22:48:40.110210511+00:00
BACKTESTER-001,OracleStrategy-000,MESM6.GLBX,GLBX-1-383,MESM6.GLBX-OracleStrategy-000,GLBX-001,GLBX-1-383,MARKET,BUY,1,GTC,False,False,1,TAKER,6689.0,0.0,['0.00 USD'],NO_TRIGGER,FILLED,NO_CONTINGENCY,,,,MY_GENERIC_ALGO,,O-20260308-224840-001-000-386,,104471f7-8288-4f69-8529-191a6807725a,2026-03-08 22:48:40.110210511+00:00,2026-03-08 22:48:40.110210511+00:00
BACKTESTER-001,OracleStrategy-000,MESM6.GLBX,GLBX-1-384,MESM6.GLBX-OracleStrategy-000,GLBX-001,GLBX-1-384,MARKET,SELL,1,GTC,True,False,1,TAKER,6690.0,0.0,['0.00 USD'],NO_TRIGGER,FILLED,NO_CONTINGENCY,,,,MY_GENERIC_ALGO,,O-20260308-224841-001-000-387,,5b2c2df2-7e24-4d70-bfbe-9a7e3d333950,2026-03-08 22:48:41.441692250+00:00,2026-03-08 22:48:41.441692250+00:00
BACKTESTER-001,OracleStrategy-000,MESM6.GLBX,GLBX-1-385,MESM6.GLBX-OracleStrategy-000,GLBX-001,GLBX-1-385,MARKET,SELL,1,GTC,False,False,1,TAKER,6690.0,0.0,['0.00 USD'],NO_TRIGGER,FILLED,NO_CONTINGENCY,,,,MY_GENERIC_ALGO,,O-20260308-224841-001-000-388,,232b38a0-1a55-4ef0-ac25-2618c496832c,2026-03-08 22:48:41.441692250+00:00,2026-03-08 22:48:41.441692250+00:00
BACKTESTER-001,OracleStrategy-000,MESM6.GLBX,GLBX-1-386,MESM6.GLBX-OracleStrategy-000,GLBX-001,GLBX-1-386,MARKET,BUY,1,GTC,True,False,1,TAKER,6690.0,0.0,['0.00 USD'],NO_TRIGGER,FILLED,NO_CONTINGENCY,,,,MY_GENERIC_ALGO,,O-20260308-224903-001-000-389,,546e6831-81a8-4506-9d7c-82cf1e27cf6c,2026-03-08 22:49:03.067252951+00:00,2026-03-08 22:49:03.067252951+00:00
BACKTESTER-001,OracleStrategy-000,MESM6.GLBX,GLBX-1-387,MESM6.GLBX-OracleStrategy-000,GLBX-001,GLBX-1-387,MARKET,BUY,1,GTC,False,False,1,TAKER,6690.0,0.0,['0.00 USD'],NO_TRIGGER,FILLED,NO_CONTINGENCY,,,,MY_GENERIC_ALGO,,O-20260308-224903-001-000-390,,cd72caeb-fb1e-4f5b-94da-202dec6630d1,2026-03-08 22:49:03.067252951+00:00,2026-03-08 22:49:03.067252951+00:00
BACKTESTER-001,OracleStrategy-000,MESM6.GLBX,GLBX-1-388,MESM6.GLBX-OracleStrategy-000,GLBX-001,GLBX-1-388,MARKET,SELL,1,GTC,True,False,1,TAKER,6690.5,0.0,['0.00 USD'],NO_TRIGGER,FILLED,NO_CONTINGENCY,,,,MY_GENERIC_ALGO,,O-20260308-224907-001-000-391,,428818dc-ebaf-45fe-9ebb-0804b0c63837,2026-03-08 22:49:07.210109351+00:00,2026-03-08 22:49:07.210109351+00:00
BACKTESTER-001,OracleStrategy-000,MESM6.GLBX,GLBX-1-389,MESM6.GLBX-OracleStrategy-000,GLBX-001,GLBX-1-389,MARKET,SELL,1,GTC,False,False,1,TAKER,6690.5,0.0,['0.00 USD'],NO_TRIGGER,FILLED,NO_CONTINGENCY,,,,MY_GENERIC_ALGO,,O-20260308-224907-001-000-392,,806766a3-5887-47d0-9c6c-40cbf4cce791,2026-03-08 22:49:07.210109351+00:00,2026-03-08 22:49:07.210109351+00:00
BACKTESTER-001,OracleStrategy-000,MESM6.GLBX,GLBX-1-390,MESM6.GLBX-OracleStrategy-000,GLBX-001,GLBX-1-390,MARKET,BUY,1,GTC,True,False,1,TAKER,6689.25,0.0,['0.00 USD'],NO_TRIGGER,FILLED,NO_CONTINGENCY,,,,MY_GENERIC_ALGO,,O-20260308-224931-001-000-393,,afcf3403-22ce-485e-a364-648fd2ca11db,2026-03-08 22:49:31.601506096+00:00,2026-03-08 22:49:31.601506096+00:00
BACKTESTER-001,OracleStrategy-000,MESM6.GLBX,GLBX-1-391,MESM6.GLBX-OracleStrategy-000,GLBX-001,GLBX-1-391,MARKET,BUY,1,GTC,False,False,1,TAKER,6689.25,0.0,['0.00 USD'],NO_TRIGGER,FILLED,NO_CONTINGENCY,,,,MY_GENERIC_ALGO,,O-20260308-224931-001-000-394,,0584697a-d75a-4c4b-affc-4560b94a7ed6,2026-03-08 22:49:31.601506096+00:00,2026-03-08 22:49:31.601506096+00:00
BACKTESTER-001,OracleStrategy-000,MESM6.GLBX,GLBX-1-392,MESM6.GLBX-OracleStrategy-000,GLBX-001,GLBX-1-392,MARKET,SELL,1,GTC,True,False,1,TAKER,6688.25,0.0,['0.00 USD'],NO_TRIGGER,FILLED,NO_CONTINGENCY,,,,MY_GENERIC_ALGO,,O-20260308-224943-001-000-395,,59b25aef-768f-4b42-8461-8b5f330bc988,2026-03-08 22:49:43.041084571+00:00,2026-03-08 22:49:43.041084571+00:00
BACKTESTER-001,OracleStrategy-000,MESM6.GLBX,GLBX-1-393,MESM6.GLBX-OracleStrategy-000,GLBX-001,GLBX-1-393,MARKET,SELL,1,GTC,False,False,1,TAKER,6688.25,0.0,['0.00 USD'],NO_TRIGGER,FILLED,NO_CONTINGENCY,,,,MY_GENERIC_ALGO,,O-20260308-224943-001-000-396,,1ca193a3-4689-460a-9ed4-160973d11b5f,2026-03-08 22:49:43.041084571+00:00,2026-03-08 22:49:43.041084571+00:00
BACKTESTER-001,OracleStrategy-000,MESM6.GLBX,GLBX-1-394,MESM6.GLBX-OracleStrategy-000,GLBX-001,GLBX-1-394,MARKET,BUY,1,GTC,True,False,1,TAKER,6686.25,0.0,['0.00 USD'],NO_TRIGGER,FILLED,NO_CONTINGENCY,,,,MY_GENERIC_ALGO,,O-20260308-225127-001-000-397,,e1541ffe-28f7-443d-a1e7-80c83cf4876c,2026-03-08 22:51:27.694579584+00:00,2026-03-08 22:51:27.694579584+00:00
BACKTESTER-001,OracleStrategy-000,MESM6.GLBX,GLBX-1-395,MESM6.GLBX-OracleStrategy-000,GLBX-001,GLBX-1-395,MARKET,BUY,1,GTC,False,False,1,TAKER,6686.25,0.0,['0.00 USD'],NO_TRIGGER,FILLED,NO_CONTINGENCY,,,,MY_GENERIC_ALGO,,O-20260308-225127-001-000-398,,cd5de011-e9cc-423b-b2ee-7aa0e74f7e7d,2026-03-08 22:51:27.694579584+00:00,2026-03-08 22:51:27.694579584+00:00
BACKTESTER-001,OracleStrategy-000,MESM6.GLBX,GLBX-1-396,MESM6.GLBX-OracleStrategy-000,GLBX-001,GLBX-1-396,MARKET,SELL,1,GTC,True,False,1,TAKER,6684.25,0.0,['0.00 USD'],NO_TRIGGER,FILLED,NO_CONTINGENCY,,,,MY_GENERIC_ALGO,,O-20260308-225246-001-000-399,,be4d8a4d-b40f-4d38-9629-3bb21b2cd72f,2026-03-08 22:52:46.402007547+00:00,2026-03-08 22:52:46.402007547+00:00
BACKTESTER-001,OracleStrategy-000,MESM6.GLBX,GLBX-1-397,MESM6.GLBX-OracleStrategy-000,GLBX-001,GLBX-1-397,MARKET,SELL,1,GTC,False,False,1,TAKER,6684.25,0.0,['0.00 USD'],NO_TRIGGER,FILLED,NO_CONTINGENCY,,,,MY_GENERIC_ALGO,,O-20260308-225246-001-000-400,,cb9ed8ed-82cd-4b9b-9880-83dc0430ef51,2026-03-08 22:52:46.402007547+00:00,2026-03-08 22:52:46.402007547+00:00
BACKTESTER-001,OracleStrategy-000,MESM6.GLBX,GLBX-1-398,MESM6.GLBX-OracleStrategy-000,GLBX-001,GLBX-1-398,MARKET,BUY,1,GTC,True,False,1,TAKER,6684.25,0.0,['0.00 USD'],NO_TRIGGER,FILLED,NO_CONTINGENCY,,,,MY_GENERIC_ALGO,,O-20260308-225247-001-000-401,,84616bbb-d89a-4933-ad40-bba038310b01,2026-03-08 22:52:47.535466688+00:00,2026-03-08 22:52:47.535466688+00:00
BACKTESTER-001,OracleStrategy-000,MESM6.GLBX,GLBX-1-399,MESM6.GLBX-OracleStrategy-000,GLBX-001,GLBX-1-399,MARKET,BUY,1,GTC,False,False,1,TAKER,6684.25,0.0,['0.00 USD'],NO_TRIGGER,FILLED,NO_CONTINGENCY,,,,MY_GENERIC_ALGO,,O-20260308-225247-001-000-402,,ab35934d-c37c-4e88-93fe-6793f61519db,2026-03-08 22:52:47.535466688+00:00,2026-03-08 22:52:47.535466688+00:00
BACKTESTER-001,OracleStrategy-000,MESM6.GLBX,GLBX-1-400,MESM6.GLBX-OracleStrategy-000,GLBX-001,GLBX-1-400,MARKET,SELL,1,GTC,True,False,1,TAKER,6687.5,0.0,['0.00 USD'],NO_TRIGGER,FILLED,NO_CONTINGENCY,,,,MY_GENERIC_ALGO,,O-20260308-225321-001-000-403,,ba28470f-a36e-4aca-8d19-9fa5fa6ac3e8,2026-03-08 22:53:21.526510405+00:00,2026-03-08 22:53:21.526510405+00:00
BACKTESTER-001,OracleStrategy-000,MESM6.GLBX,GLBX-1-401,MESM6.GLBX-OracleStrategy-000,GLBX-001,GLBX-1-401,MARKET,SELL,1,GTC,False,False,1,TAKER,6687.5,0.0,['0.00 USD'],NO_TRIGGER,FILLED,NO_CONTINGENCY,,,,MY_GENERIC_ALGO,,O-20260308-225321-001-000-404,,b013588e-e70e-4b6d-a39f-0f3e39c75c77,2026-03-08 22:53:21.526510405+00:00,2026-03-08 22:53:21.526510405+00:00
BACKTESTER-001,OracleStrategy-000,MESM6.GLBX,GLBX-1-402,MESM6.GLBX-OracleStrategy-000,GLBX-001,GLBX-1-402,MARKET,BUY,1,GTC,True,False,1,TAKER,6686.25,0.0,['0.00 USD'],NO_TRIGGER,FILLED,NO_CONTINGENCY,,,,MY_GENERIC_ALGO,,O-20260308-225339-001-000-405,,accbbb56-3d1e-4ef0-ab2a-9dd8a2b2ce5d,2026-03-08 22:53:39.991394704+00:00,2026-03-08 22:53:39.991394704+00:00
BACKTESTER-001,OracleStrategy-000,MESM6.GLBX,GLBX-1-403,MESM6.GLBX-OracleStrategy-000,GLBX-001,GLBX-1-403,MARKET,BUY,1,GTC,False,False,1,TAKER,6686.25,0.0,['0.00 USD'],NO_TRIGGER,FILLED,NO_CONTINGENCY,,,,MY_GENERIC_ALGO,,O-20260308-225339-001-000-406,,9acf19cf-4eca-4f71-a641-46fb5ffc9d88,2026-03-08 22:53:39.991394704+00:00,2026-03-08 22:53:39.991394704+00:00
BACKTESTER-001,OracleStrategy-000,MESM6.GLBX,GLBX-1-404,MESM6.GLBX-OracleStrategy-000,GLBX-001,GLBX-1-404,MARKET,SELL,1,GTC,True,False,1,TAKER,6685.5,0.0,['0.00 USD'],NO_TRIGGER,FILLED,NO_CONTINGENCY,,,,MY_GENERIC_ALGO,,O-20260308-225346-001-000-407,,7b6e50a8-f24a-4ed2-9368-4193aae87bfc,2026-03-08 22:53:46.477184770+00:00,2026-03-08 22:53:46.477184770+00:00
BACKTESTER-001,OracleStrategy-000,MESM6.GLBX,GLBX-1-405,MESM6.GLBX-OracleStrategy-000,GLBX-001,GLBX-1-405,MARKET,SELL,1,GTC,False,False,1,TAKER,6685.5,0.0,['0.00 USD'],NO_TRIGGER,FILLED,NO_CONTINGENCY,,,,MY_GENERIC_ALGO,,O-20260308-225346-001-000-408,,8515da45-bb36-42bd-8cdd-5186b4f4e02b,2026-03-08 22:53:46.477184770+00:00,2026-03-08 22:53:46.477184770+00:00
BACKTESTER-001,OracleStrategy-000,MESM6.GLBX,GLBX-1-406,MESM6.GLBX-OracleStrategy-000,GLBX-001,GLBX-1-406,MARKET,BUY,1,GTC,True,False,1,TAKER,6685.0,0.0,['0.00 USD'],NO_TRIGGER,FILLED,NO_CONTINGENCY,,,,MY_GENERIC_ALGO,,O-20260308-225351-001-000-409,,985145d5-b72a-4e89-8243-1bb7911d2fb9,2026-03-08 22:53:51.472853261+00:00,2026-03-08 22:53:51.472853261+00:00
BACKTESTER-001,OracleStrategy-000,MESM6.GLBX,GLBX-1-407,MESM6.GLBX-OracleStrategy-000,GLBX-001,GLBX-1-407,MARKET,BUY,1,GTC,False,False,1,TAKER,6685.0,0.0,['0.00 USD'],NO_TRIGGER,FILLED,NO_CONTINGENCY,,,,MY_GENERIC_ALGO,,O-20260308-225351-001-000-410,,161256de-4807-46f2-a7eb-2967cecbbf31,2026-03-08 22:53:51.472853261+00:00,2026-03-08 22:53:51.472853261+00:00
BACKTESTER-001,OracleStrategy-000,MESM6.GLBX,GLBX-1-408,MESM6.GLBX-OracleStrategy-000,GLBX-001,GLBX-1-408,MARKET,SELL,1,GTC,True,False,1,TAKER,6688.5,0.0,['0.00 USD'],NO_TRIGGER,FILLED,NO_CONTINGENCY,,,,MY_GENERIC_ALGO,,O-20260308-225419-001-000-411,,c2bf9d87-e1b1-4e07-a0a7-45df8290050e,2026-03-08 22:54:19.377962131+00:00,2026-03-08 22:54:19.377962131+00:00
BACKTESTER-001,OracleStrategy-000,MESM6.GLBX,GLBX-1-409,MESM6.GLBX-OracleStrategy-000,GLBX-001,GLBX-1-409,MARKET,SELL,1,GTC,False,False,1,TAKER,6688.5,0.0,['0.00 USD'],NO_TRIGGER,FILLED,NO_CONTINGENCY,,,,MY_GENERIC_ALGO,,O-20260308-225419-001-000-412,,505bfac4-03cf-469f-8fca-ad9162d27bfb,2026-03-08 22:54:19.377962131+00:00,2026-03-08 22:54:19.377962131+00:00
BACKTESTER-001,OracleStrategy-000,MESM6.GLBX,GLBX-1-410,MESM6.GLBX-OracleStrategy-000,GLBX-001,GLBX-1-410,MARKET,BUY,1,GTC,True,False,1,TAKER,6686.25,0.0,['0.00 USD'],NO_TRIGGER,FILLED,NO_CONTINGENCY,,,,MY_GENERIC_ALGO,,O-20260308-225451-001-000-413,,a96005a0-6b48-4ad4-a7b2-465b358d0db1,2026-03-08 22:54:51.932607520+00:00,2026-03-08 22:54:51.932607520+00:00
BACKTESTER-001,OracleStrategy-000,MESM6.GLBX,GLBX-1-411,MESM6.GLBX-OracleStrategy-000,GLBX-001,GLBX-1-411,MARKET,BUY,1,GTC,False,False,1,TAKER,6686.25,0.0,['0.00 USD'],NO_TRIGGER,FILLED,NO_CONTINGENCY,,,,MY_GENERIC_ALGO,,O-20260308-225451-001-000-414,,fd861d5a-81eb-49b9-a255-c38ee173996c,2026-03-08 22:54:51.932607520+00:00,2026-03-08 22:54:51.932607520+00:00
BACKTESTER-001,OracleStrategy-000,MESM6.GLBX,GLBX-1-412,MESM6.GLBX-OracleStrategy-000,GLBX-001,GLBX-1-412,MARKET,SELL,1,GTC,True,False,1,TAKER,6688.75,0.0,['0.00 USD'],NO_TRIGGER,FILLED,NO_CONTINGENCY,,,,MY_GENERIC_ALGO,,O-20260308-225510-001-000-415,,33021c79-77d9-426f-984a-8d1a3a37631d,2026-03-08 22:55:10.113903779+00:00,2026-03-08 22:55:10.113903779+00:00
BACKTESTER-001,OracleStrategy-000,MESM6.GLBX,GLBX-1-413,MESM6.GLBX-OracleStrategy-000,GLBX-001,GLBX-1-413,MARKET,SELL,1,GTC,False,False,1,TAKER,6688.75,0.0,['0.00 USD'],NO_TRIGGER,FILLED,NO_CONTINGENCY,,,,MY_GENERIC_ALGO,,O-20260308-225510-001-000-416,,c72cb40b-e247-481e-87c0-ba41bceffcd5,2026-03-08 22:55:10.113903779+00:00,2026-03-08 22:55:10.113903779+00:00
BACKTESTER-001,OracleStrategy-000,MESM6.GLBX,GLBX-1-414,MESM6.GLBX-OracleStrategy-000,GLBX-001,GLBX-1-414,MARKET,BUY,1,GTC,True,False,1,TAKER,6686.25,0.0,['0.00 USD'],NO_TRIGGER,FILLED,NO_CONTINGENCY,,,,MY_GENERIC_ALGO,,O-20260308-225629-001-000-417,,4a2efdad-4f59-4e74-bca5-6b9716ec3982,2026-03-08 22:56:29.833486727+00:00,2026-03-08 22:56:29.833486727+00:00
BACKTESTER-001,OracleStrategy-000,MESM6.GLBX,GLBX-1-415,MESM6.GLBX-OracleStrategy-000,GLBX-001,GLBX-1-415,MARKET,BUY,1,GTC,False,False,1,TAKER,6686.25,0.0,['0.00 USD'],NO_TRIGGER,FILLED,NO_CONTINGENCY,,,,MY_GENERIC_ALGO,,O-20260308-225629-001-000-418,,1a10bfe3-29b3-4602-9924-f2d133298a33,2026-03-08 22:56:29.833486727+00:00,2026-03-08 22:56:29.833486727+00:00
BACKTESTER-001,OracleStrategy-000,MESM6.GLBX,GLBX-1-416,MESM6.GLBX-OracleStrategy-000,GLBX-001,GLBX-1-416,MARKET,SELL,1,GTC,True,False,1,TAKER,6686.75,0.0,['0.00 USD'],NO_TRIGGER,FILLED,NO_CONTINGENCY,,,,MY_GENERIC_ALGO,,O-20260308-225634-001-000-419,,3e78ee70-a5ca-4d1e-9b72-2dea707885b6,2026-03-08 22:56:34.981532891+00:00,2026-03-08 22:56:34.981532891+00:00
BACKTESTER-001,OracleStrategy-000,MESM6.GLBX,GLBX-1-417,MESM6.GLBX-OracleStrategy-000,GLBX-001,GLBX-1-417,MARKET,SELL,1,GTC,False,False,1,TAKER,6686.75,0.0,['0.00 USD'],NO_TRIGGER,FILLED,NO_CONTINGENCY,,,,MY_GENERIC_ALGO,,O-20260308-225634-001-000-420,,24c5ec9c-b16c-4798-8e08-da1129587f8a,2026-03-08 22:56:34.981532891+00:00,2026-03-08 22:56:34.981532891+00:00
BACKTESTER-001,OracleStrategy-000,MESM6.GLBX,GLBX-1-418,MESM6.GLBX-OracleStrategy-000,GLBX-001,GLBX-1-418,MARKET,BUY,1,GTC,True,False,1,TAKER,6685.0,0.0,['0.00 USD'],NO_TRIGGER,FILLED,NO_CONTINGENCY,,,,MY_GENERIC_ALGO,,O-20260308-225738-001-000-421,,e8ec8781-c5d7-47c7-b9f3-0da71ef1969a,2026-03-08 22:57:38.236324255+00:00,2026-03-08 22:57:38.236324255+00:00
BACKTESTER-001,OracleStrategy-000,MESM6.GLBX,GLBX-1-419,MESM6.GLBX-OracleStrategy-000,GLBX-001,GLBX-1-419,MARKET,BUY,1,GTC,False,False,1,TAKER,6685.0,0.0,['0.00 USD'],NO_TRIGGER,FILLED,NO_CONTINGENCY,,,,MY_GENERIC_ALGO,,O-20260308-225738-001-000-422,,213394d1-dace-480b-8450-d22eff5a2cfb,2026-03-08 22:57:38.236324255+00:00,2026-03-08 22:57:38.236324255+00:00
BACKTESTER-001,OracleStrategy-000,MESM6.GLBX,GLBX-1-420,MESM6.GLBX-OracleStrategy-000,GLBX-001,GLBX-1-420,MARKET,SELL,1,GTC,True,False,1,TAKER,6684.0,0.0,['0.00 USD'],NO_TRIGGER,FILLED,NO_CONTINGENCY,,,,MY_GENERIC_ALGO,,O-20260308-225847-001-000-423,,e8ca9b7a-8b1d-40cf-8152-63197ac70a94,2026-03-08 22:58:47.218678892+00:00,2026-03-08 22:58:47.218678892+00:00
BACKTESTER-001,OracleStrategy-000,MESM6.GLBX,GLBX-1-421,MESM6.GLBX-OracleStrategy-000,GLBX-001,GLBX-1-421,MARKET,SELL,1,GTC,False,False,1,TAKER,6684.0,0.0,['0.00 USD'],NO_TRIGGER,FILLED,NO_CONTINGENCY,,,,MY_GENERIC_ALGO,,O-20260308-225847-001-000-424,,9c8863c7-7c41-444a-a3aa-7a2fc7c2e8d8,2026-03-08 22:58:47.218678892+00:00,2026-03-08 22:58:47.218678892+00:00
BACKTESTER-001,OracleStrategy-000,MESM6.GLBX,GLBX-1-422,MESM6.GLBX-OracleStrategy-000,GLBX-001,GLBX-1-422,MARKET,BUY,1,GTC,True,False,1,TAKER,6684.75,0.0,['0.00 USD'],NO_TRIGGER,FILLED,NO_CONTINGENCY,,,,MY_GENERIC_ALGO,,O-20260308-225906-001-000-425,,22c4d526-aa42-4ad1-93e8-cb07d88e2257,2026-03-08 22:59:06.188824728+00:00,2026-03-08 22:59:06.188824728+00:00
BACKTESTER-001,OracleStrategy-000,MESM6.GLBX,GLBX-1-423,MESM6.GLBX-OracleStrategy-000,GLBX-001,GLBX-1-423,MARKET,BUY,1,GTC,False,False,1,TAKER,6684.75,0.0,['0.00 USD'],NO_TRIGGER,FILLED,NO_CONTINGENCY,,,,MY_GENERIC_ALGO,,O-20260308-225906-001-000-426,,fed18e11-c37e-4c0f-bcec-63db75451c09,2026-03-08 22:59:06.188824728+00:00,2026-03-08 22:59:06.188824728+00:00
BACKTESTER-001,OracleStrategy-000,MESM6.GLBX,GLBX-1-424,MESM6.GLBX-OracleStrategy-000,GLBX-001,GLBX-1-424,MARKET,SELL,1,GTC,True,False,1,TAKER,6692.0,0.0,['0.00 USD'],NO_TRIGGER,FILLED,NO_CONTINGENCY,,,,MY_GENERIC_ALGO,,O-20260308-230010-001-000-427,,cd83c45f-61e9-4f3f-ada6-d05896da7135,2026-03-08 23:00:10.449335552+00:00,2026-03-08 23:00:10.449335552+00:00
BACKTESTER-001,OracleStrategy-000,MESM6.GLBX,GLBX-1-425,MESM6.GLBX-OracleStrategy-000,GLBX-001,GLBX-1-425,MARKET,SELL,1,GTC,False,False,1,TAKER,6692.0,0.0,['0.00 USD'],NO_TRIGGER,FILLED,NO_CONTINGENCY,,,,MY_GENERIC_ALGO,,O-20260308-230010-001-000-428,,0443b3ed-7948-4780-bd54-da7337f6699d,2026-03-08 23:00:10.449335552+00:00,2026-03-08 23:00:10.449335552+00:00
BACKTESTER-001,OracleStrategy-000,MESM6.GLBX,GLBX-1-426,MESM6.GLBX-OracleStrategy-000,GLBX-001,GLBX-1-426,MARKET,BUY,1,GTC,True,False,1,TAKER,6693.75,0.0,['0.00 USD'],NO_TRIGGER,FILLED,NO_CONTINGENCY,,,,MY_GENERIC_ALGO,,O-20260308-230016-001-000-429,,6a7f91ca-5c76-41df-ac62-060ddf8f03be,2026-03-08 23:00:16.529674368+00:00,2026-03-08 23:00:16.529674368+00:00
BACKTESTER-001,OracleStrategy-000,MESM6.GLBX,GLBX-1-427,MESM6.GLBX-OracleStrategy-000,GLBX-001,GLBX-1-427,MARKET,BUY,1,GTC,False,False,1,TAKER,6693.75,0.0,['0.00 USD'],NO_TRIGGER,FILLED,NO_CONTINGENCY,,,,MY_GENERIC_ALGO,,O-20260308-230016-001-000-430,,27811590-44ef-47fe-b139-6c66fda6cf08,2026-03-08 23:00:16.529674368+00:00,2026-03-08 23:00:16.529674368+00:00
BACKTESTER-001,OracleStrategy-000,MESM6.GLBX,GLBX-1-428,MESM6.GLBX-OracleStrategy-000,GLBX-001,GLBX-1-428,MARKET,SELL,1,GTC,True,False,1,TAKER,6694.75,0.0,['0.00 USD'],NO_TRIGGER,FILLED,NO_CONTINGENCY,,,,MY_GENERIC_ALGO,,O-20260308-230023-001-000-431,,f4466bb7-a5ad-43b0-a055-e6c2d791e8cc,2026-03-08 23:00:23.389858680+00:00,2026-03-08 23:00:23.389858680+00:00
BACKTESTER-001,OracleStrategy-000,MESM6.GLBX,GLBX-1-429,MESM6.GLBX-OracleStrategy-000,GLBX-001,GLBX-1-429,MARKET,SELL,1,GTC,False,False,1,TAKER,6694.75,0.0,['0.00 USD'],NO_TRIGGER,FILLED,NO_CONTINGENCY,,,,MY_GENERIC_ALGO,,O-20260308-230023-001-000-432,,9443ac13-db37-45a8-bdf9-1e095ab5e6c5,2026-03-08 23:00:23.389858680+00:00,2026-03-08 23:00:23.389858680+00:00
BACKTESTER-001,OracleStrategy-000,MESM6.GLBX,GLBX-1-430,MESM6.GLBX-OracleStrategy-000,GLBX-001,GLBX-1-430,MARKET,BUY,1,GTC,True,False,1,TAKER,6691.75,0.0,['0.00 USD'],NO_TRIGGER,FILLED,NO_CONTINGENCY,,,,MY_GENERIC_ALGO,,O-20260308-230042-001-000-433,,a3c52267-b934-4e47-a71e-29f2acc75f64,2026-03-08 23:00:42.706578259+00:00,2026-03-08 23:00:42.706578259+00:00
BACKTESTER-001,OracleStrategy-000,MESM6.GLBX,GLBX-1-431,MESM6.GLBX-OracleStrategy-000,GLBX-001,GLBX-1-431,MARKET,SELL,1,GTC,False,False,1,TAKER,6692.5,0.0,['0.00 USD'],NO_TRIGGER,FILLED,NO_CONTINGENCY,,,,MY_GENERIC_ALGO,,O-20260308-230045-001-000-435,,c59d7026-963f-4495-8770-356e4d11caa1,2026-03-08 23:00:45.539320020+00:00,2026-03-08 23:00:45.539320020+00:00
BACKTESTER-001,OracleStrategy-000,MESM6.GLBX,GLBX-1-432,MESM6.GLBX-OracleStrategy-000,GLBX-001,GLBX-1-432,MARKET,BUY,1,GTC,True,False,1,TAKER,6692.0,0.0,['0.00 USD'],NO_TRIGGER,FILLED,NO_CONTINGENCY,,,,MY_GENERIC_ALGO,,O-20260308-230047-001-000-436,,05f22ec6-504e-4c54-9f25-ddd82805f291,2026-03-08 23:00:47.529199053+00:00,2026-03-08 23:00:47.529199053+00:00
BACKTESTER-001,OracleStrategy-000,MESM6.GLBX,GLBX-1-433,MESM6.GLBX-OracleStrategy-000,GLBX-001,GLBX-1-433,MARKET,BUY,1,GTC,False,False,1,TAKER,6692.0,0.0,['0.00 USD'],NO_TRIGGER,FILLED,NO_CONTINGENCY,,,,MY_GENERIC_ALGO,,O-20260308-230047-001-000-437,,1f6cbd65-2638-4acc-ac8d-9c0eb0e1a4ee,2026-03-08 23:00:47.529199053+00:00,2026-03-08 23:00:47.529199053+00:00
BACKTESTER-001,OracleStrategy-000,MESM6.GLBX,GLBX-1-434,MESM6.GLBX-OracleStrategy-000,GLBX-001,GLBX-1-434,MARKET,SELL,1,GTC,True,False,1,TAKER,6690.0,0.0,['0.00 USD'],NO_TRIGGER,FILLED,NO_CONTINGENCY,,,,MY_GENERIC_ALGO,,O-20260308-230059-001-000-438,,f329c233-7d28-41b7-84ab-3a833178a572,2026-03-08 23:00:59.224407858+00:00,2026-03-08 23:00:59.224407858+00:00
BACKTESTER-001,OracleStrategy-000,MESM6.GLBX,GLBX-1-435,MESM6.GLBX-OracleStrategy-000,GLBX-001,GLBX-1-435,MARKET,SELL,1,GTC,False,False,1,TAKER,6690.0,0.0,['0.00 USD'],NO_TRIGGER,FILLED,NO_CONTINGENCY,,,,MY_GENERIC_ALGO,,O-20260308-230059-001-000-439,,da090c81-784d-4f67-b2ac-934b6586d73c,2026-03-08 23:00:59.224407858+00:00,2026-03-08 23:00:59.224407858+00:00
BACKTESTER-001,OracleStrategy-000,MESM6.GLBX,GLBX-1-436,MESM6.GLBX-OracleStrategy-000,GLBX-001,GLBX-1-436,MARKET,BUY,1,GTC,True,False,1,TAKER,6692.0,0.0,['0.00 USD'],NO_TRIGGER,FILLED,NO_CONTINGENCY,,,,MY_GENERIC_ALGO,,O-20260308-230101-001-000-440,,d5680fb9-3326-4b7f-a30b-2b1f594e55a1,2026-03-08 23:01:01.164365546+00:00,2026-03-08 23:01:01.164365546+00:00
BACKTESTER-001,OracleStrategy-000,MESM6.GLBX,GLBX-1-437,MESM6.GLBX-OracleStrategy-000,GLBX-001,GLBX-1-437,MARKET,BUY,1,GTC,False,False,1,TAKER,6692.0,0.0,['0.00 USD'],NO_TRIGGER,FILLED,NO_CONTINGENCY,,,,MY_GENERIC_ALGO,,O-20260308-230101-001-000-441,,e714e079-0bf2-4e32-8b45-7f5808d503d9,2026-03-08 23:01:01.164365546+00:00,2026-03-08 23:01:01.164365546+00:00
BACKTESTER-001,OracleStrategy-000,MESM6.GLBX,GLBX-1-438,MESM6.GLBX-OracleStrategy-000,GLBX-001,GLBX-1-438,MARKET,SELL,1,GTC,True,False,1,TAKER,6691.5,0.0,['0.00 USD'],NO_TRIGGER,FILLED,NO_CONTINGENCY,,,,MY_GENERIC_ALGO,,O-20260308-230110-001-000-442,,3767b966-82f7-416a-abd6-cae092f91207,2026-03-08 23:01:10.022265254+00:00,2026-03-08 23:01:10.022265254+00:00
BACKTESTER-001,OracleStrategy-000,MESM6.GLBX,GLBX-1-439,MESM6.GLBX-OracleStrategy-000,GLBX-001,GLBX-1-439,MARKET,SELL,1,GTC,False,False,1,TAKER,6691.5,0.0,['0.00 USD'],NO_TRIGGER,FILLED,NO_CONTINGENCY,,,,MY_GENERIC_ALGO,,O-20260308-230110-001-000-443,,23334a5c-ffb1-4241-889f-c3bd391b8dda,2026-03-08 23:01:10.022265254+00:00,2026-03-08 23:01:10.022265254+00:00
BACKTESTER-001,OracleStrategy-000,MESM6.GLBX,GLBX-1-440,MESM6.GLBX-OracleStrategy-000,GLBX-001,GLBX-1-440,MARKET,BUY,1,GTC,True,False,1,TAKER,6691.25,0.0,['0.00 USD'],NO_TRIGGER,FILLED,NO_CONTINGENCY,,,,MY_GENERIC_ALGO,,O-20260308-230137-001-000-444,,4832e1aa-10ea-4604-85fb-a6984b64c1bf,2026-03-08 23:01:37.385673903+00:00,2026-03-08 23:01:37.385673903+00:00
BACKTESTER-001,OracleStrategy-000,MESM6.GLBX,GLBX-1-441,MESM6.GLBX-OracleStrategy-000,GLBX-001,GLBX-1-441,MARKET,BUY,1,GTC,False,False,1,TAKER,6691.25,0.0,['0.00 USD'],NO_TRIGGER,FILLED,NO_CONTINGENCY,,,,MY_GENERIC_ALGO,,O-20260308-230137-001-000-445,,219292b3-47e9-4858-879f-08ac117c4d24,2026-03-08 23:01:37.385673903+00:00,2026-03-08 23:01:37.385673903+00:00
BACKTESTER-001,OracleStrategy-000,MESM6.GLBX,GLBX-1-442,MESM6.GLBX-OracleStrategy-000,GLBX-001,GLBX-1-442,MARKET,SELL,1,GTC,True,False,1,TAKER,6688.5,0.0,['0.00 USD'],NO_TRIGGER,FILLED,NO_CONTINGENCY,,,,MY_GENERIC_ALGO,,O-20260308-230208-001-000-446,,ad95031d-837f-4e3f-a041-a756e06cc57a,2026-03-08 23:02:08.767360637+00:00,2026-03-08 23:02:08.767360637+00:00
BACKTESTER-001,OracleStrategy-000,MESM6.GLBX,GLBX-1-443,MESM6.GLBX-OracleStrategy-000,GLBX-001,GLBX-1-443,MARKET,SELL,1,GTC,False,False,1,TAKER,6688.5,0.0,['0.00 USD'],NO_TRIGGER,FILLED,NO_CONTINGENCY,,,,MY_GENERIC_ALGO,,O-20260308-230208-001-000-447,,bbd6f28f-b12b-4430-945c-a6289fa6048e,2026-03-08 23:02:08.767360637+00:00,2026-03-08 23:02:08.767360637+00:00
BACKTESTER-001,OracleStrategy-000,MESM6.GLBX,GLBX-1-444,MESM6.GLBX-OracleStrategy-000,GLBX-001,GLBX-1-444,MARKET,BUY,1,GTC,True,False,1,TAKER,6688.5,0.0,['0.00 USD'],NO_TRIGGER,FILLED,NO_CONTINGENCY,,,,MY_GENERIC_ALGO,,O-20260308-230259-001-000-448,,d006ec31-147c-4110-b9ab-715644fda388,2026-03-08 23:02:59.515555450+00:00,2026-03-08 23:02:59.515555450+00:00
BACKTESTER-001,OracleStrategy-000,MESM6.GLBX,GLBX-1-445,MESM6.GLBX-OracleStrategy-000,GLBX-001,GLBX-1-445,MARKET,BUY,1,GTC,False,False,1,TAKER,6688.5,0.0,['0.00 USD'],NO_TRIGGER,FILLED,NO_CONTINGENCY,,,,MY_GENERIC_ALGO,,O-20260308-230259-001-000-449,,ab2c6d37-e279-4db4-ba03-3ecd7be4ae79,2026-03-08 23:02:59.515555450+00:00,2026-03-08 23:02:59.515555450+00:00
BACKTESTER-001,OracleStrategy-000,MESM6.GLBX,GLBX-1-446,MESM6.GLBX-OracleStrategy-000,GLBX-001,GLBX-1-446,MARKET,SELL,1,GTC,True,False,1,TAKER,6688.25,0.0,['0.00 USD'],NO_TRIGGER,FILLED,NO_CONTINGENCY,,,,MY_GENERIC_ALGO,,O-20260308-230325-001-000-450,,a8c9e6db-cecc-4c77-a969-58aca514ac65,2026-03-08 23:03:25.137361099+00:00,2026-03-08 23:03:25.137361099+00:00
BACKTESTER-001,OracleStrategy-000,MESM6.GLBX,GLBX-1-447,MESM6.GLBX-OracleStrategy-000,GLBX-001,GLBX-1-447,MARKET,SELL,1,GTC,False,False,1,TAKER,6688.25,0.0,['0.00 USD'],NO_TRIGGER,FILLED,NO_CONTINGENCY,,,,MY_GENERIC_ALGO,,O-20260308-230325-001-000-451,,c4ef8ad4-0b9c-47e8-b629-dcd661e0673f,2026-03-08 23:03:25.137361099+00:00,2026-03-08 23:03:25.137361099+00:00
BACKTESTER-001,OracleStrategy-000,MESM6.GLBX,GLBX-1-448,MESM6.GLBX-OracleStrategy-000,GLBX-001,GLBX-1-448,MARKET,BUY,1,GTC,True,False,1,TAKER,6692.5,0.0,['0.00 USD'],NO_TRIGGER,FILLED,NO_CONTINGENCY,,,,MY_GENERIC_ALGO,,O-20260308-230410-001-000-452,,b35fbac2-863d-4b23-92c1-03e89f3e7cd4,2026-03-08 23:04:10.678023310+00:00,2026-03-08 23:04:10.678023310+00:00
BACKTESTER-001,OracleStrategy-000,MESM6.GLBX,GLBX-1-449,MESM6.GLBX-OracleStrategy-000,GLBX-001,GLBX-1-449,MARKET,BUY,1,GTC,False,False,1,TAKER,6692.5,0.0,['0.00 USD'],NO_TRIGGER,FILLED,NO_CONTINGENCY,,,,MY_GENERIC_ALGO,,O-20260308-230410-001-000-453,,8a124992-a722-40d2-b7a1-b436994e5f32,2026-03-08 23:04:10.678023310+00:00,2026-03-08 23:04:10.678023310+00:00
BACKTESTER-001,OracleStrategy-000,MESM6.GLBX,GLBX-1-450,MESM6.GLBX-OracleStrategy-000,GLBX-001,GLBX-1-450,MARKET,SELL,1,GTC,True,False,1,TAKER,6692.0,0.0,['0.00 USD'],NO_TRIGGER,FILLED,NO_CONTINGENCY,,,,MY_GENERIC_ALGO,,O-20260308-230422-001-000-454,,e93573b2-4b9d-4fd2-a55d-3f2b3339c8b2,2026-03-08 23:04:22.498297527+00:00,2026-03-08 23:04:22.498297527+00:00
BACKTESTER-001,OracleStrategy-000,MESM6.GLBX,GLBX-1-451,MESM6.GLBX-OracleStrategy-000,GLBX-001,GLBX-1-451,MARKET,SELL,1,GTC,False,False,1,TAKER,6692.0,0.0,['0.00 USD'],NO_TRIGGER,FILLED,NO_CONTINGENCY,,,,MY_GENERIC_ALGO,,O-20260308-230422-001-000-455,,1cebc3b5-3dd3-41c2-abe2-c34f09a5f9bf,2026-03-08 23:04:22.498297527+00:00,2026-03-08 23:04:22.498297527+00:00
BACKTESTER-001,OracleStrategy-000,MESM6.GLBX,GLBX-1-452,MESM6.GLBX-OracleStrategy-000,GLBX-001,GLBX-1-452,MARKET,BUY,1,GTC,True,False,1,TAKER,6692.0,0.0,['0.00 USD'],NO_TRIGGER,FILLED,NO_CONTINGENCY,,,,MY_GENERIC_ALGO,,O-20260308-230425-001-000-456,,2240fa2f-cc87-4eae-8f92-c729c140bdcb,2026-03-08 23:04:25.630441946+00:00,2026-03-08 23:04:25.630441946+00:00
BACKTESTER-001,OracleStrategy-000,MESM6.GLBX,GLBX-1-453,MESM6.GLBX-OracleStrategy-000,GLBX-001,GLBX-1-453,MARKET,BUY,1,GTC,False,False,1,TAKER,6692.0,0.0,['0.00 USD'],NO_TRIGGER,FILLED,NO_CONTINGENCY,,,,MY_GENERIC_ALGO,,O-20260308-230425-001-000-457,,95ed048c-b9bc-4b30-bf8b-6eb52871220e,2026-03-08 23:04:25.630441946+00:00,2026-03-08 23:04:25.630441946+00:00
BACKTESTER-001,OracleStrategy-000,MESM6.GLBX,GLBX-1-454,MESM6.GLBX-OracleStrategy-000,GLBX-001,GLBX-1-454,MARKET,SELL,1,GTC,True,False,1,TAKER,6691.0,0.0,['0.00 USD'],NO_TRIGGER,FILLED,NO_CONTINGENCY,,,,MY_GENERIC_ALGO,,O-20260308-230433-001-000-458,,30cc414c-38c7-4f8d-9f4c-6b875a9786f2,2026-03-08 23:04:33.036130968+00:00,2026-03-08 23:04:33.036130968+00:00
BACKTESTER-001,OracleStrategy-000,MESM6.GLBX,GLBX-1-455,MESM6.GLBX-OracleStrategy-000,GLBX-001,GLBX-1-455,MARKET,SELL,1,GTC,False,False,1,TAKER,6691.0,0.0,['0.00 USD'],NO_TRIGGER,FILLED,NO_CONTINGENCY,,,,MY_GENERIC_ALGO,,O-20260308-230433-001-000-459,,ef92a2cf-a4ba-4bf2-84a4-c5d38e6a175a,2026-03-08 23:04:33.036130968+00:00,2026-03-08 23:04:33.036130968+00:00
BACKTESTER-001,OracleStrategy-000,MESM6.GLBX,GLBX-1-456,MESM6.GLBX-OracleStrategy-000,GLBX-001,GLBX-1-456,MARKET,BUY,1,GTC,True,False,1,TAKER,6690.25,0.0,['0.00 USD'],NO_TRIGGER,FILLED,NO_CONTINGENCY,,,,MY_GENERIC_ALGO,,O-20260308-230454-001-000-460,,384f9868-2868-4b17-9fff-a391fc2499d4,2026-03-08 23:04:54.587562055+00:00,2026-03-08 23:04:54.587562055+00:00
BACKTESTER-001,OracleStrategy-000,MESM6.GLBX,GLBX-1-457,MESM6.GLBX-OracleStrategy-000,GLBX-001,GLBX-1-457,MARKET,BUY,1,GTC,False,False,1,TAKER,6690.25,0.0,['0.00 USD'],NO_TRIGGER,FILLED,NO_CONTINGENCY,,,,MY_GENERIC_ALGO,,O-20260308-230454-001-000-461,,d75d4178-8901-45b3-b3a9-c94cf514bd5c,2026-03-08 23:04:54.587562055+00:00,2026-03-08 23:04:54.587562055+00:00
BACKTESTER-001,OracleStrategy-000,MESM6.GLBX,GLBX-1-458,MESM6.GLBX-OracleStrategy-000,GLBX-001,GLBX-1-458,MARKET,SELL,1,GTC,True,False,1,TAKER,6690.0,0.0,['0.00 USD'],NO_TRIGGER,FILLED,NO_CONTINGENCY,,,,MY_GENERIC_ALGO,,O-20260308-230551-001-000-462,,1274309b-fcb6-4e0e-a711-95ce19c16bea,2026-03-08 23:05:51.844479466+00:00,2026-03-08 23:05:51.844479466+00:00
BACKTESTER-001,OracleStrategy-000,MESM6.GLBX,GLBX-1-459,MESM6.GLBX-OracleStrategy-000,GLBX-001,GLBX-1-459,MARKET,SELL,1,GTC,False,False,1,TAKER,6690.0,0.0,['0.00 USD'],NO_TRIGGER,FILLED,NO_CONTINGENCY,,,,MY_GENERIC_ALGO,,O-20260308-230551-001-000-463,,ccc7f51b-f1da-47a1-85b5-9b8c261d970e,2026-03-08 23:05:51.844479466+00:00,2026-03-08 23:05:51.844479466+00:00
BACKTESTER-001,OracleStrategy-000,MESM6.GLBX,GLBX-1-460,MESM6.GLBX-OracleStrategy-000,GLBX-001,GLBX-1-460,MARKET,BUY,1,GTC,True,False,1,TAKER,6690.0,0.0,['0.00 USD'],NO_TRIGGER,FILLED,NO_CONTINGENCY,,,,MY_GENERIC_ALGO,,O-20260308-230617-001-000-464,,c34e417a-6d84-4c1a-911d-f1a818cce023,2026-03-08 23:06:17.277501877+00:00,2026-03-08 23:06:17.277501877+00:00
BACKTESTER-001,OracleStrategy-000,MESM6.GLBX,GLBX-1-461,MESM6.GLBX-OracleStrategy-000,GLBX-001,GLBX-1-461,MARKET,BUY,1,GTC,False,False,1,TAKER,6690.0,0.0,['0.00 USD'],NO_TRIGGER,FILLED,NO_CONTINGENCY,,,,MY_GENERIC_ALGO,,O-20260308-230617-001-000-465,,71376640-a15a-4e69-bd69-f6750425d9cc,2026-03-08 23:06:17.277501877+00:00,2026-03-08 23:06:17.277501877+00:00
BACKTESTER-001,OracleStrategy-000,MESM6.GLBX,GLBX-1-462,MESM6.GLBX-OracleStrategy-000,GLBX-001,GLBX-1-462,MARKET,SELL,1,GTC,True,False,1,TAKER,6689.75,0.0,['0.00 USD'],NO_TRIGGER,FILLED,NO_CONTINGENCY,,,,MY_GENERIC_ALGO,,O-20260308-230624-001-000-466,,5a61c49e-5c35-4b08-8677-0d73d82f2e13,2026-03-08 23:06:24.918662779+00:00,2026-03-08 23:06:24.918662779+00:00
BACKTESTER-001,OracleStrategy-000,MESM6.GLBX,GLBX-1-463,MESM6.GLBX-OracleStrategy-000,GLBX-001,GLBX-1-463,MARKET,SELL,1,GTC,False,False,1,TAKER,6689.75,0.0,['0.00 USD'],NO_TRIGGER,FILLED,NO_CONTINGENCY,,,,MY_GENERIC_ALGO,,O-20260308-230624-001-000-467,,bbb15652-32d9-4725-a565-c2e9ec387ba3,2026-03-08 23:06:24.918662779+00:00,2026-03-08 23:06:24.918662779+00:00
BACKTESTER-001,OracleStrategy-000,MESM6.GLBX,GLBX-1-464,MESM6.GLBX-OracleStrategy-000,GLBX-001,GLBX-1-464,MARKET,BUY,1,GTC,True,False,1,TAKER,6686.0,0.0,['0.00 USD'],NO_TRIGGER,FILLED,NO_CONTINGENCY,,,,MY_GENERIC_ALGO,,O-20260308-230652-001-000-468,,2cffbc74-b726-4bd7-a8b1-7f26bb7d3f60,2026-03-08 23:06:52.346481536+00:00,2026-03-08 23:06:52.346481536+00:00
BACKTESTER-001,OracleStrategy-000,MESM6.GLBX,GLBX-1-465,MESM6.GLBX-OracleStrategy-000,GLBX-001,GLBX-1-465,MARKET,BUY,1,GTC,False,False,1,TAKER,6686.0,0.0,['0.00 USD'],NO_TRIGGER,FILLED,NO_CONTINGENCY,,,,MY_GENERIC_ALGO,,O-20260308-230652-001-000-469,,1d131a9a-b7cf-41f6-8159-4b28e0ff2458,2026-03-08 23:06:52.346481536+00:00,2026-03-08 23:06:52.346481536+00:00
BACKTESTER-001,OracleStrategy-000,MESM6.GLBX,GLBX-1-466,MESM6.GLBX-OracleStrategy-000,GLBX-001,GLBX-1-466,MARKET,SELL,1,GTC,True,False,1,TAKER,6684.75,0.0,['0.00 USD'],NO_TRIGGER,FILLED,NO_CONTINGENCY,,,,MY_GENERIC_ALGO,,O-20260308-230745-001-000-470,,00362cd2-3ac9-4a2d-8c45-3c978ed87c28,2026-03-08 23:07:45.397604867+00:00,2026-03-08 23:07:45.397604867+00:00
BACKTESTER-001,OracleStrategy-000,MESM6.GLBX,GLBX-1-467,MESM6.GLBX-OracleStrategy-000,GLBX-001,GLBX-1-467,MARKET,SELL,1,GTC,False,False,1,TAKER,6684.75,0.0,['0.00 USD'],NO_TRIGGER,FILLED,NO_CONTINGENCY,,,,MY_GENERIC_ALGO,,O-20260308-230745-001-000-471,,bfa0a50e-a568-4228-a4d4-ca08b885928b,2026-03-08 23:07:45.397604867+00:00,2026-03-08 23:07:45.397604867+00:00
BACKTESTER-001,OracleStrategy-000,MESM6.GLBX,GLBX-1-468,MESM6.GLBX-OracleStrategy-000,GLBX-001,GLBX-1-468,MARKET,BUY,1,GTC,True,False,1,TAKER,6688.25,0.0,['0.00 USD'],NO_TRIGGER,FILLED,NO_CONTINGENCY,,,,MY_GENERIC_ALGO,,O-20260308-230814-001-000-472,,6040c86d-2b6e-4924-a680-ff017fc7b2e3,2026-03-08 23:08:14.425409820+00:00,2026-03-08 23:08:14.425409820+00:00
BACKTESTER-001,OracleStrategy-000,MESM6.GLBX,GLBX-1-469,MESM6.GLBX-OracleStrategy-000,GLBX-001,GLBX-1-469,MARKET,BUY,1,GTC,False,False,1,TAKER,6688.25,0.0,['0.00 USD'],NO_TRIGGER,FILLED,NO_CONTINGENCY,,,,MY_GENERIC_ALGO,,O-20260308-230814-001-000-473,,63b0b7a9-4ff5-42a1-a2ea-28effb45ae20,2026-03-08 23:08:14.425409820+00:00,2026-03-08 23:08:14.425409820+00:00
BACKTESTER-001,OracleStrategy-000,MESM6.GLBX,GLBX-1-470,MESM6.GLBX-OracleStrategy-000,GLBX-001,GLBX-1-470,MARKET,SELL,1,GTC,True,False,1,TAKER,6682.5,0.0,['0.00 USD'],NO_TRIGGER,FILLED,NO_CONTINGENCY,,,,MY_GENERIC_ALGO,,O-20260308-230917-001-000-474,,2339db37-c1fe-43a6-9d5a-94084908a862,2026-03-08 23:09:17.346365440+00:00,2026-03-08 23:09:17.346365440+00:00
BACKTESTER-001,OracleStrategy-000,MESM6.GLBX,GLBX-1-471,MESM6.GLBX-OracleStrategy-000,GLBX-001,GLBX-1-471,MARKET,SELL,1,GTC,False,False,1,TAKER,6682.5,0.0,['0.00 USD'],NO_TRIGGER,FILLED,NO_CONTINGENCY,,,,MY_GENERIC_ALGO,,O-20260308-230917-001-000-475,,1b638484-128b-4686-9cfb-5a25026a7fd8,2026-03-08 23:09:17.346365440+00:00,2026-03-08 23:09:17.346365440+00:00
BACKTESTER-001,OracleStrategy-000,MESM6.GLBX,GLBX-1-472,MESM6.GLBX-OracleStrategy-000,GLBX-001,GLBX-1-472,MARKET,BUY,1,GTC,True,False,1,TAKER,6680.25,0.0,['0.00 USD'],NO_TRIGGER,FILLED,NO_CONTINGENCY,,,,MY_GENERIC_ALGO,,O-20260308-230939-001-000-476,,4838c0ee-d943-4767-8f68-6adf9ea464ec,2026-03-08 23:09:39.321358019+00:00,2026-03-08 23:09:39.321358019+00:00
BACKTESTER-001,OracleStrategy-000,MESM6.GLBX,GLBX-1-473,MESM6.GLBX-OracleStrategy-000,GLBX-001,GLBX-1-473,MARKET,BUY,1,GTC,False,False,1,TAKER,6680.25,0.0,['0.00 USD'],NO_TRIGGER,FILLED,NO_CONTINGENCY,,,,MY_GENERIC_ALGO,,O-20260308-230939-001-000-477,,142bc733-df4b-4af0-a6a1-398f067e6766,2026-03-08 23:09:39.321358019+00:00,2026-03-08 23:09:39.321358019+00:00
BACKTESTER-001,OracleStrategy-000,MESM6.GLBX,GLBX-1-474,MESM6.GLBX-OracleStrategy-000,GLBX-001,GLBX-1-474,MARKET,SELL,1,GTC,True,False,1,TAKER,6678.75,0.0,['0.00 USD'],NO_TRIGGER,FILLED,NO_CONTINGENCY,,,,MY_GENERIC_ALGO,,O-20260308-230944-001-000-478,,c478c5e3-3e3b-4676-a6bf-cf3d1cc29a37,2026-03-08 23:09:44.899699999+00:00,2026-03-08 23:09:44.899699999+00:00
BACKTESTER-001,OracleStrategy-000,MESM6.GLBX,GLBX-1-475,MESM6.GLBX-OracleStrategy-000,GLBX-001,GLBX-1-475,MARKET,SELL,1,GTC,False,False,1,TAKER,6678.75,0.0,['0.00 USD'],NO_TRIGGER,FILLED,NO_CONTINGENCY,,,,MY_GENERIC_ALGO,,O-20260308-230944-001-000-479,,3a2181e7-b7ff-4cf1-b836-7bd7969d3106,2026-03-08 23:09:44.899699999+00:00,2026-03-08 23:09:44.899699999+00:00
BACKTESTER-001,OracleStrategy-000,MESM6.GLBX,GLBX-1-476,MESM6.GLBX-OracleStrategy-000,GLBX-001,GLBX-1-476,MARKET,BUY,1,GTC,True,False,1,TAKER,6681.0,0.0,['0.00 USD'],NO_TRIGGER,FILLED,NO_CONTINGENCY,,,,MY_GENERIC_ALGO,,O-20260308-231002-001-000-480,,fa81554f-f8f9-479b-a0a2-3baabf4a1a13,2026-03-08 23:10:02.472434549+00:00,2026-03-08 23:10:02.472434549+00:00
BACKTESTER-001,OracleStrategy-000,MESM6.GLBX,GLBX-1-477,MESM6.GLBX-OracleStrategy-000,GLBX-001,GLBX-1-477,MARKET,SELL,1,GTC,False,False,1,TAKER,6679.0,0.0,['0.00 USD'],NO_TRIGGER,FILLED,NO_CONTINGENCY,,,,MY_GENERIC_ALGO,,O-20260308-231004-001-000-482,,f4fbc865-0652-46e9-b53a-7d5a31cf6137,2026-03-08 23:10:04.142699642+00:00,2026-03-08 23:10:04.142699642+00:00
BACKTESTER-001,OracleStrategy-000,MESM6.GLBX,GLBX-1-478,MESM6.GLBX-OracleStrategy-000,GLBX-001,GLBX-1-478,MARKET,BUY,1,GTC,True,False,1,TAKER,6679.75,0.0,['0.00 USD'],NO_TRIGGER,FILLED,NO_CONTINGENCY,,,,MY_GENERIC_ALGO,,O-20260308-231029-001-000-483,,209103db-95ac-4496-b862-858b6dadc3af,2026-03-08 23:10:29.100762872+00:00,2026-03-08 23:10:29.100762872+00:00
BACKTESTER-001,OracleStrategy-000,MESM6.GLBX,GLBX-1-479,MESM6.GLBX-OracleStrategy-000,GLBX-001,GLBX-1-479,MARKET,BUY,1,GTC,False,False,1,TAKER,6679.75,0.0,['0.00 USD'],NO_TRIGGER,FILLED,NO_CONTINGENCY,,,,MY_GENERIC_ALGO,,O-20260308-231029-001-000-484,,c2ffaa67-d9e1-46a3-98b2-1d5c1bba7262,2026-03-08 23:10:29.100762872+00:00,2026-03-08 23:10:29.100762872+00:00
BACKTESTER-001,OracleStrategy-000,MESM6.GLBX,GLBX-1-480,MESM6.GLBX-OracleStrategy-000,GLBX-001,GLBX-1-480,MARKET,SELL,1,GTC,True,False,1,TAKER,6680.0,0.0,['0.00 USD'],NO_TRIGGER,FILLED,NO_CONTINGENCY,,,,MY_GENERIC_ALGO,,O-20260308-231035-001-000-485,,75842d29-132c-4ba5-8e70-3044e967a931,2026-03-08 23:10:35.934749778+00:00,2026-03-08 23:10:35.934749778+00:00
BACKTESTER-001,OracleStrategy-000,MESM6.GLBX,GLBX-1-481,MESM6.GLBX-OracleStrategy-000,GLBX-001,GLBX-1-481,MARKET,SELL,1,GTC,False,False,1,TAKER,6680.0,0.0,['0.00 USD'],NO_TRIGGER,FILLED,NO_CONTINGENCY,,,,MY_GENERIC_ALGO,,O-20260308-231035-001-000-486,,190bac63-e951-4791-8ac3-1768e43f5633,2026-03-08 23:10:35.934749778+00:00,2026-03-08 23:10:35.934749778+00:00
BACKTESTER-001,OracleStrategy-000,MESM6.GLBX,GLBX-1-482,MESM6.GLBX-OracleStrategy-000,GLBX-001,GLBX-1-482,MARKET,BUY,1,GTC,True,False,1,TAKER,6678.0,0.0,['0.00 USD'],NO_TRIGGER,FILLED,NO_CONTINGENCY,,,,MY_GENERIC_ALGO,,O-20260308-231042-001-000-487,,6aab2e16-071c-4712-afe9-3a63414859f6,2026-03-08 23:10:42.050033864+00:00,2026-03-08 23:10:42.050033864+00:00
BACKTESTER-001,OracleStrategy-000,MESM6.GLBX,GLBX-1-483,MESM6.GLBX-OracleStrategy-000,GLBX-001,GLBX-1-483,MARKET,BUY,1,GTC,False,False,1,TAKER,6678.0,0.0,['0.00 USD'],NO_TRIGGER,FILLED,NO_CONTINGENCY,,,,MY_GENERIC_ALGO,,O-20260308-231042-001-000-488,,0cc23f95-f9da-4b02-a2f3-f3deadae4cdc,2026-03-08 23:10:42.050033864+00:00,2026-03-08 23:10:42.050033864+00:00
BACKTESTER-001,OracleStrategy-000,MESM6.GLBX,GLBX-1-484,MESM6.GLBX-OracleStrategy-000,GLBX-001,GLBX-1-484,MARKET,SELL,1,GTC,True,False,1,TAKER,6680.75,0.0,['0.00 USD'],NO_TRIGGER,FILLED,NO_CONTINGENCY,,,,MY_GENERIC_ALGO,,O-20260308-231048-001-000-489,,db3dfbb7-10f1-4b0a-b287-a4e93c924268,2026-03-08 23:10:48.488622661+00:00,2026-03-08 23:10:48.488622661+00:00
BACKTESTER-001,OracleStrategy-000,MESM6.GLBX,GLBX-1-485,MESM6.GLBX-OracleStrategy-000,GLBX-001,GLBX-1-485,MARKET,SELL,1,GTC,False,False,1,TAKER,6680.75,0.0,['0.00 USD'],NO_TRIGGER,FILLED,NO_CONTINGENCY,,,,MY_GENERIC_ALGO,,O-20260308-231048-001-000-490,,c5c266ba-84dd-486a-bdf8-6ca0e04f133b,2026-03-08 23:10:48.488622661+00:00,2026-03-08 23:10:48.488622661+00:00
BACKTESTER-001,OracleStrategy-000,MESM6.GLBX,GLBX-1-486,MESM6.GLBX-OracleStrategy-000,GLBX-001,GLBX-1-486,MARKET,BUY,1,GTC,True,False,1,TAKER,6680.0,0.0,['0.00 USD'],NO_TRIGGER,FILLED,NO_CONTINGENCY,,,,MY_GENERIC_ALGO,,O-20260308-231050-001-000-491,,9bccbb35-ee14-4f35-b20e-317d6511e3f5,2026-03-08 23:10:50.024191632+00:00,2026-03-08 23:10:50.024191632+00:00
BACKTESTER-001,OracleStrategy-000,MESM6.GLBX,GLBX-1-487,MESM6.GLBX-OracleStrategy-000,GLBX-001,GLBX-1-487,MARKET,BUY,1,GTC,False,False,1,TAKER,6680.0,0.0,['0.00 USD'],NO_TRIGGER,FILLED,NO_CONTINGENCY,,,,MY_GENERIC_ALGO,,O-20260308-231050-001-000-492,,af7beadf-0385-4bad-bb69-15cf34a790a0,2026-03-08 23:10:50.024191632+00:00,2026-03-08 23:10:50.024191632+00:00
BACKTESTER-001,OracleStrategy-000,MESM6.GLBX,GLBX-1-488,MESM6.GLBX-OracleStrategy-000,GLBX-001,GLBX-1-488,MARKET,SELL,1,GTC,True,False,1,TAKER,6678.75,0.0,['0.00 USD'],NO_TRIGGER,FILLED,NO_CONTINGENCY,,,,MY_GENERIC_ALGO,,O-20260308-231056-001-000-493,,e0ae9c5e-6575-40c7-8ba9-c4c217be4318,2026-03-08 23:10:56.243062289+00:00,2026-03-08 23:10:56.243062289+00:00
BACKTESTER-001,OracleStrategy-000,MESM6.GLBX,GLBX-1-489,MESM6.GLBX-OracleStrategy-000,GLBX-001,GLBX-1-489,MARKET,SELL,1,GTC,False,False,1,TAKER,6678.75,0.0,['0.00 USD'],NO_TRIGGER,FILLED,NO_CONTINGENCY,,,,MY_GENERIC_ALGO,,O-20260308-231056-001-000-494,,69afd2d6-d7db-4705-82eb-12615ae69caa,2026-03-08 23:10:56.243062289+00:00,2026-03-08 23:10:56.243062289+00:00
BACKTESTER-001,OracleStrategy-000,MESM6.GLBX,GLBX-1-490,MESM6.GLBX-OracleStrategy-000,GLBX-001,GLBX-1-490,MARKET,BUY,1,GTC,True,False,1,TAKER,6678.75,0.0,['0.00 USD'],NO_TRIGGER,FILLED,NO_CONTINGENCY,,,,MY_GENERIC_ALGO,,O-20260308-231104-001-000-495,,1552d99e-843a-4942-9ae0-7bb3ba7a9ef8,2026-03-08 23:11:04.065116960+00:00,2026-03-08 23:11:04.065116960+00:00
BACKTESTER-001,OracleStrategy-000,MESM6.GLBX,GLBX-1-491,MESM6.GLBX-OracleStrategy-000,GLBX-001,GLBX-1-491,MARKET,BUY,1,GTC,False,False,1,TAKER,6678.75,0.0,['0.00 USD'],NO_TRIGGER,FILLED,NO_CONTINGENCY,,,,MY_GENERIC_ALGO,,O-20260308-231104-001-000-496,,a5cf586e-c9a6-45ad-a9c1-49866ea149ee,2026-03-08 23:11:04.065116960+00:00,2026-03-08 23:11:04.065116960+00:00
BACKTESTER-001,OracleStrategy-000,MESM6.GLBX,GLBX-1-492,MESM6.GLBX-OracleStrategy-000,GLBX-001,GLBX-1-492,MARKET,SELL,1,GTC,True,False,1,TAKER,6681.5,0.0,['0.00 USD'],NO_TRIGGER,FILLED,NO_CONTINGENCY,,,,MY_GENERIC_ALGO,,O-20260308-231138-001-000-497,,e8ab50ea-0db2-44f3-a687-88a5e88537e7,2026-03-08 23:11:38.374888089+00:00,2026-03-08 23:11:38.374888089+00:00
BACKTESTER-001,OracleStrategy-000,MESM6.GLBX,GLBX-1-493,MESM6.GLBX-OracleStrategy-000,GLBX-001,GLBX-1-493,MARKET,SELL,1,GTC,False,False,1,TAKER,6681.5,0.0,['0.00 USD'],NO_TRIGGER,FILLED,NO_CONTINGENCY,,,,MY_GENERIC_ALGO,,O-20260308-231138-001-000-498,,d8bcce82-00e6-434d-8d33-76a56997cc91,2026-03-08 23:11:38.374888089+00:00,2026-03-08 23:11:38.374888089+00:00
BACKTESTER-001,OracleStrategy-000,MESM6.GLBX,GLBX-1-494,MESM6.GLBX-OracleStrategy-000,GLBX-001,GLBX-1-494,MARKET,BUY,1,GTC,True,False,1,TAKER,6678.5,0.0,['0.00 USD'],NO_TRIGGER,FILLED,NO_CONTINGENCY,,,,MY_GENERIC_ALGO,,O-20260308-231230-001-000-499,,9bfdd545-b1be-4167-9919-6786469aa7ce,2026-03-08 23:12:30.086323234+00:00,2026-03-08 23:12:30.086323234+00:00
BACKTESTER-001,OracleStrategy-000,MESM6.GLBX,GLBX-1-495,MESM6.GLBX-OracleStrategy-000,GLBX-001,GLBX-1-495,MARKET,BUY,1,GTC,False,False,1,TAKER,6678.5,0.0,['0.00 USD'],NO_TRIGGER,FILLED,NO_CONTINGENCY,,,,MY_GENERIC_ALGO,,O-20260308-231230-001-000-500,,dd0ba35f-0ad5-45fb-9847-83b5e703ea45,2026-03-08 23:12:30.086323234+00:00,2026-03-08 23:12:30.086323234+00:00
BACKTESTER-001,OracleStrategy-000,MESM6.GLBX,GLBX-1-496,MESM6.GLBX-OracleStrategy-000,GLBX-001,GLBX-1-496,MARKET,SELL,1,GTC,True,False,1,TAKER,6679.5,0.0,['0.00 USD'],NO_TRIGGER,FILLED,NO_CONTINGENCY,,,,MY_GENERIC_ALGO,,O-20260308-231303-001-000-501,,4761525d-389b-4a2e-88a1-301a091f3c30,2026-03-08 23:13:03.746979792+00:00,2026-03-08 23:13:03.746979792+00:00
BACKTESTER-001,OracleStrategy-000,MESM6.GLBX,GLBX-1-497,MESM6.GLBX-OracleStrategy-000,GLBX-001,GLBX-1-497,MARKET,SELL,1,GTC,False,False,1,TAKER,6679.5,0.0,['0.00 USD'],NO_TRIGGER,FILLED,NO_CONTINGENCY,,,,MY_GENERIC_ALGO,,O-20260308-231303-001-000-502,,9cb53dff-1beb-49b7-aea2-d2d584ed63e5,2026-03-08 23:13:03.746979792+00:00,2026-03-08 23:13:03.746979792+00:00
BACKTESTER-001,OracleStrategy-000,MESM6.GLBX,GLBX-1-498,MESM6.GLBX-OracleStrategy-000,GLBX-001,GLBX-1-498,MARKET,BUY,1,GTC,True,False,1,TAKER,6679.75,0.0,['0.00 USD'],NO_TRIGGER,FILLED,NO_CONTINGENCY,,,,MY_GENERIC_ALGO,,O-20260308-231312-001-000-503,,283d5ee3-63aa-4bba-be4e-8217de7e5dce,2026-03-08 23:13:12.182773728+00:00,2026-03-08 23:13:12.182773728+00:00
BACKTESTER-001,OracleStrategy-000,MESM6.GLBX,GLBX-1-499,MESM6.GLBX-OracleStrategy-000,GLBX-001,GLBX-1-499,MARKET,BUY,1,GTC,False,False,1,TAKER,6679.75,0.0,['0.00 USD'],NO_TRIGGER,FILLED,NO_CONTINGENCY,,,,MY_GENERIC_ALGO,,O-20260308-231312-001-000-504,,6578f6b1-f023-4474-a548-7aa90db5a8cd,2026-03-08 23:13:12.182773728+00:00,2026-03-08 23:13:12.182773728+00:00
BACKTESTER-001,OracleStrategy-000,MESM6.GLBX,GLBX-1-500,MESM6.GLBX-OracleStrategy-000,GLBX-001,GLBX-1-500,MARKET,SELL,1,GTC,True,False,1,TAKER,6678.0,0.0,['0.00 USD'],NO_TRIGGER,FILLED,NO_CONTINGENCY,,,,MY_GENERIC_ALGO,,O-20260308-231334-001-000-505,,396c6751-fc50-43b3-8ac5-44f7598d2ee7,2026-03-08 23:13:34.460214245+00:00,2026-03-08 23:13:34.460214245+00:00
BACKTESTER-001,OracleStrategy-000,MESM6.GLBX,GLBX-1-501,MESM6.GLBX-OracleStrategy-000,GLBX-001,GLBX-1-501,MARKET,SELL,1,GTC,False,False,1,TAKER,6678.0,0.0,['0.00 USD'],NO_TRIGGER,FILLED,NO_CONTINGENCY,,,,MY_GENERIC_ALGO,,O-20260308-231334-001-000-506,,8c90c70f-9e1e-4200-a893-5000fd6015a5,2026-03-08 23:13:34.460214245+00:00,2026-03-08 23:13:34.460214245+00:00
BACKTESTER-001,OracleStrategy-000,MESM6.GLBX,GLBX-1-502,MESM6.GLBX-OracleStrategy-000,GLBX-001,GLBX-1-502,MARKET,BUY,1,GTC,True,False,1,TAKER,6680.75,0.0,['0.00 USD'],NO_TRIGGER,FILLED,NO_CONTINGENCY,,,,MY_GENERIC_ALGO,,O-20260308-231502-001-000-507,,dcdfba54-da74-47f2-bf69-d12fbf4505be,2026-03-08 23:15:02.744464301+00:00,2026-03-08 23:15:02.744464301+00:00
BACKTESTER-001,OracleStrategy-000,MESM6.GLBX,GLBX-1-503,MESM6.GLBX-OracleStrategy-000,GLBX-001,GLBX-1-503,MARKET,BUY,1,GTC,False,False,1,TAKER,6680.75,0.0,['0.00 USD'],NO_TRIGGER,FILLED,NO_CONTINGENCY,,,,MY_GENERIC_ALGO,,O-20260308-231502-001-000-508,,4573d842-109c-4315-be40-272a631d8f66,2026-03-08 23:15:02.744464301+00:00,2026-03-08 23:15:02.744464301+00:00
BACKTESTER-001,OracleStrategy-000,MESM6.GLBX,GLBX-1-504,MESM6.GLBX-OracleStrategy-000,GLBX-001,GLBX-1-504,MARKET,SELL,1,GTC,True,False,1,TAKER,6680.0,0.0,['0.00 USD'],NO_TRIGGER,FILLED,NO_CONTINGENCY,,,,MY_GENERIC_ALGO,,O-20260308-231516-001-000-509,,54b9b193-238d-4574-8862-f4db7c8d8874,2026-03-08 23:15:16.242294552+00:00,2026-03-08 23:15:16.242294552+00:00
BACKTESTER-001,OracleStrategy-000,MESM6.GLBX,GLBX-1-505,MESM6.GLBX-OracleStrategy-000,GLBX-001,GLBX-1-505,MARKET,SELL,1,GTC,False,False,1,TAKER,6680.0,0.0,['0.00 USD'],NO_TRIGGER,FILLED,NO_CONTINGENCY,,,,MY_GENERIC_ALGO,,O-20260308-231516-001-000-510,,bd1da042-86d1-420d-bf11-777849a81e84,2026-03-08 23:15:16.242294552+00:00,2026-03-08 23:15:16.242294552+00:00
BACKTESTER-001,OracleStrategy-000,MESM6.GLBX,GLBX-1-506,MESM6.GLBX-OracleStrategy-000,GLBX-001,GLBX-1-506,MARKET,BUY,1,GTC,True,False,1,TAKER,6680.5,0.0,['0.00 USD'],NO_TRIGGER,FILLED,NO_CONTINGENCY,,,,MY_GENERIC_ALGO,,O-20260308-231551-001-000-511,,7d777082-a135-4ecb-896b-fd4353a5dd91,2026-03-08 23:15:51.768551523+00:00,2026-03-08 23:15:51.768551523+00:00
BACKTESTER-001,OracleStrategy-000,MESM6.GLBX,GLBX-1-507,MESM6.GLBX-OracleStrategy-000,GLBX-001,GLBX-1-507,MARKET,BUY,1,GTC,False,False,1,TAKER,6680.5,0.0,['0.00 USD'],NO_TRIGGER,FILLED,NO_CONTINGENCY,,,,MY_GENERIC_ALGO,,O-20260308-231551-001-000-512,,141bc33e-0b95-474f-8826-84beaf009c19,2026-03-08 23:15:51.768551523+00:00,2026-03-08 23:15:51.768551523+00:00
BACKTESTER-001,OracleStrategy-000,MESM6.GLBX,GLBX-1-508,MESM6.GLBX-OracleStrategy-000,GLBX-001,GLBX-1-508,MARKET,SELL,1,GTC,True,False,1,TAKER,6682.25,0.0,['0.00 USD'],NO_TRIGGER,FILLED,NO_CONTINGENCY,,,,MY_GENERIC_ALGO,,O-20260308-231628-001-000-513,,e52eb66d-4209-4996-8df2-e2b962b3c945,2026-03-08 23:16:28.854466843+00:00,2026-03-08 23:16:28.854466843+00:00
BACKTESTER-001,OracleStrategy-000,MESM6.GLBX,GLBX-1-509,MESM6.GLBX-OracleStrategy-000,GLBX-001,GLBX-1-509,MARKET,SELL,1,GTC,False,False,1,TAKER,6682.25,0.0,['0.00 USD'],NO_TRIGGER,FILLED,NO_CONTINGENCY,,,,MY_GENERIC_ALGO,,O-20260308-231628-001-000-514,,88fc11cb-3fd8-4b7b-bc0a-5eea93794953,2026-03-08 23:16:28.854466843+00:00,2026-03-08 23:16:28.854466843+00:00
BACKTESTER-001,OracleStrategy-000,MESM6.GLBX,GLBX-1-510,MESM6.GLBX-OracleStrategy-000,GLBX-001,GLBX-1-510,MARKET,BUY,1,GTC,True,False,1,TAKER,6683.5,0.0,['0.00 USD'],NO_TRIGGER,FILLED,NO_CONTINGENCY,,,,MY_GENERIC_ALGO,,O-20260308-231709-001-000-515,,e35dedbc-2d4e-4734-bdb0-440b81ffc530,2026-03-08 23:17:09.788696936+00:00,2026-03-08 23:17:09.788696936+00:00
BACKTESTER-001,OracleStrategy-000,MESM6.GLBX,GLBX-1-511,MESM6.GLBX-OracleStrategy-000,GLBX-001,GLBX-1-511,MARKET,BUY,1,GTC,False,False,1,TAKER,6683.5,0.0,['0.00 USD'],NO_TRIGGER,FILLED,NO_CONTINGENCY,,,,MY_GENERIC_ALGO,,O-20260308-231709-001-000-516,,98b4e1f6-3cfd-40c5-8b4f-e95a38ee207c,2026-03-08 23:17:09.788696936+00:00,2026-03-08 23:17:09.788696936+00:00
BACKTESTER-001,OracleStrategy-000,MESM6.GLBX,GLBX-1-512,MESM6.GLBX-OracleStrategy-000,GLBX-001,GLBX-1-512,MARKET,SELL,1,GTC,True,False,1,TAKER,6683.75,0.0,['0.00 USD'],NO_TRIGGER,FILLED,NO_CONTINGENCY,,,,MY_GENERIC_ALGO,,O-20260308-231757-001-000-517,,86db0933-8f37-462a-b6a8-17d9d1373373,2026-03-08 23:17:57.941459973+00:00,2026-03-08 23:17:57.941459973+00:00
BACKTESTER-001,OracleStrategy-000,MESM6.GLBX,GLBX-1-513,MESM6.GLBX-OracleStrategy-000,GLBX-001,GLBX-1-513,MARKET,SELL,1,GTC,False,False,1,TAKER,6683.75,0.0,['0.00 USD'],NO_TRIGGER,FILLED,NO_CONTINGENCY,,,,MY_GENERIC_ALGO,,O-20260308-231757-001-000-518,,0979c61c-8c22-43e0-9bda-a7d0762884ec,2026-03-08 23:17:57.941459973+00:00,2026-03-08 23:17:57.941459973+00:00
BACKTESTER-001,OracleStrategy-000,MESM6.GLBX,GLBX-1-514,MESM6.GLBX-OracleStrategy-000,GLBX-001,GLBX-1-514,MARKET,BUY,1,GTC,True,False,1,TAKER,6684.0,0.0,['0.00 USD'],NO_TRIGGER,FILLED,NO_CONTINGENCY,,,,MY_GENERIC_ALGO,,O-20260308-231800-001-000-519,,7320d251-b611-4554-8d03-67bfc7d49aeb,2026-03-08 23:18:00.053955095+00:00,2026-03-08 23:18:00.053955095+00:00
BACKTESTER-001,OracleStrategy-000,MESM6.GLBX,GLBX-1-515,MESM6.GLBX-OracleStrategy-000,GLBX-001,GLBX-1-515,MARKET,BUY,1,GTC,False,False,1,TAKER,6684.0,0.0,['0.00 USD'],NO_TRIGGER,FILLED,NO_CONTINGENCY,,,,MY_GENERIC_ALGO,,O-20260308-231800-001-000-520,,0850303f-5e3d-4b6b-b08e-88f7f286450f,2026-03-08 23:18:00.053955095+00:00,2026-03-08 23:18:00.053955095+00:00
BACKTESTER-001,OracleStrategy-000,MESM6.GLBX,GLBX-1-516,MESM6.GLBX-OracleStrategy-000,GLBX-001,GLBX-1-516,MARKET,SELL,1,GTC,True,False,1,TAKER,6684.25,0.0,['0.00 USD'],NO_TRIGGER,FILLED,NO_CONTINGENCY,,,,MY_GENERIC_ALGO,,O-20260308-231905-001-000-521,,f5831e62-1040-439c-97fa-43fd45e3b1e5,2026-03-08 23:19:05.514889264+00:00,2026-03-08 23:19:05.514889264+00:00
BACKTESTER-001,OracleStrategy-000,MESM6.GLBX,GLBX-1-517,MESM6.GLBX-OracleStrategy-000,GLBX-001,GLBX-1-517,MARKET,SELL,1,GTC,False,False,1,TAKER,6684.25,0.0,['0.00 USD'],NO_TRIGGER,FILLED,NO_CONTINGENCY,,,,MY_GENERIC_ALGO,,O-20260308-231905-001-000-522,,91d074f5-d057-4c6a-8ebb-388fe2b7c821,2026-03-08 23:19:05.514889264+00:00,2026-03-08 23:19:05.514889264+00:00
BACKTESTER-001,OracleStrategy-000,MESM6.GLBX,GLBX-1-518,MESM6.GLBX-OracleStrategy-000,GLBX-001,GLBX-1-518,MARKET,BUY,1,GTC,True,False,1,TAKER,6685.0,0.0,['0.00 USD'],NO_TRIGGER,FILLED,NO_CONTINGENCY,,,,MY_GENERIC_ALGO,,O-20260308-231949-001-000-523,,f86bed8b-8bfc-4f76-b846-0ac5b3c21b1e,2026-03-08 23:19:49.253008699+00:00,2026-03-08 23:19:49.253008699+00:00
BACKTESTER-001,OracleStrategy-000,MESM6.GLBX,GLBX-1-519,MESM6.GLBX-OracleStrategy-000,GLBX-001,GLBX-1-519,MARKET,BUY,1,GTC,False,False,1,TAKER,6685.0,0.0,['0.00 USD'],NO_TRIGGER,FILLED,NO_CONTINGENCY,,,,MY_GENERIC_ALGO,,O-20260308-231949-001-000-524,,7fb8e574-81c3-4e11-92cc-a10fd1966aab,2026-03-08 23:19:49.253008699+00:00,2026-03-08 23:19:49.253008699+00:00
BACKTESTER-001,OracleStrategy-000,MESM6.GLBX,GLBX-1-520,MESM6.GLBX-OracleStrategy-000,GLBX-001,GLBX-1-520,MARKET,SELL,1,GTC,True,False,1,TAKER,6685.25,0.0,['0.00 USD'],NO_TRIGGER,FILLED,NO_CONTINGENCY,,,,MY_GENERIC_ALGO,,O-20260308-232108-001-000-525,,3972fc5c-0da7-423e-b3b4-9a4b10b0c195,2026-03-08 23:21:08.009104659+00:00,2026-03-08 23:21:08.009104659+00:00
BACKTESTER-001,OracleStrategy-000,MESM6.GLBX,GLBX-1-521,MESM6.GLBX-OracleStrategy-000,GLBX-001,GLBX-1-521,MARKET,SELL,1,GTC,False,False,1,TAKER,6685.25,0.0,['0.00 USD'],NO_TRIGGER,FILLED,NO_CONTINGENCY,,,,MY_GENERIC_ALGO,,O-20260308-232108-001-000-526,,9f49204c-df46-407b-9a56-c298eabc2132,2026-03-08 23:21:08.009104659+00:00,2026-03-08 23:21:08.009104659+00:00
BACKTESTER-001,OracleStrategy-000,MESM6.GLBX,GLBX-1-522,MESM6.GLBX-OracleStrategy-000,GLBX-001,GLBX-1-522,MARKET,BUY,1,GTC,True,False,1,TAKER,6685.25,0.0,['0.00 USD'],NO_TRIGGER,FILLED,NO_CONTINGENCY,,,,MY_GENERIC_ALGO,,O-20260308-232326-001-000-527,,e28a842c-5665-4d4a-89af-0f715e8fe321,2026-03-08 23:23:26.527679064+00:00,2026-03-08 23:23:26.527679064+00:00
BACKTESTER-001,OracleStrategy-000,MESM6.GLBX,GLBX-1-523,MESM6.GLBX-OracleStrategy-000,GLBX-001,GLBX-1-523,MARKET,BUY,1,GTC,False,False,1,TAKER,6685.25,0.0,['0.00 USD'],NO_TRIGGER,FILLED,NO_CONTINGENCY,,,,MY_GENERIC_ALGO,,O-20260308-232326-001-000-528,,44e31095-4e1d-4579-9051-aecd46848c95,2026-03-08 23:23:26.527679064+00:00,2026-03-08 23:23:26.527679064+00:00
BACKTESTER-001,OracleStrategy-000,MESM6.GLBX,GLBX-1-524,MESM6.GLBX-OracleStrategy-000,GLBX-001,GLBX-1-524,MARKET,SELL,1,GTC,True,False,1,TAKER,6685.25,0.0,['0.00 USD'],NO_TRIGGER,FILLED,NO_CONTINGENCY,,,,MY_GENERIC_ALGO,,O-20260308-232403-001-000-529,,5351dca9-6475-42b0-8207-012452ef1b28,2026-03-08 23:24:03.010174267+00:00,2026-03-08 23:24:03.010174267+00:00
BACKTESTER-001,OracleStrategy-000,MESM6.GLBX,GLBX-1-525,MESM6.GLBX-OracleStrategy-000,GLBX-001,GLBX-1-525,MARKET,SELL,1,GTC,False,False,1,TAKER,6685.25,0.0,['0.00 USD'],NO_TRIGGER,FILLED,NO_CONTINGENCY,,,,MY_GENERIC_ALGO,,O-20260308-232403-001-000-530,,fb3504c5-1907-4b9b-85ef-1dbaf6a602f3,2026-03-08 23:24:03.010174267+00:00,2026-03-08 23:24:03.010174267+00:00
BACKTESTER-001,OracleStrategy-000,MESM6.GLBX,GLBX-1-526,MESM6.GLBX-OracleStrategy-000,GLBX-001,GLBX-1-526,MARKET,BUY,1,GTC,True,False,1,TAKER,6685.0,0.0,['0.00 USD'],NO_TRIGGER,FILLED,NO_CONTINGENCY,,,,MY_GENERIC_ALGO,,O-20260308-232424-001-000-531,,cc528516-def2-47e8-a33d-52285804b95d,2026-03-08 23:24:24.839189915+00:00,2026-03-08 23:24:24.839189915+00:00
BACKTESTER-001,OracleStrategy-000,MESM6.GLBX,GLBX-1-527,MESM6.GLBX-OracleStrategy-000,GLBX-001,GLBX-1-527,MARKET,BUY,1,GTC,False,False,1,TAKER,6685.0,0.0,['0.00 USD'],NO_TRIGGER,FILLED,NO_CONTINGENCY,,,,MY_GENERIC_ALGO,,O-20260308-232424-001-000-532,,3c5b6d73-051c-4eed-99c8-f627266aa318,2026-03-08 23:24:24.839189915+00:00,2026-03-08 23:24:24.839189915+00:00
BACKTESTER-001,OracleStrategy-000,MESM6.GLBX,GLBX-1-528,MESM6.GLBX-OracleStrategy-000,GLBX-001,GLBX-1-528,MARKET,SELL,1,GTC,True,False,1,TAKER,6684.0,0.0,['0.00 USD'],NO_TRIGGER,FILLED,NO_CONTINGENCY,,,,MY_GENERIC_ALGO,,O-20260308-232431-001-000-533,,8da45304-bb19-46a6-b345-70397fe82d8e,2026-03-08 23:24:31.563558706+00:00,2026-03-08 23:24:31.563558706+00:00
BACKTESTER-001,OracleStrategy-000,MESM6.GLBX,GLBX-1-529,MESM6.GLBX-OracleStrategy-000,GLBX-001,GLBX-1-529,MARKET,SELL,1,GTC,False,False,1,TAKER,6684.0,0.0,['0.00 USD'],NO_TRIGGER,FILLED,NO_CONTINGENCY,,,,MY_GENERIC_ALGO,,O-20260308-232431-001-000-534,,e5f94cd1-d80e-46ab-a361-07f0ae68830f,2026-03-08 23:24:31.563558706+00:00,2026-03-08 23:24:31.563558706+00:00
BACKTESTER-001,OracleStrategy-000,MESM6.GLBX,GLBX-1-530,MESM6.GLBX-OracleStrategy-000,GLBX-001,GLBX-1-530,MARKET,BUY,1,GTC,True,False,1,TAKER,6684.0,0.0,['0.00 USD'],NO_TRIGGER,FILLED,NO_CONTINGENCY,,,,MY_GENERIC_ALGO,,O-20260308-232500-001-000-535,,10e4e423-590e-4c6b-bae4-ac69dddf55d5,2026-03-08 23:25:00.380797693+00:00,2026-03-08 23:25:00.380797693+00:00
BACKTESTER-001,OracleStrategy-000,MESM6.GLBX,GLBX-1-531,MESM6.GLBX-OracleStrategy-000,GLBX-001,GLBX-1-531,MARKET,BUY,1,GTC,False,False,1,TAKER,6684.0,0.0,['0.00 USD'],NO_TRIGGER,FILLED,NO_CONTINGENCY,,,,MY_GENERIC_ALGO,,O-20260308-232500-001-000-536,,d4cfaef1-4f7c-484d-aa34-b46d0cd2efd5,2026-03-08 23:25:00.380797693+00:00,2026-03-08 23:25:00.380797693+00:00
BACKTESTER-001,OracleStrategy-000,MESM6.GLBX,GLBX-1-532,MESM6.GLBX-OracleStrategy-000,GLBX-001,GLBX-1-532,MARKET,SELL,1,GTC,True,False,1,TAKER,6682.0,0.0,['0.00 USD'],NO_TRIGGER,FILLED,NO_CONTINGENCY,,,,MY_GENERIC_ALGO,,O-20260308-232530-001-000-537,,f718ed4e-f61b-466a-b952-73ffcdc6233f,2026-03-08 23:25:30.826558288+00:00,2026-03-08 23:25:30.826558288+00:00
BACKTESTER-001,OracleStrategy-000,MESM6.GLBX,GLBX-1-533,MESM6.GLBX-OracleStrategy-000,GLBX-001,GLBX-1-533,MARKET,SELL,1,GTC,False,False,1,TAKER,6682.0,0.0,['0.00 USD'],NO_TRIGGER,FILLED,NO_CONTINGENCY,,,,MY_GENERIC_ALGO,,O-20260308-232530-001-000-538,,8285d062-a232-4abb-bcde-5d6e48bf4d61,2026-03-08 23:25:30.826558288+00:00,2026-03-08 23:25:30.826558288+00:00
BACKTESTER-001,OracleStrategy-000,MESM6.GLBX,GLBX-1-534,MESM6.GLBX-OracleStrategy-000,GLBX-001,GLBX-1-534,MARKET,BUY,1,GTC,True,False,1,TAKER,6683.5,0.0,['0.00 USD'],NO_TRIGGER,FILLED,NO_CONTINGENCY,,,,MY_GENERIC_ALGO,,O-20260308-232608-001-000-539,,9abf47fd-1702-4efa-be52-015e76de35e0,2026-03-08 23:26:08.968035467+00:00,2026-03-08 23:26:08.968035467+00:00
BACKTESTER-001,OracleStrategy-000,MESM6.GLBX,GLBX-1-535,MESM6.GLBX-OracleStrategy-000,GLBX-001,GLBX-1-535,MARKET,BUY,1,GTC,False,False,1,TAKER,6683.5,0.0,['0.00 USD'],NO_TRIGGER,FILLED,NO_CONTINGENCY,,,,MY_GENERIC_ALGO,,O-20260308-232608-001-000-540,,9d46814d-7fd9-4f44-9522-3804a7c73b1f,2026-03-08 23:26:08.968035467+00:00,2026-03-08 23:26:08.968035467+00:00
BACKTESTER-001,OracleStrategy-000,MESM6.GLBX,GLBX-1-536,MESM6.GLBX-OracleStrategy-000,GLBX-001,GLBX-1-536,MARKET,SELL,1,GTC,True,False,1,TAKER,6683.0,0.0,['0.00 USD'],NO_TRIGGER,FILLED,NO_CONTINGENCY,,,,MY_GENERIC_ALGO,,O-20260308-232619-001-000-541,,5f1cd072-27a7-4618-bf6b-50e04b6d700b,2026-03-08 23:26:19.918149527+00:00,2026-03-08 23:26:19.918149527+00:00
BACKTESTER-001,OracleStrategy-000,MESM6.GLBX,GLBX-1-537,MESM6.GLBX-OracleStrategy-000,GLBX-001,GLBX-1-537,MARKET,SELL,1,GTC,False,False,1,TAKER,6683.0,0.0,['0.00 USD'],NO_TRIGGER,FILLED,NO_CONTINGENCY,,,,MY_GENERIC_ALGO,,O-20260308-232619-001-000-542,,f525f12b-08bc-4114-af05-48662609b79d,2026-03-08 23:26:19.918149527+00:00,2026-03-08 23:26:19.918149527+00:00
BACKTESTER-001,OracleStrategy-000,MESM6.GLBX,GLBX-1-538,MESM6.GLBX-OracleStrategy-000,GLBX-001,GLBX-1-538,MARKET,BUY,1,GTC,True,False,1,TAKER,6683.25,0.0,['0.00 USD'],NO_TRIGGER,FILLED,NO_CONTINGENCY,,,,MY_GENERIC_ALGO,,O-20260308-232653-001-000-543,,c0d7021f-f99f-42ad-8ee9-4a489e7e4774,2026-03-08 23:26:53.635605947+00:00,2026-03-08 23:26:53.635605947+00:00
BACKTESTER-001,OracleStrategy-000,MESM6.GLBX,GLBX-1-539,MESM6.GLBX-OracleStrategy-000,GLBX-001,GLBX-1-539,MARKET,BUY,1,GTC,False,False,1,TAKER,6683.25,0.0,['0.00 USD'],NO_TRIGGER,FILLED,NO_CONTINGENCY,,,,MY_GENERIC_ALGO,,O-20260308-232653-001-000-544,,77c6b3ec-7245-46e0-b987-c8068c249ee4,2026-03-08 23:26:53.635605947+00:00,2026-03-08 23:26:53.635605947+00:00
BACKTESTER-001,OracleStrategy-000,MESM6.GLBX,GLBX-1-540,MESM6.GLBX-OracleStrategy-000,GLBX-001,GLBX-1-540,MARKET,SELL,1,GTC,True,False,1,TAKER,6682.5,0.0,['0.00 USD'],NO_TRIGGER,FILLED,NO_CONTINGENCY,,,,MY_GENERIC_ALGO,,O-20260308-232701-001-000-545,,17c9ad4e-231d-432a-99f1-85a9bc52cc4e,2026-03-08 23:27:01.111527631+00:00,2026-03-08 23:27:01.111527631+00:00
BACKTESTER-001,OracleStrategy-000,MESM6.GLBX,GLBX-1-541,MESM6.GLBX-OracleStrategy-000,GLBX-001,GLBX-1-541,MARKET,SELL,1,GTC,False,False,1,TAKER,6682.5,0.0,['0.00 USD'],NO_TRIGGER,FILLED,NO_CONTINGENCY,,,,MY_GENERIC_ALGO,,O-20260308-232701-001-000-546,,a6b316ee-8abf-45d1-a4be-8da045aff641,2026-03-08 23:27:01.111527631+00:00,2026-03-08 23:27:01.111527631+00:00
BACKTESTER-001,OracleStrategy-000,MESM6.GLBX,GLBX-1-542,MESM6.GLBX-OracleStrategy-000,GLBX-001,GLBX-1-542,MARKET,BUY,1,GTC,True,False,1,TAKER,6681.0,0.0,['0.00 USD'],NO_TRIGGER,FILLED,NO_CONTINGENCY,,,,MY_GENERIC_ALGO,,O-20260308-232747-001-000-547,,c1d2e4d5-00c7-4382-a25c-79f1e0184cf6,2026-03-08 23:27:47.260663013+00:00,2026-03-08 23:27:47.260663013+00:00
BACKTESTER-001,OracleStrategy-000,MESM6.GLBX,GLBX-1-543,MESM6.GLBX-OracleStrategy-000,GLBX-001,GLBX-1-543,MARKET,BUY,1,GTC,False,False,1,TAKER,6681.0,0.0,['0.00 USD'],NO_TRIGGER,FILLED,NO_CONTINGENCY,,,,MY_GENERIC_ALGO,,O-20260308-232747-001-000-548,,93e8473f-2867-4a63-bf4d-a7024eab2cb4,2026-03-08 23:27:47.260663013+00:00,2026-03-08 23:27:47.260663013+00:00
BACKTESTER-001,OracleStrategy-000,MESM6.GLBX,GLBX-1-544,MESM6.GLBX-OracleStrategy-000,GLBX-001,GLBX-1-544,MARKET,SELL,1,GTC,True,False,1,TAKER,6684.25,0.0,['0.00 USD'],NO_TRIGGER,FILLED,NO_CONTINGENCY,,,,MY_GENERIC_ALGO,,O-20260308-233003-001-000-549,,e85a5d18-4b50-443e-9f60-590192d99256,2026-03-08 23:30:03.429852127+00:00,2026-03-08 23:30:03.429852127+00:00
BACKTESTER-001,OracleStrategy-000,MESM6.GLBX,GLBX-1-545,MESM6.GLBX-OracleStrategy-000,GLBX-001,GLBX-1-545,MARKET,SELL,1,GTC,False,False,1,TAKER,6684.25,0.0,['0.00 USD'],NO_TRIGGER,FILLED,NO_CONTINGENCY,,,,MY_GENERIC_ALGO,,O-20260308-233003-001-000-550,,2eb33df0-2174-4785-9fa0-ce0184eae046,2026-03-08 23:30:03.429852127+00:00,2026-03-08 23:30:03.429852127+00:00
BACKTESTER-001,OracleStrategy-000,MESM6.GLBX,GLBX-1-546,MESM6.GLBX-OracleStrategy-000,GLBX-001,GLBX-1-546,MARKET,BUY,1,GTC,True,False,1,TAKER,6683.25,0.0,['0.00 USD'],NO_TRIGGER,FILLED,NO_CONTINGENCY,,,,MY_GENERIC_ALGO,,O-20260308-233031-001-000-551,,529a8ae9-85af-4c38-abff-ddee316eb198,2026-03-08 23:30:31.092544043+00:00,2026-03-08 23:30:31.092544043+00:00
BACKTESTER-001,OracleStrategy-000,MESM6.GLBX,GLBX-1-547,MESM6.GLBX-OracleStrategy-000,GLBX-001,GLBX-1-547,MARKET,BUY,1,GTC,False,False,1,TAKER,6683.25,0.0,['0.00 USD'],NO_TRIGGER,FILLED,NO_CONTINGENCY,,,,MY_GENERIC_ALGO,,O-20260308-233031-001-000-552,,08ad849d-0f41-48a0-93a7-4b3f0d9cbe9a,2026-03-08 23:30:31.092544043+00:00,2026-03-08 23:30:31.092544043+00:00
BACKTESTER-001,OracleStrategy-000,MESM6.GLBX,GLBX-1-548,MESM6.GLBX-OracleStrategy-000,GLBX-001,GLBX-1-548,MARKET,SELL,1,GTC,True,False,1,TAKER,6683.0,0.0,['0.00 USD'],NO_TRIGGER,FILLED,NO_CONTINGENCY,,,,MY_GENERIC_ALGO,,O-20260308-233147-001-000-553,,3153b82d-61dd-458f-abd9-ba2499ef703d,2026-03-08 23:31:47.705700951+00:00,2026-03-08 23:31:47.705700951+00:00
BACKTESTER-001,OracleStrategy-000,MESM6.GLBX,GLBX-1-549,MESM6.GLBX-OracleStrategy-000,GLBX-001,GLBX-1-549,MARKET,SELL,1,GTC,False,False,1,TAKER,6683.0,0.0,['0.00 USD'],NO_TRIGGER,FILLED,NO_CONTINGENCY,,,,MY_GENERIC_ALGO,,O-20260308-233147-001-000-554,,49dbbbf2-f0a7-4ce8-8724-bcff602c36c2,2026-03-08 23:31:47.705700951+00:00,2026-03-08 23:31:47.705700951+00:00
BACKTESTER-001,OracleStrategy-000,MESM6.GLBX,GLBX-1-550,MESM6.GLBX-OracleStrategy-000,GLBX-001,GLBX-1-550,MARKET,BUY,1,GTC,True,False,1,TAKER,6683.25,0.0,['0.00 USD'],NO_TRIGGER,FILLED,NO_CONTINGENCY,,,,MY_GENERIC_ALGO,,O-20260308-233149-001-000-555,,febb4009-414e-41e7-94ff-be4170b9a811,2026-03-08 23:31:49.709694504+00:00,2026-03-08 23:31:49.709694504+00:00
BACKTESTER-001,OracleStrategy-000,MESM6.GLBX,GLBX-1-551,MESM6.GLBX-OracleStrategy-000,GLBX-001,GLBX-1-551,MARKET,BUY,1,GTC,False,False,1,TAKER,6683.25,0.0,['0.00 USD'],NO_TRIGGER,FILLED,NO_CONTINGENCY,,,,MY_GENERIC_ALGO,,O-20260308-233149-001-000-556,,bfba8308-4717-464a-8dc9-fc265905436f,2026-03-08 23:31:49.709694504+00:00,2026-03-08 23:31:49.709694504+00:00
BACKTESTER-001,OracleStrategy-000,MESM6.GLBX,GLBX-1-552,MESM6.GLBX-OracleStrategy-000,GLBX-001,GLBX-1-552,MARKET,SELL,1,GTC,True,False,1,TAKER,6683.75,0.0,['0.00 USD'],NO_TRIGGER,FILLED,NO_CONTINGENCY,,,,MY_GENERIC_ALGO,,O-20260308-233209-001-000-557,,fe2fd743-f148-4732-a24f-5f9bd6bb9d81,2026-03-08 23:32:09.587186030+00:00,2026-03-08 23:32:09.587186030+00:00
BACKTESTER-001,OracleStrategy-000,MESM6.GLBX,GLBX-1-553,MESM6.GLBX-OracleStrategy-000,GLBX-001,GLBX-1-553,MARKET,SELL,1,GTC,False,False,1,TAKER,6683.75,0.0,['0.00 USD'],NO_TRIGGER,FILLED,NO_CONTINGENCY,,,,MY_GENERIC_ALGO,,O-20260308-233209-001-000-558,,4c3fae0d-8fd5-4c93-85d3-74e41aab3308,2026-03-08 23:32:09.587186030+00:00,2026-03-08 23:32:09.587186030+00:00
BACKTESTER-001,OracleStrategy-000,MESM6.GLBX,GLBX-1-554,MESM6.GLBX-OracleStrategy-000,GLBX-001,GLBX-1-554,MARKET,BUY,1,GTC,True,False,1,TAKER,6681.0,0.0,['0.00 USD'],NO_TRIGGER,FILLED,NO_CONTINGENCY,,,,MY_GENERIC_ALGO,,O-20260308-233230-001-000-559,,e74c36a8-b0c8-45c6-b57e-e1c824de60d1,2026-03-08 23:32:30.712196592+00:00,2026-03-08 23:32:30.712196592+00:00
BACKTESTER-001,OracleStrategy-000,MESM6.GLBX,GLBX-1-555,MESM6.GLBX-OracleStrategy-000,GLBX-001,GLBX-1-555,MARKET,BUY,1,GTC,False,False,1,TAKER,6681.0,0.0,['0.00 USD'],NO_TRIGGER,FILLED,NO_CONTINGENCY,,,,MY_GENERIC_ALGO,,O-20260308-233230-001-000-560,,93312214-fc57-4b06-bd25-fe79c7306481,2026-03-08 23:32:30.712196592+00:00,2026-03-08 23:32:30.712196592+00:00
BACKTESTER-001,OracleStrategy-000,MESM6.GLBX,GLBX-1-556,MESM6.GLBX-OracleStrategy-000,GLBX-001,GLBX-1-556,MARKET,SELL,1,GTC,True,False,1,TAKER,6678.0,0.0,['0.00 USD'],NO_TRIGGER,FILLED,NO_CONTINGENCY,,,,MY_GENERIC_ALGO,,O-20260308-233303-001-000-561,,38679d66-4a2b-4243-9d6e-85384ac1c714,2026-03-08 23:33:03.772219117+00:00,2026-03-08 23:33:03.772219117+00:00
BACKTESTER-001,OracleStrategy-000,MESM6.GLBX,GLBX-1-557,MESM6.GLBX-OracleStrategy-000,GLBX-001,GLBX-1-557,MARKET,SELL,1,GTC,False,False,1,TAKER,6678.0,0.0,['0.00 USD'],NO_TRIGGER,FILLED,NO_CONTINGENCY,,,,MY_GENERIC_ALGO,,O-20260308-233303-001-000-562,,bb430075-13c0-4697-ac81-36cb55e2b0c6,2026-03-08 23:33:03.772219117+00:00,2026-03-08 23:33:03.772219117+00:00
BACKTESTER-001,OracleStrategy-000,MESM6.GLBX,GLBX-1-558,MESM6.GLBX-OracleStrategy-000,GLBX-001,GLBX-1-558,MARKET,BUY,1,GTC,True,False,1,TAKER,6678.25,0.0,['0.00 USD'],NO_TRIGGER,FILLED,NO_CONTINGENCY,,,,MY_GENERIC_ALGO,,O-20260308-233306-001-000-563,,26ca5ffb-61bc-452d-aaa9-49341e4c55fc,2026-03-08 23:33:06.852330306+00:00,2026-03-08 23:33:06.852330306+00:00
BACKTESTER-001,OracleStrategy-000,MESM6.GLBX,GLBX-1-559,MESM6.GLBX-OracleStrategy-000,GLBX-001,GLBX-1-559,MARKET,BUY,1,GTC,False,False,1,TAKER,6678.25,0.0,['0.00 USD'],NO_TRIGGER,FILLED,NO_CONTINGENCY,,,,MY_GENERIC_ALGO,,O-20260308-233306-001-000-564,,69fc44d7-6591-44e5-b841-0d591796a5bd,2026-03-08 23:33:06.852330306+00:00,2026-03-08 23:33:06.852330306+00:00
BACKTESTER-001,OracleStrategy-000,MESM6.GLBX,GLBX-1-560,MESM6.GLBX-OracleStrategy-000,GLBX-001,GLBX-1-560,MARKET,SELL,1,GTC,True,False,1,TAKER,6679.5,0.0,['0.00 USD'],NO_TRIGGER,FILLED,NO_CONTINGENCY,,,,MY_GENERIC_ALGO,,O-20260308-233318-001-000-565,,62e1382c-2f67-4172-94ab-9ca0f8abe2f5,2026-03-08 23:33:18.482379288+00:00,2026-03-08 23:33:18.482379288+00:00
BACKTESTER-001,OracleStrategy-000,MESM6.GLBX,GLBX-1-561,MESM6.GLBX-OracleStrategy-000,GLBX-001,GLBX-1-561,MARKET,SELL,1,GTC,False,False,1,TAKER,6679.5,0.0,['0.00 USD'],NO_TRIGGER,FILLED,NO_CONTINGENCY,,,,MY_GENERIC_ALGO,,O-20260308-233318-001-000-566,,9ed9e0d2-1f2a-4fca-bff1-78f2c5f66088,2026-03-08 23:33:18.482379288+00:00,2026-03-08 23:33:18.482379288+00:00
BACKTESTER-001,OracleStrategy-000,MESM6.GLBX,GLBX-1-562,MESM6.GLBX-OracleStrategy-000,GLBX-001,GLBX-1-562,MARKET,BUY,1,GTC,True,False,1,TAKER,6678.25,0.0,['0.00 USD'],NO_TRIGGER,FILLED,NO_CONTINGENCY,,,,MY_GENERIC_ALGO,,O-20260308-233339-001-000-567,,f4ff7ab8-9d3d-4d8f-a1ba-e7048625892a,2026-03-08 23:33:39.031982574+00:00,2026-03-08 23:33:39.031982574+00:00
BACKTESTER-001,OracleStrategy-000,MESM6.GLBX,GLBX-1-563,MESM6.GLBX-OracleStrategy-000,GLBX-001,GLBX-1-563,MARKET,BUY,1,GTC,False,False,1,TAKER,6678.25,0.0,['0.00 USD'],NO_TRIGGER,FILLED,NO_CONTINGENCY,,,,MY_GENERIC_ALGO,,O-20260308-233339-001-000-568,,4b7e0b39-808b-4660-9a00-9bc8ea788783,2026-03-08 23:33:39.031982574+00:00,2026-03-08 23:33:39.031982574+00:00
BACKTESTER-001,OracleStrategy-000,MESM6.GLBX,GLBX-1-564,MESM6.GLBX-OracleStrategy-000,GLBX-001,GLBX-1-564,MARKET,SELL,1,GTC,True,False,1,TAKER,6679.75,0.0,['0.00 USD'],NO_TRIGGER,FILLED,NO_CONTINGENCY,,,,MY_GENERIC_ALGO,,O-20260308-233427-001-000-569,,b3e07f74-290d-4992-874a-db1dba1f45e5,2026-03-08 23:34:27.754573883+00:00,2026-03-08 23:34:27.754573883+00:00
BACKTESTER-001,OracleStrategy-000,MESM6.GLBX,GLBX-1-565,MESM6.GLBX-OracleStrategy-000,GLBX-001,GLBX-1-565,MARKET,SELL,1,GTC,False,False,1,TAKER,6679.75,0.0,['0.00 USD'],NO_TRIGGER,FILLED,NO_CONTINGENCY,,,,MY_GENERIC_ALGO,,O-20260308-233427-001-000-570,,4fe3f5ee-05ca-4af8-9f36-c65e5df65fa6,2026-03-08 23:34:27.754573883+00:00,2026-03-08 23:34:27.754573883+00:00
BACKTESTER-001,OracleStrategy-000,MESM6.GLBX,GLBX-1-566,MESM6.GLBX-OracleStrategy-000,GLBX-001,GLBX-1-566,MARKET,BUY,1,GTC,True,False,1,TAKER,6679.25,0.0,['0.00 USD'],NO_TRIGGER,FILLED,NO_CONTINGENCY,,,,MY_GENERIC_ALGO,,O-20260308-233532-001-000-571,,9ba756a2-d2c7-499f-b65f-3b84752c3727,2026-03-08 23:35:32.665604360+00:00,2026-03-08 23:35:32.665604360+00:00
BACKTESTER-001,OracleStrategy-000,MESM6.GLBX,GLBX-1-567,MESM6.GLBX-OracleStrategy-000,GLBX-001,GLBX-1-567,MARKET,BUY,1,GTC,False,False,1,TAKER,6679.25,0.0,['0.00 USD'],NO_TRIGGER,FILLED,NO_CONTINGENCY,,,,MY_GENERIC_ALGO,,O-20260308-233532-001-000-572,,54d306c9-8bfd-42e4-a505-6abebd55138e,2026-03-08 23:35:32.665604360+00:00,2026-03-08 23:35:32.665604360+00:00
BACKTESTER-001,OracleStrategy-000,MESM6.GLBX,GLBX-1-568,MESM6.GLBX-OracleStrategy-000,GLBX-001,GLBX-1-568,MARKET,SELL,1,GTC,True,False,1,TAKER,6679.25,0.0,['0.00 USD'],NO_TRIGGER,FILLED,NO_CONTINGENCY,,,,MY_GENERIC_ALGO,,O-20260308-233547-001-000-573,,704f8e2f-0824-4433-a920-b0a38ccf8c55,2026-03-08 23:35:47.877457050+00:00,2026-03-08 23:35:47.877457050+00:00
BACKTESTER-001,OracleStrategy-000,MESM6.GLBX,GLBX-1-569,MESM6.GLBX-OracleStrategy-000,GLBX-001,GLBX-1-569,MARKET,SELL,1,GTC,False,False,1,TAKER,6679.25,0.0,['0.00 USD'],NO_TRIGGER,FILLED,NO_CONTINGENCY,,,,MY_GENERIC_ALGO,,O-20260308-233547-001-000-574,,7571b111-6f0c-484a-8ea6-6583a869b671,2026-03-08 23:35:47.877457050+00:00,2026-03-08 23:35:47.877457050+00:00
BACKTESTER-001,OracleStrategy-000,MESM6.GLBX,GLBX-1-570,MESM6.GLBX-OracleStrategy-000,GLBX-001,GLBX-1-570,MARKET,BUY,1,GTC,True,False,1,TAKER,6680.0,0.0,['0.00 USD'],NO_TRIGGER,FILLED,NO_CONTINGENCY,,,,MY_GENERIC_ALGO,,O-20260308-233558-001-000-575,,01fa5cbb-7433-42cf-b397-d3f43d2534f5,2026-03-08 23:35:58.396706769+00:00,2026-03-08 23:35:58.396706769+00:00
BACKTESTER-001,OracleStrategy-000,MESM6.GLBX,GLBX-1-571,MESM6.GLBX-OracleStrategy-000,GLBX-001,GLBX-1-571,MARKET,BUY,1,GTC,False,False,1,TAKER,6680.0,0.0,['0.00 USD'],NO_TRIGGER,FILLED,NO_CONTINGENCY,,,,MY_GENERIC_ALGO,,O-20260308-233558-001-000-576,,ed32de3a-2203-4021-a706-c03148b483b3,2026-03-08 23:35:58.396706769+00:00,2026-03-08 23:35:58.396706769+00:00
BACKTESTER-001,OracleStrategy-000,MESM6.GLBX,GLBX-1-572,MESM6.GLBX-OracleStrategy-000,GLBX-001,GLBX-1-572,MARKET,SELL,1,GTC,True,False,1,TAKER,6679.75,0.0,['0.00 USD'],NO_TRIGGER,FILLED,NO_CONTINGENCY,,,,MY_GENERIC_ALGO,,O-20260308-233622-001-000-577,,5fa3df40-ddd9-49c8-88a4-5390ac633141,2026-03-08 23:36:22.057157656+00:00,2026-03-08 23:36:22.057157656+00:00
BACKTESTER-001,OracleStrategy-000,MESM6.GLBX,GLBX-1-573,MESM6.GLBX-OracleStrategy-000,GLBX-001,GLBX-1-573,MARKET,SELL,1,GTC,False,False,1,TAKER,6679.75,0.0,['0.00 USD'],NO_TRIGGER,FILLED,NO_CONTINGENCY,,,,MY_GENERIC_ALGO,,O-20260308-233622-001-000-578,,30234f7a-cd3a-44f5-adad-386684b1358e,2026-03-08 23:36:22.057157656+00:00,2026-03-08 23:36:22.057157656+00:00
BACKTESTER-001,OracleStrategy-000,MESM6.GLBX,GLBX-1-574,MESM6.GLBX-OracleStrategy-000,GLBX-001,GLBX-1-574,MARKET,BUY,1,GTC,True,False,1,TAKER,6679.75,0.0,['0.00 USD'],NO_TRIGGER,FILLED,NO_CONTINGENCY,,,,MY_GENERIC_ALGO,,O-20260308-233641-001-000-579,,ca9b9988-008f-46ae-905e-f2690eb5b8ee,2026-03-08 23:36:41.032910407+00:00,2026-03-08 23:36:41.032910407+00:00
BACKTESTER-001,OracleStrategy-000,MESM6.GLBX,GLBX-1-575,MESM6.GLBX-OracleStrategy-000,GLBX-001,GLBX-1-575,MARKET,BUY,1,GTC,False,False,1,TAKER,6679.75,0.0,['0.00 USD'],NO_TRIGGER,FILLED,NO_CONTINGENCY,,,,MY_GENERIC_ALGO,,O-20260308-233641-001-000-580,,2ee634bc-899b-4276-8bfa-7d6b3be0f01b,2026-03-08 23:36:41.032910407+00:00,2026-03-08 23:36:41.032910407+00:00
BACKTESTER-001,OracleStrategy-000,MESM6.GLBX,GLBX-1-576,MESM6.GLBX-OracleStrategy-000,GLBX-001,GLBX-1-576,MARKET,SELL,1,GTC,True,False,1,TAKER,6679.75,0.0,['0.00 USD'],NO_TRIGGER,FILLED,NO_CONTINGENCY,,,,MY_GENERIC_ALGO,,O-20260308-233656-001-000-581,,95b5f5cc-4e11-46b8-9c6e-e913e5650cd9,2026-03-08 23:36:56.209360971+00:00,2026-03-08 23:36:56.209360971+00:00
BACKTESTER-001,OracleStrategy-000,MESM6.GLBX,GLBX-1-577,MESM6.GLBX-OracleStrategy-000,GLBX-001,GLBX-1-577,MARKET,SELL,1,GTC,False,False,1,TAKER,6679.75,0.0,['0.00 USD'],NO_TRIGGER,FILLED,NO_CONTINGENCY,,,,MY_GENERIC_ALGO,,O-20260308-233656-001-000-582,,f546517a-2e8f-45b2-b412-4d6a0ca942b0,2026-03-08 23:36:56.209360971+00:00,2026-03-08 23:36:56.209360971+00:00
BACKTESTER-001,OracleStrategy-000,MESM6.GLBX,GLBX-1-578,MESM6.GLBX-OracleStrategy-000,GLBX-001,GLBX-1-578,MARKET,BUY,1,GTC,True,False,1,TAKER,6680.0,0.0,['0.00 USD'],NO_TRIGGER,FILLED,NO_CONTINGENCY,,,,MY_GENERIC_ALGO,,O-20260308-233704-001-000-583,,606c5827-de1c-4d8b-94cb-bcb2c49389bf,2026-03-08 23:37:04.742350942+00:00,2026-03-08 23:37:04.742350942+00:00
BACKTESTER-001,OracleStrategy-000,MESM6.GLBX,GLBX-1-579,MESM6.GLBX-OracleStrategy-000,GLBX-001,GLBX-1-579,MARKET,BUY,1,GTC,False,False,1,TAKER,6680.0,0.0,['0.00 USD'],NO_TRIGGER,FILLED,NO_CONTINGENCY,,,,MY_GENERIC_ALGO,,O-20260308-233704-001-000-584,,18d5dea3-be3f-45ca-afb5-25d393af85a6,2026-03-08 23:37:04.742350942+00:00,2026-03-08 23:37:04.742350942+00:00
BACKTESTER-001,OracleStrategy-000,MESM6.GLBX,GLBX-1-580,MESM6.GLBX-OracleStrategy-000,GLBX-001,GLBX-1-580,MARKET,SELL,1,GTC,True,False,1,TAKER,6678.5,0.0,['0.00 USD'],NO_TRIGGER,FILLED,NO_CONTINGENCY,,,,MY_GENERIC_ALGO,,O-20260308-233721-001-000-585,,a24c4158-3faa-447d-b4f5-657363e30962,2026-03-08 23:37:21.532125559+00:00,2026-03-08 23:37:21.532125559+00:00
BACKTESTER-001,OracleStrategy-000,MESM6.GLBX,GLBX-1-581,MESM6.GLBX-OracleStrategy-000,GLBX-001,GLBX-1-581,MARKET,SELL,1,GTC,False,False,1,TAKER,6678.5,0.0,['0.00 USD'],NO_TRIGGER,FILLED,NO_CONTINGENCY,,,,MY_GENERIC_ALGO,,O-20260308-233721-001-000-586,,c4fd4452-1f27-4a35-b4ab-5688d722e1e5,2026-03-08 23:37:21.532125559+00:00,2026-03-08 23:37:21.532125559+00:00
BACKTESTER-001,OracleStrategy-000,MESM6.GLBX,GLBX-1-582,MESM6.GLBX-OracleStrategy-000,GLBX-001,GLBX-1-582,MARKET,BUY,1,GTC,True,False,1,TAKER,6679.0,0.0,['0.00 USD'],NO_TRIGGER,FILLED,NO_CONTINGENCY,,,,MY_GENERIC_ALGO,,O-20260308-233739-001-000-587,,8a48d090-bb6d-4f13-89fd-cb7f7b07a057,2026-03-08 23:37:39.242199235+00:00,2026-03-08 23:37:39.242199235+00:00
BACKTESTER-001,OracleStrategy-000,MESM6.GLBX,GLBX-1-583,MESM6.GLBX-OracleStrategy-000,GLBX-001,GLBX-1-583,MARKET,BUY,1,GTC,False,False,1,TAKER,6679.0,0.0,['0.00 USD'],NO_TRIGGER,FILLED,NO_CONTINGENCY,,,,MY_GENERIC_ALGO,,O-20260308-233739-001-000-588,,bc715bc0-f1ae-4d62-96b1-803d1e152e04,2026-03-08 23:37:39.242199235+00:00,2026-03-08 23:37:39.242199235+00:00
BACKTESTER-001,OracleStrategy-000,MESM6.GLBX,GLBX-1-584,MESM6.GLBX-OracleStrategy-000,GLBX-001,GLBX-1-584,MARKET,SELL,1,GTC,True,False,1,TAKER,6678.25,0.0,['0.00 USD'],NO_TRIGGER,FILLED,NO_CONTINGENCY,,,,MY_GENERIC_ALGO,,O-20260308-233753-001-000-589,,fae528ab-56e9-4da6-84c8-e80eef765850,2026-03-08 23:37:53.472714229+00:00,2026-03-08 23:37:53.472714229+00:00
BACKTESTER-001,OracleStrategy-000,MESM6.GLBX,GLBX-1-585,MESM6.GLBX-OracleStrategy-000,GLBX-001,GLBX-1-585,MARKET,SELL,1,GTC,False,False,1,TAKER,6678.25,0.0,['0.00 USD'],NO_TRIGGER,FILLED,NO_CONTINGENCY,,,,MY_GENERIC_ALGO,,O-20260308-233753-001-000-590,,c2f3cbe6-bf04-496a-bd1c-e1da963dbbfa,2026-03-08 23:37:53.472714229+00:00,2026-03-08 23:37:53.472714229+00:00
BACKTESTER-001,OracleStrategy-000,MESM6.GLBX,GLBX-1-586,MESM6.GLBX-OracleStrategy-000,GLBX-001,GLBX-1-586,MARKET,BUY,1,GTC,True,False,1,TAKER,6674.75,0.0,['0.00 USD'],NO_TRIGGER,FILLED,NO_CONTINGENCY,,,,MY_GENERIC_ALGO,,O-20260308-233825-001-000-591,,61c6b8e6-080d-4d55-a863-751fa73e0e90,2026-03-08 23:38:25.646937082+00:00,2026-03-08 23:38:25.646937082+00:00
BACKTESTER-001,OracleStrategy-000,MESM6.GLBX,GLBX-1-587,MESM6.GLBX-OracleStrategy-000,GLBX-001,GLBX-1-587,MARKET,BUY,1,GTC,False,False,1,TAKER,6674.75,0.0,['0.00 USD'],NO_TRIGGER,FILLED,NO_CONTINGENCY,,,,MY_GENERIC_ALGO,,O-20260308-233825-001-000-592,,40dc5a67-fc96-4aca-9126-27e5debc7478,2026-03-08 23:38:25.646937082+00:00,2026-03-08 23:38:25.646937082+00:00
BACKTESTER-001,OracleStrategy-000,MESM6.GLBX,GLBX-1-588,MESM6.GLBX-OracleStrategy-000,GLBX-001,GLBX-1-588,MARKET,SELL,1,GTC,True,False,1,TAKER,6677.5,0.0,['0.00 USD'],NO_TRIGGER,FILLED,NO_CONTINGENCY,,,,MY_GENERIC_ALGO,,O-20260308-233830-001-000-593,,0390040a-46af-4568-8343-261cfaafa406,2026-03-08 23:38:30.489925352+00:00,2026-03-08 23:38:30.489925352+00:00
BACKTESTER-001,OracleStrategy-000,MESM6.GLBX,GLBX-1-589,MESM6.GLBX-OracleStrategy-000,GLBX-001,GLBX-1-589,MARKET,SELL,1,GTC,False,False,1,TAKER,6677.5,0.0,['0.00 USD'],NO_TRIGGER,FILLED,NO_CONTINGENCY,,,,MY_GENERIC_ALGO,,O-20260308-233830-001-000-594,,94399a5c-b5b2-420b-99ee-d196677b9935,2026-03-08 23:38:30.489925352+00:00,2026-03-08 23:38:30.489925352+00:00
BACKTESTER-001,OracleStrategy-000,MESM6.GLBX,GLBX-1-590,MESM6.GLBX-OracleStrategy-000,GLBX-001,GLBX-1-590,MARKET,BUY,1,GTC,True,False,1,TAKER,6674.0,0.0,['0.00 USD'],NO_TRIGGER,FILLED,NO_CONTINGENCY,,,,MY_GENERIC_ALGO,,O-20260308-233930-001-000-595,,708371aa-89c4-4839-b52a-31f12edcf391,2026-03-08 23:39:30.987523055+00:00,2026-03-08 23:39:30.987523055+00:00
BACKTESTER-001,OracleStrategy-000,MESM6.GLBX,GLBX-1-591,MESM6.GLBX-OracleStrategy-000,GLBX-001,GLBX-1-591,MARKET,BUY,1,GTC,False,False,1,TAKER,6674.0,0.0,['0.00 USD'],NO_TRIGGER,FILLED,NO_CONTINGENCY,,,,MY_GENERIC_ALGO,,O-20260308-233930-001-000-596,,46a2e8aa-3ee0-4f8b-bb5f-47c792310f84,2026-03-08 23:39:30.987523055+00:00,2026-03-08 23:39:30.987523055+00:00
BACKTESTER-001,OracleStrategy-000,MESM6.GLBX,GLBX-1-592,MESM6.GLBX-OracleStrategy-000,GLBX-001,GLBX-1-592,MARKET,SELL,1,GTC,True,False,1,TAKER,6675.25,0.0,['0.00 USD'],NO_TRIGGER,FILLED,NO_CONTINGENCY,,,,MY_GENERIC_ALGO,,O-20260308-234001-001-000-597,,6a02325b-c9e5-4c21-a432-d412dada58a9,2026-03-08 23:40:01.972845415+00:00,2026-03-08 23:40:01.972845415+00:00
BACKTESTER-001,OracleStrategy-000,MESM6.GLBX,GLBX-1-593,MESM6.GLBX-OracleStrategy-000,GLBX-001,GLBX-1-593,MARKET,SELL,1,GTC,False,False,1,TAKER,6675.25,0.0,['0.00 USD'],NO_TRIGGER,FILLED,NO_CONTINGENCY,,,,MY_GENERIC_ALGO,,O-20260308-234001-001-000-598,,f1edaa97-5450-4ed9-a395-60e8f4b8247e,2026-03-08 23:40:01.972845415+00:00,2026-03-08 23:40:01.972845415+00:00
BACKTESTER-001,OracleStrategy-000,MESM6.GLBX,GLBX-1-594,MESM6.GLBX-OracleStrategy-000,GLBX-001,GLBX-1-594,MARKET,BUY,1,GTC,True,False,1,TAKER,6673.75,0.0,['0.00 USD'],NO_TRIGGER,FILLED,NO_CONTINGENCY,,,,MY_GENERIC_ALGO,,O-20260308-234004-001-000-599,,543e279a-fd44-4f94-a6a4-819350b4c1c4,2026-03-08 23:40:04.009604227+00:00,2026-03-08 23:40:04.009604227+00:00
BACKTESTER-001,OracleStrategy-000,MESM6.GLBX,GLBX-1-595,MESM6.GLBX-OracleStrategy-000,GLBX-001,GLBX-1-595,MARKET,BUY,1,GTC,False,False,1,TAKER,6673.75,0.0,['0.00 USD'],NO_TRIGGER,FILLED,NO_CONTINGENCY,,,,MY_GENERIC_ALGO,,O-20260308-234004-001-000-600,,a1b31000-4425-49b5-b1cc-ed6cb680c982,2026-03-08 23:40:04.009604227+00:00,2026-03-08 23:40:04.009604227+00:00
BACKTESTER-001,OracleStrategy-000,MESM6.GLBX,GLBX-1-596,MESM6.GLBX-OracleStrategy-000,GLBX-001,GLBX-1-596,MARKET,SELL,1,GTC,True,False,1,TAKER,6675.5,0.0,['0.00 USD'],NO_TRIGGER,FILLED,NO_CONTINGENCY,,,,MY_GENERIC_ALGO,,O-20260308-234016-001-000-601,,f5bedb71-72fb-434c-9a02-c6ab7767b6c5,2026-03-08 23:40:16.097144837+00:00,2026-03-08 23:40:16.097144837+00:00
BACKTESTER-001,OracleStrategy-000,MESM6.GLBX,GLBX-1-597,MESM6.GLBX-OracleStrategy-000,GLBX-001,GLBX-1-597,MARKET,SELL,1,GTC,False,False,1,TAKER,6675.5,0.0,['0.00 USD'],NO_TRIGGER,FILLED,NO_CONTINGENCY,,,,MY_GENERIC_ALGO,,O-20260308-234016-001-000-602,,6cdce80d-15c4-4b3c-840e-3cbe672ae038,2026-03-08 23:40:16.097144837+00:00,2026-03-08 23:40:16.097144837+00:00
BACKTESTER-001,OracleStrategy-000,MESM6.GLBX,GLBX-1-598,MESM6.GLBX-OracleStrategy-000,GLBX-001,GLBX-1-598,MARKET,BUY,1,GTC,True,False,1,TAKER,6674.75,0.0,['0.00 USD'],NO_TRIGGER,FILLED,NO_CONTINGENCY,,,,MY_GENERIC_ALGO,,O-20260308-234023-001-000-603,,c4410751-ee1a-4d78-8af0-1f304d4a90bd,2026-03-08 23:40:23.453814245+00:00,2026-03-08 23:40:23.453814245+00:00
BACKTESTER-001,OracleStrategy-000,MESM6.GLBX,GLBX-1-599,MESM6.GLBX-OracleStrategy-000,GLBX-001,GLBX-1-599,MARKET,BUY,1,GTC,False,False,1,TAKER,6674.75,0.0,['0.00 USD'],NO_TRIGGER,FILLED,NO_CONTINGENCY,,,,MY_GENERIC_ALGO,,O-20260308-234023-001-000-604,,5bc6ec7e-51e7-4496-8234-be0621f65bf2,2026-03-08 23:40:23.453814245+00:00,2026-03-08 23:40:23.453814245+00:00
BACKTESTER-001,OracleStrategy-000,MESM6.GLBX,GLBX-1-600,MESM6.GLBX-OracleStrategy-000,GLBX-001,GLBX-1-600,MARKET,SELL,1,GTC,True,False,1,TAKER,6675.0,0.0,['0.00 USD'],NO_TRIGGER,FILLED,NO_CONTINGENCY,,,,MY_GENERIC_ALGO,,O-20260308-234100-001-000-605,,f8859b4f-9370-451f-b8ce-b584241c91ea,2026-03-08 23:41:00.678637640+00:00,2026-03-08 23:41:00.678637640+00:00
BACKTESTER-001,OracleStrategy-000,MESM6.GLBX,GLBX-1-601,MESM6.GLBX-OracleStrategy-000,GLBX-001,GLBX-1-601,MARKET,SELL,1,GTC,False,False,1,TAKER,6675.0,0.0,['0.00 USD'],NO_TRIGGER,FILLED,NO_CONTINGENCY,,,,MY_GENERIC_ALGO,,O-20260308-234100-001-000-606,,d30302a8-308d-438e-82e8-a7f75b989641,2026-03-08 23:41:00.678637640+00:00,2026-03-08 23:41:00.678637640+00:00
BACKTESTER-001,OracleStrategy-000,MESM6.GLBX,GLBX-1-602,MESM6.GLBX-OracleStrategy-000,GLBX-001,GLBX-1-602,MARKET,BUY,1,GTC,True,False,1,TAKER,6675.0,0.0,['0.00 USD'],NO_TRIGGER,FILLED,NO_CONTINGENCY,,,,MY_GENERIC_ALGO,,O-20260308-234106-001-000-607,,16506d9a-6f75-42a7-882c-d1d72815ea6c,2026-03-08 23:41:06.066678498+00:00,2026-03-08 23:41:06.066678498+00:00
BACKTESTER-001,OracleStrategy-000,MESM6.GLBX,GLBX-1-603,MESM6.GLBX-OracleStrategy-000,GLBX-001,GLBX-1-603,MARKET,BUY,1,GTC,False,False,1,TAKER,6675.0,0.0,['0.00 USD'],NO_TRIGGER,FILLED,NO_CONTINGENCY,,,,MY_GENERIC_ALGO,,O-20260308-234106-001-000-608,,d1594476-37df-4303-a947-28faded55ba8,2026-03-08 23:41:06.066678498+00:00,2026-03-08 23:41:06.066678498+00:00
BACKTESTER-001,OracleStrategy-000,MESM6.GLBX,GLBX-1-604,MESM6.GLBX-OracleStrategy-000,GLBX-001,GLBX-1-604,MARKET,SELL,1,GTC,True,False,1,TAKER,6677.25,0.0,['0.00 USD'],NO_TRIGGER,FILLED,NO_CONTINGENCY,,,,MY_GENERIC_ALGO,,O-20260308-234114-001-000-609,,511fd63d-c88d-4a96-a077-e84c5e86f8af,2026-03-08 23:41:14.202164563+00:00,2026-03-08 23:41:14.202164563+00:00
BACKTESTER-001,OracleStrategy-000,MESM6.GLBX,GLBX-1-605,MESM6.GLBX-OracleStrategy-000,GLBX-001,GLBX-1-605,MARKET,SELL,1,GTC,False,False,1,TAKER,6677.25,0.0,['0.00 USD'],NO_TRIGGER,FILLED,NO_CONTINGENCY,,,,MY_GENERIC_ALGO,,O-20260308-234114-001-000-610,,4c298938-62fa-41d7-a085-5a4b6e2672e1,2026-03-08 23:41:14.202164563+00:00,2026-03-08 23:41:14.202164563+00:00
BACKTESTER-001,OracleStrategy-000,MESM6.GLBX,GLBX-1-606,MESM6.GLBX-OracleStrategy-000,GLBX-001,GLBX-1-606,MARKET,BUY,1,GTC,True,False,1,TAKER,6675.5,0.0,['0.00 USD'],NO_TRIGGER,FILLED,NO_CONTINGENCY,,,,MY_GENERIC_ALGO,,O-20260308-234145-001-000-611,,0093f100-07f8-4949-8db5-35f5938daf5a,2026-03-08 23:41:45.212469658+00:00,2026-03-08 23:41:45.212469658+00:00
BACKTESTER-001,OracleStrategy-000,MESM6.GLBX,GLBX-1-607,MESM6.GLBX-OracleStrategy-000,GLBX-001,GLBX-1-607,MARKET,BUY,1,GTC,False,False,1,TAKER,6675.5,0.0,['0.00 USD'],NO_TRIGGER,FILLED,NO_CONTINGENCY,,,,MY_GENERIC_ALGO,,O-20260308-234145-001-000-612,,dac02388-2348-4878-ad52-d8ea9364ed8b,2026-03-08 23:41:45.212469658+00:00,2026-03-08 23:41:45.212469658+00:00
BACKTESTER-001,OracleStrategy-000,MESM6.GLBX,GLBX-1-608,MESM6.GLBX-OracleStrategy-000,GLBX-001,GLBX-1-608,MARKET,SELL,1,GTC,True,False,1,TAKER,6676.75,0.0,['0.00 USD'],NO_TRIGGER,FILLED,NO_CONTINGENCY,,,,MY_GENERIC_ALGO,,O-20260308-234238-001-000-613,,0445d248-d98a-4190-bda9-8aa2cee1dba1,2026-03-08 23:42:38.576469227+00:00,2026-03-08 23:42:38.576469227+00:00
BACKTESTER-001,OracleStrategy-000,MESM6.GLBX,GLBX-1-609,MESM6.GLBX-OracleStrategy-000,GLBX-001,GLBX-1-609,MARKET,SELL,1,GTC,False,False,1,TAKER,6676.75,0.0,['0.00 USD'],NO_TRIGGER,FILLED,NO_CONTINGENCY,,,,MY_GENERIC_ALGO,,O-20260308-234238-001-000-614,,d9265c1e-3ec3-4599-8e70-c087f1cf06f1,2026-03-08 23:42:38.576469227+00:00,2026-03-08 23:42:38.576469227+00:00
BACKTESTER-001,OracleStrategy-000,MESM6.GLBX,GLBX-1-610,MESM6.GLBX-OracleStrategy-000,GLBX-001,GLBX-1-610,MARKET,BUY,1,GTC,True,False,1,TAKER,6679.25,0.0,['0.00 USD'],NO_TRIGGER,FILLED,NO_CONTINGENCY,,,,MY_GENERIC_ALGO,,O-20260308-234349-001-000-615,,2c127126-7f40-4f24-9c64-cb4d6b6ff883,2026-03-08 23:43:49.992335851+00:00,2026-03-08 23:43:49.992335851+00:00
BACKTESTER-001,OracleStrategy-000,MESM6.GLBX,GLBX-1-611,MESM6.GLBX-OracleStrategy-000,GLBX-001,GLBX-1-611,MARKET,BUY,1,GTC,False,False,1,TAKER,6679.25,0.0,['0.00 USD'],NO_TRIGGER,FILLED,NO_CONTINGENCY,,,,MY_GENERIC_ALGO,,O-20260308-234349-001-000-616,,896faefb-6fd5-47fb-b5bb-6644d14a0354,2026-03-08 23:43:49.992335851+00:00,2026-03-08 23:43:49.992335851+00:00
BACKTESTER-001,OracleStrategy-000,MESM6.GLBX,GLBX-1-612,MESM6.GLBX-OracleStrategy-000,GLBX-001,GLBX-1-612,MARKET,SELL,1,GTC,True,False,1,TAKER,6679.0,0.0,['0.00 USD'],NO_TRIGGER,FILLED,NO_CONTINGENCY,,,,MY_GENERIC_ALGO,,O-20260308-234402-001-000-617,,62453211-d05f-4909-bf0e-993df04a1fcf,2026-03-08 23:44:02.170833199+00:00,2026-03-08 23:44:02.170833199+00:00
BACKTESTER-001,OracleStrategy-000,MESM6.GLBX,GLBX-1-613,MESM6.GLBX-OracleStrategy-000,GLBX-001,GLBX-1-613,MARKET,SELL,1,GTC,False,False,1,TAKER,6679.0,0.0,['0.00 USD'],NO_TRIGGER,FILLED,NO_CONTINGENCY,,,,MY_GENERIC_ALGO,,O-20260308-234402-001-000-618,,b2e2c1ec-fb87-40c5-8ada-8e63bdba2d40,2026-03-08 23:44:02.170833199+00:00,2026-03-08 23:44:02.170833199+00:00
BACKTESTER-001,OracleStrategy-000,MESM6.GLBX,GLBX-1-614,MESM6.GLBX-OracleStrategy-000,GLBX-001,GLBX-1-614,MARKET,BUY,1,GTC,True,False,1,TAKER,6680.0,0.0,['0.00 USD'],NO_TRIGGER,FILLED,NO_CONTINGENCY,,,,MY_GENERIC_ALGO,,O-20260308-234415-001-000-619,,4791c8d9-08b3-4be7-b666-dec0faf23e3c,2026-03-08 23:44:15.550325107+00:00,2026-03-08 23:44:15.550325107+00:00
BACKTESTER-001,OracleStrategy-000,MESM6.GLBX,GLBX-1-615,MESM6.GLBX-OracleStrategy-000,GLBX-001,GLBX-1-615,MARKET,BUY,1,GTC,False,False,1,TAKER,6680.0,0.0,['0.00 USD'],NO_TRIGGER,FILLED,NO_CONTINGENCY,,,,MY_GENERIC_ALGO,,O-20260308-234415-001-000-620,,6f68346a-28e1-45bf-8e89-c331332c7545,2026-03-08 23:44:15.550325107+00:00,2026-03-08 23:44:15.550325107+00:00
BACKTESTER-001,OracleStrategy-000,MESM6.GLBX,GLBX-1-616,MESM6.GLBX-OracleStrategy-000,GLBX-001,GLBX-1-616,MARKET,SELL,1,GTC,True,False,1,TAKER,6678.5,0.0,['0.00 USD'],NO_TRIGGER,FILLED,NO_CONTINGENCY,,,,MY_GENERIC_ALGO,,O-20260308-234449-001-000-621,,1ee59453-c7b5-4613-b0b1-104c1fb6c436,2026-03-08 23:44:49.094058642+00:00,2026-03-08 23:44:49.094058642+00:00
BACKTESTER-001,OracleStrategy-000,MESM6.GLBX,GLBX-1-617,MESM6.GLBX-OracleStrategy-000,GLBX-001,GLBX-1-617,MARKET,SELL,1,GTC,False,False,1,TAKER,6678.5,0.0,['0.00 USD'],NO_TRIGGER,FILLED,NO_CONTINGENCY,,,,MY_GENERIC_ALGO,,O-20260308-234449-001-000-622,,537b0f56-a5a2-421a-ada4-0012d89f1582,2026-03-08 23:44:49.094058642+00:00,2026-03-08 23:44:49.094058642+00:00
BACKTESTER-001,OracleStrategy-000,MESM6.GLBX,GLBX-1-618,MESM6.GLBX-OracleStrategy-000,GLBX-001,GLBX-1-618,MARKET,BUY,1,GTC,True,False,1,TAKER,6676.75,0.0,['0.00 USD'],NO_TRIGGER,FILLED,NO_CONTINGENCY,,,,MY_GENERIC_ALGO,,O-20260308-234605-001-000-623,,520202ad-9670-4b29-b4cb-d87186cf301f,2026-03-08 23:46:05.207776472+00:00,2026-03-08 23:46:05.207776472+00:00
BACKTESTER-001,OracleStrategy-000,MESM6.GLBX,GLBX-1-619,MESM6.GLBX-OracleStrategy-000,GLBX-001,GLBX-1-619,MARKET,BUY,1,GTC,False,False,1,TAKER,6676.75,0.0,['0.00 USD'],NO_TRIGGER,FILLED,NO_CONTINGENCY,,,,MY_GENERIC_ALGO,,O-20260308-234605-001-000-624,,c9ba7dec-7aca-4409-9b98-849b8883c29f,2026-03-08 23:46:05.207776472+00:00,2026-03-08 23:46:05.207776472+00:00
BACKTESTER-001,OracleStrategy-000,MESM6.GLBX,GLBX-1-620,MESM6.GLBX-OracleStrategy-000,GLBX-001,GLBX-1-620,MARKET,SELL,1,GTC,True,False,1,TAKER,6675.5,0.0,['0.00 USD'],NO_TRIGGER,FILLED,NO_CONTINGENCY,,,,MY_GENERIC_ALGO,,O-20260308-234636-001-000-625,,135603a6-c749-48ea-9d4a-ed1f73ff231d,2026-03-08 23:46:36.761447779+00:00,2026-03-08 23:46:36.761447779+00:00
BACKTESTER-001,OracleStrategy-000,MESM6.GLBX,GLBX-1-621,MESM6.GLBX-OracleStrategy-000,GLBX-001,GLBX-1-621,MARKET,SELL,1,GTC,False,False,1,TAKER,6675.5,0.0,['0.00 USD'],NO_TRIGGER,FILLED,NO_CONTINGENCY,,,,MY_GENERIC_ALGO,,O-20260308-234636-001-000-626,,d09f1fcb-7534-4bc1-9697-73821af94ba9,2026-03-08 23:46:36.761447779+00:00,2026-03-08 23:46:36.761447779+00:00
BACKTESTER-001,OracleStrategy-000,MESM6.GLBX,GLBX-1-622,MESM6.GLBX-OracleStrategy-000,GLBX-001,GLBX-1-622,MARKET,BUY,1,GTC,True,False,1,TAKER,6675.5,0.0,['0.00 USD'],NO_TRIGGER,FILLED,NO_CONTINGENCY,,,,MY_GENERIC_ALGO,,O-20260308-234638-001-000-627,,984bb893-1b95-42e4-9a20-fa0d0fb81ff4,2026-03-08 23:46:38.869921647+00:00,2026-03-08 23:46:38.869921647+00:00
BACKTESTER-001,OracleStrategy-000,MESM6.GLBX,GLBX-1-623,MESM6.GLBX-OracleStrategy-000,GLBX-001,GLBX-1-623,MARKET,BUY,1,GTC,False,False,1,TAKER,6675.5,0.0,['0.00 USD'],NO_TRIGGER,FILLED,NO_CONTINGENCY,,,,MY_GENERIC_ALGO,,O-20260308-234638-001-000-628,,b7b47708-e503-4560-9cc0-8afda66318a3,2026-03-08 23:46:38.869921647+00:00,2026-03-08 23:46:38.869921647+00:00
BACKTESTER-001,OracleStrategy-000,MESM6.GLBX,GLBX-1-624,MESM6.GLBX-OracleStrategy-000,GLBX-001,GLBX-1-624,MARKET,SELL,1,GTC,True,False,1,TAKER,6674.25,0.0,['0.00 USD'],NO_TRIGGER,FILLED,NO_CONTINGENCY,,,,MY_GENERIC_ALGO,,O-20260308-234649-001-000-629,,1cedaf59-9a11-4506-b626-1a81084c5e47,2026-03-08 23:46:49.405687384+00:00,2026-03-08 23:46:49.405687384+00:00
BACKTESTER-001,OracleStrategy-000,MESM6.GLBX,GLBX-1-625,MESM6.GLBX-OracleStrategy-000,GLBX-001,GLBX-1-625,MARKET,SELL,1,GTC,False,False,1,TAKER,6674.25,0.0,['0.00 USD'],NO_TRIGGER,FILLED,NO_CONTINGENCY,,,,MY_GENERIC_ALGO,,O-20260308-234649-001-000-630,,ee5ca40f-d24e-40e4-b6fe-29a2b339424c,2026-03-08 23:46:49.405687384+00:00,2026-03-08 23:46:49.405687384+00:00
BACKTESTER-001,OracleStrategy-000,MESM6.GLBX,GLBX-1-626,MESM6.GLBX-OracleStrategy-000,GLBX-001,GLBX-1-626,MARKET,BUY,1,GTC,True,False,1,TAKER,6670.0,0.0,['0.00 USD'],NO_TRIGGER,FILLED,NO_CONTINGENCY,,,,MY_GENERIC_ALGO,,O-20260308-234849-001-000-631,,cc2fee8c-8d69-4a95-9837-6d55b584d8b9,2026-03-08 23:48:49.722622215+00:00,2026-03-08 23:48:49.722622215+00:00
BACKTESTER-001,OracleStrategy-000,MESM6.GLBX,GLBX-1-627,MESM6.GLBX-OracleStrategy-000,GLBX-001,GLBX-1-627,MARKET,BUY,1,GTC,False,False,1,TAKER,6670.0,0.0,['0.00 USD'],NO_TRIGGER,FILLED,NO_CONTINGENCY,,,,MY_GENERIC_ALGO,,O-20260308-234849-001-000-632,,4213f1d3-5c17-420d-9ded-bd1436850da5,2026-03-08 23:48:49.722622215+00:00,2026-03-08 23:48:49.722622215+00:00
BACKTESTER-001,OracleStrategy-000,MESM6.GLBX,GLBX-1-628,MESM6.GLBX-OracleStrategy-000,GLBX-001,GLBX-1-628,MARKET,SELL,1,GTC,True,False,1,TAKER,6674.75,0.0,['0.00 USD'],NO_TRIGGER,FILLED,NO_CONTINGENCY,,,,MY_GENERIC_ALGO,,O-20260308-234923-001-000-633,,e1510c0f-11c7-43d9-9ae6-61b360c0bca7,2026-03-08 23:49:23.182465235+00:00,2026-03-08 23:49:23.182465235+00:00
BACKTESTER-001,OracleStrategy-000,MESM6.GLBX,GLBX-1-629,MESM6.GLBX-OracleStrategy-000,GLBX-001,GLBX-1-629,MARKET,SELL,1,GTC,False,False,1,TAKER,6674.75,0.0,['0.00 USD'],NO_TRIGGER,FILLED,NO_CONTINGENCY,,,,MY_GENERIC_ALGO,,O-20260308-234923-001-000-634,,30b1e9d9-1fcb-44d7-9ca5-7e394ff5f30e,2026-03-08 23:49:23.182465235+00:00,2026-03-08 23:49:23.182465235+00:00
BACKTESTER-001,OracleStrategy-000,MESM6.GLBX,GLBX-1-630,MESM6.GLBX-OracleStrategy-000,GLBX-001,GLBX-1-630,MARKET,BUY,1,GTC,True,False,1,TAKER,6675.75,0.0,['0.00 USD'],NO_TRIGGER,FILLED,NO_CONTINGENCY,,,,MY_GENERIC_ALGO,,O-20260308-234934-001-000-635,,b9b7bc95-0b59-4311-a0eb-45c6af7c548f,2026-03-08 23:49:34.039803482+00:00,2026-03-08 23:49:34.039803482+00:00
BACKTESTER-001,OracleStrategy-000,MESM6.GLBX,GLBX-1-631,MESM6.GLBX-OracleStrategy-000,GLBX-001,GLBX-1-631,MARKET,BUY,1,GTC,False,False,1,TAKER,6675.75,0.0,['0.00 USD'],NO_TRIGGER,FILLED,NO_CONTINGENCY,,,,MY_GENERIC_ALGO,,O-20260308-234934-001-000-636,,776ac0ab-0fbe-4b99-934d-a020e6c18472,2026-03-08 23:49:34.039803482+00:00,2026-03-08 23:49:34.039803482+00:00
BACKTESTER-001,OracleStrategy-000,MESM6.GLBX,GLBX-1-632,MESM6.GLBX-OracleStrategy-000,GLBX-001,GLBX-1-632,MARKET,SELL,1,GTC,True,False,1,TAKER,6673.75,0.0,['0.00 USD'],NO_TRIGGER,FILLED,NO_CONTINGENCY,,,,MY_GENERIC_ALGO,,O-20260308-234936-001-000-637,,737a9edc-01f1-47e0-ad1a-922b6fb1b299,2026-03-08 23:49:36.044411944+00:00,2026-03-08 23:49:36.044411944+00:00
BACKTESTER-001,OracleStrategy-000,MESM6.GLBX,GLBX-1-633,MESM6.GLBX-OracleStrategy-000,GLBX-001,GLBX-1-633,MARKET,SELL,1,GTC,False,False,1,TAKER,6673.75,0.0,['0.00 USD'],NO_TRIGGER,FILLED,NO_CONTINGENCY,,,,MY_GENERIC_ALGO,,O-20260308-234936-001-000-638,,56b6d8d0-b6bc-49a1-92d1-e2319863cdca,2026-03-08 23:49:36.044411944+00:00,2026-03-08 23:49:36.044411944+00:00
BACKTESTER-001,OracleStrategy-000,MESM6.GLBX,GLBX-1-634,MESM6.GLBX-OracleStrategy-000,GLBX-001,GLBX-1-634,MARKET,BUY,1,GTC,True,False,1,TAKER,6675.25,0.0,['0.00 USD'],NO_TRIGGER,FILLED,NO_CONTINGENCY,,,,MY_GENERIC_ALGO,,O-20260308-235005-001-000-639,,008c3767-ff6c-49c9-98b8-6853b9d8a512,2026-03-08 23:50:05.837402831+00:00,2026-03-08 23:50:05.837402831+00:00
BACKTESTER-001,OracleStrategy-000,MESM6.GLBX,GLBX-1-635,MESM6.GLBX-OracleStrategy-000,GLBX-001,GLBX-1-635,MARKET,BUY,1,GTC,False,False,1,TAKER,6675.25,0.0,['0.00 USD'],NO_TRIGGER,FILLED,NO_CONTINGENCY,,,,MY_GENERIC_ALGO,,O-20260308-235005-001-000-640,,a58ff4d9-0565-4766-85cd-1f7d9d1c48de,2026-03-08 23:50:05.837402831+00:00,2026-03-08 23:50:05.837402831+00:00
BACKTESTER-001,OracleStrategy-000,MESM6.GLBX,GLBX-1-636,MESM6.GLBX-OracleStrategy-000,GLBX-001,GLBX-1-636,MARKET,SELL,1,GTC,True,False,1,TAKER,6675.75,0.0,['0.00 USD'],NO_TRIGGER,FILLED,NO_CONTINGENCY,,,,MY_GENERIC_ALGO,,O-20260308-235009-001-000-641,,6e1bf805-5607-411a-8d06-6677a59aa07a,2026-03-08 23:50:09.386959319+00:00,2026-03-08 23:50:09.386959319+00:00
BACKTESTER-001,OracleStrategy-000,MESM6.GLBX,GLBX-1-637,MESM6.GLBX-OracleStrategy-000,GLBX-001,GLBX-1-637,MARKET,SELL,1,GTC,False,False,1,TAKER,6675.75,0.0,['0.00 USD'],NO_TRIGGER,FILLED,NO_CONTINGENCY,,,,MY_GENERIC_ALGO,,O-20260308-235009-001-000-642,,c8b17b4b-4c52-4e92-9745-8dc2c053c52a,2026-03-08 23:50:09.386959319+00:00,2026-03-08 23:50:09.386959319+00:00
BACKTESTER-001,OracleStrategy-000,MESM6.GLBX,GLBX-1-638,MESM6.GLBX-OracleStrategy-000,GLBX-001,GLBX-1-638,MARKET,BUY,1,GTC,True,False,1,TAKER,6678.0,0.0,['0.00 USD'],NO_TRIGGER,FILLED,NO_CONTINGENCY,,,,MY_GENERIC_ALGO,,O-20260308-235013-001-000-643,,ff68f627-40cb-403f-b390-7c35ff1b15f3,2026-03-08 23:50:13.074497188+00:00,2026-03-08 23:50:13.074497188+00:00
BACKTESTER-001,OracleStrategy-000,MESM6.GLBX,GLBX-1-639,MESM6.GLBX-OracleStrategy-000,GLBX-001,GLBX-1-639,MARKET,BUY,1,GTC,False,False,1,TAKER,6678.0,0.0,['0.00 USD'],NO_TRIGGER,FILLED,NO_CONTINGENCY,,,,MY_GENERIC_ALGO,,O-20260308-235013-001-000-644,,e1643929-7823-4776-82a8-1383a9e4991a,2026-03-08 23:50:13.074497188+00:00,2026-03-08 23:50:13.074497188+00:00
BACKTESTER-001,OracleStrategy-000,MESM6.GLBX,GLBX-1-640,MESM6.GLBX-OracleStrategy-000,GLBX-001,GLBX-1-640,MARKET,SELL,1,GTC,True,False,1,TAKER,6677.5,0.0,['0.00 USD'],NO_TRIGGER,FILLED,NO_CONTINGENCY,,,,MY_GENERIC_ALGO,,O-20260308-235017-001-000-645,,5880f4b1-d2b8-4774-8dd8-dbb5a52c5407,2026-03-08 23:50:17.985754767+00:00,2026-03-08 23:50:17.985754767+00:00
BACKTESTER-001,OracleStrategy-000,MESM6.GLBX,GLBX-1-641,MESM6.GLBX-OracleStrategy-000,GLBX-001,GLBX-1-641,MARKET,SELL,1,GTC,False,False,1,TAKER,6677.5,0.0,['0.00 USD'],NO_TRIGGER,FILLED,NO_CONTINGENCY,,,,MY_GENERIC_ALGO,,O-20260308-235017-001-000-646,,1d2f95fc-d5a1-4522-bbca-f396fa6e1329,2026-03-08 23:50:17.985754767+00:00,2026-03-08 23:50:17.985754767+00:00
BACKTESTER-001,OracleStrategy-000,MESM6.GLBX,GLBX-1-642,MESM6.GLBX-OracleStrategy-000,GLBX-001,GLBX-1-642,MARKET,BUY,1,GTC,True,False,1,TAKER,6678.5,0.0,['0.00 USD'],NO_TRIGGER,FILLED,NO_CONTINGENCY,,,,MY_GENERIC_ALGO,,O-20260308-235108-001-000-647,,0ddc663e-9c56-4f1b-9ef0-ca1e6ac7de61,2026-03-08 23:51:08.711215517+00:00,2026-03-08 23:51:08.711215517+00:00
BACKTESTER-001,OracleStrategy-000,MESM6.GLBX,GLBX-1-643,MESM6.GLBX-OracleStrategy-000,GLBX-001,GLBX-1-643,MARKET,BUY,1,GTC,False,False,1,TAKER,6678.5,0.0,['0.00 USD'],NO_TRIGGER,FILLED,NO_CONTINGENCY,,,,MY_GENERIC_ALGO,,O-20260308-235108-001-000-648,,e2505cdf-353f-4151-923c-cf4e4f521721,2026-03-08 23:51:08.711215517+00:00,2026-03-08 23:51:08.711215517+00:00
BACKTESTER-001,OracleStrategy-000,MESM6.GLBX,GLBX-1-644,MESM6.GLBX-OracleStrategy-000,GLBX-001,GLBX-1-644,MARKET,SELL,1,GTC,True,False,1,TAKER,6676.0,0.0,['0.00 USD'],NO_TRIGGER,FILLED,NO_CONTINGENCY,,,,MY_GENERIC_ALGO,,O-20260308-235116-001-000-649,,605c91e5-3f2b-4c9e-868b-7b41a1ea9eea,2026-03-08 23:51:16.174904837+00:00,2026-03-08 23:51:16.174904837+00:00
BACKTESTER-001,OracleStrategy-000,MESM6.GLBX,GLBX-1-645,MESM6.GLBX-OracleStrategy-000,GLBX-001,GLBX-1-645,MARKET,SELL,1,GTC,False,False,1,TAKER,6676.0,0.0,['0.00 USD'],NO_TRIGGER,FILLED,NO_CONTINGENCY,,,,MY_GENERIC_ALGO,,O-20260308-235116-001-000-650,,1e1d9641-a93b-45fe-ae0c-ea97ac9fb161,2026-03-08 23:51:16.174904837+00:00,2026-03-08 23:51:16.174904837+00:00
BACKTESTER-001,OracleStrategy-000,MESM6.GLBX,GLBX-1-646,MESM6.GLBX-OracleStrategy-000,GLBX-001,GLBX-1-646,MARKET,BUY,1,GTC,True,False,1,TAKER,6670.5,0.0,['0.00 USD'],NO_TRIGGER,FILLED,NO_CONTINGENCY,,,,MY_GENERIC_ALGO,,O-20260308-235342-001-000-651,,22b3f4e0-ee2e-4053-88d2-85f1fa78e2bc,2026-03-08 23:53:42.030540724+00:00,2026-03-08 23:53:42.030540724+00:00
BACKTESTER-001,OracleStrategy-000,MESM6.GLBX,GLBX-1-647,MESM6.GLBX-OracleStrategy-000,GLBX-001,GLBX-1-647,MARKET,BUY,1,GTC,False,False,1,TAKER,6670.5,0.0,['0.00 USD'],NO_TRIGGER,FILLED,NO_CONTINGENCY,,,,MY_GENERIC_ALGO,,O-20260308-235342-001-000-652,,f9fa4514-e272-4808-8e25-5145e17a8368,2026-03-08 23:53:42.030540724+00:00,2026-03-08 23:53:42.030540724+00:00
BACKTESTER-001,OracleStrategy-000,MESM6.GLBX,GLBX-1-648,MESM6.GLBX-OracleStrategy-000,GLBX-001,GLBX-1-648,MARKET,SELL,1,GTC,True,False,1,TAKER,6670.75,0.0,['0.00 USD'],NO_TRIGGER,FILLED,NO_CONTINGENCY,,,,MY_GENERIC_ALGO,,O-20260308-235344-001-000-653,,28878ec6-6788-449f-99e5-7ba3de8a7ce4,2026-03-08 23:53:44.876659455+00:00,2026-03-08 23:53:44.876659455+00:00
BACKTESTER-001,OracleStrategy-000,MESM6.GLBX,GLBX-1-649,MESM6.GLBX-OracleStrategy-000,GLBX-001,GLBX-1-649,MARKET,SELL,1,GTC,False,False,1,TAKER,6670.75,0.0,['0.00 USD'],NO_TRIGGER,FILLED,NO_CONTINGENCY,,,,MY_GENERIC_ALGO,,O-20260308-235344-001-000-654,,b6bffa6f-2536-47a7-83a9-19708c10d106,2026-03-08 23:53:44.876659455+00:00,2026-03-08 23:53:44.876659455+00:00
BACKTESTER-001,OracleStrategy-000,MESM6.GLBX,GLBX-1-650,MESM6.GLBX-OracleStrategy-000,GLBX-001,GLBX-1-650,MARKET,BUY,1,GTC,True,False,1,TAKER,6670.5,0.0,['0.00 USD'],NO_TRIGGER,FILLED,NO_CONTINGENCY,,,,MY_GENERIC_ALGO,,O-20260308-235356-001-000-655,,c131b3db-d00c-4884-98fc-3301203e4bf9,2026-03-08 23:53:56.569296413+00:00,2026-03-08 23:53:56.569296413+00:00
BACKTESTER-001,OracleStrategy-000,MESM6.GLBX,GLBX-1-651,MESM6.GLBX-OracleStrategy-000,GLBX-001,GLBX-1-651,MARKET,BUY,1,GTC,False,False,1,TAKER,6670.5,0.0,['0.00 USD'],NO_TRIGGER,FILLED,NO_CONTINGENCY,,,,MY_GENERIC_ALGO,,O-20260308-235356-001-000-656,,5680e814-5924-4bbd-b50c-cf1ec46755db,2026-03-08 23:53:56.569296413+00:00,2026-03-08 23:53:56.569296413+00:00
BACKTESTER-001,OracleStrategy-000,MESM6.GLBX,GLBX-1-652,MESM6.GLBX-OracleStrategy-000,GLBX-001,GLBX-1-652,MARKET,SELL,1,GTC,True,False,1,TAKER,6673.25,0.0,['0.00 USD'],NO_TRIGGER,FILLED,NO_CONTINGENCY,,,,MY_GENERIC_ALGO,,O-20260308-235400-001-000-657,,eae89301-f4c0-4f66-a02f-56095999ce75,2026-03-08 23:54:00.056713826+00:00,2026-03-08 23:54:00.056713826+00:00
BACKTESTER-001,OracleStrategy-000,MESM6.GLBX,GLBX-1-653,MESM6.GLBX-OracleStrategy-000,GLBX-001,GLBX-1-653,MARKET,SELL,1,GTC,False,False,1,TAKER,6673.25,0.0,['0.00 USD'],NO_TRIGGER,FILLED,NO_CONTINGENCY,,,,MY_GENERIC_ALGO,,O-20260308-235400-001-000-658,,759be5c2-3dd7-4918-84c7-faa7f5af4b45,2026-03-08 23:54:00.056713826+00:00,2026-03-08 23:54:00.056713826+00:00
BACKTESTER-001,OracleStrategy-000,MESM6.GLBX,GLBX-1-654,MESM6.GLBX-OracleStrategy-000,GLBX-001,GLBX-1-654,MARKET,BUY,1,GTC,True,False,1,TAKER,6674.0,0.0,['0.00 USD'],NO_TRIGGER,FILLED,NO_CONTINGENCY,,,,MY_GENERIC_ALGO,,O-20260308-235404-001-000-659,,48f095cf-3a84-4bd0-9701-7f60d07d5051,2026-03-08 23:54:04.532157042+00:00,2026-03-08 23:54:04.532157042+00:00
BACKTESTER-001,OracleStrategy-000,MESM6.GLBX,GLBX-1-655,MESM6.GLBX-OracleStrategy-000,GLBX-001,GLBX-1-655,MARKET,BUY,1,GTC,False,False,1,TAKER,6674.0,0.0,['0.00 USD'],NO_TRIGGER,FILLED,NO_CONTINGENCY,,,,MY_GENERIC_ALGO,,O-20260308-235404-001-000-660,,23cc6b76-005f-4c49-b5b2-38e761ff2ee9,2026-03-08 23:54:04.532157042+00:00,2026-03-08 23:54:04.532157042+00:00
BACKTESTER-001,OracleStrategy-000,MESM6.GLBX,GLBX-1-656,MESM6.GLBX-OracleStrategy-000,GLBX-001,GLBX-1-656,MARKET,SELL,1,GTC,True,False,1,TAKER,6673.0,0.0,['0.00 USD'],NO_TRIGGER,FILLED,NO_CONTINGENCY,,,,MY_GENERIC_ALGO,,O-20260308-235416-001-000-661,,8fc892e8-75a4-4468-a600-cd7e8ab2ee0f,2026-03-08 23:54:16.632774855+00:00,2026-03-08 23:54:16.632774855+00:00
BACKTESTER-001,OracleStrategy-000,MESM6.GLBX,GLBX-1-657,MESM6.GLBX-OracleStrategy-000,GLBX-001,GLBX-1-657,MARKET,SELL,1,GTC,False,False,1,TAKER,6673.0,0.0,['0.00 USD'],NO_TRIGGER,FILLED,NO_CONTINGENCY,,,,MY_GENERIC_ALGO,,O-20260308-235416-001-000-662,,fed53a3b-c36b-40ec-8309-a8a3d5df34ad,2026-03-08 23:54:16.632774855+00:00,2026-03-08 23:54:16.632774855+00:00
BACKTESTER-001,OracleStrategy-000,MESM6.GLBX,GLBX-1-658,MESM6.GLBX-OracleStrategy-000,GLBX-001,GLBX-1-658,MARKET,BUY,1,GTC,True,False,1,TAKER,6673.0,0.0,['0.00 USD'],NO_TRIGGER,FILLED,NO_CONTINGENCY,,,,MY_GENERIC_ALGO,,O-20260308-235420-001-000-663,,29411d43-9c62-48c2-9465-019e066c9533,2026-03-08 23:54:20.942292760+00:00,2026-03-08 23:54:20.942292760+00:00
BACKTESTER-001,OracleStrategy-000,MESM6.GLBX,GLBX-1-659,MESM6.GLBX-OracleStrategy-000,GLBX-001,GLBX-1-659,MARKET,BUY,1,GTC,False,False,1,TAKER,6673.0,0.0,['0.00 USD'],NO_TRIGGER,FILLED,NO_CONTINGENCY,,,,MY_GENERIC_ALGO,,O-20260308-235420-001-000-664,,b631638c-f30f-4327-bf84-b328f065efd4,2026-03-08 23:54:20.942292760+00:00,2026-03-08 23:54:20.942292760+00:00
BACKTESTER-001,OracleStrategy-000,MESM6.GLBX,GLBX-1-660,MESM6.GLBX-OracleStrategy-000,GLBX-001,GLBX-1-660,MARKET,SELL,1,GTC,True,False,1,TAKER,6671.75,0.0,['0.00 USD'],NO_TRIGGER,FILLED,NO_CONTINGENCY,,,,MY_GENERIC_ALGO,,O-20260308-235423-001-000-665,,deb7178d-48c0-414b-8814-3a77ec6f0446,2026-03-08 23:54:23.510327219+00:00,2026-03-08 23:54:23.510327219+00:00
BACKTESTER-001,OracleStrategy-000,MESM6.GLBX,GLBX-1-661,MESM6.GLBX-OracleStrategy-000,GLBX-001,GLBX-1-661,MARKET,SELL,1,GTC,False,False,1,TAKER,6671.75,0.0,['0.00 USD'],NO_TRIGGER,FILLED,NO_CONTINGENCY,,,,MY_GENERIC_ALGO,,O-20260308-235423-001-000-666,,e923a755-7758-4656-91b7-ee5dc6bce380,2026-03-08 23:54:23.510327219+00:00,2026-03-08 23:54:23.510327219+00:00
BACKTESTER-001,OracleStrategy-000,MESM6.GLBX,GLBX-1-662,MESM6.GLBX-OracleStrategy-000,GLBX-001,GLBX-1-662,MARKET,BUY,1,GTC,True,False,1,TAKER,6672.5,0.0,['0.00 USD'],NO_TRIGGER,FILLED,NO_CONTINGENCY,,,,MY_GENERIC_ALGO,,O-20260308-235427-001-000-667,,e838217c-5ed9-471c-b2da-3ce3b2d57d14,2026-03-08 23:54:27.838990013+00:00,2026-03-08 23:54:27.838990013+00:00
BACKTESTER-001,OracleStrategy-000,MESM6.GLBX,GLBX-1-663,MESM6.GLBX-OracleStrategy-000,GLBX-001,GLBX-1-663,MARKET,BUY,1,GTC,False,False,1,TAKER,6672.5,0.0,['0.00 USD'],NO_TRIGGER,FILLED,NO_CONTINGENCY,,,,MY_GENERIC_ALGO,,O-20260308-235427-001-000-668,,818a5cef-7fae-49ec-99c7-45cc6627b2da,2026-03-08 23:54:27.838990013+00:00,2026-03-08 23:54:27.838990013+00:00
BACKTESTER-001,OracleStrategy-000,MESM6.GLBX,GLBX-1-664,MESM6.GLBX-OracleStrategy-000,GLBX-001,GLBX-1-664,MARKET,SELL,1,GTC,True,False,1,TAKER,6674.25,0.0,['0.00 USD'],NO_TRIGGER,FILLED,NO_CONTINGENCY,,,,MY_GENERIC_ALGO,,O-20260308-235554-001-000-669,,821f446b-8a6a-4b97-a37a-e86ed1d9e437,2026-03-08 23:55:54.173732846+00:00,2026-03-08 23:55:54.173732846+00:00
BACKTESTER-001,OracleStrategy-000,MESM6.GLBX,GLBX-1-665,MESM6.GLBX-OracleStrategy-000,GLBX-001,GLBX-1-665,MARKET,SELL,1,GTC,False,False,1,TAKER,6674.25,0.0,['0.00 USD'],NO_TRIGGER,FILLED,NO_CONTINGENCY,,,,MY_GENERIC_ALGO,,O-20260308-235554-001-000-670,,1b1a18a4-e90c-4021-b368-798d9c82d37a,2026-03-08 23:55:54.173732846+00:00,2026-03-08 23:55:54.173732846+00:00
BACKTESTER-001,OracleStrategy-000,MESM6.GLBX,GLBX-1-666,MESM6.GLBX-OracleStrategy-000,GLBX-001,GLBX-1-666,MARKET,BUY,1,GTC,True,False,1,TAKER,6675.25,0.0,['0.00 USD'],NO_TRIGGER,FILLED,NO_CONTINGENCY,,,,MY_GENERIC_ALGO,,O-20260308-235556-001-000-671,,eda77236-05d2-4443-891d-25f3127864ba,2026-03-08 23:55:56.626573683+00:00,2026-03-08 23:55:56.626573683+00:00
BACKTESTER-001,OracleStrategy-000,MESM6.GLBX,GLBX-1-667,MESM6.GLBX-OracleStrategy-000,GLBX-001,GLBX-1-667,MARKET,BUY,1,GTC,False,False,1,TAKER,6675.25,0.0,['0.00 USD'],NO_TRIGGER,FILLED,NO_CONTINGENCY,,,,MY_GENERIC_ALGO,,O-20260308-235556-001-000-672,,5549c285-acff-4a4e-9550-c01fca2ac8c3,2026-03-08 23:55:56.626573683+00:00,2026-03-08 23:55:56.626573683+00:00
BACKTESTER-001,OracleStrategy-000,MESM6.GLBX,GLBX-1-668,MESM6.GLBX-OracleStrategy-000,GLBX-001,GLBX-1-668,MARKET,SELL,1,GTC,True,False,1,TAKER,6674.5,0.0,['0.00 USD'],NO_TRIGGER,FILLED,NO_CONTINGENCY,,,,MY_GENERIC_ALGO,,O-20260308-235600-001-000-673,,b02ba5f8-309b-4f97-8a19-73bec46d20e5,2026-03-08 23:56:00.177749226+00:00,2026-03-08 23:56:00.177749226+00:00
BACKTESTER-001,OracleStrategy-000,MESM6.GLBX,GLBX-1-669,MESM6.GLBX-OracleStrategy-000,GLBX-001,GLBX-1-669,MARKET,SELL,1,GTC,False,False,1,TAKER,6674.5,0.0,['0.00 USD'],NO_TRIGGER,FILLED,NO_CONTINGENCY,,,,MY_GENERIC_ALGO,,O-20260308-235600-001-000-674,,2becd375-e570-4935-9b14-d523fd407edb,2026-03-08 23:56:00.177749226+00:00,2026-03-08 23:56:00.177749226+00:00
BACKTESTER-001,OracleStrategy-000,MESM6.GLBX,GLBX-1-670,MESM6.GLBX-OracleStrategy-000,GLBX-001,GLBX-1-670,MARKET,BUY,1,GTC,True,False,1,TAKER,6674.75,0.0,['0.00 USD'],NO_TRIGGER,FILLED,NO_CONTINGENCY,,,,MY_GENERIC_ALGO,,O-20260308-235606-001-000-675,,46aff17c-4fe5-436b-87d1-75576d27e109,2026-03-08 23:56:06.405854639+00:00,2026-03-08 23:56:06.405854639+00:00
BACKTESTER-001,OracleStrategy-000,MESM6.GLBX,GLBX-1-671,MESM6.GLBX-OracleStrategy-000,GLBX-001,GLBX-1-671,MARKET,BUY,1,GTC,False,False,1,TAKER,6674.75,0.0,['0.00 USD'],NO_TRIGGER,FILLED,NO_CONTINGENCY,,,,MY_GENERIC_ALGO,,O-20260308-235606-001-000-676,,4a2f0849-d3c3-4242-8378-fd0dbe7ed604,2026-03-08 23:56:06.405854639+00:00,2026-03-08 23:56:06.405854639+00:00
BACKTESTER-001,OracleStrategy-000,MESM6.GLBX,GLBX-1-672,MESM6.GLBX-OracleStrategy-000,GLBX-001,GLBX-1-672,MARKET,SELL,1,GTC,True,False,1,TAKER,6675.75,0.0,['0.00 USD'],NO_TRIGGER,FILLED,NO_CONTINGENCY,,,,MY_GENERIC_ALGO,,O-20260308-235635-001-000-677,,2973188b-b6d9-4a57-b6ba-92de2005ca30,2026-03-08 23:56:35.756376698+00:00,2026-03-08 23:56:35.756376698+00:00
BACKTESTER-001,OracleStrategy-000,MESM6.GLBX,GLBX-1-673,MESM6.GLBX-OracleStrategy-000,GLBX-001,GLBX-1-673,MARKET,SELL,1,GTC,False,False,1,TAKER,6675.75,0.0,['0.00 USD'],NO_TRIGGER,FILLED,NO_CONTINGENCY,,,,MY_GENERIC_ALGO,,O-20260308-235635-001-000-678,,a0caa0ed-92a2-4f93-a533-4c54d018aa64,2026-03-08 23:56:35.756376698+00:00,2026-03-08 23:56:35.756376698+00:00
BACKTESTER-001,OracleStrategy-000,MESM6.GLBX,GLBX-1-674,MESM6.GLBX-OracleStrategy-000,GLBX-001,GLBX-1-674,MARKET,BUY,1,GTC,True,False,1,TAKER,6677.25,0.0,['0.00 USD'],NO_TRIGGER,FILLED,NO_CONTINGENCY,,,,MY_GENERIC_ALGO,,O-20260308-235651-001-000-679,,3fb6e0ba-14c0-4137-ba0e-45b0fba4e5df,2026-03-08 23:56:51.837816128+00:00,2026-03-08 23:56:51.837816128+00:00
BACKTESTER-001,OracleStrategy-000,MESM6.GLBX,GLBX-1-675,MESM6.GLBX-OracleStrategy-000,GLBX-001,GLBX-1-675,MARKET,BUY,1,GTC,False,False,1,TAKER,6677.25,0.0,['0.00 USD'],NO_TRIGGER,FILLED,NO_CONTINGENCY,,,,MY_GENERIC_ALGO,,O-20260308-235651-001-000-680,,ce8bb0fa-4d7a-4ae3-a394-076729d4b146,2026-03-08 23:56:51.837816128+00:00,2026-03-08 23:56:51.837816128+00:00
BACKTESTER-001,OracleStrategy-000,MESM6.GLBX,GLBX-1-676,MESM6.GLBX-OracleStrategy-000,GLBX-001,GLBX-1-676,MARKET,SELL,1,GTC,True,False,1,TAKER,6678.75,0.0,['0.00 USD'],NO_TRIGGER,FILLED,NO_CONTINGENCY,,,,MY_GENERIC_ALGO,,O-20260308-235655-001-000-681,,29aeac4e-47f5-4d27-8f55-5ce8ee6a2b02,2026-03-08 23:56:55.388353920+00:00,2026-03-08 23:56:55.388353920+00:00
BACKTESTER-001,OracleStrategy-000,MESM6.GLBX,GLBX-1-677,MESM6.GLBX-OracleStrategy-000,GLBX-001,GLBX-1-677,MARKET,SELL,1,GTC,False,False,1,TAKER,6678.75,0.0,['0.00 USD'],NO_TRIGGER,FILLED,NO_CONTINGENCY,,,,MY_GENERIC_ALGO,,O-20260308-235655-001-000-682,,84fdb6e0-f7bd-447e-96f3-3a659e4fcff2,2026-03-08 23:56:55.388353920+00:00,2026-03-08 23:56:55.388353920+00:00
BACKTESTER-001,OracleStrategy-000,MESM6.GLBX,GLBX-1-678,MESM6.GLBX-OracleStrategy-000,GLBX-001,GLBX-1-678,MARKET,BUY,1,GTC,True,False,1,TAKER,6672.0,0.0,['0.00 USD'],NO_TRIGGER,FILLED,NO_CONTINGENCY,,,,MY_GENERIC_ALGO,,O-20260308-235726-001-000-683,,649cec07-3ebf-493c-bd5c-e65bb85c88b5,2026-03-08 23:57:26.805891371+00:00,2026-03-08 23:57:26.805891371+00:00
BACKTESTER-001,OracleStrategy-000,MESM6.GLBX,GLBX-1-679,MESM6.GLBX-OracleStrategy-000,GLBX-001,GLBX-1-679,MARKET,BUY,1,GTC,False,False,1,TAKER,6672.0,0.0,['0.00 USD'],NO_TRIGGER,FILLED,NO_CONTINGENCY,,,,MY_GENERIC_ALGO,,O-20260308-235726-001-000-684,,7fd796e4-07c9-4df2-93c6-781dd1ebf1d8,2026-03-08 23:57:26.805891371+00:00,2026-03-08 23:57:26.805891371+00:00
BACKTESTER-001,OracleStrategy-000,MESM6.GLBX,GLBX-1-680,MESM6.GLBX-OracleStrategy-000,GLBX-001,GLBX-1-680,MARKET,SELL,1,GTC,True,False,1,TAKER,6672.0,0.0,['0.00 USD'],NO_TRIGGER,FILLED,NO_CONTINGENCY,,,,MY_GENERIC_ALGO,,O-20260308-235727-001-000-685,,2561e9a1-c6ad-4989-99cf-a789a34ac09f,2026-03-08 23:57:27.848523720+00:00,2026-03-08 23:57:27.848523720+00:00
BACKTESTER-001,OracleStrategy-000,MESM6.GLBX,GLBX-1-681,MESM6.GLBX-OracleStrategy-000,GLBX-001,GLBX-1-681,MARKET,SELL,1,GTC,False,False,1,TAKER,6672.0,0.0,['0.00 USD'],NO_TRIGGER,FILLED,NO_CONTINGENCY,,,,MY_GENERIC_ALGO,,O-20260308-235727-001-000-686,,8e2e8905-cdd4-4341-aee7-d67a010e067e,2026-03-08 23:57:27.848523720+00:00,2026-03-08 23:57:27.848523720+00:00
BACKTESTER-001,OracleStrategy-000,MESM6.GLBX,GLBX-1-682,MESM6.GLBX-OracleStrategy-000,GLBX-001,GLBX-1-682,MARKET,BUY,1,GTC,True,False,1,TAKER,6670.75,0.0,['0.00 USD'],NO_TRIGGER,FILLED,NO_CONTINGENCY,,,,MY_GENERIC_ALGO,,O-20260308-235729-001-000-687,,ad00f389-3f55-4185-9e54-a4fc9fc988c6,2026-03-08 23:57:29.954377366+00:00,2026-03-08 23:57:29.954377366+00:00
BACKTESTER-001,OracleStrategy-000,MESM6.GLBX,GLBX-1-683,MESM6.GLBX-OracleStrategy-000,GLBX-001,GLBX-1-683,MARKET,BUY,1,GTC,False,False,1,TAKER,6670.75,0.0,['0.00 USD'],NO_TRIGGER,FILLED,NO_CONTINGENCY,,,,MY_GENERIC_ALGO,,O-20260308-235729-001-000-688,,96161097-9f2f-4ed6-a910-cd52c95089d7,2026-03-08 23:57:29.954377366+00:00,2026-03-08 23:57:29.954377366+00:00
BACKTESTER-001,OracleStrategy-000,MESM6.GLBX,GLBX-1-684,MESM6.GLBX-OracleStrategy-000,GLBX-001,GLBX-1-684,MARKET,SELL,1,GTC,True,False,1,TAKER,6671.25,0.0,['0.00 USD'],NO_TRIGGER,FILLED,NO_CONTINGENCY,,,,MY_GENERIC_ALGO,,O-20260308-235811-001-000-689,,673c44c3-1760-4f39-99cd-987ecdb5829d,2026-03-08 23:58:11.533932794+00:00,2026-03-08 23:58:11.533932794+00:00
BACKTESTER-001,OracleStrategy-000,MESM6.GLBX,GLBX-1-685,MESM6.GLBX-OracleStrategy-000,GLBX-001,GLBX-1-685,MARKET,SELL,1,GTC,False,False,1,TAKER,6671.25,0.0,['0.00 USD'],NO_TRIGGER,FILLED,NO_CONTINGENCY,,,,MY_GENERIC_ALGO,,O-20260308-235811-001-000-690,,3f605fe1-6a88-4711-b8b8-614e7fdc19c3,2026-03-08 23:58:11.533932794+00:00,2026-03-08 23:58:11.533932794+00:00
BACKTESTER-001,OracleStrategy-000,MESM6.GLBX,GLBX-1-686,MESM6.GLBX-OracleStrategy-000,GLBX-001,GLBX-1-686,MARKET,BUY,1,GTC,True,False,1,TAKER,6673.0,0.0,['0.00 USD'],NO_TRIGGER,FILLED,NO_CONTINGENCY,,,,MY_GENERIC_ALGO,,O-20260308-235825-001-000-691,,de35f5b1-8d7f-4471-90aa-b9b47488841e,2026-03-08 23:58:25.164399455+00:00,2026-03-08 23:58:25.164399455+00:00
BACKTESTER-001,OracleStrategy-000,MESM6.GLBX,GLBX-1-687,MESM6.GLBX-OracleStrategy-000,GLBX-001,GLBX-1-687,MARKET,BUY,1,GTC,False,False,1,TAKER,6673.0,0.0,['0.00 USD'],NO_TRIGGER,FILLED,NO_CONTINGENCY,,,,MY_GENERIC_ALGO,,O-20260308-235825-001-000-692,,930dd8e0-5ebc-40eb-96a5-9e8ac6351d89,2026-03-08 23:58:25.164399455+00:00,2026-03-08 23:58:25.164399455+00:00
BACKTESTER-001,OracleStrategy-000,MESM6.GLBX,GLBX-1-688,MESM6.GLBX-OracleStrategy-000,GLBX-001,GLBX-1-688,MARKET,SELL,1,GTC,True,False,1,TAKER,6673.0,0.0,['0.00 USD'],NO_TRIGGER,FILLED,NO_CONTINGENCY,,,,MY_GENERIC_ALGO,,O-20260308-235844-001-000-693,,401ac494-fcc4-42b9-bb55-c9909ba9783e,2026-03-08 23:58:44.831609080+00:00,2026-03-08 23:58:44.831609080+00:00
BACKTESTER-001,OracleStrategy-000,MESM6.GLBX,GLBX-1-689,MESM6.GLBX-OracleStrategy-000,GLBX-001,GLBX-1-689,MARKET,SELL,1,GTC,False,False,1,TAKER,6673.0,0.0,['0.00 USD'],NO_TRIGGER,FILLED,NO_CONTINGENCY,,,,MY_GENERIC_ALGO,,O-20260308-235844-001-000-694,,f9a2bf50-c8b1-4f2c-ab20-6f9c6d507bca,2026-03-08 23:58:44.831609080+00:00,2026-03-08 23:58:44.831609080+00:00
BACKTESTER-001,OracleStrategy-000,MESM6.GLBX,GLBX-1-690,MESM6.GLBX-OracleStrategy-000,GLBX-001,GLBX-1-690,MARKET,BUY,1,GTC,True,False,1,TAKER,6673.0,0.0,['0.00 USD'],NO_TRIGGER,FILLED,NO_CONTINGENCY,,,,MY_GENERIC_ALGO,,O-20260308-235851-001-000-695,,5b8e9bf9-d6cf-4572-96c6-7ead7f8779a2,2026-03-08 23:58:51.569842282+00:00,2026-03-08 23:58:51.569842282+00:00
BACKTESTER-001,OracleStrategy-000,MESM6.GLBX,GLBX-1-691,MESM6.GLBX-OracleStrategy-000,GLBX-001,GLBX-1-691,MARKET,BUY,1,GTC,False,False,1,TAKER,6673.0,0.0,['0.00 USD'],NO_TRIGGER,FILLED,NO_CONTINGENCY,,,,MY_GENERIC_ALGO,,O-20260308-235851-001-000-696,,3a079e05-8a01-469c-bc19-742b55992e07,2026-03-08 23:58:51.569842282+00:00,2026-03-08 23:58:51.569842282+00:00
BACKTESTER-001,OracleStrategy-000,MESM6.GLBX,GLBX-1-692,MESM6.GLBX-OracleStrategy-000,GLBX-001,GLBX-1-692,MARKET,SELL,1,GTC,True,False,1,TAKER,6674.75,0.0,['0.00 USD'],NO_TRIGGER,FILLED,NO_CONTINGENCY,,,,MY_GENERIC_ALGO,,O-20260308-235908-001-000-697,,5c0136fd-b306-4c58-9dca-8d5ec24f605a,2026-03-08 23:59:08.204917370+00:00,2026-03-08 23:59:08.204917370+00:00
BACKTESTER-001,OracleStrategy-000,MESM6.GLBX,GLBX-1-693,MESM6.GLBX-OracleStrategy-000,GLBX-001,GLBX-1-693,MARKET,SELL,1,GTC,False,False,1,TAKER,6674.75,0.0,['0.00 USD'],NO_TRIGGER,FILLED,NO_CONTINGENCY,,,,MY_GENERIC_ALGO,,O-20260308-235908-001-000-698,,49592131-6a91-45ec-adb2-2f0ae25a4fb8,2026-03-08 23:59:08.204917370+00:00,2026-03-08 23:59:08.204917370+00:00
BACKTESTER-001,OracleStrategy-000,MESM6.GLBX,GLBX-1-694,MESM6.GLBX-OracleStrategy-000,GLBX-001,GLBX-1-694,MARKET,BUY,1,GTC,True,False,1,TAKER,6677.0,0.0,['0.00 USD'],NO_TRIGGER,FILLED,NO_CONTINGENCY,,,,MY_GENERIC_ALGO,,O-20260308-235959-001-000-699,,ff42b14e-77fd-4f20-961e-32e1b879e7c0,2026-03-08 23:59:59.269426645+00:00,2026-03-08 23:59:59.269426645+00:00
