,total,locked,free,currency,account_id,account_type,base_currency,margins,reported,info
2026-03-09 00:00:00+00:00,1000000.00,0.00,1000000.00,USD,GLBX-001,MARGIN,USD,[],True,{}
2026-03-09 00:00:00.037054713+00:00,1000000.00,0.00,1000000.00,USD,GLBX-001,MARGIN,USD,[],False,{}
2026-03-09 00:00:01.282957928+00:00,1000000.75,0.00,1000000.75,USD,GLBX-001,MARGIN,USD,[],False,{}
2026-03-09 00:00:01.282957928+00:00,1000000.75,0.00,1000000.75,USD,GLBX-001,MARGIN,USD,[],False,{}
2026-03-09 00:01:39.875501368+00:00,1000003.00,0.00,1000003.00,USD,GLBX-001,MARGIN,USD,[],False,{}
2026-03-09 00:01:39.875501368+00:00,1000003.00,0.00,1000003.00,USD,GLBX-001,MARGIN,USD,[],False,{}
2026-03-09 00:02:27.540805323+00:00,1000004.25,0.00,1000004.25,USD,GLBX-001,MARGIN,USD,[],False,{}
2026-03-09 00:03:06.172627069+00:00,1000004.25,0.00,1000004.25,USD,GLBX-001,MARGIN,USD,[],False,{}
2026-03-09 00:05:45.509657584+00:00,1000016.25,0.00,1000016.25,USD,GLBX-001,MARGIN,USD,[],False,{}
2026-03-09 00:05:45.509657584+00:00,1000016.25,0.00,1000016.25,USD,GLBX-001,MARGIN,USD,[],False,{}
2026-03-09 00:07:48.567153890+00:00,1000021.50,0.00,1000021.50,USD,GLBX-001,MARGIN,USD,[],False,{}
2026-03-09 00:07:48.567153890+00:00,1000021.50,0.00,1000021.50,USD,GLBX-001,MARGIN,USD,[],False,{}
2026-03-09 00:11:32.974124658+00:00,1000027.50,0.00,1000027.50,USD,GLBX-001,MARGIN,USD,[],False,{}
2026-03-09 00:11:32.974124658+00:00,1000027.50,0.00,1000027.50,USD,GLBX-001,MARGIN,USD,[],False,{}
2026-03-09 00:12:23.431551735+00:00,1000034.25,0.00,1000034.25,USD,GLBX-001,MARGIN,USD,[],False,{}
2026-03-09 00:12:23.431551735+00:00,1000034.25,0.00,1000034.25,USD,GLBX-001,MARGIN,USD,[],False,{}
2026-03-09 00:12:50.691264695+00:00,1000036.25,0.00,1000036.25,USD,GLBX-001,MARGIN,USD,[],False,{}
2026-03-09 00:12:50.691264695+00:00,1000036.25,0.00,1000036.25,USD,GLBX-001,MARGIN,USD,[],False,{}
2026-03-09 00:14:00.157597816+00:00,1000038.75,0.00,1000038.75,USD,GLBX-001,MARGIN,USD,[],False,{}
2026-03-09 00:14:00.157597816+00:00,1000038.75,0.00,1000038.75,USD,GLBX-001,MARGIN,USD,[],False,{}
2026-03-09 00:15:02.091134808+00:00,1000040.75,0.00,1000040.75,USD,GLBX-001,MARGIN,USD,[],False,{}
2026-03-09 00:15:02.091134808+00:00,1000040.75,0.00,1000040.75,USD,GLBX-001,MARGIN,USD,[],False,{}
2026-03-09 00:16:40.042742315+00:00,1000043.25,0.00,1000043.25,USD,GLBX-001,MARGIN,USD,[],False,{}
2026-03-09 00:16:40.042742315+00:00,1000043.25,0.00,1000043.25,USD,GLBX-001,MARGIN,USD,[],False,{}
2026-03-09 00:18:32.873344256+00:00,1000044.00,0.00,1000044.00,USD,GLBX-001,MARGIN,USD,[],False,{}
2026-03-09 00:18:32.873344256+00:00,1000044.00,0.00,1000044.00,USD,GLBX-001,MARGIN,USD,[],False,{}
2026-03-09 00:20:02.961885690+00:00,1000052.00,0.00,1000052.00,USD,GLBX-001,MARGIN,USD,[],False,{}
2026-03-09 00:20:02.961885690+00:00,1000052.00,0.00,1000052.00,USD,GLBX-001,MARGIN,USD,[],False,{}
2026-03-09 00:20:33.199683026+00:00,1000053.50,0.00,1000053.50,USD,GLBX-001,MARGIN,USD,[],False,{}
2026-03-09 00:20:33.199683026+00:00,1000053.50,0.00,1000053.50,USD,GLBX-001,MARGIN,USD,[],False,{}
2026-03-09 00:21:55.327848960+00:00,1000055.00,0.00,1000055.00,USD,GLBX-001,MARGIN,USD,[],False,{}
2026-03-09 00:21:55.327848960+00:00,1000055.00,0.00,1000055.00,USD,GLBX-001,MARGIN,USD,[],False,{}
2026-03-09 00:21:59.645900231+00:00,1000055.75,0.00,1000055.75,USD,GLBX-001,MARGIN,USD,[],False,{}
2026-03-09 00:21:59.645900231+00:00,1000055.75,0.00,1000055.75,USD,GLBX-001,MARGIN,USD,[],False,{}
2026-03-09 00:22:05.915556120+00:00,1000057.25,0.00,1000057.25,USD,GLBX-001,MARGIN,USD,[],False,{}
2026-03-09 00:22:05.915556120+00:00,1000057.25,0.00,1000057.25,USD,GLBX-001,MARGIN,USD,[],False,{}
2026-03-09 00:22:26.572829810+00:00,1000058.75,0.00,1000058.75,USD,GLBX-001,MARGIN,USD,[],False,{}
2026-03-09 00:22:26.572829810+00:00,1000058.75,0.00,1000058.75,USD,GLBX-001,MARGIN,USD,[],False,{}
2026-03-09 00:25:15.188083824+00:00,1000065.00,0.00,1000065.00,USD,GLBX-001,MARGIN,USD,[],False,{}
2026-03-09 00:25:15.188083824+00:00,1000065.00,0.00,1000065.00,USD,GLBX-001,MARGIN,USD,[],False,{}
2026-03-09 00:26:47.469788741+00:00,1000068.25,0.00,1000068.25,USD,GLBX-001,MARGIN,USD,[],False,{}
2026-03-09 00:26:47.469788741+00:00,1000068.25,0.00,1000068.25,USD,GLBX-001,MARGIN,USD,[],False,{}
2026-03-09 00:28:41.356514192+00:00,1000071.50,0.00,1000071.50,USD,GLBX-001,MARGIN,USD,[],False,{}
2026-03-09 00:28:41.356514192+00:00,1000071.50,0.00,1000071.50,USD,GLBX-001,MARGIN,USD,[],False,{}
2026-03-09 00:30:07.445320407+00:00,1000081.00,0.00,1000081.00,USD,GLBX-001,MARGIN,USD,[],False,{}
2026-03-09 00:30:07.445320407+00:00,1000081.00,0.00,1000081.00,USD,GLBX-001,MARGIN,USD,[],False,{}
2026-03-09 00:31:17.860851925+00:00,1000084.75,0.00,1000084.75,USD,GLBX-001,MARGIN,USD,[],False,{}
2026-03-09 00:31:17.860851925+00:00,1000084.75,0.00,1000084.75,USD,GLBX-001,MARGIN,USD,[],False,{}
2026-03-09 00:34:05.787745167+00:00,1000092.00,0.00,1000092.00,USD,GLBX-001,MARGIN,USD,[],False,{}
2026-03-09 00:34:05.787745167+00:00,1000092.00,0.00,1000092.00,USD,GLBX-001,MARGIN,USD,[],False,{}
2026-03-09 00:34:15.452566245+00:00,1000091.75,0.00,1000091.75,USD,GLBX-001,MARGIN,USD,[],False,{}
2026-03-09 00:34:15.452566245+00:00,1000091.75,0.00,1000091.75,USD,GLBX-001,MARGIN,USD,[],False,{}
2026-03-09 00:35:43.097553959+00:00,1000095.00,0.00,1000095.00,USD,GLBX-001,MARGIN,USD,[],False,{}
2026-03-09 00:35:43.097553959+00:00,1000095.00,0.00,1000095.00,USD,GLBX-001,MARGIN,USD,[],False,{}
2026-03-09 00:37:43.656868586+00:00,1000098.50,0.00,1000098.50,USD,GLBX-001,MARGIN,USD,[],False,{}
2026-03-09 00:37:43.656868586+00:00,1000098.50,0.00,1000098.50,USD,GLBX-001,MARGIN,USD,[],False,{}
2026-03-09 00:39:03.025290472+00:00,1000098.50,0.00,1000098.50,USD,GLBX-001,MARGIN,USD,[],False,{}
2026-03-09 00:39:03.025290472+00:00,1000098.50,0.00,1000098.50,USD,GLBX-001,MARGIN,USD,[],False,{}
2026-03-09 00:40:42.903846216+00:00,1000105.75,0.00,1000105.75,USD,GLBX-001,MARGIN,USD,[],False,{}
2026-03-09 00:40:42.903846216+00:00,1000105.75,0.00,1000105.75,USD,GLBX-001,MARGIN,USD,[],False,{}
2026-03-09 00:41:31.816834901+00:00,1000106.50,0.00,1000106.50,USD,GLBX-001,MARGIN,USD,[],False,{}
2026-03-09 00:41:31.816834901+00:00,1000106.50,0.00,1000106.50,USD,GLBX-001,MARGIN,USD,[],False,{}
2026-03-09 00:43:26.617765778+00:00,1000110.75,0.00,1000110.75,USD,GLBX-001,MARGIN,USD,[],False,{}
2026-03-09 00:43:26.617765778+00:00,1000110.75,0.00,1000110.75,USD,GLBX-001,MARGIN,USD,[],False,{}
2026-03-09 00:44:23.617944168+00:00,1000112.50,0.00,1000112.50,USD,GLBX-001,MARGIN,USD,[],False,{}
2026-03-09 00:44:23.617944168+00:00,1000112.50,0.00,1000112.50,USD,GLBX-001,MARGIN,USD,[],False,{}
2026-03-09 00:45:27.106920747+00:00,1000115.00,0.00,1000115.00,USD,GLBX-001,MARGIN,USD,[],False,{}
2026-03-09 00:45:27.106920747+00:00,1000115.00,0.00,1000115.00,USD,GLBX-001,MARGIN,USD,[],False,{}
2026-03-09 00:46:05.516278179+00:00,1000116.00,0.00,1000116.00,USD,GLBX-001,MARGIN,USD,[],False,{}
2026-03-09 00:46:05.516278179+00:00,1000116.00,0.00,1000116.00,USD,GLBX-001,MARGIN,USD,[],False,{}
2026-03-09 00:47:49.080063435+00:00,1000117.75,0.00,1000117.75,USD,GLBX-001,MARGIN,USD,[],False,{}
2026-03-09 00:47:49.080063435+00:00,1000117.75,0.00,1000117.75,USD,GLBX-001,MARGIN,USD,[],False,{}
2026-03-09 00:48:30.866384303+00:00,1000118.75,0.00,1000118.75,USD,GLBX-001,MARGIN,USD,[],False,{}
2026-03-09 00:48:30.866384303+00:00,1000118.75,0.00,1000118.75,USD,GLBX-001,MARGIN,USD,[],False,{}
2026-03-09 00:48:48.029226091+00:00,1000119.75,0.00,1000119.75,USD,GLBX-001,MARGIN,USD,[],False,{}
2026-03-09 00:48:48.029226091+00:00,1000119.75,0.00,1000119.75,USD,GLBX-001,MARGIN,USD,[],False,{}
2026-03-09 00:50:26.880267551+00:00,1000120.75,0.00,1000120.75,USD,GLBX-001,MARGIN,USD,[],False,{}
2026-03-09 00:50:26.880267551+00:00,1000120.75,0.00,1000120.75,USD,GLBX-001,MARGIN,USD,[],False,{}
2026-03-09 00:52:35.590197303+00:00,1000122.00,0.00,1000122.00,USD,GLBX-001,MARGIN,USD,[],False,{}
2026-03-09 00:52:35.590197303+00:00,1000122.00,0.00,1000122.00,USD,GLBX-001,MARGIN,USD,[],False,{}
2026-03-09 00:53:15.626580848+00:00,1000122.50,0.00,1000122.50,USD,GLBX-001,MARGIN,USD,[],False,{}
2026-03-09 00:53:15.626580848+00:00,1000122.50,0.00,1000122.50,USD,GLBX-001,MARGIN,USD,[],False,{}
2026-03-09 00:53:52.511975901+00:00,1000123.75,0.00,1000123.75,USD,GLBX-001,MARGIN,USD,[],False,{}
2026-03-09 00:53:52.511975901+00:00,1000123.75,0.00,1000123.75,USD,GLBX-001,MARGIN,USD,[],False,{}
2026-03-09 00:53:55.331714303+00:00,1000123.00,0.00,1000123.00,USD,GLBX-001,MARGIN,USD,[],False,{}
2026-03-09 00:53:55.331714303+00:00,1000123.00,0.00,1000123.00,USD,GLBX-001,MARGIN,USD,[],False,{}
2026-03-09 00:56:02.583665885+00:00,1000126.50,0.00,1000126.50,USD,GLBX-001,MARGIN,USD,[],False,{}
2026-03-09 00:56:02.583665885+00:00,1000126.50,0.00,1000126.50,USD,GLBX-001,MARGIN,USD,[],False,{}
2026-03-09 00:57:49.022179560+00:00,1000130.50,0.00,1000130.50,USD,GLBX-001,MARGIN,USD,[],False,{}
2026-03-09 00:57:49.022179560+00:00,1000130.50,0.00,1000130.50,USD,GLBX-001,MARGIN,USD,[],False,{}
2026-03-09 00:58:09.789118301+00:00,1000131.25,0.00,1000131.25,USD,GLBX-001,MARGIN,USD,[],False,{}
2026-03-09 00:58:09.789118301+00:00,1000131.25,0.00,1000131.25,USD,GLBX-001,MARGIN,USD,[],False,{}
2026-03-09 01:00:07.890058850+00:00,1000136.25,0.00,1000136.25,USD,GLBX-001,MARGIN,USD,[],False,{}
2026-03-09 01:00:07.890058850+00:00,1000136.25,0.00,1000136.25,USD,GLBX-001,MARGIN,USD,[],False,{}
2026-03-09 01:00:43.901112378+00:00,1000138.75,0.00,1000138.75,USD,GLBX-001,MARGIN,USD,[],False,{}
2026-03-09 01:00:43.901112378+00:00,1000138.75,0.00,1000138.75,USD,GLBX-001,MARGIN,USD,[],False,{}
2026-03-09 01:02:20.070510171+00:00,1000141.75,0.00,1000141.75,USD,GLBX-001,MARGIN,USD,[],False,{}
2026-03-09 01:02:20.070510171+00:00,1000141.75,0.00,1000141.75,USD,GLBX-001,MARGIN,USD,[],False,{}
2026-03-09 01:05:04.910777703+00:00,1000147.75,0.00,1000147.75,USD,GLBX-001,MARGIN,USD,[],False,{}
2026-03-09 01:05:04.910777703+00:00,1000147.75,0.00,1000147.75,USD,GLBX-001,MARGIN,USD,[],False,{}
2026-03-09 01:05:58.965698535+00:00,1000149.25,0.00,1000149.25,USD,GLBX-001,MARGIN,USD,[],False,{}
2026-03-09 01:05:58.965698535+00:00,1000149.25,0.00,1000149.25,USD,GLBX-001,MARGIN,USD,[],False,{}
2026-03-09 01:07:55.652072807+00:00,1000153.00,0.00,1000153.00,USD,GLBX-001,MARGIN,USD,[],False,{}
2026-03-09 01:07:55.652072807+00:00,1000153.00,0.00,1000153.00,USD,GLBX-001,MARGIN,USD,[],False,{}
2026-03-09 01:09:21.082713277+00:00,1000154.50,0.00,1000154.50,USD,GLBX-001,MARGIN,USD,[],False,{}
2026-03-09 01:09:21.082713277+00:00,1000154.50,0.00,1000154.50,USD,GLBX-001,MARGIN,USD,[],False,{}
2026-03-09 01:10:42.480058792+00:00,1000162.00,0.00,1000162.00,USD,GLBX-001,MARGIN,USD,[],False,{}
2026-03-09 01:10:42.480058792+00:00,1000162.00,0.00,1000162.00,USD,GLBX-001,MARGIN,USD,[],False,{}
2026-03-09 01:12:21.851915331+00:00,1000168.75,0.00,1000168.75,USD,GLBX-001,MARGIN,USD,[],False,{}
2026-03-09 01:12:21.851915331+00:00,1000168.75,0.00,1000168.75,USD,GLBX-001,MARGIN,USD,[],False,{}
2026-03-09 01:13:49.081583699+00:00,1000172.25,0.00,1000172.25,USD,GLBX-001,MARGIN,USD,[],False,{}
2026-03-09 01:13:49.081583699+00:00,1000172.25,0.00,1000172.25,USD,GLBX-001,MARGIN,USD,[],False,{}
2026-03-09 01:15:46.152396077+00:00,1000175.00,0.00,1000175.00,USD,GLBX-001,MARGIN,USD,[],False,{}
2026-03-09 01:15:46.152396077+00:00,1000175.00,0.00,1000175.00,USD,GLBX-001,MARGIN,USD,[],False,{}
2026-03-09 01:15:52.075671211+00:00,1000177.00,0.00,1000177.00,USD,GLBX-001,MARGIN,USD,[],False,{}
2026-03-09 01:15:52.075671211+00:00,1000177.00,0.00,1000177.00,USD,GLBX-001,MARGIN,USD,[],False,{}
2026-03-09 01:17:08.833993173+00:00,1000178.00,0.00,1000178.00,USD,GLBX-001,MARGIN,USD,[],False,{}
2026-03-09 01:17:08.833993173+00:00,1000178.00,0.00,1000178.00,USD,GLBX-001,MARGIN,USD,[],False,{}
2026-03-09 01:17:37.874121215+00:00,1000178.00,0.00,1000178.00,USD,GLBX-001,MARGIN,USD,[],False,{}
2026-03-09 01:17:37.874121215+00:00,1000178.00,0.00,1000178.00,USD,GLBX-001,MARGIN,USD,[],False,{}
2026-03-09 01:17:51.638837827+00:00,1000178.00,0.00,1000178.00,USD,GLBX-001,MARGIN,USD,[],False,{}
2026-03-09 01:17:51.638837827+00:00,1000178.00,0.00,1000178.00,USD,GLBX-001,MARGIN,USD,[],False,{}
2026-03-09 01:19:12.459871405+00:00,1000181.00,0.00,1000181.00,USD,GLBX-001,MARGIN,USD,[],False,{}
2026-03-09 01:19:12.459871405+00:00,1000181.00,0.00,1000181.00,USD,GLBX-001,MARGIN,USD,[],False,{}
2026-03-09 01:19:36.225741632+00:00,1000181.25,0.00,1000181.25,USD,GLBX-001,MARGIN,USD,[],False,{}
2026-03-09 01:19:36.225741632+00:00,1000181.25,0.00,1000181.25,USD,GLBX-001,MARGIN,USD,[],False,{}
2026-03-09 01:21:23.318350779+00:00,1000186.00,0.00,1000186.00,USD,GLBX-001,MARGIN,USD,[],False,{}
2026-03-09 01:21:23.318350779+00:00,1000186.00,0.00,1000186.00,USD,GLBX-001,MARGIN,USD,[],False,{}
2026-03-09 01:23:06.165464328+00:00,1000189.75,0.00,1000189.75,USD,GLBX-001,MARGIN,USD,[],False,{}
2026-03-09 01:23:06.165464328+00:00,1000189.75,0.00,1000189.75,USD,GLBX-001,MARGIN,USD,[],False,{}
2026-03-09 01:24:10.101407759+00:00,1000192.75,0.00,1000192.75,USD,GLBX-001,MARGIN,USD,[],False,{}
2026-03-09 01:24:10.101407759+00:00,1000192.75,0.00,1000192.75,USD,GLBX-001,MARGIN,USD,[],False,{}
2026-03-09 01:25:03.754782771+00:00,1000199.75,0.00,1000199.75,USD,GLBX-001,MARGIN,USD,[],False,{}
2026-03-09 01:25:03.754782771+00:00,1000199.75,0.00,1000199.75,USD,GLBX-001,MARGIN,USD,[],False,{}
2026-03-09 01:27:44.799523810+00:00,1000203.75,0.00,1000203.75,USD,GLBX-001,MARGIN,USD,[],False,{}
2026-03-09 01:27:44.799523810+00:00,1000203.75,0.00,1000203.75,USD,GLBX-001,MARGIN,USD,[],False,{}
2026-03-09 01:28:10.603227586+00:00,1000203.75,0.00,1000203.75,USD,GLBX-001,MARGIN,USD,[],False,{}
2026-03-09 01:28:10.603227586+00:00,1000203.75,0.00,1000203.75,USD,GLBX-001,MARGIN,USD,[],False,{}
2026-03-09 01:30:11.705329991+00:00,1000207.25,0.00,1000207.25,USD,GLBX-001,MARGIN,USD,[],False,{}
2026-03-09 01:30:11.705329991+00:00,1000207.25,0.00,1000207.25,USD,GLBX-001,MARGIN,USD,[],False,{}
2026-03-09 01:30:26.612875963+00:00,1000209.00,0.00,1000209.00,USD,GLBX-001,MARGIN,USD,[],False,{}
2026-03-09 01:30:26.612875963+00:00,1000209.00,0.00,1000209.00,USD,GLBX-001,MARGIN,USD,[],False,{}
2026-03-09 01:31:15.210462128+00:00,1000211.00,0.00,1000211.00,USD,GLBX-001,MARGIN,USD,[],False,{}
2026-03-09 01:31:15.210462128+00:00,1000211.00,0.00,1000211.00,USD,GLBX-001,MARGIN,USD,[],False,{}
2026-03-09 01:31:23.673498899+00:00,1000211.25,0.00,1000211.25,USD,GLBX-001,MARGIN,USD,[],False,{}
2026-03-09 01:31:23.673498899+00:00,1000211.25,0.00,1000211.25,USD,GLBX-001,MARGIN,USD,[],False,{}
2026-03-09 01:31:42.604106910+00:00,1000212.00,0.00,1000212.00,USD,GLBX-001,MARGIN,USD,[],False,{}
2026-03-09 01:31:42.604106910+00:00,1000212.00,0.00,1000212.00,USD,GLBX-001,MARGIN,USD,[],False,{}
2026-03-09 01:33:47.198310083+00:00,1000220.50,0.00,1000220.50,USD,GLBX-001,MARGIN,USD,[],False,{}
2026-03-09 01:33:47.198310083+00:00,1000220.50,0.00,1000220.50,USD,GLBX-001,MARGIN,USD,[],False,{}
2026-03-09 01:34:09.183738487+00:00,1000220.50,0.00,1000220.50,USD,GLBX-001,MARGIN,USD,[],False,{}
2026-03-09 01:34:09.183738487+00:00,1000220.50,0.00,1000220.50,USD,GLBX-001,MARGIN,USD,[],False,{}
2026-03-09 01:36:10.839412746+00:00,1000223.50,0.00,1000223.50,USD,GLBX-001,MARGIN,USD,[],False,{}
2026-03-09 01:36:10.839412746+00:00,1000223.50,0.00,1000223.50,USD,GLBX-001,MARGIN,USD,[],False,{}
2026-03-09 01:37:08.197836331+00:00,1000227.25,0.00,1000227.25,USD,GLBX-001,MARGIN,USD,[],False,{}
2026-03-09 01:37:08.197836331+00:00,1000227.25,0.00,1000227.25,USD,GLBX-001,MARGIN,USD,[],False,{}
2026-03-09 01:37:42.405494629+00:00,1000228.75,0.00,1000228.75,USD,GLBX-001,MARGIN,USD,[],False,{}
2026-03-09 01:37:42.405494629+00:00,1000228.75,0.00,1000228.75,USD,GLBX-001,MARGIN,USD,[],False,{}
2026-03-09 01:40:02.291032384+00:00,1000237.25,0.00,1000237.25,USD,GLBX-001,MARGIN,USD,[],False,{}
2026-03-09 01:40:02.291032384+00:00,1000237.25,0.00,1000237.25,USD,GLBX-001,MARGIN,USD,[],False,{}
2026-03-09 01:40:25.056591640+00:00,1000238.50,0.00,1000238.50,USD,GLBX-001,MARGIN,USD,[],False,{}
2026-03-09 01:40:25.056591640+00:00,1000238.50,0.00,1000238.50,USD,GLBX-001,MARGIN,USD,[],False,{}
2026-03-09 01:42:16.205709499+00:00,1000241.25,0.00,1000241.25,USD,GLBX-001,MARGIN,USD,[],False,{}
2026-03-09 01:42:16.205709499+00:00,1000241.25,0.00,1000241.25,USD,GLBX-001,MARGIN,USD,[],False,{}
2026-03-09 01:42:57.892834656+00:00,1000241.50,0.00,1000241.50,USD,GLBX-001,MARGIN,USD,[],False,{}
2026-03-09 01:42:57.892834656+00:00,1000241.50,0.00,1000241.50,USD,GLBX-001,MARGIN,USD,[],False,{}
2026-03-09 01:43:53.872184672+00:00,1000243.75,0.00,1000243.75,USD,GLBX-001,MARGIN,USD,[],False,{}
2026-03-09 01:43:53.872184672+00:00,1000243.75,0.00,1000243.75,USD,GLBX-001,MARGIN,USD,[],False,{}
2026-03-09 01:45:19.955150474+00:00,1000246.75,0.00,1000246.75,USD,GLBX-001,MARGIN,USD,[],False,{}
2026-03-09 01:45:19.955150474+00:00,1000246.75,0.00,1000246.75,USD,GLBX-001,MARGIN,USD,[],False,{}
2026-03-09 01:45:47.238331037+00:00,1000249.75,0.00,1000249.75,USD,GLBX-001,MARGIN,USD,[],False,{}
2026-03-09 01:45:47.238331037+00:00,1000249.75,0.00,1000249.75,USD,GLBX-001,MARGIN,USD,[],False,{}
2026-03-09 01:47:07.594593735+00:00,1000249.50,0.00,1000249.50,USD,GLBX-001,MARGIN,USD,[],False,{}
2026-03-09 01:47:07.594593735+00:00,1000249.50,0.00,1000249.50,USD,GLBX-001,MARGIN,USD,[],False,{}
2026-03-09 01:48:07.373353505+00:00,1000253.25,0.00,1000253.25,USD,GLBX-001,MARGIN,USD,[],False,{}
2026-03-09 01:48:07.373353505+00:00,1000253.25,0.00,1000253.25,USD,GLBX-001,MARGIN,USD,[],False,{}
2026-03-09 01:48:50.110972383+00:00,1000254.25,0.00,1000254.25,USD,GLBX-001,MARGIN,USD,[],False,{}
2026-03-09 01:48:50.110972383+00:00,1000254.25,0.00,1000254.25,USD,GLBX-001,MARGIN,USD,[],False,{}
2026-03-09 01:49:48.733026111+00:00,1000257.50,0.00,1000257.50,USD,GLBX-001,MARGIN,USD,[],False,{}
2026-03-09 01:49:48.733026111+00:00,1000257.50,0.00,1000257.50,USD,GLBX-001,MARGIN,USD,[],False,{}
2026-03-09 01:50:10.825822720+00:00,1000257.00,0.00,1000257.00,USD,GLBX-001,MARGIN,USD,[],False,{}
2026-03-09 01:50:10.825822720+00:00,1000257.00,0.00,1000257.00,USD,GLBX-001,MARGIN,USD,[],False,{}
2026-03-09 01:51:52.007687007+00:00,1000261.50,0.00,1000261.50,USD,GLBX-001,MARGIN,USD,[],False,{}
2026-03-09 01:51:52.007687007+00:00,1000261.50,0.00,1000261.50,USD,GLBX-001,MARGIN,USD,[],False,{}
2026-03-09 01:54:26.203911301+00:00,1000266.75,0.00,1000266.75,USD,GLBX-001,MARGIN,USD,[],False,{}
2026-03-09 01:54:26.203911301+00:00,1000266.75,0.00,1000266.75,USD,GLBX-001,MARGIN,USD,[],False,{}
2026-03-09 01:55:02.893074735+00:00,1000269.00,0.00,1000269.00,USD,GLBX-001,MARGIN,USD,[],False,{}
2026-03-09 01:55:02.893074735+00:00,1000269.00,0.00,1000269.00,USD,GLBX-001,MARGIN,USD,[],False,{}
2026-03-09 01:55:51.367928583+00:00,1000274.25,0.00,1000274.25,USD,GLBX-001,MARGIN,USD,[],False,{}
2026-03-09 01:55:51.367928583+00:00,1000274.25,0.00,1000274.25,USD,GLBX-001,MARGIN,USD,[],False,{}
2026-03-09 01:58:06.202630237+00:00,1000280.50,0.00,1000280.50,USD,GLBX-001,MARGIN,USD,[],False,{}
2026-03-09 01:58:06.202630237+00:00,1000280.50,0.00,1000280.50,USD,GLBX-001,MARGIN,USD,[],False,{}
2026-03-09 01:58:39.206545690+00:00,1000281.75,0.00,1000281.75,USD,GLBX-001,MARGIN,USD,[],False,{}
2026-03-09 01:58:39.206545690+00:00,1000281.75,0.00,1000281.75,USD,GLBX-001,MARGIN,USD,[],False,{}
2026-03-09 01:59:41.904618776+00:00,1000285.50,0.00,1000285.50,USD,GLBX-001,MARGIN,USD,[],False,{}
2026-03-09 01:59:41.904618776+00:00,1000285.50,0.00,1000285.50,USD,GLBX-001,MARGIN,USD,[],False,{}
2026-03-09 02:01:47.714930059+00:00,1000292.25,0.00,1000292.25,USD,GLBX-001,MARGIN,USD,[],False,{}
2026-03-09 02:01:47.714930059+00:00,1000292.25,0.00,1000292.25,USD,GLBX-001,MARGIN,USD,[],False,{}
2026-03-09 02:05:11.321600626+00:00,1000298.75,0.00,1000298.75,USD,GLBX-001,MARGIN,USD,[],False,{}
2026-03-09 02:05:11.321600626+00:00,1000298.75,0.00,1000298.75,USD,GLBX-001,MARGIN,USD,[],False,{}
2026-03-09 02:06:02.137226195+00:00,1000303.00,0.00,1000303.00,USD,GLBX-001,MARGIN,USD,[],False,{}
2026-03-09 02:06:02.137226195+00:00,1000303.00,0.00,1000303.00,USD,GLBX-001,MARGIN,USD,[],False,{}
2026-03-09 02:07:10.602662282+00:00,1000307.00,0.00,1000307.00,USD,GLBX-001,MARGIN,USD,[],False,{}
2026-03-09 02:07:10.602662282+00:00,1000307.00,0.00,1000307.00,USD,GLBX-001,MARGIN,USD,[],False,{}
2026-03-09 02:10:17.599037199+00:00,1000311.75,0.00,1000311.75,USD,GLBX-001,MARGIN,USD,[],False,{}
2026-03-09 02:10:17.599037199+00:00,1000311.75,0.00,1000311.75,USD,GLBX-001,MARGIN,USD,[],False,{}
2026-03-09 02:10:36.981957586+00:00,1000315.25,0.00,1000315.25,USD,GLBX-001,MARGIN,USD,[],False,{}
2026-03-09 02:10:36.981957586+00:00,1000315.25,0.00,1000315.25,USD,GLBX-001,MARGIN,USD,[],False,{}
2026-03-09 02:11:30.508196963+00:00,1000321.75,0.00,1000321.75,USD,GLBX-001,MARGIN,USD,[],False,{}
2026-03-09 02:11:30.508196963+00:00,1000321.75,0.00,1000321.75,USD,GLBX-001,MARGIN,USD,[],False,{}
2026-03-09 02:15:32.407180378+00:00,1000333.25,0.00,1000333.25,USD,GLBX-001,MARGIN,USD,[],False,{}
2026-03-09 02:15:32.407180378+00:00,1000333.25,0.00,1000333.25,USD,GLBX-001,MARGIN,USD,[],False,{}
2026-03-09 02:15:58.672877712+00:00,1000334.75,0.00,1000334.75,USD,GLBX-001,MARGIN,USD,[],False,{}
2026-03-09 02:15:58.672877712+00:00,1000334.75,0.00,1000334.75,USD,GLBX-001,MARGIN,USD,[],False,{}
2026-03-09 02:19:08.828087290+00:00,1000339.75,0.00,1000339.75,USD,GLBX-001,MARGIN,USD,[],False,{}
2026-03-09 02:19:08.828087290+00:00,1000339.75,0.00,1000339.75,USD,GLBX-001,MARGIN,USD,[],False,{}
2026-03-09 02:23:57.136894907+00:00,1000350.75,0.00,1000350.75,USD,GLBX-001,MARGIN,USD,[],False,{}
2026-03-09 02:23:57.136894907+00:00,1000350.75,0.00,1000350.75,USD,GLBX-001,MARGIN,USD,[],False,{}
2026-03-09 02:26:17.040613523+00:00,1000352.75,0.00,1000352.75,USD,GLBX-001,MARGIN,USD,[],False,{}
2026-03-09 02:26:17.040613523+00:00,1000352.75,0.00,1000352.75,USD,GLBX-001,MARGIN,USD,[],False,{}
2026-03-09 02:27:25.402943019+00:00,1000354.75,0.00,1000354.75,USD,GLBX-001,MARGIN,USD,[],False,{}
2026-03-09 02:27:25.402943019+00:00,1000354.75,0.00,1000354.75,USD,GLBX-001,MARGIN,USD,[],False,{}
2026-03-09 02:27:52.696966366+00:00,1000356.25,0.00,1000356.25,USD,GLBX-001,MARGIN,USD,[],False,{}
2026-03-09 02:27:52.696966366+00:00,1000356.25,0.00,1000356.25,USD,GLBX-001,MARGIN,USD,[],False,{}
2026-03-09 02:29:03.482326419+00:00,1000361.50,0.00,1000361.50,USD,GLBX-001,MARGIN,USD,[],False,{}
2026-03-09 02:29:03.482326419+00:00,1000361.50,0.00,1000361.50,USD,GLBX-001,MARGIN,USD,[],False,{}
2026-03-09 02:31:17.338534970+00:00,1000370.75,0.00,1000370.75,USD,GLBX-001,MARGIN,USD,[],False,{}
2026-03-09 02:31:17.338534970+00:00,1000370.75,0.00,1000370.75,USD,GLBX-001,MARGIN,USD,[],False,{}
2026-03-09 02:32:35.562999269+00:00,1000373.00,0.00,1000373.00,USD,GLBX-001,MARGIN,USD,[],False,{}
2026-03-09 02:32:35.562999269+00:00,1000373.00,0.00,1000373.00,USD,GLBX-001,MARGIN,USD,[],False,{}
2026-03-09 02:33:24.853151170+00:00,1000374.25,0.00,1000374.25,USD,GLBX-001,MARGIN,USD,[],False,{}
2026-03-09 02:33:24.853151170+00:00,1000374.25,0.00,1000374.25,USD,GLBX-001,MARGIN,USD,[],False,{}
2026-03-09 02:36:57.297971685+00:00,1000383.25,0.00,1000383.25,USD,GLBX-001,MARGIN,USD,[],False,{}
2026-03-09 02:36:57.297971685+00:00,1000383.25,0.00,1000383.25,USD,GLBX-001,MARGIN,USD,[],False,{}
2026-03-09 02:38:42.386326687+00:00,1000385.50,0.00,1000385.50,USD,GLBX-001,MARGIN,USD,[],False,{}
2026-03-09 02:38:42.386326687+00:00,1000385.50,0.00,1000385.50,USD,GLBX-001,MARGIN,USD,[],False,{}
2026-03-09 02:40:21.249732751+00:00,1000389.75,0.00,1000389.75,USD,GLBX-001,MARGIN,USD,[],False,{}
2026-03-09 02:40:21.249732751+00:00,1000389.75,0.00,1000389.75,USD,GLBX-001,MARGIN,USD,[],False,{}
2026-03-09 02:40:39.109084967+00:00,1000391.00,0.00,1000391.00,USD,GLBX-001,MARGIN,USD,[],False,{}
2026-03-09 02:40:39.109084967+00:00,1000391.00,0.00,1000391.00,USD,GLBX-001,MARGIN,USD,[],False,{}
2026-03-09 02:41:25.360584600+00:00,1000392.00,0.00,1000392.00,USD,GLBX-001,MARGIN,USD,[],False,{}
2026-03-09 02:41:25.360584600+00:00,1000392.00,0.00,1000392.00,USD,GLBX-001,MARGIN,USD,[],False,{}
2026-03-09 02:41:37.566344920+00:00,1000391.50,0.00,1000391.50,USD,GLBX-001,MARGIN,USD,[],False,{}
2026-03-09 02:41:37.566344920+00:00,1000391.50,0.00,1000391.50,USD,GLBX-001,MARGIN,USD,[],False,{}
2026-03-09 02:42:23.775849295+00:00,1000393.00,0.00,1000393.00,USD,GLBX-001,MARGIN,USD,[],False,{}
2026-03-09 02:42:23.775849295+00:00,1000393.00,0.00,1000393.00,USD,GLBX-001,MARGIN,USD,[],False,{}
2026-03-09 02:44:10.567325781+00:00,1000394.25,0.00,1000394.25,USD,GLBX-001,MARGIN,USD,[],False,{}
2026-03-09 02:44:10.567325781+00:00,1000394.25,0.00,1000394.25,USD,GLBX-001,MARGIN,USD,[],False,{}
2026-03-09 02:44:45.933533840+00:00,1000394.75,0.00,1000394.75,USD,GLBX-001,MARGIN,USD,[],False,{}
2026-03-09 02:44:45.933533840+00:00,1000394.75,0.00,1000394.75,USD,GLBX-001,MARGIN,USD,[],False,{}
2026-03-09 02:45:03.168451416+00:00,1000393.50,0.00,1000393.50,USD,GLBX-001,MARGIN,USD,[],False,{}
2026-03-09 02:45:03.168451416+00:00,1000393.50,0.00,1000393.50,USD,GLBX-001,MARGIN,USD,[],False,{}
2026-03-09 02:45:31.696267733+00:00,1000391.25,0.00,1000391.25,USD,GLBX-001,MARGIN,USD,[],False,{}
2026-03-09 02:45:31.696267733+00:00,1000391.25,0.00,1000391.25,USD,GLBX-001,MARGIN,USD,[],False,{}
2026-03-09 02:46:15.035164024+00:00,1000391.25,0.00,1000391.25,USD,GLBX-001,MARGIN,USD,[],False,{}
2026-03-09 02:46:15.035164024+00:00,1000391.25,0.00,1000391.25,USD,GLBX-001,MARGIN,USD,[],False,{}
2026-03-09 02:47:34.083866507+00:00,1000392.50,0.00,1000392.50,USD,GLBX-001,MARGIN,USD,[],False,{}
2026-03-09 02:47:34.083866507+00:00,1000392.50,0.00,1000392.50,USD,GLBX-001,MARGIN,USD,[],False,{}
2026-03-09 02:47:53.325465763+00:00,1000394.75,0.00,1000394.75,USD,GLBX-001,MARGIN,USD,[],False,{}
2026-03-09 02:47:53.325465763+00:00,1000394.75,0.00,1000394.75,USD,GLBX-001,MARGIN,USD,[],False,{}
2026-03-09 02:49:24.311054275+00:00,1000397.00,0.00,1000397.00,USD,GLBX-001,MARGIN,USD,[],False,{}
2026-03-09 02:49:24.311054275+00:00,1000397.00,0.00,1000397.00,USD,GLBX-001,MARGIN,USD,[],False,{}
2026-03-09 02:49:47.522581271+00:00,1000397.25,0.00,1000397.25,USD,GLBX-001,MARGIN,USD,[],False,{}
2026-03-09 02:49:47.522581271+00:00,1000397.25,0.00,1000397.25,USD,GLBX-001,MARGIN,USD,[],False,{}
2026-03-09 02:50:58.122238127+00:00,1000398.75,0.00,1000398.75,USD,GLBX-001,MARGIN,USD,[],False,{}
2026-03-09 02:50:58.122238127+00:00,1000398.75,0.00,1000398.75,USD,GLBX-001,MARGIN,USD,[],False,{}
2026-03-09 02:52:44.770605170+00:00,1000400.75,0.00,1000400.75,USD,GLBX-001,MARGIN,USD,[],False,{}
2026-03-09 02:52:44.770605170+00:00,1000400.75,0.00,1000400.75,USD,GLBX-001,MARGIN,USD,[],False,{}
2026-03-09 02:53:54.744575091+00:00,1000403.75,0.00,1000403.75,USD,GLBX-001,MARGIN,USD,[],False,{}
2026-03-09 02:53:54.744575091+00:00,1000403.75,0.00,1000403.75,USD,GLBX-001,MARGIN,USD,[],False,{}
2026-03-09 02:54:58.232550779+00:00,1000405.25,0.00,1000405.25,USD,GLBX-001,MARGIN,USD,[],False,{}
2026-03-09 02:54:58.232550779+00:00,1000405.25,0.00,1000405.25,USD,GLBX-001,MARGIN,USD,[],False,{}
2026-03-09 02:55:28.192923759+00:00,1000410.25,0.00,1000410.25,USD,GLBX-001,MARGIN,USD,[],False,{}
2026-03-09 02:55:28.192923759+00:00,1000410.25,0.00,1000410.25,USD,GLBX-001,MARGIN,USD,[],False,{}
2026-03-09 02:56:19.190285786+00:00,1000411.50,0.00,1000411.50,USD,GLBX-001,MARGIN,USD,[],False,{}
2026-03-09 02:56:19.190285786+00:00,1000411.50,0.00,1000411.50,USD,GLBX-001,MARGIN,USD,[],False,{}
2026-03-09 02:56:48.005518911+00:00,1000411.25,0.00,1000411.25,USD,GLBX-001,MARGIN,USD,[],False,{}
2026-03-09 02:56:48.005518911+00:00,1000411.25,0.00,1000411.25,USD,GLBX-001,MARGIN,USD,[],False,{}
2026-03-09 02:57:29.354448543+00:00,1000413.00,0.00,1000413.00,USD,GLBX-001,MARGIN,USD,[],False,{}
2026-03-09 02:57:29.354448543+00:00,1000413.00,0.00,1000413.00,USD,GLBX-001,MARGIN,USD,[],False,{}
2026-03-09 02:57:39.084443218+00:00,1000413.75,0.00,1000413.75,USD,GLBX-001,MARGIN,USD,[],False,{}
2026-03-09 02:57:39.084443218+00:00,1000413.75,0.00,1000413.75,USD,GLBX-001,MARGIN,USD,[],False,{}
2026-03-09 02:58:36.709648362+00:00,1000415.00,0.00,1000415.00,USD,GLBX-001,MARGIN,USD,[],False,{}
2026-03-09 02:58:36.709648362+00:00,1000415.00,0.00,1000415.00,USD,GLBX-001,MARGIN,USD,[],False,{}
2026-03-09 02:59:13.715753884+00:00,1000415.75,0.00,1000415.75,USD,GLBX-001,MARGIN,USD,[],False,{}
2026-03-09 02:59:13.715753884+00:00,1000415.75,0.00,1000415.75,USD,GLBX-001,MARGIN,USD,[],False,{}
2026-03-09 03:00:01.469982738+00:00,1000417.75,0.00,1000417.75,USD,GLBX-001,MARGIN,USD,[],False,{}
2026-03-09 03:00:01.469982738+00:00,1000417.75,0.00,1000417.75,USD,GLBX-001,MARGIN,USD,[],False,{}
2026-03-09 03:00:27.497326575+00:00,1000420.00,0.00,1000420.00,USD,GLBX-001,MARGIN,USD,[],False,{}
2026-03-09 03:00:27.497326575+00:00,1000420.00,0.00,1000420.00,USD,GLBX-001,MARGIN,USD,[],False,{}
2026-03-09 03:01:02.524138376+00:00,1000419.75,0.00,1000419.75,USD,GLBX-001,MARGIN,USD,[],False,{}
2026-03-09 03:01:02.524138376+00:00,1000419.75,0.00,1000419.75,USD,GLBX-001,MARGIN,USD,[],False,{}
2026-03-09 03:01:40.029438629+00:00,1000422.00,0.00,1000422.00,USD,GLBX-001,MARGIN,USD,[],False,{}
2026-03-09 03:01:40.029438629+00:00,1000422.00,0.00,1000422.00,USD,GLBX-001,MARGIN,USD,[],False,{}
2026-03-09 03:04:21.906456336+00:00,1000423.50,0.00,1000423.50,USD,GLBX-001,MARGIN,USD,[],False,{}
2026-03-09 03:04:21.906456336+00:00,1000423.50,0.00,1000423.50,USD,GLBX-001,MARGIN,USD,[],False,{}
2026-03-09 03:06:26.785546925+00:00,1000423.25,0.00,1000423.25,USD,GLBX-001,MARGIN,USD,[],False,{}
2026-03-09 03:06:26.785546925+00:00,1000423.25,0.00,1000423.25,USD,GLBX-001,MARGIN,USD,[],False,{}
2026-03-09 03:07:02.652751613+00:00,1000423.00,0.00,1000423.00,USD,GLBX-001,MARGIN,USD,[],False,{}
2026-03-09 03:07:02.652751613+00:00,1000423.00,0.00,1000423.00,USD,GLBX-001,MARGIN,USD,[],False,{}
2026-03-09 03:07:56.052404797+00:00,1000424.50,0.00,1000424.50,USD,GLBX-001,MARGIN,USD,[],False,{}
2026-03-09 03:07:56.052404797+00:00,1000424.50,0.00,1000424.50,USD,GLBX-001,MARGIN,USD,[],False,{}
2026-03-09 03:08:24.508927647+00:00,1000424.75,0.00,1000424.75,USD,GLBX-001,MARGIN,USD,[],False,{}
2026-03-09 03:08:24.508927647+00:00,1000424.75,0.00,1000424.75,USD,GLBX-001,MARGIN,USD,[],False,{}
2026-03-09 03:09:03.519685173+00:00,1000426.75,0.00,1000426.75,USD,GLBX-001,MARGIN,USD,[],False,{}
2026-03-09 03:09:03.519685173+00:00,1000426.75,0.00,1000426.75,USD,GLBX-001,MARGIN,USD,[],False,{}
2026-03-09 03:12:19.664521234+00:00,1000429.00,0.00,1000429.00,USD,GLBX-001,MARGIN,USD,[],False,{}
2026-03-09 03:12:19.664521234+00:00,1000429.00,0.00,1000429.00,USD,GLBX-001,MARGIN,USD,[],False,{}
2026-03-09 03:12:25.027457811+00:00,1000429.25,0.00,1000429.25,USD,GLBX-001,MARGIN,USD,[],False,{}
2026-03-09 03:12:25.027457811+00:00,1000429.25,0.00,1000429.25,USD,GLBX-001,MARGIN,USD,[],False,{}
2026-03-09 03:13:14.869066089+00:00,1000429.50,0.00,1000429.50,USD,GLBX-001,MARGIN,USD,[],False,{}
2026-03-09 03:13:14.869066089+00:00,1000429.50,0.00,1000429.50,USD,GLBX-001,MARGIN,USD,[],False,{}
2026-03-09 03:15:00.721947064+00:00,1000432.00,0.00,1000432.00,USD,GLBX-001,MARGIN,USD,[],False,{}
2026-03-09 03:15:00.721947064+00:00,1000432.00,0.00,1000432.00,USD,GLBX-001,MARGIN,USD,[],False,{}
2026-03-09 03:15:27.019430981+00:00,1000433.00,0.00,1000433.00,USD,GLBX-001,MARGIN,USD,[],False,{}
2026-03-09 03:15:27.019430981+00:00,1000433.00,0.00,1000433.00,USD,GLBX-001,MARGIN,USD,[],False,{}
2026-03-09 03:17:47.619338181+00:00,1000435.00,0.00,1000435.00,USD,GLBX-001,MARGIN,USD,[],False,{}
2026-03-09 03:17:47.619338181+00:00,1000435.00,0.00,1000435.00,USD,GLBX-001,MARGIN,USD,[],False,{}
2026-03-09 03:19:45.344245256+00:00,1000437.00,0.00,1000437.00,USD,GLBX-001,MARGIN,USD,[],False,{}
2026-03-09 03:19:45.344245256+00:00,1000437.00,0.00,1000437.00,USD,GLBX-001,MARGIN,USD,[],False,{}
2026-03-09 03:20:12.753223295+00:00,1000435.75,0.00,1000435.75,USD,GLBX-001,MARGIN,USD,[],False,{}
2026-03-09 03:20:12.753223295+00:00,1000435.75,0.00,1000435.75,USD,GLBX-001,MARGIN,USD,[],False,{}
2026-03-09 03:20:57.773836691+00:00,1000435.00,0.00,1000435.00,USD,GLBX-001,MARGIN,USD,[],False,{}
2026-03-09 03:20:57.773836691+00:00,1000435.00,0.00,1000435.00,USD,GLBX-001,MARGIN,USD,[],False,{}
2026-03-09 03:22:24.935031376+00:00,1000436.75,0.00,1000436.75,USD,GLBX-001,MARGIN,USD,[],False,{}
2026-03-09 03:22:24.935031376+00:00,1000436.75,0.00,1000436.75,USD,GLBX-001,MARGIN,USD,[],False,{}
2026-03-09 03:23:49.741400271+00:00,1000440.25,0.00,1000440.25,USD,GLBX-001,MARGIN,USD,[],False,{}
2026-03-09 03:23:49.741400271+00:00,1000440.25,0.00,1000440.25,USD,GLBX-001,MARGIN,USD,[],False,{}
2026-03-09 03:24:28.300031997+00:00,1000441.25,0.00,1000441.25,USD,GLBX-001,MARGIN,USD,[],False,{}
2026-03-09 03:24:28.300031997+00:00,1000441.25,0.00,1000441.25,USD,GLBX-001,MARGIN,USD,[],False,{}
2026-03-09 03:28:52.852937658+00:00,1000444.25,0.00,1000444.25,USD,GLBX-001,MARGIN,USD,[],False,{}
2026-03-09 03:28:52.852937658+00:00,1000444.25,0.00,1000444.25,USD,GLBX-001,MARGIN,USD,[],False,{}
2026-03-09 03:30:02.246267503+00:00,1000446.00,0.00,1000446.00,USD,GLBX-001,MARGIN,USD,[],False,{}
2026-03-09 03:30:02.246267503+00:00,1000446.00,0.00,1000446.00,USD,GLBX-001,MARGIN,USD,[],False,{}
2026-03-09 03:30:48.116579815+00:00,1000449.00,0.00,1000449.00,USD,GLBX-001,MARGIN,USD,[],False,{}
2026-03-09 03:30:48.116579815+00:00,1000449.00,0.00,1000449.00,USD,GLBX-001,MARGIN,USD,[],False,{}
2026-03-09 03:34:59.868002359+00:00,1000458.75,0.00,1000458.75,USD,GLBX-001,MARGIN,USD,[],False,{}
2026-03-09 03:34:59.868002359+00:00,1000458.75,0.00,1000458.75,USD,GLBX-001,MARGIN,USD,[],False,{}
2026-03-09 03:36:47.113124920+00:00,1000461.75,0.00,1000461.75,USD,GLBX-001,MARGIN,USD,[],False,{}
2026-03-09 03:36:47.113124920+00:00,1000461.75,0.00,1000461.75,USD,GLBX-001,MARGIN,USD,[],False,{}
2026-03-09 03:38:29.896452199+00:00,1000463.25,0.00,1000463.25,USD,GLBX-001,MARGIN,USD,[],False,{}
2026-03-09 03:38:29.896452199+00:00,1000463.25,0.00,1000463.25,USD,GLBX-001,MARGIN,USD,[],False,{}
2026-03-09 03:40:24.047469656+00:00,1000466.75,0.00,1000466.75,USD,GLBX-001,MARGIN,USD,[],False,{}
2026-03-09 03:40:24.047469656+00:00,1000466.75,0.00,1000466.75,USD,GLBX-001,MARGIN,USD,[],False,{}
2026-03-09 03:41:24.238988670+00:00,1000465.25,0.00,1000465.25,USD,GLBX-001,MARGIN,USD,[],False,{}
2026-03-09 03:41:24.238988670+00:00,1000465.25,0.00,1000465.25,USD,GLBX-001,MARGIN,USD,[],False,{}
2026-03-09 03:43:10.759440156+00:00,1000468.50,0.00,1000468.50,USD,GLBX-001,MARGIN,USD,[],False,{}
2026-03-09 03:43:10.759440156+00:00,1000468.50,0.00,1000468.50,USD,GLBX-001,MARGIN,USD,[],False,{}
2026-03-09 03:52:29.731228274+00:00,1000476.75,0.00,1000476.75,USD,GLBX-001,MARGIN,USD,[],False,{}
2026-03-09 03:52:29.731228274+00:00,1000476.75,0.00,1000476.75,USD,GLBX-001,MARGIN,USD,[],False,{}
2026-03-09 03:55:21.606292309+00:00,1000482.75,0.00,1000482.75,USD,GLBX-001,MARGIN,USD,[],False,{}
2026-03-09 03:55:21.606292309+00:00,1000482.75,0.00,1000482.75,USD,GLBX-001,MARGIN,USD,[],False,{}
2026-03-09 04:02:27.511339533+00:00,1000494.75,0.00,1000494.75,USD,GLBX-001,MARGIN,USD,[],False,{}
2026-03-09 04:02:27.511339533+00:00,1000494.75,0.00,1000494.75,USD,GLBX-001,MARGIN,USD,[],False,{}
2026-03-09 04:03:39.088324301+00:00,1000497.25,0.00,1000497.25,USD,GLBX-001,MARGIN,USD,[],False,{}
2026-03-09 04:03:39.088324301+00:00,1000497.25,0.00,1000497.25,USD,GLBX-001,MARGIN,USD,[],False,{}
2026-03-09 04:08:12.597092967+00:00,1000502.25,0.00,1000502.25,USD,GLBX-001,MARGIN,USD,[],False,{}
2026-03-09 04:08:12.597092967+00:00,1000502.25,0.00,1000502.25,USD,GLBX-001,MARGIN,USD,[],False,{}
2026-03-09 04:09:40.274665126+00:00,1000504.75,0.00,1000504.75,USD,GLBX-001,MARGIN,USD,[],False,{}
2026-03-09 04:09:40.274665126+00:00,1000504.75,0.00,1000504.75,USD,GLBX-001,MARGIN,USD,[],False,{}
2026-03-09 04:09:51.234358928+00:00,1000505.25,0.00,1000505.25,USD,GLBX-001,MARGIN,USD,[],False,{}
2026-03-09 04:09:51.234358928+00:00,1000505.25,0.00,1000505.25,USD,GLBX-001,MARGIN,USD,[],False,{}
2026-03-09 04:10:10.099192779+00:00,1000505.00,0.00,1000505.00,USD,GLBX-001,MARGIN,USD,[],False,{}
2026-03-09 04:10:10.099192779+00:00,1000505.00,0.00,1000505.00,USD,GLBX-001,MARGIN,USD,[],False,{}
2026-03-09 04:11:24.286963240+00:00,1000506.25,0.00,1000506.25,USD,GLBX-001,MARGIN,USD,[],False,{}
2026-03-09 04:11:24.286963240+00:00,1000506.25,0.00,1000506.25,USD,GLBX-001,MARGIN,USD,[],False,{}
2026-03-09 04:17:12.675399459+00:00,1000514.25,0.00,1000514.25,USD,GLBX-001,MARGIN,USD,[],False,{}
2026-03-09 04:17:12.675399459+00:00,1000514.25,0.00,1000514.25,USD,GLBX-001,MARGIN,USD,[],False,{}
2026-03-09 04:21:56.538428254+00:00,1000518.50,0.00,1000518.50,USD,GLBX-001,MARGIN,USD,[],False,{}
2026-03-09 04:21:56.538428254+00:00,1000518.50,0.00,1000518.50,USD,GLBX-001,MARGIN,USD,[],False,{}
2026-03-09 04:22:30.799857106+00:00,1000520.50,0.00,1000520.50,USD,GLBX-001,MARGIN,USD,[],False,{}
2026-03-09 04:22:30.799857106+00:00,1000520.50,0.00,1000520.50,USD,GLBX-001,MARGIN,USD,[],False,{}
2026-03-09 04:27:04.692172659+00:00,1000525.50,0.00,1000525.50,USD,GLBX-001,MARGIN,USD,[],False,{}
2026-03-09 04:27:04.692172659+00:00,1000525.50,0.00,1000525.50,USD,GLBX-001,MARGIN,USD,[],False,{}
2026-03-09 04:29:19.095074269+00:00,1000526.50,0.00,1000526.50,USD,GLBX-001,MARGIN,USD,[],False,{}
2026-03-09 04:29:19.095074269+00:00,1000526.50,0.00,1000526.50,USD,GLBX-001,MARGIN,USD,[],False,{}
2026-03-09 04:29:44.125548928+00:00,1000526.50,0.00,1000526.50,USD,GLBX-001,MARGIN,USD,[],False,{}
2026-03-09 04:29:44.125548928+00:00,1000526.50,0.00,1000526.50,USD,GLBX-001,MARGIN,USD,[],False,{}
2026-03-09 04:30:33.132415824+00:00,1000528.00,0.00,1000528.00,USD,GLBX-001,MARGIN,USD,[],False,{}
2026-03-09 04:30:33.132415824+00:00,1000528.00,0.00,1000528.00,USD,GLBX-001,MARGIN,USD,[],False,{}
2026-03-09 04:33:42.651121733+00:00,1000531.00,0.00,1000531.00,USD,GLBX-001,MARGIN,USD,[],False,{}
2026-03-09 04:33:42.651121733+00:00,1000531.00,0.00,1000531.00,USD,GLBX-001,MARGIN,USD,[],False,{}
2026-03-09 04:33:52.960243239+00:00,1000532.25,0.00,1000532.25,USD,GLBX-001,MARGIN,USD,[],False,{}
2026-03-09 04:33:52.960243239+00:00,1000532.25,0.00,1000532.25,USD,GLBX-001,MARGIN,USD,[],False,{}
2026-03-09 04:35:13.052957776+00:00,1000534.25,0.00,1000534.25,USD,GLBX-001,MARGIN,USD,[],False,{}
2026-03-09 04:35:13.052957776+00:00,1000534.25,0.00,1000534.25,USD,GLBX-001,MARGIN,USD,[],False,{}
2026-03-09 04:37:31.318864883+00:00,1000537.75,0.00,1000537.75,USD,GLBX-001,MARGIN,USD,[],False,{}
2026-03-09 04:37:31.318864883+00:00,1000537.75,0.00,1000537.75,USD,GLBX-001,MARGIN,USD,[],False,{}
2026-03-09 04:38:17.442070309+00:00,1000540.25,0.00,1000540.25,USD,GLBX-001,MARGIN,USD,[],False,{}
2026-03-09 04:38:17.442070309+00:00,1000540.25,0.00,1000540.25,USD,GLBX-001,MARGIN,USD,[],False,{}
2026-03-09 04:41:00.150143082+00:00,1000543.75,0.00,1000543.75,USD,GLBX-001,MARGIN,USD,[],False,{}
2026-03-09 04:41:00.150143082+00:00,1000543.75,0.00,1000543.75,USD,GLBX-001,MARGIN,USD,[],False,{}
2026-03-09 04:43:22.173959602+00:00,1000544.75,0.00,1000544.75,USD,GLBX-001,MARGIN,USD,[],False,{}
2026-03-09 04:43:22.173959602+00:00,1000544.75,0.00,1000544.75,USD,GLBX-001,MARGIN,USD,[],False,{}
2026-03-09 04:45:49.565041072+00:00,1000548.25,0.00,1000548.25,USD,GLBX-001,MARGIN,USD,[],False,{}
2026-03-09 04:45:49.565041072+00:00,1000548.25,0.00,1000548.25,USD,GLBX-001,MARGIN,USD,[],False,{}
2026-03-09 04:46:43.721362093+00:00,1000548.25,0.00,1000548.25,USD,GLBX-001,MARGIN,USD,[],False,{}
2026-03-09 04:46:43.721362093+00:00,1000548.25,0.00,1000548.25,USD,GLBX-001,MARGIN,USD,[],False,{}
2026-03-09 04:53:11.503725541+00:00,1000550.25,0.00,1000550.25,USD,GLBX-001,MARGIN,USD,[],False,{}
2026-03-09 04:53:11.503725541+00:00,1000550.25,0.00,1000550.25,USD,GLBX-001,MARGIN,USD,[],False,{}
2026-03-09 04:54:01.573068863+00:00,1000552.50,0.00,1000552.50,USD,GLBX-001,MARGIN,USD,[],False,{}
2026-03-09 04:54:01.573068863+00:00,1000552.50,0.00,1000552.50,USD,GLBX-001,MARGIN,USD,[],False,{}
2026-03-09 04:54:40.883398015+00:00,1000553.75,0.00,1000553.75,USD,GLBX-001,MARGIN,USD,[],False,{}
2026-03-09 04:54:40.883398015+00:00,1000553.75,0.00,1000553.75,USD,GLBX-001,MARGIN,USD,[],False,{}
2026-03-09 04:58:06.894737256+00:00,1000557.50,0.00,1000557.50,USD,GLBX-001,MARGIN,USD,[],False,{}
2026-03-09 04:58:06.894737256+00:00,1000557.50,0.00,1000557.50,USD,GLBX-001,MARGIN,USD,[],False,{}
2026-03-09 05:02:34.407183529+00:00,1000564.25,0.00,1000564.25,USD,GLBX-001,MARGIN,USD,[],False,{}
2026-03-09 05:02:34.407183529+00:00,1000564.25,0.00,1000564.25,USD,GLBX-001,MARGIN,USD,[],False,{}
2026-03-09 05:06:46.685237114+00:00,1000576.25,0.00,1000576.25,USD,GLBX-001,MARGIN,USD,[],False,{}
2026-03-09 05:06:46.685237114+00:00,1000576.25,0.00,1000576.25,USD,GLBX-001,MARGIN,USD,[],False,{}
2026-03-09 05:07:21.927889456+00:00,1000577.75,0.00,1000577.75,USD,GLBX-001,MARGIN,USD,[],False,{}
2026-03-09 05:07:21.927889456+00:00,1000577.75,0.00,1000577.75,USD,GLBX-001,MARGIN,USD,[],False,{}
2026-03-09 05:07:35.426865704+00:00,1000578.75,0.00,1000578.75,USD,GLBX-001,MARGIN,USD,[],False,{}
2026-03-09 05:07:35.426865704+00:00,1000578.75,0.00,1000578.75,USD,GLBX-001,MARGIN,USD,[],False,{}
2026-03-09 05:09:44.832059421+00:00,1000580.25,0.00,1000580.25,USD,GLBX-001,MARGIN,USD,[],False,{}
2026-03-09 05:09:44.832059421+00:00,1000580.25,0.00,1000580.25,USD,GLBX-001,MARGIN,USD,[],False,{}
2026-03-09 05:10:12.965553311+00:00,1000581.50,0.00,1000581.50,USD,GLBX-001,MARGIN,USD,[],False,{}
2026-03-09 05:10:12.965553311+00:00,1000581.50,0.00,1000581.50,USD,GLBX-001,MARGIN,USD,[],False,{}
2026-03-09 05:15:41.876855403+00:00,1000584.75,0.00,1000584.75,USD,GLBX-001,MARGIN,USD,[],False,{}
2026-03-09 05:15:41.876855403+00:00,1000584.75,0.00,1000584.75,USD,GLBX-001,MARGIN,USD,[],False,{}
2026-03-09 05:16:57.468718375+00:00,1000585.25,0.00,1000585.25,USD,GLBX-001,MARGIN,USD,[],False,{}
2026-03-09 05:16:57.468718375+00:00,1000585.25,0.00,1000585.25,USD,GLBX-001,MARGIN,USD,[],False,{}
2026-03-09 05:18:54.510332523+00:00,1000587.75,0.00,1000587.75,USD,GLBX-001,MARGIN,USD,[],False,{}
2026-03-09 05:18:54.510332523+00:00,1000587.75,0.00,1000587.75,USD,GLBX-001,MARGIN,USD,[],False,{}
2026-03-09 05:22:05.414323506+00:00,1000605.50,0.00,1000605.50,USD,GLBX-001,MARGIN,USD,[],False,{}
2026-03-09 05:22:05.414323506+00:00,1000605.50,0.00,1000605.50,USD,GLBX-001,MARGIN,USD,[],False,{}
2026-03-09 05:22:27.899656395+00:00,1000605.00,0.00,1000605.00,USD,GLBX-001,MARGIN,USD,[],False,{}
2026-03-09 05:22:27.899656395+00:00,1000605.00,0.00,1000605.00,USD,GLBX-001,MARGIN,USD,[],False,{}
2026-03-09 05:23:18.068490951+00:00,1000608.25,0.00,1000608.25,USD,GLBX-001,MARGIN,USD,[],False,{}
2026-03-09 05:23:18.068490951+00:00,1000608.25,0.00,1000608.25,USD,GLBX-001,MARGIN,USD,[],False,{}
2026-03-09 05:23:57.722721139+00:00,1000609.75,0.00,1000609.75,USD,GLBX-001,MARGIN,USD,[],False,{}
2026-03-09 05:23:57.722721139+00:00,1000609.75,0.00,1000609.75,USD,GLBX-001,MARGIN,USD,[],False,{}
2026-03-09 05:24:05.619941410+00:00,1000608.50,0.00,1000608.50,USD,GLBX-001,MARGIN,USD,[],False,{}
2026-03-09 05:24:05.619941410+00:00,1000608.50,0.00,1000608.50,USD,GLBX-001,MARGIN,USD,[],False,{}
2026-03-09 05:24:11.285191648+00:00,1000608.25,0.00,1000608.25,USD,GLBX-001,MARGIN,USD,[],False,{}
2026-03-09 05:24:11.285191648+00:00,1000608.25,0.00,1000608.25,USD,GLBX-001,MARGIN,USD,[],False,{}
2026-03-09 05:24:13.594403755+00:00,1000607.25,0.00,1000607.25,USD,GLBX-001,MARGIN,USD,[],False,{}
2026-03-09 05:24:13.594403755+00:00,1000607.25,0.00,1000607.25,USD,GLBX-001,MARGIN,USD,[],False,{}
2026-03-09 05:24:19.728914839+00:00,1000607.25,0.00,1000607.25,USD,GLBX-001,MARGIN,USD,[],False,{}
2026-03-09 05:24:19.728914839+00:00,1000607.25,0.00,1000607.25,USD,GLBX-001,MARGIN,USD,[],False,{}
2026-03-09 05:25:02.840466923+00:00,1000611.00,0.00,1000611.00,USD,GLBX-001,MARGIN,USD,[],False,{}
2026-03-09 05:25:02.840466923+00:00,1000611.00,0.00,1000611.00,USD,GLBX-001,MARGIN,USD,[],False,{}
2026-03-09 05:26:13.497427963+00:00,1000613.50,0.00,1000613.50,USD,GLBX-001,MARGIN,USD,[],False,{}
2026-03-09 05:26:13.497427963+00:00,1000613.50,0.00,1000613.50,USD,GLBX-001,MARGIN,USD,[],False,{}
2026-03-09 05:26:28.834177949+00:00,1000616.25,0.00,1000616.25,USD,GLBX-001,MARGIN,USD,[],False,{}
2026-03-09 05:26:28.834177949+00:00,1000616.25,0.00,1000616.25,USD,GLBX-001,MARGIN,USD,[],False,{}
2026-03-09 05:27:14.884663031+00:00,1000618.75,0.00,1000618.75,USD,GLBX-001,MARGIN,USD,[],False,{}
2026-03-09 05:27:14.884663031+00:00,1000618.75,0.00,1000618.75,USD,GLBX-001,MARGIN,USD,[],False,{}
2026-03-09 05:27:31.448452699+00:00,1000621.75,0.00,1000621.75,USD,GLBX-001,MARGIN,USD,[],False,{}
2026-03-09 05:27:31.448452699+00:00,1000621.75,0.00,1000621.75,USD,GLBX-001,MARGIN,USD,[],False,{}
2026-03-09 05:28:21.040587003+00:00,1000627.25,0.00,1000627.25,USD,GLBX-001,MARGIN,USD,[],False,{}
2026-03-09 05:28:21.040587003+00:00,1000627.25,0.00,1000627.25,USD,GLBX-001,MARGIN,USD,[],False,{}
2026-03-09 05:28:47.328385699+00:00,1000631.00,0.00,1000631.00,USD,GLBX-001,MARGIN,USD,[],False,{}
2026-03-09 05:28:47.328385699+00:00,1000631.00,0.00,1000631.00,USD,GLBX-001,MARGIN,USD,[],False,{}
2026-03-09 05:29:10.657059124+00:00,1000634.25,0.00,1000634.25,USD,GLBX-001,MARGIN,USD,[],False,{}
2026-03-09 05:29:10.657059124+00:00,1000634.25,0.00,1000634.25,USD,GLBX-001,MARGIN,USD,[],False,{}
2026-03-09 05:32:21.092395733+00:00,1000642.00,0.00,1000642.00,USD,GLBX-001,MARGIN,USD,[],False,{}
2026-03-09 05:32:21.092395733+00:00,1000642.00,0.00,1000642.00,USD,GLBX-001,MARGIN,USD,[],False,{}
2026-03-09 05:32:58.790191989+00:00,1000645.50,0.00,1000645.50,USD,GLBX-001,MARGIN,USD,[],False,{}
2026-03-09 05:32:58.790191989+00:00,1000645.50,0.00,1000645.50,USD,GLBX-001,MARGIN,USD,[],False,{}
2026-03-09 05:33:22.717336230+00:00,1000646.75,0.00,1000646.75,USD,GLBX-001,MARGIN,USD,[],False,{}
2026-03-09 05:33:22.717336230+00:00,1000646.75,0.00,1000646.75,USD,GLBX-001,MARGIN,USD,[],False,{}
2026-03-09 05:34:21.791489975+00:00,1000649.25,0.00,1000649.25,USD,GLBX-001,MARGIN,USD,[],False,{}
2026-03-09 05:34:21.791489975+00:00,1000649.25,0.00,1000649.25,USD,GLBX-001,MARGIN,USD,[],False,{}
2026-03-09 05:34:58.881975514+00:00,1000651.75,0.00,1000651.75,USD,GLBX-001,MARGIN,USD,[],False,{}
2026-03-09 05:34:58.881975514+00:00,1000651.75,0.00,1000651.75,USD,GLBX-001,MARGIN,USD,[],False,{}
2026-03-09 05:35:42.687418795+00:00,1000653.75,0.00,1000653.75,USD,GLBX-001,MARGIN,USD,[],False,{}
2026-03-09 05:35:42.687418795+00:00,1000653.75,0.00,1000653.75,USD,GLBX-001,MARGIN,USD,[],False,{}
2026-03-09 05:36:35.052927583+00:00,1000654.25,0.00,1000654.25,USD,GLBX-001,MARGIN,USD,[],False,{}
2026-03-09 05:36:35.052927583+00:00,1000654.25,0.00,1000654.25,USD,GLBX-001,MARGIN,USD,[],False,{}
2026-03-09 05:41:09.276682474+00:00,1000662.00,0.00,1000662.00,USD,GLBX-001,MARGIN,USD,[],False,{}
2026-03-09 05:41:09.276682474+00:00,1000662.00,0.00,1000662.00,USD,GLBX-001,MARGIN,USD,[],False,{}
2026-03-09 05:44:18.663670410+00:00,1000671.75,0.00,1000671.75,USD,GLBX-001,MARGIN,USD,[],False,{}
2026-03-09 05:44:18.663670410+00:00,1000671.75,0.00,1000671.75,USD,GLBX-001,MARGIN,USD,[],False,{}
2026-03-09 05:46:30.125312154+00:00,1000676.25,0.00,1000676.25,USD,GLBX-001,MARGIN,USD,[],False,{}
2026-03-09 05:46:30.125312154+00:00,1000676.25,0.00,1000676.25,USD,GLBX-001,MARGIN,USD,[],False,{}
2026-03-09 05:47:11.448667466+00:00,1000676.50,0.00,1000676.50,USD,GLBX-001,MARGIN,USD,[],False,{}
2026-03-09 05:47:11.448667466+00:00,1000676.50,0.00,1000676.50,USD,GLBX-001,MARGIN,USD,[],False,{}
2026-03-09 05:47:56.706769709+00:00,1000677.25,0.00,1000677.25,USD,GLBX-001,MARGIN,USD,[],False,{}
2026-03-09 05:47:56.706769709+00:00,1000677.25,0.00,1000677.25,USD,GLBX-001,MARGIN,USD,[],False,{}
2026-03-09 05:51:35.216506939+00:00,1000687.25,0.00,1000687.25,USD,GLBX-001,MARGIN,USD,[],False,{}
2026-03-09 05:51:35.216506939+00:00,1000687.25,0.00,1000687.25,USD,GLBX-001,MARGIN,USD,[],False,{}
2026-03-09 05:56:26.185783062+00:00,1000694.75,0.00,1000694.75,USD,GLBX-001,MARGIN,USD,[],False,{}
2026-03-09 05:56:26.185783062+00:00,1000694.75,0.00,1000694.75,USD,GLBX-001,MARGIN,USD,[],False,{}
2026-03-09 05:59:50.483218474+00:00,1000701.25,0.00,1000701.25,USD,GLBX-001,MARGIN,USD,[],False,{}
2026-03-09 05:59:50.483218474+00:00,1000701.25,0.00,1000701.25,USD,GLBX-001,MARGIN,USD,[],False,{}
2026-03-09 06:00:43.950702676+00:00,1000702.75,0.00,1000702.75,USD,GLBX-001,MARGIN,USD,[],False,{}
2026-03-09 06:00:43.950702676+00:00,1000702.75,0.00,1000702.75,USD,GLBX-001,MARGIN,USD,[],False,{}
2026-03-09 06:01:56.878285823+00:00,1000703.50,0.00,1000703.50,USD,GLBX-001,MARGIN,USD,[],False,{}
2026-03-09 06:01:56.878285823+00:00,1000703.50,0.00,1000703.50,USD,GLBX-001,MARGIN,USD,[],False,{}
2026-03-09 06:02:37.323811399+00:00,1000706.00,0.00,1000706.00,USD,GLBX-001,MARGIN,USD,[],False,{}
2026-03-09 06:02:37.323811399+00:00,1000706.00,0.00,1000706.00,USD,GLBX-001,MARGIN,USD,[],False,{}
2026-03-09 06:02:55.481996797+00:00,1000706.50,0.00,1000706.50,USD,GLBX-001,MARGIN,USD,[],False,{}
2026-03-09 06:02:55.481996797+00:00,1000706.50,0.00,1000706.50,USD,GLBX-001,MARGIN,USD,[],False,{}
2026-03-09 06:04:16.769232353+00:00,1000707.50,0.00,1000707.50,USD,GLBX-001,MARGIN,USD,[],False,{}
2026-03-09 06:04:16.769232353+00:00,1000707.50,0.00,1000707.50,USD,GLBX-001,MARGIN,USD,[],False,{}
2026-03-09 06:05:30.275727351+00:00,1000712.00,0.00,1000712.00,USD,GLBX-001,MARGIN,USD,[],False,{}
2026-03-09 06:05:30.275727351+00:00,1000712.00,0.00,1000712.00,USD,GLBX-001,MARGIN,USD,[],False,{}
2026-03-09 06:06:41.566586851+00:00,1000714.00,0.00,1000714.00,USD,GLBX-001,MARGIN,USD,[],False,{}
2026-03-09 06:06:41.566586851+00:00,1000714.00,0.00,1000714.00,USD,GLBX-001,MARGIN,USD,[],False,{}
2026-03-09 06:06:53.881094410+00:00,1000715.75,0.00,1000715.75,USD,GLBX-001,MARGIN,USD,[],False,{}
2026-03-09 06:06:53.881094410+00:00,1000715.75,0.00,1000715.75,USD,GLBX-001,MARGIN,USD,[],False,{}
2026-03-09 06:07:32.688477268+00:00,1000716.75,0.00,1000716.75,USD,GLBX-001,MARGIN,USD,[],False,{}
2026-03-09 06:07:32.688477268+00:00,1000716.75,0.00,1000716.75,USD,GLBX-001,MARGIN,USD,[],False,{}
2026-03-09 06:08:11.484661837+00:00,1000719.25,0.00,1000719.25,USD,GLBX-001,MARGIN,USD,[],False,{}
2026-03-09 06:08:11.484661837+00:00,1000719.25,0.00,1000719.25,USD,GLBX-001,MARGIN,USD,[],False,{}
2026-03-09 06:08:48.724113271+00:00,1000720.00,0.00,1000720.00,USD,GLBX-001,MARGIN,USD,[],False,{}
2026-03-09 06:08:48.724113271+00:00,1000720.00,0.00,1000720.00,USD,GLBX-001,MARGIN,USD,[],False,{}
2026-03-09 06:10:59.099665923+00:00,1000727.50,0.00,1000727.50,USD,GLBX-001,MARGIN,USD,[],False,{}
2026-03-09 06:10:59.099665923+00:00,1000727.50,0.00,1000727.50,USD,GLBX-001,MARGIN,USD,[],False,{}
2026-03-09 06:11:57.620391272+00:00,1000729.50,0.00,1000729.50,USD,GLBX-001,MARGIN,USD,[],False,{}
2026-03-09 06:11:57.620391272+00:00,1000729.50,0.00,1000729.50,USD,GLBX-001,MARGIN,USD,[],False,{}
2026-03-09 06:13:25.616919058+00:00,1000729.25,0.00,1000729.25,USD,GLBX-001,MARGIN,USD,[],False,{}
2026-03-09 06:13:25.616919058+00:00,1000729.25,0.00,1000729.25,USD,GLBX-001,MARGIN,USD,[],False,{}
2026-03-09 06:13:59.972282690+00:00,1000731.75,0.00,1000731.75,USD,GLBX-001,MARGIN,USD,[],False,{}
2026-03-09 06:13:59.972282690+00:00,1000731.75,0.00,1000731.75,USD,GLBX-001,MARGIN,USD,[],False,{}
2026-03-09 06:14:38.637218871+00:00,1000731.00,0.00,1000731.00,USD,GLBX-001,MARGIN,USD,[],False,{}
2026-03-09 06:14:38.637218871+00:00,1000731.00,0.00,1000731.00,USD,GLBX-001,MARGIN,USD,[],False,{}
2026-03-09 06:16:08.967926015+00:00,1000731.25,0.00,1000731.25,USD,GLBX-001,MARGIN,USD,[],False,{}
2026-03-09 06:16:08.967926015+00:00,1000731.25,0.00,1000731.25,USD,GLBX-001,MARGIN,USD,[],False,{}
2026-03-09 06:18:36.575063339+00:00,1000735.75,0.00,1000735.75,USD,GLBX-001,MARGIN,USD,[],False,{}
2026-03-09 06:18:36.575063339+00:00,1000735.75,0.00,1000735.75,USD,GLBX-001,MARGIN,USD,[],False,{}
2026-03-09 06:18:53.773012334+00:00,1000736.25,0.00,1000736.25,USD,GLBX-001,MARGIN,USD,[],False,{}
2026-03-09 06:18:53.773012334+00:00,1000736.25,0.00,1000736.25,USD,GLBX-001,MARGIN,USD,[],False,{}
2026-03-09 06:19:23.994875714+00:00,1000736.25,0.00,1000736.25,USD,GLBX-001,MARGIN,USD,[],False,{}
2026-03-09 06:19:23.994875714+00:00,1000736.25,0.00,1000736.25,USD,GLBX-001,MARGIN,USD,[],False,{}
2026-03-09 06:21:22.210184687+00:00,1000743.50,0.00,1000743.50,USD,GLBX-001,MARGIN,USD,[],False,{}
2026-03-09 06:21:22.210184687+00:00,1000743.50,0.00,1000743.50,USD,GLBX-001,MARGIN,USD,[],False,{}
2026-03-09 06:22:09.684545837+00:00,1000749.50,0.00,1000749.50,USD,GLBX-001,MARGIN,USD,[],False,{}
2026-03-09 06:22:09.684545837+00:00,1000749.50,0.00,1000749.50,USD,GLBX-001,MARGIN,USD,[],False,{}
2026-03-09 06:23:12.593388181+00:00,1000750.25,0.00,1000750.25,USD,GLBX-001,MARGIN,USD,[],False,{}
2026-03-09 06:23:12.593388181+00:00,1000750.25,0.00,1000750.25,USD,GLBX-001,MARGIN,USD,[],False,{}
2026-03-09 06:24:17.823468477+00:00,1000752.00,0.00,1000752.00,USD,GLBX-001,MARGIN,USD,[],False,{}
2026-03-09 06:24:17.823468477+00:00,1000752.00,0.00,1000752.00,USD,GLBX-001,MARGIN,USD,[],False,{}
2026-03-09 06:25:03.133144650+00:00,1000752.75,0.00,1000752.75,USD,GLBX-001,MARGIN,USD,[],False,{}
2026-03-09 06:25:03.133144650+00:00,1000752.75,0.00,1000752.75,USD,GLBX-001,MARGIN,USD,[],False,{}
2026-03-09 06:27:07.119523621+00:00,1000753.75,0.00,1000753.75,USD,GLBX-001,MARGIN,USD,[],False,{}
2026-03-09 06:27:07.119523621+00:00,1000753.75,0.00,1000753.75,USD,GLBX-001,MARGIN,USD,[],False,{}
2026-03-09 06:28:18.696584495+00:00,1000755.00,0.00,1000755.00,USD,GLBX-001,MARGIN,USD,[],False,{}
2026-03-09 06:28:18.696584495+00:00,1000755.00,0.00,1000755.00,USD,GLBX-001,MARGIN,USD,[],False,{}
2026-03-09 06:28:44.366067877+00:00,1000755.25,0.00,1000755.25,USD,GLBX-001,MARGIN,USD,[],False,{}
2026-03-09 06:28:44.366067877+00:00,1000755.25,0.00,1000755.25,USD,GLBX-001,MARGIN,USD,[],False,{}
2026-03-09 06:30:47.068139771+00:00,1000759.75,0.00,1000759.75,USD,GLBX-001,MARGIN,USD,[],False,{}
2026-03-09 06:30:47.068139771+00:00,1000759.75,0.00,1000759.75,USD,GLBX-001,MARGIN,USD,[],False,{}
2026-03-09 06:31:54.374175795+00:00,1000765.75,0.00,1000765.75,USD,GLBX-001,MARGIN,USD,[],False,{}
2026-03-09 06:31:54.374175795+00:00,1000765.75,0.00,1000765.75,USD,GLBX-001,MARGIN,USD,[],False,{}
2026-03-09 06:32:36.435887314+00:00,1000768.25,0.00,1000768.25,USD,GLBX-001,MARGIN,USD,[],False,{}
2026-03-09 06:32:36.435887314+00:00,1000768.25,0.00,1000768.25,USD,GLBX-001,MARGIN,USD,[],False,{}
2026-03-09 06:33:46.373307608+00:00,1000769.25,0.00,1000769.25,USD,GLBX-001,MARGIN,USD,[],False,{}
2026-03-09 06:33:46.373307608+00:00,1000769.25,0.00,1000769.25,USD,GLBX-001,MARGIN,USD,[],False,{}
2026-03-09 06:37:54.883337301+00:00,1000778.50,0.00,1000778.50,USD,GLBX-001,MARGIN,USD,[],False,{}
2026-03-09 06:37:54.883337301+00:00,1000778.50,0.00,1000778.50,USD,GLBX-001,MARGIN,USD,[],False,{}
2026-03-09 06:39:02.283249792+00:00,1000780.75,0.00,1000780.75,USD,GLBX-001,MARGIN,USD,[],False,{}
2026-03-09 06:39:02.283249792+00:00,1000780.75,0.00,1000780.75,USD,GLBX-001,MARGIN,USD,[],False,{}
2026-03-09 06:41:03.003249145+00:00,1000783.75,0.00,1000783.75,USD,GLBX-001,MARGIN,USD,[],False,{}
2026-03-09 06:41:03.003249145+00:00,1000783.75,0.00,1000783.75,USD,GLBX-001,MARGIN,USD,[],False,{}
2026-03-09 06:41:53.033935589+00:00,1000784.75,0.00,1000784.75,USD,GLBX-001,MARGIN,USD,[],False,{}
2026-03-09 06:41:53.033935589+00:00,1000784.75,0.00,1000784.75,USD,GLBX-001,MARGIN,USD,[],False,{}
2026-03-09 06:42:28.536561997+00:00,1000786.50,0.00,1000786.50,USD,GLBX-001,MARGIN,USD,[],False,{}
2026-03-09 06:42:28.536561997+00:00,1000786.50,0.00,1000786.50,USD,GLBX-001,MARGIN,USD,[],False,{}
2026-03-09 06:44:03.432660706+00:00,1000788.25,0.00,1000788.25,USD,GLBX-001,MARGIN,USD,[],False,{}
2026-03-09 06:44:03.432660706+00:00,1000788.25,0.00,1000788.25,USD,GLBX-001,MARGIN,USD,[],False,{}
2026-03-09 06:46:41.418353925+00:00,1000791.75,0.00,1000791.75,USD,GLBX-001,MARGIN,USD,[],False,{}
2026-03-09 06:46:41.418353925+00:00,1000791.75,0.00,1000791.75,USD,GLBX-001,MARGIN,USD,[],False,{}
2026-03-09 06:47:24.965451299+00:00,1000792.00,0.00,1000792.00,USD,GLBX-001,MARGIN,USD,[],False,{}
2026-03-09 06:47:24.965451299+00:00,1000792.00,0.00,1000792.00,USD,GLBX-001,MARGIN,USD,[],False,{}
2026-03-09 06:50:11.947269259+00:00,1000796.25,0.00,1000796.25,USD,GLBX-001,MARGIN,USD,[],False,{}
2026-03-09 06:50:11.947269259+00:00,1000796.25,0.00,1000796.25,USD,GLBX-001,MARGIN,USD,[],False,{}
2026-03-09 06:52:27.237297178+00:00,1000799.50,0.00,1000799.50,USD,GLBX-001,MARGIN,USD,[],False,{}
2026-03-09 06:52:27.237297178+00:00,1000799.50,0.00,1000799.50,USD,GLBX-001,MARGIN,USD,[],False,{}
2026-03-09 06:53:13.171062+00:00,1000802.75,0.00,1000802.75,USD,GLBX-001,MARGIN,USD,[],False,{}
2026-03-09 06:53:13.171062+00:00,1000802.75,0.00,1000802.75,USD,GLBX-001,MARGIN,USD,[],False,{}
2026-03-09 06:54:02.987219608+00:00,1000804.75,0.00,1000804.75,USD,GLBX-001,MARGIN,USD,[],False,{}
2026-03-09 06:54:02.987219608+00:00,1000804.75,0.00,1000804.75,USD,GLBX-001,MARGIN,USD,[],False,{}
2026-03-09 06:54:43.552290787+00:00,1000804.00,0.00,1000804.00,USD,GLBX-001,MARGIN,USD,[],False,{}
2026-03-09 06:54:43.552290787+00:00,1000804.00,0.00,1000804.00,USD,GLBX-001,MARGIN,USD,[],False,{}
2026-03-09 06:57:04.168167664+00:00,1000807.50,0.00,1000807.50,USD,GLBX-001,MARGIN,USD,[],False,{}
2026-03-09 06:57:04.168167664+00:00,1000807.50,0.00,1000807.50,USD,GLBX-001,MARGIN,USD,[],False,{}
2026-03-09 06:59:30.415871951+00:00,1000811.25,0.00,1000811.25,USD,GLBX-001,MARGIN,USD,[],False,{}
2026-03-09 06:59:30.415871951+00:00,1000811.25,0.00,1000811.25,USD,GLBX-001,MARGIN,USD,[],False,{}
2026-03-09 07:00:47.545188469+00:00,1000814.50,0.00,1000814.50,USD,GLBX-001,MARGIN,USD,[],False,{}
2026-03-09 07:00:47.545188469+00:00,1000814.50,0.00,1000814.50,USD,GLBX-001,MARGIN,USD,[],False,{}
2026-03-09 07:01:00.269401264+00:00,1000816.25,0.00,1000816.25,USD,GLBX-001,MARGIN,USD,[],False,{}
2026-03-09 07:01:00.269401264+00:00,1000816.25,0.00,1000816.25,USD,GLBX-001,MARGIN,USD,[],False,{}
2026-03-09 07:01:35.918296559+00:00,1000817.25,0.00,1000817.25,USD,GLBX-001,MARGIN,USD,[],False,{}
2026-03-09 07:01:35.918296559+00:00,1000817.25,0.00,1000817.25,USD,GLBX-001,MARGIN,USD,[],False,{}
2026-03-09 07:02:23.715014949+00:00,1000822.25,0.00,1000822.25,USD,GLBX-001,MARGIN,USD,[],False,{}
2026-03-09 07:02:23.715014949+00:00,1000822.25,0.00,1000822.25,USD,GLBX-001,MARGIN,USD,[],False,{}
2026-03-09 07:02:32.150501576+00:00,1000823.25,0.00,1000823.25,USD,GLBX-001,MARGIN,USD,[],False,{}
2026-03-09 07:02:32.150501576+00:00,1000823.25,0.00,1000823.25,USD,GLBX-001,MARGIN,USD,[],False,{}
2026-03-09 07:05:50.239138922+00:00,1000832.00,0.00,1000832.00,USD,GLBX-001,MARGIN,USD,[],False,{}
2026-03-09 07:05:50.239138922+00:00,1000832.00,0.00,1000832.00,USD,GLBX-001,MARGIN,USD,[],False,{}
2026-03-09 07:07:04.520218415+00:00,1000843.50,0.00,1000843.50,USD,GLBX-001,MARGIN,USD,[],False,{}
2026-03-09 07:07:04.520218415+00:00,1000843.50,0.00,1000843.50,USD,GLBX-001,MARGIN,USD,[],False,{}
2026-03-09 07:10:24.591464121+00:00,1000845.75,0.00,1000845.75,USD,GLBX-001,MARGIN,USD,[],False,{}
2026-03-09 07:10:24.591464121+00:00,1000845.75,0.00,1000845.75,USD,GLBX-001,MARGIN,USD,[],False,{}
2026-03-09 07:10:30.764960042+00:00,1000844.25,0.00,1000844.25,USD,GLBX-001,MARGIN,USD,[],False,{}
2026-03-09 07:10:30.764960042+00:00,1000844.25,0.00,1000844.25,USD,GLBX-001,MARGIN,USD,[],False,{}
2026-03-09 07:10:42.299985657+00:00,1000843.75,0.00,1000843.75,USD,GLBX-001,MARGIN,USD,[],False,{}
2026-03-09 07:10:42.299985657+00:00,1000843.75,0.00,1000843.75,USD,GLBX-001,MARGIN,USD,[],False,{}
2026-03-09 07:11:34.951599647+00:00,1000847.50,0.00,1000847.50,USD,GLBX-001,MARGIN,USD,[],False,{}
2026-03-09 07:11:34.951599647+00:00,1000847.50,0.00,1000847.50,USD,GLBX-001,MARGIN,USD,[],False,{}
2026-03-09 07:12:53.458466175+00:00,1000848.25,0.00,1000848.25,USD,GLBX-001,MARGIN,USD,[],False,{}
2026-03-09 07:12:53.458466175+00:00,1000848.25,0.00,1000848.25,USD,GLBX-001,MARGIN,USD,[],False,{}
2026-03-09 07:15:58.847193349+00:00,1000854.00,0.00,1000854.00,USD,GLBX-001,MARGIN,USD,[],False,{}
2026-03-09 07:15:58.847193349+00:00,1000854.00,0.00,1000854.00,USD,GLBX-001,MARGIN,USD,[],False,{}
2026-03-09 07:18:59.875654554+00:00,1000862.25,0.00,1000862.25,USD,GLBX-001,MARGIN,USD,[],False,{}
2026-03-09 07:18:59.875654554+00:00,1000862.25,0.00,1000862.25,USD,GLBX-001,MARGIN,USD,[],False,{}
2026-03-09 07:20:20.983631589+00:00,1000866.75,0.00,1000866.75,USD,GLBX-001,MARGIN,USD,[],False,{}
2026-03-09 07:20:20.983631589+00:00,1000866.75,0.00,1000866.75,USD,GLBX-001,MARGIN,USD,[],False,{}
2026-03-09 07:21:02.604937798+00:00,1000867.00,0.00,1000867.00,USD,GLBX-001,MARGIN,USD,[],False,{}
2026-03-09 07:21:02.604937798+00:00,1000867.00,0.00,1000867.00,USD,GLBX-001,MARGIN,USD,[],False,{}
2026-03-09 07:24:14.836789864+00:00,1000877.00,0.00,1000877.00,USD,GLBX-001,MARGIN,USD,[],False,{}
2026-03-09 07:24:14.836789864+00:00,1000877.00,0.00,1000877.00,USD,GLBX-001,MARGIN,USD,[],False,{}
2026-03-09 07:25:28.851766418+00:00,1000879.25,0.00,1000879.25,USD,GLBX-001,MARGIN,USD,[],False,{}
2026-03-09 07:25:28.851766418+00:00,1000879.25,0.00,1000879.25,USD,GLBX-001,MARGIN,USD,[],False,{}
2026-03-09 07:27:03.489368768+00:00,1000881.00,0.00,1000881.00,USD,GLBX-001,MARGIN,USD,[],False,{}
2026-03-09 07:27:03.489368768+00:00,1000881.00,0.00,1000881.00,USD,GLBX-001,MARGIN,USD,[],False,{}
2026-03-09 07:28:10.428456367+00:00,1000882.00,0.00,1000882.00,USD,GLBX-001,MARGIN,USD,[],False,{}
2026-03-09 07:28:10.428456367+00:00,1000882.00,0.00,1000882.00,USD,GLBX-001,MARGIN,USD,[],False,{}
2026-03-09 07:28:23.227637917+00:00,1000882.00,0.00,1000882.00,USD,GLBX-001,MARGIN,USD,[],False,{}
2026-03-09 07:28:23.227637917+00:00,1000882.00,0.00,1000882.00,USD,GLBX-001,MARGIN,USD,[],False,{}
2026-03-09 07:28:39.777979704+00:00,1000881.75,0.00,1000881.75,USD,GLBX-001,MARGIN,USD,[],False,{}
2026-03-09 07:28:39.777979704+00:00,1000881.75,0.00,1000881.75,USD,GLBX-001,MARGIN,USD,[],False,{}
2026-03-09 07:28:52.829047600+00:00,1000882.50,0.00,1000882.50,USD,GLBX-001,MARGIN,USD,[],False,{}
2026-03-09 07:28:52.829047600+00:00,1000882.50,0.00,1000882.50,USD,GLBX-001,MARGIN,USD,[],False,{}
2026-03-09 07:29:25.430800423+00:00,1000884.00,0.00,1000884.00,USD,GLBX-001,MARGIN,USD,[],False,{}
2026-03-09 07:29:25.430800423+00:00,1000884.00,0.00,1000884.00,USD,GLBX-001,MARGIN,USD,[],False,{}
2026-03-09 07:30:09.570810306+00:00,1000885.00,0.00,1000885.00,USD,GLBX-001,MARGIN,USD,[],False,{}
2026-03-09 07:30:09.570810306+00:00,1000885.00,0.00,1000885.00,USD,GLBX-001,MARGIN,USD,[],False,{}
2026-03-09 07:31:00.705765453+00:00,1000888.25,0.00,1000888.25,USD,GLBX-001,MARGIN,USD,[],False,{}
2026-03-09 07:31:00.705765453+00:00,1000888.25,0.00,1000888.25,USD,GLBX-001,MARGIN,USD,[],False,{}
2026-03-09 07:31:20.656276909+00:00,1000889.25,0.00,1000889.25,USD,GLBX-001,MARGIN,USD,[],False,{}
2026-03-09 07:31:20.656276909+00:00,1000889.25,0.00,1000889.25,USD,GLBX-001,MARGIN,USD,[],False,{}
2026-03-09 07:34:38.241817538+00:00,1000894.25,0.00,1000894.25,USD,GLBX-001,MARGIN,USD,[],False,{}
2026-03-09 07:34:38.241817538+00:00,1000894.25,0.00,1000894.25,USD,GLBX-001,MARGIN,USD,[],False,{}
2026-03-09 07:34:55.372311997+00:00,1000894.75,0.00,1000894.75,USD,GLBX-001,MARGIN,USD,[],False,{}
2026-03-09 07:34:55.372311997+00:00,1000894.75,0.00,1000894.75,USD,GLBX-001,MARGIN,USD,[],False,{}
2026-03-09 07:36:04.067918503+00:00,1000896.00,0.00,1000896.00,USD,GLBX-001,MARGIN,USD,[],False,{}
2026-03-09 07:36:04.067918503+00:00,1000896.00,0.00,1000896.00,USD,GLBX-001,MARGIN,USD,[],False,{}
2026-03-09 07:37:12.633670184+00:00,1000904.25,0.00,1000904.25,USD,GLBX-001,MARGIN,USD,[],False,{}
2026-03-09 07:37:12.633670184+00:00,1000904.25,0.00,1000904.25,USD,GLBX-001,MARGIN,USD,[],False,{}
2026-03-09 07:37:58.270084283+00:00,1000905.25,0.00,1000905.25,USD,GLBX-001,MARGIN,USD,[],False,{}
2026-03-09 07:37:58.270084283+00:00,1000905.25,0.00,1000905.25,USD,GLBX-001,MARGIN,USD,[],False,{}
2026-03-09 07:38:46.274156328+00:00,1000906.75,0.00,1000906.75,USD,GLBX-001,MARGIN,USD,[],False,{}
2026-03-09 07:38:46.274156328+00:00,1000906.75,0.00,1000906.75,USD,GLBX-001,MARGIN,USD,[],False,{}
2026-03-09 07:40:30.839178415+00:00,1000909.25,0.00,1000909.25,USD,GLBX-001,MARGIN,USD,[],False,{}
2026-03-09 07:40:30.839178415+00:00,1000909.25,0.00,1000909.25,USD,GLBX-001,MARGIN,USD,[],False,{}
2026-03-09 07:42:50.720887843+00:00,1000910.00,0.00,1000910.00,USD,GLBX-001,MARGIN,USD,[],False,{}
2026-03-09 07:42:50.720887843+00:00,1000910.00,0.00,1000910.00,USD,GLBX-001,MARGIN,USD,[],False,{}
2026-03-09 07:47:00.887476253+00:00,1000915.00,0.00,1000915.00,USD,GLBX-001,MARGIN,USD,[],False,{}
2026-03-09 07:47:00.887476253+00:00,1000915.00,0.00,1000915.00,USD,GLBX-001,MARGIN,USD,[],False,{}
2026-03-09 07:50:18.625101592+00:00,1000919.00,0.00,1000919.00,USD,GLBX-001,MARGIN,USD,[],False,{}
2026-03-09 07:50:18.625101592+00:00,1000919.00,0.00,1000919.00,USD,GLBX-001,MARGIN,USD,[],False,{}
2026-03-09 07:51:46.100415280+00:00,1000921.25,0.00,1000921.25,USD,GLBX-001,MARGIN,USD,[],False,{}
2026-03-09 07:51:46.100415280+00:00,1000921.25,0.00,1000921.25,USD,GLBX-001,MARGIN,USD,[],False,{}
2026-03-09 07:57:17.799530594+00:00,1000925.00,0.00,1000925.00,USD,GLBX-001,MARGIN,USD,[],False,{}
2026-03-09 07:57:17.799530594+00:00,1000925.00,0.00,1000925.00,USD,GLBX-001,MARGIN,USD,[],False,{}
2026-03-09 07:59:22.551754530+00:00,1000929.25,0.00,1000929.25,USD,GLBX-001,MARGIN,USD,[],False,{}
2026-03-09 07:59:22.551754530+00:00,1000929.25,0.00,1000929.25,USD,GLBX-001,MARGIN,USD,[],False,{}
2026-03-09 07:59:55.033569837+00:00,1000929.50,0.00,1000929.50,USD,GLBX-001,MARGIN,USD,[],False,{}
2026-03-09 07:59:55.033569837+00:00,1000929.50,0.00,1000929.50,USD,GLBX-001,MARGIN,USD,[],False,{}
2026-03-09 08:00:00.039049200+00:00,1000927.00,0.00,1000927.00,USD,GLBX-001,MARGIN,USD,[],False,{}
2026-03-09 08:00:00.039049200+00:00,1000927.00,0.00,1000927.00,USD,GLBX-001,MARGIN,USD,[],False,{}
2026-03-09 08:00:02.038757645+00:00,1000929.00,0.00,1000929.00,USD,GLBX-001,MARGIN,USD,[],False,{}
2026-03-09 08:00:02.038757645+00:00,1000929.00,0.00,1000929.00,USD,GLBX-001,MARGIN,USD,[],False,{}
2026-03-09 08:00:25.990319363+00:00,1000932.75,0.00,1000932.75,USD,GLBX-001,MARGIN,USD,[],False,{}
2026-03-09 08:00:25.990319363+00:00,1000932.75,0.00,1000932.75,USD,GLBX-001,MARGIN,USD,[],False,{}
2026-03-09 08:01:44.027594501+00:00,1000939.75,0.00,1000939.75,USD,GLBX-001,MARGIN,USD,[],False,{}
2026-03-09 08:01:44.027594501+00:00,1000939.75,0.00,1000939.75,USD,GLBX-001,MARGIN,USD,[],False,{}
2026-03-09 08:02:45.337475813+00:00,1000944.00,0.00,1000944.00,USD,GLBX-001,MARGIN,USD,[],False,{}
2026-03-09 08:02:45.337475813+00:00,1000944.00,0.00,1000944.00,USD,GLBX-001,MARGIN,USD,[],False,{}
2026-03-09 08:02:56.721853925+00:00,1000944.75,0.00,1000944.75,USD,GLBX-001,MARGIN,USD,[],False,{}
2026-03-09 08:02:56.721853925+00:00,1000944.75,0.00,1000944.75,USD,GLBX-001,MARGIN,USD,[],False,{}
2026-03-09 08:04:55.965032272+00:00,1000949.25,0.00,1000949.25,USD,GLBX-001,MARGIN,USD,[],False,{}
2026-03-09 08:04:55.965032272+00:00,1000949.25,0.00,1000949.25,USD,GLBX-001,MARGIN,USD,[],False,{}
2026-03-09 08:05:44.165372845+00:00,1000954.25,0.00,1000954.25,USD,GLBX-001,MARGIN,USD,[],False,{}
2026-03-09 08:05:44.165372845+00:00,1000954.25,0.00,1000954.25,USD,GLBX-001,MARGIN,USD,[],False,{}
2026-03-09 08:07:05.015801219+00:00,1000959.25,0.00,1000959.25,USD,GLBX-001,MARGIN,USD,[],False,{}
2026-03-09 08:07:05.015801219+00:00,1000959.25,0.00,1000959.25,USD,GLBX-001,MARGIN,USD,[],False,{}
2026-03-09 08:08:58.553127267+00:00,1000966.25,0.00,1000966.25,USD,GLBX-001,MARGIN,USD,[],False,{}
2026-03-09 08:08:58.553127267+00:00,1000966.25,0.00,1000966.25,USD,GLBX-001,MARGIN,USD,[],False,{}
2026-03-09 08:11:12.267398599+00:00,1000973.25,0.00,1000973.25,USD,GLBX-001,MARGIN,USD,[],False,{}
2026-03-09 08:11:12.267398599+00:00,1000973.25,0.00,1000973.25,USD,GLBX-001,MARGIN,USD,[],False,{}
2026-03-09 08:12:40.146476127+00:00,1000975.25,0.00,1000975.25,USD,GLBX-001,MARGIN,USD,[],False,{}
2026-03-09 08:12:40.146476127+00:00,1000975.25,0.00,1000975.25,USD,GLBX-001,MARGIN,USD,[],False,{}
2026-03-09 08:16:27.691674655+00:00,1000983.75,0.00,1000983.75,USD,GLBX-001,MARGIN,USD,[],False,{}
2026-03-09 08:16:27.691674655+00:00,1000983.75,0.00,1000983.75,USD,GLBX-001,MARGIN,USD,[],False,{}
2026-03-09 08:18:04.295586751+00:00,1000993.25,0.00,1000993.25,USD,GLBX-001,MARGIN,USD,[],False,{}
2026-03-09 08:18:04.295586751+00:00,1000993.25,0.00,1000993.25,USD,GLBX-001,MARGIN,USD,[],False,{}
2026-03-09 08:20:23.554840159+00:00,1000998.25,0.00,1000998.25,USD,GLBX-001,MARGIN,USD,[],False,{}
2026-03-09 08:20:23.554840159+00:00,1000998.25,0.00,1000998.25,USD,GLBX-001,MARGIN,USD,[],False,{}
2026-03-09 08:23:34.420305979+00:00,1001014.25,0.00,1001014.25,USD,GLBX-001,MARGIN,USD,[],False,{}
2026-03-09 08:23:34.420305979+00:00,1001014.25,0.00,1001014.25,USD,GLBX-001,MARGIN,USD,[],False,{}
2026-03-09 08:24:20.484297573+00:00,1001015.50,0.00,1001015.50,USD,GLBX-001,MARGIN,USD,[],False,{}
2026-03-09 08:24:20.484297573+00:00,1001015.50,0.00,1001015.50,USD,GLBX-001,MARGIN,USD,[],False,{}
2026-03-09 08:25:17.534241560+00:00,1001016.50,0.00,1001016.50,USD,GLBX-001,MARGIN,USD,[],False,{}
2026-03-09 08:25:17.534241560+00:00,1001016.50,0.00,1001016.50,USD,GLBX-001,MARGIN,USD,[],False,{}
2026-03-09 08:28:55.068848306+00:00,1001021.00,0.00,1001021.00,USD,GLBX-001,MARGIN,USD,[],False,{}
2026-03-09 08:28:55.068848306+00:00,1001021.00,0.00,1001021.00,USD,GLBX-001,MARGIN,USD,[],False,{}
2026-03-09 08:28:57.668241019+00:00,1001021.00,0.00,1001021.00,USD,GLBX-001,MARGIN,USD,[],False,{}
2026-03-09 08:28:57.668241019+00:00,1001021.00,0.00,1001021.00,USD,GLBX-001,MARGIN,USD,[],False,{}
2026-03-09 08:29:05.050970175+00:00,1001021.50,0.00,1001021.50,USD,GLBX-001,MARGIN,USD,[],False,{}
2026-03-09 08:29:05.050970175+00:00,1001021.50,0.00,1001021.50,USD,GLBX-001,MARGIN,USD,[],False,{}
2026-03-09 08:29:39.841969360+00:00,1001021.00,0.00,1001021.00,USD,GLBX-001,MARGIN,USD,[],False,{}
2026-03-09 08:29:39.841969360+00:00,1001021.00,0.00,1001021.00,USD,GLBX-001,MARGIN,USD,[],False,{}
2026-03-09 08:29:54.713178607+00:00,1001023.00,0.00,1001023.00,USD,GLBX-001,MARGIN,USD,[],False,{}
2026-03-09 08:29:54.713178607+00:00,1001023.00,0.00,1001023.00,USD,GLBX-001,MARGIN,USD,[],False,{}
2026-03-09 08:31:20.947406531+00:00,1001026.00,0.00,1001026.00,USD,GLBX-001,MARGIN,USD,[],False,{}
2026-03-09 08:31:20.947406531+00:00,1001026.00,0.00,1001026.00,USD,GLBX-001,MARGIN,USD,[],False,{}
2026-03-09 08:32:15.826533387+00:00,1001027.00,0.00,1001027.00,USD,GLBX-001,MARGIN,USD,[],False,{}
2026-03-09 08:32:15.826533387+00:00,1001027.00,0.00,1001027.00,USD,GLBX-001,MARGIN,USD,[],False,{}
2026-03-09 08:33:30.547472011+00:00,1001034.00,0.00,1001034.00,USD,GLBX-001,MARGIN,USD,[],False,{}
2026-03-09 08:33:30.547472011+00:00,1001034.00,0.00,1001034.00,USD,GLBX-001,MARGIN,USD,[],False,{}
2026-03-09 08:34:07.408403320+00:00,1001034.25,0.00,1001034.25,USD,GLBX-001,MARGIN,USD,[],False,{}
2026-03-09 08:34:07.408403320+00:00,1001034.25,0.00,1001034.25,USD,GLBX-001,MARGIN,USD,[],False,{}
2026-03-09 08:35:06.511643227+00:00,1001038.25,0.00,1001038.25,USD,GLBX-001,MARGIN,USD,[],False,{}
2026-03-09 08:35:06.511643227+00:00,1001038.25,0.00,1001038.25,USD,GLBX-001,MARGIN,USD,[],False,{}
2026-03-09 08:35:32.261117159+00:00,1001039.00,0.00,1001039.00,USD,GLBX-001,MARGIN,USD,[],False,{}
2026-03-09 08:35:32.261117159+00:00,1001039.00,0.00,1001039.00,USD,GLBX-001,MARGIN,USD,[],False,{}
2026-03-09 08:36:22.981979706+00:00,1001038.75,0.00,1001038.75,USD,GLBX-001,MARGIN,USD,[],False,{}
2026-03-09 08:36:22.981979706+00:00,1001038.75,0.00,1001038.75,USD,GLBX-001,MARGIN,USD,[],False,{}
2026-03-09 08:41:06.904940829+00:00,1001045.75,0.00,1001045.75,USD,GLBX-001,MARGIN,USD,[],False,{}
2026-03-09 08:41:06.904940829+00:00,1001045.75,0.00,1001045.75,USD,GLBX-001,MARGIN,USD,[],False,{}
2026-03-09 08:41:27.723933351+00:00,1001044.75,0.00,1001044.75,USD,GLBX-001,MARGIN,USD,[],False,{}
2026-03-09 08:41:27.723933351+00:00,1001044.75,0.00,1001044.75,USD,GLBX-001,MARGIN,USD,[],False,{}
2026-03-09 08:42:01.445730304+00:00,1001046.75,0.00,1001046.75,USD,GLBX-001,MARGIN,USD,[],False,{}
2026-03-09 08:42:01.445730304+00:00,1001046.75,0.00,1001046.75,USD,GLBX-001,MARGIN,USD,[],False,{}
2026-03-09 08:43:09.225470810+00:00,1001048.50,0.00,1001048.50,USD,GLBX-001,MARGIN,USD,[],False,{}
2026-03-09 08:43:09.225470810+00:00,1001048.50,0.00,1001048.50,USD,GLBX-001,MARGIN,USD,[],False,{}
2026-03-09 08:45:17.223214653+00:00,1001054.25,0.00,1001054.25,USD,GLBX-001,MARGIN,USD,[],False,{}
2026-03-09 08:45:17.223214653+00:00,1001054.25,0.00,1001054.25,USD,GLBX-001,MARGIN,USD,[],False,{}
2026-03-09 08:49:02.375944925+00:00,1001062.50,0.00,1001062.50,USD,GLBX-001,MARGIN,USD,[],False,{}
2026-03-09 08:49:02.375944925+00:00,1001062.50,0.00,1001062.50,USD,GLBX-001,MARGIN,USD,[],False,{}
2026-03-09 08:50:17.807755833+00:00,1001061.25,0.00,1001061.25,USD,GLBX-001,MARGIN,USD,[],False,{}
2026-03-09 08:50:17.807755833+00:00,1001061.25,0.00,1001061.25,USD,GLBX-001,MARGIN,USD,[],False,{}
2026-03-09 08:52:00.909425727+00:00,1001063.25,0.00,1001063.25,USD,GLBX-001,MARGIN,USD,[],False,{}
2026-03-09 08:52:00.909425727+00:00,1001063.25,0.00,1001063.25,USD,GLBX-001,MARGIN,USD,[],False,{}
2026-03-09 08:53:38.455429581+00:00,1001063.25,0.00,1001063.25,USD,GLBX-001,MARGIN,USD,[],False,{}
2026-03-09 08:53:38.455429581+00:00,1001063.25,0.00,1001063.25,USD,GLBX-001,MARGIN,USD,[],False,{}
2026-03-09 08:55:12.728743637+00:00,1001065.50,0.00,1001065.50,USD,GLBX-001,MARGIN,USD,[],False,{}
2026-03-09 08:55:12.728743637+00:00,1001065.50,0.00,1001065.50,USD,GLBX-001,MARGIN,USD,[],False,{}
2026-03-09 08:59:02.279593944+00:00,1001071.25,0.00,1001071.25,USD,GLBX-001,MARGIN,USD,[],False,{}
2026-03-09 08:59:02.279593944+00:00,1001071.25,0.00,1001071.25,USD,GLBX-001,MARGIN,USD,[],False,{}
2026-03-09 09:02:12.182732491+00:00,1001077.25,0.00,1001077.25,USD,GLBX-001,MARGIN,USD,[],False,{}
2026-03-09 09:02:12.182732491+00:00,1001077.25,0.00,1001077.25,USD,GLBX-001,MARGIN,USD,[],False,{}
2026-03-09 09:05:22.399777699+00:00,1001085.25,0.00,1001085.25,USD,GLBX-001,MARGIN,USD,[],False,{}
2026-03-09 09:05:22.399777699+00:00,1001085.25,0.00,1001085.25,USD,GLBX-001,MARGIN,USD,[],False,{}
2026-03-09 09:05:35.965845410+00:00,1001086.25,0.00,1001086.25,USD,GLBX-001,MARGIN,USD,[],False,{}
2026-03-09 09:05:35.965845410+00:00,1001086.25,0.00,1001086.25,USD,GLBX-001,MARGIN,USD,[],False,{}
2026-03-09 09:06:31.030295989+00:00,1001087.25,0.00,1001087.25,USD,GLBX-001,MARGIN,USD,[],False,{}
2026-03-09 09:06:31.030295989+00:00,1001087.25,0.00,1001087.25,USD,GLBX-001,MARGIN,USD,[],False,{}
2026-03-09 09:10:13.954134882+00:00,1001092.00,0.00,1001092.00,USD,GLBX-001,MARGIN,USD,[],False,{}
2026-03-09 09:10:13.954134882+00:00,1001092.00,0.00,1001092.00,USD,GLBX-001,MARGIN,USD,[],False,{}
2026-03-09 09:11:35.150612754+00:00,1001095.75,0.00,1001095.75,USD,GLBX-001,MARGIN,USD,[],False,{}
2026-03-09 09:11:35.150612754+00:00,1001095.75,0.00,1001095.75,USD,GLBX-001,MARGIN,USD,[],False,{}
2026-03-09 09:12:39.465983010+00:00,1001101.75,0.00,1001101.75,USD,GLBX-001,MARGIN,USD,[],False,{}
2026-03-09 09:12:39.465983010+00:00,1001101.75,0.00,1001101.75,USD,GLBX-001,MARGIN,USD,[],False,{}
2026-03-09 09:13:09.777063392+00:00,1001102.50,0.00,1001102.50,USD,GLBX-001,MARGIN,USD,[],False,{}
2026-03-09 09:13:09.777063392+00:00,1001102.50,0.00,1001102.50,USD,GLBX-001,MARGIN,USD,[],False,{}
2026-03-09 09:16:02.917848344+00:00,1001113.00,0.00,1001113.00,USD,GLBX-001,MARGIN,USD,[],False,{}
2026-03-09 09:16:02.917848344+00:00,1001113.00,0.00,1001113.00,USD,GLBX-001,MARGIN,USD,[],False,{}
2026-03-09 09:16:20.796714718+00:00,1001114.25,0.00,1001114.25,USD,GLBX-001,MARGIN,USD,[],False,{}
2026-03-09 09:16:20.796714718+00:00,1001114.25,0.00,1001114.25,USD,GLBX-001,MARGIN,USD,[],False,{}
2026-03-09 09:18:37.386382727+00:00,1001121.75,0.00,1001121.75,USD,GLBX-001,MARGIN,USD,[],False,{}
2026-03-09 09:18:37.386382727+00:00,1001121.75,0.00,1001121.75,USD,GLBX-001,MARGIN,USD,[],False,{}
2026-03-09 09:19:24.703956071+00:00,1001125.00,0.00,1001125.00,USD,GLBX-001,MARGIN,USD,[],False,{}
2026-03-09 09:19:24.703956071+00:00,1001125.00,0.00,1001125.00,USD,GLBX-001,MARGIN,USD,[],False,{}
2026-03-09 09:21:32.815256357+00:00,1001135.00,0.00,1001135.00,USD,GLBX-001,MARGIN,USD,[],False,{}
2026-03-09 09:21:32.815256357+00:00,1001135.00,0.00,1001135.00,USD,GLBX-001,MARGIN,USD,[],False,{}
2026-03-09 09:22:49.656823236+00:00,1001136.00,0.00,1001136.00,USD,GLBX-001,MARGIN,USD,[],False,{}
2026-03-09 09:22:49.656823236+00:00,1001136.00,0.00,1001136.00,USD,GLBX-001,MARGIN,USD,[],False,{}
2026-03-09 09:24:04.028383755+00:00,1001137.50,0.00,1001137.50,USD,GLBX-001,MARGIN,USD,[],False,{}
2026-03-09 09:24:04.028383755+00:00,1001137.50,0.00,1001137.50,USD,GLBX-001,MARGIN,USD,[],False,{}
2026-03-09 09:25:47.130936579+00:00,1001139.75,0.00,1001139.75,USD,GLBX-001,MARGIN,USD,[],False,{}
2026-03-09 09:25:47.130936579+00:00,1001139.75,0.00,1001139.75,USD,GLBX-001,MARGIN,USD,[],False,{}
2026-03-09 09:26:42.161736579+00:00,1001141.75,0.00,1001141.75,USD,GLBX-001,MARGIN,USD,[],False,{}
2026-03-09 09:26:42.161736579+00:00,1001141.75,0.00,1001141.75,USD,GLBX-001,MARGIN,USD,[],False,{}
2026-03-09 09:27:22.382924282+00:00,1001141.00,0.00,1001141.00,USD,GLBX-001,MARGIN,USD,[],False,{}
2026-03-09 09:27:22.382924282+00:00,1001141.00,0.00,1001141.00,USD,GLBX-001,MARGIN,USD,[],False,{}
2026-03-09 09:27:44.913504774+00:00,1001142.75,0.00,1001142.75,USD,GLBX-001,MARGIN,USD,[],False,{}
2026-03-09 09:27:44.913504774+00:00,1001142.75,0.00,1001142.75,USD,GLBX-001,MARGIN,USD,[],False,{}
2026-03-09 09:28:42.824110215+00:00,1001147.50,0.00,1001147.50,USD,GLBX-001,MARGIN,USD,[],False,{}
2026-03-09 09:28:42.824110215+00:00,1001147.50,0.00,1001147.50,USD,GLBX-001,MARGIN,USD,[],False,{}
2026-03-09 09:29:55.747625658+00:00,1001149.50,0.00,1001149.50,USD,GLBX-001,MARGIN,USD,[],False,{}
2026-03-09 09:29:55.747625658+00:00,1001149.50,0.00,1001149.50,USD,GLBX-001,MARGIN,USD,[],False,{}
2026-03-09 09:31:03.848200341+00:00,1001154.25,0.00,1001154.25,USD,GLBX-001,MARGIN,USD,[],False,{}
2026-03-09 09:31:03.848200341+00:00,1001154.25,0.00,1001154.25,USD,GLBX-001,MARGIN,USD,[],False,{}
2026-03-09 09:33:02.253606615+00:00,1001171.25,0.00,1001171.25,USD,GLBX-001,MARGIN,USD,[],False,{}
2026-03-09 09:33:02.253606615+00:00,1001171.25,0.00,1001171.25,USD,GLBX-001,MARGIN,USD,[],False,{}
2026-03-09 09:33:13.970100781+00:00,1001169.25,0.00,1001169.25,USD,GLBX-001,MARGIN,USD,[],False,{}
2026-03-09 09:33:13.970100781+00:00,1001169.25,0.00,1001169.25,USD,GLBX-001,MARGIN,USD,[],False,{}
2026-03-09 09:33:55.642661392+00:00,1001171.25,0.00,1001171.25,USD,GLBX-001,MARGIN,USD,[],False,{}
2026-03-09 09:33:55.642661392+00:00,1001171.25,0.00,1001171.25,USD,GLBX-001,MARGIN,USD,[],False,{}
2026-03-09 09:34:35.315543371+00:00,1001171.50,0.00,1001171.50,USD,GLBX-001,MARGIN,USD,[],False,{}
2026-03-09 09:34:35.315543371+00:00,1001171.50,0.00,1001171.50,USD,GLBX-001,MARGIN,USD,[],False,{}
2026-03-09 09:35:16.179671309+00:00,1001173.00,0.00,1001173.00,USD,GLBX-001,MARGIN,USD,[],False,{}
2026-03-09 09:35:16.179671309+00:00,1001173.00,0.00,1001173.00,USD,GLBX-001,MARGIN,USD,[],False,{}
2026-03-09 09:37:08.314802547+00:00,1001180.25,0.00,1001180.25,USD,GLBX-001,MARGIN,USD,[],False,{}
2026-03-09 09:37:08.314802547+00:00,1001180.25,0.00,1001180.25,USD,GLBX-001,MARGIN,USD,[],False,{}
2026-03-09 09:37:12.720887925+00:00,1001181.00,0.00,1001181.00,USD,GLBX-001,MARGIN,USD,[],False,{}
2026-03-09 09:37:12.720887925+00:00,1001181.00,0.00,1001181.00,USD,GLBX-001,MARGIN,USD,[],False,{}
2026-03-09 09:38:20.813991585+00:00,1001184.50,0.00,1001184.50,USD,GLBX-001,MARGIN,USD,[],False,{}
2026-03-09 09:38:20.813991585+00:00,1001184.50,0.00,1001184.50,USD,GLBX-001,MARGIN,USD,[],False,{}
2026-03-09 09:39:48.441884337+00:00,1001189.00,0.00,1001189.00,USD,GLBX-001,MARGIN,USD,[],False,{}
2026-03-09 09:39:48.441884337+00:00,1001189.00,0.00,1001189.00,USD,GLBX-001,MARGIN,USD,[],False,{}
2026-03-09 09:40:35.025021107+00:00,1001191.00,0.00,1001191.00,USD,GLBX-001,MARGIN,USD,[],False,{}
2026-03-09 09:40:35.025021107+00:00,1001191.00,0.00,1001191.00,USD,GLBX-001,MARGIN,USD,[],False,{}
2026-03-09 09:41:23.485872704+00:00,1001191.75,0.00,1001191.75,USD,GLBX-001,MARGIN,USD,[],False,{}
2026-03-09 09:41:23.485872704+00:00,1001191.75,0.00,1001191.75,USD,GLBX-001,MARGIN,USD,[],False,{}
2026-03-09 09:41:34.764425359+00:00,1001191.25,0.00,1001191.25,USD,GLBX-001,MARGIN,USD,[],False,{}
2026-03-09 09:41:34.764425359+00:00,1001191.25,0.00,1001191.25,USD,GLBX-001,MARGIN,USD,[],False,{}
2026-03-09 09:42:42.796965300+00:00,1001192.25,0.00,1001192.25,USD,GLBX-001,MARGIN,USD,[],False,{}
2026-03-09 09:42:42.796965300+00:00,1001192.25,0.00,1001192.25,USD,GLBX-001,MARGIN,USD,[],False,{}
2026-03-09 09:43:55.145125919+00:00,1001195.00,0.00,1001195.00,USD,GLBX-001,MARGIN,USD,[],False,{}
2026-03-09 09:43:55.145125919+00:00,1001195.00,0.00,1001195.00,USD,GLBX-001,MARGIN,USD,[],False,{}
2026-03-09 09:45:29.805624391+00:00,1001199.00,0.00,1001199.00,USD,GLBX-001,MARGIN,USD,[],False,{}
2026-03-09 09:45:29.805624391+00:00,1001199.00,0.00,1001199.00,USD,GLBX-001,MARGIN,USD,[],False,{}
2026-03-09 09:47:56.460075150+00:00,1001208.00,0.00,1001208.00,USD,GLBX-001,MARGIN,USD,[],False,{}
2026-03-09 09:47:56.460075150+00:00,1001208.00,0.00,1001208.00,USD,GLBX-001,MARGIN,USD,[],False,{}
2026-03-09 09:48:44.486005607+00:00,1001208.25,0.00,1001208.25,USD,GLBX-001,MARGIN,USD,[],False,{}
2026-03-09 09:48:44.486005607+00:00,1001208.25,0.00,1001208.25,USD,GLBX-001,MARGIN,USD,[],False,{}
2026-03-09 09:52:39.970125354+00:00,1001216.75,0.00,1001216.75,USD,GLBX-001,MARGIN,USD,[],False,{}
2026-03-09 09:52:39.970125354+00:00,1001216.75,0.00,1001216.75,USD,GLBX-001,MARGIN,USD,[],False,{}
2026-03-09 09:53:24.845336143+00:00,1001218.00,0.00,1001218.00,USD,GLBX-001,MARGIN,USD,[],False,{}
2026-03-09 09:53:24.845336143+00:00,1001218.00,0.00,1001218.00,USD,GLBX-001,MARGIN,USD,[],False,{}
2026-03-09 09:54:12.071384376+00:00,1001221.25,0.00,1001221.25,USD,GLBX-001,MARGIN,USD,[],False,{}
2026-03-09 09:54:12.071384376+00:00,1001221.25,0.00,1001221.25,USD,GLBX-001,MARGIN,USD,[],False,{}
2026-03-09 09:56:09.569868477+00:00,1001226.75,0.00,1001226.75,USD,GLBX-001,MARGIN,USD,[],False,{}
2026-03-09 09:56:09.569868477+00:00,1001226.75,0.00,1001226.75,USD,GLBX-001,MARGIN,USD,[],False,{}
2026-03-09 09:56:48.345620266+00:00,1001227.50,0.00,1001227.50,USD,GLBX-001,MARGIN,USD,[],False,{}
2026-03-09 09:56:48.345620266+00:00,1001227.50,0.00,1001227.50,USD,GLBX-001,MARGIN,USD,[],False,{}
2026-03-09 09:58:42.896700514+00:00,1001231.25,0.00,1001231.25,USD,GLBX-001,MARGIN,USD,[],False,{}
2026-03-09 09:58:42.896700514+00:00,1001231.25,0.00,1001231.25,USD,GLBX-001,MARGIN,USD,[],False,{}
2026-03-09 09:59:56.787147455+00:00,1001231.25,0.00,1001231.25,USD,GLBX-001,MARGIN,USD,[],False,{}
2026-03-09 09:59:56.787147455+00:00,1001231.25,0.00,1001231.25,USD,GLBX-001,MARGIN,USD,[],False,{}
2026-03-09 10:00:20.051877693+00:00,1001230.50,0.00,1001230.50,USD,GLBX-001,MARGIN,USD,[],False,{}
2026-03-09 10:00:20.051877693+00:00,1001230.50,0.00,1001230.50,USD,GLBX-001,MARGIN,USD,[],False,{}
2026-03-09 10:02:49.279699186+00:00,1001238.75,0.00,1001238.75,USD,GLBX-001,MARGIN,USD,[],False,{}
2026-03-09 10:02:49.279699186+00:00,1001238.75,0.00,1001238.75,USD,GLBX-001,MARGIN,USD,[],False,{}
2026-03-09 10:04:56.471354931+00:00,1001243.00,0.00,1001243.00,USD,GLBX-001,MARGIN,USD,[],False,{}
2026-03-09 10:04:56.471354931+00:00,1001243.00,0.00,1001243.00,USD,GLBX-001,MARGIN,USD,[],False,{}
2026-03-09 10:06:22.335355925+00:00,1001245.75,0.00,1001245.75,USD,GLBX-001,MARGIN,USD,[],False,{}
2026-03-09 10:06:22.335355925+00:00,1001245.75,0.00,1001245.75,USD,GLBX-001,MARGIN,USD,[],False,{}
2026-03-09 10:07:14.204250493+00:00,1001249.75,0.00,1001249.75,USD,GLBX-001,MARGIN,USD,[],False,{}
2026-03-09 10:07:14.204250493+00:00,1001249.75,0.00,1001249.75,USD,GLBX-001,MARGIN,USD,[],False,{}
2026-03-09 10:08:47.646410603+00:00,1001256.50,0.00,1001256.50,USD,GLBX-001,MARGIN,USD,[],False,{}
2026-03-09 10:08:47.646410603+00:00,1001256.50,0.00,1001256.50,USD,GLBX-001,MARGIN,USD,[],False,{}
2026-03-09 10:08:50.445976082+00:00,1001257.75,0.00,1001257.75,USD,GLBX-001,MARGIN,USD,[],False,{}
2026-03-09 10:08:50.445976082+00:00,1001257.75,0.00,1001257.75,USD,GLBX-001,MARGIN,USD,[],False,{}
2026-03-09 10:09:03.209659931+00:00,1001260.25,0.00,1001260.25,USD,GLBX-001,MARGIN,USD,[],False,{}
2026-03-09 10:09:03.209659931+00:00,1001260.25,0.00,1001260.25,USD,GLBX-001,MARGIN,USD,[],False,{}
2026-03-09 10:11:59.317790298+00:00,1001263.50,0.00,1001263.50,USD,GLBX-001,MARGIN,USD,[],False,{}
2026-03-09 10:11:59.317790298+00:00,1001263.50,0.00,1001263.50,USD,GLBX-001,MARGIN,USD,[],False,{}
2026-03-09 10:14:38.032132223+00:00,1001269.25,0.00,1001269.25,USD,GLBX-001,MARGIN,USD,[],False,{}
2026-03-09 10:14:38.032132223+00:00,1001269.25,0.00,1001269.25,USD,GLBX-001,MARGIN,USD,[],False,{}
2026-03-09 10:15:20.527722401+00:00,1001272.50,0.00,1001272.50,USD,GLBX-001,MARGIN,USD,[],False,{}
2026-03-09 10:15:20.527722401+00:00,1001272.50,0.00,1001272.50,USD,GLBX-001,MARGIN,USD,[],False,{}
2026-03-09 10:16:04.066050907+00:00,1001272.50,0.00,1001272.50,USD,GLBX-001,MARGIN,USD,[],False,{}
2026-03-09 10:16:04.066050907+00:00,1001272.50,0.00,1001272.50,USD,GLBX-001,MARGIN,USD,[],False,{}
2026-03-09 10:17:25.976268477+00:00,1001276.25,0.00,1001276.25,USD,GLBX-001,MARGIN,USD,[],False,{}
2026-03-09 10:17:25.976268477+00:00,1001276.25,0.00,1001276.25,USD,GLBX-001,MARGIN,USD,[],False,{}
2026-03-09 10:19:35.989769947+00:00,1001276.50,0.00,1001276.50,USD,GLBX-001,MARGIN,USD,[],False,{}
2026-03-09 10:19:35.989769947+00:00,1001276.50,0.00,1001276.50,USD,GLBX-001,MARGIN,USD,[],False,{}
2026-03-09 10:22:06.893562763+00:00,1001277.75,0.00,1001277.75,USD,GLBX-001,MARGIN,USD,[],False,{}
2026-03-09 10:22:06.893562763+00:00,1001277.75,0.00,1001277.75,USD,GLBX-001,MARGIN,USD,[],False,{}
2026-03-09 10:24:03.688084448+00:00,1001283.75,0.00,1001283.75,USD,GLBX-001,MARGIN,USD,[],False,{}
2026-03-09 10:24:03.688084448+00:00,1001283.75,0.00,1001283.75,USD,GLBX-001,MARGIN,USD,[],False,{}
2026-03-09 10:24:14.120556587+00:00,1001287.50,0.00,1001287.50,USD,GLBX-001,MARGIN,USD,[],False,{}
2026-03-09 10:24:14.120556587+00:00,1001287.50,0.00,1001287.50,USD,GLBX-001,MARGIN,USD,[],False,{}
2026-03-09 10:25:19.682286971+00:00,1001290.00,0.00,1001290.00,USD,GLBX-001,MARGIN,USD,[],False,{}
2026-03-09 10:25:19.682286971+00:00,1001290.00,0.00,1001290.00,USD,GLBX-001,MARGIN,USD,[],False,{}
2026-03-09 10:27:13.577153784+00:00,1001291.00,0.00,1001291.00,USD,GLBX-001,MARGIN,USD,[],False,{}
2026-03-09 10:27:13.577153784+00:00,1001291.00,0.00,1001291.00,USD,GLBX-001,MARGIN,USD,[],False,{}
2026-03-09 10:30:59.484172035+00:00,1001298.50,0.00,1001298.50,USD,GLBX-001,MARGIN,USD,[],False,{}
2026-03-09 10:30:59.484172035+00:00,1001298.50,0.00,1001298.50,USD,GLBX-001,MARGIN,USD,[],False,{}
2026-03-09 10:31:30.955774087+00:00,1001301.50,0.00,1001301.50,USD,GLBX-001,MARGIN,USD,[],False,{}
2026-03-09 10:31:30.955774087+00:00,1001301.50,0.00,1001301.50,USD,GLBX-001,MARGIN,USD,[],False,{}
2026-03-09 10:32:27.633295153+00:00,1001303.00,0.00,1001303.00,USD,GLBX-001,MARGIN,USD,[],False,{}
2026-03-09 10:32:27.633295153+00:00,1001303.00,0.00,1001303.00,USD,GLBX-001,MARGIN,USD,[],False,{}
2026-03-09 10:38:30.921288442+00:00,1001312.00,0.00,1001312.00,USD,GLBX-001,MARGIN,USD,[],False,{}
2026-03-09 10:38:30.921288442+00:00,1001312.00,0.00,1001312.00,USD,GLBX-001,MARGIN,USD,[],False,{}
2026-03-09 10:38:45.181035063+00:00,1001318.00,0.00,1001318.00,USD,GLBX-001,MARGIN,USD,[],False,{}
2026-03-09 10:38:45.181035063+00:00,1001318.00,0.00,1001318.00,USD,GLBX-001,MARGIN,USD,[],False,{}
2026-03-09 10:41:45.811543648+00:00,1001324.00,0.00,1001324.00,USD,GLBX-001,MARGIN,USD,[],False,{}
2026-03-09 10:41:45.811543648+00:00,1001324.00,0.00,1001324.00,USD,GLBX-001,MARGIN,USD,[],False,{}
2026-03-09 10:43:47.165420083+00:00,1001329.50,0.00,1001329.50,USD,GLBX-001,MARGIN,USD,[],False,{}
2026-03-09 10:43:47.165420083+00:00,1001329.50,0.00,1001329.50,USD,GLBX-001,MARGIN,USD,[],False,{}
2026-03-09 10:44:28.406485899+00:00,1001330.25,0.00,1001330.25,USD,GLBX-001,MARGIN,USD,[],False,{}
2026-03-09 10:44:28.406485899+00:00,1001330.25,0.00,1001330.25,USD,GLBX-001,MARGIN,USD,[],False,{}
2026-03-09 10:51:10.996747664+00:00,1001336.50,0.00,1001336.50,USD,GLBX-001,MARGIN,USD,[],False,{}
2026-03-09 10:51:10.996747664+00:00,1001336.50,0.00,1001336.50,USD,GLBX-001,MARGIN,USD,[],False,{}
2026-03-09 10:52:12.393059440+00:00,1001339.00,0.00,1001339.00,USD,GLBX-001,MARGIN,USD,[],False,{}
2026-03-09 10:52:12.393059440+00:00,1001339.00,0.00,1001339.00,USD,GLBX-001,MARGIN,USD,[],False,{}
2026-03-09 10:53:14.671598528+00:00,1001339.50,0.00,1001339.50,USD,GLBX-001,MARGIN,USD,[],False,{}
2026-03-09 10:53:14.671598528+00:00,1001339.50,0.00,1001339.50,USD,GLBX-001,MARGIN,USD,[],False,{}
2026-03-09 10:54:23.247777383+00:00,1001343.50,0.00,1001343.50,USD,GLBX-001,MARGIN,USD,[],False,{}
2026-03-09 10:54:23.247777383+00:00,1001343.50,0.00,1001343.50,USD,GLBX-001,MARGIN,USD,[],False,{}
2026-03-09 10:54:35.606737667+00:00,1001345.25,0.00,1001345.25,USD,GLBX-001,MARGIN,USD,[],False,{}
2026-03-09 10:54:35.606737667+00:00,1001345.25,0.00,1001345.25,USD,GLBX-001,MARGIN,USD,[],False,{}
2026-03-09 10:54:55.663158495+00:00,1001346.25,0.00,1001346.25,USD,GLBX-001,MARGIN,USD,[],False,{}
2026-03-09 10:54:55.663158495+00:00,1001346.25,0.00,1001346.25,USD,GLBX-001,MARGIN,USD,[],False,{}
2026-03-09 10:55:02.604967031+00:00,1001347.00,0.00,1001347.00,USD,GLBX-001,MARGIN,USD,[],False,{}
2026-03-09 10:55:02.604967031+00:00,1001347.00,0.00,1001347.00,USD,GLBX-001,MARGIN,USD,[],False,{}
2026-03-09 10:55:10.326995338+00:00,1001346.50,0.00,1001346.50,USD,GLBX-001,MARGIN,USD,[],False,{}
2026-03-09 10:55:10.326995338+00:00,1001346.50,0.00,1001346.50,USD,GLBX-001,MARGIN,USD,[],False,{}
2026-03-09 10:55:20.461541093+00:00,1001347.25,0.00,1001347.25,USD,GLBX-001,MARGIN,USD,[],False,{}
2026-03-09 10:55:20.461541093+00:00,1001347.25,0.00,1001347.25,USD,GLBX-001,MARGIN,USD,[],False,{}
2026-03-09 10:55:30.926516427+00:00,1001347.25,0.00,1001347.25,USD,GLBX-001,MARGIN,USD,[],False,{}
2026-03-09 10:55:30.926516427+00:00,1001347.25,0.00,1001347.25,USD,GLBX-001,MARGIN,USD,[],False,{}
2026-03-09 10:56:33.242521845+00:00,1001349.75,0.00,1001349.75,USD,GLBX-001,MARGIN,USD,[],False,{}
2026-03-09 10:56:33.242521845+00:00,1001349.75,0.00,1001349.75,USD,GLBX-001,MARGIN,USD,[],False,{}
2026-03-09 10:59:06.109349371+00:00,1001352.25,0.00,1001352.25,USD,GLBX-001,MARGIN,USD,[],False,{}
2026-03-09 10:59:06.109349371+00:00,1001352.25,0.00,1001352.25,USD,GLBX-001,MARGIN,USD,[],False,{}
2026-03-09 11:00:37.420539831+00:00,1001352.75,0.00,1001352.75,USD,GLBX-001,MARGIN,USD,[],False,{}
2026-03-09 11:00:37.420539831+00:00,1001352.75,0.00,1001352.75,USD,GLBX-001,MARGIN,USD,[],False,{}
2026-03-09 11:03:24.855043707+00:00,1001360.00,0.00,1001360.00,USD,GLBX-001,MARGIN,USD,[],False,{}
2026-03-09 11:03:24.855043707+00:00,1001360.00,0.00,1001360.00,USD,GLBX-001,MARGIN,USD,[],False,{}
2026-03-09 11:04:54.901028013+00:00,1001362.25,0.00,1001362.25,USD,GLBX-001,MARGIN,USD,[],False,{}
2026-03-09 11:04:54.901028013+00:00,1001362.25,0.00,1001362.25,USD,GLBX-001,MARGIN,USD,[],False,{}
2026-03-09 11:05:24.098620517+00:00,1001364.75,0.00,1001364.75,USD,GLBX-001,MARGIN,USD,[],False,{}
2026-03-09 11:05:24.098620517+00:00,1001364.75,0.00,1001364.75,USD,GLBX-001,MARGIN,USD,[],False,{}
2026-03-09 11:06:40.151544138+00:00,1001366.50,0.00,1001366.50,USD,GLBX-001,MARGIN,USD,[],False,{}
2026-03-09 11:06:40.151544138+00:00,1001366.50,0.00,1001366.50,USD,GLBX-001,MARGIN,USD,[],False,{}
2026-03-09 11:07:22.684829549+00:00,1001369.00,0.00,1001369.00,USD,GLBX-001,MARGIN,USD,[],False,{}
2026-03-09 11:07:22.684829549+00:00,1001369.00,0.00,1001369.00,USD,GLBX-001,MARGIN,USD,[],False,{}
2026-03-09 11:10:54.406988594+00:00,1001374.75,0.00,1001374.75,USD,GLBX-001,MARGIN,USD,[],False,{}
2026-03-09 11:10:54.406988594+00:00,1001374.75,0.00,1001374.75,USD,GLBX-001,MARGIN,USD,[],False,{}
2026-03-09 11:12:05.793629232+00:00,1001377.25,0.00,1001377.25,USD,GLBX-001,MARGIN,USD,[],False,{}
2026-03-09 11:12:05.793629232+00:00,1001377.25,0.00,1001377.25,USD,GLBX-001,MARGIN,USD,[],False,{}
2026-03-09 11:16:39.061138896+00:00,1001384.75,0.00,1001384.75,USD,GLBX-001,MARGIN,USD,[],False,{}
2026-03-09 11:16:39.061138896+00:00,1001384.75,0.00,1001384.75,USD,GLBX-001,MARGIN,USD,[],False,{}
2026-03-09 11:17:12.996946071+00:00,1001385.25,0.00,1001385.25,USD,GLBX-001,MARGIN,USD,[],False,{}
2026-03-09 11:17:12.996946071+00:00,1001385.25,0.00,1001385.25,USD,GLBX-001,MARGIN,USD,[],False,{}
2026-03-09 11:18:34.101046098+00:00,1001387.75,0.00,1001387.75,USD,GLBX-001,MARGIN,USD,[],False,{}
2026-03-09 11:18:34.101046098+00:00,1001387.75,0.00,1001387.75,USD,GLBX-001,MARGIN,USD,[],False,{}
2026-03-09 11:19:34.492875437+00:00,1001389.75,0.00,1001389.75,USD,GLBX-001,MARGIN,USD,[],False,{}
2026-03-09 11:19:34.492875437+00:00,1001389.75,0.00,1001389.75,USD,GLBX-001,MARGIN,USD,[],False,{}
2026-03-09 11:21:01.117994508+00:00,1001394.75,0.00,1001394.75,USD,GLBX-001,MARGIN,USD,[],False,{}
2026-03-09 11:21:01.117994508+00:00,1001394.75,0.00,1001394.75,USD,GLBX-001,MARGIN,USD,[],False,{}
2026-03-09 11:24:18.673892427+00:00,1001402.50,0.00,1001402.50,USD,GLBX-001,MARGIN,USD,[],False,{}
2026-03-09 11:24:18.673892427+00:00,1001402.50,0.00,1001402.50,USD,GLBX-001,MARGIN,USD,[],False,{}
2026-03-09 11:26:30.116816572+00:00,1001402.75,0.00,1001402.75,USD,GLBX-001,MARGIN,USD,[],False,{}
2026-03-09 11:26:30.116816572+00:00,1001402.75,0.00,1001402.75,USD,GLBX-001,MARGIN,USD,[],False,{}
2026-03-09 11:28:18.687094431+00:00,1001404.00,0.00,1001404.00,USD,GLBX-001,MARGIN,USD,[],False,{}
2026-03-09 11:28:18.687094431+00:00,1001404.00,0.00,1001404.00,USD,GLBX-001,MARGIN,USD,[],False,{}
2026-03-09 11:30:31.441270117+00:00,1001409.75,0.00,1001409.75,USD,GLBX-001,MARGIN,USD,[],False,{}
2026-03-09 11:30:31.441270117+00:00,1001409.75,0.00,1001409.75,USD,GLBX-001,MARGIN,USD,[],False,{}
2026-03-09 11:32:29.095126877+00:00,1001412.00,0.00,1001412.00,USD,GLBX-001,MARGIN,USD,[],False,{}
2026-03-09 11:32:29.095126877+00:00,1001412.00,0.00,1001412.00,USD,GLBX-001,MARGIN,USD,[],False,{}
2026-03-09 11:33:43.928660067+00:00,1001412.50,0.00,1001412.50,USD,GLBX-001,MARGIN,USD,[],False,{}
2026-03-09 11:33:43.928660067+00:00,1001412.50,0.00,1001412.50,USD,GLBX-001,MARGIN,USD,[],False,{}
2026-03-09 11:37:35.608829539+00:00,1001423.75,0.00,1001423.75,USD,GLBX-001,MARGIN,USD,[],False,{}
2026-03-09 11:37:35.608829539+00:00,1001423.75,0.00,1001423.75,USD,GLBX-001,MARGIN,USD,[],False,{}
2026-03-09 11:41:34.744282219+00:00,1001433.25,0.00,1001433.25,USD,GLBX-001,MARGIN,USD,[],False,{}
2026-03-09 11:41:34.744282219+00:00,1001433.25,0.00,1001433.25,USD,GLBX-001,MARGIN,USD,[],False,{}
2026-03-09 11:43:10.543404343+00:00,1001436.75,0.00,1001436.75,USD,GLBX-001,MARGIN,USD,[],False,{}
2026-03-09 11:43:10.543404343+00:00,1001436.75,0.00,1001436.75,USD,GLBX-001,MARGIN,USD,[],False,{}
2026-03-09 11:44:39.131708655+00:00,1001438.25,0.00,1001438.25,USD,GLBX-001,MARGIN,USD,[],False,{}
2026-03-09 11:44:39.131708655+00:00,1001438.25,0.00,1001438.25,USD,GLBX-001,MARGIN,USD,[],False,{}
2026-03-09 11:46:58.826001904+00:00,1001441.75,0.00,1001441.75,USD,GLBX-001,MARGIN,USD,[],False,{}
2026-03-09 11:46:58.826001904+00:00,1001441.75,0.00,1001441.75,USD,GLBX-001,MARGIN,USD,[],False,{}
2026-03-09 11:50:47.313566634+00:00,1001448.25,0.00,1001448.25,USD,GLBX-001,MARGIN,USD,[],False,{}
2026-03-09 11:50:47.313566634+00:00,1001448.25,0.00,1001448.25,USD,GLBX-001,MARGIN,USD,[],False,{}
2026-03-09 11:54:01.611549485+00:00,1001456.50,0.00,1001456.50,USD,GLBX-001,MARGIN,USD,[],False,{}
2026-03-09 11:54:01.611549485+00:00,1001456.50,0.00,1001456.50,USD,GLBX-001,MARGIN,USD,[],False,{}
2026-03-09 11:58:04.090586992+00:00,1001461.75,0.00,1001461.75,USD,GLBX-001,MARGIN,USD,[],False,{}
2026-03-09 11:58:04.090586992+00:00,1001461.75,0.00,1001461.75,USD,GLBX-001,MARGIN,USD,[],False,{}
2026-03-09 11:58:23.272448823+00:00,1001461.50,0.00,1001461.50,USD,GLBX-001,MARGIN,USD,[],False,{}
2026-03-09 11:58:23.272448823+00:00,1001461.50,0.00,1001461.50,USD,GLBX-001,MARGIN,USD,[],False,{}
2026-03-09 11:59:25.864318493+00:00,1001462.75,0.00,1001462.75,USD,GLBX-001,MARGIN,USD,[],False,{}
2026-03-09 11:59:25.864318493+00:00,1001462.75,0.00,1001462.75,USD,GLBX-001,MARGIN,USD,[],False,{}
2026-03-09 12:06:57.764796849+00:00,1001476.75,0.00,1001476.75,USD,GLBX-001,MARGIN,USD,[],False,{}
2026-03-09 12:06:57.764796849+00:00,1001476.75,0.00,1001476.75,USD,GLBX-001,MARGIN,USD,[],False,{}
2026-03-09 12:08:35.778719248+00:00,1001482.00,0.00,1001482.00,USD,GLBX-001,MARGIN,USD,[],False,{}
2026-03-09 12:08:35.778719248+00:00,1001482.00,0.00,1001482.00,USD,GLBX-001,MARGIN,USD,[],False,{}
2026-03-09 12:10:23.079889968+00:00,1001483.00,0.00,1001483.00,USD,GLBX-001,MARGIN,USD,[],False,{}
2026-03-09 12:10:23.079889968+00:00,1001483.00,0.00,1001483.00,USD,GLBX-001,MARGIN,USD,[],False,{}
2026-03-09 12:11:09.660431595+00:00,1001484.50,0.00,1001484.50,USD,GLBX-001,MARGIN,USD,[],False,{}
2026-03-09 12:11:09.660431595+00:00,1001484.50,0.00,1001484.50,USD,GLBX-001,MARGIN,USD,[],False,{}
2026-03-09 12:12:39.880371730+00:00,1001486.75,0.00,1001486.75,USD,GLBX-001,MARGIN,USD,[],False,{}
2026-03-09 12:12:39.880371730+00:00,1001486.75,0.00,1001486.75,USD,GLBX-001,MARGIN,USD,[],False,{}
2026-03-09 12:13:24.209926198+00:00,1001488.25,0.00,1001488.25,USD,GLBX-001,MARGIN,USD,[],False,{}
2026-03-09 12:13:24.209926198+00:00,1001488.25,0.00,1001488.25,USD,GLBX-001,MARGIN,USD,[],False,{}
2026-03-09 12:13:48.780196061+00:00,1001490.50,0.00,1001490.50,USD,GLBX-001,MARGIN,USD,[],False,{}
2026-03-09 12:13:48.780196061+00:00,1001490.50,0.00,1001490.50,USD,GLBX-001,MARGIN,USD,[],False,{}
2026-03-09 12:13:51.496711030+00:00,1001490.00,0.00,1001490.00,USD,GLBX-001,MARGIN,USD,[],False,{}
2026-03-09 12:13:51.496711030+00:00,1001490.00,0.00,1001490.00,USD,GLBX-001,MARGIN,USD,[],False,{}
2026-03-09 12:16:42.622199315+00:00,1001495.00,0.00,1001495.00,USD,GLBX-001,MARGIN,USD,[],False,{}
2026-03-09 12:16:42.622199315+00:00,1001495.00,0.00,1001495.00,USD,GLBX-001,MARGIN,USD,[],False,{}
2026-03-09 12:17:56.215516306+00:00,1001498.25,0.00,1001498.25,USD,GLBX-001,MARGIN,USD,[],False,{}
2026-03-09 12:17:56.215516306+00:00,1001498.25,0.00,1001498.25,USD,GLBX-001,MARGIN,USD,[],False,{}
2026-03-09 12:18:15.730408987+00:00,1001499.50,0.00,1001499.50,USD,GLBX-001,MARGIN,USD,[],False,{}
2026-03-09 12:18:15.730408987+00:00,1001499.50,0.00,1001499.50,USD,GLBX-001,MARGIN,USD,[],False,{}
2026-03-09 12:19:30.592854362+00:00,1001499.50,0.00,1001499.50,USD,GLBX-001,MARGIN,USD,[],False,{}
2026-03-09 12:19:30.592854362+00:00,1001499.50,0.00,1001499.50,USD,GLBX-001,MARGIN,USD,[],False,{}
2026-03-09 12:20:43.367277615+00:00,1001504.25,0.00,1001504.25,USD,GLBX-001,MARGIN,USD,[],False,{}
2026-03-09 12:20:43.367277615+00:00,1001504.25,0.00,1001504.25,USD,GLBX-001,MARGIN,USD,[],False,{}
2026-03-09 12:21:19.646121282+00:00,1001507.50,0.00,1001507.50,USD,GLBX-001,MARGIN,USD,[],False,{}
2026-03-09 12:21:19.646121282+00:00,1001507.50,0.00,1001507.50,USD,GLBX-001,MARGIN,USD,[],False,{}
2026-03-09 12:23:02.655130826+00:00,1001509.50,0.00,1001509.50,USD,GLBX-001,MARGIN,USD,[],False,{}
2026-03-09 12:23:02.655130826+00:00,1001509.50,0.00,1001509.50,USD,GLBX-001,MARGIN,USD,[],False,{}
2026-03-09 12:23:57.135576248+00:00,1001510.00,0.00,1001510.00,USD,GLBX-001,MARGIN,USD,[],False,{}
2026-03-09 12:23:57.135576248+00:00,1001510.00,0.00,1001510.00,USD,GLBX-001,MARGIN,USD,[],False,{}
2026-03-09 12:24:55.653999019+00:00,1001512.25,0.00,1001512.25,USD,GLBX-001,MARGIN,USD,[],False,{}
2026-03-09 12:24:55.653999019+00:00,1001512.25,0.00,1001512.25,USD,GLBX-001,MARGIN,USD,[],False,{}
2026-03-09 12:27:39.393958274+00:00,1001517.00,0.00,1001517.00,USD,GLBX-001,MARGIN,USD,[],False,{}
2026-03-09 12:27:39.393958274+00:00,1001517.00,0.00,1001517.00,USD,GLBX-001,MARGIN,USD,[],False,{}
2026-03-09 12:30:02.468879671+00:00,1001522.25,0.00,1001522.25,USD,GLBX-001,MARGIN,USD,[],False,{}
2026-03-09 12:30:02.468879671+00:00,1001522.25,0.00,1001522.25,USD,GLBX-001,MARGIN,USD,[],False,{}
2026-03-09 12:30:23.636107679+00:00,1001523.50,0.00,1001523.50,USD,GLBX-001,MARGIN,USD,[],False,{}
2026-03-09 12:30:23.636107679+00:00,1001523.50,0.00,1001523.50,USD,GLBX-001,MARGIN,USD,[],False,{}
2026-03-09 12:31:54.426275264+00:00,1001524.75,0.00,1001524.75,USD,GLBX-001,MARGIN,USD,[],False,{}
2026-03-09 12:31:54.426275264+00:00,1001524.75,0.00,1001524.75,USD,GLBX-001,MARGIN,USD,[],False,{}
2026-03-09 12:34:31.675410687+00:00,1001533.50,0.00,1001533.50,USD,GLBX-001,MARGIN,USD,[],False,{}
2026-03-09 12:34:31.675410687+00:00,1001533.50,0.00,1001533.50,USD,GLBX-001,MARGIN,USD,[],False,{}
2026-03-09 12:35:24.498993871+00:00,1001532.25,0.00,1001532.25,USD,GLBX-001,MARGIN,USD,[],False,{}
2026-03-09 12:35:24.498993871+00:00,1001532.25,0.00,1001532.25,USD,GLBX-001,MARGIN,USD,[],False,{}
2026-03-09 12:36:05.025367474+00:00,1001534.00,0.00,1001534.00,USD,GLBX-001,MARGIN,USD,[],False,{}
2026-03-09 12:36:05.025367474+00:00,1001534.00,0.00,1001534.00,USD,GLBX-001,MARGIN,USD,[],False,{}
2026-03-09 12:36:52.385469565+00:00,1001536.25,0.00,1001536.25,USD,GLBX-001,MARGIN,USD,[],False,{}
2026-03-09 12:36:52.385469565+00:00,1001536.25,0.00,1001536.25,USD,GLBX-001,MARGIN,USD,[],False,{}
2026-03-09 12:37:55.009354251+00:00,1001538.50,0.00,1001538.50,USD,GLBX-001,MARGIN,USD,[],False,{}
2026-03-09 12:37:55.009354251+00:00,1001538.50,0.00,1001538.50,USD,GLBX-001,MARGIN,USD,[],False,{}
2026-03-09 12:38:52.440399075+00:00,1001537.25,0.00,1001537.25,USD,GLBX-001,MARGIN,USD,[],False,{}
2026-03-09 12:38:52.440399075+00:00,1001537.25,0.00,1001537.25,USD,GLBX-001,MARGIN,USD,[],False,{}
2026-03-09 12:40:41.574836597+00:00,1001541.25,0.00,1001541.25,USD,GLBX-001,MARGIN,USD,[],False,{}
2026-03-09 12:40:41.574836597+00:00,1001541.25,0.00,1001541.25,USD,GLBX-001,MARGIN,USD,[],False,{}
2026-03-09 12:41:49.284611212+00:00,1001541.25,0.00,1001541.25,USD,GLBX-001,MARGIN,USD,[],False,{}
2026-03-09 12:41:49.284611212+00:00,1001541.25,0.00,1001541.25,USD,GLBX-001,MARGIN,USD,[],False,{}
2026-03-09 12:43:40.735938122+00:00,1001546.00,0.00,1001546.00,USD,GLBX-001,MARGIN,USD,[],False,{}
2026-03-09 12:43:40.735938122+00:00,1001546.00,0.00,1001546.00,USD,GLBX-001,MARGIN,USD,[],False,{}
2026-03-09 12:44:45.692633149+00:00,1001548.00,0.00,1001548.00,USD,GLBX-001,MARGIN,USD,[],False,{}
2026-03-09 12:44:45.692633149+00:00,1001548.00,0.00,1001548.00,USD,GLBX-001,MARGIN,USD,[],False,{}
2026-03-09 12:44:49.494120397+00:00,1001548.75,0.00,1001548.75,USD,GLBX-001,MARGIN,USD,[],False,{}
2026-03-09 12:44:49.494120397+00:00,1001548.75,0.00,1001548.75,USD,GLBX-001,MARGIN,USD,[],False,{}
2026-03-09 12:45:20.456789739+00:00,1001549.75,0.00,1001549.75,USD,GLBX-001,MARGIN,USD,[],False,{}
2026-03-09 12:45:20.456789739+00:00,1001549.75,0.00,1001549.75,USD,GLBX-001,MARGIN,USD,[],False,{}
2026-03-09 12:46:21.762840592+00:00,1001552.25,0.00,1001552.25,USD,GLBX-001,MARGIN,USD,[],False,{}
2026-03-09 12:46:21.762840592+00:00,1001552.25,0.00,1001552.25,USD,GLBX-001,MARGIN,USD,[],False,{}
2026-03-09 12:48:05.401731888+00:00,1001556.00,0.00,1001556.00,USD,GLBX-001,MARGIN,USD,[],False,{}
2026-03-09 12:48:05.401731888+00:00,1001556.00,0.00,1001556.00,USD,GLBX-001,MARGIN,USD,[],False,{}
2026-03-09 12:50:14.008411065+00:00,1001562.50,0.00,1001562.50,USD,GLBX-001,MARGIN,USD,[],False,{}
2026-03-09 12:50:14.008411065+00:00,1001562.50,0.00,1001562.50,USD,GLBX-001,MARGIN,USD,[],False,{}
2026-03-09 12:50:28.721755119+00:00,1001564.25,0.00,1001564.25,USD,GLBX-001,MARGIN,USD,[],False,{}
2026-03-09 12:50:28.721755119+00:00,1001564.25,0.00,1001564.25,USD,GLBX-001,MARGIN,USD,[],False,{}
2026-03-09 12:50:47.005414322+00:00,1001563.50,0.00,1001563.50,USD,GLBX-001,MARGIN,USD,[],False,{}
2026-03-09 12:50:47.005414322+00:00,1001563.50,0.00,1001563.50,USD,GLBX-001,MARGIN,USD,[],False,{}
2026-03-09 12:50:52.647963675+00:00,1001563.50,0.00,1001563.50,USD,GLBX-001,MARGIN,USD,[],False,{}
2026-03-09 12:50:52.647963675+00:00,1001563.50,0.00,1001563.50,USD,GLBX-001,MARGIN,USD,[],False,{}
2026-03-09 12:51:38.341464226+00:00,1001564.00,0.00,1001564.00,USD,GLBX-001,MARGIN,USD,[],False,{}
2026-03-09 12:51:38.341464226+00:00,1001564.00,0.00,1001564.00,USD,GLBX-001,MARGIN,USD,[],False,{}
2026-03-09 12:53:57.808363498+00:00,1001564.50,0.00,1001564.50,USD,GLBX-001,MARGIN,USD,[],False,{}
2026-03-09 12:53:57.808363498+00:00,1001564.50,0.00,1001564.50,USD,GLBX-001,MARGIN,USD,[],False,{}
2026-03-09 12:55:01.767001221+00:00,1001566.50,0.00,1001566.50,USD,GLBX-001,MARGIN,USD,[],False,{}
2026-03-09 12:55:01.767001221+00:00,1001566.50,0.00,1001566.50,USD,GLBX-001,MARGIN,USD,[],False,{}
2026-03-09 12:57:02.116091189+00:00,1001569.25,0.00,1001569.25,USD,GLBX-001,MARGIN,USD,[],False,{}
2026-03-09 12:57:02.116091189+00:00,1001569.25,0.00,1001569.25,USD,GLBX-001,MARGIN,USD,[],False,{}
2026-03-09 12:57:47.471610027+00:00,1001570.75,0.00,1001570.75,USD,GLBX-001,MARGIN,USD,[],False,{}
2026-03-09 12:57:47.471610027+00:00,1001570.75,0.00,1001570.75,USD,GLBX-001,MARGIN,USD,[],False,{}
2026-03-09 13:00:55.253219648+00:00,1001577.75,0.00,1001577.75,USD,GLBX-001,MARGIN,USD,[],False,{}
2026-03-09 13:00:55.253219648+00:00,1001577.75,0.00,1001577.75,USD,GLBX-001,MARGIN,USD,[],False,{}
2026-03-09 13:01:11.635476625+00:00,1001578.50,0.00,1001578.50,USD,GLBX-001,MARGIN,USD,[],False,{}
2026-03-09 13:01:11.635476625+00:00,1001578.50,0.00,1001578.50,USD,GLBX-001,MARGIN,USD,[],False,{}
2026-03-09 13:02:23.743845858+00:00,1001580.50,0.00,1001580.50,USD,GLBX-001,MARGIN,USD,[],False,{}
2026-03-09 13:02:23.743845858+00:00,1001580.50,0.00,1001580.50,USD,GLBX-001,MARGIN,USD,[],False,{}
2026-03-09 13:03:21.878572767+00:00,1001580.75,0.00,1001580.75,USD,GLBX-001,MARGIN,USD,[],False,{}
2026-03-09 13:03:21.878572767+00:00,1001580.75,0.00,1001580.75,USD,GLBX-001,MARGIN,USD,[],False,{}
2026-03-09 13:04:38.008212557+00:00,1001584.75,0.00,1001584.75,USD,GLBX-001,MARGIN,USD,[],False,{}
2026-03-09 13:04:38.008212557+00:00,1001584.75,0.00,1001584.75,USD,GLBX-001,MARGIN,USD,[],False,{}
2026-03-09 13:04:55.274741435+00:00,1001586.00,0.00,1001586.00,USD,GLBX-001,MARGIN,USD,[],False,{}
2026-03-09 13:04:55.274741435+00:00,1001586.00,0.00,1001586.00,USD,GLBX-001,MARGIN,USD,[],False,{}
2026-03-09 13:05:20.542232490+00:00,1001586.75,0.00,1001586.75,USD,GLBX-001,MARGIN,USD,[],False,{}
2026-03-09 13:05:20.542232490+00:00,1001586.75,0.00,1001586.75,USD,GLBX-001,MARGIN,USD,[],False,{}
2026-03-09 13:05:49.861042189+00:00,1001587.00,0.00,1001587.00,USD,GLBX-001,MARGIN,USD,[],False,{}
2026-03-09 13:05:49.861042189+00:00,1001587.00,0.00,1001587.00,USD,GLBX-001,MARGIN,USD,[],False,{}
2026-03-09 13:06:18.180627781+00:00,1001587.75,0.00,1001587.75,USD,GLBX-001,MARGIN,USD,[],False,{}
2026-03-09 13:06:18.180627781+00:00,1001587.75,0.00,1001587.75,USD,GLBX-001,MARGIN,USD,[],False,{}
2026-03-09 13:07:54.885915111+00:00,1001594.25,0.00,1001594.25,USD,GLBX-001,MARGIN,USD,[],False,{}
2026-03-09 13:07:54.885915111+00:00,1001594.25,0.00,1001594.25,USD,GLBX-001,MARGIN,USD,[],False,{}
2026-03-09 13:08:23.590748751+00:00,1001594.00,0.00,1001594.00,USD,GLBX-001,MARGIN,USD,[],False,{}
2026-03-09 13:08:23.590748751+00:00,1001594.00,0.00,1001594.00,USD,GLBX-001,MARGIN,USD,[],False,{}
2026-03-09 13:08:55.269211139+00:00,1001592.50,0.00,1001592.50,USD,GLBX-001,MARGIN,USD,[],False,{}
2026-03-09 13:08:55.269211139+00:00,1001592.50,0.00,1001592.50,USD,GLBX-001,MARGIN,USD,[],False,{}
2026-03-09 13:11:11.831642339+00:00,1001600.25,0.00,1001600.25,USD,GLBX-001,MARGIN,USD,[],False,{}
2026-03-09 13:11:11.831642339+00:00,1001600.25,0.00,1001600.25,USD,GLBX-001,MARGIN,USD,[],False,{}
2026-03-09 13:12:31.776449867+00:00,1001604.00,0.00,1001604.00,USD,GLBX-001,MARGIN,USD,[],False,{}
2026-03-09 13:12:31.776449867+00:00,1001604.00,0.00,1001604.00,USD,GLBX-001,MARGIN,USD,[],False,{}
2026-03-09 13:14:48.124179746+00:00,1001612.00,0.00,1001612.00,USD,GLBX-001,MARGIN,USD,[],False,{}
2026-03-09 13:14:48.124179746+00:00,1001612.00,0.00,1001612.00,USD,GLBX-001,MARGIN,USD,[],False,{}
2026-03-09 13:15:05.279643460+00:00,1001613.75,0.00,1001613.75,USD,GLBX-001,MARGIN,USD,[],False,{}
2026-03-09 13:15:05.279643460+00:00,1001613.75,0.00,1001613.75,USD,GLBX-001,MARGIN,USD,[],False,{}
2026-03-09 13:16:01.067754316+00:00,1001615.25,0.00,1001615.25,USD,GLBX-001,MARGIN,USD,[],False,{}
2026-03-09 13:16:01.067754316+00:00,1001615.25,0.00,1001615.25,USD,GLBX-001,MARGIN,USD,[],False,{}
2026-03-09 13:16:30.342437130+00:00,1001616.25,0.00,1001616.25,USD,GLBX-001,MARGIN,USD,[],False,{}
2026-03-09 13:16:30.342437130+00:00,1001616.25,0.00,1001616.25,USD,GLBX-001,MARGIN,USD,[],False,{}
2026-03-09 13:16:58.229060989+00:00,1001616.25,0.00,1001616.25,USD,GLBX-001,MARGIN,USD,[],False,{}
2026-03-09 13:16:58.229060989+00:00,1001616.25,0.00,1001616.25,USD,GLBX-001,MARGIN,USD,[],False,{}
2026-03-09 13:19:45.945527057+00:00,1001621.25,0.00,1001621.25,USD,GLBX-001,MARGIN,USD,[],False,{}
2026-03-09 13:19:45.945527057+00:00,1001621.25,0.00,1001621.25,USD,GLBX-001,MARGIN,USD,[],False,{}
2026-03-09 13:20:13.329342303+00:00,1001619.00,0.00,1001619.00,USD,GLBX-001,MARGIN,USD,[],False,{}
2026-03-09 13:20:13.329342303+00:00,1001619.00,0.00,1001619.00,USD,GLBX-001,MARGIN,USD,[],False,{}
2026-03-09 13:20:40.404408151+00:00,1001616.50,0.00,1001616.50,USD,GLBX-001,MARGIN,USD,[],False,{}
2026-03-09 13:20:40.404408151+00:00,1001616.50,0.00,1001616.50,USD,GLBX-001,MARGIN,USD,[],False,{}
2026-03-09 13:21:22.540061877+00:00,1001616.50,0.00,1001616.50,USD,GLBX-001,MARGIN,USD,[],False,{}
2026-03-09 13:21:22.540061877+00:00,1001616.50,0.00,1001616.50,USD,GLBX-001,MARGIN,USD,[],False,{}
2026-03-09 13:22:46.372268591+00:00,1001617.50,0.00,1001617.50,USD,GLBX-001,MARGIN,USD,[],False,{}
2026-03-09 13:22:46.372268591+00:00,1001617.50,0.00,1001617.50,USD,GLBX-001,MARGIN,USD,[],False,{}
2026-03-09 13:24:09.303443775+00:00,1001617.75,0.00,1001617.75,USD,GLBX-001,MARGIN,USD,[],False,{}
2026-03-09 13:24:09.303443775+00:00,1001617.75,0.00,1001617.75,USD,GLBX-001,MARGIN,USD,[],False,{}
2026-03-09 13:25:00.038512554+00:00,1001619.75,0.00,1001619.75,USD,GLBX-001,MARGIN,USD,[],False,{}
2026-03-09 13:25:00.038512554+00:00,1001619.75,0.00,1001619.75,USD,GLBX-001,MARGIN,USD,[],False,{}
2026-03-09 13:26:05.323376149+00:00,1001620.75,0.00,1001620.75,USD,GLBX-001,MARGIN,USD,[],False,{}
2026-03-09 13:26:05.323376149+00:00,1001620.75,0.00,1001620.75,USD,GLBX-001,MARGIN,USD,[],False,{}
2026-03-09 13:26:30.087688347+00:00,1001619.00,0.00,1001619.00,USD,GLBX-001,MARGIN,USD,[],False,{}
2026-03-09 13:26:30.087688347+00:00,1001619.00,0.00,1001619.00,USD,GLBX-001,MARGIN,USD,[],False,{}
2026-03-09 13:27:23.033499599+00:00,1001620.00,0.00,1001620.00,USD,GLBX-001,MARGIN,USD,[],False,{}
2026-03-09 13:27:23.033499599+00:00,1001620.00,0.00,1001620.00,USD,GLBX-001,MARGIN,USD,[],False,{}
2026-03-09 13:27:53.576115642+00:00,1001623.25,0.00,1001623.25,USD,GLBX-001,MARGIN,USD,[],False,{}
2026-03-09 13:27:53.576115642+00:00,1001623.25,0.00,1001623.25,USD,GLBX-001,MARGIN,USD,[],False,{}
2026-03-09 13:30:05.508381482+00:00,1001635.75,0.00,1001635.75,USD,GLBX-001,MARGIN,USD,[],False,{}
2026-03-09 13:30:05.508381482+00:00,1001635.75,0.00,1001635.75,USD,GLBX-001,MARGIN,USD,[],False,{}
2026-03-09 13:30:07.052183986+00:00,1001638.75,0.00,1001638.75,USD,GLBX-001,MARGIN,USD,[],False,{}
2026-03-09 13:30:07.052183986+00:00,1001638.75,0.00,1001638.75,USD,GLBX-001,MARGIN,USD,[],False,{}
2026-03-09 13:30:45.873834173+00:00,1001642.25,0.00,1001642.25,USD,GLBX-001,MARGIN,USD,[],False,{}
2026-03-09 13:30:45.873834173+00:00,1001642.25,0.00,1001642.25,USD,GLBX-001,MARGIN,USD,[],False,{}
2026-03-09 13:32:00.568850671+00:00,1001644.50,0.00,1001644.50,USD,GLBX-001,MARGIN,USD,[],False,{}
2026-03-09 13:32:00.568850671+00:00,1001644.50,0.00,1001644.50,USD,GLBX-001,MARGIN,USD,[],False,{}
2026-03-09 13:32:08.891514896+00:00,1001643.00,0.00,1001643.00,USD,GLBX-001,MARGIN,USD,[],False,{}
2026-03-09 13:32:08.891514896+00:00,1001643.00,0.00,1001643.00,USD,GLBX-001,MARGIN,USD,[],False,{}
2026-03-09 13:33:38.027240288+00:00,1001651.50,0.00,1001651.50,USD,GLBX-001,MARGIN,USD,[],False,{}
2026-03-09 13:33:38.027240288+00:00,1001651.50,0.00,1001651.50,USD,GLBX-001,MARGIN,USD,[],False,{}
2026-03-09 13:33:53.077901319+00:00,1001655.50,0.00,1001655.50,USD,GLBX-001,MARGIN,USD,[],False,{}
2026-03-09 13:33:53.077901319+00:00,1001655.50,0.00,1001655.50,USD,GLBX-001,MARGIN,USD,[],False,{}
2026-03-09 13:33:55.297077912+00:00,1001657.25,0.00,1001657.25,USD,GLBX-001,MARGIN,USD,[],False,{}
2026-03-09 13:33:55.297077912+00:00,1001657.25,0.00,1001657.25,USD,GLBX-001,MARGIN,USD,[],False,{}
2026-03-09 13:34:05.744055679+00:00,1001659.25,0.00,1001659.25,USD,GLBX-001,MARGIN,USD,[],False,{}
2026-03-09 13:34:05.744055679+00:00,1001659.25,0.00,1001659.25,USD,GLBX-001,MARGIN,USD,[],False,{}
2026-03-09 13:35:19.292998051+00:00,1001658.00,0.00,1001658.00,USD,GLBX-001,MARGIN,USD,[],False,{}
2026-03-09 13:35:19.292998051+00:00,1001658.00,0.00,1001658.00,USD,GLBX-001,MARGIN,USD,[],False,{}
2026-03-09 13:35:36.208674861+00:00,1001655.00,0.00,1001655.00,USD,GLBX-001,MARGIN,USD,[],False,{}
2026-03-09 13:35:36.208674861+00:00,1001655.00,0.00,1001655.00,USD,GLBX-001,MARGIN,USD,[],False,{}
2026-03-09 13:38:32.108446192+00:00,1001666.00,0.00,1001666.00,USD,GLBX-001,MARGIN,USD,[],False,{}
2026-03-09 13:38:32.108446192+00:00,1001666.00,0.00,1001666.00,USD,GLBX-001,MARGIN,USD,[],False,{}
2026-03-09 13:38:54.347519291+00:00,1001668.25,0.00,1001668.25,USD,GLBX-001,MARGIN,USD,[],False,{}
2026-03-09 13:38:54.347519291+00:00,1001668.25,0.00,1001668.25,USD,GLBX-001,MARGIN,USD,[],False,{}
2026-03-09 13:41:10.989830051+00:00,1001679.50,0.00,1001679.50,USD,GLBX-001,MARGIN,USD,[],False,{}
2026-03-09 13:41:10.989830051+00:00,1001679.50,0.00,1001679.50,USD,GLBX-001,MARGIN,USD,[],False,{}
2026-03-09 13:41:31.746325896+00:00,1001680.75,0.00,1001680.75,USD,GLBX-001,MARGIN,USD,[],False,{}
2026-03-09 13:41:31.746325896+00:00,1001680.75,0.00,1001680.75,USD,GLBX-001,MARGIN,USD,[],False,{}
2026-03-09 13:42:46.495202667+00:00,1001686.00,0.00,1001686.00,USD,GLBX-001,MARGIN,USD,[],False,{}
2026-03-09 13:42:46.495202667+00:00,1001686.00,0.00,1001686.00,USD,GLBX-001,MARGIN,USD,[],False,{}
2026-03-09 13:43:49.943061320+00:00,1001689.25,0.00,1001689.25,USD,GLBX-001,MARGIN,USD,[],False,{}
2026-03-09 13:43:49.943061320+00:00,1001689.25,0.00,1001689.25,USD,GLBX-001,MARGIN,USD,[],False,{}
2026-03-09 13:44:19.579678156+00:00,1001689.25,0.00,1001689.25,USD,GLBX-001,MARGIN,USD,[],False,{}
2026-03-09 13:44:19.579678156+00:00,1001689.25,0.00,1001689.25,USD,GLBX-001,MARGIN,USD,[],False,{}
2026-03-09 13:44:34.006105563+00:00,1001688.25,0.00,1001688.25,USD,GLBX-001,MARGIN,USD,[],False,{}
2026-03-09 13:44:34.006105563+00:00,1001688.25,0.00,1001688.25,USD,GLBX-001,MARGIN,USD,[],False,{}
2026-03-09 13:44:36.662272471+00:00,1001689.00,0.00,1001689.00,USD,GLBX-001,MARGIN,USD,[],False,{}
2026-03-09 13:44:36.662272471+00:00,1001689.00,0.00,1001689.00,USD,GLBX-001,MARGIN,USD,[],False,{}
2026-03-09 13:44:56.966813091+00:00,1001689.75,0.00,1001689.75,USD,GLBX-001,MARGIN,USD,[],False,{}
2026-03-09 13:44:56.966813091+00:00,1001689.75,0.00,1001689.75,USD,GLBX-001,MARGIN,USD,[],False,{}
2026-03-09 13:45:30.681292168+00:00,1001690.00,0.00,1001690.00,USD,GLBX-001,MARGIN,USD,[],False,{}
2026-03-09 13:45:30.681292168+00:00,1001690.00,0.00,1001690.00,USD,GLBX-001,MARGIN,USD,[],False,{}
2026-03-09 13:46:05.781293864+00:00,1001693.50,0.00,1001693.50,USD,GLBX-001,MARGIN,USD,[],False,{}
2026-03-09 13:46:05.781293864+00:00,1001693.50,0.00,1001693.50,USD,GLBX-001,MARGIN,USD,[],False,{}
2026-03-09 13:46:18.088965019+00:00,1001695.50,0.00,1001695.50,USD,GLBX-001,MARGIN,USD,[],False,{}
2026-03-09 13:46:18.088965019+00:00,1001695.50,0.00,1001695.50,USD,GLBX-001,MARGIN,USD,[],False,{}
2026-03-09 13:46:28.702631458+00:00,1001697.50,0.00,1001697.50,USD,GLBX-001,MARGIN,USD,[],False,{}
2026-03-09 13:46:28.702631458+00:00,1001697.50,0.00,1001697.50,USD,GLBX-001,MARGIN,USD,[],False,{}
2026-03-09 13:46:54.750913896+00:00,1001698.00,0.00,1001698.00,USD,GLBX-001,MARGIN,USD,[],False,{}
2026-03-09 13:46:54.750913896+00:00,1001698.00,0.00,1001698.00,USD,GLBX-001,MARGIN,USD,[],False,{}
2026-03-09 13:48:11.362643050+00:00,1001703.50,0.00,1001703.50,USD,GLBX-001,MARGIN,USD,[],False,{}
2026-03-09 13:48:11.362643050+00:00,1001703.50,0.00,1001703.50,USD,GLBX-001,MARGIN,USD,[],False,{}
2026-03-09 13:48:12.464064616+00:00,1001707.00,0.00,1001707.00,USD,GLBX-001,MARGIN,USD,[],False,{}
2026-03-09 13:48:12.464064616+00:00,1001707.00,0.00,1001707.00,USD,GLBX-001,MARGIN,USD,[],False,{}
2026-03-09 13:48:32.230247360+00:00,1001710.75,0.00,1001710.75,USD,GLBX-001,MARGIN,USD,[],False,{}
2026-03-09 13:48:32.230247360+00:00,1001710.75,0.00,1001710.75,USD,GLBX-001,MARGIN,USD,[],False,{}
2026-03-09 13:49:55.411991154+00:00,1001723.25,0.00,1001723.25,USD,GLBX-001,MARGIN,USD,[],False,{}
2026-03-09 13:49:55.411991154+00:00,1001723.25,0.00,1001723.25,USD,GLBX-001,MARGIN,USD,[],False,{}
2026-03-09 13:50:16.255191749+00:00,1001726.75,0.00,1001726.75,USD,GLBX-001,MARGIN,USD,[],False,{}
2026-03-09 13:50:16.255191749+00:00,1001726.75,0.00,1001726.75,USD,GLBX-001,MARGIN,USD,[],False,{}
2026-03-09 13:51:02.623079175+00:00,1001731.75,0.00,1001731.75,USD,GLBX-001,MARGIN,USD,[],False,{}
2026-03-09 13:51:02.623079175+00:00,1001731.75,0.00,1001731.75,USD,GLBX-001,MARGIN,USD,[],False,{}
2026-03-09 13:51:10.207297413+00:00,1001733.25,0.00,1001733.25,USD,GLBX-001,MARGIN,USD,[],False,{}
2026-03-09 13:51:10.207297413+00:00,1001733.25,0.00,1001733.25,USD,GLBX-001,MARGIN,USD,[],False,{}
2026-03-09 13:51:25.591635354+00:00,1001735.00,0.00,1001735.00,USD,GLBX-001,MARGIN,USD,[],False,{}
2026-03-09 13:51:25.591635354+00:00,1001735.00,0.00,1001735.00,USD,GLBX-001,MARGIN,USD,[],False,{}
2026-03-09 13:51:32.184502722+00:00,1001733.50,0.00,1001733.50,USD,GLBX-001,MARGIN,USD,[],False,{}
2026-03-09 13:51:32.184502722+00:00,1001733.50,0.00,1001733.50,USD,GLBX-001,MARGIN,USD,[],False,{}
2026-03-09 13:51:55.548412488+00:00,1001730.50,0.00,1001730.50,USD,GLBX-001,MARGIN,USD,[],False,{}
2026-03-09 13:51:55.548412488+00:00,1001730.50,0.00,1001730.50,USD,GLBX-001,MARGIN,USD,[],False,{}
2026-03-09 13:52:34.406435107+00:00,1001731.50,0.00,1001731.50,USD,GLBX-001,MARGIN,USD,[],False,{}
2026-03-09 13:52:34.406435107+00:00,1001731.50,0.00,1001731.50,USD,GLBX-001,MARGIN,USD,[],False,{}
2026-03-09 13:53:47.890057453+00:00,1001737.50,0.00,1001737.50,USD,GLBX-001,MARGIN,USD,[],False,{}
2026-03-09 13:53:47.890057453+00:00,1001737.50,0.00,1001737.50,USD,GLBX-001,MARGIN,USD,[],False,{}
2026-03-09 13:54:24.723180395+00:00,1001740.25,0.00,1001740.25,USD,GLBX-001,MARGIN,USD,[],False,{}
2026-03-09 13:54:24.723180395+00:00,1001740.25,0.00,1001740.25,USD,GLBX-001,MARGIN,USD,[],False,{}
2026-03-09 13:54:54.016878301+00:00,1001741.75,0.00,1001741.75,USD,GLBX-001,MARGIN,USD,[],False,{}
2026-03-09 13:54:54.016878301+00:00,1001741.75,0.00,1001741.75,USD,GLBX-001,MARGIN,USD,[],False,{}
2026-03-09 13:55:50.343036717+00:00,1001752.00,0.00,1001752.00,USD,GLBX-001,MARGIN,USD,[],False,{}
2026-03-09 13:55:50.343036717+00:00,1001752.00,0.00,1001752.00,USD,GLBX-001,MARGIN,USD,[],False,{}
2026-03-09 13:56:11.692579363+00:00,1001752.25,0.00,1001752.25,USD,GLBX-001,MARGIN,USD,[],False,{}
2026-03-09 13:56:11.692579363+00:00,1001752.25,0.00,1001752.25,USD,GLBX-001,MARGIN,USD,[],False,{}
2026-03-09 13:56:39.644554512+00:00,1001751.50,0.00,1001751.50,USD,GLBX-001,MARGIN,USD,[],False,{}
2026-03-09 13:56:39.644554512+00:00,1001751.50,0.00,1001751.50,USD,GLBX-001,MARGIN,USD,[],False,{}
2026-03-09 13:56:46.615363737+00:00,1001750.50,0.00,1001750.50,USD,GLBX-001,MARGIN,USD,[],False,{}
2026-03-09 13:56:46.615363737+00:00,1001750.50,0.00,1001750.50,USD,GLBX-001,MARGIN,USD,[],False,{}
2026-03-09 13:57:02.584122190+00:00,1001749.25,0.00,1001749.25,USD,GLBX-001,MARGIN,USD,[],False,{}
2026-03-09 13:57:02.584122190+00:00,1001749.25,0.00,1001749.25,USD,GLBX-001,MARGIN,USD,[],False,{}
2026-03-09 13:57:26.605881634+00:00,1001747.75,0.00,1001747.75,USD,GLBX-001,MARGIN,USD,[],False,{}
2026-03-09 13:57:26.605881634+00:00,1001747.75,0.00,1001747.75,USD,GLBX-001,MARGIN,USD,[],False,{}
2026-03-09 13:58:05.524885059+00:00,1001752.50,0.00,1001752.50,USD,GLBX-001,MARGIN,USD,[],False,{}
2026-03-09 13:58:05.524885059+00:00,1001752.50,0.00,1001752.50,USD,GLBX-001,MARGIN,USD,[],False,{}
2026-03-09 13:58:45.413257088+00:00,1001756.25,0.00,1001756.25,USD,GLBX-001,MARGIN,USD,[],False,{}
2026-03-09 13:58:45.413257088+00:00,1001756.25,0.00,1001756.25,USD,GLBX-001,MARGIN,USD,[],False,{}
2026-03-09 13:58:58.914630159+00:00,1001755.00,0.00,1001755.00,USD,GLBX-001,MARGIN,USD,[],False,{}
2026-03-09 13:58:58.914630159+00:00,1001755.00,0.00,1001755.00,USD,GLBX-001,MARGIN,USD,[],False,{}
2026-03-09 13:59:34.147316194+00:00,1001756.50,0.00,1001756.50,USD,GLBX-001,MARGIN,USD,[],False,{}
2026-03-09 13:59:34.147316194+00:00,1001756.50,0.00,1001756.50,USD,GLBX-001,MARGIN,USD,[],False,{}
2026-03-09 13:59:36.688124914+00:00,1001756.50,0.00,1001756.50,USD,GLBX-001,MARGIN,USD,[],False,{}
2026-03-09 13:59:36.688124914+00:00,1001756.50,0.00,1001756.50,USD,GLBX-001,MARGIN,USD,[],False,{}
2026-03-09 13:59:55.841755448+00:00,1001756.75,0.00,1001756.75,USD,GLBX-001,MARGIN,USD,[],False,{}
2026-03-09 13:59:55.841755448+00:00,1001756.75,0.00,1001756.75,USD,GLBX-001,MARGIN,USD,[],False,{}
2026-03-09 14:01:08.325933571+00:00,1001758.00,0.00,1001758.00,USD,GLBX-001,MARGIN,USD,[],False,{}
2026-03-09 14:01:08.325933571+00:00,1001758.00,0.00,1001758.00,USD,GLBX-001,MARGIN,USD,[],False,{}
2026-03-09 14:01:30.718114539+00:00,1001756.75,0.00,1001756.75,USD,GLBX-001,MARGIN,USD,[],False,{}
2026-03-09 14:01:30.718114539+00:00,1001756.75,0.00,1001756.75,USD,GLBX-001,MARGIN,USD,[],False,{}
2026-03-09 14:02:00.711928280+00:00,1001757.25,0.00,1001757.25,USD,GLBX-001,MARGIN,USD,[],False,{}
2026-03-09 14:02:00.711928280+00:00,1001757.25,0.00,1001757.25,USD,GLBX-001,MARGIN,USD,[],False,{}
2026-03-09 14:02:06.334373446+00:00,1001757.75,0.00,1001757.75,USD,GLBX-001,MARGIN,USD,[],False,{}
2026-03-09 14:02:06.334373446+00:00,1001757.75,0.00,1001757.75,USD,GLBX-001,MARGIN,USD,[],False,{}
2026-03-09 14:02:19.683731934+00:00,1001760.00,0.00,1001760.00,USD,GLBX-001,MARGIN,USD,[],False,{}
2026-03-09 14:02:19.683731934+00:00,1001760.00,0.00,1001760.00,USD,GLBX-001,MARGIN,USD,[],False,{}
2026-03-09 14:02:32.372951855+00:00,1001762.50,0.00,1001762.50,USD,GLBX-001,MARGIN,USD,[],False,{}
2026-03-09 14:02:32.372951855+00:00,1001762.50,0.00,1001762.50,USD,GLBX-001,MARGIN,USD,[],False,{}
2026-03-09 14:03:15.003854847+00:00,1001771.75,0.00,1001771.75,USD,GLBX-001,MARGIN,USD,[],False,{}
2026-03-09 14:03:15.003854847+00:00,1001771.75,0.00,1001771.75,USD,GLBX-001,MARGIN,USD,[],False,{}
2026-03-09 14:03:20.737399807+00:00,1001771.00,0.00,1001771.00,USD,GLBX-001,MARGIN,USD,[],False,{}
2026-03-09 14:03:20.737399807+00:00,1001771.00,0.00,1001771.00,USD,GLBX-001,MARGIN,USD,[],False,{}
2026-03-09 14:03:22.730763490+00:00,1001772.25,0.00,1001772.25,USD,GLBX-001,MARGIN,USD,[],False,{}
2026-03-09 14:03:22.730763490+00:00,1001772.25,0.00,1001772.25,USD,GLBX-001,MARGIN,USD,[],False,{}
2026-03-09 14:03:34.223257008+00:00,1001770.25,0.00,1001770.25,USD,GLBX-001,MARGIN,USD,[],False,{}
2026-03-09 14:03:34.223257008+00:00,1001770.25,0.00,1001770.25,USD,GLBX-001,MARGIN,USD,[],False,{}
2026-03-09 14:04:19.095379277+00:00,1001772.25,0.00,1001772.25,USD,GLBX-001,MARGIN,USD,[],False,{}
2026-03-09 14:04:19.095379277+00:00,1001772.25,0.00,1001772.25,USD,GLBX-001,MARGIN,USD,[],False,{}
2026-03-09 14:04:20.281216947+00:00,1001774.75,0.00,1001774.75,USD,GLBX-001,MARGIN,USD,[],False,{}
2026-03-09 14:04:20.281216947+00:00,1001774.75,0.00,1001774.75,USD,GLBX-001,MARGIN,USD,[],False,{}
2026-03-09 14:04:44.393483818+00:00,1001775.50,0.00,1001775.50,USD,GLBX-001,MARGIN,USD,[],False,{}
2026-03-09 14:04:44.393483818+00:00,1001775.50,0.00,1001775.50,USD,GLBX-001,MARGIN,USD,[],False,{}
2026-03-09 14:06:02.062846602+00:00,1001797.00,0.00,1001797.00,USD,GLBX-001,MARGIN,USD,[],False,{}
2026-03-09 14:06:02.062846602+00:00,1001797.00,0.00,1001797.00,USD,GLBX-001,MARGIN,USD,[],False,{}
2026-03-09 14:06:08.319560496+00:00,1001800.25,0.00,1001800.25,USD,GLBX-001,MARGIN,USD,[],False,{}
2026-03-09 14:06:08.319560496+00:00,1001800.25,0.00,1001800.25,USD,GLBX-001,MARGIN,USD,[],False,{}
2026-03-09 14:06:22.054586985+00:00,1001804.25,0.00,1001804.25,USD,GLBX-001,MARGIN,USD,[],False,{}
2026-03-09 14:06:22.054586985+00:00,1001804.25,0.00,1001804.25,USD,GLBX-001,MARGIN,USD,[],False,{}
2026-03-09 14:06:46.503977714+00:00,1001806.50,0.00,1001806.50,USD,GLBX-001,MARGIN,USD,[],False,{}
2026-03-09 14:06:46.503977714+00:00,1001806.50,0.00,1001806.50,USD,GLBX-001,MARGIN,USD,[],False,{}
2026-03-09 14:07:30.138070+00:00,1001809.50,0.00,1001809.50,USD,GLBX-001,MARGIN,USD,[],False,{}
2026-03-09 14:07:30.138070+00:00,1001809.50,0.00,1001809.50,USD,GLBX-001,MARGIN,USD,[],False,{}
2026-03-09 14:07:45.895710819+00:00,1001809.50,0.00,1001809.50,USD,GLBX-001,MARGIN,USD,[],False,{}
2026-03-09 14:07:45.895710819+00:00,1001809.50,0.00,1001809.50,USD,GLBX-001,MARGIN,USD,[],False,{}
2026-03-09 14:08:48.222017631+00:00,1001813.75,0.00,1001813.75,USD,GLBX-001,MARGIN,USD,[],False,{}
2026-03-09 14:08:48.222017631+00:00,1001813.75,0.00,1001813.75,USD,GLBX-001,MARGIN,USD,[],False,{}
2026-03-09 14:09:25.116486560+00:00,1001818.50,0.00,1001818.50,USD,GLBX-001,MARGIN,USD,[],False,{}
2026-03-09 14:09:25.116486560+00:00,1001818.50,0.00,1001818.50,USD,GLBX-001,MARGIN,USD,[],False,{}
2026-03-09 14:10:14.379506458+00:00,1001820.75,0.00,1001820.75,USD,GLBX-001,MARGIN,USD,[],False,{}
2026-03-09 14:10:14.379506458+00:00,1001820.75,0.00,1001820.75,USD,GLBX-001,MARGIN,USD,[],False,{}
2026-03-09 14:10:23.855080695+00:00,1001822.00,0.00,1001822.00,USD,GLBX-001,MARGIN,USD,[],False,{}
2026-03-09 14:10:23.855080695+00:00,1001822.00,0.00,1001822.00,USD,GLBX-001,MARGIN,USD,[],False,{}
2026-03-09 14:11:39.439613571+00:00,1001828.75,0.00,1001828.75,USD,GLBX-001,MARGIN,USD,[],False,{}
2026-03-09 14:11:39.439613571+00:00,1001828.75,0.00,1001828.75,USD,GLBX-001,MARGIN,USD,[],False,{}
2026-03-09 14:12:05.860936557+00:00,1001831.75,0.00,1001831.75,USD,GLBX-001,MARGIN,USD,[],False,{}
2026-03-09 14:12:05.860936557+00:00,1001831.75,0.00,1001831.75,USD,GLBX-001,MARGIN,USD,[],False,{}
2026-03-09 14:12:45.353752106+00:00,1001835.25,0.00,1001835.25,USD,GLBX-001,MARGIN,USD,[],False,{}
2026-03-09 14:12:45.353752106+00:00,1001835.25,0.00,1001835.25,USD,GLBX-001,MARGIN,USD,[],False,{}
2026-03-09 14:13:24.013458891+00:00,1001838.00,0.00,1001838.00,USD,GLBX-001,MARGIN,USD,[],False,{}
2026-03-09 14:13:24.013458891+00:00,1001838.00,0.00,1001838.00,USD,GLBX-001,MARGIN,USD,[],False,{}
2026-03-09 14:13:43.906650171+00:00,1001838.25,0.00,1001838.25,USD,GLBX-001,MARGIN,USD,[],False,{}
2026-03-09 14:13:43.906650171+00:00,1001838.25,0.00,1001838.25,USD,GLBX-001,MARGIN,USD,[],False,{}
2026-03-09 14:14:19.063707907+00:00,1001842.75,0.00,1001842.75,USD,GLBX-001,MARGIN,USD,[],False,{}
2026-03-09 14:14:19.063707907+00:00,1001842.75,0.00,1001842.75,USD,GLBX-001,MARGIN,USD,[],False,{}
2026-03-09 14:14:22.440261256+00:00,1001845.50,0.00,1001845.50,USD,GLBX-001,MARGIN,USD,[],False,{}
2026-03-09 14:14:22.440261256+00:00,1001845.50,0.00,1001845.50,USD,GLBX-001,MARGIN,USD,[],False,{}
2026-03-09 14:14:23.448515485+00:00,1001846.75,0.00,1001846.75,USD,GLBX-001,MARGIN,USD,[],False,{}
2026-03-09 14:14:23.448515485+00:00,1001846.75,0.00,1001846.75,USD,GLBX-001,MARGIN,USD,[],False,{}
2026-03-09 14:14:27.573160963+00:00,1001847.75,0.00,1001847.75,USD,GLBX-001,MARGIN,USD,[],False,{}
2026-03-09 14:14:27.573160963+00:00,1001847.75,0.00,1001847.75,USD,GLBX-001,MARGIN,USD,[],False,{}
2026-03-09 14:15:23.574060448+00:00,1001851.75,0.00,1001851.75,USD,GLBX-001,MARGIN,USD,[],False,{}
2026-03-09 14:15:23.574060448+00:00,1001851.75,0.00,1001851.75,USD,GLBX-001,MARGIN,USD,[],False,{}
2026-03-09 14:15:53.315231458+00:00,1001856.25,0.00,1001856.25,USD,GLBX-001,MARGIN,USD,[],False,{}
2026-03-09 14:15:53.315231458+00:00,1001856.25,0.00,1001856.25,USD,GLBX-001,MARGIN,USD,[],False,{}
2026-03-09 14:16:38.631348853+00:00,1001860.75,0.00,1001860.75,USD,GLBX-001,MARGIN,USD,[],False,{}
2026-03-09 14:16:38.631348853+00:00,1001860.75,0.00,1001860.75,USD,GLBX-001,MARGIN,USD,[],False,{}
2026-03-09 14:17:05.132923007+00:00,1001859.00,0.00,1001859.00,USD,GLBX-001,MARGIN,USD,[],False,{}
2026-03-09 14:17:05.132923007+00:00,1001859.00,0.00,1001859.00,USD,GLBX-001,MARGIN,USD,[],False,{}
2026-03-09 14:17:32.487893578+00:00,1001859.25,0.00,1001859.25,USD,GLBX-001,MARGIN,USD,[],False,{}
2026-03-09 14:17:32.487893578+00:00,1001859.25,0.00,1001859.25,USD,GLBX-001,MARGIN,USD,[],False,{}
2026-03-09 14:18:26.266905899+00:00,1001856.25,0.00,1001856.25,USD,GLBX-001,MARGIN,USD,[],False,{}
2026-03-09 14:18:26.266905899+00:00,1001856.25,0.00,1001856.25,USD,GLBX-001,MARGIN,USD,[],False,{}
2026-03-09 14:18:55.324435263+00:00,1001858.00,0.00,1001858.00,USD,GLBX-001,MARGIN,USD,[],False,{}
2026-03-09 14:18:55.324435263+00:00,1001858.00,0.00,1001858.00,USD,GLBX-001,MARGIN,USD,[],False,{}
2026-03-09 14:19:11.014856810+00:00,1001858.50,0.00,1001858.50,USD,GLBX-001,MARGIN,USD,[],False,{}
2026-03-09 14:19:11.014856810+00:00,1001858.50,0.00,1001858.50,USD,GLBX-001,MARGIN,USD,[],False,{}
2026-03-09 14:19:50.447153787+00:00,1001859.00,0.00,1001859.00,USD,GLBX-001,MARGIN,USD,[],False,{}
2026-03-09 14:19:50.447153787+00:00,1001859.00,0.00,1001859.00,USD,GLBX-001,MARGIN,USD,[],False,{}
2026-03-09 14:21:05.208646730+00:00,1001866.00,0.00,1001866.00,USD,GLBX-001,MARGIN,USD,[],False,{}
2026-03-09 14:21:05.208646730+00:00,1001866.00,0.00,1001866.00,USD,GLBX-001,MARGIN,USD,[],False,{}
2026-03-09 14:21:28.208500593+00:00,1001866.50,0.00,1001866.50,USD,GLBX-001,MARGIN,USD,[],False,{}
2026-03-09 14:21:28.208500593+00:00,1001866.50,0.00,1001866.50,USD,GLBX-001,MARGIN,USD,[],False,{}
2026-03-09 14:21:34.893934707+00:00,1001865.00,0.00,1001865.00,USD,GLBX-001,MARGIN,USD,[],False,{}
2026-03-09 14:21:34.893934707+00:00,1001865.00,0.00,1001865.00,USD,GLBX-001,MARGIN,USD,[],False,{}
2026-03-09 14:23:19.605577344+00:00,1001883.00,0.00,1001883.00,USD,GLBX-001,MARGIN,USD,[],False,{}
2026-03-09 14:23:19.605577344+00:00,1001883.00,0.00,1001883.00,USD,GLBX-001,MARGIN,USD,[],False,{}
2026-03-09 14:23:22.955358027+00:00,1001882.75,0.00,1001882.75,USD,GLBX-001,MARGIN,USD,[],False,{}
2026-03-09 14:23:22.955358027+00:00,1001882.75,0.00,1001882.75,USD,GLBX-001,MARGIN,USD,[],False,{}
2026-03-09 14:23:27.150586797+00:00,1001884.00,0.00,1001884.00,USD,GLBX-001,MARGIN,USD,[],False,{}
2026-03-09 14:23:27.150586797+00:00,1001884.00,0.00,1001884.00,USD,GLBX-001,MARGIN,USD,[],False,{}
2026-03-09 14:24:13.402025597+00:00,1001889.50,0.00,1001889.50,USD,GLBX-001,MARGIN,USD,[],False,{}
2026-03-09 14:24:13.402025597+00:00,1001889.50,0.00,1001889.50,USD,GLBX-001,MARGIN,USD,[],False,{}
2026-03-09 14:24:56.452291111+00:00,1001893.25,0.00,1001893.25,USD,GLBX-001,MARGIN,USD,[],False,{}
2026-03-09 14:24:56.452291111+00:00,1001893.25,0.00,1001893.25,USD,GLBX-001,MARGIN,USD,[],False,{}
2026-03-09 14:25:19.195489175+00:00,1001894.00,0.00,1001894.00,USD,GLBX-001,MARGIN,USD,[],False,{}
2026-03-09 14:25:19.195489175+00:00,1001894.00,0.00,1001894.00,USD,GLBX-001,MARGIN,USD,[],False,{}
2026-03-09 14:25:32.568496968+00:00,1001894.00,0.00,1001894.00,USD,GLBX-001,MARGIN,USD,[],False,{}
2026-03-09 14:25:32.568496968+00:00,1001894.00,0.00,1001894.00,USD,GLBX-001,MARGIN,USD,[],False,{}
2026-03-09 14:27:17.175620615+00:00,1001907.75,0.00,1001907.75,USD,GLBX-001,MARGIN,USD,[],False,{}
2026-03-09 14:27:17.175620615+00:00,1001907.75,0.00,1001907.75,USD,GLBX-001,MARGIN,USD,[],False,{}
2026-03-09 14:28:06.258223877+00:00,1001909.00,0.00,1001909.00,USD,GLBX-001,MARGIN,USD,[],False,{}
2026-03-09 14:28:06.258223877+00:00,1001909.00,0.00,1001909.00,USD,GLBX-001,MARGIN,USD,[],False,{}
2026-03-09 14:29:09.524785128+00:00,1001909.25,0.00,1001909.25,USD,GLBX-001,MARGIN,USD,[],False,{}
2026-03-09 14:29:09.524785128+00:00,1001909.25,0.00,1001909.25,USD,GLBX-001,MARGIN,USD,[],False,{}
2026-03-09 14:30:10.272976712+00:00,1001915.00,0.00,1001915.00,USD,GLBX-001,MARGIN,USD,[],False,{}
2026-03-09 14:30:10.272976712+00:00,1001915.00,0.00,1001915.00,USD,GLBX-001,MARGIN,USD,[],False,{}
2026-03-09 14:30:42.233430819+00:00,1001917.25,0.00,1001917.25,USD,GLBX-001,MARGIN,USD,[],False,{}
2026-03-09 14:30:42.233430819+00:00,1001917.25,0.00,1001917.25,USD,GLBX-001,MARGIN,USD,[],False,{}
2026-03-09 14:31:27.481398303+00:00,1001920.75,0.00,1001920.75,USD,GLBX-001,MARGIN,USD,[],False,{}
2026-03-09 14:31:27.481398303+00:00,1001920.75,0.00,1001920.75,USD,GLBX-001,MARGIN,USD,[],False,{}
2026-03-09 14:32:03.423877919+00:00,1001920.75,0.00,1001920.75,USD,GLBX-001,MARGIN,USD,[],False,{}
2026-03-09 14:32:03.423877919+00:00,1001920.75,0.00,1001920.75,USD,GLBX-001,MARGIN,USD,[],False,{}
2026-03-09 14:33:03.975437947+00:00,1001922.00,0.00,1001922.00,USD,GLBX-001,MARGIN,USD,[],False,{}
2026-03-09 14:33:03.975437947+00:00,1001922.00,0.00,1001922.00,USD,GLBX-001,MARGIN,USD,[],False,{}
2026-03-09 14:33:24.975193357+00:00,1001922.50,0.00,1001922.50,USD,GLBX-001,MARGIN,USD,[],False,{}
2026-03-09 14:33:24.975193357+00:00,1001922.50,0.00,1001922.50,USD,GLBX-001,MARGIN,USD,[],False,{}
2026-03-09 14:34:16.913401949+00:00,1001925.00,0.00,1001925.00,USD,GLBX-001,MARGIN,USD,[],False,{}
2026-03-09 14:34:16.913401949+00:00,1001925.00,0.00,1001925.00,USD,GLBX-001,MARGIN,USD,[],False,{}
2026-03-09 14:34:30.640746171+00:00,1001926.25,0.00,1001926.25,USD,GLBX-001,MARGIN,USD,[],False,{}
2026-03-09 14:34:30.640746171+00:00,1001926.25,0.00,1001926.25,USD,GLBX-001,MARGIN,USD,[],False,{}
2026-03-09 14:34:43.165251378+00:00,1001926.25,0.00,1001926.25,USD,GLBX-001,MARGIN,USD,[],False,{}
2026-03-09 14:34:43.165251378+00:00,1001926.25,0.00,1001926.25,USD,GLBX-001,MARGIN,USD,[],False,{}
2026-03-09 14:34:50.611202855+00:00,1001925.25,0.00,1001925.25,USD,GLBX-001,MARGIN,USD,[],False,{}
2026-03-09 14:34:50.611202855+00:00,1001925.25,0.00,1001925.25,USD,GLBX-001,MARGIN,USD,[],False,{}
2026-03-09 14:36:37.597116377+00:00,1001933.75,0.00,1001933.75,USD,GLBX-001,MARGIN,USD,[],False,{}
2026-03-09 14:36:37.597116377+00:00,1001933.75,0.00,1001933.75,USD,GLBX-001,MARGIN,USD,[],False,{}
2026-03-09 14:37:13.979219153+00:00,1001935.50,0.00,1001935.50,USD,GLBX-001,MARGIN,USD,[],False,{}
2026-03-09 14:37:13.979219153+00:00,1001935.50,0.00,1001935.50,USD,GLBX-001,MARGIN,USD,[],False,{}
2026-03-09 14:38:45.090253107+00:00,1001943.25,0.00,1001943.25,USD,GLBX-001,MARGIN,USD,[],False,{}
2026-03-09 14:38:45.090253107+00:00,1001943.25,0.00,1001943.25,USD,GLBX-001,MARGIN,USD,[],False,{}
2026-03-09 14:39:43.723302186+00:00,1001945.25,0.00,1001945.25,USD,GLBX-001,MARGIN,USD,[],False,{}
2026-03-09 14:39:43.723302186+00:00,1001945.25,0.00,1001945.25,USD,GLBX-001,MARGIN,USD,[],False,{}
2026-03-09 14:40:05.755070787+00:00,1001944.00,0.00,1001944.00,USD,GLBX-001,MARGIN,USD,[],False,{}
2026-03-09 14:40:05.755070787+00:00,1001944.00,0.00,1001944.00,USD,GLBX-001,MARGIN,USD,[],False,{}
2026-03-09 14:40:30.499232477+00:00,1001946.75,0.00,1001946.75,USD,GLBX-001,MARGIN,USD,[],False,{}
2026-03-09 14:40:30.499232477+00:00,1001946.75,0.00,1001946.75,USD,GLBX-001,MARGIN,USD,[],False,{}
2026-03-09 14:41:37.389981226+00:00,1001954.00,0.00,1001954.00,USD,GLBX-001,MARGIN,USD,[],False,{}
2026-03-09 14:41:37.389981226+00:00,1001954.00,0.00,1001954.00,USD,GLBX-001,MARGIN,USD,[],False,{}
2026-03-09 14:42:07.547374847+00:00,1001960.75,0.00,1001960.75,USD,GLBX-001,MARGIN,USD,[],False,{}
2026-03-09 14:42:07.547374847+00:00,1001960.75,0.00,1001960.75,USD,GLBX-001,MARGIN,USD,[],False,{}
2026-03-09 14:43:11.779685736+00:00,1001967.25,0.00,1001967.25,USD,GLBX-001,MARGIN,USD,[],False,{}
2026-03-09 14:43:11.779685736+00:00,1001967.25,0.00,1001967.25,USD,GLBX-001,MARGIN,USD,[],False,{}
2026-03-09 14:43:23.719100843+00:00,1001969.25,0.00,1001969.25,USD,GLBX-001,MARGIN,USD,[],False,{}
2026-03-09 14:43:23.719100843+00:00,1001969.25,0.00,1001969.25,USD,GLBX-001,MARGIN,USD,[],False,{}
2026-03-09 14:43:37.708035336+00:00,1001970.00,0.00,1001970.00,USD,GLBX-001,MARGIN,USD,[],False,{}
2026-03-09 14:43:37.708035336+00:00,1001970.00,0.00,1001970.00,USD,GLBX-001,MARGIN,USD,[],False,{}
2026-03-09 14:44:07.095963656+00:00,1001969.50,0.00,1001969.50,USD,GLBX-001,MARGIN,USD,[],False,{}
2026-03-09 14:44:07.095963656+00:00,1001969.50,0.00,1001969.50,USD,GLBX-001,MARGIN,USD,[],False,{}
2026-03-09 14:45:50.766344634+00:00,1001975.75,0.00,1001975.75,USD,GLBX-001,MARGIN,USD,[],False,{}
2026-03-09 14:45:50.766344634+00:00,1001975.75,0.00,1001975.75,USD,GLBX-001,MARGIN,USD,[],False,{}
2026-03-09 14:46:24.334224595+00:00,1001976.00,0.00,1001976.00,USD,GLBX-001,MARGIN,USD,[],False,{}
2026-03-09 14:46:24.334224595+00:00,1001976.00,0.00,1001976.00,USD,GLBX-001,MARGIN,USD,[],False,{}
2026-03-09 14:46:59.907277563+00:00,1001980.00,0.00,1001980.00,USD,GLBX-001,MARGIN,USD,[],False,{}
2026-03-09 14:46:59.907277563+00:00,1001980.00,0.00,1001980.00,USD,GLBX-001,MARGIN,USD,[],False,{}
2026-03-09 14:47:01.425050386+00:00,1001979.75,0.00,1001979.75,USD,GLBX-001,MARGIN,USD,[],False,{}
2026-03-09 14:47:01.425050386+00:00,1001979.75,0.00,1001979.75,USD,GLBX-001,MARGIN,USD,[],False,{}
2026-03-09 14:47:54.012178573+00:00,1001980.25,0.00,1001980.25,USD,GLBX-001,MARGIN,USD,[],False,{}
2026-03-09 14:47:54.012178573+00:00,1001980.25,0.00,1001980.25,USD,GLBX-001,MARGIN,USD,[],False,{}
2026-03-09 14:48:04.198512715+00:00,1001978.75,0.00,1001978.75,USD,GLBX-001,MARGIN,USD,[],False,{}
2026-03-09 14:48:04.198512715+00:00,1001978.75,0.00,1001978.75,USD,GLBX-001,MARGIN,USD,[],False,{}
2026-03-09 14:48:17.464635663+00:00,1001979.75,0.00,1001979.75,USD,GLBX-001,MARGIN,USD,[],False,{}
2026-03-09 14:48:17.464635663+00:00,1001979.75,0.00,1001979.75,USD,GLBX-001,MARGIN,USD,[],False,{}
2026-03-09 14:49:17.463379032+00:00,1001984.50,0.00,1001984.50,USD,GLBX-001,MARGIN,USD,[],False,{}
2026-03-09 14:49:17.463379032+00:00,1001984.50,0.00,1001984.50,USD,GLBX-001,MARGIN,USD,[],False,{}
2026-03-09 14:49:49.926236253+00:00,1001986.00,0.00,1001986.00,USD,GLBX-001,MARGIN,USD,[],False,{}
2026-03-09 14:49:49.926236253+00:00,1001986.00,0.00,1001986.00,USD,GLBX-001,MARGIN,USD,[],False,{}
2026-03-09 14:50:10.187723197+00:00,1001988.50,0.00,1001988.50,USD,GLBX-001,MARGIN,USD,[],False,{}
2026-03-09 14:50:10.187723197+00:00,1001988.50,0.00,1001988.50,USD,GLBX-001,MARGIN,USD,[],False,{}
2026-03-09 14:51:52.609158691+00:00,1001993.75,0.00,1001993.75,USD,GLBX-001,MARGIN,USD,[],False,{}
2026-03-09 14:51:52.609158691+00:00,1001993.75,0.00,1001993.75,USD,GLBX-001,MARGIN,USD,[],False,{}
2026-03-09 14:52:14.913730472+00:00,1001995.25,0.00,1001995.25,USD,GLBX-001,MARGIN,USD,[],False,{}
2026-03-09 14:52:14.913730472+00:00,1001995.25,0.00,1001995.25,USD,GLBX-001,MARGIN,USD,[],False,{}
2026-03-09 14:52:46.508249055+00:00,1001997.25,0.00,1001997.25,USD,GLBX-001,MARGIN,USD,[],False,{}
2026-03-09 14:52:46.508249055+00:00,1001997.25,0.00,1001997.25,USD,GLBX-001,MARGIN,USD,[],False,{}
2026-03-09 14:53:04.010769927+00:00,1001995.75,0.00,1001995.75,USD,GLBX-001,MARGIN,USD,[],False,{}
2026-03-09 14:53:04.010769927+00:00,1001995.75,0.00,1001995.75,USD,GLBX-001,MARGIN,USD,[],False,{}
2026-03-09 14:53:31.237554645+00:00,1001994.75,0.00,1001994.75,USD,GLBX-001,MARGIN,USD,[],False,{}
2026-03-09 14:53:31.237554645+00:00,1001994.75,0.00,1001994.75,USD,GLBX-001,MARGIN,USD,[],False,{}
2026-03-09 14:54:09.789651584+00:00,1001996.00,0.00,1001996.00,USD,GLBX-001,MARGIN,USD,[],False,{}
2026-03-09 14:54:09.789651584+00:00,1001996.00,0.00,1001996.00,USD,GLBX-001,MARGIN,USD,[],False,{}
2026-03-09 14:54:55.769898680+00:00,1002000.25,0.00,1002000.25,USD,GLBX-001,MARGIN,USD,[],False,{}
2026-03-09 14:54:55.769898680+00:00,1002000.25,0.00,1002000.25,USD,GLBX-001,MARGIN,USD,[],False,{}
2026-03-09 14:55:24.940058021+00:00,1002000.75,0.00,1002000.75,USD,GLBX-001,MARGIN,USD,[],False,{}
2026-03-09 14:55:24.940058021+00:00,1002000.75,0.00,1002000.75,USD,GLBX-001,MARGIN,USD,[],False,{}
2026-03-09 14:55:36.773406376+00:00,1001999.75,0.00,1001999.75,USD,GLBX-001,MARGIN,USD,[],False,{}
2026-03-09 14:55:36.773406376+00:00,1001999.75,0.00,1001999.75,USD,GLBX-001,MARGIN,USD,[],False,{}
2026-03-09 14:56:17.425450258+00:00,1002005.25,0.00,1002005.25,USD,GLBX-001,MARGIN,USD,[],False,{}
2026-03-09 14:56:17.425450258+00:00,1002005.25,0.00,1002005.25,USD,GLBX-001,MARGIN,USD,[],False,{}
2026-03-09 14:57:32.471126907+00:00,1002009.50,0.00,1002009.50,USD,GLBX-001,MARGIN,USD,[],False,{}
2026-03-09 14:57:32.471126907+00:00,1002009.50,0.00,1002009.50,USD,GLBX-001,MARGIN,USD,[],False,{}
2026-03-09 14:57:52.120629364+00:00,1002009.00,0.00,1002009.00,USD,GLBX-001,MARGIN,USD,[],False,{}
2026-03-09 14:57:52.120629364+00:00,1002009.00,0.00,1002009.00,USD,GLBX-001,MARGIN,USD,[],False,{}
2026-03-09 14:58:28.142217079+00:00,1002011.25,0.00,1002011.25,USD,GLBX-001,MARGIN,USD,[],False,{}
2026-03-09 14:58:28.142217079+00:00,1002011.25,0.00,1002011.25,USD,GLBX-001,MARGIN,USD,[],False,{}
2026-03-09 14:59:39.949011544+00:00,1002017.00,0.00,1002017.00,USD,GLBX-001,MARGIN,USD,[],False,{}
2026-03-09 14:59:39.949011544+00:00,1002017.00,0.00,1002017.00,USD,GLBX-001,MARGIN,USD,[],False,{}
2026-03-09 15:00:37.282498493+00:00,1002020.50,0.00,1002020.50,USD,GLBX-001,MARGIN,USD,[],False,{}
2026-03-09 15:00:37.282498493+00:00,1002020.50,0.00,1002020.50,USD,GLBX-001,MARGIN,USD,[],False,{}
2026-03-09 15:00:40.402060674+00:00,1002020.25,0.00,1002020.25,USD,GLBX-001,MARGIN,USD,[],False,{}
2026-03-09 15:00:40.402060674+00:00,1002020.25,0.00,1002020.25,USD,GLBX-001,MARGIN,USD,[],False,{}
2026-03-09 15:01:18.232838827+00:00,1002020.25,0.00,1002020.25,USD,GLBX-001,MARGIN,USD,[],False,{}
2026-03-09 15:01:18.232838827+00:00,1002020.25,0.00,1002020.25,USD,GLBX-001,MARGIN,USD,[],False,{}
2026-03-09 15:01:25.421271223+00:00,1002021.00,0.00,1002021.00,USD,GLBX-001,MARGIN,USD,[],False,{}
2026-03-09 15:01:25.421271223+00:00,1002021.00,0.00,1002021.00,USD,GLBX-001,MARGIN,USD,[],False,{}
2026-03-09 15:02:34.954222484+00:00,1002024.75,0.00,1002024.75,USD,GLBX-001,MARGIN,USD,[],False,{}
2026-03-09 15:02:34.954222484+00:00,1002024.75,0.00,1002024.75,USD,GLBX-001,MARGIN,USD,[],False,{}
2026-03-09 15:03:14.344678721+00:00,1002026.25,0.00,1002026.25,USD,GLBX-001,MARGIN,USD,[],False,{}
2026-03-09 15:03:14.344678721+00:00,1002026.25,0.00,1002026.25,USD,GLBX-001,MARGIN,USD,[],False,{}
2026-03-09 15:03:44.967280456+00:00,1002028.75,0.00,1002028.75,USD,GLBX-001,MARGIN,USD,[],False,{}
2026-03-09 15:03:44.967280456+00:00,1002028.75,0.00,1002028.75,USD,GLBX-001,MARGIN,USD,[],False,{}
2026-03-09 15:03:54.349742160+00:00,1002026.50,0.00,1002026.50,USD,GLBX-001,MARGIN,USD,[],False,{}
2026-03-09 15:03:54.349742160+00:00,1002026.50,0.00,1002026.50,USD,GLBX-001,MARGIN,USD,[],False,{}
2026-03-09 15:03:58.527868277+00:00,1002027.25,0.00,1002027.25,USD,GLBX-001,MARGIN,USD,[],False,{}
2026-03-09 15:03:58.527868277+00:00,1002027.25,0.00,1002027.25,USD,GLBX-001,MARGIN,USD,[],False,{}
2026-03-09 15:04:45.946757442+00:00,1002029.50,0.00,1002029.50,USD,GLBX-001,MARGIN,USD,[],False,{}
2026-03-09 15:04:45.946757442+00:00,1002029.50,0.00,1002029.50,USD,GLBX-001,MARGIN,USD,[],False,{}
2026-03-09 15:04:57.184887731+00:00,1002030.75,0.00,1002030.75,USD,GLBX-001,MARGIN,USD,[],False,{}
2026-03-09 15:04:57.184887731+00:00,1002030.75,0.00,1002030.75,USD,GLBX-001,MARGIN,USD,[],False,{}
2026-03-09 15:05:24.485033215+00:00,1002031.25,0.00,1002031.25,USD,GLBX-001,MARGIN,USD,[],False,{}
2026-03-09 15:05:24.485033215+00:00,1002031.25,0.00,1002031.25,USD,GLBX-001,MARGIN,USD,[],False,{}
2026-03-09 15:06:34.761614394+00:00,1002032.50,0.00,1002032.50,USD,GLBX-001,MARGIN,USD,[],False,{}
2026-03-09 15:06:34.761614394+00:00,1002032.50,0.00,1002032.50,USD,GLBX-001,MARGIN,USD,[],False,{}
2026-03-09 15:06:47.124395242+00:00,1002031.75,0.00,1002031.75,USD,GLBX-001,MARGIN,USD,[],False,{}
2026-03-09 15:06:47.124395242+00:00,1002031.75,0.00,1002031.75,USD,GLBX-001,MARGIN,USD,[],False,{}
2026-03-09 15:07:13.749604759+00:00,1002030.75,0.00,1002030.75,USD,GLBX-001,MARGIN,USD,[],False,{}
2026-03-09 15:07:13.749604759+00:00,1002030.75,0.00,1002030.75,USD,GLBX-001,MARGIN,USD,[],False,{}
2026-03-09 15:09:15.607430317+00:00,1002035.00,0.00,1002035.00,USD,GLBX-001,MARGIN,USD,[],False,{}
2026-03-09 15:09:15.607430317+00:00,1002035.00,0.00,1002035.00,USD,GLBX-001,MARGIN,USD,[],False,{}
2026-03-09 15:09:17.985751239+00:00,1002034.50,0.00,1002034.50,USD,GLBX-001,MARGIN,USD,[],False,{}
2026-03-09 15:09:17.985751239+00:00,1002034.50,0.00,1002034.50,USD,GLBX-001,MARGIN,USD,[],False,{}
2026-03-09 15:09:34.102831655+00:00,1002036.50,0.00,1002036.50,USD,GLBX-001,MARGIN,USD,[],False,{}
2026-03-09 15:09:34.102831655+00:00,1002036.50,0.00,1002036.50,USD,GLBX-001,MARGIN,USD,[],False,{}
2026-03-09 15:10:55.747797411+00:00,1002042.25,0.00,1002042.25,USD,GLBX-001,MARGIN,USD,[],False,{}
2026-03-09 15:10:55.747797411+00:00,1002042.25,0.00,1002042.25,USD,GLBX-001,MARGIN,USD,[],False,{}
2026-03-09 15:11:45.942811435+00:00,1002045.00,0.00,1002045.00,USD,GLBX-001,MARGIN,USD,[],False,{}
2026-03-09 15:11:45.942811435+00:00,1002045.00,0.00,1002045.00,USD,GLBX-001,MARGIN,USD,[],False,{}
2026-03-09 15:12:31.061252987+00:00,1002049.00,0.00,1002049.00,USD,GLBX-001,MARGIN,USD,[],False,{}
2026-03-09 15:12:31.061252987+00:00,1002049.00,0.00,1002049.00,USD,GLBX-001,MARGIN,USD,[],False,{}
2026-03-09 15:12:50.636558887+00:00,1002049.25,0.00,1002049.25,USD,GLBX-001,MARGIN,USD,[],False,{}
2026-03-09 15:12:50.636558887+00:00,1002049.25,0.00,1002049.25,USD,GLBX-001,MARGIN,USD,[],False,{}
2026-03-09 15:13:25.382130203+00:00,1002051.75,0.00,1002051.75,USD,GLBX-001,MARGIN,USD,[],False,{}
2026-03-09 15:13:25.382130203+00:00,1002051.75,0.00,1002051.75,USD,GLBX-001,MARGIN,USD,[],False,{}
2026-03-09 15:14:05.811446207+00:00,1002054.25,0.00,1002054.25,USD,GLBX-001,MARGIN,USD,[],False,{}
2026-03-09 15:14:05.811446207+00:00,1002054.25,0.00,1002054.25,USD,GLBX-001,MARGIN,USD,[],False,{}
2026-03-09 15:15:26.975667775+00:00,1002060.25,0.00,1002060.25,USD,GLBX-001,MARGIN,USD,[],False,{}
2026-03-09 15:15:26.975667775+00:00,1002060.25,0.00,1002060.25,USD,GLBX-001,MARGIN,USD,[],False,{}
2026-03-09 15:15:30.497354090+00:00,1002060.00,0.00,1002060.00,USD,GLBX-001,MARGIN,USD,[],False,{}
2026-03-09 15:15:30.497354090+00:00,1002060.00,0.00,1002060.00,USD,GLBX-001,MARGIN,USD,[],False,{}
2026-03-09 15:15:49.890266392+00:00,1002059.00,0.00,1002059.00,USD,GLBX-001,MARGIN,USD,[],False,{}
2026-03-09 15:15:49.890266392+00:00,1002059.00,0.00,1002059.00,USD,GLBX-001,MARGIN,USD,[],False,{}
2026-03-09 15:16:14.851454043+00:00,1002058.25,0.00,1002058.25,USD,GLBX-001,MARGIN,USD,[],False,{}
2026-03-09 15:16:14.851454043+00:00,1002058.25,0.00,1002058.25,USD,GLBX-001,MARGIN,USD,[],False,{}
2026-03-09 15:16:40.001037090+00:00,1002057.75,0.00,1002057.75,USD,GLBX-001,MARGIN,USD,[],False,{}
2026-03-09 15:16:40.001037090+00:00,1002057.75,0.00,1002057.75,USD,GLBX-001,MARGIN,USD,[],False,{}
2026-03-09 15:16:59.719863851+00:00,1002058.00,0.00,1002058.00,USD,GLBX-001,MARGIN,USD,[],False,{}
2026-03-09 15:16:59.719863851+00:00,1002058.00,0.00,1002058.00,USD,GLBX-001,MARGIN,USD,[],False,{}
2026-03-09 15:17:27.806455869+00:00,1002058.50,0.00,1002058.50,USD,GLBX-001,MARGIN,USD,[],False,{}
2026-03-09 15:17:27.806455869+00:00,1002058.50,0.00,1002058.50,USD,GLBX-001,MARGIN,USD,[],False,{}
2026-03-09 15:19:05.192561851+00:00,1002063.75,0.00,1002063.75,USD,GLBX-001,MARGIN,USD,[],False,{}
2026-03-09 15:19:05.192561851+00:00,1002063.75,0.00,1002063.75,USD,GLBX-001,MARGIN,USD,[],False,{}
2026-03-09 15:19:39.128528531+00:00,1002065.75,0.00,1002065.75,USD,GLBX-001,MARGIN,USD,[],False,{}
2026-03-09 15:19:39.128528531+00:00,1002065.75,0.00,1002065.75,USD,GLBX-001,MARGIN,USD,[],False,{}
2026-03-09 15:19:47.387789178+00:00,1002066.00,0.00,1002066.00,USD,GLBX-001,MARGIN,USD,[],False,{}
2026-03-09 15:19:47.387789178+00:00,1002066.00,0.00,1002066.00,USD,GLBX-001,MARGIN,USD,[],False,{}
2026-03-09 15:20:24.467590928+00:00,1002069.25,0.00,1002069.25,USD,GLBX-001,MARGIN,USD,[],False,{}
2026-03-09 15:20:24.467590928+00:00,1002069.25,0.00,1002069.25,USD,GLBX-001,MARGIN,USD,[],False,{}
2026-03-09 15:20:36.182530122+00:00,1002070.75,0.00,1002070.75,USD,GLBX-001,MARGIN,USD,[],False,{}
2026-03-09 15:20:36.182530122+00:00,1002070.75,0.00,1002070.75,USD,GLBX-001,MARGIN,USD,[],False,{}
2026-03-09 15:20:41.731363856+00:00,1002071.75,0.00,1002071.75,USD,GLBX-001,MARGIN,USD,[],False,{}
2026-03-09 15:20:41.731363856+00:00,1002071.75,0.00,1002071.75,USD,GLBX-001,MARGIN,USD,[],False,{}
2026-03-09 15:20:54.501993941+00:00,1002073.00,0.00,1002073.00,USD,GLBX-001,MARGIN,USD,[],False,{}
2026-03-09 15:20:54.501993941+00:00,1002073.00,0.00,1002073.00,USD,GLBX-001,MARGIN,USD,[],False,{}
2026-03-09 15:22:10.028201784+00:00,1002075.75,0.00,1002075.75,USD,GLBX-001,MARGIN,USD,[],False,{}
2026-03-09 15:22:10.028201784+00:00,1002075.75,0.00,1002075.75,USD,GLBX-001,MARGIN,USD,[],False,{}
2026-03-09 15:22:11.155662661+00:00,1002076.50,0.00,1002076.50,USD,GLBX-001,MARGIN,USD,[],False,{}
2026-03-09 15:22:11.155662661+00:00,1002076.50,0.00,1002076.50,USD,GLBX-001,MARGIN,USD,[],False,{}
2026-03-09 15:22:18.375631538+00:00,1002078.25,0.00,1002078.25,USD,GLBX-001,MARGIN,USD,[],False,{}
2026-03-09 15:22:18.375631538+00:00,1002078.25,0.00,1002078.25,USD,GLBX-001,MARGIN,USD,[],False,{}
2026-03-09 15:22:22.475557932+00:00,1002078.75,0.00,1002078.75,USD,GLBX-001,MARGIN,USD,[],False,{}
2026-03-09 15:22:22.475557932+00:00,1002078.75,0.00,1002078.75,USD,GLBX-001,MARGIN,USD,[],False,{}
2026-03-09 15:22:23.495618880+00:00,1002079.50,0.00,1002079.50,USD,GLBX-001,MARGIN,USD,[],False,{}
2026-03-09 15:22:23.495618880+00:00,1002079.50,0.00,1002079.50,USD,GLBX-001,MARGIN,USD,[],False,{}
2026-03-09 15:22:55.720501274+00:00,1002080.75,0.00,1002080.75,USD,GLBX-001,MARGIN,USD,[],False,{}
2026-03-09 15:22:55.720501274+00:00,1002080.75,0.00,1002080.75,USD,GLBX-001,MARGIN,USD,[],False,{}
2026-03-09 15:22:58.453169605+00:00,1002082.00,0.00,1002082.00,USD,GLBX-001,MARGIN,USD,[],False,{}
2026-03-09 15:22:58.453169605+00:00,1002082.00,0.00,1002082.00,USD,GLBX-001,MARGIN,USD,[],False,{}
2026-03-09 15:23:00.175576512+00:00,1002082.50,0.00,1002082.50,USD,GLBX-001,MARGIN,USD,[],False,{}
2026-03-09 15:23:00.175576512+00:00,1002082.50,0.00,1002082.50,USD,GLBX-001,MARGIN,USD,[],False,{}
2026-03-09 15:23:07.955701347+00:00,1002083.00,0.00,1002083.00,USD,GLBX-001,MARGIN,USD,[],False,{}
2026-03-09 15:23:07.955701347+00:00,1002083.00,0.00,1002083.00,USD,GLBX-001,MARGIN,USD,[],False,{}
2026-03-09 15:23:16.291817536+00:00,1002084.25,0.00,1002084.25,USD,GLBX-001,MARGIN,USD,[],False,{}
2026-03-09 15:23:16.291817536+00:00,1002084.25,0.00,1002084.25,USD,GLBX-001,MARGIN,USD,[],False,{}
2026-03-09 15:23:53.145074088+00:00,1002086.25,0.00,1002086.25,USD,GLBX-001,MARGIN,USD,[],False,{}
2026-03-09 15:23:53.145074088+00:00,1002086.25,0.00,1002086.25,USD,GLBX-001,MARGIN,USD,[],False,{}
2026-03-09 15:24:01.451506608+00:00,1002086.00,0.00,1002086.00,USD,GLBX-001,MARGIN,USD,[],False,{}
2026-03-09 15:24:01.451506608+00:00,1002086.00,0.00,1002086.00,USD,GLBX-001,MARGIN,USD,[],False,{}
2026-03-09 15:24:29.748143091+00:00,1002085.75,0.00,1002085.75,USD,GLBX-001,MARGIN,USD,[],False,{}
2026-03-09 15:24:29.748143091+00:00,1002085.75,0.00,1002085.75,USD,GLBX-001,MARGIN,USD,[],False,{}
2026-03-09 15:24:55.433544139+00:00,1002085.50,0.00,1002085.50,USD,GLBX-001,MARGIN,USD,[],False,{}
2026-03-09 15:24:55.433544139+00:00,1002085.50,0.00,1002085.50,USD,GLBX-001,MARGIN,USD,[],False,{}
2026-03-09 15:27:17.296136128+00:00,1002090.50,0.00,1002090.50,USD,GLBX-001,MARGIN,USD,[],False,{}
2026-03-09 15:27:17.296136128+00:00,1002090.50,0.00,1002090.50,USD,GLBX-001,MARGIN,USD,[],False,{}
2026-03-09 15:27:20.494927938+00:00,1002091.50,0.00,1002091.50,USD,GLBX-001,MARGIN,USD,[],False,{}
2026-03-09 15:27:20.494927938+00:00,1002091.50,0.00,1002091.50,USD,GLBX-001,MARGIN,USD,[],False,{}
2026-03-09 15:27:22.959125599+00:00,1002091.50,0.00,1002091.50,USD,GLBX-001,MARGIN,USD,[],False,{}
2026-03-09 15:27:22.959125599+00:00,1002091.50,0.00,1002091.50,USD,GLBX-001,MARGIN,USD,[],False,{}
2026-03-09 15:28:36.719566988+00:00,1002094.50,0.00,1002094.50,USD,GLBX-001,MARGIN,USD,[],False,{}
2026-03-09 15:28:36.719566988+00:00,1002094.50,0.00,1002094.50,USD,GLBX-001,MARGIN,USD,[],False,{}
2026-03-09 15:29:36.417984815+00:00,1002097.25,0.00,1002097.25,USD,GLBX-001,MARGIN,USD,[],False,{}
2026-03-09 15:29:36.417984815+00:00,1002097.25,0.00,1002097.25,USD,GLBX-001,MARGIN,USD,[],False,{}
2026-03-09 15:30:08.194701754+00:00,1002100.00,0.00,1002100.00,USD,GLBX-001,MARGIN,USD,[],False,{}
2026-03-09 15:30:08.194701754+00:00,1002100.00,0.00,1002100.00,USD,GLBX-001,MARGIN,USD,[],False,{}
2026-03-09 15:30:15.223362071+00:00,1002100.25,0.00,1002100.25,USD,GLBX-001,MARGIN,USD,[],False,{}
2026-03-09 15:30:15.223362071+00:00,1002100.25,0.00,1002100.25,USD,GLBX-001,MARGIN,USD,[],False,{}
2026-03-09 15:30:32.289252253+00:00,1002101.25,0.00,1002101.25,USD,GLBX-001,MARGIN,USD,[],False,{}
2026-03-09 15:30:32.289252253+00:00,1002101.25,0.00,1002101.25,USD,GLBX-001,MARGIN,USD,[],False,{}
2026-03-09 15:31:20.542711868+00:00,1002103.75,0.00,1002103.75,USD,GLBX-001,MARGIN,USD,[],False,{}
2026-03-09 15:31:20.542711868+00:00,1002103.75,0.00,1002103.75,USD,GLBX-001,MARGIN,USD,[],False,{}
2026-03-09 15:33:04.548355304+00:00,1002109.00,0.00,1002109.00,USD,GLBX-001,MARGIN,USD,[],False,{}
2026-03-09 15:33:04.548355304+00:00,1002109.00,0.00,1002109.00,USD,GLBX-001,MARGIN,USD,[],False,{}
2026-03-09 15:33:11.027529893+00:00,1002109.25,0.00,1002109.25,USD,GLBX-001,MARGIN,USD,[],False,{}
2026-03-09 15:33:11.027529893+00:00,1002109.25,0.00,1002109.25,USD,GLBX-001,MARGIN,USD,[],False,{}
2026-03-09 15:34:25.553487080+00:00,1002112.00,0.00,1002112.00,USD,GLBX-001,MARGIN,USD,[],False,{}
2026-03-09 15:34:25.553487080+00:00,1002112.00,0.00,1002112.00,USD,GLBX-001,MARGIN,USD,[],False,{}
2026-03-09 15:34:28.718723688+00:00,1002112.25,0.00,1002112.25,USD,GLBX-001,MARGIN,USD,[],False,{}
2026-03-09 15:34:28.718723688+00:00,1002112.25,0.00,1002112.25,USD,GLBX-001,MARGIN,USD,[],False,{}
2026-03-09 15:34:43.769151395+00:00,1002114.25,0.00,1002114.25,USD,GLBX-001,MARGIN,USD,[],False,{}
2026-03-09 15:34:43.769151395+00:00,1002114.25,0.00,1002114.25,USD,GLBX-001,MARGIN,USD,[],False,{}
2026-03-09 15:34:53.838632712+00:00,1002116.00,0.00,1002116.00,USD,GLBX-001,MARGIN,USD,[],False,{}
2026-03-09 15:34:53.838632712+00:00,1002116.00,0.00,1002116.00,USD,GLBX-001,MARGIN,USD,[],False,{}
2026-03-09 15:35:32.242060288+00:00,1002120.00,0.00,1002120.00,USD,GLBX-001,MARGIN,USD,[],False,{}
2026-03-09 15:35:32.242060288+00:00,1002120.00,0.00,1002120.00,USD,GLBX-001,MARGIN,USD,[],False,{}
2026-03-09 15:35:52.633119344+00:00,1002122.00,0.00,1002122.00,USD,GLBX-001,MARGIN,USD,[],False,{}
2026-03-09 15:35:52.633119344+00:00,1002122.00,0.00,1002122.00,USD,GLBX-001,MARGIN,USD,[],False,{}
2026-03-09 15:36:40.113640259+00:00,1002122.50,0.00,1002122.50,USD,GLBX-001,MARGIN,USD,[],False,{}
2026-03-09 15:36:40.113640259+00:00,1002122.50,0.00,1002122.50,USD,GLBX-001,MARGIN,USD,[],False,{}
2026-03-09 15:37:11.300377270+00:00,1002123.25,0.00,1002123.25,USD,GLBX-001,MARGIN,USD,[],False,{}
2026-03-09 15:37:11.300377270+00:00,1002123.25,0.00,1002123.25,USD,GLBX-001,MARGIN,USD,[],False,{}
2026-03-09 15:37:30.288870024+00:00,1002123.00,0.00,1002123.00,USD,GLBX-001,MARGIN,USD,[],False,{}
2026-03-09 15:37:30.288870024+00:00,1002123.00,0.00,1002123.00,USD,GLBX-001,MARGIN,USD,[],False,{}
2026-03-09 15:37:55.678393327+00:00,1002125.00,0.00,1002125.00,USD,GLBX-001,MARGIN,USD,[],False,{}
2026-03-09 15:37:55.678393327+00:00,1002125.00,0.00,1002125.00,USD,GLBX-001,MARGIN,USD,[],False,{}
2026-03-09 15:38:17.165677245+00:00,1002126.50,0.00,1002126.50,USD,GLBX-001,MARGIN,USD,[],False,{}
2026-03-09 15:38:17.165677245+00:00,1002126.50,0.00,1002126.50,USD,GLBX-001,MARGIN,USD,[],False,{}
2026-03-09 15:38:29.494689879+00:00,1002127.00,0.00,1002127.00,USD,GLBX-001,MARGIN,USD,[],False,{}
2026-03-09 15:38:29.494689879+00:00,1002127.00,0.00,1002127.00,USD,GLBX-001,MARGIN,USD,[],False,{}
2026-03-09 15:38:55.690458976+00:00,1002127.25,0.00,1002127.25,USD,GLBX-001,MARGIN,USD,[],False,{}
2026-03-09 15:38:55.690458976+00:00,1002127.25,0.00,1002127.25,USD,GLBX-001,MARGIN,USD,[],False,{}
2026-03-09 15:39:20.736710704+00:00,1002126.50,0.00,1002126.50,USD,GLBX-001,MARGIN,USD,[],False,{}
2026-03-09 15:39:20.736710704+00:00,1002126.50,0.00,1002126.50,USD,GLBX-001,MARGIN,USD,[],False,{}
2026-03-09 15:40:05.972884703+00:00,1002129.00,0.00,1002129.00,USD,GLBX-001,MARGIN,USD,[],False,{}
2026-03-09 15:40:05.972884703+00:00,1002129.00,0.00,1002129.00,USD,GLBX-001,MARGIN,USD,[],False,{}
2026-03-09 15:40:18.679248960+00:00,1002130.25,0.00,1002130.25,USD,GLBX-001,MARGIN,USD,[],False,{}
2026-03-09 15:40:18.679248960+00:00,1002130.25,0.00,1002130.25,USD,GLBX-001,MARGIN,USD,[],False,{}
2026-03-09 15:40:49.830701448+00:00,1002132.00,0.00,1002132.00,USD,GLBX-001,MARGIN,USD,[],False,{}
2026-03-09 15:40:49.830701448+00:00,1002132.00,0.00,1002132.00,USD,GLBX-001,MARGIN,USD,[],False,{}
2026-03-09 15:41:39.374963664+00:00,1002132.75,0.00,1002132.75,USD,GLBX-001,MARGIN,USD,[],False,{}
2026-03-09 15:41:39.374963664+00:00,1002132.75,0.00,1002132.75,USD,GLBX-001,MARGIN,USD,[],False,{}
2026-03-09 15:42:39.164882813+00:00,1002133.75,0.00,1002133.75,USD,GLBX-001,MARGIN,USD,[],False,{}
2026-03-09 15:42:39.164882813+00:00,1002133.75,0.00,1002133.75,USD,GLBX-001,MARGIN,USD,[],False,{}
2026-03-09 15:44:03.856685067+00:00,1002136.25,0.00,1002136.25,USD,GLBX-001,MARGIN,USD,[],False,{}
2026-03-09 15:44:03.856685067+00:00,1002136.25,0.00,1002136.25,USD,GLBX-001,MARGIN,USD,[],False,{}
2026-03-09 15:44:17.732817507+00:00,1002137.00,0.00,1002137.00,USD,GLBX-001,MARGIN,USD,[],False,{}
2026-03-09 15:44:17.732817507+00:00,1002137.00,0.00,1002137.00,USD,GLBX-001,MARGIN,USD,[],False,{}
2026-03-09 15:46:22.909077047+00:00,1002144.75,0.00,1002144.75,USD,GLBX-001,MARGIN,USD,[],False,{}
2026-03-09 15:46:22.909077047+00:00,1002144.75,0.00,1002144.75,USD,GLBX-001,MARGIN,USD,[],False,{}
2026-03-09 15:47:01.282842226+00:00,1002148.25,0.00,1002148.25,USD,GLBX-001,MARGIN,USD,[],False,{}
2026-03-09 15:47:01.282842226+00:00,1002148.25,0.00,1002148.25,USD,GLBX-001,MARGIN,USD,[],False,{}
2026-03-09 15:47:39.112915003+00:00,1002150.25,0.00,1002150.25,USD,GLBX-001,MARGIN,USD,[],False,{}
2026-03-09 15:47:39.112915003+00:00,1002150.25,0.00,1002150.25,USD,GLBX-001,MARGIN,USD,[],False,{}
2026-03-09 15:48:05.874847310+00:00,1002153.25,0.00,1002153.25,USD,GLBX-001,MARGIN,USD,[],False,{}
2026-03-09 15:48:05.874847310+00:00,1002153.25,0.00,1002153.25,USD,GLBX-001,MARGIN,USD,[],False,{}
2026-03-09 15:48:21.969716775+00:00,1002155.00,0.00,1002155.00,USD,GLBX-001,MARGIN,USD,[],False,{}
2026-03-09 15:48:21.969716775+00:00,1002155.00,0.00,1002155.00,USD,GLBX-001,MARGIN,USD,[],False,{}
2026-03-09 15:48:44.781478094+00:00,1002155.75,0.00,1002155.75,USD,GLBX-001,MARGIN,USD,[],False,{}
2026-03-09 15:48:44.781478094+00:00,1002155.75,0.00,1002155.75,USD,GLBX-001,MARGIN,USD,[],False,{}
2026-03-09 15:49:08.342623103+00:00,1002156.75,0.00,1002156.75,USD,GLBX-001,MARGIN,USD,[],False,{}
2026-03-09 15:49:08.342623103+00:00,1002156.75,0.00,1002156.75,USD,GLBX-001,MARGIN,USD,[],False,{}
2026-03-09 15:51:00.626857880+00:00,1002157.25,0.00,1002157.25,USD,GLBX-001,MARGIN,USD,[],False,{}
2026-03-09 15:51:00.626857880+00:00,1002157.25,0.00,1002157.25,USD,GLBX-001,MARGIN,USD,[],False,{}
2026-03-09 15:51:35.935320722+00:00,1002159.00,0.00,1002159.00,USD,GLBX-001,MARGIN,USD,[],False,{}
2026-03-09 15:51:35.935320722+00:00,1002159.00,0.00,1002159.00,USD,GLBX-001,MARGIN,USD,[],False,{}
2026-03-09 15:52:33.616870531+00:00,1002159.25,0.00,1002159.25,USD,GLBX-001,MARGIN,USD,[],False,{}
2026-03-09 15:52:33.616870531+00:00,1002159.25,0.00,1002159.25,USD,GLBX-001,MARGIN,USD,[],False,{}
2026-03-09 15:54:04.886812464+00:00,1002164.75,0.00,1002164.75,USD,GLBX-001,MARGIN,USD,[],False,{}
2026-03-09 15:54:04.886812464+00:00,1002164.75,0.00,1002164.75,USD,GLBX-001,MARGIN,USD,[],False,{}
2026-03-09 15:54:32.510489517+00:00,1002166.75,0.00,1002166.75,USD,GLBX-001,MARGIN,USD,[],False,{}
2026-03-09 15:54:32.510489517+00:00,1002166.75,0.00,1002166.75,USD,GLBX-001,MARGIN,USD,[],False,{}
2026-03-09 15:55:02.541020128+00:00,1002167.25,0.00,1002167.25,USD,GLBX-001,MARGIN,USD,[],False,{}
2026-03-09 15:55:02.541020128+00:00,1002167.25,0.00,1002167.25,USD,GLBX-001,MARGIN,USD,[],False,{}
2026-03-09 15:56:32.812200829+00:00,1002168.75,0.00,1002168.75,USD,GLBX-001,MARGIN,USD,[],False,{}
2026-03-09 15:56:32.812200829+00:00,1002168.75,0.00,1002168.75,USD,GLBX-001,MARGIN,USD,[],False,{}
2026-03-09 15:57:56.332995720+00:00,1002170.00,0.00,1002170.00,USD,GLBX-001,MARGIN,USD,[],False,{}
2026-03-09 15:57:56.332995720+00:00,1002170.00,0.00,1002170.00,USD,GLBX-001,MARGIN,USD,[],False,{}
2026-03-09 15:59:01.463907413+00:00,1002172.25,0.00,1002172.25,USD,GLBX-001,MARGIN,USD,[],False,{}
2026-03-09 15:59:01.463907413+00:00,1002172.25,0.00,1002172.25,USD,GLBX-001,MARGIN,USD,[],False,{}
2026-03-09 15:59:56.402800439+00:00,1002172.75,0.00,1002172.75,USD,GLBX-001,MARGIN,USD,[],False,{}
2026-03-09 15:59:56.402800439+00:00,1002172.75,0.00,1002172.75,USD,GLBX-001,MARGIN,USD,[],False,{}
2026-03-09 16:00:38.854473776+00:00,1002174.25,0.00,1002174.25,USD,GLBX-001,MARGIN,USD,[],False,{}
2026-03-09 16:00:38.854473776+00:00,1002174.25,0.00,1002174.25,USD,GLBX-001,MARGIN,USD,[],False,{}
2026-03-09 16:01:34.979614550+00:00,1002176.00,0.00,1002176.00,USD,GLBX-001,MARGIN,USD,[],False,{}
2026-03-09 16:01:34.979614550+00:00,1002176.00,0.00,1002176.00,USD,GLBX-001,MARGIN,USD,[],False,{}
2026-03-09 16:02:30.588161635+00:00,1002177.75,0.00,1002177.75,USD,GLBX-001,MARGIN,USD,[],False,{}
2026-03-09 16:02:30.588161635+00:00,1002177.75,0.00,1002177.75,USD,GLBX-001,MARGIN,USD,[],False,{}
2026-03-09 16:03:52.701638891+00:00,1002182.75,0.00,1002182.75,USD,GLBX-001,MARGIN,USD,[],False,{}
2026-03-09 16:03:52.701638891+00:00,1002182.75,0.00,1002182.75,USD,GLBX-001,MARGIN,USD,[],False,{}
2026-03-09 16:04:12.185260354+00:00,1002182.75,0.00,1002182.75,USD,GLBX-001,MARGIN,USD,[],False,{}
2026-03-09 16:04:12.185260354+00:00,1002182.75,0.00,1002182.75,USD,GLBX-001,MARGIN,USD,[],False,{}
2026-03-09 16:04:41.678194411+00:00,1002182.25,0.00,1002182.25,USD,GLBX-001,MARGIN,USD,[],False,{}
2026-03-09 16:04:41.678194411+00:00,1002182.25,0.00,1002182.25,USD,GLBX-001,MARGIN,USD,[],False,{}
2026-03-09 16:05:33.254406591+00:00,1002182.75,0.00,1002182.75,USD,GLBX-001,MARGIN,USD,[],False,{}
2026-03-09 16:05:33.254406591+00:00,1002182.75,0.00,1002182.75,USD,GLBX-001,MARGIN,USD,[],False,{}
2026-03-09 16:06:14.904449911+00:00,1002183.25,0.00,1002183.25,USD,GLBX-001,MARGIN,USD,[],False,{}
2026-03-09 16:06:14.904449911+00:00,1002183.25,0.00,1002183.25,USD,GLBX-001,MARGIN,USD,[],False,{}
2026-03-09 16:06:34.460233698+00:00,1002183.00,0.00,1002183.00,USD,GLBX-001,MARGIN,USD,[],False,{}
2026-03-09 16:06:34.460233698+00:00,1002183.00,0.00,1002183.00,USD,GLBX-001,MARGIN,USD,[],False,{}
2026-03-09 16:07:46.043660646+00:00,1002186.50,0.00,1002186.50,USD,GLBX-001,MARGIN,USD,[],False,{}
2026-03-09 16:07:46.043660646+00:00,1002186.50,0.00,1002186.50,USD,GLBX-001,MARGIN,USD,[],False,{}
2026-03-09 16:08:01.573623053+00:00,1002187.50,0.00,1002187.50,USD,GLBX-001,MARGIN,USD,[],False,{}
2026-03-09 16:08:01.573623053+00:00,1002187.50,0.00,1002187.50,USD,GLBX-001,MARGIN,USD,[],False,{}
2026-03-09 16:08:13.482935573+00:00,1002187.75,0.00,1002187.75,USD,GLBX-001,MARGIN,USD,[],False,{}
2026-03-09 16:08:13.482935573+00:00,1002187.75,0.00,1002187.75,USD,GLBX-001,MARGIN,USD,[],False,{}
2026-03-09 16:09:18.481822831+00:00,1002190.00,0.00,1002190.00,USD,GLBX-001,MARGIN,USD,[],False,{}
2026-03-09 16:09:18.481822831+00:00,1002190.00,0.00,1002190.00,USD,GLBX-001,MARGIN,USD,[],False,{}
2026-03-09 16:09:38.621720264+00:00,1002191.25,0.00,1002191.25,USD,GLBX-001,MARGIN,USD,[],False,{}
2026-03-09 16:09:38.621720264+00:00,1002191.25,0.00,1002191.25,USD,GLBX-001,MARGIN,USD,[],False,{}
2026-03-09 16:09:46.791865362+00:00,1002192.00,0.00,1002192.00,USD,GLBX-001,MARGIN,USD,[],False,{}
2026-03-09 16:09:46.791865362+00:00,1002192.00,0.00,1002192.00,USD,GLBX-001,MARGIN,USD,[],False,{}
2026-03-09 16:10:02.130599653+00:00,1002191.25,0.00,1002191.25,USD,GLBX-001,MARGIN,USD,[],False,{}
2026-03-09 16:10:02.130599653+00:00,1002191.25,0.00,1002191.25,USD,GLBX-001,MARGIN,USD,[],False,{}
2026-03-09 16:11:02.364422856+00:00,1002192.75,0.00,1002192.75,USD,GLBX-001,MARGIN,USD,[],False,{}
2026-03-09 16:11:02.364422856+00:00,1002192.75,0.00,1002192.75,USD,GLBX-001,MARGIN,USD,[],False,{}
2026-03-09 16:12:55.914549343+00:00,1002198.00,0.00,1002198.00,USD,GLBX-001,MARGIN,USD,[],False,{}
2026-03-09 16:12:55.914549343+00:00,1002198.00,0.00,1002198.00,USD,GLBX-001,MARGIN,USD,[],False,{}
2026-03-09 16:13:34.158699616+00:00,1002199.75,0.00,1002199.75,USD,GLBX-001,MARGIN,USD,[],False,{}
2026-03-09 16:13:34.158699616+00:00,1002199.75,0.00,1002199.75,USD,GLBX-001,MARGIN,USD,[],False,{}
2026-03-09 16:13:51.259158227+00:00,1002200.50,0.00,1002200.50,USD,GLBX-001,MARGIN,USD,[],False,{}
2026-03-09 16:13:51.259158227+00:00,1002200.50,0.00,1002200.50,USD,GLBX-001,MARGIN,USD,[],False,{}
2026-03-09 16:17:28.341677591+00:00,1002205.25,0.00,1002205.25,USD,GLBX-001,MARGIN,USD,[],False,{}
2026-03-09 16:17:28.341677591+00:00,1002205.25,0.00,1002205.25,USD,GLBX-001,MARGIN,USD,[],False,{}
2026-03-09 16:18:17.162208331+00:00,1002209.00,0.00,1002209.00,USD,GLBX-001,MARGIN,USD,[],False,{}
2026-03-09 16:18:17.162208331+00:00,1002209.00,0.00,1002209.00,USD,GLBX-001,MARGIN,USD,[],False,{}
2026-03-09 16:22:35.283026071+00:00,1002215.00,0.00,1002215.00,USD,GLBX-001,MARGIN,USD,[],False,{}
2026-03-09 16:22:35.283026071+00:00,1002215.00,0.00,1002215.00,USD,GLBX-001,MARGIN,USD,[],False,{}
2026-03-09 16:24:04.480927355+00:00,1002227.25,0.00,1002227.25,USD,GLBX-001,MARGIN,USD,[],False,{}
2026-03-09 16:24:04.480927355+00:00,1002227.25,0.00,1002227.25,USD,GLBX-001,MARGIN,USD,[],False,{}
2026-03-09 16:25:17.838498578+00:00,1002229.00,0.00,1002229.00,USD,GLBX-001,MARGIN,USD,[],False,{}
2026-03-09 16:25:17.838498578+00:00,1002229.00,0.00,1002229.00,USD,GLBX-001,MARGIN,USD,[],False,{}
2026-03-09 16:26:38.153058352+00:00,1002239.50,0.00,1002239.50,USD,GLBX-001,MARGIN,USD,[],False,{}
2026-03-09 16:26:38.153058352+00:00,1002239.50,0.00,1002239.50,USD,GLBX-001,MARGIN,USD,[],False,{}
2026-03-09 16:26:59.133089016+00:00,1002238.50,0.00,1002238.50,USD,GLBX-001,MARGIN,USD,[],False,{}
2026-03-09 16:26:59.133089016+00:00,1002238.50,0.00,1002238.50,USD,GLBX-001,MARGIN,USD,[],False,{}
2026-03-09 16:27:37.413568250+00:00,1002238.50,0.00,1002238.50,USD,GLBX-001,MARGIN,USD,[],False,{}
2026-03-09 16:27:37.413568250+00:00,1002238.50,0.00,1002238.50,USD,GLBX-001,MARGIN,USD,[],False,{}
2026-03-09 16:27:49.396212237+00:00,1002239.50,0.00,1002239.50,USD,GLBX-001,MARGIN,USD,[],False,{}
2026-03-09 16:27:49.396212237+00:00,1002239.50,0.00,1002239.50,USD,GLBX-001,MARGIN,USD,[],False,{}
2026-03-09 16:28:00.528516295+00:00,1002239.75,0.00,1002239.75,USD,GLBX-001,MARGIN,USD,[],False,{}
2026-03-09 16:28:00.528516295+00:00,1002239.75,0.00,1002239.75,USD,GLBX-001,MARGIN,USD,[],False,{}
2026-03-09 16:28:11.728902637+00:00,1002240.25,0.00,1002240.25,USD,GLBX-001,MARGIN,USD,[],False,{}
2026-03-09 16:28:11.728902637+00:00,1002240.25,0.00,1002240.25,USD,GLBX-001,MARGIN,USD,[],False,{}
2026-03-09 16:28:23.302379595+00:00,1002241.50,0.00,1002241.50,USD,GLBX-001,MARGIN,USD,[],False,{}
2026-03-09 16:28:23.302379595+00:00,1002241.50,0.00,1002241.50,USD,GLBX-001,MARGIN,USD,[],False,{}
2026-03-09 16:30:37.556241757+00:00,1002253.00,0.00,1002253.00,USD,GLBX-001,MARGIN,USD,[],False,{}
2026-03-09 16:30:37.556241757+00:00,1002253.00,0.00,1002253.00,USD,GLBX-001,MARGIN,USD,[],False,{}
2026-03-09 16:31:19.499206378+00:00,1002255.00,0.00,1002255.00,USD,GLBX-001,MARGIN,USD,[],False,{}
2026-03-09 16:31:19.499206378+00:00,1002255.00,0.00,1002255.00,USD,GLBX-001,MARGIN,USD,[],False,{}
2026-03-09 16:32:24.244675211+00:00,1002260.75,0.00,1002260.75,USD,GLBX-001,MARGIN,USD,[],False,{}
2026-03-09 16:32:24.244675211+00:00,1002260.75,0.00,1002260.75,USD,GLBX-001,MARGIN,USD,[],False,{}
2026-03-09 16:35:28.075578979+00:00,1002273.25,0.00,1002273.25,USD,GLBX-001,MARGIN,USD,[],False,{}
2026-03-09 16:35:28.075578979+00:00,1002273.25,0.00,1002273.25,USD,GLBX-001,MARGIN,USD,[],False,{}
2026-03-09 16:36:09.240809469+00:00,1002274.25,0.00,1002274.25,USD,GLBX-001,MARGIN,USD,[],False,{}
2026-03-09 16:36:09.240809469+00:00,1002274.25,0.00,1002274.25,USD,GLBX-001,MARGIN,USD,[],False,{}
2026-03-09 16:36:25.638505845+00:00,1002275.25,0.00,1002275.25,USD,GLBX-001,MARGIN,USD,[],False,{}
2026-03-09 16:36:25.638505845+00:00,1002275.25,0.00,1002275.25,USD,GLBX-001,MARGIN,USD,[],False,{}
2026-03-09 16:37:51.367085071+00:00,1002278.50,0.00,1002278.50,USD,GLBX-001,MARGIN,USD,[],False,{}
2026-03-09 16:37:51.367085071+00:00,1002278.50,0.00,1002278.50,USD,GLBX-001,MARGIN,USD,[],False,{}
2026-03-09 16:37:58.330732447+00:00,1002278.50,0.00,1002278.50,USD,GLBX-001,MARGIN,USD,[],False,{}
2026-03-09 16:37:58.330732447+00:00,1002278.50,0.00,1002278.50,USD,GLBX-001,MARGIN,USD,[],False,{}
2026-03-09 16:39:08.100200655+00:00,1002276.75,0.00,1002276.75,USD,GLBX-001,MARGIN,USD,[],False,{}
2026-03-09 16:39:08.100200655+00:00,1002276.75,0.00,1002276.75,USD,GLBX-001,MARGIN,USD,[],False,{}
2026-03-09 16:41:01.649912635+00:00,1002279.75,0.00,1002279.75,USD,GLBX-001,MARGIN,USD,[],False,{}
2026-03-09 16:41:01.649912635+00:00,1002279.75,0.00,1002279.75,USD,GLBX-001,MARGIN,USD,[],False,{}
2026-03-09 16:41:14.056414891+00:00,1002279.25,0.00,1002279.25,USD,GLBX-001,MARGIN,USD,[],False,{}
2026-03-09 16:41:14.056414891+00:00,1002279.25,0.00,1002279.25,USD,GLBX-001,MARGIN,USD,[],False,{}
2026-03-09 16:42:19.217723188+00:00,1002281.25,0.00,1002281.25,USD,GLBX-001,MARGIN,USD,[],False,{}
2026-03-09 16:42:19.217723188+00:00,1002281.25,0.00,1002281.25,USD,GLBX-001,MARGIN,USD,[],False,{}
2026-03-09 16:42:42.204413524+00:00,1002282.00,0.00,1002282.00,USD,GLBX-001,MARGIN,USD,[],False,{}
2026-03-09 16:42:42.204413524+00:00,1002282.00,0.00,1002282.00,USD,GLBX-001,MARGIN,USD,[],False,{}
2026-03-09 16:43:24.552167208+00:00,1002284.75,0.00,1002284.75,USD,GLBX-001,MARGIN,USD,[],False,{}
2026-03-09 16:43:24.552167208+00:00,1002284.75,0.00,1002284.75,USD,GLBX-001,MARGIN,USD,[],False,{}
2026-03-09 16:43:36.424793402+00:00,1002285.50,0.00,1002285.50,USD,GLBX-001,MARGIN,USD,[],False,{}
2026-03-09 16:43:36.424793402+00:00,1002285.50,0.00,1002285.50,USD,GLBX-001,MARGIN,USD,[],False,{}
2026-03-09 16:45:38.855500090+00:00,1002288.50,0.00,1002288.50,USD,GLBX-001,MARGIN,USD,[],False,{}
2026-03-09 16:45:38.855500090+00:00,1002288.50,0.00,1002288.50,USD,GLBX-001,MARGIN,USD,[],False,{}
2026-03-09 16:45:45.654609472+00:00,1002289.25,0.00,1002289.25,USD,GLBX-001,MARGIN,USD,[],False,{}
2026-03-09 16:45:45.654609472+00:00,1002289.25,0.00,1002289.25,USD,GLBX-001,MARGIN,USD,[],False,{}
2026-03-09 16:47:06.154532840+00:00,1002291.25,0.00,1002291.25,USD,GLBX-001,MARGIN,USD,[],False,{}
2026-03-09 16:47:06.154532840+00:00,1002291.25,0.00,1002291.25,USD,GLBX-001,MARGIN,USD,[],False,{}
2026-03-09 16:47:18.651220255+00:00,1002290.75,0.00,1002290.75,USD,GLBX-001,MARGIN,USD,[],False,{}
2026-03-09 16:47:18.651220255+00:00,1002290.75,0.00,1002290.75,USD,GLBX-001,MARGIN,USD,[],False,{}
2026-03-09 16:47:34.439676368+00:00,1002290.25,0.00,1002290.25,USD,GLBX-001,MARGIN,USD,[],False,{}
2026-03-09 16:47:34.439676368+00:00,1002290.25,0.00,1002290.25,USD,GLBX-001,MARGIN,USD,[],False,{}
2026-03-09 16:49:15.215880036+00:00,1002291.50,0.00,1002291.50,USD,GLBX-001,MARGIN,USD,[],False,{}
2026-03-09 16:49:15.215880036+00:00,1002291.50,0.00,1002291.50,USD,GLBX-001,MARGIN,USD,[],False,{}
2026-03-09 16:49:42.618197240+00:00,1002290.50,0.00,1002290.50,USD,GLBX-001,MARGIN,USD,[],False,{}
2026-03-09 16:49:42.618197240+00:00,1002290.50,0.00,1002290.50,USD,GLBX-001,MARGIN,USD,[],False,{}
2026-03-09 16:50:56.024149110+00:00,1002292.00,0.00,1002292.00,USD,GLBX-001,MARGIN,USD,[],False,{}
2026-03-09 16:50:56.024149110+00:00,1002292.00,0.00,1002292.00,USD,GLBX-001,MARGIN,USD,[],False,{}
2026-03-09 16:52:47.616877794+00:00,1002293.50,0.00,1002293.50,USD,GLBX-001,MARGIN,USD,[],False,{}
2026-03-09 16:52:47.616877794+00:00,1002293.50,0.00,1002293.50,USD,GLBX-001,MARGIN,USD,[],False,{}
2026-03-09 16:54:53.534314531+00:00,1002298.50,0.00,1002298.50,USD,GLBX-001,MARGIN,USD,[],False,{}
2026-03-09 16:54:53.534314531+00:00,1002298.50,0.00,1002298.50,USD,GLBX-001,MARGIN,USD,[],False,{}
2026-03-09 16:55:27.028310988+00:00,1002300.25,0.00,1002300.25,USD,GLBX-001,MARGIN,USD,[],False,{}
2026-03-09 16:55:27.028310988+00:00,1002300.25,0.00,1002300.25,USD,GLBX-001,MARGIN,USD,[],False,{}
2026-03-09 16:56:05.618874164+00:00,1002301.00,0.00,1002301.00,USD,GLBX-001,MARGIN,USD,[],False,{}
2026-03-09 16:56:05.618874164+00:00,1002301.00,0.00,1002301.00,USD,GLBX-001,MARGIN,USD,[],False,{}
2026-03-09 16:56:37.906149168+00:00,1002303.75,0.00,1002303.75,USD,GLBX-001,MARGIN,USD,[],False,{}
2026-03-09 16:56:37.906149168+00:00,1002303.75,0.00,1002303.75,USD,GLBX-001,MARGIN,USD,[],False,{}
2026-03-09 16:58:45.417112843+00:00,1002309.25,0.00,1002309.25,USD,GLBX-001,MARGIN,USD,[],False,{}
2026-03-09 16:58:45.417112843+00:00,1002309.25,0.00,1002309.25,USD,GLBX-001,MARGIN,USD,[],False,{}
2026-03-09 16:59:05.327082662+00:00,1002309.25,0.00,1002309.25,USD,GLBX-001,MARGIN,USD,[],False,{}
2026-03-09 16:59:05.327082662+00:00,1002309.25,0.00,1002309.25,USD,GLBX-001,MARGIN,USD,[],False,{}
2026-03-09 17:00:37.284594231+00:00,1002313.50,0.00,1002313.50,USD,GLBX-001,MARGIN,USD,[],False,{}
2026-03-09 17:00:37.284594231+00:00,1002313.50,0.00,1002313.50,USD,GLBX-001,MARGIN,USD,[],False,{}
2026-03-09 17:01:34.941132618+00:00,1002314.75,0.00,1002314.75,USD,GLBX-001,MARGIN,USD,[],False,{}
2026-03-09 17:01:34.941132618+00:00,1002314.75,0.00,1002314.75,USD,GLBX-001,MARGIN,USD,[],False,{}
2026-03-09 17:03:16.798328418+00:00,1002319.75,0.00,1002319.75,USD,GLBX-001,MARGIN,USD,[],False,{}
2026-03-09 17:03:16.798328418+00:00,1002319.75,0.00,1002319.75,USD,GLBX-001,MARGIN,USD,[],False,{}
2026-03-09 17:05:20.839024048+00:00,1002321.75,0.00,1002321.75,USD,GLBX-001,MARGIN,USD,[],False,{}
2026-03-09 17:05:20.839024048+00:00,1002321.75,0.00,1002321.75,USD,GLBX-001,MARGIN,USD,[],False,{}
2026-03-09 17:06:01.501005189+00:00,1002322.50,0.00,1002322.50,USD,GLBX-001,MARGIN,USD,[],False,{}
2026-03-09 17:06:01.501005189+00:00,1002322.50,0.00,1002322.50,USD,GLBX-001,MARGIN,USD,[],False,{}
2026-03-09 17:06:27.388349363+00:00,1002324.00,0.00,1002324.00,USD,GLBX-001,MARGIN,USD,[],False,{}
2026-03-09 17:06:27.388349363+00:00,1002324.00,0.00,1002324.00,USD,GLBX-001,MARGIN,USD,[],False,{}
2026-03-09 17:07:46.192012591+00:00,1002326.50,0.00,1002326.50,USD,GLBX-001,MARGIN,USD,[],False,{}
2026-03-09 17:07:46.192012591+00:00,1002326.50,0.00,1002326.50,USD,GLBX-001,MARGIN,USD,[],False,{}
2026-03-09 17:10:09.895782480+00:00,1002330.75,0.00,1002330.75,USD,GLBX-001,MARGIN,USD,[],False,{}
2026-03-09 17:10:09.895782480+00:00,1002330.75,0.00,1002330.75,USD,GLBX-001,MARGIN,USD,[],False,{}
2026-03-09 17:14:34.178687833+00:00,1002334.75,0.00,1002334.75,USD,GLBX-001,MARGIN,USD,[],False,{}
2026-03-09 17:14:34.178687833+00:00,1002334.75,0.00,1002334.75,USD,GLBX-001,MARGIN,USD,[],False,{}
2026-03-09 17:15:07.432901130+00:00,1002335.50,0.00,1002335.50,USD,GLBX-001,MARGIN,USD,[],False,{}
2026-03-09 17:15:07.432901130+00:00,1002335.50,0.00,1002335.50,USD,GLBX-001,MARGIN,USD,[],False,{}
2026-03-09 17:16:15.451225779+00:00,1002339.25,0.00,1002339.25,USD,GLBX-001,MARGIN,USD,[],False,{}
2026-03-09 17:16:15.451225779+00:00,1002339.25,0.00,1002339.25,USD,GLBX-001,MARGIN,USD,[],False,{}
2026-03-09 17:16:27.491851418+00:00,1002341.00,0.00,1002341.00,USD,GLBX-001,MARGIN,USD,[],False,{}
2026-03-09 17:16:27.491851418+00:00,1002341.00,0.00,1002341.00,USD,GLBX-001,MARGIN,USD,[],False,{}
2026-03-09 17:20:38.802535085+00:00,1002349.00,0.00,1002349.00,USD,GLBX-001,MARGIN,USD,[],False,{}
2026-03-09 17:20:38.802535085+00:00,1002349.00,0.00,1002349.00,USD,GLBX-001,MARGIN,USD,[],False,{}
2026-03-09 17:20:43.006859784+00:00,1002348.25,0.00,1002348.25,USD,GLBX-001,MARGIN,USD,[],False,{}
2026-03-09 17:20:43.006859784+00:00,1002348.25,0.00,1002348.25,USD,GLBX-001,MARGIN,USD,[],False,{}
2026-03-09 17:22:21.089829723+00:00,1002351.25,0.00,1002351.25,USD,GLBX-001,MARGIN,USD,[],False,{}
2026-03-09 17:22:21.089829723+00:00,1002351.25,0.00,1002351.25,USD,GLBX-001,MARGIN,USD,[],False,{}
2026-03-09 17:22:51.523414330+00:00,1002351.75,0.00,1002351.75,USD,GLBX-001,MARGIN,USD,[],False,{}
2026-03-09 17:22:51.523414330+00:00,1002351.75,0.00,1002351.75,USD,GLBX-001,MARGIN,USD,[],False,{}
2026-03-09 17:23:30.160905458+00:00,1002352.25,0.00,1002352.25,USD,GLBX-001,MARGIN,USD,[],False,{}
2026-03-09 17:23:30.160905458+00:00,1002352.25,0.00,1002352.25,USD,GLBX-001,MARGIN,USD,[],False,{}
2026-03-09 17:23:35.455196027+00:00,1002351.00,0.00,1002351.00,USD,GLBX-001,MARGIN,USD,[],False,{}
2026-03-09 17:23:35.455196027+00:00,1002351.00,0.00,1002351.00,USD,GLBX-001,MARGIN,USD,[],False,{}
2026-03-09 17:25:04.623547341+00:00,1002353.00,0.00,1002353.00,USD,GLBX-001,MARGIN,USD,[],False,{}
2026-03-09 17:25:04.623547341+00:00,1002353.00,0.00,1002353.00,USD,GLBX-001,MARGIN,USD,[],False,{}
2026-03-09 17:25:21.850982896+00:00,1002353.25,0.00,1002353.25,USD,GLBX-001,MARGIN,USD,[],False,{}
2026-03-09 17:25:21.850982896+00:00,1002353.25,0.00,1002353.25,USD,GLBX-001,MARGIN,USD,[],False,{}
2026-03-09 17:25:37.698719226+00:00,1002353.50,0.00,1002353.50,USD,GLBX-001,MARGIN,USD,[],False,{}
2026-03-09 17:25:37.698719226+00:00,1002353.50,0.00,1002353.50,USD,GLBX-001,MARGIN,USD,[],False,{}
2026-03-09 17:25:44.991468879+00:00,1002354.50,0.00,1002354.50,USD,GLBX-001,MARGIN,USD,[],False,{}
2026-03-09 17:25:44.991468879+00:00,1002354.50,0.00,1002354.50,USD,GLBX-001,MARGIN,USD,[],False,{}
2026-03-09 17:26:21.895597621+00:00,1002355.75,0.00,1002355.75,USD,GLBX-001,MARGIN,USD,[],False,{}
2026-03-09 17:26:21.895597621+00:00,1002355.75,0.00,1002355.75,USD,GLBX-001,MARGIN,USD,[],False,{}
2026-03-09 17:27:06.043837226+00:00,1002356.75,0.00,1002356.75,USD,GLBX-001,MARGIN,USD,[],False,{}
2026-03-09 17:27:06.043837226+00:00,1002356.75,0.00,1002356.75,USD,GLBX-001,MARGIN,USD,[],False,{}
2026-03-09 17:27:51.898990165+00:00,1002358.50,0.00,1002358.50,USD,GLBX-001,MARGIN,USD,[],False,{}
2026-03-09 17:27:51.898990165+00:00,1002358.50,0.00,1002358.50,USD,GLBX-001,MARGIN,USD,[],False,{}
2026-03-09 17:28:01.279547903+00:00,1002357.75,0.00,1002357.75,USD,GLBX-001,MARGIN,USD,[],False,{}
2026-03-09 17:28:01.279547903+00:00,1002357.75,0.00,1002357.75,USD,GLBX-001,MARGIN,USD,[],False,{}
2026-03-09 17:28:02.312008091+00:00,1002357.75,0.00,1002357.75,USD,GLBX-001,MARGIN,USD,[],False,{}
2026-03-09 17:28:02.312008091+00:00,1002357.75,0.00,1002357.75,USD,GLBX-001,MARGIN,USD,[],False,{}
2026-03-09 17:28:31.869613589+00:00,1002357.50,0.00,1002357.50,USD,GLBX-001,MARGIN,USD,[],False,{}
2026-03-09 17:28:31.869613589+00:00,1002357.50,0.00,1002357.50,USD,GLBX-001,MARGIN,USD,[],False,{}
2026-03-09 17:28:39.248915179+00:00,1002356.50,0.00,1002356.50,USD,GLBX-001,MARGIN,USD,[],False,{}
2026-03-09 17:28:39.248915179+00:00,1002356.50,0.00,1002356.50,USD,GLBX-001,MARGIN,USD,[],False,{}
2026-03-09 17:31:22.439612223+00:00,1002358.50,0.00,1002358.50,USD,GLBX-001,MARGIN,USD,[],False,{}
2026-03-09 17:31:22.439612223+00:00,1002358.50,0.00,1002358.50,USD,GLBX-001,MARGIN,USD,[],False,{}
2026-03-09 17:32:06.068335522+00:00,1002361.75,0.00,1002361.75,USD,GLBX-001,MARGIN,USD,[],False,{}
2026-03-09 17:32:06.068335522+00:00,1002361.75,0.00,1002361.75,USD,GLBX-001,MARGIN,USD,[],False,{}
2026-03-09 17:35:39.006520915+00:00,1002363.25,0.00,1002363.25,USD,GLBX-001,MARGIN,USD,[],False,{}
2026-03-09 17:35:39.006520915+00:00,1002363.25,0.00,1002363.25,USD,GLBX-001,MARGIN,USD,[],False,{}
2026-03-09 17:37:05.262781448+00:00,1002366.50,0.00,1002366.50,USD,GLBX-001,MARGIN,USD,[],False,{}
2026-03-09 17:37:05.262781448+00:00,1002366.50,0.00,1002366.50,USD,GLBX-001,MARGIN,USD,[],False,{}
2026-03-09 17:37:32.286101067+00:00,1002367.00,0.00,1002367.00,USD,GLBX-001,MARGIN,USD,[],False,{}
2026-03-09 17:37:32.286101067+00:00,1002367.00,0.00,1002367.00,USD,GLBX-001,MARGIN,USD,[],False,{}
2026-03-09 17:39:51.170550786+00:00,1002368.50,0.00,1002368.50,USD,GLBX-001,MARGIN,USD,[],False,{}
2026-03-09 17:39:51.170550786+00:00,1002368.50,0.00,1002368.50,USD,GLBX-001,MARGIN,USD,[],False,{}
2026-03-09 17:40:13.710402711+00:00,1002368.00,0.00,1002368.00,USD,GLBX-001,MARGIN,USD,[],False,{}
2026-03-09 17:40:13.710402711+00:00,1002368.00,0.00,1002368.00,USD,GLBX-001,MARGIN,USD,[],False,{}
2026-03-09 17:41:05.782247807+00:00,1002370.25,0.00,1002370.25,USD,GLBX-001,MARGIN,USD,[],False,{}
2026-03-09 17:41:05.782247807+00:00,1002370.25,0.00,1002370.25,USD,GLBX-001,MARGIN,USD,[],False,{}
2026-03-09 17:42:53.023418671+00:00,1002372.75,0.00,1002372.75,USD,GLBX-001,MARGIN,USD,[],False,{}
2026-03-09 17:42:53.023418671+00:00,1002372.75,0.00,1002372.75,USD,GLBX-001,MARGIN,USD,[],False,{}
2026-03-09 17:43:24.009842787+00:00,1002375.50,0.00,1002375.50,USD,GLBX-001,MARGIN,USD,[],False,{}
2026-03-09 17:43:24.009842787+00:00,1002375.50,0.00,1002375.50,USD,GLBX-001,MARGIN,USD,[],False,{}
2026-03-09 17:46:08.658264396+00:00,1002380.25,0.00,1002380.25,USD,GLBX-001,MARGIN,USD,[],False,{}
2026-03-09 17:46:08.658264396+00:00,1002380.25,0.00,1002380.25,USD,GLBX-001,MARGIN,USD,[],False,{}
2026-03-09 17:46:43.692875763+00:00,1002381.75,0.00,1002381.75,USD,GLBX-001,MARGIN,USD,[],False,{}
2026-03-09 17:46:43.692875763+00:00,1002381.75,0.00,1002381.75,USD,GLBX-001,MARGIN,USD,[],False,{}
2026-03-09 17:46:50.876229397+00:00,1002383.00,0.00,1002383.00,USD,GLBX-001,MARGIN,USD,[],False,{}
2026-03-09 17:46:50.876229397+00:00,1002383.00,0.00,1002383.00,USD,GLBX-001,MARGIN,USD,[],False,{}
2026-03-09 17:47:45.056632216+00:00,1002383.25,0.00,1002383.25,USD,GLBX-001,MARGIN,USD,[],False,{}
2026-03-09 17:47:45.056632216+00:00,1002383.25,0.00,1002383.25,USD,GLBX-001,MARGIN,USD,[],False,{}
2026-03-09 17:48:33.151103301+00:00,1002387.75,0.00,1002387.75,USD,GLBX-001,MARGIN,USD,[],False,{}
2026-03-09 17:48:33.151103301+00:00,1002387.75,0.00,1002387.75,USD,GLBX-001,MARGIN,USD,[],False,{}
2026-03-09 17:49:49.196572989+00:00,1002392.25,0.00,1002392.25,USD,GLBX-001,MARGIN,USD,[],False,{}
2026-03-09 17:49:49.196572989+00:00,1002392.25,0.00,1002392.25,USD,GLBX-001,MARGIN,USD,[],False,{}
2026-03-09 17:50:18.528889257+00:00,1002394.00,0.00,1002394.00,USD,GLBX-001,MARGIN,USD,[],False,{}
2026-03-09 17:50:18.528889257+00:00,1002394.00,0.00,1002394.00,USD,GLBX-001,MARGIN,USD,[],False,{}
2026-03-09 17:50:38.070720144+00:00,1002394.50,0.00,1002394.50,USD,GLBX-001,MARGIN,USD,[],False,{}
2026-03-09 17:50:38.070720144+00:00,1002394.50,0.00,1002394.50,USD,GLBX-001,MARGIN,USD,[],False,{}
2026-03-09 17:52:53.247099629+00:00,1002398.00,0.00,1002398.00,USD,GLBX-001,MARGIN,USD,[],False,{}
2026-03-09 17:52:53.247099629+00:00,1002398.00,0.00,1002398.00,USD,GLBX-001,MARGIN,USD,[],False,{}
2026-03-09 17:53:44.225058394+00:00,1002398.75,0.00,1002398.75,USD,GLBX-001,MARGIN,USD,[],False,{}
2026-03-09 17:53:44.225058394+00:00,1002398.75,0.00,1002398.75,USD,GLBX-001,MARGIN,USD,[],False,{}
2026-03-09 17:54:50.045727291+00:00,1002400.25,0.00,1002400.25,USD,GLBX-001,MARGIN,USD,[],False,{}
2026-03-09 17:54:50.045727291+00:00,1002400.25,0.00,1002400.25,USD,GLBX-001,MARGIN,USD,[],False,{}
2026-03-09 17:56:02.947531202+00:00,1002402.25,0.00,1002402.25,USD,GLBX-001,MARGIN,USD,[],False,{}
2026-03-09 17:56:02.947531202+00:00,1002402.25,0.00,1002402.25,USD,GLBX-001,MARGIN,USD,[],False,{}
2026-03-09 17:56:09.319138288+00:00,1002401.75,0.00,1002401.75,USD,GLBX-001,MARGIN,USD,[],False,{}
2026-03-09 17:56:09.319138288+00:00,1002401.75,0.00,1002401.75,USD,GLBX-001,MARGIN,USD,[],False,{}
2026-03-09 17:59:22.924990880+00:00,1002402.00,0.00,1002402.00,USD,GLBX-001,MARGIN,USD,[],False,{}
2026-03-09 17:59:22.924990880+00:00,1002402.00,0.00,1002402.00,USD,GLBX-001,MARGIN,USD,[],False,{}
2026-03-09 18:00:24.327396165+00:00,1002406.50,0.00,1002406.50,USD,GLBX-001,MARGIN,USD,[],False,{}
2026-03-09 18:00:24.327396165+00:00,1002406.50,0.00,1002406.50,USD,GLBX-001,MARGIN,USD,[],False,{}
2026-03-09 18:01:04.666765533+00:00,1002407.50,0.00,1002407.50,USD,GLBX-001,MARGIN,USD,[],False,{}
2026-03-09 18:01:04.666765533+00:00,1002407.50,0.00,1002407.50,USD,GLBX-001,MARGIN,USD,[],False,{}
2026-03-09 18:01:18.547943236+00:00,1002407.50,0.00,1002407.50,USD,GLBX-001,MARGIN,USD,[],False,{}
2026-03-09 18:01:18.547943236+00:00,1002407.50,0.00,1002407.50,USD,GLBX-001,MARGIN,USD,[],False,{}
2026-03-09 18:01:33.048437048+00:00,1002407.50,0.00,1002407.50,USD,GLBX-001,MARGIN,USD,[],False,{}
2026-03-09 18:01:33.048437048+00:00,1002407.50,0.00,1002407.50,USD,GLBX-001,MARGIN,USD,[],False,{}
2026-03-09 18:02:52.992039066+00:00,1002408.25,0.00,1002408.25,USD,GLBX-001,MARGIN,USD,[],False,{}
2026-03-09 18:02:52.992039066+00:00,1002408.25,0.00,1002408.25,USD,GLBX-001,MARGIN,USD,[],False,{}
2026-03-09 18:04:26.331566767+00:00,1002409.75,0.00,1002409.75,USD,GLBX-001,MARGIN,USD,[],False,{}
2026-03-09 18:04:26.331566767+00:00,1002409.75,0.00,1002409.75,USD,GLBX-001,MARGIN,USD,[],False,{}
2026-03-09 18:05:49.136249304+00:00,1002414.50,0.00,1002414.50,USD,GLBX-001,MARGIN,USD,[],False,{}
2026-03-09 18:05:49.136249304+00:00,1002414.50,0.00,1002414.50,USD,GLBX-001,MARGIN,USD,[],False,{}
2026-03-09 18:05:58.079218707+00:00,1002413.75,0.00,1002413.75,USD,GLBX-001,MARGIN,USD,[],False,{}
2026-03-09 18:05:58.079218707+00:00,1002413.75,0.00,1002413.75,USD,GLBX-001,MARGIN,USD,[],False,{}
2026-03-09 18:06:31.515178375+00:00,1002414.75,0.00,1002414.75,USD,GLBX-001,MARGIN,USD,[],False,{}
2026-03-09 18:06:31.515178375+00:00,1002414.75,0.00,1002414.75,USD,GLBX-001,MARGIN,USD,[],False,{}
2026-03-09 18:08:03.505092783+00:00,1002420.25,0.00,1002420.25,USD,GLBX-001,MARGIN,USD,[],False,{}
2026-03-09 18:08:03.505092783+00:00,1002420.25,0.00,1002420.25,USD,GLBX-001,MARGIN,USD,[],False,{}
2026-03-09 18:09:00.108887686+00:00,1002421.00,0.00,1002421.00,USD,GLBX-001,MARGIN,USD,[],False,{}
2026-03-09 18:09:00.108887686+00:00,1002421.00,0.00,1002421.00,USD,GLBX-001,MARGIN,USD,[],False,{}
2026-03-09 18:09:30.802950783+00:00,1002423.25,0.00,1002423.25,USD,GLBX-001,MARGIN,USD,[],False,{}
2026-03-09 18:09:30.802950783+00:00,1002423.25,0.00,1002423.25,USD,GLBX-001,MARGIN,USD,[],False,{}
2026-03-09 18:11:30.888584336+00:00,1002425.75,0.00,1002425.75,USD,GLBX-001,MARGIN,USD,[],False,{}
2026-03-09 18:11:30.888584336+00:00,1002425.75,0.00,1002425.75,USD,GLBX-001,MARGIN,USD,[],False,{}
2026-03-09 18:12:27.501009458+00:00,1002428.25,0.00,1002428.25,USD,GLBX-001,MARGIN,USD,[],False,{}
2026-03-09 18:12:27.501009458+00:00,1002428.25,0.00,1002428.25,USD,GLBX-001,MARGIN,USD,[],False,{}
2026-03-09 18:13:57.582838803+00:00,1002433.25,0.00,1002433.25,USD,GLBX-001,MARGIN,USD,[],False,{}
2026-03-09 18:13:57.582838803+00:00,1002433.25,0.00,1002433.25,USD,GLBX-001,MARGIN,USD,[],False,{}
2026-03-09 18:16:15.156472468+00:00,1002435.00,0.00,1002435.00,USD,GLBX-001,MARGIN,USD,[],False,{}
2026-03-09 18:16:15.156472468+00:00,1002435.00,0.00,1002435.00,USD,GLBX-001,MARGIN,USD,[],False,{}
2026-03-09 18:18:21.013436647+00:00,1002442.00,0.00,1002442.00,USD,GLBX-001,MARGIN,USD,[],False,{}
2026-03-09 18:18:21.013436647+00:00,1002442.00,0.00,1002442.00,USD,GLBX-001,MARGIN,USD,[],False,{}
2026-03-09 18:18:24.984686427+00:00,1002442.25,0.00,1002442.25,USD,GLBX-001,MARGIN,USD,[],False,{}
2026-03-09 18:18:24.984686427+00:00,1002442.25,0.00,1002442.25,USD,GLBX-001,MARGIN,USD,[],False,{}
2026-03-09 18:20:10.723627762+00:00,1002444.25,0.00,1002444.25,USD,GLBX-001,MARGIN,USD,[],False,{}
2026-03-09 18:20:10.723627762+00:00,1002444.25,0.00,1002444.25,USD,GLBX-001,MARGIN,USD,[],False,{}
2026-03-09 18:22:00.937329362+00:00,1002447.00,0.00,1002447.00,USD,GLBX-001,MARGIN,USD,[],False,{}
2026-03-09 18:22:00.937329362+00:00,1002447.00,0.00,1002447.00,USD,GLBX-001,MARGIN,USD,[],False,{}
2026-03-09 18:23:34.856776078+00:00,1002449.75,0.00,1002449.75,USD,GLBX-001,MARGIN,USD,[],False,{}
2026-03-09 18:23:34.856776078+00:00,1002449.75,0.00,1002449.75,USD,GLBX-001,MARGIN,USD,[],False,{}
2026-03-09 18:24:18.584428954+00:00,1002451.50,0.00,1002451.50,USD,GLBX-001,MARGIN,USD,[],False,{}
2026-03-09 18:24:18.584428954+00:00,1002451.50,0.00,1002451.50,USD,GLBX-001,MARGIN,USD,[],False,{}
2026-03-09 18:27:01.851402054+00:00,1002452.75,0.00,1002452.75,USD,GLBX-001,MARGIN,USD,[],False,{}
2026-03-09 18:27:01.851402054+00:00,1002452.75,0.00,1002452.75,USD,GLBX-001,MARGIN,USD,[],False,{}
2026-03-09 18:27:29.006535666+00:00,1002454.75,0.00,1002454.75,USD,GLBX-001,MARGIN,USD,[],False,{}
2026-03-09 18:27:29.006535666+00:00,1002454.75,0.00,1002454.75,USD,GLBX-001,MARGIN,USD,[],False,{}
2026-03-09 18:29:28.539859344+00:00,1002455.25,0.00,1002455.25,USD,GLBX-001,MARGIN,USD,[],False,{}
2026-03-09 18:29:28.539859344+00:00,1002455.25,0.00,1002455.25,USD,GLBX-001,MARGIN,USD,[],False,{}
2026-03-09 18:29:43.787675157+00:00,1002456.25,0.00,1002456.25,USD,GLBX-001,MARGIN,USD,[],False,{}
2026-03-09 18:29:43.787675157+00:00,1002456.25,0.00,1002456.25,USD,GLBX-001,MARGIN,USD,[],False,{}
2026-03-09 18:32:49.747717805+00:00,1002461.50,0.00,1002461.50,USD,GLBX-001,MARGIN,USD,[],False,{}
2026-03-09 18:32:49.747717805+00:00,1002461.50,0.00,1002461.50,USD,GLBX-001,MARGIN,USD,[],False,{}
2026-03-09 18:34:03.155118930+00:00,1002461.50,0.00,1002461.50,USD,GLBX-001,MARGIN,USD,[],False,{}
2026-03-09 18:34:03.155118930+00:00,1002461.50,0.00,1002461.50,USD,GLBX-001,MARGIN,USD,[],False,{}
2026-03-09 18:35:23.679212079+00:00,1002469.75,0.00,1002469.75,USD,GLBX-001,MARGIN,USD,[],False,{}
2026-03-09 18:35:23.679212079+00:00,1002469.75,0.00,1002469.75,USD,GLBX-001,MARGIN,USD,[],False,{}
2026-03-09 18:36:55.997459747+00:00,1002472.50,0.00,1002472.50,USD,GLBX-001,MARGIN,USD,[],False,{}
2026-03-09 18:36:55.997459747+00:00,1002472.50,0.00,1002472.50,USD,GLBX-001,MARGIN,USD,[],False,{}
2026-03-09 18:38:10.803953215+00:00,1002472.00,0.00,1002472.00,USD,GLBX-001,MARGIN,USD,[],False,{}
2026-03-09 18:38:10.803953215+00:00,1002472.00,0.00,1002472.00,USD,GLBX-001,MARGIN,USD,[],False,{}
2026-03-09 18:38:29.682177160+00:00,1002473.25,0.00,1002473.25,USD,GLBX-001,MARGIN,USD,[],False,{}
2026-03-09 18:38:29.682177160+00:00,1002473.25,0.00,1002473.25,USD,GLBX-001,MARGIN,USD,[],False,{}
2026-03-09 18:39:42.965471805+00:00,1002474.75,0.00,1002474.75,USD,GLBX-001,MARGIN,USD,[],False,{}
2026-03-09 18:39:42.965471805+00:00,1002474.75,0.00,1002474.75,USD,GLBX-001,MARGIN,USD,[],False,{}
2026-03-09 18:40:13.752409587+00:00,1002475.75,0.00,1002475.75,USD,GLBX-001,MARGIN,USD,[],False,{}
2026-03-09 18:40:13.752409587+00:00,1002475.75,0.00,1002475.75,USD,GLBX-001,MARGIN,USD,[],False,{}
2026-03-09 18:40:55.745841661+00:00,1002477.00,0.00,1002477.00,USD,GLBX-001,MARGIN,USD,[],False,{}
2026-03-09 18:40:55.745841661+00:00,1002477.00,0.00,1002477.00,USD,GLBX-001,MARGIN,USD,[],False,{}
2026-03-09 18:42:18.502595058+00:00,1002479.25,0.00,1002479.25,USD,GLBX-001,MARGIN,USD,[],False,{}
2026-03-09 18:42:18.502595058+00:00,1002479.25,0.00,1002479.25,USD,GLBX-001,MARGIN,USD,[],False,{}
2026-03-09 18:42:49.855829802+00:00,1002481.75,0.00,1002481.75,USD,GLBX-001,MARGIN,USD,[],False,{}
2026-03-09 18:42:49.855829802+00:00,1002481.75,0.00,1002481.75,USD,GLBX-001,MARGIN,USD,[],False,{}
2026-03-09 18:42:51.600656430+00:00,1002482.50,0.00,1002482.50,USD,GLBX-001,MARGIN,USD,[],False,{}
2026-03-09 18:42:51.600656430+00:00,1002482.50,0.00,1002482.50,USD,GLBX-001,MARGIN,USD,[],False,{}
2026-03-09 18:43:45.500640482+00:00,1002482.50,0.00,1002482.50,USD,GLBX-001,MARGIN,USD,[],False,{}
2026-03-09 18:43:45.500640482+00:00,1002482.50,0.00,1002482.50,USD,GLBX-001,MARGIN,USD,[],False,{}
2026-03-09 18:44:26.275974957+00:00,1002484.25,0.00,1002484.25,USD,GLBX-001,MARGIN,USD,[],False,{}
2026-03-09 18:44:26.275974957+00:00,1002484.25,0.00,1002484.25,USD,GLBX-001,MARGIN,USD,[],False,{}
2026-03-09 18:46:43.436668835+00:00,1002487.25,0.00,1002487.25,USD,GLBX-001,MARGIN,USD,[],False,{}
2026-03-09 18:46:43.436668835+00:00,1002487.25,0.00,1002487.25,USD,GLBX-001,MARGIN,USD,[],False,{}
2026-03-09 18:47:05.471263160+00:00,1002486.75,0.00,1002486.75,USD,GLBX-001,MARGIN,USD,[],False,{}
2026-03-09 18:47:05.471263160+00:00,1002486.75,0.00,1002486.75,USD,GLBX-001,MARGIN,USD,[],False,{}
2026-03-09 18:47:41.501891359+00:00,1002487.75,0.00,1002487.75,USD,GLBX-001,MARGIN,USD,[],False,{}
2026-03-09 18:47:41.501891359+00:00,1002487.75,0.00,1002487.75,USD,GLBX-001,MARGIN,USD,[],False,{}
2026-03-09 18:50:39.810235837+00:00,1002492.75,0.00,1002492.75,USD,GLBX-001,MARGIN,USD,[],False,{}
2026-03-09 18:50:39.810235837+00:00,1002492.75,0.00,1002492.75,USD,GLBX-001,MARGIN,USD,[],False,{}
2026-03-09 18:51:53.918232423+00:00,1002497.00,0.00,1002497.00,USD,GLBX-001,MARGIN,USD,[],False,{}
2026-03-09 18:51:53.918232423+00:00,1002497.00,0.00,1002497.00,USD,GLBX-001,MARGIN,USD,[],False,{}
2026-03-09 18:52:00.404720341+00:00,1002497.75,0.00,1002497.75,USD,GLBX-001,MARGIN,USD,[],False,{}
2026-03-09 18:52:00.404720341+00:00,1002497.75,0.00,1002497.75,USD,GLBX-001,MARGIN,USD,[],False,{}
2026-03-09 18:53:30.886828226+00:00,1002499.00,0.00,1002499.00,USD,GLBX-001,MARGIN,USD,[],False,{}
2026-03-09 18:53:30.886828226+00:00,1002499.00,0.00,1002499.00,USD,GLBX-001,MARGIN,USD,[],False,{}
2026-03-09 18:55:43.667535563+00:00,1002505.75,0.00,1002505.75,USD,GLBX-001,MARGIN,USD,[],False,{}
2026-03-09 18:55:43.667535563+00:00,1002505.75,0.00,1002505.75,USD,GLBX-001,MARGIN,USD,[],False,{}
2026-03-09 18:55:48.941448871+00:00,1002506.25,0.00,1002506.25,USD,GLBX-001,MARGIN,USD,[],False,{}
2026-03-09 18:55:48.941448871+00:00,1002506.25,0.00,1002506.25,USD,GLBX-001,MARGIN,USD,[],False,{}
2026-03-09 18:59:32.962334421+00:00,1002512.75,0.00,1002512.75,USD,GLBX-001,MARGIN,USD,[],False,{}
2026-03-09 18:59:32.962334421+00:00,1002512.75,0.00,1002512.75,USD,GLBX-001,MARGIN,USD,[],False,{}
2026-03-09 19:01:57.962351072+00:00,1002518.00,0.00,1002518.00,USD,GLBX-001,MARGIN,USD,[],False,{}
2026-03-09 19:01:57.962351072+00:00,1002518.00,0.00,1002518.00,USD,GLBX-001,MARGIN,USD,[],False,{}
2026-03-09 19:03:51.485383061+00:00,1002519.50,0.00,1002519.50,USD,GLBX-001,MARGIN,USD,[],False,{}
2026-03-09 19:03:51.485383061+00:00,1002519.50,0.00,1002519.50,USD,GLBX-001,MARGIN,USD,[],False,{}
2026-03-09 19:05:24.655836466+00:00,1002519.50,0.00,1002519.50,USD,GLBX-001,MARGIN,USD,[],False,{}
2026-03-09 19:05:24.655836466+00:00,1002519.50,0.00,1002519.50,USD,GLBX-001,MARGIN,USD,[],False,{}
2026-03-09 19:07:09.567092053+00:00,1002523.25,0.00,1002523.25,USD,GLBX-001,MARGIN,USD,[],False,{}
2026-03-09 19:07:09.567092053+00:00,1002523.25,0.00,1002523.25,USD,GLBX-001,MARGIN,USD,[],False,{}
2026-03-09 19:07:58.010757056+00:00,1002525.25,0.00,1002525.25,USD,GLBX-001,MARGIN,USD,[],False,{}
2026-03-09 19:07:58.010757056+00:00,1002525.25,0.00,1002525.25,USD,GLBX-001,MARGIN,USD,[],False,{}
2026-03-09 19:08:01.882224978+00:00,1002525.25,0.00,1002525.25,USD,GLBX-001,MARGIN,USD,[],False,{}
2026-03-09 19:08:01.882224978+00:00,1002525.25,0.00,1002525.25,USD,GLBX-001,MARGIN,USD,[],False,{}
2026-03-09 19:10:26.498243315+00:00,1002529.50,0.00,1002529.50,USD,GLBX-001,MARGIN,USD,[],False,{}
2026-03-09 19:10:26.498243315+00:00,1002529.50,0.00,1002529.50,USD,GLBX-001,MARGIN,USD,[],False,{}
2026-03-09 19:10:49.542806892+00:00,1002528.75,0.00,1002528.75,USD,GLBX-001,MARGIN,USD,[],False,{}
2026-03-09 19:10:49.542806892+00:00,1002528.75,0.00,1002528.75,USD,GLBX-001,MARGIN,USD,[],False,{}
2026-03-09 19:11:51.075288477+00:00,1002528.50,0.00,1002528.50,USD,GLBX-001,MARGIN,USD,[],False,{}
2026-03-09 19:11:51.075288477+00:00,1002528.50,0.00,1002528.50,USD,GLBX-001,MARGIN,USD,[],False,{}
2026-03-09 19:16:39.930381147+00:00,1002530.75,0.00,1002530.75,USD,GLBX-001,MARGIN,USD,[],False,{}
2026-03-09 19:16:39.930381147+00:00,1002530.75,0.00,1002530.75,USD,GLBX-001,MARGIN,USD,[],False,{}
2026-03-09 19:17:05.656262552+00:00,1002537.25,0.00,1002537.25,USD,GLBX-001,MARGIN,USD,[],False,{}
2026-03-09 19:17:05.656262552+00:00,1002537.25,0.00,1002537.25,USD,GLBX-001,MARGIN,USD,[],False,{}
2026-03-09 19:17:12.158802210+00:00,1002538.00,0.00,1002538.00,USD,GLBX-001,MARGIN,USD,[],False,{}
2026-03-09 19:17:12.158802210+00:00,1002538.00,0.00,1002538.00,USD,GLBX-001,MARGIN,USD,[],False,{}
2026-03-09 19:17:38.811270347+00:00,1002537.50,0.00,1002537.50,USD,GLBX-001,MARGIN,USD,[],False,{}
2026-03-09 19:17:38.811270347+00:00,1002537.50,0.00,1002537.50,USD,GLBX-001,MARGIN,USD,[],False,{}
2026-03-09 19:18:35.458568802+00:00,1002538.50,0.00,1002538.50,USD,GLBX-001,MARGIN,USD,[],False,{}
2026-03-09 19:18:35.458568802+00:00,1002538.50,0.00,1002538.50,USD,GLBX-001,MARGIN,USD,[],False,{}
2026-03-09 19:21:04.353670517+00:00,1002578.50,0.00,1002578.50,USD,GLBX-001,MARGIN,USD,[],False,{}
2026-03-09 19:21:04.353670517+00:00,1002578.50,0.00,1002578.50,USD,GLBX-001,MARGIN,USD,[],False,{}
2026-03-09 19:21:21.629062741+00:00,1002578.00,0.00,1002578.00,USD,GLBX-001,MARGIN,USD,[],False,{}
2026-03-09 19:21:21.629062741+00:00,1002578.00,0.00,1002578.00,USD,GLBX-001,MARGIN,USD,[],False,{}
2026-03-09 19:21:52.089541008+00:00,1002579.00,0.00,1002579.00,USD,GLBX-001,MARGIN,USD,[],False,{}
2026-03-09 19:21:52.089541008+00:00,1002579.00,0.00,1002579.00,USD,GLBX-001,MARGIN,USD,[],False,{}
2026-03-09 19:21:53.214474840+00:00,1002578.75,0.00,1002578.75,USD,GLBX-001,MARGIN,USD,[],False,{}
2026-03-09 19:21:53.214474840+00:00,1002578.75,0.00,1002578.75,USD,GLBX-001,MARGIN,USD,[],False,{}
2026-03-09 19:21:55.806770947+00:00,1002580.50,0.00,1002580.50,USD,GLBX-001,MARGIN,USD,[],False,{}
2026-03-09 19:21:55.806770947+00:00,1002580.50,0.00,1002580.50,USD,GLBX-001,MARGIN,USD,[],False,{}
2026-03-09 19:22:25.089110797+00:00,1002583.00,0.00,1002583.00,USD,GLBX-001,MARGIN,USD,[],False,{}
2026-03-09 19:22:25.089110797+00:00,1002583.00,0.00,1002583.00,USD,GLBX-001,MARGIN,USD,[],False,{}
2026-03-09 19:23:26.201927867+00:00,1002590.50,0.00,1002590.50,USD,GLBX-001,MARGIN,USD,[],False,{}
2026-03-09 19:23:26.201927867+00:00,1002590.50,0.00,1002590.50,USD,GLBX-001,MARGIN,USD,[],False,{}
2026-03-09 19:24:15.945853939+00:00,1002597.00,0.00,1002597.00,USD,GLBX-001,MARGIN,USD,[],False,{}
2026-03-09 19:24:15.945853939+00:00,1002597.00,0.00,1002597.00,USD,GLBX-001,MARGIN,USD,[],False,{}
2026-03-09 19:24:38.973411663+00:00,1002599.50,0.00,1002599.50,USD,GLBX-001,MARGIN,USD,[],False,{}
2026-03-09 19:24:38.973411663+00:00,1002599.50,0.00,1002599.50,USD,GLBX-001,MARGIN,USD,[],False,{}
2026-03-09 19:24:49.313702218+00:00,1002600.50,0.00,1002600.50,USD,GLBX-001,MARGIN,USD,[],False,{}
2026-03-09 19:24:49.313702218+00:00,1002600.50,0.00,1002600.50,USD,GLBX-001,MARGIN,USD,[],False,{}
2026-03-09 19:24:59.511611218+00:00,1002601.50,0.00,1002601.50,USD,GLBX-001,MARGIN,USD,[],False,{}
2026-03-09 19:24:59.511611218+00:00,1002601.50,0.00,1002601.50,USD,GLBX-001,MARGIN,USD,[],False,{}
2026-03-09 19:25:08.497275079+00:00,1002602.25,0.00,1002602.25,USD,GLBX-001,MARGIN,USD,[],False,{}
2026-03-09 19:25:08.497275079+00:00,1002602.25,0.00,1002602.25,USD,GLBX-001,MARGIN,USD,[],False,{}
2026-03-09 19:25:35.455628517+00:00,1002603.50,0.00,1002603.50,USD,GLBX-001,MARGIN,USD,[],False,{}
2026-03-09 19:25:35.455628517+00:00,1002603.50,0.00,1002603.50,USD,GLBX-001,MARGIN,USD,[],False,{}
2026-03-09 19:25:43.549839872+00:00,1002604.00,0.00,1002604.00,USD,GLBX-001,MARGIN,USD,[],False,{}
2026-03-09 19:25:43.549839872+00:00,1002604.00,0.00,1002604.00,USD,GLBX-001,MARGIN,USD,[],False,{}
2026-03-09 19:25:53.942554423+00:00,1002605.25,0.00,1002605.25,USD,GLBX-001,MARGIN,USD,[],False,{}
2026-03-09 19:25:53.942554423+00:00,1002605.25,0.00,1002605.25,USD,GLBX-001,MARGIN,USD,[],False,{}
2026-03-09 19:25:58.502952727+00:00,1002606.50,0.00,1002606.50,USD,GLBX-001,MARGIN,USD,[],False,{}
2026-03-09 19:25:58.502952727+00:00,1002606.50,0.00,1002606.50,USD,GLBX-001,MARGIN,USD,[],False,{}
2026-03-09 19:27:43.072002507+00:00,1002621.25,0.00,1002621.25,USD,GLBX-001,MARGIN,USD,[],False,{}
2026-03-09 19:27:43.072002507+00:00,1002621.25,0.00,1002621.25,USD,GLBX-001,MARGIN,USD,[],False,{}
2026-03-09 19:27:57.840557886+00:00,1002623.00,0.00,1002623.00,USD,GLBX-001,MARGIN,USD,[],False,{}
2026-03-09 19:27:57.840557886+00:00,1002623.00,0.00,1002623.00,USD,GLBX-001,MARGIN,USD,[],False,{}
2026-03-09 19:28:46.569578759+00:00,1002628.75,0.00,1002628.75,USD,GLBX-001,MARGIN,USD,[],False,{}
2026-03-09 19:28:46.569578759+00:00,1002628.75,0.00,1002628.75,USD,GLBX-001,MARGIN,USD,[],False,{}
2026-03-09 19:28:59.108529631+00:00,1002630.50,0.00,1002630.50,USD,GLBX-001,MARGIN,USD,[],False,{}
2026-03-09 19:28:59.108529631+00:00,1002630.50,0.00,1002630.50,USD,GLBX-001,MARGIN,USD,[],False,{}
2026-03-09 19:29:47.347071963+00:00,1002634.00,0.00,1002634.00,USD,GLBX-001,MARGIN,USD,[],False,{}
2026-03-09 19:29:47.347071963+00:00,1002634.00,0.00,1002634.00,USD,GLBX-001,MARGIN,USD,[],False,{}
2026-03-09 19:30:45.941850144+00:00,1002640.75,0.00,1002640.75,USD,GLBX-001,MARGIN,USD,[],False,{}
2026-03-09 19:30:45.941850144+00:00,1002640.75,0.00,1002640.75,USD,GLBX-001,MARGIN,USD,[],False,{}
2026-03-09 19:31:35.476681365+00:00,1002646.25,0.00,1002646.25,USD,GLBX-001,MARGIN,USD,[],False,{}
2026-03-09 19:31:35.476681365+00:00,1002646.25,0.00,1002646.25,USD,GLBX-001,MARGIN,USD,[],False,{}
2026-03-09 19:31:46.470621247+00:00,1002645.75,0.00,1002645.75,USD,GLBX-001,MARGIN,USD,[],False,{}
2026-03-09 19:31:46.470621247+00:00,1002645.75,0.00,1002645.75,USD,GLBX-001,MARGIN,USD,[],False,{}
2026-03-09 19:33:00.550037650+00:00,1002653.50,0.00,1002653.50,USD,GLBX-001,MARGIN,USD,[],False,{}
2026-03-09 19:33:00.550037650+00:00,1002653.50,0.00,1002653.50,USD,GLBX-001,MARGIN,USD,[],False,{}
2026-03-09 19:33:13.512352890+00:00,1002650.50,0.00,1002650.50,USD,GLBX-001,MARGIN,USD,[],False,{}
2026-03-09 19:33:13.512352890+00:00,1002650.50,0.00,1002650.50,USD,GLBX-001,MARGIN,USD,[],False,{}
2026-03-09 19:33:43.821496685+00:00,1002650.75,0.00,1002650.75,USD,GLBX-001,MARGIN,USD,[],False,{}
2026-03-09 19:33:43.821496685+00:00,1002650.75,0.00,1002650.75,USD,GLBX-001,MARGIN,USD,[],False,{}
2026-03-09 19:34:08.273189914+00:00,1002650.50,0.00,1002650.50,USD,GLBX-001,MARGIN,USD,[],False,{}
2026-03-09 19:34:08.273189914+00:00,1002650.50,0.00,1002650.50,USD,GLBX-001,MARGIN,USD,[],False,{}
2026-03-09 19:34:45.064076514+00:00,1002653.00,0.00,1002653.00,USD,GLBX-001,MARGIN,USD,[],False,{}
2026-03-09 19:34:45.064076514+00:00,1002653.00,0.00,1002653.00,USD,GLBX-001,MARGIN,USD,[],False,{}
2026-03-09 19:34:46.300668574+00:00,1002652.75,0.00,1002652.75,USD,GLBX-001,MARGIN,USD,[],False,{}
2026-03-09 19:34:46.300668574+00:00,1002652.75,0.00,1002652.75,USD,GLBX-001,MARGIN,USD,[],False,{}
2026-03-09 19:34:58.050547887+00:00,1002652.75,0.00,1002652.75,USD,GLBX-001,MARGIN,USD,[],False,{}
2026-03-09 19:34:58.050547887+00:00,1002652.75,0.00,1002652.75,USD,GLBX-001,MARGIN,USD,[],False,{}
2026-03-09 19:36:03.738449541+00:00,1002661.75,0.00,1002661.75,USD,GLBX-001,MARGIN,USD,[],False,{}
2026-03-09 19:36:03.738449541+00:00,1002661.75,0.00,1002661.75,USD,GLBX-001,MARGIN,USD,[],False,{}
2026-03-09 19:38:06.186613578+00:00,1002681.50,0.00,1002681.50,USD,GLBX-001,MARGIN,USD,[],False,{}
2026-03-09 19:38:06.186613578+00:00,1002681.50,0.00,1002681.50,USD,GLBX-001,MARGIN,USD,[],False,{}
2026-03-09 19:38:52.213930090+00:00,1002683.25,0.00,1002683.25,USD,GLBX-001,MARGIN,USD,[],False,{}
2026-03-09 19:38:52.213930090+00:00,1002683.25,0.00,1002683.25,USD,GLBX-001,MARGIN,USD,[],False,{}
2026-03-09 19:39:18.548072464+00:00,1002684.00,0.00,1002684.00,USD,GLBX-001,MARGIN,USD,[],False,{}
2026-03-09 19:39:18.548072464+00:00,1002684.00,0.00,1002684.00,USD,GLBX-001,MARGIN,USD,[],False,{}
2026-03-09 19:39:23.441850432+00:00,1002684.75,0.00,1002684.75,USD,GLBX-001,MARGIN,USD,[],False,{}
2026-03-09 19:39:23.441850432+00:00,1002684.75,0.00,1002684.75,USD,GLBX-001,MARGIN,USD,[],False,{}
2026-03-09 19:39:31.263975807+00:00,1002685.25,0.00,1002685.25,USD,GLBX-001,MARGIN,USD,[],False,{}
2026-03-09 19:39:31.263975807+00:00,1002685.25,0.00,1002685.25,USD,GLBX-001,MARGIN,USD,[],False,{}
2026-03-09 19:41:56.768039978+00:00,1002705.25,0.00,1002705.25,USD,GLBX-001,MARGIN,USD,[],False,{}
2026-03-09 19:41:56.768039978+00:00,1002705.25,0.00,1002705.25,USD,GLBX-001,MARGIN,USD,[],False,{}
2026-03-09 19:42:25.951792496+00:00,1002705.25,0.00,1002705.25,USD,GLBX-001,MARGIN,USD,[],False,{}
2026-03-09 19:42:25.951792496+00:00,1002705.25,0.00,1002705.25,USD,GLBX-001,MARGIN,USD,[],False,{}
2026-03-09 19:42:57.285589637+00:00,1002706.50,0.00,1002706.50,USD,GLBX-001,MARGIN,USD,[],False,{}
2026-03-09 19:42:57.285589637+00:00,1002706.50,0.00,1002706.50,USD,GLBX-001,MARGIN,USD,[],False,{}
2026-03-09 19:43:37.265925695+00:00,1002709.50,0.00,1002709.50,USD,GLBX-001,MARGIN,USD,[],False,{}
2026-03-09 19:43:37.265925695+00:00,1002709.50,0.00,1002709.50,USD,GLBX-001,MARGIN,USD,[],False,{}
2026-03-09 19:44:07.367084823+00:00,1002709.75,0.00,1002709.75,USD,GLBX-001,MARGIN,USD,[],False,{}
2026-03-09 19:44:07.367084823+00:00,1002709.75,0.00,1002709.75,USD,GLBX-001,MARGIN,USD,[],False,{}
2026-03-09 19:44:33.991387515+00:00,1002713.25,0.00,1002713.25,USD,GLBX-001,MARGIN,USD,[],False,{}
2026-03-09 19:44:33.991387515+00:00,1002713.25,0.00,1002713.25,USD,GLBX-001,MARGIN,USD,[],False,{}
2026-03-09 19:45:04.903391949+00:00,1002713.75,0.00,1002713.75,USD,GLBX-001,MARGIN,USD,[],False,{}
2026-03-09 19:45:04.903391949+00:00,1002713.75,0.00,1002713.75,USD,GLBX-001,MARGIN,USD,[],False,{}
2026-03-09 19:45:19.342954640+00:00,1002712.00,0.00,1002712.00,USD,GLBX-001,MARGIN,USD,[],False,{}
2026-03-09 19:45:19.342954640+00:00,1002712.00,0.00,1002712.00,USD,GLBX-001,MARGIN,USD,[],False,{}
2026-03-09 19:45:26.982199984+00:00,1002712.50,0.00,1002712.50,USD,GLBX-001,MARGIN,USD,[],False,{}
2026-03-09 19:45:26.982199984+00:00,1002712.50,0.00,1002712.50,USD,GLBX-001,MARGIN,USD,[],False,{}
2026-03-09 19:45:40.189975666+00:00,1002715.25,0.00,1002715.25,USD,GLBX-001,MARGIN,USD,[],False,{}
2026-03-09 19:45:40.189975666+00:00,1002715.25,0.00,1002715.25,USD,GLBX-001,MARGIN,USD,[],False,{}
2026-03-09 19:45:54.381357597+00:00,1002719.25,0.00,1002719.25,USD,GLBX-001,MARGIN,USD,[],False,{}
2026-03-09 19:45:54.381357597+00:00,1002719.25,0.00,1002719.25,USD,GLBX-001,MARGIN,USD,[],False,{}
2026-03-09 19:45:59.836779592+00:00,1002721.75,0.00,1002721.75,USD,GLBX-001,MARGIN,USD,[],False,{}
2026-03-09 19:45:59.836779592+00:00,1002721.75,0.00,1002721.75,USD,GLBX-001,MARGIN,USD,[],False,{}
2026-03-09 19:46:27.082090429+00:00,1002722.50,0.00,1002722.50,USD,GLBX-001,MARGIN,USD,[],False,{}
2026-03-09 19:46:27.082090429+00:00,1002722.50,0.00,1002722.50,USD,GLBX-001,MARGIN,USD,[],False,{}
2026-03-09 19:46:46.178663211+00:00,1002724.00,0.00,1002724.00,USD,GLBX-001,MARGIN,USD,[],False,{}
2026-03-09 19:46:46.178663211+00:00,1002724.00,0.00,1002724.00,USD,GLBX-001,MARGIN,USD,[],False,{}
2026-03-09 19:47:00.798769195+00:00,1002724.00,0.00,1002724.00,USD,GLBX-001,MARGIN,USD,[],False,{}
2026-03-09 19:47:00.798769195+00:00,1002724.00,0.00,1002724.00,USD,GLBX-001,MARGIN,USD,[],False,{}
2026-03-09 19:47:48.082801715+00:00,1002729.50,0.00,1002729.50,USD,GLBX-001,MARGIN,USD,[],False,{}
2026-03-09 19:47:48.082801715+00:00,1002729.50,0.00,1002729.50,USD,GLBX-001,MARGIN,USD,[],False,{}
2026-03-09 19:49:08.421214322+00:00,1002733.00,0.00,1002733.00,USD,GLBX-001,MARGIN,USD,[],False,{}
2026-03-09 19:49:08.421214322+00:00,1002733.00,0.00,1002733.00,USD,GLBX-001,MARGIN,USD,[],False,{}
2026-03-09 19:49:38.109099931+00:00,1002730.75,0.00,1002730.75,USD,GLBX-001,MARGIN,USD,[],False,{}
2026-03-09 19:49:38.109099931+00:00,1002730.75,0.00,1002730.75,USD,GLBX-001,MARGIN,USD,[],False,{}
2026-03-09 19:50:56.159967187+00:00,1002738.50,0.00,1002738.50,USD,GLBX-001,MARGIN,USD,[],False,{}
2026-03-09 19:50:56.159967187+00:00,1002738.50,0.00,1002738.50,USD,GLBX-001,MARGIN,USD,[],False,{}
2026-03-09 19:51:05.742656635+00:00,1002741.75,0.00,1002741.75,USD,GLBX-001,MARGIN,USD,[],False,{}
2026-03-09 19:51:05.742656635+00:00,1002741.75,0.00,1002741.75,USD,GLBX-001,MARGIN,USD,[],False,{}
2026-03-09 19:51:20.248254339+00:00,1002745.75,0.00,1002745.75,USD,GLBX-001,MARGIN,USD,[],False,{}
2026-03-09 19:51:20.248254339+00:00,1002745.75,0.00,1002745.75,USD,GLBX-001,MARGIN,USD,[],False,{}
2026-03-09 19:52:11.160071759+00:00,1002751.25,0.00,1002751.25,USD,GLBX-001,MARGIN,USD,[],False,{}
2026-03-09 19:52:11.160071759+00:00,1002751.25,0.00,1002751.25,USD,GLBX-001,MARGIN,USD,[],False,{}
2026-03-09 19:53:23.850058621+00:00,1002754.50,0.00,1002754.50,USD,GLBX-001,MARGIN,USD,[],False,{}
2026-03-09 19:53:23.850058621+00:00,1002754.50,0.00,1002754.50,USD,GLBX-001,MARGIN,USD,[],False,{}
2026-03-09 19:54:12.383048618+00:00,1002755.50,0.00,1002755.50,USD,GLBX-001,MARGIN,USD,[],False,{}
2026-03-09 19:54:12.383048618+00:00,1002755.50,0.00,1002755.50,USD,GLBX-001,MARGIN,USD,[],False,{}
2026-03-09 19:54:48.316656127+00:00,1002756.50,0.00,1002756.50,USD,GLBX-001,MARGIN,USD,[],False,{}
2026-03-09 19:54:48.316656127+00:00,1002756.50,0.00,1002756.50,USD,GLBX-001,MARGIN,USD,[],False,{}
2026-03-09 19:55:12.571934893+00:00,1002762.00,0.00,1002762.00,USD,GLBX-001,MARGIN,USD,[],False,{}
2026-03-09 19:55:12.571934893+00:00,1002762.00,0.00,1002762.00,USD,GLBX-001,MARGIN,USD,[],False,{}
2026-03-09 19:55:15.514705877+00:00,1002764.50,0.00,1002764.50,USD,GLBX-001,MARGIN,USD,[],False,{}
2026-03-09 19:55:15.514705877+00:00,1002764.50,0.00,1002764.50,USD,GLBX-001,MARGIN,USD,[],False,{}
2026-03-09 19:56:19.306909477+00:00,1002769.25,0.00,1002769.25,USD,GLBX-001,MARGIN,USD,[],False,{}
2026-03-09 19:56:19.306909477+00:00,1002769.25,0.00,1002769.25,USD,GLBX-001,MARGIN,USD,[],False,{}
2026-03-09 19:56:46.376999739+00:00,1002769.75,0.00,1002769.75,USD,GLBX-001,MARGIN,USD,[],False,{}
2026-03-09 19:56:46.376999739+00:00,1002769.75,0.00,1002769.75,USD,GLBX-001,MARGIN,USD,[],False,{}
2026-03-09 19:58:15.730522915+00:00,1002777.25,0.00,1002777.25,USD,GLBX-001,MARGIN,USD,[],False,{}
2026-03-09 19:58:15.730522915+00:00,1002777.25,0.00,1002777.25,USD,GLBX-001,MARGIN,USD,[],False,{}
2026-03-09 19:58:19.233486573+00:00,1002777.50,0.00,1002777.50,USD,GLBX-001,MARGIN,USD,[],False,{}
2026-03-09 19:58:19.233486573+00:00,1002777.50,0.00,1002777.50,USD,GLBX-001,MARGIN,USD,[],False,{}
2026-03-09 19:58:22.474626009+00:00,1002777.50,0.00,1002777.50,USD,GLBX-001,MARGIN,USD,[],False,{}
2026-03-09 19:58:22.474626009+00:00,1002777.50,0.00,1002777.50,USD,GLBX-001,MARGIN,USD,[],False,{}
2026-03-09 19:59:11.851858186+00:00,1002782.00,0.00,1002782.00,USD,GLBX-001,MARGIN,USD,[],False,{}
2026-03-09 19:59:11.851858186+00:00,1002782.00,0.00,1002782.00,USD,GLBX-001,MARGIN,USD,[],False,{}
2026-03-09 19:59:17.513415568+00:00,1002782.00,0.00,1002782.00,USD,GLBX-001,MARGIN,USD,[],False,{}
2026-03-09 19:59:17.513415568+00:00,1002782.00,0.00,1002782.00,USD,GLBX-001,MARGIN,USD,[],False,{}
2026-03-09 19:59:22.825710386+00:00,1002782.75,0.00,1002782.75,USD,GLBX-001,MARGIN,USD,[],False,{}
2026-03-09 19:59:22.825710386+00:00,1002782.75,0.00,1002782.75,USD,GLBX-001,MARGIN,USD,[],False,{}
2026-03-09 20:00:22.184104299+00:00,1002787.75,0.00,1002787.75,USD,GLBX-001,MARGIN,USD,[],False,{}
2026-03-09 20:00:22.184104299+00:00,1002787.75,0.00,1002787.75,USD,GLBX-001,MARGIN,USD,[],False,{}
2026-03-09 20:00:25.210324175+00:00,1002787.50,0.00,1002787.50,USD,GLBX-001,MARGIN,USD,[],False,{}
2026-03-09 20:00:25.210324175+00:00,1002787.50,0.00,1002787.50,USD,GLBX-001,MARGIN,USD,[],False,{}
2026-03-09 20:00:40.657278914+00:00,1002790.25,0.00,1002790.25,USD,GLBX-001,MARGIN,USD,[],False,{}
2026-03-09 20:00:40.657278914+00:00,1002790.25,0.00,1002790.25,USD,GLBX-001,MARGIN,USD,[],False,{}
2026-03-09 20:00:56.717886456+00:00,1002792.75,0.00,1002792.75,USD,GLBX-001,MARGIN,USD,[],False,{}
2026-03-09 20:00:56.717886456+00:00,1002792.75,0.00,1002792.75,USD,GLBX-001,MARGIN,USD,[],False,{}
2026-03-09 20:01:24.862500540+00:00,1002794.75,0.00,1002794.75,USD,GLBX-001,MARGIN,USD,[],False,{}
2026-03-09 20:01:24.862500540+00:00,1002794.75,0.00,1002794.75,USD,GLBX-001,MARGIN,USD,[],False,{}
2026-03-09 20:04:05.181337993+00:00,1002807.75,0.00,1002807.75,USD,GLBX-001,MARGIN,USD,[],False,{}
2026-03-09 20:04:05.181337993+00:00,1002807.75,0.00,1002807.75,USD,GLBX-001,MARGIN,USD,[],False,{}
2026-03-09 20:05:30.853613291+00:00,1002810.75,0.00,1002810.75,USD,GLBX-001,MARGIN,USD,[],False,{}
2026-03-09 20:05:30.853613291+00:00,1002810.75,0.00,1002810.75,USD,GLBX-001,MARGIN,USD,[],False,{}
2026-03-09 20:07:07.278856052+00:00,1002813.50,0.00,1002813.50,USD,GLBX-001,MARGIN,USD,[],False,{}
2026-03-09 20:07:07.278856052+00:00,1002813.50,0.00,1002813.50,USD,GLBX-001,MARGIN,USD,[],False,{}
2026-03-09 20:07:37.685652946+00:00,1002815.00,0.00,1002815.00,USD,GLBX-001,MARGIN,USD,[],False,{}
2026-03-09 20:07:37.685652946+00:00,1002815.00,0.00,1002815.00,USD,GLBX-001,MARGIN,USD,[],False,{}
2026-03-09 20:10:57.699493973+00:00,1002824.75,0.00,1002824.75,USD,GLBX-001,MARGIN,USD,[],False,{}
2026-03-09 20:10:57.699493973+00:00,1002824.75,0.00,1002824.75,USD,GLBX-001,MARGIN,USD,[],False,{}
2026-03-09 20:11:06.456019615+00:00,1002825.50,0.00,1002825.50,USD,GLBX-001,MARGIN,USD,[],False,{}
2026-03-09 20:11:06.456019615+00:00,1002825.50,0.00,1002825.50,USD,GLBX-001,MARGIN,USD,[],False,{}
2026-03-09 20:11:25.038602587+00:00,1002826.50,0.00,1002826.50,USD,GLBX-001,MARGIN,USD,[],False,{}
2026-03-09 20:11:25.038602587+00:00,1002826.50,0.00,1002826.50,USD,GLBX-001,MARGIN,USD,[],False,{}
2026-03-09 20:11:29.031931122+00:00,1002826.75,0.00,1002826.75,USD,GLBX-001,MARGIN,USD,[],False,{}
2026-03-09 20:11:29.031931122+00:00,1002826.75,0.00,1002826.75,USD,GLBX-001,MARGIN,USD,[],False,{}
2026-03-09 20:11:44.793083472+00:00,1002828.25,0.00,1002828.25,USD,GLBX-001,MARGIN,USD,[],False,{}
2026-03-09 20:11:44.793083472+00:00,1002828.25,0.00,1002828.25,USD,GLBX-001,MARGIN,USD,[],False,{}
2026-03-09 20:12:09.214763077+00:00,1002832.75,0.00,1002832.75,USD,GLBX-001,MARGIN,USD,[],False,{}
2026-03-09 20:12:09.214763077+00:00,1002832.75,0.00,1002832.75,USD,GLBX-001,MARGIN,USD,[],False,{}
2026-03-09 20:12:40.037646621+00:00,1002834.25,0.00,1002834.25,USD,GLBX-001,MARGIN,USD,[],False,{}
2026-03-09 20:12:40.037646621+00:00,1002834.25,0.00,1002834.25,USD,GLBX-001,MARGIN,USD,[],False,{}
2026-03-09 20:13:11.544333810+00:00,1002835.75,0.00,1002835.75,USD,GLBX-001,MARGIN,USD,[],False,{}
2026-03-09 20:13:11.544333810+00:00,1002835.75,0.00,1002835.75,USD,GLBX-001,MARGIN,USD,[],False,{}
2026-03-09 20:14:06.881270366+00:00,1002836.75,0.00,1002836.75,USD,GLBX-001,MARGIN,USD,[],False,{}
2026-03-09 20:14:06.881270366+00:00,1002836.75,0.00,1002836.75,USD,GLBX-001,MARGIN,USD,[],False,{}
2026-03-09 20:14:21.382561215+00:00,1002840.25,0.00,1002840.25,USD,GLBX-001,MARGIN,USD,[],False,{}
2026-03-09 20:14:21.382561215+00:00,1002840.25,0.00,1002840.25,USD,GLBX-001,MARGIN,USD,[],False,{}
2026-03-09 20:16:36.151202109+00:00,1002844.25,0.00,1002844.25,USD,GLBX-001,MARGIN,USD,[],False,{}
2026-03-09 20:16:36.151202109+00:00,1002844.25,0.00,1002844.25,USD,GLBX-001,MARGIN,USD,[],False,{}
2026-03-09 20:16:44.074167048+00:00,1002843.75,0.00,1002843.75,USD,GLBX-001,MARGIN,USD,[],False,{}
2026-03-09 20:16:44.074167048+00:00,1002843.75,0.00,1002843.75,USD,GLBX-001,MARGIN,USD,[],False,{}
2026-03-09 20:18:48.591327063+00:00,1002846.75,0.00,1002846.75,USD,GLBX-001,MARGIN,USD,[],False,{}
2026-03-09 20:18:48.591327063+00:00,1002846.75,0.00,1002846.75,USD,GLBX-001,MARGIN,USD,[],False,{}
2026-03-09 20:19:13.863556047+00:00,1002846.75,0.00,1002846.75,USD,GLBX-001,MARGIN,USD,[],False,{}
2026-03-09 20:19:13.863556047+00:00,1002846.75,0.00,1002846.75,USD,GLBX-001,MARGIN,USD,[],False,{}
2026-03-09 20:20:25.509057994+00:00,1002848.25,0.00,1002848.25,USD,GLBX-001,MARGIN,USD,[],False,{}
2026-03-09 20:20:25.509057994+00:00,1002848.25,0.00,1002848.25,USD,GLBX-001,MARGIN,USD,[],False,{}
2026-03-09 20:23:11.780410999+00:00,1002851.75,0.00,1002851.75,USD,GLBX-001,MARGIN,USD,[],False,{}
2026-03-09 20:23:11.780410999+00:00,1002851.75,0.00,1002851.75,USD,GLBX-001,MARGIN,USD,[],False,{}
2026-03-09 20:25:29.811249411+00:00,1002854.75,0.00,1002854.75,USD,GLBX-001,MARGIN,USD,[],False,{}
2026-03-09 20:25:29.811249411+00:00,1002854.75,0.00,1002854.75,USD,GLBX-001,MARGIN,USD,[],False,{}
2026-03-09 20:27:39.330484402+00:00,1002858.75,0.00,1002858.75,USD,GLBX-001,MARGIN,USD,[],False,{}
2026-03-09 20:27:39.330484402+00:00,1002858.75,0.00,1002858.75,USD,GLBX-001,MARGIN,USD,[],False,{}
2026-03-09 20:28:11.507087202+00:00,1002859.25,0.00,1002859.25,USD,GLBX-001,MARGIN,USD,[],False,{}
2026-03-09 20:28:11.507087202+00:00,1002859.25,0.00,1002859.25,USD,GLBX-001,MARGIN,USD,[],False,{}
2026-03-09 20:29:58.691428019+00:00,1002866.00,0.00,1002866.00,USD,GLBX-001,MARGIN,USD,[],False,{}
2026-03-09 20:29:58.691428019+00:00,1002866.00,0.00,1002866.00,USD,GLBX-001,MARGIN,USD,[],False,{}
2026-03-09 20:30:08.999235251+00:00,1002870.00,0.00,1002870.00,USD,GLBX-001,MARGIN,USD,[],False,{}
2026-03-09 20:30:08.999235251+00:00,1002870.00,0.00,1002870.00,USD,GLBX-001,MARGIN,USD,[],False,{}
2026-03-09 20:30:50.651785125+00:00,1002871.75,0.00,1002871.75,USD,GLBX-001,MARGIN,USD,[],False,{}
2026-03-09 20:30:50.651785125+00:00,1002871.75,0.00,1002871.75,USD,GLBX-001,MARGIN,USD,[],False,{}
2026-03-09 20:31:28.230679800+00:00,1002873.50,0.00,1002873.50,USD,GLBX-001,MARGIN,USD,[],False,{}
2026-03-09 20:31:28.230679800+00:00,1002873.50,0.00,1002873.50,USD,GLBX-001,MARGIN,USD,[],False,{}
2026-03-09 20:32:59.368994266+00:00,1002877.25,0.00,1002877.25,USD,GLBX-001,MARGIN,USD,[],False,{}
2026-03-09 20:32:59.368994266+00:00,1002877.25,0.00,1002877.25,USD,GLBX-001,MARGIN,USD,[],False,{}
2026-03-09 20:33:15.031026847+00:00,1002879.00,0.00,1002879.00,USD,GLBX-001,MARGIN,USD,[],False,{}
2026-03-09 20:33:15.031026847+00:00,1002879.00,0.00,1002879.00,USD,GLBX-001,MARGIN,USD,[],False,{}
2026-03-09 20:33:30.643583467+00:00,1002878.50,0.00,1002878.50,USD,GLBX-001,MARGIN,USD,[],False,{}
2026-03-09 20:33:30.643583467+00:00,1002878.50,0.00,1002878.50,USD,GLBX-001,MARGIN,USD,[],False,{}
2026-03-09 20:34:47.509517083+00:00,1002878.25,0.00,1002878.25,USD,GLBX-001,MARGIN,USD,[],False,{}
2026-03-09 20:34:47.509517083+00:00,1002878.25,0.00,1002878.25,USD,GLBX-001,MARGIN,USD,[],False,{}
2026-03-09 20:36:01.302177531+00:00,1002882.25,0.00,1002882.25,USD,GLBX-001,MARGIN,USD,[],False,{}
2026-03-09 20:36:01.302177531+00:00,1002882.25,0.00,1002882.25,USD,GLBX-001,MARGIN,USD,[],False,{}
2026-03-09 20:36:21.347670493+00:00,1002883.00,0.00,1002883.00,USD,GLBX-001,MARGIN,USD,[],False,{}
2026-03-09 20:36:21.347670493+00:00,1002883.00,0.00,1002883.00,USD,GLBX-001,MARGIN,USD,[],False,{}
2026-03-09 20:36:44.778939560+00:00,1002881.50,0.00,1002881.50,USD,GLBX-001,MARGIN,USD,[],False,{}
2026-03-09 20:36:44.778939560+00:00,1002881.50,0.00,1002881.50,USD,GLBX-001,MARGIN,USD,[],False,{}
2026-03-09 20:38:03.960906155+00:00,1002885.50,0.00,1002885.50,USD,GLBX-001,MARGIN,USD,[],False,{}
2026-03-09 20:38:03.960906155+00:00,1002885.50,0.00,1002885.50,USD,GLBX-001,MARGIN,USD,[],False,{}
2026-03-09 20:39:17.121295472+00:00,1002891.00,0.00,1002891.00,USD,GLBX-001,MARGIN,USD,[],False,{}
2026-03-09 20:39:17.121295472+00:00,1002891.00,0.00,1002891.00,USD,GLBX-001,MARGIN,USD,[],False,{}
2026-03-09 20:42:58.388086344+00:00,1002896.25,0.00,1002896.25,USD,GLBX-001,MARGIN,USD,[],False,{}
2026-03-09 20:42:58.388086344+00:00,1002896.25,0.00,1002896.25,USD,GLBX-001,MARGIN,USD,[],False,{}
2026-03-09 20:43:47.668955222+00:00,1002898.25,0.00,1002898.25,USD,GLBX-001,MARGIN,USD,[],False,{}
2026-03-09 20:43:47.668955222+00:00,1002898.25,0.00,1002898.25,USD,GLBX-001,MARGIN,USD,[],False,{}
2026-03-09 20:46:52.921073618+00:00,1002901.50,0.00,1002901.50,USD,GLBX-001,MARGIN,USD,[],False,{}
2026-03-09 20:46:52.921073618+00:00,1002901.50,0.00,1002901.50,USD,GLBX-001,MARGIN,USD,[],False,{}
2026-03-09 20:47:03.682916644+00:00,1002902.50,0.00,1002902.50,USD,GLBX-001,MARGIN,USD,[],False,{}
2026-03-09 20:47:03.682916644+00:00,1002902.50,0.00,1002902.50,USD,GLBX-001,MARGIN,USD,[],False,{}
2026-03-09 20:47:19.923920471+00:00,1002903.50,0.00,1002903.50,USD,GLBX-001,MARGIN,USD,[],False,{}
2026-03-09 20:47:19.923920471+00:00,1002903.50,0.00,1002903.50,USD,GLBX-001,MARGIN,USD,[],False,{}
2026-03-09 20:51:54.906199136+00:00,1002909.75,0.00,1002909.75,USD,GLBX-001,MARGIN,USD,[],False,{}
2026-03-09 20:51:54.906199136+00:00,1002909.75,0.00,1002909.75,USD,GLBX-001,MARGIN,USD,[],False,{}
2026-03-09 20:52:15.689876536+00:00,1002912.50,0.00,1002912.50,USD,GLBX-001,MARGIN,USD,[],False,{}
2026-03-09 20:52:15.689876536+00:00,1002912.50,0.00,1002912.50,USD,GLBX-001,MARGIN,USD,[],False,{}
2026-03-09 20:52:25.836326575+00:00,1002915.00,0.00,1002915.00,USD,GLBX-001,MARGIN,USD,[],False,{}
2026-03-09 20:52:25.836326575+00:00,1002915.00,0.00,1002915.00,USD,GLBX-001,MARGIN,USD,[],False,{}
2026-03-09 20:54:05.726855416+00:00,1002918.75,0.00,1002918.75,USD,GLBX-001,MARGIN,USD,[],False,{}
2026-03-09 20:54:05.726855416+00:00,1002918.75,0.00,1002918.75,USD,GLBX-001,MARGIN,USD,[],False,{}
2026-03-09 20:55:11.910627008+00:00,1002921.00,0.00,1002921.00,USD,GLBX-001,MARGIN,USD,[],False,{}
2026-03-09 20:55:11.910627008+00:00,1002921.00,0.00,1002921.00,USD,GLBX-001,MARGIN,USD,[],False,{}
2026-03-09 20:56:07.012000464+00:00,1002922.25,0.00,1002922.25,USD,GLBX-001,MARGIN,USD,[],False,{}
2026-03-09 20:56:07.012000464+00:00,1002922.25,0.00,1002922.25,USD,GLBX-001,MARGIN,USD,[],False,{}
2026-03-09 20:58:28.273524235+00:00,1002928.50,0.00,1002928.50,USD,GLBX-001,MARGIN,USD,[],False,{}
2026-03-09 20:58:28.273524235+00:00,1002928.50,0.00,1002928.50,USD,GLBX-001,MARGIN,USD,[],False,{}
2026-03-09 20:59:05.759198816+00:00,1002931.50,0.00,1002931.50,USD,GLBX-001,MARGIN,USD,[],False,{}
2026-03-09 20:59:05.759198816+00:00,1002931.50,0.00,1002931.50,USD,GLBX-001,MARGIN,USD,[],False,{}
2026-03-09 22:00:00.013092325+00:00,1002935.25,0.00,1002935.25,USD,GLBX-001,MARGIN,USD,[],False,{}
2026-03-09 22:00:00.013092325+00:00,1002935.25,0.00,1002935.25,USD,GLBX-001,MARGIN,USD,[],False,{}
2026-03-09 22:00:21.373550136+00:00,1002941.00,0.00,1002941.00,USD,GLBX-001,MARGIN,USD,[],False,{}
2026-03-09 22:00:21.373550136+00:00,1002941.00,0.00,1002941.00,USD,GLBX-001,MARGIN,USD,[],False,{}
2026-03-09 22:00:23.703745659+00:00,1002942.50,0.00,1002942.50,USD,GLBX-001,MARGIN,USD,[],False,{}
2026-03-09 22:00:23.703745659+00:00,1002942.50,0.00,1002942.50,USD,GLBX-001,MARGIN,USD,[],False,{}
2026-03-09 22:00:44.180414061+00:00,1002944.00,0.00,1002944.00,USD,GLBX-001,MARGIN,USD,[],False,{}
2026-03-09 22:00:44.180414061+00:00,1002944.00,0.00,1002944.00,USD,GLBX-001,MARGIN,USD,[],False,{}
2026-03-09 22:00:48.663628168+00:00,1002941.50,0.00,1002941.50,USD,GLBX-001,MARGIN,USD,[],False,{}
2026-03-09 22:00:48.663628168+00:00,1002941.50,0.00,1002941.50,USD,GLBX-001,MARGIN,USD,[],False,{}
2026-03-09 22:00:58.576441407+00:00,1002941.50,0.00,1002941.50,USD,GLBX-001,MARGIN,USD,[],False,{}
2026-03-09 22:00:58.576441407+00:00,1002941.50,0.00,1002941.50,USD,GLBX-001,MARGIN,USD,[],False,{}
2026-03-09 22:01:04.002801597+00:00,1002946.00,0.00,1002946.00,USD,GLBX-001,MARGIN,USD,[],False,{}
2026-03-09 22:01:04.002801597+00:00,1002946.00,0.00,1002946.00,USD,GLBX-001,MARGIN,USD,[],False,{}
2026-03-09 22:04:01.611831456+00:00,1002958.75,0.00,1002958.75,USD,GLBX-001,MARGIN,USD,[],False,{}
2026-03-09 22:04:01.611831456+00:00,1002958.75,0.00,1002958.75,USD,GLBX-001,MARGIN,USD,[],False,{}
2026-03-09 22:05:50.187668575+00:00,1002961.50,0.00,1002961.50,USD,GLBX-001,MARGIN,USD,[],False,{}
2026-03-09 22:05:50.187668575+00:00,1002961.50,0.00,1002961.50,USD,GLBX-001,MARGIN,USD,[],False,{}
2026-03-09 22:06:07.129308791+00:00,1002960.25,0.00,1002960.25,USD,GLBX-001,MARGIN,USD,[],False,{}
2026-03-09 22:06:07.129308791+00:00,1002960.25,0.00,1002960.25,USD,GLBX-001,MARGIN,USD,[],False,{}
2026-03-09 22:07:46.591134394+00:00,1002968.50,0.00,1002968.50,USD,GLBX-001,MARGIN,USD,[],False,{}
2026-03-09 22:07:46.591134394+00:00,1002968.50,0.00,1002968.50,USD,GLBX-001,MARGIN,USD,[],False,{}
2026-03-09 22:08:51.298463722+00:00,1002972.00,0.00,1002972.00,USD,GLBX-001,MARGIN,USD,[],False,{}
2026-03-09 22:08:51.298463722+00:00,1002972.00,0.00,1002972.00,USD,GLBX-001,MARGIN,USD,[],False,{}
2026-03-09 22:09:47.635210914+00:00,1002970.75,0.00,1002970.75,USD,GLBX-001,MARGIN,USD,[],False,{}
2026-03-09 22:09:47.635210914+00:00,1002970.75,0.00,1002970.75,USD,GLBX-001,MARGIN,USD,[],False,{}
2026-03-09 22:11:54.846564495+00:00,1002977.00,0.00,1002977.00,USD,GLBX-001,MARGIN,USD,[],False,{}
2026-03-09 22:11:54.846564495+00:00,1002977.00,0.00,1002977.00,USD,GLBX-001,MARGIN,USD,[],False,{}
2026-03-09 22:14:40.813682498+00:00,1002982.50,0.00,1002982.50,USD,GLBX-001,MARGIN,USD,[],False,{}
2026-03-09 22:14:40.813682498+00:00,1002982.50,0.00,1002982.50,USD,GLBX-001,MARGIN,USD,[],False,{}
2026-03-09 22:15:36.730754757+00:00,1002986.50,0.00,1002986.50,USD,GLBX-001,MARGIN,USD,[],False,{}
2026-03-09 22:15:36.730754757+00:00,1002986.50,0.00,1002986.50,USD,GLBX-001,MARGIN,USD,[],False,{}
2026-03-09 22:17:01.272210253+00:00,1002986.25,0.00,1002986.25,USD,GLBX-001,MARGIN,USD,[],False,{}
2026-03-09 22:17:01.272210253+00:00,1002986.25,0.00,1002986.25,USD,GLBX-001,MARGIN,USD,[],False,{}
2026-03-09 22:17:39.496137687+00:00,1002984.50,0.00,1002984.50,USD,GLBX-001,MARGIN,USD,[],False,{}
2026-03-09 22:17:39.496137687+00:00,1002984.50,0.00,1002984.50,USD,GLBX-001,MARGIN,USD,[],False,{}
2026-03-09 22:17:43.510124007+00:00,1002983.25,0.00,1002983.25,USD,GLBX-001,MARGIN,USD,[],False,{}
2026-03-09 22:17:43.510124007+00:00,1002983.25,0.00,1002983.25,USD,GLBX-001,MARGIN,USD,[],False,{}
2026-03-09 22:19:42.285341792+00:00,1002987.50,0.00,1002987.50,USD,GLBX-001,MARGIN,USD,[],False,{}
2026-03-09 22:19:42.285341792+00:00,1002987.50,0.00,1002987.50,USD,GLBX-001,MARGIN,USD,[],False,{}
2026-03-09 22:20:43.239439795+00:00,1002987.75,0.00,1002987.75,USD,GLBX-001,MARGIN,USD,[],False,{}
2026-03-09 22:20:43.239439795+00:00,1002987.75,0.00,1002987.75,USD,GLBX-001,MARGIN,USD,[],False,{}
2026-03-09 22:21:24.502102085+00:00,1002990.00,0.00,1002990.00,USD,GLBX-001,MARGIN,USD,[],False,{}
2026-03-09 22:21:24.502102085+00:00,1002990.00,0.00,1002990.00,USD,GLBX-001,MARGIN,USD,[],False,{}
2026-03-09 22:21:31.649249763+00:00,1002989.50,0.00,1002989.50,USD,GLBX-001,MARGIN,USD,[],False,{}
2026-03-09 22:21:31.649249763+00:00,1002989.50,0.00,1002989.50,USD,GLBX-001,MARGIN,USD,[],False,{}
2026-03-09 22:22:03.273668047+00:00,1002989.25,0.00,1002989.25,USD,GLBX-001,MARGIN,USD,[],False,{}
2026-03-09 22:22:03.273668047+00:00,1002989.25,0.00,1002989.25,USD,GLBX-001,MARGIN,USD,[],False,{}
2026-03-09 22:22:37.208096490+00:00,1002989.50,0.00,1002989.50,USD,GLBX-001,MARGIN,USD,[],False,{}
2026-03-09 22:22:37.208096490+00:00,1002989.50,0.00,1002989.50,USD,GLBX-001,MARGIN,USD,[],False,{}
2026-03-09 22:23:03.148767707+00:00,1002994.00,0.00,1002994.00,USD,GLBX-001,MARGIN,USD,[],False,{}
2026-03-09 22:23:03.148767707+00:00,1002994.00,0.00,1002994.00,USD,GLBX-001,MARGIN,USD,[],False,{}
2026-03-09 22:24:03.258227167+00:00,1002997.00,0.00,1002997.00,USD,GLBX-001,MARGIN,USD,[],False,{}
2026-03-09 22:24:03.258227167+00:00,1002997.00,0.00,1002997.00,USD,GLBX-001,MARGIN,USD,[],False,{}
2026-03-09 22:25:19.483498109+00:00,1002997.75,0.00,1002997.75,USD,GLBX-001,MARGIN,USD,[],False,{}
2026-03-09 22:25:19.483498109+00:00,1002997.75,0.00,1002997.75,USD,GLBX-001,MARGIN,USD,[],False,{}
2026-03-09 22:27:28.888938072+00:00,1003001.75,0.00,1003001.75,USD,GLBX-001,MARGIN,USD,[],False,{}
2026-03-09 22:27:28.888938072+00:00,1003001.75,0.00,1003001.75,USD,GLBX-001,MARGIN,USD,[],False,{}
2026-03-09 22:28:42.788485536+00:00,1003000.50,0.00,1003000.50,USD,GLBX-001,MARGIN,USD,[],False,{}
2026-03-09 22:28:42.788485536+00:00,1003000.50,0.00,1003000.50,USD,GLBX-001,MARGIN,USD,[],False,{}
2026-03-09 22:29:50.419023543+00:00,1003002.75,0.00,1003002.75,USD,GLBX-001,MARGIN,USD,[],False,{}
2026-03-09 22:29:50.419023543+00:00,1003002.75,0.00,1003002.75,USD,GLBX-001,MARGIN,USD,[],False,{}
2026-03-09 22:34:46.745133885+00:00,1003009.25,0.00,1003009.25,USD,GLBX-001,MARGIN,USD,[],False,{}
2026-03-09 22:34:46.745133885+00:00,1003009.25,0.00,1003009.25,USD,GLBX-001,MARGIN,USD,[],False,{}
2026-03-09 22:37:10.661189059+00:00,1003011.25,0.00,1003011.25,USD,GLBX-001,MARGIN,USD,[],False,{}
2026-03-09 22:37:10.661189059+00:00,1003011.25,0.00,1003011.25,USD,GLBX-001,MARGIN,USD,[],False,{}
2026-03-09 22:40:26.707049978+00:00,1003015.50,0.00,1003015.50,USD,GLBX-001,MARGIN,USD,[],False,{}
2026-03-09 22:40:26.707049978+00:00,1003015.50,0.00,1003015.50,USD,GLBX-001,MARGIN,USD,[],False,{}
2026-03-09 22:42:08.745973621+00:00,1003017.75,0.00,1003017.75,USD,GLBX-001,MARGIN,USD,[],False,{}
2026-03-09 22:42:08.745973621+00:00,1003017.75,0.00,1003017.75,USD,GLBX-001,MARGIN,USD,[],False,{}
2026-03-09 22:43:01.214501498+00:00,1003017.00,0.00,1003017.00,USD,GLBX-001,MARGIN,USD,[],False,{}
2026-03-09 22:43:01.214501498+00:00,1003017.00,0.00,1003017.00,USD,GLBX-001,MARGIN,USD,[],False,{}
2026-03-09 22:46:50.140624944+00:00,1003023.50,0.00,1003023.50,USD,GLBX-001,MARGIN,USD,[],False,{}
2026-03-09 22:46:50.140624944+00:00,1003023.50,0.00,1003023.50,USD,GLBX-001,MARGIN,USD,[],False,{}
2026-03-09 22:52:38.301611248+00:00,1003028.00,0.00,1003028.00,USD,GLBX-001,MARGIN,USD,[],False,{}
2026-03-09 22:52:38.301611248+00:00,1003028.00,0.00,1003028.00,USD,GLBX-001,MARGIN,USD,[],False,{}
2026-03-09 22:53:35.842473968+00:00,1003029.00,0.00,1003029.00,USD,GLBX-001,MARGIN,USD,[],False,{}
2026-03-09 22:53:35.842473968+00:00,1003029.00,0.00,1003029.00,USD,GLBX-001,MARGIN,USD,[],False,{}
2026-03-09 22:57:30.796341693+00:00,1003033.75,0.00,1003033.75,USD,GLBX-001,MARGIN,USD,[],False,{}
2026-03-09 22:57:30.796341693+00:00,1003033.75,0.00,1003033.75,USD,GLBX-001,MARGIN,USD,[],False,{}
2026-03-09 23:00:49.165725005+00:00,1003036.00,0.00,1003036.00,USD,GLBX-001,MARGIN,USD,[],False,{}
2026-03-09 23:00:49.165725005+00:00,1003036.00,0.00,1003036.00,USD,GLBX-001,MARGIN,USD,[],False,{}
2026-03-09 23:03:18.443178189+00:00,1003039.00,0.00,1003039.00,USD,GLBX-001,MARGIN,USD,[],False,{}
2026-03-09 23:03:18.443178189+00:00,1003039.00,0.00,1003039.00,USD,GLBX-001,MARGIN,USD,[],False,{}
2026-03-09 23:04:30.395926730+00:00,1003040.75,0.00,1003040.75,USD,GLBX-001,MARGIN,USD,[],False,{}
2026-03-09 23:04:30.395926730+00:00,1003040.75,0.00,1003040.75,USD,GLBX-001,MARGIN,USD,[],False,{}
2026-03-09 23:05:28.627317523+00:00,1003040.75,0.00,1003040.75,USD,GLBX-001,MARGIN,USD,[],False,{}
2026-03-09 23:05:28.627317523+00:00,1003040.75,0.00,1003040.75,USD,GLBX-001,MARGIN,USD,[],False,{}
2026-03-09 23:07:27.465514843+00:00,1003044.75,0.00,1003044.75,USD,GLBX-001,MARGIN,USD,[],False,{}
2026-03-09 23:07:27.465514843+00:00,1003044.75,0.00,1003044.75,USD,GLBX-001,MARGIN,USD,[],False,{}
2026-03-09 23:09:56.643000264+00:00,1003046.00,0.00,1003046.00,USD,GLBX-001,MARGIN,USD,[],False,{}
2026-03-09 23:09:56.643000264+00:00,1003046.00,0.00,1003046.00,USD,GLBX-001,MARGIN,USD,[],False,{}
2026-03-09 23:10:12.314783067+00:00,1003047.50,0.00,1003047.50,USD,GLBX-001,MARGIN,USD,[],False,{}
2026-03-09 23:10:12.314783067+00:00,1003047.50,0.00,1003047.50,USD,GLBX-001,MARGIN,USD,[],False,{}
2026-03-09 23:11:38.361516558+00:00,1003048.25,0.00,1003048.25,USD,GLBX-001,MARGIN,USD,[],False,{}
2026-03-09 23:11:38.361516558+00:00,1003048.25,0.00,1003048.25,USD,GLBX-001,MARGIN,USD,[],False,{}
2026-03-09 23:12:21.597182373+00:00,1003050.00,0.00,1003050.00,USD,GLBX-001,MARGIN,USD,[],False,{}
2026-03-09 23:12:21.597182373+00:00,1003050.00,0.00,1003050.00,USD,GLBX-001,MARGIN,USD,[],False,{}
2026-03-09 23:14:17.902982891+00:00,1003051.75,0.00,1003051.75,USD,GLBX-001,MARGIN,USD,[],False,{}
2026-03-09 23:14:17.902982891+00:00,1003051.75,0.00,1003051.75,USD,GLBX-001,MARGIN,USD,[],False,{}
2026-03-09 23:15:32.174053645+00:00,1003052.25,0.00,1003052.25,USD,GLBX-001,MARGIN,USD,[],False,{}
2026-03-09 23:15:32.174053645+00:00,1003052.25,0.00,1003052.25,USD,GLBX-001,MARGIN,USD,[],False,{}
2026-03-09 23:16:40.741722739+00:00,1003052.50,0.00,1003052.50,USD,GLBX-001,MARGIN,USD,[],False,{}
2026-03-09 23:16:40.741722739+00:00,1003052.50,0.00,1003052.50,USD,GLBX-001,MARGIN,USD,[],False,{}
2026-03-09 23:18:44.760092504+00:00,1003052.50,0.00,1003052.50,USD,GLBX-001,MARGIN,USD,[],False,{}
2026-03-09 23:18:44.760092504+00:00,1003052.50,0.00,1003052.50,USD,GLBX-001,MARGIN,USD,[],False,{}
2026-03-09 23:19:18.560113050+00:00,1003053.25,0.00,1003053.25,USD,GLBX-001,MARGIN,USD,[],False,{}
2026-03-09 23:19:18.560113050+00:00,1003053.25,0.00,1003053.25,USD,GLBX-001,MARGIN,USD,[],False,{}
2026-03-09 23:19:45.551368416+00:00,1003054.50,0.00,1003054.50,USD,GLBX-001,MARGIN,USD,[],False,{}
2026-03-09 23:19:45.551368416+00:00,1003054.50,0.00,1003054.50,USD,GLBX-001,MARGIN,USD,[],False,{}
2026-03-09 23:23:22.540625651+00:00,1003059.00,0.00,1003059.00,USD,GLBX-001,MARGIN,USD,[],False,{}
2026-03-09 23:23:22.540625651+00:00,1003059.00,0.00,1003059.00,USD,GLBX-001,MARGIN,USD,[],False,{}
2026-03-09 23:26:53.804547856+00:00,1003062.25,0.00,1003062.25,USD,GLBX-001,MARGIN,USD,[],False,{}
2026-03-09 23:26:53.804547856+00:00,1003062.25,0.00,1003062.25,USD,GLBX-001,MARGIN,USD,[],False,{}
2026-03-09 23:28:24.839649047+00:00,1003064.00,0.00,1003064.00,USD,GLBX-001,MARGIN,USD,[],False,{}
2026-03-09 23:28:24.839649047+00:00,1003064.00,0.00,1003064.00,USD,GLBX-001,MARGIN,USD,[],False,{}
2026-03-09 23:29:41.665457768+00:00,1003066.00,0.00,1003066.00,USD,GLBX-001,MARGIN,USD,[],False,{}
2026-03-09 23:29:41.665457768+00:00,1003066.00,0.00,1003066.00,USD,GLBX-001,MARGIN,USD,[],False,{}
2026-03-09 23:34:34.216447551+00:00,1003069.25,0.00,1003069.25,USD,GLBX-001,MARGIN,USD,[],False,{}
2026-03-09 23:34:34.216447551+00:00,1003069.25,0.00,1003069.25,USD,GLBX-001,MARGIN,USD,[],False,{}
2026-03-09 23:35:12.479191789+00:00,1003070.00,0.00,1003070.00,USD,GLBX-001,MARGIN,USD,[],False,{}
2026-03-09 23:35:12.479191789+00:00,1003070.00,0.00,1003070.00,USD,GLBX-001,MARGIN,USD,[],False,{}
2026-03-09 23:36:09.754188529+00:00,1003071.25,0.00,1003071.25,USD,GLBX-001,MARGIN,USD,[],False,{}
2026-03-09 23:36:09.754188529+00:00,1003071.25,0.00,1003071.25,USD,GLBX-001,MARGIN,USD,[],False,{}
2026-03-09 23:36:32.285523536+00:00,1003072.50,0.00,1003072.50,USD,GLBX-001,MARGIN,USD,[],False,{}
2026-03-09 23:36:32.285523536+00:00,1003072.50,0.00,1003072.50,USD,GLBX-001,MARGIN,USD,[],False,{}
2026-03-09 23:38:11.756932588+00:00,1003075.00,0.00,1003075.00,USD,GLBX-001,MARGIN,USD,[],False,{}
2026-03-09 23:38:11.756932588+00:00,1003075.00,0.00,1003075.00,USD,GLBX-001,MARGIN,USD,[],False,{}
2026-03-09 23:39:35.725793447+00:00,1003075.00,0.00,1003075.00,USD,GLBX-001,MARGIN,USD,[],False,{}
2026-03-09 23:39:35.725793447+00:00,1003075.00,0.00,1003075.00,USD,GLBX-001,MARGIN,USD,[],False,{}
2026-03-09 23:43:06.902363856+00:00,1003076.50,0.00,1003076.50,USD,GLBX-001,MARGIN,USD,[],False,{}
2026-03-09 23:43:06.902363856+00:00,1003076.50,0.00,1003076.50,USD,GLBX-001,MARGIN,USD,[],False,{}
2026-03-09 23:43:25.533306763+00:00,1003076.75,0.00,1003076.75,USD,GLBX-001,MARGIN,USD,[],False,{}
2026-03-09 23:43:25.533306763+00:00,1003076.75,0.00,1003076.75,USD,GLBX-001,MARGIN,USD,[],False,{}
2026-03-09 23:45:05.267004378+00:00,1003080.75,0.00,1003080.75,USD,GLBX-001,MARGIN,USD,[],False,{}
2026-03-09 23:45:05.267004378+00:00,1003080.75,0.00,1003080.75,USD,GLBX-001,MARGIN,USD,[],False,{}
2026-03-09 23:47:43.598417799+00:00,1003082.50,0.00,1003082.50,USD,GLBX-001,MARGIN,USD,[],False,{}
2026-03-09 23:47:43.598417799+00:00,1003082.50,0.00,1003082.50,USD,GLBX-001,MARGIN,USD,[],False,{}
2026-03-09 23:51:16.423165879+00:00,1003085.25,0.00,1003085.25,USD,GLBX-001,MARGIN,USD,[],False,{}
2026-03-09 23:51:16.423165879+00:00,1003085.25,0.00,1003085.25,USD,GLBX-001,MARGIN,USD,[],False,{}
2026-03-09 23:51:37.164798256+00:00,1003085.25,0.00,1003085.25,USD,GLBX-001,MARGIN,USD,[],False,{}
2026-03-09 23:51:37.164798256+00:00,1003085.25,0.00,1003085.25,USD,GLBX-001,MARGIN,USD,[],False,{}
2026-03-09 23:52:28.334413103+00:00,1003087.75,0.00,1003087.75,USD,GLBX-001,MARGIN,USD,[],False,{}
2026-03-09 23:52:28.334413103+00:00,1003087.75,0.00,1003087.75,USD,GLBX-001,MARGIN,USD,[],False,{}
2026-03-09 23:54:26.603536491+00:00,1003089.50,0.00,1003089.50,USD,GLBX-001,MARGIN,USD,[],False,{}
2026-03-09 23:54:26.603536491+00:00,1003089.50,0.00,1003089.50,USD,GLBX-001,MARGIN,USD,[],False,{}
2026-03-09 23:56:04.029309243+00:00,1003088.75,0.00,1003088.75,USD,GLBX-001,MARGIN,USD,[],False,{}
2026-03-09 23:56:04.029309243+00:00,1003088.75,0.00,1003088.75,USD,GLBX-001,MARGIN,USD,[],False,{}
2026-03-09 23:57:46.866802925+00:00,1003090.50,0.00,1003090.50,USD,GLBX-001,MARGIN,USD,[],False,{}
2026-03-09 23:57:46.866802925+00:00,1003090.50,0.00,1003090.50,USD,GLBX-001,MARGIN,USD,[],False,{}
2026-03-09 23:59:56.193230160+00:00,1003089.25,0.00,1003089.25,USD,GLBX-001,MARGIN,USD,[],False,{}
