{
  "starting_balance": 1000000.0,
  "final_equity": 1002022.75,
  "total_return_pct": 0.20227499999999998,
  "realized_pnl": 2022.75,
  "max_drawdown_pct": -0.0003243674024733264,
  "sharpe_ratio": 545.2962132897346,
  "trade_count": 4168,
  "winners": 2674,
  "losers": 623,
  "win_rate": 0.6415547024952015,
  "long_count": 2084,
  "short_count": 2084,
  "order_count": 8336,
  "fill_count": 8336,
  "total_commissions": 0.0,
  "mean_slippage": 0.0,
  "max_abs_slippage": 0.0
}