trader_id,strategy_id,instrument_id,account_id,opening_order_id,closing_order_id,entry,side,quantity,peak_qty,ts_init,ts_opened,ts_last,ts_closed,duration_ns,avg_px_open,avg_px_close,commissions,realized_return,realized_pnl,is_snapshot
BACKTESTER-001,OracleStrategy-000,MESM6.GLBX,GLBX-001,O-20260310-000000-001-000-1,O-20260310-000026-001-000-2,SELL,FLAT,0,1,1773100800280038499,2026-03-10 00:00:00.280038499+00:00,1773100826397269303,2026-03-10 00:00:26.397269303+00:00,26117230804,6823.0,6822.5,['0.00 USD'],7e-05,0.50 USD,True
BACKTESTER-001,OracleStrategy-000,MESM6.GLBX,GLBX-001,O-20260310-000026-001-000-3,O-20260310-000042-001-000-4,BUY,FLAT,0,1,1773100826397269303,2026-03-10 00:00:26.397269303+00:00,1773100842996799570,2026-03-10 00:00:42.996799570+00:00,16599530267,6822.5,6822.0,['0.00 USD'],-7e-05,-0.50 USD,True
BACKTESTER-001,OracleStrategy-000,MESM6.GLBX,GLBX-001,O-20260310-000100-001-000-6,O-20260310-000146-001-000-7,SELL,FLAT,0,1,1773100860020185488,2026-03-10 00:01:00.020185488+00:00,1773100906770745542,2026-03-10 00:01:46.770745542+00:00,46750560054,6822.0,6818.75,['0.00 USD'],0.00048,3.25 USD,True
BACKTESTER-001,OracleStrategy-000,MESM6.GLBX,GLBX-001,O-20260310-000146-001-000-8,O-20260310-000347-001-000-9,BUY,FLAT,0,1,1773100906770745542,2026-03-10 00:01:46.770745542+00:00,1773101027932756928,2026-03-10 00:03:47.932756928+00:00,121162011386,6818.75,6824.0,['0.00 USD'],0.00077,5.25 USD,True
BACKTESTER-001,OracleStrategy-000,MESM6.GLBX,GLBX-001,O-20260310-000347-001-000-10,O-20260310-000602-001-000-11,SELL,FLAT,0,1,1773101027932756928,2026-03-10 00:03:47.932756928+00:00,1773101162826901744,2026-03-10 00:06:02.826901744+00:00,134894144816,6824.0,6823.25,['0.00 USD'],0.00011,0.75 USD,True
BACKTESTER-001,OracleStrategy-000,MESM6.GLBX,GLBX-001,O-20260310-000713-001-000-15,O-20260310-000749-001-000-16,BUY,FLAT,0,1,1773101233617152047,2026-03-10 00:07:13.617152047+00:00,1773101269178136562,2026-03-10 00:07:49.178136562+00:00,35560984515,6820.25,6819.25,['0.00 USD'],-0.00015,-1.00 USD,True
BACKTESTER-001,OracleStrategy-000,MESM6.GLBX,GLBX-001,O-20260310-001046-001-000-19,O-20260310-001050-001-000-20,BUY,FLAT,0,1,1773101446580108414,2026-03-10 00:10:46.580108414+00:00,1773101450222425826,2026-03-10 00:10:50.222425826+00:00,3642317412,6816.0,6815.5,['0.00 USD'],-7e-05,-0.50 USD,True
BACKTESTER-001,OracleStrategy-000,MESM6.GLBX,GLBX-001,O-20260310-001052-001-000-22,O-20260310-001223-001-000-23,BUY,FLAT,0,1,1773101452085619058,2026-03-10 00:10:52.085619058+00:00,1773101543194976157,2026-03-10 00:12:23.194976157+00:00,91109357099,6815.0,6815.5,['0.00 USD'],7e-05,0.50 USD,True
BACKTESTER-001,OracleStrategy-000,MESM6.GLBX,GLBX-001,O-20260310-001420-001-000-29,O-20260310-001449-001-000-30,BUY,FLAT,0,1,1773101660525197607,2026-03-10 00:14:20.525197607+00:00,1773101689544172760,2026-03-10 00:14:49.544172760+00:00,29018975153,6814.25,6814.75,['0.00 USD'],7e-05,0.50 USD,True
BACKTESTER-001,OracleStrategy-000,MESM6.GLBX,GLBX-001,O-20260310-001449-001-000-31,O-20260310-001500-001-000-32,SELL,FLAT,0,1,1773101689544172760,2026-03-10 00:14:49.544172760+00:00,1773101700718817895,2026-03-10 00:15:00.718817895+00:00,11174645135,6814.75,6813.75,['0.00 USD'],0.00015,1.00 USD,True
BACKTESTER-001,OracleStrategy-000,MESM6.GLBX,GLBX-001,O-20260310-001602-001-000-34,O-20260310-001652-001-000-35,SELL,FLAT,0,1,1773101762711917119,2026-03-10 00:16:02.711917119+00:00,1773101812072971333,2026-03-10 00:16:52.072971333+00:00,49361054214,6817.75,6820.5,['0.00 USD'],-0.0004,-2.75 USD,True
BACKTESTER-001,OracleStrategy-000,MESM6.GLBX,GLBX-001,O-20260310-001923-001-000-41,O-20260310-002133-001-000-42,SELL,FLAT,0,1,1773101963551374155,2026-03-10 00:19:23.551374155+00:00,1773102093351243554,2026-03-10 00:21:33.351243554+00:00,129799869399,6823.0,6821.0,['0.00 USD'],0.00029,2.00 USD,True
BACKTESTER-001,OracleStrategy-000,MESM6.GLBX,GLBX-001,O-20260310-002133-001-000-43,O-20260310-002219-001-000-44,BUY,FLAT,0,1,1773102093351243554,2026-03-10 00:21:33.351243554+00:00,1773102139975106597,2026-03-10 00:22:19.975106597+00:00,46623863043,6821.0,6823.5,['0.00 USD'],0.00037,2.50 USD,True
BACKTESTER-001,OracleStrategy-000,MESM6.GLBX,GLBX-001,O-20260310-002219-001-000-45,O-20260310-002402-001-000-46,SELL,FLAT,0,1,1773102139975106597,2026-03-10 00:22:19.975106597+00:00,1773102242639551739,2026-03-10 00:24:02.639551739+00:00,102664445142,6823.5,6825.5,['0.00 USD'],-0.00029,-2.00 USD,True
BACKTESTER-001,OracleStrategy-000,MESM6.GLBX,GLBX-001,O-20260310-002447-001-000-52,O-20260310-002509-001-000-53,SELL,FLAT,0,1,1773102287996456200,2026-03-10 00:24:47.996456200+00:00,1773102309727486200,2026-03-10 00:25:09.727486200+00:00,21731030000,6828.0,6829.25,['0.00 USD'],-0.00018,-1.25 USD,True
BACKTESTER-001,OracleStrategy-000,MESM6.GLBX,GLBX-001,O-20260310-002509-001-000-54,O-20260310-002527-001-000-55,BUY,FLAT,0,1,1773102309727486200,2026-03-10 00:25:09.727486200+00:00,1773102327024212559,2026-03-10 00:25:27.024212559+00:00,17296726359,6829.25,6828.5,['0.00 USD'],-0.00011,-0.75 USD,True
BACKTESTER-001,OracleStrategy-000,MESM6.GLBX,GLBX-001,O-20260310-002611-001-000-57,O-20260310-002723-001-000-58,BUY,FLAT,0,1,1773102371260435229,2026-03-10 00:26:11.260435229+00:00,1773102443551689835,2026-03-10 00:27:23.551689835+00:00,72291254606,6827.5,6829.25,['0.00 USD'],0.00026,1.75 USD,True
BACKTESTER-001,OracleStrategy-000,MESM6.GLBX,GLBX-001,O-20260310-002723-001-000-59,O-20260310-002745-001-000-60,SELL,FLAT,0,1,1773102443551689835,2026-03-10 00:27:23.551689835+00:00,1773102465445457170,2026-03-10 00:27:45.445457170+00:00,21893767335,6829.25,6829.5,['0.00 USD'],-4e-05,-0.25 USD,True
BACKTESTER-001,OracleStrategy-000,MESM6.GLBX,GLBX-001,O-20260310-002830-001-000-62,O-20260310-002931-001-000-63,BUY,FLAT,0,1,1773102510739557474,2026-03-10 00:28:30.739557474+00:00,1773102571654019538,2026-03-10 00:29:31.654019538+00:00,60914462064,6828.25,6830.0,['0.00 USD'],0.00026,1.75 USD,True
BACKTESTER-001,OracleStrategy-000,MESM6.GLBX,GLBX-001,O-20260310-002931-001-000-64,O-20260310-002948-001-000-65,SELL,FLAT,0,1,1773102571654019538,2026-03-10 00:29:31.654019538+00:00,1773102588796305536,2026-03-10 00:29:48.796305536+00:00,17142285998,6830.0,6832.0,['0.00 USD'],-0.00029,-2.00 USD,True
BACKTESTER-001,OracleStrategy-000,MESM6.GLBX,GLBX-001,O-20260310-003002-001-000-67,O-20260310-003023-001-000-68,SELL,FLAT,0,1,1773102602104454560,2026-03-10 00:30:02.104454560+00:00,1773102623684695104,2026-03-10 00:30:23.684695104+00:00,21580240544,6832.0,6831.75,['0.00 USD'],4e-05,0.25 USD,True
BACKTESTER-001,OracleStrategy-000,MESM6.GLBX,GLBX-001,O-20260310-003023-001-000-69,O-20260310-003026-001-000-70,BUY,FLAT,0,1,1773102623684695104,2026-03-10 00:30:23.684695104+00:00,1773102626035704773,2026-03-10 00:30:26.035704773+00:00,2351009669,6831.75,6830.25,['0.00 USD'],-0.00022,-1.50 USD,True
BACKTESTER-001,OracleStrategy-000,MESM6.GLBX,GLBX-001,O-20260310-003113-001-000-72,O-20260310-003220-001-000-73,SELL,FLAT,0,1,1773102673679934354,2026-03-10 00:31:13.679934354+00:00,1773102740787431763,2026-03-10 00:32:20.787431763+00:00,67107497409,6832.0,6828.5,['0.00 USD'],0.00051,3.50 USD,True
BACKTESTER-001,OracleStrategy-000,MESM6.GLBX,GLBX-001,O-20260310-003220-001-000-74,O-20260310-003225-001-000-75,BUY,FLAT,0,1,1773102740787431763,2026-03-10 00:32:20.787431763+00:00,1773102745896882039,2026-03-10 00:32:25.896882039+00:00,5109450276,6828.5,6828.0,['0.00 USD'],-7e-05,-0.50 USD,True
BACKTESTER-001,OracleStrategy-000,MESM6.GLBX,GLBX-001,O-20260310-003237-001-000-77,O-20260310-003603-001-000-78,BUY,FLAT,0,1,1773102757461730967,2026-03-10 00:32:37.461730967+00:00,1773102963655994330,2026-03-10 00:36:03.655994330+00:00,206194263363,6826.75,6828.5,['0.00 USD'],0.00026,1.75 USD,True
BACKTESTER-001,OracleStrategy-000,MESM6.GLBX,GLBX-001,O-20260310-003603-001-000-79,O-20260310-003607-001-000-80,SELL,FLAT,0,1,1773102963655994330,2026-03-10 00:36:03.655994330+00:00,1773102967708668535,2026-03-10 00:36:07.708668535+00:00,4052674205,6828.5,6831.0,['0.00 USD'],-0.00037,-2.50 USD,True
BACKTESTER-001,OracleStrategy-000,MESM6.GLBX,GLBX-001,O-20260310-003735-001-000-89,O-20260310-003806-001-000-90,SELL,FLAT,0,1,1773103055158052355,2026-03-10 00:37:35.158052355+00:00,1773103086742957605,2026-03-10 00:38:06.742957605+00:00,31584905250,6835.0,6834.25,['0.00 USD'],0.00011,0.75 USD,True
BACKTESTER-001,OracleStrategy-000,MESM6.GLBX,GLBX-001,O-20260310-003839-001-000-93,O-20260310-003859-001-000-94,BUY,FLAT,0,1,1773103119640784091,2026-03-10 00:38:39.640784091+00:00,1773103139238274419,2026-03-10 00:38:59.238274419+00:00,19597490328,6835.0,6836.5,['0.00 USD'],0.00022,1.50 USD,True
BACKTESTER-001,OracleStrategy-000,MESM6.GLBX,GLBX-001,O-20260310-003859-001-000-95,O-20260310-003925-001-000-96,SELL,FLAT,0,1,1773103139238274419,2026-03-10 00:38:59.238274419+00:00,1773103165688211890,2026-03-10 00:39:25.688211890+00:00,26449937471,6836.5,6837.5,['0.00 USD'],-0.00015,-1.00 USD,True
BACKTESTER-001,OracleStrategy-000,MESM6.GLBX,GLBX-001,O-20260310-003938-001-000-99,O-20260310-003951-001-000-100,SELL,FLAT,0,1,1773103178573871456,2026-03-10 00:39:38.573871456+00:00,1773103191403987851,2026-03-10 00:39:51.403987851+00:00,12830116395,6837.5,6837.5,['0.00 USD'],0.0,0.00 USD,True
BACKTESTER-001,OracleStrategy-000,MESM6.GLBX,GLBX-001,O-20260310-003951-001-000-101,O-20260310-004001-001-000-102,BUY,FLAT,0,1,1773103191403987851,2026-03-10 00:39:51.403987851+00:00,1773103201822259451,2026-03-10 00:40:01.822259451+00:00,10418271600,6837.5,6837.0,['0.00 USD'],-7e-05,-0.50 USD,True
BACKTESTER-001,OracleStrategy-000,MESM6.GLBX,GLBX-001,O-20260310-004045-001-000-105,O-20260310-004124-001-000-106,BUY,FLAT,0,1,1773103245479196107,2026-03-10 00:40:45.479196107+00:00,1773103284119755397,2026-03-10 00:41:24.119755397+00:00,38640559290,6836.5,6836.0,['0.00 USD'],-7e-05,-0.50 USD,True
BACKTESTER-001,OracleStrategy-000,MESM6.GLBX,GLBX-001,O-20260310-004133-001-000-108,O-20260310-004153-001-000-109,SELL,FLAT,0,1,1773103293776415341,2026-03-10 00:41:33.776415341+00:00,1773103313365018775,2026-03-10 00:41:53.365018775+00:00,19588603434,6837.25,6837.75,['0.00 USD'],-7e-05,-0.50 USD,True
BACKTESTER-001,OracleStrategy-000,MESM6.GLBX,GLBX-001,O-20260310-004529-001-000-118,O-20260310-004533-001-000-119,SELL,FLAT,0,1,1773103529820041927,2026-03-10 00:45:29.820041927+00:00,1773103533779945207,2026-03-10 00:45:33.779945207+00:00,3959903280,6841.25,6841.5,['0.00 USD'],-4e-05,-0.25 USD,True
BACKTESTER-001,OracleStrategy-000,MESM6.GLBX,GLBX-001,O-20260310-004533-001-000-120,O-20260310-004634-001-000-121,BUY,FLAT,0,1,1773103533779945207,2026-03-10 00:45:33.779945207+00:00,1773103594122284360,2026-03-10 00:46:34.122284360+00:00,60342339153,6841.5,6841.25,['0.00 USD'],-4e-05,-0.25 USD,True
BACKTESTER-001,OracleStrategy-000,MESM6.GLBX,GLBX-001,O-20260310-004634-001-000-122,O-20260310-004823-001-000-123,SELL,FLAT,0,1,1773103594122284360,2026-03-10 00:46:34.122284360+00:00,1773103703995225631,2026-03-10 00:48:23.995225631+00:00,109872941271,6841.25,6836.5,['0.00 USD'],0.00069,4.75 USD,True
BACKTESTER-001,OracleStrategy-000,MESM6.GLBX,GLBX-001,O-20260310-004823-001-000-124,O-20260310-004847-001-000-125,BUY,FLAT,0,1,1773103703995225631,2026-03-10 00:48:23.995225631+00:00,1773103727473084701,2026-03-10 00:48:47.473084701+00:00,23477859070,6836.5,6837.25,['0.00 USD'],0.00011,0.75 USD,True
BACKTESTER-001,OracleStrategy-000,MESM6.GLBX,GLBX-001,O-20260310-004933-001-000-128,O-20260310-004949-001-000-129,SELL,FLAT,0,1,1773103773278351466,2026-03-10 00:49:33.278351466+00:00,1773103789644466771,2026-03-10 00:49:49.644466771+00:00,16366115305,6837.0,6838.25,['0.00 USD'],-0.00018,-1.25 USD,True
BACKTESTER-001,OracleStrategy-000,MESM6.GLBX,GLBX-001,O-20260310-004955-001-000-131,O-20260310-005008-001-000-132,BUY,FLAT,0,1,1773103795805367197,2026-03-10 00:49:55.805367197+00:00,1773103808129053792,2026-03-10 00:50:08.129053792+00:00,12323686595,6837.25,6838.75,['0.00 USD'],0.00022,1.50 USD,True
BACKTESTER-001,OracleStrategy-000,MESM6.GLBX,GLBX-001,O-20260310-005008-001-000-133,O-20260310-005059-001-000-134,SELL,FLAT,0,1,1773103808129053792,2026-03-10 00:50:08.129053792+00:00,1773103859003088139,2026-03-10 00:50:59.003088139+00:00,50874034347,6838.75,6837.25,['0.00 USD'],0.00022,1.50 USD,True
BACKTESTER-001,OracleStrategy-000,MESM6.GLBX,GLBX-001,O-20260310-005059-001-000-135,O-20260310-005140-001-000-136,BUY,FLAT,0,1,1773103859003088139,2026-03-10 00:50:59.003088139+00:00,1773103900753073962,2026-03-10 00:51:40.753073962+00:00,41749985823,6837.25,6838.0,['0.00 USD'],0.00011,0.75 USD,True
BACKTESTER-001,OracleStrategy-000,MESM6.GLBX,GLBX-001,O-20260310-005140-001-000-137,O-20260310-005200-001-000-138,SELL,FLAT,0,1,1773103900753073962,2026-03-10 00:51:40.753073962+00:00,1773103920269743434,2026-03-10 00:52:00.269743434+00:00,19516669472,6838.0,6838.0,['0.00 USD'],0.0,0.00 USD,True
BACKTESTER-001,OracleStrategy-000,MESM6.GLBX,GLBX-001,O-20260310-005257-001-000-141,O-20260310-005417-001-000-142,BUY,FLAT,0,1,1773103977922315840,2026-03-10 00:52:57.922315840+00:00,1773104057731203279,2026-03-10 00:54:17.731203279+00:00,79808887439,6836.75,6835.5,['0.00 USD'],-0.00018,-1.25 USD,True
BACKTESTER-001,OracleStrategy-000,MESM6.GLBX,GLBX-001,O-20260310-005601-001-000-145,O-20260310-005727-001-000-146,BUY,FLAT,0,1,1773104161059169039,2026-03-10 00:56:01.059169039+00:00,1773104247597916387,2026-03-10 00:57:27.597916387+00:00,86538747348,6835.0,6833.5,['0.00 USD'],-0.00022,-1.50 USD,True
BACKTESTER-001,OracleStrategy-000,MESM6.GLBX,GLBX-001,O-20260310-010024-001-000-149,O-20260310-010248-001-000-150,BUY,FLAT,0,1,1773104424865571059,2026-03-10 01:00:24.865571059+00:00,1773104568120381026,2026-03-10 01:02:48.120381026+00:00,143254809967,6832.75,6836.0,['0.00 USD'],0.00048,3.25 USD,True
BACKTESTER-001,OracleStrategy-000,MESM6.GLBX,GLBX-001,O-20260310-010248-001-000-151,O-20260310-010406-001-000-152,SELL,FLAT,0,1,1773104568120381026,2026-03-10 01:02:48.120381026+00:00,1773104646637036930,2026-03-10 01:04:06.637036930+00:00,78516655904,6836.0,6831.75,['0.00 USD'],0.00062,4.25 USD,True
BACKTESTER-001,OracleStrategy-000,MESM6.GLBX,GLBX-001,O-20260310-010406-001-000-153,O-20260310-010439-001-000-154,BUY,FLAT,0,1,1773104646637036930,2026-03-10 01:04:06.637036930+00:00,1773104679869567861,2026-03-10 01:04:39.869567861+00:00,33232530931,6831.75,6833.5,['0.00 USD'],0.00026,1.75 USD,True
BACKTESTER-001,OracleStrategy-000,MESM6.GLBX,GLBX-001,O-20260310-010514-001-000-157,O-20260310-010854-001-000-158,BUY,FLAT,0,1,1773104714469201781,2026-03-10 01:05:14.469201781+00:00,1773104934099805855,2026-03-10 01:08:54.099805855+00:00,219630604074,6832.25,6836.75,['0.00 USD'],0.00066,4.50 USD,True
BACKTESTER-001,OracleStrategy-000,MESM6.GLBX,GLBX-001,O-20260310-010854-001-000-159,O-20260310-010911-001-000-160,SELL,FLAT,0,1,1773104934099805855,2026-03-10 01:08:54.099805855+00:00,1773104951599105222,2026-03-10 01:09:11.599105222+00:00,17499299367,6836.75,6838.5,['0.00 USD'],-0.00026,-1.75 USD,True
BACKTESTER-001,OracleStrategy-000,MESM6.GLBX,GLBX-001,O-20260310-011030-001-000-163,O-20260310-011043-001-000-164,SELL,FLAT,0,1,1773105030800240466,2026-03-10 01:10:30.800240466+00:00,1773105043625384067,2026-03-10 01:10:43.625384067+00:00,12825143601,6839.0,6839.0,['0.00 USD'],0.0,0.00 USD,True
BACKTESTER-001,OracleStrategy-000,MESM6.GLBX,GLBX-001,O-20260310-011117-001-000-166,O-20260310-011132-001-000-167,BUY,FLAT,0,1,1773105077774375202,2026-03-10 01:11:17.774375202+00:00,1773105092188423467,2026-03-10 01:11:32.188423467+00:00,14414048265,6840.0,6840.5,['0.00 USD'],7e-05,0.50 USD,True
BACKTESTER-001,OracleStrategy-000,MESM6.GLBX,GLBX-001,O-20260310-011132-001-000-168,O-20260310-011137-001-000-169,SELL,FLAT,0,1,1773105092188423467,2026-03-10 01:11:32.188423467+00:00,1773105097943976351,2026-03-10 01:11:37.943976351+00:00,5755552884,6840.5,6841.75,['0.00 USD'],-0.00018,-1.25 USD,True
BACKTESTER-001,OracleStrategy-000,MESM6.GLBX,GLBX-001,O-20260310-011319-001-000-172,O-20260310-011340-001-000-173,SELL,FLAT,0,1,1773105199615071989,2026-03-10 01:13:19.615071989+00:00,1773105220695650157,2026-03-10 01:13:40.695650157+00:00,21080578168,6840.0,6839.25,['0.00 USD'],0.00011,0.75 USD,True
BACKTESTER-001,OracleStrategy-000,MESM6.GLBX,GLBX-001,O-20260310-011340-001-000-174,O-20260310-011521-001-000-175,BUY,FLAT,0,1,1773105220695650157,2026-03-10 01:13:40.695650157+00:00,1773105321311017936,2026-03-10 01:15:21.311017936+00:00,100615367779,6839.25,6842.0,['0.00 USD'],0.0004,2.75 USD,True
BACKTESTER-001,OracleStrategy-000,MESM6.GLBX,GLBX-001,O-20260310-011521-001-000-176,O-20260310-011654-001-000-177,SELL,FLAT,0,1,1773105321311017936,2026-03-10 01:15:21.311017936+00:00,1773105414637744019,2026-03-10 01:16:54.637744019+00:00,93326726083,6842.0,6840.0,['0.00 USD'],0.00029,2.00 USD,True
BACKTESTER-001,OracleStrategy-000,MESM6.GLBX,GLBX-001,O-20260310-011716-001-000-180,O-20260310-011718-001-000-181,BUY,FLAT,0,1,1773105436977080554,2026-03-10 01:17:16.977080554+00:00,1773105438494792331,2026-03-10 01:17:18.494792331+00:00,1517711777,6839.5,6838.5,['0.00 USD'],-0.00015,-1.00 USD,True
BACKTESTER-001,OracleStrategy-000,MESM6.GLBX,GLBX-001,O-20260310-011732-001-000-183,O-20260310-011801-001-000-184,BUY,FLAT,0,1,1773105452666591083,2026-03-10 01:17:32.666591083+00:00,1773105481842655399,2026-03-10 01:18:01.842655399+00:00,29176064316,6837.25,6836.5,['0.00 USD'],-0.00011,-0.75 USD,True
BACKTESTER-001,OracleStrategy-000,MESM6.GLBX,GLBX-001,O-20260310-012728-001-000-193,O-20260310-012913-001-000-194,BUY,FLAT,0,1,1773106048992980420,2026-03-10 01:27:28.992980420+00:00,1773106153663734477,2026-03-10 01:29:13.663734477+00:00,104670754057,6836.25,6838.25,['0.00 USD'],0.00029,2.00 USD,True
BACKTESTER-001,OracleStrategy-000,MESM6.GLBX,GLBX-001,O-20260310-012913-001-000-195,O-20260310-013005-001-000-196,SELL,FLAT,0,1,1773106153663734477,2026-03-10 01:29:13.663734477+00:00,1773106205419536563,2026-03-10 01:30:05.419536563+00:00,51755802086,6838.25,6834.75,['0.00 USD'],0.00051,3.50 USD,True
BACKTESTER-001,OracleStrategy-000,MESM6.GLBX,GLBX-001,O-20260310-013005-001-000-197,O-20260310-013152-001-000-198,BUY,FLAT,0,1,1773106205419536563,2026-03-10 01:30:05.419536563+00:00,1773106312355762653,2026-03-10 01:31:52.355762653+00:00,106936226090,6834.75,6836.25,['0.00 USD'],0.00022,1.50 USD,True
BACKTESTER-001,OracleStrategy-000,MESM6.GLBX,GLBX-001,O-20260310-013330-001-000-203,O-20260310-013348-001-000-204,BUY,FLAT,0,1,1773106410254565405,2026-03-10 01:33:30.254565405+00:00,1773106428548920951,2026-03-10 01:33:48.548920951+00:00,18294355546,6837.0,6836.0,['0.00 USD'],-0.00015,-1.00 USD,True
BACKTESTER-001,OracleStrategy-000,MESM6.GLBX,GLBX-001,O-20260310-013348-001-000-205,O-20260310-013642-001-000-206,SELL,FLAT,0,1,1773106428548920951,2026-03-10 01:33:48.548920951+00:00,1773106602583463581,2026-03-10 01:36:42.583463581+00:00,174034542630,6836.0,6837.25,['0.00 USD'],-0.00018,-1.25 USD,True
BACKTESTER-001,OracleStrategy-000,MESM6.GLBX,GLBX-001,O-20260310-013642-001-000-207,O-20260310-013701-001-000-208,BUY,FLAT,0,1,1773106602583463581,2026-03-10 01:36:42.583463581+00:00,1773106621076757269,2026-03-10 01:37:01.076757269+00:00,18493293688,6837.25,6836.5,['0.00 USD'],-0.00011,-0.75 USD,True
BACKTESTER-001,OracleStrategy-000,MESM6.GLBX,GLBX-001,O-20260310-013750-001-000-210,O-20260310-013755-001-000-211,BUY,FLAT,0,1,1773106670048770032,2026-03-10 01:37:50.048770032+00:00,1773106675179682099,2026-03-10 01:37:55.179682099+00:00,5130912067,6833.0,6833.0,['0.00 USD'],0.0,0.00 USD,True
BACKTESTER-001,OracleStrategy-000,MESM6.GLBX,GLBX-001,O-20260310-014951-001-000-217,O-20260310-015218-001-000-218,SELL,FLAT,0,1,1773107391636689656,2026-03-10 01:49:51.636689656+00:00,1773107538240171194,2026-03-10 01:52:18.240171194+00:00,146603481538,6839.5,6842.25,['0.00 USD'],-0.0004,-2.75 USD,True
BACKTESTER-001,OracleStrategy-000,MESM6.GLBX,GLBX-001,O-20260310-015226-001-000-221,O-20260310-015248-001-000-222,SELL,FLAT,0,1,1773107546596605626,2026-03-10 01:52:26.596605626+00:00,1773107568677362221,2026-03-10 01:52:48.677362221+00:00,22080756595,6842.75,6844.0,['0.00 USD'],-0.00018,-1.25 USD,True
BACKTESTER-001,OracleStrategy-000,MESM6.GLBX,GLBX-001,O-20260310-015442-001-000-225,O-20260310-015648-001-000-226,BUY,FLAT,0,1,1773107682015116077,2026-03-10 01:54:42.015116077+00:00,1773107808865379882,2026-03-10 01:56:48.865379882+00:00,126850263805,6842.5,6843.5,['0.00 USD'],0.00015,1.00 USD,True
BACKTESTER-001,OracleStrategy-000,MESM6.GLBX,GLBX-001,O-20260310-015648-001-000-227,O-20260310-015756-001-000-228,SELL,FLAT,0,1,1773107808865379882,2026-03-10 01:56:48.865379882+00:00,1773107876969378763,2026-03-10 01:57:56.969378763+00:00,68103998881,6843.5,6845.0,['0.00 USD'],-0.00022,-1.50 USD,True
BACKTESTER-001,OracleStrategy-000,MESM6.GLBX,GLBX-001,O-20260310-015857-001-000-232,O-20260310-020213-001-000-233,BUY,FLAT,0,1,1773107937722888688,2026-03-10 01:58:57.722888688+00:00,1773108133943095448,2026-03-10 02:02:13.943095448+00:00,196220206760,6844.25,6845.25,['0.00 USD'],0.00015,1.00 USD,True
BACKTESTER-001,OracleStrategy-000,MESM6.GLBX,GLBX-001,O-20260310-020342-001-000-236,O-20260310-020358-001-000-237,BUY,FLAT,0,1,1773108222180874783,2026-03-10 02:03:42.180874783+00:00,1773108238793146128,2026-03-10 02:03:58.793146128+00:00,16612271345,6842.25,6843.25,['0.00 USD'],0.00015,1.00 USD,True
BACKTESTER-001,OracleStrategy-000,MESM6.GLBX,GLBX-001,O-20260310-020445-001-000-240,O-20260310-020542-001-000-241,BUY,FLAT,0,1,1773108285073443512,2026-03-10 02:04:45.073443512+00:00,1773108342436587501,2026-03-10 02:05:42.436587501+00:00,57363143989,6841.25,6841.0,['0.00 USD'],-4e-05,-0.25 USD,True
BACKTESTER-001,OracleStrategy-000,MESM6.GLBX,GLBX-001,O-20260310-020805-001-000-243,O-20260310-020827-001-000-244,SELL,FLAT,0,1,1773108485858978067,2026-03-10 02:08:05.858978067+00:00,1773108507566056099,2026-03-10 02:08:27.566056099+00:00,21707078032,6841.25,6839.5,['0.00 USD'],0.00026,1.75 USD,True
BACKTESTER-001,OracleStrategy-000,MESM6.GLBX,GLBX-001,O-20260310-020827-001-000-245,O-20260310-021036-001-000-246,BUY,FLAT,0,1,1773108507566056099,2026-03-10 02:08:27.566056099+00:00,1773108636489493670,2026-03-10 02:10:36.489493670+00:00,128923437571,6839.5,6842.25,['0.00 USD'],0.0004,2.75 USD,True
BACKTESTER-001,OracleStrategy-000,MESM6.GLBX,GLBX-001,O-20260310-021036-001-000-247,O-20260310-021112-001-000-248,SELL,FLAT,0,1,1773108636489493670,2026-03-10 02:10:36.489493670+00:00,1773108672941172671,2026-03-10 02:11:12.941172671+00:00,36451679001,6842.25,6841.0,['0.00 USD'],0.00018,1.25 USD,True
BACKTESTER-001,OracleStrategy-000,MESM6.GLBX,GLBX-001,O-20260310-021243-001-000-252,O-20260310-022548-001-000-253,SELL,FLAT,0,1,1773108763867484677,2026-03-10 02:12:43.867484677+00:00,1773109548935480706,2026-03-10 02:25:48.935480706+00:00,785067996029,6840.0,6841.0,['0.00 USD'],-0.00015,-1.00 USD,True
BACKTESTER-001,OracleStrategy-000,MESM6.GLBX,GLBX-001,O-20260310-023313-001-000-265,O-20260310-023708-001-000-266,BUY,FLAT,0,1,1773109993720247858,2026-03-10 02:33:13.720247858+00:00,1773110228840002828,2026-03-10 02:37:08.840002828+00:00,235119754970,6835.5,6836.25,['0.00 USD'],0.00011,0.75 USD,True
BACKTESTER-001,OracleStrategy-000,MESM6.GLBX,GLBX-001,O-20260310-023748-001-000-268,O-20260310-024111-001-000-269,SELL,FLAT,0,1,1773110268644729656,2026-03-10 02:37:48.644729656+00:00,1773110471935258373,2026-03-10 02:41:11.935258373+00:00,203290528717,6835.75,6838.5,['0.00 USD'],-0.0004,-2.75 USD,True
BACKTESTER-001,OracleStrategy-000,MESM6.GLBX,GLBX-001,O-20260310-024236-001-000-272,O-20260310-024259-001-000-273,BUY,FLAT,0,1,1773110556978673695,2026-03-10 02:42:36.978673695+00:00,1773110579628385551,2026-03-10 02:42:59.628385551+00:00,22649711856,6836.75,6834.0,['0.00 USD'],-0.0004,-2.75 USD,True
BACKTESTER-001,OracleStrategy-000,MESM6.GLBX,GLBX-001,O-20260310-024417-001-000-275,O-20260310-024438-001-000-276,BUY,FLAT,0,1,1773110657670261283,2026-03-10 02:44:17.670261283+00:00,1773110678007553240,2026-03-10 02:44:38.007553240+00:00,20337291957,6835.0,6835.5,['0.00 USD'],7e-05,0.50 USD,True
BACKTESTER-001,OracleStrategy-000,MESM6.GLBX,GLBX-001,O-20260310-024501-001-000-278,O-20260310-024525-001-000-279,BUY,FLAT,0,1,1773110701681698375,2026-03-10 02:45:01.681698375+00:00,1773110725451247213,2026-03-10 02:45:25.451247213+00:00,23769548838,6835.0,6835.25,['0.00 USD'],4e-05,0.25 USD,True
BACKTESTER-001,OracleStrategy-000,MESM6.GLBX,GLBX-001,O-20260310-024525-001-000-280,O-20260310-024625-001-000-281,SELL,FLAT,0,1,1773110725451247213,2026-03-10 02:45:25.451247213+00:00,1773110785348473271,2026-03-10 02:46:25.348473271+00:00,59897226058,6835.25,6833.25,['0.00 USD'],0.00029,2.00 USD,True
BACKTESTER-001,OracleStrategy-000,MESM6.GLBX,GLBX-001,O-20260310-024625-001-000-282,O-20260310-024702-001-000-283,BUY,FLAT,0,1,1773110785348473271,2026-03-10 02:46:25.348473271+00:00,1773110822494954295,2026-03-10 02:47:02.494954295+00:00,37146481024,6833.25,6830.75,['0.00 USD'],-0.00037,-2.50 USD,True
BACKTESTER-001,OracleStrategy-000,MESM6.GLBX,GLBX-001,O-20260310-025001-001-000-285,O-20260310-025036-001-000-286,BUY,FLAT,0,1,1773111001353445175,2026-03-10 02:50:01.353445175+00:00,1773111036164727272,2026-03-10 02:50:36.164727272+00:00,34811282097,6830.0,6828.75,['0.00 USD'],-0.00018,-1.25 USD,True
BACKTESTER-001,OracleStrategy-000,MESM6.GLBX,GLBX-001,O-20260310-025057-001-000-289,O-20260310-025301-001-000-290,BUY,FLAT,0,1,1773111057987023874,2026-03-10 02:50:57.987023874+00:00,1773111181136656707,2026-03-10 02:53:01.136656707+00:00,123149632833,6829.0,6827.75,['0.00 USD'],-0.00018,-1.25 USD,True
BACKTESTER-001,OracleStrategy-000,MESM6.GLBX,GLBX-001,O-20260310-025329-001-000-293,O-20260310-025511-001-000-294,BUY,FLAT,0,1,1773111209729814847,2026-03-10 02:53:29.729814847+00:00,1773111311096176067,2026-03-10 02:55:11.096176067+00:00,101366361220,6829.0,6828.25,['0.00 USD'],-0.00011,-0.75 USD,True
BACKTESTER-001,OracleStrategy-000,MESM6.GLBX,GLBX-001,O-20260310-025511-001-000-295,O-20260310-025532-001-000-296,SELL,FLAT,0,1,1773111311096176067,2026-03-10 02:55:11.096176067+00:00,1773111332995211285,2026-03-10 02:55:32.995211285+00:00,21899035218,6828.25,6828.75,['0.00 USD'],-7e-05,-0.50 USD,True
BACKTESTER-001,OracleStrategy-000,MESM6.GLBX,GLBX-001,O-20260310-025644-001-000-299,O-20260310-025703-001-000-300,BUY,FLAT,0,1,1773111404756634565,2026-03-10 02:56:44.756634565+00:00,1773111423054348527,2026-03-10 02:57:03.054348527+00:00,18297713962,6828.0,6826.0,['0.00 USD'],-0.00029,-2.00 USD,True
BACKTESTER-001,OracleStrategy-000,MESM6.GLBX,GLBX-001,O-20260310-025853-001-000-302,O-20260310-025943-001-000-303,BUY,FLAT,0,1,1773111533439466839,2026-03-10 02:58:53.439466839+00:00,1773111583971879602,2026-03-10 02:59:43.971879602+00:00,50532412763,6827.75,6828.5,['0.00 USD'],0.00011,0.75 USD,True
BACKTESTER-001,OracleStrategy-000,MESM6.GLBX,GLBX-001,O-20260310-025943-001-000-304,O-20260310-030013-001-000-305,SELL,FLAT,0,1,1773111583971879602,2026-03-10 02:59:43.971879602+00:00,1773111613341580893,2026-03-10 03:00:13.341580893+00:00,29369701291,6828.5,6830.0,['0.00 USD'],-0.00022,-1.50 USD,True
BACKTESTER-001,OracleStrategy-000,MESM6.GLBX,GLBX-001,O-20260310-030015-001-000-307,O-20260310-030058-001-000-308,SELL,FLAT,0,1,1773111615514466683,2026-03-10 03:00:15.514466683+00:00,1773111658360879443,2026-03-10 03:00:58.360879443+00:00,42846412760,6830.0,6831.25,['0.00 USD'],-0.00018,-1.25 USD,True
BACKTESTER-001,OracleStrategy-000,MESM6.GLBX,GLBX-001,O-20260310-030115-001-000-310,O-20260310-030157-001-000-311,SELL,FLAT,0,1,1773111675093742270,2026-03-10 03:01:15.093742270+00:00,1773111717766109813,2026-03-10 03:01:57.766109813+00:00,42672367543,6831.5,6832.0,['0.00 USD'],-7e-05,-0.50 USD,True
BACKTESTER-001,OracleStrategy-000,MESM6.GLBX,GLBX-001,O-20260310-030227-001-000-313,O-20260310-030311-001-000-314,SELL,FLAT,0,1,1773111747380896531,2026-03-10 03:02:27.380896531+00:00,1773111791341330583,2026-03-10 03:03:11.341330583+00:00,43960434052,6833.0,6831.0,['0.00 USD'],0.00029,2.00 USD,True
BACKTESTER-001,OracleStrategy-000,MESM6.GLBX,GLBX-001,O-20260310-030311-001-000-315,O-20260310-030408-001-000-316,BUY,FLAT,0,1,1773111791341330583,2026-03-10 03:03:11.341330583+00:00,1773111848366018490,2026-03-10 03:04:08.366018490+00:00,57024687907,6831.0,6829.0,['0.00 USD'],-0.00029,-2.00 USD,True
BACKTESTER-001,OracleStrategy-000,MESM6.GLBX,GLBX-001,O-20260310-030454-001-000-318,O-20260310-030509-001-000-319,BUY,FLAT,0,1,1773111894355241239,2026-03-10 03:04:54.355241239+00:00,1773111909319814107,2026-03-10 03:05:09.319814107+00:00,14964572868,6831.0,6833.0,['0.00 USD'],0.00029,2.00 USD,True
BACKTESTER-001,OracleStrategy-000,MESM6.GLBX,GLBX-001,O-20260310-030509-001-000-320,O-20260310-030559-001-000-321,SELL,FLAT,0,1,1773111909319814107,2026-03-10 03:05:09.319814107+00:00,1773111959798365909,2026-03-10 03:05:59.798365909+00:00,50478551802,6833.0,6833.5,['0.00 USD'],-7e-05,-0.50 USD,True
BACKTESTER-001,OracleStrategy-000,MESM6.GLBX,GLBX-001,O-20260310-030604-001-000-323,O-20260310-030631-001-000-324,SELL,FLAT,0,1,1773111964827928538,2026-03-10 03:06:04.827928538+00:00,1773111991625175861,2026-03-10 03:06:31.625175861+00:00,26797247323,6832.75,6832.25,['0.00 USD'],7e-05,0.50 USD,True
BACKTESTER-001,OracleStrategy-000,MESM6.GLBX,GLBX-001,O-20260310-030631-001-000-325,O-20260310-030656-001-000-326,BUY,FLAT,0,1,1773111991625175861,2026-03-10 03:06:31.625175861+00:00,1773112016775663824,2026-03-10 03:06:56.775663824+00:00,25150487963,6832.25,6831.25,['0.00 USD'],-0.00015,-1.00 USD,True
BACKTESTER-001,OracleStrategy-000,MESM6.GLBX,GLBX-001,O-20260310-031101-001-000-331,O-20260310-031215-001-000-332,SELL,FLAT,0,1,1773112261820267928,2026-03-10 03:11:01.820267928+00:00,1773112335984394581,2026-03-10 03:12:15.984394581+00:00,74164126653,6834.0,6831.5,['0.00 USD'],0.00037,2.50 USD,True
BACKTESTER-001,OracleStrategy-000,MESM6.GLBX,GLBX-001,O-20260310-031229-001-000-335,O-20260310-031259-001-000-336,BUY,FLAT,0,1,1773112349116031288,2026-03-10 03:12:29.116031288+00:00,1773112379131217584,2026-03-10 03:12:59.131217584+00:00,30015186296,6831.75,6831.5,['0.00 USD'],-4e-05,-0.25 USD,True
BACKTESTER-001,OracleStrategy-000,MESM6.GLBX,GLBX-001,O-20260310-031259-001-000-337,O-20260310-031557-001-000-338,SELL,FLAT,0,1,1773112379131217584,2026-03-10 03:12:59.131217584+00:00,1773112557514280607,2026-03-10 03:15:57.514280607+00:00,178383063023,6831.5,6831.0,['0.00 USD'],7e-05,0.50 USD,True
BACKTESTER-001,OracleStrategy-000,MESM6.GLBX,GLBX-001,O-20260310-031617-001-000-340,O-20260310-032105-001-000-341,BUY,FLAT,0,1,1773112577315649058,2026-03-10 03:16:17.315649058+00:00,1773112865952522088,2026-03-10 03:21:05.952522088+00:00,288636873030,6830.5,6836.0,['0.00 USD'],0.00081,5.50 USD,True
BACKTESTER-001,OracleStrategy-000,MESM6.GLBX,GLBX-001,O-20260310-032105-001-000-342,O-20260310-032206-001-000-343,SELL,FLAT,0,1,1773112865952522088,2026-03-10 03:21:05.952522088+00:00,1773112926640772397,2026-03-10 03:22:06.640772397+00:00,60688250309,6836.0,6835.75,['0.00 USD'],4e-05,0.25 USD,True
BACKTESTER-001,OracleStrategy-000,MESM6.GLBX,GLBX-001,O-20260310-032207-001-000-345,O-20260310-032304-001-000-346,SELL,FLAT,0,1,1773112927692006474,2026-03-10 03:22:07.692006474+00:00,1773112984952699215,2026-03-10 03:23:04.952699215+00:00,57260692741,6835.0,6834.0,['0.00 USD'],0.00015,1.00 USD,True
BACKTESTER-001,OracleStrategy-000,MESM6.GLBX,GLBX-001,O-20260310-032304-001-000-347,O-20260310-032622-001-000-348,BUY,FLAT,0,1,1773112984952699215,2026-03-10 03:23:04.952699215+00:00,1773113182550938994,2026-03-10 03:26:22.550938994+00:00,197598239779,6834.0,6830.75,['0.00 USD'],-0.00048,-3.25 USD,True
BACKTESTER-001,OracleStrategy-000,MESM6.GLBX,GLBX-001,O-20260310-032742-001-000-355,O-20260310-032806-001-000-356,BUY,FLAT,0,1,1773113262231133355,2026-03-10 03:27:42.231133355+00:00,1773113286641917621,2026-03-10 03:28:06.641917621+00:00,24410784266,6828.0,6828.5,['0.00 USD'],7e-05,0.50 USD,True
BACKTESTER-001,OracleStrategy-000,MESM6.GLBX,GLBX-001,O-20260310-032843-001-000-359,O-20260310-033024-001-000-360,SELL,FLAT,0,1,1773113323830921504,2026-03-10 03:28:43.830921504+00:00,1773113424319071947,2026-03-10 03:30:24.319071947+00:00,100488150443,6828.0,6827.5,['0.00 USD'],7e-05,0.50 USD,True
BACKTESTER-001,OracleStrategy-000,MESM6.GLBX,GLBX-001,O-20260310-033024-001-000-361,O-20260310-033043-001-000-362,BUY,FLAT,0,1,1773113424319071947,2026-03-10 03:30:24.319071947+00:00,1773113443326406783,2026-03-10 03:30:43.326406783+00:00,19007334836,6827.5,6827.25,['0.00 USD'],-4e-05,-0.25 USD,True
BACKTESTER-001,OracleStrategy-000,MESM6.GLBX,GLBX-001,O-20260310-033312-001-000-365,O-20260310-033459-001-000-366,SELL,FLAT,0,1,1773113592287940378,2026-03-10 03:33:12.287940378+00:00,1773113699288142375,2026-03-10 03:34:59.288142375+00:00,107000201997,6827.5,6827.25,['0.00 USD'],4e-05,0.25 USD,True
BACKTESTER-001,OracleStrategy-000,MESM6.GLBX,GLBX-001,O-20260310-033459-001-000-367,O-20260310-033517-001-000-368,BUY,FLAT,0,1,1773113699288142375,2026-03-10 03:34:59.288142375+00:00,1773113717152601906,2026-03-10 03:35:17.152601906+00:00,17864459531,6827.25,6826.25,['0.00 USD'],-0.00015,-1.00 USD,True
BACKTESTER-001,OracleStrategy-000,MESM6.GLBX,GLBX-001,O-20260310-033700-001-000-370,O-20260310-034056-001-000-371,BUY,FLAT,0,1,1773113820005598365,2026-03-10 03:37:00.005598365+00:00,1773114056659011789,2026-03-10 03:40:56.659011789+00:00,236653413424,6826.0,6824.75,['0.00 USD'],-0.00018,-1.25 USD,True
BACKTESTER-001,OracleStrategy-000,MESM6.GLBX,GLBX-001,O-20260310-034132-001-000-373,O-20260310-034143-001-000-374,BUY,FLAT,0,1,1773114092125709147,2026-03-10 03:41:32.125709147+00:00,1773114103102966573,2026-03-10 03:41:43.102966573+00:00,10977257426,6823.75,6824.5,['0.00 USD'],0.00011,0.75 USD,True
BACKTESTER-001,OracleStrategy-000,MESM6.GLBX,GLBX-001,O-20260310-034143-001-000-375,O-20260310-034238-001-000-376,SELL,FLAT,0,1,1773114103102966573,2026-03-10 03:41:43.102966573+00:00,1773114158513362514,2026-03-10 03:42:38.513362514+00:00,55410395941,6824.5,6822.75,['0.00 USD'],0.00026,1.75 USD,True
BACKTESTER-001,OracleStrategy-000,MESM6.GLBX,GLBX-001,O-20260310-034238-001-000-377,O-20260310-034337-001-000-378,BUY,FLAT,0,1,1773114158513362514,2026-03-10 03:42:38.513362514+00:00,1773114217777752375,2026-03-10 03:43:37.777752375+00:00,59264389861,6822.75,6822.75,['0.00 USD'],0.0,0.00 USD,True
BACKTESTER-001,OracleStrategy-000,MESM6.GLBX,GLBX-001,O-20260310-034349-001-000-380,O-20260310-034354-001-000-381,BUY,FLAT,0,1,1773114229167612179,2026-03-10 03:43:49.167612179+00:00,1773114234606748216,2026-03-10 03:43:54.606748216+00:00,5439136037,6821.75,6820.0,['0.00 USD'],-0.00026,-1.75 USD,True
BACKTESTER-001,OracleStrategy-000,MESM6.GLBX,GLBX-001,O-20260310-034429-001-000-385,O-20260310-034503-001-000-386,SELL,FLAT,0,1,1773114269281547639,2026-03-10 03:44:29.281547639+00:00,1773114303818113933,2026-03-10 03:45:03.818113933+00:00,34536566294,6820.5,6818.0,['0.00 USD'],0.00037,2.50 USD,True
BACKTESTER-001,OracleStrategy-000,MESM6.GLBX,GLBX-001,O-20260310-034509-001-000-388,O-20260310-034532-001-000-389,BUY,FLAT,0,1,1773114309205152894,2026-03-10 03:45:09.205152894+00:00,1773114332708135983,2026-03-10 03:45:32.708135983+00:00,23502983089,6816.5,6816.5,['0.00 USD'],0.0,0.00 USD,True
BACKTESTER-001,OracleStrategy-000,MESM6.GLBX,GLBX-001,O-20260310-034536-001-000-391,O-20260310-034611-001-000-392,BUY,FLAT,0,1,1773114336308562659,2026-03-10 03:45:36.308562659+00:00,1773114371472539747,2026-03-10 03:46:11.472539747+00:00,35163977088,6816.0,6815.5,['0.00 USD'],-7e-05,-0.50 USD,True
BACKTESTER-001,OracleStrategy-000,MESM6.GLBX,GLBX-001,O-20260310-034721-001-000-397,O-20260310-034814-001-000-398,SELL,FLAT,0,1,1773114441999544536,2026-03-10 03:47:21.999544536+00:00,1773114494584788762,2026-03-10 03:48:14.584788762+00:00,52585244226,6815.5,6816.75,['0.00 USD'],-0.00018,-1.25 USD,True
BACKTESTER-001,OracleStrategy-000,MESM6.GLBX,GLBX-001,O-20260310-034814-001-000-399,O-20260310-034937-001-000-400,BUY,FLAT,0,1,1773114494584788762,2026-03-10 03:48:14.584788762+00:00,1773114577214841885,2026-03-10 03:49:37.214841885+00:00,82630053123,6816.75,6819.75,['0.00 USD'],0.00044,3.00 USD,True
BACKTESTER-001,OracleStrategy-000,MESM6.GLBX,GLBX-001,O-20260310-034937-001-000-401,O-20260310-035118-001-000-402,SELL,FLAT,0,1,1773114577214841885,2026-03-10 03:49:37.214841885+00:00,1773114678202145165,2026-03-10 03:51:18.202145165+00:00,100987303280,6819.75,6819.25,['0.00 USD'],7e-05,0.50 USD,True
BACKTESTER-001,OracleStrategy-000,MESM6.GLBX,GLBX-001,O-20260310-035120-001-000-404,O-20260310-035306-001-000-405,BUY,FLAT,0,1,1773114680846385527,2026-03-10 03:51:20.846385527+00:00,1773114786168858610,2026-03-10 03:53:06.168858610+00:00,105322473083,6819.75,6822.75,['0.00 USD'],0.00044,3.00 USD,True
BACKTESTER-001,OracleStrategy-000,MESM6.GLBX,GLBX-001,O-20260310-035306-001-000-406,O-20260310-035422-001-000-407,SELL,FLAT,0,1,1773114786168858610,2026-03-10 03:53:06.168858610+00:00,1773114862404979135,2026-03-10 03:54:22.404979135+00:00,76236120525,6822.75,6823.0,['0.00 USD'],-4e-05,-0.25 USD,True
BACKTESTER-001,OracleStrategy-000,MESM6.GLBX,GLBX-001,O-20260310-035446-001-000-410,O-20260310-035527-001-000-411,SELL,FLAT,0,1,1773114886014765190,2026-03-10 03:54:46.014765190+00:00,1773114927292103512,2026-03-10 03:55:27.292103512+00:00,41277338322,6824.25,6825.0,['0.00 USD'],-0.00011,-0.75 USD,True
BACKTESTER-001,OracleStrategy-000,MESM6.GLBX,GLBX-001,O-20260310-035545-001-000-413,O-20260310-035740-001-000-414,BUY,FLAT,0,1,1773114945465081821,2026-03-10 03:55:45.465081821+00:00,1773115060436951657,2026-03-10 03:57:40.436951657+00:00,114971869836,6823.25,6824.25,['0.00 USD'],0.00015,1.00 USD,True
BACKTESTER-001,OracleStrategy-000,MESM6.GLBX,GLBX-001,O-20260310-040034-001-000-418,O-20260310-040048-001-000-419,BUY,FLAT,0,1,1773115234515729891,2026-03-10 04:00:34.515729891+00:00,1773115248800394728,2026-03-10 04:00:48.800394728+00:00,14284664837,6820.5,6820.0,['0.00 USD'],-7e-05,-0.50 USD,True
BACKTESTER-001,OracleStrategy-000,MESM6.GLBX,GLBX-001,O-20260310-040800-001-000-423,O-20260310-040920-001-000-424,SELL,FLAT,0,1,1773115680270204345,2026-03-10 04:08:00.270204345+00:00,1773115760937320071,2026-03-10 04:09:20.937320071+00:00,80667115726,6823.5,6822.25,['0.00 USD'],0.00018,1.25 USD,True
BACKTESTER-001,OracleStrategy-000,MESM6.GLBX,GLBX-001,O-20260310-041038-001-000-426,O-20260310-041040-001-000-427,SELL,FLAT,0,1,1773115838891074402,2026-03-10 04:10:38.891074402+00:00,1773115840552286765,2026-03-10 04:10:40.552286765+00:00,1661212363,6822.5,6822.25,['0.00 USD'],4e-05,0.25 USD,True
BACKTESTER-001,OracleStrategy-000,MESM6.GLBX,GLBX-001,O-20260310-041047-001-000-429,O-20260310-041109-001-000-430,SELL,FLAT,0,1,1773115847382485496,2026-03-10 04:10:47.382485496+00:00,1773115869486164485,2026-03-10 04:11:09.486164485+00:00,22103678989,6822.25,6821.5,['0.00 USD'],0.00011,0.75 USD,True
BACKTESTER-001,OracleStrategy-000,MESM6.GLBX,GLBX-001,O-20260310-041109-001-000-431,O-20260310-041217-001-000-432,BUY,FLAT,0,1,1773115869486164485,2026-03-10 04:11:09.486164485+00:00,1773115937542352855,2026-03-10 04:12:17.542352855+00:00,68056188370,6821.5,6824.0,['0.00 USD'],0.00037,2.50 USD,True
BACKTESTER-001,OracleStrategy-000,MESM6.GLBX,GLBX-001,O-20260310-041217-001-000-433,O-20260310-041251-001-000-434,SELL,FLAT,0,1,1773115937542352855,2026-03-10 04:12:17.542352855+00:00,1773115971452225293,2026-03-10 04:12:51.452225293+00:00,33909872438,6824.0,6824.0,['0.00 USD'],0.0,0.00 USD,True
BACKTESTER-001,OracleStrategy-000,MESM6.GLBX,GLBX-001,O-20260310-041308-001-000-436,O-20260310-041353-001-000-437,SELL,FLAT,0,1,1773115988353134983,2026-03-10 04:13:08.353134983+00:00,1773116033013838751,2026-03-10 04:13:53.013838751+00:00,44660703768,6824.5,6821.25,['0.00 USD'],0.00048,3.25 USD,True
BACKTESTER-001,OracleStrategy-000,MESM6.GLBX,GLBX-001,O-20260310-041356-001-000-439,O-20260310-041935-001-000-440,BUY,FLAT,0,1,1773116036858518881,2026-03-10 04:13:56.858518881+00:00,1773116375744930841,2026-03-10 04:19:35.744930841+00:00,338886411960,6821.75,6827.25,['0.00 USD'],0.00081,5.50 USD,True
BACKTESTER-001,OracleStrategy-000,MESM6.GLBX,GLBX-001,O-20260310-041935-001-000-441,O-20260310-042119-001-000-442,SELL,FLAT,0,1,1773116375744930841,2026-03-10 04:19:35.744930841+00:00,1773116479302499175,2026-03-10 04:21:19.302499175+00:00,103557568334,6827.25,6825.75,['0.00 USD'],0.00022,1.50 USD,True
BACKTESTER-001,OracleStrategy-000,MESM6.GLBX,GLBX-001,O-20260310-042338-001-000-444,O-20260310-042811-001-000-445,SELL,FLAT,0,1,1773116618718447058,2026-03-10 04:23:38.718447058+00:00,1773116891104706999,2026-03-10 04:28:11.104706999+00:00,272386259941,6826.5,6824.5,['0.00 USD'],0.00029,2.00 USD,True
BACKTESTER-001,OracleStrategy-000,MESM6.GLBX,GLBX-001,O-20260310-042811-001-000-446,O-20260310-042919-001-000-447,BUY,FLAT,0,1,1773116891104706999,2026-03-10 04:28:11.104706999+00:00,1773116959246009578,2026-03-10 04:29:19.246009578+00:00,68141302579,6824.5,6823.0,['0.00 USD'],-0.00022,-1.50 USD,True
BACKTESTER-001,OracleStrategy-000,MESM6.GLBX,GLBX-001,O-20260310-043842-001-000-452,O-20260310-043928-001-000-453,SELL,FLAT,0,1,1773117522530155675,2026-03-10 04:38:42.530155675+00:00,1773117568869029381,2026-03-10 04:39:28.869029381+00:00,46338873706,6829.0,6828.5,['0.00 USD'],7e-05,0.50 USD,True
BACKTESTER-001,OracleStrategy-000,MESM6.GLBX,GLBX-001,O-20260310-043957-001-000-455,O-20260310-044008-001-000-456,SELL,FLAT,0,1,1773117597227732672,2026-03-10 04:39:57.227732672+00:00,1773117608737597437,2026-03-10 04:40:08.737597437+00:00,11509864765,6829.25,6830.25,['0.00 USD'],-0.00015,-1.00 USD,True
BACKTESTER-001,OracleStrategy-000,MESM6.GLBX,GLBX-001,O-20260310-044013-001-000-458,O-20260310-044038-001-000-459,SELL,FLAT,0,1,1773117613217436693,2026-03-10 04:40:13.217436693+00:00,1773117638462376551,2026-03-10 04:40:38.462376551+00:00,25244939858,6829.75,6829.25,['0.00 USD'],7e-05,0.50 USD,True
BACKTESTER-001,OracleStrategy-000,MESM6.GLBX,GLBX-001,O-20260310-044038-001-000-460,O-20260310-044045-001-000-461,BUY,FLAT,0,1,1773117638462376551,2026-03-10 04:40:38.462376551+00:00,1773117645944104447,2026-03-10 04:40:45.944104447+00:00,7481727896,6829.25,6829.75,['0.00 USD'],7e-05,0.50 USD,True
BACKTESTER-001,OracleStrategy-000,MESM6.GLBX,GLBX-001,O-20260310-044047-001-000-463,O-20260310-044147-001-000-464,SELL,FLAT,0,1,1773117647676103071,2026-03-10 04:40:47.676103071+00:00,1773117707307153035,2026-03-10 04:41:47.307153035+00:00,59631049964,6829.75,6830.5,['0.00 USD'],-0.00011,-0.75 USD,True
BACKTESTER-001,OracleStrategy-000,MESM6.GLBX,GLBX-001,O-20260310-044211-001-000-466,O-20260310-044608-001-000-467,SELL,FLAT,0,1,1773117731423352970,2026-03-10 04:42:11.423352970+00:00,1773117968009488955,2026-03-10 04:46:08.009488955+00:00,236586135985,6831.25,6826.5,['0.00 USD'],0.0007,4.75 USD,True
BACKTESTER-001,OracleStrategy-000,MESM6.GLBX,GLBX-001,O-20260310-044608-001-000-468,O-20260310-044950-001-000-469,BUY,FLAT,0,1,1773117968009488955,2026-03-10 04:46:08.009488955+00:00,1773118190189055576,2026-03-10 04:49:50.189055576+00:00,222179566621,6826.5,6829.0,['0.00 USD'],0.00037,2.50 USD,True
BACKTESTER-001,OracleStrategy-000,MESM6.GLBX,GLBX-001,O-20260310-045109-001-000-471,O-20260310-045145-001-000-472,BUY,FLAT,0,1,1773118269115532227,2026-03-10 04:51:09.115532227+00:00,1773118305523351074,2026-03-10 04:51:45.523351074+00:00,36407818847,6825.0,6824.0,['0.00 USD'],-0.00015,-1.00 USD,True
BACKTESTER-001,OracleStrategy-000,MESM6.GLBX,GLBX-001,O-20260310-045439-001-000-475,O-20260310-045456-001-000-476,BUY,FLAT,0,1,1773118479713957771,2026-03-10 04:54:39.713957771+00:00,1773118496068357541,2026-03-10 04:54:56.068357541+00:00,16354399770,6823.25,6823.5,['0.00 USD'],4e-05,0.25 USD,True
BACKTESTER-001,OracleStrategy-000,MESM6.GLBX,GLBX-001,O-20260310-050156-001-000-481,O-20260310-050201-001-000-482,SELL,FLAT,0,1,1773118916445887602,2026-03-10 05:01:56.445887602+00:00,1773118921198175691,2026-03-10 05:02:01.198175691+00:00,4752288089,6836.0,6835.75,['0.00 USD'],4e-05,0.25 USD,True
BACKTESTER-001,OracleStrategy-000,MESM6.GLBX,GLBX-001,O-20260310-050206-001-000-484,O-20260310-050229-001-000-485,SELL,FLAT,0,1,1773118926637230250,2026-03-10 05:02:06.637230250+00:00,1773118949082221586,2026-03-10 05:02:29.082221586+00:00,22444991336,6835.25,6836.25,['0.00 USD'],-0.00015,-1.00 USD,True
BACKTESTER-001,OracleStrategy-000,MESM6.GLBX,GLBX-001,O-20260310-050401-001-000-487,O-20260310-050407-001-000-488,SELL,FLAT,0,1,1773119041048194615,2026-03-10 05:04:01.048194615+00:00,1773119047981721167,2026-03-10 05:04:07.981721167+00:00,6933526552,6836.5,6838.0,['0.00 USD'],-0.00022,-1.50 USD,True
BACKTESTER-001,OracleStrategy-000,MESM6.GLBX,GLBX-001,O-20260310-050411-001-000-490,O-20260310-050503-001-000-491,SELL,FLAT,0,1,1773119051428172034,2026-03-10 05:04:11.428172034+00:00,1773119103293749431,2026-03-10 05:05:03.293749431+00:00,51865577397,6838.0,6837.0,['0.00 USD'],0.00015,1.00 USD,True
BACKTESTER-001,OracleStrategy-000,MESM6.GLBX,GLBX-001,O-20260310-050503-001-000-492,O-20260310-050609-001-000-493,BUY,FLAT,0,1,1773119103293749431,2026-03-10 05:05:03.293749431+00:00,1773119169694651003,2026-03-10 05:06:09.694651003+00:00,66400901572,6837.0,6839.25,['0.00 USD'],0.00033,2.25 USD,True
BACKTESTER-001,OracleStrategy-000,MESM6.GLBX,GLBX-001,O-20260310-050609-001-000-494,O-20260310-050648-001-000-495,SELL,FLAT,0,1,1773119169694651003,2026-03-10 05:06:09.694651003+00:00,1773119208099569378,2026-03-10 05:06:48.099569378+00:00,38404918375,6839.25,6837.5,['0.00 USD'],0.00026,1.75 USD,True
BACKTESTER-001,OracleStrategy-000,MESM6.GLBX,GLBX-001,O-20260310-050648-001-000-496,O-20260310-051029-001-000-497,BUY,FLAT,0,1,1773119208099569378,2026-03-10 05:06:48.099569378+00:00,1773119429330102302,2026-03-10 05:10:29.330102302+00:00,221230532924,6837.5,6839.5,['0.00 USD'],0.00029,2.00 USD,True
BACKTESTER-001,OracleStrategy-000,MESM6.GLBX,GLBX-001,O-20260310-051029-001-000-498,O-20260310-051048-001-000-499,SELL,FLAT,0,1,1773119429330102302,2026-03-10 05:10:29.330102302+00:00,1773119448464494930,2026-03-10 05:10:48.464494930+00:00,19134392628,6839.5,6839.0,['0.00 USD'],7e-05,0.50 USD,True
BACKTESTER-001,OracleStrategy-000,MESM6.GLBX,GLBX-001,O-20260310-051052-001-000-501,O-20260310-051153-001-000-502,BUY,FLAT,0,1,1773119452525161063,2026-03-10 05:10:52.525161063+00:00,1773119513729899946,2026-03-10 05:11:53.729899946+00:00,61204738883,6838.75,6838.0,['0.00 USD'],-0.00011,-0.75 USD,True
BACKTESTER-001,OracleStrategy-000,MESM6.GLBX,GLBX-001,O-20260310-051315-001-000-506,O-20260310-051357-001-000-507,SELL,FLAT,0,1,1773119595860250768,2026-03-10 05:13:15.860250768+00:00,1773119637795747369,2026-03-10 05:13:57.795747369+00:00,41935496601,6837.5,6837.0,['0.00 USD'],7e-05,0.50 USD,True
BACKTESTER-001,OracleStrategy-000,MESM6.GLBX,GLBX-001,O-20260310-051357-001-000-508,O-20260310-051406-001-000-509,BUY,FLAT,0,1,1773119637795747369,2026-03-10 05:13:57.795747369+00:00,1773119646396127637,2026-03-10 05:14:06.396127637+00:00,8600380268,6837.0,6837.0,['0.00 USD'],0.0,0.00 USD,True
BACKTESTER-001,OracleStrategy-000,MESM6.GLBX,GLBX-001,O-20260310-051406-001-000-510,O-20260310-051510-001-000-511,SELL,FLAT,0,1,1773119646396127637,2026-03-10 05:14:06.396127637+00:00,1773119710768347648,2026-03-10 05:15:10.768347648+00:00,64372220011,6837.0,6837.25,['0.00 USD'],-4e-05,-0.25 USD,True
BACKTESTER-001,OracleStrategy-000,MESM6.GLBX,GLBX-001,O-20260310-051552-001-000-514,O-20260310-051606-001-000-515,BUY,FLAT,0,1,1773119752811776728,2026-03-10 05:15:52.811776728+00:00,1773119766864714218,2026-03-10 05:16:06.864714218+00:00,14052937490,6837.0,6836.25,['0.00 USD'],-0.00011,-0.75 USD,True
BACKTESTER-001,OracleStrategy-000,MESM6.GLBX,GLBX-001,O-20260310-051624-001-000-518,O-20260310-051703-001-000-519,SELL,FLAT,0,1,1773119784101690668,2026-03-10 05:16:24.101690668+00:00,1773119823562939683,2026-03-10 05:17:03.562939683+00:00,39461249015,6836.75,6836.25,['0.00 USD'],7e-05,0.50 USD,True
BACKTESTER-001,OracleStrategy-000,MESM6.GLBX,GLBX-001,O-20260310-051703-001-000-520,O-20260310-051902-001-000-521,BUY,FLAT,0,1,1773119823562939683,2026-03-10 05:17:03.562939683+00:00,1773119942362841706,2026-03-10 05:19:02.362841706+00:00,118799902023,6836.25,6835.75,['0.00 USD'],-7e-05,-0.50 USD,True
BACKTESTER-001,OracleStrategy-000,MESM6.GLBX,GLBX-001,O-20260310-052237-001-000-525,O-20260310-052241-001-000-526,BUY,FLAT,0,1,1773120157318508031,2026-03-10 05:22:37.318508031+00:00,1773120161924211114,2026-03-10 05:22:41.924211114+00:00,4605703083,6836.5,6836.25,['0.00 USD'],-4e-05,-0.25 USD,True
BACKTESTER-001,OracleStrategy-000,MESM6.GLBX,GLBX-001,O-20260310-052309-001-000-528,O-20260310-052428-001-000-529,SELL,FLAT,0,1,1773120189261269055,2026-03-10 05:23:09.261269055+00:00,1773120268250484816,2026-03-10 05:24:28.250484816+00:00,78989215761,6837.25,6833.25,['0.00 USD'],0.00059,4.00 USD,True
BACKTESTER-001,OracleStrategy-000,MESM6.GLBX,GLBX-001,O-20260310-052428-001-000-530,O-20260310-052615-001-000-531,BUY,FLAT,0,1,1773120268250484816,2026-03-10 05:24:28.250484816+00:00,1773120375504810079,2026-03-10 05:26:15.504810079+00:00,107254325263,6833.25,6835.25,['0.00 USD'],0.00029,2.00 USD,True
BACKTESTER-001,OracleStrategy-000,MESM6.GLBX,GLBX-001,O-20260310-052740-001-000-533,O-20260310-053012-001-000-534,SELL,FLAT,0,1,1773120460384060576,2026-03-10 05:27:40.384060576+00:00,1773120612569169335,2026-03-10 05:30:12.569169335+00:00,152185108759,6835.0,6834.5,['0.00 USD'],7e-05,0.50 USD,True
BACKTESTER-001,OracleStrategy-000,MESM6.GLBX,GLBX-001,O-20260310-053012-001-000-535,O-20260310-053038-001-000-536,BUY,FLAT,0,1,1773120612569169335,2026-03-10 05:30:12.569169335+00:00,1773120638309177675,2026-03-10 05:30:38.309177675+00:00,25740008340,6834.5,6836.5,['0.00 USD'],0.00029,2.00 USD,True
BACKTESTER-001,OracleStrategy-000,MESM6.GLBX,GLBX-001,O-20260310-053038-001-000-537,O-20260310-053040-001-000-538,SELL,FLAT,0,1,1773120638309177675,2026-03-10 05:30:38.309177675+00:00,1773120640892014624,2026-03-10 05:30:40.892014624+00:00,2582836949,6836.5,6837.75,['0.00 USD'],-0.00018,-1.25 USD,True
BACKTESTER-001,OracleStrategy-000,MESM6.GLBX,GLBX-001,O-20260310-053343-001-000-542,O-20260310-053842-001-000-543,SELL,FLAT,0,1,1773120823984013130,2026-03-10 05:33:43.984013130+00:00,1773121122590611695,2026-03-10 05:38:42.590611695+00:00,298606598565,6839.0,6835.75,['0.00 USD'],0.00048,3.25 USD,True
BACKTESTER-001,OracleStrategy-000,MESM6.GLBX,GLBX-001,O-20260310-053842-001-000-544,O-20260310-053858-001-000-545,BUY,FLAT,0,1,1773121122590611695,2026-03-10 05:38:42.590611695+00:00,1773121138903542782,2026-03-10 05:38:58.903542782+00:00,16312931087,6835.75,6836.75,['0.00 USD'],0.00015,1.00 USD,True
BACKTESTER-001,OracleStrategy-000,MESM6.GLBX,GLBX-001,O-20260310-054559-001-000-547,O-20260310-054853-001-000-548,BUY,FLAT,0,1,1773121559328318106,2026-03-10 05:45:59.328318106+00:00,1773121733386355546,2026-03-10 05:48:53.386355546+00:00,174058037440,6836.0,6839.5,['0.00 USD'],0.00051,3.50 USD,True
BACKTESTER-001,OracleStrategy-000,MESM6.GLBX,GLBX-001,O-20260310-054853-001-000-549,O-20260310-055346-001-000-550,SELL,FLAT,0,1,1773121733386355546,2026-03-10 05:48:53.386355546+00:00,1773122026588389595,2026-03-10 05:53:46.588389595+00:00,293202034049,6839.5,6839.0,['0.00 USD'],7e-05,0.50 USD,True
BACKTESTER-001,OracleStrategy-000,MESM6.GLBX,GLBX-001,O-20260310-055722-001-000-553,O-20260310-055849-001-000-554,SELL,FLAT,0,1,1773122242702554147,2026-03-10 05:57:22.702554147+00:00,1773122329562121491,2026-03-10 05:58:49.562121491+00:00,86859567344,6839.25,6839.5,['0.00 USD'],-4e-05,-0.25 USD,True
BACKTESTER-001,OracleStrategy-000,MESM6.GLBX,GLBX-001,O-20260310-060044-001-000-557,O-20260310-060201-001-000-558,BUY,FLAT,0,1,1773122444158774944,2026-03-10 06:00:44.158774944+00:00,1773122521817705093,2026-03-10 06:02:01.817705093+00:00,77658930149,6840.0,6840.75,['0.00 USD'],0.00011,0.75 USD,True
BACKTESTER-001,OracleStrategy-000,MESM6.GLBX,GLBX-001,O-20260310-060201-001-000-559,O-20260310-060302-001-000-560,SELL,FLAT,0,1,1773122521817705093,2026-03-10 06:02:01.817705093+00:00,1773122582310101973,2026-03-10 06:03:02.310101973+00:00,60492396880,6840.75,6842.0,['0.00 USD'],-0.00018,-1.25 USD,True
BACKTESTER-001,OracleStrategy-000,MESM6.GLBX,GLBX-001,O-20260310-060636-001-000-562,O-20260310-060729-001-000-563,SELL,FLAT,0,1,1773122796480401874,2026-03-10 06:06:36.480401874+00:00,1773122849099922098,2026-03-10 06:07:29.099922098+00:00,52619520224,6840.75,6840.5,['0.00 USD'],4e-05,0.25 USD,True
BACKTESTER-001,OracleStrategy-000,MESM6.GLBX,GLBX-001,O-20260310-061117-001-000-566,O-20260310-061226-001-000-567,BUY,FLAT,0,1,1773123077637416256,2026-03-10 06:11:17.637416256+00:00,1773123146285711952,2026-03-10 06:12:26.285711952+00:00,68648295696,6839.5,6839.75,['0.00 USD'],4e-05,0.25 USD,True
BACKTESTER-001,OracleStrategy-000,MESM6.GLBX,GLBX-001,O-20260310-061226-001-000-568,O-20260310-061451-001-000-569,SELL,FLAT,0,1,1773123146285711952,2026-03-10 06:12:26.285711952+00:00,1773123291390442810,2026-03-10 06:14:51.390442810+00:00,145104730858,6839.75,6841.25,['0.00 USD'],-0.00022,-1.50 USD,True
BACKTESTER-001,OracleStrategy-000,MESM6.GLBX,GLBX-001,O-20260310-061606-001-000-572,O-20260310-061849-001-000-573,SELL,FLAT,0,1,1773123366261264354,2026-03-10 06:16:06.261264354+00:00,1773123529245497472,2026-03-10 06:18:49.245497472+00:00,162984233118,6841.0,6838.5,['0.00 USD'],0.00037,2.50 USD,True
BACKTESTER-001,OracleStrategy-000,MESM6.GLBX,GLBX-001,O-20260310-061849-001-000-574,O-20260310-062245-001-000-575,BUY,FLAT,0,1,1773123529245497472,2026-03-10 06:18:49.245497472+00:00,1773123765541054096,2026-03-10 06:22:45.541054096+00:00,236295556624,6838.5,6837.75,['0.00 USD'],-0.00011,-0.75 USD,True
BACKTESTER-001,OracleStrategy-000,MESM6.GLBX,GLBX-001,O-20260310-063004-001-000-581,O-20260310-063020-001-000-582,SELL,FLAT,0,1,1773124204628649251,2026-03-10 06:30:04.628649251+00:00,1773124220001706986,2026-03-10 06:30:20.001706986+00:00,15373057735,6842.25,6842.25,['0.00 USD'],0.0,0.00 USD,True
BACKTESTER-001,OracleStrategy-000,MESM6.GLBX,GLBX-001,O-20260310-063058-001-000-585,O-20260310-063236-001-000-586,SELL,FLAT,0,1,1773124258554891125,2026-03-10 06:30:58.554891125+00:00,1773124356337380111,2026-03-10 06:32:36.337380111+00:00,97782488986,6844.5,6844.75,['0.00 USD'],-4e-05,-0.25 USD,True
BACKTESTER-001,OracleStrategy-000,MESM6.GLBX,GLBX-001,O-20260310-063314-001-000-589,O-20260310-063341-001-000-590,BUY,FLAT,0,1,1773124394780962175,2026-03-10 06:33:14.780962175+00:00,1773124421701764618,2026-03-10 06:33:41.701764618+00:00,26920802443,6844.75,6846.25,['0.00 USD'],0.00022,1.50 USD,True
BACKTESTER-001,OracleStrategy-000,MESM6.GLBX,GLBX-001,O-20260310-063341-001-000-591,O-20260310-063755-001-000-592,SELL,FLAT,0,1,1773124421701764618,2026-03-10 06:33:41.701764618+00:00,1773124675418991723,2026-03-10 06:37:55.418991723+00:00,253717227105,6846.25,6844.0,['0.00 USD'],0.00033,2.25 USD,True
BACKTESTER-001,OracleStrategy-000,MESM6.GLBX,GLBX-001,O-20260310-063755-001-000-593,O-20260310-063828-001-000-594,BUY,FLAT,0,1,1773124675418991723,2026-03-10 06:37:55.418991723+00:00,1773124708214859813,2026-03-10 06:38:28.214859813+00:00,32795868090,6844.0,6844.5,['0.00 USD'],7e-05,0.50 USD,True
BACKTESTER-001,OracleStrategy-000,MESM6.GLBX,GLBX-001,O-20260310-064205-001-000-599,O-20260310-064503-001-000-600,BUY,FLAT,0,1,1773124925006413591,2026-03-10 06:42:05.006413591+00:00,1773125103446824835,2026-03-10 06:45:03.446824835+00:00,178440411244,6842.25,6841.0,['0.00 USD'],-0.00018,-1.25 USD,True
BACKTESTER-001,OracleStrategy-000,MESM6.GLBX,GLBX-001,O-20260310-064603-001-000-603,O-20260310-064718-001-000-604,BUY,FLAT,0,1,1773125163476229355,2026-03-10 06:46:03.476229355+00:00,1773125238468282351,2026-03-10 06:47:18.468282351+00:00,74992052996,6839.5,6840.75,['0.00 USD'],0.00018,1.25 USD,True
BACKTESTER-001,OracleStrategy-000,MESM6.GLBX,GLBX-001,O-20260310-064718-001-000-605,O-20260310-065010-001-000-606,SELL,FLAT,0,1,1773125238468282351,2026-03-10 06:47:18.468282351+00:00,1773125410117587283,2026-03-10 06:50:10.117587283+00:00,171649304932,6840.75,6840.5,['0.00 USD'],4e-05,0.25 USD,True
BACKTESTER-001,OracleStrategy-000,MESM6.GLBX,GLBX-001,O-20260310-065500-001-000-611,O-20260310-065646-001-000-612,BUY,FLAT,0,1,1773125700514658858,2026-03-10 06:55:00.514658858+00:00,1773125806638377090,2026-03-10 06:56:46.638377090+00:00,106123718232,6839.75,6840.5,['0.00 USD'],0.00011,0.75 USD,True
BACKTESTER-001,OracleStrategy-000,MESM6.GLBX,GLBX-001,O-20260310-065856-001-000-614,O-20260310-070009-001-000-615,SELL,FLAT,0,1,1773125936142381843,2026-03-10 06:58:56.142381843+00:00,1773126009731782922,2026-03-10 07:00:09.731782922+00:00,73589401079,6840.25,6840.25,['0.00 USD'],0.0,0.00 USD,True
BACKTESTER-001,OracleStrategy-000,MESM6.GLBX,GLBX-001,O-20260310-070009-001-000-616,O-20260310-070220-001-000-617,BUY,FLAT,0,1,1773126009731782922,2026-03-10 07:00:09.731782922+00:00,1773126140010933461,2026-03-10 07:02:20.010933461+00:00,130279150539,6840.25,6843.25,['0.00 USD'],0.00044,3.00 USD,True
BACKTESTER-001,OracleStrategy-000,MESM6.GLBX,GLBX-001,O-20260310-070220-001-000-618,O-20260310-070225-001-000-619,SELL,FLAT,0,1,1773126140010933461,2026-03-10 07:02:20.010933461+00:00,1773126145846715039,2026-03-10 07:02:25.846715039+00:00,5835781578,6843.25,6845.0,['0.00 USD'],-0.00026,-1.75 USD,True
BACKTESTER-001,OracleStrategy-000,MESM6.GLBX,GLBX-001,O-20260310-070333-001-000-621,O-20260310-070346-001-000-622,SELL,FLAT,0,1,1773126213933149901,2026-03-10 07:03:33.933149901+00:00,1773126226017281862,2026-03-10 07:03:46.017281862+00:00,12084131961,6845.25,6846.0,['0.00 USD'],-0.00011,-0.75 USD,True
BACKTESTER-001,OracleStrategy-000,MESM6.GLBX,GLBX-001,O-20260310-070400-001-000-624,O-20260310-070453-001-000-625,SELL,FLAT,0,1,1773126240935211010,2026-03-10 07:04:00.935211010+00:00,1773126293194914924,2026-03-10 07:04:53.194914924+00:00,52259703914,6846.75,6848.0,['0.00 USD'],-0.00018,-1.25 USD,True
BACKTESTER-001,OracleStrategy-000,MESM6.GLBX,GLBX-001,O-20260310-070554-001-000-635,O-20260310-070927-001-000-636,SELL,FLAT,0,1,1773126354329001864,2026-03-10 07:05:54.329001864+00:00,1773126567162608591,2026-03-10 07:09:27.162608591+00:00,212833606727,6854.0,6849.0,['0.00 USD'],0.00073,5.00 USD,True
BACKTESTER-001,OracleStrategy-000,MESM6.GLBX,GLBX-001,O-20260310-070927-001-000-637,O-20260310-071028-001-000-638,BUY,FLAT,0,1,1773126567162608591,2026-03-10 07:09:27.162608591+00:00,1773126628388837971,2026-03-10 07:10:28.388837971+00:00,61226229380,6849.0,6853.25,['0.00 USD'],0.00062,4.25 USD,True
BACKTESTER-001,OracleStrategy-000,MESM6.GLBX,GLBX-001,O-20260310-071040-001-000-640,O-20260310-071149-001-000-641,SELL,FLAT,0,1,1773126640606245128,2026-03-10 07:10:40.606245128+00:00,1773126709200530727,2026-03-10 07:11:49.200530727+00:00,68594285599,6853.0,6848.75,['0.00 USD'],0.00062,4.25 USD,True
BACKTESTER-001,OracleStrategy-000,MESM6.GLBX,GLBX-001,O-20260310-071149-001-000-642,O-20260310-071628-001-000-643,BUY,FLAT,0,1,1773126709200530727,2026-03-10 07:11:49.200530727+00:00,1773126988780361554,2026-03-10 07:16:28.780361554+00:00,279579830827,6848.75,6849.5,['0.00 USD'],0.00011,0.75 USD,True
BACKTESTER-001,OracleStrategy-000,MESM6.GLBX,GLBX-001,O-20260310-072123-001-000-651,O-20260310-072239-001-000-652,SELL,FLAT,0,1,1773127283714015521,2026-03-10 07:21:23.714015521+00:00,1773127359285935399,2026-03-10 07:22:39.285935399+00:00,75571919878,6857.5,6860.0,['0.00 USD'],-0.00036,-2.50 USD,True
BACKTESTER-001,OracleStrategy-000,MESM6.GLBX,GLBX-001,O-20260310-072246-001-000-654,O-20260310-072421-001-000-655,SELL,FLAT,0,1,1773127366459835957,2026-03-10 07:22:46.459835957+00:00,1773127461621375835,2026-03-10 07:24:21.621375835+00:00,95161539878,6858.75,6863.0,['0.00 USD'],-0.00062,-4.25 USD,True
BACKTESTER-001,OracleStrategy-000,MESM6.GLBX,GLBX-001,O-20260310-072424-001-000-657,O-20260310-072442-001-000-658,SELL,FLAT,0,1,1773127464496018411,2026-03-10 07:24:24.496018411+00:00,1773127482889055235,2026-03-10 07:24:42.889055235+00:00,18393036824,6863.5,6864.25,['0.00 USD'],-0.00011,-0.75 USD,True
BACKTESTER-001,OracleStrategy-000,MESM6.GLBX,GLBX-001,O-20260310-072444-001-000-660,O-20260310-072446-001-000-661,SELL,FLAT,0,1,1773127484001289815,2026-03-10 07:24:44.001289815+00:00,1773127486065725701,2026-03-10 07:24:46.065725701+00:00,2064435886,6865.0,6864.5,['0.00 USD'],7e-05,0.50 USD,True
BACKTESTER-001,OracleStrategy-000,MESM6.GLBX,GLBX-001,O-20260310-072446-001-000-662,O-20260310-072506-001-000-663,BUY,FLAT,0,1,1773127486065725701,2026-03-10 07:24:46.065725701+00:00,1773127506468552742,2026-03-10 07:25:06.468552742+00:00,20402827041,6864.5,6863.0,['0.00 USD'],-0.00022,-1.50 USD,True
BACKTESTER-001,OracleStrategy-000,MESM6.GLBX,GLBX-001,O-20260310-072545-001-000-665,O-20260310-072554-001-000-666,BUY,FLAT,0,1,1773127545089222966,2026-03-10 07:25:45.089222966+00:00,1773127554531956925,2026-03-10 07:25:54.531956925+00:00,9442733959,6863.5,6864.0,['0.00 USD'],7e-05,0.50 USD,True
BACKTESTER-001,OracleStrategy-000,MESM6.GLBX,GLBX-001,O-20260310-072554-001-000-667,O-20260310-072707-001-000-668,SELL,FLAT,0,1,1773127554531956925,2026-03-10 07:25:54.531956925+00:00,1773127627365215993,2026-03-10 07:27:07.365215993+00:00,72833259068,6864.0,6864.75,['0.00 USD'],-0.00011,-0.75 USD,True
BACKTESTER-001,OracleStrategy-000,MESM6.GLBX,GLBX-001,O-20260310-072718-001-000-670,O-20260310-072730-001-000-671,SELL,FLAT,0,1,1773127638143479125,2026-03-10 07:27:18.143479125+00:00,1773127650997834952,2026-03-10 07:27:30.997834952+00:00,12854355827,6864.5,6866.0,['0.00 USD'],-0.00022,-1.50 USD,True
BACKTESTER-001,OracleStrategy-000,MESM6.GLBX,GLBX-001,O-20260310-072918-001-000-678,O-20260310-072920-001-000-679,SELL,FLAT,0,1,1773127758138171961,2026-03-10 07:29:18.138171961+00:00,1773127760648170719,2026-03-10 07:29:20.648170719+00:00,2509998758,6868.0,6867.25,['0.00 USD'],0.00011,0.75 USD,True
BACKTESTER-001,OracleStrategy-000,MESM6.GLBX,GLBX-001,O-20260310-072920-001-000-680,O-20260310-072936-001-000-681,BUY,FLAT,0,1,1773127760648170719,2026-03-10 07:29:20.648170719+00:00,1773127776347818001,2026-03-10 07:29:36.347818001+00:00,15699647282,6867.25,6867.25,['0.00 USD'],0.0,0.00 USD,True
BACKTESTER-001,OracleStrategy-000,MESM6.GLBX,GLBX-001,O-20260310-072936-001-000-682,O-20260310-073021-001-000-683,SELL,FLAT,0,1,1773127776347818001,2026-03-10 07:29:36.347818001+00:00,1773127821567735158,2026-03-10 07:30:21.567735158+00:00,45219917157,6867.25,6867.0,['0.00 USD'],4e-05,0.25 USD,True
BACKTESTER-001,OracleStrategy-000,MESM6.GLBX,GLBX-001,O-20260310-073021-001-000-684,O-20260310-073033-001-000-685,BUY,FLAT,0,1,1773127821567735158,2026-03-10 07:30:21.567735158+00:00,1773127833178295819,2026-03-10 07:30:33.178295819+00:00,11610560661,6867.0,6867.5,['0.00 USD'],7e-05,0.50 USD,True
BACKTESTER-001,OracleStrategy-000,MESM6.GLBX,GLBX-001,O-20260310-073033-001-000-686,O-20260310-073058-001-000-687,SELL,FLAT,0,1,1773127833178295819,2026-03-10 07:30:33.178295819+00:00,1773127858939752002,2026-03-10 07:30:58.939752002+00:00,25761456183,6867.5,6868.25,['0.00 USD'],-0.00011,-0.75 USD,True
BACKTESTER-001,OracleStrategy-000,MESM6.GLBX,GLBX-001,O-20260310-073127-001-000-689,O-20260310-073200-001-000-690,BUY,FLAT,0,1,1773127887837467443,2026-03-10 07:31:27.837467443+00:00,1773127920866151859,2026-03-10 07:32:00.866151859+00:00,33028684416,6865.75,6869.0,['0.00 USD'],0.00047,3.25 USD,True
BACKTESTER-001,OracleStrategy-000,MESM6.GLBX,GLBX-001,O-20260310-073200-001-000-691,O-20260310-073353-001-000-692,SELL,FLAT,0,1,1773127920866151859,2026-03-10 07:32:00.866151859+00:00,1773128033005477691,2026-03-10 07:33:53.005477691+00:00,112139325832,6869.0,6864.5,['0.00 USD'],0.00066,4.50 USD,True
BACKTESTER-001,OracleStrategy-000,MESM6.GLBX,GLBX-001,O-20260310-073353-001-000-693,O-20260310-073431-001-000-694,BUY,FLAT,0,1,1773128033005477691,2026-03-10 07:33:53.005477691+00:00,1773128071586650419,2026-03-10 07:34:31.586650419+00:00,38581172728,6864.5,6865.0,['0.00 USD'],7e-05,0.50 USD,True
BACKTESTER-001,OracleStrategy-000,MESM6.GLBX,GLBX-001,O-20260310-073437-001-000-696,O-20260310-073519-001-000-697,SELL,FLAT,0,1,1773128077167367699,2026-03-10 07:34:37.167367699+00:00,1773128119124530415,2026-03-10 07:35:19.124530415+00:00,41957162716,6863.5,6861.75,['0.00 USD'],0.00025,1.75 USD,True
BACKTESTER-001,OracleStrategy-000,MESM6.GLBX,GLBX-001,O-20260310-073519-001-000-698,O-20260310-073524-001-000-699,BUY,FLAT,0,1,1773128119124530415,2026-03-10 07:35:19.124530415+00:00,1773128124080292093,2026-03-10 07:35:24.080292093+00:00,4955761678,6861.75,6861.25,['0.00 USD'],-7e-05,-0.50 USD,True
BACKTESTER-001,OracleStrategy-000,MESM6.GLBX,GLBX-001,O-20260310-073532-001-000-701,O-20260310-073537-001-000-702,BUY,FLAT,0,1,1773128132565521498,2026-03-10 07:35:32.565521498+00:00,1773128137461038239,2026-03-10 07:35:37.461038239+00:00,4895516741,6860.75,6860.75,['0.00 USD'],0.0,0.00 USD,True
BACKTESTER-001,OracleStrategy-000,MESM6.GLBX,GLBX-001,O-20260310-073550-001-000-705,O-20260310-073603-001-000-706,BUY,FLAT,0,1,1773128150000107301,2026-03-10 07:35:50.000107301+00:00,1773128163087883075,2026-03-10 07:36:03.087883075+00:00,13087775774,6859.25,6858.25,['0.00 USD'],-0.00015,-1.00 USD,True
BACKTESTER-001,OracleStrategy-000,MESM6.GLBX,GLBX-001,O-20260310-073708-001-000-708,O-20260310-073738-001-000-709,BUY,FLAT,0,1,1773128228338722787,2026-03-10 07:37:08.338722787+00:00,1773128258538139698,2026-03-10 07:37:38.538139698+00:00,30199416911,6860.0,6859.0,['0.00 USD'],-0.00015,-1.00 USD,True
BACKTESTER-001,OracleStrategy-000,MESM6.GLBX,GLBX-001,O-20260310-073738-001-000-710,O-20260310-073755-001-000-711,SELL,FLAT,0,1,1773128258538139698,2026-03-10 07:37:38.538139698+00:00,1773128275446455416,2026-03-10 07:37:55.446455416+00:00,16908315718,6859.0,6859.75,['0.00 USD'],-0.00011,-0.75 USD,True
BACKTESTER-001,OracleStrategy-000,MESM6.GLBX,GLBX-001,O-20260310-073855-001-000-714,O-20260310-073936-001-000-715,SELL,FLAT,0,1,1773128335953276829,2026-03-10 07:38:55.953276829+00:00,1773128376704871898,2026-03-10 07:39:36.704871898+00:00,40751595069,6861.25,6862.25,['0.00 USD'],-0.00015,-1.00 USD,True
BACKTESTER-001,OracleStrategy-000,MESM6.GLBX,GLBX-001,O-20260310-074031-001-000-719,O-20260310-074043-001-000-720,BUY,FLAT,0,1,1773128431531829405,2026-03-10 07:40:31.531829405+00:00,1773128443144611243,2026-03-10 07:40:43.144611243+00:00,11612781838,6861.75,6861.75,['0.00 USD'],0.0,0.00 USD,True
BACKTESTER-001,OracleStrategy-000,MESM6.GLBX,GLBX-001,O-20260310-074116-001-000-723,O-20260310-074209-001-000-724,SELL,FLAT,0,1,1773128476987159621,2026-03-10 07:41:16.987159621+00:00,1773128529588860263,2026-03-10 07:42:09.588860263+00:00,52601700642,6863.75,6864.25,['0.00 USD'],-7e-05,-0.50 USD,True
BACKTESTER-001,OracleStrategy-000,MESM6.GLBX,GLBX-001,O-20260310-074324-001-000-728,O-20260310-074431-001-000-729,SELL,FLAT,0,1,1773128604831870280,2026-03-10 07:43:24.831870280+00:00,1773128671442315552,2026-03-10 07:44:31.442315552+00:00,66610445272,6864.75,6867.25,['0.00 USD'],-0.00036,-2.50 USD,True
BACKTESTER-001,OracleStrategy-000,MESM6.GLBX,GLBX-001,O-20260310-074444-001-000-732,O-20260310-074455-001-000-733,SELL,FLAT,0,1,1773128684629385679,2026-03-10 07:44:44.629385679+00:00,1773128695230614519,2026-03-10 07:44:55.230614519+00:00,10601228840,6867.0,6867.25,['0.00 USD'],-4e-05,-0.25 USD,True
BACKTESTER-001,OracleStrategy-000,MESM6.GLBX,GLBX-001,O-20260310-074455-001-000-734,O-20260310-074504-001-000-735,BUY,FLAT,0,1,1773128695230614519,2026-03-10 07:44:55.230614519+00:00,1773128704197227131,2026-03-10 07:45:04.197227131+00:00,8966612612,6867.25,6867.0,['0.00 USD'],-4e-05,-0.25 USD,True
BACKTESTER-001,OracleStrategy-000,MESM6.GLBX,GLBX-001,O-20260310-074504-001-000-736,O-20260310-074508-001-000-737,SELL,FLAT,0,1,1773128704197227131,2026-03-10 07:45:04.197227131+00:00,1773128708484655063,2026-03-10 07:45:08.484655063+00:00,4287427932,6867.0,6867.25,['0.00 USD'],-4e-05,-0.25 USD,True
BACKTESTER-001,OracleStrategy-000,MESM6.GLBX,GLBX-001,O-20260310-074621-001-000-740,O-20260310-074722-001-000-741,SELL,FLAT,0,1,1773128781863689515,2026-03-10 07:46:21.863689515+00:00,1773128842465704338,2026-03-10 07:47:22.465704338+00:00,60602014823,6867.0,6867.0,['0.00 USD'],0.0,0.00 USD,True
BACKTESTER-001,OracleStrategy-000,MESM6.GLBX,GLBX-001,O-20260310-074722-001-000-742,O-20260310-074758-001-000-743,BUY,FLAT,0,1,1773128842465704338,2026-03-10 07:47:22.465704338+00:00,1773128878853576615,2026-03-10 07:47:58.853576615+00:00,36387872277,6867.0,6868.0,['0.00 USD'],0.00015,1.00 USD,True
BACKTESTER-001,OracleStrategy-000,MESM6.GLBX,GLBX-001,O-20260310-074758-001-000-744,O-20260310-074837-001-000-745,SELL,FLAT,0,1,1773128878853576615,2026-03-10 07:47:58.853576615+00:00,1773128917645162191,2026-03-10 07:48:37.645162191+00:00,38791585576,6868.0,6867.25,['0.00 USD'],0.00011,0.75 USD,True
BACKTESTER-001,OracleStrategy-000,MESM6.GLBX,GLBX-001,O-20260310-074850-001-000-747,O-20260310-074900-001-000-748,SELL,FLAT,0,1,1773128930604949282,2026-03-10 07:48:50.604949282+00:00,1773128940181617458,2026-03-10 07:49:00.181617458+00:00,9576668176,6869.0,6868.0,['0.00 USD'],0.00015,1.00 USD,True
BACKTESTER-001,OracleStrategy-000,MESM6.GLBX,GLBX-001,O-20260310-074900-001-000-749,O-20260310-074903-001-000-750,BUY,FLAT,0,1,1773128940181617458,2026-03-10 07:49:00.181617458+00:00,1773128943959635880,2026-03-10 07:49:03.959635880+00:00,3778018422,6868.0,6867.5,['0.00 USD'],-7e-05,-0.50 USD,True
BACKTESTER-001,OracleStrategy-000,MESM6.GLBX,GLBX-001,O-20260310-074917-001-000-752,O-20260310-074957-001-000-753,SELL,FLAT,0,1,1773128957120340440,2026-03-10 07:49:17.120340440+00:00,1773128997380809234,2026-03-10 07:49:57.380809234+00:00,40260468794,6870.0,6869.75,['0.00 USD'],4e-05,0.25 USD,True
BACKTESTER-001,OracleStrategy-000,MESM6.GLBX,GLBX-001,O-20260310-075122-001-000-759,O-20260310-075152-001-000-760,BUY,FLAT,0,1,1773129082977948277,2026-03-10 07:51:22.977948277+00:00,1773129112743624192,2026-03-10 07:51:52.743624192+00:00,29765675915,6866.75,6867.0,['0.00 USD'],4e-05,0.25 USD,True
BACKTESTER-001,OracleStrategy-000,MESM6.GLBX,GLBX-001,O-20260310-075156-001-000-762,O-20260310-075350-001-000-763,SELL,FLAT,0,1,1773129116705572098,2026-03-10 07:51:56.705572098+00:00,1773129230544403312,2026-03-10 07:53:50.544403312+00:00,113838831214,6867.0,6864.25,['0.00 USD'],0.0004,2.75 USD,True
BACKTESTER-001,OracleStrategy-000,MESM6.GLBX,GLBX-001,O-20260310-075350-001-000-764,O-20260310-075400-001-000-765,BUY,FLAT,0,1,1773129230544403312,2026-03-10 07:53:50.544403312+00:00,1773129240296318623,2026-03-10 07:54:00.296318623+00:00,9751915311,6864.25,6864.5,['0.00 USD'],4e-05,0.25 USD,True
BACKTESTER-001,OracleStrategy-000,MESM6.GLBX,GLBX-001,O-20260310-075515-001-000-767,O-20260310-075748-001-000-768,SELL,FLAT,0,1,1773129315315061919,2026-03-10 07:55:15.315061919+00:00,1773129468601726285,2026-03-10 07:57:48.601726285+00:00,153286664366,6865.75,6864.75,['0.00 USD'],0.00015,1.00 USD,True
BACKTESTER-001,OracleStrategy-000,MESM6.GLBX,GLBX-001,O-20260310-075748-001-000-769,O-20260310-075837-001-000-770,BUY,FLAT,0,1,1773129468601726285,2026-03-10 07:57:48.601726285+00:00,1773129517237542130,2026-03-10 07:58:37.237542130+00:00,48635815845,6864.75,6867.0,['0.00 USD'],0.00033,2.25 USD,True
BACKTESTER-001,OracleStrategy-000,MESM6.GLBX,GLBX-001,O-20260310-075837-001-000-771,O-20260310-075857-001-000-772,SELL,FLAT,0,1,1773129517237542130,2026-03-10 07:58:37.237542130+00:00,1773129537893378891,2026-03-10 07:58:57.893378891+00:00,20655836761,6867.0,6867.25,['0.00 USD'],-4e-05,-0.25 USD,True
BACKTESTER-001,OracleStrategy-000,MESM6.GLBX,GLBX-001,O-20260310-075959-001-000-779,O-20260310-080005-001-000-780,SELL,FLAT,0,1,1773129599444042762,2026-03-10 07:59:59.444042762+00:00,1773129605836915912,2026-03-10 08:00:05.836915912+00:00,6392873150,6870.25,6870.25,['0.00 USD'],0.0,0.00 USD,True
BACKTESTER-001,OracleStrategy-000,MESM6.GLBX,GLBX-001,O-20260310-080009-001-000-782,O-20260310-080016-001-000-783,BUY,FLAT,0,1,1773129609401941176,2026-03-10 08:00:09.401941176+00:00,1773129616170765568,2026-03-10 08:00:16.170765568+00:00,6768824392,6869.5,6868.5,['0.00 USD'],-0.00015,-1.00 USD,True
BACKTESTER-001,OracleStrategy-000,MESM6.GLBX,GLBX-001,O-20260310-080039-001-000-787,O-20260310-080153-001-000-788,SELL,FLAT,0,1,1773129639201228744,2026-03-10 08:00:39.201228744+00:00,1773129713086668136,2026-03-10 08:01:53.086668136+00:00,73885439392,6871.5,6869.75,['0.00 USD'],0.00025,1.75 USD,True
BACKTESTER-001,OracleStrategy-000,MESM6.GLBX,GLBX-001,O-20260310-080153-001-000-789,O-20260310-080202-001-000-790,BUY,FLAT,0,1,1773129713086668136,2026-03-10 08:01:53.086668136+00:00,1773129722207363257,2026-03-10 08:02:02.207363257+00:00,9120695121,6869.75,6867.0,['0.00 USD'],-0.0004,-2.75 USD,True
BACKTESTER-001,OracleStrategy-000,MESM6.GLBX,GLBX-001,O-20260310-080225-001-000-794,O-20260310-080239-001-000-795,SELL,FLAT,0,1,1773129745539964711,2026-03-10 08:02:25.539964711+00:00,1773129759984659117,2026-03-10 08:02:39.984659117+00:00,14444694406,6870.0,6868.0,['0.00 USD'],0.00029,2.00 USD,True
BACKTESTER-001,OracleStrategy-000,MESM6.GLBX,GLBX-001,O-20260310-080249-001-000-799,O-20260310-080317-001-000-800,BUY,FLAT,0,1,1773129769700672288,2026-03-10 08:02:49.700672288+00:00,1773129797595348979,2026-03-10 08:03:17.595348979+00:00,27894676691,6867.75,6869.5,['0.00 USD'],0.00025,1.75 USD,True
BACKTESTER-001,OracleStrategy-000,MESM6.GLBX,GLBX-001,O-20260310-080317-001-000-801,O-20260310-080340-001-000-802,SELL,FLAT,0,1,1773129797595348979,2026-03-10 08:03:17.595348979+00:00,1773129820649237977,2026-03-10 08:03:40.649237977+00:00,23053888998,6869.5,6869.5,['0.00 USD'],0.0,0.00 USD,True
BACKTESTER-001,OracleStrategy-000,MESM6.GLBX,GLBX-001,O-20260310-080349-001-000-804,O-20260310-080353-001-000-805,SELL,FLAT,0,1,1773129829505954277,2026-03-10 08:03:49.505954277+00:00,1773129833808834362,2026-03-10 08:03:53.808834362+00:00,4302880085,6869.25,6871.25,['0.00 USD'],-0.00029,-2.00 USD,True
BACKTESTER-001,OracleStrategy-000,MESM6.GLBX,GLBX-001,O-20260310-080507-001-000-809,O-20260310-080544-001-000-810,SELL,FLAT,0,1,1773129907508318502,2026-03-10 08:05:07.508318502+00:00,1773129944111809711,2026-03-10 08:05:44.111809711+00:00,36603491209,6873.25,6873.5,['0.00 USD'],-4e-05,-0.25 USD,True
BACKTESTER-001,OracleStrategy-000,MESM6.GLBX,GLBX-001,O-20260310-080550-001-000-812,O-20260310-080600-001-000-813,BUY,FLAT,0,1,1773129950253214645,2026-03-10 08:05:50.253214645+00:00,1773129960529172711,2026-03-10 08:06:00.529172711+00:00,10275958066,6872.5,6872.75,['0.00 USD'],4e-05,0.25 USD,True
BACKTESTER-001,OracleStrategy-000,MESM6.GLBX,GLBX-001,O-20260310-080613-001-000-815,O-20260310-080732-001-000-816,BUY,FLAT,0,1,1773129973186746650,2026-03-10 08:06:13.186746650+00:00,1773130052659398995,2026-03-10 08:07:32.659398995+00:00,79472652345,6871.0,6873.25,['0.00 USD'],0.00033,2.25 USD,True
BACKTESTER-001,OracleStrategy-000,MESM6.GLBX,GLBX-001,O-20260310-080732-001-000-817,O-20260310-080746-001-000-818,SELL,FLAT,0,1,1773130052659398995,2026-03-10 08:07:32.659398995+00:00,1773130066468445935,2026-03-10 08:07:46.468445935+00:00,13809046940,6873.25,6875.0,['0.00 USD'],-0.00025,-1.75 USD,True
BACKTESTER-001,OracleStrategy-000,MESM6.GLBX,GLBX-001,O-20260310-080759-001-000-822,O-20260310-080814-001-000-823,SELL,FLAT,0,1,1773130079209962979,2026-03-10 08:07:59.209962979+00:00,1773130094568418144,2026-03-10 08:08:14.568418144+00:00,15358455165,6875.5,6876.75,['0.00 USD'],-0.00018,-1.25 USD,True
BACKTESTER-001,OracleStrategy-000,MESM6.GLBX,GLBX-001,O-20260310-080905-001-000-832,O-20260310-080917-001-000-833,BUY,FLAT,0,1,1773130145831992123,2026-03-10 08:09:05.831992123+00:00,1773130157053308587,2026-03-10 08:09:17.053308587+00:00,11221316464,6880.5,6878.5,['0.00 USD'],-0.00029,-2.00 USD,True
BACKTESTER-001,OracleStrategy-000,MESM6.GLBX,GLBX-001,O-20260310-080935-001-000-836,O-20260310-080949-001-000-837,SELL,FLAT,0,1,1773130175077013770,2026-03-10 08:09:35.077013770+00:00,1773130189627665605,2026-03-10 08:09:49.627665605+00:00,14550651835,6880.25,6879.75,['0.00 USD'],7e-05,0.50 USD,True
BACKTESTER-001,OracleStrategy-000,MESM6.GLBX,GLBX-001,O-20260310-081002-001-000-840,O-20260310-081042-001-000-841,SELL,FLAT,0,1,1773130202275257162,2026-03-10 08:10:02.275257162+00:00,1773130242980221000,2026-03-10 08:10:42.980221+00:00,40704963838,6880.5,6878.5,['0.00 USD'],0.00029,2.00 USD,True
BACKTESTER-001,OracleStrategy-000,MESM6.GLBX,GLBX-001,O-20260310-081042-001-000-842,O-20260310-081109-001-000-843,BUY,FLAT,0,1,1773130242980221000,2026-03-10 08:10:42.980221+00:00,1773130269228695709,2026-03-10 08:11:09.228695709+00:00,26248474709,6878.5,6875.75,['0.00 USD'],-0.0004,-2.75 USD,True
BACKTESTER-001,OracleStrategy-000,MESM6.GLBX,GLBX-001,O-20260310-081110-001-000-845,O-20260310-081120-001-000-846,BUY,FLAT,0,1,1773130270624137747,2026-03-10 08:11:10.624137747+00:00,1773130280609473007,2026-03-10 08:11:20.609473007+00:00,9985335260,6876.0,6875.0,['0.00 USD'],-0.00015,-1.00 USD,True
BACKTESTER-001,OracleStrategy-000,MESM6.GLBX,GLBX-001,O-20260310-081155-001-000-849,O-20260310-081255-001-000-850,BUY,FLAT,0,1,1773130315925429839,2026-03-10 08:11:55.925429839+00:00,1773130375598051901,2026-03-10 08:12:55.598051901+00:00,59672622062,6874.75,6874.25,['0.00 USD'],-7e-05,-0.50 USD,True
BACKTESTER-001,OracleStrategy-000,MESM6.GLBX,GLBX-001,O-20260310-081306-001-000-853,O-20260310-081439-001-000-854,BUY,FLAT,0,1,1773130386944707498,2026-03-10 08:13:06.944707498+00:00,1773130479498377853,2026-03-10 08:14:39.498377853+00:00,92553670355,6873.25,6876.5,['0.00 USD'],0.00047,3.25 USD,True
BACKTESTER-001,OracleStrategy-000,MESM6.GLBX,GLBX-001,O-20260310-081439-001-000-855,O-20260310-081559-001-000-856,SELL,FLAT,0,1,1773130479498377853,2026-03-10 08:14:39.498377853+00:00,1773130559271688280,2026-03-10 08:15:59.271688280+00:00,79773310427,6876.5,6877.0,['0.00 USD'],-7e-05,-0.50 USD,True
BACKTESTER-001,OracleStrategy-000,MESM6.GLBX,GLBX-001,O-20260310-081634-001-000-858,O-20260310-081647-001-000-859,SELL,FLAT,0,1,1773130594661604218,2026-03-10 08:16:34.661604218+00:00,1773130607402401159,2026-03-10 08:16:47.402401159+00:00,12740796941,6878.0,6878.75,['0.00 USD'],-0.00011,-0.75 USD,True
BACKTESTER-001,OracleStrategy-000,MESM6.GLBX,GLBX-001,O-20260310-081657-001-000-861,O-20260310-082033-001-000-862,SELL,FLAT,0,1,1773130617554644746,2026-03-10 08:16:57.554644746+00:00,1773130833086799325,2026-03-10 08:20:33.086799325+00:00,215532154579,6877.5,6875.75,['0.00 USD'],0.00025,1.75 USD,True
BACKTESTER-001,OracleStrategy-000,MESM6.GLBX,GLBX-001,O-20260310-082033-001-000-863,O-20260310-082054-001-000-864,BUY,FLAT,0,1,1773130833086799325,2026-03-10 08:20:33.086799325+00:00,1773130854030483303,2026-03-10 08:20:54.030483303+00:00,20943683978,6875.75,6878.75,['0.00 USD'],0.00044,3.00 USD,True
BACKTESTER-001,OracleStrategy-000,MESM6.GLBX,GLBX-001,O-20260310-082054-001-000-865,O-20260310-082151-001-000-866,SELL,FLAT,0,1,1773130854030483303,2026-03-10 08:20:54.030483303+00:00,1773130911797793339,2026-03-10 08:21:51.797793339+00:00,57767310036,6878.75,6878.0,['0.00 USD'],0.00011,0.75 USD,True
BACKTESTER-001,OracleStrategy-000,MESM6.GLBX,GLBX-001,O-20260310-082259-001-000-870,O-20260310-082636-001-000-871,BUY,FLAT,0,1,1773130979697069922,2026-03-10 08:22:59.697069922+00:00,1773131196519402567,2026-03-10 08:26:36.519402567+00:00,216822332645,6875.75,6878.25,['0.00 USD'],0.00036,2.50 USD,True
BACKTESTER-001,OracleStrategy-000,MESM6.GLBX,GLBX-001,O-20260310-082636-001-000-872,O-20260310-082730-001-000-873,SELL,FLAT,0,1,1773131196519402567,2026-03-10 08:26:36.519402567+00:00,1773131250605124877,2026-03-10 08:27:30.605124877+00:00,54085722310,6878.25,6879.5,['0.00 USD'],-0.00018,-1.25 USD,True
BACKTESTER-001,OracleStrategy-000,MESM6.GLBX,GLBX-001,O-20260310-082747-001-000-875,O-20260310-082756-001-000-876,SELL,FLAT,0,1,1773131267635566319,2026-03-10 08:27:47.635566319+00:00,1773131276844399309,2026-03-10 08:27:56.844399309+00:00,9208832990,6879.5,6881.25,['0.00 USD'],-0.00025,-1.75 USD,True
BACKTESTER-001,OracleStrategy-000,MESM6.GLBX,GLBX-001,O-20260310-082800-001-000-878,O-20260310-082804-001-000-879,SELL,FLAT,0,1,1773131280341986280,2026-03-10 08:28:00.341986280+00:00,1773131284428293839,2026-03-10 08:28:04.428293839+00:00,4086307559,6881.5,6881.25,['0.00 USD'],4e-05,0.25 USD,True
BACKTESTER-001,OracleStrategy-000,MESM6.GLBX,GLBX-001,O-20260310-082804-001-000-880,O-20260310-082817-001-000-881,BUY,FLAT,0,1,1773131284428293839,2026-03-10 08:28:04.428293839+00:00,1773131297321274530,2026-03-10 08:28:17.321274530+00:00,12892980691,6881.25,6881.5,['0.00 USD'],4e-05,0.25 USD,True
BACKTESTER-001,OracleStrategy-000,MESM6.GLBX,GLBX-001,O-20260310-082818-001-000-883,O-20260310-082820-001-000-884,SELL,FLAT,0,1,1773131298537418309,2026-03-10 08:28:18.537418309+00:00,1773131300773549547,2026-03-10 08:28:20.773549547+00:00,2236131238,6880.75,6881.0,['0.00 USD'],-4e-05,-0.25 USD,True
BACKTESTER-001,OracleStrategy-000,MESM6.GLBX,GLBX-001,O-20260310-082820-001-000-885,O-20260310-082921-001-000-886,BUY,FLAT,0,1,1773131300773549547,2026-03-10 08:28:20.773549547+00:00,1773131361764061881,2026-03-10 08:29:21.764061881+00:00,60990512334,6881.0,6881.75,['0.00 USD'],0.00011,0.75 USD,True
BACKTESTER-001,OracleStrategy-000,MESM6.GLBX,GLBX-001,O-20260310-082921-001-000-887,O-20260310-082939-001-000-888,SELL,FLAT,0,1,1773131361764061881,2026-03-10 08:29:21.764061881+00:00,1773131379662018682,2026-03-10 08:29:39.662018682+00:00,17897956801,6881.75,6881.5,['0.00 USD'],4e-05,0.25 USD,True
BACKTESTER-001,OracleStrategy-000,MESM6.GLBX,GLBX-001,O-20260310-082940-001-000-890,O-20260310-082954-001-000-891,SELL,FLAT,0,1,1773131380690549447,2026-03-10 08:29:40.690549447+00:00,1773131394384572303,2026-03-10 08:29:54.384572303+00:00,13694022856,6881.75,6881.0,['0.00 USD'],0.00011,0.75 USD,True
BACKTESTER-001,OracleStrategy-000,MESM6.GLBX,GLBX-001,O-20260310-082954-001-000-892,O-20260310-083045-001-000-893,BUY,FLAT,0,1,1773131394384572303,2026-03-10 08:29:54.384572303+00:00,1773131445654032431,2026-03-10 08:30:45.654032431+00:00,51269460128,6881.0,6880.25,['0.00 USD'],-0.00011,-0.75 USD,True
BACKTESTER-001,OracleStrategy-000,MESM6.GLBX,GLBX-001,O-20260310-083103-001-000-895,O-20260310-083131-001-000-896,SELL,FLAT,0,1,1773131463885795786,2026-03-10 08:31:03.885795786+00:00,1773131491907487976,2026-03-10 08:31:31.907487976+00:00,28021692190,6883.0,6880.25,['0.00 USD'],0.0004,2.75 USD,True
BACKTESTER-001,OracleStrategy-000,MESM6.GLBX,GLBX-001,O-20260310-083131-001-000-897,O-20260310-083145-001-000-898,BUY,FLAT,0,1,1773131491907487976,2026-03-10 08:31:31.907487976+00:00,1773131505592890136,2026-03-10 08:31:45.592890136+00:00,13685402160,6880.25,6879.0,['0.00 USD'],-0.00018,-1.25 USD,True
BACKTESTER-001,OracleStrategy-000,MESM6.GLBX,GLBX-001,O-20260310-083229-001-000-900,O-20260310-083428-001-000-901,BUY,FLAT,0,1,1773131549495878885,2026-03-10 08:32:29.495878885+00:00,1773131668828748757,2026-03-10 08:34:28.828748757+00:00,119332869872,6878.0,6877.25,['0.00 USD'],-0.00011,-0.75 USD,True
BACKTESTER-001,OracleStrategy-000,MESM6.GLBX,GLBX-001,O-20260310-083445-001-000-903,O-20260310-083447-001-000-904,SELL,FLAT,0,1,1773131685415258271,2026-03-10 08:34:45.415258271+00:00,1773131687383274423,2026-03-10 08:34:47.383274423+00:00,1968016152,6879.25,6880.25,['0.00 USD'],-0.00015,-1.00 USD,True
BACKTESTER-001,OracleStrategy-000,MESM6.GLBX,GLBX-001,O-20260310-083525-001-000-908,O-20260310-083602-001-000-909,SELL,FLAT,0,1,1773131725859695031,2026-03-10 08:35:25.859695031+00:00,1773131762103022266,2026-03-10 08:36:02.103022266+00:00,36243327235,6882.5,6884.0,['0.00 USD'],-0.00022,-1.50 USD,True
BACKTESTER-001,OracleStrategy-000,MESM6.GLBX,GLBX-001,O-20260310-083644-001-000-913,O-20260310-083707-001-000-914,SELL,FLAT,0,1,1773131804729811657,2026-03-10 08:36:44.729811657+00:00,1773131827197014732,2026-03-10 08:37:07.197014732+00:00,22467203075,6884.0,6883.0,['0.00 USD'],0.00015,1.00 USD,True
BACKTESTER-001,OracleStrategy-000,MESM6.GLBX,GLBX-001,O-20260310-083707-001-000-915,O-20260310-083848-001-000-916,BUY,FLAT,0,1,1773131827197014732,2026-03-10 08:37:07.197014732+00:00,1773131928024026597,2026-03-10 08:38:48.024026597+00:00,100827011865,6883.0,6884.5,['0.00 USD'],0.00022,1.50 USD,True
BACKTESTER-001,OracleStrategy-000,MESM6.GLBX,GLBX-001,O-20260310-083912-001-000-918,O-20260310-083927-001-000-919,SELL,FLAT,0,1,1773131952635545226,2026-03-10 08:39:12.635545226+00:00,1773131967861144964,2026-03-10 08:39:27.861144964+00:00,15225599738,6884.75,6884.5,['0.00 USD'],4e-05,0.25 USD,True
BACKTESTER-001,OracleStrategy-000,MESM6.GLBX,GLBX-001,O-20260310-084046-001-000-923,O-20260310-084115-001-000-924,SELL,FLAT,0,1,1773132046787056714,2026-03-10 08:40:46.787056714+00:00,1773132075878213797,2026-03-10 08:41:15.878213797+00:00,29091157083,6883.5,6883.0,['0.00 USD'],7e-05,0.50 USD,True
BACKTESTER-001,OracleStrategy-000,MESM6.GLBX,GLBX-001,O-20260310-084115-001-000-925,O-20260310-084119-001-000-926,BUY,FLAT,0,1,1773132075878213797,2026-03-10 08:41:15.878213797+00:00,1773132079652029008,2026-03-10 08:41:19.652029008+00:00,3773815211,6883.0,6882.0,['0.00 USD'],-0.00015,-1.00 USD,True
BACKTESTER-001,OracleStrategy-000,MESM6.GLBX,GLBX-001,O-20260310-084128-001-000-928,O-20260310-084205-001-000-929,BUY,FLAT,0,1,1773132088422930111,2026-03-10 08:41:28.422930111+00:00,1773132125091622650,2026-03-10 08:42:05.091622650+00:00,36668692539,6881.5,6883.75,['0.00 USD'],0.00033,2.25 USD,True
BACKTESTER-001,OracleStrategy-000,MESM6.GLBX,GLBX-001,O-20260310-084217-001-000-931,O-20260310-084222-001-000-932,SELL,FLAT,0,1,1773132137230716885,2026-03-10 08:42:17.230716885+00:00,1773132142219946245,2026-03-10 08:42:22.219946245+00:00,4989229360,6883.25,6882.5,['0.00 USD'],0.00011,0.75 USD,True
BACKTESTER-001,OracleStrategy-000,MESM6.GLBX,GLBX-001,O-20260310-084222-001-000-933,O-20260310-084239-001-000-934,BUY,FLAT,0,1,1773132142219946245,2026-03-10 08:42:22.219946245+00:00,1773132159154331449,2026-03-10 08:42:39.154331449+00:00,16934385204,6882.5,6881.75,['0.00 USD'],-0.00011,-0.75 USD,True
BACKTESTER-001,OracleStrategy-000,MESM6.GLBX,GLBX-001,O-20260310-084240-001-000-936,O-20260310-084334-001-000-937,BUY,FLAT,0,1,1773132160905710091,2026-03-10 08:42:40.905710091+00:00,1773132214431147752,2026-03-10 08:43:34.431147752+00:00,53525437661,6881.75,6883.75,['0.00 USD'],0.00029,2.00 USD,True
BACKTESTER-001,OracleStrategy-000,MESM6.GLBX,GLBX-001,O-20260310-084334-001-000-938,O-20260310-084500-001-000-939,SELL,FLAT,0,1,1773132214431147752,2026-03-10 08:43:34.431147752+00:00,1773132300569854660,2026-03-10 08:45:00.569854660+00:00,86138706908,6883.75,6882.0,['0.00 USD'],0.00025,1.75 USD,True
BACKTESTER-001,OracleStrategy-000,MESM6.GLBX,GLBX-001,O-20260310-084500-001-000-940,O-20260310-084602-001-000-941,BUY,FLAT,0,1,1773132300569854660,2026-03-10 08:45:00.569854660+00:00,1773132362174517581,2026-03-10 08:46:02.174517581+00:00,61604662921,6882.0,6883.0,['0.00 USD'],0.00015,1.00 USD,True
BACKTESTER-001,OracleStrategy-000,MESM6.GLBX,GLBX-001,O-20260310-084602-001-000-942,O-20260310-084653-001-000-943,SELL,FLAT,0,1,1773132362174517581,2026-03-10 08:46:02.174517581+00:00,1773132413212661042,2026-03-10 08:46:53.212661042+00:00,51038143461,6883.0,6882.25,['0.00 USD'],0.00011,0.75 USD,True
BACKTESTER-001,OracleStrategy-000,MESM6.GLBX,GLBX-001,O-20260310-084655-001-000-945,O-20260310-084740-001-000-946,BUY,FLAT,0,1,1773132415722383031,2026-03-10 08:46:55.722383031+00:00,1773132460588071439,2026-03-10 08:47:40.588071439+00:00,44865688408,6883.0,6884.25,['0.00 USD'],0.00018,1.25 USD,True
BACKTESTER-001,OracleStrategy-000,MESM6.GLBX,GLBX-001,O-20260310-084740-001-000-947,O-20260310-084752-001-000-948,SELL,FLAT,0,1,1773132460588071439,2026-03-10 08:47:40.588071439+00:00,1773132472146200154,2026-03-10 08:47:52.146200154+00:00,11558128715,6884.25,6883.25,['0.00 USD'],0.00015,1.00 USD,True
BACKTESTER-001,OracleStrategy-000,MESM6.GLBX,GLBX-001,O-20260310-084754-001-000-950,O-20260310-084835-001-000-951,BUY,FLAT,0,1,1773132474398275863,2026-03-10 08:47:54.398275863+00:00,1773132515118409398,2026-03-10 08:48:35.118409398+00:00,40720133535,6883.75,6883.75,['0.00 USD'],0.0,0.00 USD,True
BACKTESTER-001,OracleStrategy-000,MESM6.GLBX,GLBX-001,O-20260310-084835-001-000-952,O-20260310-084836-001-000-953,SELL,FLAT,0,1,1773132515118409398,2026-03-10 08:48:35.118409398+00:00,1773132516278600559,2026-03-10 08:48:36.278600559+00:00,1160191161,6883.75,6883.25,['0.00 USD'],7e-05,0.50 USD,True
BACKTESTER-001,OracleStrategy-000,MESM6.GLBX,GLBX-001,O-20260310-084836-001-000-954,O-20260310-084950-001-000-955,BUY,FLAT,0,1,1773132516278600559,2026-03-10 08:48:36.278600559+00:00,1773132590769684594,2026-03-10 08:49:50.769684594+00:00,74491084035,6883.25,6881.75,['0.00 USD'],-0.00022,-1.50 USD,True
BACKTESTER-001,OracleStrategy-000,MESM6.GLBX,GLBX-001,O-20260310-085028-001-000-961,O-20260310-085109-001-000-962,BUY,FLAT,0,1,1773132628773555920,2026-03-10 08:50:28.773555920+00:00,1773132669413037058,2026-03-10 08:51:09.413037058+00:00,40639481138,6879.25,6876.5,['0.00 USD'],-0.0004,-2.75 USD,True
BACKTESTER-001,OracleStrategy-000,MESM6.GLBX,GLBX-001,O-20260310-085126-001-000-965,O-20260310-085136-001-000-966,BUY,FLAT,0,1,1773132686476174659,2026-03-10 08:51:26.476174659+00:00,1773132696135514738,2026-03-10 08:51:36.135514738+00:00,9659340079,6874.25,6874.5,['0.00 USD'],4e-05,0.25 USD,True
BACKTESTER-001,OracleStrategy-000,MESM6.GLBX,GLBX-001,O-20260310-085217-001-000-969,O-20260310-085221-001-000-970,BUY,FLAT,0,1,1773132737854797031,2026-03-10 08:52:17.854797031+00:00,1773132741033673776,2026-03-10 08:52:21.033673776+00:00,3178876745,6873.75,6875.0,['0.00 USD'],0.00018,1.25 USD,True
BACKTESTER-001,OracleStrategy-000,MESM6.GLBX,GLBX-001,O-20260310-085221-001-000-971,O-20260310-085233-001-000-972,SELL,FLAT,0,1,1773132741033673776,2026-03-10 08:52:21.033673776+00:00,1773132753380728242,2026-03-10 08:52:33.380728242+00:00,12347054466,6875.0,6874.25,['0.00 USD'],0.00011,0.75 USD,True
BACKTESTER-001,OracleStrategy-000,MESM6.GLBX,GLBX-001,O-20260310-085243-001-000-974,O-20260310-085257-001-000-975,SELL,FLAT,0,1,1773132763879484347,2026-03-10 08:52:43.879484347+00:00,1773132777865829779,2026-03-10 08:52:57.865829779+00:00,13986345432,6876.0,6876.0,['0.00 USD'],0.0,0.00 USD,True
BACKTESTER-001,OracleStrategy-000,MESM6.GLBX,GLBX-001,O-20260310-085334-001-000-978,O-20260310-085359-001-000-979,BUY,FLAT,0,1,1773132814258868086,2026-03-10 08:53:34.258868086+00:00,1773132839848716560,2026-03-10 08:53:59.848716560+00:00,25589848474,6874.0,6874.75,['0.00 USD'],0.00011,0.75 USD,True
BACKTESTER-001,OracleStrategy-000,MESM6.GLBX,GLBX-001,O-20260310-085511-001-000-982,O-20260310-085645-001-000-983,SELL,FLAT,0,1,1773132911082947442,2026-03-10 08:55:11.082947442+00:00,1773133005763613599,2026-03-10 08:56:45.763613599+00:00,94680666157,6876.75,6873.75,['0.00 USD'],0.00044,3.00 USD,True
BACKTESTER-001,OracleStrategy-000,MESM6.GLBX,GLBX-001,O-20260310-085645-001-000-984,O-20260310-085721-001-000-985,BUY,FLAT,0,1,1773133005763613599,2026-03-10 08:56:45.763613599+00:00,1773133041294111312,2026-03-10 08:57:21.294111312+00:00,35530497713,6873.75,6873.75,['0.00 USD'],0.0,0.00 USD,True
BACKTESTER-001,OracleStrategy-000,MESM6.GLBX,GLBX-001,O-20260310-085732-001-000-987,O-20260310-085844-001-000-988,BUY,FLAT,0,1,1773133052622199715,2026-03-10 08:57:32.622199715+00:00,1773133124002428045,2026-03-10 08:58:44.002428045+00:00,71380228330,6873.5,6871.0,['0.00 USD'],-0.00036,-2.50 USD,True
BACKTESTER-001,OracleStrategy-000,MESM6.GLBX,GLBX-001,O-20260310-085909-001-000-992,O-20260310-085916-001-000-993,BUY,FLAT,0,1,1773133149397201458,2026-03-10 08:59:09.397201458+00:00,1773133156055522451,2026-03-10 08:59:16.055522451+00:00,6658320993,6870.5,6870.5,['0.00 USD'],0.0,0.00 USD,True
BACKTESTER-001,OracleStrategy-000,MESM6.GLBX,GLBX-001,O-20260310-085916-001-000-994,O-20260310-090019-001-000-995,SELL,FLAT,0,1,1773133156055522451,2026-03-10 08:59:16.055522451+00:00,1773133219838858539,2026-03-10 09:00:19.838858539+00:00,63783336088,6870.5,6872.25,['0.00 USD'],-0.00025,-1.75 USD,True
BACKTESTER-001,OracleStrategy-000,MESM6.GLBX,GLBX-001,O-20260310-090030-001-000-997,O-20260310-090058-001-000-998,BUY,FLAT,0,1,1773133230365252695,2026-03-10 09:00:30.365252695+00:00,1773133258872870890,2026-03-10 09:00:58.872870890+00:00,28507618195,6871.0,6873.5,['0.00 USD'],0.00036,2.50 USD,True
BACKTESTER-001,OracleStrategy-000,MESM6.GLBX,GLBX-001,O-20260310-090058-001-000-999,O-20260310-090159-001-000-1000,SELL,FLAT,0,1,1773133258872870890,2026-03-10 09:00:58.872870890+00:00,1773133319916097314,2026-03-10 09:01:59.916097314+00:00,61043226424,6873.5,6875.25,['0.00 USD'],-0.00025,-1.75 USD,True
BACKTESTER-001,OracleStrategy-000,MESM6.GLBX,GLBX-001,O-20260310-090217-001-000-1002,O-20260310-090236-001-000-1003,SELL,FLAT,0,1,1773133337342523365,2026-03-10 09:02:17.342523365+00:00,1773133356008387478,2026-03-10 09:02:36.008387478+00:00,18665864113,6874.75,6874.75,['0.00 USD'],0.0,0.00 USD,True
BACKTESTER-001,OracleStrategy-000,MESM6.GLBX,GLBX-001,O-20260310-090236-001-000-1004,O-20260310-090244-001-000-1005,BUY,FLAT,0,1,1773133356008387478,2026-03-10 09:02:36.008387478+00:00,1773133364215483698,2026-03-10 09:02:44.215483698+00:00,8207096220,6874.75,6874.25,['0.00 USD'],-7e-05,-0.50 USD,True
BACKTESTER-001,OracleStrategy-000,MESM6.GLBX,GLBX-001,O-20260310-090244-001-000-1006,O-20260310-090245-001-000-1007,SELL,FLAT,0,1,1773133364215483698,2026-03-10 09:02:44.215483698+00:00,1773133365380756480,2026-03-10 09:02:45.380756480+00:00,1165272782,6874.25,6874.0,['0.00 USD'],4e-05,0.25 USD,True
BACKTESTER-001,OracleStrategy-000,MESM6.GLBX,GLBX-001,O-20260310-090245-001-000-1008,O-20260310-090248-001-000-1009,BUY,FLAT,0,1,1773133365380756480,2026-03-10 09:02:45.380756480+00:00,1773133368012499485,2026-03-10 09:02:48.012499485+00:00,2631743005,6874.0,6875.0,['0.00 USD'],0.00015,1.00 USD,True
BACKTESTER-001,OracleStrategy-000,MESM6.GLBX,GLBX-001,O-20260310-090248-001-000-1010,O-20260310-090249-001-000-1011,SELL,FLAT,0,1,1773133368012499485,2026-03-10 09:02:48.012499485+00:00,1773133369907836554,2026-03-10 09:02:49.907836554+00:00,1895337069,6875.0,6874.75,['0.00 USD'],4e-05,0.25 USD,True
BACKTESTER-001,OracleStrategy-000,MESM6.GLBX,GLBX-001,O-20260310-090249-001-000-1012,O-20260310-090507-001-000-1013,BUY,FLAT,0,1,1773133369907836554,2026-03-10 09:02:49.907836554+00:00,1773133507131826821,2026-03-10 09:05:07.131826821+00:00,137223990267,6874.75,6876.75,['0.00 USD'],0.00029,2.00 USD,True
BACKTESTER-001,OracleStrategy-000,MESM6.GLBX,GLBX-001,O-20260310-090507-001-000-1014,O-20260310-090559-001-000-1015,SELL,FLAT,0,1,1773133507131826821,2026-03-10 09:05:07.131826821+00:00,1773133559812671962,2026-03-10 09:05:59.812671962+00:00,52680845141,6876.75,6877.5,['0.00 USD'],-0.00011,-0.75 USD,True
BACKTESTER-001,OracleStrategy-000,MESM6.GLBX,GLBX-001,O-20260310-090629-001-000-1019,O-20260310-090757-001-000-1020,SELL,FLAT,0,1,1773133589454298784,2026-03-10 09:06:29.454298784+00:00,1773133677917563003,2026-03-10 09:07:57.917563003+00:00,88463264219,6878.5,6880.0,['0.00 USD'],-0.00022,-1.50 USD,True
BACKTESTER-001,OracleStrategy-000,MESM6.GLBX,GLBX-001,O-20260310-090759-001-000-1022,O-20260310-090804-001-000-1023,SELL,FLAT,0,1,1773133679652664087,2026-03-10 09:07:59.652664087+00:00,1773133684673306008,2026-03-10 09:08:04.673306008+00:00,5020641921,6879.5,6879.25,['0.00 USD'],4e-05,0.25 USD,True
BACKTESTER-001,OracleStrategy-000,MESM6.GLBX,GLBX-001,O-20260310-090804-001-000-1024,O-20260310-090828-001-000-1025,BUY,FLAT,0,1,1773133684673306008,2026-03-10 09:08:04.673306008+00:00,1773133708562881246,2026-03-10 09:08:28.562881246+00:00,23889575238,6879.25,6879.5,['0.00 USD'],4e-05,0.25 USD,True
BACKTESTER-001,OracleStrategy-000,MESM6.GLBX,GLBX-001,O-20260310-090828-001-000-1026,O-20260310-091039-001-000-1027,SELL,FLAT,0,1,1773133708562881246,2026-03-10 09:08:28.562881246+00:00,1773133839402973383,2026-03-10 09:10:39.402973383+00:00,130840092137,6879.5,6882.5,['0.00 USD'],-0.00044,-3.00 USD,True
BACKTESTER-001,OracleStrategy-000,MESM6.GLBX,GLBX-001,O-20260310-091057-001-000-1030,O-20260310-091105-001-000-1031,SELL,FLAT,0,1,1773133857910215564,2026-03-10 09:10:57.910215564+00:00,1773133865374620042,2026-03-10 09:11:05.374620042+00:00,7464404478,6883.5,6882.75,['0.00 USD'],0.00011,0.75 USD,True
BACKTESTER-001,OracleStrategy-000,MESM6.GLBX,GLBX-001,O-20260310-091133-001-000-1035,O-20260310-091137-001-000-1036,BUY,FLAT,0,1,1773133893837554975,2026-03-10 09:11:33.837554975+00:00,1773133897848659405,2026-03-10 09:11:37.848659405+00:00,4011104430,6879.75,6879.75,['0.00 USD'],0.0,0.00 USD,True
BACKTESTER-001,OracleStrategy-000,MESM6.GLBX,GLBX-001,O-20260310-091143-001-000-1038,O-20260310-091202-001-000-1039,BUY,FLAT,0,1,1773133903921986434,2026-03-10 09:11:43.921986434+00:00,1773133922292054109,2026-03-10 09:12:02.292054109+00:00,18370067675,6879.5,6879.5,['0.00 USD'],0.0,0.00 USD,True
BACKTESTER-001,OracleStrategy-000,MESM6.GLBX,GLBX-001,O-20260310-091202-001-000-1040,O-20260310-091453-001-000-1041,SELL,FLAT,0,1,1773133922292054109,2026-03-10 09:12:02.292054109+00:00,1773134093335654635,2026-03-10 09:14:53.335654635+00:00,171043600526,6879.5,6881.25,['0.00 USD'],-0.00025,-1.75 USD,True
BACKTESTER-001,OracleStrategy-000,MESM6.GLBX,GLBX-001,O-20260310-091515-001-000-1043,O-20260310-091519-001-000-1044,SELL,FLAT,0,1,1773134115604997903,2026-03-10 09:15:15.604997903+00:00,1773134119583394321,2026-03-10 09:15:19.583394321+00:00,3978396418,6880.25,6879.0,['0.00 USD'],0.00018,1.25 USD,True
BACKTESTER-001,OracleStrategy-000,MESM6.GLBX,GLBX-001,O-20260310-091519-001-000-1045,O-20260310-091600-001-000-1046,BUY,FLAT,0,1,1773134119583394321,2026-03-10 09:15:19.583394321+00:00,1773134160829022764,2026-03-10 09:16:00.829022764+00:00,41245628443,6879.0,6880.25,['0.00 USD'],0.00018,1.25 USD,True
BACKTESTER-001,OracleStrategy-000,MESM6.GLBX,GLBX-001,O-20260310-091600-001-000-1047,O-20260310-091735-001-000-1048,SELL,FLAT,0,1,1773134160829022764,2026-03-10 09:16:00.829022764+00:00,1773134255156587099,2026-03-10 09:17:35.156587099+00:00,94327564335,6880.25,6878.0,['0.00 USD'],0.00033,2.25 USD,True
BACKTESTER-001,OracleStrategy-000,MESM6.GLBX,GLBX-001,O-20260310-091735-001-000-1049,O-20260310-091855-001-000-1050,BUY,FLAT,0,1,1773134255156587099,2026-03-10 09:17:35.156587099+00:00,1773134335138168877,2026-03-10 09:18:55.138168877+00:00,79981581778,6878.0,6878.5,['0.00 USD'],7e-05,0.50 USD,True
BACKTESTER-001,OracleStrategy-000,MESM6.GLBX,GLBX-001,O-20260310-091900-001-000-1052,O-20260310-091949-001-000-1053,SELL,FLAT,0,1,1773134340224340151,2026-03-10 09:19:00.224340151+00:00,1773134389971285443,2026-03-10 09:19:49.971285443+00:00,49746945292,6880.25,6878.75,['0.00 USD'],0.00022,1.50 USD,True
BACKTESTER-001,OracleStrategy-000,MESM6.GLBX,GLBX-001,O-20260310-091949-001-000-1054,O-20260310-091952-001-000-1055,BUY,FLAT,0,1,1773134389971285443,2026-03-10 09:19:49.971285443+00:00,1773134392907708879,2026-03-10 09:19:52.907708879+00:00,2936423436,6878.75,6878.75,['0.00 USD'],0.0,0.00 USD,True
BACKTESTER-001,OracleStrategy-000,MESM6.GLBX,GLBX-001,O-20260310-092043-001-000-1060,O-20260310-092050-001-000-1061,BUY,FLAT,0,1,1773134443907395674,2026-03-10 09:20:43.907395674+00:00,1773134450014277917,2026-03-10 09:20:50.014277917+00:00,6106882243,6878.0,6877.25,['0.00 USD'],-0.00011,-0.75 USD,True
BACKTESTER-001,OracleStrategy-000,MESM6.GLBX,GLBX-001,O-20260310-092050-001-000-1062,O-20260310-092143-001-000-1063,SELL,FLAT,0,1,1773134450014277917,2026-03-10 09:20:50.014277917+00:00,1773134503436651272,2026-03-10 09:21:43.436651272+00:00,53422373355,6877.25,6876.5,['0.00 USD'],0.00011,0.75 USD,True
BACKTESTER-001,OracleStrategy-000,MESM6.GLBX,GLBX-001,O-20260310-092143-001-000-1064,O-20260310-092328-001-000-1065,BUY,FLAT,0,1,1773134503436651272,2026-03-10 09:21:43.436651272+00:00,1773134608500699643,2026-03-10 09:23:28.500699643+00:00,105064048371,6876.5,6876.0,['0.00 USD'],-7e-05,-0.50 USD,True
BACKTESTER-001,OracleStrategy-000,MESM6.GLBX,GLBX-001,O-20260310-092347-001-000-1067,O-20260310-092434-001-000-1068,BUY,FLAT,0,1,1773134627832798794,2026-03-10 09:23:47.832798794+00:00,1773134674484096362,2026-03-10 09:24:34.484096362+00:00,46651297568,6875.25,6875.75,['0.00 USD'],7e-05,0.50 USD,True
BACKTESTER-001,OracleStrategy-000,MESM6.GLBX,GLBX-001,O-20260310-092551-001-000-1071,O-20260310-092839-001-000-1072,SELL,FLAT,0,1,1773134751944603240,2026-03-10 09:25:51.944603240+00:00,1773134919675044208,2026-03-10 09:28:39.675044208+00:00,167730440968,6876.5,6876.5,['0.00 USD'],0.0,0.00 USD,True
BACKTESTER-001,OracleStrategy-000,MESM6.GLBX,GLBX-001,O-20260310-092908-001-000-1075,O-20260310-093243-001-000-1076,SELL,FLAT,0,1,1773134948126111671,2026-03-10 09:29:08.126111671+00:00,1773135163520537306,2026-03-10 09:32:43.520537306+00:00,215394425635,6877.25,6878.5,['0.00 USD'],-0.00018,-1.25 USD,True
BACKTESTER-001,OracleStrategy-000,MESM6.GLBX,GLBX-001,O-20260310-093437-001-000-1081,O-20260310-093636-001-000-1082,BUY,FLAT,0,1,1773135277490484016,2026-03-10 09:34:37.490484016+00:00,1773135396617829922,2026-03-10 09:36:36.617829922+00:00,119127345906,6878.0,6880.75,['0.00 USD'],0.0004,2.75 USD,True
BACKTESTER-001,OracleStrategy-000,MESM6.GLBX,GLBX-001,O-20260310-093636-001-000-1083,O-20260310-093723-001-000-1084,SELL,FLAT,0,1,1773135396617829922,2026-03-10 09:36:36.617829922+00:00,1773135443819336962,2026-03-10 09:37:23.819336962+00:00,47201507040,6880.75,6880.25,['0.00 USD'],7e-05,0.50 USD,True
BACKTESTER-001,OracleStrategy-000,MESM6.GLBX,GLBX-001,O-20260310-094000-001-000-1087,O-20260310-094342-001-000-1088,BUY,FLAT,0,1,1773135600015962831,2026-03-10 09:40:00.015962831+00:00,1773135822594096149,2026-03-10 09:43:42.594096149+00:00,222578133318,6877.0,6878.0,['0.00 USD'],0.00015,1.00 USD,True
BACKTESTER-001,OracleStrategy-000,MESM6.GLBX,GLBX-001,O-20260310-094415-001-000-1091,O-20260310-094913-001-000-1092,SELL,FLAT,0,1,1773135855501928735,2026-03-10 09:44:15.501928735+00:00,1773136153115130015,2026-03-10 09:49:13.115130015+00:00,297613201280,6879.0,6873.5,['0.00 USD'],0.0008,5.50 USD,True
BACKTESTER-001,OracleStrategy-000,MESM6.GLBX,GLBX-001,O-20260310-094913-001-000-1093,O-20260310-094932-001-000-1094,BUY,FLAT,0,1,1773136153115130015,2026-03-10 09:49:13.115130015+00:00,1773136172051192815,2026-03-10 09:49:32.051192815+00:00,18936062800,6873.5,6872.75,['0.00 USD'],-0.00011,-0.75 USD,True
BACKTESTER-001,OracleStrategy-000,MESM6.GLBX,GLBX-001,O-20260310-094938-001-000-1096,O-20260310-094947-001-000-1097,SELL,FLAT,0,1,1773136178082171858,2026-03-10 09:49:38.082171858+00:00,1773136187135869435,2026-03-10 09:49:47.135869435+00:00,9053697577,6873.75,6874.0,['0.00 USD'],-4e-05,-0.25 USD,True
BACKTESTER-001,OracleStrategy-000,MESM6.GLBX,GLBX-001,O-20260310-094947-001-000-1098,O-20260310-095133-001-000-1099,BUY,FLAT,0,1,1773136187135869435,2026-03-10 09:49:47.135869435+00:00,1773136293979894111,2026-03-10 09:51:33.979894111+00:00,106844024676,6874.0,6877.75,['0.00 USD'],0.00055,3.75 USD,True
BACKTESTER-001,OracleStrategy-000,MESM6.GLBX,GLBX-001,O-20260310-095138-001-000-1102,O-20260310-095351-001-000-1103,SELL,FLAT,0,1,1773136298890761982,2026-03-10 09:51:38.890761982+00:00,1773136431667806501,2026-03-10 09:53:51.667806501+00:00,132777044519,6877.75,6875.0,['0.00 USD'],0.0004,2.75 USD,True
BACKTESTER-001,OracleStrategy-000,MESM6.GLBX,GLBX-001,O-20260310-095351-001-000-1104,O-20260310-095359-001-000-1105,BUY,FLAT,0,1,1773136431667806501,2026-03-10 09:53:51.667806501+00:00,1773136439449076543,2026-03-10 09:53:59.449076543+00:00,7781270042,6875.0,6875.0,['0.00 USD'],0.0,0.00 USD,True
BACKTESTER-001,OracleStrategy-000,MESM6.GLBX,GLBX-001,O-20260310-095609-001-000-1108,O-20260310-095801-001-000-1109,BUY,FLAT,0,1,1773136569237335410,2026-03-10 09:56:09.237335410+00:00,1773136681989968432,2026-03-10 09:58:01.989968432+00:00,112752633022,6874.5,6872.5,['0.00 USD'],-0.00029,-2.00 USD,True
BACKTESTER-001,OracleStrategy-000,MESM6.GLBX,GLBX-001,O-20260310-100038-001-000-1114,O-20260310-100043-001-000-1115,BUY,FLAT,0,1,1773136838995279000,2026-03-10 10:00:38.995279+00:00,1773136843024986698,2026-03-10 10:00:43.024986698+00:00,4029707698,6869.75,6868.75,['0.00 USD'],-0.00015,-1.00 USD,True
BACKTESTER-001,OracleStrategy-000,MESM6.GLBX,GLBX-001,O-20260310-100124-001-000-1120,O-20260310-100141-001-000-1121,BUY,FLAT,0,1,1773136884760142954,2026-03-10 10:01:24.760142954+00:00,1773136901468344848,2026-03-10 10:01:41.468344848+00:00,16708201894,6868.0,6867.0,['0.00 USD'],-0.00015,-1.00 USD,True
BACKTESTER-001,OracleStrategy-000,MESM6.GLBX,GLBX-001,O-20260310-100230-001-000-1124,O-20260310-100335-001-000-1125,SELL,FLAT,0,1,1773136950846010791,2026-03-10 10:02:30.846010791+00:00,1773137015399786488,2026-03-10 10:03:35.399786488+00:00,64553775697,6868.0,6868.0,['0.00 USD'],0.0,0.00 USD,True
BACKTESTER-001,OracleStrategy-000,MESM6.GLBX,GLBX-001,O-20260310-100351-001-000-1127,O-20260310-100600-001-000-1128,SELL,FLAT,0,1,1773137031373636058,2026-03-10 10:03:51.373636058+00:00,1773137160826217991,2026-03-10 10:06:00.826217991+00:00,129452581933,6868.5,6868.25,['0.00 USD'],4e-05,0.25 USD,True
BACKTESTER-001,OracleStrategy-000,MESM6.GLBX,GLBX-001,O-20260310-100600-001-000-1129,O-20260310-100617-001-000-1130,BUY,FLAT,0,1,1773137160826217991,2026-03-10 10:06:00.826217991+00:00,1773137177538135027,2026-03-10 10:06:17.538135027+00:00,16711917036,6868.25,6867.5,['0.00 USD'],-0.00011,-0.75 USD,True
BACKTESTER-001,OracleStrategy-000,MESM6.GLBX,GLBX-001,O-20260310-100622-001-000-1132,O-20260310-100804-001-000-1133,BUY,FLAT,0,1,1773137182253010374,2026-03-10 10:06:22.253010374+00:00,1773137284211021701,2026-03-10 10:08:04.211021701+00:00,101958011327,6867.5,6867.5,['0.00 USD'],0.0,0.00 USD,True
BACKTESTER-001,OracleStrategy-000,MESM6.GLBX,GLBX-001,O-20260310-100804-001-000-1134,O-20260310-100821-001-000-1135,SELL,FLAT,0,1,1773137284211021701,2026-03-10 10:08:04.211021701+00:00,1773137301700138693,2026-03-10 10:08:21.700138693+00:00,17489116992,6867.5,6865.0,['0.00 USD'],0.00036,2.50 USD,True
BACKTESTER-001,OracleStrategy-000,MESM6.GLBX,GLBX-001,O-20260310-100821-001-000-1136,O-20260310-101010-001-000-1137,BUY,FLAT,0,1,1773137301700138693,2026-03-10 10:08:21.700138693+00:00,1773137410600221602,2026-03-10 10:10:10.600221602+00:00,108900082909,6865.0,6866.25,['0.00 USD'],0.00018,1.25 USD,True
BACKTESTER-001,OracleStrategy-000,MESM6.GLBX,GLBX-001,O-20260310-101119-001-000-1140,O-20260310-101143-001-000-1141,SELL,FLAT,0,1,1773137479544670949,2026-03-10 10:11:19.544670949+00:00,1773137503422432719,2026-03-10 10:11:43.422432719+00:00,23877761770,6866.0,6863.25,['0.00 USD'],0.0004,2.75 USD,True
BACKTESTER-001,OracleStrategy-000,MESM6.GLBX,GLBX-001,O-20260310-101143-001-000-1142,O-20260310-101200-001-000-1143,BUY,FLAT,0,1,1773137503422432719,2026-03-10 10:11:43.422432719+00:00,1773137520538405893,2026-03-10 10:12:00.538405893+00:00,17115973174,6863.25,6864.25,['0.00 USD'],0.00015,1.00 USD,True
BACKTESTER-001,OracleStrategy-000,MESM6.GLBX,GLBX-001,O-20260310-101412-001-000-1147,O-20260310-101459-001-000-1148,SELL,FLAT,0,1,1773137652430857336,2026-03-10 10:14:12.430857336+00:00,1773137699299501112,2026-03-10 10:14:59.299501112+00:00,46868643776,6864.5,6864.25,['0.00 USD'],4e-05,0.25 USD,True
BACKTESTER-001,OracleStrategy-000,MESM6.GLBX,GLBX-001,O-20260310-101459-001-000-1149,O-20260310-101534-001-000-1150,BUY,FLAT,0,1,1773137699299501112,2026-03-10 10:14:59.299501112+00:00,1773137734347019858,2026-03-10 10:15:34.347019858+00:00,35047518746,6864.25,6865.75,['0.00 USD'],0.00022,1.50 USD,True
BACKTESTER-001,OracleStrategy-000,MESM6.GLBX,GLBX-001,O-20260310-101534-001-000-1151,O-20260310-101544-001-000-1152,SELL,FLAT,0,1,1773137734347019858,2026-03-10 10:15:34.347019858+00:00,1773137744387909216,2026-03-10 10:15:44.387909216+00:00,10040889358,6865.75,6866.0,['0.00 USD'],-4e-05,-0.25 USD,True
BACKTESTER-001,OracleStrategy-000,MESM6.GLBX,GLBX-001,O-20260310-101803-001-000-1156,O-20260310-101818-001-000-1157,BUY,FLAT,0,1,1773137883820281751,2026-03-10 10:18:03.820281751+00:00,1773137898354820927,2026-03-10 10:18:18.354820927+00:00,14534539176,6862.75,6862.75,['0.00 USD'],0.0,0.00 USD,True
BACKTESTER-001,OracleStrategy-000,MESM6.GLBX,GLBX-001,O-20260310-101925-001-000-1161,O-20260310-101928-001-000-1162,BUY,FLAT,0,1,1773137965681010706,2026-03-10 10:19:25.681010706+00:00,1773137968917682117,2026-03-10 10:19:28.917682117+00:00,3236671411,6860.5,6859.75,['0.00 USD'],-0.00011,-0.75 USD,True
BACKTESTER-001,OracleStrategy-000,MESM6.GLBX,GLBX-001,O-20260310-101940-001-000-1164,O-20260310-102059-001-000-1165,BUY,FLAT,0,1,1773137980888817731,2026-03-10 10:19:40.888817731+00:00,1773138059748707248,2026-03-10 10:20:59.748707248+00:00,78859889517,6858.75,6860.25,['0.00 USD'],0.00022,1.50 USD,True
BACKTESTER-001,OracleStrategy-000,MESM6.GLBX,GLBX-001,O-20260310-102131-001-000-1167,O-20260310-102139-001-000-1168,BUY,FLAT,0,1,1773138091100543487,2026-03-10 10:21:31.100543487+00:00,1773138099439317974,2026-03-10 10:21:39.439317974+00:00,8338774487,6860.0,6859.75,['0.00 USD'],-4e-05,-0.25 USD,True
BACKTESTER-001,OracleStrategy-000,MESM6.GLBX,GLBX-001,O-20260310-102139-001-000-1169,O-20260310-102145-001-000-1170,SELL,FLAT,0,1,1773138099439317974,2026-03-10 10:21:39.439317974+00:00,1773138105972892149,2026-03-10 10:21:45.972892149+00:00,6533574175,6859.75,6860.25,['0.00 USD'],-7e-05,-0.50 USD,True
BACKTESTER-001,OracleStrategy-000,MESM6.GLBX,GLBX-001,O-20260310-102240-001-000-1173,O-20260310-102252-001-000-1174,SELL,FLAT,0,1,1773138160734108443,2026-03-10 10:22:40.734108443+00:00,1773138172761825269,2026-03-10 10:22:52.761825269+00:00,12027716826,6862.5,6862.75,['0.00 USD'],-4e-05,-0.25 USD,True
BACKTESTER-001,OracleStrategy-000,MESM6.GLBX,GLBX-001,O-20260310-102400-001-000-1176,O-20260310-102606-001-000-1177,SELL,FLAT,0,1,1773138240140105746,2026-03-10 10:24:00.140105746+00:00,1773138366831997221,2026-03-10 10:26:06.831997221+00:00,126691891475,6863.25,6863.5,['0.00 USD'],-4e-05,-0.25 USD,True
BACKTESTER-001,OracleStrategy-000,MESM6.GLBX,GLBX-001,O-20260310-102619-001-000-1179,O-20260310-102628-001-000-1180,SELL,FLAT,0,1,1773138379042625176,2026-03-10 10:26:19.042625176+00:00,1773138388375348053,2026-03-10 10:26:28.375348053+00:00,9332722877,6863.5,6864.25,['0.00 USD'],-0.00011,-0.75 USD,True
BACKTESTER-001,OracleStrategy-000,MESM6.GLBX,GLBX-001,O-20260310-102802-001-000-1182,O-20260310-102850-001-000-1183,BUY,FLAT,0,1,1773138482851195842,2026-03-10 10:28:02.851195842+00:00,1773138530269826111,2026-03-10 10:28:50.269826111+00:00,47418630269,6863.25,6867.0,['0.00 USD'],0.00055,3.75 USD,True
BACKTESTER-001,OracleStrategy-000,MESM6.GLBX,GLBX-001,O-20260310-102850-001-000-1184,O-20260310-102904-001-000-1185,SELL,FLAT,0,1,1773138530269826111,2026-03-10 10:28:50.269826111+00:00,1773138544673644623,2026-03-10 10:29:04.673644623+00:00,14403818512,6867.0,6867.0,['0.00 USD'],0.0,0.00 USD,True
BACKTESTER-001,OracleStrategy-000,MESM6.GLBX,GLBX-001,O-20260310-103113-001-000-1191,O-20260310-103200-001-000-1192,SELL,FLAT,0,1,1773138673828632512,2026-03-10 10:31:13.828632512+00:00,1773138720188912755,2026-03-10 10:32:00.188912755+00:00,46360280243,6869.25,6866.75,['0.00 USD'],0.00036,2.50 USD,True
BACKTESTER-001,OracleStrategy-000,MESM6.GLBX,GLBX-001,O-20260310-103200-001-000-1193,O-20260310-103254-001-000-1194,BUY,FLAT,0,1,1773138720188912755,2026-03-10 10:32:00.188912755+00:00,1773138774797075762,2026-03-10 10:32:54.797075762+00:00,54608163007,6866.75,6865.0,['0.00 USD'],-0.00025,-1.75 USD,True
BACKTESTER-001,OracleStrategy-000,MESM6.GLBX,GLBX-001,O-20260310-103616-001-000-1201,O-20260310-103651-001-000-1202,BUY,FLAT,0,1,1773138976833739549,2026-03-10 10:36:16.833739549+00:00,1773139011320929040,2026-03-10 10:36:51.320929040+00:00,34487189491,6862.5,6859.75,['0.00 USD'],-0.0004,-2.75 USD,True
BACKTESTER-001,OracleStrategy-000,MESM6.GLBX,GLBX-001,O-20260310-103651-001-000-1203,O-20260310-103659-001-000-1204,SELL,FLAT,0,1,1773139011320929040,2026-03-10 10:36:51.320929040+00:00,1773139019942967677,2026-03-10 10:36:59.942967677+00:00,8622038637,6859.75,6858.0,['0.00 USD'],0.00026,1.75 USD,True
BACKTESTER-001,OracleStrategy-000,MESM6.GLBX,GLBX-001,O-20260310-103659-001-000-1205,O-20260310-103731-001-000-1206,BUY,FLAT,0,1,1773139019942967677,2026-03-10 10:36:59.942967677+00:00,1773139051738692565,2026-03-10 10:37:31.738692565+00:00,31795724888,6858.0,6856.0,['0.00 USD'],-0.00029,-2.00 USD,True
BACKTESTER-001,OracleStrategy-000,MESM6.GLBX,GLBX-001,O-20260310-103749-001-000-1208,O-20260310-103808-001-000-1209,BUY,FLAT,0,1,1773139069985869520,2026-03-10 10:37:49.985869520+00:00,1773139088495478059,2026-03-10 10:38:08.495478059+00:00,18509608539,6855.0,6856.5,['0.00 USD'],0.00022,1.50 USD,True
BACKTESTER-001,OracleStrategy-000,MESM6.GLBX,GLBX-001,O-20260310-103808-001-000-1210,O-20260310-103852-001-000-1211,SELL,FLAT,0,1,1773139088495478059,2026-03-10 10:38:08.495478059+00:00,1773139132358914293,2026-03-10 10:38:52.358914293+00:00,43863436234,6856.5,6856.0,['0.00 USD'],7e-05,0.50 USD,True
BACKTESTER-001,OracleStrategy-000,MESM6.GLBX,GLBX-001,O-20260310-103852-001-000-1212,O-20260310-103857-001-000-1213,BUY,FLAT,0,1,1773139132358914293,2026-03-10 10:38:52.358914293+00:00,1773139137508857686,2026-03-10 10:38:57.508857686+00:00,5149943393,6856.0,6854.75,['0.00 USD'],-0.00018,-1.25 USD,True
BACKTESTER-001,OracleStrategy-000,MESM6.GLBX,GLBX-001,O-20260310-103905-001-000-1215,O-20260310-103910-001-000-1216,BUY,FLAT,0,1,1773139145846266623,2026-03-10 10:39:05.846266623+00:00,1773139150038161288,2026-03-10 10:39:10.038161288+00:00,4191894665,6854.5,6855.75,['0.00 USD'],0.00018,1.25 USD,True
BACKTESTER-001,OracleStrategy-000,MESM6.GLBX,GLBX-001,O-20260310-103910-001-000-1217,O-20260310-103925-001-000-1218,SELL,FLAT,0,1,1773139150038161288,2026-03-10 10:39:10.038161288+00:00,1773139165992480316,2026-03-10 10:39:25.992480316+00:00,15954319028,6855.75,6854.5,['0.00 USD'],0.00018,1.25 USD,True
BACKTESTER-001,OracleStrategy-000,MESM6.GLBX,GLBX-001,O-20260310-103938-001-000-1220,O-20260310-104113-001-000-1221,BUY,FLAT,0,1,1773139178578840367,2026-03-10 10:39:38.578840367+00:00,1773139273359584976,2026-03-10 10:41:13.359584976+00:00,94780744609,6855.75,6858.75,['0.00 USD'],0.00044,3.00 USD,True
BACKTESTER-001,OracleStrategy-000,MESM6.GLBX,GLBX-001,O-20260310-104113-001-000-1222,O-20260310-104116-001-000-1223,SELL,FLAT,0,1,1773139273359584976,2026-03-10 10:41:13.359584976+00:00,1773139276754119819,2026-03-10 10:41:16.754119819+00:00,3394534843,6858.75,6858.75,['0.00 USD'],0.0,0.00 USD,True
BACKTESTER-001,OracleStrategy-000,MESM6.GLBX,GLBX-001,O-20260310-104137-001-000-1225,O-20260310-104218-001-000-1226,SELL,FLAT,0,1,1773139297792445421,2026-03-10 10:41:37.792445421+00:00,1773139338492947320,2026-03-10 10:42:18.492947320+00:00,40700501899,6859.5,6859.25,['0.00 USD'],4e-05,0.25 USD,True
BACKTESTER-001,OracleStrategy-000,MESM6.GLBX,GLBX-001,O-20260310-104238-001-000-1229,O-20260310-104326-001-000-1230,SELL,FLAT,0,1,1773139358032843890,2026-03-10 10:42:38.032843890+00:00,1773139406691476496,2026-03-10 10:43:26.691476496+00:00,48658632606,6860.25,6862.5,['0.00 USD'],-0.00033,-2.25 USD,True
BACKTESTER-001,OracleStrategy-000,MESM6.GLBX,GLBX-001,O-20260310-104329-001-000-1232,O-20260310-104453-001-000-1233,SELL,FLAT,0,1,1773139409946835151,2026-03-10 10:43:29.946835151+00:00,1773139493189982859,2026-03-10 10:44:53.189982859+00:00,83243147708,6863.25,6863.25,['0.00 USD'],0.0,0.00 USD,True
BACKTESTER-001,OracleStrategy-000,MESM6.GLBX,GLBX-001,O-20260310-104643-001-000-1235,O-20260310-104702-001-000-1236,BUY,FLAT,0,1,1773139603754405528,2026-03-10 10:46:43.754405528+00:00,1773139622607194597,2026-03-10 10:47:02.607194597+00:00,18852789069,6859.75,6860.5,['0.00 USD'],0.00011,0.75 USD,True
BACKTESTER-001,OracleStrategy-000,MESM6.GLBX,GLBX-001,O-20260310-104715-001-000-1238,O-20260310-104737-001-000-1239,BUY,FLAT,0,1,1773139635848294744,2026-03-10 10:47:15.848294744+00:00,1773139657382098219,2026-03-10 10:47:37.382098219+00:00,21533803475,6860.0,6860.5,['0.00 USD'],7e-05,0.50 USD,True
BACKTESTER-001,OracleStrategy-000,MESM6.GLBX,GLBX-001,O-20260310-104737-001-000-1240,O-20260310-104912-001-000-1241,SELL,FLAT,0,1,1773139657382098219,2026-03-10 10:47:37.382098219+00:00,1773139752395630546,2026-03-10 10:49:12.395630546+00:00,95013532327,6860.5,6860.75,['0.00 USD'],-4e-05,-0.25 USD,True
BACKTESTER-001,OracleStrategy-000,MESM6.GLBX,GLBX-001,O-20260310-105103-001-000-1243,O-20260310-105131-001-000-1244,BUY,FLAT,0,1,1773139863360572928,2026-03-10 10:51:03.360572928+00:00,1773139891744446379,2026-03-10 10:51:31.744446379+00:00,28383873451,6860.5,6862.0,['0.00 USD'],0.00022,1.50 USD,True
BACKTESTER-001,OracleStrategy-000,MESM6.GLBX,GLBX-001,O-20260310-105131-001-000-1245,O-20260310-105206-001-000-1246,SELL,FLAT,0,1,1773139891744446379,2026-03-10 10:51:31.744446379+00:00,1773139926152944482,2026-03-10 10:52:06.152944482+00:00,34408498103,6862.0,6864.5,['0.00 USD'],-0.00036,-2.50 USD,True
BACKTESTER-001,OracleStrategy-000,MESM6.GLBX,GLBX-001,O-20260310-105837-001-000-1250,O-20260310-110008-001-000-1251,SELL,FLAT,0,1,1773140317544509973,2026-03-10 10:58:37.544509973+00:00,1773140408049293231,2026-03-10 11:00:08.049293231+00:00,90504783258,6865.25,6864.5,['0.00 USD'],0.00011,0.75 USD,True
BACKTESTER-001,OracleStrategy-000,MESM6.GLBX,GLBX-001,O-20260310-110008-001-000-1252,O-20260310-110017-001-000-1253,BUY,FLAT,0,1,1773140408049293231,2026-03-10 11:00:08.049293231+00:00,1773140417283738672,2026-03-10 11:00:17.283738672+00:00,9234445441,6864.5,6864.5,['0.00 USD'],0.0,0.00 USD,True
BACKTESTER-001,OracleStrategy-000,MESM6.GLBX,GLBX-001,O-20260310-110106-001-000-1255,O-20260310-110115-001-000-1256,SELL,FLAT,0,1,1773140466869330764,2026-03-10 11:01:06.869330764+00:00,1773140475343357569,2026-03-10 11:01:15.343357569+00:00,8474026805,6864.25,6864.0,['0.00 USD'],4e-05,0.25 USD,True
BACKTESTER-001,OracleStrategy-000,MESM6.GLBX,GLBX-001,O-20260310-110115-001-000-1257,O-20260310-110136-001-000-1258,BUY,FLAT,0,1,1773140475343357569,2026-03-10 11:01:15.343357569+00:00,1773140496392254875,2026-03-10 11:01:36.392254875+00:00,21048897306,6864.0,6862.5,['0.00 USD'],-0.00022,-1.50 USD,True
BACKTESTER-001,OracleStrategy-000,MESM6.GLBX,GLBX-001,O-20260310-110150-001-000-1260,O-20260310-110253-001-000-1261,BUY,FLAT,0,1,1773140510252721801,2026-03-10 11:01:50.252721801+00:00,1773140573149800415,2026-03-10 11:02:53.149800415+00:00,62897078614,6862.0,6860.5,['0.00 USD'],-0.00022,-1.50 USD,True
BACKTESTER-001,OracleStrategy-000,MESM6.GLBX,GLBX-001,O-20260310-110324-001-000-1263,O-20260310-110432-001-000-1264,BUY,FLAT,0,1,1773140604752278503,2026-03-10 11:03:24.752278503+00:00,1773140672522575831,2026-03-10 11:04:32.522575831+00:00,67770297328,6860.0,6867.25,['0.00 USD'],0.00106,7.25 USD,True
BACKTESTER-001,OracleStrategy-000,MESM6.GLBX,GLBX-001,O-20260310-110438-001-000-1268,O-20260310-110440-001-000-1269,BUY,FLAT,0,1,1773140678968036728,2026-03-10 11:04:38.968036728+00:00,1773140680331454359,2026-03-10 11:04:40.331454359+00:00,1363417631,6868.0,6868.5,['0.00 USD'],7e-05,0.50 USD,True
BACKTESTER-001,OracleStrategy-000,MESM6.GLBX,GLBX-001,O-20260310-110451-001-000-1278,O-20260310-110509-001-000-1279,SELL,FLAT,0,1,1773140691251689334,2026-03-10 11:04:51.251689334+00:00,1773140709036089575,2026-03-10 11:05:09.036089575+00:00,17784400241,6870.25,6870.75,['0.00 USD'],-7e-05,-0.50 USD,True
BACKTESTER-001,OracleStrategy-000,MESM6.GLBX,GLBX-001,O-20260310-110509-001-000-1280,O-20260310-110517-001-000-1281,BUY,FLAT,0,1,1773140709036089575,2026-03-10 11:05:09.036089575+00:00,1773140717648634748,2026-03-10 11:05:17.648634748+00:00,8612545173,6870.75,6873.75,['0.00 USD'],0.00044,3.00 USD,True
BACKTESTER-001,OracleStrategy-000,MESM6.GLBX,GLBX-001,O-20260310-110517-001-000-1282,O-20260310-110518-001-000-1283,SELL,FLAT,0,1,1773140717648634748,2026-03-10 11:05:17.648634748+00:00,1773140718809912035,2026-03-10 11:05:18.809912035+00:00,1161277287,6873.75,6874.0,['0.00 USD'],-4e-05,-0.25 USD,True
BACKTESTER-001,OracleStrategy-000,MESM6.GLBX,GLBX-001,O-20260310-110539-001-000-1287,O-20260310-110549-001-000-1288,BUY,FLAT,0,1,1773140739456445831,2026-03-10 11:05:39.456445831+00:00,1773140749086056389,2026-03-10 11:05:49.086056389+00:00,9629610558,6872.0,6872.5,['0.00 USD'],7e-05,0.50 USD,True
BACKTESTER-001,OracleStrategy-000,MESM6.GLBX,GLBX-001,O-20260310-110557-001-000-1291,O-20260310-110626-001-000-1292,SELL,FLAT,0,1,1773140757844975023,2026-03-10 11:05:57.844975023+00:00,1773140786692506212,2026-03-10 11:06:26.692506212+00:00,28847531189,6874.5,6869.0,['0.00 USD'],0.0008,5.50 USD,True
BACKTESTER-001,OracleStrategy-000,MESM6.GLBX,GLBX-001,O-20260310-110626-001-000-1293,O-20260310-110633-001-000-1294,BUY,FLAT,0,1,1773140786692506212,2026-03-10 11:06:26.692506212+00:00,1773140793128586098,2026-03-10 11:06:33.128586098+00:00,6436079886,6869.0,6869.0,['0.00 USD'],0.0,0.00 USD,True
BACKTESTER-001,OracleStrategy-000,MESM6.GLBX,GLBX-001,O-20260310-110638-001-000-1296,O-20260310-110650-001-000-1297,BUY,FLAT,0,1,1773140798951896701,2026-03-10 11:06:38.951896701+00:00,1773140810015346831,2026-03-10 11:06:50.015346831+00:00,11063450130,6868.0,6866.75,['0.00 USD'],-0.00018,-1.25 USD,True
BACKTESTER-001,OracleStrategy-000,MESM6.GLBX,GLBX-001,O-20260310-110742-001-000-1304,O-20260310-110855-001-000-1305,BUY,FLAT,0,1,1773140862543978600,2026-03-10 11:07:42.543978600+00:00,1773140935098657201,2026-03-10 11:08:55.098657201+00:00,72554678601,6863.5,6860.5,['0.00 USD'],-0.00044,-3.00 USD,True
BACKTESTER-001,OracleStrategy-000,MESM6.GLBX,GLBX-001,O-20260310-110953-001-000-1308,O-20260310-110959-001-000-1309,BUY,FLAT,0,1,1773140993621044994,2026-03-10 11:09:53.621044994+00:00,1773140999223677266,2026-03-10 11:09:59.223677266+00:00,5602632272,6860.75,6859.75,['0.00 USD'],-0.00015,-1.00 USD,True
BACKTESTER-001,OracleStrategy-000,MESM6.GLBX,GLBX-001,O-20260310-111007-001-000-1311,O-20260310-111453-001-000-1312,SELL,FLAT,0,1,1773141007846845485,2026-03-10 11:10:07.846845485+00:00,1773141293288160880,2026-03-10 11:14:53.288160880+00:00,285441315395,6860.5,6853.75,['0.00 USD'],0.00098,6.75 USD,True
BACKTESTER-001,OracleStrategy-000,MESM6.GLBX,GLBX-001,O-20260310-111453-001-000-1313,O-20260310-111515-001-000-1314,BUY,FLAT,0,1,1773141293288160880,2026-03-10 11:14:53.288160880+00:00,1773141315011581936,2026-03-10 11:15:15.011581936+00:00,21723421056,6853.75,6855.75,['0.00 USD'],0.00029,2.00 USD,True
BACKTESTER-001,OracleStrategy-000,MESM6.GLBX,GLBX-001,O-20260310-111517-001-000-1316,O-20260310-111659-001-000-1317,SELL,FLAT,0,1,1773141317894160546,2026-03-10 11:15:17.894160546+00:00,1773141419594240626,2026-03-10 11:16:59.594240626+00:00,101700080080,6855.25,6854.0,['0.00 USD'],0.00018,1.25 USD,True
BACKTESTER-001,OracleStrategy-000,MESM6.GLBX,GLBX-001,O-20260310-111659-001-000-1318,O-20260310-111727-001-000-1319,BUY,FLAT,0,1,1773141419594240626,2026-03-10 11:16:59.594240626+00:00,1773141447542400930,2026-03-10 11:17:27.542400930+00:00,27948160304,6854.0,6854.75,['0.00 USD'],0.00011,0.75 USD,True
BACKTESTER-001,OracleStrategy-000,MESM6.GLBX,GLBX-001,O-20260310-111727-001-000-1320,O-20260310-111813-001-000-1321,SELL,FLAT,0,1,1773141447542400930,2026-03-10 11:17:27.542400930+00:00,1773141493019596456,2026-03-10 11:18:13.019596456+00:00,45477195526,6854.75,6854.0,['0.00 USD'],0.00011,0.75 USD,True
BACKTESTER-001,OracleStrategy-000,MESM6.GLBX,GLBX-001,O-20260310-111833-001-000-1323,O-20260310-111845-001-000-1324,BUY,FLAT,0,1,1773141513512926645,2026-03-10 11:18:33.512926645+00:00,1773141525991337805,2026-03-10 11:18:45.991337805+00:00,12478411160,6854.5,6854.0,['0.00 USD'],-7e-05,-0.50 USD,True
BACKTESTER-001,OracleStrategy-000,MESM6.GLBX,GLBX-001,O-20260310-111909-001-000-1326,O-20260310-111950-001-000-1327,BUY,FLAT,0,1,1773141549872956168,2026-03-10 11:19:09.872956168+00:00,1773141590334792255,2026-03-10 11:19:50.334792255+00:00,40461836087,6852.0,6850.0,['0.00 USD'],-0.00029,-2.00 USD,True
BACKTESTER-001,OracleStrategy-000,MESM6.GLBX,GLBX-001,O-20260310-111958-001-000-1329,O-20260310-112005-001-000-1330,BUY,FLAT,0,1,1773141598411574131,2026-03-10 11:19:58.411574131+00:00,1773141605524653151,2026-03-10 11:20:05.524653151+00:00,7113079020,6849.5,6849.75,['0.00 USD'],4e-05,0.25 USD,True
BACKTESTER-001,OracleStrategy-000,MESM6.GLBX,GLBX-001,O-20260310-112243-001-000-1333,O-20260310-112333-001-000-1334,SELL,FLAT,0,1,1773141763213381320,2026-03-10 11:22:43.213381320+00:00,1773141813406140379,2026-03-10 11:23:33.406140379+00:00,50192759059,6852.5,6854.75,['0.00 USD'],-0.00033,-2.25 USD,True
BACKTESTER-001,OracleStrategy-000,MESM6.GLBX,GLBX-001,O-20260310-112446-001-000-1337,O-20260310-112516-001-000-1338,SELL,FLAT,0,1,1773141886300192003,2026-03-10 11:24:46.300192003+00:00,1773141916898732923,2026-03-10 11:25:16.898732923+00:00,30598540920,6854.5,6856.0,['0.00 USD'],-0.00022,-1.50 USD,True
BACKTESTER-001,OracleStrategy-000,MESM6.GLBX,GLBX-001,O-20260310-112629-001-000-1342,O-20260310-112708-001-000-1343,SELL,FLAT,0,1,1773141989218930491,2026-03-10 11:26:29.218930491+00:00,1773142028198608336,2026-03-10 11:27:08.198608336+00:00,38979677845,6855.25,6855.25,['0.00 USD'],0.0,0.00 USD,True
BACKTESTER-001,OracleStrategy-000,MESM6.GLBX,GLBX-001,O-20260310-112708-001-000-1344,O-20260310-112729-001-000-1345,BUY,FLAT,0,1,1773142028198608336,2026-03-10 11:27:08.198608336+00:00,1773142049225541725,2026-03-10 11:27:29.225541725+00:00,21026933389,6855.25,6853.75,['0.00 USD'],-0.00022,-1.50 USD,True
BACKTESTER-001,OracleStrategy-000,MESM6.GLBX,GLBX-001,O-20260310-112744-001-000-1347,O-20260310-112803-001-000-1348,BUY,FLAT,0,1,1773142064076018543,2026-03-10 11:27:44.076018543+00:00,1773142083836423825,2026-03-10 11:28:03.836423825+00:00,19760405282,6853.75,6852.75,['0.00 USD'],-0.00015,-1.00 USD,True
BACKTESTER-001,OracleStrategy-000,MESM6.GLBX,GLBX-001,O-20260310-112951-001-000-1352,O-20260310-113206-001-000-1353,SELL,FLAT,0,1,1773142191130124130,2026-03-10 11:29:51.130124130+00:00,1773142326540648192,2026-03-10 11:32:06.540648192+00:00,135410524062,6854.0,6849.0,['0.00 USD'],0.00073,5.00 USD,True
BACKTESTER-001,OracleStrategy-000,MESM6.GLBX,GLBX-001,O-20260310-113206-001-000-1354,O-20260310-113210-001-000-1355,BUY,FLAT,0,1,1773142326540648192,2026-03-10 11:32:06.540648192+00:00,1773142330628242338,2026-03-10 11:32:10.628242338+00:00,4087594146,6849.0,6848.0,['0.00 USD'],-0.00015,-1.00 USD,True
BACKTESTER-001,OracleStrategy-000,MESM6.GLBX,GLBX-001,O-20260310-113224-001-000-1357,O-20260310-113233-001-000-1358,BUY,FLAT,0,1,1773142344264445861,2026-03-10 11:32:24.264445861+00:00,1773142353912563525,2026-03-10 11:32:33.912563525+00:00,9648117664,6848.5,6848.5,['0.00 USD'],0.0,0.00 USD,True
BACKTESTER-001,OracleStrategy-000,MESM6.GLBX,GLBX-001,O-20260310-113233-001-000-1359,O-20260310-113311-001-000-1360,SELL,FLAT,0,1,1773142353912563525,2026-03-10 11:32:33.912563525+00:00,1773142391876054355,2026-03-10 11:33:11.876054355+00:00,37963490830,6848.5,6848.25,['0.00 USD'],4e-05,0.25 USD,True
BACKTESTER-001,OracleStrategy-000,MESM6.GLBX,GLBX-001,O-20260310-113349-001-000-1362,O-20260310-113403-001-000-1363,SELL,FLAT,0,1,1773142429495465480,2026-03-10 11:33:49.495465480+00:00,1773142443850790022,2026-03-10 11:34:03.850790022+00:00,14355324542,6850.5,6850.0,['0.00 USD'],7e-05,0.50 USD,True
BACKTESTER-001,OracleStrategy-000,MESM6.GLBX,GLBX-001,O-20260310-113416-001-000-1365,O-20260310-113509-001-000-1366,SELL,FLAT,0,1,1773142456408635456,2026-03-10 11:34:16.408635456+00:00,1773142509477166283,2026-03-10 11:35:09.477166283+00:00,53068530827,6849.25,6847.75,['0.00 USD'],0.00022,1.50 USD,True
BACKTESTER-001,OracleStrategy-000,MESM6.GLBX,GLBX-001,O-20260310-113509-001-000-1367,O-20260310-113556-001-000-1368,BUY,FLAT,0,1,1773142509477166283,2026-03-10 11:35:09.477166283+00:00,1773142556497258459,2026-03-10 11:35:56.497258459+00:00,47020092176,6847.75,6849.75,['0.00 USD'],0.00029,2.00 USD,True
BACKTESTER-001,OracleStrategy-000,MESM6.GLBX,GLBX-001,O-20260310-113556-001-000-1369,O-20260310-113600-001-000-1370,SELL,FLAT,0,1,1773142556497258459,2026-03-10 11:35:56.497258459+00:00,1773142560281739667,2026-03-10 11:36:00.281739667+00:00,3784481208,6849.75,6850.25,['0.00 USD'],-7e-05,-0.50 USD,True
BACKTESTER-001,OracleStrategy-000,MESM6.GLBX,GLBX-001,O-20260310-113615-001-000-1372,O-20260310-113725-001-000-1373,SELL,FLAT,0,1,1773142575259317216,2026-03-10 11:36:15.259317216+00:00,1773142645731590306,2026-03-10 11:37:25.731590306+00:00,70472273090,6851.75,6847.25,['0.00 USD'],0.00066,4.50 USD,True
BACKTESTER-001,OracleStrategy-000,MESM6.GLBX,GLBX-001,O-20260310-113725-001-000-1374,O-20260310-113735-001-000-1375,BUY,FLAT,0,1,1773142645731590306,2026-03-10 11:37:25.731590306+00:00,1773142655240830018,2026-03-10 11:37:35.240830018+00:00,9509239712,6847.25,6848.0,['0.00 USD'],0.00011,0.75 USD,True
BACKTESTER-001,OracleStrategy-000,MESM6.GLBX,GLBX-001,O-20260310-113756-001-000-1377,O-20260310-113812-001-000-1378,SELL,FLAT,0,1,1773142676111282314,2026-03-10 11:37:56.111282314+00:00,1773142692495586608,2026-03-10 11:38:12.495586608+00:00,16384304294,6848.75,6848.25,['0.00 USD'],7e-05,0.50 USD,True
BACKTESTER-001,OracleStrategy-000,MESM6.GLBX,GLBX-001,O-20260310-113827-001-000-1380,O-20260310-113856-001-000-1381,BUY,FLAT,0,1,1773142707058919599,2026-03-10 11:38:27.058919599+00:00,1773142736385677696,2026-03-10 11:38:56.385677696+00:00,29326758097,6847.75,6847.75,['0.00 USD'],0.0,0.00 USD,True
BACKTESTER-001,OracleStrategy-000,MESM6.GLBX,GLBX-001,O-20260310-114014-001-000-1384,O-20260310-114123-001-000-1385,BUY,FLAT,0,1,1773142814990450088,2026-03-10 11:40:14.990450088+00:00,1773142883694650044,2026-03-10 11:41:23.694650044+00:00,68704199956,6846.5,6847.5,['0.00 USD'],0.00015,1.00 USD,True
BACKTESTER-001,OracleStrategy-000,MESM6.GLBX,GLBX-001,O-20260310-114123-001-000-1386,O-20260310-114127-001-000-1387,SELL,FLAT,0,1,1773142883694650044,2026-03-10 11:41:23.694650044+00:00,1773142887869629354,2026-03-10 11:41:27.869629354+00:00,4174979310,6847.5,6847.0,['0.00 USD'],7e-05,0.50 USD,True
BACKTESTER-001,OracleStrategy-000,MESM6.GLBX,GLBX-001,O-20260310-114144-001-000-1389,O-20260310-114300-001-000-1390,SELL,FLAT,0,1,1773142904055023759,2026-03-10 11:41:44.055023759+00:00,1773142980941243695,2026-03-10 11:43:00.941243695+00:00,76886219936,6847.5,6844.0,['0.00 USD'],0.00051,3.50 USD,True
BACKTESTER-001,OracleStrategy-000,MESM6.GLBX,GLBX-001,O-20260310-114300-001-000-1391,O-20260310-114304-001-000-1392,BUY,FLAT,0,1,1773142980941243695,2026-03-10 11:43:00.941243695+00:00,1773142984419214181,2026-03-10 11:43:04.419214181+00:00,3477970486,6844.0,6843.5,['0.00 USD'],-7e-05,-0.50 USD,True
BACKTESTER-001,OracleStrategy-000,MESM6.GLBX,GLBX-001,O-20260310-114316-001-000-1396,O-20260310-114349-001-000-1397,BUY,FLAT,0,1,1773142996913792499,2026-03-10 11:43:16.913792499+00:00,1773143029170715053,2026-03-10 11:43:49.170715053+00:00,32256922554,6842.0,6843.0,['0.00 USD'],0.00015,1.00 USD,True
BACKTESTER-001,OracleStrategy-000,MESM6.GLBX,GLBX-001,O-20260310-114349-001-000-1398,O-20260310-114412-001-000-1399,SELL,FLAT,0,1,1773143029170715053,2026-03-10 11:43:49.170715053+00:00,1773143052608646346,2026-03-10 11:44:12.608646346+00:00,23437931293,6843.0,6844.25,['0.00 USD'],-0.00018,-1.25 USD,True
BACKTESTER-001,OracleStrategy-000,MESM6.GLBX,GLBX-001,O-20260310-114530-001-000-1404,O-20260310-114539-001-000-1405,BUY,FLAT,0,1,1773143130035082221,2026-03-10 11:45:30.035082221+00:00,1773143139122009226,2026-03-10 11:45:39.122009226+00:00,9086927005,6842.5,6840.75,['0.00 USD'],-0.00026,-1.75 USD,True
BACKTESTER-001,OracleStrategy-000,MESM6.GLBX,GLBX-001,O-20260310-114546-001-000-1407,O-20260310-114550-001-000-1408,BUY,FLAT,0,1,1773143146812585619,2026-03-10 11:45:46.812585619+00:00,1773143150602652762,2026-03-10 11:45:50.602652762+00:00,3790067143,6840.0,6839.75,['0.00 USD'],-4e-05,-0.25 USD,True
BACKTESTER-001,OracleStrategy-000,MESM6.GLBX,GLBX-001,O-20260310-114624-001-000-1410,O-20260310-114637-001-000-1411,BUY,FLAT,0,1,1773143184764108390,2026-03-10 11:46:24.764108390+00:00,1773143197947507699,2026-03-10 11:46:37.947507699+00:00,13183399309,6839.75,6838.75,['0.00 USD'],-0.00015,-1.00 USD,True
BACKTESTER-001,OracleStrategy-000,MESM6.GLBX,GLBX-001,O-20260310-114639-001-000-1413,O-20260310-114701-001-000-1414,BUY,FLAT,0,1,1773143199608046586,2026-03-10 11:46:39.608046586+00:00,1773143221621617235,2026-03-10 11:47:01.621617235+00:00,22013570649,6839.25,6839.0,['0.00 USD'],-4e-05,-0.25 USD,True
BACKTESTER-001,OracleStrategy-000,MESM6.GLBX,GLBX-001,O-20260310-114701-001-000-1415,O-20260310-114704-001-000-1416,SELL,FLAT,0,1,1773143221621617235,2026-03-10 11:47:01.621617235+00:00,1773143224758357320,2026-03-10 11:47:04.758357320+00:00,3136740085,6839.0,6838.75,['0.00 USD'],4e-05,0.25 USD,True
BACKTESTER-001,OracleStrategy-000,MESM6.GLBX,GLBX-001,O-20260310-114704-001-000-1417,O-20260310-114716-001-000-1418,BUY,FLAT,0,1,1773143224758357320,2026-03-10 11:47:04.758357320+00:00,1773143236191473311,2026-03-10 11:47:16.191473311+00:00,11433115991,6838.75,6837.75,['0.00 USD'],-0.00015,-1.00 USD,True
BACKTESTER-001,OracleStrategy-000,MESM6.GLBX,GLBX-001,O-20260310-114749-001-000-1421,O-20260310-114850-001-000-1422,SELL,FLAT,0,1,1773143269310909877,2026-03-10 11:47:49.310909877+00:00,1773143330081160103,2026-03-10 11:48:50.081160103+00:00,60770250226,6841.75,6840.0,['0.00 USD'],0.00026,1.75 USD,True
BACKTESTER-001,OracleStrategy-000,MESM6.GLBX,GLBX-001,O-20260310-114946-001-000-1426,O-20260310-115000-001-000-1427,SELL,FLAT,0,1,1773143386520197353,2026-03-10 11:49:46.520197353+00:00,1773143400266579048,2026-03-10 11:50:00.266579048+00:00,13746381695,6840.75,6840.75,['0.00 USD'],0.0,0.00 USD,True
BACKTESTER-001,OracleStrategy-000,MESM6.GLBX,GLBX-001,O-20260310-115000-001-000-1428,O-20260310-115008-001-000-1429,BUY,FLAT,0,1,1773143400266579048,2026-03-10 11:50:00.266579048+00:00,1773143408448876252,2026-03-10 11:50:08.448876252+00:00,8182297204,6840.75,6841.75,['0.00 USD'],0.00015,1.00 USD,True
BACKTESTER-001,OracleStrategy-000,MESM6.GLBX,GLBX-001,O-20260310-115008-001-000-1430,O-20260310-115109-001-000-1431,SELL,FLAT,0,1,1773143408448876252,2026-03-10 11:50:08.448876252+00:00,1773143469267233931,2026-03-10 11:51:09.267233931+00:00,60818357679,6841.75,6843.5,['0.00 USD'],-0.00026,-1.75 USD,True
BACKTESTER-001,OracleStrategy-000,MESM6.GLBX,GLBX-001,O-20260310-115115-001-000-1433,O-20260310-115122-001-000-1434,SELL,FLAT,0,1,1773143475844114386,2026-03-10 11:51:15.844114386+00:00,1773143482393388597,2026-03-10 11:51:22.393388597+00:00,6549274211,6843.0,6842.75,['0.00 USD'],4e-05,0.25 USD,True
BACKTESTER-001,OracleStrategy-000,MESM6.GLBX,GLBX-001,O-20260310-115122-001-000-1435,O-20260310-115139-001-000-1436,BUY,FLAT,0,1,1773143482393388597,2026-03-10 11:51:22.393388597+00:00,1773143499596754106,2026-03-10 11:51:39.596754106+00:00,17203365509,6842.75,6844.0,['0.00 USD'],0.00018,1.25 USD,True
BACKTESTER-001,OracleStrategy-000,MESM6.GLBX,GLBX-001,O-20260310-115139-001-000-1437,O-20260310-115154-001-000-1438,SELL,FLAT,0,1,1773143499596754106,2026-03-10 11:51:39.596754106+00:00,1773143514015759827,2026-03-10 11:51:54.015759827+00:00,14419005721,6844.0,6844.75,['0.00 USD'],-0.00011,-0.75 USD,True
BACKTESTER-001,OracleStrategy-000,MESM6.GLBX,GLBX-001,O-20260310-115155-001-000-1440,O-20260310-115357-001-000-1441,BUY,FLAT,0,1,1773143515806402178,2026-03-10 11:51:55.806402178+00:00,1773143637987418781,2026-03-10 11:53:57.987418781+00:00,122181016603,6845.0,6845.25,['0.00 USD'],4e-05,0.25 USD,True
BACKTESTER-001,OracleStrategy-000,MESM6.GLBX,GLBX-001,O-20260310-115357-001-000-1442,O-20260310-115425-001-000-1443,SELL,FLAT,0,1,1773143637987418781,2026-03-10 11:53:57.987418781+00:00,1773143665627654599,2026-03-10 11:54:25.627654599+00:00,27640235818,6845.25,6843.75,['0.00 USD'],0.00022,1.50 USD,True
BACKTESTER-001,OracleStrategy-000,MESM6.GLBX,GLBX-001,O-20260310-115425-001-000-1444,O-20260310-115438-001-000-1445,BUY,FLAT,0,1,1773143665627654599,2026-03-10 11:54:25.627654599+00:00,1773143678802345234,2026-03-10 11:54:38.802345234+00:00,13174690635,6843.75,6843.5,['0.00 USD'],-4e-05,-0.25 USD,True
BACKTESTER-001,OracleStrategy-000,MESM6.GLBX,GLBX-001,O-20260310-115552-001-000-1448,O-20260310-115554-001-000-1449,BUY,FLAT,0,1,1773143752098946287,2026-03-10 11:55:52.098946287+00:00,1773143754043042355,2026-03-10 11:55:54.043042355+00:00,1944096068,6841.25,6841.25,['0.00 USD'],0.0,0.00 USD,True
BACKTESTER-001,OracleStrategy-000,MESM6.GLBX,GLBX-001,O-20260310-115602-001-000-1451,O-20260310-115732-001-000-1452,BUY,FLAT,0,1,1773143762267687154,2026-03-10 11:56:02.267687154+00:00,1773143852896939498,2026-03-10 11:57:32.896939498+00:00,90629252344,6842.0,6839.25,['0.00 USD'],-0.0004,-2.75 USD,True
BACKTESTER-001,OracleStrategy-000,MESM6.GLBX,GLBX-001,O-20260310-115735-001-000-1454,O-20260310-115757-001-000-1455,BUY,FLAT,0,1,1773143855049940157,2026-03-10 11:57:35.049940157+00:00,1773143877339402856,2026-03-10 11:57:57.339402856+00:00,22289462699,6840.75,6843.0,['0.00 USD'],0.00033,2.25 USD,True
BACKTESTER-001,OracleStrategy-000,MESM6.GLBX,GLBX-001,O-20260310-115757-001-000-1456,O-20260310-115833-001-000-1457,SELL,FLAT,0,1,1773143877339402856,2026-03-10 11:57:57.339402856+00:00,1773143913695842538,2026-03-10 11:58:33.695842538+00:00,36356439682,6843.0,6843.75,['0.00 USD'],-0.00011,-0.75 USD,True
BACKTESTER-001,OracleStrategy-000,MESM6.GLBX,GLBX-001,O-20260310-115838-001-000-1459,O-20260310-115925-001-000-1460,SELL,FLAT,0,1,1773143918191052575,2026-03-10 11:58:38.191052575+00:00,1773143965192331920,2026-03-10 11:59:25.192331920+00:00,47001279345,6844.0,6841.0,['0.00 USD'],0.00044,3.00 USD,True
BACKTESTER-001,OracleStrategy-000,MESM6.GLBX,GLBX-001,O-20260310-115925-001-000-1461,O-20260310-115934-001-000-1462,BUY,FLAT,0,1,1773143965192331920,2026-03-10 11:59:25.192331920+00:00,1773143974745313707,2026-03-10 11:59:34.745313707+00:00,9552981787,6841.0,6839.75,['0.00 USD'],-0.00018,-1.25 USD,True
BACKTESTER-001,OracleStrategy-000,MESM6.GLBX,GLBX-001,O-20260310-120054-001-000-1465,O-20260310-120108-001-000-1466,SELL,FLAT,0,1,1773144054203428555,2026-03-10 12:00:54.203428555+00:00,1773144068601069528,2026-03-10 12:01:08.601069528+00:00,14397640973,6841.75,6838.75,['0.00 USD'],0.00044,3.00 USD,True
BACKTESTER-001,OracleStrategy-000,MESM6.GLBX,GLBX-001,O-20260310-120108-001-000-1467,O-20260310-120152-001-000-1468,BUY,FLAT,0,1,1773144068601069528,2026-03-10 12:01:08.601069528+00:00,1773144112413261853,2026-03-10 12:01:52.413261853+00:00,43812192325,6838.75,6836.25,['0.00 USD'],-0.00037,-2.50 USD,True
BACKTESTER-001,OracleStrategy-000,MESM6.GLBX,GLBX-001,O-20260310-120255-001-000-1470,O-20260310-120359-001-000-1471,BUY,FLAT,0,1,1773144175715186152,2026-03-10 12:02:55.715186152+00:00,1773144239004073809,2026-03-10 12:03:59.004073809+00:00,63288887657,6836.0,6834.5,['0.00 USD'],-0.00022,-1.50 USD,True
BACKTESTER-001,OracleStrategy-000,MESM6.GLBX,GLBX-001,O-20260310-120406-001-000-1473,O-20260310-120435-001-000-1474,BUY,FLAT,0,1,1773144246976291989,2026-03-10 12:04:06.976291989+00:00,1773144275578014474,2026-03-10 12:04:35.578014474+00:00,28601722485,6834.75,6834.0,['0.00 USD'],-0.00011,-0.75 USD,True
BACKTESTER-001,OracleStrategy-000,MESM6.GLBX,GLBX-001,O-20260310-120505-001-000-1477,O-20260310-120522-001-000-1478,BUY,FLAT,0,1,1773144305817871583,2026-03-10 12:05:05.817871583+00:00,1773144322292120131,2026-03-10 12:05:22.292120131+00:00,16474248548,6832.75,6831.25,['0.00 USD'],-0.00022,-1.50 USD,True
BACKTESTER-001,OracleStrategy-000,MESM6.GLBX,GLBX-001,O-20260310-120530-001-000-1481,O-20260310-120546-001-000-1482,BUY,FLAT,0,1,1773144330045120545,2026-03-10 12:05:30.045120545+00:00,1773144346265404503,2026-03-10 12:05:46.265404503+00:00,16220283958,6831.0,6832.0,['0.00 USD'],0.00015,1.00 USD,True
BACKTESTER-001,OracleStrategy-000,MESM6.GLBX,GLBX-001,O-20260310-120546-001-000-1483,O-20260310-120619-001-000-1484,SELL,FLAT,0,1,1773144346265404503,2026-03-10 12:05:46.265404503+00:00,1773144379569223856,2026-03-10 12:06:19.569223856+00:00,33303819353,6832.0,6829.5,['0.00 USD'],0.00037,2.50 USD,True
BACKTESTER-001,OracleStrategy-000,MESM6.GLBX,GLBX-001,O-20260310-120619-001-000-1485,O-20260310-120622-001-000-1486,BUY,FLAT,0,1,1773144379569223856,2026-03-10 12:06:19.569223856+00:00,1773144382897063417,2026-03-10 12:06:22.897063417+00:00,3327839561,6829.5,6829.75,['0.00 USD'],4e-05,0.25 USD,True
BACKTESTER-001,OracleStrategy-000,MESM6.GLBX,GLBX-001,O-20260310-120654-001-000-1493,O-20260310-120709-001-000-1494,SELL,FLAT,0,1,1773144414542607537,2026-03-10 12:06:54.542607537+00:00,1773144429747168922,2026-03-10 12:07:09.747168922+00:00,15204561385,6830.75,6827.75,['0.00 USD'],0.00044,3.00 USD,True
BACKTESTER-001,OracleStrategy-000,MESM6.GLBX,GLBX-001,O-20260310-120709-001-000-1495,O-20260310-120714-001-000-1496,BUY,FLAT,0,1,1773144429747168922,2026-03-10 12:07:09.747168922+00:00,1773144434401520112,2026-03-10 12:07:14.401520112+00:00,4654351190,6827.75,6829.0,['0.00 USD'],0.00018,1.25 USD,True
BACKTESTER-001,OracleStrategy-000,MESM6.GLBX,GLBX-001,O-20260310-120723-001-000-1499,O-20260310-120806-001-000-1500,SELL,FLAT,0,1,1773144443384354197,2026-03-10 12:07:23.384354197+00:00,1773144486856916970,2026-03-10 12:08:06.856916970+00:00,43472562773,6828.25,6826.25,['0.00 USD'],0.00029,2.00 USD,True
BACKTESTER-001,OracleStrategy-000,MESM6.GLBX,GLBX-001,O-20260310-120806-001-000-1501,O-20260310-120808-001-000-1502,BUY,FLAT,0,1,1773144486856916970,2026-03-10 12:08:06.856916970+00:00,1773144488997397749,2026-03-10 12:08:08.997397749+00:00,2140480779,6826.25,6826.0,['0.00 USD'],-4e-05,-0.25 USD,True
BACKTESTER-001,OracleStrategy-000,MESM6.GLBX,GLBX-001,O-20260310-120830-001-000-1505,O-20260310-120833-001-000-1506,SELL,FLAT,0,1,1773144510355008085,2026-03-10 12:08:30.355008085+00:00,1773144513786576840,2026-03-10 12:08:33.786576840+00:00,3431568755,6828.75,6828.5,['0.00 USD'],4e-05,0.25 USD,True
BACKTESTER-001,OracleStrategy-000,MESM6.GLBX,GLBX-001,O-20260310-120854-001-000-1509,O-20260310-120906-001-000-1510,BUY,FLAT,0,1,1773144534297935223,2026-03-10 12:08:54.297935223+00:00,1773144546964958048,2026-03-10 12:09:06.964958048+00:00,12667022825,6826.25,6825.0,['0.00 USD'],-0.00018,-1.25 USD,True
BACKTESTER-001,OracleStrategy-000,MESM6.GLBX,GLBX-001,O-20260310-120913-001-000-1513,O-20260310-120956-001-000-1514,BUY,FLAT,0,1,1773144553388568778,2026-03-10 12:09:13.388568778+00:00,1773144596934621283,2026-03-10 12:09:56.934621283+00:00,43546052505,6825.0,6824.75,['0.00 USD'],-4e-05,-0.25 USD,True
BACKTESTER-001,OracleStrategy-000,MESM6.GLBX,GLBX-001,O-20260310-121124-001-000-1518,O-20260310-121156-001-000-1519,BUY,FLAT,0,1,1773144684951916639,2026-03-10 12:11:24.951916639+00:00,1773144716791048064,2026-03-10 12:11:56.791048064+00:00,31839131425,6825.5,6828.0,['0.00 USD'],0.00037,2.50 USD,True
BACKTESTER-001,OracleStrategy-000,MESM6.GLBX,GLBX-001,O-20260310-121156-001-000-1520,O-20260310-121216-001-000-1521,SELL,FLAT,0,1,1773144716791048064,2026-03-10 12:11:56.791048064+00:00,1773144736388653789,2026-03-10 12:12:16.388653789+00:00,19597605725,6828.0,6829.0,['0.00 USD'],-0.00015,-1.00 USD,True
BACKTESTER-001,OracleStrategy-000,MESM6.GLBX,GLBX-001,O-20260310-121223-001-000-1523,O-20260310-121240-001-000-1524,BUY,FLAT,0,1,1773144743217642453,2026-03-10 12:12:23.217642453+00:00,1773144760128076420,2026-03-10 12:12:40.128076420+00:00,16910433967,6828.0,6829.0,['0.00 USD'],0.00015,1.00 USD,True
BACKTESTER-001,OracleStrategy-000,MESM6.GLBX,GLBX-001,O-20260310-121240-001-000-1525,O-20260310-121246-001-000-1526,SELL,FLAT,0,1,1773144760128076420,2026-03-10 12:12:40.128076420+00:00,1773144766925391859,2026-03-10 12:12:46.925391859+00:00,6797315439,6829.0,6829.0,['0.00 USD'],0.0,0.00 USD,True
BACKTESTER-001,OracleStrategy-000,MESM6.GLBX,GLBX-001,O-20260310-121300-001-000-1529,O-20260310-121320-001-000-1530,SELL,FLAT,0,1,1773144780229504072,2026-03-10 12:13:00.229504072+00:00,1773144800710810546,2026-03-10 12:13:20.710810546+00:00,20481306474,6830.5,6831.25,['0.00 USD'],-0.00011,-0.75 USD,True
BACKTESTER-001,OracleStrategy-000,MESM6.GLBX,GLBX-001,O-20260310-121335-001-000-1532,O-20260310-121338-001-000-1533,SELL,FLAT,0,1,1773144815970155355,2026-03-10 12:13:35.970155355+00:00,1773144818991452883,2026-03-10 12:13:38.991452883+00:00,3021297528,6830.75,6830.5,['0.00 USD'],4e-05,0.25 USD,True
BACKTESTER-001,OracleStrategy-000,MESM6.GLBX,GLBX-001,O-20260310-121338-001-000-1534,O-20260310-121346-001-000-1535,BUY,FLAT,0,1,1773144818991452883,2026-03-10 12:13:38.991452883+00:00,1773144826226753386,2026-03-10 12:13:46.226753386+00:00,7235300503,6830.5,6829.25,['0.00 USD'],-0.00018,-1.25 USD,True
BACKTESTER-001,OracleStrategy-000,MESM6.GLBX,GLBX-001,O-20260310-121359-001-000-1537,O-20260310-121428-001-000-1538,BUY,FLAT,0,1,1773144839462077887,2026-03-10 12:13:59.462077887+00:00,1773144868046213179,2026-03-10 12:14:28.046213179+00:00,28584135292,6830.25,6829.75,['0.00 USD'],-7e-05,-0.50 USD,True
BACKTESTER-001,OracleStrategy-000,MESM6.GLBX,GLBX-001,O-20260310-121428-001-000-1539,O-20260310-121441-001-000-1540,SELL,FLAT,0,1,1773144868046213179,2026-03-10 12:14:28.046213179+00:00,1773144881551992939,2026-03-10 12:14:41.551992939+00:00,13505779760,6829.75,6831.25,['0.00 USD'],-0.00022,-1.50 USD,True
BACKTESTER-001,OracleStrategy-000,MESM6.GLBX,GLBX-001,O-20260310-121449-001-000-1542,O-20260310-121527-001-000-1543,SELL,FLAT,0,1,1773144889121100138,2026-03-10 12:14:49.121100138+00:00,1773144927858390088,2026-03-10 12:15:27.858390088+00:00,38737289950,6830.75,6830.5,['0.00 USD'],4e-05,0.25 USD,True
BACKTESTER-001,OracleStrategy-000,MESM6.GLBX,GLBX-001,O-20260310-121527-001-000-1544,O-20260310-121604-001-000-1545,BUY,FLAT,0,1,1773144927858390088,2026-03-10 12:15:27.858390088+00:00,1773144964310173896,2026-03-10 12:16:04.310173896+00:00,36451783808,6830.5,6828.75,['0.00 USD'],-0.00026,-1.75 USD,True
BACKTESTER-001,OracleStrategy-000,MESM6.GLBX,GLBX-001,O-20260310-121901-001-000-1552,O-20260310-121948-001-000-1553,BUY,FLAT,0,1,1773145141748597202,2026-03-10 12:19:01.748597202+00:00,1773145188877780895,2026-03-10 12:19:48.877780895+00:00,47129183693,6826.25,6826.75,['0.00 USD'],7e-05,0.50 USD,True
BACKTESTER-001,OracleStrategy-000,MESM6.GLBX,GLBX-001,O-20260310-122031-001-000-1557,O-20260310-122135-001-000-1558,SELL,FLAT,0,1,1773145231012502319,2026-03-10 12:20:31.012502319+00:00,1773145295337210346,2026-03-10 12:21:35.337210346+00:00,64324708027,6828.0,6828.0,['0.00 USD'],0.0,0.00 USD,True
BACKTESTER-001,OracleStrategy-000,MESM6.GLBX,GLBX-001,O-20260310-122143-001-000-1560,O-20260310-122148-001-000-1561,SELL,FLAT,0,1,1773145303223029482,2026-03-10 12:21:43.223029482+00:00,1773145308675117631,2026-03-10 12:21:48.675117631+00:00,5452088149,6828.25,6828.75,['0.00 USD'],-7e-05,-0.50 USD,True
BACKTESTER-001,OracleStrategy-000,MESM6.GLBX,GLBX-001,O-20260310-122148-001-000-1562,O-20260310-122152-001-000-1563,BUY,FLAT,0,1,1773145308675117631,2026-03-10 12:21:48.675117631+00:00,1773145312547137284,2026-03-10 12:21:52.547137284+00:00,3872019653,6828.75,6830.0,['0.00 USD'],0.00018,1.25 USD,True
BACKTESTER-001,OracleStrategy-000,MESM6.GLBX,GLBX-001,O-20260310-122152-001-000-1564,O-20260310-122154-001-000-1565,SELL,FLAT,0,1,1773145312547137284,2026-03-10 12:21:52.547137284+00:00,1773145314176800794,2026-03-10 12:21:54.176800794+00:00,1629663510,6830.0,6831.0,['0.00 USD'],-0.00015,-1.00 USD,True
BACKTESTER-001,OracleStrategy-000,MESM6.GLBX,GLBX-001,O-20260310-122157-001-000-1567,O-20260310-122235-001-000-1568,BUY,FLAT,0,1,1773145317451484733,2026-03-10 12:21:57.451484733+00:00,1773145355490770912,2026-03-10 12:22:35.490770912+00:00,38039286179,6830.75,6833.0,['0.00 USD'],0.00033,2.25 USD,True
BACKTESTER-001,OracleStrategy-000,MESM6.GLBX,GLBX-001,O-20260310-122235-001-000-1569,O-20260310-122241-001-000-1570,SELL,FLAT,0,1,1773145355490770912,2026-03-10 12:22:35.490770912+00:00,1773145361000525007,2026-03-10 12:22:41.000525007+00:00,5509754095,6833.0,6833.5,['0.00 USD'],-7e-05,-0.50 USD,True
BACKTESTER-001,OracleStrategy-000,MESM6.GLBX,GLBX-001,O-20260310-122318-001-000-1572,O-20260310-122441-001-000-1573,SELL,FLAT,0,1,1773145398567500971,2026-03-10 12:23:18.567500971+00:00,1773145481561675575,2026-03-10 12:24:41.561675575+00:00,82994174604,6834.75,6831.5,['0.00 USD'],0.00048,3.25 USD,True
BACKTESTER-001,OracleStrategy-000,MESM6.GLBX,GLBX-001,O-20260310-122441-001-000-1574,O-20260310-122515-001-000-1575,BUY,FLAT,0,1,1773145481561675575,2026-03-10 12:24:41.561675575+00:00,1773145515692165744,2026-03-10 12:25:15.692165744+00:00,34130490169,6831.5,6831.0,['0.00 USD'],-7e-05,-0.50 USD,True
BACKTESTER-001,OracleStrategy-000,MESM6.GLBX,GLBX-001,O-20260310-122540-001-000-1577,O-20260310-122701-001-000-1578,SELL,FLAT,0,1,1773145540127778327,2026-03-10 12:25:40.127778327+00:00,1773145621762753989,2026-03-10 12:27:01.762753989+00:00,81634975662,6833.0,6830.75,['0.00 USD'],0.00033,2.25 USD,True
BACKTESTER-001,OracleStrategy-000,MESM6.GLBX,GLBX-001,O-20260310-122701-001-000-1579,O-20260310-122705-001-000-1580,BUY,FLAT,0,1,1773145621762753989,2026-03-10 12:27:01.762753989+00:00,1773145625138899467,2026-03-10 12:27:05.138899467+00:00,3376145478,6830.75,6829.75,['0.00 USD'],-0.00015,-1.00 USD,True
BACKTESTER-001,OracleStrategy-000,MESM6.GLBX,GLBX-001,O-20260310-122819-001-000-1584,O-20260310-122826-001-000-1585,SELL,FLAT,0,1,1773145699159151592,2026-03-10 12:28:19.159151592+00:00,1773145706745748824,2026-03-10 12:28:26.745748824+00:00,7586597232,6829.5,6829.5,['0.00 USD'],0.0,0.00 USD,True
BACKTESTER-001,OracleStrategy-000,MESM6.GLBX,GLBX-001,O-20260310-122826-001-000-1586,O-20260310-122841-001-000-1587,BUY,FLAT,0,1,1773145706745748824,2026-03-10 12:28:26.745748824+00:00,1773145721572396938,2026-03-10 12:28:41.572396938+00:00,14826648114,6829.5,6829.0,['0.00 USD'],-7e-05,-0.50 USD,True
BACKTESTER-001,OracleStrategy-000,MESM6.GLBX,GLBX-001,O-20260310-122847-001-000-1589,O-20260310-122931-001-000-1590,SELL,FLAT,0,1,1773145727534127274,2026-03-10 12:28:47.534127274+00:00,1773145771165296283,2026-03-10 12:29:31.165296283+00:00,43631169009,6829.75,6828.5,['0.00 USD'],0.00018,1.25 USD,True
BACKTESTER-001,OracleStrategy-000,MESM6.GLBX,GLBX-001,O-20260310-122931-001-000-1591,O-20260310-122937-001-000-1592,BUY,FLAT,0,1,1773145771165296283,2026-03-10 12:29:31.165296283+00:00,1773145777440700087,2026-03-10 12:29:37.440700087+00:00,6275403804,6828.5,6827.0,['0.00 USD'],-0.00022,-1.50 USD,True
BACKTESTER-001,OracleStrategy-000,MESM6.GLBX,GLBX-001,O-20260310-123002-001-000-1596,O-20260310-123006-001-000-1597,BUY,FLAT,0,1,1773145802897683707,2026-03-10 12:30:02.897683707+00:00,1773145806059800735,2026-03-10 12:30:06.059800735+00:00,3162117028,6826.0,6825.0,['0.00 USD'],-0.00015,-1.00 USD,True
BACKTESTER-001,OracleStrategy-000,MESM6.GLBX,GLBX-001,O-20260310-123014-001-000-1600,O-20260310-123022-001-000-1601,SELL,FLAT,0,1,1773145814845495713,2026-03-10 12:30:14.845495713+00:00,1773145822383431844,2026-03-10 12:30:22.383431844+00:00,7537936131,6826.75,6824.0,['0.00 USD'],0.0004,2.75 USD,True
BACKTESTER-001,OracleStrategy-000,MESM6.GLBX,GLBX-001,O-20260310-123022-001-000-1602,O-20260310-123023-001-000-1603,BUY,FLAT,0,1,1773145822383431844,2026-03-10 12:30:22.383431844+00:00,1773145823956192759,2026-03-10 12:30:23.956192759+00:00,1572760915,6824.0,6823.75,['0.00 USD'],-4e-05,-0.25 USD,True
BACKTESTER-001,OracleStrategy-000,MESM6.GLBX,GLBX-001,O-20260310-123043-001-000-1605,O-20260310-123048-001-000-1606,BUY,FLAT,0,1,1773145843102721240,2026-03-10 12:30:43.102721240+00:00,1773145848048480770,2026-03-10 12:30:48.048480770+00:00,4945759530,6824.0,6822.25,['0.00 USD'],-0.00026,-1.75 USD,True
BACKTESTER-001,OracleStrategy-000,MESM6.GLBX,GLBX-001,O-20260310-123050-001-000-1608,O-20260310-123053-001-000-1609,BUY,FLAT,0,1,1773145850192260203,2026-03-10 12:30:50.192260203+00:00,1773145853217930810,2026-03-10 12:30:53.217930810+00:00,3025670607,6821.0,6821.25,['0.00 USD'],4e-05,0.25 USD,True
BACKTESTER-001,OracleStrategy-000,MESM6.GLBX,GLBX-001,O-20260310-123112-001-000-1614,O-20260310-123124-001-000-1615,SELL,FLAT,0,1,1773145872078545098,2026-03-10 12:31:12.078545098+00:00,1773145884726623240,2026-03-10 12:31:24.726623240+00:00,12648078142,6820.5,6820.0,['0.00 USD'],7e-05,0.50 USD,True
BACKTESTER-001,OracleStrategy-000,MESM6.GLBX,GLBX-001,O-20260310-123124-001-000-1616,O-20260310-123126-001-000-1617,BUY,FLAT,0,1,1773145884726623240,2026-03-10 12:31:24.726623240+00:00,1773145886922870827,2026-03-10 12:31:26.922870827+00:00,2196247587,6820.0,6819.5,['0.00 USD'],-7e-05,-0.50 USD,True
BACKTESTER-001,OracleStrategy-000,MESM6.GLBX,GLBX-001,O-20260310-123129-001-000-1619,O-20260310-123132-001-000-1620,SELL,FLAT,0,1,1773145889559338744,2026-03-10 12:31:29.559338744+00:00,1773145892576762080,2026-03-10 12:31:32.576762080+00:00,3017423336,6820.5,6821.75,['0.00 USD'],-0.00018,-1.25 USD,True
BACKTESTER-001,OracleStrategy-000,MESM6.GLBX,GLBX-001,O-20260310-123229-001-000-1628,O-20260310-123243-001-000-1629,BUY,FLAT,0,1,1773145949678959944,2026-03-10 12:32:29.678959944+00:00,1773145963601272749,2026-03-10 12:32:43.601272749+00:00,13922312805,6825.25,6826.0,['0.00 USD'],0.00011,0.75 USD,True
BACKTESTER-001,OracleStrategy-000,MESM6.GLBX,GLBX-001,O-20260310-123243-001-000-1630,O-20260310-123304-001-000-1631,SELL,FLAT,0,1,1773145963601272749,2026-03-10 12:32:43.601272749+00:00,1773145984374221882,2026-03-10 12:33:04.374221882+00:00,20772949133,6826.0,6826.75,['0.00 USD'],-0.00011,-0.75 USD,True
BACKTESTER-001,OracleStrategy-000,MESM6.GLBX,GLBX-001,O-20260310-123315-001-000-1633,O-20260310-123324-001-000-1634,BUY,FLAT,0,1,1773145995161534861,2026-03-10 12:33:15.161534861+00:00,1773146004317727261,2026-03-10 12:33:24.317727261+00:00,9156192400,6826.25,6828.0,['0.00 USD'],0.00026,1.75 USD,True
BACKTESTER-001,OracleStrategy-000,MESM6.GLBX,GLBX-001,O-20260310-123324-001-000-1635,O-20260310-123326-001-000-1636,SELL,FLAT,0,1,1773146004317727261,2026-03-10 12:33:24.317727261+00:00,1773146006794044794,2026-03-10 12:33:26.794044794+00:00,2476317533,6828.0,6827.5,['0.00 USD'],7e-05,0.50 USD,True
BACKTESTER-001,OracleStrategy-000,MESM6.GLBX,GLBX-001,O-20260310-123328-001-000-1638,O-20260310-123335-001-000-1639,SELL,FLAT,0,1,1773146008869762675,2026-03-10 12:33:28.869762675+00:00,1773146015532937819,2026-03-10 12:33:35.532937819+00:00,6663175144,6828.25,6827.25,['0.00 USD'],0.00015,1.00 USD,True
BACKTESTER-001,OracleStrategy-000,MESM6.GLBX,GLBX-001,O-20260310-123359-001-000-1642,O-20260310-123406-001-000-1643,SELL,FLAT,0,1,1773146039858181351,2026-03-10 12:33:59.858181351+00:00,1773146046705977343,2026-03-10 12:34:06.705977343+00:00,6847795992,6829.0,6830.0,['0.00 USD'],-0.00015,-1.00 USD,True
BACKTESTER-001,OracleStrategy-000,MESM6.GLBX,GLBX-001,O-20260310-123413-001-000-1645,O-20260310-123422-001-000-1646,SELL,FLAT,0,1,1773146053587346139,2026-03-10 12:34:13.587346139+00:00,1773146062815083567,2026-03-10 12:34:22.815083567+00:00,9227737428,6829.0,6828.5,['0.00 USD'],7e-05,0.50 USD,True
BACKTESTER-001,OracleStrategy-000,MESM6.GLBX,GLBX-001,O-20260310-123422-001-000-1647,O-20260310-123506-001-000-1648,BUY,FLAT,0,1,1773146062815083567,2026-03-10 12:34:22.815083567+00:00,1773146106769893048,2026-03-10 12:35:06.769893048+00:00,43954809481,6828.5,6830.0,['0.00 USD'],0.00022,1.50 USD,True
BACKTESTER-001,OracleStrategy-000,MESM6.GLBX,GLBX-001,O-20260310-123506-001-000-1649,O-20260310-123702-001-000-1650,SELL,FLAT,0,1,1773146106769893048,2026-03-10 12:35:06.769893048+00:00,1773146222018609530,2026-03-10 12:37:02.018609530+00:00,115248716482,6830.0,6831.5,['0.00 USD'],-0.00022,-1.50 USD,True
BACKTESTER-001,OracleStrategy-000,MESM6.GLBX,GLBX-001,O-20260310-123718-001-000-1654,O-20260310-123826-001-000-1655,BUY,FLAT,0,1,1773146238109536539,2026-03-10 12:37:18.109536539+00:00,1773146306379296211,2026-03-10 12:38:26.379296211+00:00,68269759672,6831.75,6832.75,['0.00 USD'],0.00015,1.00 USD,True
BACKTESTER-001,OracleStrategy-000,MESM6.GLBX,GLBX-001,O-20260310-123826-001-000-1656,O-20260310-123829-001-000-1657,SELL,FLAT,0,1,1773146306379296211,2026-03-10 12:38:26.379296211+00:00,1773146309426300877,2026-03-10 12:38:29.426300877+00:00,3047004666,6832.75,6832.5,['0.00 USD'],4e-05,0.25 USD,True
BACKTESTER-001,OracleStrategy-000,MESM6.GLBX,GLBX-001,O-20260310-123853-001-000-1659,O-20260310-123905-001-000-1660,BUY,FLAT,0,1,1773146333753737306,2026-03-10 12:38:53.753737306+00:00,1773146345069128873,2026-03-10 12:39:05.069128873+00:00,11315391567,6833.25,6836.25,['0.00 USD'],0.00044,3.00 USD,True
BACKTESTER-001,OracleStrategy-000,MESM6.GLBX,GLBX-001,O-20260310-123905-001-000-1661,O-20260310-123916-001-000-1662,SELL,FLAT,0,1,1773146345069128873,2026-03-10 12:39:05.069128873+00:00,1773146356830901715,2026-03-10 12:39:16.830901715+00:00,11761772842,6836.25,6835.25,['0.00 USD'],0.00015,1.00 USD,True
BACKTESTER-001,OracleStrategy-000,MESM6.GLBX,GLBX-001,O-20260310-123916-001-000-1663,O-20260310-123930-001-000-1664,BUY,FLAT,0,1,1773146356830901715,2026-03-10 12:39:16.830901715+00:00,1773146370661181427,2026-03-10 12:39:30.661181427+00:00,13830279712,6835.25,6831.25,['0.00 USD'],-0.00059,-4.00 USD,True
BACKTESTER-001,OracleStrategy-000,MESM6.GLBX,GLBX-001,O-20260310-123958-001-000-1667,O-20260310-124059-001-000-1668,BUY,FLAT,0,1,1773146398605018637,2026-03-10 12:39:58.605018637+00:00,1773146459945647099,2026-03-10 12:40:59.945647099+00:00,61340628462,6831.5,6833.25,['0.00 USD'],0.00026,1.75 USD,True
BACKTESTER-001,OracleStrategy-000,MESM6.GLBX,GLBX-001,O-20260310-124059-001-000-1669,O-20260310-124138-001-000-1670,SELL,FLAT,0,1,1773146459945647099,2026-03-10 12:40:59.945647099+00:00,1773146498121295856,2026-03-10 12:41:38.121295856+00:00,38175648757,6833.25,6833.5,['0.00 USD'],-4e-05,-0.25 USD,True
BACKTESTER-001,OracleStrategy-000,MESM6.GLBX,GLBX-001,O-20260310-124214-001-000-1673,O-20260310-124230-001-000-1674,SELL,FLAT,0,1,1773146534603650855,2026-03-10 12:42:14.603650855+00:00,1773146550230143368,2026-03-10 12:42:30.230143368+00:00,15626492513,6835.0,6835.25,['0.00 USD'],-4e-05,-0.25 USD,True
BACKTESTER-001,OracleStrategy-000,MESM6.GLBX,GLBX-001,O-20260310-124233-001-000-1676,O-20260310-124624-001-000-1677,SELL,FLAT,0,1,1773146553762588323,2026-03-10 12:42:33.762588323+00:00,1773146784083487936,2026-03-10 12:46:24.083487936+00:00,230320899613,6834.25,6838.5,['0.00 USD'],-0.00062,-4.25 USD,True
BACKTESTER-001,OracleStrategy-000,MESM6.GLBX,GLBX-001,O-20260310-124648-001-000-1680,O-20260310-124705-001-000-1681,SELL,FLAT,0,1,1773146808607401341,2026-03-10 12:46:48.607401341+00:00,1773146825772360109,2026-03-10 12:47:05.772360109+00:00,17164958768,6838.5,6839.5,['0.00 USD'],-0.00015,-1.00 USD,True
BACKTESTER-001,OracleStrategy-000,MESM6.GLBX,GLBX-001,O-20260310-124711-001-000-1683,O-20260310-124925-001-000-1684,SELL,FLAT,0,1,1773146831691968550,2026-03-10 12:47:11.691968550+00:00,1773146965943024059,2026-03-10 12:49:25.943024059+00:00,134251055509,6839.25,6839.5,['0.00 USD'],-4e-05,-0.25 USD,True
BACKTESTER-001,OracleStrategy-000,MESM6.GLBX,GLBX-001,O-20260310-124925-001-000-1685,O-20260310-124931-001-000-1686,BUY,FLAT,0,1,1773146965943024059,2026-03-10 12:49:25.943024059+00:00,1773146971254434959,2026-03-10 12:49:31.254434959+00:00,5311410900,6839.5,6839.25,['0.00 USD'],-4e-05,-0.25 USD,True
BACKTESTER-001,OracleStrategy-000,MESM6.GLBX,GLBX-001,O-20260310-124931-001-000-1687,O-20260310-124932-001-000-1688,SELL,FLAT,0,1,1773146971254434959,2026-03-10 12:49:31.254434959+00:00,1773146972665165741,2026-03-10 12:49:32.665165741+00:00,1410730782,6839.25,6841.0,['0.00 USD'],-0.00026,-1.75 USD,True
BACKTESTER-001,OracleStrategy-000,MESM6.GLBX,GLBX-001,O-20260310-125005-001-000-1691,O-20260310-125051-001-000-1692,SELL,FLAT,0,1,1773147005679028087,2026-03-10 12:50:05.679028087+00:00,1773147051400211632,2026-03-10 12:50:51.400211632+00:00,45721183545,6841.5,6840.0,['0.00 USD'],0.00022,1.50 USD,True
BACKTESTER-001,OracleStrategy-000,MESM6.GLBX,GLBX-001,O-20260310-125051-001-000-1693,O-20260310-125229-001-000-1694,BUY,FLAT,0,1,1773147051400211632,2026-03-10 12:50:51.400211632+00:00,1773147149366511584,2026-03-10 12:52:29.366511584+00:00,97966299952,6840.0,6838.25,['0.00 USD'],-0.00026,-1.75 USD,True
BACKTESTER-001,OracleStrategy-000,MESM6.GLBX,GLBX-001,O-20260310-125246-001-000-1696,O-20260310-125349-001-000-1697,BUY,FLAT,0,1,1773147166890522991,2026-03-10 12:52:46.890522991+00:00,1773147229686800107,2026-03-10 12:53:49.686800107+00:00,62796277116,6838.0,6841.75,['0.00 USD'],0.00055,3.75 USD,True
BACKTESTER-001,OracleStrategy-000,MESM6.GLBX,GLBX-001,O-20260310-125349-001-000-1698,O-20260310-125409-001-000-1699,SELL,FLAT,0,1,1773147229686800107,2026-03-10 12:53:49.686800107+00:00,1773147249788795139,2026-03-10 12:54:09.788795139+00:00,20101995032,6841.75,6841.5,['0.00 USD'],4e-05,0.25 USD,True
BACKTESTER-001,OracleStrategy-000,MESM6.GLBX,GLBX-001,O-20260310-125503-001-000-1702,O-20260310-125536-001-000-1703,BUY,FLAT,0,1,1773147303462167103,2026-03-10 12:55:03.462167103+00:00,1773147336853162538,2026-03-10 12:55:36.853162538+00:00,33390995435,6840.25,6841.0,['0.00 USD'],0.00011,0.75 USD,True
BACKTESTER-001,OracleStrategy-000,MESM6.GLBX,GLBX-001,O-20260310-125600-001-000-1708,O-20260310-125615-001-000-1709,SELL,FLAT,0,1,1773147360918485840,2026-03-10 12:56:00.918485840+00:00,1773147375715582362,2026-03-10 12:56:15.715582362+00:00,14797096522,6842.75,6841.0,['0.00 USD'],0.00026,1.75 USD,True
BACKTESTER-001,OracleStrategy-000,MESM6.GLBX,GLBX-001,O-20260310-125615-001-000-1710,O-20260310-125623-001-000-1711,BUY,FLAT,0,1,1773147375715582362,2026-03-10 12:56:15.715582362+00:00,1773147383001406859,2026-03-10 12:56:23.001406859+00:00,7285824497,6841.0,6841.25,['0.00 USD'],4e-05,0.25 USD,True
BACKTESTER-001,OracleStrategy-000,MESM6.GLBX,GLBX-001,O-20260310-125625-001-000-1713,O-20260310-125641-001-000-1714,BUY,FLAT,0,1,1773147385501758562,2026-03-10 12:56:25.501758562+00:00,1773147401200391624,2026-03-10 12:56:41.200391624+00:00,15698633062,6840.25,6841.0,['0.00 USD'],0.00011,0.75 USD,True
BACKTESTER-001,OracleStrategy-000,MESM6.GLBX,GLBX-001,O-20260310-125649-001-000-1716,O-20260310-125719-001-000-1717,BUY,FLAT,0,1,1773147409353303847,2026-03-10 12:56:49.353303847+00:00,1773147439319222285,2026-03-10 12:57:19.319222285+00:00,29965918438,6840.25,6838.0,['0.00 USD'],-0.00033,-2.25 USD,True
BACKTESTER-001,OracleStrategy-000,MESM6.GLBX,GLBX-001,O-20260310-125722-001-000-1719,O-20260310-125733-001-000-1720,BUY,FLAT,0,1,1773147442783023229,2026-03-10 12:57:22.783023229+00:00,1773147453844113294,2026-03-10 12:57:33.844113294+00:00,11061090065,6837.25,6837.0,['0.00 USD'],-4e-05,-0.25 USD,True
BACKTESTER-001,OracleStrategy-000,MESM6.GLBX,GLBX-001,O-20260310-125801-001-000-1723,O-20260310-125840-001-000-1724,BUY,FLAT,0,1,1773147481011800303,2026-03-10 12:58:01.011800303+00:00,1773147520195649493,2026-03-10 12:58:40.195649493+00:00,39183849190,6836.75,6836.0,['0.00 USD'],-0.00011,-0.75 USD,True
BACKTESTER-001,OracleStrategy-000,MESM6.GLBX,GLBX-001,O-20260310-125942-001-000-1726,O-20260310-130017-001-000-1727,BUY,FLAT,0,1,1773147582406621805,2026-03-10 12:59:42.406621805+00:00,1773147617546436098,2026-03-10 13:00:17.546436098+00:00,35139814293,6836.0,6840.5,['0.00 USD'],0.00066,4.50 USD,True
BACKTESTER-001,OracleStrategy-000,MESM6.GLBX,GLBX-001,O-20260310-130017-001-000-1728,O-20260310-130035-001-000-1729,SELL,FLAT,0,1,1773147617546436098,2026-03-10 13:00:17.546436098+00:00,1773147635705599759,2026-03-10 13:00:35.705599759+00:00,18159163661,6840.5,6842.25,['0.00 USD'],-0.00026,-1.75 USD,True
BACKTESTER-001,OracleStrategy-000,MESM6.GLBX,GLBX-001,O-20260310-130102-001-000-1732,O-20260310-130143-001-000-1733,SELL,FLAT,0,1,1773147662592190437,2026-03-10 13:01:02.592190437+00:00,1773147703485536578,2026-03-10 13:01:43.485536578+00:00,40893346141,6842.0,6839.0,['0.00 USD'],0.00044,3.00 USD,True
BACKTESTER-001,OracleStrategy-000,MESM6.GLBX,GLBX-001,O-20260310-130143-001-000-1734,O-20260310-130145-001-000-1735,BUY,FLAT,0,1,1773147703485536578,2026-03-10 13:01:43.485536578+00:00,1773147705860920979,2026-03-10 13:01:45.860920979+00:00,2375384401,6839.0,6838.0,['0.00 USD'],-0.00015,-1.00 USD,True
BACKTESTER-001,OracleStrategy-000,MESM6.GLBX,GLBX-001,O-20260310-130149-001-000-1737,O-20260310-130211-001-000-1738,BUY,FLAT,0,1,1773147709971981799,2026-03-10 13:01:49.971981799+00:00,1773147731082697957,2026-03-10 13:02:11.082697957+00:00,21110716158,6837.75,6841.0,['0.00 USD'],0.00048,3.25 USD,True
BACKTESTER-001,OracleStrategy-000,MESM6.GLBX,GLBX-001,O-20260310-130211-001-000-1739,O-20260310-130224-001-000-1740,SELL,FLAT,0,1,1773147731082697957,2026-03-10 13:02:11.082697957+00:00,1773147744473545959,2026-03-10 13:02:24.473545959+00:00,13390848002,6841.0,6840.75,['0.00 USD'],4e-05,0.25 USD,True
BACKTESTER-001,OracleStrategy-000,MESM6.GLBX,GLBX-001,O-20260310-130258-001-000-1742,O-20260310-130318-001-000-1743,BUY,FLAT,0,1,1773147778390823339,2026-03-10 13:02:58.390823339+00:00,1773147798472185627,2026-03-10 13:03:18.472185627+00:00,20081362288,6840.25,6840.5,['0.00 USD'],4e-05,0.25 USD,True
BACKTESTER-001,OracleStrategy-000,MESM6.GLBX,GLBX-001,O-20260310-130336-001-000-1745,O-20260310-130504-001-000-1746,BUY,FLAT,0,1,1773147816442193783,2026-03-10 13:03:36.442193783+00:00,1773147904468953066,2026-03-10 13:05:04.468953066+00:00,88026759283,6840.75,6838.75,['0.00 USD'],-0.00029,-2.00 USD,True
BACKTESTER-001,OracleStrategy-000,MESM6.GLBX,GLBX-001,O-20260310-130505-001-000-1748,O-20260310-130540-001-000-1749,BUY,FLAT,0,1,1773147905560170938,2026-03-10 13:05:05.560170938+00:00,1773147940071368819,2026-03-10 13:05:40.071368819+00:00,34511197881,6838.25,6840.75,['0.00 USD'],0.00037,2.50 USD,True
BACKTESTER-001,OracleStrategy-000,MESM6.GLBX,GLBX-001,O-20260310-130540-001-000-1750,O-20260310-130632-001-000-1751,SELL,FLAT,0,1,1773147940071368819,2026-03-10 13:05:40.071368819+00:00,1773147992661249393,2026-03-10 13:06:32.661249393+00:00,52589880574,6840.75,6840.75,['0.00 USD'],0.0,0.00 USD,True
BACKTESTER-001,OracleStrategy-000,MESM6.GLBX,GLBX-001,O-20260310-130652-001-000-1753,O-20260310-130713-001-000-1754,BUY,FLAT,0,1,1773148012437345749,2026-03-10 13:06:52.437345749+00:00,1773148033833929152,2026-03-10 13:07:13.833929152+00:00,21396583403,6840.0,6838.25,['0.00 USD'],-0.00026,-1.75 USD,True
BACKTESTER-001,OracleStrategy-000,MESM6.GLBX,GLBX-001,O-20260310-130910-001-000-1756,O-20260310-131016-001-000-1757,BUY,FLAT,0,1,1773148150536547653,2026-03-10 13:09:10.536547653+00:00,1773148216118917861,2026-03-10 13:10:16.118917861+00:00,65582370208,6838.75,6842.5,['0.00 USD'],0.00055,3.75 USD,True
BACKTESTER-001,OracleStrategy-000,MESM6.GLBX,GLBX-001,O-20260310-131016-001-000-1758,O-20260310-131051-001-000-1759,SELL,FLAT,0,1,1773148216118917861,2026-03-10 13:10:16.118917861+00:00,1773148251389935000,2026-03-10 13:10:51.389935+00:00,35271017139,6842.5,6841.5,['0.00 USD'],0.00015,1.00 USD,True
BACKTESTER-001,OracleStrategy-000,MESM6.GLBX,GLBX-001,O-20260310-131115-001-000-1761,O-20260310-131156-001-000-1762,BUY,FLAT,0,1,1773148275800558055,2026-03-10 13:11:15.800558055+00:00,1773148316269063405,2026-03-10 13:11:56.269063405+00:00,40468505350,6841.75,6840.0,['0.00 USD'],-0.00026,-1.75 USD,True
BACKTESTER-001,OracleStrategy-000,MESM6.GLBX,GLBX-001,O-20260310-131237-001-000-1765,O-20260310-131304-001-000-1766,BUY,FLAT,0,1,1773148357598904379,2026-03-10 13:12:37.598904379+00:00,1773148384495904882,2026-03-10 13:13:04.495904882+00:00,26897000503,6838.5,6839.25,['0.00 USD'],0.00011,0.75 USD,True
BACKTESTER-001,OracleStrategy-000,MESM6.GLBX,GLBX-001,O-20260310-131314-001-000-1768,O-20260310-131424-001-000-1769,SELL,FLAT,0,1,1773148394293264259,2026-03-10 13:13:14.293264259+00:00,1773148464785792362,2026-03-10 13:14:24.785792362+00:00,70492528103,6839.5,6838.0,['0.00 USD'],0.00022,1.50 USD,True
BACKTESTER-001,OracleStrategy-000,MESM6.GLBX,GLBX-001,O-20260310-131424-001-000-1770,O-20260310-131520-001-000-1771,BUY,FLAT,0,1,1773148464785792362,2026-03-10 13:14:24.785792362+00:00,1773148520583874664,2026-03-10 13:15:20.583874664+00:00,55798082302,6838.0,6840.75,['0.00 USD'],0.0004,2.75 USD,True
BACKTESTER-001,OracleStrategy-000,MESM6.GLBX,GLBX-001,O-20260310-131520-001-000-1772,O-20260310-131544-001-000-1773,SELL,FLAT,0,1,1773148520583874664,2026-03-10 13:15:20.583874664+00:00,1773148544210137668,2026-03-10 13:15:44.210137668+00:00,23626263004,6840.75,6841.0,['0.00 USD'],-4e-05,-0.25 USD,True
BACKTESTER-001,OracleStrategy-000,MESM6.GLBX,GLBX-001,O-20260310-131758-001-000-1778,O-20260310-131943-001-000-1779,BUY,FLAT,0,1,1773148678307407394,2026-03-10 13:17:58.307407394+00:00,1773148783350413447,2026-03-10 13:19:43.350413447+00:00,105043006053,6838.0,6840.5,['0.00 USD'],0.00037,2.50 USD,True
BACKTESTER-001,OracleStrategy-000,MESM6.GLBX,GLBX-001,O-20260310-131943-001-000-1780,O-20260310-132019-001-000-1781,SELL,FLAT,0,1,1773148783350413447,2026-03-10 13:19:43.350413447+00:00,1773148819100761229,2026-03-10 13:20:19.100761229+00:00,35750347782,6840.5,6841.5,['0.00 USD'],-0.00015,-1.00 USD,True
BACKTESTER-001,OracleStrategy-000,MESM6.GLBX,GLBX-001,O-20260310-132205-001-000-1789,O-20260310-132335-001-000-1790,BUY,FLAT,0,1,1773148925855678080,2026-03-10 13:22:05.855678080+00:00,1773149015460024370,2026-03-10 13:23:35.460024370+00:00,89604346290,6842.25,6843.5,['0.00 USD'],0.00018,1.25 USD,True
BACKTESTER-001,OracleStrategy-000,MESM6.GLBX,GLBX-001,O-20260310-132335-001-000-1791,O-20260310-132342-001-000-1792,SELL,FLAT,0,1,1773149015460024370,2026-03-10 13:23:35.460024370+00:00,1773149022585900968,2026-03-10 13:23:42.585900968+00:00,7125876598,6843.5,6845.0,['0.00 USD'],-0.00022,-1.50 USD,True
BACKTESTER-001,OracleStrategy-000,MESM6.GLBX,GLBX-001,O-20260310-132407-001-000-1795,O-20260310-132434-001-000-1796,BUY,FLAT,0,1,1773149047958010715,2026-03-10 13:24:07.958010715+00:00,1773149074950771245,2026-03-10 13:24:34.950771245+00:00,26992760530,6844.75,6846.75,['0.00 USD'],0.00029,2.00 USD,True
BACKTESTER-001,OracleStrategy-000,MESM6.GLBX,GLBX-001,O-20260310-132434-001-000-1797,O-20260310-132540-001-000-1798,SELL,FLAT,0,1,1773149074950771245,2026-03-10 13:24:34.950771245+00:00,1773149140797747243,2026-03-10 13:25:40.797747243+00:00,65846975998,6846.75,6846.25,['0.00 USD'],7e-05,0.50 USD,True
BACKTESTER-001,OracleStrategy-000,MESM6.GLBX,GLBX-001,O-20260310-132548-001-000-1800,O-20260310-132621-001-000-1801,BUY,FLAT,0,1,1773149148339689827,2026-03-10 13:25:48.339689827+00:00,1773149181054023978,2026-03-10 13:26:21.054023978+00:00,32714334151,6845.0,6844.25,['0.00 USD'],-0.00011,-0.75 USD,True
BACKTESTER-001,OracleStrategy-000,MESM6.GLBX,GLBX-001,O-20260310-132748-001-000-1805,O-20260310-132807-001-000-1806,SELL,FLAT,0,1,1773149268666040963,2026-03-10 13:27:48.666040963+00:00,1773149287860678936,2026-03-10 13:28:07.860678936+00:00,19194637973,6845.75,6845.75,['0.00 USD'],0.0,0.00 USD,True
BACKTESTER-001,OracleStrategy-000,MESM6.GLBX,GLBX-001,O-20260310-132955-001-000-1810,O-20260310-133009-001-000-1811,BUY,FLAT,0,1,1773149395356464336,2026-03-10 13:29:55.356464336+00:00,1773149409351345549,2026-03-10 13:30:09.351345549+00:00,13994881213,6844.25,6848.75,['0.00 USD'],0.00066,4.50 USD,True
BACKTESTER-001,OracleStrategy-000,MESM6.GLBX,GLBX-001,O-20260310-133009-001-000-1812,O-20260310-133012-001-000-1813,SELL,FLAT,0,1,1773149409351345549,2026-03-10 13:30:09.351345549+00:00,1773149412298106365,2026-03-10 13:30:12.298106365+00:00,2946760816,6848.75,6847.5,['0.00 USD'],0.00018,1.25 USD,True
BACKTESTER-001,OracleStrategy-000,MESM6.GLBX,GLBX-001,O-20260310-133025-001-000-1816,O-20260310-133031-001-000-1817,SELL,FLAT,0,1,1773149425728269189,2026-03-10 13:30:25.728269189+00:00,1773149431915682805,2026-03-10 13:30:31.915682805+00:00,6187413616,6850.5,6851.75,['0.00 USD'],-0.00018,-1.25 USD,True
BACKTESTER-001,OracleStrategy-000,MESM6.GLBX,GLBX-001,O-20260310-133036-001-000-1819,O-20260310-133037-001-000-1820,SELL,FLAT,0,1,1773149436421431111,2026-03-10 13:30:36.421431111+00:00,1773149437435182923,2026-03-10 13:30:37.435182923+00:00,1013751812,6853.25,6853.0,['0.00 USD'],4e-05,0.25 USD,True
BACKTESTER-001,OracleStrategy-000,MESM6.GLBX,GLBX-001,O-20260310-133038-001-000-1822,O-20260310-133100-001-000-1823,SELL,FLAT,0,1,1773149438558459605,2026-03-10 13:30:38.558459605+00:00,1773149460353193512,2026-03-10 13:31:00.353193512+00:00,21794733907,6854.0,6852.5,['0.00 USD'],0.00022,1.50 USD,True
BACKTESTER-001,OracleStrategy-000,MESM6.GLBX,GLBX-001,O-20260310-133100-001-000-1824,O-20260310-133112-001-000-1825,BUY,FLAT,0,1,1773149460353193512,2026-03-10 13:31:00.353193512+00:00,1773149472821225994,2026-03-10 13:31:12.821225994+00:00,12468032482,6852.5,6852.5,['0.00 USD'],0.0,0.00 USD,True
BACKTESTER-001,OracleStrategy-000,MESM6.GLBX,GLBX-001,O-20260310-133118-001-000-1827,O-20260310-133141-001-000-1828,BUY,FLAT,0,1,1773149478574710815,2026-03-10 13:31:18.574710815+00:00,1773149501701991023,2026-03-10 13:31:41.701991023+00:00,23127280208,6849.0,6852.0,['0.00 USD'],0.00044,3.00 USD,True
BACKTESTER-001,OracleStrategy-000,MESM6.GLBX,GLBX-001,O-20260310-133146-001-000-1830,O-20260310-133154-001-000-1831,SELL,FLAT,0,1,1773149506097764194,2026-03-10 13:31:46.097764194+00:00,1773149514502126982,2026-03-10 13:31:54.502126982+00:00,8404362788,6855.5,6853.25,['0.00 USD'],0.00033,2.25 USD,True
BACKTESTER-001,OracleStrategy-000,MESM6.GLBX,GLBX-001,O-20260310-133208-001-000-1834,O-20260310-133209-001-000-1835,SELL,FLAT,0,1,1773149528200441247,2026-03-10 13:32:08.200441247+00:00,1773149529458417207,2026-03-10 13:32:09.458417207+00:00,1257975960,6855.25,6856.0,['0.00 USD'],-0.00011,-0.75 USD,True
BACKTESTER-001,OracleStrategy-000,MESM6.GLBX,GLBX-001,O-20260310-133214-001-000-1837,O-20260310-133233-001-000-1838,SELL,FLAT,0,1,1773149534162630903,2026-03-10 13:32:14.162630903+00:00,1773149553508047982,2026-03-10 13:32:33.508047982+00:00,19345417079,6855.25,6852.0,['0.00 USD'],0.00047,3.25 USD,True
BACKTESTER-001,OracleStrategy-000,MESM6.GLBX,GLBX-001,O-20260310-133233-001-000-1839,O-20260310-133236-001-000-1840,BUY,FLAT,0,1,1773149553508047982,2026-03-10 13:32:33.508047982+00:00,1773149556525143295,2026-03-10 13:32:36.525143295+00:00,3017095313,6852.0,6852.75,['0.00 USD'],0.00011,0.75 USD,True
BACKTESTER-001,OracleStrategy-000,MESM6.GLBX,GLBX-001,O-20260310-133243-001-000-1842,O-20260310-133300-001-000-1843,SELL,FLAT,0,1,1773149563831134282,2026-03-10 13:32:43.831134282+00:00,1773149580302022597,2026-03-10 13:33:00.302022597+00:00,16470888315,6854.75,6851.75,['0.00 USD'],0.00044,3.00 USD,True
BACKTESTER-001,OracleStrategy-000,MESM6.GLBX,GLBX-001,O-20260310-133300-001-000-1844,O-20260310-133305-001-000-1845,BUY,FLAT,0,1,1773149580302022597,2026-03-10 13:33:00.302022597+00:00,1773149585647833946,2026-03-10 13:33:05.647833946+00:00,5345811349,6851.75,6851.5,['0.00 USD'],-4e-05,-0.25 USD,True
BACKTESTER-001,OracleStrategy-000,MESM6.GLBX,GLBX-001,O-20260310-133328-001-000-1850,O-20260310-133334-001-000-1851,BUY,FLAT,0,1,1773149608270253828,2026-03-10 13:33:28.270253828+00:00,1773149614605996248,2026-03-10 13:33:34.605996248+00:00,6335742420,6848.75,6843.75,['0.00 USD'],-0.00073,-5.00 USD,True
BACKTESTER-001,OracleStrategy-000,MESM6.GLBX,GLBX-001,O-20260310-133342-001-000-1853,O-20260310-133349-001-000-1854,BUY,FLAT,0,1,1773149622912797599,2026-03-10 13:33:42.912797599+00:00,1773149629409859018,2026-03-10 13:33:49.409859018+00:00,6497061419,6845.75,6843.25,['0.00 USD'],-0.00037,-2.50 USD,True
BACKTESTER-001,OracleStrategy-000,MESM6.GLBX,GLBX-001,O-20260310-133452-001-000-1862,O-20260310-133501-001-000-1863,BUY,FLAT,0,1,1773149692162619505,2026-03-10 13:34:52.162619505+00:00,1773149701843758394,2026-03-10 13:35:01.843758394+00:00,9681138889,6844.5,6843.5,['0.00 USD'],-0.00015,-1.00 USD,True
BACKTESTER-001,OracleStrategy-000,MESM6.GLBX,GLBX-001,O-20260310-133512-001-000-1866,O-20260310-133519-001-000-1867,SELL,FLAT,0,1,1773149712469718811,2026-03-10 13:35:12.469718811+00:00,1773149719408735562,2026-03-10 13:35:19.408735562+00:00,6939016751,6844.5,6843.0,['0.00 USD'],0.00022,1.50 USD,True
BACKTESTER-001,OracleStrategy-000,MESM6.GLBX,GLBX-001,O-20260310-133542-001-000-1873,O-20260310-133547-001-000-1874,SELL,FLAT,0,1,1773149742077577173,2026-03-10 13:35:42.077577173+00:00,1773149747910825160,2026-03-10 13:35:47.910825160+00:00,5833247987,6842.0,6840.75,['0.00 USD'],0.00018,1.25 USD,True
BACKTESTER-001,OracleStrategy-000,MESM6.GLBX,GLBX-001,O-20260310-133547-001-000-1875,O-20260310-133552-001-000-1876,BUY,FLAT,0,1,1773149747910825160,2026-03-10 13:35:47.910825160+00:00,1773149752500794167,2026-03-10 13:35:52.500794167+00:00,4589969007,6840.75,6838.0,['0.00 USD'],-0.0004,-2.75 USD,True
BACKTESTER-001,OracleStrategy-000,MESM6.GLBX,GLBX-001,O-20260310-133554-001-000-1878,O-20260310-133604-001-000-1879,BUY,FLAT,0,1,1773149754499849743,2026-03-10 13:35:54.499849743+00:00,1773149764460963871,2026-03-10 13:36:04.460963871+00:00,9961114128,6839.5,6837.75,['0.00 USD'],-0.00026,-1.75 USD,True
BACKTESTER-001,OracleStrategy-000,MESM6.GLBX,GLBX-001,O-20260310-133606-001-000-1881,O-20260310-133634-001-000-1882,SELL,FLAT,0,1,1773149766396607957,2026-03-10 13:36:06.396607957+00:00,1773149794232936502,2026-03-10 13:36:34.232936502+00:00,27836328545,6839.5,6840.0,['0.00 USD'],-7e-05,-0.50 USD,True
BACKTESTER-001,OracleStrategy-000,MESM6.GLBX,GLBX-001,O-20260310-133639-001-000-1885,O-20260310-133658-001-000-1886,SELL,FLAT,0,1,1773149799085584743,2026-03-10 13:36:39.085584743+00:00,1773149818185232955,2026-03-10 13:36:58.185232955+00:00,19099648212,6839.75,6839.75,['0.00 USD'],0.0,0.00 USD,True
BACKTESTER-001,OracleStrategy-000,MESM6.GLBX,GLBX-001,O-20260310-133658-001-000-1887,O-20260310-133706-001-000-1888,BUY,FLAT,0,1,1773149818185232955,2026-03-10 13:36:58.185232955+00:00,1773149826638003939,2026-03-10 13:37:06.638003939+00:00,8452770984,6839.75,6840.5,['0.00 USD'],0.00011,0.75 USD,True
BACKTESTER-001,OracleStrategy-000,MESM6.GLBX,GLBX-001,O-20260310-133706-001-000-1889,O-20260310-133746-001-000-1890,SELL,FLAT,0,1,1773149826638003939,2026-03-10 13:37:06.638003939+00:00,1773149866198799768,2026-03-10 13:37:46.198799768+00:00,39560795829,6840.5,6838.75,['0.00 USD'],0.00026,1.75 USD,True
BACKTESTER-001,OracleStrategy-000,MESM6.GLBX,GLBX-001,O-20260310-133746-001-000-1891,O-20260310-133807-001-000-1892,BUY,FLAT,0,1,1773149866198799768,2026-03-10 13:37:46.198799768+00:00,1773149887509950104,2026-03-10 13:38:07.509950104+00:00,21311150336,6838.75,6842.5,['0.00 USD'],0.00055,3.75 USD,True
BACKTESTER-001,OracleStrategy-000,MESM6.GLBX,GLBX-001,O-20260310-133812-001-000-1894,O-20260310-133830-001-000-1895,SELL,FLAT,0,1,1773149892107637719,2026-03-10 13:38:12.107637719+00:00,1773149910181553055,2026-03-10 13:38:30.181553055+00:00,18073915336,6842.25,6844.25,['0.00 USD'],-0.00029,-2.00 USD,True
BACKTESTER-001,OracleStrategy-000,MESM6.GLBX,GLBX-001,O-20260310-133835-001-000-1897,O-20260310-133906-001-000-1898,BUY,FLAT,0,1,1773149915858380938,2026-03-10 13:38:35.858380938+00:00,1773149946660858333,2026-03-10 13:39:06.660858333+00:00,30802477395,6840.5,6845.25,['0.00 USD'],0.00069,4.75 USD,True
BACKTESTER-001,OracleStrategy-000,MESM6.GLBX,GLBX-001,O-20260310-133906-001-000-1899,O-20260310-133917-001-000-1900,SELL,FLAT,0,1,1773149946660858333,2026-03-10 13:39:06.660858333+00:00,1773149957744387824,2026-03-10 13:39:17.744387824+00:00,11083529491,6845.25,6843.25,['0.00 USD'],0.00029,2.00 USD,True
BACKTESTER-001,OracleStrategy-000,MESM6.GLBX,GLBX-001,O-20260310-134000-001-000-1904,O-20260310-134023-001-000-1905,BUY,FLAT,0,1,1773150000005593896,2026-03-10 13:40:00.005593896+00:00,1773150023722831688,2026-03-10 13:40:23.722831688+00:00,23717237792,6841.5,6840.25,['0.00 USD'],-0.00018,-1.25 USD,True
BACKTESTER-001,OracleStrategy-000,MESM6.GLBX,GLBX-001,O-20260310-134027-001-000-1907,O-20260310-134046-001-000-1908,SELL,FLAT,0,1,1773150027676614700,2026-03-10 13:40:27.676614700+00:00,1773150046563200839,2026-03-10 13:40:46.563200839+00:00,18886586139,6844.75,6841.25,['0.00 USD'],0.00051,3.50 USD,True
BACKTESTER-001,OracleStrategy-000,MESM6.GLBX,GLBX-001,O-20260310-134046-001-000-1909,O-20260310-134048-001-000-1910,BUY,FLAT,0,1,1773150046563200839,2026-03-10 13:40:46.563200839+00:00,1773150048959744589,2026-03-10 13:40:48.959744589+00:00,2396543750,6841.25,6841.25,['0.00 USD'],0.0,0.00 USD,True
BACKTESTER-001,OracleStrategy-000,MESM6.GLBX,GLBX-001,O-20260310-134104-001-000-1913,O-20260310-134122-001-000-1914,SELL,FLAT,0,1,1773150064240547275,2026-03-10 13:41:04.240547275+00:00,1773150082580601370,2026-03-10 13:41:22.580601370+00:00,18340054095,6842.25,6841.5,['0.00 USD'],0.00011,0.75 USD,True
BACKTESTER-001,OracleStrategy-000,MESM6.GLBX,GLBX-001,O-20260310-134122-001-000-1915,O-20260310-134142-001-000-1916,BUY,FLAT,0,1,1773150082580601370,2026-03-10 13:41:22.580601370+00:00,1773150102595457101,2026-03-10 13:41:42.595457101+00:00,20014855731,6841.5,6842.75,['0.00 USD'],0.00018,1.25 USD,True
BACKTESTER-001,OracleStrategy-000,MESM6.GLBX,GLBX-001,O-20260310-134142-001-000-1917,O-20260310-134205-001-000-1918,SELL,FLAT,0,1,1773150102595457101,2026-03-10 13:41:42.595457101+00:00,1773150125024299608,2026-03-10 13:42:05.024299608+00:00,22428842507,6842.75,6835.25,['0.00 USD'],0.0011,7.50 USD,True
BACKTESTER-001,OracleStrategy-000,MESM6.GLBX,GLBX-001,O-20260310-134205-001-000-1919,O-20260310-134206-001-000-1920,BUY,FLAT,0,1,1773150125024299608,2026-03-10 13:42:05.024299608+00:00,1773150126668087938,2026-03-10 13:42:06.668087938+00:00,1643788330,6835.25,6835.0,['0.00 USD'],-4e-05,-0.25 USD,True
BACKTESTER-001,OracleStrategy-000,MESM6.GLBX,GLBX-001,O-20260310-134212-001-000-1923,O-20260310-134216-001-000-1924,SELL,FLAT,0,1,1773150132587214807,2026-03-10 13:42:12.587214807+00:00,1773150136647501431,2026-03-10 13:42:16.647501431+00:00,4060286624,6835.75,6834.0,['0.00 USD'],0.00026,1.75 USD,True
BACKTESTER-001,OracleStrategy-000,MESM6.GLBX,GLBX-001,O-20260310-134216-001-000-1925,O-20260310-134227-001-000-1926,BUY,FLAT,0,1,1773150136647501431,2026-03-10 13:42:16.647501431+00:00,1773150147969115371,2026-03-10 13:42:27.969115371+00:00,11321613940,6834.0,6833.0,['0.00 USD'],-0.00015,-1.00 USD,True
BACKTESTER-001,OracleStrategy-000,MESM6.GLBX,GLBX-001,O-20260310-134230-001-000-1928,O-20260310-134231-001-000-1929,BUY,FLAT,0,1,1773150150024649765,2026-03-10 13:42:30.024649765+00:00,1773150151531525499,2026-03-10 13:42:31.531525499+00:00,1506875734,6831.0,6832.75,['0.00 USD'],0.00026,1.75 USD,True
BACKTESTER-001,OracleStrategy-000,MESM6.GLBX,GLBX-001,O-20260310-134235-001-000-1931,O-20260310-134242-001-000-1932,BUY,FLAT,0,1,1773150155476410178,2026-03-10 13:42:35.476410178+00:00,1773150162453676120,2026-03-10 13:42:42.453676120+00:00,6977265942,6830.0,6831.0,['0.00 USD'],0.00015,1.00 USD,True
BACKTESTER-001,OracleStrategy-000,MESM6.GLBX,GLBX-001,O-20260310-134246-001-000-1934,O-20260310-134248-001-000-1935,SELL,FLAT,0,1,1773150166507381174,2026-03-10 13:42:46.507381174+00:00,1773150168040881570,2026-03-10 13:42:48.040881570+00:00,1533500396,6831.25,6832.0,['0.00 USD'],-0.00011,-0.75 USD,True
BACKTESTER-001,OracleStrategy-000,MESM6.GLBX,GLBX-001,O-20260310-134248-001-000-1936,O-20260310-134251-001-000-1937,BUY,FLAT,0,1,1773150168040881570,2026-03-10 13:42:48.040881570+00:00,1773150171384553675,2026-03-10 13:42:51.384553675+00:00,3343672105,6832.0,6832.5,['0.00 USD'],7e-05,0.50 USD,True
BACKTESTER-001,OracleStrategy-000,MESM6.GLBX,GLBX-001,O-20260310-134251-001-000-1938,O-20260310-134258-001-000-1939,SELL,FLAT,0,1,1773150171384553675,2026-03-10 13:42:51.384553675+00:00,1773150178698645677,2026-03-10 13:42:58.698645677+00:00,7314092002,6832.5,6832.25,['0.00 USD'],4e-05,0.25 USD,True
BACKTESTER-001,OracleStrategy-000,MESM6.GLBX,GLBX-001,O-20260310-134258-001-000-1940,O-20260310-134308-001-000-1941,BUY,FLAT,0,1,1773150178698645677,2026-03-10 13:42:58.698645677+00:00,1773150188510100330,2026-03-10 13:43:08.510100330+00:00,9811454653,6832.25,6830.5,['0.00 USD'],-0.00026,-1.75 USD,True
BACKTESTER-001,OracleStrategy-000,MESM6.GLBX,GLBX-001,O-20260310-134326-001-000-1943,O-20260310-134338-001-000-1944,SELL,FLAT,0,1,1773150206422372955,2026-03-10 13:43:26.422372955+00:00,1773150218507460709,2026-03-10 13:43:38.507460709+00:00,12085087754,6832.0,6827.5,['0.00 USD'],0.00066,4.50 USD,True
BACKTESTER-001,OracleStrategy-000,MESM6.GLBX,GLBX-001,O-20260310-134338-001-000-1945,O-20260310-134348-001-000-1946,BUY,FLAT,0,1,1773150218507460709,2026-03-10 13:43:38.507460709+00:00,1773150228320437832,2026-03-10 13:43:48.320437832+00:00,9812977123,6827.5,6828.75,['0.00 USD'],0.00018,1.25 USD,True
BACKTESTER-001,OracleStrategy-000,MESM6.GLBX,GLBX-001,O-20260310-134400-001-000-1949,O-20260310-134425-001-000-1950,BUY,FLAT,0,1,1773150240116843656,2026-03-10 13:44:00.116843656+00:00,1773150265472194726,2026-03-10 13:44:25.472194726+00:00,25355351070,6826.5,6838.0,['0.00 USD'],0.00168,11.50 USD,True
BACKTESTER-001,OracleStrategy-000,MESM6.GLBX,GLBX-001,O-20260310-134425-001-000-1951,O-20260310-134500-001-000-1952,SELL,FLAT,0,1,1773150265472194726,2026-03-10 13:44:25.472194726+00:00,1773150300186996074,2026-03-10 13:45:00.186996074+00:00,34714801348,6838.0,6839.25,['0.00 USD'],-0.00018,-1.25 USD,True
BACKTESTER-001,OracleStrategy-000,MESM6.GLBX,GLBX-001,O-20260310-134504-001-000-1954,O-20260310-134506-001-000-1955,SELL,FLAT,0,1,1773150304013573426,2026-03-10 13:45:04.013573426+00:00,1773150306637791642,2026-03-10 13:45:06.637791642+00:00,2624218216,6839.25,6839.5,['0.00 USD'],-4e-05,-0.25 USD,True
BACKTESTER-001,OracleStrategy-000,MESM6.GLBX,GLBX-001,O-20260310-134506-001-000-1956,O-20260310-134508-001-000-1957,BUY,FLAT,0,1,1773150306637791642,2026-03-10 13:45:06.637791642+00:00,1773150308278481578,2026-03-10 13:45:08.278481578+00:00,1640689936,6839.5,6840.75,['0.00 USD'],0.00018,1.25 USD,True
BACKTESTER-001,OracleStrategy-000,MESM6.GLBX,GLBX-001,O-20260310-134508-001-000-1958,O-20260310-134521-001-000-1959,SELL,FLAT,0,1,1773150308278481578,2026-03-10 13:45:08.278481578+00:00,1773150321069269568,2026-03-10 13:45:21.069269568+00:00,12790787990,6840.75,6837.75,['0.00 USD'],0.00044,3.00 USD,True
BACKTESTER-001,OracleStrategy-000,MESM6.GLBX,GLBX-001,O-20260310-134521-001-000-1960,O-20260310-134545-001-000-1961,BUY,FLAT,0,1,1773150321069269568,2026-03-10 13:45:21.069269568+00:00,1773150345228070047,2026-03-10 13:45:45.228070047+00:00,24158800479,6837.75,6835.5,['0.00 USD'],-0.00033,-2.25 USD,True
BACKTESTER-001,OracleStrategy-000,MESM6.GLBX,GLBX-001,O-20260310-134553-001-000-1964,O-20260310-134636-001-000-1965,BUY,FLAT,0,1,1773150353290117360,2026-03-10 13:45:53.290117360+00:00,1773150396058223139,2026-03-10 13:46:36.058223139+00:00,42768105779,6835.75,6840.25,['0.00 USD'],0.00066,4.50 USD,True
BACKTESTER-001,OracleStrategy-000,MESM6.GLBX,GLBX-001,O-20260310-134636-001-000-1966,O-20260310-134643-001-000-1967,SELL,FLAT,0,1,1773150396058223139,2026-03-10 13:46:36.058223139+00:00,1773150403858005138,2026-03-10 13:46:43.858005138+00:00,7799781999,6840.25,6841.75,['0.00 USD'],-0.00022,-1.50 USD,True
BACKTESTER-001,OracleStrategy-000,MESM6.GLBX,GLBX-001,O-20260310-134653-001-000-1969,O-20260310-134706-001-000-1970,SELL,FLAT,0,1,1773150413592862181,2026-03-10 13:46:53.592862181+00:00,1773150426525271059,2026-03-10 13:47:06.525271059+00:00,12932408878,6841.0,6840.75,['0.00 USD'],4e-05,0.25 USD,True
BACKTESTER-001,OracleStrategy-000,MESM6.GLBX,GLBX-001,O-20260310-134706-001-000-1971,O-20260310-134727-001-000-1972,BUY,FLAT,0,1,1773150426525271059,2026-03-10 13:47:06.525271059+00:00,1773150447792008287,2026-03-10 13:47:27.792008287+00:00,21266737228,6840.75,6839.0,['0.00 USD'],-0.00026,-1.75 USD,True
BACKTESTER-001,OracleStrategy-000,MESM6.GLBX,GLBX-001,O-20260310-134734-001-000-1975,O-20260310-134757-001-000-1976,SELL,FLAT,0,1,1773150454065281422,2026-03-10 13:47:34.065281422+00:00,1773150477584447960,2026-03-10 13:47:57.584447960+00:00,23519166538,6840.5,6833.0,['0.00 USD'],0.0011,7.50 USD,True
BACKTESTER-001,OracleStrategy-000,MESM6.GLBX,GLBX-001,O-20260310-134757-001-000-1977,O-20260310-134801-001-000-1978,BUY,FLAT,0,1,1773150477584447960,2026-03-10 13:47:57.584447960+00:00,1773150481834119731,2026-03-10 13:48:01.834119731+00:00,4249671771,6833.0,6835.0,['0.00 USD'],0.00029,2.00 USD,True
BACKTESTER-001,OracleStrategy-000,MESM6.GLBX,GLBX-001,O-20260310-134824-001-000-1982,O-20260310-134833-001-000-1983,SELL,FLAT,0,1,1773150504440434205,2026-03-10 13:48:24.440434205+00:00,1773150513500767802,2026-03-10 13:48:33.500767802+00:00,9060333597,6838.0,6837.0,['0.00 USD'],0.00015,1.00 USD,True
BACKTESTER-001,OracleStrategy-000,MESM6.GLBX,GLBX-001,O-20260310-134841-001-000-1985,O-20260310-134854-001-000-1986,SELL,FLAT,0,1,1773150521228191072,2026-03-10 13:48:41.228191072+00:00,1773150534917685344,2026-03-10 13:48:54.917685344+00:00,13689494272,6837.75,6836.0,['0.00 USD'],0.00026,1.75 USD,True
BACKTESTER-001,OracleStrategy-000,MESM6.GLBX,GLBX-001,O-20260310-134854-001-000-1987,O-20260310-135000-001-000-1988,BUY,FLAT,0,1,1773150534917685344,2026-03-10 13:48:54.917685344+00:00,1773150600047455386,2026-03-10 13:50:00.047455386+00:00,65129770042,6836.0,6841.75,['0.00 USD'],0.00084,5.75 USD,True
BACKTESTER-001,OracleStrategy-000,MESM6.GLBX,GLBX-001,O-20260310-135000-001-000-1989,O-20260310-135005-001-000-1990,SELL,FLAT,0,1,1773150600047455386,2026-03-10 13:50:00.047455386+00:00,1773150605503122258,2026-03-10 13:50:05.503122258+00:00,5455666872,6841.75,6839.75,['0.00 USD'],0.00029,2.00 USD,True
BACKTESTER-001,OracleStrategy-000,MESM6.GLBX,GLBX-001,O-20260310-135007-001-000-1992,O-20260310-135015-001-000-1993,BUY,FLAT,0,1,1773150607664321951,2026-03-10 13:50:07.664321951+00:00,1773150615133996707,2026-03-10 13:50:15.133996707+00:00,7469674756,6840.0,6838.25,['0.00 USD'],-0.00026,-1.75 USD,True
BACKTESTER-001,OracleStrategy-000,MESM6.GLBX,GLBX-001,O-20260310-135018-001-000-1995,O-20260310-135026-001-000-1996,BUY,FLAT,0,1,1773150618953951442,2026-03-10 13:50:18.953951442+00:00,1773150626119928848,2026-03-10 13:50:26.119928848+00:00,7165977406,6838.25,6836.5,['0.00 USD'],-0.00026,-1.75 USD,True
BACKTESTER-001,OracleStrategy-000,MESM6.GLBX,GLBX-001,O-20260310-135034-001-000-1999,O-20260310-135109-001-000-2000,SELL,FLAT,0,1,1773150634614072330,2026-03-10 13:50:34.614072330+00:00,1773150669244692018,2026-03-10 13:51:09.244692018+00:00,34630619688,6839.0,6838.25,['0.00 USD'],0.00011,0.75 USD,True
BACKTESTER-001,OracleStrategy-000,MESM6.GLBX,GLBX-001,O-20260310-135143-001-000-2004,O-20260310-135149-001-000-2005,BUY,FLAT,0,1,1773150703190668354,2026-03-10 13:51:43.190668354+00:00,1773150709299590405,2026-03-10 13:51:49.299590405+00:00,6108922051,6838.75,6839.75,['0.00 USD'],0.00015,1.00 USD,True
BACKTESTER-001,OracleStrategy-000,MESM6.GLBX,GLBX-001,O-20260310-135149-001-000-2006,O-20260310-135154-001-000-2007,SELL,FLAT,0,1,1773150709299590405,2026-03-10 13:51:49.299590405+00:00,1773150714395234019,2026-03-10 13:51:54.395234019+00:00,5095643614,6839.75,6837.0,['0.00 USD'],0.0004,2.75 USD,True
BACKTESTER-001,OracleStrategy-000,MESM6.GLBX,GLBX-001,O-20260310-135154-001-000-2008,O-20260310-135226-001-000-2009,BUY,FLAT,0,1,1773150714395234019,2026-03-10 13:51:54.395234019+00:00,1773150746637006818,2026-03-10 13:52:26.637006818+00:00,32241772799,6837.0,6835.25,['0.00 USD'],-0.00026,-1.75 USD,True
BACKTESTER-001,OracleStrategy-000,MESM6.GLBX,GLBX-001,O-20260310-135228-001-000-2011,O-20260310-135236-001-000-2012,SELL,FLAT,0,1,1773150748592471514,2026-03-10 13:52:28.592471514+00:00,1773150756998488853,2026-03-10 13:52:36.998488853+00:00,8406017339,6836.5,6833.25,['0.00 USD'],0.00048,3.25 USD,True
BACKTESTER-001,OracleStrategy-000,MESM6.GLBX,GLBX-001,O-20260310-135236-001-000-2013,O-20260310-135245-001-000-2014,BUY,FLAT,0,1,1773150756998488853,2026-03-10 13:52:36.998488853+00:00,1773150765007057146,2026-03-10 13:52:45.007057146+00:00,8008568293,6833.25,6833.0,['0.00 USD'],-4e-05,-0.25 USD,True
BACKTESTER-001,OracleStrategy-000,MESM6.GLBX,GLBX-001,O-20260310-135246-001-000-2016,O-20260310-135254-001-000-2017,BUY,FLAT,0,1,1773150766914206733,2026-03-10 13:52:46.914206733+00:00,1773150774662054602,2026-03-10 13:52:54.662054602+00:00,7747847869,6833.0,6834.5,['0.00 USD'],0.00022,1.50 USD,True
BACKTESTER-001,OracleStrategy-000,MESM6.GLBX,GLBX-001,O-20260310-135254-001-000-2018,O-20260310-135305-001-000-2019,SELL,FLAT,0,1,1773150774662054602,2026-03-10 13:52:54.662054602+00:00,1773150785707025576,2026-03-10 13:53:05.707025576+00:00,11044970974,6834.5,6835.25,['0.00 USD'],-0.00011,-0.75 USD,True
BACKTESTER-001,OracleStrategy-000,MESM6.GLBX,GLBX-001,O-20260310-135324-001-000-2023,O-20260310-135335-001-000-2024,BUY,FLAT,0,1,1773150804277695571,2026-03-10 13:53:24.277695571+00:00,1773150815115699679,2026-03-10 13:53:35.115699679+00:00,10838004108,6834.5,6837.75,['0.00 USD'],0.00048,3.25 USD,True
BACKTESTER-001,OracleStrategy-000,MESM6.GLBX,GLBX-001,O-20260310-135335-001-000-2025,O-20260310-135401-001-000-2026,SELL,FLAT,0,1,1773150815115699679,2026-03-10 13:53:35.115699679+00:00,1773150841767224122,2026-03-10 13:54:01.767224122+00:00,26651524443,6837.75,6839.5,['0.00 USD'],-0.00026,-1.75 USD,True
BACKTESTER-001,OracleStrategy-000,MESM6.GLBX,GLBX-001,O-20260310-135404-001-000-2028,O-20260310-135409-001-000-2029,SELL,FLAT,0,1,1773150844645271537,2026-03-10 13:54:04.645271537+00:00,1773150849721847483,2026-03-10 13:54:09.721847483+00:00,5076575946,6839.75,6838.75,['0.00 USD'],0.00015,1.00 USD,True
BACKTESTER-001,OracleStrategy-000,MESM6.GLBX,GLBX-001,O-20260310-135409-001-000-2030,O-20260310-135420-001-000-2031,BUY,FLAT,0,1,1773150849721847483,2026-03-10 13:54:09.721847483+00:00,1773150860104440027,2026-03-10 13:54:20.104440027+00:00,10382592544,6838.75,6835.75,['0.00 USD'],-0.00044,-3.00 USD,True
BACKTESTER-001,OracleStrategy-000,MESM6.GLBX,GLBX-001,O-20260310-135436-001-000-2035,O-20260310-135446-001-000-2036,BUY,FLAT,0,1,1773150876820563438,2026-03-10 13:54:36.820563438+00:00,1773150886244730194,2026-03-10 13:54:46.244730194+00:00,9424166756,6835.25,6834.25,['0.00 USD'],-0.00015,-1.00 USD,True
BACKTESTER-001,OracleStrategy-000,MESM6.GLBX,GLBX-001,O-20260310-135514-001-000-2044,O-20260310-135518-001-000-2045,BUY,FLAT,0,1,1773150914725345965,2026-03-10 13:55:14.725345965+00:00,1773150918790832520,2026-03-10 13:55:18.790832520+00:00,4065486555,6831.0,6831.0,['0.00 USD'],0.0,0.00 USD,True
BACKTESTER-001,OracleStrategy-000,MESM6.GLBX,GLBX-001,O-20260310-135522-001-000-2048,O-20260310-135525-001-000-2049,SELL,FLAT,0,1,1773150922557641379,2026-03-10 13:55:22.557641379+00:00,1773150925829370656,2026-03-10 13:55:25.829370656+00:00,3271729277,6831.25,6830.5,['0.00 USD'],0.00011,0.75 USD,True
BACKTESTER-001,OracleStrategy-000,MESM6.GLBX,GLBX-001,O-20260310-135525-001-000-2050,O-20260310-135532-001-000-2051,BUY,FLAT,0,1,1773150925829370656,2026-03-10 13:55:25.829370656+00:00,1773150932998326189,2026-03-10 13:55:32.998326189+00:00,7168955533,6830.5,6829.75,['0.00 USD'],-0.00011,-0.75 USD,True
BACKTESTER-001,OracleStrategy-000,MESM6.GLBX,GLBX-001,O-20260310-135536-001-000-2053,O-20260310-135558-001-000-2054,SELL,FLAT,0,1,1773150936220947279,2026-03-10 13:55:36.220947279+00:00,1773150958559016216,2026-03-10 13:55:58.559016216+00:00,22338068937,6831.25,6829.5,['0.00 USD'],0.00026,1.75 USD,True
BACKTESTER-001,OracleStrategy-000,MESM6.GLBX,GLBX-001,O-20260310-135620-001-000-2058,O-20260310-135621-001-000-2059,BUY,FLAT,0,1,1773150980401581039,2026-03-10 13:56:20.401581039+00:00,1773150981442149858,2026-03-10 13:56:21.442149858+00:00,1040568819,6829.5,6830.75,['0.00 USD'],0.00018,1.25 USD,True
BACKTESTER-001,OracleStrategy-000,MESM6.GLBX,GLBX-001,O-20260310-135621-001-000-2060,O-20260310-135634-001-000-2061,SELL,FLAT,0,1,1773150981442149858,2026-03-10 13:56:21.442149858+00:00,1773150994660119146,2026-03-10 13:56:34.660119146+00:00,13217969288,6830.75,6828.5,['0.00 USD'],0.00033,2.25 USD,True
BACKTESTER-001,OracleStrategy-000,MESM6.GLBX,GLBX-001,O-20260310-135634-001-000-2062,O-20260310-135650-001-000-2063,BUY,FLAT,0,1,1773150994660119146,2026-03-10 13:56:34.660119146+00:00,1773151010808824659,2026-03-10 13:56:50.808824659+00:00,16148705513,6828.5,6827.75,['0.00 USD'],-0.00011,-0.75 USD,True
BACKTESTER-001,OracleStrategy-000,MESM6.GLBX,GLBX-001,O-20260310-135706-001-000-2068,O-20260310-135731-001-000-2069,BUY,FLAT,0,1,1773151026641630285,2026-03-10 13:57:06.641630285+00:00,1773151051997581183,2026-03-10 13:57:31.997581183+00:00,25355950898,6825.75,6825.0,['0.00 USD'],-0.00011,-0.75 USD,True
BACKTESTER-001,OracleStrategy-000,MESM6.GLBX,GLBX-001,O-20260310-135734-001-000-2071,O-20260310-135748-001-000-2072,BUY,FLAT,0,1,1773151054256888304,2026-03-10 13:57:34.256888304+00:00,1773151068978261463,2026-03-10 13:57:48.978261463+00:00,14721373159,6826.5,6829.25,['0.00 USD'],0.0004,2.75 USD,True
BACKTESTER-001,OracleStrategy-000,MESM6.GLBX,GLBX-001,O-20260310-135748-001-000-2073,O-20260310-135757-001-000-2074,SELL,FLAT,0,1,1773151068978261463,2026-03-10 13:57:48.978261463+00:00,1773151077683160666,2026-03-10 13:57:57.683160666+00:00,8704899203,6829.25,6827.0,['0.00 USD'],0.00033,2.25 USD,True
BACKTESTER-001,OracleStrategy-000,MESM6.GLBX,GLBX-001,O-20260310-135758-001-000-2076,O-20260310-135805-001-000-2077,BUY,FLAT,0,1,1773151078690166090,2026-03-10 13:57:58.690166090+00:00,1773151085331465653,2026-03-10 13:58:05.331465653+00:00,6641299563,6826.75,6826.5,['0.00 USD'],-4e-05,-0.25 USD,True
BACKTESTER-001,OracleStrategy-000,MESM6.GLBX,GLBX-001,O-20260310-135810-001-000-2080,O-20260310-135830-001-000-2081,SELL,FLAT,0,1,1773151090686719031,2026-03-10 13:58:10.686719031+00:00,1773151110387614914,2026-03-10 13:58:30.387614914+00:00,19700895883,6826.5,6827.0,['0.00 USD'],-7e-05,-0.50 USD,True
BACKTESTER-001,OracleStrategy-000,MESM6.GLBX,GLBX-001,O-20260310-135832-001-000-2083,O-20260310-135851-001-000-2084,SELL,FLAT,0,1,1773151112022383811,2026-03-10 13:58:32.022383811+00:00,1773151131875601858,2026-03-10 13:58:51.875601858+00:00,19853218047,6828.0,6824.75,['0.00 USD'],0.00048,3.25 USD,True
BACKTESTER-001,OracleStrategy-000,MESM6.GLBX,GLBX-001,O-20260310-135851-001-000-2085,O-20260310-135945-001-000-2086,BUY,FLAT,0,1,1773151131875601858,2026-03-10 13:58:51.875601858+00:00,1773151185118272397,2026-03-10 13:59:45.118272397+00:00,53242670539,6824.75,6825.5,['0.00 USD'],0.00011,0.75 USD,True
BACKTESTER-001,OracleStrategy-000,MESM6.GLBX,GLBX-001,O-20260310-135956-001-000-2088,O-20260310-140030-001-000-2089,SELL,FLAT,0,1,1773151196204415405,2026-03-10 13:59:56.204415405+00:00,1773151230401017992,2026-03-10 14:00:30.401017992+00:00,34196602587,6827.5,6822.75,['0.00 USD'],0.0007,4.75 USD,True
BACKTESTER-001,OracleStrategy-000,MESM6.GLBX,GLBX-001,O-20260310-140030-001-000-2090,O-20260310-140038-001-000-2091,BUY,FLAT,0,1,1773151230401017992,2026-03-10 14:00:30.401017992+00:00,1773151238071734723,2026-03-10 14:00:38.071734723+00:00,7670716731,6822.75,6822.75,['0.00 USD'],0.0,0.00 USD,True
BACKTESTER-001,OracleStrategy-000,MESM6.GLBX,GLBX-001,O-20260310-140048-001-000-2096,O-20260310-140049-001-000-2097,BUY,FLAT,0,1,1773151248588290117,2026-03-10 14:00:48.588290117+00:00,1773151249764162131,2026-03-10 14:00:49.764162131+00:00,1175872014,6820.75,6821.25,['0.00 USD'],7e-05,0.50 USD,True
BACKTESTER-001,OracleStrategy-000,MESM6.GLBX,GLBX-001,O-20260310-140054-001-000-2099,O-20260310-140100-001-000-2100,BUY,FLAT,0,1,1773151254123215176,2026-03-10 14:00:54.123215176+00:00,1773151260073716483,2026-03-10 14:01:00.073716483+00:00,5950501307,6820.5,6819.25,['0.00 USD'],-0.00018,-1.25 USD,True
BACKTESTER-001,OracleStrategy-000,MESM6.GLBX,GLBX-001,O-20260310-140103-001-000-2102,O-20260310-140107-001-000-2103,BUY,FLAT,0,1,1773151263427149736,2026-03-10 14:01:03.427149736+00:00,1773151267731651234,2026-03-10 14:01:07.731651234+00:00,4304501498,6818.5,6817.5,['0.00 USD'],-0.00015,-1.00 USD,True
BACKTESTER-001,OracleStrategy-000,MESM6.GLBX,GLBX-001,O-20260310-140112-001-000-2105,O-20260310-140126-001-000-2106,BUY,FLAT,0,1,1773151272229761250,2026-03-10 14:01:12.229761250+00:00,1773151286141892141,2026-03-10 14:01:26.141892141+00:00,13912130891,6817.5,6822.25,['0.00 USD'],0.0007,4.75 USD,True
BACKTESTER-001,OracleStrategy-000,MESM6.GLBX,GLBX-001,O-20260310-140126-001-000-2107,O-20260310-140137-001-000-2108,SELL,FLAT,0,1,1773151286141892141,2026-03-10 14:01:26.141892141+00:00,1773151297129496371,2026-03-10 14:01:37.129496371+00:00,10987604230,6822.25,6823.25,['0.00 USD'],-0.00015,-1.00 USD,True
BACKTESTER-001,OracleStrategy-000,MESM6.GLBX,GLBX-001,O-20260310-140202-001-000-2112,O-20260310-140210-001-000-2113,SELL,FLAT,0,1,1773151322070244755,2026-03-10 14:02:02.070244755+00:00,1773151330274311111,2026-03-10 14:02:10.274311111+00:00,8204066356,6826.25,6829.75,['0.00 USD'],-0.00051,-3.50 USD,True
BACKTESTER-001,OracleStrategy-000,MESM6.GLBX,GLBX-001,O-20260310-140225-001-000-2115,O-20260310-140244-001-000-2116,SELL,FLAT,0,1,1773151345861614781,2026-03-10 14:02:25.861614781+00:00,1773151364622136847,2026-03-10 14:02:44.622136847+00:00,18760522066,6825.75,6825.25,['0.00 USD'],7e-05,0.50 USD,True
BACKTESTER-001,OracleStrategy-000,MESM6.GLBX,GLBX-001,O-20260310-140244-001-000-2117,O-20260310-140246-001-000-2118,BUY,FLAT,0,1,1773151364622136847,2026-03-10 14:02:44.622136847+00:00,1773151366650952960,2026-03-10 14:02:46.650952960+00:00,2028816113,6825.25,6824.75,['0.00 USD'],-7e-05,-0.50 USD,True
BACKTESTER-001,OracleStrategy-000,MESM6.GLBX,GLBX-001,O-20260310-140306-001-000-2121,O-20260310-140309-001-000-2122,BUY,FLAT,0,1,1773151386634820047,2026-03-10 14:03:06.634820047+00:00,1773151389523545539,2026-03-10 14:03:09.523545539+00:00,2888725492,6822.0,6821.75,['0.00 USD'],-4e-05,-0.25 USD,True
BACKTESTER-001,OracleStrategy-000,MESM6.GLBX,GLBX-001,O-20260310-140320-001-000-2125,O-20260310-140403-001-000-2126,BUY,FLAT,0,1,1773151400944424443,2026-03-10 14:03:20.944424443+00:00,1773151443063780376,2026-03-10 14:04:03.063780376+00:00,42119355933,6821.0,6824.25,['0.00 USD'],0.00048,3.25 USD,True
BACKTESTER-001,OracleStrategy-000,MESM6.GLBX,GLBX-001,O-20260310-140403-001-000-2127,O-20260310-140410-001-000-2128,SELL,FLAT,0,1,1773151443063780376,2026-03-10 14:04:03.063780376+00:00,1773151450769234559,2026-03-10 14:04:10.769234559+00:00,7705454183,6824.25,6825.5,['0.00 USD'],-0.00018,-1.25 USD,True
BACKTESTER-001,OracleStrategy-000,MESM6.GLBX,GLBX-001,O-20260310-140425-001-000-2131,O-20260310-140426-001-000-2132,SELL,FLAT,0,1,1773151465598787701,2026-03-10 14:04:25.598787701+00:00,1773151466667676107,2026-03-10 14:04:26.667676107+00:00,1068888406,6828.75,6829.75,['0.00 USD'],-0.00015,-1.00 USD,True
BACKTESTER-001,OracleStrategy-000,MESM6.GLBX,GLBX-001,O-20260310-140433-001-000-2135,O-20260310-140438-001-000-2136,SELL,FLAT,0,1,1773151473003407531,2026-03-10 14:04:33.003407531+00:00,1773151478318806414,2026-03-10 14:04:38.318806414+00:00,5315398883,6829.75,6828.0,['0.00 USD'],0.00026,1.75 USD,True
BACKTESTER-001,OracleStrategy-000,MESM6.GLBX,GLBX-001,O-20260310-140438-001-000-2137,O-20260310-140511-001-000-2138,BUY,FLAT,0,1,1773151478318806414,2026-03-10 14:04:38.318806414+00:00,1773151511828095623,2026-03-10 14:05:11.828095623+00:00,33509289209,6828.0,6834.25,['0.00 USD'],0.00092,6.25 USD,True
BACKTESTER-001,OracleStrategy-000,MESM6.GLBX,GLBX-001,O-20260310-140511-001-000-2139,O-20260310-140515-001-000-2140,SELL,FLAT,0,1,1773151511828095623,2026-03-10 14:05:11.828095623+00:00,1773151515252266975,2026-03-10 14:05:15.252266975+00:00,3424171352,6834.25,6833.5,['0.00 USD'],0.00011,0.75 USD,True
BACKTESTER-001,OracleStrategy-000,MESM6.GLBX,GLBX-001,O-20260310-140528-001-000-2143,O-20260310-140529-001-000-2144,SELL,FLAT,0,1,1773151528677904623,2026-03-10 14:05:28.677904623+00:00,1773151529682416623,2026-03-10 14:05:29.682416623+00:00,1004512000,6835.0,6834.5,['0.00 USD'],7e-05,0.50 USD,True
BACKTESTER-001,OracleStrategy-000,MESM6.GLBX,GLBX-001,O-20260310-140532-001-000-2146,O-20260310-140548-001-000-2147,BUY,FLAT,0,1,1773151532466853026,2026-03-10 14:05:32.466853026+00:00,1773151548425435903,2026-03-10 14:05:48.425435903+00:00,15958582877,6834.75,6835.25,['0.00 USD'],7e-05,0.50 USD,True
BACKTESTER-001,OracleStrategy-000,MESM6.GLBX,GLBX-001,O-20260310-140548-001-000-2148,O-20260310-140625-001-000-2149,SELL,FLAT,0,1,1773151548425435903,2026-03-10 14:05:48.425435903+00:00,1773151585211498526,2026-03-10 14:06:25.211498526+00:00,36786062623,6835.25,6832.0,['0.00 USD'],0.00048,3.25 USD,True
BACKTESTER-001,OracleStrategy-000,MESM6.GLBX,GLBX-001,O-20260310-140625-001-000-2150,O-20260310-140634-001-000-2151,BUY,FLAT,0,1,1773151585211498526,2026-03-10 14:06:25.211498526+00:00,1773151594412064360,2026-03-10 14:06:34.412064360+00:00,9200565834,6832.0,6832.75,['0.00 USD'],0.00011,0.75 USD,True
BACKTESTER-001,OracleStrategy-000,MESM6.GLBX,GLBX-001,O-20260310-140636-001-000-2153,O-20260310-140652-001-000-2154,BUY,FLAT,0,1,1773151596085658032,2026-03-10 14:06:36.085658032+00:00,1773151612323401821,2026-03-10 14:06:52.323401821+00:00,16237743789,6832.0,6830.5,['0.00 USD'],-0.00022,-1.50 USD,True
BACKTESTER-001,OracleStrategy-000,MESM6.GLBX,GLBX-001,O-20260310-140709-001-000-2158,O-20260310-140715-001-000-2159,BUY,FLAT,0,1,1773151629913752935,2026-03-10 14:07:09.913752935+00:00,1773151635137506299,2026-03-10 14:07:15.137506299+00:00,5223753364,6829.5,6829.25,['0.00 USD'],-4e-05,-0.25 USD,True
BACKTESTER-001,OracleStrategy-000,MESM6.GLBX,GLBX-001,O-20260310-140745-001-000-2166,O-20260310-140752-001-000-2167,SELL,FLAT,0,1,1773151665573751922,2026-03-10 14:07:45.573751922+00:00,1773151672006654997,2026-03-10 14:07:52.006654997+00:00,6432903075,6828.5,6825.75,['0.00 USD'],0.0004,2.75 USD,True
BACKTESTER-001,OracleStrategy-000,MESM6.GLBX,GLBX-001,O-20260310-140827-001-000-2174,O-20260310-140931-001-000-2175,SELL,FLAT,0,1,1773151707900575071,2026-03-10 14:08:27.900575071+00:00,1773151771239205930,2026-03-10 14:09:31.239205930+00:00,63338630859,6822.0,6815.75,['0.00 USD'],0.00092,6.25 USD,True
BACKTESTER-001,OracleStrategy-000,MESM6.GLBX,GLBX-001,O-20260310-140931-001-000-2176,O-20260310-140942-001-000-2177,BUY,FLAT,0,1,1773151771239205930,2026-03-10 14:09:31.239205930+00:00,1773151782442867363,2026-03-10 14:09:42.442867363+00:00,11203661433,6815.75,6816.25,['0.00 USD'],7e-05,0.50 USD,True
BACKTESTER-001,OracleStrategy-000,MESM6.GLBX,GLBX-001,O-20260310-140944-001-000-2179,O-20260310-140955-001-000-2180,BUY,FLAT,0,1,1773151784986747681,2026-03-10 14:09:44.986747681+00:00,1773151795260182744,2026-03-10 14:09:55.260182744+00:00,10273435063,6816.25,6816.5,['0.00 USD'],4e-05,0.25 USD,True
BACKTESTER-001,OracleStrategy-000,MESM6.GLBX,GLBX-001,O-20260310-140955-001-000-2181,O-20260310-141013-001-000-2182,SELL,FLAT,0,1,1773151795260182744,2026-03-10 14:09:55.260182744+00:00,1773151813655709955,2026-03-10 14:10:13.655709955+00:00,18395527211,6816.5,6819.0,['0.00 USD'],-0.00037,-2.50 USD,True
BACKTESTER-001,OracleStrategy-000,MESM6.GLBX,GLBX-001,O-20260310-141023-001-000-2184,O-20260310-141024-001-000-2185,SELL,FLAT,0,1,1773151823290404653,2026-03-10 14:10:23.290404653+00:00,1773151824616424215,2026-03-10 14:10:24.616424215+00:00,1326019562,6818.25,6818.0,['0.00 USD'],4e-05,0.25 USD,True
BACKTESTER-001,OracleStrategy-000,MESM6.GLBX,GLBX-001,O-20260310-141024-001-000-2186,O-20260310-141025-001-000-2187,BUY,FLAT,0,1,1773151824616424215,2026-03-10 14:10:24.616424215+00:00,1773151825740888912,2026-03-10 14:10:25.740888912+00:00,1124464697,6818.0,6816.75,['0.00 USD'],-0.00018,-1.25 USD,True
BACKTESTER-001,OracleStrategy-000,MESM6.GLBX,GLBX-001,O-20260310-141028-001-000-2189,O-20260310-141050-001-000-2190,SELL,FLAT,0,1,1773151828923239648,2026-03-10 14:10:28.923239648+00:00,1773151850354601307,2026-03-10 14:10:50.354601307+00:00,21431361659,6819.0,6820.0,['0.00 USD'],-0.00015,-1.00 USD,True
BACKTESTER-001,OracleStrategy-000,MESM6.GLBX,GLBX-001,O-20260310-141100-001-000-2193,O-20260310-141104-001-000-2194,SELL,FLAT,0,1,1773151860237850642,2026-03-10 14:11:00.237850642+00:00,1773151864920220677,2026-03-10 14:11:04.920220677+00:00,4682370035,6819.75,6820.0,['0.00 USD'],-4e-05,-0.25 USD,True
BACKTESTER-001,OracleStrategy-000,MESM6.GLBX,GLBX-001,O-20260310-141104-001-000-2195,O-20260310-141138-001-000-2196,BUY,FLAT,0,1,1773151864920220677,2026-03-10 14:11:04.920220677+00:00,1773151898152848613,2026-03-10 14:11:38.152848613+00:00,33232627936,6820.0,6817.5,['0.00 USD'],-0.00037,-2.50 USD,True
BACKTESTER-001,OracleStrategy-000,MESM6.GLBX,GLBX-001,O-20260310-141143-001-000-2198,O-20260310-141211-001-000-2199,BUY,FLAT,0,1,1773151903220037943,2026-03-10 14:11:43.220037943+00:00,1773151931228364888,2026-03-10 14:12:11.228364888+00:00,28008326945,6817.25,6823.0,['0.00 USD'],0.00084,5.75 USD,True
BACKTESTER-001,OracleStrategy-000,MESM6.GLBX,GLBX-001,O-20260310-141215-001-000-2201,O-20260310-141220-001-000-2202,SELL,FLAT,0,1,1773151935800307711,2026-03-10 14:12:15.800307711+00:00,1773151940376189325,2026-03-10 14:12:20.376189325+00:00,4575881614,6823.25,6824.0,['0.00 USD'],-0.00011,-0.75 USD,True
BACKTESTER-001,OracleStrategy-000,MESM6.GLBX,GLBX-001,O-20260310-141220-001-000-2203,O-20260310-141226-001-000-2204,BUY,FLAT,0,1,1773151940376189325,2026-03-10 14:12:20.376189325+00:00,1773151946659909958,2026-03-10 14:12:26.659909958+00:00,6283720633,6824.0,6822.75,['0.00 USD'],-0.00018,-1.25 USD,True
BACKTESTER-001,OracleStrategy-000,MESM6.GLBX,GLBX-001,O-20260310-141226-001-000-2205,O-20260310-141229-001-000-2206,SELL,FLAT,0,1,1773151946659909958,2026-03-10 14:12:26.659909958+00:00,1773151949895831351,2026-03-10 14:12:29.895831351+00:00,3235921393,6822.75,6821.75,['0.00 USD'],0.00015,1.00 USD,True
BACKTESTER-001,OracleStrategy-000,MESM6.GLBX,GLBX-001,O-20260310-141229-001-000-2207,O-20260310-141301-001-000-2208,BUY,FLAT,0,1,1773151949895831351,2026-03-10 14:12:29.895831351+00:00,1773151981378082843,2026-03-10 14:13:01.378082843+00:00,31482251492,6821.75,6823.0,['0.00 USD'],0.00018,1.25 USD,True
BACKTESTER-001,OracleStrategy-000,MESM6.GLBX,GLBX-001,O-20260310-141301-001-000-2209,O-20260310-141306-001-000-2210,SELL,FLAT,0,1,1773151981378082843,2026-03-10 14:13:01.378082843+00:00,1773151986721660058,2026-03-10 14:13:06.721660058+00:00,5343577215,6823.0,6821.5,['0.00 USD'],0.00022,1.50 USD,True
BACKTESTER-001,OracleStrategy-000,MESM6.GLBX,GLBX-001,O-20260310-141306-001-000-2211,O-20260310-141424-001-000-2212,BUY,FLAT,0,1,1773151986721660058,2026-03-10 14:13:06.721660058+00:00,1773152064515686231,2026-03-10 14:14:24.515686231+00:00,77794026173,6821.5,6825.0,['0.00 USD'],0.00051,3.50 USD,True
BACKTESTER-001,OracleStrategy-000,MESM6.GLBX,GLBX-001,O-20260310-141424-001-000-2213,O-20260310-141432-001-000-2214,SELL,FLAT,0,1,1773152064515686231,2026-03-10 14:14:24.515686231+00:00,1773152072659790603,2026-03-10 14:14:32.659790603+00:00,8144104372,6825.0,6824.25,['0.00 USD'],0.00011,0.75 USD,True
BACKTESTER-001,OracleStrategy-000,MESM6.GLBX,GLBX-001,O-20260310-141535-001-000-2221,O-20260310-141538-001-000-2222,BUY,FLAT,0,1,1773152135455372357,2026-03-10 14:15:35.455372357+00:00,1773152138205716992,2026-03-10 14:15:38.205716992+00:00,2750344635,6818.25,6818.75,['0.00 USD'],7e-05,0.50 USD,True
BACKTESTER-001,OracleStrategy-000,MESM6.GLBX,GLBX-001,O-20260310-141538-001-000-2223,O-20260310-141552-001-000-2224,SELL,FLAT,0,1,1773152138205716992,2026-03-10 14:15:38.205716992+00:00,1773152152397965175,2026-03-10 14:15:52.397965175+00:00,14192248183,6818.75,6819.25,['0.00 USD'],-7e-05,-0.50 USD,True
BACKTESTER-001,OracleStrategy-000,MESM6.GLBX,GLBX-001,O-20260310-141555-001-000-2226,O-20260310-141628-001-000-2227,BUY,FLAT,0,1,1773152155851885376,2026-03-10 14:15:55.851885376+00:00,1773152188923507138,2026-03-10 14:16:28.923507138+00:00,33071621762,6818.5,6821.75,['0.00 USD'],0.00048,3.25 USD,True
BACKTESTER-001,OracleStrategy-000,MESM6.GLBX,GLBX-001,O-20260310-141628-001-000-2228,O-20260310-141709-001-000-2229,SELL,FLAT,0,1,1773152188923507138,2026-03-10 14:16:28.923507138+00:00,1773152229873552817,2026-03-10 14:17:09.873552817+00:00,40950045679,6821.75,6823.75,['0.00 USD'],-0.00029,-2.00 USD,True
BACKTESTER-001,OracleStrategy-000,MESM6.GLBX,GLBX-001,O-20260310-141803-001-000-2232,O-20260310-141811-001-000-2233,BUY,FLAT,0,1,1773152283651824727,2026-03-10 14:18:03.651824727+00:00,1773152291040254568,2026-03-10 14:18:11.040254568+00:00,7388429841,6822.75,6822.0,['0.00 USD'],-0.00011,-0.75 USD,True
BACKTESTER-001,OracleStrategy-000,MESM6.GLBX,GLBX-001,O-20260310-141838-001-000-2237,O-20260310-141845-001-000-2238,SELL,FLAT,0,1,1773152318253571093,2026-03-10 14:18:38.253571093+00:00,1773152325610539871,2026-03-10 14:18:45.610539871+00:00,7356968778,6825.0,6824.25,['0.00 USD'],0.00011,0.75 USD,True
BACKTESTER-001,OracleStrategy-000,MESM6.GLBX,GLBX-001,O-20260310-141859-001-000-2240,O-20260310-141917-001-000-2241,BUY,FLAT,0,1,1773152339695591957,2026-03-10 14:18:59.695591957+00:00,1773152357246409570,2026-03-10 14:19:17.246409570+00:00,17550817613,6825.25,6829.0,['0.00 USD'],0.00055,3.75 USD,True
BACKTESTER-001,OracleStrategy-000,MESM6.GLBX,GLBX-001,O-20260310-141936-001-000-2243,O-20260310-141938-001-000-2244,SELL,FLAT,0,1,1773152376758232931,2026-03-10 14:19:36.758232931+00:00,1773152378927007263,2026-03-10 14:19:38.927007263+00:00,2168774332,6831.0,6832.5,['0.00 USD'],-0.00022,-1.50 USD,True
BACKTESTER-001,OracleStrategy-000,MESM6.GLBX,GLBX-001,O-20260310-141954-001-000-2246,O-20260310-141957-001-000-2247,SELL,FLAT,0,1,1773152394811356831,2026-03-10 14:19:54.811356831+00:00,1773152397385915053,2026-03-10 14:19:57.385915053+00:00,2574558222,6831.25,6831.0,['0.00 USD'],4e-05,0.25 USD,True
BACKTESTER-001,OracleStrategy-000,MESM6.GLBX,GLBX-001,O-20260310-141957-001-000-2248,O-20260310-142006-001-000-2249,BUY,FLAT,0,1,1773152397385915053,2026-03-10 14:19:57.385915053+00:00,1773152406634741011,2026-03-10 14:20:06.634741011+00:00,9248825958,6831.0,6830.0,['0.00 USD'],-0.00015,-1.00 USD,True
BACKTESTER-001,OracleStrategy-000,MESM6.GLBX,GLBX-001,O-20260310-142045-001-000-2255,O-20260310-142106-001-000-2256,SELL,FLAT,0,1,1773152445169828775,2026-03-10 14:20:45.169828775+00:00,1773152466642103512,2026-03-10 14:21:06.642103512+00:00,21472274737,6834.0,6837.0,['0.00 USD'],-0.00044,-3.00 USD,True
BACKTESTER-001,OracleStrategy-000,MESM6.GLBX,GLBX-001,O-20260310-142142-001-000-2260,O-20260310-142152-001-000-2261,BUY,FLAT,0,1,1773152502024035875,2026-03-10 14:21:42.024035875+00:00,1773152512964893714,2026-03-10 14:21:52.964893714+00:00,10940857839,6837.5,6839.0,['0.00 USD'],0.00022,1.50 USD,True
BACKTESTER-001,OracleStrategy-000,MESM6.GLBX,GLBX-001,O-20260310-142152-001-000-2262,O-20260310-142154-001-000-2263,SELL,FLAT,0,1,1773152512964893714,2026-03-10 14:21:52.964893714+00:00,1773152514147669235,2026-03-10 14:21:54.147669235+00:00,1182775521,6839.0,6838.75,['0.00 USD'],4e-05,0.25 USD,True
BACKTESTER-001,OracleStrategy-000,MESM6.GLBX,GLBX-001,O-20260310-142159-001-000-2265,O-20260310-142203-001-000-2266,SELL,FLAT,0,1,1773152519907699875,2026-03-10 14:21:59.907699875+00:00,1773152523244263074,2026-03-10 14:22:03.244263074+00:00,3336563199,6839.25,6840.25,['0.00 USD'],-0.00015,-1.00 USD,True
BACKTESTER-001,OracleStrategy-000,MESM6.GLBX,GLBX-001,O-20260310-142206-001-000-2268,O-20260310-142211-001-000-2269,SELL,FLAT,0,1,1773152526640597571,2026-03-10 14:22:06.640597571+00:00,1773152531796625658,2026-03-10 14:22:11.796625658+00:00,5156028087,6840.5,6839.25,['0.00 USD'],0.00018,1.25 USD,True
BACKTESTER-001,OracleStrategy-000,MESM6.GLBX,GLBX-001,O-20260310-142211-001-000-2270,O-20260310-142226-001-000-2271,BUY,FLAT,0,1,1773152531796625658,2026-03-10 14:22:11.796625658+00:00,1773152546414851094,2026-03-10 14:22:26.414851094+00:00,14618225436,6839.25,6837.25,['0.00 USD'],-0.00029,-2.00 USD,True
BACKTESTER-001,OracleStrategy-000,MESM6.GLBX,GLBX-001,O-20260310-142248-001-000-2273,O-20260310-142254-001-000-2274,SELL,FLAT,0,1,1773152568883660197,2026-03-10 14:22:48.883660197+00:00,1773152574197800160,2026-03-10 14:22:54.197800160+00:00,5314139963,6839.25,6840.5,['0.00 USD'],-0.00018,-1.25 USD,True
BACKTESTER-001,OracleStrategy-000,MESM6.GLBX,GLBX-001,O-20260310-142301-001-000-2278,O-20260310-142304-001-000-2279,SELL,FLAT,0,1,1773152581997400080,2026-03-10 14:23:01.997400080+00:00,1773152584354745067,2026-03-10 14:23:04.354745067+00:00,2357344987,6842.0,6841.5,['0.00 USD'],7e-05,0.50 USD,True
BACKTESTER-001,OracleStrategy-000,MESM6.GLBX,GLBX-001,O-20260310-142304-001-000-2280,O-20260310-142305-001-000-2281,BUY,FLAT,0,1,1773152584354745067,2026-03-10 14:23:04.354745067+00:00,1773152585838308995,2026-03-10 14:23:05.838308995+00:00,1483563928,6841.5,6840.0,['0.00 USD'],-0.00022,-1.50 USD,True
BACKTESTER-001,OracleStrategy-000,MESM6.GLBX,GLBX-001,O-20260310-142330-001-000-2283,O-20260310-142337-001-000-2284,BUY,FLAT,0,1,1773152610053599076,2026-03-10 14:23:30.053599076+00:00,1773152617793718755,2026-03-10 14:23:37.793718755+00:00,7740119679,6838.5,6840.0,['0.00 USD'],0.00022,1.50 USD,True
BACKTESTER-001,OracleStrategy-000,MESM6.GLBX,GLBX-001,O-20260310-142340-001-000-2286,O-20260310-142401-001-000-2287,SELL,FLAT,0,1,1773152620096716360,2026-03-10 14:23:40.096716360+00:00,1773152641752967703,2026-03-10 14:24:01.752967703+00:00,21656251343,6839.5,6842.0,['0.00 USD'],-0.00037,-2.50 USD,True
BACKTESTER-001,OracleStrategy-000,MESM6.GLBX,GLBX-001,O-20260310-142409-001-000-2289,O-20260310-142410-001-000-2290,SELL,FLAT,0,1,1773152649200891077,2026-03-10 14:24:09.200891077+00:00,1773152650207831128,2026-03-10 14:24:10.207831128+00:00,1006940051,6840.25,6839.75,['0.00 USD'],7e-05,0.50 USD,True
BACKTESTER-001,OracleStrategy-000,MESM6.GLBX,GLBX-001,O-20260310-142410-001-000-2291,O-20260310-142442-001-000-2292,BUY,FLAT,0,1,1773152650207831128,2026-03-10 14:24:10.207831128+00:00,1773152682749201757,2026-03-10 14:24:42.749201757+00:00,32541370629,6839.75,6839.0,['0.00 USD'],-0.00011,-0.75 USD,True
BACKTESTER-001,OracleStrategy-000,MESM6.GLBX,GLBX-001,O-20260310-142444-001-000-2294,O-20260310-142527-001-000-2295,BUY,FLAT,0,1,1773152684404051264,2026-03-10 14:24:44.404051264+00:00,1773152727827904610,2026-03-10 14:25:27.827904610+00:00,43423853346,6838.75,6843.0,['0.00 USD'],0.00062,4.25 USD,True
BACKTESTER-001,OracleStrategy-000,MESM6.GLBX,GLBX-001,O-20260310-142527-001-000-2296,O-20260310-142537-001-000-2297,SELL,FLAT,0,1,1773152727827904610,2026-03-10 14:25:27.827904610+00:00,1773152737022214096,2026-03-10 14:25:37.022214096+00:00,9194309486,6843.0,6845.0,['0.00 USD'],-0.00029,-2.00 USD,True
BACKTESTER-001,OracleStrategy-000,MESM6.GLBX,GLBX-001,O-20260310-142538-001-000-2299,O-20260310-142540-001-000-2300,SELL,FLAT,0,1,1773152738045334651,2026-03-10 14:25:38.045334651+00:00,1773152740632780346,2026-03-10 14:25:40.632780346+00:00,2587445695,6845.25,6844.75,['0.00 USD'],7e-05,0.50 USD,True
BACKTESTER-001,OracleStrategy-000,MESM6.GLBX,GLBX-001,O-20260310-142540-001-000-2301,O-20260310-142543-001-000-2302,BUY,FLAT,0,1,1773152740632780346,2026-03-10 14:25:40.632780346+00:00,1773152743570337712,2026-03-10 14:25:43.570337712+00:00,2937557366,6844.75,6844.25,['0.00 USD'],-7e-05,-0.50 USD,True
BACKTESTER-001,OracleStrategy-000,MESM6.GLBX,GLBX-001,O-20260310-142546-001-000-2305,O-20260310-142548-001-000-2306,SELL,FLAT,0,1,1773152746329346791,2026-03-10 14:25:46.329346791+00:00,1773152748136237629,2026-03-10 14:25:48.136237629+00:00,1806890838,6845.5,6845.25,['0.00 USD'],4e-05,0.25 USD,True
BACKTESTER-001,OracleStrategy-000,MESM6.GLBX,GLBX-001,O-20260310-142552-001-000-2308,O-20260310-142602-001-000-2309,BUY,FLAT,0,1,1773152752760098821,2026-03-10 14:25:52.760098821+00:00,1773152762022998101,2026-03-10 14:26:02.022998101+00:00,9262899280,6843.75,6844.25,['0.00 USD'],7e-05,0.50 USD,True
BACKTESTER-001,OracleStrategy-000,MESM6.GLBX,GLBX-001,O-20260310-142603-001-000-2311,O-20260310-142605-001-000-2312,BUY,FLAT,0,1,1773152763050716074,2026-03-10 14:26:03.050716074+00:00,1773152765607598335,2026-03-10 14:26:05.607598335+00:00,2556882261,6845.25,6843.75,['0.00 USD'],-0.00022,-1.50 USD,True
BACKTESTER-001,OracleStrategy-000,MESM6.GLBX,GLBX-001,O-20260310-142607-001-000-2314,O-20260310-142611-001-000-2315,SELL,FLAT,0,1,1773152767955021963,2026-03-10 14:26:07.955021963+00:00,1773152771218915447,2026-03-10 14:26:11.218915447+00:00,3263893484,6846.0,6846.75,['0.00 USD'],-0.00011,-0.75 USD,True
BACKTESTER-001,OracleStrategy-000,MESM6.GLBX,GLBX-001,O-20260310-142632-001-000-2320,O-20260310-142638-001-000-2321,SELL,FLAT,0,1,1773152792678534589,2026-03-10 14:26:32.678534589+00:00,1773152798772108640,2026-03-10 14:26:38.772108640+00:00,6093574051,6847.75,6846.0,['0.00 USD'],0.00026,1.75 USD,True
BACKTESTER-001,OracleStrategy-000,MESM6.GLBX,GLBX-001,O-20260310-142638-001-000-2322,O-20260310-142655-001-000-2323,BUY,FLAT,0,1,1773152798772108640,2026-03-10 14:26:38.772108640+00:00,1773152815069216823,2026-03-10 14:26:55.069216823+00:00,16297108183,6846.0,6847.25,['0.00 USD'],0.00018,1.25 USD,True
BACKTESTER-001,OracleStrategy-000,MESM6.GLBX,GLBX-001,O-20260310-142655-001-000-2324,O-20260310-142710-001-000-2325,SELL,FLAT,0,1,1773152815069216823,2026-03-10 14:26:55.069216823+00:00,1773152830206491923,2026-03-10 14:27:10.206491923+00:00,15137275100,6847.25,6843.5,['0.00 USD'],0.00055,3.75 USD,True
BACKTESTER-001,OracleStrategy-000,MESM6.GLBX,GLBX-001,O-20260310-142710-001-000-2326,O-20260310-142713-001-000-2327,BUY,FLAT,0,1,1773152830206491923,2026-03-10 14:27:10.206491923+00:00,1773152833711631807,2026-03-10 14:27:13.711631807+00:00,3505139884,6843.5,6844.25,['0.00 USD'],0.00011,0.75 USD,True
BACKTESTER-001,OracleStrategy-000,MESM6.GLBX,GLBX-001,O-20260310-142718-001-000-2329,O-20260310-142759-001-000-2330,SELL,FLAT,0,1,1773152838505848245,2026-03-10 14:27:18.505848245+00:00,1773152879371522146,2026-03-10 14:27:59.371522146+00:00,40865673901,6844.75,6844.25,['0.00 USD'],7e-05,0.50 USD,True
BACKTESTER-001,OracleStrategy-000,MESM6.GLBX,GLBX-001,O-20260310-142759-001-000-2331,O-20260310-142814-001-000-2332,BUY,FLAT,0,1,1773152879371522146,2026-03-10 14:27:59.371522146+00:00,1773152894051544784,2026-03-10 14:28:14.051544784+00:00,14680022638,6844.25,6845.5,['0.00 USD'],0.00018,1.25 USD,True
BACKTESTER-001,OracleStrategy-000,MESM6.GLBX,GLBX-001,O-20260310-142814-001-000-2333,O-20260310-142824-001-000-2334,SELL,FLAT,0,1,1773152894051544784,2026-03-10 14:28:14.051544784+00:00,1773152904831800925,2026-03-10 14:28:24.831800925+00:00,10780256141,6845.5,6847.25,['0.00 USD'],-0.00026,-1.75 USD,True
BACKTESTER-001,OracleStrategy-000,MESM6.GLBX,GLBX-001,O-20260310-142830-001-000-2336,O-20260310-142837-001-000-2337,BUY,FLAT,0,1,1773152910333620050,2026-03-10 14:28:30.333620050+00:00,1773152917822182931,2026-03-10 14:28:37.822182931+00:00,7488562881,6845.75,6848.5,['0.00 USD'],0.0004,2.75 USD,True
BACKTESTER-001,OracleStrategy-000,MESM6.GLBX,GLBX-001,O-20260310-142837-001-000-2338,O-20260310-142852-001-000-2339,SELL,FLAT,0,1,1773152917822182931,2026-03-10 14:28:37.822182931+00:00,1773152932044915437,2026-03-10 14:28:52.044915437+00:00,14222732506,6848.5,6847.25,['0.00 USD'],0.00018,1.25 USD,True
BACKTESTER-001,OracleStrategy-000,MESM6.GLBX,GLBX-001,O-20260310-142916-001-000-2342,O-20260310-143002-001-000-2343,BUY,FLAT,0,1,1773152956913056810,2026-03-10 14:29:16.913056810+00:00,1773153002456522264,2026-03-10 14:30:02.456522264+00:00,45543465454,6843.25,6846.25,['0.00 USD'],0.00044,3.00 USD,True
BACKTESTER-001,OracleStrategy-000,MESM6.GLBX,GLBX-001,O-20260310-143027-001-000-2349,O-20260310-143029-001-000-2350,SELL,FLAT,0,1,1773153027312325487,2026-03-10 14:30:27.312325487+00:00,1773153029608152136,2026-03-10 14:30:29.608152136+00:00,2295826649,6851.0,6852.25,['0.00 USD'],-0.00018,-1.25 USD,True
BACKTESTER-001,OracleStrategy-000,MESM6.GLBX,GLBX-001,O-20260310-143106-001-000-2355,O-20260310-143140-001-000-2356,SELL,FLAT,0,1,1773153066638357195,2026-03-10 14:31:06.638357195+00:00,1773153100412028197,2026-03-10 14:31:40.412028197+00:00,33773671002,6852.5,6850.0,['0.00 USD'],0.00036,2.50 USD,True
BACKTESTER-001,OracleStrategy-000,MESM6.GLBX,GLBX-001,O-20260310-143140-001-000-2357,O-20260310-143141-001-000-2358,BUY,FLAT,0,1,1773153100412028197,2026-03-10 14:31:40.412028197+00:00,1773153101734526885,2026-03-10 14:31:41.734526885+00:00,1322498688,6850.0,6849.75,['0.00 USD'],-4e-05,-0.25 USD,True
BACKTESTER-001,OracleStrategy-000,MESM6.GLBX,GLBX-001,O-20260310-143156-001-000-2360,O-20260310-143208-001-000-2361,BUY,FLAT,0,1,1773153116668092115,2026-03-10 14:31:56.668092115+00:00,1773153128858015248,2026-03-10 14:32:08.858015248+00:00,12189923133,6849.75,6850.25,['0.00 USD'],7e-05,0.50 USD,True
BACKTESTER-001,OracleStrategy-000,MESM6.GLBX,GLBX-001,O-20260310-143208-001-000-2362,O-20260310-143223-001-000-2363,SELL,FLAT,0,1,1773153128858015248,2026-03-10 14:32:08.858015248+00:00,1773153143665656661,2026-03-10 14:32:23.665656661+00:00,14807641413,6850.25,6852.5,['0.00 USD'],-0.00033,-2.25 USD,True
BACKTESTER-001,OracleStrategy-000,MESM6.GLBX,GLBX-001,O-20260310-143248-001-000-2367,O-20260310-143254-001-000-2368,SELL,FLAT,0,1,1773153168611560240,2026-03-10 14:32:48.611560240+00:00,1773153174731484741,2026-03-10 14:32:54.731484741+00:00,6119924501,6852.5,6852.5,['0.00 USD'],0.0,0.00 USD,True
BACKTESTER-001,OracleStrategy-000,MESM6.GLBX,GLBX-001,O-20260310-143259-001-000-2370,O-20260310-143305-001-000-2371,SELL,FLAT,0,1,1773153179502489371,2026-03-10 14:32:59.502489371+00:00,1773153185476088459,2026-03-10 14:33:05.476088459+00:00,5973599088,6853.0,6853.0,['0.00 USD'],0.0,0.00 USD,True
BACKTESTER-001,OracleStrategy-000,MESM6.GLBX,GLBX-001,O-20260310-143316-001-000-2375,O-20260310-143344-001-000-2376,SELL,FLAT,0,1,1773153196164030192,2026-03-10 14:33:16.164030192+00:00,1773153224415901876,2026-03-10 14:33:44.415901876+00:00,28251871684,6853.75,6854.5,['0.00 USD'],-0.00011,-0.75 USD,True
BACKTESTER-001,OracleStrategy-000,MESM6.GLBX,GLBX-001,O-20260310-143344-001-000-2377,O-20260310-143347-001-000-2378,BUY,FLAT,0,1,1773153224415901876,2026-03-10 14:33:44.415901876+00:00,1773153227309456127,2026-03-10 14:33:47.309456127+00:00,2893554251,6854.5,6854.25,['0.00 USD'],-4e-05,-0.25 USD,True
BACKTESTER-001,OracleStrategy-000,MESM6.GLBX,GLBX-001,O-20260310-143347-001-000-2379,O-20260310-143349-001-000-2380,SELL,FLAT,0,1,1773153227309456127,2026-03-10 14:33:47.309456127+00:00,1773153229303169754,2026-03-10 14:33:49.303169754+00:00,1993713627,6854.25,6855.75,['0.00 USD'],-0.00022,-1.50 USD,True
BACKTESTER-001,OracleStrategy-000,MESM6.GLBX,GLBX-001,O-20260310-143354-001-000-2382,O-20260310-143403-001-000-2383,SELL,FLAT,0,1,1773153234408482183,2026-03-10 14:33:54.408482183+00:00,1773153243548816080,2026-03-10 14:34:03.548816080+00:00,9140333897,6855.25,6854.25,['0.00 USD'],0.00015,1.00 USD,True
BACKTESTER-001,OracleStrategy-000,MESM6.GLBX,GLBX-001,O-20260310-143403-001-000-2384,O-20260310-143411-001-000-2385,BUY,FLAT,0,1,1773153243548816080,2026-03-10 14:34:03.548816080+00:00,1773153251792644530,2026-03-10 14:34:11.792644530+00:00,8243828450,6854.25,6855.25,['0.00 USD'],0.00015,1.00 USD,True
BACKTESTER-001,OracleStrategy-000,MESM6.GLBX,GLBX-001,O-20260310-143411-001-000-2386,O-20260310-143413-001-000-2387,SELL,FLAT,0,1,1773153251792644530,2026-03-10 14:34:11.792644530+00:00,1773153253838171319,2026-03-10 14:34:13.838171319+00:00,2045526789,6855.25,6857.0,['0.00 USD'],-0.00026,-1.75 USD,True
BACKTESTER-001,OracleStrategy-000,MESM6.GLBX,GLBX-001,O-20260310-143419-001-000-2391,O-20260310-143420-001-000-2392,SELL,FLAT,0,1,1773153259212739451,2026-03-10 14:34:19.212739451+00:00,1773153260279464969,2026-03-10 14:34:20.279464969+00:00,1066725518,6859.25,6859.5,['0.00 USD'],-4e-05,-0.25 USD,True
BACKTESTER-001,OracleStrategy-000,MESM6.GLBX,GLBX-001,O-20260310-143437-001-000-2394,O-20260310-143440-001-000-2395,BUY,FLAT,0,1,1773153277396233570,2026-03-10 14:34:37.396233570+00:00,1773153280160922988,2026-03-10 14:34:40.160922988+00:00,2764689418,6857.5,6857.25,['0.00 USD'],-4e-05,-0.25 USD,True
BACKTESTER-001,OracleStrategy-000,MESM6.GLBX,GLBX-001,O-20260310-143444-001-000-2398,O-20260310-143445-001-000-2399,BUY,FLAT,0,1,1773153284555308691,2026-03-10 14:34:44.555308691+00:00,1773153285818879813,2026-03-10 14:34:45.818879813+00:00,1263571122,6858.25,6858.5,['0.00 USD'],4e-05,0.25 USD,True
BACKTESTER-001,OracleStrategy-000,MESM6.GLBX,GLBX-001,O-20260310-143445-001-000-2400,O-20260310-143502-001-000-2401,SELL,FLAT,0,1,1773153285818879813,2026-03-10 14:34:45.818879813+00:00,1773153302733024275,2026-03-10 14:35:02.733024275+00:00,16914144462,6858.5,6858.0,['0.00 USD'],7e-05,0.50 USD,True
BACKTESTER-001,OracleStrategy-000,MESM6.GLBX,GLBX-001,O-20260310-143502-001-000-2402,O-20260310-143506-001-000-2403,BUY,FLAT,0,1,1773153302733024275,2026-03-10 14:35:02.733024275+00:00,1773153306640018811,2026-03-10 14:35:06.640018811+00:00,3906994536,6858.0,6858.25,['0.00 USD'],4e-05,0.25 USD,True
BACKTESTER-001,OracleStrategy-000,MESM6.GLBX,GLBX-001,O-20260310-143506-001-000-2404,O-20260310-143508-001-000-2405,SELL,FLAT,0,1,1773153306640018811,2026-03-10 14:35:06.640018811+00:00,1773153308041266027,2026-03-10 14:35:08.041266027+00:00,1401247216,6858.25,6857.5,['0.00 USD'],0.00011,0.75 USD,True
BACKTESTER-001,OracleStrategy-000,MESM6.GLBX,GLBX-001,O-20260310-143508-001-000-2406,O-20260310-143509-001-000-2407,BUY,FLAT,0,1,1773153308041266027,2026-03-10 14:35:08.041266027+00:00,1773153309225042936,2026-03-10 14:35:09.225042936+00:00,1183776909,6857.5,6855.75,['0.00 USD'],-0.00026,-1.75 USD,True
BACKTESTER-001,OracleStrategy-000,MESM6.GLBX,GLBX-001,O-20260310-143517-001-000-2410,O-20260310-143548-001-000-2411,BUY,FLAT,0,1,1773153317512163215,2026-03-10 14:35:17.512163215+00:00,1773153348668920965,2026-03-10 14:35:48.668920965+00:00,31156757750,6856.5,6858.25,['0.00 USD'],0.00026,1.75 USD,True
BACKTESTER-001,OracleStrategy-000,MESM6.GLBX,GLBX-001,O-20260310-143548-001-000-2412,O-20260310-143601-001-000-2413,SELL,FLAT,0,1,1773153348668920965,2026-03-10 14:35:48.668920965+00:00,1773153361248856076,2026-03-10 14:36:01.248856076+00:00,12579935111,6858.25,6859.5,['0.00 USD'],-0.00018,-1.25 USD,True
BACKTESTER-001,OracleStrategy-000,MESM6.GLBX,GLBX-001,O-20260310-143606-001-000-2415,O-20260310-143703-001-000-2416,BUY,FLAT,0,1,1773153366326917168,2026-03-10 14:36:06.326917168+00:00,1773153423300624338,2026-03-10 14:37:03.300624338+00:00,56973707170,6859.25,6862.0,['0.00 USD'],0.0004,2.75 USD,True
BACKTESTER-001,OracleStrategy-000,MESM6.GLBX,GLBX-001,O-20260310-143703-001-000-2417,O-20260310-143719-001-000-2418,SELL,FLAT,0,1,1773153423300624338,2026-03-10 14:37:03.300624338+00:00,1773153439482495903,2026-03-10 14:37:19.482495903+00:00,16181871565,6862.0,6859.5,['0.00 USD'],0.00036,2.50 USD,True
BACKTESTER-001,OracleStrategy-000,MESM6.GLBX,GLBX-001,O-20260310-143719-001-000-2419,O-20260310-143746-001-000-2420,BUY,FLAT,0,1,1773153439482495903,2026-03-10 14:37:19.482495903+00:00,1773153466176695543,2026-03-10 14:37:46.176695543+00:00,26694199640,6859.5,6859.75,['0.00 USD'],4e-05,0.25 USD,True
BACKTESTER-001,OracleStrategy-000,MESM6.GLBX,GLBX-001,O-20260310-143747-001-000-2422,O-20260310-143751-001-000-2423,SELL,FLAT,0,1,1773153467379242957,2026-03-10 14:37:47.379242957+00:00,1773153471811591832,2026-03-10 14:37:51.811591832+00:00,4432348875,6859.0,6858.5,['0.00 USD'],7e-05,0.50 USD,True
BACKTESTER-001,OracleStrategy-000,MESM6.GLBX,GLBX-001,O-20260310-143751-001-000-2424,O-20260310-143813-001-000-2425,BUY,FLAT,0,1,1773153471811591832,2026-03-10 14:37:51.811591832+00:00,1773153493562104623,2026-03-10 14:38:13.562104623+00:00,21750512791,6858.5,6859.5,['0.00 USD'],0.00015,1.00 USD,True
BACKTESTER-001,OracleStrategy-000,MESM6.GLBX,GLBX-001,O-20260310-143813-001-000-2426,O-20260310-143921-001-000-2427,SELL,FLAT,0,1,1773153493562104623,2026-03-10 14:38:13.562104623+00:00,1773153561793369312,2026-03-10 14:39:21.793369312+00:00,68231264689,6859.5,6862.0,['0.00 USD'],-0.00036,-2.50 USD,True
BACKTESTER-001,OracleStrategy-000,MESM6.GLBX,GLBX-001,O-20260310-143935-001-000-2431,O-20260310-143950-001-000-2432,SELL,FLAT,0,1,1773153575947068882,2026-03-10 14:39:35.947068882+00:00,1773153590548576823,2026-03-10 14:39:50.548576823+00:00,14601507941,6862.0,6862.25,['0.00 USD'],-4e-05,-0.25 USD,True
BACKTESTER-001,OracleStrategy-000,MESM6.GLBX,GLBX-001,O-20260310-143953-001-000-2434,O-20260310-143955-001-000-2435,SELL,FLAT,0,1,1773153593219019883,2026-03-10 14:39:53.219019883+00:00,1773153595563191064,2026-03-10 14:39:55.563191064+00:00,2344171181,6863.25,6863.25,['0.00 USD'],0.0,0.00 USD,True
BACKTESTER-001,OracleStrategy-000,MESM6.GLBX,GLBX-001,O-20260310-143955-001-000-2436,O-20260310-143957-001-000-2437,BUY,FLAT,0,1,1773153595563191064,2026-03-10 14:39:55.563191064+00:00,1773153597374240435,2026-03-10 14:39:57.374240435+00:00,1811049371,6863.25,6864.0,['0.00 USD'],0.00011,0.75 USD,True
BACKTESTER-001,OracleStrategy-000,MESM6.GLBX,GLBX-001,O-20260310-143957-001-000-2438,O-20260310-144006-001-000-2439,SELL,FLAT,0,1,1773153597374240435,2026-03-10 14:39:57.374240435+00:00,1773153606221096963,2026-03-10 14:40:06.221096963+00:00,8846856528,6864.0,6863.75,['0.00 USD'],4e-05,0.25 USD,True
BACKTESTER-001,OracleStrategy-000,MESM6.GLBX,GLBX-001,O-20260310-144008-001-000-2441,O-20260310-144017-001-000-2442,BUY,FLAT,0,1,1773153608542576183,2026-03-10 14:40:08.542576183+00:00,1773153617656507063,2026-03-10 14:40:17.656507063+00:00,9113930880,6864.25,6863.75,['0.00 USD'],-7e-05,-0.50 USD,True
BACKTESTER-001,OracleStrategy-000,MESM6.GLBX,GLBX-001,O-20260310-144020-001-000-2445,O-20260310-144040-001-000-2446,SELL,FLAT,0,1,1773153620883856376,2026-03-10 14:40:20.883856376+00:00,1773153640263847068,2026-03-10 14:40:40.263847068+00:00,19379990692,6863.25,6863.0,['0.00 USD'],4e-05,0.25 USD,True
BACKTESTER-001,OracleStrategy-000,MESM6.GLBX,GLBX-001,O-20260310-144040-001-000-2447,O-20260310-144051-001-000-2448,BUY,FLAT,0,1,1773153640263847068,2026-03-10 14:40:40.263847068+00:00,1773153651365946283,2026-03-10 14:40:51.365946283+00:00,11102099215,6863.0,6862.25,['0.00 USD'],-0.00011,-0.75 USD,True
BACKTESTER-001,OracleStrategy-000,MESM6.GLBX,GLBX-001,O-20260310-144052-001-000-2450,O-20260310-144118-001-000-2451,BUY,FLAT,0,1,1773153652965609998,2026-03-10 14:40:52.965609998+00:00,1773153678037192888,2026-03-10 14:41:18.037192888+00:00,25071582890,6862.25,6862.5,['0.00 USD'],4e-05,0.25 USD,True
BACKTESTER-001,OracleStrategy-000,MESM6.GLBX,GLBX-001,O-20260310-144118-001-000-2452,O-20260310-144124-001-000-2453,SELL,FLAT,0,1,1773153678037192888,2026-03-10 14:41:18.037192888+00:00,1773153684432479919,2026-03-10 14:41:24.432479919+00:00,6395287031,6862.5,6862.75,['0.00 USD'],-4e-05,-0.25 USD,True
BACKTESTER-001,OracleStrategy-000,MESM6.GLBX,GLBX-001,O-20260310-144124-001-000-2454,O-20260310-144134-001-000-2455,BUY,FLAT,0,1,1773153684432479919,2026-03-10 14:41:24.432479919+00:00,1773153694644698383,2026-03-10 14:41:34.644698383+00:00,10212218464,6862.75,6864.0,['0.00 USD'],0.00018,1.25 USD,True
BACKTESTER-001,OracleStrategy-000,MESM6.GLBX,GLBX-001,O-20260310-144139-001-000-2457,O-20260310-144142-001-000-2458,SELL,FLAT,0,1,1773153699203326184,2026-03-10 14:41:39.203326184+00:00,1773153702119983509,2026-03-10 14:41:42.119983509+00:00,2916657325,6866.5,6866.0,['0.00 USD'],7e-05,0.50 USD,True
BACKTESTER-001,OracleStrategy-000,MESM6.GLBX,GLBX-001,O-20260310-144151-001-000-2460,O-20260310-144154-001-000-2461,SELL,FLAT,0,1,1773153711335237376,2026-03-10 14:41:51.335237376+00:00,1773153714802049175,2026-03-10 14:41:54.802049175+00:00,3466811799,6864.5,6866.0,['0.00 USD'],-0.00022,-1.50 USD,True
BACKTESTER-001,OracleStrategy-000,MESM6.GLBX,GLBX-001,O-20260310-144154-001-000-2462,O-20260310-144158-001-000-2463,BUY,FLAT,0,1,1773153714802049175,2026-03-10 14:41:54.802049175+00:00,1773153718312006119,2026-03-10 14:41:58.312006119+00:00,3509956944,6866.0,6866.0,['0.00 USD'],0.0,0.00 USD,True
BACKTESTER-001,OracleStrategy-000,MESM6.GLBX,GLBX-001,O-20260310-144158-001-000-2464,O-20260310-144206-001-000-2465,SELL,FLAT,0,1,1773153718312006119,2026-03-10 14:41:58.312006119+00:00,1773153726691023650,2026-03-10 14:42:06.691023650+00:00,8379017531,6866.0,6865.5,['0.00 USD'],7e-05,0.50 USD,True
BACKTESTER-001,OracleStrategy-000,MESM6.GLBX,GLBX-001,O-20260310-144235-001-000-2468,O-20260310-144249-001-000-2469,BUY,FLAT,0,1,1773153755910892367,2026-03-10 14:42:35.910892367+00:00,1773153769477871338,2026-03-10 14:42:49.477871338+00:00,13566978971,6865.75,6866.75,['0.00 USD'],0.00015,1.00 USD,True
BACKTESTER-001,OracleStrategy-000,MESM6.GLBX,GLBX-001,O-20260310-144249-001-000-2470,O-20260310-144253-001-000-2471,SELL,FLAT,0,1,1773153769477871338,2026-03-10 14:42:49.477871338+00:00,1773153773219882682,2026-03-10 14:42:53.219882682+00:00,3742011344,6866.75,6868.5,['0.00 USD'],-0.00025,-1.75 USD,True
BACKTESTER-001,OracleStrategy-000,MESM6.GLBX,GLBX-001,O-20260310-144320-001-000-2473,O-20260310-144324-001-000-2474,SELL,FLAT,0,1,1773153800497322523,2026-03-10 14:43:20.497322523+00:00,1773153804228962551,2026-03-10 14:43:24.228962551+00:00,3731640028,6868.0,6869.75,['0.00 USD'],-0.00025,-1.75 USD,True
BACKTESTER-001,OracleStrategy-000,MESM6.GLBX,GLBX-001,O-20260310-144330-001-000-2479,O-20260310-144341-001-000-2480,SELL,FLAT,0,1,1773153810025467211,2026-03-10 14:43:30.025467211+00:00,1773153821512854682,2026-03-10 14:43:41.512854682+00:00,11487387471,6871.0,6869.0,['0.00 USD'],0.00029,2.00 USD,True
BACKTESTER-001,OracleStrategy-000,MESM6.GLBX,GLBX-001,O-20260310-144341-001-000-2481,O-20260310-144344-001-000-2482,BUY,FLAT,0,1,1773153821512854682,2026-03-10 14:43:41.512854682+00:00,1773153824221854944,2026-03-10 14:43:44.221854944+00:00,2709000262,6869.0,6868.75,['0.00 USD'],-4e-05,-0.25 USD,True
BACKTESTER-001,OracleStrategy-000,MESM6.GLBX,GLBX-001,O-20260310-144351-001-000-2484,O-20260310-144354-001-000-2485,SELL,FLAT,0,1,1773153831962092764,2026-03-10 14:43:51.962092764+00:00,1773153834659458642,2026-03-10 14:43:54.659458642+00:00,2697365878,6870.25,6870.0,['0.00 USD'],4e-05,0.25 USD,True
BACKTESTER-001,OracleStrategy-000,MESM6.GLBX,GLBX-001,O-20260310-144356-001-000-2487,O-20260310-144406-001-000-2488,SELL,FLAT,0,1,1773153836902116823,2026-03-10 14:43:56.902116823+00:00,1773153846637098571,2026-03-10 14:44:06.637098571+00:00,9734981748,6868.75,6868.25,['0.00 USD'],7e-05,0.50 USD,True
BACKTESTER-001,OracleStrategy-000,MESM6.GLBX,GLBX-001,O-20260310-144406-001-000-2489,O-20260310-144424-001-000-2490,BUY,FLAT,0,1,1773153846637098571,2026-03-10 14:44:06.637098571+00:00,1773153864400686699,2026-03-10 14:44:24.400686699+00:00,17763588128,6868.25,6869.5,['0.00 USD'],0.00018,1.25 USD,True
BACKTESTER-001,OracleStrategy-000,MESM6.GLBX,GLBX-001,O-20260310-144428-001-000-2492,O-20260310-144434-001-000-2493,BUY,FLAT,0,1,1773153868679398816,2026-03-10 14:44:28.679398816+00:00,1773153874791620325,2026-03-10 14:44:34.791620325+00:00,6112221509,6869.25,6868.0,['0.00 USD'],-0.00018,-1.25 USD,True
BACKTESTER-001,OracleStrategy-000,MESM6.GLBX,GLBX-001,O-20260310-144446-001-000-2495,O-20260310-144457-001-000-2496,BUY,FLAT,0,1,1773153886034800598,2026-03-10 14:44:46.034800598+00:00,1773153897792465193,2026-03-10 14:44:57.792465193+00:00,11757664595,6868.75,6868.25,['0.00 USD'],-7e-05,-0.50 USD,True
BACKTESTER-001,OracleStrategy-000,MESM6.GLBX,GLBX-001,O-20260310-144457-001-000-2497,O-20260310-144538-001-000-2498,SELL,FLAT,0,1,1773153897792465193,2026-03-10 14:44:57.792465193+00:00,1773153938624964271,2026-03-10 14:45:38.624964271+00:00,40832499078,6868.25,6868.0,['0.00 USD'],4e-05,0.25 USD,True
BACKTESTER-001,OracleStrategy-000,MESM6.GLBX,GLBX-001,O-20260310-144538-001-000-2499,O-20260310-144546-001-000-2500,BUY,FLAT,0,1,1773153938624964271,2026-03-10 14:45:38.624964271+00:00,1773153946423892994,2026-03-10 14:45:46.423892994+00:00,7798928723,6868.0,6866.75,['0.00 USD'],-0.00018,-1.25 USD,True
BACKTESTER-001,OracleStrategy-000,MESM6.GLBX,GLBX-001,O-20260310-144548-001-000-2502,O-20260310-144551-001-000-2503,BUY,FLAT,0,1,1773153948812279877,2026-03-10 14:45:48.812279877+00:00,1773153951373636765,2026-03-10 14:45:51.373636765+00:00,2561356888,6867.0,6867.0,['0.00 USD'],0.0,0.00 USD,True
BACKTESTER-001,OracleStrategy-000,MESM6.GLBX,GLBX-001,O-20260310-144551-001-000-2504,O-20260310-144553-001-000-2505,SELL,FLAT,0,1,1773153951373636765,2026-03-10 14:45:51.373636765+00:00,1773153953965729535,2026-03-10 14:45:53.965729535+00:00,2592092770,6867.0,6866.5,['0.00 USD'],7e-05,0.50 USD,True
BACKTESTER-001,OracleStrategy-000,MESM6.GLBX,GLBX-001,O-20260310-144553-001-000-2506,O-20260310-144559-001-000-2507,BUY,FLAT,0,1,1773153953965729535,2026-03-10 14:45:53.965729535+00:00,1773153959268816943,2026-03-10 14:45:59.268816943+00:00,5303087408,6866.5,6867.75,['0.00 USD'],0.00018,1.25 USD,True
BACKTESTER-001,OracleStrategy-000,MESM6.GLBX,GLBX-001,O-20260310-144559-001-000-2508,O-20260310-144600-001-000-2509,SELL,FLAT,0,1,1773153959268816943,2026-03-10 14:45:59.268816943+00:00,1773153960799527771,2026-03-10 14:46:00.799527771+00:00,1530710828,6867.75,6867.75,['0.00 USD'],0.0,0.00 USD,True
BACKTESTER-001,OracleStrategy-000,MESM6.GLBX,GLBX-001,O-20260310-144603-001-000-2511,O-20260310-144623-001-000-2512,BUY,FLAT,0,1,1773153963100226823,2026-03-10 14:46:03.100226823+00:00,1773153983739831047,2026-03-10 14:46:23.739831047+00:00,20639604224,6867.75,6867.75,['0.00 USD'],0.0,0.00 USD,True
BACKTESTER-001,OracleStrategy-000,MESM6.GLBX,GLBX-001,O-20260310-144626-001-000-2514,O-20260310-144651-001-000-2515,BUY,FLAT,0,1,1773153986676078517,2026-03-10 14:46:26.676078517+00:00,1773154011800007395,2026-03-10 14:46:51.800007395+00:00,25123928878,6868.25,6867.0,['0.00 USD'],-0.00018,-1.25 USD,True
BACKTESTER-001,OracleStrategy-000,MESM6.GLBX,GLBX-001,O-20260310-144651-001-000-2516,O-20260310-144657-001-000-2517,SELL,FLAT,0,1,1773154011800007395,2026-03-10 14:46:51.800007395+00:00,1773154017883172711,2026-03-10 14:46:57.883172711+00:00,6083165316,6867.0,6867.5,['0.00 USD'],-7e-05,-0.50 USD,True
BACKTESTER-001,OracleStrategy-000,MESM6.GLBX,GLBX-001,O-20260310-144657-001-000-2518,O-20260310-144703-001-000-2519,BUY,FLAT,0,1,1773154017883172711,2026-03-10 14:46:57.883172711+00:00,1773154023371086348,2026-03-10 14:47:03.371086348+00:00,5487913637,6867.5,6868.25,['0.00 USD'],0.00011,0.75 USD,True
BACKTESTER-001,OracleStrategy-000,MESM6.GLBX,GLBX-001,O-20260310-144703-001-000-2520,O-20260310-144800-001-000-2521,SELL,FLAT,0,1,1773154023371086348,2026-03-10 14:47:03.371086348+00:00,1773154080089218901,2026-03-10 14:48:00.089218901+00:00,56718132553,6868.25,6865.0,['0.00 USD'],0.00047,3.25 USD,True
BACKTESTER-001,OracleStrategy-000,MESM6.GLBX,GLBX-001,O-20260310-144800-001-000-2522,O-20260310-144846-001-000-2523,BUY,FLAT,0,1,1773154080089218901,2026-03-10 14:48:00.089218901+00:00,1773154126447660853,2026-03-10 14:48:46.447660853+00:00,46358441952,6865.0,6868.75,['0.00 USD'],0.00055,3.75 USD,True
BACKTESTER-001,OracleStrategy-000,MESM6.GLBX,GLBX-001,O-20260310-144900-001-000-2526,O-20260310-144912-001-000-2527,SELL,FLAT,0,1,1773154140479480291,2026-03-10 14:49:00.479480291+00:00,1773154152283582368,2026-03-10 14:49:12.283582368+00:00,11804102077,6868.25,6870.0,['0.00 USD'],-0.00025,-1.75 USD,True
BACKTESTER-001,OracleStrategy-000,MESM6.GLBX,GLBX-001,O-20260310-144943-001-000-2532,O-20260310-144950-001-000-2533,SELL,FLAT,0,1,1773154183384268890,2026-03-10 14:49:43.384268890+00:00,1773154190931284376,2026-03-10 14:49:50.931284376+00:00,7547015486,6869.75,6870.5,['0.00 USD'],-0.00011,-0.75 USD,True
BACKTESTER-001,OracleStrategy-000,MESM6.GLBX,GLBX-001,O-20260310-144950-001-000-2534,O-20260310-145008-001-000-2535,BUY,FLAT,0,1,1773154190931284376,2026-03-10 14:49:50.931284376+00:00,1773154208168473144,2026-03-10 14:50:08.168473144+00:00,17237188768,6870.5,6873.0,['0.00 USD'],0.00036,2.50 USD,True
BACKTESTER-001,OracleStrategy-000,MESM6.GLBX,GLBX-001,O-20260310-145008-001-000-2536,O-20260310-145022-001-000-2537,SELL,FLAT,0,1,1773154208168473144,2026-03-10 14:50:08.168473144+00:00,1773154222551402574,2026-03-10 14:50:22.551402574+00:00,14382929430,6873.0,6872.75,['0.00 USD'],4e-05,0.25 USD,True
BACKTESTER-001,OracleStrategy-000,MESM6.GLBX,GLBX-001,O-20260310-145031-001-000-2539,O-20260310-145045-001-000-2540,BUY,FLAT,0,1,1773154231839414877,2026-03-10 14:50:31.839414877+00:00,1773154245305905391,2026-03-10 14:50:45.305905391+00:00,13466490514,6873.75,6873.0,['0.00 USD'],-0.00011,-0.75 USD,True
BACKTESTER-001,OracleStrategy-000,MESM6.GLBX,GLBX-001,O-20260310-145045-001-000-2541,O-20260310-145103-001-000-2542,SELL,FLAT,0,1,1773154245305905391,2026-03-10 14:50:45.305905391+00:00,1773154263160996843,2026-03-10 14:51:03.160996843+00:00,17855091452,6873.0,6872.75,['0.00 USD'],4e-05,0.25 USD,True
BACKTESTER-001,OracleStrategy-000,MESM6.GLBX,GLBX-001,O-20260310-145103-001-000-2543,O-20260310-145109-001-000-2544,BUY,FLAT,0,1,1773154263160996843,2026-03-10 14:51:03.160996843+00:00,1773154269387952851,2026-03-10 14:51:09.387952851+00:00,6226956008,6872.75,6872.0,['0.00 USD'],-0.00011,-0.75 USD,True
BACKTESTER-001,OracleStrategy-000,MESM6.GLBX,GLBX-001,O-20260310-145111-001-000-2546,O-20260310-145143-001-000-2547,BUY,FLAT,0,1,1773154271819906591,2026-03-10 14:51:11.819906591+00:00,1773154303810131603,2026-03-10 14:51:43.810131603+00:00,31990225012,6872.75,6874.5,['0.00 USD'],0.00025,1.75 USD,True
BACKTESTER-001,OracleStrategy-000,MESM6.GLBX,GLBX-001,O-20260310-145143-001-000-2548,O-20260310-145152-001-000-2549,SELL,FLAT,0,1,1773154303810131603,2026-03-10 14:51:43.810131603+00:00,1773154312357802193,2026-03-10 14:51:52.357802193+00:00,8547670590,6874.5,6875.0,['0.00 USD'],-7e-05,-0.50 USD,True
BACKTESTER-001,OracleStrategy-000,MESM6.GLBX,GLBX-001,O-20260310-145154-001-000-2551,O-20260310-145155-001-000-2552,SELL,FLAT,0,1,1773154314299378495,2026-03-10 14:51:54.299378495+00:00,1773154315903011467,2026-03-10 14:51:55.903011467+00:00,1603632972,6874.25,6875.0,['0.00 USD'],-0.00011,-0.75 USD,True
BACKTESTER-001,OracleStrategy-000,MESM6.GLBX,GLBX-001,O-20260310-145155-001-000-2553,O-20260310-145208-001-000-2554,BUY,FLAT,0,1,1773154315903011467,2026-03-10 14:51:55.903011467+00:00,1773154328190080512,2026-03-10 14:52:08.190080512+00:00,12287069045,6875.0,6873.75,['0.00 USD'],-0.00018,-1.25 USD,True
BACKTESTER-001,OracleStrategy-000,MESM6.GLBX,GLBX-001,O-20260310-145214-001-000-2556,O-20260310-145216-001-000-2557,BUY,FLAT,0,1,1773154334846511304,2026-03-10 14:52:14.846511304+00:00,1773154336255060973,2026-03-10 14:52:16.255060973+00:00,1408549669,6874.75,6874.75,['0.00 USD'],0.0,0.00 USD,True
BACKTESTER-001,OracleStrategy-000,MESM6.GLBX,GLBX-001,O-20260310-145216-001-000-2558,O-20260310-145222-001-000-2559,SELL,FLAT,0,1,1773154336255060973,2026-03-10 14:52:16.255060973+00:00,1773154342473515800,2026-03-10 14:52:22.473515800+00:00,6218454827,6874.75,6873.5,['0.00 USD'],0.00018,1.25 USD,True
BACKTESTER-001,OracleStrategy-000,MESM6.GLBX,GLBX-001,O-20260310-145222-001-000-2560,O-20260310-145233-001-000-2561,BUY,FLAT,0,1,1773154342473515800,2026-03-10 14:52:22.473515800+00:00,1773154353138131227,2026-03-10 14:52:33.138131227+00:00,10664615427,6873.5,6874.0,['0.00 USD'],7e-05,0.50 USD,True
BACKTESTER-001,OracleStrategy-000,MESM6.GLBX,GLBX-001,O-20260310-145236-001-000-2564,O-20260310-145244-001-000-2565,BUY,FLAT,0,1,1773154356923420157,2026-03-10 14:52:36.923420157+00:00,1773154364928280435,2026-03-10 14:52:44.928280435+00:00,8004860278,6873.25,6872.75,['0.00 USD'],-7e-05,-0.50 USD,True
BACKTESTER-001,OracleStrategy-000,MESM6.GLBX,GLBX-001,O-20260310-145246-001-000-2567,O-20260310-145250-001-000-2568,SELL,FLAT,0,1,1773154366831570875,2026-03-10 14:52:46.831570875+00:00,1773154370157595725,2026-03-10 14:52:50.157595725+00:00,3326024850,6873.25,6873.5,['0.00 USD'],-4e-05,-0.25 USD,True
BACKTESTER-001,OracleStrategy-000,MESM6.GLBX,GLBX-001,O-20260310-145253-001-000-2570,O-20260310-145305-001-000-2571,BUY,FLAT,0,1,1773154373443923733,2026-03-10 14:52:53.443923733+00:00,1773154385363634539,2026-03-10 14:53:05.363634539+00:00,11919710806,6873.0,6872.75,['0.00 USD'],-4e-05,-0.25 USD,True
BACKTESTER-001,OracleStrategy-000,MESM6.GLBX,GLBX-001,O-20260310-145314-001-000-2573,O-20260310-145322-001-000-2574,BUY,FLAT,0,1,1773154394790275715,2026-03-10 14:53:14.790275715+00:00,1773154402949644087,2026-03-10 14:53:22.949644087+00:00,8159368372,6872.5,6873.75,['0.00 USD'],0.00018,1.25 USD,True
BACKTESTER-001,OracleStrategy-000,MESM6.GLBX,GLBX-001,O-20260310-145322-001-000-2575,O-20260310-145328-001-000-2576,SELL,FLAT,0,1,1773154402949644087,2026-03-10 14:53:22.949644087+00:00,1773154408150632194,2026-03-10 14:53:28.150632194+00:00,5200988107,6873.75,6875.0,['0.00 USD'],-0.00018,-1.25 USD,True
BACKTESTER-001,OracleStrategy-000,MESM6.GLBX,GLBX-001,O-20260310-145335-001-000-2578,O-20260310-145349-001-000-2579,SELL,FLAT,0,1,1773154415447825820,2026-03-10 14:53:35.447825820+00:00,1773154429682249245,2026-03-10 14:53:49.682249245+00:00,14234423425,6875.0,6875.75,['0.00 USD'],-0.00011,-0.75 USD,True
BACKTESTER-001,OracleStrategy-000,MESM6.GLBX,GLBX-001,O-20260310-145412-001-000-2583,O-20260310-145417-001-000-2584,SELL,FLAT,0,1,1773154452723034970,2026-03-10 14:54:12.723034970+00:00,1773154457313288326,2026-03-10 14:54:17.313288326+00:00,4590253356,6875.5,6876.0,['0.00 USD'],-7e-05,-0.50 USD,True
BACKTESTER-001,OracleStrategy-000,MESM6.GLBX,GLBX-001,O-20260310-145423-001-000-2586,O-20260310-145432-001-000-2587,BUY,FLAT,0,1,1773154463155662922,2026-03-10 14:54:23.155662922+00:00,1773154472966348079,2026-03-10 14:54:32.966348079+00:00,9810685157,6876.0,6875.75,['0.00 USD'],-4e-05,-0.25 USD,True
BACKTESTER-001,OracleStrategy-000,MESM6.GLBX,GLBX-001,O-20260310-145432-001-000-2588,O-20260310-145435-001-000-2589,SELL,FLAT,0,1,1773154472966348079,2026-03-10 14:54:32.966348079+00:00,1773154475536492332,2026-03-10 14:54:35.536492332+00:00,2570144253,6875.75,6876.5,['0.00 USD'],-0.00011,-0.75 USD,True
BACKTESTER-001,OracleStrategy-000,MESM6.GLBX,GLBX-001,O-20260310-145504-001-000-2594,O-20260310-145505-001-000-2595,BUY,FLAT,0,1,1773154504285258946,2026-03-10 14:55:04.285258946+00:00,1773154505740809216,2026-03-10 14:55:05.740809216+00:00,1455550270,6875.5,6876.25,['0.00 USD'],0.00011,0.75 USD,True
BACKTESTER-001,OracleStrategy-000,MESM6.GLBX,GLBX-001,O-20260310-145505-001-000-2596,O-20260310-145506-001-000-2597,SELL,FLAT,0,1,1773154505740809216,2026-03-10 14:55:05.740809216+00:00,1773154506773930147,2026-03-10 14:55:06.773930147+00:00,1033120931,6876.25,6876.0,['0.00 USD'],4e-05,0.25 USD,True
BACKTESTER-001,OracleStrategy-000,MESM6.GLBX,GLBX-001,O-20260310-145506-001-000-2598,O-20260310-145608-001-000-2599,BUY,FLAT,0,1,1773154506773930147,2026-03-10 14:55:06.773930147+00:00,1773154568428406024,2026-03-10 14:56:08.428406024+00:00,61654475877,6876.0,6878.5,['0.00 USD'],0.00036,2.50 USD,True
BACKTESTER-001,OracleStrategy-000,MESM6.GLBX,GLBX-001,O-20260310-145619-001-000-2601,O-20260310-145643-001-000-2602,SELL,FLAT,0,1,1773154579666921040,2026-03-10 14:56:19.666921040+00:00,1773154603853539098,2026-03-10 14:56:43.853539098+00:00,24186618058,6878.75,6878.75,['0.00 USD'],0.0,0.00 USD,True
BACKTESTER-001,OracleStrategy-000,MESM6.GLBX,GLBX-001,O-20260310-145643-001-000-2603,O-20260310-145648-001-000-2604,BUY,FLAT,0,1,1773154603853539098,2026-03-10 14:56:43.853539098+00:00,1773154608788527792,2026-03-10 14:56:48.788527792+00:00,4934988694,6878.75,6879.0,['0.00 USD'],4e-05,0.25 USD,True
BACKTESTER-001,OracleStrategy-000,MESM6.GLBX,GLBX-001,O-20260310-145648-001-000-2605,O-20260310-145710-001-000-2606,SELL,FLAT,0,1,1773154608788527792,2026-03-10 14:56:48.788527792+00:00,1773154630655263627,2026-03-10 14:57:10.655263627+00:00,21866735835,6879.0,6878.5,['0.00 USD'],7e-05,0.50 USD,True
BACKTESTER-001,OracleStrategy-000,MESM6.GLBX,GLBX-001,O-20260310-145710-001-000-2607,O-20260310-145723-001-000-2608,BUY,FLAT,0,1,1773154630655263627,2026-03-10 14:57:10.655263627+00:00,1773154643974089201,2026-03-10 14:57:23.974089201+00:00,13318825574,6878.5,6878.25,['0.00 USD'],-4e-05,-0.25 USD,True
BACKTESTER-001,OracleStrategy-000,MESM6.GLBX,GLBX-001,O-20260310-145723-001-000-2609,O-20260310-145729-001-000-2610,SELL,FLAT,0,1,1773154643974089201,2026-03-10 14:57:23.974089201+00:00,1773154649129084199,2026-03-10 14:57:29.129084199+00:00,5154994998,6878.25,6878.5,['0.00 USD'],-4e-05,-0.25 USD,True
BACKTESTER-001,OracleStrategy-000,MESM6.GLBX,GLBX-001,O-20260310-145729-001-000-2611,O-20260310-145744-001-000-2612,BUY,FLAT,0,1,1773154649129084199,2026-03-10 14:57:29.129084199+00:00,1773154664811090112,2026-03-10 14:57:44.811090112+00:00,15682005913,6878.5,6878.25,['0.00 USD'],-4e-05,-0.25 USD,True
BACKTESTER-001,OracleStrategy-000,MESM6.GLBX,GLBX-001,O-20260310-145746-001-000-2614,O-20260310-145755-001-000-2615,BUY,FLAT,0,1,1773154666121824219,2026-03-10 14:57:46.121824219+00:00,1773154675804121586,2026-03-10 14:57:55.804121586+00:00,9682297367,6877.75,6879.5,['0.00 USD'],0.00025,1.75 USD,True
BACKTESTER-001,OracleStrategy-000,MESM6.GLBX,GLBX-001,O-20260310-145755-001-000-2616,O-20260310-145757-001-000-2617,SELL,FLAT,0,1,1773154675804121586,2026-03-10 14:57:55.804121586+00:00,1773154677742158913,2026-03-10 14:57:57.742158913+00:00,1938037327,6879.5,6879.5,['0.00 USD'],0.0,0.00 USD,True
BACKTESTER-001,OracleStrategy-000,MESM6.GLBX,GLBX-001,O-20260310-145800-001-000-2619,O-20260310-145803-001-000-2620,SELL,FLAT,0,1,1773154680000650474,2026-03-10 14:58:00.000650474+00:00,1773154683758169848,2026-03-10 14:58:03.758169848+00:00,3757519374,6879.75,6880.75,['0.00 USD'],-0.00015,-1.00 USD,True
BACKTESTER-001,OracleStrategy-000,MESM6.GLBX,GLBX-001,O-20260310-145804-001-000-2622,O-20260310-145809-001-000-2623,SELL,FLAT,0,1,1773154684832325088,2026-03-10 14:58:04.832325088+00:00,1773154689861975834,2026-03-10 14:58:09.861975834+00:00,5029650746,6880.5,6880.25,['0.00 USD'],4e-05,0.25 USD,True
BACKTESTER-001,OracleStrategy-000,MESM6.GLBX,GLBX-001,O-20260310-145809-001-000-2624,O-20260310-145836-001-000-2625,BUY,FLAT,0,1,1773154689861975834,2026-03-10 14:58:09.861975834+00:00,1773154716493712306,2026-03-10 14:58:36.493712306+00:00,26631736472,6880.25,6880.25,['0.00 USD'],0.0,0.00 USD,True
BACKTESTER-001,OracleStrategy-000,MESM6.GLBX,GLBX-001,O-20260310-145840-001-000-2627,O-20260310-145857-001-000-2628,BUY,FLAT,0,1,1773154720021946387,2026-03-10 14:58:40.021946387+00:00,1773154737705339351,2026-03-10 14:58:57.705339351+00:00,17683392964,6879.0,6879.0,['0.00 USD'],0.0,0.00 USD,True
BACKTESTER-001,OracleStrategy-000,MESM6.GLBX,GLBX-001,O-20260310-145924-001-000-2630,O-20260310-145934-001-000-2631,BUY,FLAT,0,1,1773154764799996824,2026-03-10 14:59:24.799996824+00:00,1773154774883000427,2026-03-10 14:59:34.883000427+00:00,10083003603,6879.25,6879.0,['0.00 USD'],-4e-05,-0.25 USD,True
BACKTESTER-001,OracleStrategy-000,MESM6.GLBX,GLBX-001,O-20260310-145934-001-000-2632,O-20260310-145944-001-000-2633,SELL,FLAT,0,1,1773154774883000427,2026-03-10 14:59:34.883000427+00:00,1773154784324187643,2026-03-10 14:59:44.324187643+00:00,9441187216,6879.0,6878.5,['0.00 USD'],7e-05,0.50 USD,True
BACKTESTER-001,OracleStrategy-000,MESM6.GLBX,GLBX-001,O-20260310-145944-001-000-2634,O-20260310-145952-001-000-2635,BUY,FLAT,0,1,1773154784324187643,2026-03-10 14:59:44.324187643+00:00,1773154792418618339,2026-03-10 14:59:52.418618339+00:00,8094430696,6878.5,6879.5,['0.00 USD'],0.00015,1.00 USD,True
BACKTESTER-001,OracleStrategy-000,MESM6.GLBX,GLBX-001,O-20260310-150008-001-000-2642,O-20260310-150010-001-000-2643,SELL,FLAT,0,1,1773154808909791239,2026-03-10 15:00:08.909791239+00:00,1773154810170446567,2026-03-10 15:00:10.170446567+00:00,1260655328,6880.75,6880.75,['0.00 USD'],0.0,0.00 USD,True
BACKTESTER-001,OracleStrategy-000,MESM6.GLBX,GLBX-001,O-20260310-150010-001-000-2644,O-20260310-150013-001-000-2645,BUY,FLAT,0,1,1773154810170446567,2026-03-10 15:00:10.170446567+00:00,1773154813972727397,2026-03-10 15:00:13.972727397+00:00,3802280830,6880.75,6879.75,['0.00 USD'],-0.00015,-1.00 USD,True
BACKTESTER-001,OracleStrategy-000,MESM6.GLBX,GLBX-001,O-20260310-150020-001-000-2647,O-20260310-150036-001-000-2648,BUY,FLAT,0,1,1773154820312003858,2026-03-10 15:00:20.312003858+00:00,1773154836441031371,2026-03-10 15:00:36.441031371+00:00,16129027513,6880.75,6882.0,['0.00 USD'],0.00018,1.25 USD,True
BACKTESTER-001,OracleStrategy-000,MESM6.GLBX,GLBX-001,O-20260310-150036-001-000-2649,O-20260310-150037-001-000-2650,SELL,FLAT,0,1,1773154836441031371,2026-03-10 15:00:36.441031371+00:00,1773154837889063471,2026-03-10 15:00:37.889063471+00:00,1448032100,6882.0,6882.25,['0.00 USD'],-4e-05,-0.25 USD,True
BACKTESTER-001,OracleStrategy-000,MESM6.GLBX,GLBX-001,O-20260310-150104-001-000-2654,O-20260310-150113-001-000-2655,SELL,FLAT,0,1,1773154864634974165,2026-03-10 15:01:04.634974165+00:00,1773154873445999586,2026-03-10 15:01:13.445999586+00:00,8811025421,6882.25,6884.0,['0.00 USD'],-0.00025,-1.75 USD,True
BACKTESTER-001,OracleStrategy-000,MESM6.GLBX,GLBX-001,O-20260310-150118-001-000-2659,O-20260310-150137-001-000-2660,SELL,FLAT,0,1,1773154878814388639,2026-03-10 15:01:18.814388639+00:00,1773154897998028287,2026-03-10 15:01:37.998028287+00:00,19183639648,6883.75,6883.75,['0.00 USD'],0.0,0.00 USD,True
BACKTESTER-001,OracleStrategy-000,MESM6.GLBX,GLBX-001,O-20260310-150137-001-000-2661,O-20260310-150219-001-000-2662,BUY,FLAT,0,1,1773154897998028287,2026-03-10 15:01:37.998028287+00:00,1773154939337643597,2026-03-10 15:02:19.337643597+00:00,41339615310,6883.75,6886.0,['0.00 USD'],0.00033,2.25 USD,True
BACKTESTER-001,OracleStrategy-000,MESM6.GLBX,GLBX-001,O-20260310-150219-001-000-2663,O-20260310-150230-001-000-2664,SELL,FLAT,0,1,1773154939337643597,2026-03-10 15:02:19.337643597+00:00,1773154950954792218,2026-03-10 15:02:30.954792218+00:00,11617148621,6886.0,6885.25,['0.00 USD'],0.00011,0.75 USD,True
BACKTESTER-001,OracleStrategy-000,MESM6.GLBX,GLBX-001,O-20260310-150252-001-000-2667,O-20260310-150253-001-000-2668,BUY,FLAT,0,1,1773154972022218946,2026-03-10 15:02:52.022218946+00:00,1773154973253688463,2026-03-10 15:02:53.253688463+00:00,1231469517,6885.0,6885.0,['0.00 USD'],0.0,0.00 USD,True
BACKTESTER-001,OracleStrategy-000,MESM6.GLBX,GLBX-001,O-20260310-150302-001-000-2670,O-20260310-150305-001-000-2671,BUY,FLAT,0,1,1773154982597370179,2026-03-10 15:03:02.597370179+00:00,1773154985366443330,2026-03-10 15:03:05.366443330+00:00,2769073151,6884.5,6883.75,['0.00 USD'],-0.00011,-0.75 USD,True
BACKTESTER-001,OracleStrategy-000,MESM6.GLBX,GLBX-001,O-20260310-150308-001-000-2673,O-20260310-150312-001-000-2674,BUY,FLAT,0,1,1773154988780666031,2026-03-10 15:03:08.780666031+00:00,1773154992172680136,2026-03-10 15:03:12.172680136+00:00,3392014105,6884.75,6883.75,['0.00 USD'],-0.00015,-1.00 USD,True
BACKTESTER-001,OracleStrategy-000,MESM6.GLBX,GLBX-001,O-20260310-150312-001-000-2675,O-20260310-150314-001-000-2676,SELL,FLAT,0,1,1773154992172680136,2026-03-10 15:03:12.172680136+00:00,1773154994503764174,2026-03-10 15:03:14.503764174+00:00,2331084038,6883.75,6884.5,['0.00 USD'],-0.00011,-0.75 USD,True
BACKTESTER-001,OracleStrategy-000,MESM6.GLBX,GLBX-001,O-20260310-150314-001-000-2677,O-20260310-150331-001-000-2678,BUY,FLAT,0,1,1773154994503764174,2026-03-10 15:03:14.503764174+00:00,1773155011197981320,2026-03-10 15:03:31.197981320+00:00,16694217146,6884.5,6882.25,['0.00 USD'],-0.00033,-2.25 USD,True
BACKTESTER-001,OracleStrategy-000,MESM6.GLBX,GLBX-001,O-20260310-150335-001-000-2680,O-20260310-150402-001-000-2681,BUY,FLAT,0,1,1773155015877618707,2026-03-10 15:03:35.877618707+00:00,1773155042412932090,2026-03-10 15:04:02.412932090+00:00,26535313383,6882.0,6883.25,['0.00 USD'],0.00018,1.25 USD,True
BACKTESTER-001,OracleStrategy-000,MESM6.GLBX,GLBX-001,O-20260310-150402-001-000-2682,O-20260310-150419-001-000-2683,SELL,FLAT,0,1,1773155042412932090,2026-03-10 15:04:02.412932090+00:00,1773155059317828965,2026-03-10 15:04:19.317828965+00:00,16904896875,6883.25,6883.75,['0.00 USD'],-7e-05,-0.50 USD,True
BACKTESTER-001,OracleStrategy-000,MESM6.GLBX,GLBX-001,O-20260310-150424-001-000-2685,O-20260310-150432-001-000-2686,SELL,FLAT,0,1,1773155064925167880,2026-03-10 15:04:24.925167880+00:00,1773155072153718115,2026-03-10 15:04:32.153718115+00:00,7228550235,6883.25,6882.25,['0.00 USD'],0.00015,1.00 USD,True
BACKTESTER-001,OracleStrategy-000,MESM6.GLBX,GLBX-001,O-20260310-150432-001-000-2687,O-20260310-150446-001-000-2688,BUY,FLAT,0,1,1773155072153718115,2026-03-10 15:04:32.153718115+00:00,1773155086973204207,2026-03-10 15:04:46.973204207+00:00,14819486092,6882.25,6883.75,['0.00 USD'],0.00022,1.50 USD,True
BACKTESTER-001,OracleStrategy-000,MESM6.GLBX,GLBX-001,O-20260310-150446-001-000-2689,O-20260310-150517-001-000-2690,SELL,FLAT,0,1,1773155086973204207,2026-03-10 15:04:46.973204207+00:00,1773155117881886274,2026-03-10 15:05:17.881886274+00:00,30908682067,6883.75,6881.25,['0.00 USD'],0.00036,2.50 USD,True
BACKTESTER-001,OracleStrategy-000,MESM6.GLBX,GLBX-001,O-20260310-150517-001-000-2691,O-20260310-150530-001-000-2692,BUY,FLAT,0,1,1773155117881886274,2026-03-10 15:05:17.881886274+00:00,1773155130598640023,2026-03-10 15:05:30.598640023+00:00,12716753749,6881.25,6880.75,['0.00 USD'],-7e-05,-0.50 USD,True
BACKTESTER-001,OracleStrategy-000,MESM6.GLBX,GLBX-001,O-20260310-150536-001-000-2695,O-20260310-150547-001-000-2696,BUY,FLAT,0,1,1773155136588837869,2026-03-10 15:05:36.588837869+00:00,1773155147006290178,2026-03-10 15:05:47.006290178+00:00,10417452309,6880.5,6880.0,['0.00 USD'],-7e-05,-0.50 USD,True
BACKTESTER-001,OracleStrategy-000,MESM6.GLBX,GLBX-001,O-20260310-150547-001-000-2697,O-20260310-150558-001-000-2698,SELL,FLAT,0,1,1773155147006290178,2026-03-10 15:05:47.006290178+00:00,1773155158276060917,2026-03-10 15:05:58.276060917+00:00,11269770739,6880.0,6880.5,['0.00 USD'],-7e-05,-0.50 USD,True
BACKTESTER-001,OracleStrategy-000,MESM6.GLBX,GLBX-001,O-20260310-150558-001-000-2699,O-20260310-150559-001-000-2700,BUY,FLAT,0,1,1773155158276060917,2026-03-10 15:05:58.276060917+00:00,1773155159567043359,2026-03-10 15:05:59.567043359+00:00,1290982442,6880.5,6880.5,['0.00 USD'],0.0,0.00 USD,True
BACKTESTER-001,OracleStrategy-000,MESM6.GLBX,GLBX-001,O-20260310-150559-001-000-2701,O-20260310-150611-001-000-2702,SELL,FLAT,0,1,1773155159567043359,2026-03-10 15:05:59.567043359+00:00,1773155171571110083,2026-03-10 15:06:11.571110083+00:00,12004066724,6880.5,6878.0,['0.00 USD'],0.00036,2.50 USD,True
BACKTESTER-001,OracleStrategy-000,MESM6.GLBX,GLBX-001,O-20260310-150611-001-000-2703,O-20260310-150634-001-000-2704,BUY,FLAT,0,1,1773155171571110083,2026-03-10 15:06:11.571110083+00:00,1773155194096423562,2026-03-10 15:06:34.096423562+00:00,22525313479,6878.0,6877.75,['0.00 USD'],-4e-05,-0.25 USD,True
BACKTESTER-001,OracleStrategy-000,MESM6.GLBX,GLBX-001,O-20260310-150654-001-000-2708,O-20260310-150706-001-000-2709,BUY,FLAT,0,1,1773155214299588335,2026-03-10 15:06:54.299588335+00:00,1773155226181809848,2026-03-10 15:07:06.181809848+00:00,11882221513,6876.5,6877.0,['0.00 USD'],7e-05,0.50 USD,True
BACKTESTER-001,OracleStrategy-000,MESM6.GLBX,GLBX-001,O-20260310-150706-001-000-2710,O-20260310-150708-001-000-2711,SELL,FLAT,0,1,1773155226181809848,2026-03-10 15:07:06.181809848+00:00,1773155228713037982,2026-03-10 15:07:08.713037982+00:00,2531228134,6877.0,6876.75,['0.00 USD'],4e-05,0.25 USD,True
BACKTESTER-001,OracleStrategy-000,MESM6.GLBX,GLBX-001,O-20260310-150710-001-000-2713,O-20260310-150715-001-000-2714,BUY,FLAT,0,1,1773155230436326882,2026-03-10 15:07:10.436326882+00:00,1773155235385213151,2026-03-10 15:07:15.385213151+00:00,4948886269,6876.75,6876.0,['0.00 USD'],-0.00011,-0.75 USD,True
BACKTESTER-001,OracleStrategy-000,MESM6.GLBX,GLBX-001,O-20260310-150724-001-000-2717,O-20260310-150727-001-000-2718,BUY,FLAT,0,1,1773155244139077818,2026-03-10 15:07:24.139077818+00:00,1773155247149517735,2026-03-10 15:07:27.149517735+00:00,3010439917,6876.5,6876.75,['0.00 USD'],4e-05,0.25 USD,True
BACKTESTER-001,OracleStrategy-000,MESM6.GLBX,GLBX-001,O-20260310-150727-001-000-2719,O-20260310-150742-001-000-2720,SELL,FLAT,0,1,1773155247149517735,2026-03-10 15:07:27.149517735+00:00,1773155262871806530,2026-03-10 15:07:42.871806530+00:00,15722288795,6876.75,6876.25,['0.00 USD'],7e-05,0.50 USD,True
BACKTESTER-001,OracleStrategy-000,MESM6.GLBX,GLBX-001,O-20260310-150742-001-000-2721,O-20260310-150806-001-000-2722,BUY,FLAT,0,1,1773155262871806530,2026-03-10 15:07:42.871806530+00:00,1773155286638112434,2026-03-10 15:08:06.638112434+00:00,23766305904,6876.25,6877.0,['0.00 USD'],0.00011,0.75 USD,True
BACKTESTER-001,OracleStrategy-000,MESM6.GLBX,GLBX-001,O-20260310-150806-001-000-2723,O-20260310-150813-001-000-2724,SELL,FLAT,0,1,1773155286638112434,2026-03-10 15:08:06.638112434+00:00,1773155293085000104,2026-03-10 15:08:13.085000104+00:00,6446887670,6877.0,6875.5,['0.00 USD'],0.00022,1.50 USD,True
BACKTESTER-001,OracleStrategy-000,MESM6.GLBX,GLBX-001,O-20260310-150823-001-000-2727,O-20260310-150847-001-000-2728,BUY,FLAT,0,1,1773155303945054493,2026-03-10 15:08:23.945054493+00:00,1773155327270785027,2026-03-10 15:08:47.270785027+00:00,23325730534,6875.75,6877.25,['0.00 USD'],0.00022,1.50 USD,True
BACKTESTER-001,OracleStrategy-000,MESM6.GLBX,GLBX-001,O-20260310-150847-001-000-2729,O-20260310-150903-001-000-2730,SELL,FLAT,0,1,1773155327270785027,2026-03-10 15:08:47.270785027+00:00,1773155343967911647,2026-03-10 15:09:03.967911647+00:00,16697126620,6877.25,6874.0,['0.00 USD'],0.00047,3.25 USD,True
BACKTESTER-001,OracleStrategy-000,MESM6.GLBX,GLBX-001,O-20260310-150903-001-000-2731,O-20260310-150950-001-000-2732,BUY,FLAT,0,1,1773155343967911647,2026-03-10 15:09:03.967911647+00:00,1773155390204827086,2026-03-10 15:09:50.204827086+00:00,46236915439,6874.0,6875.0,['0.00 USD'],0.00015,1.00 USD,True
BACKTESTER-001,OracleStrategy-000,MESM6.GLBX,GLBX-001,O-20260310-150953-001-000-2734,O-20260310-151006-001-000-2735,SELL,FLAT,0,1,1773155393710639357,2026-03-10 15:09:53.710639357+00:00,1773155406079822134,2026-03-10 15:10:06.079822134+00:00,12369182777,6874.75,6874.5,['0.00 USD'],4e-05,0.25 USD,True
BACKTESTER-001,OracleStrategy-000,MESM6.GLBX,GLBX-001,O-20260310-151006-001-000-2736,O-20260310-151013-001-000-2737,BUY,FLAT,0,1,1773155406079822134,2026-03-10 15:10:06.079822134+00:00,1773155413221215510,2026-03-10 15:10:13.221215510+00:00,7141393376,6874.5,6874.0,['0.00 USD'],-7e-05,-0.50 USD,True
BACKTESTER-001,OracleStrategy-000,MESM6.GLBX,GLBX-001,O-20260310-151039-001-000-2744,O-20260310-151044-001-000-2745,SELL,FLAT,0,1,1773155439994334175,2026-03-10 15:10:39.994334175+00:00,1773155444249558499,2026-03-10 15:10:44.249558499+00:00,4255224324,6874.0,6874.0,['0.00 USD'],0.0,0.00 USD,True
BACKTESTER-001,OracleStrategy-000,MESM6.GLBX,GLBX-001,O-20260310-151044-001-000-2746,O-20260310-151047-001-000-2747,BUY,FLAT,0,1,1773155444249558499,2026-03-10 15:10:44.249558499+00:00,1773155447106111400,2026-03-10 15:10:47.106111400+00:00,2856552901,6874.0,6873.5,['0.00 USD'],-7e-05,-0.50 USD,True
BACKTESTER-001,OracleStrategy-000,MESM6.GLBX,GLBX-001,O-20260310-151047-001-000-2748,O-20260310-151054-001-000-2749,SELL,FLAT,0,1,1773155447106111400,2026-03-10 15:10:47.106111400+00:00,1773155454750422005,2026-03-10 15:10:54.750422005+00:00,7644310605,6873.5,6873.25,['0.00 USD'],4e-05,0.25 USD,True
BACKTESTER-001,OracleStrategy-000,MESM6.GLBX,GLBX-001,O-20260310-151054-001-000-2750,O-20260310-151143-001-000-2751,BUY,FLAT,0,1,1773155454750422005,2026-03-10 15:10:54.750422005+00:00,1773155503741176504,2026-03-10 15:11:43.741176504+00:00,48990754499,6873.25,6874.0,['0.00 USD'],0.00011,0.75 USD,True
BACKTESTER-001,OracleStrategy-000,MESM6.GLBX,GLBX-001,O-20260310-151143-001-000-2752,O-20260310-151152-001-000-2753,SELL,FLAT,0,1,1773155503741176504,2026-03-10 15:11:43.741176504+00:00,1773155512531655056,2026-03-10 15:11:52.531655056+00:00,8790478552,6874.0,6877.0,['0.00 USD'],-0.00044,-3.00 USD,True
BACKTESTER-001,OracleStrategy-000,MESM6.GLBX,GLBX-001,O-20260310-151157-001-000-2755,O-20260310-151221-001-000-2756,SELL,FLAT,0,1,1773155517037991838,2026-03-10 15:11:57.037991838+00:00,1773155541769709101,2026-03-10 15:12:21.769709101+00:00,24731717263,6876.75,6875.5,['0.00 USD'],0.00018,1.25 USD,True
BACKTESTER-001,OracleStrategy-000,MESM6.GLBX,GLBX-001,O-20260310-151221-001-000-2757,O-20260310-151235-001-000-2758,BUY,FLAT,0,1,1773155541769709101,2026-03-10 15:12:21.769709101+00:00,1773155555916697701,2026-03-10 15:12:35.916697701+00:00,14146988600,6875.5,6875.5,['0.00 USD'],0.0,0.00 USD,True
BACKTESTER-001,OracleStrategy-000,MESM6.GLBX,GLBX-001,O-20260310-151259-001-000-2760,O-20260310-151334-001-000-2761,SELL,FLAT,0,1,1773155579211767714,2026-03-10 15:12:59.211767714+00:00,1773155614906974259,2026-03-10 15:13:34.906974259+00:00,35695206545,6875.5,6873.0,['0.00 USD'],0.00036,2.50 USD,True
BACKTESTER-001,OracleStrategy-000,MESM6.GLBX,GLBX-001,O-20260310-151334-001-000-2762,O-20260310-151412-001-000-2763,BUY,FLAT,0,1,1773155614906974259,2026-03-10 15:13:34.906974259+00:00,1773155652131141568,2026-03-10 15:14:12.131141568+00:00,37224167309,6873.0,6873.75,['0.00 USD'],0.00011,0.75 USD,True
BACKTESTER-001,OracleStrategy-000,MESM6.GLBX,GLBX-001,O-20260310-151423-001-000-2766,O-20260310-151443-001-000-2767,SELL,FLAT,0,1,1773155663434752559,2026-03-10 15:14:23.434752559+00:00,1773155683677855144,2026-03-10 15:14:43.677855144+00:00,20243102585,6874.0,6873.0,['0.00 USD'],0.00015,1.00 USD,True
BACKTESTER-001,OracleStrategy-000,MESM6.GLBX,GLBX-001,O-20260310-151443-001-000-2768,O-20260310-151536-001-000-2769,BUY,FLAT,0,1,1773155683677855144,2026-03-10 15:14:43.677855144+00:00,1773155736973851200,2026-03-10 15:15:36.973851200+00:00,53295996056,6873.0,6877.25,['0.00 USD'],0.00062,4.25 USD,True
BACKTESTER-001,OracleStrategy-000,MESM6.GLBX,GLBX-001,O-20260310-151536-001-000-2770,O-20260310-151542-001-000-2771,SELL,FLAT,0,1,1773155736973851200,2026-03-10 15:15:36.973851200+00:00,1773155742703924448,2026-03-10 15:15:42.703924448+00:00,5730073248,6877.25,6876.75,['0.00 USD'],7e-05,0.50 USD,True
BACKTESTER-001,OracleStrategy-000,MESM6.GLBX,GLBX-001,O-20260310-151545-001-000-2773,O-20260310-151546-001-000-2774,SELL,FLAT,0,1,1773155745584688082,2026-03-10 15:15:45.584688082+00:00,1773155746728641019,2026-03-10 15:15:46.728641019+00:00,1143952937,6876.75,6877.25,['0.00 USD'],-7e-05,-0.50 USD,True
BACKTESTER-001,OracleStrategy-000,MESM6.GLBX,GLBX-001,O-20260310-151546-001-000-2775,O-20260310-151701-001-000-2776,BUY,FLAT,0,1,1773155746728641019,2026-03-10 15:15:46.728641019+00:00,1773155821000887894,2026-03-10 15:17:01.000887894+00:00,74272246875,6877.25,6878.5,['0.00 USD'],0.00018,1.25 USD,True
BACKTESTER-001,OracleStrategy-000,MESM6.GLBX,GLBX-001,O-20260310-151701-001-000-2777,O-20260310-151706-001-000-2778,SELL,FLAT,0,1,1773155821000887894,2026-03-10 15:17:01.000887894+00:00,1773155826347453827,2026-03-10 15:17:06.347453827+00:00,5346565933,6878.5,6880.0,['0.00 USD'],-0.00022,-1.50 USD,True
BACKTESTER-001,OracleStrategy-000,MESM6.GLBX,GLBX-001,O-20260310-151707-001-000-2780,O-20260310-151717-001-000-2781,SELL,FLAT,0,1,1773155827480103375,2026-03-10 15:17:07.480103375+00:00,1773155837213077287,2026-03-10 15:17:17.213077287+00:00,9732973912,6880.5,6882.75,['0.00 USD'],-0.00033,-2.25 USD,True
BACKTESTER-001,OracleStrategy-000,MESM6.GLBX,GLBX-001,O-20260310-151722-001-000-2783,O-20260310-151730-001-000-2784,SELL,FLAT,0,1,1773155842501286082,2026-03-10 15:17:22.501286082+00:00,1773155850721853689,2026-03-10 15:17:30.721853689+00:00,8220567607,6882.0,6883.0,['0.00 USD'],-0.00015,-1.00 USD,True
BACKTESTER-001,OracleStrategy-000,MESM6.GLBX,GLBX-001,O-20260310-151737-001-000-2786,O-20260310-151746-001-000-2787,SELL,FLAT,0,1,1773155857664329519,2026-03-10 15:17:37.664329519+00:00,1773155866981648810,2026-03-10 15:17:46.981648810+00:00,9317319291,6882.25,6882.25,['0.00 USD'],0.0,0.00 USD,True
BACKTESTER-001,OracleStrategy-000,MESM6.GLBX,GLBX-001,O-20260310-151746-001-000-2788,O-20260310-151801-001-000-2789,BUY,FLAT,0,1,1773155866981648810,2026-03-10 15:17:46.981648810+00:00,1773155881081811527,2026-03-10 15:18:01.081811527+00:00,14100162717,6882.25,6881.75,['0.00 USD'],-7e-05,-0.50 USD,True
BACKTESTER-001,OracleStrategy-000,MESM6.GLBX,GLBX-001,O-20260310-151806-001-000-2791,O-20260310-151821-001-000-2792,SELL,FLAT,0,1,1773155886636836359,2026-03-10 15:18:06.636836359+00:00,1773155901634483669,2026-03-10 15:18:21.634483669+00:00,14997647310,6882.75,6883.25,['0.00 USD'],-7e-05,-0.50 USD,True
BACKTESTER-001,OracleStrategy-000,MESM6.GLBX,GLBX-001,O-20260310-151827-001-000-2794,O-20260310-151830-001-000-2795,SELL,FLAT,0,1,1773155907916708760,2026-03-10 15:18:27.916708760+00:00,1773155910075153861,2026-03-10 15:18:30.075153861+00:00,2158445101,6883.25,6882.5,['0.00 USD'],0.00011,0.75 USD,True
BACKTESTER-001,OracleStrategy-000,MESM6.GLBX,GLBX-001,O-20260310-151830-001-000-2796,O-20260310-151835-001-000-2797,BUY,FLAT,0,1,1773155910075153861,2026-03-10 15:18:30.075153861+00:00,1773155915694551711,2026-03-10 15:18:35.694551711+00:00,5619397850,6882.5,6882.75,['0.00 USD'],4e-05,0.25 USD,True
BACKTESTER-001,OracleStrategy-000,MESM6.GLBX,GLBX-001,O-20260310-151835-001-000-2798,O-20260310-151849-001-000-2799,SELL,FLAT,0,1,1773155915694551711,2026-03-10 15:18:35.694551711+00:00,1773155929715227626,2026-03-10 15:18:49.715227626+00:00,14020675915,6882.75,6883.25,['0.00 USD'],-7e-05,-0.50 USD,True
BACKTESTER-001,OracleStrategy-000,MESM6.GLBX,GLBX-001,O-20260310-151908-001-000-2801,O-20260310-151911-001-000-2802,SELL,FLAT,0,1,1773155948172354360,2026-03-10 15:19:08.172354360+00:00,1773155951772904543,2026-03-10 15:19:11.772904543+00:00,3600550183,6882.75,6884.0,['0.00 USD'],-0.00018,-1.25 USD,True
BACKTESTER-001,OracleStrategy-000,MESM6.GLBX,GLBX-001,O-20260310-151911-001-000-2803,O-20260310-151921-001-000-2804,BUY,FLAT,0,1,1773155951772904543,2026-03-10 15:19:11.772904543+00:00,1773155961809665387,2026-03-10 15:19:21.809665387+00:00,10036760844,6884.0,6884.25,['0.00 USD'],4e-05,0.25 USD,True
BACKTESTER-001,OracleStrategy-000,MESM6.GLBX,GLBX-001,O-20260310-151921-001-000-2805,O-20260310-151944-001-000-2806,SELL,FLAT,0,1,1773155961809665387,2026-03-10 15:19:21.809665387+00:00,1773155984675757577,2026-03-10 15:19:44.675757577+00:00,22866092190,6884.25,6882.5,['0.00 USD'],0.00025,1.75 USD,True
BACKTESTER-001,OracleStrategy-000,MESM6.GLBX,GLBX-001,O-20260310-151944-001-000-2807,O-20260310-152008-001-000-2808,BUY,FLAT,0,1,1773155984675757577,2026-03-10 15:19:44.675757577+00:00,1773156008509437488,2026-03-10 15:20:08.509437488+00:00,23833679911,6882.5,6883.75,['0.00 USD'],0.00018,1.25 USD,True
BACKTESTER-001,OracleStrategy-000,MESM6.GLBX,GLBX-001,O-20260310-152010-001-000-2810,O-20260310-152012-001-000-2811,SELL,FLAT,0,1,1773156010608132339,2026-03-10 15:20:10.608132339+00:00,1773156012349291634,2026-03-10 15:20:12.349291634+00:00,1741159295,6884.5,6885.0,['0.00 USD'],-7e-05,-0.50 USD,True
BACKTESTER-001,OracleStrategy-000,MESM6.GLBX,GLBX-001,O-20260310-152016-001-000-2813,O-20260310-152043-001-000-2814,SELL,FLAT,0,1,1773156016908388213,2026-03-10 15:20:16.908388213+00:00,1773156043089218446,2026-03-10 15:20:43.089218446+00:00,26180830233,6884.0,6883.5,['0.00 USD'],7e-05,0.50 USD,True
BACKTESTER-001,OracleStrategy-000,MESM6.GLBX,GLBX-001,O-20260310-152043-001-000-2815,O-20260310-152044-001-000-2816,BUY,FLAT,0,1,1773156043089218446,2026-03-10 15:20:43.089218446+00:00,1773156044158011296,2026-03-10 15:20:44.158011296+00:00,1068792850,6883.5,6883.5,['0.00 USD'],0.0,0.00 USD,True
BACKTESTER-001,OracleStrategy-000,MESM6.GLBX,GLBX-001,O-20260310-152048-001-000-2818,O-20260310-152054-001-000-2819,BUY,FLAT,0,1,1773156048042751596,2026-03-10 15:20:48.042751596+00:00,1773156054556451517,2026-03-10 15:20:54.556451517+00:00,6513699921,6883.0,6882.75,['0.00 USD'],-4e-05,-0.25 USD,True
BACKTESTER-001,OracleStrategy-000,MESM6.GLBX,GLBX-001,O-20260310-152054-001-000-2820,O-20260310-152131-001-000-2821,SELL,FLAT,0,1,1773156054556451517,2026-03-10 15:20:54.556451517+00:00,1773156091620656733,2026-03-10 15:21:31.620656733+00:00,37064205216,6882.75,6880.75,['0.00 USD'],0.00029,2.00 USD,True
BACKTESTER-001,OracleStrategy-000,MESM6.GLBX,GLBX-001,O-20260310-152131-001-000-2822,O-20260310-152135-001-000-2823,BUY,FLAT,0,1,1773156091620656733,2026-03-10 15:21:31.620656733+00:00,1773156095673266014,2026-03-10 15:21:35.673266014+00:00,4052609281,6880.75,6880.75,['0.00 USD'],0.0,0.00 USD,True
BACKTESTER-001,OracleStrategy-000,MESM6.GLBX,GLBX-001,O-20260310-152136-001-000-2825,O-20260310-152138-001-000-2826,SELL,FLAT,0,1,1773156096757534952,2026-03-10 15:21:36.757534952+00:00,1773156098362647293,2026-03-10 15:21:38.362647293+00:00,1605112341,6880.5,6881.0,['0.00 USD'],-7e-05,-0.50 USD,True
BACKTESTER-001,OracleStrategy-000,MESM6.GLBX,GLBX-001,O-20260310-152143-001-000-2828,O-20260310-152217-001-000-2829,SELL,FLAT,0,1,1773156103447669432,2026-03-10 15:21:43.447669432+00:00,1773156137378842262,2026-03-10 15:22:17.378842262+00:00,33931172830,6881.0,6880.75,['0.00 USD'],4e-05,0.25 USD,True
BACKTESTER-001,OracleStrategy-000,MESM6.GLBX,GLBX-001,O-20260310-152343-001-000-2835,O-20260310-152356-001-000-2836,SELL,FLAT,0,1,1773156223282207520,2026-03-10 15:23:43.282207520+00:00,1773156236760328895,2026-03-10 15:23:56.760328895+00:00,13478121375,6881.0,6881.25,['0.00 USD'],-4e-05,-0.25 USD,True
BACKTESTER-001,OracleStrategy-000,MESM6.GLBX,GLBX-001,O-20260310-152419-001-000-2838,O-20260310-152430-001-000-2839,SELL,FLAT,0,1,1773156259492963919,2026-03-10 15:24:19.492963919+00:00,1773156270363961565,2026-03-10 15:24:30.363961565+00:00,10870997646,6880.5,6880.0,['0.00 USD'],7e-05,0.50 USD,True
BACKTESTER-001,OracleStrategy-000,MESM6.GLBX,GLBX-001,O-20260310-152430-001-000-2840,O-20260310-152502-001-000-2841,BUY,FLAT,0,1,1773156270363961565,2026-03-10 15:24:30.363961565+00:00,1773156302903591674,2026-03-10 15:25:02.903591674+00:00,32539630109,6880.0,6880.5,['0.00 USD'],7e-05,0.50 USD,True
BACKTESTER-001,OracleStrategy-000,MESM6.GLBX,GLBX-001,O-20260310-152502-001-000-2842,O-20260310-152506-001-000-2843,SELL,FLAT,0,1,1773156302903591674,2026-03-10 15:25:02.903591674+00:00,1773156306960670861,2026-03-10 15:25:06.960670861+00:00,4057079187,6880.5,6880.75,['0.00 USD'],-4e-05,-0.25 USD,True
BACKTESTER-001,OracleStrategy-000,MESM6.GLBX,GLBX-001,O-20260310-152540-001-000-2847,O-20260310-152559-001-000-2848,BUY,FLAT,0,1,1773156340742845838,2026-03-10 15:25:40.742845838+00:00,1773156359261462895,2026-03-10 15:25:59.261462895+00:00,18518617057,6880.25,6879.75,['0.00 USD'],-7e-05,-0.50 USD,True
BACKTESTER-001,OracleStrategy-000,MESM6.GLBX,GLBX-001,O-20260310-152559-001-000-2849,O-20260310-152607-001-000-2850,SELL,FLAT,0,1,1773156359261462895,2026-03-10 15:25:59.261462895+00:00,1773156367156388781,2026-03-10 15:26:07.156388781+00:00,7894925886,6879.75,6878.0,['0.00 USD'],0.00025,1.75 USD,True
BACKTESTER-001,OracleStrategy-000,MESM6.GLBX,GLBX-001,O-20260310-152607-001-000-2851,O-20260310-152620-001-000-2852,BUY,FLAT,0,1,1773156367156388781,2026-03-10 15:26:07.156388781+00:00,1773156380194998250,2026-03-10 15:26:20.194998250+00:00,13038609469,6878.0,6880.0,['0.00 USD'],0.00029,2.00 USD,True
BACKTESTER-001,OracleStrategy-000,MESM6.GLBX,GLBX-001,O-20260310-152620-001-000-2853,O-20260310-152636-001-000-2854,SELL,FLAT,0,1,1773156380194998250,2026-03-10 15:26:20.194998250+00:00,1773156396132348055,2026-03-10 15:26:36.132348055+00:00,15937349805,6880.0,6880.5,['0.00 USD'],-7e-05,-0.50 USD,True
BACKTESTER-001,OracleStrategy-000,MESM6.GLBX,GLBX-001,O-20260310-152637-001-000-2856,O-20260310-152650-001-000-2857,SELL,FLAT,0,1,1773156397487426731,2026-03-10 15:26:37.487426731+00:00,1773156410935369315,2026-03-10 15:26:50.935369315+00:00,13447942584,6880.5,6879.75,['0.00 USD'],0.00011,0.75 USD,True
BACKTESTER-001,OracleStrategy-000,MESM6.GLBX,GLBX-001,O-20260310-152650-001-000-2858,O-20260310-152702-001-000-2859,BUY,FLAT,0,1,1773156410935369315,2026-03-10 15:26:50.935369315+00:00,1773156422187603202,2026-03-10 15:27:02.187603202+00:00,11252233887,6879.75,6880.0,['0.00 USD'],4e-05,0.25 USD,True
BACKTESTER-001,OracleStrategy-000,MESM6.GLBX,GLBX-001,O-20260310-152702-001-000-2860,O-20260310-152704-001-000-2861,SELL,FLAT,0,1,1773156422187603202,2026-03-10 15:27:02.187603202+00:00,1773156424904744011,2026-03-10 15:27:04.904744011+00:00,2717140809,6880.0,6881.25,['0.00 USD'],-0.00018,-1.25 USD,True
BACKTESTER-001,OracleStrategy-000,MESM6.GLBX,GLBX-001,O-20260310-152706-001-000-2863,O-20260310-152710-001-000-2864,SELL,FLAT,0,1,1773156426059243157,2026-03-10 15:27:06.059243157+00:00,1773156430569120527,2026-03-10 15:27:10.569120527+00:00,4509877370,6880.25,6881.0,['0.00 USD'],-0.00011,-0.75 USD,True
BACKTESTER-001,OracleStrategy-000,MESM6.GLBX,GLBX-001,O-20260310-152710-001-000-2865,O-20260310-152755-001-000-2866,BUY,FLAT,0,1,1773156430569120527,2026-03-10 15:27:10.569120527+00:00,1773156475379101924,2026-03-10 15:27:55.379101924+00:00,44809981397,6881.0,6880.5,['0.00 USD'],-7e-05,-0.50 USD,True
BACKTESTER-001,OracleStrategy-000,MESM6.GLBX,GLBX-001,O-20260310-152755-001-000-2867,O-20260310-152818-001-000-2868,SELL,FLAT,0,1,1773156475379101924,2026-03-10 15:27:55.379101924+00:00,1773156498764283359,2026-03-10 15:28:18.764283359+00:00,23385181435,6880.5,6880.5,['0.00 USD'],0.0,0.00 USD,True
BACKTESTER-001,OracleStrategy-000,MESM6.GLBX,GLBX-001,O-20260310-152818-001-000-2869,O-20260310-152822-001-000-2870,BUY,FLAT,0,1,1773156498764283359,2026-03-10 15:28:18.764283359+00:00,1773156502169358912,2026-03-10 15:28:22.169358912+00:00,3405075553,6880.5,6880.25,['0.00 USD'],-4e-05,-0.25 USD,True
BACKTESTER-001,OracleStrategy-000,MESM6.GLBX,GLBX-001,O-20260310-152822-001-000-2871,O-20260310-152840-001-000-2872,SELL,FLAT,0,1,1773156502169358912,2026-03-10 15:28:22.169358912+00:00,1773156520213525031,2026-03-10 15:28:40.213525031+00:00,18044166119,6880.25,6880.25,['0.00 USD'],0.0,0.00 USD,True
BACKTESTER-001,OracleStrategy-000,MESM6.GLBX,GLBX-001,O-20260310-152840-001-000-2873,O-20260310-152841-001-000-2874,BUY,FLAT,0,1,1773156520213525031,2026-03-10 15:28:40.213525031+00:00,1773156521490305534,2026-03-10 15:28:41.490305534+00:00,1276780503,6880.25,6880.25,['0.00 USD'],0.0,0.00 USD,True
BACKTESTER-001,OracleStrategy-000,MESM6.GLBX,GLBX-001,O-20260310-152841-001-000-2875,O-20260310-152844-001-000-2876,SELL,FLAT,0,1,1773156521490305534,2026-03-10 15:28:41.490305534+00:00,1773156524294976232,2026-03-10 15:28:44.294976232+00:00,2804670698,6880.25,6880.25,['0.00 USD'],0.0,0.00 USD,True
BACKTESTER-001,OracleStrategy-000,MESM6.GLBX,GLBX-001,O-20260310-152855-001-000-2878,O-20260310-152918-001-000-2879,BUY,FLAT,0,1,1773156535031281055,2026-03-10 15:28:55.031281055+00:00,1773156558700738586,2026-03-10 15:29:18.700738586+00:00,23669457531,6881.25,6878.75,['0.00 USD'],-0.00036,-2.50 USD,True
BACKTESTER-001,OracleStrategy-000,MESM6.GLBX,GLBX-001,O-20260310-152930-001-000-2881,O-20260310-152946-001-000-2882,BUY,FLAT,0,1,1773156570206217933,2026-03-10 15:29:30.206217933+00:00,1773156586542161021,2026-03-10 15:29:46.542161021+00:00,16335943088,6879.75,6878.75,['0.00 USD'],-0.00015,-1.00 USD,True
BACKTESTER-001,OracleStrategy-000,MESM6.GLBX,GLBX-001,O-20260310-152946-001-000-2883,O-20260310-152954-001-000-2884,SELL,FLAT,0,1,1773156586542161021,2026-03-10 15:29:46.542161021+00:00,1773156594848122859,2026-03-10 15:29:54.848122859+00:00,8305961838,6878.75,6879.5,['0.00 USD'],-0.00011,-0.75 USD,True
BACKTESTER-001,OracleStrategy-000,MESM6.GLBX,GLBX-001,O-20260310-152956-001-000-2886,O-20260310-152958-001-000-2887,SELL,FLAT,0,1,1773156596559749949,2026-03-10 15:29:56.559749949+00:00,1773156598186067471,2026-03-10 15:29:58.186067471+00:00,1626317522,6881.0,6880.5,['0.00 USD'],7e-05,0.50 USD,True
BACKTESTER-001,OracleStrategy-000,MESM6.GLBX,GLBX-001,O-20260310-153004-001-000-2889,O-20260310-153034-001-000-2890,SELL,FLAT,0,1,1773156604172391046,2026-03-10 15:30:04.172391046+00:00,1773156634960672888,2026-03-10 15:30:34.960672888+00:00,30788281842,6880.75,6879.75,['0.00 USD'],0.00015,1.00 USD,True
BACKTESTER-001,OracleStrategy-000,MESM6.GLBX,GLBX-001,O-20260310-153034-001-000-2891,O-20260310-153045-001-000-2892,BUY,FLAT,0,1,1773156634960672888,2026-03-10 15:30:34.960672888+00:00,1773156645986004251,2026-03-10 15:30:45.986004251+00:00,11025331363,6879.75,6878.5,['0.00 USD'],-0.00018,-1.25 USD,True
BACKTESTER-001,OracleStrategy-000,MESM6.GLBX,GLBX-001,O-20260310-153120-001-000-2895,O-20260310-153122-001-000-2896,BUY,FLAT,0,1,1773156680492744947,2026-03-10 15:31:20.492744947+00:00,1773156682236226160,2026-03-10 15:31:22.236226160+00:00,1743481213,6878.0,6878.0,['0.00 USD'],0.0,0.00 USD,True
BACKTESTER-001,OracleStrategy-000,MESM6.GLBX,GLBX-001,O-20260310-153207-001-000-2901,O-20260310-153213-001-000-2902,BUY,FLAT,0,1,1773156727158147834,2026-03-10 15:32:07.158147834+00:00,1773156733568920255,2026-03-10 15:32:13.568920255+00:00,6410772421,6877.25,6875.75,['0.00 USD'],-0.00022,-1.50 USD,True
BACKTESTER-001,OracleStrategy-000,MESM6.GLBX,GLBX-001,O-20260310-153217-001-000-2905,O-20260310-153249-001-000-2906,BUY,FLAT,0,1,1773156737261274656,2026-03-10 15:32:17.261274656+00:00,1773156769609052138,2026-03-10 15:32:49.609052138+00:00,32347777482,6875.75,6874.75,['0.00 USD'],-0.00015,-1.00 USD,True
BACKTESTER-001,OracleStrategy-000,MESM6.GLBX,GLBX-001,O-20260310-153437-001-000-2914,O-20260310-153446-001-000-2915,SELL,FLAT,0,1,1773156877511014119,2026-03-10 15:34:37.511014119+00:00,1773156886032344312,2026-03-10 15:34:46.032344312+00:00,8521330193,6876.25,6873.75,['0.00 USD'],0.00036,2.50 USD,True
BACKTESTER-001,OracleStrategy-000,MESM6.GLBX,GLBX-001,O-20260310-153446-001-000-2916,O-20260310-153543-001-000-2917,BUY,FLAT,0,1,1773156886032344312,2026-03-10 15:34:46.032344312+00:00,1773156943691073773,2026-03-10 15:35:43.691073773+00:00,57658729461,6873.75,6876.0,['0.00 USD'],0.00033,2.25 USD,True
BACKTESTER-001,OracleStrategy-000,MESM6.GLBX,GLBX-001,O-20260310-153553-001-000-2919,O-20260310-153608-001-000-2920,SELL,FLAT,0,1,1773156953680678991,2026-03-10 15:35:53.680678991+00:00,1773156968235218746,2026-03-10 15:36:08.235218746+00:00,14554539755,6877.25,6878.0,['0.00 USD'],-0.00011,-0.75 USD,True
BACKTESTER-001,OracleStrategy-000,MESM6.GLBX,GLBX-001,O-20260310-153613-001-000-2922,O-20260310-153701-001-000-2923,SELL,FLAT,0,1,1773156973506863088,2026-03-10 15:36:13.506863088+00:00,1773157021285728963,2026-03-10 15:37:01.285728963+00:00,47778865875,6876.25,6875.5,['0.00 USD'],0.00011,0.75 USD,True
BACKTESTER-001,OracleStrategy-000,MESM6.GLBX,GLBX-001,O-20260310-153701-001-000-2924,O-20260310-153724-001-000-2925,BUY,FLAT,0,1,1773157021285728963,2026-03-10 15:37:01.285728963+00:00,1773157044448600144,2026-03-10 15:37:24.448600144+00:00,23162871181,6875.5,6876.5,['0.00 USD'],0.00015,1.00 USD,True
BACKTESTER-001,OracleStrategy-000,MESM6.GLBX,GLBX-001,O-20260310-153724-001-000-2926,O-20260310-153857-001-000-2927,SELL,FLAT,0,1,1773157044448600144,2026-03-10 15:37:24.448600144+00:00,1773157137677646563,2026-03-10 15:38:57.677646563+00:00,93229046419,6876.5,6880.25,['0.00 USD'],-0.00055,-3.75 USD,True
BACKTESTER-001,OracleStrategy-000,MESM6.GLBX,GLBX-001,O-20260310-153912-001-000-2930,O-20260310-153952-001-000-2931,SELL,FLAT,0,1,1773157152062813016,2026-03-10 15:39:12.062813016+00:00,1773157192988918730,2026-03-10 15:39:52.988918730+00:00,40926105714,6879.25,6879.5,['0.00 USD'],-4e-05,-0.25 USD,True
BACKTESTER-001,OracleStrategy-000,MESM6.GLBX,GLBX-001,O-20260310-153952-001-000-2932,O-20260310-153955-001-000-2933,BUY,FLAT,0,1,1773157192988918730,2026-03-10 15:39:52.988918730+00:00,1773157195081215667,2026-03-10 15:39:55.081215667+00:00,2092296937,6879.5,6880.0,['0.00 USD'],7e-05,0.50 USD,True
BACKTESTER-001,OracleStrategy-000,MESM6.GLBX,GLBX-001,O-20260310-153955-001-000-2934,O-20260310-154101-001-000-2935,SELL,FLAT,0,1,1773157195081215667,2026-03-10 15:39:55.081215667+00:00,1773157261685749013,2026-03-10 15:41:01.685749013+00:00,66604533346,6880.0,6877.5,['0.00 USD'],0.00036,2.50 USD,True
BACKTESTER-001,OracleStrategy-000,MESM6.GLBX,GLBX-001,O-20260310-154101-001-000-2936,O-20260310-154155-001-000-2937,BUY,FLAT,0,1,1773157261685749013,2026-03-10 15:41:01.685749013+00:00,1773157315209227253,2026-03-10 15:41:55.209227253+00:00,53523478240,6877.5,6880.5,['0.00 USD'],0.00044,3.00 USD,True
BACKTESTER-001,OracleStrategy-000,MESM6.GLBX,GLBX-001,O-20260310-154155-001-000-2938,O-20260310-154202-001-000-2939,SELL,FLAT,0,1,1773157315209227253,2026-03-10 15:41:55.209227253+00:00,1773157322105259920,2026-03-10 15:42:02.105259920+00:00,6896032667,6880.5,6881.75,['0.00 USD'],-0.00018,-1.25 USD,True
BACKTESTER-001,OracleStrategy-000,MESM6.GLBX,GLBX-001,O-20260310-154235-001-000-2947,O-20260310-154239-001-000-2948,SELL,FLAT,0,1,1773157355096923869,2026-03-10 15:42:35.096923869+00:00,1773157359364127841,2026-03-10 15:42:39.364127841+00:00,4267203972,6884.5,6884.75,['0.00 USD'],-4e-05,-0.25 USD,True
BACKTESTER-001,OracleStrategy-000,MESM6.GLBX,GLBX-001,O-20260310-154243-001-000-2950,O-20260310-154253-001-000-2951,SELL,FLAT,0,1,1773157363524506824,2026-03-10 15:42:43.524506824+00:00,1773157373240607914,2026-03-10 15:42:53.240607914+00:00,9716101090,6885.0,6886.5,['0.00 USD'],-0.00022,-1.50 USD,True
BACKTESTER-001,OracleStrategy-000,MESM6.GLBX,GLBX-001,O-20260310-154254-001-000-2953,O-20260310-154259-001-000-2954,SELL,FLAT,0,1,1773157374534176822,2026-03-10 15:42:54.534176822+00:00,1773157379326133983,2026-03-10 15:42:59.326133983+00:00,4791957161,6886.0,6887.25,['0.00 USD'],-0.00018,-1.25 USD,True
BACKTESTER-001,OracleStrategy-000,MESM6.GLBX,GLBX-001,O-20260310-154305-001-000-2957,O-20260310-154333-001-000-2958,SELL,FLAT,0,1,1773157385744348748,2026-03-10 15:43:05.744348748+00:00,1773157413503466326,2026-03-10 15:43:33.503466326+00:00,27759117578,6887.75,6886.0,['0.00 USD'],0.00025,1.75 USD,True
BACKTESTER-001,OracleStrategy-000,MESM6.GLBX,GLBX-001,O-20260310-154333-001-000-2959,O-20260310-154336-001-000-2960,BUY,FLAT,0,1,1773157413503466326,2026-03-10 15:43:33.503466326+00:00,1773157416587575936,2026-03-10 15:43:36.587575936+00:00,3084109610,6886.0,6885.5,['0.00 USD'],-7e-05,-0.50 USD,True
BACKTESTER-001,OracleStrategy-000,MESM6.GLBX,GLBX-001,O-20260310-154407-001-000-2964,O-20260310-154410-001-000-2965,BUY,FLAT,0,1,1773157447783019576,2026-03-10 15:44:07.783019576+00:00,1773157450140654251,2026-03-10 15:44:10.140654251+00:00,2357634675,6884.0,6883.75,['0.00 USD'],-4e-05,-0.25 USD,True
BACKTESTER-001,OracleStrategy-000,MESM6.GLBX,GLBX-001,O-20260310-154416-001-000-2967,O-20260310-154452-001-000-2968,BUY,FLAT,0,1,1773157456840135611,2026-03-10 15:44:16.840135611+00:00,1773157492445741463,2026-03-10 15:44:52.445741463+00:00,35605605852,6883.75,6884.0,['0.00 USD'],4e-05,0.25 USD,True
BACKTESTER-001,OracleStrategy-000,MESM6.GLBX,GLBX-001,O-20260310-154452-001-000-2969,O-20260310-154500-001-000-2970,SELL,FLAT,0,1,1773157492445741463,2026-03-10 15:44:52.445741463+00:00,1773157500880084544,2026-03-10 15:45:00.880084544+00:00,8434343081,6884.0,6883.5,['0.00 USD'],7e-05,0.50 USD,True
BACKTESTER-001,OracleStrategy-000,MESM6.GLBX,GLBX-001,O-20260310-154500-001-000-2971,O-20260310-154512-001-000-2972,BUY,FLAT,0,1,1773157500880084544,2026-03-10 15:45:00.880084544+00:00,1773157512650512427,2026-03-10 15:45:12.650512427+00:00,11770427883,6883.5,6883.25,['0.00 USD'],-4e-05,-0.25 USD,True
BACKTESTER-001,OracleStrategy-000,MESM6.GLBX,GLBX-001,O-20260310-154516-001-000-2974,O-20260310-154522-001-000-2975,BUY,FLAT,0,1,1773157516748404394,2026-03-10 15:45:16.748404394+00:00,1773157522184334503,2026-03-10 15:45:22.184334503+00:00,5435930109,6882.25,6882.75,['0.00 USD'],7e-05,0.50 USD,True
BACKTESTER-001,OracleStrategy-000,MESM6.GLBX,GLBX-001,O-20260310-154549-001-000-2978,O-20260310-154558-001-000-2979,SELL,FLAT,0,1,1773157549869990010,2026-03-10 15:45:49.869990010+00:00,1773157558220745351,2026-03-10 15:45:58.220745351+00:00,8350755341,6883.5,6883.5,['0.00 USD'],0.0,0.00 USD,True
BACKTESTER-001,OracleStrategy-000,MESM6.GLBX,GLBX-001,O-20260310-154558-001-000-2980,O-20260310-154600-001-000-2981,BUY,FLAT,0,1,1773157558220745351,2026-03-10 15:45:58.220745351+00:00,1773157560558307026,2026-03-10 15:46:00.558307026+00:00,2337561675,6883.5,6884.0,['0.00 USD'],7e-05,0.50 USD,True
BACKTESTER-001,OracleStrategy-000,MESM6.GLBX,GLBX-001,O-20260310-154600-001-000-2982,O-20260310-154605-001-000-2983,SELL,FLAT,0,1,1773157560558307026,2026-03-10 15:46:00.558307026+00:00,1773157565616727695,2026-03-10 15:46:05.616727695+00:00,5058420669,6884.0,6885.0,['0.00 USD'],-0.00015,-1.00 USD,True
BACKTESTER-001,OracleStrategy-000,MESM6.GLBX,GLBX-001,O-20260310-154609-001-000-2985,O-20260310-154614-001-000-2986,SELL,FLAT,0,1,1773157569924656051,2026-03-10 15:46:09.924656051+00:00,1773157574072517155,2026-03-10 15:46:14.072517155+00:00,4147861104,6884.75,6885.0,['0.00 USD'],-4e-05,-0.25 USD,True
BACKTESTER-001,OracleStrategy-000,MESM6.GLBX,GLBX-001,O-20260310-154700-001-000-2992,O-20260310-154706-001-000-2993,BUY,FLAT,0,1,1773157620420699299,2026-03-10 15:47:00.420699299+00:00,1773157626710558589,2026-03-10 15:47:06.710558589+00:00,6289859290,6882.25,6878.75,['0.00 USD'],-0.00051,-3.50 USD,True
BACKTESTER-001,OracleStrategy-000,MESM6.GLBX,GLBX-001,O-20260310-154709-001-000-2995,O-20260310-154734-001-000-2996,BUY,FLAT,0,1,1773157629236204632,2026-03-10 15:47:09.236204632+00:00,1773157654944407403,2026-03-10 15:47:34.944407403+00:00,25708202771,6878.5,6879.75,['0.00 USD'],0.00018,1.25 USD,True
BACKTESTER-001,OracleStrategy-000,MESM6.GLBX,GLBX-001,O-20260310-154734-001-000-2997,O-20260310-154752-001-000-2998,SELL,FLAT,0,1,1773157654944407403,2026-03-10 15:47:34.944407403+00:00,1773157672254331359,2026-03-10 15:47:52.254331359+00:00,17309923956,6879.75,6881.25,['0.00 USD'],-0.00022,-1.50 USD,True
BACKTESTER-001,OracleStrategy-000,MESM6.GLBX,GLBX-001,O-20260310-154801-001-000-3001,O-20260310-154822-001-000-3002,SELL,FLAT,0,1,1773157681683657445,2026-03-10 15:48:01.683657445+00:00,1773157702173383560,2026-03-10 15:48:22.173383560+00:00,20489726115,6881.0,6880.5,['0.00 USD'],7e-05,0.50 USD,True
BACKTESTER-001,OracleStrategy-000,MESM6.GLBX,GLBX-001,O-20260310-154822-001-000-3003,O-20260310-154838-001-000-3004,BUY,FLAT,0,1,1773157702173383560,2026-03-10 15:48:22.173383560+00:00,1773157718666326301,2026-03-10 15:48:38.666326301+00:00,16492942741,6880.5,6881.75,['0.00 USD'],0.00018,1.25 USD,True
BACKTESTER-001,OracleStrategy-000,MESM6.GLBX,GLBX-001,O-20260310-154838-001-000-3005,O-20260310-154931-001-000-3006,SELL,FLAT,0,1,1773157718666326301,2026-03-10 15:48:38.666326301+00:00,1773157771821711677,2026-03-10 15:49:31.821711677+00:00,53155385376,6881.75,6883.0,['0.00 USD'],-0.00018,-1.25 USD,True
BACKTESTER-001,OracleStrategy-000,MESM6.GLBX,GLBX-001,O-20260310-154949-001-000-3008,O-20260310-155031-001-000-3009,BUY,FLAT,0,1,1773157789713982477,2026-03-10 15:49:49.713982477+00:00,1773157831832236918,2026-03-10 15:50:31.832236918+00:00,42118254441,6882.25,6885.75,['0.00 USD'],0.00051,3.50 USD,True
BACKTESTER-001,OracleStrategy-000,MESM6.GLBX,GLBX-001,O-20260310-155031-001-000-3010,O-20260310-155043-001-000-3011,SELL,FLAT,0,1,1773157831832236918,2026-03-10 15:50:31.832236918+00:00,1773157843097510492,2026-03-10 15:50:43.097510492+00:00,11265273574,6885.75,6885.25,['0.00 USD'],7e-05,0.50 USD,True
BACKTESTER-001,OracleStrategy-000,MESM6.GLBX,GLBX-001,O-20260310-155045-001-000-3013,O-20260310-155053-001-000-3014,BUY,FLAT,0,1,1773157845866752706,2026-03-10 15:50:45.866752706+00:00,1773157853966699423,2026-03-10 15:50:53.966699423+00:00,8099946717,6884.5,6884.5,['0.00 USD'],0.0,0.00 USD,True
BACKTESTER-001,OracleStrategy-000,MESM6.GLBX,GLBX-001,O-20260310-155150-001-000-3017,O-20260310-155155-001-000-3018,BUY,FLAT,0,1,1773157910723088837,2026-03-10 15:51:50.723088837+00:00,1773157915318314989,2026-03-10 15:51:55.318314989+00:00,4595226152,6882.0,6881.0,['0.00 USD'],-0.00015,-1.00 USD,True
BACKTESTER-001,OracleStrategy-000,MESM6.GLBX,GLBX-001,O-20260310-155231-001-000-3020,O-20260310-155304-001-000-3021,BUY,FLAT,0,1,1773157951803986287,2026-03-10 15:52:31.803986287+00:00,1773157984261614411,2026-03-10 15:53:04.261614411+00:00,32457628124,6880.25,6881.25,['0.00 USD'],0.00015,1.00 USD,True
BACKTESTER-001,OracleStrategy-000,MESM6.GLBX,GLBX-001,O-20260310-155331-001-000-3025,O-20260310-155452-001-000-3026,BUY,FLAT,0,1,1773158011958026381,2026-03-10 15:53:31.958026381+00:00,1773158092904385315,2026-03-10 15:54:52.904385315+00:00,80946358934,6881.0,6879.0,['0.00 USD'],-0.00029,-2.00 USD,True
BACKTESTER-001,OracleStrategy-000,MESM6.GLBX,GLBX-001,O-20260310-155627-001-000-3030,O-20260310-155638-001-000-3031,SELL,FLAT,0,1,1773158187870351543,2026-03-10 15:56:27.870351543+00:00,1773158198977094826,2026-03-10 15:56:38.977094826+00:00,11106743283,6879.0,6880.25,['0.00 USD'],-0.00018,-1.25 USD,True
BACKTESTER-001,OracleStrategy-000,MESM6.GLBX,GLBX-001,O-20260310-155647-001-000-3033,O-20260310-155702-001-000-3034,BUY,FLAT,0,1,1773158207608855882,2026-03-10 15:56:47.608855882+00:00,1773158222852115872,2026-03-10 15:57:02.852115872+00:00,15243259990,6878.75,6882.0,['0.00 USD'],0.00047,3.25 USD,True
BACKTESTER-001,OracleStrategy-000,MESM6.GLBX,GLBX-001,O-20260310-155702-001-000-3035,O-20260310-155740-001-000-3036,SELL,FLAT,0,1,1773158222852115872,2026-03-10 15:57:02.852115872+00:00,1773158260052107194,2026-03-10 15:57:40.052107194+00:00,37199991322,6882.0,6882.5,['0.00 USD'],-7e-05,-0.50 USD,True
BACKTESTER-001,OracleStrategy-000,MESM6.GLBX,GLBX-001,O-20260310-155812-001-000-3038,O-20260310-155906-001-000-3039,SELL,FLAT,0,1,1773158292853748947,2026-03-10 15:58:12.853748947+00:00,1773158346867517648,2026-03-10 15:59:06.867517648+00:00,54013768701,6881.25,6881.75,['0.00 USD'],-7e-05,-0.50 USD,True
BACKTESTER-001,OracleStrategy-000,MESM6.GLBX,GLBX-001,O-20260310-155906-001-000-3040,O-20260310-155914-001-000-3041,BUY,FLAT,0,1,1773158346867517648,2026-03-10 15:59:06.867517648+00:00,1773158354243842597,2026-03-10 15:59:14.243842597+00:00,7376324949,6881.75,6882.0,['0.00 USD'],4e-05,0.25 USD,True
BACKTESTER-001,OracleStrategy-000,MESM6.GLBX,GLBX-001,O-20260310-155914-001-000-3042,O-20260310-155929-001-000-3043,SELL,FLAT,0,1,1773158354243842597,2026-03-10 15:59:14.243842597+00:00,1773158369623578697,2026-03-10 15:59:29.623578697+00:00,15379736100,6882.0,6882.5,['0.00 USD'],-7e-05,-0.50 USD,True
BACKTESTER-001,OracleStrategy-000,MESM6.GLBX,GLBX-001,O-20260310-155931-001-000-3045,O-20260310-160001-001-000-3046,SELL,FLAT,0,1,1773158371871940266,2026-03-10 15:59:31.871940266+00:00,1773158401207296288,2026-03-10 16:00:01.207296288+00:00,29335356022,6882.25,6882.75,['0.00 USD'],-7e-05,-0.50 USD,True
BACKTESTER-001,OracleStrategy-000,MESM6.GLBX,GLBX-001,O-20260310-160005-001-000-3049,O-20260310-160041-001-000-3050,BUY,FLAT,0,1,1773158405936795523,2026-03-10 16:00:05.936795523+00:00,1773158441143534706,2026-03-10 16:00:41.143534706+00:00,35206739183,6880.25,6878.25,['0.00 USD'],-0.00029,-2.00 USD,True
BACKTESTER-001,OracleStrategy-000,MESM6.GLBX,GLBX-001,O-20260310-160052-001-000-3053,O-20260310-160115-001-000-3054,BUY,FLAT,0,1,1773158452369053189,2026-03-10 16:00:52.369053189+00:00,1773158475307565687,2026-03-10 16:01:15.307565687+00:00,22938512498,6878.0,6879.0,['0.00 USD'],0.00015,1.00 USD,True
BACKTESTER-001,OracleStrategy-000,MESM6.GLBX,GLBX-001,O-20260310-160115-001-000-3055,O-20260310-160236-001-000-3056,SELL,FLAT,0,1,1773158475307565687,2026-03-10 16:01:15.307565687+00:00,1773158556673055912,2026-03-10 16:02:36.673055912+00:00,81365490225,6879.0,6878.5,['0.00 USD'],7e-05,0.50 USD,True
BACKTESTER-001,OracleStrategy-000,MESM6.GLBX,GLBX-001,O-20260310-160314-001-000-3058,O-20260310-160319-001-000-3059,BUY,FLAT,0,1,1773158594838704079,2026-03-10 16:03:14.838704079+00:00,1773158599711467317,2026-03-10 16:03:19.711467317+00:00,4872763238,6877.0,6876.0,['0.00 USD'],-0.00015,-1.00 USD,True
BACKTESTER-001,OracleStrategy-000,MESM6.GLBX,GLBX-001,O-20260310-160335-001-000-3062,O-20260310-160359-001-000-3063,BUY,FLAT,0,1,1773158615999001782,2026-03-10 16:03:35.999001782+00:00,1773158639530956774,2026-03-10 16:03:59.530956774+00:00,23531954992,6875.25,6874.75,['0.00 USD'],-7e-05,-0.50 USD,True
BACKTESTER-001,OracleStrategy-000,MESM6.GLBX,GLBX-001,O-20260310-160406-001-000-3065,O-20260310-160425-001-000-3066,BUY,FLAT,0,1,1773158646414519426,2026-03-10 16:04:06.414519426+00:00,1773158665297995915,2026-03-10 16:04:25.297995915+00:00,18883476489,6873.5,6876.0,['0.00 USD'],0.00036,2.50 USD,True
BACKTESTER-001,OracleStrategy-000,MESM6.GLBX,GLBX-001,O-20260310-160425-001-000-3067,O-20260310-160559-001-000-3068,SELL,FLAT,0,1,1773158665297995915,2026-03-10 16:04:25.297995915+00:00,1773158759865952813,2026-03-10 16:05:59.865952813+00:00,94567956898,6876.0,6869.25,['0.00 USD'],0.00098,6.75 USD,True
BACKTESTER-001,OracleStrategy-000,MESM6.GLBX,GLBX-001,O-20260310-160559-001-000-3069,O-20260310-160601-001-000-3070,BUY,FLAT,0,1,1773158759865952813,2026-03-10 16:05:59.865952813+00:00,1773158761759434979,2026-03-10 16:06:01.759434979+00:00,1893482166,6869.25,6868.5,['0.00 USD'],-0.00011,-0.75 USD,True
BACKTESTER-001,OracleStrategy-000,MESM6.GLBX,GLBX-001,O-20260310-160610-001-000-3074,O-20260310-160612-001-000-3075,BUY,FLAT,0,1,1773158770366901166,2026-03-10 16:06:10.366901166+00:00,1773158772075646261,2026-03-10 16:06:12.075646261+00:00,1708745095,6867.5,6867.75,['0.00 USD'],4e-05,0.25 USD,True
BACKTESTER-001,OracleStrategy-000,MESM6.GLBX,GLBX-001,O-20260310-160631-001-000-3078,O-20260310-160721-001-000-3079,BUY,FLAT,0,1,1773158791228890501,2026-03-10 16:06:31.228890501+00:00,1773158841018525208,2026-03-10 16:07:21.018525208+00:00,49789634707,6867.25,6870.0,['0.00 USD'],0.0004,2.75 USD,True
BACKTESTER-001,OracleStrategy-000,MESM6.GLBX,GLBX-001,O-20260310-160721-001-000-3080,O-20260310-160736-001-000-3081,SELL,FLAT,0,1,1773158841018525208,2026-03-10 16:07:21.018525208+00:00,1773158856030831963,2026-03-10 16:07:36.030831963+00:00,15012306755,6870.0,6869.25,['0.00 USD'],0.00011,0.75 USD,True
BACKTESTER-001,OracleStrategy-000,MESM6.GLBX,GLBX-001,O-20260310-160743-001-000-3084,O-20260310-160756-001-000-3085,BUY,FLAT,0,1,1773158863868676783,2026-03-10 16:07:43.868676783+00:00,1773158876288360623,2026-03-10 16:07:56.288360623+00:00,12419683840,6868.0,6867.0,['0.00 USD'],-0.00015,-1.00 USD,True
BACKTESTER-001,OracleStrategy-000,MESM6.GLBX,GLBX-001,O-20260310-160907-001-000-3089,O-20260310-160933-001-000-3090,BUY,FLAT,0,1,1773158947601750824,2026-03-10 16:09:07.601750824+00:00,1773158973764612562,2026-03-10 16:09:33.764612562+00:00,26162861738,6866.5,6870.0,['0.00 USD'],0.00051,3.50 USD,True
BACKTESTER-001,OracleStrategy-000,MESM6.GLBX,GLBX-001,O-20260310-160933-001-000-3091,O-20260310-160953-001-000-3092,SELL,FLAT,0,1,1773158973764612562,2026-03-10 16:09:33.764612562+00:00,1773158993943111605,2026-03-10 16:09:53.943111605+00:00,20178499043,6870.0,6869.75,['0.00 USD'],4e-05,0.25 USD,True
BACKTESTER-001,OracleStrategy-000,MESM6.GLBX,GLBX-001,O-20260310-160955-001-000-3094,O-20260310-161058-001-000-3095,BUY,FLAT,0,1,1773158995417712930,2026-03-10 16:09:55.417712930+00:00,1773159058383967869,2026-03-10 16:10:58.383967869+00:00,62966254939,6870.0,6876.0,['0.00 USD'],0.00087,6.00 USD,True
BACKTESTER-001,OracleStrategy-000,MESM6.GLBX,GLBX-001,O-20260310-161058-001-000-3096,O-20260310-161133-001-000-3097,SELL,FLAT,0,1,1773159058383967869,2026-03-10 16:10:58.383967869+00:00,1773159093485819586,2026-03-10 16:11:33.485819586+00:00,35101851717,6876.0,6877.25,['0.00 USD'],-0.00018,-1.25 USD,True
BACKTESTER-001,OracleStrategy-000,MESM6.GLBX,GLBX-001,O-20260310-161147-001-000-3099,O-20260310-161200-001-000-3100,SELL,FLAT,0,1,1773159107175333655,2026-03-10 16:11:47.175333655+00:00,1773159120778868216,2026-03-10 16:12:00.778868216+00:00,13603534561,6877.0,6876.0,['0.00 USD'],0.00015,1.00 USD,True
BACKTESTER-001,OracleStrategy-000,MESM6.GLBX,GLBX-001,O-20260310-161254-001-000-3102,O-20260310-161311-001-000-3103,BUY,FLAT,0,1,1773159174112508840,2026-03-10 16:12:54.112508840+00:00,1773159191571662703,2026-03-10 16:13:11.571662703+00:00,17459153863,6872.0,6872.25,['0.00 USD'],4e-05,0.25 USD,True
BACKTESTER-001,OracleStrategy-000,MESM6.GLBX,GLBX-001,O-20260310-161341-001-000-3108,O-20260310-161347-001-000-3109,SELL,FLAT,0,1,1773159221491041995,2026-03-10 16:13:41.491041995+00:00,1773159227931941963,2026-03-10 16:13:47.931941963+00:00,6440899968,6871.25,6870.75,['0.00 USD'],7e-05,0.50 USD,True
BACKTESTER-001,OracleStrategy-000,MESM6.GLBX,GLBX-001,O-20260310-161347-001-000-3110,O-20260310-161422-001-000-3111,BUY,FLAT,0,1,1773159227931941963,2026-03-10 16:13:47.931941963+00:00,1773159262884241328,2026-03-10 16:14:22.884241328+00:00,34952299365,6870.75,6872.0,['0.00 USD'],0.00018,1.25 USD,True
BACKTESTER-001,OracleStrategy-000,MESM6.GLBX,GLBX-001,O-20260310-161422-001-000-3112,O-20260310-161600-001-000-3113,SELL,FLAT,0,1,1773159262884241328,2026-03-10 16:14:22.884241328+00:00,1773159360225185319,2026-03-10 16:16:00.225185319+00:00,97340943991,6872.0,6873.0,['0.00 USD'],-0.00015,-1.00 USD,True
BACKTESTER-001,OracleStrategy-000,MESM6.GLBX,GLBX-001,O-20260310-161630-001-000-3115,O-20260310-161633-001-000-3116,SELL,FLAT,0,1,1773159390516249352,2026-03-10 16:16:30.516249352+00:00,1773159393906320366,2026-03-10 16:16:33.906320366+00:00,3390071014,6875.0,6874.0,['0.00 USD'],0.00015,1.00 USD,True
BACKTESTER-001,OracleStrategy-000,MESM6.GLBX,GLBX-001,O-20260310-161849-001-000-3124,O-20260310-161856-001-000-3125,SELL,FLAT,0,1,1773159529569774115,2026-03-10 16:18:49.569774115+00:00,1773159536948285245,2026-03-10 16:18:56.948285245+00:00,7378511130,6879.25,6880.25,['0.00 USD'],-0.00015,-1.00 USD,True
BACKTESTER-001,OracleStrategy-000,MESM6.GLBX,GLBX-001,O-20260310-161904-001-000-3127,O-20260310-161909-001-000-3128,SELL,FLAT,0,1,1773159544051981211,2026-03-10 16:19:04.051981211+00:00,1773159549041028399,2026-03-10 16:19:09.041028399+00:00,4989047188,6879.75,6881.0,['0.00 USD'],-0.00018,-1.25 USD,True
BACKTESTER-001,OracleStrategy-000,MESM6.GLBX,GLBX-001,O-20260310-161910-001-000-3130,O-20260310-161927-001-000-3131,SELL,FLAT,0,1,1773159550189157342,2026-03-10 16:19:10.189157342+00:00,1773159567494334024,2026-03-10 16:19:27.494334024+00:00,17305176682,6880.5,6880.75,['0.00 USD'],-4e-05,-0.25 USD,True
BACKTESTER-001,OracleStrategy-000,MESM6.GLBX,GLBX-001,O-20260310-161927-001-000-3132,O-20260310-161928-001-000-3133,BUY,FLAT,0,1,1773159567494334024,2026-03-10 16:19:27.494334024+00:00,1773159568538516119,2026-03-10 16:19:28.538516119+00:00,1044182095,6880.75,6879.75,['0.00 USD'],-0.00015,-1.00 USD,True
BACKTESTER-001,OracleStrategy-000,MESM6.GLBX,GLBX-001,O-20260310-161942-001-000-3139,O-20260310-162012-001-000-3140,SELL,FLAT,0,1,1773159582030507970,2026-03-10 16:19:42.030507970+00:00,1773159612789884542,2026-03-10 16:20:12.789884542+00:00,30759376572,6879.25,6876.75,['0.00 USD'],0.00036,2.50 USD,True
BACKTESTER-001,OracleStrategy-000,MESM6.GLBX,GLBX-001,O-20260310-162012-001-000-3141,O-20260310-162041-001-000-3142,BUY,FLAT,0,1,1773159612789884542,2026-03-10 16:20:12.789884542+00:00,1773159641608086711,2026-03-10 16:20:41.608086711+00:00,28818202169,6876.75,6876.75,['0.00 USD'],0.0,0.00 USD,True
BACKTESTER-001,OracleStrategy-000,MESM6.GLBX,GLBX-001,O-20260310-162056-001-000-3144,O-20260310-162100-001-000-3145,BUY,FLAT,0,1,1773159656024880016,2026-03-10 16:20:56.024880016+00:00,1773159660234961296,2026-03-10 16:21:00.234961296+00:00,4210081280,6876.75,6877.25,['0.00 USD'],7e-05,0.50 USD,True
BACKTESTER-001,OracleStrategy-000,MESM6.GLBX,GLBX-001,O-20260310-162100-001-000-3146,O-20260310-162139-001-000-3147,SELL,FLAT,0,1,1773159660234961296,2026-03-10 16:21:00.234961296+00:00,1773159699637396669,2026-03-10 16:21:39.637396669+00:00,39402435373,6877.25,6876.0,['0.00 USD'],0.00018,1.25 USD,True
BACKTESTER-001,OracleStrategy-000,MESM6.GLBX,GLBX-001,O-20260310-162139-001-000-3148,O-20260310-162140-001-000-3149,BUY,FLAT,0,1,1773159699637396669,2026-03-10 16:21:39.637396669+00:00,1773159700684602664,2026-03-10 16:21:40.684602664+00:00,1047205995,6876.0,6874.5,['0.00 USD'],-0.00022,-1.50 USD,True
BACKTESTER-001,OracleStrategy-000,MESM6.GLBX,GLBX-001,O-20260310-162142-001-000-3151,O-20260310-162214-001-000-3152,BUY,FLAT,0,1,1773159702098345834,2026-03-10 16:21:42.098345834+00:00,1773159734481575787,2026-03-10 16:22:14.481575787+00:00,32383229953,6875.0,6874.5,['0.00 USD'],-7e-05,-0.50 USD,True
BACKTESTER-001,OracleStrategy-000,MESM6.GLBX,GLBX-001,O-20260310-162217-001-000-3154,O-20260310-162223-001-000-3155,BUY,FLAT,0,1,1773159737588311061,2026-03-10 16:22:17.588311061+00:00,1773159743862052853,2026-03-10 16:22:23.862052853+00:00,6273741792,6873.25,6874.0,['0.00 USD'],0.00011,0.75 USD,True
BACKTESTER-001,OracleStrategy-000,MESM6.GLBX,GLBX-001,O-20260310-162317-001-000-3157,O-20260310-162418-001-000-3158,SELL,FLAT,0,1,1773159797530350930,2026-03-10 16:23:17.530350930+00:00,1773159858971792759,2026-03-10 16:24:18.971792759+00:00,61441441829,6876.0,6874.75,['0.00 USD'],0.00018,1.25 USD,True
BACKTESTER-001,OracleStrategy-000,MESM6.GLBX,GLBX-001,O-20260310-162418-001-000-3159,O-20260310-162505-001-000-3160,BUY,FLAT,0,1,1773159858971792759,2026-03-10 16:24:18.971792759+00:00,1773159905177775835,2026-03-10 16:25:05.177775835+00:00,46205983076,6874.75,6876.0,['0.00 USD'],0.00018,1.25 USD,True
BACKTESTER-001,OracleStrategy-000,MESM6.GLBX,GLBX-001,O-20260310-162542-001-000-3163,O-20260310-162555-001-000-3164,SELL,FLAT,0,1,1773159942282193858,2026-03-10 16:25:42.282193858+00:00,1773159955570619866,2026-03-10 16:25:55.570619866+00:00,13288426008,6877.0,6877.25,['0.00 USD'],-4e-05,-0.25 USD,True
BACKTESTER-001,OracleStrategy-000,MESM6.GLBX,GLBX-001,O-20260310-162557-001-000-3166,O-20260310-162601-001-000-3167,SELL,FLAT,0,1,1773159957910552426,2026-03-10 16:25:57.910552426+00:00,1773159961685794746,2026-03-10 16:26:01.685794746+00:00,3775242320,6880.5,6880.25,['0.00 USD'],4e-05,0.25 USD,True
BACKTESTER-001,OracleStrategy-000,MESM6.GLBX,GLBX-001,O-20260310-162603-001-000-3169,O-20260310-162626-001-000-3170,SELL,FLAT,0,1,1773159963966913195,2026-03-10 16:26:03.966913195+00:00,1773159986211585456,2026-03-10 16:26:26.211585456+00:00,22244672261,6879.75,6879.75,['0.00 USD'],0.0,0.00 USD,True
BACKTESTER-001,OracleStrategy-000,MESM6.GLBX,GLBX-001,O-20260310-162722-001-000-3172,O-20260310-162738-001-000-3173,SELL,FLAT,0,1,1773160042158260338,2026-03-10 16:27:22.158260338+00:00,1773160058496037670,2026-03-10 16:27:38.496037670+00:00,16337777332,6879.5,6880.75,['0.00 USD'],-0.00018,-1.25 USD,True
BACKTESTER-001,OracleStrategy-000,MESM6.GLBX,GLBX-001,O-20260310-162742-001-000-3176,O-20260310-162751-001-000-3177,SELL,FLAT,0,1,1773160062944865968,2026-03-10 16:27:42.944865968+00:00,1773160071074480831,2026-03-10 16:27:51.074480831+00:00,8129614863,6880.5,6881.0,['0.00 USD'],-7e-05,-0.50 USD,True
BACKTESTER-001,OracleStrategy-000,MESM6.GLBX,GLBX-001,O-20260310-162751-001-000-3178,O-20260310-162819-001-000-3179,BUY,FLAT,0,1,1773160071074480831,2026-03-10 16:27:51.074480831+00:00,1773160099634912221,2026-03-10 16:28:19.634912221+00:00,28560431390,6881.0,6879.0,['0.00 USD'],-0.00029,-2.00 USD,True
BACKTESTER-001,OracleStrategy-000,MESM6.GLBX,GLBX-001,O-20260310-163051-001-000-3190,O-20260310-163146-001-000-3191,SELL,FLAT,0,1,1773160251511325859,2026-03-10 16:30:51.511325859+00:00,1773160306286332995,2026-03-10 16:31:46.286332995+00:00,54775007136,6878.25,6881.25,['0.00 USD'],-0.00044,-3.00 USD,True
BACKTESTER-001,OracleStrategy-000,MESM6.GLBX,GLBX-001,O-20260310-163200-001-000-3194,O-20260310-163201-001-000-3195,SELL,FLAT,0,1,1773160320150005509,2026-03-10 16:32:00.150005509+00:00,1773160321990457258,2026-03-10 16:32:01.990457258+00:00,1840451749,6880.25,6880.0,['0.00 USD'],4e-05,0.25 USD,True
BACKTESTER-001,OracleStrategy-000,MESM6.GLBX,GLBX-001,O-20260310-163201-001-000-3196,O-20260310-163206-001-000-3197,BUY,FLAT,0,1,1773160321990457258,2026-03-10 16:32:01.990457258+00:00,1773160326941043620,2026-03-10 16:32:06.941043620+00:00,4950586362,6880.0,6880.75,['0.00 USD'],0.00011,0.75 USD,True
BACKTESTER-001,OracleStrategy-000,MESM6.GLBX,GLBX-001,O-20260310-163206-001-000-3198,O-20260310-163230-001-000-3199,SELL,FLAT,0,1,1773160326941043620,2026-03-10 16:32:06.941043620+00:00,1773160350555983779,2026-03-10 16:32:30.555983779+00:00,23614940159,6880.75,6881.75,['0.00 USD'],-0.00015,-1.00 USD,True
BACKTESTER-001,OracleStrategy-000,MESM6.GLBX,GLBX-001,O-20260310-163240-001-000-3202,O-20260310-163305-001-000-3203,SELL,FLAT,0,1,1773160360483259117,2026-03-10 16:32:40.483259117+00:00,1773160385464661434,2026-03-10 16:33:05.464661434+00:00,24981402317,6880.5,6880.0,['0.00 USD'],7e-05,0.50 USD,True
BACKTESTER-001,OracleStrategy-000,MESM6.GLBX,GLBX-001,O-20260310-163305-001-000-3204,O-20260310-163427-001-000-3205,BUY,FLAT,0,1,1773160385464661434,2026-03-10 16:33:05.464661434+00:00,1773160467203843541,2026-03-10 16:34:27.203843541+00:00,81739182107,6880.0,6882.0,['0.00 USD'],0.00029,2.00 USD,True
BACKTESTER-001,OracleStrategy-000,MESM6.GLBX,GLBX-001,O-20260310-163427-001-000-3206,O-20260310-163448-001-000-3207,SELL,FLAT,0,1,1773160467203843541,2026-03-10 16:34:27.203843541+00:00,1773160488502024272,2026-03-10 16:34:48.502024272+00:00,21298180731,6882.0,6882.75,['0.00 USD'],-0.00011,-0.75 USD,True
BACKTESTER-001,OracleStrategy-000,MESM6.GLBX,GLBX-001,O-20260310-163453-001-000-3209,O-20260310-163454-001-000-3210,SELL,FLAT,0,1,1773160493270824053,2026-03-10 16:34:53.270824053+00:00,1773160494649429991,2026-03-10 16:34:54.649429991+00:00,1378605938,6882.5,6882.5,['0.00 USD'],0.0,0.00 USD,True
BACKTESTER-001,OracleStrategy-000,MESM6.GLBX,GLBX-001,O-20260310-163454-001-000-3211,O-20260310-163507-001-000-3212,BUY,FLAT,0,1,1773160494649429991,2026-03-10 16:34:54.649429991+00:00,1773160507396446253,2026-03-10 16:35:07.396446253+00:00,12747016262,6882.5,6884.0,['0.00 USD'],0.00022,1.50 USD,True
BACKTESTER-001,OracleStrategy-000,MESM6.GLBX,GLBX-001,O-20260310-163507-001-000-3213,O-20260310-163603-001-000-3214,SELL,FLAT,0,1,1773160507396446253,2026-03-10 16:35:07.396446253+00:00,1773160563036715744,2026-03-10 16:36:03.036715744+00:00,55640269491,6884.0,6884.0,['0.00 USD'],0.0,0.00 USD,True
BACKTESTER-001,OracleStrategy-000,MESM6.GLBX,GLBX-001,O-20260310-163634-001-000-3217,O-20260310-163646-001-000-3218,SELL,FLAT,0,1,1773160594654325736,2026-03-10 16:36:34.654325736+00:00,1773160606872540920,2026-03-10 16:36:46.872540920+00:00,12218215184,6884.75,6883.75,['0.00 USD'],0.00015,1.00 USD,True
BACKTESTER-001,OracleStrategy-000,MESM6.GLBX,GLBX-001,O-20260310-163646-001-000-3219,O-20260310-163650-001-000-3220,BUY,FLAT,0,1,1773160606872540920,2026-03-10 16:36:46.872540920+00:00,1773160610165166167,2026-03-10 16:36:50.165166167+00:00,3292625247,6883.75,6884.0,['0.00 USD'],4e-05,0.25 USD,True
BACKTESTER-001,OracleStrategy-000,MESM6.GLBX,GLBX-001,O-20260310-163713-001-000-3222,O-20260310-163729-001-000-3223,SELL,FLAT,0,1,1773160633745134030,2026-03-10 16:37:13.745134030+00:00,1773160649985288698,2026-03-10 16:37:29.985288698+00:00,16240154668,6883.5,6883.5,['0.00 USD'],0.0,0.00 USD,True
BACKTESTER-001,OracleStrategy-000,MESM6.GLBX,GLBX-001,O-20260310-163729-001-000-3224,O-20260310-163811-001-000-3225,BUY,FLAT,0,1,1773160649985288698,2026-03-10 16:37:29.985288698+00:00,1773160691319768743,2026-03-10 16:38:11.319768743+00:00,41334480045,6883.5,6884.5,['0.00 USD'],0.00015,1.00 USD,True
BACKTESTER-001,OracleStrategy-000,MESM6.GLBX,GLBX-001,O-20260310-163811-001-000-3226,O-20260310-163817-001-000-3227,SELL,FLAT,0,1,1773160691319768743,2026-03-10 16:38:11.319768743+00:00,1773160697212487724,2026-03-10 16:38:17.212487724+00:00,5892718981,6884.5,6883.0,['0.00 USD'],0.00022,1.50 USD,True
BACKTESTER-001,OracleStrategy-000,MESM6.GLBX,GLBX-001,O-20260310-163817-001-000-3228,O-20260310-163831-001-000-3229,BUY,FLAT,0,1,1773160697212487724,2026-03-10 16:38:17.212487724+00:00,1773160711013140901,2026-03-10 16:38:31.013140901+00:00,13800653177,6883.0,6883.0,['0.00 USD'],0.0,0.00 USD,True
BACKTESTER-001,OracleStrategy-000,MESM6.GLBX,GLBX-001,O-20260310-163848-001-000-3232,O-20260310-163909-001-000-3233,BUY,FLAT,0,1,1773160728873018219,2026-03-10 16:38:48.873018219+00:00,1773160749271577108,2026-03-10 16:39:09.271577108+00:00,20398558889,6882.25,6882.25,['0.00 USD'],0.0,0.00 USD,True
BACKTESTER-001,OracleStrategy-000,MESM6.GLBX,GLBX-001,O-20260310-163927-001-000-3235,O-20260310-164005-001-000-3236,SELL,FLAT,0,1,1773160767234773837,2026-03-10 16:39:27.234773837+00:00,1773160805134059757,2026-03-10 16:40:05.134059757+00:00,37899285920,6883.75,6885.25,['0.00 USD'],-0.00022,-1.50 USD,True
BACKTESTER-001,OracleStrategy-000,MESM6.GLBX,GLBX-001,O-20260310-164016-001-000-3239,O-20260310-164133-001-000-3240,SELL,FLAT,0,1,1773160816171999178,2026-03-10 16:40:16.171999178+00:00,1773160893359406293,2026-03-10 16:41:33.359406293+00:00,77187407115,6883.25,6883.25,['0.00 USD'],0.0,0.00 USD,True
BACKTESTER-001,OracleStrategy-000,MESM6.GLBX,GLBX-001,O-20260310-164133-001-000-3241,O-20260310-164135-001-000-3242,BUY,FLAT,0,1,1773160893359406293,2026-03-10 16:41:33.359406293+00:00,1773160895008255989,2026-03-10 16:41:35.008255989+00:00,1648849696,6883.25,6883.75,['0.00 USD'],7e-05,0.50 USD,True
BACKTESTER-001,OracleStrategy-000,MESM6.GLBX,GLBX-001,O-20260310-164136-001-000-3244,O-20260310-164213-001-000-3245,BUY,FLAT,0,1,1773160896919315680,2026-03-10 16:41:36.919315680+00:00,1773160933373390775,2026-03-10 16:42:13.373390775+00:00,36454075095,6883.0,6883.5,['0.00 USD'],7e-05,0.50 USD,True
BACKTESTER-001,OracleStrategy-000,MESM6.GLBX,GLBX-001,O-20260310-164213-001-000-3246,O-20260310-164217-001-000-3247,SELL,FLAT,0,1,1773160933373390775,2026-03-10 16:42:13.373390775+00:00,1773160937580591813,2026-03-10 16:42:17.580591813+00:00,4207201038,6883.5,6884.5,['0.00 USD'],-0.00015,-1.00 USD,True
BACKTESTER-001,OracleStrategy-000,MESM6.GLBX,GLBX-001,O-20260310-164232-001-000-3249,O-20260310-164256-001-000-3250,SELL,FLAT,0,1,1773160952341674079,2026-03-10 16:42:32.341674079+00:00,1773160976577702546,2026-03-10 16:42:56.577702546+00:00,24236028467,6884.0,6882.5,['0.00 USD'],0.00022,1.50 USD,True
BACKTESTER-001,OracleStrategy-000,MESM6.GLBX,GLBX-001,O-20260310-164256-001-000-3251,O-20260310-164312-001-000-3252,BUY,FLAT,0,1,1773160976577702546,2026-03-10 16:42:56.577702546+00:00,1773160992058360037,2026-03-10 16:43:12.058360037+00:00,15480657491,6882.5,6881.25,['0.00 USD'],-0.00018,-1.25 USD,True
BACKTESTER-001,OracleStrategy-000,MESM6.GLBX,GLBX-001,O-20260310-164428-001-000-3257,O-20260310-164501-001-000-3258,SELL,FLAT,0,1,1773161068967654770,2026-03-10 16:44:28.967654770+00:00,1773161101319289387,2026-03-10 16:45:01.319289387+00:00,32351634617,6884.0,6885.0,['0.00 USD'],-0.00015,-1.00 USD,True
BACKTESTER-001,OracleStrategy-000,MESM6.GLBX,GLBX-001,O-20260310-164504-001-000-3260,O-20260310-164520-001-000-3261,BUY,FLAT,0,1,1773161104428611408,2026-03-10 16:45:04.428611408+00:00,1773161120125212847,2026-03-10 16:45:20.125212847+00:00,15696601439,6884.75,6881.75,['0.00 USD'],-0.00044,-3.00 USD,True
BACKTESTER-001,OracleStrategy-000,MESM6.GLBX,GLBX-001,O-20260310-164521-001-000-3263,O-20260310-164525-001-000-3264,BUY,FLAT,0,1,1773161121609328975,2026-03-10 16:45:21.609328975+00:00,1773161125010798933,2026-03-10 16:45:25.010798933+00:00,3401469958,6882.25,6882.25,['0.00 USD'],0.0,0.00 USD,True
BACKTESTER-001,OracleStrategy-000,MESM6.GLBX,GLBX-001,O-20260310-164525-001-000-3265,O-20260310-164602-001-000-3266,SELL,FLAT,0,1,1773161125010798933,2026-03-10 16:45:25.010798933+00:00,1773161162804906003,2026-03-10 16:46:02.804906003+00:00,37794107070,6882.25,6878.0,['0.00 USD'],0.00062,4.25 USD,True
BACKTESTER-001,OracleStrategy-000,MESM6.GLBX,GLBX-001,O-20260310-164602-001-000-3267,O-20260310-164604-001-000-3268,BUY,FLAT,0,1,1773161162804906003,2026-03-10 16:46:02.804906003+00:00,1773161164602646512,2026-03-10 16:46:04.602646512+00:00,1797740509,6878.0,6878.0,['0.00 USD'],0.0,0.00 USD,True
BACKTESTER-001,OracleStrategy-000,MESM6.GLBX,GLBX-001,O-20260310-164609-001-000-3270,O-20260310-164612-001-000-3271,BUY,FLAT,0,1,1773161169189115383,2026-03-10 16:46:09.189115383+00:00,1773161172539677800,2026-03-10 16:46:12.539677800+00:00,3350562417,6877.25,6877.0,['0.00 USD'],-4e-05,-0.25 USD,True
BACKTESTER-001,OracleStrategy-000,MESM6.GLBX,GLBX-001,O-20260310-164703-001-000-3275,O-20260310-164710-001-000-3276,SELL,FLAT,0,1,1773161223730470383,2026-03-10 16:47:03.730470383+00:00,1773161230688297173,2026-03-10 16:47:10.688297173+00:00,6957826790,6877.25,6876.5,['0.00 USD'],0.00011,0.75 USD,True
BACKTESTER-001,OracleStrategy-000,MESM6.GLBX,GLBX-001,O-20260310-164718-001-000-3278,O-20260310-164735-001-000-3279,BUY,FLAT,0,1,1773161238068711284,2026-03-10 16:47:18.068711284+00:00,1773161255484751083,2026-03-10 16:47:35.484751083+00:00,17416039799,6876.25,6877.0,['0.00 USD'],0.00011,0.75 USD,True
BACKTESTER-001,OracleStrategy-000,MESM6.GLBX,GLBX-001,O-20260310-164735-001-000-3280,O-20260310-164754-001-000-3281,SELL,FLAT,0,1,1773161255484751083,2026-03-10 16:47:35.484751083+00:00,1773161274177348653,2026-03-10 16:47:54.177348653+00:00,18692597570,6877.0,6876.75,['0.00 USD'],4e-05,0.25 USD,True
BACKTESTER-001,OracleStrategy-000,MESM6.GLBX,GLBX-001,O-20260310-164804-001-000-3284,O-20260310-164913-001-000-3285,BUY,FLAT,0,1,1773161284004146099,2026-03-10 16:48:04.004146099+00:00,1773161353708531499,2026-03-10 16:49:13.708531499+00:00,69704385400,6876.75,6880.0,['0.00 USD'],0.00047,3.25 USD,True
BACKTESTER-001,OracleStrategy-000,MESM6.GLBX,GLBX-001,O-20260310-164913-001-000-3286,O-20260310-165049-001-000-3287,SELL,FLAT,0,1,1773161353708531499,2026-03-10 16:49:13.708531499+00:00,1773161449784363174,2026-03-10 16:50:49.784363174+00:00,96075831675,6880.0,6877.5,['0.00 USD'],0.00036,2.50 USD,True
BACKTESTER-001,OracleStrategy-000,MESM6.GLBX,GLBX-001,O-20260310-165051-001-000-3289,O-20260310-165144-001-000-3290,BUY,FLAT,0,1,1773161451986923392,2026-03-10 16:50:51.986923392+00:00,1773161504884406533,2026-03-10 16:51:44.884406533+00:00,52897483141,6877.5,6879.75,['0.00 USD'],0.00033,2.25 USD,True
BACKTESTER-001,OracleStrategy-000,MESM6.GLBX,GLBX-001,O-20260310-165144-001-000-3291,O-20260310-165201-001-000-3292,SELL,FLAT,0,1,1773161504884406533,2026-03-10 16:51:44.884406533+00:00,1773161521773043811,2026-03-10 16:52:01.773043811+00:00,16888637278,6879.75,6880.5,['0.00 USD'],-0.00011,-0.75 USD,True
BACKTESTER-001,OracleStrategy-000,MESM6.GLBX,GLBX-001,O-20260310-165236-001-000-3299,O-20260310-165237-001-000-3300,BUY,FLAT,0,1,1773161556293436997,2026-03-10 16:52:36.293436997+00:00,1773161557700230717,2026-03-10 16:52:37.700230717+00:00,1406793720,6883.25,6883.75,['0.00 USD'],7e-05,0.50 USD,True
BACKTESTER-001,OracleStrategy-000,MESM6.GLBX,GLBX-001,O-20260310-165237-001-000-3301,O-20260310-165239-001-000-3302,SELL,FLAT,0,1,1773161557700230717,2026-03-10 16:52:37.700230717+00:00,1773161559107914747,2026-03-10 16:52:39.107914747+00:00,1407684030,6883.75,6883.75,['0.00 USD'],0.0,0.00 USD,True
BACKTESTER-001,OracleStrategy-000,MESM6.GLBX,GLBX-001,O-20260310-165239-001-000-3303,O-20260310-165245-001-000-3304,BUY,FLAT,0,1,1773161559107914747,2026-03-10 16:52:39.107914747+00:00,1773161565236395330,2026-03-10 16:52:45.236395330+00:00,6128480583,6883.75,6883.75,['0.00 USD'],0.0,0.00 USD,True
BACKTESTER-001,OracleStrategy-000,MESM6.GLBX,GLBX-001,O-20260310-165245-001-000-3305,O-20260310-165248-001-000-3306,SELL,FLAT,0,1,1773161565236395330,2026-03-10 16:52:45.236395330+00:00,1773161568715163880,2026-03-10 16:52:48.715163880+00:00,3478768550,6883.75,6885.0,['0.00 USD'],-0.00018,-1.25 USD,True
BACKTESTER-001,OracleStrategy-000,MESM6.GLBX,GLBX-001,O-20260310-165253-001-000-3309,O-20260310-165400-001-000-3310,SELL,FLAT,0,1,1773161573668064450,2026-03-10 16:52:53.668064450+00:00,1773161640979448783,2026-03-10 16:54:00.979448783+00:00,67311384333,6886.0,6883.5,['0.00 USD'],0.00036,2.50 USD,True
BACKTESTER-001,OracleStrategy-000,MESM6.GLBX,GLBX-001,O-20260310-165400-001-000-3311,O-20260310-165411-001-000-3312,BUY,FLAT,0,1,1773161640979448783,2026-03-10 16:54:00.979448783+00:00,1773161651408161791,2026-03-10 16:54:11.408161791+00:00,10428713008,6883.5,6883.0,['0.00 USD'],-7e-05,-0.50 USD,True
BACKTESTER-001,OracleStrategy-000,MESM6.GLBX,GLBX-001,O-20260310-165420-001-000-3314,O-20260310-165540-001-000-3315,BUY,FLAT,0,1,1773161660898624367,2026-03-10 16:54:20.898624367+00:00,1773161740245023399,2026-03-10 16:55:40.245023399+00:00,79346399032,6883.75,6883.25,['0.00 USD'],-7e-05,-0.50 USD,True
BACKTESTER-001,OracleStrategy-000,MESM6.GLBX,GLBX-001,O-20260310-165540-001-000-3316,O-20260310-165643-001-000-3317,SELL,FLAT,0,1,1773161740245023399,2026-03-10 16:55:40.245023399+00:00,1773161803088468802,2026-03-10 16:56:43.088468802+00:00,62843445403,6883.25,6885.75,['0.00 USD'],-0.00036,-2.50 USD,True
BACKTESTER-001,OracleStrategy-000,MESM6.GLBX,GLBX-001,O-20260310-165716-001-000-3319,O-20260310-170000-001-000-3320,SELL,FLAT,0,1,1773161836723487149,2026-03-10 16:57:16.723487149+00:00,1773162000361510745,2026-03-10 17:00:00.361510745+00:00,163638023596,6884.75,6882.5,['0.00 USD'],0.00033,2.25 USD,True
BACKTESTER-001,OracleStrategy-000,MESM6.GLBX,GLBX-001,O-20260310-170000-001-000-3321,O-20260310-170004-001-000-3322,BUY,FLAT,0,1,1773162000361510745,2026-03-10 17:00:00.361510745+00:00,1773162004937934119,2026-03-10 17:00:04.937934119+00:00,4576423374,6882.5,6883.25,['0.00 USD'],0.00011,0.75 USD,True
BACKTESTER-001,OracleStrategy-000,MESM6.GLBX,GLBX-001,O-20260310-170018-001-000-3324,O-20260310-170048-001-000-3325,BUY,FLAT,0,1,1773162018463437795,2026-03-10 17:00:18.463437795+00:00,1773162048587457739,2026-03-10 17:00:48.587457739+00:00,30124019944,6882.5,6882.25,['0.00 USD'],-4e-05,-0.25 USD,True
BACKTESTER-001,OracleStrategy-000,MESM6.GLBX,GLBX-001,O-20260310-170048-001-000-3326,O-20260310-170053-001-000-3327,SELL,FLAT,0,1,1773162048587457739,2026-03-10 17:00:48.587457739+00:00,1773162053066241075,2026-03-10 17:00:53.066241075+00:00,4478783336,6882.25,6881.75,['0.00 USD'],7e-05,0.50 USD,True
BACKTESTER-001,OracleStrategy-000,MESM6.GLBX,GLBX-001,O-20260310-170053-001-000-3328,O-20260310-170058-001-000-3329,BUY,FLAT,0,1,1773162053066241075,2026-03-10 17:00:53.066241075+00:00,1773162058553987016,2026-03-10 17:00:58.553987016+00:00,5487745941,6881.75,6881.75,['0.00 USD'],0.0,0.00 USD,True
BACKTESTER-001,OracleStrategy-000,MESM6.GLBX,GLBX-001,O-20260310-170101-001-000-3331,O-20260310-170212-001-000-3332,BUY,FLAT,0,1,1773162061209264596,2026-03-10 17:01:01.209264596+00:00,1773162132765802557,2026-03-10 17:02:12.765802557+00:00,71556537961,6882.0,6887.5,['0.00 USD'],0.0008,5.50 USD,True
BACKTESTER-001,OracleStrategy-000,MESM6.GLBX,GLBX-001,O-20260310-170212-001-000-3333,O-20260310-170224-001-000-3334,SELL,FLAT,0,1,1773162132765802557,2026-03-10 17:02:12.765802557+00:00,1773162144730797274,2026-03-10 17:02:24.730797274+00:00,11964994717,6887.5,6886.75,['0.00 USD'],0.00011,0.75 USD,True
BACKTESTER-001,OracleStrategy-000,MESM6.GLBX,GLBX-001,O-20260310-170226-001-000-3336,O-20260310-170247-001-000-3337,BUY,FLAT,0,1,1773162146781643208,2026-03-10 17:02:26.781643208+00:00,1773162167183879279,2026-03-10 17:02:47.183879279+00:00,20402236071,6886.75,6888.5,['0.00 USD'],0.00025,1.75 USD,True
BACKTESTER-001,OracleStrategy-000,MESM6.GLBX,GLBX-001,O-20260310-170247-001-000-3338,O-20260310-170313-001-000-3339,SELL,FLAT,0,1,1773162167183879279,2026-03-10 17:02:47.183879279+00:00,1773162193571716434,2026-03-10 17:03:13.571716434+00:00,26387837155,6888.5,6888.75,['0.00 USD'],-4e-05,-0.25 USD,True
BACKTESTER-001,OracleStrategy-000,MESM6.GLBX,GLBX-001,O-20260310-170314-001-000-3341,O-20260310-170318-001-000-3342,SELL,FLAT,0,1,1773162194987406567,2026-03-10 17:03:14.987406567+00:00,1773162198823095719,2026-03-10 17:03:18.823095719+00:00,3835689152,6889.0,6890.0,['0.00 USD'],-0.00015,-1.00 USD,True
BACKTESTER-001,OracleStrategy-000,MESM6.GLBX,GLBX-001,O-20260310-170334-001-000-3344,O-20260310-170337-001-000-3345,BUY,FLAT,0,1,1773162214371832533,2026-03-10 17:03:34.371832533+00:00,1773162217581797525,2026-03-10 17:03:37.581797525+00:00,3209964992,6888.0,6888.5,['0.00 USD'],7e-05,0.50 USD,True
BACKTESTER-001,OracleStrategy-000,MESM6.GLBX,GLBX-001,O-20260310-170359-001-000-3348,O-20260310-170409-001-000-3349,SELL,FLAT,0,1,1773162239762291701,2026-03-10 17:03:59.762291701+00:00,1773162249571462039,2026-03-10 17:04:09.571462039+00:00,9809170338,6888.0,6888.0,['0.00 USD'],0.0,0.00 USD,True
BACKTESTER-001,OracleStrategy-000,MESM6.GLBX,GLBX-001,O-20260310-170409-001-000-3350,O-20260310-170434-001-000-3351,BUY,FLAT,0,1,1773162249571462039,2026-03-10 17:04:09.571462039+00:00,1773162274571755221,2026-03-10 17:04:34.571755221+00:00,25000293182,6888.0,6888.0,['0.00 USD'],0.0,0.00 USD,True
BACKTESTER-001,OracleStrategy-000,MESM6.GLBX,GLBX-001,O-20260310-170439-001-000-3353,O-20260310-170448-001-000-3354,BUY,FLAT,0,1,1773162279446810095,2026-03-10 17:04:39.446810095+00:00,1773162288501408362,2026-03-10 17:04:48.501408362+00:00,9054598267,6888.0,6887.5,['0.00 USD'],-7e-05,-0.50 USD,True
BACKTESTER-001,OracleStrategy-000,MESM6.GLBX,GLBX-001,O-20260310-170448-001-000-3355,O-20260310-170504-001-000-3356,SELL,FLAT,0,1,1773162288501408362,2026-03-10 17:04:48.501408362+00:00,1773162304462898153,2026-03-10 17:05:04.462898153+00:00,15961489791,6887.5,6887.5,['0.00 USD'],0.0,0.00 USD,True
BACKTESTER-001,OracleStrategy-000,MESM6.GLBX,GLBX-001,O-20260310-170504-001-000-3357,O-20260310-170506-001-000-3358,BUY,FLAT,0,1,1773162304462898153,2026-03-10 17:05:04.462898153+00:00,1773162306257109803,2026-03-10 17:05:06.257109803+00:00,1794211650,6887.5,6888.5,['0.00 USD'],0.00015,1.00 USD,True
BACKTESTER-001,OracleStrategy-000,MESM6.GLBX,GLBX-001,O-20260310-170506-001-000-3359,O-20260310-170508-001-000-3360,SELL,FLAT,0,1,1773162306257109803,2026-03-10 17:05:06.257109803+00:00,1773162308082328535,2026-03-10 17:05:08.082328535+00:00,1825218732,6888.5,6888.5,['0.00 USD'],0.0,0.00 USD,True
BACKTESTER-001,OracleStrategy-000,MESM6.GLBX,GLBX-001,O-20260310-170522-001-000-3362,O-20260310-170530-001-000-3363,BUY,FLAT,0,1,1773162322984113623,2026-03-10 17:05:22.984113623+00:00,1773162330048499922,2026-03-10 17:05:30.048499922+00:00,7064386299,6888.0,6887.0,['0.00 USD'],-0.00015,-1.00 USD,True
BACKTESTER-001,OracleStrategy-000,MESM6.GLBX,GLBX-001,O-20260310-170531-001-000-3365,O-20260310-170539-001-000-3366,BUY,FLAT,0,1,1773162331189564471,2026-03-10 17:05:31.189564471+00:00,1773162339000382237,2026-03-10 17:05:39.000382237+00:00,7810817766,6887.75,6889.0,['0.00 USD'],0.00018,1.25 USD,True
BACKTESTER-001,OracleStrategy-000,MESM6.GLBX,GLBX-001,O-20260310-170539-001-000-3367,O-20260310-170542-001-000-3368,SELL,FLAT,0,1,1773162339000382237,2026-03-10 17:05:39.000382237+00:00,1773162342669663237,2026-03-10 17:05:42.669663237+00:00,3669281000,6889.0,6890.5,['0.00 USD'],-0.00022,-1.50 USD,True
BACKTESTER-001,OracleStrategy-000,MESM6.GLBX,GLBX-001,O-20260310-170548-001-000-3370,O-20260310-170552-001-000-3371,SELL,FLAT,0,1,1773162348359962038,2026-03-10 17:05:48.359962038+00:00,1773162352815732248,2026-03-10 17:05:52.815732248+00:00,4455770210,6890.0,6891.25,['0.00 USD'],-0.00018,-1.25 USD,True
BACKTESTER-001,OracleStrategy-000,MESM6.GLBX,GLBX-001,O-20260310-170559-001-000-3374,O-20260310-170620-001-000-3375,SELL,FLAT,0,1,1773162359460619483,2026-03-10 17:05:59.460619483+00:00,1773162380273517042,2026-03-10 17:06:20.273517042+00:00,20812897559,6892.25,6891.25,['0.00 USD'],0.00015,1.00 USD,True
BACKTESTER-001,OracleStrategy-000,MESM6.GLBX,GLBX-001,O-20260310-170620-001-000-3376,O-20260310-170623-001-000-3377,BUY,FLAT,0,1,1773162380273517042,2026-03-10 17:06:20.273517042+00:00,1773162383007348706,2026-03-10 17:06:23.007348706+00:00,2733831664,6891.25,6891.5,['0.00 USD'],4e-05,0.25 USD,True
BACKTESTER-001,OracleStrategy-000,MESM6.GLBX,GLBX-001,O-20260310-170639-001-000-3379,O-20260310-170650-001-000-3380,SELL,FLAT,0,1,1773162399382542649,2026-03-10 17:06:39.382542649+00:00,1773162410183466913,2026-03-10 17:06:50.183466913+00:00,10800924264,6892.0,6890.75,['0.00 USD'],0.00018,1.25 USD,True
BACKTESTER-001,OracleStrategy-000,MESM6.GLBX,GLBX-001,O-20260310-170650-001-000-3381,O-20260310-170725-001-000-3382,BUY,FLAT,0,1,1773162410183466913,2026-03-10 17:06:50.183466913+00:00,1773162445896714751,2026-03-10 17:07:25.896714751+00:00,35713247838,6890.75,6891.75,['0.00 USD'],0.00015,1.00 USD,True
BACKTESTER-001,OracleStrategy-000,MESM6.GLBX,GLBX-001,O-20260310-170725-001-000-3383,O-20260310-170737-001-000-3384,SELL,FLAT,0,1,1773162445896714751,2026-03-10 17:07:25.896714751+00:00,1773162457244962403,2026-03-10 17:07:37.244962403+00:00,11348247652,6891.75,6892.5,['0.00 USD'],-0.00011,-0.75 USD,True
BACKTESTER-001,OracleStrategy-000,MESM6.GLBX,GLBX-001,O-20260310-170739-001-000-3386,O-20260310-170819-001-000-3387,SELL,FLAT,0,1,1773162459252914267,2026-03-10 17:07:39.252914267+00:00,1773162499189339547,2026-03-10 17:08:19.189339547+00:00,39936425280,6893.0,6892.25,['0.00 USD'],0.00011,0.75 USD,True
BACKTESTER-001,OracleStrategy-000,MESM6.GLBX,GLBX-001,O-20260310-170819-001-000-3388,O-20260310-170827-001-000-3389,BUY,FLAT,0,1,1773162499189339547,2026-03-10 17:08:19.189339547+00:00,1773162507191167919,2026-03-10 17:08:27.191167919+00:00,8001828372,6892.25,6890.5,['0.00 USD'],-0.00025,-1.75 USD,True
BACKTESTER-001,OracleStrategy-000,MESM6.GLBX,GLBX-001,O-20260310-170841-001-000-3392,O-20260310-170852-001-000-3393,BUY,FLAT,0,1,1773162521199876930,2026-03-10 17:08:41.199876930+00:00,1773162532682473150,2026-03-10 17:08:52.682473150+00:00,11482596220,6891.5,6892.0,['0.00 USD'],7e-05,0.50 USD,True
BACKTESTER-001,OracleStrategy-000,MESM6.GLBX,GLBX-001,O-20260310-170852-001-000-3394,O-20260310-170918-001-000-3395,SELL,FLAT,0,1,1773162532682473150,2026-03-10 17:08:52.682473150+00:00,1773162558644528639,2026-03-10 17:09:18.644528639+00:00,25962055489,6892.0,6889.25,['0.00 USD'],0.0004,2.75 USD,True
BACKTESTER-001,OracleStrategy-000,MESM6.GLBX,GLBX-001,O-20260310-170918-001-000-3396,O-20260310-170920-001-000-3397,BUY,FLAT,0,1,1773162558644528639,2026-03-10 17:09:18.644528639+00:00,1773162560184270778,2026-03-10 17:09:20.184270778+00:00,1539742139,6889.25,6888.5,['0.00 USD'],-0.00011,-0.75 USD,True
BACKTESTER-001,OracleStrategy-000,MESM6.GLBX,GLBX-001,O-20260310-170924-001-000-3399,O-20260310-171045-001-000-3400,BUY,FLAT,0,1,1773162564357264619,2026-03-10 17:09:24.357264619+00:00,1773162645597964978,2026-03-10 17:10:45.597964978+00:00,81240700359,6888.0,6891.25,['0.00 USD'],0.00047,3.25 USD,True
BACKTESTER-001,OracleStrategy-000,MESM6.GLBX,GLBX-001,O-20260310-171045-001-000-3401,O-20260310-171054-001-000-3402,SELL,FLAT,0,1,1773162645597964978,2026-03-10 17:10:45.597964978+00:00,1773162654893691663,2026-03-10 17:10:54.893691663+00:00,9295726685,6891.25,6891.25,['0.00 USD'],0.0,0.00 USD,True
BACKTESTER-001,OracleStrategy-000,MESM6.GLBX,GLBX-001,O-20260310-171059-001-000-3404,O-20260310-171214-001-000-3405,SELL,FLAT,0,1,1773162659403311887,2026-03-10 17:10:59.403311887+00:00,1773162734418447083,2026-03-10 17:12:14.418447083+00:00,75015135196,6892.0,6888.75,['0.00 USD'],0.00047,3.25 USD,True
BACKTESTER-001,OracleStrategy-000,MESM6.GLBX,GLBX-001,O-20260310-171214-001-000-3406,O-20260310-171223-001-000-3407,BUY,FLAT,0,1,1773162734418447083,2026-03-10 17:12:14.418447083+00:00,1773162743835019911,2026-03-10 17:12:23.835019911+00:00,9416572828,6888.75,6887.5,['0.00 USD'],-0.00018,-1.25 USD,True
BACKTESTER-001,OracleStrategy-000,MESM6.GLBX,GLBX-001,O-20260310-171247-001-000-3410,O-20260310-171249-001-000-3411,BUY,FLAT,0,1,1773162767824515833,2026-03-10 17:12:47.824515833+00:00,1773162769667886514,2026-03-10 17:12:49.667886514+00:00,1843370681,6888.0,6889.0,['0.00 USD'],0.00015,1.00 USD,True
BACKTESTER-001,OracleStrategy-000,MESM6.GLBX,GLBX-001,O-20260310-171346-001-000-3418,O-20260310-171413-001-000-3419,SELL,FLAT,0,1,1773162826132638010,2026-03-10 17:13:46.132638010+00:00,1773162853620110914,2026-03-10 17:14:13.620110914+00:00,27487472904,6886.0,6886.0,['0.00 USD'],0.0,0.00 USD,True
BACKTESTER-001,OracleStrategy-000,MESM6.GLBX,GLBX-001,O-20260310-171602-001-000-3427,O-20260310-171611-001-000-3428,SELL,FLAT,0,1,1773162962106629173,2026-03-10 17:16:02.106629173+00:00,1773162971706125280,2026-03-10 17:16:11.706125280+00:00,9599496107,6890.0,6891.0,['0.00 USD'],-0.00015,-1.00 USD,True
BACKTESTER-001,OracleStrategy-000,MESM6.GLBX,GLBX-001,O-20260310-171612-001-000-3430,O-20260310-171640-001-000-3431,SELL,FLAT,0,1,1773162972998609464,2026-03-10 17:16:12.998609464+00:00,1773163000617433555,2026-03-10 17:16:40.617433555+00:00,27618824091,6891.75,6892.0,['0.00 USD'],-4e-05,-0.25 USD,True
BACKTESTER-001,OracleStrategy-000,MESM6.GLBX,GLBX-001,O-20260310-171715-001-000-3436,O-20260310-171718-001-000-3437,SELL,FLAT,0,1,1773163035414020165,2026-03-10 17:17:15.414020165+00:00,1773163038254627679,2026-03-10 17:17:18.254627679+00:00,2840607514,6893.25,6894.0,['0.00 USD'],-0.00011,-0.75 USD,True
BACKTESTER-001,OracleStrategy-000,MESM6.GLBX,GLBX-001,O-20260310-171746-001-000-3439,O-20260310-171806-001-000-3440,SELL,FLAT,0,1,1773163066544262659,2026-03-10 17:17:46.544262659+00:00,1773163086189982623,2026-03-10 17:18:06.189982623+00:00,19645719964,6894.5,6894.0,['0.00 USD'],7e-05,0.50 USD,True
BACKTESTER-001,OracleStrategy-000,MESM6.GLBX,GLBX-001,O-20260310-171806-001-000-3441,O-20260310-171815-001-000-3442,BUY,FLAT,0,1,1773163086189982623,2026-03-10 17:18:06.189982623+00:00,1773163095580191515,2026-03-10 17:18:15.580191515+00:00,9390208892,6894.0,6894.25,['0.00 USD'],4e-05,0.25 USD,True
BACKTESTER-001,OracleStrategy-000,MESM6.GLBX,GLBX-001,O-20260310-171815-001-000-3443,O-20260310-171839-001-000-3444,SELL,FLAT,0,1,1773163095580191515,2026-03-10 17:18:15.580191515+00:00,1773163119602945965,2026-03-10 17:18:39.602945965+00:00,24022754450,6894.25,6894.75,['0.00 USD'],-7e-05,-0.50 USD,True
BACKTESTER-001,OracleStrategy-000,MESM6.GLBX,GLBX-001,O-20260310-171840-001-000-3446,O-20260310-171902-001-000-3447,SELL,FLAT,0,1,1773163120626579747,2026-03-10 17:18:40.626579747+00:00,1773163142238036143,2026-03-10 17:19:02.238036143+00:00,21611456396,6894.0,6894.5,['0.00 USD'],-7e-05,-0.50 USD,True
BACKTESTER-001,OracleStrategy-000,MESM6.GLBX,GLBX-001,O-20260310-171902-001-000-3448,O-20260310-171903-001-000-3449,BUY,FLAT,0,1,1773163142238036143,2026-03-10 17:19:02.238036143+00:00,1773163143662706882,2026-03-10 17:19:03.662706882+00:00,1424670739,6894.5,6894.75,['0.00 USD'],4e-05,0.25 USD,True
BACKTESTER-001,OracleStrategy-000,MESM6.GLBX,GLBX-001,O-20260310-171913-001-000-3451,O-20260310-171916-001-000-3452,SELL,FLAT,0,1,1773163153079003178,2026-03-10 17:19:13.079003178+00:00,1773163156546226770,2026-03-10 17:19:16.546226770+00:00,3467223592,6895.25,6894.75,['0.00 USD'],7e-05,0.50 USD,True
BACKTESTER-001,OracleStrategy-000,MESM6.GLBX,GLBX-001,O-20260310-171920-001-000-3454,O-20260310-171947-001-000-3455,SELL,FLAT,0,1,1773163160054825733,2026-03-10 17:19:20.054825733+00:00,1773163187451434115,2026-03-10 17:19:47.451434115+00:00,27396608382,6895.25,6895.25,['0.00 USD'],0.0,0.00 USD,True
BACKTESTER-001,OracleStrategy-000,MESM6.GLBX,GLBX-001,O-20260310-171951-001-000-3457,O-20260310-172026-001-000-3458,SELL,FLAT,0,1,1773163191512440342,2026-03-10 17:19:51.512440342+00:00,1773163226374526808,2026-03-10 17:20:26.374526808+00:00,34862086466,6896.0,6894.5,['0.00 USD'],0.00022,1.50 USD,True
BACKTESTER-001,OracleStrategy-000,MESM6.GLBX,GLBX-001,O-20260310-172026-001-000-3459,O-20260310-172038-001-000-3460,BUY,FLAT,0,1,1773163226374526808,2026-03-10 17:20:26.374526808+00:00,1773163238494907180,2026-03-10 17:20:38.494907180+00:00,12120380372,6894.5,6894.75,['0.00 USD'],4e-05,0.25 USD,True
BACKTESTER-001,OracleStrategy-000,MESM6.GLBX,GLBX-001,O-20260310-172041-001-000-3462,O-20260310-172109-001-000-3463,BUY,FLAT,0,1,1773163241546980680,2026-03-10 17:20:41.546980680+00:00,1773163269821816373,2026-03-10 17:21:09.821816373+00:00,28274835693,6893.25,6892.75,['0.00 USD'],-7e-05,-0.50 USD,True
BACKTESTER-001,OracleStrategy-000,MESM6.GLBX,GLBX-001,O-20260310-172122-001-000-3465,O-20260310-172133-001-000-3466,BUY,FLAT,0,1,1773163282639421231,2026-03-10 17:21:22.639421231+00:00,1773163293186582602,2026-03-10 17:21:33.186582602+00:00,10547161371,6894.0,6893.0,['0.00 USD'],-0.00015,-1.00 USD,True
BACKTESTER-001,OracleStrategy-000,MESM6.GLBX,GLBX-001,O-20260310-172133-001-000-3467,O-20260310-172203-001-000-3468,SELL,FLAT,0,1,1773163293186582602,2026-03-10 17:21:33.186582602+00:00,1773163323223343840,2026-03-10 17:22:03.223343840+00:00,30036761238,6893.0,6893.75,['0.00 USD'],-0.00011,-0.75 USD,True
BACKTESTER-001,OracleStrategy-000,MESM6.GLBX,GLBX-001,O-20260310-172203-001-000-3469,O-20260310-172227-001-000-3470,BUY,FLAT,0,1,1773163323223343840,2026-03-10 17:22:03.223343840+00:00,1773163347257212536,2026-03-10 17:22:27.257212536+00:00,24033868696,6893.75,6892.75,['0.00 USD'],-0.00015,-1.00 USD,True
BACKTESTER-001,OracleStrategy-000,MESM6.GLBX,GLBX-001,O-20260310-172227-001-000-3471,O-20260310-172247-001-000-3472,SELL,FLAT,0,1,1773163347257212536,2026-03-10 17:22:27.257212536+00:00,1773163367514960373,2026-03-10 17:22:47.514960373+00:00,20257747837,6892.75,6895.0,['0.00 USD'],-0.00033,-2.25 USD,True
BACKTESTER-001,OracleStrategy-000,MESM6.GLBX,GLBX-001,O-20260310-172326-001-000-3476,O-20260310-172335-001-000-3477,BUY,FLAT,0,1,1773163406535527527,2026-03-10 17:23:26.535527527+00:00,1773163415510390626,2026-03-10 17:23:35.510390626+00:00,8974863099,6895.0,6894.5,['0.00 USD'],-7e-05,-0.50 USD,True
BACKTESTER-001,OracleStrategy-000,MESM6.GLBX,GLBX-001,O-20260310-172335-001-000-3478,O-20260310-172432-001-000-3479,SELL,FLAT,0,1,1773163415510390626,2026-03-10 17:23:35.510390626+00:00,1773163472674512874,2026-03-10 17:24:32.674512874+00:00,57164122248,6894.5,6896.0,['0.00 USD'],-0.00022,-1.50 USD,True
BACKTESTER-001,OracleStrategy-000,MESM6.GLBX,GLBX-001,O-20260310-172451-001-000-3481,O-20260310-172509-001-000-3482,SELL,FLAT,0,1,1773163491668935533,2026-03-10 17:24:51.668935533+00:00,1773163509728132848,2026-03-10 17:25:09.728132848+00:00,18059197315,6896.25,6896.25,['0.00 USD'],0.0,0.00 USD,True
BACKTESTER-001,OracleStrategy-000,MESM6.GLBX,GLBX-001,O-20260310-172529-001-000-3484,O-20260310-172539-001-000-3485,SELL,FLAT,0,1,1773163529886921779,2026-03-10 17:25:29.886921779+00:00,1773163539394515408,2026-03-10 17:25:39.394515408+00:00,9507593629,6895.75,6895.5,['0.00 USD'],4e-05,0.25 USD,True
BACKTESTER-001,OracleStrategy-000,MESM6.GLBX,GLBX-001,O-20260310-172539-001-000-3486,O-20260310-172710-001-000-3487,BUY,FLAT,0,1,1773163539394515408,2026-03-10 17:25:39.394515408+00:00,1773163630323408451,2026-03-10 17:27:10.323408451+00:00,90928893043,6895.5,6898.0,['0.00 USD'],0.00036,2.50 USD,True
BACKTESTER-001,OracleStrategy-000,MESM6.GLBX,GLBX-001,O-20260310-172710-001-000-3488,O-20260310-172718-001-000-3489,SELL,FLAT,0,1,1773163630323408451,2026-03-10 17:27:10.323408451+00:00,1773163638698738139,2026-03-10 17:27:18.698738139+00:00,8375329688,6898.0,6898.0,['0.00 USD'],0.0,0.00 USD,True
BACKTESTER-001,OracleStrategy-000,MESM6.GLBX,GLBX-001,O-20260310-172723-001-000-3491,O-20260310-172730-001-000-3492,BUY,FLAT,0,1,1773163643297312895,2026-03-10 17:27:23.297312895+00:00,1773163650714709546,2026-03-10 17:27:30.714709546+00:00,7417396651,6898.0,6900.0,['0.00 USD'],0.00029,2.00 USD,True
BACKTESTER-001,OracleStrategy-000,MESM6.GLBX,GLBX-001,O-20260310-172730-001-000-3493,O-20260310-172733-001-000-3494,SELL,FLAT,0,1,1773163650714709546,2026-03-10 17:27:30.714709546+00:00,1773163653737138091,2026-03-10 17:27:33.737138091+00:00,3022428545,6900.0,6901.0,['0.00 USD'],-0.00014,-1.00 USD,True
BACKTESTER-001,OracleStrategy-000,MESM6.GLBX,GLBX-001,O-20260310-172736-001-000-3496,O-20260310-172752-001-000-3497,SELL,FLAT,0,1,1773163656119173552,2026-03-10 17:27:36.119173552+00:00,1773163672011622336,2026-03-10 17:27:52.011622336+00:00,15892448784,6901.0,6900.5,['0.00 USD'],7e-05,0.50 USD,True
BACKTESTER-001,OracleStrategy-000,MESM6.GLBX,GLBX-001,O-20260310-172752-001-000-3498,O-20260310-172756-001-000-3499,BUY,FLAT,0,1,1773163672011622336,2026-03-10 17:27:52.011622336+00:00,1773163676830757794,2026-03-10 17:27:56.830757794+00:00,4819135458,6900.5,6900.0,['0.00 USD'],-7e-05,-0.50 USD,True
BACKTESTER-001,OracleStrategy-000,MESM6.GLBX,GLBX-001,O-20260310-172756-001-000-3500,O-20260310-172817-001-000-3501,SELL,FLAT,0,1,1773163676830757794,2026-03-10 17:27:56.830757794+00:00,1773163697780029272,2026-03-10 17:28:17.780029272+00:00,20949271478,6900.0,6901.0,['0.00 USD'],-0.00014,-1.00 USD,True
BACKTESTER-001,OracleStrategy-000,MESM6.GLBX,GLBX-001,O-20260310-172817-001-000-3502,O-20260310-172844-001-000-3503,BUY,FLAT,0,1,1773163697780029272,2026-03-10 17:28:17.780029272+00:00,1773163724849265072,2026-03-10 17:28:44.849265072+00:00,27069235800,6901.0,6902.25,['0.00 USD'],0.00018,1.25 USD,True
BACKTESTER-001,OracleStrategy-000,MESM6.GLBX,GLBX-001,O-20260310-172844-001-000-3504,O-20260310-172950-001-000-3505,SELL,FLAT,0,1,1773163724849265072,2026-03-10 17:28:44.849265072+00:00,1773163790433657562,2026-03-10 17:29:50.433657562+00:00,65584392490,6902.25,6902.0,['0.00 USD'],4e-05,0.25 USD,True
BACKTESTER-001,OracleStrategy-000,MESM6.GLBX,GLBX-001,O-20260310-173039-001-000-3510,O-20260310-173042-001-000-3511,BUY,FLAT,0,1,1773163839706930026,2026-03-10 17:30:39.706930026+00:00,1773163842285562248,2026-03-10 17:30:42.285562248+00:00,2578632222,6900.25,6899.5,['0.00 USD'],-0.00011,-0.75 USD,True
BACKTESTER-001,OracleStrategy-000,MESM6.GLBX,GLBX-001,O-20260310-173112-001-000-3516,O-20260310-173114-001-000-3517,BUY,FLAT,0,1,1773163872161982677,2026-03-10 17:31:12.161982677+00:00,1773163874710483672,2026-03-10 17:31:14.710483672+00:00,2548500995,6897.5,6896.75,['0.00 USD'],-0.00011,-0.75 USD,True
BACKTESTER-001,OracleStrategy-000,MESM6.GLBX,GLBX-001,O-20260310-173146-001-000-3524,O-20260310-173155-001-000-3525,SELL,FLAT,0,1,1773163906218875137,2026-03-10 17:31:46.218875137+00:00,1773163915140475418,2026-03-10 17:31:55.140475418+00:00,8921600281,6896.0,6896.25,['0.00 USD'],-4e-05,-0.25 USD,True
BACKTESTER-001,OracleStrategy-000,MESM6.GLBX,GLBX-001,O-20260310-173207-001-000-3527,O-20260310-173234-001-000-3528,BUY,FLAT,0,1,1773163927180502928,2026-03-10 17:32:07.180502928+00:00,1773163954682044109,2026-03-10 17:32:34.682044109+00:00,27501541181,6895.25,6896.0,['0.00 USD'],0.00011,0.75 USD,True
BACKTESTER-001,OracleStrategy-000,MESM6.GLBX,GLBX-001,O-20260310-173259-001-000-3531,O-20260310-173345-001-000-3532,SELL,FLAT,0,1,1773163979476776325,2026-03-10 17:32:59.476776325+00:00,1773164025738599591,2026-03-10 17:33:45.738599591+00:00,46261823266,6897.25,6892.75,['0.00 USD'],0.00065,4.50 USD,True
BACKTESTER-001,OracleStrategy-000,MESM6.GLBX,GLBX-001,O-20260310-173345-001-000-3533,O-20260310-173405-001-000-3534,BUY,FLAT,0,1,1773164025738599591,2026-03-10 17:33:45.738599591+00:00,1773164045111078535,2026-03-10 17:34:05.111078535+00:00,19372478944,6892.75,6892.5,['0.00 USD'],-4e-05,-0.25 USD,True
BACKTESTER-001,OracleStrategy-000,MESM6.GLBX,GLBX-001,O-20260310-173406-001-000-3536,O-20260310-173415-001-000-3537,SELL,FLAT,0,1,1773164046681604517,2026-03-10 17:34:06.681604517+00:00,1773164055709946984,2026-03-10 17:34:15.709946984+00:00,9028342467,6892.75,6891.75,['0.00 USD'],0.00015,1.00 USD,True
BACKTESTER-001,OracleStrategy-000,MESM6.GLBX,GLBX-001,O-20260310-173415-001-000-3538,O-20260310-173421-001-000-3539,BUY,FLAT,0,1,1773164055709946984,2026-03-10 17:34:15.709946984+00:00,1773164061108195834,2026-03-10 17:34:21.108195834+00:00,5398248850,6891.75,6891.25,['0.00 USD'],-7e-05,-0.50 USD,True
BACKTESTER-001,OracleStrategy-000,MESM6.GLBX,GLBX-001,O-20260310-173434-001-000-3541,O-20260310-173448-001-000-3542,BUY,FLAT,0,1,1773164074970172779,2026-03-10 17:34:34.970172779+00:00,1773164088050449544,2026-03-10 17:34:48.050449544+00:00,13080276765,6891.5,6891.25,['0.00 USD'],-4e-05,-0.25 USD,True
BACKTESTER-001,OracleStrategy-000,MESM6.GLBX,GLBX-001,O-20260310-173513-001-000-3548,O-20260310-173528-001-000-3549,SELL,FLAT,0,1,1773164113237964306,2026-03-10 17:35:13.237964306+00:00,1773164128208557037,2026-03-10 17:35:28.208557037+00:00,14970592731,6890.25,6887.25,['0.00 USD'],0.00044,3.00 USD,True
BACKTESTER-001,OracleStrategy-000,MESM6.GLBX,GLBX-001,O-20260310-173528-001-000-3550,O-20260310-173530-001-000-3551,BUY,FLAT,0,1,1773164128208557037,2026-03-10 17:35:28.208557037+00:00,1773164130351135051,2026-03-10 17:35:30.351135051+00:00,2142578014,6887.25,6887.5,['0.00 USD'],4e-05,0.25 USD,True
BACKTESTER-001,OracleStrategy-000,MESM6.GLBX,GLBX-001,O-20260310-173534-001-000-3554,O-20260310-173535-001-000-3555,BUY,FLAT,0,1,1773164134225388415,2026-03-10 17:35:34.225388415+00:00,1773164135597032128,2026-03-10 17:35:35.597032128+00:00,1371643713,6887.25,6888.0,['0.00 USD'],0.00011,0.75 USD,True
BACKTESTER-001,OracleStrategy-000,MESM6.GLBX,GLBX-001,O-20260310-173535-001-000-3556,O-20260310-173558-001-000-3557,SELL,FLAT,0,1,1773164135597032128,2026-03-10 17:35:35.597032128+00:00,1773164158014591984,2026-03-10 17:35:58.014591984+00:00,22417559856,6888.0,6885.75,['0.00 USD'],0.00033,2.25 USD,True
BACKTESTER-001,OracleStrategy-000,MESM6.GLBX,GLBX-001,O-20260310-173558-001-000-3558,O-20260310-173615-001-000-3559,BUY,FLAT,0,1,1773164158014591984,2026-03-10 17:35:58.014591984+00:00,1773164175047586541,2026-03-10 17:36:15.047586541+00:00,17032994557,6885.75,6887.5,['0.00 USD'],0.00025,1.75 USD,True
BACKTESTER-001,OracleStrategy-000,MESM6.GLBX,GLBX-001,O-20260310-173615-001-000-3560,O-20260310-173653-001-000-3561,SELL,FLAT,0,1,1773164175047586541,2026-03-10 17:36:15.047586541+00:00,1773164213279748717,2026-03-10 17:36:53.279748717+00:00,38232162176,6887.5,6884.25,['0.00 USD'],0.00047,3.25 USD,True
BACKTESTER-001,OracleStrategy-000,MESM6.GLBX,GLBX-001,O-20260310-173653-001-000-3562,O-20260310-173700-001-000-3563,BUY,FLAT,0,1,1773164213279748717,2026-03-10 17:36:53.279748717+00:00,1773164220001591262,2026-03-10 17:37:00.001591262+00:00,6721842545,6884.25,6883.25,['0.00 USD'],-0.00015,-1.00 USD,True
BACKTESTER-001,OracleStrategy-000,MESM6.GLBX,GLBX-001,O-20260310-173702-001-000-3565,O-20260310-173707-001-000-3566,BUY,FLAT,0,1,1773164222143871963,2026-03-10 17:37:02.143871963+00:00,1773164227158331219,2026-03-10 17:37:07.158331219+00:00,5014459256,6882.0,6883.0,['0.00 USD'],0.00015,1.00 USD,True
BACKTESTER-001,OracleStrategy-000,MESM6.GLBX,GLBX-001,O-20260310-173718-001-000-3568,O-20260310-173738-001-000-3569,BUY,FLAT,0,1,1773164238817387898,2026-03-10 17:37:18.817387898+00:00,1773164258938872967,2026-03-10 17:37:38.938872967+00:00,20121485069,6881.5,6881.25,['0.00 USD'],-4e-05,-0.25 USD,True
BACKTESTER-001,OracleStrategy-000,MESM6.GLBX,GLBX-001,O-20260310-173744-001-000-3572,O-20260310-173747-001-000-3573,SELL,FLAT,0,1,1773164264435675125,2026-03-10 17:37:44.435675125+00:00,1773164267326920378,2026-03-10 17:37:47.326920378+00:00,2891245253,6881.0,6880.75,['0.00 USD'],4e-05,0.25 USD,True
BACKTESTER-001,OracleStrategy-000,MESM6.GLBX,GLBX-001,O-20260310-173747-001-000-3574,O-20260310-173751-001-000-3575,BUY,FLAT,0,1,1773164267326920378,2026-03-10 17:37:47.326920378+00:00,1773164271994264963,2026-03-10 17:37:51.994264963+00:00,4667344585,6880.75,6880.25,['0.00 USD'],-7e-05,-0.50 USD,True
BACKTESTER-001,OracleStrategy-000,MESM6.GLBX,GLBX-001,O-20260310-173800-001-000-3578,O-20260310-173821-001-000-3579,BUY,FLAT,0,1,1773164280245908163,2026-03-10 17:38:00.245908163+00:00,1773164301398947248,2026-03-10 17:38:21.398947248+00:00,21153039085,6879.5,6879.75,['0.00 USD'],4e-05,0.25 USD,True
BACKTESTER-001,OracleStrategy-000,MESM6.GLBX,GLBX-001,O-20260310-173825-001-000-3581,O-20260310-173835-001-000-3582,BUY,FLAT,0,1,1773164305025068272,2026-03-10 17:38:25.025068272+00:00,1773164315249355264,2026-03-10 17:38:35.249355264+00:00,10224286992,6878.0,6876.25,['0.00 USD'],-0.00025,-1.75 USD,True
BACKTESTER-001,OracleStrategy-000,MESM6.GLBX,GLBX-001,O-20260310-173845-001-000-3585,O-20260310-173852-001-000-3586,BUY,FLAT,0,1,1773164325022467690,2026-03-10 17:38:45.022467690+00:00,1773164332286634594,2026-03-10 17:38:52.286634594+00:00,7264166904,6877.0,6877.0,['0.00 USD'],0.0,0.00 USD,True
BACKTESTER-001,OracleStrategy-000,MESM6.GLBX,GLBX-001,O-20260310-173852-001-000-3587,O-20260310-173904-001-000-3588,SELL,FLAT,0,1,1773164332286634594,2026-03-10 17:38:52.286634594+00:00,1773164344869104749,2026-03-10 17:39:04.869104749+00:00,12582470155,6877.0,6876.25,['0.00 USD'],0.00011,0.75 USD,True
BACKTESTER-001,OracleStrategy-000,MESM6.GLBX,GLBX-001,O-20260310-173904-001-000-3589,O-20260310-173929-001-000-3590,BUY,FLAT,0,1,1773164344869104749,2026-03-10 17:39:04.869104749+00:00,1773164369853966120,2026-03-10 17:39:29.853966120+00:00,24984861371,6876.25,6879.0,['0.00 USD'],0.0004,2.75 USD,True
BACKTESTER-001,OracleStrategy-000,MESM6.GLBX,GLBX-001,O-20260310-173929-001-000-3591,O-20260310-173938-001-000-3592,SELL,FLAT,0,1,1773164369853966120,2026-03-10 17:39:29.853966120+00:00,1773164378429514274,2026-03-10 17:39:38.429514274+00:00,8575548154,6879.0,6879.25,['0.00 USD'],-4e-05,-0.25 USD,True
BACKTESTER-001,OracleStrategy-000,MESM6.GLBX,GLBX-001,O-20260310-173947-001-000-3594,O-20260310-174019-001-000-3595,SELL,FLAT,0,1,1773164387940386709,2026-03-10 17:39:47.940386709+00:00,1773164419768177800,2026-03-10 17:40:19.768177800+00:00,31827791091,6880.75,6880.75,['0.00 USD'],0.0,0.00 USD,True
BACKTESTER-001,OracleStrategy-000,MESM6.GLBX,GLBX-001,O-20260310-174026-001-000-3598,O-20260310-174124-001-000-3599,BUY,FLAT,0,1,1773164426115361115,2026-03-10 17:40:26.115361115+00:00,1773164484132964987,2026-03-10 17:41:24.132964987+00:00,58017603872,6880.25,6884.0,['0.00 USD'],0.00055,3.75 USD,True
BACKTESTER-001,OracleStrategy-000,MESM6.GLBX,GLBX-001,O-20260310-174124-001-000-3600,O-20260310-174131-001-000-3601,SELL,FLAT,0,1,1773164484132964987,2026-03-10 17:41:24.132964987+00:00,1773164491711529168,2026-03-10 17:41:31.711529168+00:00,7578564181,6884.0,6886.25,['0.00 USD'],-0.00033,-2.25 USD,True
BACKTESTER-001,OracleStrategy-000,MESM6.GLBX,GLBX-001,O-20260310-174151-001-000-3603,O-20260310-174224-001-000-3604,SELL,FLAT,0,1,1773164511271567847,2026-03-10 17:41:51.271567847+00:00,1773164544954758962,2026-03-10 17:42:24.954758962+00:00,33683191115,6885.5,6882.0,['0.00 USD'],0.00051,3.50 USD,True
BACKTESTER-001,OracleStrategy-000,MESM6.GLBX,GLBX-001,O-20260310-174224-001-000-3605,O-20260310-174242-001-000-3606,BUY,FLAT,0,1,1773164544954758962,2026-03-10 17:42:24.954758962+00:00,1773164562524141183,2026-03-10 17:42:42.524141183+00:00,17569382221,6882.0,6880.5,['0.00 USD'],-0.00022,-1.50 USD,True
BACKTESTER-001,OracleStrategy-000,MESM6.GLBX,GLBX-001,O-20260310-174329-001-000-3613,O-20260310-174404-001-000-3614,SELL,FLAT,0,1,1773164609323356619,2026-03-10 17:43:29.323356619+00:00,1773164644234818800,2026-03-10 17:44:04.234818800+00:00,34911462181,6884.0,6883.0,['0.00 USD'],0.00015,1.00 USD,True
BACKTESTER-001,OracleStrategy-000,MESM6.GLBX,GLBX-001,O-20260310-174404-001-000-3615,O-20260310-174439-001-000-3616,BUY,FLAT,0,1,1773164644234818800,2026-03-10 17:44:04.234818800+00:00,1773164679667561674,2026-03-10 17:44:39.667561674+00:00,35432742874,6883.0,6879.5,['0.00 USD'],-0.00051,-3.50 USD,True
BACKTESTER-001,OracleStrategy-000,MESM6.GLBX,GLBX-001,O-20260310-174536-001-000-3620,O-20260310-174537-001-000-3621,SELL,FLAT,0,1,1773164736079156995,2026-03-10 17:45:36.079156995+00:00,1773164737241750690,2026-03-10 17:45:37.241750690+00:00,1162593695,6882.25,6882.5,['0.00 USD'],-4e-05,-0.25 USD,True
BACKTESTER-001,OracleStrategy-000,MESM6.GLBX,GLBX-001,O-20260310-174600-001-000-3623,O-20260310-174609-001-000-3624,SELL,FLAT,0,1,1773164760558921383,2026-03-10 17:46:00.558921383+00:00,1773164769750241690,2026-03-10 17:46:09.750241690+00:00,9191320307,6882.5,6883.0,['0.00 USD'],-7e-05,-0.50 USD,True
BACKTESTER-001,OracleStrategy-000,MESM6.GLBX,GLBX-001,O-20260310-174630-001-000-3626,O-20260310-174711-001-000-3627,BUY,FLAT,0,1,1773164790215468083,2026-03-10 17:46:30.215468083+00:00,1773164831047512887,2026-03-10 17:47:11.047512887+00:00,40832044804,6881.75,6885.5,['0.00 USD'],0.00054,3.75 USD,True
BACKTESTER-001,OracleStrategy-000,MESM6.GLBX,GLBX-001,O-20260310-174711-001-000-3628,O-20260310-174732-001-000-3629,SELL,FLAT,0,1,1773164831047512887,2026-03-10 17:47:11.047512887+00:00,1773164852061608050,2026-03-10 17:47:32.061608050+00:00,21014095163,6885.5,6886.25,['0.00 USD'],-0.00011,-0.75 USD,True
BACKTESTER-001,OracleStrategy-000,MESM6.GLBX,GLBX-001,O-20260310-174736-001-000-3632,O-20260310-174743-001-000-3633,SELL,FLAT,0,1,1773164856544936779,2026-03-10 17:47:36.544936779+00:00,1773164863947846509,2026-03-10 17:47:43.947846509+00:00,7402909730,6888.5,6887.0,['0.00 USD'],0.00022,1.50 USD,True
BACKTESTER-001,OracleStrategy-000,MESM6.GLBX,GLBX-001,O-20260310-174745-001-000-3635,O-20260310-174849-001-000-3636,BUY,FLAT,0,1,1773164865486344587,2026-03-10 17:47:45.486344587+00:00,1773164929365035528,2026-03-10 17:48:49.365035528+00:00,63878690941,6888.0,6893.0,['0.00 USD'],0.00073,5.00 USD,True
BACKTESTER-001,OracleStrategy-000,MESM6.GLBX,GLBX-001,O-20260310-174849-001-000-3637,O-20260310-174919-001-000-3638,SELL,FLAT,0,1,1773164929365035528,2026-03-10 17:48:49.365035528+00:00,1773164959629317584,2026-03-10 17:49:19.629317584+00:00,30264282056,6893.0,6893.75,['0.00 USD'],-0.00011,-0.75 USD,True
BACKTESTER-001,OracleStrategy-000,MESM6.GLBX,GLBX-001,O-20260310-174921-001-000-3640,O-20260310-174941-001-000-3641,SELL,FLAT,0,1,1773164961659536826,2026-03-10 17:49:21.659536826+00:00,1773164981896334197,2026-03-10 17:49:41.896334197+00:00,20236797371,6892.5,6891.5,['0.00 USD'],0.00015,1.00 USD,True
BACKTESTER-001,OracleStrategy-000,MESM6.GLBX,GLBX-001,O-20260310-174941-001-000-3642,O-20260310-174946-001-000-3643,BUY,FLAT,0,1,1773164981896334197,2026-03-10 17:49:41.896334197+00:00,1773164986887095741,2026-03-10 17:49:46.887095741+00:00,4990761544,6891.5,6890.5,['0.00 USD'],-0.00015,-1.00 USD,True
BACKTESTER-001,OracleStrategy-000,MESM6.GLBX,GLBX-001,O-20260310-174948-001-000-3645,O-20260310-174949-001-000-3646,BUY,FLAT,0,1,1773164988280539979,2026-03-10 17:49:48.280539979+00:00,1773164989957137891,2026-03-10 17:49:49.957137891+00:00,1676597912,6890.25,6891.0,['0.00 USD'],0.00011,0.75 USD,True
BACKTESTER-001,OracleStrategy-000,MESM6.GLBX,GLBX-001,O-20260310-174949-001-000-3647,O-20260310-175056-001-000-3648,SELL,FLAT,0,1,1773164989957137891,2026-03-10 17:49:49.957137891+00:00,1773165056678091502,2026-03-10 17:50:56.678091502+00:00,66720953611,6891.0,6891.0,['0.00 USD'],0.0,0.00 USD,True
BACKTESTER-001,OracleStrategy-000,MESM6.GLBX,GLBX-001,O-20260310-175148-001-000-3652,O-20260310-175151-001-000-3653,SELL,FLAT,0,1,1773165108462325515,2026-03-10 17:51:48.462325515+00:00,1773165111222697603,2026-03-10 17:51:51.222697603+00:00,2760372088,6891.5,6891.5,['0.00 USD'],0.0,0.00 USD,True
BACKTESTER-001,OracleStrategy-000,MESM6.GLBX,GLBX-001,O-20260310-175151-001-000-3654,O-20260310-175211-001-000-3655,BUY,FLAT,0,1,1773165111222697603,2026-03-10 17:51:51.222697603+00:00,1773165131310085450,2026-03-10 17:52:11.310085450+00:00,20087387847,6891.5,6892.25,['0.00 USD'],0.00011,0.75 USD,True
BACKTESTER-001,OracleStrategy-000,MESM6.GLBX,GLBX-001,O-20260310-175211-001-000-3656,O-20260310-175240-001-000-3657,SELL,FLAT,0,1,1773165131310085450,2026-03-10 17:52:11.310085450+00:00,1773165160668412821,2026-03-10 17:52:40.668412821+00:00,29358327371,6892.25,6893.5,['0.00 USD'],-0.00018,-1.25 USD,True
BACKTESTER-001,OracleStrategy-000,MESM6.GLBX,GLBX-001,O-20260310-175309-001-000-3662,O-20260310-175330-001-000-3663,BUY,FLAT,0,1,1773165189457158135,2026-03-10 17:53:09.457158135+00:00,1773165210322120959,2026-03-10 17:53:30.322120959+00:00,20864962824,6893.0,6894.25,['0.00 USD'],0.00018,1.25 USD,True
BACKTESTER-001,OracleStrategy-000,MESM6.GLBX,GLBX-001,O-20260310-175334-001-000-3665,O-20260310-175358-001-000-3666,BUY,FLAT,0,1,1773165214117628171,2026-03-10 17:53:34.117628171+00:00,1773165238327026003,2026-03-10 17:53:58.327026003+00:00,24209397832,6894.5,6893.75,['0.00 USD'],-0.00011,-0.75 USD,True
BACKTESTER-001,OracleStrategy-000,MESM6.GLBX,GLBX-001,O-20260310-175417-001-000-3670,O-20260310-175419-001-000-3671,BUY,FLAT,0,1,1773165257589904779,2026-03-10 17:54:17.589904779+00:00,1773165259903642258,2026-03-10 17:54:19.903642258+00:00,2313737479,6892.75,6892.0,['0.00 USD'],-0.00011,-0.75 USD,True
BACKTESTER-001,OracleStrategy-000,MESM6.GLBX,GLBX-001,O-20260310-175454-001-000-3675,O-20260310-175524-001-000-3676,SELL,FLAT,0,1,1773165294206922080,2026-03-10 17:54:54.206922080+00:00,1773165324270782163,2026-03-10 17:55:24.270782163+00:00,30063860083,6892.5,6891.5,['0.00 USD'],0.00015,1.00 USD,True
BACKTESTER-001,OracleStrategy-000,MESM6.GLBX,GLBX-001,O-20260310-175524-001-000-3677,O-20260310-175603-001-000-3678,BUY,FLAT,0,1,1773165324270782163,2026-03-10 17:55:24.270782163+00:00,1773165363654018728,2026-03-10 17:56:03.654018728+00:00,39383236565,6891.5,6891.25,['0.00 USD'],-4e-05,-0.25 USD,True
BACKTESTER-001,OracleStrategy-000,MESM6.GLBX,GLBX-001,O-20260310-175625-001-000-3682,O-20260310-175653-001-000-3683,BUY,FLAT,0,1,1773165385266849674,2026-03-10 17:56:25.266849674+00:00,1773165413276132407,2026-03-10 17:56:53.276132407+00:00,28009282733,6890.0,6887.5,['0.00 USD'],-0.00036,-2.50 USD,True
BACKTESTER-001,OracleStrategy-000,MESM6.GLBX,GLBX-001,O-20260310-175732-001-000-3685,O-20260310-175750-001-000-3686,BUY,FLAT,0,1,1773165452608932346,2026-03-10 17:57:32.608932346+00:00,1773165470989629424,2026-03-10 17:57:50.989629424+00:00,18380697078,6890.5,6891.25,['0.00 USD'],0.00011,0.75 USD,True
BACKTESTER-001,OracleStrategy-000,MESM6.GLBX,GLBX-001,O-20260310-175750-001-000-3687,O-20260310-175752-001-000-3688,SELL,FLAT,0,1,1773165470989629424,2026-03-10 17:57:50.989629424+00:00,1773165472982266636,2026-03-10 17:57:52.982266636+00:00,1992637212,6891.25,6891.0,['0.00 USD'],4e-05,0.25 USD,True
BACKTESTER-001,OracleStrategy-000,MESM6.GLBX,GLBX-001,O-20260310-175823-001-000-3690,O-20260310-175904-001-000-3691,SELL,FLAT,0,1,1773165503926904608,2026-03-10 17:58:23.926904608+00:00,1773165544882889053,2026-03-10 17:59:04.882889053+00:00,40955984445,6892.75,6891.0,['0.00 USD'],0.00025,1.75 USD,True
BACKTESTER-001,OracleStrategy-000,MESM6.GLBX,GLBX-001,O-20260310-175904-001-000-3692,O-20260310-180000-001-000-3693,BUY,FLAT,0,1,1773165544882889053,2026-03-10 17:59:04.882889053+00:00,1773165600841624613,2026-03-10 18:00:00.841624613+00:00,55958735560,6891.0,6889.5,['0.00 USD'],-0.00022,-1.50 USD,True
BACKTESTER-001,OracleStrategy-000,MESM6.GLBX,GLBX-001,O-20260310-180057-001-000-3697,O-20260310-180118-001-000-3698,BUY,FLAT,0,1,1773165657917884450,2026-03-10 18:00:57.917884450+00:00,1773165678674126772,2026-03-10 18:01:18.674126772+00:00,20756242322,6888.25,6889.5,['0.00 USD'],0.00018,1.25 USD,True
BACKTESTER-001,OracleStrategy-000,MESM6.GLBX,GLBX-001,O-20260310-180118-001-000-3699,O-20260310-180146-001-000-3700,SELL,FLAT,0,1,1773165678674126772,2026-03-10 18:01:18.674126772+00:00,1773165706210779273,2026-03-10 18:01:46.210779273+00:00,27536652501,6889.5,6889.0,['0.00 USD'],7e-05,0.50 USD,True
BACKTESTER-001,OracleStrategy-000,MESM6.GLBX,GLBX-001,O-20260310-180150-001-000-3702,O-20260310-180326-001-000-3703,BUY,FLAT,0,1,1773165710530631016,2026-03-10 18:01:50.530631016+00:00,1773165806144019200,2026-03-10 18:03:26.144019200+00:00,95613388184,6888.25,6890.0,['0.00 USD'],0.00025,1.75 USD,True
BACKTESTER-001,OracleStrategy-000,MESM6.GLBX,GLBX-001,O-20260310-180326-001-000-3704,O-20260310-180329-001-000-3705,SELL,FLAT,0,1,1773165806144019200,2026-03-10 18:03:26.144019200+00:00,1773165809589921613,2026-03-10 18:03:29.589921613+00:00,3445902413,6890.0,6890.25,['0.00 USD'],-4e-05,-0.25 USD,True
BACKTESTER-001,OracleStrategy-000,MESM6.GLBX,GLBX-001,O-20260310-180430-001-000-3708,O-20260310-180546-001-000-3709,SELL,FLAT,0,1,1773165870159379352,2026-03-10 18:04:30.159379352+00:00,1773165946934607736,2026-03-10 18:05:46.934607736+00:00,76775228384,6890.0,6889.0,['0.00 USD'],0.00015,1.00 USD,True
BACKTESTER-001,OracleStrategy-000,MESM6.GLBX,GLBX-001,O-20260310-180546-001-000-3710,O-20260310-180630-001-000-3711,BUY,FLAT,0,1,1773165946934607736,2026-03-10 18:05:46.934607736+00:00,1773165990122756680,2026-03-10 18:06:30.122756680+00:00,43188148944,6889.0,6887.0,['0.00 USD'],-0.00029,-2.00 USD,True
BACKTESTER-001,OracleStrategy-000,MESM6.GLBX,GLBX-001,O-20260310-180631-001-000-3713,O-20260310-180649-001-000-3714,BUY,FLAT,0,1,1773165991315833607,2026-03-10 18:06:31.315833607+00:00,1773166009348207527,2026-03-10 18:06:49.348207527+00:00,18032373920,6887.0,6884.75,['0.00 USD'],-0.00033,-2.25 USD,True
BACKTESTER-001,OracleStrategy-000,MESM6.GLBX,GLBX-001,O-20260310-180703-001-000-3716,O-20260310-180717-001-000-3717,BUY,FLAT,0,1,1773166023118057456,2026-03-10 18:07:03.118057456+00:00,1773166037187252699,2026-03-10 18:07:17.187252699+00:00,14069195243,6886.75,6885.5,['0.00 USD'],-0.00018,-1.25 USD,True
BACKTESTER-001,OracleStrategy-000,MESM6.GLBX,GLBX-001,O-20260310-180717-001-000-3718,O-20260310-180730-001-000-3719,SELL,FLAT,0,1,1773166037187252699,2026-03-10 18:07:17.187252699+00:00,1773166050839098688,2026-03-10 18:07:30.839098688+00:00,13651845989,6885.5,6886.0,['0.00 USD'],-7e-05,-0.50 USD,True
BACKTESTER-001,OracleStrategy-000,MESM6.GLBX,GLBX-001,O-20260310-180730-001-000-3720,O-20260310-180736-001-000-3721,BUY,FLAT,0,1,1773166050839098688,2026-03-10 18:07:30.839098688+00:00,1773166056947529695,2026-03-10 18:07:36.947529695+00:00,6108431007,6886.0,6885.25,['0.00 USD'],-0.00011,-0.75 USD,True
BACKTESTER-001,OracleStrategy-000,MESM6.GLBX,GLBX-001,O-20260310-180736-001-000-3722,O-20260310-180743-001-000-3723,SELL,FLAT,0,1,1773166056947529695,2026-03-10 18:07:36.947529695+00:00,1773166063788945512,2026-03-10 18:07:43.788945512+00:00,6841415817,6885.25,6885.0,['0.00 USD'],4e-05,0.25 USD,True
BACKTESTER-001,OracleStrategy-000,MESM6.GLBX,GLBX-001,O-20260310-180743-001-000-3724,O-20260310-180807-001-000-3725,BUY,FLAT,0,1,1773166063788945512,2026-03-10 18:07:43.788945512+00:00,1773166087539465666,2026-03-10 18:08:07.539465666+00:00,23750520154,6885.0,6884.75,['0.00 USD'],-4e-05,-0.25 USD,True
BACKTESTER-001,OracleStrategy-000,MESM6.GLBX,GLBX-001,O-20260310-180817-001-000-3727,O-20260310-180821-001-000-3728,BUY,FLAT,0,1,1773166097921099214,2026-03-10 18:08:17.921099214+00:00,1773166101753715354,2026-03-10 18:08:21.753715354+00:00,3832616140,6885.25,6887.25,['0.00 USD'],0.00029,2.00 USD,True
BACKTESTER-001,OracleStrategy-000,MESM6.GLBX,GLBX-001,O-20260310-180821-001-000-3729,O-20260310-180930-001-000-3730,SELL,FLAT,0,1,1773166101753715354,2026-03-10 18:08:21.753715354+00:00,1773166170642025295,2026-03-10 18:09:30.642025295+00:00,68888309941,6887.25,6883.25,['0.00 USD'],0.00058,4.00 USD,True
BACKTESTER-001,OracleStrategy-000,MESM6.GLBX,GLBX-001,O-20260310-180930-001-000-3731,O-20260310-181027-001-000-3732,BUY,FLAT,0,1,1773166170642025295,2026-03-10 18:09:30.642025295+00:00,1773166227063452647,2026-03-10 18:10:27.063452647+00:00,56421427352,6883.25,6885.25,['0.00 USD'],0.00029,2.00 USD,True
BACKTESTER-001,OracleStrategy-000,MESM6.GLBX,GLBX-001,O-20260310-181057-001-000-3736,O-20260310-181207-001-000-3737,BUY,FLAT,0,1,1773166257298862680,2026-03-10 18:10:57.298862680+00:00,1773166327835153498,2026-03-10 18:12:07.835153498+00:00,70536290818,6882.25,6885.75,['0.00 USD'],0.00051,3.50 USD,True
BACKTESTER-001,OracleStrategy-000,MESM6.GLBX,GLBX-001,O-20260310-181207-001-000-3738,O-20260310-181217-001-000-3739,SELL,FLAT,0,1,1773166327835153498,2026-03-10 18:12:07.835153498+00:00,1773166337972289778,2026-03-10 18:12:17.972289778+00:00,10137136280,6885.75,6888.5,['0.00 USD'],-0.0004,-2.75 USD,True
BACKTESTER-001,OracleStrategy-000,MESM6.GLBX,GLBX-001,O-20260310-181417-001-000-3757,O-20260310-181421-001-000-3758,BUY,FLAT,0,1,1773166457422464371,2026-03-10 18:14:17.422464371+00:00,1773166461800210370,2026-03-10 18:14:21.800210370+00:00,4377745999,6866.0,6868.0,['0.00 USD'],0.00029,2.00 USD,True
BACKTESTER-001,OracleStrategy-000,MESM6.GLBX,GLBX-001,O-20260310-181425-001-000-3760,O-20260310-181452-001-000-3761,SELL,FLAT,0,1,1773166465175735047,2026-03-10 18:14:25.175735047+00:00,1773166492669147592,2026-03-10 18:14:52.669147592+00:00,27493412545,6869.75,6855.75,['0.00 USD'],0.00204,14.00 USD,True
BACKTESTER-001,OracleStrategy-000,MESM6.GLBX,GLBX-001,O-20260310-181452-001-000-3762,O-20260310-181458-001-000-3763,BUY,FLAT,0,1,1773166492669147592,2026-03-10 18:14:52.669147592+00:00,1773166498862654073,2026-03-10 18:14:58.862654073+00:00,6193506481,6855.75,6855.5,['0.00 USD'],-4e-05,-0.25 USD,True
BACKTESTER-001,OracleStrategy-000,MESM6.GLBX,GLBX-001,O-20260310-181500-001-000-3765,O-20260310-181517-001-000-3766,BUY,FLAT,0,1,1773166500024414218,2026-03-10 18:15:00.024414218+00:00,1773166517379374419,2026-03-10 18:15:17.379374419+00:00,17354960201,6855.0,6859.0,['0.00 USD'],0.00058,4.00 USD,True
BACKTESTER-001,OracleStrategy-000,MESM6.GLBX,GLBX-001,O-20260310-181517-001-000-3767,O-20260310-181518-001-000-3768,SELL,FLAT,0,1,1773166517379374419,2026-03-10 18:15:17.379374419+00:00,1773166518480592254,2026-03-10 18:15:18.480592254+00:00,1101217835,6859.0,6857.25,['0.00 USD'],0.00026,1.75 USD,True
BACKTESTER-001,OracleStrategy-000,MESM6.GLBX,GLBX-001,O-20260310-181523-001-000-3770,O-20260310-181527-001-000-3771,BUY,FLAT,0,1,1773166523104496090,2026-03-10 18:15:23.104496090+00:00,1773166527837660776,2026-03-10 18:15:27.837660776+00:00,4733164686,6856.75,6861.75,['0.00 USD'],0.00073,5.00 USD,True
BACKTESTER-001,OracleStrategy-000,MESM6.GLBX,GLBX-001,O-20260310-181527-001-000-3772,O-20260310-181532-001-000-3773,SELL,FLAT,0,1,1773166527837660776,2026-03-10 18:15:27.837660776+00:00,1773166532027955840,2026-03-10 18:15:32.027955840+00:00,4190295064,6861.75,6862.0,['0.00 USD'],-4e-05,-0.25 USD,True
BACKTESTER-001,OracleStrategy-000,MESM6.GLBX,GLBX-001,O-20260310-181536-001-000-3777,O-20260310-181539-001-000-3778,SELL,FLAT,0,1,1773166536528655831,2026-03-10 18:15:36.528655831+00:00,1773166539905879144,2026-03-10 18:15:39.905879144+00:00,3377223313,6862.25,6863.25,['0.00 USD'],-0.00015,-1.00 USD,True
BACKTESTER-001,OracleStrategy-000,MESM6.GLBX,GLBX-001,O-20260310-181543-001-000-3780,O-20260310-181545-001-000-3781,BUY,FLAT,0,1,1773166543874025803,2026-03-10 18:15:43.874025803+00:00,1773166545432898050,2026-03-10 18:15:45.432898050+00:00,1558872247,6862.25,6862.25,['0.00 USD'],0.0,0.00 USD,True
BACKTESTER-001,OracleStrategy-000,MESM6.GLBX,GLBX-001,O-20260310-181549-001-000-3783,O-20260310-181551-001-000-3784,BUY,FLAT,0,1,1773166549600897941,2026-03-10 18:15:49.600897941+00:00,1773166551013079778,2026-03-10 18:15:51.013079778+00:00,1412181837,6862.25,6861.75,['0.00 USD'],-7e-05,-0.50 USD,True
BACKTESTER-001,OracleStrategy-000,MESM6.GLBX,GLBX-001,O-20260310-181551-001-000-3785,O-20260310-181556-001-000-3786,SELL,FLAT,0,1,1773166551013079778,2026-03-10 18:15:51.013079778+00:00,1773166556572674378,2026-03-10 18:15:56.572674378+00:00,5559594600,6861.75,6861.5,['0.00 USD'],4e-05,0.25 USD,True
BACKTESTER-001,OracleStrategy-000,MESM6.GLBX,GLBX-001,O-20260310-181556-001-000-3787,O-20260310-181600-001-000-3788,BUY,FLAT,0,1,1773166556572674378,2026-03-10 18:15:56.572674378+00:00,1773166560052952594,2026-03-10 18:16:00.052952594+00:00,3480278216,6861.5,6860.0,['0.00 USD'],-0.00022,-1.50 USD,True
BACKTESTER-001,OracleStrategy-000,MESM6.GLBX,GLBX-001,O-20260310-181601-001-000-3790,O-20260310-181604-001-000-3791,BUY,FLAT,0,1,1773166561552730986,2026-03-10 18:16:01.552730986+00:00,1773166564290447101,2026-03-10 18:16:04.290447101+00:00,2737716115,6861.0,6863.25,['0.00 USD'],0.00033,2.25 USD,True
BACKTESTER-001,OracleStrategy-000,MESM6.GLBX,GLBX-001,O-20260310-181608-001-000-3794,O-20260310-181633-001-000-3795,SELL,FLAT,0,1,1773166568266628695,2026-03-10 18:16:08.266628695+00:00,1773166593775652701,2026-03-10 18:16:33.775652701+00:00,25509024006,6865.25,6861.5,['0.00 USD'],0.00055,3.75 USD,True
BACKTESTER-001,OracleStrategy-000,MESM6.GLBX,GLBX-001,O-20260310-181633-001-000-3796,O-20260310-181638-001-000-3797,BUY,FLAT,0,1,1773166593775652701,2026-03-10 18:16:33.775652701+00:00,1773166598216865354,2026-03-10 18:16:38.216865354+00:00,4441212653,6861.5,6859.25,['0.00 USD'],-0.00033,-2.25 USD,True
BACKTESTER-001,OracleStrategy-000,MESM6.GLBX,GLBX-001,O-20260310-181646-001-000-3801,O-20260310-181647-001-000-3802,BUY,FLAT,0,1,1773166606565826971,2026-03-10 18:16:46.565826971+00:00,1773166607873404095,2026-03-10 18:16:47.873404095+00:00,1307577124,6858.25,6854.25,['0.00 USD'],-0.00058,-4.00 USD,True
BACKTESTER-001,OracleStrategy-000,MESM6.GLBX,GLBX-001,O-20260310-181701-001-000-3806,O-20260310-181711-001-000-3807,SELL,FLAT,0,1,1773166621407698386,2026-03-10 18:17:01.407698386+00:00,1773166631605238922,2026-03-10 18:17:11.605238922+00:00,10197540536,6857.25,6850.75,['0.00 USD'],0.00095,6.50 USD,True
BACKTESTER-001,OracleStrategy-000,MESM6.GLBX,GLBX-001,O-20260310-181711-001-000-3808,O-20260310-181717-001-000-3809,BUY,FLAT,0,1,1773166631605238922,2026-03-10 18:17:11.605238922+00:00,1773166637257621061,2026-03-10 18:17:17.257621061+00:00,5652382139,6850.75,6849.25,['0.00 USD'],-0.00022,-1.50 USD,True
BACKTESTER-001,OracleStrategy-000,MESM6.GLBX,GLBX-001,O-20260310-181718-001-000-3811,O-20260310-181720-001-000-3812,BUY,FLAT,0,1,1773166638449233915,2026-03-10 18:17:18.449233915+00:00,1773166640145397817,2026-03-10 18:17:20.145397817+00:00,1696163902,6849.0,6850.5,['0.00 USD'],0.00022,1.50 USD,True
BACKTESTER-001,OracleStrategy-000,MESM6.GLBX,GLBX-001,O-20260310-181720-001-000-3813,O-20260310-181721-001-000-3814,SELL,FLAT,0,1,1773166640145397817,2026-03-10 18:17:20.145397817+00:00,1773166641152450871,2026-03-10 18:17:21.152450871+00:00,1007053054,6850.5,6853.0,['0.00 USD'],-0.00036,-2.50 USD,True
BACKTESTER-001,OracleStrategy-000,MESM6.GLBX,GLBX-001,O-20260310-181722-001-000-3816,O-20260310-181726-001-000-3817,SELL,FLAT,0,1,1773166642540407291,2026-03-10 18:17:22.540407291+00:00,1773166646336501784,2026-03-10 18:17:26.336501784+00:00,3796094493,6852.75,6852.0,['0.00 USD'],0.00011,0.75 USD,True
BACKTESTER-001,OracleStrategy-000,MESM6.GLBX,GLBX-001,O-20260310-181726-001-000-3818,O-20260310-181729-001-000-3819,BUY,FLAT,0,1,1773166646336501784,2026-03-10 18:17:26.336501784+00:00,1773166649670292971,2026-03-10 18:17:29.670292971+00:00,3333791187,6852.0,6852.75,['0.00 USD'],0.00011,0.75 USD,True
BACKTESTER-001,OracleStrategy-000,MESM6.GLBX,GLBX-001,O-20260310-181730-001-000-3821,O-20260310-181736-001-000-3822,BUY,FLAT,0,1,1773166650933816835,2026-03-10 18:17:30.933816835+00:00,1773166656854735157,2026-03-10 18:17:36.854735157+00:00,5920918322,6852.25,6853.25,['0.00 USD'],0.00015,1.00 USD,True
BACKTESTER-001,OracleStrategy-000,MESM6.GLBX,GLBX-001,O-20260310-181736-001-000-3823,O-20260310-181744-001-000-3824,SELL,FLAT,0,1,1773166656854735157,2026-03-10 18:17:36.854735157+00:00,1773166664428862982,2026-03-10 18:17:44.428862982+00:00,7574127825,6853.25,6852.25,['0.00 USD'],0.00015,1.00 USD,True
BACKTESTER-001,OracleStrategy-000,MESM6.GLBX,GLBX-001,O-20260310-181744-001-000-3825,O-20260310-181755-001-000-3826,BUY,FLAT,0,1,1773166664428862982,2026-03-10 18:17:44.428862982+00:00,1773166675801714175,2026-03-10 18:17:55.801714175+00:00,11372851193,6852.25,6852.5,['0.00 USD'],4e-05,0.25 USD,True
BACKTESTER-001,OracleStrategy-000,MESM6.GLBX,GLBX-001,O-20260310-181759-001-000-3828,O-20260310-181801-001-000-3829,BUY,FLAT,0,1,1773166679332786816,2026-03-10 18:17:59.332786816+00:00,1773166681482547130,2026-03-10 18:18:01.482547130+00:00,2149760314,6851.75,6852.0,['0.00 USD'],4e-05,0.25 USD,True
BACKTESTER-001,OracleStrategy-000,MESM6.GLBX,GLBX-001,O-20260310-181801-001-000-3830,O-20260310-181802-001-000-3831,SELL,FLAT,0,1,1773166681482547130,2026-03-10 18:18:01.482547130+00:00,1773166682489476552,2026-03-10 18:18:02.489476552+00:00,1006929422,6852.0,6853.25,['0.00 USD'],-0.00018,-1.25 USD,True
BACKTESTER-001,OracleStrategy-000,MESM6.GLBX,GLBX-001,O-20260310-181803-001-000-3833,O-20260310-181811-001-000-3834,SELL,FLAT,0,1,1773166683706210131,2026-03-10 18:18:03.706210131+00:00,1773166691715558434,2026-03-10 18:18:11.715558434+00:00,8009348303,6854.5,6855.75,['0.00 USD'],-0.00018,-1.25 USD,True
BACKTESTER-001,OracleStrategy-000,MESM6.GLBX,GLBX-001,O-20260310-181816-001-000-3836,O-20260310-181820-001-000-3837,SELL,FLAT,0,1,1773166696108469072,2026-03-10 18:18:16.108469072+00:00,1773166700572264943,2026-03-10 18:18:20.572264943+00:00,4463795871,6855.25,6858.25,['0.00 USD'],-0.00044,-3.00 USD,True
BACKTESTER-001,OracleStrategy-000,MESM6.GLBX,GLBX-001,O-20260310-181821-001-000-3839,O-20260310-181858-001-000-3840,SELL,FLAT,0,1,1773166701783546220,2026-03-10 18:18:21.783546220+00:00,1773166738818959928,2026-03-10 18:18:58.818959928+00:00,37035413708,6857.25,6850.0,['0.00 USD'],0.00106,7.25 USD,True
BACKTESTER-001,OracleStrategy-000,MESM6.GLBX,GLBX-001,O-20260310-181858-001-000-3841,O-20260310-181900-001-000-3842,BUY,FLAT,0,1,1773166738818959928,2026-03-10 18:18:58.818959928+00:00,1773166740376195227,2026-03-10 18:19:00.376195227+00:00,1557235299,6850.0,6850.25,['0.00 USD'],4e-05,0.25 USD,True
BACKTESTER-001,OracleStrategy-000,MESM6.GLBX,GLBX-001,O-20260310-181908-001-000-3846,O-20260310-181909-001-000-3847,BUY,FLAT,0,1,1773166748405411604,2026-03-10 18:19:08.405411604+00:00,1773166749791057123,2026-03-10 18:19:09.791057123+00:00,1385645519,6848.5,6849.0,['0.00 USD'],7e-05,0.50 USD,True
BACKTESTER-001,OracleStrategy-000,MESM6.GLBX,GLBX-001,O-20260310-181909-001-000-3848,O-20260310-181911-001-000-3849,SELL,FLAT,0,1,1773166749791057123,2026-03-10 18:19:09.791057123+00:00,1773166751051741957,2026-03-10 18:19:11.051741957+00:00,1260684834,6849.0,6850.25,['0.00 USD'],-0.00018,-1.25 USD,True
BACKTESTER-001,OracleStrategy-000,MESM6.GLBX,GLBX-001,O-20260310-181915-001-000-3851,O-20260310-181932-001-000-3852,BUY,FLAT,0,1,1773166755904823213,2026-03-10 18:19:15.904823213+00:00,1773166772035080986,2026-03-10 18:19:32.035080986+00:00,16130257773,6848.5,6848.0,['0.00 USD'],-7e-05,-0.50 USD,True
BACKTESTER-001,OracleStrategy-000,MESM6.GLBX,GLBX-001,O-20260310-181934-001-000-3855,O-20260310-181936-001-000-3856,BUY,FLAT,0,1,1773166774925152264,2026-03-10 18:19:34.925152264+00:00,1773166776470024527,2026-03-10 18:19:36.470024527+00:00,1544872263,6848.5,6848.75,['0.00 USD'],4e-05,0.25 USD,True
BACKTESTER-001,OracleStrategy-000,MESM6.GLBX,GLBX-001,O-20260310-181936-001-000-3857,O-20260310-181938-001-000-3858,SELL,FLAT,0,1,1773166776470024527,2026-03-10 18:19:36.470024527+00:00,1773166778654015661,2026-03-10 18:19:38.654015661+00:00,2183991134,6848.75,6849.5,['0.00 USD'],-0.00011,-0.75 USD,True
BACKTESTER-001,OracleStrategy-000,MESM6.GLBX,GLBX-001,O-20260310-181943-001-000-3860,O-20260310-181955-001-000-3861,SELL,FLAT,0,1,1773166783287263054,2026-03-10 18:19:43.287263054+00:00,1773166795205911453,2026-03-10 18:19:55.205911453+00:00,11918648399,6851.5,6850.5,['0.00 USD'],0.00015,1.00 USD,True
BACKTESTER-001,OracleStrategy-000,MESM6.GLBX,GLBX-001,O-20260310-182001-001-000-3866,O-20260310-182004-001-000-3867,BUY,FLAT,0,1,1773166801550757424,2026-03-10 18:20:01.550757424+00:00,1773166804598182034,2026-03-10 18:20:04.598182034+00:00,3047424610,6849.25,6848.75,['0.00 USD'],-7e-05,-0.50 USD,True
BACKTESTER-001,OracleStrategy-000,MESM6.GLBX,GLBX-001,O-20260310-182006-001-000-3869,O-20260310-182008-001-000-3870,SELL,FLAT,0,1,1773166806684911343,2026-03-10 18:20:06.684911343+00:00,1773166808261923379,2026-03-10 18:20:08.261923379+00:00,1577012036,6849.25,6849.75,['0.00 USD'],-7e-05,-0.50 USD,True
BACKTESTER-001,OracleStrategy-000,MESM6.GLBX,GLBX-001,O-20260310-182012-001-000-3873,O-20260310-182026-001-000-3874,BUY,FLAT,0,1,1773166812080003190,2026-03-10 18:20:12.080003190+00:00,1773166826465488306,2026-03-10 18:20:26.465488306+00:00,14385485116,6848.25,6847.0,['0.00 USD'],-0.00018,-1.25 USD,True
BACKTESTER-001,OracleStrategy-000,MESM6.GLBX,GLBX-001,O-20260310-182035-001-000-3876,O-20260310-182047-001-000-3877,SELL,FLAT,0,1,1773166835662783384,2026-03-10 18:20:35.662783384+00:00,1773166847950122538,2026-03-10 18:20:47.950122538+00:00,12287339154,6849.0,6850.25,['0.00 USD'],-0.00018,-1.25 USD,True
BACKTESTER-001,OracleStrategy-000,MESM6.GLBX,GLBX-001,O-20260310-182050-001-000-3879,O-20260310-182114-001-000-3880,SELL,FLAT,0,1,1773166850077970229,2026-03-10 18:20:50.077970229+00:00,1773166874510007392,2026-03-10 18:21:14.510007392+00:00,24432037163,6850.0,6849.25,['0.00 USD'],0.00011,0.75 USD,True
BACKTESTER-001,OracleStrategy-000,MESM6.GLBX,GLBX-001,O-20260310-182114-001-000-3881,O-20260310-182115-001-000-3882,BUY,FLAT,0,1,1773166874510007392,2026-03-10 18:21:14.510007392+00:00,1773166875637305011,2026-03-10 18:21:15.637305011+00:00,1127297619,6849.25,6848.25,['0.00 USD'],-0.00015,-1.00 USD,True
BACKTESTER-001,OracleStrategy-000,MESM6.GLBX,GLBX-001,O-20260310-182125-001-000-3886,O-20260310-182135-001-000-3887,SELL,FLAT,0,1,1773166885133365726,2026-03-10 18:21:25.133365726+00:00,1773166895516664386,2026-03-10 18:21:35.516664386+00:00,10383298660,6849.5,6850.25,['0.00 USD'],-0.00011,-0.75 USD,True
BACKTESTER-001,OracleStrategy-000,MESM6.GLBX,GLBX-001,O-20260310-182140-001-000-3889,O-20260310-182146-001-000-3890,SELL,FLAT,0,1,1773166900576383290,2026-03-10 18:21:40.576383290+00:00,1773166906931819941,2026-03-10 18:21:46.931819941+00:00,6355436651,6851.0,6845.0,['0.00 USD'],0.00088,6.00 USD,True
BACKTESTER-001,OracleStrategy-000,MESM6.GLBX,GLBX-001,O-20260310-182146-001-000-3891,O-20260310-182148-001-000-3892,BUY,FLAT,0,1,1773166906931819941,2026-03-10 18:21:46.931819941+00:00,1773166908928283800,2026-03-10 18:21:48.928283800+00:00,1996463859,6845.0,6844.75,['0.00 USD'],-4e-05,-0.25 USD,True
BACKTESTER-001,OracleStrategy-000,MESM6.GLBX,GLBX-001,O-20260310-182153-001-000-3895,O-20260310-182202-001-000-3896,BUY,FLAT,0,1,1773166913889999655,2026-03-10 18:21:53.889999655+00:00,1773166922885282167,2026-03-10 18:22:02.885282167+00:00,8995282512,6844.75,6843.75,['0.00 USD'],-0.00015,-1.00 USD,True
BACKTESTER-001,OracleStrategy-000,MESM6.GLBX,GLBX-001,O-20260310-182204-001-000-3898,O-20260310-182205-001-000-3899,BUY,FLAT,0,1,1773166924200496739,2026-03-10 18:22:04.200496739+00:00,1773166925416856688,2026-03-10 18:22:05.416856688+00:00,1216359949,6844.5,6843.25,['0.00 USD'],-0.00018,-1.25 USD,True
BACKTESTER-001,OracleStrategy-000,MESM6.GLBX,GLBX-001,O-20260310-182236-001-000-3907,O-20260310-182251-001-000-3908,BUY,FLAT,0,1,1773166956921398138,2026-03-10 18:22:36.921398138+00:00,1773166971747095544,2026-03-10 18:22:51.747095544+00:00,14825697406,6846.25,6848.75,['0.00 USD'],0.00037,2.50 USD,True
BACKTESTER-001,OracleStrategy-000,MESM6.GLBX,GLBX-001,O-20260310-182251-001-000-3909,O-20260310-182257-001-000-3910,SELL,FLAT,0,1,1773166971747095544,2026-03-10 18:22:51.747095544+00:00,1773166977930823138,2026-03-10 18:22:57.930823138+00:00,6183727594,6848.75,6850.0,['0.00 USD'],-0.00018,-1.25 USD,True
BACKTESTER-001,OracleStrategy-000,MESM6.GLBX,GLBX-001,O-20260310-182258-001-000-3912,O-20260310-182303-001-000-3913,SELL,FLAT,0,1,1773166978954658859,2026-03-10 18:22:58.954658859+00:00,1773166983217098592,2026-03-10 18:23:03.217098592+00:00,4262439733,6850.25,6848.25,['0.00 USD'],0.00029,2.00 USD,True
BACKTESTER-001,OracleStrategy-000,MESM6.GLBX,GLBX-001,O-20260310-182303-001-000-3914,O-20260310-182310-001-000-3915,BUY,FLAT,0,1,1773166983217098592,2026-03-10 18:23:03.217098592+00:00,1773166990143264459,2026-03-10 18:23:10.143264459+00:00,6926165867,6848.25,6852.25,['0.00 USD'],0.00058,4.00 USD,True
BACKTESTER-001,OracleStrategy-000,MESM6.GLBX,GLBX-001,O-20260310-182310-001-000-3916,O-20260310-182320-001-000-3917,SELL,FLAT,0,1,1773166990143264459,2026-03-10 18:23:10.143264459+00:00,1773167000885279397,2026-03-10 18:23:20.885279397+00:00,10742014938,6852.25,6851.75,['0.00 USD'],7e-05,0.50 USD,True
BACKTESTER-001,OracleStrategy-000,MESM6.GLBX,GLBX-001,O-20260310-182323-001-000-3919,O-20260310-182411-001-000-3920,BUY,FLAT,0,1,1773167003398907253,2026-03-10 18:23:23.398907253+00:00,1773167051968402870,2026-03-10 18:24:11.968402870+00:00,48569495617,6850.0,6855.75,['0.00 USD'],0.00084,5.75 USD,True
BACKTESTER-001,OracleStrategy-000,MESM6.GLBX,GLBX-001,O-20260310-182411-001-000-3921,O-20260310-182415-001-000-3922,SELL,FLAT,0,1,1773167051968402870,2026-03-10 18:24:11.968402870+00:00,1773167055102591227,2026-03-10 18:24:15.102591227+00:00,3134188357,6855.75,6854.75,['0.00 USD'],0.00015,1.00 USD,True
BACKTESTER-001,OracleStrategy-000,MESM6.GLBX,GLBX-001,O-20260310-182447-001-000-3925,O-20260310-182450-001-000-3926,SELL,FLAT,0,1,1773167087733034687,2026-03-10 18:24:47.733034687+00:00,1773167090112132269,2026-03-10 18:24:50.112132269+00:00,2379097582,6858.75,6858.25,['0.00 USD'],7e-05,0.50 USD,True
BACKTESTER-001,OracleStrategy-000,MESM6.GLBX,GLBX-001,O-20260310-182452-001-000-3928,O-20260310-182456-001-000-3929,BUY,FLAT,0,1,1773167092394893064,2026-03-10 18:24:52.394893064+00:00,1773167096081764287,2026-03-10 18:24:56.081764287+00:00,3686871223,6856.75,6854.0,['0.00 USD'],-0.0004,-2.75 USD,True
BACKTESTER-001,OracleStrategy-000,MESM6.GLBX,GLBX-001,O-20260310-182521-001-000-3932,O-20260310-182528-001-000-3933,BUY,FLAT,0,1,1773167121416348378,2026-03-10 18:25:21.416348378+00:00,1773167128013260661,2026-03-10 18:25:28.013260661+00:00,6596912283,6857.0,6857.0,['0.00 USD'],0.0,0.00 USD,True
BACKTESTER-001,OracleStrategy-000,MESM6.GLBX,GLBX-001,O-20260310-182528-001-000-3934,O-20260310-182535-001-000-3935,SELL,FLAT,0,1,1773167128013260661,2026-03-10 18:25:28.013260661+00:00,1773167135341459637,2026-03-10 18:25:35.341459637+00:00,7328198976,6857.0,6856.75,['0.00 USD'],4e-05,0.25 USD,True
BACKTESTER-001,OracleStrategy-000,MESM6.GLBX,GLBX-001,O-20260310-182617-001-000-3945,O-20260310-182700-001-000-3946,BUY,FLAT,0,1,1773167177523875567,2026-03-10 18:26:17.523875567+00:00,1773167220146827208,2026-03-10 18:27:00.146827208+00:00,42622951641,6859.5,6866.0,['0.00 USD'],0.00095,6.50 USD,True
BACKTESTER-001,OracleStrategy-000,MESM6.GLBX,GLBX-001,O-20260310-182700-001-000-3947,O-20260310-182707-001-000-3948,SELL,FLAT,0,1,1773167220146827208,2026-03-10 18:27:00.146827208+00:00,1773167227565221805,2026-03-10 18:27:07.565221805+00:00,7418394597,6866.0,6863.0,['0.00 USD'],0.00044,3.00 USD,True
BACKTESTER-001,OracleStrategy-000,MESM6.GLBX,GLBX-001,O-20260310-182713-001-000-3951,O-20260310-182715-001-000-3952,BUY,FLAT,0,1,1773167233852200051,2026-03-10 18:27:13.852200051+00:00,1773167235798015349,2026-03-10 18:27:15.798015349+00:00,1945815298,6864.75,6865.0,['0.00 USD'],4e-05,0.25 USD,True
BACKTESTER-001,OracleStrategy-000,MESM6.GLBX,GLBX-001,O-20260310-182715-001-000-3953,O-20260310-182741-001-000-3954,SELL,FLAT,0,1,1773167235798015349,2026-03-10 18:27:15.798015349+00:00,1773167261880472493,2026-03-10 18:27:41.880472493+00:00,26082457144,6865.0,6867.0,['0.00 USD'],-0.00029,-2.00 USD,True
BACKTESTER-001,OracleStrategy-000,MESM6.GLBX,GLBX-001,O-20260310-182744-001-000-3956,O-20260310-182801-001-000-3957,SELL,FLAT,0,1,1773167264262958636,2026-03-10 18:27:44.262958636+00:00,1773167281636026616,2026-03-10 18:28:01.636026616+00:00,17373067980,6867.25,6863.75,['0.00 USD'],0.00051,3.50 USD,True
BACKTESTER-001,OracleStrategy-000,MESM6.GLBX,GLBX-001,O-20260310-182801-001-000-3958,O-20260310-182841-001-000-3959,BUY,FLAT,0,1,1773167281636026616,2026-03-10 18:28:01.636026616+00:00,1773167321062279719,2026-03-10 18:28:41.062279719+00:00,39426253103,6863.75,6867.5,['0.00 USD'],0.00055,3.75 USD,True
BACKTESTER-001,OracleStrategy-000,MESM6.GLBX,GLBX-001,O-20260310-182947-001-000-3967,O-20260310-183015-001-000-3968,BUY,FLAT,0,1,1773167387729169603,2026-03-10 18:29:47.729169603+00:00,1773167415153901323,2026-03-10 18:30:15.153901323+00:00,27424731720,6861.5,6864.75,['0.00 USD'],0.00047,3.25 USD,True
BACKTESTER-001,OracleStrategy-000,MESM6.GLBX,GLBX-001,O-20260310-183030-001-000-3970,O-20260310-183102-001-000-3971,BUY,FLAT,0,1,1773167430854355507,2026-03-10 18:30:30.854355507+00:00,1773167462370840430,2026-03-10 18:31:02.370840430+00:00,31516484923,6860.25,6865.0,['0.00 USD'],0.00069,4.75 USD,True
BACKTESTER-001,OracleStrategy-000,MESM6.GLBX,GLBX-001,O-20260310-183102-001-000-3972,O-20260310-183115-001-000-3973,SELL,FLAT,0,1,1773167462370840430,2026-03-10 18:31:02.370840430+00:00,1773167475380879831,2026-03-10 18:31:15.380879831+00:00,13010039401,6865.0,6867.0,['0.00 USD'],-0.00029,-2.00 USD,True
BACKTESTER-001,OracleStrategy-000,MESM6.GLBX,GLBX-001,O-20260310-183138-001-000-3979,O-20260310-183150-001-000-3980,SELL,FLAT,0,1,1773167498459518683,2026-03-10 18:31:38.459518683+00:00,1773167510830415192,2026-03-10 18:31:50.830415192+00:00,12370896509,6868.75,6871.25,['0.00 USD'],-0.00036,-2.50 USD,True
BACKTESTER-001,OracleStrategy-000,MESM6.GLBX,GLBX-001,O-20260310-183156-001-000-3982,O-20260310-183232-001-000-3983,BUY,FLAT,0,1,1773167516937139312,2026-03-10 18:31:56.937139312+00:00,1773167552139304875,2026-03-10 18:32:32.139304875+00:00,35202165563,6870.25,6868.25,['0.00 USD'],-0.00029,-2.00 USD,True
BACKTESTER-001,OracleStrategy-000,MESM6.GLBX,GLBX-001,O-20260310-183251-001-000-3986,O-20260310-183309-001-000-3987,SELL,FLAT,0,1,1773167571229007125,2026-03-10 18:32:51.229007125+00:00,1773167589390066029,2026-03-10 18:33:09.390066029+00:00,18161058904,6871.25,6870.0,['0.00 USD'],0.00018,1.25 USD,True
BACKTESTER-001,OracleStrategy-000,MESM6.GLBX,GLBX-001,O-20260310-183316-001-000-3989,O-20260310-183318-001-000-3990,BUY,FLAT,0,1,1773167596141331287,2026-03-10 18:33:16.141331287+00:00,1773167598173160563,2026-03-10 18:33:18.173160563+00:00,2031829276,6869.75,6871.25,['0.00 USD'],0.00022,1.50 USD,True
BACKTESTER-001,OracleStrategy-000,MESM6.GLBX,GLBX-001,O-20260310-183337-001-000-3994,O-20260310-183349-001-000-3995,BUY,FLAT,0,1,1773167617407382472,2026-03-10 18:33:37.407382472+00:00,1773167629278831685,2026-03-10 18:33:49.278831685+00:00,11871449213,6869.75,6865.75,['0.00 USD'],-0.00058,-4.00 USD,True
BACKTESTER-001,OracleStrategy-000,MESM6.GLBX,GLBX-001,O-20260310-183400-001-000-3999,O-20260310-183433-001-000-4000,BUY,FLAT,0,1,1773167640367255706,2026-03-10 18:34:00.367255706+00:00,1773167673067281678,2026-03-10 18:34:33.067281678+00:00,32700025972,6866.5,6865.0,['0.00 USD'],-0.00022,-1.50 USD,True
BACKTESTER-001,OracleStrategy-000,MESM6.GLBX,GLBX-001,O-20260310-183433-001-000-4001,O-20260310-183438-001-000-4002,SELL,FLAT,0,1,1773167673067281678,2026-03-10 18:34:33.067281678+00:00,1773167678440147743,2026-03-10 18:34:38.440147743+00:00,5372866065,6865.0,6866.25,['0.00 USD'],-0.00018,-1.25 USD,True
BACKTESTER-001,OracleStrategy-000,MESM6.GLBX,GLBX-001,O-20260310-183443-001-000-4004,O-20260310-183524-001-000-4005,SELL,FLAT,0,1,1773167683531403005,2026-03-10 18:34:43.531403005+00:00,1773167724142812519,2026-03-10 18:35:24.142812519+00:00,40611409514,6867.0,6859.75,['0.00 USD'],0.00106,7.25 USD,True
BACKTESTER-001,OracleStrategy-000,MESM6.GLBX,GLBX-001,O-20260310-183524-001-000-4006,O-20260310-183530-001-000-4007,BUY,FLAT,0,1,1773167724142812519,2026-03-10 18:35:24.142812519+00:00,1773167730296395226,2026-03-10 18:35:30.296395226+00:00,6153582707,6859.75,6857.75,['0.00 USD'],-0.00029,-2.00 USD,True
BACKTESTER-001,OracleStrategy-000,MESM6.GLBX,GLBX-001,O-20260310-183537-001-000-4009,O-20260310-183552-001-000-4010,BUY,FLAT,0,1,1773167737488380291,2026-03-10 18:35:37.488380291+00:00,1773167752755384495,2026-03-10 18:35:52.755384495+00:00,15267004204,6857.0,6856.5,['0.00 USD'],-7e-05,-0.50 USD,True
BACKTESTER-001,OracleStrategy-000,MESM6.GLBX,GLBX-001,O-20260310-183555-001-000-4012,O-20260310-183600-001-000-4013,SELL,FLAT,0,1,1773167755203591386,2026-03-10 18:35:55.203591386+00:00,1773167760614617995,2026-03-10 18:36:00.614617995+00:00,5411026609,6856.75,6856.0,['0.00 USD'],0.00011,0.75 USD,True
BACKTESTER-001,OracleStrategy-000,MESM6.GLBX,GLBX-001,O-20260310-183600-001-000-4014,O-20260310-183638-001-000-4015,BUY,FLAT,0,1,1773167760614617995,2026-03-10 18:36:00.614617995+00:00,1773167798149075866,2026-03-10 18:36:38.149075866+00:00,37534457871,6856.0,6863.5,['0.00 USD'],0.00109,7.50 USD,True
BACKTESTER-001,OracleStrategy-000,MESM6.GLBX,GLBX-001,O-20260310-183638-001-000-4016,O-20260310-183647-001-000-4017,SELL,FLAT,0,1,1773167798149075866,2026-03-10 18:36:38.149075866+00:00,1773167807685352466,2026-03-10 18:36:47.685352466+00:00,9536276600,6863.5,6864.0,['0.00 USD'],-7e-05,-0.50 USD,True
BACKTESTER-001,OracleStrategy-000,MESM6.GLBX,GLBX-001,O-20260310-183656-001-000-4019,O-20260310-183712-001-000-4020,SELL,FLAT,0,1,1773167816720859291,2026-03-10 18:36:56.720859291+00:00,1773167832494244219,2026-03-10 18:37:12.494244219+00:00,15773384928,6864.0,6860.75,['0.00 USD'],0.00047,3.25 USD,True
BACKTESTER-001,OracleStrategy-000,MESM6.GLBX,GLBX-001,O-20260310-183712-001-000-4021,O-20260310-183747-001-000-4022,BUY,FLAT,0,1,1773167832494244219,2026-03-10 18:37:12.494244219+00:00,1773167867206764167,2026-03-10 18:37:47.206764167+00:00,34712519948,6860.75,6865.0,['0.00 USD'],0.00062,4.25 USD,True
BACKTESTER-001,OracleStrategy-000,MESM6.GLBX,GLBX-001,O-20260310-183747-001-000-4023,O-20260310-183823-001-000-4024,SELL,FLAT,0,1,1773167867206764167,2026-03-10 18:37:47.206764167+00:00,1773167903513317992,2026-03-10 18:38:23.513317992+00:00,36306553825,6865.0,6869.0,['0.00 USD'],-0.00058,-4.00 USD,True
BACKTESTER-001,OracleStrategy-000,MESM6.GLBX,GLBX-001,O-20260310-183847-001-000-4029,O-20260310-183903-001-000-4030,BUY,FLAT,0,1,1773167927253959266,2026-03-10 18:38:47.253959266+00:00,1773167943008451131,2026-03-10 18:39:03.008451131+00:00,15754491865,6863.5,6864.5,['0.00 USD'],0.00015,1.00 USD,True
BACKTESTER-001,OracleStrategy-000,MESM6.GLBX,GLBX-001,O-20260310-184004-001-000-4037,O-20260310-184045-001-000-4038,BUY,FLAT,0,1,1773168004827361978,2026-03-10 18:40:04.827361978+00:00,1773168045352101941,2026-03-10 18:40:45.352101941+00:00,40524739963,6857.75,6857.5,['0.00 USD'],-4e-05,-0.25 USD,True
BACKTESTER-001,OracleStrategy-000,MESM6.GLBX,GLBX-001,O-20260310-184047-001-000-4040,O-20260310-184100-001-000-4041,SELL,FLAT,0,1,1773168047830684743,2026-03-10 18:40:47.830684743+00:00,1773168060477146083,2026-03-10 18:41:00.477146083+00:00,12646461340,6858.75,6855.0,['0.00 USD'],0.00055,3.75 USD,True
BACKTESTER-001,OracleStrategy-000,MESM6.GLBX,GLBX-001,O-20260310-184100-001-000-4042,O-20260310-184208-001-000-4043,BUY,FLAT,0,1,1773168060477146083,2026-03-10 18:41:00.477146083+00:00,1773168128691051695,2026-03-10 18:42:08.691051695+00:00,68213905612,6855.0,6859.0,['0.00 USD'],0.00058,4.00 USD,True
BACKTESTER-001,OracleStrategy-000,MESM6.GLBX,GLBX-001,O-20260310-184208-001-000-4044,O-20260310-184231-001-000-4045,SELL,FLAT,0,1,1773168128691051695,2026-03-10 18:42:08.691051695+00:00,1773168151408151545,2026-03-10 18:42:31.408151545+00:00,22717099850,6859.0,6856.5,['0.00 USD'],0.00036,2.50 USD,True
BACKTESTER-001,OracleStrategy-000,MESM6.GLBX,GLBX-001,O-20260310-184246-001-000-4047,O-20260310-184424-001-000-4048,SELL,FLAT,0,1,1773168166230733895,2026-03-10 18:42:46.230733895+00:00,1773168264307218131,2026-03-10 18:44:24.307218131+00:00,98076484236,6861.0,6857.25,['0.00 USD'],0.00055,3.75 USD,True
BACKTESTER-001,OracleStrategy-000,MESM6.GLBX,GLBX-001,O-20260310-184440-001-000-4050,O-20260310-184501-001-000-4051,BUY,FLAT,0,1,1773168280726799119,2026-03-10 18:44:40.726799119+00:00,1773168301176202363,2026-03-10 18:45:01.176202363+00:00,20449403244,6856.75,6855.0,['0.00 USD'],-0.00026,-1.75 USD,True
BACKTESTER-001,OracleStrategy-000,MESM6.GLBX,GLBX-001,O-20260310-184506-001-000-4053,O-20260310-184522-001-000-4054,BUY,FLAT,0,1,1773168306955347570,2026-03-10 18:45:06.955347570+00:00,1773168322681265194,2026-03-10 18:45:22.681265194+00:00,15725917624,6856.0,6857.5,['0.00 USD'],0.00022,1.50 USD,True
BACKTESTER-001,OracleStrategy-000,MESM6.GLBX,GLBX-001,O-20260310-184522-001-000-4055,O-20260310-184600-001-000-4056,SELL,FLAT,0,1,1773168322681265194,2026-03-10 18:45:22.681265194+00:00,1773168360030517730,2026-03-10 18:46:00.030517730+00:00,37349252536,6857.5,6854.75,['0.00 USD'],0.0004,2.75 USD,True
BACKTESTER-001,OracleStrategy-000,MESM6.GLBX,GLBX-001,O-20260310-184600-001-000-4057,O-20260310-184622-001-000-4058,BUY,FLAT,0,1,1773168360030517730,2026-03-10 18:46:00.030517730+00:00,1773168382034611747,2026-03-10 18:46:22.034611747+00:00,22004094017,6854.75,6857.0,['0.00 USD'],0.00033,2.25 USD,True
BACKTESTER-001,OracleStrategy-000,MESM6.GLBX,GLBX-001,O-20260310-184716-001-000-4063,O-20260310-184812-001-000-4064,SELL,FLAT,0,1,1773168436504221549,2026-03-10 18:47:16.504221549+00:00,1773168492052749962,2026-03-10 18:48:12.052749962+00:00,55548528413,6862.0,6858.0,['0.00 USD'],0.00058,4.00 USD,True
BACKTESTER-001,OracleStrategy-000,MESM6.GLBX,GLBX-001,O-20260310-184812-001-000-4065,O-20260310-184821-001-000-4066,BUY,FLAT,0,1,1773168492052749962,2026-03-10 18:48:12.052749962+00:00,1773168501943869672,2026-03-10 18:48:21.943869672+00:00,9891119710,6858.0,6858.5,['0.00 USD'],7e-05,0.50 USD,True
BACKTESTER-001,OracleStrategy-000,MESM6.GLBX,GLBX-001,O-20260310-184829-001-000-4069,O-20260310-184940-001-000-4070,SELL,FLAT,0,1,1773168509790920175,2026-03-10 18:48:29.790920175+00:00,1773168580080826731,2026-03-10 18:49:40.080826731+00:00,70289906556,6860.5,6859.0,['0.00 USD'],0.00022,1.50 USD,True
BACKTESTER-001,OracleStrategy-000,MESM6.GLBX,GLBX-001,O-20260310-184940-001-000-4071,O-20260310-184947-001-000-4072,BUY,FLAT,0,1,1773168580080826731,2026-03-10 18:49:40.080826731+00:00,1773168587925309400,2026-03-10 18:49:47.925309400+00:00,7844482669,6859.0,6857.25,['0.00 USD'],-0.00026,-1.75 USD,True
BACKTESTER-001,OracleStrategy-000,MESM6.GLBX,GLBX-001,O-20260310-185107-001-000-4078,O-20260310-185141-001-000-4079,SELL,FLAT,0,1,1773168667878899427,2026-03-10 18:51:07.878899427+00:00,1773168701487255911,2026-03-10 18:51:41.487255911+00:00,33608356484,6865.25,6864.75,['0.00 USD'],7e-05,0.50 USD,True
BACKTESTER-001,OracleStrategy-000,MESM6.GLBX,GLBX-001,O-20260310-185141-001-000-4080,O-20260310-185143-001-000-4081,BUY,FLAT,0,1,1773168701487255911,2026-03-10 18:51:41.487255911+00:00,1773168703451814986,2026-03-10 18:51:43.451814986+00:00,1964559075,6864.75,6864.0,['0.00 USD'],-0.00011,-0.75 USD,True
BACKTESTER-001,OracleStrategy-000,MESM6.GLBX,GLBX-001,O-20260310-185327-001-000-4086,O-20260310-185332-001-000-4087,BUY,FLAT,0,1,1773168807091767808,2026-03-10 18:53:27.091767808+00:00,1773168812636888589,2026-03-10 18:53:32.636888589+00:00,5545120781,6855.0,6855.25,['0.00 USD'],4e-05,0.25 USD,True
BACKTESTER-001,OracleStrategy-000,MESM6.GLBX,GLBX-001,O-20260310-185336-001-000-4090,O-20260310-185403-001-000-4091,BUY,FLAT,0,1,1773168816720264215,2026-03-10 18:53:36.720264215+00:00,1773168843097547287,2026-03-10 18:54:03.097547287+00:00,26377283072,6855.5,6855.25,['0.00 USD'],-4e-05,-0.25 USD,True
BACKTESTER-001,OracleStrategy-000,MESM6.GLBX,GLBX-001,O-20260310-185406-001-000-4093,O-20260310-185416-001-000-4094,BUY,FLAT,0,1,1773168846722685197,2026-03-10 18:54:06.722685197+00:00,1773168856068347245,2026-03-10 18:54:16.068347245+00:00,9345662048,6853.75,6857.75,['0.00 USD'],0.00058,4.00 USD,True
BACKTESTER-001,OracleStrategy-000,MESM6.GLBX,GLBX-001,O-20260310-185426-001-000-4097,O-20260310-185446-001-000-4098,SELL,FLAT,0,1,1773168866640009407,2026-03-10 18:54:26.640009407+00:00,1773168886187042226,2026-03-10 18:54:46.187042226+00:00,19547032819,6859.25,6858.25,['0.00 USD'],0.00015,1.00 USD,True
BACKTESTER-001,OracleStrategy-000,MESM6.GLBX,GLBX-001,O-20260310-185528-001-000-4100,O-20260310-185532-001-000-4101,SELL,FLAT,0,1,1773168928123939749,2026-03-10 18:55:28.123939749+00:00,1773168932522224019,2026-03-10 18:55:32.522224019+00:00,4398284270,6858.75,6859.0,['0.00 USD'],-4e-05,-0.25 USD,True
BACKTESTER-001,OracleStrategy-000,MESM6.GLBX,GLBX-001,O-20260310-185534-001-000-4103,O-20260310-185543-001-000-4104,SELL,FLAT,0,1,1773168934054761677,2026-03-10 18:55:34.054761677+00:00,1773168943897346208,2026-03-10 18:55:43.897346208+00:00,9842584531,6860.0,6855.75,['0.00 USD'],0.00062,4.25 USD,True
BACKTESTER-001,OracleStrategy-000,MESM6.GLBX,GLBX-001,O-20260310-185543-001-000-4105,O-20260310-185552-001-000-4106,BUY,FLAT,0,1,1773168943897346208,2026-03-10 18:55:43.897346208+00:00,1773168952535591359,2026-03-10 18:55:52.535591359+00:00,8638245151,6855.75,6856.5,['0.00 USD'],0.00011,0.75 USD,True
BACKTESTER-001,OracleStrategy-000,MESM6.GLBX,GLBX-001,O-20260310-185557-001-000-4109,O-20260310-185606-001-000-4110,BUY,FLAT,0,1,1773168957564908657,2026-03-10 18:55:57.564908657+00:00,1773168966386864391,2026-03-10 18:56:06.386864391+00:00,8821955734,6853.25,6853.25,['0.00 USD'],0.0,0.00 USD,True
BACKTESTER-001,OracleStrategy-000,MESM6.GLBX,GLBX-001,O-20260310-185608-001-000-4112,O-20260310-185617-001-000-4113,SELL,FLAT,0,1,1773168968236812827,2026-03-10 18:56:08.236812827+00:00,1773168977546988421,2026-03-10 18:56:17.546988421+00:00,9310175594,6853.75,6856.25,['0.00 USD'],-0.00036,-2.50 USD,True
BACKTESTER-001,OracleStrategy-000,MESM6.GLBX,GLBX-001,O-20260310-185629-001-000-4115,O-20260310-185723-001-000-4116,SELL,FLAT,0,1,1773168989164580997,2026-03-10 18:56:29.164580997+00:00,1773169043631902797,2026-03-10 18:57:23.631902797+00:00,54467321800,6856.75,6854.25,['0.00 USD'],0.00036,2.50 USD,True
BACKTESTER-001,OracleStrategy-000,MESM6.GLBX,GLBX-001,O-20260310-185723-001-000-4117,O-20260310-185742-001-000-4118,BUY,FLAT,0,1,1773169043631902797,2026-03-10 18:57:23.631902797+00:00,1773169062929503807,2026-03-10 18:57:42.929503807+00:00,19297601010,6854.25,6853.5,['0.00 USD'],-0.00011,-0.75 USD,True
BACKTESTER-001,OracleStrategy-000,MESM6.GLBX,GLBX-001,O-20260310-185755-001-000-4120,O-20260310-185809-001-000-4121,SELL,FLAT,0,1,1773169075274508797,2026-03-10 18:57:55.274508797+00:00,1773169089977021378,2026-03-10 18:58:09.977021378+00:00,14702512581,6855.5,6854.5,['0.00 USD'],0.00015,1.00 USD,True
BACKTESTER-001,OracleStrategy-000,MESM6.GLBX,GLBX-001,O-20260310-185841-001-000-4125,O-20260310-185845-001-000-4126,BUY,FLAT,0,1,1773169121580413993,2026-03-10 18:58:41.580413993+00:00,1773169125398138096,2026-03-10 18:58:45.398138096+00:00,3817724103,6853.75,6854.0,['0.00 USD'],4e-05,0.25 USD,True
BACKTESTER-001,OracleStrategy-000,MESM6.GLBX,GLBX-001,O-20260310-185859-001-000-4128,O-20260310-185913-001-000-4129,BUY,FLAT,0,1,1773169139186451506,2026-03-10 18:58:59.186451506+00:00,1773169153654029630,2026-03-10 18:59:13.654029630+00:00,14467578124,6854.0,6854.25,['0.00 USD'],4e-05,0.25 USD,True
BACKTESTER-001,OracleStrategy-000,MESM6.GLBX,GLBX-001,O-20260310-185927-001-000-4131,O-20260310-185949-001-000-4132,SELL,FLAT,0,1,1773169167648861538,2026-03-10 18:59:27.648861538+00:00,1773169189580302231,2026-03-10 18:59:49.580302231+00:00,21931440693,6854.0,6853.5,['0.00 USD'],7e-05,0.50 USD,True
BACKTESTER-001,OracleStrategy-000,MESM6.GLBX,GLBX-001,O-20260310-185949-001-000-4133,O-20260310-190012-001-000-4134,BUY,FLAT,0,1,1773169189580302231,2026-03-10 18:59:49.580302231+00:00,1773169212487189648,2026-03-10 19:00:12.487189648+00:00,22906887417,6853.5,6855.75,['0.00 USD'],0.00033,2.25 USD,True
BACKTESTER-001,OracleStrategy-000,MESM6.GLBX,GLBX-001,O-20260310-190012-001-000-4135,O-20260310-190017-001-000-4136,SELL,FLAT,0,1,1773169212487189648,2026-03-10 19:00:12.487189648+00:00,1773169217911072059,2026-03-10 19:00:17.911072059+00:00,5423882411,6855.75,6855.75,['0.00 USD'],0.0,0.00 USD,True
BACKTESTER-001,OracleStrategy-000,MESM6.GLBX,GLBX-001,O-20260310-190045-001-000-4140,O-20260310-190127-001-000-4141,BUY,FLAT,0,1,1773169245934650955,2026-03-10 19:00:45.934650955+00:00,1773169287419437876,2026-03-10 19:01:27.419437876+00:00,41484786921,6853.75,6854.75,['0.00 USD'],0.00015,1.00 USD,True
BACKTESTER-001,OracleStrategy-000,MESM6.GLBX,GLBX-001,O-20260310-190127-001-000-4142,O-20260310-190153-001-000-4143,SELL,FLAT,0,1,1773169287419437876,2026-03-10 19:01:27.419437876+00:00,1773169313224074939,2026-03-10 19:01:53.224074939+00:00,25804637063,6854.75,6853.5,['0.00 USD'],0.00018,1.25 USD,True
BACKTESTER-001,OracleStrategy-000,MESM6.GLBX,GLBX-001,O-20260310-190153-001-000-4144,O-20260310-190205-001-000-4145,BUY,FLAT,0,1,1773169313224074939,2026-03-10 19:01:53.224074939+00:00,1773169325043506474,2026-03-10 19:02:05.043506474+00:00,11819431535,6853.5,6854.0,['0.00 USD'],7e-05,0.50 USD,True
BACKTESTER-001,OracleStrategy-000,MESM6.GLBX,GLBX-001,O-20260310-190232-001-000-4147,O-20260310-190311-001-000-4148,SELL,FLAT,0,1,1773169352337528272,2026-03-10 19:02:32.337528272+00:00,1773169391884260984,2026-03-10 19:03:11.884260984+00:00,39546732712,6854.5,6852.5,['0.00 USD'],0.00029,2.00 USD,True
BACKTESTER-001,OracleStrategy-000,MESM6.GLBX,GLBX-001,O-20260310-190311-001-000-4149,O-20260310-190401-001-000-4150,BUY,FLAT,0,1,1773169391884260984,2026-03-10 19:03:11.884260984+00:00,1773169441462942246,2026-03-10 19:04:01.462942246+00:00,49578681262,6852.5,6857.25,['0.00 USD'],0.00069,4.75 USD,True
BACKTESTER-001,OracleStrategy-000,MESM6.GLBX,GLBX-001,O-20260310-190401-001-000-4151,O-20260310-190508-001-000-4152,SELL,FLAT,0,1,1773169441462942246,2026-03-10 19:04:01.462942246+00:00,1773169508057219661,2026-03-10 19:05:08.057219661+00:00,66594277415,6857.25,6854.25,['0.00 USD'],0.00044,3.00 USD,True
BACKTESTER-001,OracleStrategy-000,MESM6.GLBX,GLBX-001,O-20260310-190619-001-000-4156,O-20260310-190714-001-000-4157,SELL,FLAT,0,1,1773169579748399823,2026-03-10 19:06:19.748399823+00:00,1773169634832188832,2026-03-10 19:07:14.832188832+00:00,55083789009,6853.75,6851.5,['0.00 USD'],0.00033,2.25 USD,True
BACKTESTER-001,OracleStrategy-000,MESM6.GLBX,GLBX-001,O-20260310-190714-001-000-4158,O-20260310-190722-001-000-4159,BUY,FLAT,0,1,1773169634832188832,2026-03-10 19:07:14.832188832+00:00,1773169642970699539,2026-03-10 19:07:22.970699539+00:00,8138510707,6851.5,6851.5,['0.00 USD'],0.0,0.00 USD,True
BACKTESTER-001,OracleStrategy-000,MESM6.GLBX,GLBX-001,O-20260310-190727-001-000-4161,O-20260310-190737-001-000-4162,BUY,FLAT,0,1,1773169647877544327,2026-03-10 19:07:27.877544327+00:00,1773169657799081192,2026-03-10 19:07:37.799081192+00:00,9921536865,6850.25,6853.75,['0.00 USD'],0.00051,3.50 USD,True
BACKTESTER-001,OracleStrategy-000,MESM6.GLBX,GLBX-001,O-20260310-190737-001-000-4163,O-20260310-190746-001-000-4164,SELL,FLAT,0,1,1773169657799081192,2026-03-10 19:07:37.799081192+00:00,1773169666482955101,2026-03-10 19:07:46.482955101+00:00,8683873909,6853.75,6852.75,['0.00 USD'],0.00015,1.00 USD,True
BACKTESTER-001,OracleStrategy-000,MESM6.GLBX,GLBX-001,O-20260310-190817-001-000-4169,O-20260310-190821-001-000-4170,SELL,FLAT,0,1,1773169697282584002,2026-03-10 19:08:17.282584002+00:00,1773169701763412292,2026-03-10 19:08:21.763412292+00:00,4480828290,6856.0,6857.0,['0.00 USD'],-0.00015,-1.00 USD,True
BACKTESTER-001,OracleStrategy-000,MESM6.GLBX,GLBX-001,O-20260310-190842-001-000-4172,O-20260310-190928-001-000-4173,SELL,FLAT,0,1,1773169722248610225,2026-03-10 19:08:42.248610225+00:00,1773169768084812672,2026-03-10 19:09:28.084812672+00:00,45836202447,6857.5,6857.25,['0.00 USD'],4e-05,0.25 USD,True
BACKTESTER-001,OracleStrategy-000,MESM6.GLBX,GLBX-001,O-20260310-190932-001-000-4175,O-20260310-190935-001-000-4176,SELL,FLAT,0,1,1773169772044025597,2026-03-10 19:09:32.044025597+00:00,1773169775106521005,2026-03-10 19:09:35.106521005+00:00,3062495408,6856.75,6857.75,['0.00 USD'],-0.00015,-1.00 USD,True
BACKTESTER-001,OracleStrategy-000,MESM6.GLBX,GLBX-001,O-20260310-190942-001-000-4178,O-20260310-191008-001-000-4179,SELL,FLAT,0,1,1773169782272451962,2026-03-10 19:09:42.272451962+00:00,1773169808345012594,2026-03-10 19:10:08.345012594+00:00,26072560632,6857.0,6854.5,['0.00 USD'],0.00036,2.50 USD,True
BACKTESTER-001,OracleStrategy-000,MESM6.GLBX,GLBX-001,O-20260310-191103-001-000-4182,O-20260310-191113-001-000-4183,BUY,FLAT,0,1,1773169863774913131,2026-03-10 19:11:03.774913131+00:00,1773169873990254118,2026-03-10 19:11:13.990254118+00:00,10215340987,6855.25,6853.5,['0.00 USD'],-0.00026,-1.75 USD,True
BACKTESTER-001,OracleStrategy-000,MESM6.GLBX,GLBX-001,O-20260310-191113-001-000-4184,O-20260310-191115-001-000-4185,SELL,FLAT,0,1,1773169873990254118,2026-03-10 19:11:13.990254118+00:00,1773169875062371862,2026-03-10 19:11:15.062371862+00:00,1072117744,6853.5,6852.75,['0.00 USD'],0.00011,0.75 USD,True
BACKTESTER-001,OracleStrategy-000,MESM6.GLBX,GLBX-001,O-20260310-191115-001-000-4186,O-20260310-191149-001-000-4187,BUY,FLAT,0,1,1773169875062371862,2026-03-10 19:11:15.062371862+00:00,1773169909042360672,2026-03-10 19:11:49.042360672+00:00,33979988810,6852.75,6850.75,['0.00 USD'],-0.00029,-2.00 USD,True
BACKTESTER-001,OracleStrategy-000,MESM6.GLBX,GLBX-001,O-20260310-191152-001-000-4189,O-20260310-191420-001-000-4190,BUY,FLAT,0,1,1773169912279617447,2026-03-10 19:11:52.279617447+00:00,1773170060982347123,2026-03-10 19:14:20.982347123+00:00,148702729676,6850.5,6855.5,['0.00 USD'],0.00073,5.00 USD,True
BACKTESTER-001,OracleStrategy-000,MESM6.GLBX,GLBX-001,O-20260310-191420-001-000-4191,O-20260310-191456-001-000-4192,SELL,FLAT,0,1,1773170060982347123,2026-03-10 19:14:20.982347123+00:00,1773170096306372793,2026-03-10 19:14:56.306372793+00:00,35324025670,6855.5,6858.5,['0.00 USD'],-0.00044,-3.00 USD,True
BACKTESTER-001,OracleStrategy-000,MESM6.GLBX,GLBX-001,O-20260310-191543-001-000-4197,O-20260310-191615-001-000-4198,BUY,FLAT,0,1,1773170143392616714,2026-03-10 19:15:43.392616714+00:00,1773170175957526957,2026-03-10 19:16:15.957526957+00:00,32564910243,6858.5,6859.5,['0.00 USD'],0.00015,1.00 USD,True
BACKTESTER-001,OracleStrategy-000,MESM6.GLBX,GLBX-001,O-20260310-191633-001-000-4200,O-20260310-191654-001-000-4201,BUY,FLAT,0,1,1773170193227931367,2026-03-10 19:16:33.227931367+00:00,1773170214708547507,2026-03-10 19:16:54.708547507+00:00,21480616140,6858.5,6858.0,['0.00 USD'],-7e-05,-0.50 USD,True
BACKTESTER-001,OracleStrategy-000,MESM6.GLBX,GLBX-001,O-20260310-191659-001-000-4203,O-20260310-191751-001-000-4204,BUY,FLAT,0,1,1773170219757317928,2026-03-10 19:16:59.757317928+00:00,1773170271767391461,2026-03-10 19:17:51.767391461+00:00,52010073533,6859.0,6861.0,['0.00 USD'],0.00029,2.00 USD,True
BACKTESTER-001,OracleStrategy-000,MESM6.GLBX,GLBX-001,O-20260310-191751-001-000-4205,O-20260310-191858-001-000-4206,SELL,FLAT,0,1,1773170271767391461,2026-03-10 19:17:51.767391461+00:00,1773170338189223711,2026-03-10 19:18:58.189223711+00:00,66421832250,6861.0,6862.5,['0.00 USD'],-0.00022,-1.50 USD,True
BACKTESTER-001,OracleStrategy-000,MESM6.GLBX,GLBX-001,O-20260310-191904-001-000-4209,O-20260310-191950-001-000-4210,SELL,FLAT,0,1,1773170344991057667,2026-03-10 19:19:04.991057667+00:00,1773170390820148117,2026-03-10 19:19:50.820148117+00:00,45829090450,6863.75,6862.0,['0.00 USD'],0.00025,1.75 USD,True
BACKTESTER-001,OracleStrategy-000,MESM6.GLBX,GLBX-001,O-20260310-191950-001-000-4211,O-20260310-192029-001-000-4212,BUY,FLAT,0,1,1773170390820148117,2026-03-10 19:19:50.820148117+00:00,1773170429386855303,2026-03-10 19:20:29.386855303+00:00,38566707186,6862.0,6861.75,['0.00 USD'],-4e-05,-0.25 USD,True
BACKTESTER-001,OracleStrategy-000,MESM6.GLBX,GLBX-001,O-20260310-192130-001-000-4219,O-20260310-192137-001-000-4220,BUY,FLAT,0,1,1773170490748193485,2026-03-10 19:21:30.748193485+00:00,1773170497274063383,2026-03-10 19:21:37.274063383+00:00,6525869898,6850.0,6848.75,['0.00 USD'],-0.00018,-1.25 USD,True
BACKTESTER-001,OracleStrategy-000,MESM6.GLBX,GLBX-001,O-20260310-192140-001-000-4222,O-20260310-192248-001-000-4223,BUY,FLAT,0,1,1773170500182935194,2026-03-10 19:21:40.182935194+00:00,1773170568585960048,2026-03-10 19:22:48.585960048+00:00,68403024854,6847.75,6853.5,['0.00 USD'],0.00084,5.75 USD,True
BACKTESTER-001,OracleStrategy-000,MESM6.GLBX,GLBX-001,O-20260310-192248-001-000-4224,O-20260310-192251-001-000-4225,SELL,FLAT,0,1,1773170568585960048,2026-03-10 19:22:48.585960048+00:00,1773170571312966511,2026-03-10 19:22:51.312966511+00:00,2727006463,6853.5,6853.75,['0.00 USD'],-4e-05,-0.25 USD,True
BACKTESTER-001,OracleStrategy-000,MESM6.GLBX,GLBX-001,O-20260310-192321-001-000-4230,O-20260310-192328-001-000-4231,SELL,FLAT,0,1,1773170601912588648,2026-03-10 19:23:21.912588648+00:00,1773170608813731640,2026-03-10 19:23:28.813731640+00:00,6901142992,6855.25,6858.5,['0.00 USD'],-0.00047,-3.25 USD,True
BACKTESTER-001,OracleStrategy-000,MESM6.GLBX,GLBX-001,O-20260310-192331-001-000-4233,O-20260310-192343-001-000-4234,SELL,FLAT,0,1,1773170611942280904,2026-03-10 19:23:31.942280904+00:00,1773170623861816218,2026-03-10 19:23:43.861816218+00:00,11919535314,6857.25,6857.5,['0.00 USD'],-4e-05,-0.25 USD,True
BACKTESTER-001,OracleStrategy-000,MESM6.GLBX,GLBX-001,O-20260310-192343-001-000-4235,O-20260310-192349-001-000-4236,BUY,FLAT,0,1,1773170623861816218,2026-03-10 19:23:43.861816218+00:00,1773170629808085788,2026-03-10 19:23:49.808085788+00:00,5946269570,6857.5,6856.75,['0.00 USD'],-0.00011,-0.75 USD,True
BACKTESTER-001,OracleStrategy-000,MESM6.GLBX,GLBX-001,O-20260310-192352-001-000-4238,O-20260310-192355-001-000-4239,SELL,FLAT,0,1,1773170632687701827,2026-03-10 19:23:52.687701827+00:00,1773170635841656925,2026-03-10 19:23:55.841656925+00:00,3153955098,6856.75,6855.75,['0.00 USD'],0.00015,1.00 USD,True
BACKTESTER-001,OracleStrategy-000,MESM6.GLBX,GLBX-001,O-20260310-192355-001-000-4240,O-20260310-192441-001-000-4241,BUY,FLAT,0,1,1773170635841656925,2026-03-10 19:23:55.841656925+00:00,1773170681642877657,2026-03-10 19:24:41.642877657+00:00,45801220732,6855.75,6855.0,['0.00 USD'],-0.00011,-0.75 USD,True
BACKTESTER-001,OracleStrategy-000,MESM6.GLBX,GLBX-001,O-20260310-192444-001-000-4243,O-20260310-192515-001-000-4244,SELL,FLAT,0,1,1773170684931210218,2026-03-10 19:24:44.931210218+00:00,1773170715866791000,2026-03-10 19:25:15.866791+00:00,30935580782,6854.75,6853.5,['0.00 USD'],0.00018,1.25 USD,True
BACKTESTER-001,OracleStrategy-000,MESM6.GLBX,GLBX-001,O-20260310-192515-001-000-4245,O-20260310-192521-001-000-4246,BUY,FLAT,0,1,1773170715866791000,2026-03-10 19:25:15.866791+00:00,1773170721890704490,2026-03-10 19:25:21.890704490+00:00,6023913490,6853.5,6850.25,['0.00 USD'],-0.00047,-3.25 USD,True
BACKTESTER-001,OracleStrategy-000,MESM6.GLBX,GLBX-001,O-20260310-192600-001-000-4250,O-20260310-192607-001-000-4251,SELL,FLAT,0,1,1773170760355318616,2026-03-10 19:26:00.355318616+00:00,1773170767088710456,2026-03-10 19:26:07.088710456+00:00,6733391840,6850.0,6848.0,['0.00 USD'],0.00029,2.00 USD,True
BACKTESTER-001,OracleStrategy-000,MESM6.GLBX,GLBX-001,O-20260310-192607-001-000-4252,O-20260310-192609-001-000-4253,BUY,FLAT,0,1,1773170767088710456,2026-03-10 19:26:07.088710456+00:00,1773170769893937058,2026-03-10 19:26:09.893937058+00:00,2805226602,6848.0,6847.0,['0.00 USD'],-0.00015,-1.00 USD,True
BACKTESTER-001,OracleStrategy-000,MESM6.GLBX,GLBX-001,O-20260310-192611-001-000-4255,O-20260310-192625-001-000-4256,BUY,FLAT,0,1,1773170771753560501,2026-03-10 19:26:11.753560501+00:00,1773170785691866079,2026-03-10 19:26:25.691866079+00:00,13938305578,6845.0,6845.0,['0.00 USD'],0.0,0.00 USD,True
BACKTESTER-001,OracleStrategy-000,MESM6.GLBX,GLBX-001,O-20260310-192649-001-000-4260,O-20260310-192708-001-000-4261,BUY,FLAT,0,1,1773170809313656602,2026-03-10 19:26:49.313656602+00:00,1773170828486033944,2026-03-10 19:27:08.486033944+00:00,19172377342,6844.25,6842.5,['0.00 USD'],-0.00026,-1.75 USD,True
BACKTESTER-001,OracleStrategy-000,MESM6.GLBX,GLBX-001,O-20260310-192718-001-000-4264,O-20260310-192739-001-000-4265,SELL,FLAT,0,1,1773170838905748384,2026-03-10 19:27:18.905748384+00:00,1773170859675284472,2026-03-10 19:27:39.675284472+00:00,20769536088,6845.5,6847.75,['0.00 USD'],-0.00033,-2.25 USD,True
BACKTESTER-001,OracleStrategy-000,MESM6.GLBX,GLBX-001,O-20260310-192754-001-000-4267,O-20260310-192802-001-000-4268,SELL,FLAT,0,1,1773170874920147195,2026-03-10 19:27:54.920147195+00:00,1773170882960207984,2026-03-10 19:28:02.960207984+00:00,8040060789,6848.25,6846.5,['0.00 USD'],0.00026,1.75 USD,True
BACKTESTER-001,OracleStrategy-000,MESM6.GLBX,GLBX-001,O-20260310-192802-001-000-4269,O-20260310-192855-001-000-4270,BUY,FLAT,0,1,1773170882960207984,2026-03-10 19:28:02.960207984+00:00,1773170935311677807,2026-03-10 19:28:55.311677807+00:00,52351469823,6846.5,6845.75,['0.00 USD'],-0.00011,-0.75 USD,True
BACKTESTER-001,OracleStrategy-000,MESM6.GLBX,GLBX-001,O-20260310-192948-001-000-4278,O-20260310-192951-001-000-4279,BUY,FLAT,0,1,1773170988527942580,2026-03-10 19:29:48.527942580+00:00,1773170991463239229,2026-03-10 19:29:51.463239229+00:00,2935296649,6842.75,6843.0,['0.00 USD'],4e-05,0.25 USD,True
BACKTESTER-001,OracleStrategy-000,MESM6.GLBX,GLBX-001,O-20260310-192953-001-000-4281,O-20260310-192954-001-000-4282,BUY,FLAT,0,1,1773170993151196573,2026-03-10 19:29:53.151196573+00:00,1773170994660955845,2026-03-10 19:29:54.660955845+00:00,1509759272,6843.0,6842.25,['0.00 USD'],-0.00011,-0.75 USD,True
BACKTESTER-001,OracleStrategy-000,MESM6.GLBX,GLBX-001,O-20260310-193010-001-000-4288,O-20260310-193014-001-000-4289,BUY,FLAT,0,1,1773171010700729147,2026-03-10 19:30:10.700729147+00:00,1773171014674860365,2026-03-10 19:30:14.674860365+00:00,3974131218,6839.0,6839.5,['0.00 USD'],7e-05,0.50 USD,True
BACKTESTER-001,OracleStrategy-000,MESM6.GLBX,GLBX-001,O-20260310-193019-001-000-4291,O-20260310-193021-001-000-4292,BUY,FLAT,0,1,1773171019191407984,2026-03-10 19:30:19.191407984+00:00,1773171021422584675,2026-03-10 19:30:21.422584675+00:00,2231176691,6839.25,6840.0,['0.00 USD'],0.00011,0.75 USD,True
BACKTESTER-001,OracleStrategy-000,MESM6.GLBX,GLBX-001,O-20260310-193021-001-000-4293,O-20260310-193024-001-000-4294,SELL,FLAT,0,1,1773171021422584675,2026-03-10 19:30:21.422584675+00:00,1773171024784311927,2026-03-10 19:30:24.784311927+00:00,3361727252,6840.0,6841.25,['0.00 USD'],-0.00018,-1.25 USD,True
BACKTESTER-001,OracleStrategy-000,MESM6.GLBX,GLBX-001,O-20260310-193050-001-000-4298,O-20260310-193117-001-000-4299,BUY,FLAT,0,1,1773171050900475136,2026-03-10 19:30:50.900475136+00:00,1773171077274075859,2026-03-10 19:31:17.274075859+00:00,26373600723,6840.5,6839.75,['0.00 USD'],-0.00011,-0.75 USD,True
BACKTESTER-001,OracleStrategy-000,MESM6.GLBX,GLBX-001,O-20260310-193117-001-000-4300,O-20260310-193118-001-000-4301,SELL,FLAT,0,1,1773171077274075859,2026-03-10 19:31:17.274075859+00:00,1773171078916739959,2026-03-10 19:31:18.916739959+00:00,1642664100,6839.75,6840.75,['0.00 USD'],-0.00015,-1.00 USD,True
BACKTESTER-001,OracleStrategy-000,MESM6.GLBX,GLBX-001,O-20260310-193156-001-000-4304,O-20260310-193158-001-000-4305,SELL,FLAT,0,1,1773171116936293435,2026-03-10 19:31:56.936293435+00:00,1773171118457865246,2026-03-10 19:31:58.457865246+00:00,1521571811,6840.25,6840.0,['0.00 USD'],4e-05,0.25 USD,True
BACKTESTER-001,OracleStrategy-000,MESM6.GLBX,GLBX-001,O-20260310-193158-001-000-4306,O-20260310-193228-001-000-4307,BUY,FLAT,0,1,1773171118457865246,2026-03-10 19:31:58.457865246+00:00,1773171148977996109,2026-03-10 19:32:28.977996109+00:00,30520130863,6840.0,6838.25,['0.00 USD'],-0.00026,-1.75 USD,True
BACKTESTER-001,OracleStrategy-000,MESM6.GLBX,GLBX-001,O-20260310-193237-001-000-4309,O-20260310-193239-001-000-4310,BUY,FLAT,0,1,1773171157241158779,2026-03-10 19:32:37.241158779+00:00,1773171159237477511,2026-03-10 19:32:39.237477511+00:00,1996318732,6837.5,6839.5,['0.00 USD'],0.00029,2.00 USD,True
BACKTESTER-001,OracleStrategy-000,MESM6.GLBX,GLBX-001,O-20260310-193239-001-000-4311,O-20260310-193241-001-000-4312,SELL,FLAT,0,1,1773171159237477511,2026-03-10 19:32:39.237477511+00:00,1773171161700864664,2026-03-10 19:32:41.700864664+00:00,2463387153,6839.5,6839.75,['0.00 USD'],-4e-05,-0.25 USD,True
BACKTESTER-001,OracleStrategy-000,MESM6.GLBX,GLBX-001,O-20260310-193339-001-000-4314,O-20260310-193424-001-000-4315,SELL,FLAT,0,1,1773171219328812336,2026-03-10 19:33:39.328812336+00:00,1773171264631144504,2026-03-10 19:34:24.631144504+00:00,45302332168,6841.75,6837.5,['0.00 USD'],0.00062,4.25 USD,True
BACKTESTER-001,OracleStrategy-000,MESM6.GLBX,GLBX-001,O-20260310-193424-001-000-4316,O-20260310-193436-001-000-4317,BUY,FLAT,0,1,1773171264631144504,2026-03-10 19:34:24.631144504+00:00,1773171276934030210,2026-03-10 19:34:36.934030210+00:00,12302885706,6837.5,6838.25,['0.00 USD'],0.00011,0.75 USD,True
BACKTESTER-001,OracleStrategy-000,MESM6.GLBX,GLBX-001,O-20260310-193440-001-000-4319,O-20260310-193447-001-000-4320,SELL,FLAT,0,1,1773171280655935631,2026-03-10 19:34:40.655935631+00:00,1773171287019594247,2026-03-10 19:34:47.019594247+00:00,6363658616,6840.0,6839.75,['0.00 USD'],4e-05,0.25 USD,True
BACKTESTER-001,OracleStrategy-000,MESM6.GLBX,GLBX-001,O-20260310-193448-001-000-4322,O-20260310-193515-001-000-4323,SELL,FLAT,0,1,1773171288223319339,2026-03-10 19:34:48.223319339+00:00,1773171315013041304,2026-03-10 19:35:15.013041304+00:00,26789721965,6839.25,6838.5,['0.00 USD'],0.00011,0.75 USD,True
BACKTESTER-001,OracleStrategy-000,MESM6.GLBX,GLBX-001,O-20260310-193515-001-000-4324,O-20260310-193541-001-000-4325,BUY,FLAT,0,1,1773171315013041304,2026-03-10 19:35:15.013041304+00:00,1773171341969243983,2026-03-10 19:35:41.969243983+00:00,26956202679,6838.5,6838.0,['0.00 USD'],-7e-05,-0.50 USD,True
BACKTESTER-001,OracleStrategy-000,MESM6.GLBX,GLBX-001,O-20260310-193604-001-000-4328,O-20260310-193609-001-000-4329,BUY,FLAT,0,1,1773171364049405221,2026-03-10 19:36:04.049405221+00:00,1773171369015598282,2026-03-10 19:36:09.015598282+00:00,4966193061,6835.75,6834.0,['0.00 USD'],-0.00026,-1.75 USD,True
BACKTESTER-001,OracleStrategy-000,MESM6.GLBX,GLBX-001,O-20260310-193728-001-000-4337,O-20260310-193752-001-000-4338,SELL,FLAT,0,1,1773171448554126223,2026-03-10 19:37:28.554126223+00:00,1773171472650210789,2026-03-10 19:37:52.650210789+00:00,24096084566,6840.75,6839.25,['0.00 USD'],0.00022,1.50 USD,True
BACKTESTER-001,OracleStrategy-000,MESM6.GLBX,GLBX-001,O-20260310-193825-001-000-4342,O-20260310-193840-001-000-4343,BUY,FLAT,0,1,1773171505303396430,2026-03-10 19:38:25.303396430+00:00,1773171520752927773,2026-03-10 19:38:40.752927773+00:00,15449531343,6838.5,6840.0,['0.00 USD'],0.00022,1.50 USD,True
BACKTESTER-001,OracleStrategy-000,MESM6.GLBX,GLBX-001,O-20260310-193840-001-000-4344,O-20260310-193847-001-000-4345,SELL,FLAT,0,1,1773171520752927773,2026-03-10 19:38:40.752927773+00:00,1773171527198502708,2026-03-10 19:38:47.198502708+00:00,6445574935,6840.0,6840.0,['0.00 USD'],0.0,0.00 USD,True
BACKTESTER-001,OracleStrategy-000,MESM6.GLBX,GLBX-001,O-20260310-193952-001-000-4353,O-20260310-193953-001-000-4354,SELL,FLAT,0,1,1773171592758792634,2026-03-10 19:39:52.758792634+00:00,1773171593868430581,2026-03-10 19:39:53.868430581+00:00,1109637947,6843.75,6843.25,['0.00 USD'],7e-05,0.50 USD,True
BACKTESTER-001,OracleStrategy-000,MESM6.GLBX,GLBX-001,O-20260310-194007-001-000-4356,O-20260310-194032-001-000-4357,SELL,FLAT,0,1,1773171607649191289,2026-03-10 19:40:07.649191289+00:00,1773171632233930085,2026-03-10 19:40:32.233930085+00:00,24584738796,6844.75,6844.75,['0.00 USD'],0.0,0.00 USD,True
BACKTESTER-001,OracleStrategy-000,MESM6.GLBX,GLBX-001,O-20260310-194043-001-000-4363,O-20260310-194051-001-000-4364,SELL,FLAT,0,1,1773171643214160008,2026-03-10 19:40:43.214160008+00:00,1773171651862218223,2026-03-10 19:40:51.862218223+00:00,8648058215,6846.5,6847.75,['0.00 USD'],-0.00018,-1.25 USD,True
BACKTESTER-001,OracleStrategy-000,MESM6.GLBX,GLBX-001,O-20260310-194055-001-000-4367,O-20260310-194057-001-000-4368,SELL,FLAT,0,1,1773171655743947202,2026-03-10 19:40:55.743947202+00:00,1773171657679686621,2026-03-10 19:40:57.679686621+00:00,1935739419,6850.25,6851.0,['0.00 USD'],-0.00011,-0.75 USD,True
BACKTESTER-001,OracleStrategy-000,MESM6.GLBX,GLBX-001,O-20260310-194058-001-000-4370,O-20260310-194101-001-000-4371,SELL,FLAT,0,1,1773171658695716274,2026-03-10 19:40:58.695716274+00:00,1773171661599292050,2026-03-10 19:41:01.599292050+00:00,2903575776,6850.25,6849.5,['0.00 USD'],0.00011,0.75 USD,True
BACKTESTER-001,OracleStrategy-000,MESM6.GLBX,GLBX-001,O-20260310-194101-001-000-4372,O-20260310-194102-001-000-4373,BUY,FLAT,0,1,1773171661599292050,2026-03-10 19:41:01.599292050+00:00,1773171662682597287,2026-03-10 19:41:02.682597287+00:00,1083305237,6849.5,6848.75,['0.00 USD'],-0.00011,-0.75 USD,True
BACKTESTER-001,OracleStrategy-000,MESM6.GLBX,GLBX-001,O-20260310-194125-001-000-4377,O-20260310-194158-001-000-4378,SELL,FLAT,0,1,1773171685982586626,2026-03-10 19:41:25.982586626+00:00,1773171718253764304,2026-03-10 19:41:58.253764304+00:00,32271177678,6847.5,6841.25,['0.00 USD'],0.00091,6.25 USD,True
BACKTESTER-001,OracleStrategy-000,MESM6.GLBX,GLBX-001,O-20260310-194158-001-000-4379,O-20260310-194227-001-000-4380,BUY,FLAT,0,1,1773171718253764304,2026-03-10 19:41:58.253764304+00:00,1773171747557047963,2026-03-10 19:42:27.557047963+00:00,29303283659,6841.25,6843.0,['0.00 USD'],0.00026,1.75 USD,True
BACKTESTER-001,OracleStrategy-000,MESM6.GLBX,GLBX-001,O-20260310-194243-001-000-4384,O-20260310-194330-001-000-4385,SELL,FLAT,0,1,1773171763761199632,2026-03-10 19:42:43.761199632+00:00,1773171810687120229,2026-03-10 19:43:30.687120229+00:00,46925920597,6842.75,6847.0,['0.00 USD'],-0.00062,-4.25 USD,True
BACKTESTER-001,OracleStrategy-000,MESM6.GLBX,GLBX-001,O-20260310-194426-001-000-4387,O-20260310-194624-001-000-4388,SELL,FLAT,0,1,1773171866208496901,2026-03-10 19:44:26.208496901+00:00,1773171984842310928,2026-03-10 19:46:24.842310928+00:00,118633814027,6847.0,6841.75,['0.00 USD'],0.00077,5.25 USD,True
BACKTESTER-001,OracleStrategy-000,MESM6.GLBX,GLBX-001,O-20260310-194624-001-000-4389,O-20260310-194655-001-000-4390,BUY,FLAT,0,1,1773171984842310928,2026-03-10 19:46:24.842310928+00:00,1773172015215696911,2026-03-10 19:46:55.215696911+00:00,30373385983,6841.75,6842.25,['0.00 USD'],7e-05,0.50 USD,True
BACKTESTER-001,OracleStrategy-000,MESM6.GLBX,GLBX-001,O-20260310-194742-001-000-4393,O-20260310-194750-001-000-4394,BUY,FLAT,0,1,1773172062019429312,2026-03-10 19:47:42.019429312+00:00,1773172070779479903,2026-03-10 19:47:50.779479903+00:00,8760050591,6840.75,6840.5,['0.00 USD'],-4e-05,-0.25 USD,True
BACKTESTER-001,OracleStrategy-000,MESM6.GLBX,GLBX-001,O-20260310-194905-001-000-4405,O-20260310-194941-001-000-4406,BUY,FLAT,0,1,1773172145109978237,2026-03-10 19:49:05.109978237+00:00,1773172181526149715,2026-03-10 19:49:41.526149715+00:00,36416171478,6834.75,6837.0,['0.00 USD'],0.00033,2.25 USD,True
BACKTESTER-001,OracleStrategy-000,MESM6.GLBX,GLBX-001,O-20260310-194941-001-000-4407,O-20260310-195025-001-000-4408,SELL,FLAT,0,1,1773172181526149715,2026-03-10 19:49:41.526149715+00:00,1773172225977350408,2026-03-10 19:50:25.977350408+00:00,44451200693,6837.0,6832.75,['0.00 USD'],0.00062,4.25 USD,True
BACKTESTER-001,OracleStrategy-000,MESM6.GLBX,GLBX-001,O-20260310-195217-001-000-4414,O-20260310-195250-001-000-4415,SELL,FLAT,0,1,1773172337953320042,2026-03-10 19:52:17.953320042+00:00,1773172370656609527,2026-03-10 19:52:50.656609527+00:00,32703289485,6836.75,6836.0,['0.00 USD'],0.00011,0.75 USD,True
BACKTESTER-001,OracleStrategy-000,MESM6.GLBX,GLBX-001,O-20260310-195332-001-000-4417,O-20260310-195355-001-000-4418,SELL,FLAT,0,1,1773172412329115007,2026-03-10 19:53:32.329115007+00:00,1773172435173595460,2026-03-10 19:53:55.173595460+00:00,22844480453,6836.75,6835.25,['0.00 USD'],0.00022,1.50 USD,True
BACKTESTER-001,OracleStrategy-000,MESM6.GLBX,GLBX-001,O-20260310-195422-001-000-4420,O-20260310-195448-001-000-4421,BUY,FLAT,0,1,1773172462756907261,2026-03-10 19:54:22.756907261+00:00,1773172488383323165,2026-03-10 19:54:48.383323165+00:00,25626415904,6833.25,6835.75,['0.00 USD'],0.00037,2.50 USD,True
BACKTESTER-001,OracleStrategy-000,MESM6.GLBX,GLBX-001,O-20260310-195504-001-000-4423,O-20260310-195612-001-000-4424,SELL,FLAT,0,1,1773172504210008333,2026-03-10 19:55:04.210008333+00:00,1773172572181605734,2026-03-10 19:56:12.181605734+00:00,67971597401,6838.5,6832.5,['0.00 USD'],0.00088,6.00 USD,True
BACKTESTER-001,OracleStrategy-000,MESM6.GLBX,GLBX-001,O-20260310-195612-001-000-4425,O-20260310-195630-001-000-4426,BUY,FLAT,0,1,1773172572181605734,2026-03-10 19:56:12.181605734+00:00,1773172590600570651,2026-03-10 19:56:30.600570651+00:00,18418964917,6832.5,6831.0,['0.00 USD'],-0.00022,-1.50 USD,True
BACKTESTER-001,OracleStrategy-000,MESM6.GLBX,GLBX-001,O-20260310-195655-001-000-4429,O-20260310-195701-001-000-4430,SELL,FLAT,0,1,1773172615883102477,2026-03-10 19:56:55.883102477+00:00,1773172621453176735,2026-03-10 19:57:01.453176735+00:00,5570074258,6832.5,6832.0,['0.00 USD'],7e-05,0.50 USD,True
BACKTESTER-001,OracleStrategy-000,MESM6.GLBX,GLBX-001,O-20260310-195701-001-000-4431,O-20260310-195709-001-000-4432,BUY,FLAT,0,1,1773172621453176735,2026-03-10 19:57:01.453176735+00:00,1773172629241820880,2026-03-10 19:57:09.241820880+00:00,7788644145,6832.0,6830.25,['0.00 USD'],-0.00026,-1.75 USD,True
BACKTESTER-001,OracleStrategy-000,MESM6.GLBX,GLBX-001,O-20260310-195711-001-000-4434,O-20260310-195752-001-000-4435,BUY,FLAT,0,1,1773172631765064607,2026-03-10 19:57:11.765064607+00:00,1773172672342567008,2026-03-10 19:57:52.342567008+00:00,40577502401,6830.75,6834.75,['0.00 USD'],0.00059,4.00 USD,True
BACKTESTER-001,OracleStrategy-000,MESM6.GLBX,GLBX-001,O-20260310-195752-001-000-4436,O-20260310-195901-001-000-4437,SELL,FLAT,0,1,1773172672342567008,2026-03-10 19:57:52.342567008+00:00,1773172741988282291,2026-03-10 19:59:01.988282291+00:00,69645715283,6834.75,6836.0,['0.00 USD'],-0.00018,-1.25 USD,True
BACKTESTER-001,OracleStrategy-000,MESM6.GLBX,GLBX-001,O-20260310-195924-001-000-4439,O-20260310-195957-001-000-4440,BUY,FLAT,0,1,1773172764033719325,2026-03-10 19:59:24.033719325+00:00,1773172797021023208,2026-03-10 19:59:57.021023208+00:00,32987303883,6833.75,6837.5,['0.00 USD'],0.00055,3.75 USD,True
BACKTESTER-001,OracleStrategy-000,MESM6.GLBX,GLBX-001,O-20260310-200018-001-000-4445,O-20260310-200023-001-000-4446,SELL,FLAT,0,1,1773172818953204256,2026-03-10 20:00:18.953204256+00:00,1773172823820939445,2026-03-10 20:00:23.820939445+00:00,4867735189,6840.0,6839.25,['0.00 USD'],0.00011,0.75 USD,True
BACKTESTER-001,OracleStrategy-000,MESM6.GLBX,GLBX-001,O-20260310-200023-001-000-4447,O-20260310-200042-001-000-4448,BUY,FLAT,0,1,1773172823820939445,2026-03-10 20:00:23.820939445+00:00,1773172842883852431,2026-03-10 20:00:42.883852431+00:00,19062912986,6839.25,6841.25,['0.00 USD'],0.00029,2.00 USD,True
BACKTESTER-001,OracleStrategy-000,MESM6.GLBX,GLBX-001,O-20260310-200042-001-000-4449,O-20260310-200044-001-000-4450,SELL,FLAT,0,1,1773172842883852431,2026-03-10 20:00:42.883852431+00:00,1773172844219417117,2026-03-10 20:00:44.219417117+00:00,1335564686,6841.25,6841.0,['0.00 USD'],4e-05,0.25 USD,True
BACKTESTER-001,OracleStrategy-000,MESM6.GLBX,GLBX-001,O-20260310-200045-001-000-4452,O-20260310-200104-001-000-4453,SELL,FLAT,0,1,1773172845364532490,2026-03-10 20:00:45.364532490+00:00,1773172864449350458,2026-03-10 20:01:04.449350458+00:00,19084817968,6839.5,6840.75,['0.00 USD'],-0.00018,-1.25 USD,True
BACKTESTER-001,OracleStrategy-000,MESM6.GLBX,GLBX-001,O-20260310-200105-001-000-4455,O-20260310-200241-001-000-4456,SELL,FLAT,0,1,1773172865881828640,2026-03-10 20:01:05.881828640+00:00,1773172961216365010,2026-03-10 20:02:41.216365010+00:00,95334536370,6843.0,6839.75,['0.00 USD'],0.00047,3.25 USD,True
BACKTESTER-001,OracleStrategy-000,MESM6.GLBX,GLBX-001,O-20260310-200241-001-000-4457,O-20260310-200304-001-000-4458,BUY,FLAT,0,1,1773172961216365010,2026-03-10 20:02:41.216365010+00:00,1773172984685005581,2026-03-10 20:03:04.685005581+00:00,23468640571,6839.75,6839.75,['0.00 USD'],0.0,0.00 USD,True
BACKTESTER-001,OracleStrategy-000,MESM6.GLBX,GLBX-001,O-20260310-200351-001-000-4463,O-20260310-200353-001-000-4464,BUY,FLAT,0,1,1773173031840034069,2026-03-10 20:03:51.840034069+00:00,1773173033564870472,2026-03-10 20:03:53.564870472+00:00,1724836403,6840.0,6839.75,['0.00 USD'],-4e-05,-0.25 USD,True
BACKTESTER-001,OracleStrategy-000,MESM6.GLBX,GLBX-001,O-20260310-200353-001-000-4465,O-20260310-200430-001-000-4466,SELL,FLAT,0,1,1773173033564870472,2026-03-10 20:03:53.564870472+00:00,1773173070583000929,2026-03-10 20:04:30.583000929+00:00,37018130457,6839.75,6839.0,['0.00 USD'],0.00011,0.75 USD,True
BACKTESTER-001,OracleStrategy-000,MESM6.GLBX,GLBX-001,O-20260310-200510-001-000-4469,O-20260310-200554-001-000-4470,SELL,FLAT,0,1,1773173110428950856,2026-03-10 20:05:10.428950856+00:00,1773173154862087872,2026-03-10 20:05:54.862087872+00:00,44433137016,6842.0,6843.5,['0.00 USD'],-0.00022,-1.50 USD,True
BACKTESTER-001,OracleStrategy-000,MESM6.GLBX,GLBX-001,O-20260310-200559-001-000-4472,O-20260310-200655-001-000-4473,SELL,FLAT,0,1,1773173159570554203,2026-03-10 20:05:59.570554203+00:00,1773173215182160613,2026-03-10 20:06:55.182160613+00:00,55611606410,6844.0,6845.25,['0.00 USD'],-0.00018,-1.25 USD,True
BACKTESTER-001,OracleStrategy-000,MESM6.GLBX,GLBX-001,O-20260310-200747-001-000-4476,O-20260310-200749-001-000-4477,SELL,FLAT,0,1,1773173267625764303,2026-03-10 20:07:47.625764303+00:00,1773173269527983080,2026-03-10 20:07:49.527983080+00:00,1902218777,6847.25,6846.75,['0.00 USD'],7e-05,0.50 USD,True
BACKTESTER-001,OracleStrategy-000,MESM6.GLBX,GLBX-001,O-20260310-200827-001-000-4479,O-20260310-201035-001-000-4480,SELL,FLAT,0,1,1773173307139043565,2026-03-10 20:08:27.139043565+00:00,1773173435399713421,2026-03-10 20:10:35.399713421+00:00,128260669856,6846.25,6843.75,['0.00 USD'],0.00037,2.50 USD,True
BACKTESTER-001,OracleStrategy-000,MESM6.GLBX,GLBX-001,O-20260310-201035-001-000-4481,O-20260310-201045-001-000-4482,BUY,FLAT,0,1,1773173435399713421,2026-03-10 20:10:35.399713421+00:00,1773173445256687994,2026-03-10 20:10:45.256687994+00:00,9856974573,6843.75,6844.5,['0.00 USD'],0.00011,0.75 USD,True
BACKTESTER-001,OracleStrategy-000,MESM6.GLBX,GLBX-001,O-20260310-201218-001-000-4488,O-20260310-201315-001-000-4489,SELL,FLAT,0,1,1773173538486717806,2026-03-10 20:12:18.486717806+00:00,1773173595704470427,2026-03-10 20:13:15.704470427+00:00,57217752621,6848.25,6848.0,['0.00 USD'],4e-05,0.25 USD,True
BACKTESTER-001,OracleStrategy-000,MESM6.GLBX,GLBX-001,O-20260310-201335-001-000-4491,O-20260310-201537-001-000-4492,SELL,FLAT,0,1,1773173615402094479,2026-03-10 20:13:35.402094479+00:00,1773173737009836787,2026-03-10 20:15:37.009836787+00:00,121607742308,6850.0,6847.5,['0.00 USD'],0.00036,2.50 USD,True
BACKTESTER-001,OracleStrategy-000,MESM6.GLBX,GLBX-001,O-20260310-201537-001-000-4493,O-20260310-201542-001-000-4494,BUY,FLAT,0,1,1773173737009836787,2026-03-10 20:15:37.009836787+00:00,1773173742520059042,2026-03-10 20:15:42.520059042+00:00,5510222255,6847.5,6847.5,['0.00 USD'],0.0,0.00 USD,True
BACKTESTER-001,OracleStrategy-000,MESM6.GLBX,GLBX-001,O-20260310-201626-001-000-4497,O-20260310-201649-001-000-4498,BUY,FLAT,0,1,1773173786143141128,2026-03-10 20:16:26.143141128+00:00,1773173809953946791,2026-03-10 20:16:49.953946791+00:00,23810805663,6847.0,6846.75,['0.00 USD'],-4e-05,-0.25 USD,True
BACKTESTER-001,OracleStrategy-000,MESM6.GLBX,GLBX-001,O-20260310-201750-001-000-4500,O-20260310-201759-001-000-4501,BUY,FLAT,0,1,1773173870000973417,2026-03-10 20:17:50.000973417+00:00,1773173879259734867,2026-03-10 20:17:59.259734867+00:00,9258761450,6846.0,6847.0,['0.00 USD'],0.00015,1.00 USD,True
BACKTESTER-001,OracleStrategy-000,MESM6.GLBX,GLBX-001,O-20260310-201759-001-000-4502,O-20260310-201819-001-000-4503,SELL,FLAT,0,1,1773173879259734867,2026-03-10 20:17:59.259734867+00:00,1773173899156024263,2026-03-10 20:18:19.156024263+00:00,19896289396,6847.0,6848.5,['0.00 USD'],-0.00022,-1.50 USD,True
BACKTESTER-001,OracleStrategy-000,MESM6.GLBX,GLBX-001,O-20260310-201914-001-000-4506,O-20260310-202022-001-000-4507,SELL,FLAT,0,1,1773173954412320815,2026-03-10 20:19:14.412320815+00:00,1773174022099039752,2026-03-10 20:20:22.099039752+00:00,67686718937,6848.25,6848.25,['0.00 USD'],0.0,0.00 USD,True
BACKTESTER-001,OracleStrategy-000,MESM6.GLBX,GLBX-001,O-20260310-202022-001-000-4508,O-20260310-202059-001-000-4509,BUY,FLAT,0,1,1773174022099039752,2026-03-10 20:20:22.099039752+00:00,1773174059583036832,2026-03-10 20:20:59.583036832+00:00,37483997080,6848.25,6850.0,['0.00 USD'],0.00026,1.75 USD,True
BACKTESTER-001,OracleStrategy-000,MESM6.GLBX,GLBX-001,O-20260310-202059-001-000-4510,O-20260310-202225-001-000-4511,SELL,FLAT,0,1,1773174059583036832,2026-03-10 20:20:59.583036832+00:00,1773174145645569496,2026-03-10 20:22:25.645569496+00:00,86062532664,6850.0,6848.5,['0.00 USD'],0.00022,1.50 USD,True
BACKTESTER-001,OracleStrategy-000,MESM6.GLBX,GLBX-001,O-20260310-202258-001-000-4513,O-20260310-202449-001-000-4514,BUY,FLAT,0,1,1773174178859771322,2026-03-10 20:22:58.859771322+00:00,1773174289287654397,2026-03-10 20:24:49.287654397+00:00,110427883075,6850.0,6850.5,['0.00 USD'],7e-05,0.50 USD,True
BACKTESTER-001,OracleStrategy-000,MESM6.GLBX,GLBX-001,O-20260310-202449-001-000-4515,O-20260310-203104-001-000-4516,SELL,FLAT,0,1,1773174289287654397,2026-03-10 20:24:49.287654397+00:00,1773174664318456059,2026-03-10 20:31:04.318456059+00:00,375030801662,6850.5,6850.5,['0.00 USD'],0.0,0.00 USD,True
BACKTESTER-001,OracleStrategy-000,MESM6.GLBX,GLBX-001,O-20260310-203104-001-000-4517,O-20260310-203540-001-000-4518,BUY,FLAT,0,1,1773174664318456059,2026-03-10 20:31:04.318456059+00:00,1773174940765490711,2026-03-10 20:35:40.765490711+00:00,276447034652,6850.5,6850.0,['0.00 USD'],-7e-05,-0.50 USD,True
BACKTESTER-001,OracleStrategy-000,MESM6.GLBX,GLBX-001,O-20260310-203701-001-000-4522,O-20260310-203924-001-000-4523,BUY,FLAT,0,1,1773175021280109419,2026-03-10 20:37:01.280109419+00:00,1773175164703274002,2026-03-10 20:39:24.703274002+00:00,143423164583,6848.0,6846.25,['0.00 USD'],-0.00026,-1.75 USD,True
BACKTESTER-001,OracleStrategy-000,MESM6.GLBX,GLBX-001,O-20260310-203933-001-000-4525,O-20260310-204021-001-000-4526,SELL,FLAT,0,1,1773175173595435607,2026-03-10 20:39:33.595435607+00:00,1773175221398412056,2026-03-10 20:40:21.398412056+00:00,47802976449,6846.25,6848.25,['0.00 USD'],-0.00029,-2.00 USD,True
BACKTESTER-001,OracleStrategy-000,MESM6.GLBX,GLBX-001,O-20260310-204109-001-000-4528,O-20260310-204144-001-000-4529,SELL,FLAT,0,1,1773175269559502118,2026-03-10 20:41:09.559502118+00:00,1773175304333134419,2026-03-10 20:41:44.333134419+00:00,34773632301,6847.25,6847.5,['0.00 USD'],-4e-05,-0.25 USD,True
BACKTESTER-001,OracleStrategy-000,MESM6.GLBX,GLBX-001,O-20260310-204144-001-000-4530,O-20260310-204230-001-000-4531,BUY,FLAT,0,1,1773175304333134419,2026-03-10 20:41:44.333134419+00:00,1773175350520818421,2026-03-10 20:42:30.520818421+00:00,46187684002,6847.5,6849.0,['0.00 USD'],0.00022,1.50 USD,True
BACKTESTER-001,OracleStrategy-000,MESM6.GLBX,GLBX-001,O-20260310-204230-001-000-4532,O-20260310-204516-001-000-4533,SELL,FLAT,0,1,1773175350520818421,2026-03-10 20:42:30.520818421+00:00,1773175516023025584,2026-03-10 20:45:16.023025584+00:00,165502207163,6849.0,6849.25,['0.00 USD'],-4e-05,-0.25 USD,True
BACKTESTER-001,OracleStrategy-000,MESM6.GLBX,GLBX-001,O-20260310-205008-001-000-4536,O-20260310-205220-001-000-4537,BUY,FLAT,0,1,1773175808393277714,2026-03-10 20:50:08.393277714+00:00,1773175940907973295,2026-03-10 20:52:20.907973295+00:00,132514695581,6847.5,6849.25,['0.00 USD'],0.00026,1.75 USD,True
BACKTESTER-001,OracleStrategy-000,MESM6.GLBX,GLBX-001,O-20260310-205220-001-000-4538,O-20260310-205440-001-000-4539,SELL,FLAT,0,1,1773175940907973295,2026-03-10 20:52:20.907973295+00:00,1773176080498424792,2026-03-10 20:54:40.498424792+00:00,139590451497,6849.25,6848.0,['0.00 USD'],0.00018,1.25 USD,True
BACKTESTER-001,OracleStrategy-000,MESM6.GLBX,GLBX-001,O-20260310-205440-001-000-4540,O-20260310-205637-001-000-4541,BUY,FLAT,0,1,1773176080498424792,2026-03-10 20:54:40.498424792+00:00,1773176197054770514,2026-03-10 20:56:37.054770514+00:00,116556345722,6848.0,6849.5,['0.00 USD'],0.00022,1.50 USD,True
BACKTESTER-001,OracleStrategy-000,MESM6.GLBX,GLBX-001,O-20260310-205637-001-000-4542,O-20260310-205713-001-000-4543,SELL,FLAT,0,1,1773176197054770514,2026-03-10 20:56:37.054770514+00:00,1773176233673049351,2026-03-10 20:57:13.673049351+00:00,36618278837,6849.5,6848.0,['0.00 USD'],0.00022,1.50 USD,True
BACKTESTER-001,OracleStrategy-000,MESM6.GLBX,GLBX-001,O-20260310-205716-001-000-4545,O-20260310-205754-001-000-4546,SELL,FLAT,0,1,1773176236254360199,2026-03-10 20:57:16.254360199+00:00,1773176274686376355,2026-03-10 20:57:54.686376355+00:00,38432016156,6849.0,6848.25,['0.00 USD'],0.00011,0.75 USD,True
BACKTESTER-001,OracleStrategy-000,MESM6.GLBX,GLBX-001,O-20260310-205754-001-000-4547,O-20260310-205835-001-000-4548,BUY,FLAT,0,1,1773176274686376355,2026-03-10 20:57:54.686376355+00:00,1773176315783455194,2026-03-10 20:58:35.783455194+00:00,41097078839,6848.25,6849.75,['0.00 USD'],0.00022,1.50 USD,True
BACKTESTER-001,OracleStrategy-000,MESM6.GLBX,GLBX-001,O-20260310-220014-001-000-4553,O-20260310-220022-001-000-4554,BUY,FLAT,0,1,1773180014342353528,2026-03-10 22:00:14.342353528+00:00,1773180022382637876,2026-03-10 22:00:22.382637876+00:00,8040284348,6847.0,6847.5,['0.00 USD'],7e-05,0.50 USD,True
BACKTESTER-001,OracleStrategy-000,MESM6.GLBX,GLBX-001,O-20260310-220022-001-000-4555,O-20260310-220043-001-000-4556,SELL,FLAT,0,1,1773180022382637876,2026-03-10 22:00:22.382637876+00:00,1773180043253912547,2026-03-10 22:00:43.253912547+00:00,20871274671,6847.5,6844.75,['0.00 USD'],0.0004,2.75 USD,True
BACKTESTER-001,OracleStrategy-000,MESM6.GLBX,GLBX-001,O-20260310-220043-001-000-4557,O-20260310-220047-001-000-4558,BUY,FLAT,0,1,1773180043253912547,2026-03-10 22:00:43.253912547+00:00,1773180047896388848,2026-03-10 22:00:47.896388848+00:00,4642476301,6844.75,6846.5,['0.00 USD'],0.00026,1.75 USD,True
BACKTESTER-001,OracleStrategy-000,MESM6.GLBX,GLBX-001,O-20260310-220051-001-000-4560,O-20260310-220104-001-000-4561,SELL,FLAT,0,1,1773180051445727195,2026-03-10 22:00:51.445727195+00:00,1773180064595579458,2026-03-10 22:01:04.595579458+00:00,13149852263,6846.5,6843.25,['0.00 USD'],0.00047,3.25 USD,True
BACKTESTER-001,OracleStrategy-000,MESM6.GLBX,GLBX-001,O-20260310-220104-001-000-4562,O-20260310-220111-001-000-4563,BUY,FLAT,0,1,1773180064595579458,2026-03-10 22:01:04.595579458+00:00,1773180071013374109,2026-03-10 22:01:11.013374109+00:00,6417794651,6843.25,6843.75,['0.00 USD'],7e-05,0.50 USD,True
BACKTESTER-001,OracleStrategy-000,MESM6.GLBX,GLBX-001,O-20260310-220133-001-000-4567,O-20260310-220146-001-000-4568,BUY,FLAT,0,1,1773180093914502664,2026-03-10 22:01:33.914502664+00:00,1773180106628633313,2026-03-10 22:01:46.628633313+00:00,12714130649,6842.25,6841.0,['0.00 USD'],-0.00018,-1.25 USD,True
BACKTESTER-001,OracleStrategy-000,MESM6.GLBX,GLBX-001,O-20260310-220153-001-000-4570,O-20260310-220217-001-000-4571,BUY,FLAT,0,1,1773180113183672415,2026-03-10 22:01:53.183672415+00:00,1773180137594414661,2026-03-10 22:02:17.594414661+00:00,24410742246,6841.25,6840.0,['0.00 USD'],-0.00018,-1.25 USD,True
BACKTESTER-001,OracleStrategy-000,MESM6.GLBX,GLBX-001,O-20260310-220234-001-000-4573,O-20260310-220339-001-000-4574,SELL,FLAT,0,1,1773180154953043319,2026-03-10 22:02:34.953043319+00:00,1773180219142301110,2026-03-10 22:03:39.142301110+00:00,64189257791,6841.25,6843.0,['0.00 USD'],-0.00026,-1.75 USD,True
BACKTESTER-001,OracleStrategy-000,MESM6.GLBX,GLBX-001,O-20260310-220342-001-000-4576,O-20260310-220609-001-000-4577,SELL,FLAT,0,1,1773180222145981915,2026-03-10 22:03:42.145981915+00:00,1773180369239157944,2026-03-10 22:06:09.239157944+00:00,147093176029,6843.25,6840.25,['0.00 USD'],0.00044,3.00 USD,True
BACKTESTER-001,OracleStrategy-000,MESM6.GLBX,GLBX-001,O-20260310-220609-001-000-4578,O-20260310-220910-001-000-4579,BUY,FLAT,0,1,1773180369239157944,2026-03-10 22:06:09.239157944+00:00,1773180550405217740,2026-03-10 22:09:10.405217740+00:00,181166059796,6840.25,6839.0,['0.00 USD'],-0.00018,-1.25 USD,True
BACKTESTER-001,OracleStrategy-000,MESM6.GLBX,GLBX-001,O-20260310-221026-001-000-4584,O-20260310-221214-001-000-4585,SELL,FLAT,0,1,1773180626211655184,2026-03-10 22:10:26.211655184+00:00,1773180734167644187,2026-03-10 22:12:14.167644187+00:00,107955989003,6839.5,6843.5,['0.00 USD'],-0.00058,-4.00 USD,True
BACKTESTER-001,OracleStrategy-000,MESM6.GLBX,GLBX-001,O-20260310-221325-001-000-4589,O-20260310-221327-001-000-4590,SELL,FLAT,0,1,1773180805529570743,2026-03-10 22:13:25.529570743+00:00,1773180807609820573,2026-03-10 22:13:27.609820573+00:00,2080249830,6847.0,6846.25,['0.00 USD'],0.00011,0.75 USD,True
BACKTESTER-001,OracleStrategy-000,MESM6.GLBX,GLBX-001,O-20260310-221351-001-000-4593,O-20260310-221353-001-000-4594,BUY,FLAT,0,1,1773180831624069451,2026-03-10 22:13:51.624069451+00:00,1773180833995125671,2026-03-10 22:13:53.995125671+00:00,2371056220,6847.25,6847.25,['0.00 USD'],0.0,0.00 USD,True
BACKTESTER-001,OracleStrategy-000,MESM6.GLBX,GLBX-001,O-20260310-221353-001-000-4595,O-20260310-221450-001-000-4596,SELL,FLAT,0,1,1773180833995125671,2026-03-10 22:13:53.995125671+00:00,1773180890752901168,2026-03-10 22:14:50.752901168+00:00,56757775497,6847.25,6847.5,['0.00 USD'],-4e-05,-0.25 USD,True
BACKTESTER-001,OracleStrategy-000,MESM6.GLBX,GLBX-001,O-20260310-221450-001-000-4597,O-20260310-221613-001-000-4598,BUY,FLAT,0,1,1773180890752901168,2026-03-10 22:14:50.752901168+00:00,1773180973812791307,2026-03-10 22:16:13.812791307+00:00,83059890139,6847.5,6846.75,['0.00 USD'],-0.00011,-0.75 USD,True
BACKTESTER-001,OracleStrategy-000,MESM6.GLBX,GLBX-001,O-20260310-221910-001-000-4606,O-20260310-222004-001-000-4607,BUY,FLAT,0,1,1773181150281450754,2026-03-10 22:19:10.281450754+00:00,1773181204553498655,2026-03-10 22:20:04.553498655+00:00,54272047901,6841.5,6841.75,['0.00 USD'],4e-05,0.25 USD,True
BACKTESTER-001,OracleStrategy-000,MESM6.GLBX,GLBX-001,O-20260310-222004-001-000-4608,O-20260310-222306-001-000-4609,SELL,FLAT,0,1,1773181204553498655,2026-03-10 22:20:04.553498655+00:00,1773181386287937120,2026-03-10 22:23:06.287937120+00:00,181734438465,6841.75,6842.75,['0.00 USD'],-0.00015,-1.00 USD,True
BACKTESTER-001,OracleStrategy-000,MESM6.GLBX,GLBX-001,O-20260310-222342-001-000-4612,O-20260310-222631-001-000-4613,SELL,FLAT,0,1,1773181422765233810,2026-03-10 22:23:42.765233810+00:00,1773181591945107295,2026-03-10 22:26:31.945107295+00:00,169179873485,6842.75,6840.0,['0.00 USD'],0.0004,2.75 USD,True
BACKTESTER-001,OracleStrategy-000,MESM6.GLBX,GLBX-001,O-20260310-222631-001-000-4614,O-20260310-222805-001-000-4615,BUY,FLAT,0,1,1773181591945107295,2026-03-10 22:26:31.945107295+00:00,1773181685573718155,2026-03-10 22:28:05.573718155+00:00,93628610860,6840.0,6840.0,['0.00 USD'],0.0,0.00 USD,True
BACKTESTER-001,OracleStrategy-000,MESM6.GLBX,GLBX-001,O-20260310-223227-001-000-4622,O-20260310-223340-001-000-4623,BUY,FLAT,0,1,1773181947109362755,2026-03-10 22:32:27.109362755+00:00,1773182020597084266,2026-03-10 22:33:40.597084266+00:00,73487721511,6838.0,6837.0,['0.00 USD'],-0.00015,-1.00 USD,True
BACKTESTER-001,OracleStrategy-000,MESM6.GLBX,GLBX-001,O-20260310-223427-001-000-4626,O-20260310-223514-001-000-4627,BUY,FLAT,0,1,1773182067193790573,2026-03-10 22:34:27.193790573+00:00,1773182114982760168,2026-03-10 22:35:14.982760168+00:00,47788969595,6837.0,6836.5,['0.00 USD'],-7e-05,-0.50 USD,True
BACKTESTER-001,OracleStrategy-000,MESM6.GLBX,GLBX-001,O-20260310-223514-001-000-4628,O-20260310-223624-001-000-4629,SELL,FLAT,0,1,1773182114982760168,2026-03-10 22:35:14.982760168+00:00,1773182184805959082,2026-03-10 22:36:24.805959082+00:00,69823198914,6836.5,6836.0,['0.00 USD'],7e-05,0.50 USD,True
BACKTESTER-001,OracleStrategy-000,MESM6.GLBX,GLBX-001,O-20260310-223624-001-000-4630,O-20260310-223648-001-000-4631,BUY,FLAT,0,1,1773182184805959082,2026-03-10 22:36:24.805959082+00:00,1773182208053521048,2026-03-10 22:36:48.053521048+00:00,23247561966,6836.0,6836.0,['0.00 USD'],0.0,0.00 USD,True
BACKTESTER-001,OracleStrategy-000,MESM6.GLBX,GLBX-001,O-20260310-223653-001-000-4633,O-20260310-223707-001-000-4634,BUY,FLAT,0,1,1773182213059240213,2026-03-10 22:36:53.059240213+00:00,1773182227179143220,2026-03-10 22:37:07.179143220+00:00,14119903007,6836.75,6836.0,['0.00 USD'],-0.00011,-0.75 USD,True
BACKTESTER-001,OracleStrategy-000,MESM6.GLBX,GLBX-001,O-20260310-223707-001-000-4635,O-20260310-223729-001-000-4636,SELL,FLAT,0,1,1773182227179143220,2026-03-10 22:37:07.179143220+00:00,1773182249325952941,2026-03-10 22:37:29.325952941+00:00,22146809721,6836.0,6836.25,['0.00 USD'],-4e-05,-0.25 USD,True
BACKTESTER-001,OracleStrategy-000,MESM6.GLBX,GLBX-001,O-20260310-223729-001-000-4637,O-20260310-223732-001-000-4638,BUY,FLAT,0,1,1773182249325952941,2026-03-10 22:37:29.325952941+00:00,1773182252318486245,2026-03-10 22:37:32.318486245+00:00,2992533304,6836.25,6834.75,['0.00 USD'],-0.00022,-1.50 USD,True
BACKTESTER-001,OracleStrategy-000,MESM6.GLBX,GLBX-001,O-20260310-223751-001-000-4640,O-20260310-223808-001-000-4641,BUY,FLAT,0,1,1773182271506814902,2026-03-10 22:37:51.506814902+00:00,1773182288271797282,2026-03-10 22:38:08.271797282+00:00,16764982380,6834.75,6834.25,['0.00 USD'],-7e-05,-0.50 USD,True
BACKTESTER-001,OracleStrategy-000,MESM6.GLBX,GLBX-001,O-20260310-223827-001-000-4643,O-20260310-223942-001-000-4644,BUY,FLAT,0,1,1773182307729341517,2026-03-10 22:38:27.729341517+00:00,1773182382497883754,2026-03-10 22:39:42.497883754+00:00,74768542237,6835.25,6833.5,['0.00 USD'],-0.00026,-1.75 USD,True
BACKTESTER-001,OracleStrategy-000,MESM6.GLBX,GLBX-001,O-20260310-223959-001-000-4646,O-20260310-224043-001-000-4647,BUY,FLAT,0,1,1773182399022800858,2026-03-10 22:39:59.022800858+00:00,1773182443109896389,2026-03-10 22:40:43.109896389+00:00,44087095531,6833.75,6835.5,['0.00 USD'],0.00026,1.75 USD,True
BACKTESTER-001,OracleStrategy-000,MESM6.GLBX,GLBX-001,O-20260310-224043-001-000-4648,O-20260310-224124-001-000-4649,SELL,FLAT,0,1,1773182443109896389,2026-03-10 22:40:43.109896389+00:00,1773182484120390832,2026-03-10 22:41:24.120390832+00:00,41010494443,6835.5,6835.0,['0.00 USD'],7e-05,0.50 USD,True
BACKTESTER-001,OracleStrategy-000,MESM6.GLBX,GLBX-001,O-20260310-224130-001-000-4651,O-20260310-224156-001-000-4652,SELL,FLAT,0,1,1773182490012457458,2026-03-10 22:41:30.012457458+00:00,1773182516906074479,2026-03-10 22:41:56.906074479+00:00,26893617021,6834.75,6835.75,['0.00 USD'],-0.00015,-1.00 USD,True
BACKTESTER-001,OracleStrategy-000,MESM6.GLBX,GLBX-001,O-20260310-224156-001-000-4653,O-20260310-224817-001-000-4654,BUY,FLAT,0,1,1773182516906074479,2026-03-10 22:41:56.906074479+00:00,1773182897388026127,2026-03-10 22:48:17.388026127+00:00,380481951648,6835.75,6834.0,['0.00 USD'],-0.00026,-1.75 USD,True
BACKTESTER-001,OracleStrategy-000,MESM6.GLBX,GLBX-001,O-20260310-224941-001-000-4656,O-20260310-225213-001-000-4657,BUY,FLAT,0,1,1773182981481495695,2026-03-10 22:49:41.481495695+00:00,1773183133950039773,2026-03-10 22:52:13.950039773+00:00,152468544078,6835.25,6837.0,['0.00 USD'],0.00026,1.75 USD,True
BACKTESTER-001,OracleStrategy-000,MESM6.GLBX,GLBX-001,O-20260310-225213-001-000-4658,O-20260310-225249-001-000-4659,SELL,FLAT,0,1,1773183133950039773,2026-03-10 22:52:13.950039773+00:00,1773183169554111235,2026-03-10 22:52:49.554111235+00:00,35604071462,6837.0,6837.0,['0.00 USD'],0.0,0.00 USD,True
BACKTESTER-001,OracleStrategy-000,MESM6.GLBX,GLBX-001,O-20260310-225255-001-000-4661,O-20260310-225411-001-000-4662,SELL,FLAT,0,1,1773183175195640642,2026-03-10 22:52:55.195640642+00:00,1773183251090136207,2026-03-10 22:54:11.090136207+00:00,75894495565,6836.0,6835.75,['0.00 USD'],4e-05,0.25 USD,True
BACKTESTER-001,OracleStrategy-000,MESM6.GLBX,GLBX-001,O-20260310-225411-001-000-4663,O-20260310-225505-001-000-4664,BUY,FLAT,0,1,1773183251090136207,2026-03-10 22:54:11.090136207+00:00,1773183305690435170,2026-03-10 22:55:05.690435170+00:00,54600298963,6835.75,6835.0,['0.00 USD'],-0.00011,-0.75 USD,True
BACKTESTER-001,OracleStrategy-000,MESM6.GLBX,GLBX-001,O-20260310-225525-001-000-4666,O-20260310-225645-001-000-4667,BUY,FLAT,0,1,1773183325713364372,2026-03-10 22:55:25.713364372+00:00,1773183405635085947,2026-03-10 22:56:45.635085947+00:00,79921721575,6837.0,6833.75,['0.00 USD'],-0.00048,-3.25 USD,True
BACKTESTER-001,OracleStrategy-000,MESM6.GLBX,GLBX-001,O-20260310-225645-001-000-4668,O-20260310-225847-001-000-4669,SELL,FLAT,0,1,1773183405635085947,2026-03-10 22:56:45.635085947+00:00,1773183527421690557,2026-03-10 22:58:47.421690557+00:00,121786604610,6833.75,6836.0,['0.00 USD'],-0.00033,-2.25 USD,True
BACKTESTER-001,OracleStrategy-000,MESM6.GLBX,GLBX-001,O-20260310-225953-001-000-4671,O-20260310-230004-001-000-4672,SELL,FLAT,0,1,1773183593529976204,2026-03-10 22:59:53.529976204+00:00,1773183604632854392,2026-03-10 23:00:04.632854392+00:00,11102878188,6837.5,6838.0,['0.00 USD'],-7e-05,-0.50 USD,True
BACKTESTER-001,OracleStrategy-000,MESM6.GLBX,GLBX-001,O-20260310-230018-001-000-4674,O-20260310-230241-001-000-4675,SELL,FLAT,0,1,1773183618765749859,2026-03-10 23:00:18.765749859+00:00,1773183761902608525,2026-03-10 23:02:41.902608525+00:00,143136858666,6838.0,6838.0,['0.00 USD'],0.0,0.00 USD,True
BACKTESTER-001,OracleStrategy-000,MESM6.GLBX,GLBX-001,O-20260310-230241-001-000-4676,O-20260310-230337-001-000-4677,BUY,FLAT,0,1,1773183761902608525,2026-03-10 23:02:41.902608525+00:00,1773183817785335040,2026-03-10 23:03:37.785335040+00:00,55882726515,6838.0,6837.25,['0.00 USD'],-0.00011,-0.75 USD,True
BACKTESTER-001,OracleStrategy-000,MESM6.GLBX,GLBX-001,O-20260310-230339-001-000-4679,O-20260310-230412-001-000-4680,BUY,FLAT,0,1,1773183819648319122,2026-03-10 23:03:39.648319122+00:00,1773183852939432151,2026-03-10 23:04:12.939432151+00:00,33291113029,6838.25,6838.75,['0.00 USD'],7e-05,0.50 USD,True
BACKTESTER-001,OracleStrategy-000,MESM6.GLBX,GLBX-001,O-20260310-230412-001-000-4681,O-20260310-230450-001-000-4682,SELL,FLAT,0,1,1773183852939432151,2026-03-10 23:04:12.939432151+00:00,1773183890403187414,2026-03-10 23:04:50.403187414+00:00,37463755263,6838.75,6838.0,['0.00 USD'],0.00011,0.75 USD,True
BACKTESTER-001,OracleStrategy-000,MESM6.GLBX,GLBX-001,O-20260310-230450-001-000-4683,O-20260310-230827-001-000-4684,BUY,FLAT,0,1,1773183890403187414,2026-03-10 23:04:50.403187414+00:00,1773184107564289384,2026-03-10 23:08:27.564289384+00:00,217161101970,6838.0,6838.75,['0.00 USD'],0.00011,0.75 USD,True
BACKTESTER-001,OracleStrategy-000,MESM6.GLBX,GLBX-001,O-20260310-230827-001-000-4685,O-20260310-230901-001-000-4686,SELL,FLAT,0,1,1773184107564289384,2026-03-10 23:08:27.564289384+00:00,1773184141304727232,2026-03-10 23:09:01.304727232+00:00,33740437848,6838.75,6837.75,['0.00 USD'],0.00015,1.00 USD,True
BACKTESTER-001,OracleStrategy-000,MESM6.GLBX,GLBX-001,O-20260310-230901-001-000-4687,O-20260310-231005-001-000-4688,BUY,FLAT,0,1,1773184141304727232,2026-03-10 23:09:01.304727232+00:00,1773184205125643663,2026-03-10 23:10:05.125643663+00:00,63820916431,6837.75,6838.5,['0.00 USD'],0.00011,0.75 USD,True
BACKTESTER-001,OracleStrategy-000,MESM6.GLBX,GLBX-001,O-20260310-231005-001-000-4689,O-20260310-231251-001-000-4690,SELL,FLAT,0,1,1773184205125643663,2026-03-10 23:10:05.125643663+00:00,1773184371671988269,2026-03-10 23:12:51.671988269+00:00,166546344606,6838.5,6841.5,['0.00 USD'],-0.00044,-3.00 USD,True
BACKTESTER-001,OracleStrategy-000,MESM6.GLBX,GLBX-001,O-20260310-231253-001-000-4692,O-20260310-231353-001-000-4693,SELL,FLAT,0,1,1773184373163536662,2026-03-10 23:12:53.163536662+00:00,1773184433316030802,2026-03-10 23:13:53.316030802+00:00,60152494140,6841.25,6841.0,['0.00 USD'],4e-05,0.25 USD,True
BACKTESTER-001,OracleStrategy-000,MESM6.GLBX,GLBX-001,O-20260310-231353-001-000-4694,O-20260310-231412-001-000-4695,BUY,FLAT,0,1,1773184433316030802,2026-03-10 23:13:53.316030802+00:00,1773184452563745879,2026-03-10 23:14:12.563745879+00:00,19247715077,6841.0,6840.5,['0.00 USD'],-7e-05,-0.50 USD,True
BACKTESTER-001,OracleStrategy-000,MESM6.GLBX,GLBX-001,O-20260310-231412-001-000-4696,O-20260310-231546-001-000-4697,SELL,FLAT,0,1,1773184452563745879,2026-03-10 23:14:12.563745879+00:00,1773184546779235919,2026-03-10 23:15:46.779235919+00:00,94215490040,6840.5,6842.0,['0.00 USD'],-0.00022,-1.50 USD,True
BACKTESTER-001,OracleStrategy-000,MESM6.GLBX,GLBX-001,O-20260310-231622-001-000-4699,O-20260310-231637-001-000-4700,SELL,FLAT,0,1,1773184582455212173,2026-03-10 23:16:22.455212173+00:00,1773184597072403498,2026-03-10 23:16:37.072403498+00:00,14617191325,6843.0,6842.0,['0.00 USD'],0.00015,1.00 USD,True
BACKTESTER-001,OracleStrategy-000,MESM6.GLBX,GLBX-001,O-20260310-231639-001-000-4702,O-20260310-231750-001-000-4703,SELL,FLAT,0,1,1773184599340249090,2026-03-10 23:16:39.340249090+00:00,1773184670491331870,2026-03-10 23:17:50.491331870+00:00,71151082780,6841.25,6841.25,['0.00 USD'],0.0,0.00 USD,True
BACKTESTER-001,OracleStrategy-000,MESM6.GLBX,GLBX-001,O-20260310-231750-001-000-4704,O-20260310-232117-001-000-4705,BUY,FLAT,0,1,1773184670491331870,2026-03-10 23:17:50.491331870+00:00,1773184877415249008,2026-03-10 23:21:17.415249008+00:00,206923917138,6841.25,6842.5,['0.00 USD'],0.00018,1.25 USD,True
BACKTESTER-001,OracleStrategy-000,MESM6.GLBX,GLBX-001,O-20260310-232117-001-000-4706,O-20260310-232214-001-000-4707,SELL,FLAT,0,1,1773184877415249008,2026-03-10 23:21:17.415249008+00:00,1773184934637887111,2026-03-10 23:22:14.637887111+00:00,57222638103,6842.5,6843.25,['0.00 USD'],-0.00011,-0.75 USD,True
BACKTESTER-001,OracleStrategy-000,MESM6.GLBX,GLBX-001,O-20260310-232324-001-000-4710,O-20260310-232802-001-000-4711,BUY,FLAT,0,1,1773185004462541103,2026-03-10 23:23:24.462541103+00:00,1773185282103394128,2026-03-10 23:28:02.103394128+00:00,277640853025,6842.0,6841.5,['0.00 USD'],-7e-05,-0.50 USD,True
BACKTESTER-001,OracleStrategy-000,MESM6.GLBX,GLBX-001,O-20260310-233030-001-000-4713,O-20260310-233121-001-000-4714,BUY,FLAT,0,1,1773185430430832754,2026-03-10 23:30:30.430832754+00:00,1773185481736291899,2026-03-10 23:31:21.736291899+00:00,51305459145,6841.75,6842.5,['0.00 USD'],0.00011,0.75 USD,True
BACKTESTER-001,OracleStrategy-000,MESM6.GLBX,GLBX-001,O-20260310-233121-001-000-4715,O-20260310-233250-001-000-4716,SELL,FLAT,0,1,1773185481736291899,2026-03-10 23:31:21.736291899+00:00,1773185570742400768,2026-03-10 23:32:50.742400768+00:00,89006108869,6842.5,6842.0,['0.00 USD'],7e-05,0.50 USD,True
BACKTESTER-001,OracleStrategy-000,MESM6.GLBX,GLBX-001,O-20260310-233250-001-000-4717,O-20260310-233607-001-000-4718,BUY,FLAT,0,1,1773185570742400768,2026-03-10 23:32:50.742400768+00:00,1773185767958619473,2026-03-10 23:36:07.958619473+00:00,197216218705,6842.0,6840.75,['0.00 USD'],-0.00018,-1.25 USD,True
BACKTESTER-001,OracleStrategy-000,MESM6.GLBX,GLBX-001,O-20260310-234400-001-000-4721,O-20260310-234608-001-000-4722,BUY,FLAT,0,1,1773186240803640426,2026-03-10 23:44:00.803640426+00:00,1773186368212939930,2026-03-10 23:46:08.212939930+00:00,127409299504,6840.5,6844.25,['0.00 USD'],0.00055,3.75 USD,True
BACKTESTER-001,OracleStrategy-000,MESM6.GLBX,GLBX-001,O-20260310-234608-001-000-4723,O-20260310-234701-001-000-4724,SELL,FLAT,0,1,1773186368212939930,2026-03-10 23:46:08.212939930+00:00,1773186421175520751,2026-03-10 23:47:01.175520751+00:00,52962580821,6844.25,6844.5,['0.00 USD'],-4e-05,-0.25 USD,True
BACKTESTER-001,OracleStrategy-000,MESM6.GLBX,GLBX-001,O-20260310-234746-001-000-4727,O-20260310-234857-001-000-4728,SELL,FLAT,0,1,1773186466141720080,2026-03-10 23:47:46.141720080+00:00,1773186537027685567,2026-03-10 23:48:57.027685567+00:00,70885965487,6844.0,6843.75,['0.00 USD'],4e-05,0.25 USD,True
BACKTESTER-001,OracleStrategy-000,MESM6.GLBX,GLBX-001,O-20260310-234857-001-000-4729,O-20260310-235006-001-000-4730,BUY,FLAT,0,1,1773186537027685567,2026-03-10 23:48:57.027685567+00:00,1773186606441641786,2026-03-10 23:50:06.441641786+00:00,69413956219,6843.75,6844.5,['0.00 USD'],0.00011,0.75 USD,True
BACKTESTER-001,OracleStrategy-000,MESM6.GLBX,GLBX-001,O-20260310-235105-001-000-4737,O-20260310-235129-001-000-4738,SELL,FLAT,0,1,1773186665423181175,2026-03-10 23:51:05.423181175+00:00,1773186689091171121,2026-03-10 23:51:29.091171121+00:00,23667989946,6848.25,6850.0,['0.00 USD'],-0.00026,-1.75 USD,True
BACKTESTER-001,OracleStrategy-000,MESM6.GLBX,GLBX-001,O-20260310-235215-001-000-4741,O-20260310-235219-001-000-4742,BUY,FLAT,0,1,1773186735306180973,2026-03-10 23:52:15.306180973+00:00,1773186739418522403,2026-03-10 23:52:19.418522403+00:00,4112341430,6848.0,6847.5,['0.00 USD'],-7e-05,-0.50 USD,True
BACKTESTER-001,OracleStrategy-000,MESM6.GLBX,GLBX-001,O-20260310-235311-001-000-4746,O-20260310-235611-001-000-4747,BUY,FLAT,0,1,1773186791674292957,2026-03-10 23:53:11.674292957+00:00,1773186971385189890,2026-03-10 23:56:11.385189890+00:00,179710896933,6847.0,6847.5,['0.00 USD'],7e-05,0.50 USD,True
BACKTESTER-001,OracleStrategy-000,MESM6.GLBX,GLBX-001,O-20260310-235906-001-000-4753,O-20260310-235959-001-000-4754,BUY,FLAT,0,1,1773187146383745957,2026-03-10 23:59:06.383745957+00:00,1773187199492874607,2026-03-10 23:59:59.492874607+00:00,53109128650,6849.75,6847.5,['0.00 USD'],-0.00033,-2.25 USD,False
