trader_id,strategy_id,instrument_id,venue_order_id,position_id,account_id,last_trade_id,type,side,quantity,time_in_force,is_reduce_only,is_quote_quantity,filled_qty,liquidity_side,avg_px,slippage,commissions,emulation_trigger,status,contingency_type,order_list_id,linked_order_ids,parent_order_id,exec_algorithm_id,exec_algorithm_params,exec_spawn_id,tags,init_id,ts_init,ts_last
BACKTESTER-001,OracleStrategy-000,MESM6.GLBX,GLBX-1-001,MESM6.GLBX-OracleStrategy-000,GLBX-001,GLBX-1-001,MARKET,SELL,1,GTC,False,False,1,TAKER,6745.0,0.0,['0.00 USD'],NO_TRIGGER,FILLED,NO_CONTINGENCY,,,,MY_GENERIC_ALGO,,O-20260308-220000-001-000-1,,b61e3068-e727-4036-871f-77f2bb7780bf,1773007200136210549,1773007200136210549
BACKTESTER-001,OracleStrategy-000,MESM6.GLBX,GLBX-1-002,MESM6.GLBX-OracleStrategy-000,GLBX-001,GLBX-1-002,MARKET,BUY,1,GTC,True,False,1,TAKER,6720.0,0.0,['0.00 USD'],NO_TRIGGER,FILLED,NO_CONTINGENCY,,,,MY_GENERIC_ALGO,,O-20260308-220040-001-000-2,,4cf21d86-0166-473d-9290-c9de14232908,1773007240372954511,1773007240372954511
BACKTESTER-001,OracleStrategy-000,MESM6.GLBX,GLBX-1-003,MESM6.GLBX-OracleStrategy-000,GLBX-001,GLBX-1-003,MARKET,BUY,1,GTC,False,False,1,TAKER,6720.0,0.0,['0.00 USD'],NO_TRIGGER,FILLED,NO_CONTINGENCY,,,,MY_GENERIC_ALGO,,O-20260308-220040-001-000-3,,11c8312f-12b6-4d93-a9ef-67593afc4692,1773007240372954511,1773007240372954511
BACKTESTER-001,OracleStrategy-000,MESM6.GLBX,GLBX-1-004,MESM6.GLBX-OracleStrategy-000,GLBX-001,GLBX-1-004,MARKET,SELL,1,GTC,True,False,1,TAKER,6720.0,0.0,['0.00 USD'],NO_TRIGGER,FILLED,NO_CONTINGENCY,,,,MY_GENERIC_ALGO,,O-20260308-220043-001-000-4,,109871c1-15fd-4d3e-bf28-565a76c77816,1773007243544532484,1773007243544532484
BACKTESTER-001,OracleStrategy-000,MESM6.GLBX,GLBX-1-005,MESM6.GLBX-OracleStrategy-000,GLBX-001,GLBX-1-005,MARKET,SELL,1,GTC,False,False,1,TAKER,6720.0,0.0,['0.00 USD'],NO_TRIGGER,FILLED,NO_CONTINGENCY,,,,MY_GENERIC_ALGO,,O-20260308-220043-001-000-5,,1a2f66e6-47c0-41bd-acd5-5009510b19bd,1773007243544532484,1773007243544532484
BACKTESTER-001,OracleStrategy-000,MESM6.GLBX,GLBX-1-006,MESM6.GLBX-OracleStrategy-000,GLBX-001,GLBX-1-006,MARKET,BUY,1,GTC,True,False,1,TAKER,6711.0,0.0,['0.00 USD'],NO_TRIGGER,FILLED,NO_CONTINGENCY,,,,MY_GENERIC_ALGO,,O-20260308-220121-001-000-6,,8e674e3b-55c4-4cac-ae3a-bf11a4e41809,1773007281642410037,1773007281642410037
BACKTESTER-001,OracleStrategy-000,MESM6.GLBX,GLBX-1-007,MESM6.GLBX-OracleStrategy-000,GLBX-001,GLBX-1-007,MARKET,BUY,1,GTC,False,False,1,TAKER,6711.0,0.0,['0.00 USD'],NO_TRIGGER,FILLED,NO_CONTINGENCY,,,,MY_GENERIC_ALGO,,O-20260308-220121-001-000-7,,c190f0ee-2a55-4dbf-a35b-ef5878058e46,1773007281642410037,1773007281642410037
BACKTESTER-001,OracleStrategy-000,MESM6.GLBX,GLBX-1-008,MESM6.GLBX-OracleStrategy-000,GLBX-001,GLBX-1-008,MARKET,SELL,1,GTC,True,False,1,TAKER,6708.5,0.0,['0.00 USD'],NO_TRIGGER,FILLED,NO_CONTINGENCY,,,,MY_GENERIC_ALGO,,O-20260308-220124-001-000-8,,6c109281-c26a-4a25-a9a9-ed20ceecee63,1773007284270974314,1773007284270974314
BACKTESTER-001,OracleStrategy-000,MESM6.GLBX,GLBX-1-009,MESM6.GLBX-OracleStrategy-000,GLBX-001,GLBX-1-009,MARKET,SELL,1,GTC,False,False,1,TAKER,6708.5,0.0,['0.00 USD'],NO_TRIGGER,FILLED,NO_CONTINGENCY,,,,MY_GENERIC_ALGO,,O-20260308-220124-001-000-9,,e2c15111-627e-4e69-8da1-ed83b60fef9f,1773007284270974314,1773007284270974314
BACKTESTER-001,OracleStrategy-000,MESM6.GLBX,GLBX-1-010,MESM6.GLBX-OracleStrategy-000,GLBX-001,GLBX-1-010,MARKET,BUY,1,GTC,True,False,1,TAKER,6697.0,0.0,['0.00 USD'],NO_TRIGGER,FILLED,NO_CONTINGENCY,,,,MY_GENERIC_ALGO,,O-20260308-220207-001-000-10,,39c73e7f-1318-4586-bed8-de6d57adf7d4,1773007327565296856,1773007327565296856
BACKTESTER-001,OracleStrategy-000,MESM6.GLBX,GLBX-1-011,MESM6.GLBX-OracleStrategy-000,GLBX-001,GLBX-1-011,MARKET,BUY,1,GTC,False,False,1,TAKER,6697.0,0.0,['0.00 USD'],NO_TRIGGER,FILLED,NO_CONTINGENCY,,,,MY_GENERIC_ALGO,,O-20260308-220207-001-000-11,,e6b8aa78-bfb1-4e71-8f3e-75db133ec478,1773007327565296856,1773007327565296856
BACKTESTER-001,OracleStrategy-000,MESM6.GLBX,GLBX-1-012,MESM6.GLBX-OracleStrategy-000,GLBX-001,GLBX-1-012,MARKET,SELL,1,GTC,True,False,1,TAKER,6697.75,0.0,['0.00 USD'],NO_TRIGGER,FILLED,NO_CONTINGENCY,,,,MY_GENERIC_ALGO,,O-20260308-220217-001-000-12,,7a672a42-5812-4ab9-bc6c-e0196ee822c5,1773007337413527063,1773007337413527063
BACKTESTER-001,OracleStrategy-000,MESM6.GLBX,GLBX-1-013,MESM6.GLBX-OracleStrategy-000,GLBX-001,GLBX-1-013,MARKET,SELL,1,GTC,False,False,1,TAKER,6697.75,0.0,['0.00 USD'],NO_TRIGGER,FILLED,NO_CONTINGENCY,,,,MY_GENERIC_ALGO,,O-20260308-220217-001-000-13,,ca834d97-014c-4980-8a55-bcad94fe3191,1773007337413527063,1773007337413527063
BACKTESTER-001,OracleStrategy-000,MESM6.GLBX,GLBX-1-014,MESM6.GLBX-OracleStrategy-000,GLBX-001,GLBX-1-014,MARKET,BUY,1,GTC,True,False,1,TAKER,6696.25,0.0,['0.00 USD'],NO_TRIGGER,FILLED,NO_CONTINGENCY,,,,MY_GENERIC_ALGO,,O-20260308-220241-001-000-14,,3906b4c7-9189-49b9-b971-364dc9f819a7,1773007361213193896,1773007361213193896
BACKTESTER-001,OracleStrategy-000,MESM6.GLBX,GLBX-1-015,MESM6.GLBX-OracleStrategy-000,GLBX-001,GLBX-1-015,MARKET,BUY,1,GTC,False,False,1,TAKER,6696.25,0.0,['0.00 USD'],NO_TRIGGER,FILLED,NO_CONTINGENCY,,,,MY_GENERIC_ALGO,,O-20260308-220241-001-000-15,,7af23db7-80bd-457d-8230-edf56ffa49fd,1773007361213193896,1773007361213193896
BACKTESTER-001,OracleStrategy-000,MESM6.GLBX,GLBX-1-016,MESM6.GLBX-OracleStrategy-000,GLBX-001,GLBX-1-016,MARKET,SELL,1,GTC,True,False,1,TAKER,6698.0,0.0,['0.00 USD'],NO_TRIGGER,FILLED,NO_CONTINGENCY,,,,MY_GENERIC_ALGO,,O-20260308-220245-001-000-16,,e2062f1d-8d07-48ac-bc39-1339da191caa,1773007365586807037,1773007365586807037
BACKTESTER-001,OracleStrategy-000,MESM6.GLBX,GLBX-1-017,MESM6.GLBX-OracleStrategy-000,GLBX-001,GLBX-1-017,MARKET,SELL,1,GTC,False,False,1,TAKER,6698.0,0.0,['0.00 USD'],NO_TRIGGER,FILLED,NO_CONTINGENCY,,,,MY_GENERIC_ALGO,,O-20260308-220245-001-000-17,,ce12349b-aeeb-42fd-8f49-aac51214541d,1773007365586807037,1773007365586807037
BACKTESTER-001,OracleStrategy-000,MESM6.GLBX,GLBX-1-018,MESM6.GLBX-OracleStrategy-000,GLBX-001,GLBX-1-018,MARKET,BUY,1,GTC,True,False,1,TAKER,6695.0,0.0,['0.00 USD'],NO_TRIGGER,FILLED,NO_CONTINGENCY,,,,MY_GENERIC_ALGO,,O-20260308-220251-001-000-18,,42232c41-b2b2-486b-9067-fd516fb19dfd,1773007371160079784,1773007371160079784
BACKTESTER-001,OracleStrategy-000,MESM6.GLBX,GLBX-1-019,MESM6.GLBX-OracleStrategy-000,GLBX-001,GLBX-1-019,MARKET,BUY,1,GTC,False,False,1,TAKER,6695.0,0.0,['0.00 USD'],NO_TRIGGER,FILLED,NO_CONTINGENCY,,,,MY_GENERIC_ALGO,,O-20260308-220251-001-000-19,,82782424-f597-4689-8a6c-3896f78d74cc,1773007371160079784,1773007371160079784
BACKTESTER-001,OracleStrategy-000,MESM6.GLBX,GLBX-1-020,MESM6.GLBX-OracleStrategy-000,GLBX-001,GLBX-1-020,MARKET,SELL,1,GTC,True,False,1,TAKER,6699.5,0.0,['0.00 USD'],NO_TRIGGER,FILLED,NO_CONTINGENCY,,,,MY_GENERIC_ALGO,,O-20260308-220330-001-000-20,,6c29067e-5225-4155-ac69-cf99db2c73f3,1773007410702788291,1773007410702788291
BACKTESTER-001,OracleStrategy-000,MESM6.GLBX,GLBX-1-021,MESM6.GLBX-OracleStrategy-000,GLBX-001,GLBX-1-021,MARKET,SELL,1,GTC,False,False,1,TAKER,6699.5,0.0,['0.00 USD'],NO_TRIGGER,FILLED,NO_CONTINGENCY,,,,MY_GENERIC_ALGO,,O-20260308-220330-001-000-21,,d16fe7c0-9faa-4b6b-8f63-2f0d9665aadd,1773007410702788291,1773007410702788291
BACKTESTER-001,OracleStrategy-000,MESM6.GLBX,GLBX-1-022,MESM6.GLBX-OracleStrategy-000,GLBX-001,GLBX-1-022,MARKET,BUY,1,GTC,True,False,1,TAKER,6701.25,0.0,['0.00 USD'],NO_TRIGGER,FILLED,NO_CONTINGENCY,,,,MY_GENERIC_ALGO,,O-20260308-220333-001-000-22,,80835528-87aa-480c-a185-fd1adc8b815a,1773007413796182672,1773007413796182672
BACKTESTER-001,OracleStrategy-000,MESM6.GLBX,GLBX-1-023,MESM6.GLBX-OracleStrategy-000,GLBX-001,GLBX-1-023,MARKET,BUY,1,GTC,False,False,1,TAKER,6701.25,0.0,['0.00 USD'],NO_TRIGGER,FILLED,NO_CONTINGENCY,,,,MY_GENERIC_ALGO,,O-20260308-220333-001-000-23,,db3d1a3f-cf58-43b0-ba82-cfe40176bac5,1773007413796182672,1773007413796182672
BACKTESTER-001,OracleStrategy-000,MESM6.GLBX,GLBX-1-024,MESM6.GLBX-OracleStrategy-000,GLBX-001,GLBX-1-024,MARKET,SELL,1,GTC,True,False,1,TAKER,6703.0,0.0,['0.00 USD'],NO_TRIGGER,FILLED,NO_CONTINGENCY,,,,MY_GENERIC_ALGO,,O-20260308-220338-001-000-24,,597c2123-7016-44dc-9e31-5311b52d7169,1773007418616748022,1773007418616748022
BACKTESTER-001,OracleStrategy-000,MESM6.GLBX,GLBX-1-025,MESM6.GLBX-OracleStrategy-000,GLBX-001,GLBX-1-025,MARKET,SELL,1,GTC,False,False,1,TAKER,6703.0,0.0,['0.00 USD'],NO_TRIGGER,FILLED,NO_CONTINGENCY,,,,MY_GENERIC_ALGO,,O-20260308-220338-001-000-25,,ef906dc6-4221-4f21-b1f7-cae3629dcee5,1773007418616748022,1773007418616748022
BACKTESTER-001,OracleStrategy-000,MESM6.GLBX,GLBX-1-026,MESM6.GLBX-OracleStrategy-000,GLBX-001,GLBX-1-026,MARKET,BUY,1,GTC,True,False,1,TAKER,6702.5,0.0,['0.00 USD'],NO_TRIGGER,FILLED,NO_CONTINGENCY,,,,MY_GENERIC_ALGO,,O-20260308-220339-001-000-26,,b75c0b1e-af01-4cda-b68f-bbb7ae7d937b,1773007419894842613,1773007419894842613
BACKTESTER-001,OracleStrategy-000,MESM6.GLBX,GLBX-1-027,MESM6.GLBX-OracleStrategy-000,GLBX-001,GLBX-1-027,MARKET,BUY,1,GTC,False,False,1,TAKER,6702.5,0.0,['0.00 USD'],NO_TRIGGER,FILLED,NO_CONTINGENCY,,,,MY_GENERIC_ALGO,,O-20260308-220339-001-000-27,,0d6daf6a-26ae-49ee-a981-c218efc21863,1773007419894842613,1773007419894842613
BACKTESTER-001,OracleStrategy-000,MESM6.GLBX,GLBX-1-028,MESM6.GLBX-OracleStrategy-000,GLBX-001,GLBX-1-028,MARKET,SELL,1,GTC,True,False,1,TAKER,6702.5,0.0,['0.00 USD'],NO_TRIGGER,FILLED,NO_CONTINGENCY,,,,MY_GENERIC_ALGO,,O-20260308-220357-001-000-28,,550ac4bc-d216-4101-b731-7e4f8e779552,1773007437737283339,1773007437737283339
BACKTESTER-001,OracleStrategy-000,MESM6.GLBX,GLBX-1-029,MESM6.GLBX-OracleStrategy-000,GLBX-001,GLBX-1-029,MARKET,SELL,1,GTC,False,False,1,TAKER,6702.5,0.0,['0.00 USD'],NO_TRIGGER,FILLED,NO_CONTINGENCY,,,,MY_GENERIC_ALGO,,O-20260308-220357-001-000-29,,83f7bc2d-e790-4a2a-ab97-1ddc9b48f33a,1773007437737283339,1773007437737283339
BACKTESTER-001,OracleStrategy-000,MESM6.GLBX,GLBX-1-030,MESM6.GLBX-OracleStrategy-000,GLBX-001,GLBX-1-030,MARKET,BUY,1,GTC,True,False,1,TAKER,6702.5,0.0,['0.00 USD'],NO_TRIGGER,FILLED,NO_CONTINGENCY,,,,MY_GENERIC_ALGO,,O-20260308-220417-001-000-30,,2a6e6078-a317-4bd2-baed-f40d518f353a,1773007457770426699,1773007457770426699
BACKTESTER-001,OracleStrategy-000,MESM6.GLBX,GLBX-1-031,MESM6.GLBX-OracleStrategy-000,GLBX-001,GLBX-1-031,MARKET,BUY,1,GTC,False,False,1,TAKER,6702.5,0.0,['0.00 USD'],NO_TRIGGER,FILLED,NO_CONTINGENCY,,,,MY_GENERIC_ALGO,,O-20260308-220417-001-000-31,,56d4ce04-2dae-417c-8752-1f141794c047,1773007457770426699,1773007457770426699
BACKTESTER-001,OracleStrategy-000,MESM6.GLBX,GLBX-1-032,MESM6.GLBX-OracleStrategy-000,GLBX-001,GLBX-1-032,MARKET,SELL,1,GTC,True,False,1,TAKER,6700.75,0.0,['0.00 USD'],NO_TRIGGER,FILLED,NO_CONTINGENCY,,,,MY_GENERIC_ALGO,,O-20260308-220418-001-000-32,,629c04c6-1fb8-4ce3-9b54-55d2edffac83,1773007458921533951,1773007458921533951
BACKTESTER-001,OracleStrategy-000,MESM6.GLBX,GLBX-1-033,MESM6.GLBX-OracleStrategy-000,GLBX-001,GLBX-1-033,MARKET,SELL,1,GTC,False,False,1,TAKER,6700.75,0.0,['0.00 USD'],NO_TRIGGER,FILLED,NO_CONTINGENCY,,,,MY_GENERIC_ALGO,,O-20260308-220418-001-000-33,,e4952c4a-36dd-4a32-b7a9-9e1c9cca9a88,1773007458921533951,1773007458921533951
BACKTESTER-001,OracleStrategy-000,MESM6.GLBX,GLBX-1-034,MESM6.GLBX-OracleStrategy-000,GLBX-001,GLBX-1-034,MARKET,BUY,1,GTC,True,False,1,TAKER,6695.25,0.0,['0.00 USD'],NO_TRIGGER,FILLED,NO_CONTINGENCY,,,,MY_GENERIC_ALGO,,O-20260308-220431-001-000-34,,d67ae59f-abf3-4eea-8473-ef964c50635c,1773007471799008707,1773007471799008707
BACKTESTER-001,OracleStrategy-000,MESM6.GLBX,GLBX-1-035,MESM6.GLBX-OracleStrategy-000,GLBX-001,GLBX-1-035,MARKET,BUY,1,GTC,False,False,1,TAKER,6695.25,0.0,['0.00 USD'],NO_TRIGGER,FILLED,NO_CONTINGENCY,,,,MY_GENERIC_ALGO,,O-20260308-220431-001-000-35,,77183b64-e8f4-47a7-ac0b-b259d4244df3,1773007471799008707,1773007471799008707
BACKTESTER-001,OracleStrategy-000,MESM6.GLBX,GLBX-1-036,MESM6.GLBX-OracleStrategy-000,GLBX-001,GLBX-1-036,MARKET,SELL,1,GTC,True,False,1,TAKER,6699.0,0.0,['0.00 USD'],NO_TRIGGER,FILLED,NO_CONTINGENCY,,,,MY_GENERIC_ALGO,,O-20260308-220447-001-000-36,,bfc82dc6-e0dc-4cee-91b1-140eb4768c6f,1773007487450960355,1773007487450960355
BACKTESTER-001,OracleStrategy-000,MESM6.GLBX,GLBX-1-037,MESM6.GLBX-OracleStrategy-000,GLBX-001,GLBX-1-037,MARKET,SELL,1,GTC,False,False,1,TAKER,6699.0,0.0,['0.00 USD'],NO_TRIGGER,FILLED,NO_CONTINGENCY,,,,MY_GENERIC_ALGO,,O-20260308-220447-001-000-37,,01bb5151-4e0a-42de-b4e9-55ea5073dcf4,1773007487450960355,1773007487450960355
BACKTESTER-001,OracleStrategy-000,MESM6.GLBX,GLBX-1-038,MESM6.GLBX-OracleStrategy-000,GLBX-001,GLBX-1-038,MARKET,BUY,1,GTC,True,False,1,TAKER,6689.0,0.0,['0.00 USD'],NO_TRIGGER,FILLED,NO_CONTINGENCY,,,,MY_GENERIC_ALGO,,O-20260308-220520-001-000-38,,06dfc016-8d95-45cb-929e-ffe72a8ce2d1,1773007520672755643,1773007520672755643
BACKTESTER-001,OracleStrategy-000,MESM6.GLBX,GLBX-1-039,MESM6.GLBX-OracleStrategy-000,GLBX-001,GLBX-1-039,MARKET,BUY,1,GTC,False,False,1,TAKER,6689.0,0.0,['0.00 USD'],NO_TRIGGER,FILLED,NO_CONTINGENCY,,,,MY_GENERIC_ALGO,,O-20260308-220520-001-000-39,,0b1a5307-2657-419a-9ac7-88f1532c24db,1773007520672755643,1773007520672755643
BACKTESTER-001,OracleStrategy-000,MESM6.GLBX,GLBX-1-040,MESM6.GLBX-OracleStrategy-000,GLBX-001,GLBX-1-040,MARKET,SELL,1,GTC,True,False,1,TAKER,6687.75,0.0,['0.00 USD'],NO_TRIGGER,FILLED,NO_CONTINGENCY,,,,MY_GENERIC_ALGO,,O-20260308-220521-001-000-40,,78a4a96f-3173-49bb-aa4b-5bb00e6cf570,1773007521838041397,1773007521838041397
BACKTESTER-001,OracleStrategy-000,MESM6.GLBX,GLBX-1-041,MESM6.GLBX-OracleStrategy-000,GLBX-001,GLBX-1-041,MARKET,SELL,1,GTC,False,False,1,TAKER,6687.75,0.0,['0.00 USD'],NO_TRIGGER,FILLED,NO_CONTINGENCY,,,,MY_GENERIC_ALGO,,O-20260308-220521-001-000-41,,284b1adf-6284-437e-9a60-0d20aa95b808,1773007521838041397,1773007521838041397
BACKTESTER-001,OracleStrategy-000,MESM6.GLBX,GLBX-1-042,MESM6.GLBX-OracleStrategy-000,GLBX-001,GLBX-1-042,MARKET,BUY,1,GTC,True,False,1,TAKER,6686.0,0.0,['0.00 USD'],NO_TRIGGER,FILLED,NO_CONTINGENCY,,,,MY_GENERIC_ALGO,,O-20260308-220527-001-000-42,,79edd0ec-e0e4-4fb3-a24c-a8f931c21975,1773007527450625877,1773007527450625877
BACKTESTER-001,OracleStrategy-000,MESM6.GLBX,GLBX-1-043,MESM6.GLBX-OracleStrategy-000,GLBX-001,GLBX-1-043,MARKET,BUY,1,GTC,False,False,1,TAKER,6686.0,0.0,['0.00 USD'],NO_TRIGGER,FILLED,NO_CONTINGENCY,,,,MY_GENERIC_ALGO,,O-20260308-220527-001-000-43,,25b3c705-f864-4225-a2fa-6fafd6b329ca,1773007527450625877,1773007527450625877
BACKTESTER-001,OracleStrategy-000,MESM6.GLBX,GLBX-1-044,MESM6.GLBX-OracleStrategy-000,GLBX-001,GLBX-1-044,MARKET,SELL,1,GTC,True,False,1,TAKER,6684.75,0.0,['0.00 USD'],NO_TRIGGER,FILLED,NO_CONTINGENCY,,,,MY_GENERIC_ALGO,,O-20260308-220536-001-000-44,,45bff8c1-a93b-4605-bb67-1400bae258c7,1773007536899160089,1773007536899160089
BACKTESTER-001,OracleStrategy-000,MESM6.GLBX,GLBX-1-045,MESM6.GLBX-OracleStrategy-000,GLBX-001,GLBX-1-045,MARKET,SELL,1,GTC,False,False,1,TAKER,6684.75,0.0,['0.00 USD'],NO_TRIGGER,FILLED,NO_CONTINGENCY,,,,MY_GENERIC_ALGO,,O-20260308-220536-001-000-45,,547c2a8a-388a-489b-af54-f8ffdb49f979,1773007536899160089,1773007536899160089
BACKTESTER-001,OracleStrategy-000,MESM6.GLBX,GLBX-1-046,MESM6.GLBX-OracleStrategy-000,GLBX-001,GLBX-1-046,MARKET,BUY,1,GTC,True,False,1,TAKER,6685.5,0.0,['0.00 USD'],NO_TRIGGER,FILLED,NO_CONTINGENCY,,,,MY_GENERIC_ALGO,,O-20260308-220552-001-000-46,,c06eb934-179d-4959-872d-9b95e5f5b414,1773007552587402346,1773007552587402346
BACKTESTER-001,OracleStrategy-000,MESM6.GLBX,GLBX-1-047,MESM6.GLBX-OracleStrategy-000,GLBX-001,GLBX-1-047,MARKET,BUY,1,GTC,False,False,1,TAKER,6685.5,0.0,['0.00 USD'],NO_TRIGGER,FILLED,NO_CONTINGENCY,,,,MY_GENERIC_ALGO,,O-20260308-220552-001-000-47,,fa1a9226-6249-419c-833b-458cc6b063b9,1773007552587402346,1773007552587402346
BACKTESTER-001,OracleStrategy-000,MESM6.GLBX,GLBX-1-048,MESM6.GLBX-OracleStrategy-000,GLBX-001,GLBX-1-048,MARKET,SELL,1,GTC,True,False,1,TAKER,6688.25,0.0,['0.00 USD'],NO_TRIGGER,FILLED,NO_CONTINGENCY,,,,MY_GENERIC_ALGO,,O-20260308-220557-001-000-48,,70004204-f825-4385-a96b-6e6696534688,1773007557912930971,1773007557912930971
BACKTESTER-001,OracleStrategy-000,MESM6.GLBX,GLBX-1-049,MESM6.GLBX-OracleStrategy-000,GLBX-001,GLBX-1-049,MARKET,SELL,1,GTC,False,False,1,TAKER,6688.25,0.0,['0.00 USD'],NO_TRIGGER,FILLED,NO_CONTINGENCY,,,,MY_GENERIC_ALGO,,O-20260308-220557-001-000-49,,64f24a14-1c12-43f8-92b2-fe280407d9cc,1773007557912930971,1773007557912930971
BACKTESTER-001,OracleStrategy-000,MESM6.GLBX,GLBX-1-050,MESM6.GLBX-OracleStrategy-000,GLBX-001,GLBX-1-050,MARKET,BUY,1,GTC,True,False,1,TAKER,6684.5,0.0,['0.00 USD'],NO_TRIGGER,FILLED,NO_CONTINGENCY,,,,MY_GENERIC_ALGO,,O-20260308-220623-001-000-50,,d6793060-e930-4fc3-825c-6648f6866c3a,1773007583617088584,1773007583617088584
BACKTESTER-001,OracleStrategy-000,MESM6.GLBX,GLBX-1-051,MESM6.GLBX-OracleStrategy-000,GLBX-001,GLBX-1-051,MARKET,BUY,1,GTC,False,False,1,TAKER,6684.5,0.0,['0.00 USD'],NO_TRIGGER,FILLED,NO_CONTINGENCY,,,,MY_GENERIC_ALGO,,O-20260308-220623-001-000-51,,854f36d6-6764-4a53-8ff2-09c5b34ba8f1,1773007583617088584,1773007583617088584
BACKTESTER-001,OracleStrategy-000,MESM6.GLBX,GLBX-1-052,MESM6.GLBX-OracleStrategy-000,GLBX-001,GLBX-1-052,MARKET,SELL,1,GTC,True,False,1,TAKER,6684.75,0.0,['0.00 USD'],NO_TRIGGER,FILLED,NO_CONTINGENCY,,,,MY_GENERIC_ALGO,,O-20260308-220630-001-000-52,,19f1c8cf-f532-4cd8-bff6-337242d51130,1773007590831709572,1773007590831709572
BACKTESTER-001,OracleStrategy-000,MESM6.GLBX,GLBX-1-053,MESM6.GLBX-OracleStrategy-000,GLBX-001,GLBX-1-053,MARKET,SELL,1,GTC,False,False,1,TAKER,6684.75,0.0,['0.00 USD'],NO_TRIGGER,FILLED,NO_CONTINGENCY,,,,MY_GENERIC_ALGO,,O-20260308-220630-001-000-53,,3f649669-7330-4289-aa11-3bb8294723a2,1773007590831709572,1773007590831709572
BACKTESTER-001,OracleStrategy-000,MESM6.GLBX,GLBX-1-054,MESM6.GLBX-OracleStrategy-000,GLBX-001,GLBX-1-054,MARKET,BUY,1,GTC,True,False,1,TAKER,6683.0,0.0,['0.00 USD'],NO_TRIGGER,FILLED,NO_CONTINGENCY,,,,MY_GENERIC_ALGO,,O-20260308-220634-001-000-54,,8891c8bf-379d-4e47-b5cb-93fe1cc2862f,1773007594847163527,1773007594847163527
BACKTESTER-001,OracleStrategy-000,MESM6.GLBX,GLBX-1-055,MESM6.GLBX-OracleStrategy-000,GLBX-001,GLBX-1-055,MARKET,BUY,1,GTC,False,False,1,TAKER,6683.0,0.0,['0.00 USD'],NO_TRIGGER,FILLED,NO_CONTINGENCY,,,,MY_GENERIC_ALGO,,O-20260308-220634-001-000-55,,6917ed37-60e5-47fb-8329-f91f908dbe0f,1773007594847163527,1773007594847163527
BACKTESTER-001,OracleStrategy-000,MESM6.GLBX,GLBX-1-056,MESM6.GLBX-OracleStrategy-000,GLBX-001,GLBX-1-056,MARKET,SELL,1,GTC,True,False,1,TAKER,6681.75,0.0,['0.00 USD'],NO_TRIGGER,FILLED,NO_CONTINGENCY,,,,MY_GENERIC_ALGO,,O-20260308-220638-001-000-56,,32f8aa21-9943-44c5-b033-1bb1ca1e49ab,1773007598617316387,1773007598617316387
BACKTESTER-001,OracleStrategy-000,MESM6.GLBX,GLBX-1-057,MESM6.GLBX-OracleStrategy-000,GLBX-001,GLBX-1-057,MARKET,SELL,1,GTC,False,False,1,TAKER,6681.75,0.0,['0.00 USD'],NO_TRIGGER,FILLED,NO_CONTINGENCY,,,,MY_GENERIC_ALGO,,O-20260308-220638-001-000-57,,b234cdf2-016f-4d75-8414-2f5c51dae1aa,1773007598617316387,1773007598617316387
BACKTESTER-001,OracleStrategy-000,MESM6.GLBX,GLBX-1-058,MESM6.GLBX-OracleStrategy-000,GLBX-001,GLBX-1-058,MARKET,BUY,1,GTC,True,False,1,TAKER,6681.25,0.0,['0.00 USD'],NO_TRIGGER,FILLED,NO_CONTINGENCY,,,,MY_GENERIC_ALGO,,O-20260308-220640-001-000-58,,29c29fd8-0221-4a8f-8562-471efb8bd548,1773007600981714431,1773007600981714431
BACKTESTER-001,OracleStrategy-000,MESM6.GLBX,GLBX-1-059,MESM6.GLBX-OracleStrategy-000,GLBX-001,GLBX-1-059,MARKET,BUY,1,GTC,False,False,1,TAKER,6681.25,0.0,['0.00 USD'],NO_TRIGGER,FILLED,NO_CONTINGENCY,,,,MY_GENERIC_ALGO,,O-20260308-220640-001-000-59,,22285c22-902c-4f37-a7c0-13f2badbdd21,1773007600981714431,1773007600981714431
BACKTESTER-001,OracleStrategy-000,MESM6.GLBX,GLBX-1-060,MESM6.GLBX-OracleStrategy-000,GLBX-001,GLBX-1-060,MARKET,SELL,1,GTC,True,False,1,TAKER,6681.0,0.0,['0.00 USD'],NO_TRIGGER,FILLED,NO_CONTINGENCY,,,,MY_GENERIC_ALGO,,O-20260308-220643-001-000-60,,7a104b07-ef93-4dbc-9971-31651951036d,1773007603474451595,1773007603474451595
BACKTESTER-001,OracleStrategy-000,MESM6.GLBX,GLBX-1-061,MESM6.GLBX-OracleStrategy-000,GLBX-001,GLBX-1-061,MARKET,SELL,1,GTC,False,False,1,TAKER,6681.0,0.0,['0.00 USD'],NO_TRIGGER,FILLED,NO_CONTINGENCY,,,,MY_GENERIC_ALGO,,O-20260308-220643-001-000-61,,b4e26885-a8a4-4593-856e-640edba9347e,1773007603474451595,1773007603474451595
BACKTESTER-001,OracleStrategy-000,MESM6.GLBX,GLBX-1-062,MESM6.GLBX-OracleStrategy-000,GLBX-001,GLBX-1-062,MARKET,BUY,1,GTC,True,False,1,TAKER,6677.5,0.0,['0.00 USD'],NO_TRIGGER,FILLED,NO_CONTINGENCY,,,,MY_GENERIC_ALGO,,O-20260308-220649-001-000-62,,b125fc1d-60ee-4d21-bdba-4c8f18f1dd65,1773007609915777289,1773007609915777289
BACKTESTER-001,OracleStrategy-000,MESM6.GLBX,GLBX-1-063,MESM6.GLBX-OracleStrategy-000,GLBX-001,GLBX-1-063,MARKET,BUY,1,GTC,False,False,1,TAKER,6677.5,0.0,['0.00 USD'],NO_TRIGGER,FILLED,NO_CONTINGENCY,,,,MY_GENERIC_ALGO,,O-20260308-220649-001-000-63,,948deed7-5aa8-4da3-b0f7-74adbf9a28d5,1773007609915777289,1773007609915777289
BACKTESTER-001,OracleStrategy-000,MESM6.GLBX,GLBX-1-064,MESM6.GLBX-OracleStrategy-000,GLBX-001,GLBX-1-064,MARKET,SELL,1,GTC,True,False,1,TAKER,6689.0,0.0,['0.00 USD'],NO_TRIGGER,FILLED,NO_CONTINGENCY,,,,MY_GENERIC_ALGO,,O-20260308-220717-001-000-64,,1795bf30-c266-46d9-9656-4c60e986c211,1773007637308895248,1773007637308895248
BACKTESTER-001,OracleStrategy-000,MESM6.GLBX,GLBX-1-065,MESM6.GLBX-OracleStrategy-000,GLBX-001,GLBX-1-065,MARKET,SELL,1,GTC,False,False,1,TAKER,6689.0,0.0,['0.00 USD'],NO_TRIGGER,FILLED,NO_CONTINGENCY,,,,MY_GENERIC_ALGO,,O-20260308-220717-001-000-65,,fd8be1c6-1e43-4fec-9f92-72c0f98b3e65,1773007637308895248,1773007637308895248
BACKTESTER-001,OracleStrategy-000,MESM6.GLBX,GLBX-1-066,MESM6.GLBX-OracleStrategy-000,GLBX-001,GLBX-1-066,MARKET,BUY,1,GTC,True,False,1,TAKER,6688.5,0.0,['0.00 USD'],NO_TRIGGER,FILLED,NO_CONTINGENCY,,,,MY_GENERIC_ALGO,,O-20260308-220718-001-000-66,,09e766a7-af32-4124-9004-0001c25863cd,1773007638848923754,1773007638848923754
BACKTESTER-001,OracleStrategy-000,MESM6.GLBX,GLBX-1-067,MESM6.GLBX-OracleStrategy-000,GLBX-001,GLBX-1-067,MARKET,BUY,1,GTC,False,False,1,TAKER,6688.5,0.0,['0.00 USD'],NO_TRIGGER,FILLED,NO_CONTINGENCY,,,,MY_GENERIC_ALGO,,O-20260308-220718-001-000-67,,492fe8af-f418-40b1-9ede-47404e0fae24,1773007638848923754,1773007638848923754
BACKTESTER-001,OracleStrategy-000,MESM6.GLBX,GLBX-1-068,MESM6.GLBX-OracleStrategy-000,GLBX-001,GLBX-1-068,MARKET,SELL,1,GTC,True,False,1,TAKER,6687.0,0.0,['0.00 USD'],NO_TRIGGER,FILLED,NO_CONTINGENCY,,,,MY_GENERIC_ALGO,,O-20260308-220734-001-000-68,,e752c3c1-60de-4cda-b29a-22a9fb904a2d,1773007654028013525,1773007654028013525
BACKTESTER-001,OracleStrategy-000,MESM6.GLBX,GLBX-1-069,MESM6.GLBX-OracleStrategy-000,GLBX-001,GLBX-1-069,MARKET,SELL,1,GTC,False,False,1,TAKER,6687.0,0.0,['0.00 USD'],NO_TRIGGER,FILLED,NO_CONTINGENCY,,,,MY_GENERIC_ALGO,,O-20260308-220734-001-000-69,,cf67b3f2-ba57-4b72-a1cf-8d427a2fb686,1773007654028013525,1773007654028013525
BACKTESTER-001,OracleStrategy-000,MESM6.GLBX,GLBX-1-070,MESM6.GLBX-OracleStrategy-000,GLBX-001,GLBX-1-070,MARKET,BUY,1,GTC,True,False,1,TAKER,6690.5,0.0,['0.00 USD'],NO_TRIGGER,FILLED,NO_CONTINGENCY,,,,MY_GENERIC_ALGO,,O-20260308-220748-001-000-70,,beaf20d6-4ecf-4df7-94dd-cb606a7a1736,1773007668714067354,1773007668714067354
BACKTESTER-001,OracleStrategy-000,MESM6.GLBX,GLBX-1-071,MESM6.GLBX-OracleStrategy-000,GLBX-001,GLBX-1-071,MARKET,BUY,1,GTC,False,False,1,TAKER,6690.5,0.0,['0.00 USD'],NO_TRIGGER,FILLED,NO_CONTINGENCY,,,,MY_GENERIC_ALGO,,O-20260308-220748-001-000-71,,1839f110-1706-41d5-85d8-cf0467fa9c5e,1773007668714067354,1773007668714067354
BACKTESTER-001,OracleStrategy-000,MESM6.GLBX,GLBX-1-072,MESM6.GLBX-OracleStrategy-000,GLBX-001,GLBX-1-072,MARKET,SELL,1,GTC,True,False,1,TAKER,6688.5,0.0,['0.00 USD'],NO_TRIGGER,FILLED,NO_CONTINGENCY,,,,MY_GENERIC_ALGO,,O-20260308-220752-001-000-72,,8f570a2c-f626-4784-9454-654833761e14,1773007672747677669,1773007672747677669
BACKTESTER-001,OracleStrategy-000,MESM6.GLBX,,,,,MARKET,SELL,1,GTC,False,False,0,NO_LIQUIDITY_SIDE,,,,NO_TRIGGER,INITIALIZED,NO_CONTINGENCY,,,,MY_GENERIC_ALGO,,O-20260308-220752-001-000-73,,7831388e-b6e3-4569-9266-2e1e20cbc4ce,1773007672747677669,1773007672747677669
BACKTESTER-001,OracleStrategy-000,MESM6.GLBX,GLBX-1-073,MESM6.GLBX-OracleStrategy-000,GLBX-001,GLBX-1-073,MARKET,SELL,1,GTC,False,False,1,TAKER,6689.5,0.0,['0.00 USD'],NO_TRIGGER,FILLED,NO_CONTINGENCY,,,,MY_GENERIC_ALGO,,O-20260308-220754-001-000-74,,a8e1c576-955d-478b-9c40-9c00cba2cf05,1773007674252414666,1773007674252414666
BACKTESTER-001,OracleStrategy-000,MESM6.GLBX,GLBX-1-074,MESM6.GLBX-OracleStrategy-000,GLBX-001,GLBX-1-074,MARKET,BUY,1,GTC,True,False,1,TAKER,6681.5,0.0,['0.00 USD'],NO_TRIGGER,FILLED,NO_CONTINGENCY,,,,MY_GENERIC_ALGO,,O-20260308-220823-001-000-75,,4f62cb86-49b2-41b2-b11f-5353636862c9,1773007703016090441,1773007703016090441
BACKTESTER-001,OracleStrategy-000,MESM6.GLBX,GLBX-1-075,MESM6.GLBX-OracleStrategy-000,GLBX-001,GLBX-1-075,MARKET,BUY,1,GTC,False,False,1,TAKER,6681.5,0.0,['0.00 USD'],NO_TRIGGER,FILLED,NO_CONTINGENCY,,,,MY_GENERIC_ALGO,,O-20260308-220823-001-000-76,,b4ef0737-0c62-47a7-b5c6-7b6e0ad7f04b,1773007703016090441,1773007703016090441
BACKTESTER-001,OracleStrategy-000,MESM6.GLBX,GLBX-1-076,MESM6.GLBX-OracleStrategy-000,GLBX-001,GLBX-1-076,MARKET,SELL,1,GTC,True,False,1,TAKER,6680.25,0.0,['0.00 USD'],NO_TRIGGER,FILLED,NO_CONTINGENCY,,,,MY_GENERIC_ALGO,,O-20260308-220839-001-000-77,,6adf7911-d844-4aca-a071-37fc36f74614,1773007719809312072,1773007719809312072
BACKTESTER-001,OracleStrategy-000,MESM6.GLBX,GLBX-1-077,MESM6.GLBX-OracleStrategy-000,GLBX-001,GLBX-1-077,MARKET,SELL,1,GTC,False,False,1,TAKER,6680.25,0.0,['0.00 USD'],NO_TRIGGER,FILLED,NO_CONTINGENCY,,,,MY_GENERIC_ALGO,,O-20260308-220839-001-000-78,,e64219c8-16e5-4104-9057-0c36b4a07523,1773007719809312072,1773007719809312072
BACKTESTER-001,OracleStrategy-000,MESM6.GLBX,GLBX-1-078,MESM6.GLBX-OracleStrategy-000,GLBX-001,GLBX-1-078,MARKET,BUY,1,GTC,True,False,1,TAKER,6676.75,0.0,['0.00 USD'],NO_TRIGGER,FILLED,NO_CONTINGENCY,,,,MY_GENERIC_ALGO,,O-20260308-220855-001-000-79,,ad8ae4db-5d21-41a4-8b6d-904aefb223db,1773007735411551495,1773007735411551495
BACKTESTER-001,OracleStrategy-000,MESM6.GLBX,GLBX-1-079,MESM6.GLBX-OracleStrategy-000,GLBX-001,GLBX-1-079,MARKET,BUY,1,GTC,False,False,1,TAKER,6676.75,0.0,['0.00 USD'],NO_TRIGGER,FILLED,NO_CONTINGENCY,,,,MY_GENERIC_ALGO,,O-20260308-220855-001-000-80,,c93b3347-8485-4c71-8d26-c6e455b8ca77,1773007735411551495,1773007735411551495
BACKTESTER-001,OracleStrategy-000,MESM6.GLBX,GLBX-1-080,MESM6.GLBX-OracleStrategy-000,GLBX-001,GLBX-1-080,MARKET,SELL,1,GTC,True,False,1,TAKER,6678.25,0.0,['0.00 USD'],NO_TRIGGER,FILLED,NO_CONTINGENCY,,,,MY_GENERIC_ALGO,,O-20260308-220903-001-000-81,,4b270e71-d507-4022-8788-412f398ad18b,1773007743706494357,1773007743706494357
BACKTESTER-001,OracleStrategy-000,MESM6.GLBX,GLBX-1-081,MESM6.GLBX-OracleStrategy-000,GLBX-001,GLBX-1-081,MARKET,SELL,1,GTC,False,False,1,TAKER,6678.25,0.0,['0.00 USD'],NO_TRIGGER,FILLED,NO_CONTINGENCY,,,,MY_GENERIC_ALGO,,O-20260308-220903-001-000-82,,1fcc7974-ff10-46c7-9fa7-ed675038f6be,1773007743706494357,1773007743706494357
BACKTESTER-001,OracleStrategy-000,MESM6.GLBX,GLBX-1-082,MESM6.GLBX-OracleStrategy-000,GLBX-001,GLBX-1-082,MARKET,BUY,1,GTC,True,False,1,TAKER,6673.5,0.0,['0.00 USD'],NO_TRIGGER,FILLED,NO_CONTINGENCY,,,,MY_GENERIC_ALGO,,O-20260308-220917-001-000-83,,afe2fbde-acbe-4e4a-bc50-2d071a22c03d,1773007757069366323,1773007757069366323
BACKTESTER-001,OracleStrategy-000,MESM6.GLBX,GLBX-1-083,MESM6.GLBX-OracleStrategy-000,GLBX-001,GLBX-1-083,MARKET,BUY,1,GTC,False,False,1,TAKER,6673.5,0.0,['0.00 USD'],NO_TRIGGER,FILLED,NO_CONTINGENCY,,,,MY_GENERIC_ALGO,,O-20260308-220917-001-000-84,,a23939f9-cdc7-49e9-8d59-6cdc08e50729,1773007757069366323,1773007757069366323
BACKTESTER-001,OracleStrategy-000,MESM6.GLBX,GLBX-1-084,MESM6.GLBX-OracleStrategy-000,GLBX-001,GLBX-1-084,MARKET,SELL,1,GTC,True,False,1,TAKER,6671.75,0.0,['0.00 USD'],NO_TRIGGER,FILLED,NO_CONTINGENCY,,,,MY_GENERIC_ALGO,,O-20260308-220923-001-000-85,,6057bd95-8660-4d32-801f-a36c0b641c56,1773007763000641543,1773007763000641543
BACKTESTER-001,OracleStrategy-000,MESM6.GLBX,GLBX-1-085,MESM6.GLBX-OracleStrategy-000,GLBX-001,GLBX-1-085,MARKET,SELL,1,GTC,False,False,1,TAKER,6671.75,0.0,['0.00 USD'],NO_TRIGGER,FILLED,NO_CONTINGENCY,,,,MY_GENERIC_ALGO,,O-20260308-220923-001-000-86,,3fb3e178-9e2f-410d-a588-81a934d54fbf,1773007763000641543,1773007763000641543
BACKTESTER-001,OracleStrategy-000,MESM6.GLBX,GLBX-1-086,MESM6.GLBX-OracleStrategy-000,GLBX-001,GLBX-1-086,MARKET,BUY,1,GTC,True,False,1,TAKER,6670.75,0.0,['0.00 USD'],NO_TRIGGER,FILLED,NO_CONTINGENCY,,,,MY_GENERIC_ALGO,,O-20260308-220926-001-000-87,,3ac030de-2708-45f5-9cbd-803f3eb0bd10,1773007766057937967,1773007766057937967
BACKTESTER-001,OracleStrategy-000,MESM6.GLBX,GLBX-1-087,MESM6.GLBX-OracleStrategy-000,GLBX-001,GLBX-1-087,MARKET,BUY,1,GTC,False,False,1,TAKER,6670.75,0.0,['0.00 USD'],NO_TRIGGER,FILLED,NO_CONTINGENCY,,,,MY_GENERIC_ALGO,,O-20260308-220926-001-000-88,,0d8cf3ce-a1b0-47d1-abfa-6a63d4a1a31b,1773007766057937967,1773007766057937967
BACKTESTER-001,OracleStrategy-000,MESM6.GLBX,GLBX-1-088,MESM6.GLBX-OracleStrategy-000,GLBX-001,GLBX-1-088,MARKET,SELL,1,GTC,True,False,1,TAKER,6670.5,0.0,['0.00 USD'],NO_TRIGGER,FILLED,NO_CONTINGENCY,,,,MY_GENERIC_ALGO,,O-20260308-220928-001-000-89,,7096e09c-828e-489b-82a1-e321a243bb76,1773007768874500498,1773007768874500498
BACKTESTER-001,OracleStrategy-000,MESM6.GLBX,GLBX-1-089,MESM6.GLBX-OracleStrategy-000,GLBX-001,GLBX-1-089,MARKET,SELL,1,GTC,False,False,1,TAKER,6670.5,0.0,['0.00 USD'],NO_TRIGGER,FILLED,NO_CONTINGENCY,,,,MY_GENERIC_ALGO,,O-20260308-220928-001-000-90,,b561e6a8-d889-478e-b166-8b5d0b41a98e,1773007768874500498,1773007768874500498
BACKTESTER-001,OracleStrategy-000,MESM6.GLBX,GLBX-1-090,MESM6.GLBX-OracleStrategy-000,GLBX-001,GLBX-1-090,MARKET,BUY,1,GTC,True,False,1,TAKER,6670.5,0.0,['0.00 USD'],NO_TRIGGER,FILLED,NO_CONTINGENCY,,,,MY_GENERIC_ALGO,,O-20260308-220930-001-000-91,,10f85e0c-8397-444e-93db-d972b39935f8,1773007770034441867,1773007770034441867
BACKTESTER-001,OracleStrategy-000,MESM6.GLBX,GLBX-1-091,MESM6.GLBX-OracleStrategy-000,GLBX-001,GLBX-1-091,MARKET,BUY,1,GTC,False,False,1,TAKER,6670.5,0.0,['0.00 USD'],NO_TRIGGER,FILLED,NO_CONTINGENCY,,,,MY_GENERIC_ALGO,,O-20260308-220930-001-000-92,,11cd85e3-a19f-4e1d-b9cf-157e4f582a93,1773007770034441867,1773007770034441867
BACKTESTER-001,OracleStrategy-000,MESM6.GLBX,GLBX-1-092,MESM6.GLBX-OracleStrategy-000,GLBX-001,GLBX-1-092,MARKET,SELL,1,GTC,True,False,1,TAKER,6680.0,0.0,['0.00 USD'],NO_TRIGGER,FILLED,NO_CONTINGENCY,,,,MY_GENERIC_ALGO,,O-20260308-221010-001-000-93,,5badd372-616d-4da4-821c-3b6dbac42dc8,1773007810430977611,1773007810430977611
BACKTESTER-001,OracleStrategy-000,MESM6.GLBX,GLBX-1-093,MESM6.GLBX-OracleStrategy-000,GLBX-001,GLBX-1-093,MARKET,SELL,1,GTC,False,False,1,TAKER,6680.0,0.0,['0.00 USD'],NO_TRIGGER,FILLED,NO_CONTINGENCY,,,,MY_GENERIC_ALGO,,O-20260308-221010-001-000-94,,bdc7a149-39be-48fd-a044-8ac24fa028df,1773007810430977611,1773007810430977611
BACKTESTER-001,OracleStrategy-000,MESM6.GLBX,GLBX-1-094,MESM6.GLBX-OracleStrategy-000,GLBX-001,GLBX-1-094,MARKET,BUY,1,GTC,True,False,1,TAKER,6682.5,0.0,['0.00 USD'],NO_TRIGGER,FILLED,NO_CONTINGENCY,,,,MY_GENERIC_ALGO,,O-20260308-221012-001-000-95,,7c277b11-f730-4f04-b1d2-7d8cb8f270dd,1773007812352934411,1773007812352934411
BACKTESTER-001,OracleStrategy-000,MESM6.GLBX,GLBX-1-095,MESM6.GLBX-OracleStrategy-000,GLBX-001,GLBX-1-095,MARKET,BUY,1,GTC,False,False,1,TAKER,6682.5,0.0,['0.00 USD'],NO_TRIGGER,FILLED,NO_CONTINGENCY,,,,MY_GENERIC_ALGO,,O-20260308-221012-001-000-96,,319530fe-e5ae-4e84-96f4-6640472eb7db,1773007812352934411,1773007812352934411
BACKTESTER-001,OracleStrategy-000,MESM6.GLBX,GLBX-1-096,MESM6.GLBX-OracleStrategy-000,GLBX-001,GLBX-1-096,MARKET,SELL,1,GTC,True,False,1,TAKER,6682.0,0.0,['0.00 USD'],NO_TRIGGER,FILLED,NO_CONTINGENCY,,,,MY_GENERIC_ALGO,,O-20260308-221033-001-000-97,,6f509f45-e245-4983-af43-f1e6eb07d54e,1773007833966652085,1773007833966652085
BACKTESTER-001,OracleStrategy-000,MESM6.GLBX,GLBX-1-097,MESM6.GLBX-OracleStrategy-000,GLBX-001,GLBX-1-097,MARKET,SELL,1,GTC,False,False,1,TAKER,6682.0,0.0,['0.00 USD'],NO_TRIGGER,FILLED,NO_CONTINGENCY,,,,MY_GENERIC_ALGO,,O-20260308-221033-001-000-98,,bc4d06c0-0923-4b33-b469-ea2525858002,1773007833966652085,1773007833966652085
BACKTESTER-001,OracleStrategy-000,MESM6.GLBX,GLBX-1-099,MESM6.GLBX-OracleStrategy-000,GLBX-001,GLBX-1-099,MARKET,BUY,1,GTC,False,False,1,TAKER,6684.0,0.0,['0.00 USD'],NO_TRIGGER,FILLED,NO_CONTINGENCY,,,,MY_GENERIC_ALGO,,O-20260308-221058-001-000-100,,6ca5504e-536a-4693-b815-38b66caa75b9,1773007858875395549,1773007858875395549
BACKTESTER-001,OracleStrategy-000,MESM6.GLBX,GLBX-1-098,MESM6.GLBX-OracleStrategy-000,GLBX-001,GLBX-1-098,MARKET,BUY,1,GTC,True,False,1,TAKER,6684.0,0.0,['0.00 USD'],NO_TRIGGER,FILLED,NO_CONTINGENCY,,,,MY_GENERIC_ALGO,,O-20260308-221058-001-000-99,,3192f102-7de6-4117-87e7-db870f01b25c,1773007858875395549,1773007858875395549
BACKTESTER-001,OracleStrategy-000,MESM6.GLBX,GLBX-1-100,MESM6.GLBX-OracleStrategy-000,GLBX-001,GLBX-1-100,MARKET,SELL,1,GTC,True,False,1,TAKER,6682.0,0.0,['0.00 USD'],NO_TRIGGER,FILLED,NO_CONTINGENCY,,,,MY_GENERIC_ALGO,,O-20260308-221104-001-000-101,,e060d91a-074e-4e35-938d-93f4bfd54770,1773007864851237757,1773007864851237757
BACKTESTER-001,OracleStrategy-000,MESM6.GLBX,GLBX-1-101,MESM6.GLBX-OracleStrategy-000,GLBX-001,GLBX-1-101,MARKET,SELL,1,GTC,False,False,1,TAKER,6682.0,0.0,['0.00 USD'],NO_TRIGGER,FILLED,NO_CONTINGENCY,,,,MY_GENERIC_ALGO,,O-20260308-221104-001-000-102,,67b2395e-8770-487e-a143-e2d470f0be56,1773007864851237757,1773007864851237757
BACKTESTER-001,OracleStrategy-000,MESM6.GLBX,GLBX-1-102,MESM6.GLBX-OracleStrategy-000,GLBX-001,GLBX-1-102,MARKET,BUY,1,GTC,True,False,1,TAKER,6677.25,0.0,['0.00 USD'],NO_TRIGGER,FILLED,NO_CONTINGENCY,,,,MY_GENERIC_ALGO,,O-20260308-221105-001-000-103,,f604a030-1ebf-433d-987d-df2167ccc50a,1773007865852709659,1773007865852709659
BACKTESTER-001,OracleStrategy-000,MESM6.GLBX,GLBX-1-103,MESM6.GLBX-OracleStrategy-000,GLBX-001,GLBX-1-103,MARKET,BUY,1,GTC,False,False,1,TAKER,6677.25,0.0,['0.00 USD'],NO_TRIGGER,FILLED,NO_CONTINGENCY,,,,MY_GENERIC_ALGO,,O-20260308-221105-001-000-104,,ac6b8d3f-e685-4baa-8eb4-68333367993a,1773007865852709659,1773007865852709659
BACKTESTER-001,OracleStrategy-000,MESM6.GLBX,GLBX-1-104,MESM6.GLBX-OracleStrategy-000,GLBX-001,GLBX-1-104,MARKET,SELL,1,GTC,True,False,1,TAKER,6678.75,0.0,['0.00 USD'],NO_TRIGGER,FILLED,NO_CONTINGENCY,,,,MY_GENERIC_ALGO,,O-20260308-221107-001-000-105,,96cb6c80-0173-4a10-be85-678be34bb6bd,1773007867108595448,1773007867108595448
BACKTESTER-001,OracleStrategy-000,MESM6.GLBX,GLBX-1-105,MESM6.GLBX-OracleStrategy-000,GLBX-001,GLBX-1-105,MARKET,SELL,1,GTC,False,False,1,TAKER,6678.75,0.0,['0.00 USD'],NO_TRIGGER,FILLED,NO_CONTINGENCY,,,,MY_GENERIC_ALGO,,O-20260308-221107-001-000-106,,38d8aaa2-53ee-4d13-9409-c5c9ff5a6d42,1773007867108595448,1773007867108595448
BACKTESTER-001,OracleStrategy-000,MESM6.GLBX,GLBX-1-106,MESM6.GLBX-OracleStrategy-000,GLBX-001,GLBX-1-106,MARKET,BUY,1,GTC,True,False,1,TAKER,6680.5,0.0,['0.00 USD'],NO_TRIGGER,FILLED,NO_CONTINGENCY,,,,MY_GENERIC_ALGO,,O-20260308-221113-001-000-107,,2118bb14-fc55-41a9-b80d-f3c7ad439485,1773007873360012682,1773007873360012682
BACKTESTER-001,OracleStrategy-000,MESM6.GLBX,GLBX-1-107,MESM6.GLBX-OracleStrategy-000,GLBX-001,GLBX-1-107,MARKET,BUY,1,GTC,False,False,1,TAKER,6680.5,0.0,['0.00 USD'],NO_TRIGGER,FILLED,NO_CONTINGENCY,,,,MY_GENERIC_ALGO,,O-20260308-221113-001-000-108,,99694977-95ce-4f3d-8707-873aa6f16d50,1773007873360012682,1773007873360012682
BACKTESTER-001,OracleStrategy-000,MESM6.GLBX,GLBX-1-108,MESM6.GLBX-OracleStrategy-000,GLBX-001,GLBX-1-108,MARKET,SELL,1,GTC,True,False,1,TAKER,6680.0,0.0,['0.00 USD'],NO_TRIGGER,FILLED,NO_CONTINGENCY,,,,MY_GENERIC_ALGO,,O-20260308-221114-001-000-109,,33dc91c5-37ba-4171-9033-e9fcd5251dd8,1773007874679412256,1773007874679412256
BACKTESTER-001,OracleStrategy-000,MESM6.GLBX,GLBX-1-109,MESM6.GLBX-OracleStrategy-000,GLBX-001,GLBX-1-109,MARKET,SELL,1,GTC,False,False,1,TAKER,6680.0,0.0,['0.00 USD'],NO_TRIGGER,FILLED,NO_CONTINGENCY,,,,MY_GENERIC_ALGO,,O-20260308-221114-001-000-110,,c86fab8d-b7d9-47ce-ba58-8cdbf4d5c621,1773007874679412256,1773007874679412256
BACKTESTER-001,OracleStrategy-000,MESM6.GLBX,GLBX-1-110,MESM6.GLBX-OracleStrategy-000,GLBX-001,GLBX-1-110,MARKET,BUY,1,GTC,True,False,1,TAKER,6678.0,0.0,['0.00 USD'],NO_TRIGGER,FILLED,NO_CONTINGENCY,,,,MY_GENERIC_ALGO,,O-20260308-221125-001-000-111,,76b8b02b-535f-4bf0-a9f7-609a293c9ed5,1773007885310552493,1773007885310552493
BACKTESTER-001,OracleStrategy-000,MESM6.GLBX,GLBX-1-111,MESM6.GLBX-OracleStrategy-000,GLBX-001,GLBX-1-111,MARKET,BUY,1,GTC,False,False,1,TAKER,6678.0,0.0,['0.00 USD'],NO_TRIGGER,FILLED,NO_CONTINGENCY,,,,MY_GENERIC_ALGO,,O-20260308-221125-001-000-112,,f91a17b1-968e-4dbd-aebb-caaf54891f08,1773007885310552493,1773007885310552493
BACKTESTER-001,OracleStrategy-000,MESM6.GLBX,GLBX-1-112,MESM6.GLBX-OracleStrategy-000,GLBX-001,GLBX-1-112,MARKET,SELL,1,GTC,True,False,1,TAKER,6680.25,0.0,['0.00 USD'],NO_TRIGGER,FILLED,NO_CONTINGENCY,,,,MY_GENERIC_ALGO,,O-20260308-221131-001-000-113,,da407fbb-67ec-4d10-9354-f3d81bebeeda,1773007891166319759,1773007891166319759
BACKTESTER-001,OracleStrategy-000,MESM6.GLBX,GLBX-1-113,MESM6.GLBX-OracleStrategy-000,GLBX-001,GLBX-1-113,MARKET,SELL,1,GTC,False,False,1,TAKER,6680.25,0.0,['0.00 USD'],NO_TRIGGER,FILLED,NO_CONTINGENCY,,,,MY_GENERIC_ALGO,,O-20260308-221131-001-000-114,,94732364-2260-456d-8ad7-4d155a4d3525,1773007891166319759,1773007891166319759
BACKTESTER-001,OracleStrategy-000,MESM6.GLBX,GLBX-1-114,MESM6.GLBX-OracleStrategy-000,GLBX-001,GLBX-1-114,MARKET,BUY,1,GTC,True,False,1,TAKER,6679.5,0.0,['0.00 USD'],NO_TRIGGER,FILLED,NO_CONTINGENCY,,,,MY_GENERIC_ALGO,,O-20260308-221146-001-000-115,,49570eec-41cf-480f-aa22-d1be801575ed,1773007906534671626,1773007906534671626
BACKTESTER-001,OracleStrategy-000,MESM6.GLBX,GLBX-1-115,MESM6.GLBX-OracleStrategy-000,GLBX-001,GLBX-1-115,MARKET,BUY,1,GTC,False,False,1,TAKER,6679.5,0.0,['0.00 USD'],NO_TRIGGER,FILLED,NO_CONTINGENCY,,,,MY_GENERIC_ALGO,,O-20260308-221146-001-000-116,,816e3f52-9639-4e47-9e37-ae72311ba5d7,1773007906534671626,1773007906534671626
BACKTESTER-001,OracleStrategy-000,MESM6.GLBX,GLBX-1-116,MESM6.GLBX-OracleStrategy-000,GLBX-001,GLBX-1-116,MARKET,SELL,1,GTC,True,False,1,TAKER,6679.0,0.0,['0.00 USD'],NO_TRIGGER,FILLED,NO_CONTINGENCY,,,,MY_GENERIC_ALGO,,O-20260308-221151-001-000-117,,bad636bc-69ee-46d8-b7ea-eb4f679a3f3b,1773007911828553611,1773007911828553611
BACKTESTER-001,OracleStrategy-000,MESM6.GLBX,GLBX-1-117,MESM6.GLBX-OracleStrategy-000,GLBX-001,GLBX-1-117,MARKET,SELL,1,GTC,False,False,1,TAKER,6679.0,0.0,['0.00 USD'],NO_TRIGGER,FILLED,NO_CONTINGENCY,,,,MY_GENERIC_ALGO,,O-20260308-221151-001-000-118,,4e110b1c-01cf-4d12-9654-40832b878e91,1773007911828553611,1773007911828553611
BACKTESTER-001,OracleStrategy-000,MESM6.GLBX,GLBX-1-118,MESM6.GLBX-OracleStrategy-000,GLBX-001,GLBX-1-118,MARKET,BUY,1,GTC,True,False,1,TAKER,6677.75,0.0,['0.00 USD'],NO_TRIGGER,FILLED,NO_CONTINGENCY,,,,MY_GENERIC_ALGO,,O-20260308-221155-001-000-119,,5a018c34-3309-4378-bea5-b0ec8af10ef7,1773007915613286965,1773007915613286965
BACKTESTER-001,OracleStrategy-000,MESM6.GLBX,GLBX-1-119,MESM6.GLBX-OracleStrategy-000,GLBX-001,GLBX-1-119,MARKET,BUY,1,GTC,False,False,1,TAKER,6677.75,0.0,['0.00 USD'],NO_TRIGGER,FILLED,NO_CONTINGENCY,,,,MY_GENERIC_ALGO,,O-20260308-221155-001-000-120,,117fbf71-c3ee-4e5a-8afc-2bf0e7c3d5a2,1773007915613286965,1773007915613286965
BACKTESTER-001,OracleStrategy-000,MESM6.GLBX,GLBX-1-120,MESM6.GLBX-OracleStrategy-000,GLBX-001,GLBX-1-120,MARKET,SELL,1,GTC,True,False,1,TAKER,6678.5,0.0,['0.00 USD'],NO_TRIGGER,FILLED,NO_CONTINGENCY,,,,MY_GENERIC_ALGO,,O-20260308-221220-001-000-121,,70fc9082-fa7e-46f2-b3d5-5f7950019eb2,1773007940606960923,1773007940606960923
BACKTESTER-001,OracleStrategy-000,MESM6.GLBX,GLBX-1-121,MESM6.GLBX-OracleStrategy-000,GLBX-001,GLBX-1-121,MARKET,SELL,1,GTC,False,False,1,TAKER,6678.5,0.0,['0.00 USD'],NO_TRIGGER,FILLED,NO_CONTINGENCY,,,,MY_GENERIC_ALGO,,O-20260308-221220-001-000-122,,891cd0a3-4c44-4f9c-949d-4ec677f421f7,1773007940606960923,1773007940606960923
BACKTESTER-001,OracleStrategy-000,MESM6.GLBX,GLBX-1-122,MESM6.GLBX-OracleStrategy-000,GLBX-001,GLBX-1-122,MARKET,BUY,1,GTC,True,False,1,TAKER,6681.0,0.0,['0.00 USD'],NO_TRIGGER,FILLED,NO_CONTINGENCY,,,,MY_GENERIC_ALGO,,O-20260308-221236-001-000-123,,0de42aa8-073c-4d9d-b655-60d67c555ff2,1773007956595547383,1773007956595547383
BACKTESTER-001,OracleStrategy-000,MESM6.GLBX,GLBX-1-123,MESM6.GLBX-OracleStrategy-000,GLBX-001,GLBX-1-123,MARKET,BUY,1,GTC,False,False,1,TAKER,6681.0,0.0,['0.00 USD'],NO_TRIGGER,FILLED,NO_CONTINGENCY,,,,MY_GENERIC_ALGO,,O-20260308-221236-001-000-124,,e4f1f4d4-6475-4fb1-999f-801b4d3bee43,1773007956595547383,1773007956595547383
BACKTESTER-001,OracleStrategy-000,MESM6.GLBX,GLBX-1-124,MESM6.GLBX-OracleStrategy-000,GLBX-001,GLBX-1-124,MARKET,SELL,1,GTC,True,False,1,TAKER,6680.25,0.0,['0.00 USD'],NO_TRIGGER,FILLED,NO_CONTINGENCY,,,,MY_GENERIC_ALGO,,O-20260308-221239-001-000-125,,7525b394-f01c-499c-96bf-853551d7b94f,1773007959924388936,1773007959924388936
BACKTESTER-001,OracleStrategy-000,MESM6.GLBX,GLBX-1-125,MESM6.GLBX-OracleStrategy-000,GLBX-001,GLBX-1-125,MARKET,SELL,1,GTC,False,False,1,TAKER,6680.25,0.0,['0.00 USD'],NO_TRIGGER,FILLED,NO_CONTINGENCY,,,,MY_GENERIC_ALGO,,O-20260308-221239-001-000-126,,710d55a5-17a2-4cce-b79a-089fb1866e7f,1773007959924388936,1773007959924388936
BACKTESTER-001,OracleStrategy-000,MESM6.GLBX,GLBX-1-126,MESM6.GLBX-OracleStrategy-000,GLBX-001,GLBX-1-126,MARKET,BUY,1,GTC,True,False,1,TAKER,6681.0,0.0,['0.00 USD'],NO_TRIGGER,FILLED,NO_CONTINGENCY,,,,MY_GENERIC_ALGO,,O-20260308-221304-001-000-127,,6040dd78-b9f3-4976-9ffb-df095c211c4f,1773007984140026202,1773007984140026202
BACKTESTER-001,OracleStrategy-000,MESM6.GLBX,GLBX-1-127,MESM6.GLBX-OracleStrategy-000,GLBX-001,GLBX-1-127,MARKET,BUY,1,GTC,False,False,1,TAKER,6681.0,0.0,['0.00 USD'],NO_TRIGGER,FILLED,NO_CONTINGENCY,,,,MY_GENERIC_ALGO,,O-20260308-221304-001-000-128,,3a2dbb95-a83a-440b-8a66-e970c4248c9e,1773007984140026202,1773007984140026202
BACKTESTER-001,OracleStrategy-000,MESM6.GLBX,GLBX-1-128,MESM6.GLBX-OracleStrategy-000,GLBX-001,GLBX-1-128,MARKET,SELL,1,GTC,True,False,1,TAKER,6680.25,0.0,['0.00 USD'],NO_TRIGGER,FILLED,NO_CONTINGENCY,,,,MY_GENERIC_ALGO,,O-20260308-221306-001-000-129,,fa1dc505-997a-42ef-8730-9689639b88ef,1773007986411328399,1773007986411328399
BACKTESTER-001,OracleStrategy-000,MESM6.GLBX,GLBX-1-129,MESM6.GLBX-OracleStrategy-000,GLBX-001,GLBX-1-129,MARKET,SELL,1,GTC,False,False,1,TAKER,6680.25,0.0,['0.00 USD'],NO_TRIGGER,FILLED,NO_CONTINGENCY,,,,MY_GENERIC_ALGO,,O-20260308-221306-001-000-130,,198f1fc4-4b00-4d83-aa6b-386425508df7,1773007986411328399,1773007986411328399
BACKTESTER-001,OracleStrategy-000,MESM6.GLBX,GLBX-1-130,MESM6.GLBX-OracleStrategy-000,GLBX-001,GLBX-1-130,MARKET,BUY,1,GTC,True,False,1,TAKER,6681.75,0.0,['0.00 USD'],NO_TRIGGER,FILLED,NO_CONTINGENCY,,,,MY_GENERIC_ALGO,,O-20260308-221325-001-000-131,,59398774-b2e8-4909-8f17-0c1bbcc03b58,1773008005193784189,1773008005193784189
BACKTESTER-001,OracleStrategy-000,MESM6.GLBX,GLBX-1-131,MESM6.GLBX-OracleStrategy-000,GLBX-001,GLBX-1-131,MARKET,BUY,1,GTC,False,False,1,TAKER,6681.75,0.0,['0.00 USD'],NO_TRIGGER,FILLED,NO_CONTINGENCY,,,,MY_GENERIC_ALGO,,O-20260308-221325-001-000-132,,ec4795c3-f876-4a8a-993e-86ee864c8fae,1773008005193784189,1773008005193784189
BACKTESTER-001,OracleStrategy-000,MESM6.GLBX,GLBX-1-132,MESM6.GLBX-OracleStrategy-000,GLBX-001,GLBX-1-132,MARKET,SELL,1,GTC,True,False,1,TAKER,6682.25,0.0,['0.00 USD'],NO_TRIGGER,FILLED,NO_CONTINGENCY,,,,MY_GENERIC_ALGO,,O-20260308-221332-001-000-133,,c4867ba2-8590-4612-9913-a2299a46069f,1773008012056105923,1773008012056105923
BACKTESTER-001,OracleStrategy-000,MESM6.GLBX,GLBX-1-133,MESM6.GLBX-OracleStrategy-000,GLBX-001,GLBX-1-133,MARKET,SELL,1,GTC,False,False,1,TAKER,6682.25,0.0,['0.00 USD'],NO_TRIGGER,FILLED,NO_CONTINGENCY,,,,MY_GENERIC_ALGO,,O-20260308-221332-001-000-134,,22518bfe-30be-43bb-a5c8-1990be51ef1e,1773008012056105923,1773008012056105923
BACKTESTER-001,OracleStrategy-000,MESM6.GLBX,GLBX-1-134,MESM6.GLBX-OracleStrategy-000,GLBX-001,GLBX-1-134,MARKET,BUY,1,GTC,True,False,1,TAKER,6680.25,0.0,['0.00 USD'],NO_TRIGGER,FILLED,NO_CONTINGENCY,,,,MY_GENERIC_ALGO,,O-20260308-221336-001-000-135,,b7c820c3-4b7c-4f56-b990-e297e62d9d6a,1773008016252080019,1773008016252080019
BACKTESTER-001,OracleStrategy-000,MESM6.GLBX,GLBX-1-135,MESM6.GLBX-OracleStrategy-000,GLBX-001,GLBX-1-135,MARKET,BUY,1,GTC,False,False,1,TAKER,6680.25,0.0,['0.00 USD'],NO_TRIGGER,FILLED,NO_CONTINGENCY,,,,MY_GENERIC_ALGO,,O-20260308-221336-001-000-136,,4c384f40-6c47-44d3-9393-a6257378fc30,1773008016252080019,1773008016252080019
BACKTESTER-001,OracleStrategy-000,MESM6.GLBX,GLBX-1-136,MESM6.GLBX-OracleStrategy-000,GLBX-001,GLBX-1-136,MARKET,SELL,1,GTC,True,False,1,TAKER,6680.5,0.0,['0.00 USD'],NO_TRIGGER,FILLED,NO_CONTINGENCY,,,,MY_GENERIC_ALGO,,O-20260308-221338-001-000-137,,6f4613f3-d341-462a-91e6-ead8d0e9b9c6,1773008018987781738,1773008018987781738
BACKTESTER-001,OracleStrategy-000,MESM6.GLBX,GLBX-1-137,MESM6.GLBX-OracleStrategy-000,GLBX-001,GLBX-1-137,MARKET,SELL,1,GTC,False,False,1,TAKER,6680.5,0.0,['0.00 USD'],NO_TRIGGER,FILLED,NO_CONTINGENCY,,,,MY_GENERIC_ALGO,,O-20260308-221338-001-000-138,,4c829c51-a5da-41f4-b897-da16bc8da714,1773008018987781738,1773008018987781738
BACKTESTER-001,OracleStrategy-000,MESM6.GLBX,GLBX-1-138,MESM6.GLBX-OracleStrategy-000,GLBX-001,GLBX-1-138,MARKET,BUY,1,GTC,True,False,1,TAKER,6678.75,0.0,['0.00 USD'],NO_TRIGGER,FILLED,NO_CONTINGENCY,,,,MY_GENERIC_ALGO,,O-20260308-221353-001-000-139,,7fab7d7f-cf6a-45de-bd25-4e21bb9ee479,1773008033555443570,1773008033555443570
BACKTESTER-001,OracleStrategy-000,MESM6.GLBX,GLBX-1-139,MESM6.GLBX-OracleStrategy-000,GLBX-001,GLBX-1-139,MARKET,BUY,1,GTC,False,False,1,TAKER,6678.75,0.0,['0.00 USD'],NO_TRIGGER,FILLED,NO_CONTINGENCY,,,,MY_GENERIC_ALGO,,O-20260308-221353-001-000-140,,6eaaaaa0-0512-4427-b5f7-06d46d3efa7e,1773008033555443570,1773008033555443570
BACKTESTER-001,OracleStrategy-000,MESM6.GLBX,GLBX-1-140,MESM6.GLBX-OracleStrategy-000,GLBX-001,GLBX-1-140,MARKET,SELL,1,GTC,True,False,1,TAKER,6678.25,0.0,['0.00 USD'],NO_TRIGGER,FILLED,NO_CONTINGENCY,,,,MY_GENERIC_ALGO,,O-20260308-221406-001-000-141,,3ecaf9d7-81a7-4917-8437-42e1bbd38c2f,1773008046280886914,1773008046280886914
BACKTESTER-001,OracleStrategy-000,MESM6.GLBX,GLBX-1-141,MESM6.GLBX-OracleStrategy-000,GLBX-001,GLBX-1-141,MARKET,SELL,1,GTC,False,False,1,TAKER,6678.25,0.0,['0.00 USD'],NO_TRIGGER,FILLED,NO_CONTINGENCY,,,,MY_GENERIC_ALGO,,O-20260308-221406-001-000-142,,1e1b537a-b2a1-4967-b1e7-96dd7ee1c598,1773008046280886914,1773008046280886914
BACKTESTER-001,OracleStrategy-000,MESM6.GLBX,GLBX-1-142,MESM6.GLBX-OracleStrategy-000,GLBX-001,GLBX-1-142,MARKET,BUY,1,GTC,True,False,1,TAKER,6680.0,0.0,['0.00 USD'],NO_TRIGGER,FILLED,NO_CONTINGENCY,,,,MY_GENERIC_ALGO,,O-20260308-221413-001-000-143,,0b44212f-c2a1-46e4-accb-3941a6bbd673,1773008053169005210,1773008053169005210
BACKTESTER-001,OracleStrategy-000,MESM6.GLBX,GLBX-1-143,MESM6.GLBX-OracleStrategy-000,GLBX-001,GLBX-1-143,MARKET,BUY,1,GTC,False,False,1,TAKER,6680.0,0.0,['0.00 USD'],NO_TRIGGER,FILLED,NO_CONTINGENCY,,,,MY_GENERIC_ALGO,,O-20260308-221413-001-000-144,,ccb01eb0-1992-4eb9-b18e-f2107435627b,1773008053169005210,1773008053169005210
BACKTESTER-001,OracleStrategy-000,MESM6.GLBX,GLBX-1-144,MESM6.GLBX-OracleStrategy-000,GLBX-001,GLBX-1-144,MARKET,SELL,1,GTC,True,False,1,TAKER,6679.25,0.0,['0.00 USD'],NO_TRIGGER,FILLED,NO_CONTINGENCY,,,,MY_GENERIC_ALGO,,O-20260308-221424-001-000-145,,70baa5bd-f26c-4da8-9498-0e337729262c,1773008064575823848,1773008064575823848
BACKTESTER-001,OracleStrategy-000,MESM6.GLBX,GLBX-1-145,MESM6.GLBX-OracleStrategy-000,GLBX-001,GLBX-1-145,MARKET,SELL,1,GTC,False,False,1,TAKER,6679.25,0.0,['0.00 USD'],NO_TRIGGER,FILLED,NO_CONTINGENCY,,,,MY_GENERIC_ALGO,,O-20260308-221424-001-000-146,,cb89b717-54c2-4f8b-b398-5c4efc835a4e,1773008064575823848,1773008064575823848
BACKTESTER-001,OracleStrategy-000,MESM6.GLBX,GLBX-1-146,MESM6.GLBX-OracleStrategy-000,GLBX-001,GLBX-1-146,MARKET,BUY,1,GTC,True,False,1,TAKER,6673.75,0.0,['0.00 USD'],NO_TRIGGER,FILLED,NO_CONTINGENCY,,,,MY_GENERIC_ALGO,,O-20260308-221439-001-000-147,,2d8d4d8b-0593-4074-8926-937a21b623e4,1773008079037369067,1773008079037369067
BACKTESTER-001,OracleStrategy-000,MESM6.GLBX,GLBX-1-147,MESM6.GLBX-OracleStrategy-000,GLBX-001,GLBX-1-147,MARKET,BUY,1,GTC,False,False,1,TAKER,6673.75,0.0,['0.00 USD'],NO_TRIGGER,FILLED,NO_CONTINGENCY,,,,MY_GENERIC_ALGO,,O-20260308-221439-001-000-148,,58349809-3cd0-4510-9c84-067ddb4f02b4,1773008079037369067,1773008079037369067
BACKTESTER-001,OracleStrategy-000,MESM6.GLBX,GLBX-1-148,MESM6.GLBX-OracleStrategy-000,GLBX-001,GLBX-1-148,MARKET,SELL,1,GTC,True,False,1,TAKER,6672.5,0.0,['0.00 USD'],NO_TRIGGER,FILLED,NO_CONTINGENCY,,,,MY_GENERIC_ALGO,,O-20260308-221442-001-000-149,,6b26c213-f621-4e8d-b5ba-374156153b6c,1773008082611930911,1773008082611930911
BACKTESTER-001,OracleStrategy-000,MESM6.GLBX,GLBX-1-149,MESM6.GLBX-OracleStrategy-000,GLBX-001,GLBX-1-149,MARKET,SELL,1,GTC,False,False,1,TAKER,6672.5,0.0,['0.00 USD'],NO_TRIGGER,FILLED,NO_CONTINGENCY,,,,MY_GENERIC_ALGO,,O-20260308-221442-001-000-150,,843e2c98-9199-4a44-b75b-35ae1bf5899f,1773008082611930911,1773008082611930911
BACKTESTER-001,OracleStrategy-000,MESM6.GLBX,GLBX-1-150,MESM6.GLBX-OracleStrategy-000,GLBX-001,GLBX-1-150,MARKET,BUY,1,GTC,True,False,1,TAKER,6675.0,0.0,['0.00 USD'],NO_TRIGGER,FILLED,NO_CONTINGENCY,,,,MY_GENERIC_ALGO,,O-20260308-221508-001-000-151,,5263fdb0-2191-4034-a4d0-27101246b0ba,1773008108458162141,1773008108458162141
BACKTESTER-001,OracleStrategy-000,MESM6.GLBX,GLBX-1-151,MESM6.GLBX-OracleStrategy-000,GLBX-001,GLBX-1-151,MARKET,BUY,1,GTC,False,False,1,TAKER,6675.0,0.0,['0.00 USD'],NO_TRIGGER,FILLED,NO_CONTINGENCY,,,,MY_GENERIC_ALGO,,O-20260308-221508-001-000-152,,ea3f2a0a-79eb-4df5-9baa-8357137ea293,1773008108458162141,1773008108458162141
BACKTESTER-001,OracleStrategy-000,MESM6.GLBX,GLBX-1-152,MESM6.GLBX-OracleStrategy-000,GLBX-001,GLBX-1-152,MARKET,SELL,1,GTC,True,False,1,TAKER,6676.5,0.0,['0.00 USD'],NO_TRIGGER,FILLED,NO_CONTINGENCY,,,,MY_GENERIC_ALGO,,O-20260308-221526-001-000-153,,3555083b-bd7a-4816-9cc9-130e874f53d8,1773008126387389627,1773008126387389627
BACKTESTER-001,OracleStrategy-000,MESM6.GLBX,GLBX-1-153,MESM6.GLBX-OracleStrategy-000,GLBX-001,GLBX-1-153,MARKET,SELL,1,GTC,False,False,1,TAKER,6676.5,0.0,['0.00 USD'],NO_TRIGGER,FILLED,NO_CONTINGENCY,,,,MY_GENERIC_ALGO,,O-20260308-221526-001-000-154,,0021307e-7b1f-4552-8f20-6b263f4c280c,1773008126387389627,1773008126387389627
BACKTESTER-001,OracleStrategy-000,MESM6.GLBX,GLBX-1-154,MESM6.GLBX-OracleStrategy-000,GLBX-001,GLBX-1-154,MARKET,BUY,1,GTC,True,False,1,TAKER,6680.0,0.0,['0.00 USD'],NO_TRIGGER,FILLED,NO_CONTINGENCY,,,,MY_GENERIC_ALGO,,O-20260308-221556-001-000-155,,f2893663-b251-40c5-9ab2-dc39c8663774,1773008156973836356,1773008156973836356
BACKTESTER-001,OracleStrategy-000,MESM6.GLBX,GLBX-1-155,MESM6.GLBX-OracleStrategy-000,GLBX-001,GLBX-1-155,MARKET,BUY,1,GTC,False,False,1,TAKER,6680.0,0.0,['0.00 USD'],NO_TRIGGER,FILLED,NO_CONTINGENCY,,,,MY_GENERIC_ALGO,,O-20260308-221556-001-000-156,,6bcb0039-2854-4cf0-8889-064c8c5c5013,1773008156973836356,1773008156973836356
BACKTESTER-001,OracleStrategy-000,MESM6.GLBX,GLBX-1-156,MESM6.GLBX-OracleStrategy-000,GLBX-001,GLBX-1-156,MARKET,SELL,1,GTC,True,False,1,TAKER,6681.5,0.0,['0.00 USD'],NO_TRIGGER,FILLED,NO_CONTINGENCY,,,,MY_GENERIC_ALGO,,O-20260308-221611-001-000-157,,77fb7dba-9541-4476-864e-fbacebbd904c,1773008171809371083,1773008171809371083
BACKTESTER-001,OracleStrategy-000,MESM6.GLBX,,,,,MARKET,SELL,1,GTC,False,False,0,NO_LIQUIDITY_SIDE,,,,NO_TRIGGER,INITIALIZED,NO_CONTINGENCY,,,,MY_GENERIC_ALGO,,O-20260308-221611-001-000-158,,6b980f50-50ae-4b25-bc9b-4bd545355c63,1773008171809371083,1773008171809371083
BACKTESTER-001,OracleStrategy-000,MESM6.GLBX,GLBX-1-157,MESM6.GLBX-OracleStrategy-000,GLBX-001,GLBX-1-157,MARKET,BUY,1,GTC,False,False,1,TAKER,6682.0,0.0,['0.00 USD'],NO_TRIGGER,FILLED,NO_CONTINGENCY,,,,MY_GENERIC_ALGO,,O-20260308-221615-001-000-159,,f9f278e9-e1a0-4ab6-9e28-8ac27c65aa00,1773008175156340853,1773008175156340853
BACKTESTER-001,OracleStrategy-000,MESM6.GLBX,GLBX-1-158,MESM6.GLBX-OracleStrategy-000,GLBX-001,GLBX-1-158,MARKET,SELL,1,GTC,True,False,1,TAKER,6681.75,0.0,['0.00 USD'],NO_TRIGGER,FILLED,NO_CONTINGENCY,,,,MY_GENERIC_ALGO,,O-20260308-221618-001-000-160,,a644eb8d-db99-472b-ae7a-2b1a82844443,1773008178977488067,1773008178977488067
BACKTESTER-001,OracleStrategy-000,MESM6.GLBX,GLBX-1-159,MESM6.GLBX-OracleStrategy-000,GLBX-001,GLBX-1-159,MARKET,SELL,1,GTC,False,False,1,TAKER,6681.75,0.0,['0.00 USD'],NO_TRIGGER,FILLED,NO_CONTINGENCY,,,,MY_GENERIC_ALGO,,O-20260308-221618-001-000-161,,7ba3fe36-9a5f-4381-bfbe-44a7dae1faec,1773008178977488067,1773008178977488067
BACKTESTER-001,OracleStrategy-000,MESM6.GLBX,GLBX-1-160,MESM6.GLBX-OracleStrategy-000,GLBX-001,GLBX-1-160,MARKET,BUY,1,GTC,True,False,1,TAKER,6680.75,0.0,['0.00 USD'],NO_TRIGGER,FILLED,NO_CONTINGENCY,,,,MY_GENERIC_ALGO,,O-20260308-221629-001-000-162,,06d185a6-060d-49aa-9bbd-11ca2999211e,1773008189679424605,1773008189679424605
BACKTESTER-001,OracleStrategy-000,MESM6.GLBX,GLBX-1-161,MESM6.GLBX-OracleStrategy-000,GLBX-001,GLBX-1-161,MARKET,BUY,1,GTC,False,False,1,TAKER,6680.75,0.0,['0.00 USD'],NO_TRIGGER,FILLED,NO_CONTINGENCY,,,,MY_GENERIC_ALGO,,O-20260308-221629-001-000-163,,b6d40c5a-2a3f-43ac-81be-0ef1fad6ae9b,1773008189679424605,1773008189679424605
BACKTESTER-001,OracleStrategy-000,MESM6.GLBX,GLBX-1-162,MESM6.GLBX-OracleStrategy-000,GLBX-001,GLBX-1-162,MARKET,SELL,1,GTC,True,False,1,TAKER,6684.0,0.0,['0.00 USD'],NO_TRIGGER,FILLED,NO_CONTINGENCY,,,,MY_GENERIC_ALGO,,O-20260308-221705-001-000-164,,3087e018-41be-4760-81fa-9b00834ac845,1773008225470709456,1773008225470709456
BACKTESTER-001,OracleStrategy-000,MESM6.GLBX,GLBX-1-163,MESM6.GLBX-OracleStrategy-000,GLBX-001,GLBX-1-163,MARKET,SELL,1,GTC,False,False,1,TAKER,6684.0,0.0,['0.00 USD'],NO_TRIGGER,FILLED,NO_CONTINGENCY,,,,MY_GENERIC_ALGO,,O-20260308-221705-001-000-165,,d73ab650-3ea0-4d6f-95da-364b05ab353d,1773008225470709456,1773008225470709456
BACKTESTER-001,OracleStrategy-000,MESM6.GLBX,GLBX-1-164,MESM6.GLBX-OracleStrategy-000,GLBX-001,GLBX-1-164,MARKET,BUY,1,GTC,True,False,1,TAKER,6684.75,0.0,['0.00 USD'],NO_TRIGGER,FILLED,NO_CONTINGENCY,,,,MY_GENERIC_ALGO,,O-20260308-221708-001-000-166,,19d761e1-0f78-4477-acc3-be5dcca84ae3,1773008228995810891,1773008228995810891
BACKTESTER-001,OracleStrategy-000,MESM6.GLBX,GLBX-1-165,MESM6.GLBX-OracleStrategy-000,GLBX-001,GLBX-1-165,MARKET,BUY,1,GTC,False,False,1,TAKER,6684.75,0.0,['0.00 USD'],NO_TRIGGER,FILLED,NO_CONTINGENCY,,,,MY_GENERIC_ALGO,,O-20260308-221708-001-000-167,,40f2ead4-e0cb-409f-b256-5c69a5b62258,1773008228995810891,1773008228995810891
BACKTESTER-001,OracleStrategy-000,MESM6.GLBX,GLBX-1-166,MESM6.GLBX-OracleStrategy-000,GLBX-001,GLBX-1-166,MARKET,SELL,1,GTC,True,False,1,TAKER,6683.75,0.0,['0.00 USD'],NO_TRIGGER,FILLED,NO_CONTINGENCY,,,,MY_GENERIC_ALGO,,O-20260308-221711-001-000-168,,9c39bb04-6c9f-422f-8f73-6e099327ac0f,1773008231985464903,1773008231985464903
BACKTESTER-001,OracleStrategy-000,MESM6.GLBX,GLBX-1-167,MESM6.GLBX-OracleStrategy-000,GLBX-001,GLBX-1-167,MARKET,SELL,1,GTC,False,False,1,TAKER,6683.75,0.0,['0.00 USD'],NO_TRIGGER,FILLED,NO_CONTINGENCY,,,,MY_GENERIC_ALGO,,O-20260308-221711-001-000-169,,f41784a5-1315-45d8-85de-5c233b380690,1773008231985464903,1773008231985464903
BACKTESTER-001,OracleStrategy-000,MESM6.GLBX,GLBX-1-168,MESM6.GLBX-OracleStrategy-000,GLBX-001,GLBX-1-168,MARKET,BUY,1,GTC,True,False,1,TAKER,6685.25,0.0,['0.00 USD'],NO_TRIGGER,FILLED,NO_CONTINGENCY,,,,MY_GENERIC_ALGO,,O-20260308-221722-001-000-170,,c7a566df-43ea-403b-bdd2-959f74efc333,1773008242644388261,1773008242644388261
BACKTESTER-001,OracleStrategy-000,MESM6.GLBX,GLBX-1-169,MESM6.GLBX-OracleStrategy-000,GLBX-001,GLBX-1-169,MARKET,BUY,1,GTC,False,False,1,TAKER,6685.25,0.0,['0.00 USD'],NO_TRIGGER,FILLED,NO_CONTINGENCY,,,,MY_GENERIC_ALGO,,O-20260308-221722-001-000-171,,1d2c1ff6-3e2a-4fa0-a461-debcd2ec5201,1773008242644388261,1773008242644388261
BACKTESTER-001,OracleStrategy-000,MESM6.GLBX,GLBX-1-170,MESM6.GLBX-OracleStrategy-000,GLBX-001,GLBX-1-170,MARKET,SELL,1,GTC,True,False,1,TAKER,6684.25,0.0,['0.00 USD'],NO_TRIGGER,FILLED,NO_CONTINGENCY,,,,MY_GENERIC_ALGO,,O-20260308-221731-001-000-172,,c338d1ea-189f-4102-9b36-10304094d336,1773008251809771179,1773008251809771179
BACKTESTER-001,OracleStrategy-000,MESM6.GLBX,GLBX-1-171,MESM6.GLBX-OracleStrategy-000,GLBX-001,GLBX-1-171,MARKET,SELL,1,GTC,False,False,1,TAKER,6684.25,0.0,['0.00 USD'],NO_TRIGGER,FILLED,NO_CONTINGENCY,,,,MY_GENERIC_ALGO,,O-20260308-221731-001-000-173,,dd7df895-1a1e-41c0-9f2c-c13677683d06,1773008251809771179,1773008251809771179
BACKTESTER-001,OracleStrategy-000,MESM6.GLBX,GLBX-1-172,MESM6.GLBX-OracleStrategy-000,GLBX-001,GLBX-1-172,MARKET,BUY,1,GTC,True,False,1,TAKER,6684.75,0.0,['0.00 USD'],NO_TRIGGER,FILLED,NO_CONTINGENCY,,,,MY_GENERIC_ALGO,,O-20260308-221804-001-000-174,,b8947f5f-90ab-446c-8bc5-ce19f76dff74,1773008284127558093,1773008284127558093
BACKTESTER-001,OracleStrategy-000,MESM6.GLBX,GLBX-1-173,MESM6.GLBX-OracleStrategy-000,GLBX-001,GLBX-1-173,MARKET,BUY,1,GTC,False,False,1,TAKER,6684.75,0.0,['0.00 USD'],NO_TRIGGER,FILLED,NO_CONTINGENCY,,,,MY_GENERIC_ALGO,,O-20260308-221804-001-000-175,,9d06eec8-ffee-48f5-bd90-91769f78845f,1773008284127558093,1773008284127558093
BACKTESTER-001,OracleStrategy-000,MESM6.GLBX,GLBX-1-174,MESM6.GLBX-OracleStrategy-000,GLBX-001,GLBX-1-174,MARKET,SELL,1,GTC,True,False,1,TAKER,6681.75,0.0,['0.00 USD'],NO_TRIGGER,FILLED,NO_CONTINGENCY,,,,MY_GENERIC_ALGO,,O-20260308-221822-001-000-176,,439018fd-bd38-4663-9da2-26d4b46c0780,1773008302824278858,1773008302824278858
BACKTESTER-001,OracleStrategy-000,MESM6.GLBX,GLBX-1-175,MESM6.GLBX-OracleStrategy-000,GLBX-001,GLBX-1-175,MARKET,SELL,1,GTC,False,False,1,TAKER,6681.75,0.0,['0.00 USD'],NO_TRIGGER,FILLED,NO_CONTINGENCY,,,,MY_GENERIC_ALGO,,O-20260308-221822-001-000-177,,07033a7e-e035-49fb-8995-acae009cf826,1773008302824278858,1773008302824278858
BACKTESTER-001,OracleStrategy-000,MESM6.GLBX,GLBX-1-176,MESM6.GLBX-OracleStrategy-000,GLBX-001,GLBX-1-176,MARKET,BUY,1,GTC,True,False,1,TAKER,6683.0,0.0,['0.00 USD'],NO_TRIGGER,FILLED,NO_CONTINGENCY,,,,MY_GENERIC_ALGO,,O-20260308-221824-001-000-178,,29fe14ee-5195-481e-be45-d9e7b0162fae,1773008304584768667,1773008304584768667
BACKTESTER-001,OracleStrategy-000,MESM6.GLBX,,,,,MARKET,BUY,1,GTC,False,False,0,NO_LIQUIDITY_SIDE,,,,NO_TRIGGER,INITIALIZED,NO_CONTINGENCY,,,,MY_GENERIC_ALGO,,O-20260308-221824-001-000-179,,878305bc-1d6c-4d39-a006-4dd2097bae47,1773008304584768667,1773008304584768667
BACKTESTER-001,OracleStrategy-000,MESM6.GLBX,GLBX-1-177,MESM6.GLBX-OracleStrategy-000,GLBX-001,GLBX-1-177,MARKET,BUY,1,GTC,False,False,1,TAKER,6683.75,0.0,['0.00 USD'],NO_TRIGGER,FILLED,NO_CONTINGENCY,,,,MY_GENERIC_ALGO,,O-20260308-221841-001-000-180,,6d986cf5-a3c1-4ca1-8da8-51bec464eaae,1773008321467142021,1773008321467142021
BACKTESTER-001,OracleStrategy-000,MESM6.GLBX,GLBX-1-178,MESM6.GLBX-OracleStrategy-000,GLBX-001,GLBX-1-178,MARKET,SELL,1,GTC,True,False,1,TAKER,6684.0,0.0,['0.00 USD'],NO_TRIGGER,FILLED,NO_CONTINGENCY,,,,MY_GENERIC_ALGO,,O-20260308-221846-001-000-181,,c04c4609-45d3-44b9-8964-28a5be60e76d,1773008326771348096,1773008326771348096
BACKTESTER-001,OracleStrategy-000,MESM6.GLBX,GLBX-1-179,MESM6.GLBX-OracleStrategy-000,GLBX-001,GLBX-1-179,MARKET,SELL,1,GTC,False,False,1,TAKER,6684.0,0.0,['0.00 USD'],NO_TRIGGER,FILLED,NO_CONTINGENCY,,,,MY_GENERIC_ALGO,,O-20260308-221846-001-000-182,,02494a2f-0c33-43dd-845e-37cde075d801,1773008326771348096,1773008326771348096
BACKTESTER-001,OracleStrategy-000,MESM6.GLBX,GLBX-1-180,MESM6.GLBX-OracleStrategy-000,GLBX-001,GLBX-1-180,MARKET,BUY,1,GTC,True,False,1,TAKER,6683.0,0.0,['0.00 USD'],NO_TRIGGER,FILLED,NO_CONTINGENCY,,,,MY_GENERIC_ALGO,,O-20260308-221848-001-000-183,,883dfbb4-3547-4514-9b0b-a74b950ad135,1773008328483518434,1773008328483518434
BACKTESTER-001,OracleStrategy-000,MESM6.GLBX,GLBX-1-181,MESM6.GLBX-OracleStrategy-000,GLBX-001,GLBX-1-181,MARKET,BUY,1,GTC,False,False,1,TAKER,6683.0,0.0,['0.00 USD'],NO_TRIGGER,FILLED,NO_CONTINGENCY,,,,MY_GENERIC_ALGO,,O-20260308-221848-001-000-184,,37d81706-f839-4ec2-af7b-3ce79d2f78ad,1773008328483518434,1773008328483518434
BACKTESTER-001,OracleStrategy-000,MESM6.GLBX,GLBX-1-182,MESM6.GLBX-OracleStrategy-000,GLBX-001,GLBX-1-182,MARKET,SELL,1,GTC,True,False,1,TAKER,6683.0,0.0,['0.00 USD'],NO_TRIGGER,FILLED,NO_CONTINGENCY,,,,MY_GENERIC_ALGO,,O-20260308-221850-001-000-185,,24a290d1-8dfd-40f0-98e8-1206a0e2c65b,1773008330863781474,1773008330863781474
BACKTESTER-001,OracleStrategy-000,MESM6.GLBX,GLBX-1-183,MESM6.GLBX-OracleStrategy-000,GLBX-001,GLBX-1-183,MARKET,SELL,1,GTC,False,False,1,TAKER,6683.0,0.0,['0.00 USD'],NO_TRIGGER,FILLED,NO_CONTINGENCY,,,,MY_GENERIC_ALGO,,O-20260308-221850-001-000-186,,08be8ceb-798f-4066-b163-40cd2381eb75,1773008330863781474,1773008330863781474
BACKTESTER-001,OracleStrategy-000,MESM6.GLBX,GLBX-1-184,MESM6.GLBX-OracleStrategy-000,GLBX-001,GLBX-1-184,MARKET,BUY,1,GTC,True,False,1,TAKER,6684.0,0.0,['0.00 USD'],NO_TRIGGER,FILLED,NO_CONTINGENCY,,,,MY_GENERIC_ALGO,,O-20260308-221915-001-000-187,,5b1e8fa6-a185-4239-9a4f-6fc867500ddf,1773008355185229104,1773008355185229104
BACKTESTER-001,OracleStrategy-000,MESM6.GLBX,GLBX-1-185,MESM6.GLBX-OracleStrategy-000,GLBX-001,GLBX-1-185,MARKET,BUY,1,GTC,False,False,1,TAKER,6684.0,0.0,['0.00 USD'],NO_TRIGGER,FILLED,NO_CONTINGENCY,,,,MY_GENERIC_ALGO,,O-20260308-221915-001-000-188,,b2d8f5fc-2a51-47d4-a969-f91ee309f258,1773008355185229104,1773008355185229104
BACKTESTER-001,OracleStrategy-000,MESM6.GLBX,GLBX-1-186,MESM6.GLBX-OracleStrategy-000,GLBX-001,GLBX-1-186,MARKET,SELL,1,GTC,True,False,1,TAKER,6684.5,0.0,['0.00 USD'],NO_TRIGGER,FILLED,NO_CONTINGENCY,,,,MY_GENERIC_ALGO,,O-20260308-221922-001-000-189,,4e5c70a0-6cbd-47f3-aec8-fae746f5b4c1,1773008362847149464,1773008362847149464
BACKTESTER-001,OracleStrategy-000,MESM6.GLBX,GLBX-1-187,MESM6.GLBX-OracleStrategy-000,GLBX-001,GLBX-1-187,MARKET,SELL,1,GTC,False,False,1,TAKER,6684.5,0.0,['0.00 USD'],NO_TRIGGER,FILLED,NO_CONTINGENCY,,,,MY_GENERIC_ALGO,,O-20260308-221922-001-000-190,,f3778694-f7ad-4534-b9b8-4ae4a9bba320,1773008362847149464,1773008362847149464
BACKTESTER-001,OracleStrategy-000,MESM6.GLBX,GLBX-1-188,MESM6.GLBX-OracleStrategy-000,GLBX-001,GLBX-1-188,MARKET,BUY,1,GTC,True,False,1,TAKER,6684.25,0.0,['0.00 USD'],NO_TRIGGER,FILLED,NO_CONTINGENCY,,,,MY_GENERIC_ALGO,,O-20260308-221931-001-000-191,,71b4db8a-3829-49f3-9d08-626fe01c686f,1773008371789848363,1773008371789848363
BACKTESTER-001,OracleStrategy-000,MESM6.GLBX,GLBX-1-189,MESM6.GLBX-OracleStrategy-000,GLBX-001,GLBX-1-189,MARKET,BUY,1,GTC,False,False,1,TAKER,6684.25,0.0,['0.00 USD'],NO_TRIGGER,FILLED,NO_CONTINGENCY,,,,MY_GENERIC_ALGO,,O-20260308-221931-001-000-192,,cea63689-99e3-4b81-8353-15cbed0b54c0,1773008371789848363,1773008371789848363
BACKTESTER-001,OracleStrategy-000,MESM6.GLBX,GLBX-1-190,MESM6.GLBX-OracleStrategy-000,GLBX-001,GLBX-1-190,MARKET,SELL,1,GTC,True,False,1,TAKER,6685.0,0.0,['0.00 USD'],NO_TRIGGER,FILLED,NO_CONTINGENCY,,,,MY_GENERIC_ALGO,,O-20260308-222008-001-000-193,,0128d644-31cf-4a9f-9e91-d184f64caff8,1773008408359356232,1773008408359356232
BACKTESTER-001,OracleStrategy-000,MESM6.GLBX,GLBX-1-191,MESM6.GLBX-OracleStrategy-000,GLBX-001,GLBX-1-191,MARKET,SELL,1,GTC,False,False,1,TAKER,6685.0,0.0,['0.00 USD'],NO_TRIGGER,FILLED,NO_CONTINGENCY,,,,MY_GENERIC_ALGO,,O-20260308-222008-001-000-194,,420484c5-2fdd-4823-a477-08b9911527e6,1773008408359356232,1773008408359356232
BACKTESTER-001,OracleStrategy-000,MESM6.GLBX,GLBX-1-192,MESM6.GLBX-OracleStrategy-000,GLBX-001,GLBX-1-192,MARKET,BUY,1,GTC,True,False,1,TAKER,6686.25,0.0,['0.00 USD'],NO_TRIGGER,FILLED,NO_CONTINGENCY,,,,MY_GENERIC_ALGO,,O-20260308-222021-001-000-195,,26657a09-c493-49c9-bfd3-f2fdfd4346bc,1773008421089405919,1773008421089405919
BACKTESTER-001,OracleStrategy-000,MESM6.GLBX,GLBX-1-193,MESM6.GLBX-OracleStrategy-000,GLBX-001,GLBX-1-193,MARKET,BUY,1,GTC,False,False,1,TAKER,6686.25,0.0,['0.00 USD'],NO_TRIGGER,FILLED,NO_CONTINGENCY,,,,MY_GENERIC_ALGO,,O-20260308-222021-001-000-196,,07823c6c-4749-4ee9-8521-3182f17b03d6,1773008421089405919,1773008421089405919
BACKTESTER-001,OracleStrategy-000,MESM6.GLBX,GLBX-1-194,MESM6.GLBX-OracleStrategy-000,GLBX-001,GLBX-1-194,MARKET,SELL,1,GTC,True,False,1,TAKER,6686.75,0.0,['0.00 USD'],NO_TRIGGER,FILLED,NO_CONTINGENCY,,,,MY_GENERIC_ALGO,,O-20260308-222024-001-000-197,,d2448481-71d3-4ef6-bfc1-fed8e5cbdfcb,1773008424662803951,1773008424662803951
BACKTESTER-001,OracleStrategy-000,MESM6.GLBX,GLBX-1-195,MESM6.GLBX-OracleStrategy-000,GLBX-001,GLBX-1-195,MARKET,SELL,1,GTC,False,False,1,TAKER,6686.75,0.0,['0.00 USD'],NO_TRIGGER,FILLED,NO_CONTINGENCY,,,,MY_GENERIC_ALGO,,O-20260308-222024-001-000-198,,c15db08a-77d7-42fd-a4f4-af4c49c84339,1773008424662803951,1773008424662803951
BACKTESTER-001,OracleStrategy-000,MESM6.GLBX,GLBX-1-196,MESM6.GLBX-OracleStrategy-000,GLBX-001,GLBX-1-196,MARKET,BUY,1,GTC,True,False,1,TAKER,6687.75,0.0,['0.00 USD'],NO_TRIGGER,FILLED,NO_CONTINGENCY,,,,MY_GENERIC_ALGO,,O-20260308-222028-001-000-199,,feae84af-3002-4764-8ac8-c8ea1c57aa67,1773008428222032682,1773008428222032682
BACKTESTER-001,OracleStrategy-000,MESM6.GLBX,GLBX-1-197,MESM6.GLBX-OracleStrategy-000,GLBX-001,GLBX-1-197,MARKET,BUY,1,GTC,False,False,1,TAKER,6687.75,0.0,['0.00 USD'],NO_TRIGGER,FILLED,NO_CONTINGENCY,,,,MY_GENERIC_ALGO,,O-20260308-222028-001-000-200,,27bba9e9-8d5d-4e1e-bc04-43524b289a14,1773008428222032682,1773008428222032682
BACKTESTER-001,OracleStrategy-000,MESM6.GLBX,GLBX-1-198,MESM6.GLBX-OracleStrategy-000,GLBX-001,GLBX-1-198,MARKET,SELL,1,GTC,True,False,1,TAKER,6692.0,0.0,['0.00 USD'],NO_TRIGGER,FILLED,NO_CONTINGENCY,,,,MY_GENERIC_ALGO,,O-20260308-222035-001-000-201,,9154ed95-78b5-41c0-8fa5-d3317f59922e,1773008435111645470,1773008435111645470
BACKTESTER-001,OracleStrategy-000,MESM6.GLBX,GLBX-1-199,MESM6.GLBX-OracleStrategy-000,GLBX-001,GLBX-1-199,MARKET,SELL,1,GTC,False,False,1,TAKER,6692.0,0.0,['0.00 USD'],NO_TRIGGER,FILLED,NO_CONTINGENCY,,,,MY_GENERIC_ALGO,,O-20260308-222035-001-000-202,,400f4873-fdb0-4b97-9857-dd2340ec2e32,1773008435111645470,1773008435111645470
BACKTESTER-001,OracleStrategy-000,MESM6.GLBX,GLBX-1-200,MESM6.GLBX-OracleStrategy-000,GLBX-001,GLBX-1-200,MARKET,BUY,1,GTC,True,False,1,TAKER,6688.0,0.0,['0.00 USD'],NO_TRIGGER,FILLED,NO_CONTINGENCY,,,,MY_GENERIC_ALGO,,O-20260308-222038-001-000-203,,4f54a410-1eab-46a3-a435-80cec6e03404,1773008438377386490,1773008438377386490
BACKTESTER-001,OracleStrategy-000,MESM6.GLBX,GLBX-1-201,MESM6.GLBX-OracleStrategy-000,GLBX-001,GLBX-1-201,MARKET,BUY,1,GTC,False,False,1,TAKER,6688.0,0.0,['0.00 USD'],NO_TRIGGER,FILLED,NO_CONTINGENCY,,,,MY_GENERIC_ALGO,,O-20260308-222038-001-000-204,,f4b9790a-3f87-46ff-b45f-6826161fdef6,1773008438377386490,1773008438377386490
BACKTESTER-001,OracleStrategy-000,MESM6.GLBX,GLBX-1-202,MESM6.GLBX-OracleStrategy-000,GLBX-001,GLBX-1-202,MARKET,SELL,1,GTC,True,False,1,TAKER,6686.25,0.0,['0.00 USD'],NO_TRIGGER,FILLED,NO_CONTINGENCY,,,,MY_GENERIC_ALGO,,O-20260308-222043-001-000-205,,a06c651f-eaa2-4ff0-8b19-670d3d161707,1773008443572321008,1773008443572321008
BACKTESTER-001,OracleStrategy-000,MESM6.GLBX,GLBX-1-203,MESM6.GLBX-OracleStrategy-000,GLBX-001,GLBX-1-203,MARKET,SELL,1,GTC,False,False,1,TAKER,6686.25,0.0,['0.00 USD'],NO_TRIGGER,FILLED,NO_CONTINGENCY,,,,MY_GENERIC_ALGO,,O-20260308-222043-001-000-206,,12c99e76-fe0e-4efc-ad5e-a43f835fa62b,1773008443572321008,1773008443572321008
BACKTESTER-001,OracleStrategy-000,MESM6.GLBX,GLBX-1-204,MESM6.GLBX-OracleStrategy-000,GLBX-001,GLBX-1-204,MARKET,BUY,1,GTC,True,False,1,TAKER,6686.5,0.0,['0.00 USD'],NO_TRIGGER,FILLED,NO_CONTINGENCY,,,,MY_GENERIC_ALGO,,O-20260308-222057-001-000-207,,3bf4884d-68a9-4c0e-b0f9-adc36b887cda,1773008457668330156,1773008457668330156
BACKTESTER-001,OracleStrategy-000,MESM6.GLBX,GLBX-1-205,MESM6.GLBX-OracleStrategy-000,GLBX-001,GLBX-1-205,MARKET,BUY,1,GTC,False,False,1,TAKER,6686.5,0.0,['0.00 USD'],NO_TRIGGER,FILLED,NO_CONTINGENCY,,,,MY_GENERIC_ALGO,,O-20260308-222057-001-000-208,,fa36d76f-7194-45ae-9f6c-d8dcb1272611,1773008457668330156,1773008457668330156
BACKTESTER-001,OracleStrategy-000,MESM6.GLBX,GLBX-1-206,MESM6.GLBX-OracleStrategy-000,GLBX-001,GLBX-1-206,MARKET,SELL,1,GTC,True,False,1,TAKER,6687.0,0.0,['0.00 USD'],NO_TRIGGER,FILLED,NO_CONTINGENCY,,,,MY_GENERIC_ALGO,,O-20260308-222102-001-000-209,,c1a369b4-1a01-4816-b2da-011439d86acf,1773008462592598407,1773008462592598407
BACKTESTER-001,OracleStrategy-000,MESM6.GLBX,GLBX-1-207,MESM6.GLBX-OracleStrategy-000,GLBX-001,GLBX-1-207,MARKET,SELL,1,GTC,False,False,1,TAKER,6687.0,0.0,['0.00 USD'],NO_TRIGGER,FILLED,NO_CONTINGENCY,,,,MY_GENERIC_ALGO,,O-20260308-222102-001-000-210,,eb8b2469-5c8b-4bfc-a6e0-61906d962541,1773008462592598407,1773008462592598407
BACKTESTER-001,OracleStrategy-000,MESM6.GLBX,GLBX-1-208,MESM6.GLBX-OracleStrategy-000,GLBX-001,GLBX-1-208,MARKET,BUY,1,GTC,True,False,1,TAKER,6692.0,0.0,['0.00 USD'],NO_TRIGGER,FILLED,NO_CONTINGENCY,,,,MY_GENERIC_ALGO,,O-20260308-222104-001-000-211,,dbe9e515-5fbf-4a56-b4f7-eb17cd8155af,1773008464202620706,1773008464202620706
BACKTESTER-001,OracleStrategy-000,MESM6.GLBX,GLBX-1-209,MESM6.GLBX-OracleStrategy-000,GLBX-001,GLBX-1-209,MARKET,BUY,1,GTC,False,False,1,TAKER,6692.0,0.0,['0.00 USD'],NO_TRIGGER,FILLED,NO_CONTINGENCY,,,,MY_GENERIC_ALGO,,O-20260308-222104-001-000-212,,69ca175a-070a-46e0-955f-59a381f11089,1773008464202620706,1773008464202620706
BACKTESTER-001,OracleStrategy-000,MESM6.GLBX,GLBX-1-210,MESM6.GLBX-OracleStrategy-000,GLBX-001,GLBX-1-210,MARKET,SELL,1,GTC,True,False,1,TAKER,6688.0,0.0,['0.00 USD'],NO_TRIGGER,FILLED,NO_CONTINGENCY,,,,MY_GENERIC_ALGO,,O-20260308-222106-001-000-213,,3b514f2a-f3fa-4c02-bfd4-1b55acb27cc3,1773008466960119349,1773008466960119349
BACKTESTER-001,OracleStrategy-000,MESM6.GLBX,,,,,MARKET,SELL,1,GTC,False,False,0,NO_LIQUIDITY_SIDE,,,,NO_TRIGGER,INITIALIZED,NO_CONTINGENCY,,,,MY_GENERIC_ALGO,,O-20260308-222106-001-000-214,,fc96d860-23ad-4a4f-aaeb-c377a47a4357,1773008466960119349,1773008466960119349
BACKTESTER-001,OracleStrategy-000,MESM6.GLBX,,,,,MARKET,BUY,1,GTC,False,False,0,NO_LIQUIDITY_SIDE,,,,NO_TRIGGER,INITIALIZED,NO_CONTINGENCY,,,,MY_GENERIC_ALGO,,O-20260308-222109-001-000-215,,10c3f835-8871-483e-ba30-47fa12696a44,1773008469835084069,1773008469835084069
BACKTESTER-001,OracleStrategy-000,MESM6.GLBX,,,,,MARKET,BUY,1,GTC,False,False,0,NO_LIQUIDITY_SIDE,,,,NO_TRIGGER,INITIALIZED,NO_CONTINGENCY,,,,MY_GENERIC_ALGO,,O-20260308-222117-001-000-216,,e1e4309e-c4ff-4bb4-a080-0b062840dc71,1773008477583906898,1773008477583906898
BACKTESTER-001,OracleStrategy-000,MESM6.GLBX,,,,,MARKET,SELL,1,GTC,False,False,0,NO_LIQUIDITY_SIDE,,,,NO_TRIGGER,INITIALIZED,NO_CONTINGENCY,,,,MY_GENERIC_ALGO,,O-20260308-222129-001-000-217,,1f826963-0baa-4453-a988-e1914e86a033,1773008489913255823,1773008489913255823
BACKTESTER-001,OracleStrategy-000,MESM6.GLBX,,,,,MARKET,SELL,1,GTC,False,False,0,NO_LIQUIDITY_SIDE,,,,NO_TRIGGER,INITIALIZED,NO_CONTINGENCY,,,,MY_GENERIC_ALGO,,O-20260308-222151-001-000-218,,539569bb-619b-49f4-8690-296dde7191d3,1773008511481614501,1773008511481614501
BACKTESTER-001,OracleStrategy-000,MESM6.GLBX,,,,,MARKET,SELL,1,GTC,False,False,0,NO_LIQUIDITY_SIDE,,,,NO_TRIGGER,INITIALIZED,NO_CONTINGENCY,,,,MY_GENERIC_ALGO,,O-20260308-222159-001-000-219,,3dd2c9ee-3026-4835-be23-44c2620ddf08,1773008519979063818,1773008519979063818
BACKTESTER-001,OracleStrategy-000,MESM6.GLBX,,,,,MARKET,BUY,1,GTC,False,False,0,NO_LIQUIDITY_SIDE,,,,NO_TRIGGER,INITIALIZED,NO_CONTINGENCY,,,,MY_GENERIC_ALGO,,O-20260308-222204-001-000-220,,8fa54df5-de38-48ae-ac68-7f718e38de1a,1773008524710914834,1773008524710914834
BACKTESTER-001,OracleStrategy-000,MESM6.GLBX,,,,,MARKET,SELL,1,GTC,False,False,0,NO_LIQUIDITY_SIDE,,,,NO_TRIGGER,INITIALIZED,NO_CONTINGENCY,,,,MY_GENERIC_ALGO,,O-20260308-222216-001-000-221,,bcb8afc3-a4e4-46d4-bd72-5b0359035a8e,1773008536736305693,1773008536736305693
BACKTESTER-001,OracleStrategy-000,MESM6.GLBX,,,,,MARKET,SELL,1,GTC,False,False,0,NO_LIQUIDITY_SIDE,,,,NO_TRIGGER,INITIALIZED,NO_CONTINGENCY,,,,MY_GENERIC_ALGO,,O-20260308-222219-001-000-222,,60e02679-078e-44ed-ae56-59e6c3036046,1773008539310975509,1773008539310975509
BACKTESTER-001,OracleStrategy-000,MESM6.GLBX,,,,,MARKET,BUY,1,GTC,False,False,0,NO_LIQUIDITY_SIDE,,,,NO_TRIGGER,INITIALIZED,NO_CONTINGENCY,,,,MY_GENERIC_ALGO,,O-20260308-222223-001-000-223,,188e6273-220c-4949-82f7-9aaf0d2d8bab,1773008543437566888,1773008543437566888
BACKTESTER-001,OracleStrategy-000,MESM6.GLBX,,,,,MARKET,BUY,1,GTC,False,False,0,NO_LIQUIDITY_SIDE,,,,NO_TRIGGER,INITIALIZED,NO_CONTINGENCY,,,,MY_GENERIC_ALGO,,O-20260308-222232-001-000-224,,ec3e9194-f7ad-4fd7-8f8c-b16907aa28a4,1773008552670672680,1773008552670672680
BACKTESTER-001,OracleStrategy-000,MESM6.GLBX,,,,,MARKET,SELL,1,GTC,False,False,0,NO_LIQUIDITY_SIDE,,,,NO_TRIGGER,INITIALIZED,NO_CONTINGENCY,,,,MY_GENERIC_ALGO,,O-20260308-222237-001-000-225,,fc58f9d2-ae43-4c0b-ab18-99aea649a4f4,1773008557135892755,1773008557135892755
BACKTESTER-001,OracleStrategy-000,MESM6.GLBX,,,,,MARKET,SELL,1,GTC,False,False,0,NO_LIQUIDITY_SIDE,,,,NO_TRIGGER,INITIALIZED,NO_CONTINGENCY,,,,MY_GENERIC_ALGO,,O-20260308-222241-001-000-226,,dceb7592-e214-44f1-b604-8dab202ceb27,1773008561172614130,1773008561172614130
BACKTESTER-001,OracleStrategy-000,MESM6.GLBX,,,,,MARKET,SELL,1,GTC,False,False,0,NO_LIQUIDITY_SIDE,,,,NO_TRIGGER,INITIALIZED,NO_CONTINGENCY,,,,MY_GENERIC_ALGO,,O-20260308-222247-001-000-227,,db790a83-8dd5-41d4-bc86-6e5a732983db,1773008567935819771,1773008567935819771
BACKTESTER-001,OracleStrategy-000,MESM6.GLBX,,,,,MARKET,BUY,1,GTC,False,False,0,NO_LIQUIDITY_SIDE,,,,NO_TRIGGER,INITIALIZED,NO_CONTINGENCY,,,,MY_GENERIC_ALGO,,O-20260308-222256-001-000-228,,ce9c4c66-504f-4c98-bdfb-7dbeb1836bf9,1773008576304257738,1773008576304257738
BACKTESTER-001,OracleStrategy-000,MESM6.GLBX,,,,,MARKET,SELL,1,GTC,False,False,0,NO_LIQUIDITY_SIDE,,,,NO_TRIGGER,INITIALIZED,NO_CONTINGENCY,,,,MY_GENERIC_ALGO,,O-20260308-222305-001-000-229,,a60f5098-5059-4b13-a52c-477a6d3c85ac,1773008585410091213,1773008585410091213
BACKTESTER-001,OracleStrategy-000,MESM6.GLBX,,,,,MARKET,SELL,1,GTC,False,False,0,NO_LIQUIDITY_SIDE,,,,NO_TRIGGER,INITIALIZED,NO_CONTINGENCY,,,,MY_GENERIC_ALGO,,O-20260308-222307-001-000-230,,82b02bb9-17c9-49ac-9d95-7b004d2844e1,1773008587132754719,1773008587132754719
BACKTESTER-001,OracleStrategy-000,MESM6.GLBX,,,,,MARKET,SELL,1,GTC,False,False,0,NO_LIQUIDITY_SIDE,,,,NO_TRIGGER,INITIALIZED,NO_CONTINGENCY,,,,MY_GENERIC_ALGO,,O-20260308-222312-001-000-231,,401e88a5-131b-49e4-b8b9-6bbc14a2b7f8,1773008592146121954,1773008592146121954
BACKTESTER-001,OracleStrategy-000,MESM6.GLBX,,,,,MARKET,SELL,1,GTC,False,False,0,NO_LIQUIDITY_SIDE,,,,NO_TRIGGER,INITIALIZED,NO_CONTINGENCY,,,,MY_GENERIC_ALGO,,O-20260308-222319-001-000-232,,af494515-e838-4197-a488-0ad288091380,1773008599183252355,1773008599183252355
BACKTESTER-001,OracleStrategy-000,MESM6.GLBX,,,,,MARKET,SELL,1,GTC,False,False,0,NO_LIQUIDITY_SIDE,,,,NO_TRIGGER,INITIALIZED,NO_CONTINGENCY,,,,MY_GENERIC_ALGO,,O-20260308-222320-001-000-233,,81975a4c-4d34-48db-89a9-4e3b18fe1518,1773008600448730994,1773008600448730994
BACKTESTER-001,OracleStrategy-000,MESM6.GLBX,,,,,MARKET,SELL,1,GTC,False,False,0,NO_LIQUIDITY_SIDE,,,,NO_TRIGGER,INITIALIZED,NO_CONTINGENCY,,,,MY_GENERIC_ALGO,,O-20260308-222324-001-000-234,,96aaec35-7216-44ed-af50-35e343b8fb9e,1773008604976410727,1773008604976410727
BACKTESTER-001,OracleStrategy-000,MESM6.GLBX,,,,,MARKET,SELL,1,GTC,False,False,0,NO_LIQUIDITY_SIDE,,,,NO_TRIGGER,INITIALIZED,NO_CONTINGENCY,,,,MY_GENERIC_ALGO,,O-20260308-222329-001-000-235,,24fc6b5f-5614-4a83-95f7-af090315e070,1773008609920461146,1773008609920461146
BACKTESTER-001,OracleStrategy-000,MESM6.GLBX,,,,,MARKET,SELL,1,GTC,False,False,0,NO_LIQUIDITY_SIDE,,,,NO_TRIGGER,INITIALIZED,NO_CONTINGENCY,,,,MY_GENERIC_ALGO,,O-20260308-222332-001-000-236,,3c4d8dd1-6979-4476-b643-61751fe53e3a,1773008612966716168,1773008612966716168
BACKTESTER-001,OracleStrategy-000,MESM6.GLBX,,,,,MARKET,SELL,1,GTC,False,False,0,NO_LIQUIDITY_SIDE,,,,NO_TRIGGER,INITIALIZED,NO_CONTINGENCY,,,,MY_GENERIC_ALGO,,O-20260308-222337-001-000-237,,938cbe44-c77b-40c0-8dc1-ff674fe418d0,1773008617281550353,1773008617281550353
BACKTESTER-001,OracleStrategy-000,MESM6.GLBX,,,,,MARKET,SELL,1,GTC,False,False,0,NO_LIQUIDITY_SIDE,,,,NO_TRIGGER,INITIALIZED,NO_CONTINGENCY,,,,MY_GENERIC_ALGO,,O-20260308-222349-001-000-238,,cf49ba2b-f405-46a7-8ee9-3dc491c67828,1773008629947103923,1773008629947103923
BACKTESTER-001,OracleStrategy-000,MESM6.GLBX,,,,,MARKET,SELL,1,GTC,False,False,0,NO_LIQUIDITY_SIDE,,,,NO_TRIGGER,INITIALIZED,NO_CONTINGENCY,,,,MY_GENERIC_ALGO,,O-20260308-222358-001-000-239,,45fc8db9-7779-4604-b0ea-d18937a1defb,1773008638203074755,1773008638203074755
BACKTESTER-001,OracleStrategy-000,MESM6.GLBX,,,,,MARKET,SELL,1,GTC,False,False,0,NO_LIQUIDITY_SIDE,,,,NO_TRIGGER,INITIALIZED,NO_CONTINGENCY,,,,MY_GENERIC_ALGO,,O-20260308-222359-001-000-240,,8a9ea5a2-253d-4c09-95e6-ae2712ea7d54,1773008639723437111,1773008639723437111
BACKTESTER-001,OracleStrategy-000,MESM6.GLBX,,,,,MARKET,SELL,1,GTC,False,False,0,NO_LIQUIDITY_SIDE,,,,NO_TRIGGER,INITIALIZED,NO_CONTINGENCY,,,,MY_GENERIC_ALGO,,O-20260308-222407-001-000-241,,21171982-10d6-4073-b842-1881a1776b41,1773008647292044106,1773008647292044106
BACKTESTER-001,OracleStrategy-000,MESM6.GLBX,,,,,MARKET,BUY,1,GTC,False,False,0,NO_LIQUIDITY_SIDE,,,,NO_TRIGGER,INITIALIZED,NO_CONTINGENCY,,,,MY_GENERIC_ALGO,,O-20260308-222424-001-000-242,,c713eaa7-e96e-4d7d-9f9c-66d396a8b127,1773008664824441305,1773008664824441305
BACKTESTER-001,OracleStrategy-000,MESM6.GLBX,,,,,MARKET,BUY,1,GTC,False,False,0,NO_LIQUIDITY_SIDE,,,,NO_TRIGGER,INITIALIZED,NO_CONTINGENCY,,,,MY_GENERIC_ALGO,,O-20260308-222432-001-000-243,,0e9b98a5-0b23-4882-89e8-256b6ce0acd3,1773008672231018970,1773008672231018970
BACKTESTER-001,OracleStrategy-000,MESM6.GLBX,,,,,MARKET,BUY,1,GTC,False,False,0,NO_LIQUIDITY_SIDE,,,,NO_TRIGGER,INITIALIZED,NO_CONTINGENCY,,,,MY_GENERIC_ALGO,,O-20260308-222435-001-000-244,,51432bb7-ae0d-41e3-9c83-584dd486aff6,1773008675901784229,1773008675901784229
BACKTESTER-001,OracleStrategy-000,MESM6.GLBX,,,,,MARKET,BUY,1,GTC,False,False,0,NO_LIQUIDITY_SIDE,,,,NO_TRIGGER,INITIALIZED,NO_CONTINGENCY,,,,MY_GENERIC_ALGO,,O-20260308-222438-001-000-245,,1e8a912a-1651-420b-b6ff-ddffecad71ae,1773008678260427376,1773008678260427376
BACKTESTER-001,OracleStrategy-000,MESM6.GLBX,,,,,MARKET,BUY,1,GTC,False,False,0,NO_LIQUIDITY_SIDE,,,,NO_TRIGGER,INITIALIZED,NO_CONTINGENCY,,,,MY_GENERIC_ALGO,,O-20260308-222441-001-000-246,,603815dd-9e2b-43fe-91d4-f8cf9846e5c2,1773008681439188055,1773008681439188055
BACKTESTER-001,OracleStrategy-000,MESM6.GLBX,,,,,MARKET,SELL,1,GTC,False,False,0,NO_LIQUIDITY_SIDE,,,,NO_TRIGGER,INITIALIZED,NO_CONTINGENCY,,,,MY_GENERIC_ALGO,,O-20260308-222447-001-000-247,,1ec17494-aec8-4f89-ae7a-cfc41f5f8b18,1773008687558978289,1773008687558978289
BACKTESTER-001,OracleStrategy-000,MESM6.GLBX,,,,,MARKET,SELL,1,GTC,False,False,0,NO_LIQUIDITY_SIDE,,,,NO_TRIGGER,INITIALIZED,NO_CONTINGENCY,,,,MY_GENERIC_ALGO,,O-20260308-222450-001-000-248,,3b0960ba-7306-40ca-bbc9-782c9e71610c,1773008690335841535,1773008690335841535
BACKTESTER-001,OracleStrategy-000,MESM6.GLBX,,,,,MARKET,BUY,1,GTC,False,False,0,NO_LIQUIDITY_SIDE,,,,NO_TRIGGER,INITIALIZED,NO_CONTINGENCY,,,,MY_GENERIC_ALGO,,O-20260308-222455-001-000-249,,bebb8005-7e93-4278-b9a6-26e9a43aa255,1773008695510952898,1773008695510952898
BACKTESTER-001,OracleStrategy-000,MESM6.GLBX,,,,,MARKET,SELL,1,GTC,False,False,0,NO_LIQUIDITY_SIDE,,,,NO_TRIGGER,INITIALIZED,NO_CONTINGENCY,,,,MY_GENERIC_ALGO,,O-20260308-222501-001-000-250,,641b5334-0ae7-4946-a9e0-16fc7ca5b580,1773008701038484024,1773008701038484024
BACKTESTER-001,OracleStrategy-000,MESM6.GLBX,,,,,MARKET,SELL,1,GTC,False,False,0,NO_LIQUIDITY_SIDE,,,,NO_TRIGGER,INITIALIZED,NO_CONTINGENCY,,,,MY_GENERIC_ALGO,,O-20260308-222503-001-000-251,,f07cc578-5bb7-40fe-bb20-a9c1986b2ac2,1773008703209116088,1773008703209116088
BACKTESTER-001,OracleStrategy-000,MESM6.GLBX,,,,,MARKET,SELL,1,GTC,False,False,0,NO_LIQUIDITY_SIDE,,,,NO_TRIGGER,INITIALIZED,NO_CONTINGENCY,,,,MY_GENERIC_ALGO,,O-20260308-222506-001-000-252,,7295aff4-4705-4437-aa4b-893f9a9314e8,1773008706717876184,1773008706717876184
BACKTESTER-001,OracleStrategy-000,MESM6.GLBX,,,,,MARKET,SELL,1,GTC,False,False,0,NO_LIQUIDITY_SIDE,,,,NO_TRIGGER,INITIALIZED,NO_CONTINGENCY,,,,MY_GENERIC_ALGO,,O-20260308-222511-001-000-253,,dba5fbf6-f129-4283-9d22-8e5978e7f2c2,1773008711021218567,1773008711021218567
BACKTESTER-001,OracleStrategy-000,MESM6.GLBX,,,,,MARKET,SELL,1,GTC,False,False,0,NO_LIQUIDITY_SIDE,,,,NO_TRIGGER,INITIALIZED,NO_CONTINGENCY,,,,MY_GENERIC_ALGO,,O-20260308-222514-001-000-254,,eaebb4bb-5e53-4b48-a769-ef532298b00d,1773008714142925912,1773008714142925912
BACKTESTER-001,OracleStrategy-000,MESM6.GLBX,,,,,MARKET,BUY,1,GTC,False,False,0,NO_LIQUIDITY_SIDE,,,,NO_TRIGGER,INITIALIZED,NO_CONTINGENCY,,,,MY_GENERIC_ALGO,,O-20260308-222516-001-000-255,,72f774a6-70ed-413c-aec0-1b006b9b6178,1773008716948380250,1773008716948380250
BACKTESTER-001,OracleStrategy-000,MESM6.GLBX,,,,,MARKET,SELL,1,GTC,False,False,0,NO_LIQUIDITY_SIDE,,,,NO_TRIGGER,INITIALIZED,NO_CONTINGENCY,,,,MY_GENERIC_ALGO,,O-20260308-222520-001-000-256,,7244dc30-0f81-4f85-9274-ab00738381e8,1773008720372967723,1773008720372967723
BACKTESTER-001,OracleStrategy-000,MESM6.GLBX,,,,,MARKET,SELL,1,GTC,False,False,0,NO_LIQUIDITY_SIDE,,,,NO_TRIGGER,INITIALIZED,NO_CONTINGENCY,,,,MY_GENERIC_ALGO,,O-20260308-222527-001-000-257,,af9dae87-1722-439c-8b73-c3015a1ad335,1773008727661867986,1773008727661867986
BACKTESTER-001,OracleStrategy-000,MESM6.GLBX,,,,,MARKET,SELL,1,GTC,False,False,0,NO_LIQUIDITY_SIDE,,,,NO_TRIGGER,INITIALIZED,NO_CONTINGENCY,,,,MY_GENERIC_ALGO,,O-20260308-222537-001-000-258,,1b579ccb-fd29-4807-9419-9ae3c63447be,1773008737237017266,1773008737237017266
BACKTESTER-001,OracleStrategy-000,MESM6.GLBX,,,,,MARKET,BUY,1,GTC,False,False,0,NO_LIQUIDITY_SIDE,,,,NO_TRIGGER,INITIALIZED,NO_CONTINGENCY,,,,MY_GENERIC_ALGO,,O-20260308-222542-001-000-259,,3b40f81a-d628-423a-b96b-7dab9c20bd30,1773008742560633314,1773008742560633314
BACKTESTER-001,OracleStrategy-000,MESM6.GLBX,,,,,MARKET,SELL,1,GTC,False,False,0,NO_LIQUIDITY_SIDE,,,,NO_TRIGGER,INITIALIZED,NO_CONTINGENCY,,,,MY_GENERIC_ALGO,,O-20260308-222543-001-000-260,,2ef49fe0-4906-4195-a564-0c726993cb98,1773008743644395269,1773008743644395269
BACKTESTER-001,OracleStrategy-000,MESM6.GLBX,,,,,MARKET,BUY,1,GTC,False,False,0,NO_LIQUIDITY_SIDE,,,,NO_TRIGGER,INITIALIZED,NO_CONTINGENCY,,,,MY_GENERIC_ALGO,,O-20260308-222548-001-000-261,,38a2585f-e953-421d-8aab-3e3e347a9270,1773008748288101101,1773008748288101101
BACKTESTER-001,OracleStrategy-000,MESM6.GLBX,,,,,MARKET,BUY,1,GTC,False,False,0,NO_LIQUIDITY_SIDE,,,,NO_TRIGGER,INITIALIZED,NO_CONTINGENCY,,,,MY_GENERIC_ALGO,,O-20260308-222609-001-000-262,,4e34cfad-011f-4916-911a-4a704345fead,1773008769803400058,1773008769803400058
BACKTESTER-001,OracleStrategy-000,MESM6.GLBX,,,,,MARKET,BUY,1,GTC,False,False,0,NO_LIQUIDITY_SIDE,,,,NO_TRIGGER,INITIALIZED,NO_CONTINGENCY,,,,MY_GENERIC_ALGO,,O-20260308-222614-001-000-263,,ac14eb94-a5d5-485f-a6ed-7ec51c4e3374,1773008774455334832,1773008774455334832
BACKTESTER-001,OracleStrategy-000,MESM6.GLBX,,,,,MARKET,BUY,1,GTC,False,False,0,NO_LIQUIDITY_SIDE,,,,NO_TRIGGER,INITIALIZED,NO_CONTINGENCY,,,,MY_GENERIC_ALGO,,O-20260308-222616-001-000-264,,d8fca780-fb66-4417-80b2-73d03df35ad2,1773008776668284239,1773008776668284239
BACKTESTER-001,OracleStrategy-000,MESM6.GLBX,,,,,MARKET,SELL,1,GTC,False,False,0,NO_LIQUIDITY_SIDE,,,,NO_TRIGGER,INITIALIZED,NO_CONTINGENCY,,,,MY_GENERIC_ALGO,,O-20260308-222625-001-000-265,,b0a568b8-e54c-433b-8773-ece48d824190,1773008785575297570,1773008785575297570
BACKTESTER-001,OracleStrategy-000,MESM6.GLBX,,,,,MARKET,BUY,1,GTC,False,False,0,NO_LIQUIDITY_SIDE,,,,NO_TRIGGER,INITIALIZED,NO_CONTINGENCY,,,,MY_GENERIC_ALGO,,O-20260308-222629-001-000-266,,cef757ce-0ae6-4f1d-91bc-700ea61c52c3,1773008789014607157,1773008789014607157
BACKTESTER-001,OracleStrategy-000,MESM6.GLBX,,,,,MARKET,SELL,1,GTC,False,False,0,NO_LIQUIDITY_SIDE,,,,NO_TRIGGER,INITIALIZED,NO_CONTINGENCY,,,,MY_GENERIC_ALGO,,O-20260308-222637-001-000-267,,6155c713-aa71-4a77-a7b2-106d40c6cd01,1773008797085225323,1773008797085225323
BACKTESTER-001,OracleStrategy-000,MESM6.GLBX,,,,,MARKET,SELL,1,GTC,False,False,0,NO_LIQUIDITY_SIDE,,,,NO_TRIGGER,INITIALIZED,NO_CONTINGENCY,,,,MY_GENERIC_ALGO,,O-20260308-222640-001-000-268,,aa93482d-511f-4e2d-af65-16c96b32c830,1773008800377760597,1773008800377760597
BACKTESTER-001,OracleStrategy-000,MESM6.GLBX,,,,,MARKET,BUY,1,GTC,False,False,0,NO_LIQUIDITY_SIDE,,,,NO_TRIGGER,INITIALIZED,NO_CONTINGENCY,,,,MY_GENERIC_ALGO,,O-20260308-222642-001-000-269,,2c9ef6de-665b-4bbf-87e3-330f904ef3c1,1773008802780422864,1773008802780422864
BACKTESTER-001,OracleStrategy-000,MESM6.GLBX,,,,,MARKET,BUY,1,GTC,False,False,0,NO_LIQUIDITY_SIDE,,,,NO_TRIGGER,INITIALIZED,NO_CONTINGENCY,,,,MY_GENERIC_ALGO,,O-20260308-222645-001-000-270,,3570dab4-ffd3-425a-ba74-3f5e7006e8ac,1773008805989344002,1773008805989344002
BACKTESTER-001,OracleStrategy-000,MESM6.GLBX,,,,,MARKET,SELL,1,GTC,False,False,0,NO_LIQUIDITY_SIDE,,,,NO_TRIGGER,INITIALIZED,NO_CONTINGENCY,,,,MY_GENERIC_ALGO,,O-20260308-222652-001-000-271,,e1f178c7-9eac-43ab-8f29-b7b1f486fd4d,1773008812702072045,1773008812702072045
BACKTESTER-001,OracleStrategy-000,MESM6.GLBX,,,,,MARKET,SELL,1,GTC,False,False,0,NO_LIQUIDITY_SIDE,,,,NO_TRIGGER,INITIALIZED,NO_CONTINGENCY,,,,MY_GENERIC_ALGO,,O-20260308-222656-001-000-272,,a26fef95-8a83-484f-b6ce-109803aad12a,1773008816717271048,1773008816717271048
BACKTESTER-001,OracleStrategy-000,MESM6.GLBX,,,,,MARKET,BUY,1,GTC,False,False,0,NO_LIQUIDITY_SIDE,,,,NO_TRIGGER,INITIALIZED,NO_CONTINGENCY,,,,MY_GENERIC_ALGO,,O-20260308-222700-001-000-273,,25fb4b94-cb50-4731-a5f6-d3676eca2b5b,1773008820259652477,1773008820259652477
BACKTESTER-001,OracleStrategy-000,MESM6.GLBX,,,,,MARKET,SELL,1,GTC,False,False,0,NO_LIQUIDITY_SIDE,,,,NO_TRIGGER,INITIALIZED,NO_CONTINGENCY,,,,MY_GENERIC_ALGO,,O-20260308-222703-001-000-274,,da4d99f5-714c-4bc5-ad61-364bef41a787,1773008823908932054,1773008823908932054
BACKTESTER-001,OracleStrategy-000,MESM6.GLBX,,,,,MARKET,SELL,1,GTC,False,False,0,NO_LIQUIDITY_SIDE,,,,NO_TRIGGER,INITIALIZED,NO_CONTINGENCY,,,,MY_GENERIC_ALGO,,O-20260308-222714-001-000-275,,369e7982-8fee-44c6-b80a-d8cfd6231578,1773008834927378453,1773008834927378453
BACKTESTER-001,OracleStrategy-000,MESM6.GLBX,,,,,MARKET,SELL,1,GTC,False,False,0,NO_LIQUIDITY_SIDE,,,,NO_TRIGGER,INITIALIZED,NO_CONTINGENCY,,,,MY_GENERIC_ALGO,,O-20260308-222719-001-000-276,,cf0c1146-4f0d-4703-8fdb-8a098b0335df,1773008839685896672,1773008839685896672
BACKTESTER-001,OracleStrategy-000,MESM6.GLBX,,,,,MARKET,SELL,1,GTC,False,False,0,NO_LIQUIDITY_SIDE,,,,NO_TRIGGER,INITIALIZED,NO_CONTINGENCY,,,,MY_GENERIC_ALGO,,O-20260308-222721-001-000-277,,fcd71432-61eb-4046-b8b5-4f8dab92a22d,1773008841758256306,1773008841758256306
BACKTESTER-001,OracleStrategy-000,MESM6.GLBX,,,,,MARKET,SELL,1,GTC,False,False,0,NO_LIQUIDITY_SIDE,,,,NO_TRIGGER,INITIALIZED,NO_CONTINGENCY,,,,MY_GENERIC_ALGO,,O-20260308-222724-001-000-278,,76c38250-27d3-46ee-8e48-f6337ea73399,1773008844932963575,1773008844932963575
BACKTESTER-001,OracleStrategy-000,MESM6.GLBX,,,,,MARKET,BUY,1,GTC,False,False,0,NO_LIQUIDITY_SIDE,,,,NO_TRIGGER,INITIALIZED,NO_CONTINGENCY,,,,MY_GENERIC_ALGO,,O-20260308-222737-001-000-279,,143ef419-e949-43d2-ac0c-6d3dbed7f0fe,1773008857324230949,1773008857324230949
BACKTESTER-001,OracleStrategy-000,MESM6.GLBX,,,,,MARKET,BUY,1,GTC,False,False,0,NO_LIQUIDITY_SIDE,,,,NO_TRIGGER,INITIALIZED,NO_CONTINGENCY,,,,MY_GENERIC_ALGO,,O-20260308-222739-001-000-280,,24102286-b61c-4349-a4c4-fa7359a41ef6,1773008859210576637,1773008859210576637
BACKTESTER-001,OracleStrategy-000,MESM6.GLBX,,,,,MARKET,SELL,1,GTC,False,False,0,NO_LIQUIDITY_SIDE,,,,NO_TRIGGER,INITIALIZED,NO_CONTINGENCY,,,,MY_GENERIC_ALGO,,O-20260308-222740-001-000-281,,83b63ac1-09e2-4b76-b0a1-fd2dd47fb3a6,1773008860401323701,1773008860401323701
BACKTESTER-001,OracleStrategy-000,MESM6.GLBX,,,,,MARKET,BUY,1,GTC,False,False,0,NO_LIQUIDITY_SIDE,,,,NO_TRIGGER,INITIALIZED,NO_CONTINGENCY,,,,MY_GENERIC_ALGO,,O-20260308-222743-001-000-282,,b327aa21-e718-469c-909d-68df629365dd,1773008863605846026,1773008863605846026
BACKTESTER-001,OracleStrategy-000,MESM6.GLBX,,,,,MARKET,BUY,1,GTC,False,False,0,NO_LIQUIDITY_SIDE,,,,NO_TRIGGER,INITIALIZED,NO_CONTINGENCY,,,,MY_GENERIC_ALGO,,O-20260308-222745-001-000-283,,bc960248-296e-42dc-8d50-0cd461e0420d,1773008865834992877,1773008865834992877
BACKTESTER-001,OracleStrategy-000,MESM6.GLBX,,,,,MARKET,SELL,1,GTC,False,False,0,NO_LIQUIDITY_SIDE,,,,NO_TRIGGER,INITIALIZED,NO_CONTINGENCY,,,,MY_GENERIC_ALGO,,O-20260308-222747-001-000-284,,6794ce1b-dcda-4248-b61e-21f6ee396d99,1773008867043217172,1773008867043217172
BACKTESTER-001,OracleStrategy-000,MESM6.GLBX,,,,,MARKET,SELL,1,GTC,False,False,0,NO_LIQUIDITY_SIDE,,,,NO_TRIGGER,INITIALIZED,NO_CONTINGENCY,,,,MY_GENERIC_ALGO,,O-20260308-222748-001-000-285,,35b52ced-0802-4be7-99d1-2b7e069a1690,1773008868464148936,1773008868464148936
BACKTESTER-001,OracleStrategy-000,MESM6.GLBX,,,,,MARKET,BUY,1,GTC,False,False,0,NO_LIQUIDITY_SIDE,,,,NO_TRIGGER,INITIALIZED,NO_CONTINGENCY,,,,MY_GENERIC_ALGO,,O-20260308-222752-001-000-286,,43467e8f-3ea8-48d0-922b-52f1e57ccddf,1773008872663442277,1773008872663442277
BACKTESTER-001,OracleStrategy-000,MESM6.GLBX,,,,,MARKET,SELL,1,GTC,False,False,0,NO_LIQUIDITY_SIDE,,,,NO_TRIGGER,INITIALIZED,NO_CONTINGENCY,,,,MY_GENERIC_ALGO,,O-20260308-222757-001-000-287,,be372b33-bc74-45be-9b1c-405c79d9dd5e,1773008877519772571,1773008877519772571
BACKTESTER-001,OracleStrategy-000,MESM6.GLBX,,,,,MARKET,BUY,1,GTC,False,False,0,NO_LIQUIDITY_SIDE,,,,NO_TRIGGER,INITIALIZED,NO_CONTINGENCY,,,,MY_GENERIC_ALGO,,O-20260308-222801-001-000-288,,e51626fb-860d-4720-a83c-0d397f506d6a,1773008881649581089,1773008881649581089
BACKTESTER-001,OracleStrategy-000,MESM6.GLBX,,,,,MARKET,BUY,1,GTC,False,False,0,NO_LIQUIDITY_SIDE,,,,NO_TRIGGER,INITIALIZED,NO_CONTINGENCY,,,,MY_GENERIC_ALGO,,O-20260308-222802-001-000-289,,b2966475-8311-447a-bd90-4e6168aa2899,1773008882695837429,1773008882695837429
BACKTESTER-001,OracleStrategy-000,MESM6.GLBX,,,,,MARKET,BUY,1,GTC,False,False,0,NO_LIQUIDITY_SIDE,,,,NO_TRIGGER,INITIALIZED,NO_CONTINGENCY,,,,MY_GENERIC_ALGO,,O-20260308-222810-001-000-290,,0b92a213-9e0d-4f59-8c93-10f0445d7a70,1773008890454604951,1773008890454604951
BACKTESTER-001,OracleStrategy-000,MESM6.GLBX,,,,,MARKET,BUY,1,GTC,False,False,0,NO_LIQUIDITY_SIDE,,,,NO_TRIGGER,INITIALIZED,NO_CONTINGENCY,,,,MY_GENERIC_ALGO,,O-20260308-222814-001-000-291,,4ab5afb4-3489-473f-bc2e-bb66e7736e9e,1773008894278553424,1773008894278553424
BACKTESTER-001,OracleStrategy-000,MESM6.GLBX,,,,,MARKET,BUY,1,GTC,False,False,0,NO_LIQUIDITY_SIDE,,,,NO_TRIGGER,INITIALIZED,NO_CONTINGENCY,,,,MY_GENERIC_ALGO,,O-20260308-222819-001-000-292,,c0d21f61-1d93-4945-863d-ed1c14b2cc2e,1773008899307173549,1773008899307173549
BACKTESTER-001,OracleStrategy-000,MESM6.GLBX,,,,,MARKET,BUY,1,GTC,False,False,0,NO_LIQUIDITY_SIDE,,,,NO_TRIGGER,INITIALIZED,NO_CONTINGENCY,,,,MY_GENERIC_ALGO,,O-20260308-222827-001-000-293,,0d31d07c-6039-4c7d-beb1-4cf95c440d5d,1773008907373685966,1773008907373685966
BACKTESTER-001,OracleStrategy-000,MESM6.GLBX,,,,,MARKET,BUY,1,GTC,False,False,0,NO_LIQUIDITY_SIDE,,,,NO_TRIGGER,INITIALIZED,NO_CONTINGENCY,,,,MY_GENERIC_ALGO,,O-20260308-222829-001-000-294,,16776025-8f68-4a4b-af90-75071adc135e,1773008909119103447,1773008909119103447
BACKTESTER-001,OracleStrategy-000,MESM6.GLBX,,,,,MARKET,SELL,1,GTC,False,False,0,NO_LIQUIDITY_SIDE,,,,NO_TRIGGER,INITIALIZED,NO_CONTINGENCY,,,,MY_GENERIC_ALGO,,O-20260308-222839-001-000-295,,d85ac469-6c49-4888-9632-7cafadedfb28,1773008919908827029,1773008919908827029
BACKTESTER-001,OracleStrategy-000,MESM6.GLBX,,,,,MARKET,SELL,1,GTC,False,False,0,NO_LIQUIDITY_SIDE,,,,NO_TRIGGER,INITIALIZED,NO_CONTINGENCY,,,,MY_GENERIC_ALGO,,O-20260308-222843-001-000-296,,cf50f8c7-8920-4331-a3d4-2c07fed3e044,1773008923943350791,1773008923943350791
BACKTESTER-001,OracleStrategy-000,MESM6.GLBX,,,,,MARKET,BUY,1,GTC,False,False,0,NO_LIQUIDITY_SIDE,,,,NO_TRIGGER,INITIALIZED,NO_CONTINGENCY,,,,MY_GENERIC_ALGO,,O-20260308-222847-001-000-297,,56b99a87-bab7-4e63-a961-80f77e97bb83,1773008927002741304,1773008927002741304
BACKTESTER-001,OracleStrategy-000,MESM6.GLBX,,,,,MARKET,BUY,1,GTC,False,False,0,NO_LIQUIDITY_SIDE,,,,NO_TRIGGER,INITIALIZED,NO_CONTINGENCY,,,,MY_GENERIC_ALGO,,O-20260308-222848-001-000-298,,d25813bb-543b-4579-b23e-6032100f1891,1773008928077589479,1773008928077589479
BACKTESTER-001,OracleStrategy-000,MESM6.GLBX,,,,,MARKET,BUY,1,GTC,False,False,0,NO_LIQUIDITY_SIDE,,,,NO_TRIGGER,INITIALIZED,NO_CONTINGENCY,,,,MY_GENERIC_ALGO,,O-20260308-222854-001-000-299,,1107ac70-e4c9-4a19-8f18-6a2adc1ec47d,1773008934239675552,1773008934239675552
BACKTESTER-001,OracleStrategy-000,MESM6.GLBX,,,,,MARKET,SELL,1,GTC,False,False,0,NO_LIQUIDITY_SIDE,,,,NO_TRIGGER,INITIALIZED,NO_CONTINGENCY,,,,MY_GENERIC_ALGO,,O-20260308-222914-001-000-300,,92332e73-baa4-4f90-aae4-5059c1858b00,1773008954532894384,1773008954532894384
BACKTESTER-001,OracleStrategy-000,MESM6.GLBX,,,,,MARKET,BUY,1,GTC,False,False,0,NO_LIQUIDITY_SIDE,,,,NO_TRIGGER,INITIALIZED,NO_CONTINGENCY,,,,MY_GENERIC_ALGO,,O-20260308-222921-001-000-301,,29c27ef1-8583-4cc9-beac-f2e9617fdeb2,1773008961636670770,1773008961636670770
BACKTESTER-001,OracleStrategy-000,MESM6.GLBX,,,,,MARKET,BUY,1,GTC,False,False,0,NO_LIQUIDITY_SIDE,,,,NO_TRIGGER,INITIALIZED,NO_CONTINGENCY,,,,MY_GENERIC_ALGO,,O-20260308-222937-001-000-302,,d1b81164-eb8d-4dc1-84f4-c096a81a74f8,1773008977932027083,1773008977932027083
BACKTESTER-001,OracleStrategy-000,MESM6.GLBX,,,,,MARKET,BUY,1,GTC,False,False,0,NO_LIQUIDITY_SIDE,,,,NO_TRIGGER,INITIALIZED,NO_CONTINGENCY,,,,MY_GENERIC_ALGO,,O-20260308-222945-001-000-303,,72552c07-9b5f-4751-84cf-09dba254aac0,1773008985360978742,1773008985360978742
BACKTESTER-001,OracleStrategy-000,MESM6.GLBX,,,,,MARKET,BUY,1,GTC,False,False,0,NO_LIQUIDITY_SIDE,,,,NO_TRIGGER,INITIALIZED,NO_CONTINGENCY,,,,MY_GENERIC_ALGO,,O-20260308-222952-001-000-304,,1dbb9423-faa2-4a42-8c5c-d6252c6beba8,1773008992329729291,1773008992329729291
BACKTESTER-001,OracleStrategy-000,MESM6.GLBX,,,,,MARKET,SELL,1,GTC,False,False,0,NO_LIQUIDITY_SIDE,,,,NO_TRIGGER,INITIALIZED,NO_CONTINGENCY,,,,MY_GENERIC_ALGO,,O-20260308-223003-001-000-305,,9c431b34-025c-4167-adf3-63ba9ab6c847,1773009003570036560,1773009003570036560
BACKTESTER-001,OracleStrategy-000,MESM6.GLBX,,,,,MARKET,BUY,1,GTC,False,False,0,NO_LIQUIDITY_SIDE,,,,NO_TRIGGER,INITIALIZED,NO_CONTINGENCY,,,,MY_GENERIC_ALGO,,O-20260308-223004-001-000-306,,08c5cf6b-6722-4283-a68f-62ce4a00e7c9,1773009004773173965,1773009004773173965
BACKTESTER-001,OracleStrategy-000,MESM6.GLBX,,,,,MARKET,BUY,1,GTC,False,False,0,NO_LIQUIDITY_SIDE,,,,NO_TRIGGER,INITIALIZED,NO_CONTINGENCY,,,,MY_GENERIC_ALGO,,O-20260308-223006-001-000-307,,c70d94e7-37dc-4bf7-b614-8633c2c1107a,1773009006654138071,1773009006654138071
BACKTESTER-001,OracleStrategy-000,MESM6.GLBX,,,,,MARKET,BUY,1,GTC,False,False,0,NO_LIQUIDITY_SIDE,,,,NO_TRIGGER,INITIALIZED,NO_CONTINGENCY,,,,MY_GENERIC_ALGO,,O-20260308-223021-001-000-308,,352c3ade-e3fe-405c-9e47-b5c6af4334d6,1773009021500588248,1773009021500588248
BACKTESTER-001,OracleStrategy-000,MESM6.GLBX,,,,,MARKET,BUY,1,GTC,False,False,0,NO_LIQUIDITY_SIDE,,,,NO_TRIGGER,INITIALIZED,NO_CONTINGENCY,,,,MY_GENERIC_ALGO,,O-20260308-223042-001-000-309,,494ba620-ce67-4cf5-b1d8-2f4a6c49a712,1773009042912388358,1773009042912388358
BACKTESTER-001,OracleStrategy-000,MESM6.GLBX,,,,,MARKET,SELL,1,GTC,False,False,0,NO_LIQUIDITY_SIDE,,,,NO_TRIGGER,INITIALIZED,NO_CONTINGENCY,,,,MY_GENERIC_ALGO,,O-20260308-223054-001-000-310,,c0eab022-1ef1-4416-a392-cc65fa334bf6,1773009054511612181,1773009054511612181
BACKTESTER-001,OracleStrategy-000,MESM6.GLBX,,,,,MARKET,SELL,1,GTC,False,False,0,NO_LIQUIDITY_SIDE,,,,NO_TRIGGER,INITIALIZED,NO_CONTINGENCY,,,,MY_GENERIC_ALGO,,O-20260308-223058-001-000-311,,87f67294-64be-4291-b5b8-7b7a9e9eb3dd,1773009058062472031,1773009058062472031
BACKTESTER-001,OracleStrategy-000,MESM6.GLBX,,,,,MARKET,BUY,1,GTC,False,False,0,NO_LIQUIDITY_SIDE,,,,NO_TRIGGER,INITIALIZED,NO_CONTINGENCY,,,,MY_GENERIC_ALGO,,O-20260308-223101-001-000-312,,250ffcd8-7b2f-43f5-b44b-b6af07873ad6,1773009061681602245,1773009061681602245
BACKTESTER-001,OracleStrategy-000,MESM6.GLBX,,,,,MARKET,BUY,1,GTC,False,False,0,NO_LIQUIDITY_SIDE,,,,NO_TRIGGER,INITIALIZED,NO_CONTINGENCY,,,,MY_GENERIC_ALGO,,O-20260308-223116-001-000-313,,d02e5f65-32c0-4e4a-baca-9a853cd07ce8,1773009076862138329,1773009076862138329
BACKTESTER-001,OracleStrategy-000,MESM6.GLBX,,,,,MARKET,SELL,1,GTC,False,False,0,NO_LIQUIDITY_SIDE,,,,NO_TRIGGER,INITIALIZED,NO_CONTINGENCY,,,,MY_GENERIC_ALGO,,O-20260308-223131-001-000-314,,fb76800c-a483-4eb6-98cb-4ad88cc34546,1773009091184415500,1773009091184415500
BACKTESTER-001,OracleStrategy-000,MESM6.GLBX,,,,,MARKET,BUY,1,GTC,False,False,0,NO_LIQUIDITY_SIDE,,,,NO_TRIGGER,INITIALIZED,NO_CONTINGENCY,,,,MY_GENERIC_ALGO,,O-20260308-223139-001-000-315,,4b622a3b-a4b7-4622-b8f6-e81ff5453d54,1773009099712221392,1773009099712221392
BACKTESTER-001,OracleStrategy-000,MESM6.GLBX,,,,,MARKET,SELL,1,GTC,False,False,0,NO_LIQUIDITY_SIDE,,,,NO_TRIGGER,INITIALIZED,NO_CONTINGENCY,,,,MY_GENERIC_ALGO,,O-20260308-223150-001-000-316,,c38311d8-ddee-4763-a2d3-a2b818b4b64e,1773009110838014536,1773009110838014536
BACKTESTER-001,OracleStrategy-000,MESM6.GLBX,,,,,MARKET,SELL,1,GTC,False,False,0,NO_LIQUIDITY_SIDE,,,,NO_TRIGGER,INITIALIZED,NO_CONTINGENCY,,,,MY_GENERIC_ALGO,,O-20260308-223152-001-000-317,,298c9e9a-00cd-497b-b22c-58f7d8ab55a3,1773009112184837850,1773009112184837850
BACKTESTER-001,OracleStrategy-000,MESM6.GLBX,,,,,MARKET,SELL,1,GTC,False,False,0,NO_LIQUIDITY_SIDE,,,,NO_TRIGGER,INITIALIZED,NO_CONTINGENCY,,,,MY_GENERIC_ALGO,,O-20260308-223158-001-000-318,,9792eafc-b8d8-4569-ad40-ed97beed192c,1773009118085569122,1773009118085569122
BACKTESTER-001,OracleStrategy-000,MESM6.GLBX,,,,,MARKET,SELL,1,GTC,False,False,0,NO_LIQUIDITY_SIDE,,,,NO_TRIGGER,INITIALIZED,NO_CONTINGENCY,,,,MY_GENERIC_ALGO,,O-20260308-223209-001-000-319,,be858f2f-05a4-48bf-9b03-907029115265,1773009129469355830,1773009129469355830
BACKTESTER-001,OracleStrategy-000,MESM6.GLBX,,,,,MARKET,BUY,1,GTC,False,False,0,NO_LIQUIDITY_SIDE,,,,NO_TRIGGER,INITIALIZED,NO_CONTINGENCY,,,,MY_GENERIC_ALGO,,O-20260308-223231-001-000-320,,5be613e0-0d58-4643-91a6-bcece98a6cec,1773009151179617085,1773009151179617085
BACKTESTER-001,OracleStrategy-000,MESM6.GLBX,,,,,MARKET,SELL,1,GTC,False,False,0,NO_LIQUIDITY_SIDE,,,,NO_TRIGGER,INITIALIZED,NO_CONTINGENCY,,,,MY_GENERIC_ALGO,,O-20260308-223238-001-000-321,,9d20f275-c202-4765-94bd-ac81f6e402d9,1773009158898400145,1773009158898400145
BACKTESTER-001,OracleStrategy-000,MESM6.GLBX,,,,,MARKET,BUY,1,GTC,False,False,0,NO_LIQUIDITY_SIDE,,,,NO_TRIGGER,INITIALIZED,NO_CONTINGENCY,,,,MY_GENERIC_ALGO,,O-20260308-223242-001-000-322,,a152b118-618d-4407-89c2-7eb3cd159182,1773009162847291055,1773009162847291055
BACKTESTER-001,OracleStrategy-000,MESM6.GLBX,,,,,MARKET,SELL,1,GTC,False,False,0,NO_LIQUIDITY_SIDE,,,,NO_TRIGGER,INITIALIZED,NO_CONTINGENCY,,,,MY_GENERIC_ALGO,,O-20260308-223249-001-000-323,,30d85039-48bc-4e26-b37b-f6a97d162abf,1773009169706159130,1773009169706159130
BACKTESTER-001,OracleStrategy-000,MESM6.GLBX,,,,,MARKET,BUY,1,GTC,False,False,0,NO_LIQUIDITY_SIDE,,,,NO_TRIGGER,INITIALIZED,NO_CONTINGENCY,,,,MY_GENERIC_ALGO,,O-20260308-223258-001-000-324,,1e8a511c-fe83-4733-a24c-b5f2b235dbf8,1773009178522434776,1773009178522434776
BACKTESTER-001,OracleStrategy-000,MESM6.GLBX,,,,,MARKET,SELL,1,GTC,False,False,0,NO_LIQUIDITY_SIDE,,,,NO_TRIGGER,INITIALIZED,NO_CONTINGENCY,,,,MY_GENERIC_ALGO,,O-20260308-223300-001-000-325,,77803118-088a-4423-b3b8-35de3916d681,1773009180110882450,1773009180110882450
BACKTESTER-001,OracleStrategy-000,MESM6.GLBX,,,,,MARKET,BUY,1,GTC,False,False,0,NO_LIQUIDITY_SIDE,,,,NO_TRIGGER,INITIALIZED,NO_CONTINGENCY,,,,MY_GENERIC_ALGO,,O-20260308-223305-001-000-326,,94440dbe-836a-4e45-b8ec-43eb2b7e383c,1773009185885651647,1773009185885651647
BACKTESTER-001,OracleStrategy-000,MESM6.GLBX,,,,,MARKET,SELL,1,GTC,False,False,0,NO_LIQUIDITY_SIDE,,,,NO_TRIGGER,INITIALIZED,NO_CONTINGENCY,,,,MY_GENERIC_ALGO,,O-20260308-223310-001-000-327,,f6eb3b69-7440-48ee-a322-75623f7dcabc,1773009190185359835,1773009190185359835
BACKTESTER-001,OracleStrategy-000,MESM6.GLBX,,,,,MARKET,SELL,1,GTC,False,False,0,NO_LIQUIDITY_SIDE,,,,NO_TRIGGER,INITIALIZED,NO_CONTINGENCY,,,,MY_GENERIC_ALGO,,O-20260308-223312-001-000-328,,cb9b609b-a89e-4c2f-84a1-5877e9eb251c,1773009192956763827,1773009192956763827
BACKTESTER-001,OracleStrategy-000,MESM6.GLBX,,,,,MARKET,BUY,1,GTC,False,False,0,NO_LIQUIDITY_SIDE,,,,NO_TRIGGER,INITIALIZED,NO_CONTINGENCY,,,,MY_GENERIC_ALGO,,O-20260308-223339-001-000-329,,d977b277-8835-478c-91c3-d64f8d4ba91c,1773009219944381643,1773009219944381643
BACKTESTER-001,OracleStrategy-000,MESM6.GLBX,,,,,MARKET,SELL,1,GTC,False,False,0,NO_LIQUIDITY_SIDE,,,,NO_TRIGGER,INITIALIZED,NO_CONTINGENCY,,,,MY_GENERIC_ALGO,,O-20260308-223359-001-000-330,,8f1cd126-d060-41bc-a1c9-b1d2ab42225f,1773009239852168742,1773009239852168742
BACKTESTER-001,OracleStrategy-000,MESM6.GLBX,,,,,MARKET,SELL,1,GTC,False,False,0,NO_LIQUIDITY_SIDE,,,,NO_TRIGGER,INITIALIZED,NO_CONTINGENCY,,,,MY_GENERIC_ALGO,,O-20260308-223401-001-000-331,,a6329033-d4cc-4738-b96f-530e9a83dc54,1773009241297658570,1773009241297658570
BACKTESTER-001,OracleStrategy-000,MESM6.GLBX,,,,,MARKET,SELL,1,GTC,False,False,0,NO_LIQUIDITY_SIDE,,,,NO_TRIGGER,INITIALIZED,NO_CONTINGENCY,,,,MY_GENERIC_ALGO,,O-20260308-223406-001-000-332,,76d7e63a-0125-4f63-8651-b58768000cea,1773009246253808121,1773009246253808121
BACKTESTER-001,OracleStrategy-000,MESM6.GLBX,,,,,MARKET,BUY,1,GTC,False,False,0,NO_LIQUIDITY_SIDE,,,,NO_TRIGGER,INITIALIZED,NO_CONTINGENCY,,,,MY_GENERIC_ALGO,,O-20260308-223407-001-000-333,,44dfaa74-59fd-4922-b338-573ea25720ba,1773009247720502912,1773009247720502912
BACKTESTER-001,OracleStrategy-000,MESM6.GLBX,,,,,MARKET,BUY,1,GTC,False,False,0,NO_LIQUIDITY_SIDE,,,,NO_TRIGGER,INITIALIZED,NO_CONTINGENCY,,,,MY_GENERIC_ALGO,,O-20260308-223410-001-000-334,,5fb8ebaa-7646-4eab-a640-aceecabaffa6,1773009250355090099,1773009250355090099
BACKTESTER-001,OracleStrategy-000,MESM6.GLBX,,,,,MARKET,SELL,1,GTC,False,False,0,NO_LIQUIDITY_SIDE,,,,NO_TRIGGER,INITIALIZED,NO_CONTINGENCY,,,,MY_GENERIC_ALGO,,O-20260308-223418-001-000-335,,409e5008-c4cc-4e55-b629-5e17204f5c1d,1773009258934309650,1773009258934309650
BACKTESTER-001,OracleStrategy-000,MESM6.GLBX,,,,,MARKET,BUY,1,GTC,False,False,0,NO_LIQUIDITY_SIDE,,,,NO_TRIGGER,INITIALIZED,NO_CONTINGENCY,,,,MY_GENERIC_ALGO,,O-20260308-223423-001-000-336,,a027304f-2643-4b27-af2f-92d9a1b69cae,1773009263263460994,1773009263263460994
BACKTESTER-001,OracleStrategy-000,MESM6.GLBX,,,,,MARKET,SELL,1,GTC,False,False,0,NO_LIQUIDITY_SIDE,,,,NO_TRIGGER,INITIALIZED,NO_CONTINGENCY,,,,MY_GENERIC_ALGO,,O-20260308-223434-001-000-337,,f4a902e9-89bb-4bd1-8d80-32dd7546958b,1773009274840949139,1773009274840949139
BACKTESTER-001,OracleStrategy-000,MESM6.GLBX,,,,,MARKET,SELL,1,GTC,False,False,0,NO_LIQUIDITY_SIDE,,,,NO_TRIGGER,INITIALIZED,NO_CONTINGENCY,,,,MY_GENERIC_ALGO,,O-20260308-223444-001-000-338,,07aea08c-6a3e-4d0a-9287-416489c42417,1773009284581799966,1773009284581799966
BACKTESTER-001,OracleStrategy-000,MESM6.GLBX,,,,,MARKET,BUY,1,GTC,False,False,0,NO_LIQUIDITY_SIDE,,,,NO_TRIGGER,INITIALIZED,NO_CONTINGENCY,,,,MY_GENERIC_ALGO,,O-20260308-223454-001-000-339,,60e87e91-af82-4d61-be59-02ba91d33d69,1773009294739812637,1773009294739812637
BACKTESTER-001,OracleStrategy-000,MESM6.GLBX,,,,,MARKET,BUY,1,GTC,False,False,0,NO_LIQUIDITY_SIDE,,,,NO_TRIGGER,INITIALIZED,NO_CONTINGENCY,,,,MY_GENERIC_ALGO,,O-20260308-223500-001-000-340,,c6eef534-e1c9-4c0b-a4bd-5857f28b7630,1773009300232398011,1773009300232398011
BACKTESTER-001,OracleStrategy-000,MESM6.GLBX,,,,,MARKET,SELL,1,GTC,False,False,0,NO_LIQUIDITY_SIDE,,,,NO_TRIGGER,INITIALIZED,NO_CONTINGENCY,,,,MY_GENERIC_ALGO,,O-20260308-223516-001-000-341,,a678eda9-cb84-4a89-a7e8-c57ea6163ab6,1773009316047955983,1773009316047955983
BACKTESTER-001,OracleStrategy-000,MESM6.GLBX,,,,,MARKET,SELL,1,GTC,False,False,0,NO_LIQUIDITY_SIDE,,,,NO_TRIGGER,INITIALIZED,NO_CONTINGENCY,,,,MY_GENERIC_ALGO,,O-20260308-223532-001-000-342,,78f61f3d-75d3-4306-9176-1eab6a3f8585,1773009332326497234,1773009332326497234
BACKTESTER-001,OracleStrategy-000,MESM6.GLBX,,,,,MARKET,BUY,1,GTC,False,False,0,NO_LIQUIDITY_SIDE,,,,NO_TRIGGER,INITIALIZED,NO_CONTINGENCY,,,,MY_GENERIC_ALGO,,O-20260308-223556-001-000-343,,4a30cc93-68e5-4b6d-ad68-bd28faaec481,1773009356819279667,1773009356819279667
BACKTESTER-001,OracleStrategy-000,MESM6.GLBX,,,,,MARKET,SELL,1,GTC,False,False,0,NO_LIQUIDITY_SIDE,,,,NO_TRIGGER,INITIALIZED,NO_CONTINGENCY,,,,MY_GENERIC_ALGO,,O-20260308-223601-001-000-344,,a14ad104-e737-4095-8ee0-64468fc8eeb9,1773009361854635640,1773009361854635640
BACKTESTER-001,OracleStrategy-000,MESM6.GLBX,,,,,MARKET,BUY,1,GTC,False,False,0,NO_LIQUIDITY_SIDE,,,,NO_TRIGGER,INITIALIZED,NO_CONTINGENCY,,,,MY_GENERIC_ALGO,,O-20260308-223610-001-000-345,,c25cddee-3a02-4a2f-9dbb-88256bf188bc,1773009370356615371,1773009370356615371
BACKTESTER-001,OracleStrategy-000,MESM6.GLBX,,,,,MARKET,SELL,1,GTC,False,False,0,NO_LIQUIDITY_SIDE,,,,NO_TRIGGER,INITIALIZED,NO_CONTINGENCY,,,,MY_GENERIC_ALGO,,O-20260308-223624-001-000-346,,66092a95-90e7-40ca-b191-5cd3f9aeb2df,1773009384366094015,1773009384366094015
BACKTESTER-001,OracleStrategy-000,MESM6.GLBX,,,,,MARKET,BUY,1,GTC,False,False,0,NO_LIQUIDITY_SIDE,,,,NO_TRIGGER,INITIALIZED,NO_CONTINGENCY,,,,MY_GENERIC_ALGO,,O-20260308-223641-001-000-347,,c95aa2dd-5382-4273-b617-40a4fbf1c697,1773009401573204170,1773009401573204170
BACKTESTER-001,OracleStrategy-000,MESM6.GLBX,,,,,MARKET,SELL,1,GTC,False,False,0,NO_LIQUIDITY_SIDE,,,,NO_TRIGGER,INITIALIZED,NO_CONTINGENCY,,,,MY_GENERIC_ALGO,,O-20260308-223643-001-000-348,,bfaf9c1e-93f5-4170-bcbf-e26dd9b9c177,1773009403608544795,1773009403608544795
BACKTESTER-001,OracleStrategy-000,MESM6.GLBX,,,,,MARKET,SELL,1,GTC,False,False,0,NO_LIQUIDITY_SIDE,,,,NO_TRIGGER,INITIALIZED,NO_CONTINGENCY,,,,MY_GENERIC_ALGO,,O-20260308-223659-001-000-349,,d4caa214-d554-4f83-abd6-656cd5a637e4,1773009419226010266,1773009419226010266
BACKTESTER-001,OracleStrategy-000,MESM6.GLBX,,,,,MARKET,BUY,1,GTC,False,False,0,NO_LIQUIDITY_SIDE,,,,NO_TRIGGER,INITIALIZED,NO_CONTINGENCY,,,,MY_GENERIC_ALGO,,O-20260308-223702-001-000-350,,6cc7426f-38bd-4143-bcb8-7217836178fd,1773009422462724083,1773009422462724083
BACKTESTER-001,OracleStrategy-000,MESM6.GLBX,,,,,MARKET,SELL,1,GTC,False,False,0,NO_LIQUIDITY_SIDE,,,,NO_TRIGGER,INITIALIZED,NO_CONTINGENCY,,,,MY_GENERIC_ALGO,,O-20260308-223710-001-000-351,,f0795bf6-0f75-497c-83a6-10404cf05715,1773009430330196984,1773009430330196984
BACKTESTER-001,OracleStrategy-000,MESM6.GLBX,,,,,MARKET,SELL,1,GTC,False,False,0,NO_LIQUIDITY_SIDE,,,,NO_TRIGGER,INITIALIZED,NO_CONTINGENCY,,,,MY_GENERIC_ALGO,,O-20260308-223728-001-000-352,,60e8562c-2c03-4cf3-8e47-f3b535999dc9,1773009448687225568,1773009448687225568
BACKTESTER-001,OracleStrategy-000,MESM6.GLBX,,,,,MARKET,SELL,1,GTC,False,False,0,NO_LIQUIDITY_SIDE,,,,NO_TRIGGER,INITIALIZED,NO_CONTINGENCY,,,,MY_GENERIC_ALGO,,O-20260308-223742-001-000-353,,0d14d0c7-8d14-432b-aa03-0f91961d3da9,1773009462328873253,1773009462328873253
BACKTESTER-001,OracleStrategy-000,MESM6.GLBX,,,,,MARKET,BUY,1,GTC,False,False,0,NO_LIQUIDITY_SIDE,,,,NO_TRIGGER,INITIALIZED,NO_CONTINGENCY,,,,MY_GENERIC_ALGO,,O-20260308-223805-001-000-354,,376baefd-1172-49b3-b7c9-90adea72bb02,1773009485844122210,1773009485844122210
BACKTESTER-001,OracleStrategy-000,MESM6.GLBX,,,,,MARKET,BUY,1,GTC,False,False,0,NO_LIQUIDITY_SIDE,,,,NO_TRIGGER,INITIALIZED,NO_CONTINGENCY,,,,MY_GENERIC_ALGO,,O-20260308-223841-001-000-355,,e324631b-0e74-47ed-8dea-fce58275060f,1773009521537721710,1773009521537721710
BACKTESTER-001,OracleStrategy-000,MESM6.GLBX,,,,,MARKET,SELL,1,GTC,False,False,0,NO_LIQUIDITY_SIDE,,,,NO_TRIGGER,INITIALIZED,NO_CONTINGENCY,,,,MY_GENERIC_ALGO,,O-20260308-223847-001-000-356,,9415142f-8508-4260-bfd1-a559b065a9c0,1773009527009297704,1773009527009297704
BACKTESTER-001,OracleStrategy-000,MESM6.GLBX,,,,,MARKET,SELL,1,GTC,False,False,0,NO_LIQUIDITY_SIDE,,,,NO_TRIGGER,INITIALIZED,NO_CONTINGENCY,,,,MY_GENERIC_ALGO,,O-20260308-223859-001-000-357,,813e335a-c23c-4bb1-b5ee-f74457fbf01b,1773009539814654955,1773009539814654955
BACKTESTER-001,OracleStrategy-000,MESM6.GLBX,,,,,MARKET,BUY,1,GTC,False,False,0,NO_LIQUIDITY_SIDE,,,,NO_TRIGGER,INITIALIZED,NO_CONTINGENCY,,,,MY_GENERIC_ALGO,,O-20260308-223901-001-000-358,,945865dd-a755-4061-ba68-a5135d4a60a5,1773009541216475691,1773009541216475691
BACKTESTER-001,OracleStrategy-000,MESM6.GLBX,,,,,MARKET,SELL,1,GTC,False,False,0,NO_LIQUIDITY_SIDE,,,,NO_TRIGGER,INITIALIZED,NO_CONTINGENCY,,,,MY_GENERIC_ALGO,,O-20260308-223907-001-000-359,,7c65d3f8-3037-4376-bc6c-fc8b0183e404,1773009547974665549,1773009547974665549
BACKTESTER-001,OracleStrategy-000,MESM6.GLBX,,,,,MARKET,SELL,1,GTC,False,False,0,NO_LIQUIDITY_SIDE,,,,NO_TRIGGER,INITIALIZED,NO_CONTINGENCY,,,,MY_GENERIC_ALGO,,O-20260308-223917-001-000-360,,7ae57265-e624-427c-8a3c-88d253898b6a,1773009557589948660,1773009557589948660
BACKTESTER-001,OracleStrategy-000,MESM6.GLBX,,,,,MARKET,SELL,1,GTC,False,False,0,NO_LIQUIDITY_SIDE,,,,NO_TRIGGER,INITIALIZED,NO_CONTINGENCY,,,,MY_GENERIC_ALGO,,O-20260308-223938-001-000-361,,366fcfa3-e632-4eaa-b28d-6f1322b5a2b5,1773009578058137344,1773009578058137344
BACKTESTER-001,OracleStrategy-000,MESM6.GLBX,,,,,MARKET,BUY,1,GTC,False,False,0,NO_LIQUIDITY_SIDE,,,,NO_TRIGGER,INITIALIZED,NO_CONTINGENCY,,,,MY_GENERIC_ALGO,,O-20260308-223941-001-000-362,,fbbf8283-790c-4816-bcae-1e7133929e5c,1773009581817635800,1773009581817635800
BACKTESTER-001,OracleStrategy-000,MESM6.GLBX,,,,,MARKET,BUY,1,GTC,False,False,0,NO_LIQUIDITY_SIDE,,,,NO_TRIGGER,INITIALIZED,NO_CONTINGENCY,,,,MY_GENERIC_ALGO,,O-20260308-224012-001-000-363,,d15c3e8b-deb1-48a1-a568-214c1772b7b3,1773009612275126057,1773009612275126057
BACKTESTER-001,OracleStrategy-000,MESM6.GLBX,,,,,MARKET,SELL,1,GTC,False,False,0,NO_LIQUIDITY_SIDE,,,,NO_TRIGGER,INITIALIZED,NO_CONTINGENCY,,,,MY_GENERIC_ALGO,,O-20260308-224042-001-000-364,,979dd5de-2b50-4fa0-a606-e1f42712065d,1773009642963542450,1773009642963542450
BACKTESTER-001,OracleStrategy-000,MESM6.GLBX,,,,,MARKET,BUY,1,GTC,False,False,0,NO_LIQUIDITY_SIDE,,,,NO_TRIGGER,INITIALIZED,NO_CONTINGENCY,,,,MY_GENERIC_ALGO,,O-20260308-224054-001-000-365,,0a4732c2-403c-4438-b61e-dc89550253a0,1773009654965330079,1773009654965330079
BACKTESTER-001,OracleStrategy-000,MESM6.GLBX,,,,,MARKET,SELL,1,GTC,False,False,0,NO_LIQUIDITY_SIDE,,,,NO_TRIGGER,INITIALIZED,NO_CONTINGENCY,,,,MY_GENERIC_ALGO,,O-20260308-224056-001-000-366,,a1e179f1-a8ab-4a84-9eea-dfaf4cb6c5a9,1773009656204979458,1773009656204979458
BACKTESTER-001,OracleStrategy-000,MESM6.GLBX,,,,,MARKET,BUY,1,GTC,False,False,0,NO_LIQUIDITY_SIDE,,,,NO_TRIGGER,INITIALIZED,NO_CONTINGENCY,,,,MY_GENERIC_ALGO,,O-20260308-224121-001-000-367,,e3e348a1-bde4-4f54-beba-ed75746f083d,1773009681309552976,1773009681309552976
BACKTESTER-001,OracleStrategy-000,MESM6.GLBX,,,,,MARKET,SELL,1,GTC,False,False,0,NO_LIQUIDITY_SIDE,,,,NO_TRIGGER,INITIALIZED,NO_CONTINGENCY,,,,MY_GENERIC_ALGO,,O-20260308-224144-001-000-368,,733195f5-c4ac-4372-9f52-e017e8f372aa,1773009704194192848,1773009704194192848
BACKTESTER-001,OracleStrategy-000,MESM6.GLBX,,,,,MARKET,SELL,1,GTC,False,False,0,NO_LIQUIDITY_SIDE,,,,NO_TRIGGER,INITIALIZED,NO_CONTINGENCY,,,,MY_GENERIC_ALGO,,O-20260308-224150-001-000-369,,8f183f87-eab8-4577-82b4-e767a0ead24b,1773009710308556799,1773009710308556799
BACKTESTER-001,OracleStrategy-000,MESM6.GLBX,,,,,MARKET,SELL,1,GTC,False,False,0,NO_LIQUIDITY_SIDE,,,,NO_TRIGGER,INITIALIZED,NO_CONTINGENCY,,,,MY_GENERIC_ALGO,,O-20260308-224152-001-000-370,,78dd414a-65fb-4d19-93f7-158c8de30aa7,1773009712515331544,1773009712515331544
BACKTESTER-001,OracleStrategy-000,MESM6.GLBX,,,,,MARKET,SELL,1,GTC,False,False,0,NO_LIQUIDITY_SIDE,,,,NO_TRIGGER,INITIALIZED,NO_CONTINGENCY,,,,MY_GENERIC_ALGO,,O-20260308-224212-001-000-371,,61f2494f-d900-4e62-aadc-64b244031cea,1773009732290310163,1773009732290310163
BACKTESTER-001,OracleStrategy-000,MESM6.GLBX,,,,,MARKET,SELL,1,GTC,False,False,0,NO_LIQUIDITY_SIDE,,,,NO_TRIGGER,INITIALIZED,NO_CONTINGENCY,,,,MY_GENERIC_ALGO,,O-20260308-224221-001-000-372,,1f44a0a9-1913-4b26-aa15-ae99172b2b09,1773009741238670768,1773009741238670768
BACKTESTER-001,OracleStrategy-000,MESM6.GLBX,,,,,MARKET,BUY,1,GTC,False,False,0,NO_LIQUIDITY_SIDE,,,,NO_TRIGGER,INITIALIZED,NO_CONTINGENCY,,,,MY_GENERIC_ALGO,,O-20260308-224226-001-000-373,,16d39b86-ed3d-4260-b6b0-e61fec105735,1773009746222452933,1773009746222452933
BACKTESTER-001,OracleStrategy-000,MESM6.GLBX,,,,,MARKET,BUY,1,GTC,False,False,0,NO_LIQUIDITY_SIDE,,,,NO_TRIGGER,INITIALIZED,NO_CONTINGENCY,,,,MY_GENERIC_ALGO,,O-20260308-224240-001-000-374,,bfac226e-4c05-48d7-9dba-540898792466,1773009760244536280,1773009760244536280
BACKTESTER-001,OracleStrategy-000,MESM6.GLBX,,,,,MARKET,BUY,1,GTC,False,False,0,NO_LIQUIDITY_SIDE,,,,NO_TRIGGER,INITIALIZED,NO_CONTINGENCY,,,,MY_GENERIC_ALGO,,O-20260308-224246-001-000-375,,545d53f1-fca1-4f8d-a972-74c67f72222d,1773009766407102863,1773009766407102863
BACKTESTER-001,OracleStrategy-000,MESM6.GLBX,,,,,MARKET,BUY,1,GTC,False,False,0,NO_LIQUIDITY_SIDE,,,,NO_TRIGGER,INITIALIZED,NO_CONTINGENCY,,,,MY_GENERIC_ALGO,,O-20260308-224251-001-000-376,,c1c8ab3a-fe8c-4ae6-a01f-155b60ea3eeb,1773009771568082232,1773009771568082232
BACKTESTER-001,OracleStrategy-000,MESM6.GLBX,,,,,MARKET,BUY,1,GTC,False,False,0,NO_LIQUIDITY_SIDE,,,,NO_TRIGGER,INITIALIZED,NO_CONTINGENCY,,,,MY_GENERIC_ALGO,,O-20260308-224252-001-000-377,,39df0434-1948-4662-97a1-59afefa25d75,1773009772829193808,1773009772829193808
BACKTESTER-001,OracleStrategy-000,MESM6.GLBX,,,,,MARKET,BUY,1,GTC,False,False,0,NO_LIQUIDITY_SIDE,,,,NO_TRIGGER,INITIALIZED,NO_CONTINGENCY,,,,MY_GENERIC_ALGO,,O-20260308-224259-001-000-378,,eb197fa3-127b-4e3e-b9e4-12c1430c19dd,1773009779688449226,1773009779688449226
BACKTESTER-001,OracleStrategy-000,MESM6.GLBX,,,,,MARKET,BUY,1,GTC,False,False,0,NO_LIQUIDITY_SIDE,,,,NO_TRIGGER,INITIALIZED,NO_CONTINGENCY,,,,MY_GENERIC_ALGO,,O-20260308-224302-001-000-379,,43755257-cb51-4645-931e-89bdeca1eed8,1773009782289235085,1773009782289235085
BACKTESTER-001,OracleStrategy-000,MESM6.GLBX,,,,,MARKET,BUY,1,GTC,False,False,0,NO_LIQUIDITY_SIDE,,,,NO_TRIGGER,INITIALIZED,NO_CONTINGENCY,,,,MY_GENERIC_ALGO,,O-20260308-224332-001-000-380,,cf75dcaa-cc54-4650-ab2f-74ee4ed8a461,1773009812958717755,1773009812958717755
BACKTESTER-001,OracleStrategy-000,MESM6.GLBX,,,,,MARKET,SELL,1,GTC,False,False,0,NO_LIQUIDITY_SIDE,,,,NO_TRIGGER,INITIALIZED,NO_CONTINGENCY,,,,MY_GENERIC_ALGO,,O-20260308-224335-001-000-381,,9f792958-3f67-49e0-8173-145f16198dfc,1773009815658749048,1773009815658749048
BACKTESTER-001,OracleStrategy-000,MESM6.GLBX,,,,,MARKET,SELL,1,GTC,False,False,0,NO_LIQUIDITY_SIDE,,,,NO_TRIGGER,INITIALIZED,NO_CONTINGENCY,,,,MY_GENERIC_ALGO,,O-20260308-224342-001-000-382,,88ede4e9-479f-48a5-b371-13c90bd0692f,1773009822012007075,1773009822012007075
BACKTESTER-001,OracleStrategy-000,MESM6.GLBX,,,,,MARKET,SELL,1,GTC,False,False,0,NO_LIQUIDITY_SIDE,,,,NO_TRIGGER,INITIALIZED,NO_CONTINGENCY,,,,MY_GENERIC_ALGO,,O-20260308-224356-001-000-383,,d17cc546-6fae-42eb-8d65-d08c9fced455,1773009836233488344,1773009836233488344
BACKTESTER-001,OracleStrategy-000,MESM6.GLBX,,,,,MARKET,SELL,1,GTC,False,False,0,NO_LIQUIDITY_SIDE,,,,NO_TRIGGER,INITIALIZED,NO_CONTINGENCY,,,,MY_GENERIC_ALGO,,O-20260308-224401-001-000-384,,5e951498-fde2-4029-98a6-2b2264163607,1773009841587410075,1773009841587410075
BACKTESTER-001,OracleStrategy-000,MESM6.GLBX,,,,,MARKET,SELL,1,GTC,False,False,0,NO_LIQUIDITY_SIDE,,,,NO_TRIGGER,INITIALIZED,NO_CONTINGENCY,,,,MY_GENERIC_ALGO,,O-20260308-224414-001-000-385,,f788b80e-d8cd-4401-8394-ba5c3d9a4d0a,1773009854944206943,1773009854944206943
BACKTESTER-001,OracleStrategy-000,MESM6.GLBX,,,,,MARKET,BUY,1,GTC,False,False,0,NO_LIQUIDITY_SIDE,,,,NO_TRIGGER,INITIALIZED,NO_CONTINGENCY,,,,MY_GENERIC_ALGO,,O-20260308-224422-001-000-386,,94ace220-8f43-4736-9762-ab8083970a0e,1773009862061705061,1773009862061705061
BACKTESTER-001,OracleStrategy-000,MESM6.GLBX,,,,,MARKET,BUY,1,GTC,False,False,0,NO_LIQUIDITY_SIDE,,,,NO_TRIGGER,INITIALIZED,NO_CONTINGENCY,,,,MY_GENERIC_ALGO,,O-20260308-224434-001-000-387,,4c0a3b0f-eb41-47e8-b3d9-7be103df08eb,1773009874716368525,1773009874716368525
BACKTESTER-001,OracleStrategy-000,MESM6.GLBX,,,,,MARKET,BUY,1,GTC,False,False,0,NO_LIQUIDITY_SIDE,,,,NO_TRIGGER,INITIALIZED,NO_CONTINGENCY,,,,MY_GENERIC_ALGO,,O-20260308-224440-001-000-388,,1511c5cc-02b7-4bcc-9f5f-d1f6f3060f19,1773009880908854381,1773009880908854381
BACKTESTER-001,OracleStrategy-000,MESM6.GLBX,,,,,MARKET,BUY,1,GTC,False,False,0,NO_LIQUIDITY_SIDE,,,,NO_TRIGGER,INITIALIZED,NO_CONTINGENCY,,,,MY_GENERIC_ALGO,,O-20260308-224443-001-000-389,,20626374-f046-4b96-af2a-8a542b779f1f,1773009883839581624,1773009883839581624
BACKTESTER-001,OracleStrategy-000,MESM6.GLBX,,,,,MARKET,BUY,1,GTC,False,False,0,NO_LIQUIDITY_SIDE,,,,NO_TRIGGER,INITIALIZED,NO_CONTINGENCY,,,,MY_GENERIC_ALGO,,O-20260308-224444-001-000-390,,91bb966b-3353-40f6-b8c8-83a7500bbdaa,1773009884870899080,1773009884870899080
BACKTESTER-001,OracleStrategy-000,MESM6.GLBX,,,,,MARKET,SELL,1,GTC,False,False,0,NO_LIQUIDITY_SIDE,,,,NO_TRIGGER,INITIALIZED,NO_CONTINGENCY,,,,MY_GENERIC_ALGO,,O-20260308-224455-001-000-391,,9b1fb2bf-2fd3-4b7e-81d1-f71fa3adc4c3,1773009895633598618,1773009895633598618
BACKTESTER-001,OracleStrategy-000,MESM6.GLBX,,,,,MARKET,SELL,1,GTC,False,False,0,NO_LIQUIDITY_SIDE,,,,NO_TRIGGER,INITIALIZED,NO_CONTINGENCY,,,,MY_GENERIC_ALGO,,O-20260308-224505-001-000-392,,55a84130-07a0-4f73-aeb3-880755fdb9e0,1773009905364801184,1773009905364801184
BACKTESTER-001,OracleStrategy-000,MESM6.GLBX,,,,,MARKET,SELL,1,GTC,False,False,0,NO_LIQUIDITY_SIDE,,,,NO_TRIGGER,INITIALIZED,NO_CONTINGENCY,,,,MY_GENERIC_ALGO,,O-20260308-224534-001-000-393,,621e51e8-d35b-40bf-b855-2ac0f5bde8ce,1773009934170277916,1773009934170277916
BACKTESTER-001,OracleStrategy-000,MESM6.GLBX,,,,,MARKET,SELL,1,GTC,False,False,0,NO_LIQUIDITY_SIDE,,,,NO_TRIGGER,INITIALIZED,NO_CONTINGENCY,,,,MY_GENERIC_ALGO,,O-20260308-224544-001-000-394,,b1740525-02a6-4b3e-bf88-00778898ca0b,1773009944817587914,1773009944817587914
BACKTESTER-001,OracleStrategy-000,MESM6.GLBX,,,,,MARKET,BUY,1,GTC,False,False,0,NO_LIQUIDITY_SIDE,,,,NO_TRIGGER,INITIALIZED,NO_CONTINGENCY,,,,MY_GENERIC_ALGO,,O-20260308-224555-001-000-395,,1a79e241-5f0b-4772-ac75-9ac8a8f1dcbb,1773009955583865728,1773009955583865728
BACKTESTER-001,OracleStrategy-000,MESM6.GLBX,,,,,MARKET,BUY,1,GTC,False,False,0,NO_LIQUIDITY_SIDE,,,,NO_TRIGGER,INITIALIZED,NO_CONTINGENCY,,,,MY_GENERIC_ALGO,,O-20260308-224607-001-000-396,,c122dfe7-29d3-44a7-80e5-51fb06391352,1773009967170107269,1773009967170107269
BACKTESTER-001,OracleStrategy-000,MESM6.GLBX,,,,,MARKET,BUY,1,GTC,False,False,0,NO_LIQUIDITY_SIDE,,,,NO_TRIGGER,INITIALIZED,NO_CONTINGENCY,,,,MY_GENERIC_ALGO,,O-20260308-224614-001-000-397,,ec10a4ed-2f1d-4914-bd41-507de0aa3bf8,1773009974102945832,1773009974102945832
BACKTESTER-001,OracleStrategy-000,MESM6.GLBX,,,,,MARKET,SELL,1,GTC,False,False,0,NO_LIQUIDITY_SIDE,,,,NO_TRIGGER,INITIALIZED,NO_CONTINGENCY,,,,MY_GENERIC_ALGO,,O-20260308-224619-001-000-398,,e8feceda-bc12-4a76-8d95-a8c05f32bb85,1773009979544408488,1773009979544408488
BACKTESTER-001,OracleStrategy-000,MESM6.GLBX,,,,,MARKET,BUY,1,GTC,False,False,0,NO_LIQUIDITY_SIDE,,,,NO_TRIGGER,INITIALIZED,NO_CONTINGENCY,,,,MY_GENERIC_ALGO,,O-20260308-224621-001-000-399,,6e7265a3-6059-4d97-a888-d10ca713a58c,1773009981825025461,1773009981825025461
BACKTESTER-001,OracleStrategy-000,MESM6.GLBX,,,,,MARKET,BUY,1,GTC,False,False,0,NO_LIQUIDITY_SIDE,,,,NO_TRIGGER,INITIALIZED,NO_CONTINGENCY,,,,MY_GENERIC_ALGO,,O-20260308-224627-001-000-400,,4c665ae1-2ca4-47b7-a06b-f8e58f230fe7,1773009987042939775,1773009987042939775
BACKTESTER-001,OracleStrategy-000,MESM6.GLBX,,,,,MARKET,SELL,1,GTC,False,False,0,NO_LIQUIDITY_SIDE,,,,NO_TRIGGER,INITIALIZED,NO_CONTINGENCY,,,,MY_GENERIC_ALGO,,O-20260308-224631-001-000-401,,3badaeca-fa2c-4133-8a4a-3d6cdc7576e1,1773009991570720003,1773009991570720003
BACKTESTER-001,OracleStrategy-000,MESM6.GLBX,,,,,MARKET,SELL,1,GTC,False,False,0,NO_LIQUIDITY_SIDE,,,,NO_TRIGGER,INITIALIZED,NO_CONTINGENCY,,,,MY_GENERIC_ALGO,,O-20260308-224643-001-000-402,,2940d255-ae57-4635-bc39-162bdd8e7c62,1773010003852906960,1773010003852906960
BACKTESTER-001,OracleStrategy-000,MESM6.GLBX,,,,,MARKET,SELL,1,GTC,False,False,0,NO_LIQUIDITY_SIDE,,,,NO_TRIGGER,INITIALIZED,NO_CONTINGENCY,,,,MY_GENERIC_ALGO,,O-20260308-224715-001-000-403,,c00d0644-cb5c-45c1-b310-3186761340df,1773010035269388019,1773010035269388019
BACKTESTER-001,OracleStrategy-000,MESM6.GLBX,,,,,MARKET,SELL,1,GTC,False,False,0,NO_LIQUIDITY_SIDE,,,,NO_TRIGGER,INITIALIZED,NO_CONTINGENCY,,,,MY_GENERIC_ALGO,,O-20260308-224735-001-000-404,,d9d48d10-33b2-4d3b-8bfd-74b30db2722d,1773010055352208053,1773010055352208053
BACKTESTER-001,OracleStrategy-000,MESM6.GLBX,,,,,MARKET,BUY,1,GTC,False,False,0,NO_LIQUIDITY_SIDE,,,,NO_TRIGGER,INITIALIZED,NO_CONTINGENCY,,,,MY_GENERIC_ALGO,,O-20260308-224742-001-000-405,,d4ef35bb-977e-4b27-9756-3f5ff41fa8c6,1773010062873851839,1773010062873851839
BACKTESTER-001,OracleStrategy-000,MESM6.GLBX,,,,,MARKET,BUY,1,GTC,False,False,0,NO_LIQUIDITY_SIDE,,,,NO_TRIGGER,INITIALIZED,NO_CONTINGENCY,,,,MY_GENERIC_ALGO,,O-20260308-224753-001-000-406,,d0ffd7a7-fe6f-4adc-b194-18f51e2111e4,1773010073314059315,1773010073314059315
BACKTESTER-001,OracleStrategy-000,MESM6.GLBX,,,,,MARKET,BUY,1,GTC,False,False,0,NO_LIQUIDITY_SIDE,,,,NO_TRIGGER,INITIALIZED,NO_CONTINGENCY,,,,MY_GENERIC_ALGO,,O-20260308-224759-001-000-407,,5c359069-7184-4863-81ac-900da83760be,1773010079175497439,1773010079175497439
BACKTESTER-001,OracleStrategy-000,MESM6.GLBX,,,,,MARKET,SELL,1,GTC,False,False,0,NO_LIQUIDITY_SIDE,,,,NO_TRIGGER,INITIALIZED,NO_CONTINGENCY,,,,MY_GENERIC_ALGO,,O-20260308-224826-001-000-408,,1a7e58d0-2ceb-4635-95aa-cf02356cb57a,1773010106324776315,1773010106324776315
BACKTESTER-001,OracleStrategy-000,MESM6.GLBX,,,,,MARKET,BUY,1,GTC,False,False,0,NO_LIQUIDITY_SIDE,,,,NO_TRIGGER,INITIALIZED,NO_CONTINGENCY,,,,MY_GENERIC_ALGO,,O-20260308-224840-001-000-409,,1bae8124-a617-4a93-929b-c9069fd6f3f6,1773010120110210511,1773010120110210511
BACKTESTER-001,OracleStrategy-000,MESM6.GLBX,,,,,MARKET,SELL,1,GTC,False,False,0,NO_LIQUIDITY_SIDE,,,,NO_TRIGGER,INITIALIZED,NO_CONTINGENCY,,,,MY_GENERIC_ALGO,,O-20260308-224841-001-000-410,,948c7829-f2f3-4bf7-84f0-b75d0bb69cf6,1773010121441692250,1773010121441692250
BACKTESTER-001,OracleStrategy-000,MESM6.GLBX,,,,,MARKET,BUY,1,GTC,False,False,0,NO_LIQUIDITY_SIDE,,,,NO_TRIGGER,INITIALIZED,NO_CONTINGENCY,,,,MY_GENERIC_ALGO,,O-20260308-224903-001-000-411,,5b8f8eea-5533-49c1-ba6f-1a1ff06f1bd7,1773010143067252951,1773010143067252951
BACKTESTER-001,OracleStrategy-000,MESM6.GLBX,,,,,MARKET,SELL,1,GTC,False,False,0,NO_LIQUIDITY_SIDE,,,,NO_TRIGGER,INITIALIZED,NO_CONTINGENCY,,,,MY_GENERIC_ALGO,,O-20260308-224907-001-000-412,,99f73c52-2ac1-4c69-a1ea-814c658591c8,1773010147210109351,1773010147210109351
BACKTESTER-001,OracleStrategy-000,MESM6.GLBX,,,,,MARKET,SELL,1,GTC,False,False,0,NO_LIQUIDITY_SIDE,,,,NO_TRIGGER,INITIALIZED,NO_CONTINGENCY,,,,MY_GENERIC_ALGO,,O-20260308-224928-001-000-413,,82904b86-89c9-40cc-985b-adc63f9e3904,1773010168505019587,1773010168505019587
BACKTESTER-001,OracleStrategy-000,MESM6.GLBX,,,,,MARKET,BUY,1,GTC,False,False,0,NO_LIQUIDITY_SIDE,,,,NO_TRIGGER,INITIALIZED,NO_CONTINGENCY,,,,MY_GENERIC_ALGO,,O-20260308-224931-001-000-414,,4b5be482-f600-455a-82f7-442f16b73edd,1773010171601506096,1773010171601506096
BACKTESTER-001,OracleStrategy-000,MESM6.GLBX,,,,,MARKET,BUY,1,GTC,False,False,0,NO_LIQUIDITY_SIDE,,,,NO_TRIGGER,INITIALIZED,NO_CONTINGENCY,,,,MY_GENERIC_ALGO,,O-20260308-224937-001-000-415,,8fe5186d-fa03-459f-878e-1735dbfaa565,1773010177149219992,1773010177149219992
BACKTESTER-001,OracleStrategy-000,MESM6.GLBX,,,,,MARKET,SELL,1,GTC,False,False,0,NO_LIQUIDITY_SIDE,,,,NO_TRIGGER,INITIALIZED,NO_CONTINGENCY,,,,MY_GENERIC_ALGO,,O-20260308-224943-001-000-416,,f8741ee2-0fcf-44c6-aadf-b4306fc2bb5b,1773010183041084571,1773010183041084571
BACKTESTER-001,OracleStrategy-000,MESM6.GLBX,,,,,MARKET,SELL,1,GTC,False,False,0,NO_LIQUIDITY_SIDE,,,,NO_TRIGGER,INITIALIZED,NO_CONTINGENCY,,,,MY_GENERIC_ALGO,,O-20260308-224955-001-000-417,,b68ca400-bd46-4ed4-9143-8d8797c83c36,1773010195919033544,1773010195919033544
BACKTESTER-001,OracleStrategy-000,MESM6.GLBX,,,,,MARKET,SELL,1,GTC,False,False,0,NO_LIQUIDITY_SIDE,,,,NO_TRIGGER,INITIALIZED,NO_CONTINGENCY,,,,MY_GENERIC_ALGO,,O-20260308-225015-001-000-418,,419b4df7-b55e-4fb2-a447-63580bfdd25b,1773010215492329059,1773010215492329059
BACKTESTER-001,OracleStrategy-000,MESM6.GLBX,,,,,MARKET,SELL,1,GTC,False,False,0,NO_LIQUIDITY_SIDE,,,,NO_TRIGGER,INITIALIZED,NO_CONTINGENCY,,,,MY_GENERIC_ALGO,,O-20260308-225031-001-000-419,,a89865d2-cfbf-4280-8343-1916e8a73233,1773010231965193302,1773010231965193302
BACKTESTER-001,OracleStrategy-000,MESM6.GLBX,,,,,MARKET,SELL,1,GTC,False,False,0,NO_LIQUIDITY_SIDE,,,,NO_TRIGGER,INITIALIZED,NO_CONTINGENCY,,,,MY_GENERIC_ALGO,,O-20260308-225033-001-000-420,,22a9273c-132e-40c2-a307-f095bdaaebf9,1773010233618305349,1773010233618305349
BACKTESTER-001,OracleStrategy-000,MESM6.GLBX,,,,,MARKET,BUY,1,GTC,False,False,0,NO_LIQUIDITY_SIDE,,,,NO_TRIGGER,INITIALIZED,NO_CONTINGENCY,,,,MY_GENERIC_ALGO,,O-20260308-225127-001-000-421,,49a9f20a-92fe-4d97-9cb1-d2b841b0bb9c,1773010287694579584,1773010287694579584
BACKTESTER-001,OracleStrategy-000,MESM6.GLBX,,,,,MARKET,BUY,1,GTC,False,False,0,NO_LIQUIDITY_SIDE,,,,NO_TRIGGER,INITIALIZED,NO_CONTINGENCY,,,,MY_GENERIC_ALGO,,O-20260308-225145-001-000-422,,b319a404-20c6-46b7-bfb5-21a148457504,1773010305909650295,1773010305909650295
BACKTESTER-001,OracleStrategy-000,MESM6.GLBX,,,,,MARKET,BUY,1,GTC,False,False,0,NO_LIQUIDITY_SIDE,,,,NO_TRIGGER,INITIALIZED,NO_CONTINGENCY,,,,MY_GENERIC_ALGO,,O-20260308-225232-001-000-423,,d4d87b51-35fd-43c4-8a7e-0d14e46d4b77,1773010352817699623,1773010352817699623
BACKTESTER-001,OracleStrategy-000,MESM6.GLBX,,,,,MARKET,SELL,1,GTC,False,False,0,NO_LIQUIDITY_SIDE,,,,NO_TRIGGER,INITIALIZED,NO_CONTINGENCY,,,,MY_GENERIC_ALGO,,O-20260308-225246-001-000-424,,8109f578-f9f2-4647-91bc-10ce87793a0a,1773010366402007547,1773010366402007547
BACKTESTER-001,OracleStrategy-000,MESM6.GLBX,,,,,MARKET,BUY,1,GTC,False,False,0,NO_LIQUIDITY_SIDE,,,,NO_TRIGGER,INITIALIZED,NO_CONTINGENCY,,,,MY_GENERIC_ALGO,,O-20260308-225247-001-000-425,,f8c4945b-5428-446a-8c93-0ac86e1a2bbc,1773010367535466688,1773010367535466688
BACKTESTER-001,OracleStrategy-000,MESM6.GLBX,,,,,MARKET,BUY,1,GTC,False,False,0,NO_LIQUIDITY_SIDE,,,,NO_TRIGGER,INITIALIZED,NO_CONTINGENCY,,,,MY_GENERIC_ALGO,,O-20260308-225316-001-000-426,,24e0e888-20cc-40cb-84eb-a056e9a6e392,1773010396238120960,1773010396238120960
BACKTESTER-001,OracleStrategy-000,MESM6.GLBX,,,,,MARKET,SELL,1,GTC,False,False,0,NO_LIQUIDITY_SIDE,,,,NO_TRIGGER,INITIALIZED,NO_CONTINGENCY,,,,MY_GENERIC_ALGO,,O-20260308-225321-001-000-427,,8be73996-0adf-4b2f-81af-4fcac380d708,1773010401526510405,1773010401526510405
BACKTESTER-001,OracleStrategy-000,MESM6.GLBX,,,,,MARKET,SELL,1,GTC,False,False,0,NO_LIQUIDITY_SIDE,,,,NO_TRIGGER,INITIALIZED,NO_CONTINGENCY,,,,MY_GENERIC_ALGO,,O-20260308-225328-001-000-428,,e1fdacc1-6a14-464f-955d-4083384f34a9,1773010408970674445,1773010408970674445
BACKTESTER-001,OracleStrategy-000,MESM6.GLBX,,,,,MARKET,SELL,1,GTC,False,False,0,NO_LIQUIDITY_SIDE,,,,NO_TRIGGER,INITIALIZED,NO_CONTINGENCY,,,,MY_GENERIC_ALGO,,O-20260308-225331-001-000-429,,31b526f1-a2c4-4e16-a80d-666eef3437a1,1773010411376131664,1773010411376131664
BACKTESTER-001,OracleStrategy-000,MESM6.GLBX,,,,,MARKET,BUY,1,GTC,False,False,0,NO_LIQUIDITY_SIDE,,,,NO_TRIGGER,INITIALIZED,NO_CONTINGENCY,,,,MY_GENERIC_ALGO,,O-20260308-225339-001-000-430,,2c387089-ee81-4a68-833e-18a5790dc5a7,1773010419991394704,1773010419991394704
BACKTESTER-001,OracleStrategy-000,MESM6.GLBX,,,,,MARKET,SELL,1,GTC,False,False,0,NO_LIQUIDITY_SIDE,,,,NO_TRIGGER,INITIALIZED,NO_CONTINGENCY,,,,MY_GENERIC_ALGO,,O-20260308-225346-001-000-431,,98a08d53-9eea-4197-82c8-43a8866268c7,1773010426477184770,1773010426477184770
BACKTESTER-001,OracleStrategy-000,MESM6.GLBX,,,,,MARKET,BUY,1,GTC,False,False,0,NO_LIQUIDITY_SIDE,,,,NO_TRIGGER,INITIALIZED,NO_CONTINGENCY,,,,MY_GENERIC_ALGO,,O-20260308-225351-001-000-432,,dc985a2c-3390-4128-a338-000d52b6a969,1773010431472853261,1773010431472853261
BACKTESTER-001,OracleStrategy-000,MESM6.GLBX,,,,,MARKET,BUY,1,GTC,False,False,0,NO_LIQUIDITY_SIDE,,,,NO_TRIGGER,INITIALIZED,NO_CONTINGENCY,,,,MY_GENERIC_ALGO,,O-20260308-225354-001-000-433,,08b640a4-c4fa-4299-b7f7-192ac3081d4a,1773010434418052438,1773010434418052438
BACKTESTER-001,OracleStrategy-000,MESM6.GLBX,,,,,MARKET,SELL,1,GTC,False,False,0,NO_LIQUIDITY_SIDE,,,,NO_TRIGGER,INITIALIZED,NO_CONTINGENCY,,,,MY_GENERIC_ALGO,,O-20260308-225419-001-000-434,,c0f23558-7cd6-48a6-89ff-50e9f2b0cd50,1773010459377962131,1773010459377962131
BACKTESTER-001,OracleStrategy-000,MESM6.GLBX,,,,,MARKET,BUY,1,GTC,False,False,0,NO_LIQUIDITY_SIDE,,,,NO_TRIGGER,INITIALIZED,NO_CONTINGENCY,,,,MY_GENERIC_ALGO,,O-20260308-225451-001-000-435,,3c7d9095-cc3e-4fc5-8f69-f747160074db,1773010491932607520,1773010491932607520
BACKTESTER-001,OracleStrategy-000,MESM6.GLBX,,,,,MARKET,BUY,1,GTC,False,False,0,NO_LIQUIDITY_SIDE,,,,NO_TRIGGER,INITIALIZED,NO_CONTINGENCY,,,,MY_GENERIC_ALGO,,O-20260308-225456-001-000-436,,98a922dd-ba40-402a-b028-4f181c600695,1773010496066789931,1773010496066789931
BACKTESTER-001,OracleStrategy-000,MESM6.GLBX,,,,,MARKET,SELL,1,GTC,False,False,0,NO_LIQUIDITY_SIDE,,,,NO_TRIGGER,INITIALIZED,NO_CONTINGENCY,,,,MY_GENERIC_ALGO,,O-20260308-225510-001-000-437,,bcd96d30-fb6e-48c6-840c-dcd45b0cb021,1773010510113903779,1773010510113903779
BACKTESTER-001,OracleStrategy-000,MESM6.GLBX,,,,,MARKET,SELL,1,GTC,False,False,0,NO_LIQUIDITY_SIDE,,,,NO_TRIGGER,INITIALIZED,NO_CONTINGENCY,,,,MY_GENERIC_ALGO,,O-20260308-225516-001-000-438,,9182809b-e5ef-41ab-9d62-11147fb9870a,1773010516472644312,1773010516472644312
BACKTESTER-001,OracleStrategy-000,MESM6.GLBX,,,,,MARKET,SELL,1,GTC,False,False,0,NO_LIQUIDITY_SIDE,,,,NO_TRIGGER,INITIALIZED,NO_CONTINGENCY,,,,MY_GENERIC_ALGO,,O-20260308-225523-001-000-439,,488f852a-2a27-42f2-b926-653ab317f353,1773010523123297378,1773010523123297378
BACKTESTER-001,OracleStrategy-000,MESM6.GLBX,,,,,MARKET,SELL,1,GTC,False,False,0,NO_LIQUIDITY_SIDE,,,,NO_TRIGGER,INITIALIZED,NO_CONTINGENCY,,,,MY_GENERIC_ALGO,,O-20260308-225528-001-000-440,,01a131a5-4d03-4735-8782-e46459d37150,1773010528575218409,1773010528575218409
BACKTESTER-001,OracleStrategy-000,MESM6.GLBX,,,,,MARKET,SELL,1,GTC,False,False,0,NO_LIQUIDITY_SIDE,,,,NO_TRIGGER,INITIALIZED,NO_CONTINGENCY,,,,MY_GENERIC_ALGO,,O-20260308-225545-001-000-441,,fba39600-22d6-4901-ae25-8642cc498f94,1773010545600414079,1773010545600414079
BACKTESTER-001,OracleStrategy-000,MESM6.GLBX,,,,,MARKET,SELL,1,GTC,False,False,0,NO_LIQUIDITY_SIDE,,,,NO_TRIGGER,INITIALIZED,NO_CONTINGENCY,,,,MY_GENERIC_ALGO,,O-20260308-225558-001-000-442,,8d53ba49-6eac-4e4e-aa56-f27be4746dce,1773010558836652165,1773010558836652165
BACKTESTER-001,OracleStrategy-000,MESM6.GLBX,,,,,MARKET,BUY,1,GTC,False,False,0,NO_LIQUIDITY_SIDE,,,,NO_TRIGGER,INITIALIZED,NO_CONTINGENCY,,,,MY_GENERIC_ALGO,,O-20260308-225629-001-000-443,,52353864-85f2-4410-8392-0f1d31022087,1773010589833486727,1773010589833486727
BACKTESTER-001,OracleStrategy-000,MESM6.GLBX,,,,,MARKET,SELL,1,GTC,False,False,0,NO_LIQUIDITY_SIDE,,,,NO_TRIGGER,INITIALIZED,NO_CONTINGENCY,,,,MY_GENERIC_ALGO,,O-20260308-225634-001-000-444,,3dd2e95a-4d86-403f-8f70-f4f0732838a8,1773010594981532891,1773010594981532891
BACKTESTER-001,OracleStrategy-000,MESM6.GLBX,,,,,MARKET,SELL,1,GTC,False,False,0,NO_LIQUIDITY_SIDE,,,,NO_TRIGGER,INITIALIZED,NO_CONTINGENCY,,,,MY_GENERIC_ALGO,,O-20260308-225641-001-000-445,,a0d4e508-ee9e-47c2-90a9-fe4b1f70e86a,1773010601005592359,1773010601005592359
BACKTESTER-001,OracleStrategy-000,MESM6.GLBX,,,,,MARKET,SELL,1,GTC,False,False,0,NO_LIQUIDITY_SIDE,,,,NO_TRIGGER,INITIALIZED,NO_CONTINGENCY,,,,MY_GENERIC_ALGO,,O-20260308-225642-001-000-446,,2a3b9e44-346d-473a-8727-7d0550639579,1773010602759284154,1773010602759284154
BACKTESTER-001,OracleStrategy-000,MESM6.GLBX,,,,,MARKET,BUY,1,GTC,False,False,0,NO_LIQUIDITY_SIDE,,,,NO_TRIGGER,INITIALIZED,NO_CONTINGENCY,,,,MY_GENERIC_ALGO,,O-20260308-225738-001-000-447,,5deffd65-afe7-4bfa-82cc-22f79beead24,1773010658236324255,1773010658236324255
BACKTESTER-001,OracleStrategy-000,MESM6.GLBX,,,,,MARKET,BUY,1,GTC,False,False,0,NO_LIQUIDITY_SIDE,,,,NO_TRIGGER,INITIALIZED,NO_CONTINGENCY,,,,MY_GENERIC_ALGO,,O-20260308-225741-001-000-448,,82cef268-8b04-49fb-99d7-f284f558ef5f,1773010661258245608,1773010661258245608
BACKTESTER-001,OracleStrategy-000,MESM6.GLBX,,,,,MARKET,BUY,1,GTC,False,False,0,NO_LIQUIDITY_SIDE,,,,NO_TRIGGER,INITIALIZED,NO_CONTINGENCY,,,,MY_GENERIC_ALGO,,O-20260308-225743-001-000-449,,126dc9e5-06c0-4878-9a02-246cc3c36578,1773010663646239443,1773010663646239443
BACKTESTER-001,OracleStrategy-000,MESM6.GLBX,,,,,MARKET,BUY,1,GTC,False,False,0,NO_LIQUIDITY_SIDE,,,,NO_TRIGGER,INITIALIZED,NO_CONTINGENCY,,,,MY_GENERIC_ALGO,,O-20260308-225748-001-000-450,,92d3b3de-a79a-449a-8c1f-a7c4dab193dd,1773010668603903527,1773010668603903527
BACKTESTER-001,OracleStrategy-000,MESM6.GLBX,,,,,MARKET,BUY,1,GTC,False,False,0,NO_LIQUIDITY_SIDE,,,,NO_TRIGGER,INITIALIZED,NO_CONTINGENCY,,,,MY_GENERIC_ALGO,,O-20260308-225832-001-000-451,,fbb6df99-9676-4e05-a17f-b8972e88f672,1773010712244954131,1773010712244954131
BACKTESTER-001,OracleStrategy-000,MESM6.GLBX,,,,,MARKET,SELL,1,GTC,False,False,0,NO_LIQUIDITY_SIDE,,,,NO_TRIGGER,INITIALIZED,NO_CONTINGENCY,,,,MY_GENERIC_ALGO,,O-20260308-225847-001-000-452,,057852cf-c84d-481a-b707-b5bedd555924,1773010727218678892,1773010727218678892
BACKTESTER-001,OracleStrategy-000,MESM6.GLBX,,,,,MARKET,BUY,1,GTC,False,False,0,NO_LIQUIDITY_SIDE,,,,NO_TRIGGER,INITIALIZED,NO_CONTINGENCY,,,,MY_GENERIC_ALGO,,O-20260308-225906-001-000-453,,f9b24d62-fc9a-4dcf-8031-19f0f354ed09,1773010746188824728,1773010746188824728
BACKTESTER-001,OracleStrategy-000,MESM6.GLBX,,,,,MARKET,BUY,1,GTC,False,False,0,NO_LIQUIDITY_SIDE,,,,NO_TRIGGER,INITIALIZED,NO_CONTINGENCY,,,,MY_GENERIC_ALGO,,O-20260308-225910-001-000-454,,1038a41e-4e00-41ec-ba09-9659a67d49fc,1773010750532907951,1773010750532907951
BACKTESTER-001,OracleStrategy-000,MESM6.GLBX,,,,,MARKET,BUY,1,GTC,False,False,0,NO_LIQUIDITY_SIDE,,,,NO_TRIGGER,INITIALIZED,NO_CONTINGENCY,,,,MY_GENERIC_ALGO,,O-20260308-225921-001-000-455,,f8f64143-8626-47e8-a33e-f114eb294b0d,1773010761545850051,1773010761545850051
BACKTESTER-001,OracleStrategy-000,MESM6.GLBX,,,,,MARKET,BUY,1,GTC,False,False,0,NO_LIQUIDITY_SIDE,,,,NO_TRIGGER,INITIALIZED,NO_CONTINGENCY,,,,MY_GENERIC_ALGO,,O-20260308-225936-001-000-456,,e764ab7c-563e-43cf-a0ba-8d139314aaf2,1773010776255155227,1773010776255155227
BACKTESTER-001,OracleStrategy-000,MESM6.GLBX,,,,,MARKET,BUY,1,GTC,False,False,0,NO_LIQUIDITY_SIDE,,,,NO_TRIGGER,INITIALIZED,NO_CONTINGENCY,,,,MY_GENERIC_ALGO,,O-20260308-225959-001-000-457,,7967b063-f98e-4fb5-92ad-f11ef25610bc,1773010799959156167,1773010799959156167
BACKTESTER-001,OracleStrategy-000,MESM6.GLBX,,,,,MARKET,BUY,1,GTC,False,False,0,NO_LIQUIDITY_SIDE,,,,NO_TRIGGER,INITIALIZED,NO_CONTINGENCY,,,,MY_GENERIC_ALGO,,O-20260308-230004-001-000-458,,701c4489-f30f-4e87-b779-23cfeca1ee2c,1773010804890508709,1773010804890508709
BACKTESTER-001,OracleStrategy-000,MESM6.GLBX,,,,,MARKET,BUY,1,GTC,False,False,0,NO_LIQUIDITY_SIDE,,,,NO_TRIGGER,INITIALIZED,NO_CONTINGENCY,,,,MY_GENERIC_ALGO,,O-20260308-230008-001-000-459,,a13347d5-4147-466c-84d9-f377f05b255e,1773010808238786143,1773010808238786143
BACKTESTER-001,OracleStrategy-000,MESM6.GLBX,,,,,MARKET,SELL,1,GTC,False,False,0,NO_LIQUIDITY_SIDE,,,,NO_TRIGGER,INITIALIZED,NO_CONTINGENCY,,,,MY_GENERIC_ALGO,,O-20260308-230010-001-000-460,,99c9a573-26a6-41b1-9788-d8bd132ad6a8,1773010810449335552,1773010810449335552
BACKTESTER-001,OracleStrategy-000,MESM6.GLBX,,,,,MARKET,BUY,1,GTC,False,False,0,NO_LIQUIDITY_SIDE,,,,NO_TRIGGER,INITIALIZED,NO_CONTINGENCY,,,,MY_GENERIC_ALGO,,O-20260308-230016-001-000-461,,b0c4a151-982c-4c78-8c8c-4e05a9e66e10,1773010816529674368,1773010816529674368
BACKTESTER-001,OracleStrategy-000,MESM6.GLBX,,,,,MARKET,SELL,1,GTC,False,False,0,NO_LIQUIDITY_SIDE,,,,NO_TRIGGER,INITIALIZED,NO_CONTINGENCY,,,,MY_GENERIC_ALGO,,O-20260308-230023-001-000-462,,d3ffd5e9-33bb-4aef-a03e-c0df899cbb41,1773010823389858680,1773010823389858680
BACKTESTER-001,OracleStrategy-000,MESM6.GLBX,,,,,MARKET,SELL,1,GTC,False,False,0,NO_LIQUIDITY_SIDE,,,,NO_TRIGGER,INITIALIZED,NO_CONTINGENCY,,,,MY_GENERIC_ALGO,,O-20260308-230039-001-000-463,,10dcc2f1-2314-47f3-859d-6a9783d976a7,1773010839539452856,1773010839539452856
BACKTESTER-001,OracleStrategy-000,MESM6.GLBX,,,,,MARKET,BUY,1,GTC,False,False,0,NO_LIQUIDITY_SIDE,,,,NO_TRIGGER,INITIALIZED,NO_CONTINGENCY,,,,MY_GENERIC_ALGO,,O-20260308-230042-001-000-464,,918ffb99-440a-41c5-9bcf-1f80a7dbaed4,1773010842706578259,1773010842706578259
BACKTESTER-001,OracleStrategy-000,MESM6.GLBX,,,,,MARKET,SELL,1,GTC,False,False,0,NO_LIQUIDITY_SIDE,,,,NO_TRIGGER,INITIALIZED,NO_CONTINGENCY,,,,MY_GENERIC_ALGO,,O-20260308-230045-001-000-465,,019227af-f82b-4690-ada9-5ad927f99fe1,1773010845539320020,1773010845539320020
BACKTESTER-001,OracleStrategy-000,MESM6.GLBX,,,,,MARKET,BUY,1,GTC,False,False,0,NO_LIQUIDITY_SIDE,,,,NO_TRIGGER,INITIALIZED,NO_CONTINGENCY,,,,MY_GENERIC_ALGO,,O-20260308-230047-001-000-466,,e3d07f02-749c-4e97-b81c-9daed77bc186,1773010847529199053,1773010847529199053
BACKTESTER-001,OracleStrategy-000,MESM6.GLBX,,,,,MARKET,BUY,1,GTC,False,False,0,NO_LIQUIDITY_SIDE,,,,NO_TRIGGER,INITIALIZED,NO_CONTINGENCY,,,,MY_GENERIC_ALGO,,O-20260308-230053-001-000-467,,f11251c9-a735-468c-891d-da86595e1e90,1773010853600713859,1773010853600713859
BACKTESTER-001,OracleStrategy-000,MESM6.GLBX,,,,,MARKET,SELL,1,GTC,False,False,0,NO_LIQUIDITY_SIDE,,,,NO_TRIGGER,INITIALIZED,NO_CONTINGENCY,,,,MY_GENERIC_ALGO,,O-20260308-230059-001-000-468,,78819629-cbab-48d8-a46e-d36d5a52221f,1773010859224407858,1773010859224407858
BACKTESTER-001,OracleStrategy-000,MESM6.GLBX,,,,,MARKET,BUY,1,GTC,False,False,0,NO_LIQUIDITY_SIDE,,,,NO_TRIGGER,INITIALIZED,NO_CONTINGENCY,,,,MY_GENERIC_ALGO,,O-20260308-230101-001-000-469,,4d060876-08e3-4b76-9f09-2da491b5fcb2,1773010861164365546,1773010861164365546
BACKTESTER-001,OracleStrategy-000,MESM6.GLBX,,,,,MARKET,SELL,1,GTC,False,False,0,NO_LIQUIDITY_SIDE,,,,NO_TRIGGER,INITIALIZED,NO_CONTINGENCY,,,,MY_GENERIC_ALGO,,O-20260308-230110-001-000-470,,fff3561b-569c-4f61-bbd1-be7dd02edf6f,1773010870022265254,1773010870022265254
BACKTESTER-001,OracleStrategy-000,MESM6.GLBX,,,,,MARKET,SELL,1,GTC,False,False,0,NO_LIQUIDITY_SIDE,,,,NO_TRIGGER,INITIALIZED,NO_CONTINGENCY,,,,MY_GENERIC_ALGO,,O-20260308-230114-001-000-471,,ca35a6c5-f806-454b-839c-59cacc9cb4e5,1773010874395884466,1773010874395884466
BACKTESTER-001,OracleStrategy-000,MESM6.GLBX,,,,,MARKET,SELL,1,GTC,False,False,0,NO_LIQUIDITY_SIDE,,,,NO_TRIGGER,INITIALIZED,NO_CONTINGENCY,,,,MY_GENERIC_ALGO,,O-20260308-230115-001-000-472,,e38c7752-d23b-4452-9af2-bb01adaab770,1773010875971646575,1773010875971646575
BACKTESTER-001,OracleStrategy-000,MESM6.GLBX,,,,,MARKET,SELL,1,GTC,False,False,0,NO_LIQUIDITY_SIDE,,,,NO_TRIGGER,INITIALIZED,NO_CONTINGENCY,,,,MY_GENERIC_ALGO,,O-20260308-230136-001-000-473,,d5ee763c-65c8-4538-b3ac-a7026448371e,1773010896009858744,1773010896009858744
BACKTESTER-001,OracleStrategy-000,MESM6.GLBX,,,,,MARKET,BUY,1,GTC,False,False,0,NO_LIQUIDITY_SIDE,,,,NO_TRIGGER,INITIALIZED,NO_CONTINGENCY,,,,MY_GENERIC_ALGO,,O-20260308-230137-001-000-474,,0adfc3b0-d616-4c35-97c4-f1c042668239,1773010897385673903,1773010897385673903
BACKTESTER-001,OracleStrategy-000,MESM6.GLBX,,,,,MARKET,BUY,1,GTC,False,False,0,NO_LIQUIDITY_SIDE,,,,NO_TRIGGER,INITIALIZED,NO_CONTINGENCY,,,,MY_GENERIC_ALGO,,O-20260308-230149-001-000-475,,f33f8ff1-59a7-4a76-86f6-a8f5f5d8a920,1773010909137146328,1773010909137146328
BACKTESTER-001,OracleStrategy-000,MESM6.GLBX,,,,,MARKET,SELL,1,GTC,False,False,0,NO_LIQUIDITY_SIDE,,,,NO_TRIGGER,INITIALIZED,NO_CONTINGENCY,,,,MY_GENERIC_ALGO,,O-20260308-230208-001-000-476,,c53b253f-9abc-4eaf-bd32-7217306b36d5,1773010928767360637,1773010928767360637
BACKTESTER-001,OracleStrategy-000,MESM6.GLBX,,,,,MARKET,SELL,1,GTC,False,False,0,NO_LIQUIDITY_SIDE,,,,NO_TRIGGER,INITIALIZED,NO_CONTINGENCY,,,,MY_GENERIC_ALGO,,O-20260308-230215-001-000-477,,3c62e4a6-9997-46ed-a05d-586534014aa9,1773010935847452247,1773010935847452247
BACKTESTER-001,OracleStrategy-000,MESM6.GLBX,,,,,MARKET,SELL,1,GTC,False,False,0,NO_LIQUIDITY_SIDE,,,,NO_TRIGGER,INITIALIZED,NO_CONTINGENCY,,,,MY_GENERIC_ALGO,,O-20260308-230225-001-000-478,,885f7e4c-b6ed-484a-889f-f8b93906cda9,1773010945897405776,1773010945897405776
BACKTESTER-001,OracleStrategy-000,MESM6.GLBX,,,,,MARKET,SELL,1,GTC,False,False,0,NO_LIQUIDITY_SIDE,,,,NO_TRIGGER,INITIALIZED,NO_CONTINGENCY,,,,MY_GENERIC_ALGO,,O-20260308-230249-001-000-479,,17af9fed-ad2c-48ef-ab8d-53412f7004b6,1773010969744332528,1773010969744332528
BACKTESTER-001,OracleStrategy-000,MESM6.GLBX,,,,,MARKET,SELL,1,GTC,False,False,0,NO_LIQUIDITY_SIDE,,,,NO_TRIGGER,INITIALIZED,NO_CONTINGENCY,,,,MY_GENERIC_ALGO,,O-20260308-230255-001-000-480,,def24efa-5c27-490b-9794-7cf6b6de0e87,1773010975477532023,1773010975477532023
BACKTESTER-001,OracleStrategy-000,MESM6.GLBX,,,,,MARKET,BUY,1,GTC,False,False,0,NO_LIQUIDITY_SIDE,,,,NO_TRIGGER,INITIALIZED,NO_CONTINGENCY,,,,MY_GENERIC_ALGO,,O-20260308-230259-001-000-481,,a498c5a1-0e39-42dc-ab67-34d41e933e40,1773010979515555450,1773010979515555450
BACKTESTER-001,OracleStrategy-000,MESM6.GLBX,,,,,MARKET,BUY,1,GTC,False,False,0,NO_LIQUIDITY_SIDE,,,,NO_TRIGGER,INITIALIZED,NO_CONTINGENCY,,,,MY_GENERIC_ALGO,,O-20260308-230318-001-000-482,,d2e57120-0cca-4a62-9550-7bcf2cfe289a,1773010998383467575,1773010998383467575
BACKTESTER-001,OracleStrategy-000,MESM6.GLBX,,,,,MARKET,SELL,1,GTC,False,False,0,NO_LIQUIDITY_SIDE,,,,NO_TRIGGER,INITIALIZED,NO_CONTINGENCY,,,,MY_GENERIC_ALGO,,O-20260308-230325-001-000-483,,2f65a998-6693-4c1c-ac74-5111efd1d516,1773011005137361099,1773011005137361099
BACKTESTER-001,OracleStrategy-000,MESM6.GLBX,,,,,MARKET,SELL,1,GTC,False,False,0,NO_LIQUIDITY_SIDE,,,,NO_TRIGGER,INITIALIZED,NO_CONTINGENCY,,,,MY_GENERIC_ALGO,,O-20260308-230354-001-000-484,,b9098ecd-5589-4b7e-afab-292ad46b8d1a,1773011034256709578,1773011034256709578
BACKTESTER-001,OracleStrategy-000,MESM6.GLBX,,,,,MARKET,SELL,1,GTC,False,False,0,NO_LIQUIDITY_SIDE,,,,NO_TRIGGER,INITIALIZED,NO_CONTINGENCY,,,,MY_GENERIC_ALGO,,O-20260308-230409-001-000-485,,afd75290-3421-4444-be47-835283c32152,1773011049550407905,1773011049550407905
BACKTESTER-001,OracleStrategy-000,MESM6.GLBX,,,,,MARKET,BUY,1,GTC,False,False,0,NO_LIQUIDITY_SIDE,,,,NO_TRIGGER,INITIALIZED,NO_CONTINGENCY,,,,MY_GENERIC_ALGO,,O-20260308-230410-001-000-486,,7be84889-9e8b-47f1-b822-3663e445c930,1773011050678023310,1773011050678023310
BACKTESTER-001,OracleStrategy-000,MESM6.GLBX,,,,,MARKET,SELL,1,GTC,False,False,0,NO_LIQUIDITY_SIDE,,,,NO_TRIGGER,INITIALIZED,NO_CONTINGENCY,,,,MY_GENERIC_ALGO,,O-20260308-230422-001-000-487,,62efed14-9e97-42ff-8df5-0d49df93dc37,1773011062498297527,1773011062498297527
BACKTESTER-001,OracleStrategy-000,MESM6.GLBX,,,,,MARKET,BUY,1,GTC,False,False,0,NO_LIQUIDITY_SIDE,,,,NO_TRIGGER,INITIALIZED,NO_CONTINGENCY,,,,MY_GENERIC_ALGO,,O-20260308-230425-001-000-488,,cd8a20f9-0bcb-41d5-8087-51307506074f,1773011065630441946,1773011065630441946
BACKTESTER-001,OracleStrategy-000,MESM6.GLBX,,,,,MARKET,SELL,1,GTC,False,False,0,NO_LIQUIDITY_SIDE,,,,NO_TRIGGER,INITIALIZED,NO_CONTINGENCY,,,,MY_GENERIC_ALGO,,O-20260308-230433-001-000-489,,a010b8a4-e1c6-4dd3-a3b3-bb96b7321d1c,1773011073036130968,1773011073036130968
BACKTESTER-001,OracleStrategy-000,MESM6.GLBX,,,,,MARKET,SELL,1,GTC,False,False,0,NO_LIQUIDITY_SIDE,,,,NO_TRIGGER,INITIALIZED,NO_CONTINGENCY,,,,MY_GENERIC_ALGO,,O-20260308-230447-001-000-490,,45fcb197-7eca-457d-8382-61136f79c5d7,1773011087126373738,1773011087126373738
BACKTESTER-001,OracleStrategy-000,MESM6.GLBX,,,,,MARKET,BUY,1,GTC,False,False,0,NO_LIQUIDITY_SIDE,,,,NO_TRIGGER,INITIALIZED,NO_CONTINGENCY,,,,MY_GENERIC_ALGO,,O-20260308-230454-001-000-491,,a94c1f1c-068f-4238-92d3-39e6e2f79b8a,1773011094587562055,1773011094587562055
BACKTESTER-001,OracleStrategy-000,MESM6.GLBX,,,,,MARKET,BUY,1,GTC,False,False,0,NO_LIQUIDITY_SIDE,,,,NO_TRIGGER,INITIALIZED,NO_CONTINGENCY,,,,MY_GENERIC_ALGO,,O-20260308-230543-001-000-492,,5980e755-4820-40fe-966d-14e14fba224d,1773011143310561811,1773011143310561811
BACKTESTER-001,OracleStrategy-000,MESM6.GLBX,,,,,MARKET,SELL,1,GTC,False,False,0,NO_LIQUIDITY_SIDE,,,,NO_TRIGGER,INITIALIZED,NO_CONTINGENCY,,,,MY_GENERIC_ALGO,,O-20260308-230551-001-000-493,,8908342b-9246-4134-a295-1174f876382d,1773011151844479466,1773011151844479466
BACKTESTER-001,OracleStrategy-000,MESM6.GLBX,,,,,MARKET,SELL,1,GTC,False,False,0,NO_LIQUIDITY_SIDE,,,,NO_TRIGGER,INITIALIZED,NO_CONTINGENCY,,,,MY_GENERIC_ALGO,,O-20260308-230609-001-000-494,,5a57ecd0-47ce-47de-9e8e-539dc8c7f999,1773011169604386439,1773011169604386439
BACKTESTER-001,OracleStrategy-000,MESM6.GLBX,,,,,MARKET,BUY,1,GTC,False,False,0,NO_LIQUIDITY_SIDE,,,,NO_TRIGGER,INITIALIZED,NO_CONTINGENCY,,,,MY_GENERIC_ALGO,,O-20260308-230617-001-000-495,,c849e5ba-4592-47ba-b4b3-85ccb4c3028a,1773011177277501877,1773011177277501877
BACKTESTER-001,OracleStrategy-000,MESM6.GLBX,,,,,MARKET,SELL,1,GTC,False,False,0,NO_LIQUIDITY_SIDE,,,,NO_TRIGGER,INITIALIZED,NO_CONTINGENCY,,,,MY_GENERIC_ALGO,,O-20260308-230624-001-000-496,,4488d1fb-2360-4152-b66f-a759fdceaab2,1773011184918662779,1773011184918662779
BACKTESTER-001,OracleStrategy-000,MESM6.GLBX,,,,,MARKET,SELL,1,GTC,False,False,0,NO_LIQUIDITY_SIDE,,,,NO_TRIGGER,INITIALIZED,NO_CONTINGENCY,,,,MY_GENERIC_ALGO,,O-20260308-230633-001-000-497,,5b10d45c-2558-4238-9386-630256972f4c,1773011193160779199,1773011193160779199
BACKTESTER-001,OracleStrategy-000,MESM6.GLBX,,,,,MARKET,BUY,1,GTC,False,False,0,NO_LIQUIDITY_SIDE,,,,NO_TRIGGER,INITIALIZED,NO_CONTINGENCY,,,,MY_GENERIC_ALGO,,O-20260308-230652-001-000-498,,848ab0af-af8d-4292-9c44-bf14d544618c,1773011212346481536,1773011212346481536
BACKTESTER-001,OracleStrategy-000,MESM6.GLBX,,,,,MARKET,BUY,1,GTC,False,False,0,NO_LIQUIDITY_SIDE,,,,NO_TRIGGER,INITIALIZED,NO_CONTINGENCY,,,,MY_GENERIC_ALGO,,O-20260308-230708-001-000-499,,4576ddb2-7cb5-48c4-b55f-592766436b66,1773011228320532853,1773011228320532853
BACKTESTER-001,OracleStrategy-000,MESM6.GLBX,,,,,MARKET,BUY,1,GTC,False,False,0,NO_LIQUIDITY_SIDE,,,,NO_TRIGGER,INITIALIZED,NO_CONTINGENCY,,,,MY_GENERIC_ALGO,,O-20260308-230713-001-000-500,,9770b5b5-e011-4257-990e-e6f92b460a0e,1773011233829592790,1773011233829592790
BACKTESTER-001,OracleStrategy-000,MESM6.GLBX,,,,,MARKET,BUY,1,GTC,False,False,0,NO_LIQUIDITY_SIDE,,,,NO_TRIGGER,INITIALIZED,NO_CONTINGENCY,,,,MY_GENERIC_ALGO,,O-20260308-230726-001-000-501,,fceba623-c0bf-401b-8b18-13600e19e116,1773011246745440919,1773011246745440919
BACKTESTER-001,OracleStrategy-000,MESM6.GLBX,,,,,MARKET,BUY,1,GTC,False,False,0,NO_LIQUIDITY_SIDE,,,,NO_TRIGGER,INITIALIZED,NO_CONTINGENCY,,,,MY_GENERIC_ALGO,,O-20260308-230738-001-000-502,,efe5b545-f76e-4fdd-9af0-e357420b5598,1773011258334351250,1773011258334351250
BACKTESTER-001,OracleStrategy-000,MESM6.GLBX,,,,,MARKET,SELL,1,GTC,False,False,0,NO_LIQUIDITY_SIDE,,,,NO_TRIGGER,INITIALIZED,NO_CONTINGENCY,,,,MY_GENERIC_ALGO,,O-20260308-230745-001-000-503,,773af272-f227-41f6-96ba-581efd892bbd,1773011265397604867,1773011265397604867
BACKTESTER-001,OracleStrategy-000,MESM6.GLBX,,,,,MARKET,SELL,1,GTC,False,False,0,NO_LIQUIDITY_SIDE,,,,NO_TRIGGER,INITIALIZED,NO_CONTINGENCY,,,,MY_GENERIC_ALGO,,O-20260308-230758-001-000-504,,53062c5b-17bf-45e1-894a-5e1613128344,1773011278819984136,1773011278819984136
BACKTESTER-001,OracleStrategy-000,MESM6.GLBX,,,,,MARKET,BUY,1,GTC,False,False,0,NO_LIQUIDITY_SIDE,,,,NO_TRIGGER,INITIALIZED,NO_CONTINGENCY,,,,MY_GENERIC_ALGO,,O-20260308-230814-001-000-505,,fd99df19-7dd5-4ba0-8283-5b9d9f6a0ab5,1773011294425409820,1773011294425409820
BACKTESTER-001,OracleStrategy-000,MESM6.GLBX,,,,,MARKET,SELL,1,GTC,False,False,0,NO_LIQUIDITY_SIDE,,,,NO_TRIGGER,INITIALIZED,NO_CONTINGENCY,,,,MY_GENERIC_ALGO,,O-20260308-230917-001-000-506,,b4fba2a5-832d-4d01-9b7a-99dd233ee445,1773011357346365440,1773011357346365440
BACKTESTER-001,OracleStrategy-000,MESM6.GLBX,,,,,MARKET,SELL,1,GTC,False,False,0,NO_LIQUIDITY_SIDE,,,,NO_TRIGGER,INITIALIZED,NO_CONTINGENCY,,,,MY_GENERIC_ALGO,,O-20260308-230937-001-000-507,,f16d59e7-0de1-49fe-b0f4-2c61c997a717,1773011377695732848,1773011377695732848
BACKTESTER-001,OracleStrategy-000,MESM6.GLBX,,,,,MARKET,BUY,1,GTC,False,False,0,NO_LIQUIDITY_SIDE,,,,NO_TRIGGER,INITIALIZED,NO_CONTINGENCY,,,,MY_GENERIC_ALGO,,O-20260308-230939-001-000-508,,3de2ee98-a3de-4236-b846-4019387ee982,1773011379321358019,1773011379321358019
BACKTESTER-001,OracleStrategy-000,MESM6.GLBX,,,,,MARKET,SELL,1,GTC,False,False,0,NO_LIQUIDITY_SIDE,,,,NO_TRIGGER,INITIALIZED,NO_CONTINGENCY,,,,MY_GENERIC_ALGO,,O-20260308-230944-001-000-509,,f91a8c9e-0c73-4f9d-8a08-7a056558c342,1773011384899699999,1773011384899699999
BACKTESTER-001,OracleStrategy-000,MESM6.GLBX,,,,,MARKET,BUY,1,GTC,False,False,0,NO_LIQUIDITY_SIDE,,,,NO_TRIGGER,INITIALIZED,NO_CONTINGENCY,,,,MY_GENERIC_ALGO,,O-20260308-231002-001-000-510,,d34d8409-74ac-45ff-afeb-ffaec6bb5f40,1773011402472434549,1773011402472434549
BACKTESTER-001,OracleStrategy-000,MESM6.GLBX,,,,,MARKET,SELL,1,GTC,False,False,0,NO_LIQUIDITY_SIDE,,,,NO_TRIGGER,INITIALIZED,NO_CONTINGENCY,,,,MY_GENERIC_ALGO,,O-20260308-231004-001-000-511,,975843ea-ba0f-4b89-882a-8287efed3921,1773011404142699642,1773011404142699642
BACKTESTER-001,OracleStrategy-000,MESM6.GLBX,,,,,MARKET,SELL,1,GTC,False,False,0,NO_LIQUIDITY_SIDE,,,,NO_TRIGGER,INITIALIZED,NO_CONTINGENCY,,,,MY_GENERIC_ALGO,,O-20260308-231018-001-000-512,,dc95f69d-b93e-439a-a43a-64b9379c32a6,1773011418761508118,1773011418761508118
BACKTESTER-001,OracleStrategy-000,MESM6.GLBX,,,,,MARKET,BUY,1,GTC,False,False,0,NO_LIQUIDITY_SIDE,,,,NO_TRIGGER,INITIALIZED,NO_CONTINGENCY,,,,MY_GENERIC_ALGO,,O-20260308-231029-001-000-513,,921b526d-7901-4a1d-9e8b-0e2e1837e47b,1773011429100762872,1773011429100762872
BACKTESTER-001,OracleStrategy-000,MESM6.GLBX,,,,,MARKET,SELL,1,GTC,False,False,0,NO_LIQUIDITY_SIDE,,,,NO_TRIGGER,INITIALIZED,NO_CONTINGENCY,,,,MY_GENERIC_ALGO,,O-20260308-231035-001-000-514,,198d6dad-0ff5-4e1a-b939-fc03fda7728a,1773011435934749778,1773011435934749778
BACKTESTER-001,OracleStrategy-000,MESM6.GLBX,,,,,MARKET,BUY,1,GTC,False,False,0,NO_LIQUIDITY_SIDE,,,,NO_TRIGGER,INITIALIZED,NO_CONTINGENCY,,,,MY_GENERIC_ALGO,,O-20260308-231042-001-000-515,,e2041305-0826-4d68-9fa6-1d7631f1c6cd,1773011442050033864,1773011442050033864
BACKTESTER-001,OracleStrategy-000,MESM6.GLBX,,,,,MARKET,SELL,1,GTC,False,False,0,NO_LIQUIDITY_SIDE,,,,NO_TRIGGER,INITIALIZED,NO_CONTINGENCY,,,,MY_GENERIC_ALGO,,O-20260308-231048-001-000-516,,b69be43f-4de1-4eff-8417-47c1468979b0,1773011448488622661,1773011448488622661
BACKTESTER-001,OracleStrategy-000,MESM6.GLBX,,,,,MARKET,BUY,1,GTC,False,False,0,NO_LIQUIDITY_SIDE,,,,NO_TRIGGER,INITIALIZED,NO_CONTINGENCY,,,,MY_GENERIC_ALGO,,O-20260308-231050-001-000-517,,08b49b0a-8679-4f25-9e73-0c4c71a8a433,1773011450024191632,1773011450024191632
BACKTESTER-001,OracleStrategy-000,MESM6.GLBX,,,,,MARKET,SELL,1,GTC,False,False,0,NO_LIQUIDITY_SIDE,,,,NO_TRIGGER,INITIALIZED,NO_CONTINGENCY,,,,MY_GENERIC_ALGO,,O-20260308-231056-001-000-518,,43278076-a860-43e9-9c71-188fe3fc4a37,1773011456243062289,1773011456243062289
BACKTESTER-001,OracleStrategy-000,MESM6.GLBX,,,,,MARKET,BUY,1,GTC,False,False,0,NO_LIQUIDITY_SIDE,,,,NO_TRIGGER,INITIALIZED,NO_CONTINGENCY,,,,MY_GENERIC_ALGO,,O-20260308-231104-001-000-519,,b7010e51-4a55-4aeb-a691-0e463877ba91,1773011464065116960,1773011464065116960
BACKTESTER-001,OracleStrategy-000,MESM6.GLBX,,,,,MARKET,BUY,1,GTC,False,False,0,NO_LIQUIDITY_SIDE,,,,NO_TRIGGER,INITIALIZED,NO_CONTINGENCY,,,,MY_GENERIC_ALGO,,O-20260308-231107-001-000-520,,d72a67c2-c0ee-413e-9a1d-6e13ddbb8952,1773011467982033386,1773011467982033386
BACKTESTER-001,OracleStrategy-000,MESM6.GLBX,,,,,MARKET,BUY,1,GTC,False,False,0,NO_LIQUIDITY_SIDE,,,,NO_TRIGGER,INITIALIZED,NO_CONTINGENCY,,,,MY_GENERIC_ALGO,,O-20260308-231113-001-000-521,,3e03dda0-b3a2-4867-928d-7d52c89fce9c,1773011473293782947,1773011473293782947
BACKTESTER-001,OracleStrategy-000,MESM6.GLBX,,,,,MARKET,BUY,1,GTC,False,False,0,NO_LIQUIDITY_SIDE,,,,NO_TRIGGER,INITIALIZED,NO_CONTINGENCY,,,,MY_GENERIC_ALGO,,O-20260308-231122-001-000-522,,c996c6f5-90d9-46ba-bbf1-d4e920f043c2,1773011482571495466,1773011482571495466
BACKTESTER-001,OracleStrategy-000,MESM6.GLBX,,,,,MARKET,SELL,1,GTC,False,False,0,NO_LIQUIDITY_SIDE,,,,NO_TRIGGER,INITIALIZED,NO_CONTINGENCY,,,,MY_GENERIC_ALGO,,O-20260308-231138-001-000-523,,e4dac96c-280b-43e7-b75e-652cc4f9d7cd,1773011498374888089,1773011498374888089
BACKTESTER-001,OracleStrategy-000,MESM6.GLBX,,,,,MARKET,SELL,1,GTC,False,False,0,NO_LIQUIDITY_SIDE,,,,NO_TRIGGER,INITIALIZED,NO_CONTINGENCY,,,,MY_GENERIC_ALGO,,O-20260308-231141-001-000-524,,857733a1-95f3-4f50-a7f3-8261f757bd89,1773011501999458767,1773011501999458767
BACKTESTER-001,OracleStrategy-000,MESM6.GLBX,,,,,MARKET,BUY,1,GTC,False,False,0,NO_LIQUIDITY_SIDE,,,,NO_TRIGGER,INITIALIZED,NO_CONTINGENCY,,,,MY_GENERIC_ALGO,,O-20260308-231230-001-000-525,,b7a3764b-ad1b-4b22-820b-81e304958a03,1773011550086323234,1773011550086323234
BACKTESTER-001,OracleStrategy-000,MESM6.GLBX,,,,,MARKET,SELL,1,GTC,False,False,0,NO_LIQUIDITY_SIDE,,,,NO_TRIGGER,INITIALIZED,NO_CONTINGENCY,,,,MY_GENERIC_ALGO,,O-20260308-231303-001-000-526,,ddf45dbc-46fb-4fa4-9f33-ecd67705aa4b,1773011583746979792,1773011583746979792
BACKTESTER-001,OracleStrategy-000,MESM6.GLBX,,,,,MARKET,BUY,1,GTC,False,False,0,NO_LIQUIDITY_SIDE,,,,NO_TRIGGER,INITIALIZED,NO_CONTINGENCY,,,,MY_GENERIC_ALGO,,O-20260308-231312-001-000-527,,855110cc-10bc-4e0b-b4c5-666793d1c420,1773011592182773728,1773011592182773728
BACKTESTER-001,OracleStrategy-000,MESM6.GLBX,,,,,MARKET,SELL,1,GTC,False,False,0,NO_LIQUIDITY_SIDE,,,,NO_TRIGGER,INITIALIZED,NO_CONTINGENCY,,,,MY_GENERIC_ALGO,,O-20260308-231334-001-000-528,,c893b327-7b28-44ab-b02e-be0e663ef5c3,1773011614460214245,1773011614460214245
BACKTESTER-001,OracleStrategy-000,MESM6.GLBX,,,,,MARKET,BUY,1,GTC,False,False,0,NO_LIQUIDITY_SIDE,,,,NO_TRIGGER,INITIALIZED,NO_CONTINGENCY,,,,MY_GENERIC_ALGO,,O-20260308-231502-001-000-529,,d9e3bf1f-73f8-4f05-be8d-d8d5eb076340,1773011702744464301,1773011702744464301
BACKTESTER-001,OracleStrategy-000,MESM6.GLBX,,,,,MARKET,SELL,1,GTC,False,False,0,NO_LIQUIDITY_SIDE,,,,NO_TRIGGER,INITIALIZED,NO_CONTINGENCY,,,,MY_GENERIC_ALGO,,O-20260308-231516-001-000-530,,ceff333e-c472-4b72-a38b-037dad86855e,1773011716242294552,1773011716242294552
BACKTESTER-001,OracleStrategy-000,MESM6.GLBX,,,,,MARKET,SELL,1,GTC,False,False,0,NO_LIQUIDITY_SIDE,,,,NO_TRIGGER,INITIALIZED,NO_CONTINGENCY,,,,MY_GENERIC_ALGO,,O-20260308-231520-001-000-531,,e0fd6c70-d40d-4563-8e9c-c4dac488e94e,1773011720866269328,1773011720866269328
BACKTESTER-001,OracleStrategy-000,MESM6.GLBX,,,,,MARKET,SELL,1,GTC,False,False,0,NO_LIQUIDITY_SIDE,,,,NO_TRIGGER,INITIALIZED,NO_CONTINGENCY,,,,MY_GENERIC_ALGO,,O-20260308-231526-001-000-532,,f66d3462-85e8-4eb9-852f-609c45c24b1d,1773011726808916263,1773011726808916263
BACKTESTER-001,OracleStrategy-000,MESM6.GLBX,,,,,MARKET,SELL,1,GTC,False,False,0,NO_LIQUIDITY_SIDE,,,,NO_TRIGGER,INITIALIZED,NO_CONTINGENCY,,,,MY_GENERIC_ALGO,,O-20260308-231539-001-000-533,,8f70d5b7-0e33-4068-8f71-ac7bf2a7ce0b,1773011739138836039,1773011739138836039
BACKTESTER-001,OracleStrategy-000,MESM6.GLBX,,,,,MARKET,BUY,1,GTC,False,False,0,NO_LIQUIDITY_SIDE,,,,NO_TRIGGER,INITIALIZED,NO_CONTINGENCY,,,,MY_GENERIC_ALGO,,O-20260308-231551-001-000-534,,aadf93f4-6e6e-4722-a5b4-af3442e21fd1,1773011751768551523,1773011751768551523
BACKTESTER-001,OracleStrategy-000,MESM6.GLBX,,,,,MARKET,BUY,1,GTC,False,False,0,NO_LIQUIDITY_SIDE,,,,NO_TRIGGER,INITIALIZED,NO_CONTINGENCY,,,,MY_GENERIC_ALGO,,O-20260308-231618-001-000-535,,59feb6a1-d359-4753-9575-d624c490c4ca,1773011778661363180,1773011778661363180
BACKTESTER-001,OracleStrategy-000,MESM6.GLBX,,,,,MARKET,SELL,1,GTC,False,False,0,NO_LIQUIDITY_SIDE,,,,NO_TRIGGER,INITIALIZED,NO_CONTINGENCY,,,,MY_GENERIC_ALGO,,O-20260308-231628-001-000-536,,7438026d-0311-46e7-8a48-958616d12795,1773011788854466843,1773011788854466843
BACKTESTER-001,OracleStrategy-000,MESM6.GLBX,,,,,MARKET,SELL,1,GTC,False,False,0,NO_LIQUIDITY_SIDE,,,,NO_TRIGGER,INITIALIZED,NO_CONTINGENCY,,,,MY_GENERIC_ALGO,,O-20260308-231635-001-000-537,,166904f1-202d-4e36-942c-7b6bac246cd8,1773011795867045787,1773011795867045787
BACKTESTER-001,OracleStrategy-000,MESM6.GLBX,,,,,MARKET,SELL,1,GTC,False,False,0,NO_LIQUIDITY_SIDE,,,,NO_TRIGGER,INITIALIZED,NO_CONTINGENCY,,,,MY_GENERIC_ALGO,,O-20260308-231656-001-000-538,,28e9e568-aeb0-4198-9322-38356672e87b,1773011816747695326,1773011816747695326
BACKTESTER-001,OracleStrategy-000,MESM6.GLBX,,,,,MARKET,SELL,1,GTC,False,False,0,NO_LIQUIDITY_SIDE,,,,NO_TRIGGER,INITIALIZED,NO_CONTINGENCY,,,,MY_GENERIC_ALGO,,O-20260308-231701-001-000-539,,c9f05997-8514-4208-b42f-72a58b1e5bf6,1773011821835947125,1773011821835947125
BACKTESTER-001,OracleStrategy-000,MESM6.GLBX,,,,,MARKET,BUY,1,GTC,False,False,0,NO_LIQUIDITY_SIDE,,,,NO_TRIGGER,INITIALIZED,NO_CONTINGENCY,,,,MY_GENERIC_ALGO,,O-20260308-231709-001-000-540,,eb11f222-488e-4706-bd72-dda0a0cdda09,1773011829788696936,1773011829788696936
BACKTESTER-001,OracleStrategy-000,MESM6.GLBX,,,,,MARKET,BUY,1,GTC,False,False,0,NO_LIQUIDITY_SIDE,,,,NO_TRIGGER,INITIALIZED,NO_CONTINGENCY,,,,MY_GENERIC_ALGO,,O-20260308-231720-001-000-541,,2e6dd064-7b00-4f71-9a1a-4416d7c8bc57,1773011840292238615,1773011840292238615
BACKTESTER-001,OracleStrategy-000,MESM6.GLBX,,,,,MARKET,SELL,1,GTC,False,False,0,NO_LIQUIDITY_SIDE,,,,NO_TRIGGER,INITIALIZED,NO_CONTINGENCY,,,,MY_GENERIC_ALGO,,O-20260308-231757-001-000-542,,3c393ad6-51ed-4462-942c-bc6d4917c5fd,1773011877941459973,1773011877941459973
BACKTESTER-001,OracleStrategy-000,MESM6.GLBX,,,,,MARKET,BUY,1,GTC,False,False,0,NO_LIQUIDITY_SIDE,,,,NO_TRIGGER,INITIALIZED,NO_CONTINGENCY,,,,MY_GENERIC_ALGO,,O-20260308-231800-001-000-543,,55d8d71e-fc80-43e3-b6d3-dcd952a33491,1773011880053955095,1773011880053955095
BACKTESTER-001,OracleStrategy-000,MESM6.GLBX,,,,,MARKET,BUY,1,GTC,False,False,0,NO_LIQUIDITY_SIDE,,,,NO_TRIGGER,INITIALIZED,NO_CONTINGENCY,,,,MY_GENERIC_ALGO,,O-20260308-231805-001-000-544,,3cb83fce-39d2-4187-b74f-c454730ff3b0,1773011885323265699,1773011885323265699
BACKTESTER-001,OracleStrategy-000,MESM6.GLBX,,,,,MARKET,BUY,1,GTC,False,False,0,NO_LIQUIDITY_SIDE,,,,NO_TRIGGER,INITIALIZED,NO_CONTINGENCY,,,,MY_GENERIC_ALGO,,O-20260308-231846-001-000-545,,08036d24-c916-4b63-b70d-229b594a2075,1773011926330259640,1773011926330259640
BACKTESTER-001,OracleStrategy-000,MESM6.GLBX,,,,,MARKET,SELL,1,GTC,False,False,0,NO_LIQUIDITY_SIDE,,,,NO_TRIGGER,INITIALIZED,NO_CONTINGENCY,,,,MY_GENERIC_ALGO,,O-20260308-231905-001-000-546,,15c9b193-8df7-4889-98ec-4eaa74bf5ef2,1773011945514889264,1773011945514889264
BACKTESTER-001,OracleStrategy-000,MESM6.GLBX,,,,,MARKET,SELL,1,GTC,False,False,0,NO_LIQUIDITY_SIDE,,,,NO_TRIGGER,INITIALIZED,NO_CONTINGENCY,,,,MY_GENERIC_ALGO,,O-20260308-231926-001-000-547,,82e58d71-f883-4bd6-b238-638a3c62c47d,1773011966755669875,1773011966755669875
BACKTESTER-001,OracleStrategy-000,MESM6.GLBX,,,,,MARKET,BUY,1,GTC,False,False,0,NO_LIQUIDITY_SIDE,,,,NO_TRIGGER,INITIALIZED,NO_CONTINGENCY,,,,MY_GENERIC_ALGO,,O-20260308-231949-001-000-548,,a6c967c6-461d-45a7-ab6c-48cb6f8acaee,1773011989253008699,1773011989253008699
BACKTESTER-001,OracleStrategy-000,MESM6.GLBX,,,,,MARKET,BUY,1,GTC,False,False,0,NO_LIQUIDITY_SIDE,,,,NO_TRIGGER,INITIALIZED,NO_CONTINGENCY,,,,MY_GENERIC_ALGO,,O-20260308-231951-001-000-549,,60e8b28e-c815-40ae-92b8-591a81e563e9,1773011991082929336,1773011991082929336
BACKTESTER-001,OracleStrategy-000,MESM6.GLBX,,,,,MARKET,SELL,1,GTC,False,False,0,NO_LIQUIDITY_SIDE,,,,NO_TRIGGER,INITIALIZED,NO_CONTINGENCY,,,,MY_GENERIC_ALGO,,O-20260308-232108-001-000-550,,eee1b042-9b64-4d80-b25c-0447f74cbf04,1773012068009104659,1773012068009104659
BACKTESTER-001,OracleStrategy-000,MESM6.GLBX,,,,,MARKET,SELL,1,GTC,False,False,0,NO_LIQUIDITY_SIDE,,,,NO_TRIGGER,INITIALIZED,NO_CONTINGENCY,,,,MY_GENERIC_ALGO,,O-20260308-232234-001-000-551,,8017dfb3-920d-4d6b-8d85-4cead15b93db,1773012154572903967,1773012154572903967
BACKTESTER-001,OracleStrategy-000,MESM6.GLBX,,,,,MARKET,SELL,1,GTC,False,False,0,NO_LIQUIDITY_SIDE,,,,NO_TRIGGER,INITIALIZED,NO_CONTINGENCY,,,,MY_GENERIC_ALGO,,O-20260308-232259-001-000-552,,ac48f8e5-60c5-4c23-8241-c89e4ee10f70,1773012179430477055,1773012179430477055
BACKTESTER-001,OracleStrategy-000,MESM6.GLBX,,,,,MARKET,SELL,1,GTC,False,False,0,NO_LIQUIDITY_SIDE,,,,NO_TRIGGER,INITIALIZED,NO_CONTINGENCY,,,,MY_GENERIC_ALGO,,O-20260308-232312-001-000-553,,dee4b6bd-a60f-476a-928f-b5c45692fee3,1773012192399814480,1773012192399814480
BACKTESTER-001,OracleStrategy-000,MESM6.GLBX,,,,,MARKET,BUY,1,GTC,False,False,0,NO_LIQUIDITY_SIDE,,,,NO_TRIGGER,INITIALIZED,NO_CONTINGENCY,,,,MY_GENERIC_ALGO,,O-20260308-232326-001-000-554,,68905c4f-f9d4-4e9c-a743-5b000bab5897,1773012206527679064,1773012206527679064
BACKTESTER-001,OracleStrategy-000,MESM6.GLBX,,,,,MARKET,SELL,1,GTC,False,False,0,NO_LIQUIDITY_SIDE,,,,NO_TRIGGER,INITIALIZED,NO_CONTINGENCY,,,,MY_GENERIC_ALGO,,O-20260308-232403-001-000-555,,60806e98-39a2-4465-b669-e4c9a9028911,1773012243010174267,1773012243010174267
BACKTESTER-001,OracleStrategy-000,MESM6.GLBX,,,,,MARKET,SELL,1,GTC,False,False,0,NO_LIQUIDITY_SIDE,,,,NO_TRIGGER,INITIALIZED,NO_CONTINGENCY,,,,MY_GENERIC_ALGO,,O-20260308-232410-001-000-556,,85141221-7dc9-424c-923c-d35e6a1a90ef,1773012250003851960,1773012250003851960
BACKTESTER-001,OracleStrategy-000,MESM6.GLBX,,,,,MARKET,SELL,1,GTC,False,False,0,NO_LIQUIDITY_SIDE,,,,NO_TRIGGER,INITIALIZED,NO_CONTINGENCY,,,,MY_GENERIC_ALGO,,O-20260308-232418-001-000-557,,4f1ee282-1084-4d37-b4ba-d802f3057d10,1773012258032679887,1773012258032679887
BACKTESTER-001,OracleStrategy-000,MESM6.GLBX,,,,,MARKET,SELL,1,GTC,False,False,0,NO_LIQUIDITY_SIDE,,,,NO_TRIGGER,INITIALIZED,NO_CONTINGENCY,,,,MY_GENERIC_ALGO,,O-20260308-232423-001-000-558,,159c6185-9f74-4a4c-9557-e6be459b9f38,1773012263439775475,1773012263439775475
BACKTESTER-001,OracleStrategy-000,MESM6.GLBX,,,,,MARKET,BUY,1,GTC,False,False,0,NO_LIQUIDITY_SIDE,,,,NO_TRIGGER,INITIALIZED,NO_CONTINGENCY,,,,MY_GENERIC_ALGO,,O-20260308-232424-001-000-559,,f2007c5f-a2e4-4429-b09e-09778ddfd6c1,1773012264839189915,1773012264839189915
BACKTESTER-001,OracleStrategy-000,MESM6.GLBX,,,,,MARKET,SELL,1,GTC,False,False,0,NO_LIQUIDITY_SIDE,,,,NO_TRIGGER,INITIALIZED,NO_CONTINGENCY,,,,MY_GENERIC_ALGO,,O-20260308-232431-001-000-560,,4e108489-f55d-4851-a8a0-578504c724a2,1773012271563558706,1773012271563558706
BACKTESTER-001,OracleStrategy-000,MESM6.GLBX,,,,,MARKET,SELL,1,GTC,False,False,0,NO_LIQUIDITY_SIDE,,,,NO_TRIGGER,INITIALIZED,NO_CONTINGENCY,,,,MY_GENERIC_ALGO,,O-20260308-232437-001-000-561,,6cad8cb9-54a0-425c-a3bf-dd5ed0fa36a1,1773012277683073272,1773012277683073272
BACKTESTER-001,OracleStrategy-000,MESM6.GLBX,,,,,MARKET,SELL,1,GTC,False,False,0,NO_LIQUIDITY_SIDE,,,,NO_TRIGGER,INITIALIZED,NO_CONTINGENCY,,,,MY_GENERIC_ALGO,,O-20260308-232449-001-000-562,,6edd1bb3-0147-4e90-8185-c98b7f37584e,1773012289706990321,1773012289706990321
BACKTESTER-001,OracleStrategy-000,MESM6.GLBX,,,,,MARKET,BUY,1,GTC,False,False,0,NO_LIQUIDITY_SIDE,,,,NO_TRIGGER,INITIALIZED,NO_CONTINGENCY,,,,MY_GENERIC_ALGO,,O-20260308-232500-001-000-563,,fb61b370-bfbb-45a5-b835-5e80f9a3d04d,1773012300380797693,1773012300380797693
BACKTESTER-001,OracleStrategy-000,MESM6.GLBX,,,,,MARKET,BUY,1,GTC,False,False,0,NO_LIQUIDITY_SIDE,,,,NO_TRIGGER,INITIALIZED,NO_CONTINGENCY,,,,MY_GENERIC_ALGO,,O-20260308-232513-001-000-564,,38006965-5875-4683-8210-1e7f5551bfd0,1773012313874437322,1773012313874437322
BACKTESTER-001,OracleStrategy-000,MESM6.GLBX,,,,,MARKET,SELL,1,GTC,False,False,0,NO_LIQUIDITY_SIDE,,,,NO_TRIGGER,INITIALIZED,NO_CONTINGENCY,,,,MY_GENERIC_ALGO,,O-20260308-232530-001-000-565,,7ab37d8d-9bd8-46d7-bbad-be76815cc074,1773012330826558288,1773012330826558288
BACKTESTER-001,OracleStrategy-000,MESM6.GLBX,,,,,MARKET,SELL,1,GTC,False,False,0,NO_LIQUIDITY_SIDE,,,,NO_TRIGGER,INITIALIZED,NO_CONTINGENCY,,,,MY_GENERIC_ALGO,,O-20260308-232534-001-000-566,,d43aee97-b9af-4598-ba84-a8e33e1ab7b7,1773012334271204803,1773012334271204803
BACKTESTER-001,OracleStrategy-000,MESM6.GLBX,,,,,MARKET,SELL,1,GTC,False,False,0,NO_LIQUIDITY_SIDE,,,,NO_TRIGGER,INITIALIZED,NO_CONTINGENCY,,,,MY_GENERIC_ALGO,,O-20260308-232540-001-000-567,,ac8e4136-7e0f-48dc-a169-13ead6874da9,1773012340802408570,1773012340802408570
BACKTESTER-001,OracleStrategy-000,MESM6.GLBX,,,,,MARKET,BUY,1,GTC,False,False,0,NO_LIQUIDITY_SIDE,,,,NO_TRIGGER,INITIALIZED,NO_CONTINGENCY,,,,MY_GENERIC_ALGO,,O-20260308-232608-001-000-568,,79355ee2-f5be-41ed-bea1-086f3a74292e,1773012368968035467,1773012368968035467
BACKTESTER-001,OracleStrategy-000,MESM6.GLBX,,,,,MARKET,SELL,1,GTC,False,False,0,NO_LIQUIDITY_SIDE,,,,NO_TRIGGER,INITIALIZED,NO_CONTINGENCY,,,,MY_GENERIC_ALGO,,O-20260308-232619-001-000-569,,dee74248-a6ee-479f-8203-cde95008eb26,1773012379918149527,1773012379918149527
BACKTESTER-001,OracleStrategy-000,MESM6.GLBX,,,,,MARKET,SELL,1,GTC,False,False,0,NO_LIQUIDITY_SIDE,,,,NO_TRIGGER,INITIALIZED,NO_CONTINGENCY,,,,MY_GENERIC_ALGO,,O-20260308-232645-001-000-570,,b1e4b877-d08c-4aea-960b-24b34d9adf63,1773012405980332389,1773012405980332389
BACKTESTER-001,OracleStrategy-000,MESM6.GLBX,,,,,MARKET,BUY,1,GTC,False,False,0,NO_LIQUIDITY_SIDE,,,,NO_TRIGGER,INITIALIZED,NO_CONTINGENCY,,,,MY_GENERIC_ALGO,,O-20260308-232653-001-000-571,,79543fa2-8764-486b-86fd-62fb2b005fa2,1773012413635605947,1773012413635605947
BACKTESTER-001,OracleStrategy-000,MESM6.GLBX,,,,,MARKET,SELL,1,GTC,False,False,0,NO_LIQUIDITY_SIDE,,,,NO_TRIGGER,INITIALIZED,NO_CONTINGENCY,,,,MY_GENERIC_ALGO,,O-20260308-232701-001-000-572,,06210fd6-baee-472d-9d5d-f07a21264654,1773012421111527631,1773012421111527631
BACKTESTER-001,OracleStrategy-000,MESM6.GLBX,,,,,MARKET,SELL,1,GTC,False,False,0,NO_LIQUIDITY_SIDE,,,,NO_TRIGGER,INITIALIZED,NO_CONTINGENCY,,,,MY_GENERIC_ALGO,,O-20260308-232707-001-000-573,,14bad234-25dd-4eea-876a-f09ad9fd4e89,1773012427521085664,1773012427521085664
BACKTESTER-001,OracleStrategy-000,MESM6.GLBX,,,,,MARKET,BUY,1,GTC,False,False,0,NO_LIQUIDITY_SIDE,,,,NO_TRIGGER,INITIALIZED,NO_CONTINGENCY,,,,MY_GENERIC_ALGO,,O-20260308-232747-001-000-574,,3241edc4-935a-490d-bfcf-bb1c040ef014,1773012467260663013,1773012467260663013
BACKTESTER-001,OracleStrategy-000,MESM6.GLBX,,,,,MARKET,BUY,1,GTC,False,False,0,NO_LIQUIDITY_SIDE,,,,NO_TRIGGER,INITIALIZED,NO_CONTINGENCY,,,,MY_GENERIC_ALGO,,O-20260308-232952-001-000-575,,55445cc2-5dce-4b71-9704-3e0a2898962d,1773012592667948374,1773012592667948374
BACKTESTER-001,OracleStrategy-000,MESM6.GLBX,,,,,MARKET,SELL,1,GTC,False,False,0,NO_LIQUIDITY_SIDE,,,,NO_TRIGGER,INITIALIZED,NO_CONTINGENCY,,,,MY_GENERIC_ALGO,,O-20260308-233003-001-000-576,,033dd362-767f-430f-a7af-77179c3dfc5a,1773012603429852127,1773012603429852127
BACKTESTER-001,OracleStrategy-000,MESM6.GLBX,,,,,MARKET,SELL,1,GTC,False,False,0,NO_LIQUIDITY_SIDE,,,,NO_TRIGGER,INITIALIZED,NO_CONTINGENCY,,,,MY_GENERIC_ALGO,,O-20260308-233020-001-000-577,,1bde13bc-7281-4046-883a-103d4f44b585,1773012620830881931,1773012620830881931
BACKTESTER-001,OracleStrategy-000,MESM6.GLBX,,,,,MARKET,BUY,1,GTC,False,False,0,NO_LIQUIDITY_SIDE,,,,NO_TRIGGER,INITIALIZED,NO_CONTINGENCY,,,,MY_GENERIC_ALGO,,O-20260308-233031-001-000-578,,c09ec0f4-f8d0-4f41-b63e-9c38f71007de,1773012631092544043,1773012631092544043
BACKTESTER-001,OracleStrategy-000,MESM6.GLBX,,,,,MARKET,BUY,1,GTC,False,False,0,NO_LIQUIDITY_SIDE,,,,NO_TRIGGER,INITIALIZED,NO_CONTINGENCY,,,,MY_GENERIC_ALGO,,O-20260308-233128-001-000-579,,4d611380-1914-45af-bc42-5f4b3baab263,1773012688769030080,1773012688769030080
BACKTESTER-001,OracleStrategy-000,MESM6.GLBX,,,,,MARKET,BUY,1,GTC,False,False,0,NO_LIQUIDITY_SIDE,,,,NO_TRIGGER,INITIALIZED,NO_CONTINGENCY,,,,MY_GENERIC_ALGO,,O-20260308-233134-001-000-580,,ff0d437c-58d1-4c7c-9857-08623b191bdd,1773012694182273034,1773012694182273034
BACKTESTER-001,OracleStrategy-000,MESM6.GLBX,,,,,MARKET,BUY,1,GTC,False,False,0,NO_LIQUIDITY_SIDE,,,,NO_TRIGGER,INITIALIZED,NO_CONTINGENCY,,,,MY_GENERIC_ALGO,,O-20260308-233142-001-000-581,,9e5ca35d-475a-480f-b1e8-e0753a9bdead,1773012702649830859,1773012702649830859
BACKTESTER-001,OracleStrategy-000,MESM6.GLBX,,,,,MARKET,SELL,1,GTC,False,False,0,NO_LIQUIDITY_SIDE,,,,NO_TRIGGER,INITIALIZED,NO_CONTINGENCY,,,,MY_GENERIC_ALGO,,O-20260308-233147-001-000-582,,a26924a1-0bf6-4c34-b235-e8050779523e,1773012707705700951,1773012707705700951
BACKTESTER-001,OracleStrategy-000,MESM6.GLBX,,,,,MARKET,BUY,1,GTC,False,False,0,NO_LIQUIDITY_SIDE,,,,NO_TRIGGER,INITIALIZED,NO_CONTINGENCY,,,,MY_GENERIC_ALGO,,O-20260308-233149-001-000-583,,b364f56c-3c7a-4d0f-9f93-c5913ee011fa,1773012709709694504,1773012709709694504
BACKTESTER-001,OracleStrategy-000,MESM6.GLBX,,,,,MARKET,SELL,1,GTC,False,False,0,NO_LIQUIDITY_SIDE,,,,NO_TRIGGER,INITIALIZED,NO_CONTINGENCY,,,,MY_GENERIC_ALGO,,O-20260308-233209-001-000-584,,c6886254-4234-4710-9b4c-e4d55bb3407e,1773012729587186030,1773012729587186030
BACKTESTER-001,OracleStrategy-000,MESM6.GLBX,,,,,MARKET,SELL,1,GTC,False,False,0,NO_LIQUIDITY_SIDE,,,,NO_TRIGGER,INITIALIZED,NO_CONTINGENCY,,,,MY_GENERIC_ALGO,,O-20260308-233217-001-000-585,,a3b833ce-03b4-4638-9cff-0e89f9e4cdd6,1773012737045078304,1773012737045078304
BACKTESTER-001,OracleStrategy-000,MESM6.GLBX,,,,,MARKET,SELL,1,GTC,False,False,0,NO_LIQUIDITY_SIDE,,,,NO_TRIGGER,INITIALIZED,NO_CONTINGENCY,,,,MY_GENERIC_ALGO,,O-20260308-233224-001-000-586,,ee552e2d-c663-4412-b2b8-812a4c6b6fe6,1773012744606725727,1773012744606725727
BACKTESTER-001,OracleStrategy-000,MESM6.GLBX,,,,,MARKET,BUY,1,GTC,False,False,0,NO_LIQUIDITY_SIDE,,,,NO_TRIGGER,INITIALIZED,NO_CONTINGENCY,,,,MY_GENERIC_ALGO,,O-20260308-233230-001-000-587,,7dc3a4ad-2654-4195-80cb-298b66535e66,1773012750712196592,1773012750712196592
BACKTESTER-001,OracleStrategy-000,MESM6.GLBX,,,,,MARKET,SELL,1,GTC,False,False,0,NO_LIQUIDITY_SIDE,,,,NO_TRIGGER,INITIALIZED,NO_CONTINGENCY,,,,MY_GENERIC_ALGO,,O-20260308-233303-001-000-588,,a06bd1f0-0799-4666-b9e0-6d23b215f8cf,1773012783772219117,1773012783772219117
BACKTESTER-001,OracleStrategy-000,MESM6.GLBX,,,,,MARKET,BUY,1,GTC,False,False,0,NO_LIQUIDITY_SIDE,,,,NO_TRIGGER,INITIALIZED,NO_CONTINGENCY,,,,MY_GENERIC_ALGO,,O-20260308-233306-001-000-589,,e2a38440-0e4d-430f-931c-e5d720443b3d,1773012786852330306,1773012786852330306
BACKTESTER-001,OracleStrategy-000,MESM6.GLBX,,,,,MARKET,SELL,1,GTC,False,False,0,NO_LIQUIDITY_SIDE,,,,NO_TRIGGER,INITIALIZED,NO_CONTINGENCY,,,,MY_GENERIC_ALGO,,O-20260308-233318-001-000-590,,014ccb82-939e-4915-b7c9-4d50813b95bd,1773012798482379288,1773012798482379288
BACKTESTER-001,OracleStrategy-000,MESM6.GLBX,,,,,MARKET,SELL,1,GTC,False,False,0,NO_LIQUIDITY_SIDE,,,,NO_TRIGGER,INITIALIZED,NO_CONTINGENCY,,,,MY_GENERIC_ALGO,,O-20260308-233323-001-000-591,,6b3a7a24-bd71-43d9-be88-32f0aa05c947,1773012803688666354,1773012803688666354
BACKTESTER-001,OracleStrategy-000,MESM6.GLBX,,,,,MARKET,SELL,1,GTC,False,False,0,NO_LIQUIDITY_SIDE,,,,NO_TRIGGER,INITIALIZED,NO_CONTINGENCY,,,,MY_GENERIC_ALGO,,O-20260308-233325-001-000-592,,9010ddae-5fd0-4d3c-b94d-59e62829c7d3,1773012805591583328,1773012805591583328
BACKTESTER-001,OracleStrategy-000,MESM6.GLBX,,,,,MARKET,BUY,1,GTC,False,False,0,NO_LIQUIDITY_SIDE,,,,NO_TRIGGER,INITIALIZED,NO_CONTINGENCY,,,,MY_GENERIC_ALGO,,O-20260308-233339-001-000-593,,0560ad52-7537-457c-aaee-a5214e03f307,1773012819031982574,1773012819031982574
BACKTESTER-001,OracleStrategy-000,MESM6.GLBX,,,,,MARKET,BUY,1,GTC,False,False,0,NO_LIQUIDITY_SIDE,,,,NO_TRIGGER,INITIALIZED,NO_CONTINGENCY,,,,MY_GENERIC_ALGO,,O-20260308-233340-001-000-594,,ad0c3fb7-965d-43be-ada9-e457c1c46d38,1773012820655767968,1773012820655767968
BACKTESTER-001,OracleStrategy-000,MESM6.GLBX,,,,,MARKET,BUY,1,GTC,False,False,0,NO_LIQUIDITY_SIDE,,,,NO_TRIGGER,INITIALIZED,NO_CONTINGENCY,,,,MY_GENERIC_ALGO,,O-20260308-233344-001-000-595,,f66b9cee-5a13-49f6-939d-75c4699e1898,1773012824224446951,1773012824224446951
BACKTESTER-001,OracleStrategy-000,MESM6.GLBX,,,,,MARKET,BUY,1,GTC,False,False,0,NO_LIQUIDITY_SIDE,,,,NO_TRIGGER,INITIALIZED,NO_CONTINGENCY,,,,MY_GENERIC_ALGO,,O-20260308-233355-001-000-596,,d8bd901c-7255-4aa7-8031-3643008e984e,1773012835493553803,1773012835493553803
BACKTESTER-001,OracleStrategy-000,MESM6.GLBX,,,,,MARKET,SELL,1,GTC,False,False,0,NO_LIQUIDITY_SIDE,,,,NO_TRIGGER,INITIALIZED,NO_CONTINGENCY,,,,MY_GENERIC_ALGO,,O-20260308-233427-001-000-597,,1e1a56af-ec69-41d2-b38a-82d2b62f05b4,1773012867754573883,1773012867754573883
BACKTESTER-001,OracleStrategy-000,MESM6.GLBX,,,,,MARKET,SELL,1,GTC,False,False,0,NO_LIQUIDITY_SIDE,,,,NO_TRIGGER,INITIALIZED,NO_CONTINGENCY,,,,MY_GENERIC_ALGO,,O-20260308-233429-001-000-598,,296e9734-3744-4c8f-9ff7-5d3d3e73bb57,1773012869192042527,1773012869192042527
BACKTESTER-001,OracleStrategy-000,MESM6.GLBX,,,,,MARKET,SELL,1,GTC,False,False,0,NO_LIQUIDITY_SIDE,,,,NO_TRIGGER,INITIALIZED,NO_CONTINGENCY,,,,MY_GENERIC_ALGO,,O-20260308-233452-001-000-599,,d9ce43de-4688-4634-86bf-b0ca2d5e9fdf,1773012892768418808,1773012892768418808
BACKTESTER-001,OracleStrategy-000,MESM6.GLBX,,,,,MARKET,BUY,1,GTC,False,False,0,NO_LIQUIDITY_SIDE,,,,NO_TRIGGER,INITIALIZED,NO_CONTINGENCY,,,,MY_GENERIC_ALGO,,O-20260308-233532-001-000-600,,a3d3c19c-65ce-47cb-8991-d72c9ab56753,1773012932665604360,1773012932665604360
BACKTESTER-001,OracleStrategy-000,MESM6.GLBX,,,,,MARKET,SELL,1,GTC,False,False,0,NO_LIQUIDITY_SIDE,,,,NO_TRIGGER,INITIALIZED,NO_CONTINGENCY,,,,MY_GENERIC_ALGO,,O-20260308-233547-001-000-601,,88edd344-a469-4f45-a5f2-e74f435bcac7,1773012947877457050,1773012947877457050
BACKTESTER-001,OracleStrategy-000,MESM6.GLBX,,,,,MARKET,BUY,1,GTC,False,False,0,NO_LIQUIDITY_SIDE,,,,NO_TRIGGER,INITIALIZED,NO_CONTINGENCY,,,,MY_GENERIC_ALGO,,O-20260308-233558-001-000-602,,ee986d10-dd41-4ac4-b4f5-44bfb603abe6,1773012958396706769,1773012958396706769
BACKTESTER-001,OracleStrategy-000,MESM6.GLBX,,,,,MARKET,BUY,1,GTC,False,False,0,NO_LIQUIDITY_SIDE,,,,NO_TRIGGER,INITIALIZED,NO_CONTINGENCY,,,,MY_GENERIC_ALGO,,O-20260308-233620-001-000-603,,323b48ce-2438-4ccf-b3f6-59d17bc848dc,1773012980766795744,1773012980766795744
BACKTESTER-001,OracleStrategy-000,MESM6.GLBX,,,,,MARKET,SELL,1,GTC,False,False,0,NO_LIQUIDITY_SIDE,,,,NO_TRIGGER,INITIALIZED,NO_CONTINGENCY,,,,MY_GENERIC_ALGO,,O-20260308-233622-001-000-604,,84950bb4-4fda-46c8-aca4-0b2e35824e28,1773012982057157656,1773012982057157656
BACKTESTER-001,OracleStrategy-000,MESM6.GLBX,,,,,MARKET,SELL,1,GTC,False,False,0,NO_LIQUIDITY_SIDE,,,,NO_TRIGGER,INITIALIZED,NO_CONTINGENCY,,,,MY_GENERIC_ALGO,,O-20260308-233633-001-000-605,,c32bcf6c-c499-4fda-b84b-227571bfc9b3,1773012993899286946,1773012993899286946
BACKTESTER-001,OracleStrategy-000,MESM6.GLBX,,,,,MARKET,BUY,1,GTC,False,False,0,NO_LIQUIDITY_SIDE,,,,NO_TRIGGER,INITIALIZED,NO_CONTINGENCY,,,,MY_GENERIC_ALGO,,O-20260308-233641-001-000-606,,ab227c3b-1f91-423e-a550-91537dbd4170,1773013001032910407,1773013001032910407
BACKTESTER-001,OracleStrategy-000,MESM6.GLBX,,,,,MARKET,SELL,1,GTC,False,False,0,NO_LIQUIDITY_SIDE,,,,NO_TRIGGER,INITIALIZED,NO_CONTINGENCY,,,,MY_GENERIC_ALGO,,O-20260308-233656-001-000-607,,bdd4d0fc-b7ae-477a-978b-21cb00dbe927,1773013016209360971,1773013016209360971
BACKTESTER-001,OracleStrategy-000,MESM6.GLBX,,,,,MARKET,BUY,1,GTC,False,False,0,NO_LIQUIDITY_SIDE,,,,NO_TRIGGER,INITIALIZED,NO_CONTINGENCY,,,,MY_GENERIC_ALGO,,O-20260308-233704-001-000-608,,d63cebf2-5906-42f3-b0ae-70e5a51dde5a,1773013024742350942,1773013024742350942
BACKTESTER-001,OracleStrategy-000,MESM6.GLBX,,,,,MARKET,SELL,1,GTC,False,False,0,NO_LIQUIDITY_SIDE,,,,NO_TRIGGER,INITIALIZED,NO_CONTINGENCY,,,,MY_GENERIC_ALGO,,O-20260308-233721-001-000-609,,2958170e-68c0-4c04-8010-d39cc283cd24,1773013041532125559,1773013041532125559
BACKTESTER-001,OracleStrategy-000,MESM6.GLBX,,,,,MARKET,SELL,1,GTC,False,False,0,NO_LIQUIDITY_SIDE,,,,NO_TRIGGER,INITIALIZED,NO_CONTINGENCY,,,,MY_GENERIC_ALGO,,O-20260308-233732-001-000-610,,d8ae8ee2-8fcb-4398-ae20-b6082e9b73d8,1773013052179140163,1773013052179140163
BACKTESTER-001,OracleStrategy-000,MESM6.GLBX,,,,,MARKET,BUY,1,GTC,False,False,0,NO_LIQUIDITY_SIDE,,,,NO_TRIGGER,INITIALIZED,NO_CONTINGENCY,,,,MY_GENERIC_ALGO,,O-20260308-233739-001-000-611,,4429d40e-368c-43a5-b94a-c3b78f55b43e,1773013059242199235,1773013059242199235
BACKTESTER-001,OracleStrategy-000,MESM6.GLBX,,,,,MARKET,SELL,1,GTC,False,False,0,NO_LIQUIDITY_SIDE,,,,NO_TRIGGER,INITIALIZED,NO_CONTINGENCY,,,,MY_GENERIC_ALGO,,O-20260308-233753-001-000-612,,db204d63-2f45-4774-a659-9b08c93e338b,1773013073472714229,1773013073472714229
BACKTESTER-001,OracleStrategy-000,MESM6.GLBX,,,,,MARKET,SELL,1,GTC,False,False,0,NO_LIQUIDITY_SIDE,,,,NO_TRIGGER,INITIALIZED,NO_CONTINGENCY,,,,MY_GENERIC_ALGO,,O-20260308-233759-001-000-613,,b033191e-d3ff-4344-87cc-28c88b91c473,1773013079840677378,1773013079840677378
BACKTESTER-001,OracleStrategy-000,MESM6.GLBX,,,,,MARKET,BUY,1,GTC,False,False,0,NO_LIQUIDITY_SIDE,,,,NO_TRIGGER,INITIALIZED,NO_CONTINGENCY,,,,MY_GENERIC_ALGO,,O-20260308-233825-001-000-614,,67a0136d-5388-4e49-ac94-af87072fee6d,1773013105646937082,1773013105646937082
BACKTESTER-001,OracleStrategy-000,MESM6.GLBX,,,,,MARKET,BUY,1,GTC,False,False,0,NO_LIQUIDITY_SIDE,,,,NO_TRIGGER,INITIALIZED,NO_CONTINGENCY,,,,MY_GENERIC_ALGO,,O-20260308-233828-001-000-615,,3d13bfd0-ba43-4b22-a09b-b9c3dafad2fb,1773013108912013630,1773013108912013630
BACKTESTER-001,OracleStrategy-000,MESM6.GLBX,,,,,MARKET,SELL,1,GTC,False,False,0,NO_LIQUIDITY_SIDE,,,,NO_TRIGGER,INITIALIZED,NO_CONTINGENCY,,,,MY_GENERIC_ALGO,,O-20260308-233830-001-000-616,,d8e2e4d9-e673-4276-9529-84225cf5449e,1773013110489925352,1773013110489925352
BACKTESTER-001,OracleStrategy-000,MESM6.GLBX,,,,,MARKET,SELL,1,GTC,False,False,0,NO_LIQUIDITY_SIDE,,,,NO_TRIGGER,INITIALIZED,NO_CONTINGENCY,,,,MY_GENERIC_ALGO,,O-20260308-233851-001-000-617,,5601a058-7fbf-4cd9-b9ce-811b9aa46325,1773013131183535547,1773013131183535547
BACKTESTER-001,OracleStrategy-000,MESM6.GLBX,,,,,MARKET,SELL,1,GTC,False,False,0,NO_LIQUIDITY_SIDE,,,,NO_TRIGGER,INITIALIZED,NO_CONTINGENCY,,,,MY_GENERIC_ALGO,,O-20260308-233901-001-000-618,,8165c9bc-cbbe-4951-81ca-48efc39cf7a5,1773013141010067479,1773013141010067479
BACKTESTER-001,OracleStrategy-000,MESM6.GLBX,,,,,MARKET,SELL,1,GTC,False,False,0,NO_LIQUIDITY_SIDE,,,,NO_TRIGGER,INITIALIZED,NO_CONTINGENCY,,,,MY_GENERIC_ALGO,,O-20260308-233907-001-000-619,,dfb4efc7-bfc4-448a-8c5e-2c938c31525c,1773013147598666888,1773013147598666888
BACKTESTER-001,OracleStrategy-000,MESM6.GLBX,,,,,MARKET,SELL,1,GTC,False,False,0,NO_LIQUIDITY_SIDE,,,,NO_TRIGGER,INITIALIZED,NO_CONTINGENCY,,,,MY_GENERIC_ALGO,,O-20260308-233913-001-000-620,,9c63ff46-f76f-4171-be43-8718ad398aa2,1773013153884884059,1773013153884884059
BACKTESTER-001,OracleStrategy-000,MESM6.GLBX,,,,,MARKET,SELL,1,GTC,False,False,0,NO_LIQUIDITY_SIDE,,,,NO_TRIGGER,INITIALIZED,NO_CONTINGENCY,,,,MY_GENERIC_ALGO,,O-20260308-233917-001-000-621,,9f45b405-ddad-41aa-bbe0-76da1eab0e13,1773013157958327283,1773013157958327283
BACKTESTER-001,OracleStrategy-000,MESM6.GLBX,,,,,MARKET,SELL,1,GTC,False,False,0,NO_LIQUIDITY_SIDE,,,,NO_TRIGGER,INITIALIZED,NO_CONTINGENCY,,,,MY_GENERIC_ALGO,,O-20260308-233920-001-000-622,,9267b57d-eecd-4786-aa4a-3319688790c8,1773013160284143128,1773013160284143128
BACKTESTER-001,OracleStrategy-000,MESM6.GLBX,,,,,MARKET,BUY,1,GTC,False,False,0,NO_LIQUIDITY_SIDE,,,,NO_TRIGGER,INITIALIZED,NO_CONTINGENCY,,,,MY_GENERIC_ALGO,,O-20260308-233930-001-000-623,,af11d139-4b2b-4ae2-8f1d-eb1ed0d129c2,1773013170987523055,1773013170987523055
BACKTESTER-001,OracleStrategy-000,MESM6.GLBX,,,,,MARKET,BUY,1,GTC,False,False,0,NO_LIQUIDITY_SIDE,,,,NO_TRIGGER,INITIALIZED,NO_CONTINGENCY,,,,MY_GENERIC_ALGO,,O-20260308-233938-001-000-624,,abfe3a91-51bd-44d3-a76a-26364dd83733,1773013178116443258,1773013178116443258
BACKTESTER-001,OracleStrategy-000,MESM6.GLBX,,,,,MARKET,BUY,1,GTC,False,False,0,NO_LIQUIDITY_SIDE,,,,NO_TRIGGER,INITIALIZED,NO_CONTINGENCY,,,,MY_GENERIC_ALGO,,O-20260308-233949-001-000-625,,affc4e06-376d-4b33-92d9-dad39f1776c1,1773013189239811106,1773013189239811106
BACKTESTER-001,OracleStrategy-000,MESM6.GLBX,,,,,MARKET,SELL,1,GTC,False,False,0,NO_LIQUIDITY_SIDE,,,,NO_TRIGGER,INITIALIZED,NO_CONTINGENCY,,,,MY_GENERIC_ALGO,,O-20260308-234001-001-000-626,,e4723012-c3e3-4918-b576-0f017f019af0,1773013201972845415,1773013201972845415
BACKTESTER-001,OracleStrategy-000,MESM6.GLBX,,,,,MARKET,BUY,1,GTC,False,False,0,NO_LIQUIDITY_SIDE,,,,NO_TRIGGER,INITIALIZED,NO_CONTINGENCY,,,,MY_GENERIC_ALGO,,O-20260308-234004-001-000-627,,22d161ea-53b1-47d9-a279-ea79054f9530,1773013204009604227,1773013204009604227
BACKTESTER-001,OracleStrategy-000,MESM6.GLBX,,,,,MARKET,BUY,1,GTC,False,False,0,NO_LIQUIDITY_SIDE,,,,NO_TRIGGER,INITIALIZED,NO_CONTINGENCY,,,,MY_GENERIC_ALGO,,O-20260308-234013-001-000-628,,2309b5fb-13fe-4965-bd84-4aefe6904466,1773013213022352427,1773013213022352427
BACKTESTER-001,OracleStrategy-000,MESM6.GLBX,,,,,MARKET,SELL,1,GTC,False,False,0,NO_LIQUIDITY_SIDE,,,,NO_TRIGGER,INITIALIZED,NO_CONTINGENCY,,,,MY_GENERIC_ALGO,,O-20260308-234016-001-000-629,,31b19f5d-6760-4d66-8924-7c26ef3cbe39,1773013216097144837,1773013216097144837
BACKTESTER-001,OracleStrategy-000,MESM6.GLBX,,,,,MARKET,BUY,1,GTC,False,False,0,NO_LIQUIDITY_SIDE,,,,NO_TRIGGER,INITIALIZED,NO_CONTINGENCY,,,,MY_GENERIC_ALGO,,O-20260308-234023-001-000-630,,58dad9c4-df9b-4ea3-bf35-36e7796d60a3,1773013223453814245,1773013223453814245
BACKTESTER-001,OracleStrategy-000,MESM6.GLBX,,,,,MARKET,BUY,1,GTC,False,False,0,NO_LIQUIDITY_SIDE,,,,NO_TRIGGER,INITIALIZED,NO_CONTINGENCY,,,,MY_GENERIC_ALGO,,O-20260308-234025-001-000-631,,4bc63346-f840-407f-ad90-c08c1d1d9bfa,1773013225141099106,1773013225141099106
BACKTESTER-001,OracleStrategy-000,MESM6.GLBX,,,,,MARKET,SELL,1,GTC,False,False,0,NO_LIQUIDITY_SIDE,,,,NO_TRIGGER,INITIALIZED,NO_CONTINGENCY,,,,MY_GENERIC_ALGO,,O-20260308-234100-001-000-632,,627969f2-4a6b-4acf-8850-f51ed8f87ef2,1773013260678637640,1773013260678637640
BACKTESTER-001,OracleStrategy-000,MESM6.GLBX,,,,,MARKET,BUY,1,GTC,False,False,0,NO_LIQUIDITY_SIDE,,,,NO_TRIGGER,INITIALIZED,NO_CONTINGENCY,,,,MY_GENERIC_ALGO,,O-20260308-234106-001-000-633,,04635f40-356d-4c1d-8d78-093e928ab89d,1773013266066678498,1773013266066678498
BACKTESTER-001,OracleStrategy-000,MESM6.GLBX,,,,,MARKET,BUY,1,GTC,False,False,0,NO_LIQUIDITY_SIDE,,,,NO_TRIGGER,INITIALIZED,NO_CONTINGENCY,,,,MY_GENERIC_ALGO,,O-20260308-234112-001-000-634,,b1a40641-684f-44c4-9cae-5f5b4eca6f19,1773013272206098457,1773013272206098457
BACKTESTER-001,OracleStrategy-000,MESM6.GLBX,,,,,MARKET,SELL,1,GTC,False,False,0,NO_LIQUIDITY_SIDE,,,,NO_TRIGGER,INITIALIZED,NO_CONTINGENCY,,,,MY_GENERIC_ALGO,,O-20260308-234114-001-000-635,,72105c65-481f-42d4-8504-fe54a55023fc,1773013274202164563,1773013274202164563
BACKTESTER-001,OracleStrategy-000,MESM6.GLBX,,,,,MARKET,SELL,1,GTC,False,False,0,NO_LIQUIDITY_SIDE,,,,NO_TRIGGER,INITIALIZED,NO_CONTINGENCY,,,,MY_GENERIC_ALGO,,O-20260308-234127-001-000-636,,00e81cd3-161c-4b30-99d5-16c05dd1dbec,1773013287762840408,1773013287762840408
BACKTESTER-001,OracleStrategy-000,MESM6.GLBX,,,,,MARKET,SELL,1,GTC,False,False,0,NO_LIQUIDITY_SIDE,,,,NO_TRIGGER,INITIALIZED,NO_CONTINGENCY,,,,MY_GENERIC_ALGO,,O-20260308-234130-001-000-637,,9da7672e-ab17-4720-80cd-0b21f8b0b652,1773013290803106978,1773013290803106978
BACKTESTER-001,OracleStrategy-000,MESM6.GLBX,,,,,MARKET,BUY,1,GTC,False,False,0,NO_LIQUIDITY_SIDE,,,,NO_TRIGGER,INITIALIZED,NO_CONTINGENCY,,,,MY_GENERIC_ALGO,,O-20260308-234145-001-000-638,,e0de794d-8e41-4519-8002-9b2912f464a1,1773013305212469658,1773013305212469658
BACKTESTER-001,OracleStrategy-000,MESM6.GLBX,,,,,MARKET,BUY,1,GTC,False,False,0,NO_LIQUIDITY_SIDE,,,,NO_TRIGGER,INITIALIZED,NO_CONTINGENCY,,,,MY_GENERIC_ALGO,,O-20260308-234149-001-000-639,,654a8790-b69d-45f2-a100-ce38c788daa4,1773013309532061255,1773013309532061255
BACKTESTER-001,OracleStrategy-000,MESM6.GLBX,,,,,MARKET,BUY,1,GTC,False,False,0,NO_LIQUIDITY_SIDE,,,,NO_TRIGGER,INITIALIZED,NO_CONTINGENCY,,,,MY_GENERIC_ALGO,,O-20260308-234236-001-000-640,,295d4872-90e1-414e-83f7-356a9775c416,1773013356998200501,1773013356998200501
BACKTESTER-001,OracleStrategy-000,MESM6.GLBX,,,,,MARKET,SELL,1,GTC,False,False,0,NO_LIQUIDITY_SIDE,,,,NO_TRIGGER,INITIALIZED,NO_CONTINGENCY,,,,MY_GENERIC_ALGO,,O-20260308-234238-001-000-641,,3e2660f9-5779-41b5-b1b2-87891618c03d,1773013358576469227,1773013358576469227
BACKTESTER-001,OracleStrategy-000,MESM6.GLBX,,,,,MARKET,SELL,1,GTC,False,False,0,NO_LIQUIDITY_SIDE,,,,NO_TRIGGER,INITIALIZED,NO_CONTINGENCY,,,,MY_GENERIC_ALGO,,O-20260308-234322-001-000-642,,ce6e6051-4d0f-453d-9dad-bacef9830520,1773013402084350807,1773013402084350807
BACKTESTER-001,OracleStrategy-000,MESM6.GLBX,,,,,MARKET,BUY,1,GTC,False,False,0,NO_LIQUIDITY_SIDE,,,,NO_TRIGGER,INITIALIZED,NO_CONTINGENCY,,,,MY_GENERIC_ALGO,,O-20260308-234349-001-000-643,,e55c0a0e-3466-46ef-928a-b9ead7f9ebb1,1773013429992335851,1773013429992335851
BACKTESTER-001,OracleStrategy-000,MESM6.GLBX,,,,,MARKET,SELL,1,GTC,False,False,0,NO_LIQUIDITY_SIDE,,,,NO_TRIGGER,INITIALIZED,NO_CONTINGENCY,,,,MY_GENERIC_ALGO,,O-20260308-234402-001-000-644,,2b42b386-d80a-4c79-8b8c-01091ea1212b,1773013442170833199,1773013442170833199
BACKTESTER-001,OracleStrategy-000,MESM6.GLBX,,,,,MARKET,BUY,1,GTC,False,False,0,NO_LIQUIDITY_SIDE,,,,NO_TRIGGER,INITIALIZED,NO_CONTINGENCY,,,,MY_GENERIC_ALGO,,O-20260308-234415-001-000-645,,6f0d4bc4-1b4c-4361-96d8-7ae1417ca9c2,1773013455550325107,1773013455550325107
BACKTESTER-001,OracleStrategy-000,MESM6.GLBX,,,,,MARKET,SELL,1,GTC,False,False,0,NO_LIQUIDITY_SIDE,,,,NO_TRIGGER,INITIALIZED,NO_CONTINGENCY,,,,MY_GENERIC_ALGO,,O-20260308-234449-001-000-646,,a27d5ff1-bca7-4b3e-9042-dacccfedb7bf,1773013489094058642,1773013489094058642
BACKTESTER-001,OracleStrategy-000,MESM6.GLBX,,,,,MARKET,SELL,1,GTC,False,False,0,NO_LIQUIDITY_SIDE,,,,NO_TRIGGER,INITIALIZED,NO_CONTINGENCY,,,,MY_GENERIC_ALGO,,O-20260308-234530-001-000-647,,9526ca69-be10-410b-94ed-fd0dc3df9874,1773013530887866238,1773013530887866238
BACKTESTER-001,OracleStrategy-000,MESM6.GLBX,,,,,MARKET,BUY,1,GTC,False,False,0,NO_LIQUIDITY_SIDE,,,,NO_TRIGGER,INITIALIZED,NO_CONTINGENCY,,,,MY_GENERIC_ALGO,,O-20260308-234605-001-000-648,,1890fb40-182e-4d07-9e6b-f701ab7779c2,1773013565207776472,1773013565207776472
BACKTESTER-001,OracleStrategy-000,MESM6.GLBX,,,,,MARKET,SELL,1,GTC,False,False,0,NO_LIQUIDITY_SIDE,,,,NO_TRIGGER,INITIALIZED,NO_CONTINGENCY,,,,MY_GENERIC_ALGO,,O-20260308-234636-001-000-649,,488e1c0f-3a13-4614-a3ca-8c931ae611e3,1773013596761447779,1773013596761447779
BACKTESTER-001,OracleStrategy-000,MESM6.GLBX,,,,,MARKET,BUY,1,GTC,False,False,0,NO_LIQUIDITY_SIDE,,,,NO_TRIGGER,INITIALIZED,NO_CONTINGENCY,,,,MY_GENERIC_ALGO,,O-20260308-234638-001-000-650,,53ec20a3-98b6-4ebe-b59a-4d886d88eba5,1773013598869921647,1773013598869921647
BACKTESTER-001,OracleStrategy-000,MESM6.GLBX,,,,,MARKET,SELL,1,GTC,False,False,0,NO_LIQUIDITY_SIDE,,,,NO_TRIGGER,INITIALIZED,NO_CONTINGENCY,,,,MY_GENERIC_ALGO,,O-20260308-234649-001-000-651,,96e85eca-fc8e-4a5a-ad76-062c6dfb3e6e,1773013609405687384,1773013609405687384
BACKTESTER-001,OracleStrategy-000,MESM6.GLBX,,,,,MARKET,SELL,1,GTC,False,False,0,NO_LIQUIDITY_SIDE,,,,NO_TRIGGER,INITIALIZED,NO_CONTINGENCY,,,,MY_GENERIC_ALGO,,O-20260308-234653-001-000-652,,4bcd61c1-19ba-4c68-b1b8-54b3d05dbb1e,1773013613237107159,1773013613237107159
BACKTESTER-001,OracleStrategy-000,MESM6.GLBX,,,,,MARKET,SELL,1,GTC,False,False,0,NO_LIQUIDITY_SIDE,,,,NO_TRIGGER,INITIALIZED,NO_CONTINGENCY,,,,MY_GENERIC_ALGO,,O-20260308-234702-001-000-653,,dc200406-6013-4d46-84cf-a47d54f8e8f5,1773013622450455194,1773013622450455194
BACKTESTER-001,OracleStrategy-000,MESM6.GLBX,,,,,MARKET,SELL,1,GTC,False,False,0,NO_LIQUIDITY_SIDE,,,,NO_TRIGGER,INITIALIZED,NO_CONTINGENCY,,,,MY_GENERIC_ALGO,,O-20260308-234726-001-000-654,,dcc8f916-a620-4241-b525-6abf3b532cfa,1773013646856329985,1773013646856329985
BACKTESTER-001,OracleStrategy-000,MESM6.GLBX,,,,,MARKET,SELL,1,GTC,False,False,0,NO_LIQUIDITY_SIDE,,,,NO_TRIGGER,INITIALIZED,NO_CONTINGENCY,,,,MY_GENERIC_ALGO,,O-20260308-234739-001-000-655,,62bb7c47-4c68-4a0f-8e85-c20bf20279a4,1773013659784043085,1773013659784043085
BACKTESTER-001,OracleStrategy-000,MESM6.GLBX,,,,,MARKET,SELL,1,GTC,False,False,0,NO_LIQUIDITY_SIDE,,,,NO_TRIGGER,INITIALIZED,NO_CONTINGENCY,,,,MY_GENERIC_ALGO,,O-20260308-234742-001-000-656,,32b78d70-216f-4fa2-be9f-b9936cb34207,1773013662944914594,1773013662944914594
BACKTESTER-001,OracleStrategy-000,MESM6.GLBX,,,,,MARKET,SELL,1,GTC,False,False,0,NO_LIQUIDITY_SIDE,,,,NO_TRIGGER,INITIALIZED,NO_CONTINGENCY,,,,MY_GENERIC_ALGO,,O-20260308-234754-001-000-657,,84272d49-5014-4429-bc47-69192d22cac6,1773013674313124827,1773013674313124827
BACKTESTER-001,OracleStrategy-000,MESM6.GLBX,,,,,MARKET,SELL,1,GTC,False,False,0,NO_LIQUIDITY_SIDE,,,,NO_TRIGGER,INITIALIZED,NO_CONTINGENCY,,,,MY_GENERIC_ALGO,,O-20260308-234816-001-000-658,,959b35a7-9ab7-4b1b-9d88-f277660ea3fb,1773013696936798607,1773013696936798607
BACKTESTER-001,OracleStrategy-000,MESM6.GLBX,,,,,MARKET,SELL,1,GTC,False,False,0,NO_LIQUIDITY_SIDE,,,,NO_TRIGGER,INITIALIZED,NO_CONTINGENCY,,,,MY_GENERIC_ALGO,,O-20260308-234847-001-000-659,,e94a11ef-2374-4fe2-85cf-a649517e8024,1773013727711011795,1773013727711011795
BACKTESTER-001,OracleStrategy-000,MESM6.GLBX,,,,,MARKET,BUY,1,GTC,False,False,0,NO_LIQUIDITY_SIDE,,,,NO_TRIGGER,INITIALIZED,NO_CONTINGENCY,,,,MY_GENERIC_ALGO,,O-20260308-234849-001-000-660,,e60a0c85-a7cf-4597-a8bb-3151db8d2335,1773013729722622215,1773013729722622215
BACKTESTER-001,OracleStrategy-000,MESM6.GLBX,,,,,MARKET,BUY,1,GTC,False,False,0,NO_LIQUIDITY_SIDE,,,,NO_TRIGGER,INITIALIZED,NO_CONTINGENCY,,,,MY_GENERIC_ALGO,,O-20260308-234852-001-000-661,,a2cdcab3-a732-4559-a257-f3dd72fe9875,1773013732433665891,1773013732433665891
BACKTESTER-001,OracleStrategy-000,MESM6.GLBX,,,,,MARKET,BUY,1,GTC,False,False,0,NO_LIQUIDITY_SIDE,,,,NO_TRIGGER,INITIALIZED,NO_CONTINGENCY,,,,MY_GENERIC_ALGO,,O-20260308-234854-001-000-662,,82adfb6c-c71c-4e67-8e2f-d4e7e5d2b2ce,1773013734780120802,1773013734780120802
BACKTESTER-001,OracleStrategy-000,MESM6.GLBX,,,,,MARKET,BUY,1,GTC,False,False,0,NO_LIQUIDITY_SIDE,,,,NO_TRIGGER,INITIALIZED,NO_CONTINGENCY,,,,MY_GENERIC_ALGO,,O-20260308-234857-001-000-663,,d5b913de-7e1e-46a5-8da0-05340d393773,1773013737044011461,1773013737044011461
BACKTESTER-001,OracleStrategy-000,MESM6.GLBX,,,,,MARKET,BUY,1,GTC,False,False,0,NO_LIQUIDITY_SIDE,,,,NO_TRIGGER,INITIALIZED,NO_CONTINGENCY,,,,MY_GENERIC_ALGO,,O-20260308-234900-001-000-664,,9883b72e-9659-46b6-99db-2b6b07ce8e53,1773013740163051751,1773013740163051751
BACKTESTER-001,OracleStrategy-000,MESM6.GLBX,,,,,MARKET,BUY,1,GTC,False,False,0,NO_LIQUIDITY_SIDE,,,,NO_TRIGGER,INITIALIZED,NO_CONTINGENCY,,,,MY_GENERIC_ALGO,,O-20260308-234911-001-000-665,,c4f3d992-ac51-4d5f-99ae-9ee5f0edafa9,1773013751297447912,1773013751297447912
BACKTESTER-001,OracleStrategy-000,MESM6.GLBX,,,,,MARKET,BUY,1,GTC,False,False,0,NO_LIQUIDITY_SIDE,,,,NO_TRIGGER,INITIALIZED,NO_CONTINGENCY,,,,MY_GENERIC_ALGO,,O-20260308-234912-001-000-666,,59e9588b-a08b-4d42-942a-f13c618d55e7,1773013752498338927,1773013752498338927
BACKTESTER-001,OracleStrategy-000,MESM6.GLBX,,,,,MARKET,BUY,1,GTC,False,False,0,NO_LIQUIDITY_SIDE,,,,NO_TRIGGER,INITIALIZED,NO_CONTINGENCY,,,,MY_GENERIC_ALGO,,O-20260308-234915-001-000-667,,d1598089-30fc-413e-8854-0153f61c31be,1773013755800625605,1773013755800625605
BACKTESTER-001,OracleStrategy-000,MESM6.GLBX,,,,,MARKET,BUY,1,GTC,False,False,0,NO_LIQUIDITY_SIDE,,,,NO_TRIGGER,INITIALIZED,NO_CONTINGENCY,,,,MY_GENERIC_ALGO,,O-20260308-234919-001-000-668,,92eb7a30-193f-49ad-9da8-2a3a9ba614dc,1773013759953705168,1773013759953705168
BACKTESTER-001,OracleStrategy-000,MESM6.GLBX,,,,,MARKET,SELL,1,GTC,False,False,0,NO_LIQUIDITY_SIDE,,,,NO_TRIGGER,INITIALIZED,NO_CONTINGENCY,,,,MY_GENERIC_ALGO,,O-20260308-234923-001-000-669,,8f07ab0c-8ac8-4c0f-8e9a-2196b3a91dc8,1773013763182465235,1773013763182465235
BACKTESTER-001,OracleStrategy-000,MESM6.GLBX,,,,,MARKET,BUY,1,GTC,False,False,0,NO_LIQUIDITY_SIDE,,,,NO_TRIGGER,INITIALIZED,NO_CONTINGENCY,,,,MY_GENERIC_ALGO,,O-20260308-234934-001-000-670,,b3a65509-8072-47f7-8951-18f4b79c9ad1,1773013774039803482,1773013774039803482
BACKTESTER-001,OracleStrategy-000,MESM6.GLBX,,,,,MARKET,SELL,1,GTC,False,False,0,NO_LIQUIDITY_SIDE,,,,NO_TRIGGER,INITIALIZED,NO_CONTINGENCY,,,,MY_GENERIC_ALGO,,O-20260308-234936-001-000-671,,67e37c23-2e1b-406a-988c-56cd041ef7f2,1773013776044411944,1773013776044411944
BACKTESTER-001,OracleStrategy-000,MESM6.GLBX,,,,,MARKET,SELL,1,GTC,False,False,0,NO_LIQUIDITY_SIDE,,,,NO_TRIGGER,INITIALIZED,NO_CONTINGENCY,,,,MY_GENERIC_ALGO,,O-20260308-234947-001-000-672,,4169733e-da08-4324-b64f-feb69a2d3a52,1773013787671657317,1773013787671657317
BACKTESTER-001,OracleStrategy-000,MESM6.GLBX,,,,,MARKET,SELL,1,GTC,False,False,0,NO_LIQUIDITY_SIDE,,,,NO_TRIGGER,INITIALIZED,NO_CONTINGENCY,,,,MY_GENERIC_ALGO,,O-20260308-234951-001-000-673,,5f9f979e-db23-44b3-9fa5-d0b82cb74ff5,1773013791499566418,1773013791499566418
BACKTESTER-001,OracleStrategy-000,MESM6.GLBX,,,,,MARKET,BUY,1,GTC,False,False,0,NO_LIQUIDITY_SIDE,,,,NO_TRIGGER,INITIALIZED,NO_CONTINGENCY,,,,MY_GENERIC_ALGO,,O-20260308-235005-001-000-674,,2c2db30a-8cd8-4371-b325-3e9cfbc645f8,1773013805837402831,1773013805837402831
BACKTESTER-001,OracleStrategy-000,MESM6.GLBX,,,,,MARKET,SELL,1,GTC,False,False,0,NO_LIQUIDITY_SIDE,,,,NO_TRIGGER,INITIALIZED,NO_CONTINGENCY,,,,MY_GENERIC_ALGO,,O-20260308-235009-001-000-675,,28359113-afbb-4c87-b7b2-5eb9718d3811,1773013809386959319,1773013809386959319
BACKTESTER-001,OracleStrategy-000,MESM6.GLBX,,,,,MARKET,BUY,1,GTC,False,False,0,NO_LIQUIDITY_SIDE,,,,NO_TRIGGER,INITIALIZED,NO_CONTINGENCY,,,,MY_GENERIC_ALGO,,O-20260308-235013-001-000-676,,1f46da95-1845-450a-a631-6870abbcf767,1773013813074497188,1773013813074497188
BACKTESTER-001,OracleStrategy-000,MESM6.GLBX,,,,,MARKET,SELL,1,GTC,False,False,0,NO_LIQUIDITY_SIDE,,,,NO_TRIGGER,INITIALIZED,NO_CONTINGENCY,,,,MY_GENERIC_ALGO,,O-20260308-235017-001-000-677,,695d9d32-0f14-41a4-a005-fb98553561d7,1773013817985754767,1773013817985754767
BACKTESTER-001,OracleStrategy-000,MESM6.GLBX,,,,,MARKET,SELL,1,GTC,False,False,0,NO_LIQUIDITY_SIDE,,,,NO_TRIGGER,INITIALIZED,NO_CONTINGENCY,,,,MY_GENERIC_ALGO,,O-20260308-235039-001-000-678,,7fa6a22b-9fa3-44fe-a455-e4f769cffcdd,1773013839616687389,1773013839616687389
BACKTESTER-001,OracleStrategy-000,MESM6.GLBX,,,,,MARKET,BUY,1,GTC,False,False,0,NO_LIQUIDITY_SIDE,,,,NO_TRIGGER,INITIALIZED,NO_CONTINGENCY,,,,MY_GENERIC_ALGO,,O-20260308-235108-001-000-679,,7b1d2417-6efd-42a6-8286-819b603afb86,1773013868711215517,1773013868711215517
BACKTESTER-001,OracleStrategy-000,MESM6.GLBX,,,,,MARKET,SELL,1,GTC,False,False,0,NO_LIQUIDITY_SIDE,,,,NO_TRIGGER,INITIALIZED,NO_CONTINGENCY,,,,MY_GENERIC_ALGO,,O-20260308-235116-001-000-680,,c0a19ec3-2dbf-4526-8f1d-32dbc3b8a033,1773013876174904837,1773013876174904837
BACKTESTER-001,OracleStrategy-000,MESM6.GLBX,,,,,MARKET,SELL,1,GTC,False,False,0,NO_LIQUIDITY_SIDE,,,,NO_TRIGGER,INITIALIZED,NO_CONTINGENCY,,,,MY_GENERIC_ALGO,,O-20260308-235134-001-000-681,,5c66ffe1-964b-4d7d-b348-e821d54ceb54,1773013894122222687,1773013894122222687
BACKTESTER-001,OracleStrategy-000,MESM6.GLBX,,,,,MARKET,SELL,1,GTC,False,False,0,NO_LIQUIDITY_SIDE,,,,NO_TRIGGER,INITIALIZED,NO_CONTINGENCY,,,,MY_GENERIC_ALGO,,O-20260308-235138-001-000-682,,aecc6d76-dc7c-40e2-b878-416e92d1f891,1773013898365872560,1773013898365872560
BACKTESTER-001,OracleStrategy-000,MESM6.GLBX,,,,,MARKET,SELL,1,GTC,False,False,0,NO_LIQUIDITY_SIDE,,,,NO_TRIGGER,INITIALIZED,NO_CONTINGENCY,,,,MY_GENERIC_ALGO,,O-20260308-235145-001-000-683,,50485638-508d-4232-9b7c-e07c73fcdbfe,1773013905581827735,1773013905581827735
BACKTESTER-001,OracleStrategy-000,MESM6.GLBX,,,,,MARKET,SELL,1,GTC,False,False,0,NO_LIQUIDITY_SIDE,,,,NO_TRIGGER,INITIALIZED,NO_CONTINGENCY,,,,MY_GENERIC_ALGO,,O-20260308-235208-001-000-684,,2d4ada50-2cc1-484a-b669-34804850a73a,1773013928072311544,1773013928072311544
BACKTESTER-001,OracleStrategy-000,MESM6.GLBX,,,,,MARKET,SELL,1,GTC,False,False,0,NO_LIQUIDITY_SIDE,,,,NO_TRIGGER,INITIALIZED,NO_CONTINGENCY,,,,MY_GENERIC_ALGO,,O-20260308-235258-001-000-685,,8e08270e-a0db-47fe-91f6-4155099d0b15,1773013978992768726,1773013978992768726
BACKTESTER-001,OracleStrategy-000,MESM6.GLBX,,,,,MARKET,SELL,1,GTC,False,False,0,NO_LIQUIDITY_SIDE,,,,NO_TRIGGER,INITIALIZED,NO_CONTINGENCY,,,,MY_GENERIC_ALGO,,O-20260308-235330-001-000-686,,6c3caf8e-8191-43bb-b680-942ca3c92c82,1773014010092116507,1773014010092116507
BACKTESTER-001,OracleStrategy-000,MESM6.GLBX,,,,,MARKET,SELL,1,GTC,False,False,0,NO_LIQUIDITY_SIDE,,,,NO_TRIGGER,INITIALIZED,NO_CONTINGENCY,,,,MY_GENERIC_ALGO,,O-20260308-235333-001-000-687,,e54b3ae5-5721-43e9-9949-8fb0533c9225,1773014013691771811,1773014013691771811
BACKTESTER-001,OracleStrategy-000,MESM6.GLBX,,,,,MARKET,BUY,1,GTC,False,False,0,NO_LIQUIDITY_SIDE,,,,NO_TRIGGER,INITIALIZED,NO_CONTINGENCY,,,,MY_GENERIC_ALGO,,O-20260308-235342-001-000-688,,27a6c8e1-80d1-4f26-82e6-7ced7611f104,1773014022030540724,1773014022030540724
BACKTESTER-001,OracleStrategy-000,MESM6.GLBX,,,,,MARKET,SELL,1,GTC,False,False,0,NO_LIQUIDITY_SIDE,,,,NO_TRIGGER,INITIALIZED,NO_CONTINGENCY,,,,MY_GENERIC_ALGO,,O-20260308-235344-001-000-689,,13a14c8a-70d4-4d8c-bd42-9c2aa5edc6ef,1773014024876659455,1773014024876659455
BACKTESTER-001,OracleStrategy-000,MESM6.GLBX,,,,,MARKET,BUY,1,GTC,False,False,0,NO_LIQUIDITY_SIDE,,,,NO_TRIGGER,INITIALIZED,NO_CONTINGENCY,,,,MY_GENERIC_ALGO,,O-20260308-235356-001-000-690,,15d362df-61f9-44f3-adab-fcf86e6946e8,1773014036569296413,1773014036569296413
BACKTESTER-001,OracleStrategy-000,MESM6.GLBX,,,,,MARKET,SELL,1,GTC,False,False,0,NO_LIQUIDITY_SIDE,,,,NO_TRIGGER,INITIALIZED,NO_CONTINGENCY,,,,MY_GENERIC_ALGO,,O-20260308-235400-001-000-691,,c4940793-0121-4264-b577-9f6635635240,1773014040056713826,1773014040056713826
BACKTESTER-001,OracleStrategy-000,MESM6.GLBX,,,,,MARKET,SELL,1,GTC,False,False,0,NO_LIQUIDITY_SIDE,,,,NO_TRIGGER,INITIALIZED,NO_CONTINGENCY,,,,MY_GENERIC_ALGO,,O-20260308-235403-001-000-692,,94a67327-98a0-45e0-9450-08131dae831d,1773014043262589698,1773014043262589698
BACKTESTER-001,OracleStrategy-000,MESM6.GLBX,,,,,MARKET,BUY,1,GTC,False,False,0,NO_LIQUIDITY_SIDE,,,,NO_TRIGGER,INITIALIZED,NO_CONTINGENCY,,,,MY_GENERIC_ALGO,,O-20260308-235404-001-000-693,,d5d29d18-aa49-45d1-8d15-5d567bee25c1,1773014044532157042,1773014044532157042
BACKTESTER-001,OracleStrategy-000,MESM6.GLBX,,,,,MARKET,SELL,1,GTC,False,False,0,NO_LIQUIDITY_SIDE,,,,NO_TRIGGER,INITIALIZED,NO_CONTINGENCY,,,,MY_GENERIC_ALGO,,O-20260308-235416-001-000-694,,366cef5d-df82-4b42-a3d9-5c067fedbeb3,1773014056632774855,1773014056632774855
BACKTESTER-001,OracleStrategy-000,MESM6.GLBX,,,,,MARKET,SELL,1,GTC,False,False,0,NO_LIQUIDITY_SIDE,,,,NO_TRIGGER,INITIALIZED,NO_CONTINGENCY,,,,MY_GENERIC_ALGO,,O-20260308-235419-001-000-695,,ed4217a1-cbd0-4ac8-b781-3598e7950e32,1773014059147014992,1773014059147014992
BACKTESTER-001,OracleStrategy-000,MESM6.GLBX,,,,,MARKET,BUY,1,GTC,False,False,0,NO_LIQUIDITY_SIDE,,,,NO_TRIGGER,INITIALIZED,NO_CONTINGENCY,,,,MY_GENERIC_ALGO,,O-20260308-235420-001-000-696,,7b462491-903b-4587-bb7e-fa2e10ec31be,1773014060942292760,1773014060942292760
BACKTESTER-001,OracleStrategy-000,MESM6.GLBX,,,,,MARKET,SELL,1,GTC,False,False,0,NO_LIQUIDITY_SIDE,,,,NO_TRIGGER,INITIALIZED,NO_CONTINGENCY,,,,MY_GENERIC_ALGO,,O-20260308-235423-001-000-697,,6f8bde67-b27a-4731-b740-3a2b9108a462,1773014063510327219,1773014063510327219
BACKTESTER-001,OracleStrategy-000,MESM6.GLBX,,,,,MARKET,SELL,1,GTC,False,False,0,NO_LIQUIDITY_SIDE,,,,NO_TRIGGER,INITIALIZED,NO_CONTINGENCY,,,,MY_GENERIC_ALGO,,O-20260308-235425-001-000-698,,c10e1f0b-af7e-4b11-ac98-c83ff0947172,1773014065035342994,1773014065035342994
BACKTESTER-001,OracleStrategy-000,MESM6.GLBX,,,,,MARKET,BUY,1,GTC,False,False,0,NO_LIQUIDITY_SIDE,,,,NO_TRIGGER,INITIALIZED,NO_CONTINGENCY,,,,MY_GENERIC_ALGO,,O-20260308-235427-001-000-699,,5923a9cf-5004-469f-866d-56164d73cbc2,1773014067838990013,1773014067838990013
BACKTESTER-001,OracleStrategy-000,MESM6.GLBX,,,,,MARKET,BUY,1,GTC,False,False,0,NO_LIQUIDITY_SIDE,,,,NO_TRIGGER,INITIALIZED,NO_CONTINGENCY,,,,MY_GENERIC_ALGO,,O-20260308-235506-001-000-700,,e8e22467-3277-4232-801a-eb1132ccb7b0,1773014106385286103,1773014106385286103
BACKTESTER-001,OracleStrategy-000,MESM6.GLBX,,,,,MARKET,BUY,1,GTC,False,False,0,NO_LIQUIDITY_SIDE,,,,NO_TRIGGER,INITIALIZED,NO_CONTINGENCY,,,,MY_GENERIC_ALGO,,O-20260308-235524-001-000-701,,d57dea80-069d-4940-a8fb-3cd1218ecb7e,1773014124967225336,1773014124967225336
BACKTESTER-001,OracleStrategy-000,MESM6.GLBX,,,,,MARKET,BUY,1,GTC,False,False,0,NO_LIQUIDITY_SIDE,,,,NO_TRIGGER,INITIALIZED,NO_CONTINGENCY,,,,MY_GENERIC_ALGO,,O-20260308-235537-001-000-702,,64ac7fbb-d12b-4642-b3db-5d2366f6e352,1773014137034108632,1773014137034108632
BACKTESTER-001,OracleStrategy-000,MESM6.GLBX,,,,,MARKET,SELL,1,GTC,False,False,0,NO_LIQUIDITY_SIDE,,,,NO_TRIGGER,INITIALIZED,NO_CONTINGENCY,,,,MY_GENERIC_ALGO,,O-20260308-235554-001-000-703,,c52f48c9-9711-4925-b028-7b775424b7d8,1773014154173732846,1773014154173732846
BACKTESTER-001,OracleStrategy-000,MESM6.GLBX,,,,,MARKET,BUY,1,GTC,False,False,0,NO_LIQUIDITY_SIDE,,,,NO_TRIGGER,INITIALIZED,NO_CONTINGENCY,,,,MY_GENERIC_ALGO,,O-20260308-235556-001-000-704,,fc7fe368-590d-4edd-8508-fdbd1a6e7358,1773014156626573683,1773014156626573683
BACKTESTER-001,OracleStrategy-000,MESM6.GLBX,,,,,MARKET,SELL,1,GTC,False,False,0,NO_LIQUIDITY_SIDE,,,,NO_TRIGGER,INITIALIZED,NO_CONTINGENCY,,,,MY_GENERIC_ALGO,,O-20260308-235600-001-000-705,,26d922cb-0381-4ab7-91e6-c46cf8256139,1773014160177749226,1773014160177749226
BACKTESTER-001,OracleStrategy-000,MESM6.GLBX,,,,,MARKET,BUY,1,GTC,False,False,0,NO_LIQUIDITY_SIDE,,,,NO_TRIGGER,INITIALIZED,NO_CONTINGENCY,,,,MY_GENERIC_ALGO,,O-20260308-235606-001-000-706,,4cf2779f-29dd-4218-a358-27151146304d,1773014166405854639,1773014166405854639
BACKTESTER-001,OracleStrategy-000,MESM6.GLBX,,,,,MARKET,BUY,1,GTC,False,False,0,NO_LIQUIDITY_SIDE,,,,NO_TRIGGER,INITIALIZED,NO_CONTINGENCY,,,,MY_GENERIC_ALGO,,O-20260308-235614-001-000-707,,767c69ea-28e1-4664-8741-a2c7d675037a,1773014174290258741,1773014174290258741
BACKTESTER-001,OracleStrategy-000,MESM6.GLBX,,,,,MARKET,BUY,1,GTC,False,False,0,NO_LIQUIDITY_SIDE,,,,NO_TRIGGER,INITIALIZED,NO_CONTINGENCY,,,,MY_GENERIC_ALGO,,O-20260308-235618-001-000-708,,7ee7714b-0988-4255-95dc-19f6aad11f2d,1773014178578804485,1773014178578804485
BACKTESTER-001,OracleStrategy-000,MESM6.GLBX,,,,,MARKET,SELL,1,GTC,False,False,0,NO_LIQUIDITY_SIDE,,,,NO_TRIGGER,INITIALIZED,NO_CONTINGENCY,,,,MY_GENERIC_ALGO,,O-20260308-235635-001-000-709,,3beac017-cbde-4f19-abb3-30a5c2315c20,1773014195756376698,1773014195756376698
BACKTESTER-001,OracleStrategy-000,MESM6.GLBX,,,,,MARKET,SELL,1,GTC,False,False,0,NO_LIQUIDITY_SIDE,,,,NO_TRIGGER,INITIALIZED,NO_CONTINGENCY,,,,MY_GENERIC_ALGO,,O-20260308-235647-001-000-710,,6cde74ef-3997-42e6-bcb4-2166a62d551d,1773014207365755357,1773014207365755357
BACKTESTER-001,OracleStrategy-000,MESM6.GLBX,,,,,MARKET,SELL,1,GTC,False,False,0,NO_LIQUIDITY_SIDE,,,,NO_TRIGGER,INITIALIZED,NO_CONTINGENCY,,,,MY_GENERIC_ALGO,,O-20260308-235650-001-000-711,,992e4308-15d2-455c-bb78-7aab41bb9394,1773014210805288207,1773014210805288207
BACKTESTER-001,OracleStrategy-000,MESM6.GLBX,,,,,MARKET,BUY,1,GTC,False,False,0,NO_LIQUIDITY_SIDE,,,,NO_TRIGGER,INITIALIZED,NO_CONTINGENCY,,,,MY_GENERIC_ALGO,,O-20260308-235651-001-000-712,,f4685401-00b4-463d-944d-93a54f57685a,1773014211837816128,1773014211837816128
BACKTESTER-001,OracleStrategy-000,MESM6.GLBX,,,,,MARKET,SELL,1,GTC,False,False,0,NO_LIQUIDITY_SIDE,,,,NO_TRIGGER,INITIALIZED,NO_CONTINGENCY,,,,MY_GENERIC_ALGO,,O-20260308-235655-001-000-713,,3fe4f118-0809-4d7d-abdf-90aceec95802,1773014215388353920,1773014215388353920
BACKTESTER-001,OracleStrategy-000,MESM6.GLBX,,,,,MARKET,SELL,1,GTC,False,False,0,NO_LIQUIDITY_SIDE,,,,NO_TRIGGER,INITIALIZED,NO_CONTINGENCY,,,,MY_GENERIC_ALGO,,O-20260308-235702-001-000-714,,6342efcd-93c0-4468-959b-16589797688e,1773014222590529125,1773014222590529125
BACKTESTER-001,OracleStrategy-000,MESM6.GLBX,,,,,MARKET,SELL,1,GTC,False,False,0,NO_LIQUIDITY_SIDE,,,,NO_TRIGGER,INITIALIZED,NO_CONTINGENCY,,,,MY_GENERIC_ALGO,,O-20260308-235705-001-000-715,,f7022438-2d8e-4b7f-b78a-20831c5bd95d,1773014225932012089,1773014225932012089
BACKTESTER-001,OracleStrategy-000,MESM6.GLBX,,,,,MARKET,SELL,1,GTC,False,False,0,NO_LIQUIDITY_SIDE,,,,NO_TRIGGER,INITIALIZED,NO_CONTINGENCY,,,,MY_GENERIC_ALGO,,O-20260308-235710-001-000-716,,4184c76f-4394-47b7-bd59-7cea0c2113d1,1773014230736597277,1773014230736597277
BACKTESTER-001,OracleStrategy-000,MESM6.GLBX,,,,,MARKET,SELL,1,GTC,False,False,0,NO_LIQUIDITY_SIDE,,,,NO_TRIGGER,INITIALIZED,NO_CONTINGENCY,,,,MY_GENERIC_ALGO,,O-20260308-235719-001-000-717,,86dbd015-61cb-4e84-a9f6-b30da7208525,1773014239354392722,1773014239354392722
BACKTESTER-001,OracleStrategy-000,MESM6.GLBX,,,,,MARKET,SELL,1,GTC,False,False,0,NO_LIQUIDITY_SIDE,,,,NO_TRIGGER,INITIALIZED,NO_CONTINGENCY,,,,MY_GENERIC_ALGO,,O-20260308-235723-001-000-718,,ab13cd13-b289-4211-b469-3d6e3480e55f,1773014243594227496,1773014243594227496
BACKTESTER-001,OracleStrategy-000,MESM6.GLBX,,,,,MARKET,SELL,1,GTC,False,False,0,NO_LIQUIDITY_SIDE,,,,NO_TRIGGER,INITIALIZED,NO_CONTINGENCY,,,,MY_GENERIC_ALGO,,O-20260308-235724-001-000-719,,ca7e864e-1b08-41e6-97fa-e6153081f08d,1773014244640775013,1773014244640775013
BACKTESTER-001,OracleStrategy-000,MESM6.GLBX,,,,,MARKET,SELL,1,GTC,False,False,0,NO_LIQUIDITY_SIDE,,,,NO_TRIGGER,INITIALIZED,NO_CONTINGENCY,,,,MY_GENERIC_ALGO,,O-20260308-235725-001-000-720,,97b144dd-52b5-4f1c-9a6d-6ede142157f6,1773014245745100507,1773014245745100507
BACKTESTER-001,OracleStrategy-000,MESM6.GLBX,,,,,MARKET,BUY,1,GTC,False,False,0,NO_LIQUIDITY_SIDE,,,,NO_TRIGGER,INITIALIZED,NO_CONTINGENCY,,,,MY_GENERIC_ALGO,,O-20260308-235726-001-000-721,,be53f34b-e5e4-47d3-b43b-58bc0ab5ae11,1773014246805891371,1773014246805891371
BACKTESTER-001,OracleStrategy-000,MESM6.GLBX,,,,,MARKET,SELL,1,GTC,False,False,0,NO_LIQUIDITY_SIDE,,,,NO_TRIGGER,INITIALIZED,NO_CONTINGENCY,,,,MY_GENERIC_ALGO,,O-20260308-235727-001-000-722,,7d492e6b-4741-4520-a855-28046aadb6f6,1773014247848523720,1773014247848523720
BACKTESTER-001,OracleStrategy-000,MESM6.GLBX,,,,,MARKET,BUY,1,GTC,False,False,0,NO_LIQUIDITY_SIDE,,,,NO_TRIGGER,INITIALIZED,NO_CONTINGENCY,,,,MY_GENERIC_ALGO,,O-20260308-235729-001-000-723,,2798a94a-e73d-4c53-9aba-8bb68bc466ac,1773014249954377366,1773014249954377366
BACKTESTER-001,OracleStrategy-000,MESM6.GLBX,,,,,MARKET,BUY,1,GTC,False,False,0,NO_LIQUIDITY_SIDE,,,,NO_TRIGGER,INITIALIZED,NO_CONTINGENCY,,,,MY_GENERIC_ALGO,,O-20260308-235732-001-000-724,,cbbee6d4-66db-4d5f-b538-caa3063c7b6a,1773014252567208360,1773014252567208360
BACKTESTER-001,OracleStrategy-000,MESM6.GLBX,,,,,MARKET,BUY,1,GTC,False,False,0,NO_LIQUIDITY_SIDE,,,,NO_TRIGGER,INITIALIZED,NO_CONTINGENCY,,,,MY_GENERIC_ALGO,,O-20260308-235734-001-000-725,,58cc8f5b-5858-471a-a8e6-a5186cd03c45,1773014254983373551,1773014254983373551
BACKTESTER-001,OracleStrategy-000,MESM6.GLBX,,,,,MARKET,BUY,1,GTC,False,False,0,NO_LIQUIDITY_SIDE,,,,NO_TRIGGER,INITIALIZED,NO_CONTINGENCY,,,,MY_GENERIC_ALGO,,O-20260308-235747-001-000-726,,9aad8f5b-de67-4795-9bb2-faeb3b03ab2e,1773014267659944264,1773014267659944264
BACKTESTER-001,OracleStrategy-000,MESM6.GLBX,,,,,MARKET,BUY,1,GTC,False,False,0,NO_LIQUIDITY_SIDE,,,,NO_TRIGGER,INITIALIZED,NO_CONTINGENCY,,,,MY_GENERIC_ALGO,,O-20260308-235753-001-000-727,,60292adc-501d-473e-8494-db69603f2f55,1773014273662264610,1773014273662264610
BACKTESTER-001,OracleStrategy-000,MESM6.GLBX,,,,,MARKET,BUY,1,GTC,False,False,0,NO_LIQUIDITY_SIDE,,,,NO_TRIGGER,INITIALIZED,NO_CONTINGENCY,,,,MY_GENERIC_ALGO,,O-20260308-235755-001-000-728,,54b9a695-9ef5-4b26-8392-c5a0b3a08064,1773014275839912700,1773014275839912700
BACKTESTER-001,OracleStrategy-000,MESM6.GLBX,,,,,MARKET,BUY,1,GTC,False,False,0,NO_LIQUIDITY_SIDE,,,,NO_TRIGGER,INITIALIZED,NO_CONTINGENCY,,,,MY_GENERIC_ALGO,,O-20260308-235807-001-000-729,,d59dd4f1-9613-4baf-a91b-4ff1b9ea4a87,1773014287538786325,1773014287538786325
BACKTESTER-001,OracleStrategy-000,MESM6.GLBX,,,,,MARKET,SELL,1,GTC,False,False,0,NO_LIQUIDITY_SIDE,,,,NO_TRIGGER,INITIALIZED,NO_CONTINGENCY,,,,MY_GENERIC_ALGO,,O-20260308-235811-001-000-730,,e529280b-7a90-4276-a8d2-fba4fe9185b2,1773014291533932794,1773014291533932794
BACKTESTER-001,OracleStrategy-000,MESM6.GLBX,,,,,MARKET,BUY,1,GTC,False,False,0,NO_LIQUIDITY_SIDE,,,,NO_TRIGGER,INITIALIZED,NO_CONTINGENCY,,,,MY_GENERIC_ALGO,,O-20260308-235825-001-000-731,,dd76aacc-b63b-404d-8f90-7631d148c16a,1773014305164399455,1773014305164399455
BACKTESTER-001,OracleStrategy-000,MESM6.GLBX,,,,,MARKET,BUY,1,GTC,False,False,0,NO_LIQUIDITY_SIDE,,,,NO_TRIGGER,INITIALIZED,NO_CONTINGENCY,,,,MY_GENERIC_ALGO,,O-20260308-235833-001-000-732,,8cd5312b-cc39-4f8a-8944-dd3f9a2efeb3,1773014313488684423,1773014313488684423
BACKTESTER-001,OracleStrategy-000,MESM6.GLBX,,,,,MARKET,SELL,1,GTC,False,False,0,NO_LIQUIDITY_SIDE,,,,NO_TRIGGER,INITIALIZED,NO_CONTINGENCY,,,,MY_GENERIC_ALGO,,O-20260308-235844-001-000-733,,f2e0aebb-88c1-4642-9035-07f61ffee334,1773014324831609080,1773014324831609080
BACKTESTER-001,OracleStrategy-000,MESM6.GLBX,,,,,MARKET,BUY,1,GTC,False,False,0,NO_LIQUIDITY_SIDE,,,,NO_TRIGGER,INITIALIZED,NO_CONTINGENCY,,,,MY_GENERIC_ALGO,,O-20260308-235851-001-000-734,,cd659fc2-8de2-4172-a930-8be712a2e6bf,1773014331569842282,1773014331569842282
BACKTESTER-001,OracleStrategy-000,MESM6.GLBX,,,,,MARKET,SELL,1,GTC,False,False,0,NO_LIQUIDITY_SIDE,,,,NO_TRIGGER,INITIALIZED,NO_CONTINGENCY,,,,MY_GENERIC_ALGO,,O-20260308-235908-001-000-735,,e0ef62e3-9759-4e95-ae50-d7eb682c7434,1773014348204917370,1773014348204917370
BACKTESTER-001,OracleStrategy-000,MESM6.GLBX,,,,,MARKET,SELL,1,GTC,False,False,0,NO_LIQUIDITY_SIDE,,,,NO_TRIGGER,INITIALIZED,NO_CONTINGENCY,,,,MY_GENERIC_ALGO,,O-20260308-235917-001-000-736,,6f5e7815-1993-4dd8-a0dc-2d7955899b6b,1773014357573229253,1773014357573229253
