{
  "starting_balance": 1000000.0,
  "final_equity": 1002252.0,
  "total_return_pct": 0.2252,
  "realized_pnl": 2252.0,
  "max_drawdown_pct": -0.00037421181636178796,
  "sharpe_ratio": 346.08092410409114,
  "trade_count": 947,
  "winners": 814,
  "losers": 88,
  "win_rate": 0.8595564941921858,
  "long_count": 474,
  "short_count": 473,
  "order_count": 1945,
  "fill_count": 1894,
  "total_commissions": 0.0,
  "mean_slippage": 0.0,
  "max_abs_slippage": 0.0
}