trader_id,strategy_id,instrument_id,venue_order_id,position_id,account_id,last_trade_id,type,side,quantity,time_in_force,is_reduce_only,is_quote_quantity,filled_qty,liquidity_side,avg_px,slippage,commissions,emulation_trigger,status,contingency_type,order_list_id,linked_order_ids,parent_order_id,exec_algorithm_id,exec_algorithm_params,exec_spawn_id,tags,init_id,ts_init,ts_last
BACKTESTER-001,OracleStrategy-000,MESM6.GLBX,GLBX-1-001,MESM6.GLBX-OracleStrategy-000,GLBX-001,GLBX-1-001,MARKET,SELL,1,GTC,False,False,1,TAKER,6677.75,0.0,['0.00 USD'],NO_TRIGGER,FILLED,NO_CONTINGENCY,,,,MY_GENERIC_ALGO,,O-20260309-000001-001-000-1,,ce06f386-b90b-4d44-b50e-b952feed2306,2026-03-09 00:00:01.282957928+00:00,2026-03-09 00:00:01.282957928+00:00
BACKTESTER-001,OracleStrategy-000,MESM6.GLBX,GLBX-1-002,MESM6.GLBX-OracleStrategy-000,GLBX-001,GLBX-1-002,MARKET,BUY,1,GTC,True,False,1,TAKER,6678.0,0.0,['0.00 USD'],NO_TRIGGER,FILLED,NO_CONTINGENCY,,,,MY_GENERIC_ALGO,,O-20260309-000015-001-000-2,,00a898c7-b2db-4b41-be91-41813c25dab1,2026-03-09 00:00:15.280431115+00:00,2026-03-09 00:00:15.280431115+00:00
BACKTESTER-001,OracleStrategy-000,MESM6.GLBX,GLBX-1-003,MESM6.GLBX-OracleStrategy-000,GLBX-001,GLBX-1-003,MARKET,BUY,1,GTC,False,False,1,TAKER,6678.0,0.0,['0.00 USD'],NO_TRIGGER,FILLED,NO_CONTINGENCY,,,,MY_GENERIC_ALGO,,O-20260309-000015-001-000-3,,deba2278-2cb5-4b37-8753-22c31fc1be35,2026-03-09 00:00:15.280431115+00:00,2026-03-09 00:00:15.280431115+00:00
BACKTESTER-001,OracleStrategy-000,MESM6.GLBX,GLBX-1-004,MESM6.GLBX-OracleStrategy-000,GLBX-001,GLBX-1-004,MARKET,SELL,1,GTC,True,False,1,TAKER,6678.75,0.0,['0.00 USD'],NO_TRIGGER,FILLED,NO_CONTINGENCY,,,,MY_GENERIC_ALGO,,O-20260309-000023-001-000-4,,9260427b-6bc6-42d6-99d8-50b84095760f,2026-03-09 00:00:23.440074335+00:00,2026-03-09 00:00:23.440074335+00:00
BACKTESTER-001,OracleStrategy-000,MESM6.GLBX,GLBX-1-005,MESM6.GLBX-OracleStrategy-000,GLBX-001,GLBX-1-005,MARKET,SELL,1,GTC,False,False,1,TAKER,6678.75,0.0,['0.00 USD'],NO_TRIGGER,FILLED,NO_CONTINGENCY,,,,MY_GENERIC_ALGO,,O-20260309-000023-001-000-5,,ee6f9a79-d55c-4d71-940e-d2d99abd65fd,2026-03-09 00:00:23.440074335+00:00,2026-03-09 00:00:23.440074335+00:00
BACKTESTER-001,OracleStrategy-000,MESM6.GLBX,GLBX-1-006,MESM6.GLBX-OracleStrategy-000,GLBX-001,GLBX-1-006,MARKET,BUY,1,GTC,True,False,1,TAKER,6677.0,0.0,['0.00 USD'],NO_TRIGGER,FILLED,NO_CONTINGENCY,,,,MY_GENERIC_ALGO,,O-20260309-000126-001-000-6,,2e59bab7-30e0-45a3-b737-755371511f9f,2026-03-09 00:01:26.476917741+00:00,2026-03-09 00:01:26.476917741+00:00
BACKTESTER-001,OracleStrategy-000,MESM6.GLBX,GLBX-1-007,MESM6.GLBX-OracleStrategy-000,GLBX-001,GLBX-1-007,MARKET,BUY,1,GTC,False,False,1,TAKER,6677.0,0.0,['0.00 USD'],NO_TRIGGER,FILLED,NO_CONTINGENCY,,,,MY_GENERIC_ALGO,,O-20260309-000126-001-000-7,,212c9e54-7f6e-45fa-a686-1eee7007b11b,2026-03-09 00:01:26.476917741+00:00,2026-03-09 00:01:26.476917741+00:00
BACKTESTER-001,OracleStrategy-000,MESM6.GLBX,GLBX-1-008,MESM6.GLBX-OracleStrategy-000,GLBX-001,GLBX-1-008,MARKET,SELL,1,GTC,True,False,1,TAKER,6676.5,0.0,['0.00 USD'],NO_TRIGGER,FILLED,NO_CONTINGENCY,,,,MY_GENERIC_ALGO,,O-20260309-000128-001-000-8,,da3a2f31-4423-4e0a-a1f7-b3562393f980,2026-03-09 00:01:28.225630272+00:00,2026-03-09 00:01:28.225630272+00:00
BACKTESTER-001,OracleStrategy-000,MESM6.GLBX,GLBX-1-009,MESM6.GLBX-OracleStrategy-000,GLBX-001,GLBX-1-009,MARKET,SELL,1,GTC,False,False,1,TAKER,6676.5,0.0,['0.00 USD'],NO_TRIGGER,FILLED,NO_CONTINGENCY,,,,MY_GENERIC_ALGO,,O-20260309-000128-001-000-9,,6a804025-0dab-49d3-9c2d-a0f20126e139,2026-03-09 00:01:28.225630272+00:00,2026-03-09 00:01:28.225630272+00:00
BACKTESTER-001,OracleStrategy-000,MESM6.GLBX,GLBX-1-010,MESM6.GLBX-OracleStrategy-000,GLBX-001,GLBX-1-010,MARKET,BUY,1,GTC,True,False,1,TAKER,6676.25,0.0,['0.00 USD'],NO_TRIGGER,FILLED,NO_CONTINGENCY,,,,MY_GENERIC_ALGO,,O-20260309-000141-001-000-10,,430971d7-de03-4ccc-be54-4b8e4aec2f9b,2026-03-09 00:01:41.237044098+00:00,2026-03-09 00:01:41.237044098+00:00
BACKTESTER-001,OracleStrategy-000,MESM6.GLBX,GLBX-1-011,MESM6.GLBX-OracleStrategy-000,GLBX-001,GLBX-1-011,MARKET,BUY,1,GTC,False,False,1,TAKER,6676.25,0.0,['0.00 USD'],NO_TRIGGER,FILLED,NO_CONTINGENCY,,,,MY_GENERIC_ALGO,,O-20260309-000141-001-000-11,,bbebe6ac-9c0d-4318-a020-ad081a7e30de,2026-03-09 00:01:41.237044098+00:00,2026-03-09 00:01:41.237044098+00:00
BACKTESTER-001,OracleStrategy-000,MESM6.GLBX,GLBX-1-012,MESM6.GLBX-OracleStrategy-000,GLBX-001,GLBX-1-012,MARKET,SELL,1,GTC,True,False,1,TAKER,6676.75,0.0,['0.00 USD'],NO_TRIGGER,FILLED,NO_CONTINGENCY,,,,MY_GENERIC_ALGO,,O-20260309-000227-001-000-12,,6bbeef3e-8f0d-44f1-896c-ca0ddaa4100f,2026-03-09 00:02:27.540805323+00:00,2026-03-09 00:02:27.540805323+00:00
BACKTESTER-001,OracleStrategy-000,MESM6.GLBX,GLBX-1-013,MESM6.GLBX-OracleStrategy-000,GLBX-001,GLBX-1-013,MARKET,SELL,1,GTC,False,False,1,TAKER,6676.75,0.0,['0.00 USD'],NO_TRIGGER,FILLED,NO_CONTINGENCY,,,,MY_GENERIC_ALGO,,O-20260309-000227-001-000-13,,0fe733b8-0871-45eb-92b6-a15c9d425701,2026-03-09 00:02:27.540805323+00:00,2026-03-09 00:02:27.540805323+00:00
BACKTESTER-001,OracleStrategy-000,MESM6.GLBX,GLBX-1-014,MESM6.GLBX-OracleStrategy-000,GLBX-001,GLBX-1-014,MARKET,BUY,1,GTC,True,False,1,TAKER,6677.0,0.0,['0.00 USD'],NO_TRIGGER,FILLED,NO_CONTINGENCY,,,,MY_GENERIC_ALGO,,O-20260309-000343-001-000-14,,ccf7c9d1-77a9-47fb-9c4b-148f4144d394,2026-03-09 00:03:43.224518320+00:00,2026-03-09 00:03:43.224518320+00:00
BACKTESTER-001,OracleStrategy-000,MESM6.GLBX,GLBX-1-015,MESM6.GLBX-OracleStrategy-000,GLBX-001,GLBX-1-015,MARKET,BUY,1,GTC,False,False,1,TAKER,6677.0,0.0,['0.00 USD'],NO_TRIGGER,FILLED,NO_CONTINGENCY,,,,MY_GENERIC_ALGO,,O-20260309-000343-001-000-15,,cfdcbc1b-2026-4de2-990d-d317981a17a7,2026-03-09 00:03:43.224518320+00:00,2026-03-09 00:03:43.224518320+00:00
BACKTESTER-001,OracleStrategy-000,MESM6.GLBX,GLBX-1-016,MESM6.GLBX-OracleStrategy-000,GLBX-001,GLBX-1-016,MARKET,SELL,1,GTC,True,False,1,TAKER,6682.0,0.0,['0.00 USD'],NO_TRIGGER,FILLED,NO_CONTINGENCY,,,,MY_GENERIC_ALGO,,O-20260309-000503-001-000-16,,de42a546-dde2-4069-89e1-493ff6ce5f7f,2026-03-09 00:05:03.746989403+00:00,2026-03-09 00:05:03.746989403+00:00
BACKTESTER-001,OracleStrategy-000,MESM6.GLBX,GLBX-1-017,MESM6.GLBX-OracleStrategy-000,GLBX-001,GLBX-1-017,MARKET,SELL,1,GTC,False,False,1,TAKER,6682.0,0.0,['0.00 USD'],NO_TRIGGER,FILLED,NO_CONTINGENCY,,,,MY_GENERIC_ALGO,,O-20260309-000503-001-000-17,,20966803-1f8a-4de7-b1d7-fd07a25a2b6f,2026-03-09 00:05:03.746989403+00:00,2026-03-09 00:05:03.746989403+00:00
BACKTESTER-001,OracleStrategy-000,MESM6.GLBX,GLBX-1-018,MESM6.GLBX-OracleStrategy-000,GLBX-001,GLBX-1-018,MARKET,BUY,1,GTC,True,False,1,TAKER,6681.75,0.0,['0.00 USD'],NO_TRIGGER,FILLED,NO_CONTINGENCY,,,,MY_GENERIC_ALGO,,O-20260309-000505-001-000-18,,44438dfd-e173-4d1c-9daf-14d5d77df016,2026-03-09 00:05:05.935969527+00:00,2026-03-09 00:05:05.935969527+00:00
BACKTESTER-001,OracleStrategy-000,MESM6.GLBX,GLBX-1-019,MESM6.GLBX-OracleStrategy-000,GLBX-001,GLBX-1-019,MARKET,BUY,1,GTC,False,False,1,TAKER,6681.75,0.0,['0.00 USD'],NO_TRIGGER,FILLED,NO_CONTINGENCY,,,,MY_GENERIC_ALGO,,O-20260309-000505-001-000-19,,de8856b6-270d-4175-aaeb-94b2145e3532,2026-03-09 00:05:05.935969527+00:00,2026-03-09 00:05:05.935969527+00:00
BACKTESTER-001,OracleStrategy-000,MESM6.GLBX,GLBX-1-020,MESM6.GLBX-OracleStrategy-000,GLBX-001,GLBX-1-020,MARKET,SELL,1,GTC,True,False,1,TAKER,6686.0,0.0,['0.00 USD'],NO_TRIGGER,FILLED,NO_CONTINGENCY,,,,MY_GENERIC_ALGO,,O-20260309-000545-001-000-20,,19d30397-9847-483f-9a68-7b6d95c02e25,2026-03-09 00:05:45.509657584+00:00,2026-03-09 00:05:45.509657584+00:00
BACKTESTER-001,OracleStrategy-000,MESM6.GLBX,GLBX-1-021,MESM6.GLBX-OracleStrategy-000,GLBX-001,GLBX-1-021,MARKET,SELL,1,GTC,False,False,1,TAKER,6686.0,0.0,['0.00 USD'],NO_TRIGGER,FILLED,NO_CONTINGENCY,,,,MY_GENERIC_ALGO,,O-20260309-000545-001-000-21,,d2ddc65c-f847-4c87-bc92-3debb6b593bf,2026-03-09 00:05:45.509657584+00:00,2026-03-09 00:05:45.509657584+00:00
BACKTESTER-001,OracleStrategy-000,MESM6.GLBX,GLBX-1-022,MESM6.GLBX-OracleStrategy-000,GLBX-001,GLBX-1-022,MARKET,BUY,1,GTC,True,False,1,TAKER,6685.0,0.0,['0.00 USD'],NO_TRIGGER,FILLED,NO_CONTINGENCY,,,,MY_GENERIC_ALGO,,O-20260309-000546-001-000-22,,50bf8580-98e5-41a6-a018-9af40e49758f,2026-03-09 00:05:46.573621017+00:00,2026-03-09 00:05:46.573621017+00:00
BACKTESTER-001,OracleStrategy-000,MESM6.GLBX,GLBX-1-023,MESM6.GLBX-OracleStrategy-000,GLBX-001,GLBX-1-023,MARKET,BUY,1,GTC,False,False,1,TAKER,6685.0,0.0,['0.00 USD'],NO_TRIGGER,FILLED,NO_CONTINGENCY,,,,MY_GENERIC_ALGO,,O-20260309-000546-001-000-23,,1673ddc4-442e-4371-be27-91152cb6ec92,2026-03-09 00:05:46.573621017+00:00,2026-03-09 00:05:46.573621017+00:00
BACKTESTER-001,OracleStrategy-000,MESM6.GLBX,GLBX-1-024,MESM6.GLBX-OracleStrategy-000,GLBX-001,GLBX-1-024,MARKET,SELL,1,GTC,True,False,1,TAKER,6686.25,0.0,['0.00 USD'],NO_TRIGGER,FILLED,NO_CONTINGENCY,,,,MY_GENERIC_ALGO,,O-20260309-000601-001-000-24,,a3b9949e-b2d4-435f-8839-8d5bd4469266,2026-03-09 00:06:01.445235672+00:00,2026-03-09 00:06:01.445235672+00:00
BACKTESTER-001,OracleStrategy-000,MESM6.GLBX,GLBX-1-025,MESM6.GLBX-OracleStrategy-000,GLBX-001,GLBX-1-025,MARKET,SELL,1,GTC,False,False,1,TAKER,6686.25,0.0,['0.00 USD'],NO_TRIGGER,FILLED,NO_CONTINGENCY,,,,MY_GENERIC_ALGO,,O-20260309-000601-001-000-25,,d4285327-33d9-4150-b16b-23e64b33904f,2026-03-09 00:06:01.445235672+00:00,2026-03-09 00:06:01.445235672+00:00
BACKTESTER-001,OracleStrategy-000,MESM6.GLBX,GLBX-1-026,MESM6.GLBX-OracleStrategy-000,GLBX-001,GLBX-1-026,MARKET,BUY,1,GTC,True,False,1,TAKER,6683.0,0.0,['0.00 USD'],NO_TRIGGER,FILLED,NO_CONTINGENCY,,,,MY_GENERIC_ALGO,,O-20260309-000638-001-000-26,,c53b6acb-c4f0-4d32-b2c2-bc94163c52b1,2026-03-09 00:06:38.060991506+00:00,2026-03-09 00:06:38.060991506+00:00
BACKTESTER-001,OracleStrategy-000,MESM6.GLBX,GLBX-1-027,MESM6.GLBX-OracleStrategy-000,GLBX-001,GLBX-1-027,MARKET,BUY,1,GTC,False,False,1,TAKER,6683.0,0.0,['0.00 USD'],NO_TRIGGER,FILLED,NO_CONTINGENCY,,,,MY_GENERIC_ALGO,,O-20260309-000638-001-000-27,,280db820-e89a-4715-a62a-b12f62642392,2026-03-09 00:06:38.060991506+00:00,2026-03-09 00:06:38.060991506+00:00
BACKTESTER-001,OracleStrategy-000,MESM6.GLBX,GLBX-1-028,MESM6.GLBX-OracleStrategy-000,GLBX-001,GLBX-1-028,MARKET,SELL,1,GTC,True,False,1,TAKER,6680.75,0.0,['0.00 USD'],NO_TRIGGER,FILLED,NO_CONTINGENCY,,,,MY_GENERIC_ALGO,,O-20260309-000735-001-000-28,,e21a44c4-cba4-4132-9be5-3a125fb68983,2026-03-09 00:07:35.004768101+00:00,2026-03-09 00:07:35.004768101+00:00
BACKTESTER-001,OracleStrategy-000,MESM6.GLBX,GLBX-1-029,MESM6.GLBX-OracleStrategy-000,GLBX-001,GLBX-1-029,MARKET,BUY,1,GTC,False,False,1,TAKER,6684.5,0.0,['0.00 USD'],NO_TRIGGER,FILLED,NO_CONTINGENCY,,,,MY_GENERIC_ALGO,,O-20260309-000845-001-000-37,,34fa4c25-c3d3-4989-8590-dd1743fdaf3c,2026-03-09 00:08:45.509813810+00:00,2026-03-09 00:08:45.509813810+00:00
BACKTESTER-001,OracleStrategy-000,MESM6.GLBX,GLBX-1-030,MESM6.GLBX-OracleStrategy-000,GLBX-001,GLBX-1-030,MARKET,SELL,1,GTC,True,False,1,TAKER,6682.5,0.0,['0.00 USD'],NO_TRIGGER,FILLED,NO_CONTINGENCY,,,,MY_GENERIC_ALGO,,O-20260309-000940-001-000-38,,907bdb74-e58a-415f-9300-18e5019aa19d,2026-03-09 00:09:40.183983763+00:00,2026-03-09 00:09:40.183983763+00:00
BACKTESTER-001,OracleStrategy-000,MESM6.GLBX,GLBX-1-031,MESM6.GLBX-OracleStrategy-000,GLBX-001,GLBX-1-031,MARKET,SELL,1,GTC,False,False,1,TAKER,6682.5,0.0,['0.00 USD'],NO_TRIGGER,FILLED,NO_CONTINGENCY,,,,MY_GENERIC_ALGO,,O-20260309-000940-001-000-39,,e57f9fe4-f5ed-4350-b641-e3ba817f711e,2026-03-09 00:09:40.183983763+00:00,2026-03-09 00:09:40.183983763+00:00
BACKTESTER-001,OracleStrategy-000,MESM6.GLBX,GLBX-1-032,MESM6.GLBX-OracleStrategy-000,GLBX-001,GLBX-1-032,MARKET,BUY,1,GTC,True,False,1,TAKER,6685.0,0.0,['0.00 USD'],NO_TRIGGER,FILLED,NO_CONTINGENCY,,,,MY_GENERIC_ALGO,,O-20260309-001023-001-000-40,,fe3ce3f1-b8f6-453e-a31d-2a4140749231,2026-03-09 00:10:23.658696882+00:00,2026-03-09 00:10:23.658696882+00:00
BACKTESTER-001,OracleStrategy-000,MESM6.GLBX,GLBX-1-033,MESM6.GLBX-OracleStrategy-000,GLBX-001,GLBX-1-033,MARKET,BUY,1,GTC,False,False,1,TAKER,6685.0,0.0,['0.00 USD'],NO_TRIGGER,FILLED,NO_CONTINGENCY,,,,MY_GENERIC_ALGO,,O-20260309-001023-001-000-41,,1582921c-6a68-48ce-9056-68e6eb26768f,2026-03-09 00:10:23.658696882+00:00,2026-03-09 00:10:23.658696882+00:00
BACKTESTER-001,OracleStrategy-000,MESM6.GLBX,GLBX-1-034,MESM6.GLBX-OracleStrategy-000,GLBX-001,GLBX-1-034,MARKET,SELL,1,GTC,True,False,1,TAKER,6687.0,0.0,['0.00 USD'],NO_TRIGGER,FILLED,NO_CONTINGENCY,,,,MY_GENERIC_ALGO,,O-20260309-001101-001-000-42,,18c0a507-8a01-4b42-9b13-e1ef920191e7,2026-03-09 00:11:01.349504690+00:00,2026-03-09 00:11:01.349504690+00:00
BACKTESTER-001,OracleStrategy-000,MESM6.GLBX,GLBX-1-035,MESM6.GLBX-OracleStrategy-000,GLBX-001,GLBX-1-035,MARKET,SELL,1,GTC,False,False,1,TAKER,6687.0,0.0,['0.00 USD'],NO_TRIGGER,FILLED,NO_CONTINGENCY,,,,MY_GENERIC_ALGO,,O-20260309-001101-001-000-43,,7c20888a-70fc-4247-a626-81790a662f10,2026-03-09 00:11:01.349504690+00:00,2026-03-09 00:11:01.349504690+00:00
BACKTESTER-001,OracleStrategy-000,MESM6.GLBX,GLBX-1-036,MESM6.GLBX-OracleStrategy-000,GLBX-001,GLBX-1-036,MARKET,BUY,1,GTC,True,False,1,TAKER,6684.25,0.0,['0.00 USD'],NO_TRIGGER,FILLED,NO_CONTINGENCY,,,,MY_GENERIC_ALGO,,O-20260309-001151-001-000-44,,b8409a35-b2fc-4d14-9bbc-ef8d0264662e,2026-03-09 00:11:51.945340235+00:00,2026-03-09 00:11:51.945340235+00:00
BACKTESTER-001,OracleStrategy-000,MESM6.GLBX,GLBX-1-037,MESM6.GLBX-OracleStrategy-000,GLBX-001,GLBX-1-037,MARKET,BUY,1,GTC,False,False,1,TAKER,6684.25,0.0,['0.00 USD'],NO_TRIGGER,FILLED,NO_CONTINGENCY,,,,MY_GENERIC_ALGO,,O-20260309-001151-001-000-45,,c765655e-2588-4a75-9b95-818ab2d73c9e,2026-03-09 00:11:51.945340235+00:00,2026-03-09 00:11:51.945340235+00:00
BACKTESTER-001,OracleStrategy-000,MESM6.GLBX,GLBX-1-038,MESM6.GLBX-OracleStrategy-000,GLBX-001,GLBX-1-038,MARKET,SELL,1,GTC,True,False,1,TAKER,6682.5,0.0,['0.00 USD'],NO_TRIGGER,FILLED,NO_CONTINGENCY,,,,MY_GENERIC_ALGO,,O-20260309-001212-001-000-46,,1840b3ec-ce8d-473f-a139-8c011119249b,2026-03-09 00:12:12.090070414+00:00,2026-03-09 00:12:12.090070414+00:00
BACKTESTER-001,OracleStrategy-000,MESM6.GLBX,GLBX-1-039,MESM6.GLBX-OracleStrategy-000,GLBX-001,GLBX-1-039,MARKET,SELL,1,GTC,False,False,1,TAKER,6683.0,0.0,['0.00 USD'],NO_TRIGGER,FILLED,NO_CONTINGENCY,,,,MY_GENERIC_ALGO,,O-20260309-003611-001-000-161,,7d7bc3db-7273-44ff-afaf-be14460ae4ea,2026-03-09 00:36:11.413861594+00:00,2026-03-09 00:36:11.413861594+00:00
BACKTESTER-001,OracleStrategy-000,MESM6.GLBX,GLBX-1-040,MESM6.GLBX-OracleStrategy-000,GLBX-001,GLBX-1-040,MARKET,BUY,1,GTC,True,False,1,TAKER,6682.5,0.0,['0.00 USD'],NO_TRIGGER,FILLED,NO_CONTINGENCY,,,,MY_GENERIC_ALGO,,O-20260309-003626-001-000-162,,60d9aa09-85b3-4e79-9b5d-cda794324e10,2026-03-09 00:36:26.886871495+00:00,2026-03-09 00:36:26.886871495+00:00
BACKTESTER-001,OracleStrategy-000,MESM6.GLBX,GLBX-1-041,MESM6.GLBX-OracleStrategy-000,GLBX-001,GLBX-1-041,MARKET,BUY,1,GTC,False,False,1,TAKER,6682.5,0.0,['0.00 USD'],NO_TRIGGER,FILLED,NO_CONTINGENCY,,,,MY_GENERIC_ALGO,,O-20260309-003626-001-000-163,,0676e1f4-4266-4363-b961-8e9b0fd0afcc,2026-03-09 00:36:26.886871495+00:00,2026-03-09 00:36:26.886871495+00:00
BACKTESTER-001,OracleStrategy-000,MESM6.GLBX,GLBX-1-042,MESM6.GLBX-OracleStrategy-000,GLBX-001,GLBX-1-042,MARKET,SELL,1,GTC,True,False,1,TAKER,6680.75,0.0,['0.00 USD'],NO_TRIGGER,FILLED,NO_CONTINGENCY,,,,MY_GENERIC_ALGO,,O-20260309-003711-001-000-164,,643e1edb-1902-4052-b680-854c99b4e659,2026-03-09 00:37:11.310558615+00:00,2026-03-09 00:37:11.310558615+00:00
BACKTESTER-001,OracleStrategy-000,MESM6.GLBX,GLBX-1-043,MESM6.GLBX-OracleStrategy-000,GLBX-001,GLBX-1-043,MARKET,SELL,1,GTC,False,False,1,TAKER,6680.75,0.0,['0.00 USD'],NO_TRIGGER,FILLED,NO_CONTINGENCY,,,,MY_GENERIC_ALGO,,O-20260309-003711-001-000-165,,fedeb265-3883-4f86-82ac-45e822924ba8,2026-03-09 00:37:11.310558615+00:00,2026-03-09 00:37:11.310558615+00:00
BACKTESTER-001,OracleStrategy-000,MESM6.GLBX,GLBX-1-044,MESM6.GLBX-OracleStrategy-000,GLBX-001,GLBX-1-044,MARKET,BUY,1,GTC,True,False,1,TAKER,6679.25,0.0,['0.00 USD'],NO_TRIGGER,FILLED,NO_CONTINGENCY,,,,MY_GENERIC_ALGO,,O-20260309-003743-001-000-166,,b3dbc370-9d35-4417-acc7-d7b4b22f1d8b,2026-03-09 00:37:43.656868586+00:00,2026-03-09 00:37:43.656868586+00:00
BACKTESTER-001,OracleStrategy-000,MESM6.GLBX,GLBX-1-045,MESM6.GLBX-OracleStrategy-000,GLBX-001,GLBX-1-045,MARKET,BUY,1,GTC,False,False,1,TAKER,6679.25,0.0,['0.00 USD'],NO_TRIGGER,FILLED,NO_CONTINGENCY,,,,MY_GENERIC_ALGO,,O-20260309-003743-001-000-167,,8a5f5d16-37bc-45b0-b044-5853e89c7f7d,2026-03-09 00:37:43.656868586+00:00,2026-03-09 00:37:43.656868586+00:00
BACKTESTER-001,OracleStrategy-000,MESM6.GLBX,GLBX-1-046,MESM6.GLBX-OracleStrategy-000,GLBX-001,GLBX-1-046,MARKET,SELL,1,GTC,True,False,1,TAKER,6679.0,0.0,['0.00 USD'],NO_TRIGGER,FILLED,NO_CONTINGENCY,,,,MY_GENERIC_ALGO,,O-20260309-003758-001-000-168,,438a2ca2-c272-479e-90b1-310b6edd776b,2026-03-09 00:37:58.742116319+00:00,2026-03-09 00:37:58.742116319+00:00
BACKTESTER-001,OracleStrategy-000,MESM6.GLBX,GLBX-1-047,MESM6.GLBX-OracleStrategy-000,GLBX-001,GLBX-1-047,MARKET,SELL,1,GTC,False,False,1,TAKER,6679.0,0.0,['0.00 USD'],NO_TRIGGER,FILLED,NO_CONTINGENCY,,,,MY_GENERIC_ALGO,,O-20260309-003758-001-000-169,,9cc22d01-582d-48be-9bbe-4228c0358e8b,2026-03-09 00:37:58.742116319+00:00,2026-03-09 00:37:58.742116319+00:00
BACKTESTER-001,OracleStrategy-000,MESM6.GLBX,GLBX-1-048,MESM6.GLBX-OracleStrategy-000,GLBX-001,GLBX-1-048,MARKET,BUY,1,GTC,True,False,1,TAKER,6679.75,0.0,['0.00 USD'],NO_TRIGGER,FILLED,NO_CONTINGENCY,,,,MY_GENERIC_ALGO,,O-20260309-003804-001-000-170,,ecd4a064-a1ba-4c68-bb7c-583f78bcae64,2026-03-09 00:38:04.836679755+00:00,2026-03-09 00:38:04.836679755+00:00
BACKTESTER-001,OracleStrategy-000,MESM6.GLBX,GLBX-1-049,MESM6.GLBX-OracleStrategy-000,GLBX-001,GLBX-1-049,MARKET,BUY,1,GTC,False,False,1,TAKER,6679.75,0.0,['0.00 USD'],NO_TRIGGER,FILLED,NO_CONTINGENCY,,,,MY_GENERIC_ALGO,,O-20260309-003804-001-000-171,,6f2e3a3d-7b4f-482a-bef2-335a8b5020e9,2026-03-09 00:38:04.836679755+00:00,2026-03-09 00:38:04.836679755+00:00
BACKTESTER-001,OracleStrategy-000,MESM6.GLBX,GLBX-1-050,MESM6.GLBX-OracleStrategy-000,GLBX-001,GLBX-1-050,MARKET,SELL,1,GTC,True,False,1,TAKER,6678.75,0.0,['0.00 USD'],NO_TRIGGER,FILLED,NO_CONTINGENCY,,,,MY_GENERIC_ALGO,,O-20260309-003912-001-000-172,,561eaf87-81a9-4223-9dcd-a951902b720b,2026-03-09 00:39:12.182813091+00:00,2026-03-09 00:39:12.182813091+00:00
BACKTESTER-001,OracleStrategy-000,MESM6.GLBX,GLBX-1-051,MESM6.GLBX-OracleStrategy-000,GLBX-001,GLBX-1-051,MARKET,SELL,1,GTC,False,False,1,TAKER,6678.75,0.0,['0.00 USD'],NO_TRIGGER,FILLED,NO_CONTINGENCY,,,,MY_GENERIC_ALGO,,O-20260309-003912-001-000-173,,9cedc3ff-33df-42f2-86d0-8d6cd5fceb8e,2026-03-09 00:39:12.182813091+00:00,2026-03-09 00:39:12.182813091+00:00
BACKTESTER-001,OracleStrategy-000,MESM6.GLBX,GLBX-1-052,MESM6.GLBX-OracleStrategy-000,GLBX-001,GLBX-1-052,MARKET,BUY,1,GTC,True,False,1,TAKER,6675.25,0.0,['0.00 USD'],NO_TRIGGER,FILLED,NO_CONTINGENCY,,,,MY_GENERIC_ALGO,,O-20260309-003942-001-000-174,,9fed0698-983f-4fa5-98b8-1af5a61bee18,2026-03-09 00:39:42.719342408+00:00,2026-03-09 00:39:42.719342408+00:00
BACKTESTER-001,OracleStrategy-000,MESM6.GLBX,GLBX-1-053,MESM6.GLBX-OracleStrategy-000,GLBX-001,GLBX-1-053,MARKET,BUY,1,GTC,False,False,1,TAKER,6675.25,0.0,['0.00 USD'],NO_TRIGGER,FILLED,NO_CONTINGENCY,,,,MY_GENERIC_ALGO,,O-20260309-003942-001-000-175,,58af674a-fc8c-41f4-9708-e07743114a75,2026-03-09 00:39:42.719342408+00:00,2026-03-09 00:39:42.719342408+00:00
BACKTESTER-001,OracleStrategy-000,MESM6.GLBX,GLBX-1-054,MESM6.GLBX-OracleStrategy-000,GLBX-001,GLBX-1-054,MARKET,SELL,1,GTC,True,False,1,TAKER,6675.25,0.0,['0.00 USD'],NO_TRIGGER,FILLED,NO_CONTINGENCY,,,,MY_GENERIC_ALGO,,O-20260309-003959-001-000-176,,80aef996-1c36-44ee-9a05-320f1c029285,2026-03-09 00:39:59.885923302+00:00,2026-03-09 00:39:59.885923302+00:00
BACKTESTER-001,OracleStrategy-000,MESM6.GLBX,GLBX-1-055,MESM6.GLBX-OracleStrategy-000,GLBX-001,GLBX-1-055,MARKET,SELL,1,GTC,False,False,1,TAKER,6675.25,0.0,['0.00 USD'],NO_TRIGGER,FILLED,NO_CONTINGENCY,,,,MY_GENERIC_ALGO,,O-20260309-003959-001-000-177,,ad41f927-bfca-4a0e-a62d-17ca64e9c43a,2026-03-09 00:39:59.885923302+00:00,2026-03-09 00:39:59.885923302+00:00
BACKTESTER-001,OracleStrategy-000,MESM6.GLBX,GLBX-1-056,MESM6.GLBX-OracleStrategy-000,GLBX-001,GLBX-1-056,MARKET,BUY,1,GTC,True,False,1,TAKER,6675.0,0.0,['0.00 USD'],NO_TRIGGER,FILLED,NO_CONTINGENCY,,,,MY_GENERIC_ALGO,,O-20260309-004005-001-000-178,,8a05de7d-27a7-431f-9f31-862b897a3d7d,2026-03-09 00:40:05.239829183+00:00,2026-03-09 00:40:05.239829183+00:00
BACKTESTER-001,OracleStrategy-000,MESM6.GLBX,GLBX-1-057,MESM6.GLBX-OracleStrategy-000,GLBX-001,GLBX-1-057,MARKET,BUY,1,GTC,False,False,1,TAKER,6675.0,0.0,['0.00 USD'],NO_TRIGGER,FILLED,NO_CONTINGENCY,,,,MY_GENERIC_ALGO,,O-20260309-004005-001-000-179,,eff18d1e-74ca-4600-9f96-7238686df366,2026-03-09 00:40:05.239829183+00:00,2026-03-09 00:40:05.239829183+00:00
BACKTESTER-001,OracleStrategy-000,MESM6.GLBX,GLBX-1-058,MESM6.GLBX-OracleStrategy-000,GLBX-001,GLBX-1-058,MARKET,SELL,1,GTC,True,False,1,TAKER,6674.0,0.0,['0.00 USD'],NO_TRIGGER,FILLED,NO_CONTINGENCY,,,,MY_GENERIC_ALGO,,O-20260309-004024-001-000-180,,e90bbc51-abaf-4903-a141-0d7fa32405b9,2026-03-09 00:40:24.164004277+00:00,2026-03-09 00:40:24.164004277+00:00
BACKTESTER-001,OracleStrategy-000,MESM6.GLBX,GLBX-1-059,MESM6.GLBX-OracleStrategy-000,GLBX-001,GLBX-1-059,MARKET,SELL,1,GTC,False,False,1,TAKER,6674.0,0.0,['0.00 USD'],NO_TRIGGER,FILLED,NO_CONTINGENCY,,,,MY_GENERIC_ALGO,,O-20260309-004024-001-000-181,,6d9adeff-75f0-443b-89de-80a47389e3ce,2026-03-09 00:40:24.164004277+00:00,2026-03-09 00:40:24.164004277+00:00
BACKTESTER-001,OracleStrategy-000,MESM6.GLBX,GLBX-1-060,MESM6.GLBX-OracleStrategy-000,GLBX-001,GLBX-1-060,MARKET,BUY,1,GTC,True,False,1,TAKER,6673.0,0.0,['0.00 USD'],NO_TRIGGER,FILLED,NO_CONTINGENCY,,,,MY_GENERIC_ALGO,,O-20260309-004033-001-000-182,,afedfbed-e389-40e9-b8fd-679187595f2a,2026-03-09 00:40:33.502969191+00:00,2026-03-09 00:40:33.502969191+00:00
BACKTESTER-001,OracleStrategy-000,MESM6.GLBX,GLBX-1-061,MESM6.GLBX-OracleStrategy-000,GLBX-001,GLBX-1-061,MARKET,BUY,1,GTC,False,False,1,TAKER,6673.0,0.0,['0.00 USD'],NO_TRIGGER,FILLED,NO_CONTINGENCY,,,,MY_GENERIC_ALGO,,O-20260309-004033-001-000-183,,8c681c8f-a701-4722-8121-32e52b30b5f6,2026-03-09 00:40:33.502969191+00:00,2026-03-09 00:40:33.502969191+00:00
BACKTESTER-001,OracleStrategy-000,MESM6.GLBX,GLBX-1-062,MESM6.GLBX-OracleStrategy-000,GLBX-001,GLBX-1-062,MARKET,SELL,1,GTC,True,False,1,TAKER,6672.0,0.0,['0.00 USD'],NO_TRIGGER,FILLED,NO_CONTINGENCY,,,,MY_GENERIC_ALGO,,O-20260309-004042-001-000-184,,0f817a55-ae00-4132-aeb0-38fd7e5736d9,2026-03-09 00:40:42.903846216+00:00,2026-03-09 00:40:42.903846216+00:00
BACKTESTER-001,OracleStrategy-000,MESM6.GLBX,GLBX-1-063,MESM6.GLBX-OracleStrategy-000,GLBX-001,GLBX-1-063,MARKET,SELL,1,GTC,False,False,1,TAKER,6672.0,0.0,['0.00 USD'],NO_TRIGGER,FILLED,NO_CONTINGENCY,,,,MY_GENERIC_ALGO,,O-20260309-004042-001-000-185,,191f2dd5-2215-4ed7-8ea6-d88ee1510601,2026-03-09 00:40:42.903846216+00:00,2026-03-09 00:40:42.903846216+00:00
BACKTESTER-001,OracleStrategy-000,MESM6.GLBX,GLBX-1-064,MESM6.GLBX-OracleStrategy-000,GLBX-001,GLBX-1-064,MARKET,BUY,1,GTC,True,False,1,TAKER,6670.75,0.0,['0.00 USD'],NO_TRIGGER,FILLED,NO_CONTINGENCY,,,,MY_GENERIC_ALGO,,O-20260309-004234-001-000-186,,0a8b66d2-42f1-4e5c-9dc6-54bbb04f6bd7,2026-03-09 00:42:34.508592007+00:00,2026-03-09 00:42:34.508592007+00:00
BACKTESTER-001,OracleStrategy-000,MESM6.GLBX,GLBX-1-065,MESM6.GLBX-OracleStrategy-000,GLBX-001,GLBX-1-065,MARKET,BUY,1,GTC,False,False,1,TAKER,6670.75,0.0,['0.00 USD'],NO_TRIGGER,FILLED,NO_CONTINGENCY,,,,MY_GENERIC_ALGO,,O-20260309-004234-001-000-187,,b05e0905-013e-4734-80aa-7df3a82bd1d7,2026-03-09 00:42:34.508592007+00:00,2026-03-09 00:42:34.508592007+00:00
BACKTESTER-001,OracleStrategy-000,MESM6.GLBX,GLBX-1-066,MESM6.GLBX-OracleStrategy-000,GLBX-001,GLBX-1-066,MARKET,SELL,1,GTC,True,False,1,TAKER,6670.25,0.0,['0.00 USD'],NO_TRIGGER,FILLED,NO_CONTINGENCY,,,,MY_GENERIC_ALGO,,O-20260309-004244-001-000-188,,7941ec42-32cd-43ae-9797-f2dad0950de7,2026-03-09 00:42:44.018888314+00:00,2026-03-09 00:42:44.018888314+00:00
BACKTESTER-001,OracleStrategy-000,MESM6.GLBX,GLBX-1-067,MESM6.GLBX-OracleStrategy-000,GLBX-001,GLBX-1-067,MARKET,SELL,1,GTC,False,False,1,TAKER,6670.25,0.0,['0.00 USD'],NO_TRIGGER,FILLED,NO_CONTINGENCY,,,,MY_GENERIC_ALGO,,O-20260309-004244-001-000-189,,57affd85-888f-4dc6-8933-527890366d52,2026-03-09 00:42:44.018888314+00:00,2026-03-09 00:42:44.018888314+00:00
BACKTESTER-001,OracleStrategy-000,MESM6.GLBX,GLBX-1-068,MESM6.GLBX-OracleStrategy-000,GLBX-001,GLBX-1-068,MARKET,BUY,1,GTC,True,False,1,TAKER,6670.75,0.0,['0.00 USD'],NO_TRIGGER,FILLED,NO_CONTINGENCY,,,,MY_GENERIC_ALGO,,O-20260309-004255-001-000-190,,db818bde-d3c6-4d58-8095-068e05e354d9,2026-03-09 00:42:55.454066005+00:00,2026-03-09 00:42:55.454066005+00:00
BACKTESTER-001,OracleStrategy-000,MESM6.GLBX,GLBX-1-069,MESM6.GLBX-OracleStrategy-000,GLBX-001,GLBX-1-069,MARKET,BUY,1,GTC,False,False,1,TAKER,6670.75,0.0,['0.00 USD'],NO_TRIGGER,FILLED,NO_CONTINGENCY,,,,MY_GENERIC_ALGO,,O-20260309-004255-001-000-191,,d24f73bc-c5a6-4941-b010-4deae351506c,2026-03-09 00:42:55.454066005+00:00,2026-03-09 00:42:55.454066005+00:00
BACKTESTER-001,OracleStrategy-000,MESM6.GLBX,GLBX-1-070,MESM6.GLBX-OracleStrategy-000,GLBX-001,GLBX-1-070,MARKET,SELL,1,GTC,True,False,1,TAKER,6669.75,0.0,['0.00 USD'],NO_TRIGGER,FILLED,NO_CONTINGENCY,,,,MY_GENERIC_ALGO,,O-20260309-004303-001-000-192,,8886e034-cbfb-4ccf-8fdf-9c0e90a8be32,2026-03-09 00:43:03.416900427+00:00,2026-03-09 00:43:03.416900427+00:00
BACKTESTER-001,OracleStrategy-000,MESM6.GLBX,GLBX-1-071,MESM6.GLBX-OracleStrategy-000,GLBX-001,GLBX-1-071,MARKET,SELL,1,GTC,False,False,1,TAKER,6669.75,0.0,['0.00 USD'],NO_TRIGGER,FILLED,NO_CONTINGENCY,,,,MY_GENERIC_ALGO,,O-20260309-004303-001-000-193,,7df9030b-1796-414f-acc9-95e1d31c1717,2026-03-09 00:43:03.416900427+00:00,2026-03-09 00:43:03.416900427+00:00
BACKTESTER-001,OracleStrategy-000,MESM6.GLBX,GLBX-1-072,MESM6.GLBX-OracleStrategy-000,GLBX-001,GLBX-1-072,MARKET,BUY,1,GTC,True,False,1,TAKER,6670.0,0.0,['0.00 USD'],NO_TRIGGER,FILLED,NO_CONTINGENCY,,,,MY_GENERIC_ALGO,,O-20260309-004306-001-000-194,,a08d3481-e161-439d-932a-289d6769623e,2026-03-09 00:43:06.405871139+00:00,2026-03-09 00:43:06.405871139+00:00
BACKTESTER-001,OracleStrategy-000,MESM6.GLBX,GLBX-1-073,MESM6.GLBX-OracleStrategy-000,GLBX-001,GLBX-1-073,MARKET,BUY,1,GTC,False,False,1,TAKER,6670.0,0.0,['0.00 USD'],NO_TRIGGER,FILLED,NO_CONTINGENCY,,,,MY_GENERIC_ALGO,,O-20260309-004306-001-000-195,,8ba19613-1213-469f-8c82-3dd9e4fdff24,2026-03-09 00:43:06.405871139+00:00,2026-03-09 00:43:06.405871139+00:00
BACKTESTER-001,OracleStrategy-000,MESM6.GLBX,GLBX-1-074,MESM6.GLBX-OracleStrategy-000,GLBX-001,GLBX-1-074,MARKET,SELL,1,GTC,True,False,1,TAKER,6668.5,0.0,['0.00 USD'],NO_TRIGGER,FILLED,NO_CONTINGENCY,,,,MY_GENERIC_ALGO,,O-20260309-004319-001-000-196,,30acb076-eff9-451e-a31a-a6d550d2094e,2026-03-09 00:43:19.099777408+00:00,2026-03-09 00:43:19.099777408+00:00
BACKTESTER-001,OracleStrategy-000,MESM6.GLBX,GLBX-1-075,MESM6.GLBX-OracleStrategy-000,GLBX-001,GLBX-1-075,MARKET,SELL,1,GTC,False,False,1,TAKER,6668.5,0.0,['0.00 USD'],NO_TRIGGER,FILLED,NO_CONTINGENCY,,,,MY_GENERIC_ALGO,,O-20260309-004319-001-000-197,,bf8a6d7d-58b2-4aaf-93fa-c96c110dab77,2026-03-09 00:43:19.099777408+00:00,2026-03-09 00:43:19.099777408+00:00
BACKTESTER-001,OracleStrategy-000,MESM6.GLBX,GLBX-1-076,MESM6.GLBX-OracleStrategy-000,GLBX-001,GLBX-1-076,MARKET,BUY,1,GTC,True,False,1,TAKER,6668.5,0.0,['0.00 USD'],NO_TRIGGER,FILLED,NO_CONTINGENCY,,,,MY_GENERIC_ALGO,,O-20260309-004326-001-000-198,,2a29a740-fe41-4ada-973e-14467644e767,2026-03-09 00:43:26.617765778+00:00,2026-03-09 00:43:26.617765778+00:00
BACKTESTER-001,OracleStrategy-000,MESM6.GLBX,GLBX-1-077,MESM6.GLBX-OracleStrategy-000,GLBX-001,GLBX-1-077,MARKET,BUY,1,GTC,False,False,1,TAKER,6668.5,0.0,['0.00 USD'],NO_TRIGGER,FILLED,NO_CONTINGENCY,,,,MY_GENERIC_ALGO,,O-20260309-004326-001-000-199,,74812dae-e363-4b73-ab93-347b42ca3b02,2026-03-09 00:43:26.617765778+00:00,2026-03-09 00:43:26.617765778+00:00
BACKTESTER-001,OracleStrategy-000,MESM6.GLBX,GLBX-1-078,MESM6.GLBX-OracleStrategy-000,GLBX-001,GLBX-1-078,MARKET,SELL,1,GTC,True,False,1,TAKER,6668.0,0.0,['0.00 USD'],NO_TRIGGER,FILLED,NO_CONTINGENCY,,,,MY_GENERIC_ALGO,,O-20260309-004343-001-000-200,,f8c7bff1-0d3c-4fae-aed6-3dc1aa70ce41,2026-03-09 00:43:43.348890245+00:00,2026-03-09 00:43:43.348890245+00:00
BACKTESTER-001,OracleStrategy-000,MESM6.GLBX,GLBX-1-079,MESM6.GLBX-OracleStrategy-000,GLBX-001,GLBX-1-079,MARKET,SELL,1,GTC,False,False,1,TAKER,6668.0,0.0,['0.00 USD'],NO_TRIGGER,FILLED,NO_CONTINGENCY,,,,MY_GENERIC_ALGO,,O-20260309-004343-001-000-201,,f0b0d90b-50e9-4212-9391-5418c30b45a6,2026-03-09 00:43:43.348890245+00:00,2026-03-09 00:43:43.348890245+00:00
BACKTESTER-001,OracleStrategy-000,MESM6.GLBX,GLBX-1-080,MESM6.GLBX-OracleStrategy-000,GLBX-001,GLBX-1-080,MARKET,BUY,1,GTC,True,False,1,TAKER,6669.0,0.0,['0.00 USD'],NO_TRIGGER,FILLED,NO_CONTINGENCY,,,,MY_GENERIC_ALGO,,O-20260309-004431-001-000-202,,f145d22d-aa44-450e-b86c-8791778addbf,2026-03-09 00:44:31.641361123+00:00,2026-03-09 00:44:31.641361123+00:00
BACKTESTER-001,OracleStrategy-000,MESM6.GLBX,GLBX-1-081,MESM6.GLBX-OracleStrategy-000,GLBX-001,GLBX-1-081,MARKET,BUY,1,GTC,False,False,1,TAKER,6669.0,0.0,['0.00 USD'],NO_TRIGGER,FILLED,NO_CONTINGENCY,,,,MY_GENERIC_ALGO,,O-20260309-004431-001-000-203,,a10447cd-0af6-4d8d-a747-07d6231b803e,2026-03-09 00:44:31.641361123+00:00,2026-03-09 00:44:31.641361123+00:00
BACKTESTER-001,OracleStrategy-000,MESM6.GLBX,GLBX-1-082,MESM6.GLBX-OracleStrategy-000,GLBX-001,GLBX-1-082,MARKET,SELL,1,GTC,True,False,1,TAKER,6667.25,0.0,['0.00 USD'],NO_TRIGGER,FILLED,NO_CONTINGENCY,,,,MY_GENERIC_ALGO,,O-20260309-004511-001-000-204,,b33651d4-b6bc-45f5-84ad-8511e281a0f1,2026-03-09 00:45:11.029540847+00:00,2026-03-09 00:45:11.029540847+00:00
BACKTESTER-001,OracleStrategy-000,MESM6.GLBX,GLBX-1-083,MESM6.GLBX-OracleStrategy-000,GLBX-001,GLBX-1-083,MARKET,SELL,1,GTC,False,False,1,TAKER,6667.25,0.0,['0.00 USD'],NO_TRIGGER,FILLED,NO_CONTINGENCY,,,,MY_GENERIC_ALGO,,O-20260309-004511-001-000-205,,963dcbcc-3ae6-44fd-bb85-d3cfa645fc59,2026-03-09 00:45:11.029540847+00:00,2026-03-09 00:45:11.029540847+00:00
BACKTESTER-001,OracleStrategy-000,MESM6.GLBX,GLBX-1-084,MESM6.GLBX-OracleStrategy-000,GLBX-001,GLBX-1-084,MARKET,BUY,1,GTC,True,False,1,TAKER,6666.5,0.0,['0.00 USD'],NO_TRIGGER,FILLED,NO_CONTINGENCY,,,,MY_GENERIC_ALGO,,O-20260309-004546-001-000-206,,6da6753c-1370-4545-9cdd-808c233b2c60,2026-03-09 00:45:46.215648074+00:00,2026-03-09 00:45:46.215648074+00:00
BACKTESTER-001,OracleStrategy-000,MESM6.GLBX,GLBX-1-085,MESM6.GLBX-OracleStrategy-000,GLBX-001,GLBX-1-085,MARKET,BUY,1,GTC,False,False,1,TAKER,6666.5,0.0,['0.00 USD'],NO_TRIGGER,FILLED,NO_CONTINGENCY,,,,MY_GENERIC_ALGO,,O-20260309-004546-001-000-207,,3b1a10bf-eccb-47cd-8b43-ef905f4c6566,2026-03-09 00:45:46.215648074+00:00,2026-03-09 00:45:46.215648074+00:00
BACKTESTER-001,OracleStrategy-000,MESM6.GLBX,GLBX-1-086,MESM6.GLBX-OracleStrategy-000,GLBX-001,GLBX-1-086,MARKET,SELL,1,GTC,True,False,1,TAKER,6668.75,0.0,['0.00 USD'],NO_TRIGGER,FILLED,NO_CONTINGENCY,,,,MY_GENERIC_ALGO,,O-20260309-004605-001-000-208,,a1885645-40ad-4362-bd9f-96fe1b26d5bb,2026-03-09 00:46:05.516278179+00:00,2026-03-09 00:46:05.516278179+00:00
BACKTESTER-001,OracleStrategy-000,MESM6.GLBX,GLBX-1-087,MESM6.GLBX-OracleStrategy-000,GLBX-001,GLBX-1-087,MARKET,SELL,1,GTC,False,False,1,TAKER,6668.75,0.0,['0.00 USD'],NO_TRIGGER,FILLED,NO_CONTINGENCY,,,,MY_GENERIC_ALGO,,O-20260309-004605-001-000-209,,81700df2-e2da-40e6-91b2-a448fa4f220f,2026-03-09 00:46:05.516278179+00:00,2026-03-09 00:46:05.516278179+00:00
BACKTESTER-001,OracleStrategy-000,MESM6.GLBX,GLBX-1-088,MESM6.GLBX-OracleStrategy-000,GLBX-001,GLBX-1-088,MARKET,BUY,1,GTC,True,False,1,TAKER,6668.25,0.0,['0.00 USD'],NO_TRIGGER,FILLED,NO_CONTINGENCY,,,,MY_GENERIC_ALGO,,O-20260309-004727-001-000-210,,8783b397-9f34-41ea-a55d-a37fc218f8a4,2026-03-09 00:47:27.155310380+00:00,2026-03-09 00:47:27.155310380+00:00
BACKTESTER-001,OracleStrategy-000,MESM6.GLBX,GLBX-1-089,MESM6.GLBX-OracleStrategy-000,GLBX-001,GLBX-1-089,MARKET,BUY,1,GTC,False,False,1,TAKER,6668.25,0.0,['0.00 USD'],NO_TRIGGER,FILLED,NO_CONTINGENCY,,,,MY_GENERIC_ALGO,,O-20260309-004727-001-000-211,,f55f6c4a-2532-45ec-8748-72620bf15abc,2026-03-09 00:47:27.155310380+00:00,2026-03-09 00:47:27.155310380+00:00
BACKTESTER-001,OracleStrategy-000,MESM6.GLBX,GLBX-1-090,MESM6.GLBX-OracleStrategy-000,GLBX-001,GLBX-1-090,MARKET,SELL,1,GTC,True,False,1,TAKER,6665.75,0.0,['0.00 USD'],NO_TRIGGER,FILLED,NO_CONTINGENCY,,,,MY_GENERIC_ALGO,,O-20260309-004800-001-000-212,,944a23ca-8716-4621-9986-ada10d972f5a,2026-03-09 00:48:00.885608973+00:00,2026-03-09 00:48:00.885608973+00:00
BACKTESTER-001,OracleStrategy-000,MESM6.GLBX,GLBX-1-091,MESM6.GLBX-OracleStrategy-000,GLBX-001,GLBX-1-091,MARKET,BUY,1,GTC,False,False,1,TAKER,6668.0,0.0,['0.00 USD'],NO_TRIGGER,FILLED,NO_CONTINGENCY,,,,MY_GENERIC_ALGO,,O-20260309-004830-001-000-217,,f12f70e7-d3bd-4614-b5fe-b50d5845cb8d,2026-03-09 00:48:30.866384303+00:00,2026-03-09 00:48:30.866384303+00:00
BACKTESTER-001,OracleStrategy-000,MESM6.GLBX,GLBX-1-092,MESM6.GLBX-OracleStrategy-000,GLBX-001,GLBX-1-092,MARKET,SELL,1,GTC,True,False,1,TAKER,6667.0,0.0,['0.00 USD'],NO_TRIGGER,FILLED,NO_CONTINGENCY,,,,MY_GENERIC_ALGO,,O-20260309-004848-001-000-218,,c3af7a9c-f2c2-4553-a695-788bc3ddb6ec,2026-03-09 00:48:48.029226091+00:00,2026-03-09 00:48:48.029226091+00:00
BACKTESTER-001,OracleStrategy-000,MESM6.GLBX,GLBX-1-093,MESM6.GLBX-OracleStrategy-000,GLBX-001,GLBX-1-093,MARKET,SELL,1,GTC,False,False,1,TAKER,6667.0,0.0,['0.00 USD'],NO_TRIGGER,FILLED,NO_CONTINGENCY,,,,MY_GENERIC_ALGO,,O-20260309-004848-001-000-219,,0d36b68c-0ef0-42b0-8258-65a930ac04d3,2026-03-09 00:48:48.029226091+00:00,2026-03-09 00:48:48.029226091+00:00
BACKTESTER-001,OracleStrategy-000,MESM6.GLBX,GLBX-1-094,MESM6.GLBX-OracleStrategy-000,GLBX-001,GLBX-1-094,MARKET,BUY,1,GTC,True,False,1,TAKER,6669.0,0.0,['0.00 USD'],NO_TRIGGER,FILLED,NO_CONTINGENCY,,,,MY_GENERIC_ALGO,,O-20260309-004954-001-000-220,,2cdce958-2969-46f5-bcb9-2796f94800f0,2026-03-09 00:49:54.333502+00:00,2026-03-09 00:49:54.333502+00:00
BACKTESTER-001,OracleStrategy-000,MESM6.GLBX,GLBX-1-095,MESM6.GLBX-OracleStrategy-000,GLBX-001,GLBX-1-095,MARKET,BUY,1,GTC,False,False,1,TAKER,6667.5,0.0,['0.00 USD'],NO_TRIGGER,FILLED,NO_CONTINGENCY,,,,MY_GENERIC_ALGO,,O-20260309-005053-001-000-225,,571c22ba-ed1c-48c4-a536-eb5f2df32f07,2026-03-09 00:50:53.104595051+00:00,2026-03-09 00:50:53.104595051+00:00
BACKTESTER-001,OracleStrategy-000,MESM6.GLBX,GLBX-1-096,MESM6.GLBX-OracleStrategy-000,GLBX-001,GLBX-1-096,MARKET,SELL,1,GTC,True,False,1,TAKER,6667.75,0.0,['0.00 USD'],NO_TRIGGER,FILLED,NO_CONTINGENCY,,,,MY_GENERIC_ALGO,,O-20260309-005119-001-000-226,,6cd203db-3004-445b-a27b-6e92f5ce92c8,2026-03-09 00:51:19.856277477+00:00,2026-03-09 00:51:19.856277477+00:00
BACKTESTER-001,OracleStrategy-000,MESM6.GLBX,GLBX-1-097,MESM6.GLBX-OracleStrategy-000,GLBX-001,GLBX-1-097,MARKET,SELL,1,GTC,False,False,1,TAKER,6667.75,0.0,['0.00 USD'],NO_TRIGGER,FILLED,NO_CONTINGENCY,,,,MY_GENERIC_ALGO,,O-20260309-005119-001-000-227,,910245cf-2268-4551-9abb-a6b976ff7635,2026-03-09 00:51:19.856277477+00:00,2026-03-09 00:51:19.856277477+00:00
BACKTESTER-001,OracleStrategy-000,MESM6.GLBX,GLBX-1-098,MESM6.GLBX-OracleStrategy-000,GLBX-001,GLBX-1-098,MARKET,BUY,1,GTC,True,False,1,TAKER,6666.75,0.0,['0.00 USD'],NO_TRIGGER,FILLED,NO_CONTINGENCY,,,,MY_GENERIC_ALGO,,O-20260309-005235-001-000-228,,6f10c325-fd0a-4394-82e7-c2248ffad325,2026-03-09 00:52:35.590197303+00:00,2026-03-09 00:52:35.590197303+00:00
BACKTESTER-001,OracleStrategy-000,MESM6.GLBX,GLBX-1-099,MESM6.GLBX-OracleStrategy-000,GLBX-001,GLBX-1-099,MARKET,BUY,1,GTC,False,False,1,TAKER,6666.75,0.0,['0.00 USD'],NO_TRIGGER,FILLED,NO_CONTINGENCY,,,,MY_GENERIC_ALGO,,O-20260309-005235-001-000-229,,497a1671-6950-4527-ba52-f819da906983,2026-03-09 00:52:35.590197303+00:00,2026-03-09 00:52:35.590197303+00:00
BACKTESTER-001,OracleStrategy-000,MESM6.GLBX,GLBX-1-100,MESM6.GLBX-OracleStrategy-000,GLBX-001,GLBX-1-100,MARKET,SELL,1,GTC,True,False,1,TAKER,6665.25,0.0,['0.00 USD'],NO_TRIGGER,FILLED,NO_CONTINGENCY,,,,MY_GENERIC_ALGO,,O-20260309-005355-001-000-230,,6c109899-1086-4f6f-a7b8-8e068f1b9389,2026-03-09 00:53:55.331714303+00:00,2026-03-09 00:53:55.331714303+00:00
BACKTESTER-001,OracleStrategy-000,MESM6.GLBX,GLBX-1-101,MESM6.GLBX-OracleStrategy-000,GLBX-001,GLBX-1-101,MARKET,SELL,1,GTC,False,False,1,TAKER,6665.25,0.0,['0.00 USD'],NO_TRIGGER,FILLED,NO_CONTINGENCY,,,,MY_GENERIC_ALGO,,O-20260309-005355-001-000-231,,da567275-0adb-4f91-925f-4a64f6f79747,2026-03-09 00:53:55.331714303+00:00,2026-03-09 00:53:55.331714303+00:00
BACKTESTER-001,OracleStrategy-000,MESM6.GLBX,GLBX-1-102,MESM6.GLBX-OracleStrategy-000,GLBX-001,GLBX-1-102,MARKET,BUY,1,GTC,True,False,1,TAKER,6666.75,0.0,['0.00 USD'],NO_TRIGGER,FILLED,NO_CONTINGENCY,,,,MY_GENERIC_ALGO,,O-20260309-005358-001-000-232,,676cfcc8-18f6-45c7-bc21-54bee18b75cf,2026-03-09 00:53:58.271327013+00:00,2026-03-09 00:53:58.271327013+00:00
BACKTESTER-001,OracleStrategy-000,MESM6.GLBX,GLBX-1-103,MESM6.GLBX-OracleStrategy-000,GLBX-001,GLBX-1-103,MARKET,BUY,1,GTC,False,False,1,TAKER,6666.75,0.0,['0.00 USD'],NO_TRIGGER,FILLED,NO_CONTINGENCY,,,,MY_GENERIC_ALGO,,O-20260309-005358-001-000-233,,97b07e10-0d0e-4aef-b4f9-c4e258f6e118,2026-03-09 00:53:58.271327013+00:00,2026-03-09 00:53:58.271327013+00:00
BACKTESTER-001,OracleStrategy-000,MESM6.GLBX,GLBX-1-104,MESM6.GLBX-OracleStrategy-000,GLBX-001,GLBX-1-104,MARKET,SELL,1,GTC,True,False,1,TAKER,6666.5,0.0,['0.00 USD'],NO_TRIGGER,FILLED,NO_CONTINGENCY,,,,MY_GENERIC_ALGO,,O-20260309-005400-001-000-234,,222a070f-0bb1-40d0-b4b8-22fc151a8f9b,2026-03-09 00:54:00.097276477+00:00,2026-03-09 00:54:00.097276477+00:00
BACKTESTER-001,OracleStrategy-000,MESM6.GLBX,GLBX-1-105,MESM6.GLBX-OracleStrategy-000,GLBX-001,GLBX-1-105,MARKET,SELL,1,GTC,False,False,1,TAKER,6666.5,0.0,['0.00 USD'],NO_TRIGGER,FILLED,NO_CONTINGENCY,,,,MY_GENERIC_ALGO,,O-20260309-005400-001-000-235,,5fcecf1b-0314-47fb-b53b-e0b4a56b1da7,2026-03-09 00:54:00.097276477+00:00,2026-03-09 00:54:00.097276477+00:00
BACKTESTER-001,OracleStrategy-000,MESM6.GLBX,GLBX-1-106,MESM6.GLBX-OracleStrategy-000,GLBX-001,GLBX-1-106,MARKET,BUY,1,GTC,True,False,1,TAKER,6665.5,0.0,['0.00 USD'],NO_TRIGGER,FILLED,NO_CONTINGENCY,,,,MY_GENERIC_ALGO,,O-20260309-005424-001-000-236,,3c98711a-c4f0-4126-8477-c6c3a5fb6a48,2026-03-09 00:54:24.425834877+00:00,2026-03-09 00:54:24.425834877+00:00
BACKTESTER-001,OracleStrategy-000,MESM6.GLBX,GLBX-1-107,MESM6.GLBX-OracleStrategy-000,GLBX-001,GLBX-1-107,MARKET,BUY,1,GTC,False,False,1,TAKER,6665.5,0.0,['0.00 USD'],NO_TRIGGER,FILLED,NO_CONTINGENCY,,,,MY_GENERIC_ALGO,,O-20260309-005424-001-000-237,,820bd1cd-7a98-4019-a69f-cbb5ea2822da,2026-03-09 00:54:24.425834877+00:00,2026-03-09 00:54:24.425834877+00:00
BACKTESTER-001,OracleStrategy-000,MESM6.GLBX,GLBX-1-108,MESM6.GLBX-OracleStrategy-000,GLBX-001,GLBX-1-108,MARKET,SELL,1,GTC,True,False,1,TAKER,6664.0,0.0,['0.00 USD'],NO_TRIGGER,FILLED,NO_CONTINGENCY,,,,MY_GENERIC_ALGO,,O-20260309-005432-001-000-238,,e81ec88b-0a63-4ac4-98b6-0f8c547cb6fd,2026-03-09 00:54:32.693098850+00:00,2026-03-09 00:54:32.693098850+00:00
BACKTESTER-001,OracleStrategy-000,MESM6.GLBX,GLBX-1-109,MESM6.GLBX-OracleStrategy-000,GLBX-001,GLBX-1-109,MARKET,SELL,1,GTC,False,False,1,TAKER,6664.0,0.0,['0.00 USD'],NO_TRIGGER,FILLED,NO_CONTINGENCY,,,,MY_GENERIC_ALGO,,O-20260309-005432-001-000-239,,fb798345-4fc1-49e6-bd2f-3301863e7936,2026-03-09 00:54:32.693098850+00:00,2026-03-09 00:54:32.693098850+00:00
BACKTESTER-001,OracleStrategy-000,MESM6.GLBX,GLBX-1-110,MESM6.GLBX-OracleStrategy-000,GLBX-001,GLBX-1-110,MARKET,BUY,1,GTC,True,False,1,TAKER,6664.75,0.0,['0.00 USD'],NO_TRIGGER,FILLED,NO_CONTINGENCY,,,,MY_GENERIC_ALGO,,O-20260309-005440-001-000-240,,06dffe3d-970c-4570-9db1-bcc354f347f6,2026-03-09 00:54:40.336644658+00:00,2026-03-09 00:54:40.336644658+00:00
BACKTESTER-001,OracleStrategy-000,MESM6.GLBX,GLBX-1-111,MESM6.GLBX-OracleStrategy-000,GLBX-001,GLBX-1-111,MARKET,BUY,1,GTC,False,False,1,TAKER,6664.75,0.0,['0.00 USD'],NO_TRIGGER,FILLED,NO_CONTINGENCY,,,,MY_GENERIC_ALGO,,O-20260309-005440-001-000-241,,4706cd8c-7975-43be-a106-1c3087ce1ab1,2026-03-09 00:54:40.336644658+00:00,2026-03-09 00:54:40.336644658+00:00
BACKTESTER-001,OracleStrategy-000,MESM6.GLBX,GLBX-1-112,MESM6.GLBX-OracleStrategy-000,GLBX-001,GLBX-1-112,MARKET,SELL,1,GTC,True,False,1,TAKER,6663.0,0.0,['0.00 USD'],NO_TRIGGER,FILLED,NO_CONTINGENCY,,,,MY_GENERIC_ALGO,,O-20260309-005444-001-000-242,,4168c7e9-0794-410c-8c42-a8c1cfbb2f49,2026-03-09 00:54:44.185663331+00:00,2026-03-09 00:54:44.185663331+00:00
BACKTESTER-001,OracleStrategy-000,MESM6.GLBX,GLBX-1-113,MESM6.GLBX-OracleStrategy-000,GLBX-001,GLBX-1-113,MARKET,BUY,1,GTC,False,False,1,TAKER,6662.75,0.0,['0.00 USD'],NO_TRIGGER,FILLED,NO_CONTINGENCY,,,,MY_GENERIC_ALGO,,O-20260309-005710-001-000-255,,fc6060fa-cdaf-43a7-8657-b439065908a7,2026-03-09 00:57:10.976650972+00:00,2026-03-09 00:57:10.976650972+00:00
BACKTESTER-001,OracleStrategy-000,MESM6.GLBX,GLBX-1-114,MESM6.GLBX-OracleStrategy-000,GLBX-001,GLBX-1-114,MARKET,SELL,1,GTC,True,False,1,TAKER,6665.0,0.0,['0.00 USD'],NO_TRIGGER,FILLED,NO_CONTINGENCY,,,,MY_GENERIC_ALGO,,O-20260309-005809-001-000-256,,a5d7d3ff-6dc3-4ffd-8417-146c613f8208,2026-03-09 00:58:09.789118301+00:00,2026-03-09 00:58:09.789118301+00:00
BACKTESTER-001,OracleStrategy-000,MESM6.GLBX,GLBX-1-115,MESM6.GLBX-OracleStrategy-000,GLBX-001,GLBX-1-115,MARKET,SELL,1,GTC,False,False,1,TAKER,6665.0,0.0,['0.00 USD'],NO_TRIGGER,FILLED,NO_CONTINGENCY,,,,MY_GENERIC_ALGO,,O-20260309-005809-001-000-257,,10898722-eef6-448c-a6c8-dafbbab148b6,2026-03-09 00:58:09.789118301+00:00,2026-03-09 00:58:09.789118301+00:00
BACKTESTER-001,OracleStrategy-000,MESM6.GLBX,GLBX-1-116,MESM6.GLBX-OracleStrategy-000,GLBX-001,GLBX-1-116,MARKET,BUY,1,GTC,True,False,1,TAKER,6665.5,0.0,['0.00 USD'],NO_TRIGGER,FILLED,NO_CONTINGENCY,,,,MY_GENERIC_ALGO,,O-20260309-005911-001-000-258,,7950d51e-e6cc-4668-8799-838d1195d7ec,2026-03-09 00:59:11.066584904+00:00,2026-03-09 00:59:11.066584904+00:00
BACKTESTER-001,OracleStrategy-000,MESM6.GLBX,GLBX-1-117,MESM6.GLBX-OracleStrategy-000,GLBX-001,GLBX-1-117,MARKET,BUY,1,GTC,False,False,1,TAKER,6665.5,0.0,['0.00 USD'],NO_TRIGGER,FILLED,NO_CONTINGENCY,,,,MY_GENERIC_ALGO,,O-20260309-005911-001-000-259,,66c09960-3bfd-4f8f-ad02-4c37b193f1f2,2026-03-09 00:59:11.066584904+00:00,2026-03-09 00:59:11.066584904+00:00
BACKTESTER-001,OracleStrategy-000,MESM6.GLBX,GLBX-1-118,MESM6.GLBX-OracleStrategy-000,GLBX-001,GLBX-1-118,MARKET,SELL,1,GTC,True,False,1,TAKER,6668.0,0.0,['0.00 USD'],NO_TRIGGER,FILLED,NO_CONTINGENCY,,,,MY_GENERIC_ALGO,,O-20260309-005951-001-000-260,,eac852c8-5154-43a1-8dc8-904874c8577b,2026-03-09 00:59:51.744654522+00:00,2026-03-09 00:59:51.744654522+00:00
BACKTESTER-001,OracleStrategy-000,MESM6.GLBX,GLBX-1-119,MESM6.GLBX-OracleStrategy-000,GLBX-001,GLBX-1-119,MARKET,SELL,1,GTC,False,False,1,TAKER,6668.0,0.0,['0.00 USD'],NO_TRIGGER,FILLED,NO_CONTINGENCY,,,,MY_GENERIC_ALGO,,O-20260309-005951-001-000-261,,040ccaa7-58e8-4e60-a436-a8ff38f4ff5d,2026-03-09 00:59:51.744654522+00:00,2026-03-09 00:59:51.744654522+00:00
BACKTESTER-001,OracleStrategy-000,MESM6.GLBX,GLBX-1-120,MESM6.GLBX-OracleStrategy-000,GLBX-001,GLBX-1-120,MARKET,BUY,1,GTC,True,False,1,TAKER,6669.0,0.0,['0.00 USD'],NO_TRIGGER,FILLED,NO_CONTINGENCY,,,,MY_GENERIC_ALGO,,O-20260309-010002-001-000-262,,7a597c77-42c0-4502-a454-e11c7bd2057e,2026-03-09 01:00:02.339644403+00:00,2026-03-09 01:00:02.339644403+00:00
BACKTESTER-001,OracleStrategy-000,MESM6.GLBX,GLBX-1-121,MESM6.GLBX-OracleStrategy-000,GLBX-001,GLBX-1-121,MARKET,BUY,1,GTC,False,False,1,TAKER,6669.0,0.0,['0.00 USD'],NO_TRIGGER,FILLED,NO_CONTINGENCY,,,,MY_GENERIC_ALGO,,O-20260309-010002-001-000-263,,fb6ea709-ec40-4be2-9158-96b4fa3d478c,2026-03-09 01:00:02.339644403+00:00,2026-03-09 01:00:02.339644403+00:00
BACKTESTER-001,OracleStrategy-000,MESM6.GLBX,GLBX-1-122,MESM6.GLBX-OracleStrategy-000,GLBX-001,GLBX-1-122,MARKET,SELL,1,GTC,True,False,1,TAKER,6668.0,0.0,['0.00 USD'],NO_TRIGGER,FILLED,NO_CONTINGENCY,,,,MY_GENERIC_ALGO,,O-20260309-010034-001-000-264,,6f9fea47-8909-4c01-be49-14f30f1684a5,2026-03-09 01:00:34.420876231+00:00,2026-03-09 01:00:34.420876231+00:00
BACKTESTER-001,OracleStrategy-000,MESM6.GLBX,GLBX-1-123,MESM6.GLBX-OracleStrategy-000,GLBX-001,GLBX-1-123,MARKET,SELL,1,GTC,False,False,1,TAKER,6668.0,0.0,['0.00 USD'],NO_TRIGGER,FILLED,NO_CONTINGENCY,,,,MY_GENERIC_ALGO,,O-20260309-010034-001-000-265,,18f0ecc4-2680-4569-80d0-a3f77e9ac61c,2026-03-09 01:00:34.420876231+00:00,2026-03-09 01:00:34.420876231+00:00
BACKTESTER-001,OracleStrategy-000,MESM6.GLBX,GLBX-1-124,MESM6.GLBX-OracleStrategy-000,GLBX-001,GLBX-1-124,MARKET,BUY,1,GTC,True,False,1,TAKER,6667.5,0.0,['0.00 USD'],NO_TRIGGER,FILLED,NO_CONTINGENCY,,,,MY_GENERIC_ALGO,,O-20260309-010043-001-000-266,,fc54e727-a75f-4e1e-b57e-8f56115f11d3,2026-03-09 01:00:43.901112378+00:00,2026-03-09 01:00:43.901112378+00:00
BACKTESTER-001,OracleStrategy-000,MESM6.GLBX,GLBX-1-125,MESM6.GLBX-OracleStrategy-000,GLBX-001,GLBX-1-125,MARKET,BUY,1,GTC,False,False,1,TAKER,6667.5,0.0,['0.00 USD'],NO_TRIGGER,FILLED,NO_CONTINGENCY,,,,MY_GENERIC_ALGO,,O-20260309-010043-001-000-267,,b172f38b-8cee-49d2-b69d-6289462ac3fb,2026-03-09 01:00:43.901112378+00:00,2026-03-09 01:00:43.901112378+00:00
BACKTESTER-001,OracleStrategy-000,MESM6.GLBX,GLBX-1-126,MESM6.GLBX-OracleStrategy-000,GLBX-001,GLBX-1-126,MARKET,SELL,1,GTC,True,False,1,TAKER,6667.0,0.0,['0.00 USD'],NO_TRIGGER,FILLED,NO_CONTINGENCY,,,,MY_GENERIC_ALGO,,O-20260309-010048-001-000-268,,afc83187-1a8a-48f2-b8cb-c5a78401c1c6,2026-03-09 01:00:48.157709705+00:00,2026-03-09 01:00:48.157709705+00:00
BACKTESTER-001,OracleStrategy-000,MESM6.GLBX,GLBX-1-127,MESM6.GLBX-OracleStrategy-000,GLBX-001,GLBX-1-127,MARKET,SELL,1,GTC,False,False,1,TAKER,6667.0,0.0,['0.00 USD'],NO_TRIGGER,FILLED,NO_CONTINGENCY,,,,MY_GENERIC_ALGO,,O-20260309-010048-001-000-269,,f13c7e38-05b0-42f3-b032-20b5285cba4b,2026-03-09 01:00:48.157709705+00:00,2026-03-09 01:00:48.157709705+00:00
BACKTESTER-001,OracleStrategy-000,MESM6.GLBX,GLBX-1-128,MESM6.GLBX-OracleStrategy-000,GLBX-001,GLBX-1-128,MARKET,BUY,1,GTC,True,False,1,TAKER,6666.75,0.0,['0.00 USD'],NO_TRIGGER,FILLED,NO_CONTINGENCY,,,,MY_GENERIC_ALGO,,O-20260309-010055-001-000-270,,b0dfb6c6-3943-4d08-82bd-f8bab5b60873,2026-03-09 01:00:55.160263491+00:00,2026-03-09 01:00:55.160263491+00:00
BACKTESTER-001,OracleStrategy-000,MESM6.GLBX,GLBX-1-129,MESM6.GLBX-OracleStrategy-000,GLBX-001,GLBX-1-129,MARKET,BUY,1,GTC,False,False,1,TAKER,6666.75,0.0,['0.00 USD'],NO_TRIGGER,FILLED,NO_CONTINGENCY,,,,MY_GENERIC_ALGO,,O-20260309-010055-001-000-271,,67d1a20d-9569-4fd5-acef-70e1a1c7bdb4,2026-03-09 01:00:55.160263491+00:00,2026-03-09 01:00:55.160263491+00:00
BACKTESTER-001,OracleStrategy-000,MESM6.GLBX,GLBX-1-130,MESM6.GLBX-OracleStrategy-000,GLBX-001,GLBX-1-130,MARKET,SELL,1,GTC,True,False,1,TAKER,6670.0,0.0,['0.00 USD'],NO_TRIGGER,FILLED,NO_CONTINGENCY,,,,MY_GENERIC_ALGO,,O-20260309-010134-001-000-272,,930717d7-e735-46c6-9f62-dcc9b80c7b37,2026-03-09 01:01:34.277157814+00:00,2026-03-09 01:01:34.277157814+00:00
BACKTESTER-001,OracleStrategy-000,MESM6.GLBX,GLBX-1-131,MESM6.GLBX-OracleStrategy-000,GLBX-001,GLBX-1-131,MARKET,SELL,1,GTC,False,False,1,TAKER,6670.0,0.0,['0.00 USD'],NO_TRIGGER,FILLED,NO_CONTINGENCY,,,,MY_GENERIC_ALGO,,O-20260309-010134-001-000-273,,3b75b2df-2caa-4bc0-a719-f98b4869f5c5,2026-03-09 01:01:34.277157814+00:00,2026-03-09 01:01:34.277157814+00:00
BACKTESTER-001,OracleStrategy-000,MESM6.GLBX,GLBX-1-132,MESM6.GLBX-OracleStrategy-000,GLBX-001,GLBX-1-132,MARKET,BUY,1,GTC,True,False,1,TAKER,6670.0,0.0,['0.00 USD'],NO_TRIGGER,FILLED,NO_CONTINGENCY,,,,MY_GENERIC_ALGO,,O-20260309-010138-001-000-274,,03e93164-fd35-4932-bef2-b05d047ca5aa,2026-03-09 01:01:38.117519973+00:00,2026-03-09 01:01:38.117519973+00:00
BACKTESTER-001,OracleStrategy-000,MESM6.GLBX,GLBX-1-133,MESM6.GLBX-OracleStrategy-000,GLBX-001,GLBX-1-133,MARKET,BUY,1,GTC,False,False,1,TAKER,6670.0,0.0,['0.00 USD'],NO_TRIGGER,FILLED,NO_CONTINGENCY,,,,MY_GENERIC_ALGO,,O-20260309-010138-001-000-275,,a9c90072-4a0f-41eb-a5f5-9d89daf52946,2026-03-09 01:01:38.117519973+00:00,2026-03-09 01:01:38.117519973+00:00
BACKTESTER-001,OracleStrategy-000,MESM6.GLBX,GLBX-1-134,MESM6.GLBX-OracleStrategy-000,GLBX-001,GLBX-1-134,MARKET,SELL,1,GTC,True,False,1,TAKER,6669.25,0.0,['0.00 USD'],NO_TRIGGER,FILLED,NO_CONTINGENCY,,,,MY_GENERIC_ALGO,,O-20260309-010143-001-000-276,,b90aaf29-87ca-4d9c-b798-fb75d48a1494,2026-03-09 01:01:43.628176959+00:00,2026-03-09 01:01:43.628176959+00:00
BACKTESTER-001,OracleStrategy-000,MESM6.GLBX,GLBX-1-135,MESM6.GLBX-OracleStrategy-000,GLBX-001,GLBX-1-135,MARKET,SELL,1,GTC,False,False,1,TAKER,6669.25,0.0,['0.00 USD'],NO_TRIGGER,FILLED,NO_CONTINGENCY,,,,MY_GENERIC_ALGO,,O-20260309-010143-001-000-277,,1bf8f505-0d01-4471-9704-81f85712b7a6,2026-03-09 01:01:43.628176959+00:00,2026-03-09 01:01:43.628176959+00:00
BACKTESTER-001,OracleStrategy-000,MESM6.GLBX,GLBX-1-136,MESM6.GLBX-OracleStrategy-000,GLBX-001,GLBX-1-136,MARKET,BUY,1,GTC,True,False,1,TAKER,6672.0,0.0,['0.00 USD'],NO_TRIGGER,FILLED,NO_CONTINGENCY,,,,MY_GENERIC_ALGO,,O-20260309-010229-001-000-278,,4f794bf4-1afb-403c-8890-99f5febb944d,2026-03-09 01:02:29.786726447+00:00,2026-03-09 01:02:29.786726447+00:00
BACKTESTER-001,OracleStrategy-000,MESM6.GLBX,GLBX-1-137,MESM6.GLBX-OracleStrategy-000,GLBX-001,GLBX-1-137,MARKET,BUY,1,GTC,False,False,1,TAKER,6672.0,0.0,['0.00 USD'],NO_TRIGGER,FILLED,NO_CONTINGENCY,,,,MY_GENERIC_ALGO,,O-20260309-010229-001-000-279,,4ea5abc5-c48c-40da-8b61-1fb25a0e5e32,2026-03-09 01:02:29.786726447+00:00,2026-03-09 01:02:29.786726447+00:00
BACKTESTER-001,OracleStrategy-000,MESM6.GLBX,GLBX-1-138,MESM6.GLBX-OracleStrategy-000,GLBX-001,GLBX-1-138,MARKET,SELL,1,GTC,True,False,1,TAKER,6668.0,0.0,['0.00 USD'],NO_TRIGGER,FILLED,NO_CONTINGENCY,,,,MY_GENERIC_ALGO,,O-20260309-010238-001-000-280,,37417a0d-c207-491e-845b-0cb06d1075b1,2026-03-09 01:02:38.563492448+00:00,2026-03-09 01:02:38.563492448+00:00
BACKTESTER-001,OracleStrategy-000,MESM6.GLBX,GLBX-1-139,MESM6.GLBX-OracleStrategy-000,GLBX-001,GLBX-1-139,MARKET,SELL,1,GTC,False,False,1,TAKER,6668.0,0.0,['0.00 USD'],NO_TRIGGER,FILLED,NO_CONTINGENCY,,,,MY_GENERIC_ALGO,,O-20260309-010238-001-000-281,,8c20bb79-20a8-4add-be97-85b25f8c24d0,2026-03-09 01:02:38.563492448+00:00,2026-03-09 01:02:38.563492448+00:00
BACKTESTER-001,OracleStrategy-000,MESM6.GLBX,GLBX-1-140,MESM6.GLBX-OracleStrategy-000,GLBX-001,GLBX-1-140,MARKET,BUY,1,GTC,True,False,1,TAKER,6671.0,0.0,['0.00 USD'],NO_TRIGGER,FILLED,NO_CONTINGENCY,,,,MY_GENERIC_ALGO,,O-20260309-010246-001-000-282,,0722f3db-c42e-46a7-8e6a-7999cfedd9a9,2026-03-09 01:02:46.105993434+00:00,2026-03-09 01:02:46.105993434+00:00
BACKTESTER-001,OracleStrategy-000,MESM6.GLBX,GLBX-1-141,MESM6.GLBX-OracleStrategy-000,GLBX-001,GLBX-1-141,MARKET,BUY,1,GTC,False,False,1,TAKER,6671.0,0.0,['0.00 USD'],NO_TRIGGER,FILLED,NO_CONTINGENCY,,,,MY_GENERIC_ALGO,,O-20260309-010246-001-000-283,,19e47dab-30c6-43d7-bb9d-5d614dc9f28a,2026-03-09 01:02:46.105993434+00:00,2026-03-09 01:02:46.105993434+00:00
BACKTESTER-001,OracleStrategy-000,MESM6.GLBX,GLBX-1-142,MESM6.GLBX-OracleStrategy-000,GLBX-001,GLBX-1-142,MARKET,SELL,1,GTC,True,False,1,TAKER,6670.0,0.0,['0.00 USD'],NO_TRIGGER,FILLED,NO_CONTINGENCY,,,,MY_GENERIC_ALGO,,O-20260309-010302-001-000-284,,de4fa99a-e388-44ea-9237-f2f02de279db,2026-03-09 01:03:02.741978475+00:00,2026-03-09 01:03:02.741978475+00:00
BACKTESTER-001,OracleStrategy-000,MESM6.GLBX,GLBX-1-143,MESM6.GLBX-OracleStrategy-000,GLBX-001,GLBX-1-143,MARKET,SELL,1,GTC,False,False,1,TAKER,6670.0,0.0,['0.00 USD'],NO_TRIGGER,FILLED,NO_CONTINGENCY,,,,MY_GENERIC_ALGO,,O-20260309-010302-001-000-285,,148cb5f7-9c99-4f86-aa96-c02a10b49caf,2026-03-09 01:03:02.741978475+00:00,2026-03-09 01:03:02.741978475+00:00
BACKTESTER-001,OracleStrategy-000,MESM6.GLBX,GLBX-1-144,MESM6.GLBX-OracleStrategy-000,GLBX-001,GLBX-1-144,MARKET,BUY,1,GTC,True,False,1,TAKER,6668.25,0.0,['0.00 USD'],NO_TRIGGER,FILLED,NO_CONTINGENCY,,,,MY_GENERIC_ALGO,,O-20260309-010310-001-000-286,,3cc1aa75-d8be-4b2d-9424-ee20b0dfc104,2026-03-09 01:03:10.203355875+00:00,2026-03-09 01:03:10.203355875+00:00
BACKTESTER-001,OracleStrategy-000,MESM6.GLBX,GLBX-1-145,MESM6.GLBX-OracleStrategy-000,GLBX-001,GLBX-1-145,MARKET,BUY,1,GTC,False,False,1,TAKER,6668.25,0.0,['0.00 USD'],NO_TRIGGER,FILLED,NO_CONTINGENCY,,,,MY_GENERIC_ALGO,,O-20260309-010310-001-000-287,,32666ad9-4427-4176-b671-2877b6f5e08a,2026-03-09 01:03:10.203355875+00:00,2026-03-09 01:03:10.203355875+00:00
BACKTESTER-001,OracleStrategy-000,MESM6.GLBX,GLBX-1-146,MESM6.GLBX-OracleStrategy-000,GLBX-001,GLBX-1-146,MARKET,SELL,1,GTC,True,False,1,TAKER,6668.75,0.0,['0.00 USD'],NO_TRIGGER,FILLED,NO_CONTINGENCY,,,,MY_GENERIC_ALGO,,O-20260309-010319-001-000-288,,0a3a26c7-6744-4d72-8145-cac379ac45fc,2026-03-09 01:03:19.475999477+00:00,2026-03-09 01:03:19.475999477+00:00
BACKTESTER-001,OracleStrategy-000,MESM6.GLBX,GLBX-1-147,MESM6.GLBX-OracleStrategy-000,GLBX-001,GLBX-1-147,MARKET,SELL,1,GTC,False,False,1,TAKER,6668.75,0.0,['0.00 USD'],NO_TRIGGER,FILLED,NO_CONTINGENCY,,,,MY_GENERIC_ALGO,,O-20260309-010319-001-000-289,,28048e01-f214-42ff-bf76-1527b03b8a66,2026-03-09 01:03:19.475999477+00:00,2026-03-09 01:03:19.475999477+00:00
BACKTESTER-001,OracleStrategy-000,MESM6.GLBX,GLBX-1-148,MESM6.GLBX-OracleStrategy-000,GLBX-001,GLBX-1-148,MARKET,BUY,1,GTC,True,False,1,TAKER,6666.5,0.0,['0.00 USD'],NO_TRIGGER,FILLED,NO_CONTINGENCY,,,,MY_GENERIC_ALGO,,O-20260309-010337-001-000-290,,ba3f0747-f318-49aa-b7c1-a94a0dd18e47,2026-03-09 01:03:37.118267586+00:00,2026-03-09 01:03:37.118267586+00:00
BACKTESTER-001,OracleStrategy-000,MESM6.GLBX,GLBX-1-149,MESM6.GLBX-OracleStrategy-000,GLBX-001,GLBX-1-149,MARKET,BUY,1,GTC,False,False,1,TAKER,6666.5,0.0,['0.00 USD'],NO_TRIGGER,FILLED,NO_CONTINGENCY,,,,MY_GENERIC_ALGO,,O-20260309-010337-001-000-291,,9cc016ff-8f5f-4f3b-824f-b582af074714,2026-03-09 01:03:37.118267586+00:00,2026-03-09 01:03:37.118267586+00:00
BACKTESTER-001,OracleStrategy-000,MESM6.GLBX,GLBX-1-150,MESM6.GLBX-OracleStrategy-000,GLBX-001,GLBX-1-150,MARKET,SELL,1,GTC,True,False,1,TAKER,6666.0,0.0,['0.00 USD'],NO_TRIGGER,FILLED,NO_CONTINGENCY,,,,MY_GENERIC_ALGO,,O-20260309-010351-001-000-292,,0750d197-fb9b-47de-80e5-b811f7006b7c,2026-03-09 01:03:51.588372611+00:00,2026-03-09 01:03:51.588372611+00:00
BACKTESTER-001,OracleStrategy-000,MESM6.GLBX,GLBX-1-151,MESM6.GLBX-OracleStrategy-000,GLBX-001,GLBX-1-151,MARKET,SELL,1,GTC,False,False,1,TAKER,6666.0,0.0,['0.00 USD'],NO_TRIGGER,FILLED,NO_CONTINGENCY,,,,MY_GENERIC_ALGO,,O-20260309-010351-001-000-293,,019afe57-4235-4393-b1a3-c3b139466005,2026-03-09 01:03:51.588372611+00:00,2026-03-09 01:03:51.588372611+00:00
BACKTESTER-001,OracleStrategy-000,MESM6.GLBX,GLBX-1-152,MESM6.GLBX-OracleStrategy-000,GLBX-001,GLBX-1-152,MARKET,BUY,1,GTC,True,False,1,TAKER,6666.5,0.0,['0.00 USD'],NO_TRIGGER,FILLED,NO_CONTINGENCY,,,,MY_GENERIC_ALGO,,O-20260309-010408-001-000-294,,90c04372-d5f3-49ff-afa8-4f32f6571306,2026-03-09 01:04:08.165588991+00:00,2026-03-09 01:04:08.165588991+00:00
BACKTESTER-001,OracleStrategy-000,MESM6.GLBX,GLBX-1-153,MESM6.GLBX-OracleStrategy-000,GLBX-001,GLBX-1-153,MARKET,BUY,1,GTC,False,False,1,TAKER,6666.5,0.0,['0.00 USD'],NO_TRIGGER,FILLED,NO_CONTINGENCY,,,,MY_GENERIC_ALGO,,O-20260309-010408-001-000-295,,d23c500e-d183-4b22-8229-a7aa0e43b998,2026-03-09 01:04:08.165588991+00:00,2026-03-09 01:04:08.165588991+00:00
BACKTESTER-001,OracleStrategy-000,MESM6.GLBX,GLBX-1-154,MESM6.GLBX-OracleStrategy-000,GLBX-001,GLBX-1-154,MARKET,SELL,1,GTC,True,False,1,TAKER,6665.0,0.0,['0.00 USD'],NO_TRIGGER,FILLED,NO_CONTINGENCY,,,,MY_GENERIC_ALGO,,O-20260309-010536-001-000-296,,81ea8d56-bba0-4b6a-bba1-a7ea5ef9e787,2026-03-09 01:05:36.811319634+00:00,2026-03-09 01:05:36.811319634+00:00
BACKTESTER-001,OracleStrategy-000,MESM6.GLBX,GLBX-1-155,MESM6.GLBX-OracleStrategy-000,GLBX-001,GLBX-1-155,MARKET,SELL,1,GTC,False,False,1,TAKER,6665.0,0.0,['0.00 USD'],NO_TRIGGER,FILLED,NO_CONTINGENCY,,,,MY_GENERIC_ALGO,,O-20260309-010536-001-000-297,,4c13a210-40aa-4373-96c0-c33178397d53,2026-03-09 01:05:36.811319634+00:00,2026-03-09 01:05:36.811319634+00:00
BACKTESTER-001,OracleStrategy-000,MESM6.GLBX,GLBX-1-156,MESM6.GLBX-OracleStrategy-000,GLBX-001,GLBX-1-156,MARKET,BUY,1,GTC,True,False,1,TAKER,6664.5,0.0,['0.00 USD'],NO_TRIGGER,FILLED,NO_CONTINGENCY,,,,MY_GENERIC_ALGO,,O-20260309-010539-001-000-298,,a1291d18-6e62-415f-a4e4-7ad028017a73,2026-03-09 01:05:39.188878019+00:00,2026-03-09 01:05:39.188878019+00:00
BACKTESTER-001,OracleStrategy-000,MESM6.GLBX,GLBX-1-157,MESM6.GLBX-OracleStrategy-000,GLBX-001,GLBX-1-157,MARKET,BUY,1,GTC,False,False,1,TAKER,6664.5,0.0,['0.00 USD'],NO_TRIGGER,FILLED,NO_CONTINGENCY,,,,MY_GENERIC_ALGO,,O-20260309-010539-001-000-299,,cad8d5b1-27b5-4a88-8c0f-f7635ffe5c6e,2026-03-09 01:05:39.188878019+00:00,2026-03-09 01:05:39.188878019+00:00
BACKTESTER-001,OracleStrategy-000,MESM6.GLBX,GLBX-1-158,MESM6.GLBX-OracleStrategy-000,GLBX-001,GLBX-1-158,MARKET,SELL,1,GTC,True,False,1,TAKER,6663.75,0.0,['0.00 USD'],NO_TRIGGER,FILLED,NO_CONTINGENCY,,,,MY_GENERIC_ALGO,,O-20260309-010540-001-000-300,,2545eddb-837e-4716-b771-cb21a327d2d8,2026-03-09 01:05:40.978973813+00:00,2026-03-09 01:05:40.978973813+00:00
BACKTESTER-001,OracleStrategy-000,MESM6.GLBX,GLBX-1-159,MESM6.GLBX-OracleStrategy-000,GLBX-001,GLBX-1-159,MARKET,SELL,1,GTC,False,False,1,TAKER,6663.75,0.0,['0.00 USD'],NO_TRIGGER,FILLED,NO_CONTINGENCY,,,,MY_GENERIC_ALGO,,O-20260309-010540-001-000-301,,33d0500b-42ff-435d-97c1-77d4f65d9bab,2026-03-09 01:05:40.978973813+00:00,2026-03-09 01:05:40.978973813+00:00
BACKTESTER-001,OracleStrategy-000,MESM6.GLBX,GLBX-1-160,MESM6.GLBX-OracleStrategy-000,GLBX-001,GLBX-1-160,MARKET,BUY,1,GTC,True,False,1,TAKER,6667.25,0.0,['0.00 USD'],NO_TRIGGER,FILLED,NO_CONTINGENCY,,,,MY_GENERIC_ALGO,,O-20260309-010558-001-000-302,,5d35eb17-fab4-48bd-a05e-22136fe0a368,2026-03-09 01:05:58.965698535+00:00,2026-03-09 01:05:58.965698535+00:00
BACKTESTER-001,OracleStrategy-000,MESM6.GLBX,GLBX-1-161,MESM6.GLBX-OracleStrategy-000,GLBX-001,GLBX-1-161,MARKET,BUY,1,GTC,False,False,1,TAKER,6667.25,0.0,['0.00 USD'],NO_TRIGGER,FILLED,NO_CONTINGENCY,,,,MY_GENERIC_ALGO,,O-20260309-010558-001-000-303,,7c1fcb06-1ee1-4ef5-9d25-906bb75936a3,2026-03-09 01:05:58.965698535+00:00,2026-03-09 01:05:58.965698535+00:00
BACKTESTER-001,OracleStrategy-000,MESM6.GLBX,GLBX-1-162,MESM6.GLBX-OracleStrategy-000,GLBX-001,GLBX-1-162,MARKET,SELL,1,GTC,True,False,1,TAKER,6666.25,0.0,['0.00 USD'],NO_TRIGGER,FILLED,NO_CONTINGENCY,,,,MY_GENERIC_ALGO,,O-20260309-010626-001-000-304,,7c9e9158-194a-4a63-9bbc-2afe2980bfd1,2026-03-09 01:06:26.795820746+00:00,2026-03-09 01:06:26.795820746+00:00
BACKTESTER-001,OracleStrategy-000,MESM6.GLBX,GLBX-1-163,MESM6.GLBX-OracleStrategy-000,GLBX-001,GLBX-1-163,MARKET,SELL,1,GTC,False,False,1,TAKER,6666.25,0.0,['0.00 USD'],NO_TRIGGER,FILLED,NO_CONTINGENCY,,,,MY_GENERIC_ALGO,,O-20260309-010626-001-000-305,,be233678-7157-4bde-8cbb-eca26cc8730f,2026-03-09 01:06:26.795820746+00:00,2026-03-09 01:06:26.795820746+00:00
BACKTESTER-001,OracleStrategy-000,MESM6.GLBX,GLBX-1-164,MESM6.GLBX-OracleStrategy-000,GLBX-001,GLBX-1-164,MARKET,BUY,1,GTC,True,False,1,TAKER,6662.25,0.0,['0.00 USD'],NO_TRIGGER,FILLED,NO_CONTINGENCY,,,,MY_GENERIC_ALGO,,O-20260309-010755-001-000-306,,6a0c4ccd-f0df-47e7-92b6-6c56f101a359,2026-03-09 01:07:55.652072807+00:00,2026-03-09 01:07:55.652072807+00:00
BACKTESTER-001,OracleStrategy-000,MESM6.GLBX,GLBX-1-165,MESM6.GLBX-OracleStrategy-000,GLBX-001,GLBX-1-165,MARKET,BUY,1,GTC,False,False,1,TAKER,6662.25,0.0,['0.00 USD'],NO_TRIGGER,FILLED,NO_CONTINGENCY,,,,MY_GENERIC_ALGO,,O-20260309-010755-001-000-307,,794c8552-9bc0-43ff-b314-344aa2618ccd,2026-03-09 01:07:55.652072807+00:00,2026-03-09 01:07:55.652072807+00:00
BACKTESTER-001,OracleStrategy-000,MESM6.GLBX,GLBX-1-166,MESM6.GLBX-OracleStrategy-000,GLBX-001,GLBX-1-166,MARKET,SELL,1,GTC,True,False,1,TAKER,6662.25,0.0,['0.00 USD'],NO_TRIGGER,FILLED,NO_CONTINGENCY,,,,MY_GENERIC_ALGO,,O-20260309-010812-001-000-308,,c0303336-02d5-4e75-9989-7761629516ae,2026-03-09 01:08:12.372358056+00:00,2026-03-09 01:08:12.372358056+00:00
BACKTESTER-001,OracleStrategy-000,MESM6.GLBX,GLBX-1-167,MESM6.GLBX-OracleStrategy-000,GLBX-001,GLBX-1-167,MARKET,SELL,1,GTC,False,False,1,TAKER,6662.25,0.0,['0.00 USD'],NO_TRIGGER,FILLED,NO_CONTINGENCY,,,,MY_GENERIC_ALGO,,O-20260309-010812-001-000-309,,cc55148c-28fe-46aa-86a6-60be166508df,2026-03-09 01:08:12.372358056+00:00,2026-03-09 01:08:12.372358056+00:00
BACKTESTER-001,OracleStrategy-000,MESM6.GLBX,GLBX-1-168,MESM6.GLBX-OracleStrategy-000,GLBX-001,GLBX-1-168,MARKET,BUY,1,GTC,True,False,1,TAKER,6663.25,0.0,['0.00 USD'],NO_TRIGGER,FILLED,NO_CONTINGENCY,,,,MY_GENERIC_ALGO,,O-20260309-010826-001-000-310,,ff100e64-074c-4cfd-a3bb-d758a65b6b5f,2026-03-09 01:08:26.479048031+00:00,2026-03-09 01:08:26.479048031+00:00
BACKTESTER-001,OracleStrategy-000,MESM6.GLBX,GLBX-1-169,MESM6.GLBX-OracleStrategy-000,GLBX-001,GLBX-1-169,MARKET,BUY,1,GTC,False,False,1,TAKER,6663.25,0.0,['0.00 USD'],NO_TRIGGER,FILLED,NO_CONTINGENCY,,,,MY_GENERIC_ALGO,,O-20260309-010826-001-000-311,,b463b0d0-57c2-46bc-a43e-121ff496584e,2026-03-09 01:08:26.479048031+00:00,2026-03-09 01:08:26.479048031+00:00
BACKTESTER-001,OracleStrategy-000,MESM6.GLBX,GLBX-1-170,MESM6.GLBX-OracleStrategy-000,GLBX-001,GLBX-1-170,MARKET,SELL,1,GTC,True,False,1,TAKER,6663.75,0.0,['0.00 USD'],NO_TRIGGER,FILLED,NO_CONTINGENCY,,,,MY_GENERIC_ALGO,,O-20260309-010921-001-000-312,,15996d4e-6e7a-4689-8cc4-36231511d5d0,2026-03-09 01:09:21.082713277+00:00,2026-03-09 01:09:21.082713277+00:00
BACKTESTER-001,OracleStrategy-000,MESM6.GLBX,GLBX-1-171,MESM6.GLBX-OracleStrategy-000,GLBX-001,GLBX-1-171,MARKET,SELL,1,GTC,False,False,1,TAKER,6663.75,0.0,['0.00 USD'],NO_TRIGGER,FILLED,NO_CONTINGENCY,,,,MY_GENERIC_ALGO,,O-20260309-010921-001-000-313,,5310a1c8-e58a-46fa-97af-6cf3f083a4c8,2026-03-09 01:09:21.082713277+00:00,2026-03-09 01:09:21.082713277+00:00
BACKTESTER-001,OracleStrategy-000,MESM6.GLBX,GLBX-1-172,MESM6.GLBX-OracleStrategy-000,GLBX-001,GLBX-1-172,MARKET,BUY,1,GTC,True,False,1,TAKER,6662.25,0.0,['0.00 USD'],NO_TRIGGER,FILLED,NO_CONTINGENCY,,,,MY_GENERIC_ALGO,,O-20260309-011008-001-000-314,,83c122d0-188c-407c-985a-02749565f501,2026-03-09 01:10:08.717610275+00:00,2026-03-09 01:10:08.717610275+00:00
BACKTESTER-001,OracleStrategy-000,MESM6.GLBX,GLBX-1-173,MESM6.GLBX-OracleStrategy-000,GLBX-001,GLBX-1-173,MARKET,BUY,1,GTC,False,False,1,TAKER,6657.0,0.0,['0.00 USD'],NO_TRIGGER,FILLED,NO_CONTINGENCY,,,,MY_GENERIC_ALGO,,O-20260309-011022-001-000-317,,5be6edd7-dd35-431a-b9f4-06c18c21746d,2026-03-09 01:10:22.906957395+00:00,2026-03-09 01:10:22.906957395+00:00
BACKTESTER-001,OracleStrategy-000,MESM6.GLBX,GLBX-1-174,MESM6.GLBX-OracleStrategy-000,GLBX-001,GLBX-1-174,MARKET,SELL,1,GTC,True,False,1,TAKER,6657.75,0.0,['0.00 USD'],NO_TRIGGER,FILLED,NO_CONTINGENCY,,,,MY_GENERIC_ALGO,,O-20260309-011034-001-000-318,,378db771-1a9a-4d61-b95d-a59717bef55c,2026-03-09 01:10:34.145246399+00:00,2026-03-09 01:10:34.145246399+00:00
BACKTESTER-001,OracleStrategy-000,MESM6.GLBX,GLBX-1-175,MESM6.GLBX-OracleStrategy-000,GLBX-001,GLBX-1-175,MARKET,SELL,1,GTC,False,False,1,TAKER,6657.75,0.0,['0.00 USD'],NO_TRIGGER,FILLED,NO_CONTINGENCY,,,,MY_GENERIC_ALGO,,O-20260309-011034-001-000-319,,950e1808-4ba2-478f-9186-a8358aff3dd0,2026-03-09 01:10:34.145246399+00:00,2026-03-09 01:10:34.145246399+00:00
BACKTESTER-001,OracleStrategy-000,MESM6.GLBX,GLBX-1-176,MESM6.GLBX-OracleStrategy-000,GLBX-001,GLBX-1-176,MARKET,BUY,1,GTC,True,False,1,TAKER,6657.25,0.0,['0.00 USD'],NO_TRIGGER,FILLED,NO_CONTINGENCY,,,,MY_GENERIC_ALGO,,O-20260309-011037-001-000-320,,0cfb2609-8868-4013-a16d-a598ca09dfd1,2026-03-09 01:10:37.745597592+00:00,2026-03-09 01:10:37.745597592+00:00
BACKTESTER-001,OracleStrategy-000,MESM6.GLBX,GLBX-1-177,MESM6.GLBX-OracleStrategy-000,GLBX-001,GLBX-1-177,MARKET,BUY,1,GTC,False,False,1,TAKER,6657.25,0.0,['0.00 USD'],NO_TRIGGER,FILLED,NO_CONTINGENCY,,,,MY_GENERIC_ALGO,,O-20260309-011037-001-000-321,,2cfacc9a-8dea-49ad-a0b1-6fb6a46f46f6,2026-03-09 01:10:37.745597592+00:00,2026-03-09 01:10:37.745597592+00:00
BACKTESTER-001,OracleStrategy-000,MESM6.GLBX,GLBX-1-178,MESM6.GLBX-OracleStrategy-000,GLBX-001,GLBX-1-178,MARKET,SELL,1,GTC,True,False,1,TAKER,6655.75,0.0,['0.00 USD'],NO_TRIGGER,FILLED,NO_CONTINGENCY,,,,MY_GENERIC_ALGO,,O-20260309-011044-001-000-322,,0fc2e609-2eed-440f-9154-990a28234837,2026-03-09 01:10:44.189100384+00:00,2026-03-09 01:10:44.189100384+00:00
BACKTESTER-001,OracleStrategy-000,MESM6.GLBX,GLBX-1-179,MESM6.GLBX-OracleStrategy-000,GLBX-001,GLBX-1-179,MARKET,SELL,1,GTC,False,False,1,TAKER,6655.75,0.0,['0.00 USD'],NO_TRIGGER,FILLED,NO_CONTINGENCY,,,,MY_GENERIC_ALGO,,O-20260309-011044-001-000-323,,81502a28-e696-4b5c-8d3a-1f9d16426ba4,2026-03-09 01:10:44.189100384+00:00,2026-03-09 01:10:44.189100384+00:00
BACKTESTER-001,OracleStrategy-000,MESM6.GLBX,GLBX-1-180,MESM6.GLBX-OracleStrategy-000,GLBX-001,GLBX-1-180,MARKET,BUY,1,GTC,True,False,1,TAKER,6656.5,0.0,['0.00 USD'],NO_TRIGGER,FILLED,NO_CONTINGENCY,,,,MY_GENERIC_ALGO,,O-20260309-011045-001-000-324,,4c9be51f-0a6a-4f3b-b375-06e04d3878fb,2026-03-09 01:10:45.408022426+00:00,2026-03-09 01:10:45.408022426+00:00
BACKTESTER-001,OracleStrategy-000,MESM6.GLBX,GLBX-1-181,MESM6.GLBX-OracleStrategy-000,GLBX-001,GLBX-1-181,MARKET,BUY,1,GTC,False,False,1,TAKER,6656.5,0.0,['0.00 USD'],NO_TRIGGER,FILLED,NO_CONTINGENCY,,,,MY_GENERIC_ALGO,,O-20260309-011045-001-000-325,,89317bfb-fc33-407c-a8fd-ee395e426348,2026-03-09 01:10:45.408022426+00:00,2026-03-09 01:10:45.408022426+00:00
BACKTESTER-001,OracleStrategy-000,MESM6.GLBX,GLBX-1-182,MESM6.GLBX-OracleStrategy-000,GLBX-001,GLBX-1-182,MARKET,SELL,1,GTC,True,False,1,TAKER,6655.25,0.0,['0.00 USD'],NO_TRIGGER,FILLED,NO_CONTINGENCY,,,,MY_GENERIC_ALGO,,O-20260309-011048-001-000-326,,2bb9e960-b16c-4b47-b60b-359281df42a8,2026-03-09 01:10:48.853325236+00:00,2026-03-09 01:10:48.853325236+00:00
BACKTESTER-001,OracleStrategy-000,MESM6.GLBX,GLBX-1-183,MESM6.GLBX-OracleStrategy-000,GLBX-001,GLBX-1-183,MARKET,SELL,1,GTC,False,False,1,TAKER,6655.25,0.0,['0.00 USD'],NO_TRIGGER,FILLED,NO_CONTINGENCY,,,,MY_GENERIC_ALGO,,O-20260309-011048-001-000-327,,c404fa46-9185-49f4-be88-cf45cf9b064d,2026-03-09 01:10:48.853325236+00:00,2026-03-09 01:10:48.853325236+00:00
BACKTESTER-001,OracleStrategy-000,MESM6.GLBX,GLBX-1-184,MESM6.GLBX-OracleStrategy-000,GLBX-001,GLBX-1-184,MARKET,BUY,1,GTC,True,False,1,TAKER,6656.25,0.0,['0.00 USD'],NO_TRIGGER,FILLED,NO_CONTINGENCY,,,,MY_GENERIC_ALGO,,O-20260309-011100-001-000-328,,4c1d5427-5ed7-4b12-9853-07218e512ef8,2026-03-09 01:11:00.682647762+00:00,2026-03-09 01:11:00.682647762+00:00
BACKTESTER-001,OracleStrategy-000,MESM6.GLBX,GLBX-1-185,MESM6.GLBX-OracleStrategy-000,GLBX-001,GLBX-1-185,MARKET,BUY,1,GTC,False,False,1,TAKER,6656.25,0.0,['0.00 USD'],NO_TRIGGER,FILLED,NO_CONTINGENCY,,,,MY_GENERIC_ALGO,,O-20260309-011100-001-000-329,,a3594c9d-548a-42c1-a7a1-87ebe1247a87,2026-03-09 01:11:00.682647762+00:00,2026-03-09 01:11:00.682647762+00:00
BACKTESTER-001,OracleStrategy-000,MESM6.GLBX,GLBX-1-186,MESM6.GLBX-OracleStrategy-000,GLBX-001,GLBX-1-186,MARKET,SELL,1,GTC,True,False,1,TAKER,6662.0,0.0,['0.00 USD'],NO_TRIGGER,FILLED,NO_CONTINGENCY,,,,MY_GENERIC_ALGO,,O-20260309-011218-001-000-330,,7b4499f4-b35a-43b2-a02a-32802de6ca78,2026-03-09 01:12:18.651609171+00:00,2026-03-09 01:12:18.651609171+00:00
BACKTESTER-001,OracleStrategy-000,MESM6.GLBX,GLBX-1-187,MESM6.GLBX-OracleStrategy-000,GLBX-001,GLBX-1-187,MARKET,SELL,1,GTC,False,False,1,TAKER,6662.0,0.0,['0.00 USD'],NO_TRIGGER,FILLED,NO_CONTINGENCY,,,,MY_GENERIC_ALGO,,O-20260309-011218-001-000-331,,4ea1bfb2-622a-437c-b473-99a98395c09c,2026-03-09 01:12:18.651609171+00:00,2026-03-09 01:12:18.651609171+00:00
BACKTESTER-001,OracleStrategy-000,MESM6.GLBX,GLBX-1-188,MESM6.GLBX-OracleStrategy-000,GLBX-001,GLBX-1-188,MARKET,BUY,1,GTC,True,False,1,TAKER,6663.0,0.0,['0.00 USD'],NO_TRIGGER,FILLED,NO_CONTINGENCY,,,,MY_GENERIC_ALGO,,O-20260309-011221-001-000-332,,b947ecaf-7601-4eeb-999c-d020b3a93524,2026-03-09 01:12:21.851915331+00:00,2026-03-09 01:12:21.851915331+00:00
BACKTESTER-001,OracleStrategy-000,MESM6.GLBX,GLBX-1-189,MESM6.GLBX-OracleStrategy-000,GLBX-001,GLBX-1-189,MARKET,BUY,1,GTC,False,False,1,TAKER,6663.0,0.0,['0.00 USD'],NO_TRIGGER,FILLED,NO_CONTINGENCY,,,,MY_GENERIC_ALGO,,O-20260309-011221-001-000-333,,a180d523-f81c-4720-a4c3-5320b358a666,2026-03-09 01:12:21.851915331+00:00,2026-03-09 01:12:21.851915331+00:00
BACKTESTER-001,OracleStrategy-000,MESM6.GLBX,GLBX-1-190,MESM6.GLBX-OracleStrategy-000,GLBX-001,GLBX-1-190,MARKET,SELL,1,GTC,True,False,1,TAKER,6662.75,0.0,['0.00 USD'],NO_TRIGGER,FILLED,NO_CONTINGENCY,,,,MY_GENERIC_ALGO,,O-20260309-011229-001-000-334,,cf00c6a3-8346-4464-8dfd-51bae94da34d,2026-03-09 01:12:29.243108289+00:00,2026-03-09 01:12:29.243108289+00:00
BACKTESTER-001,OracleStrategy-000,MESM6.GLBX,GLBX-1-191,MESM6.GLBX-OracleStrategy-000,GLBX-001,GLBX-1-191,MARKET,SELL,1,GTC,False,False,1,TAKER,6662.75,0.0,['0.00 USD'],NO_TRIGGER,FILLED,NO_CONTINGENCY,,,,MY_GENERIC_ALGO,,O-20260309-011229-001-000-335,,809e5f45-0a9e-49c4-ab72-5f57af89c197,2026-03-09 01:12:29.243108289+00:00,2026-03-09 01:12:29.243108289+00:00
BACKTESTER-001,OracleStrategy-000,MESM6.GLBX,GLBX-1-192,MESM6.GLBX-OracleStrategy-000,GLBX-001,GLBX-1-192,MARKET,BUY,1,GTC,True,False,1,TAKER,6660.75,0.0,['0.00 USD'],NO_TRIGGER,FILLED,NO_CONTINGENCY,,,,MY_GENERIC_ALGO,,O-20260309-011416-001-000-336,,65865636-8dc6-4117-943d-b2e9e569edaf,2026-03-09 01:14:16.882628935+00:00,2026-03-09 01:14:16.882628935+00:00
BACKTESTER-001,OracleStrategy-000,MESM6.GLBX,GLBX-1-193,MESM6.GLBX-OracleStrategy-000,GLBX-001,GLBX-1-193,MARKET,BUY,1,GTC,False,False,1,TAKER,6660.75,0.0,['0.00 USD'],NO_TRIGGER,FILLED,NO_CONTINGENCY,,,,MY_GENERIC_ALGO,,O-20260309-011416-001-000-337,,250a3376-3c58-43c5-900f-a047062bd171,2026-03-09 01:14:16.882628935+00:00,2026-03-09 01:14:16.882628935+00:00
BACKTESTER-001,OracleStrategy-000,MESM6.GLBX,GLBX-1-194,MESM6.GLBX-OracleStrategy-000,GLBX-001,GLBX-1-194,MARKET,SELL,1,GTC,True,False,1,TAKER,6662.25,0.0,['0.00 USD'],NO_TRIGGER,FILLED,NO_CONTINGENCY,,,,MY_GENERIC_ALGO,,O-20260309-011546-001-000-338,,422678b6-0c95-4467-9a4a-88e5e3bda88c,2026-03-09 01:15:46.152396077+00:00,2026-03-09 01:15:46.152396077+00:00
BACKTESTER-001,OracleStrategy-000,MESM6.GLBX,GLBX-1-195,MESM6.GLBX-OracleStrategy-000,GLBX-001,GLBX-1-195,MARKET,SELL,1,GTC,False,False,1,TAKER,6662.25,0.0,['0.00 USD'],NO_TRIGGER,FILLED,NO_CONTINGENCY,,,,MY_GENERIC_ALGO,,O-20260309-011546-001-000-339,,939c9327-a8e7-4972-a9f0-4abe61e3566b,2026-03-09 01:15:46.152396077+00:00,2026-03-09 01:15:46.152396077+00:00
BACKTESTER-001,OracleStrategy-000,MESM6.GLBX,GLBX-1-196,MESM6.GLBX-OracleStrategy-000,GLBX-001,GLBX-1-196,MARKET,BUY,1,GTC,True,False,1,TAKER,6660.25,0.0,['0.00 USD'],NO_TRIGGER,FILLED,NO_CONTINGENCY,,,,MY_GENERIC_ALGO,,O-20260309-011552-001-000-340,,01ab9940-168f-4f7b-b7d9-3bee5ef5d5a8,2026-03-09 01:15:52.075671211+00:00,2026-03-09 01:15:52.075671211+00:00
BACKTESTER-001,OracleStrategy-000,MESM6.GLBX,GLBX-1-197,MESM6.GLBX-OracleStrategy-000,GLBX-001,GLBX-1-197,MARKET,BUY,1,GTC,False,False,1,TAKER,6660.25,0.0,['0.00 USD'],NO_TRIGGER,FILLED,NO_CONTINGENCY,,,,MY_GENERIC_ALGO,,O-20260309-011552-001-000-341,,428a3a13-d294-49d7-99ba-1d494b2e6c93,2026-03-09 01:15:52.075671211+00:00,2026-03-09 01:15:52.075671211+00:00
BACKTESTER-001,OracleStrategy-000,MESM6.GLBX,GLBX-1-198,MESM6.GLBX-OracleStrategy-000,GLBX-001,GLBX-1-198,MARKET,SELL,1,GTC,True,False,1,TAKER,6662.0,0.0,['0.00 USD'],NO_TRIGGER,FILLED,NO_CONTINGENCY,,,,MY_GENERIC_ALGO,,O-20260309-011609-001-000-342,,388b2454-9d52-4525-80d3-bff39111277f,2026-03-09 01:16:09.089106566+00:00,2026-03-09 01:16:09.089106566+00:00
BACKTESTER-001,OracleStrategy-000,MESM6.GLBX,GLBX-1-199,MESM6.GLBX-OracleStrategy-000,GLBX-001,GLBX-1-199,MARKET,SELL,1,GTC,False,False,1,TAKER,6662.0,0.0,['0.00 USD'],NO_TRIGGER,FILLED,NO_CONTINGENCY,,,,MY_GENERIC_ALGO,,O-20260309-011609-001-000-343,,fc8d9002-b0a4-485e-9767-d16f8b0ecf6d,2026-03-09 01:16:09.089106566+00:00,2026-03-09 01:16:09.089106566+00:00
BACKTESTER-001,OracleStrategy-000,MESM6.GLBX,GLBX-1-200,MESM6.GLBX-OracleStrategy-000,GLBX-001,GLBX-1-200,MARKET,BUY,1,GTC,True,False,1,TAKER,6662.0,0.0,['0.00 USD'],NO_TRIGGER,FILLED,NO_CONTINGENCY,,,,MY_GENERIC_ALGO,,O-20260309-011633-001-000-344,,0915c097-91b3-4f0f-a939-18a43832c9c8,2026-03-09 01:16:33.785487157+00:00,2026-03-09 01:16:33.785487157+00:00
BACKTESTER-001,OracleStrategy-000,MESM6.GLBX,GLBX-1-201,MESM6.GLBX-OracleStrategy-000,GLBX-001,GLBX-1-201,MARKET,BUY,1,GTC,False,False,1,TAKER,6662.0,0.0,['0.00 USD'],NO_TRIGGER,FILLED,NO_CONTINGENCY,,,,MY_GENERIC_ALGO,,O-20260309-011633-001-000-345,,76521054-bc0e-4dd0-8c96-bf9955fb7488,2026-03-09 01:16:33.785487157+00:00,2026-03-09 01:16:33.785487157+00:00
BACKTESTER-001,OracleStrategy-000,MESM6.GLBX,GLBX-1-202,MESM6.GLBX-OracleStrategy-000,GLBX-001,GLBX-1-202,MARKET,SELL,1,GTC,True,False,1,TAKER,6661.25,0.0,['0.00 USD'],NO_TRIGGER,FILLED,NO_CONTINGENCY,,,,MY_GENERIC_ALGO,,O-20260309-011708-001-000-346,,c567b97f-98ff-48d2-842e-f11189a9809e,2026-03-09 01:17:08.833993173+00:00,2026-03-09 01:17:08.833993173+00:00
BACKTESTER-001,OracleStrategy-000,MESM6.GLBX,GLBX-1-203,MESM6.GLBX-OracleStrategy-000,GLBX-001,GLBX-1-203,MARKET,SELL,1,GTC,False,False,1,TAKER,6661.25,0.0,['0.00 USD'],NO_TRIGGER,FILLED,NO_CONTINGENCY,,,,MY_GENERIC_ALGO,,O-20260309-011708-001-000-347,,8ddeedf7-645e-4cc1-80d8-396dae155082,2026-03-09 01:17:08.833993173+00:00,2026-03-09 01:17:08.833993173+00:00
BACKTESTER-001,OracleStrategy-000,MESM6.GLBX,GLBX-1-204,MESM6.GLBX-OracleStrategy-000,GLBX-001,GLBX-1-204,MARKET,BUY,1,GTC,True,False,1,TAKER,6661.25,0.0,['0.00 USD'],NO_TRIGGER,FILLED,NO_CONTINGENCY,,,,MY_GENERIC_ALGO,,O-20260309-011737-001-000-348,,b66407ef-f225-4962-a562-72c8104efa7e,2026-03-09 01:17:37.874121215+00:00,2026-03-09 01:17:37.874121215+00:00
BACKTESTER-001,OracleStrategy-000,MESM6.GLBX,GLBX-1-205,MESM6.GLBX-OracleStrategy-000,GLBX-001,GLBX-1-205,MARKET,BUY,1,GTC,False,False,1,TAKER,6661.25,0.0,['0.00 USD'],NO_TRIGGER,FILLED,NO_CONTINGENCY,,,,MY_GENERIC_ALGO,,O-20260309-011737-001-000-349,,286241c0-0123-42ac-9fef-353fa424379a,2026-03-09 01:17:37.874121215+00:00,2026-03-09 01:17:37.874121215+00:00
BACKTESTER-001,OracleStrategy-000,MESM6.GLBX,GLBX-1-206,MESM6.GLBX-OracleStrategy-000,GLBX-001,GLBX-1-206,MARKET,SELL,1,GTC,True,False,1,TAKER,6661.25,0.0,['0.00 USD'],NO_TRIGGER,FILLED,NO_CONTINGENCY,,,,MY_GENERIC_ALGO,,O-20260309-011751-001-000-350,,5bf4f6b4-efcd-46ae-b23e-039590e5a7e3,2026-03-09 01:17:51.638837827+00:00,2026-03-09 01:17:51.638837827+00:00
BACKTESTER-001,OracleStrategy-000,MESM6.GLBX,GLBX-1-207,MESM6.GLBX-OracleStrategy-000,GLBX-001,GLBX-1-207,MARKET,SELL,1,GTC,False,False,1,TAKER,6661.25,0.0,['0.00 USD'],NO_TRIGGER,FILLED,NO_CONTINGENCY,,,,MY_GENERIC_ALGO,,O-20260309-011751-001-000-351,,4dba6ab7-32ae-45d3-8ad0-47296272860d,2026-03-09 01:17:51.638837827+00:00,2026-03-09 01:17:51.638837827+00:00
BACKTESTER-001,OracleStrategy-000,MESM6.GLBX,GLBX-1-208,MESM6.GLBX-OracleStrategy-000,GLBX-001,GLBX-1-208,MARKET,BUY,1,GTC,True,False,1,TAKER,6658.5,0.0,['0.00 USD'],NO_TRIGGER,FILLED,NO_CONTINGENCY,,,,MY_GENERIC_ALGO,,O-20260309-011936-001-000-352,,fae0cc91-7870-4210-b8f3-e0a9dde61f03,2026-03-09 01:19:36.225741632+00:00,2026-03-09 01:19:36.225741632+00:00
BACKTESTER-001,OracleStrategy-000,MESM6.GLBX,GLBX-1-209,MESM6.GLBX-OracleStrategy-000,GLBX-001,GLBX-1-209,MARKET,BUY,1,GTC,False,False,1,TAKER,6658.5,0.0,['0.00 USD'],NO_TRIGGER,FILLED,NO_CONTINGENCY,,,,MY_GENERIC_ALGO,,O-20260309-011936-001-000-353,,44671055-b985-482d-8553-e1c900f117a7,2026-03-09 01:19:36.225741632+00:00,2026-03-09 01:19:36.225741632+00:00
BACKTESTER-001,OracleStrategy-000,MESM6.GLBX,GLBX-1-210,MESM6.GLBX-OracleStrategy-000,GLBX-001,GLBX-1-210,MARKET,SELL,1,GTC,True,False,1,TAKER,6659.75,0.0,['0.00 USD'],NO_TRIGGER,FILLED,NO_CONTINGENCY,,,,MY_GENERIC_ALGO,,O-20260309-011943-001-000-354,,e6b7d0c1-7746-45c7-a3f7-0d2d92d3f725,2026-03-09 01:19:43.696850018+00:00,2026-03-09 01:19:43.696850018+00:00
BACKTESTER-001,OracleStrategy-000,MESM6.GLBX,GLBX-1-211,MESM6.GLBX-OracleStrategy-000,GLBX-001,GLBX-1-211,MARKET,SELL,1,GTC,False,False,1,TAKER,6659.75,0.0,['0.00 USD'],NO_TRIGGER,FILLED,NO_CONTINGENCY,,,,MY_GENERIC_ALGO,,O-20260309-011943-001-000-355,,b4bc1a89-a406-44c6-99a4-b43c981920d9,2026-03-09 01:19:43.696850018+00:00,2026-03-09 01:19:43.696850018+00:00
BACKTESTER-001,OracleStrategy-000,MESM6.GLBX,GLBX-1-212,MESM6.GLBX-OracleStrategy-000,GLBX-001,GLBX-1-212,MARKET,BUY,1,GTC,True,False,1,TAKER,6658.0,0.0,['0.00 USD'],NO_TRIGGER,FILLED,NO_CONTINGENCY,,,,MY_GENERIC_ALGO,,O-20260309-011957-001-000-356,,a931e146-7fd6-4f7a-8b13-05771a409ade,2026-03-09 01:19:57.706666690+00:00,2026-03-09 01:19:57.706666690+00:00
BACKTESTER-001,OracleStrategy-000,MESM6.GLBX,GLBX-1-213,MESM6.GLBX-OracleStrategy-000,GLBX-001,GLBX-1-213,MARKET,BUY,1,GTC,False,False,1,TAKER,6658.0,0.0,['0.00 USD'],NO_TRIGGER,FILLED,NO_CONTINGENCY,,,,MY_GENERIC_ALGO,,O-20260309-011957-001-000-357,,9a47f0be-4fc8-4445-b475-e64c12fe85c6,2026-03-09 01:19:57.706666690+00:00,2026-03-09 01:19:57.706666690+00:00
BACKTESTER-001,OracleStrategy-000,MESM6.GLBX,GLBX-1-214,MESM6.GLBX-OracleStrategy-000,GLBX-001,GLBX-1-214,MARKET,SELL,1,GTC,True,False,1,TAKER,6656.75,0.0,['0.00 USD'],NO_TRIGGER,FILLED,NO_CONTINGENCY,,,,MY_GENERIC_ALGO,,O-20260309-012035-001-000-358,,dd6cc4a8-866a-4649-b537-3f82676535e4,2026-03-09 01:20:35.682332370+00:00,2026-03-09 01:20:35.682332370+00:00
BACKTESTER-001,OracleStrategy-000,MESM6.GLBX,GLBX-1-215,MESM6.GLBX-OracleStrategy-000,GLBX-001,GLBX-1-215,MARKET,SELL,1,GTC,False,False,1,TAKER,6656.75,0.0,['0.00 USD'],NO_TRIGGER,FILLED,NO_CONTINGENCY,,,,MY_GENERIC_ALGO,,O-20260309-012035-001-000-359,,b27c6027-b087-4244-becf-8632eba565e1,2026-03-09 01:20:35.682332370+00:00,2026-03-09 01:20:35.682332370+00:00
BACKTESTER-001,OracleStrategy-000,MESM6.GLBX,GLBX-1-216,MESM6.GLBX-OracleStrategy-000,GLBX-001,GLBX-1-216,MARKET,BUY,1,GTC,True,False,1,TAKER,6656.0,0.0,['0.00 USD'],NO_TRIGGER,FILLED,NO_CONTINGENCY,,,,MY_GENERIC_ALGO,,O-20260309-012050-001-000-360,,aa3bbfa4-0d1e-4931-bc29-911968e172f1,2026-03-09 01:20:50.378112250+00:00,2026-03-09 01:20:50.378112250+00:00
BACKTESTER-001,OracleStrategy-000,MESM6.GLBX,GLBX-1-217,MESM6.GLBX-OracleStrategy-000,GLBX-001,GLBX-1-217,MARKET,BUY,1,GTC,False,False,1,TAKER,6656.0,0.0,['0.00 USD'],NO_TRIGGER,FILLED,NO_CONTINGENCY,,,,MY_GENERIC_ALGO,,O-20260309-012050-001-000-361,,7eea6062-33b0-47b1-b14b-2c37458743cb,2026-03-09 01:20:50.378112250+00:00,2026-03-09 01:20:50.378112250+00:00
BACKTESTER-001,OracleStrategy-000,MESM6.GLBX,GLBX-1-218,MESM6.GLBX-OracleStrategy-000,GLBX-001,GLBX-1-218,MARKET,SELL,1,GTC,True,False,1,TAKER,6655.5,0.0,['0.00 USD'],NO_TRIGGER,FILLED,NO_CONTINGENCY,,,,MY_GENERIC_ALGO,,O-20260309-012051-001-000-362,,dcc8178f-f15b-47fc-bdea-85bfeeeda9c0,2026-03-09 01:20:51.728048129+00:00,2026-03-09 01:20:51.728048129+00:00
BACKTESTER-001,OracleStrategy-000,MESM6.GLBX,GLBX-1-219,MESM6.GLBX-OracleStrategy-000,GLBX-001,GLBX-1-219,MARKET,SELL,1,GTC,False,False,1,TAKER,6655.5,0.0,['0.00 USD'],NO_TRIGGER,FILLED,NO_CONTINGENCY,,,,MY_GENERIC_ALGO,,O-20260309-012051-001-000-363,,d216f83c-eecf-49be-ac44-390e1fa6bf5c,2026-03-09 01:20:51.728048129+00:00,2026-03-09 01:20:51.728048129+00:00
BACKTESTER-001,OracleStrategy-000,MESM6.GLBX,GLBX-1-220,MESM6.GLBX-OracleStrategy-000,GLBX-001,GLBX-1-220,MARKET,BUY,1,GTC,True,False,1,TAKER,6653.75,0.0,['0.00 USD'],NO_TRIGGER,FILLED,NO_CONTINGENCY,,,,MY_GENERIC_ALGO,,O-20260309-012123-001-000-364,,197cc9dc-83c2-457b-8450-6e53a057a501,2026-03-09 01:21:23.318350779+00:00,2026-03-09 01:21:23.318350779+00:00
BACKTESTER-001,OracleStrategy-000,MESM6.GLBX,GLBX-1-221,MESM6.GLBX-OracleStrategy-000,GLBX-001,GLBX-1-221,MARKET,BUY,1,GTC,False,False,1,TAKER,6653.75,0.0,['0.00 USD'],NO_TRIGGER,FILLED,NO_CONTINGENCY,,,,MY_GENERIC_ALGO,,O-20260309-012123-001-000-365,,ce08390c-2aec-4a61-b4dc-f33d2632cf15,2026-03-09 01:21:23.318350779+00:00,2026-03-09 01:21:23.318350779+00:00
BACKTESTER-001,OracleStrategy-000,MESM6.GLBX,GLBX-1-222,MESM6.GLBX-OracleStrategy-000,GLBX-001,GLBX-1-222,MARKET,SELL,1,GTC,True,False,1,TAKER,6656.5,0.0,['0.00 USD'],NO_TRIGGER,FILLED,NO_CONTINGENCY,,,,MY_GENERIC_ALGO,,O-20260309-012213-001-000-366,,e7d9ba23-7574-464d-b87d-8aeef93572e1,2026-03-09 01:22:13.380643248+00:00,2026-03-09 01:22:13.380643248+00:00
BACKTESTER-001,OracleStrategy-000,MESM6.GLBX,GLBX-1-223,MESM6.GLBX-OracleStrategy-000,GLBX-001,GLBX-1-223,MARKET,SELL,1,GTC,False,False,1,TAKER,6656.5,0.0,['0.00 USD'],NO_TRIGGER,FILLED,NO_CONTINGENCY,,,,MY_GENERIC_ALGO,,O-20260309-012213-001-000-367,,6cff625e-d24f-436c-a71c-5727a84e69ce,2026-03-09 01:22:13.380643248+00:00,2026-03-09 01:22:13.380643248+00:00
BACKTESTER-001,OracleStrategy-000,MESM6.GLBX,GLBX-1-224,MESM6.GLBX-OracleStrategy-000,GLBX-001,GLBX-1-224,MARKET,BUY,1,GTC,True,False,1,TAKER,6657.0,0.0,['0.00 USD'],NO_TRIGGER,FILLED,NO_CONTINGENCY,,,,MY_GENERIC_ALGO,,O-20260309-012219-001-000-368,,cba23874-fb8a-47bb-a086-d0a82eb6450e,2026-03-09 01:22:19.521857423+00:00,2026-03-09 01:22:19.521857423+00:00
BACKTESTER-001,OracleStrategy-000,MESM6.GLBX,GLBX-1-225,MESM6.GLBX-OracleStrategy-000,GLBX-001,GLBX-1-225,MARKET,BUY,1,GTC,False,False,1,TAKER,6657.0,0.0,['0.00 USD'],NO_TRIGGER,FILLED,NO_CONTINGENCY,,,,MY_GENERIC_ALGO,,O-20260309-012219-001-000-369,,a0645a7a-886f-4ac6-a4dd-45070e995a5a,2026-03-09 01:22:19.521857423+00:00,2026-03-09 01:22:19.521857423+00:00
BACKTESTER-001,OracleStrategy-000,MESM6.GLBX,GLBX-1-226,MESM6.GLBX-OracleStrategy-000,GLBX-001,GLBX-1-226,MARKET,SELL,1,GTC,True,False,1,TAKER,6656.0,0.0,['0.00 USD'],NO_TRIGGER,FILLED,NO_CONTINGENCY,,,,MY_GENERIC_ALGO,,O-20260309-012225-001-000-370,,19b25929-c8b7-4981-a7bb-685abfe7b6d7,2026-03-09 01:22:25.175584904+00:00,2026-03-09 01:22:25.175584904+00:00
BACKTESTER-001,OracleStrategy-000,MESM6.GLBX,GLBX-1-227,MESM6.GLBX-OracleStrategy-000,GLBX-001,GLBX-1-227,MARKET,SELL,1,GTC,False,False,1,TAKER,6656.0,0.0,['0.00 USD'],NO_TRIGGER,FILLED,NO_CONTINGENCY,,,,MY_GENERIC_ALGO,,O-20260309-012225-001-000-371,,3b659088-04d9-4613-83f1-1c5a452c3656,2026-03-09 01:22:25.175584904+00:00,2026-03-09 01:22:25.175584904+00:00
BACKTESTER-001,OracleStrategy-000,MESM6.GLBX,GLBX-1-228,MESM6.GLBX-OracleStrategy-000,GLBX-001,GLBX-1-228,MARKET,BUY,1,GTC,True,False,1,TAKER,6656.75,0.0,['0.00 USD'],NO_TRIGGER,FILLED,NO_CONTINGENCY,,,,MY_GENERIC_ALGO,,O-20260309-012336-001-000-372,,06b5f6a6-c235-4c68-a28e-b1139e118168,2026-03-09 01:23:36.955972689+00:00,2026-03-09 01:23:36.955972689+00:00
BACKTESTER-001,OracleStrategy-000,MESM6.GLBX,GLBX-1-229,MESM6.GLBX-OracleStrategy-000,GLBX-001,GLBX-1-229,MARKET,BUY,1,GTC,False,False,1,TAKER,6656.75,0.0,['0.00 USD'],NO_TRIGGER,FILLED,NO_CONTINGENCY,,,,MY_GENERIC_ALGO,,O-20260309-012336-001-000-373,,b1fbf5de-893b-491c-af03-cadd9135a869,2026-03-09 01:23:36.955972689+00:00,2026-03-09 01:23:36.955972689+00:00
BACKTESTER-001,OracleStrategy-000,MESM6.GLBX,GLBX-1-230,MESM6.GLBX-OracleStrategy-000,GLBX-001,GLBX-1-230,MARKET,SELL,1,GTC,True,False,1,TAKER,6660.0,0.0,['0.00 USD'],NO_TRIGGER,FILLED,NO_CONTINGENCY,,,,MY_GENERIC_ALGO,,O-20260309-012441-001-000-374,,11c04f54-ad32-4616-a5e2-84e555c66c09,2026-03-09 01:24:41.536040929+00:00,2026-03-09 01:24:41.536040929+00:00
BACKTESTER-001,OracleStrategy-000,MESM6.GLBX,GLBX-1-231,MESM6.GLBX-OracleStrategy-000,GLBX-001,GLBX-1-231,MARKET,SELL,1,GTC,False,False,1,TAKER,6660.0,0.0,['0.00 USD'],NO_TRIGGER,FILLED,NO_CONTINGENCY,,,,MY_GENERIC_ALGO,,O-20260309-012441-001-000-375,,5f861d6e-365f-4524-8fa4-8968ab68cd7d,2026-03-09 01:24:41.536040929+00:00,2026-03-09 01:24:41.536040929+00:00
BACKTESTER-001,OracleStrategy-000,MESM6.GLBX,GLBX-1-232,MESM6.GLBX-OracleStrategy-000,GLBX-001,GLBX-1-232,MARKET,BUY,1,GTC,True,False,1,TAKER,6660.0,0.0,['0.00 USD'],NO_TRIGGER,FILLED,NO_CONTINGENCY,,,,MY_GENERIC_ALGO,,O-20260309-012551-001-000-376,,2f4a42eb-ad6a-46e0-bc96-4adf02e8a90f,2026-03-09 01:25:51.965315171+00:00,2026-03-09 01:25:51.965315171+00:00
BACKTESTER-001,OracleStrategy-000,MESM6.GLBX,GLBX-1-233,MESM6.GLBX-OracleStrategy-000,GLBX-001,GLBX-1-233,MARKET,BUY,1,GTC,False,False,1,TAKER,6660.0,0.0,['0.00 USD'],NO_TRIGGER,FILLED,NO_CONTINGENCY,,,,MY_GENERIC_ALGO,,O-20260309-012551-001-000-377,,b75cb42f-c50a-4b2f-b4f9-d9006537226c,2026-03-09 01:25:51.965315171+00:00,2026-03-09 01:25:51.965315171+00:00
BACKTESTER-001,OracleStrategy-000,MESM6.GLBX,GLBX-1-234,MESM6.GLBX-OracleStrategy-000,GLBX-001,GLBX-1-234,MARKET,SELL,1,GTC,True,False,1,TAKER,6658.75,0.0,['0.00 USD'],NO_TRIGGER,FILLED,NO_CONTINGENCY,,,,MY_GENERIC_ALGO,,O-20260309-012707-001-000-378,,ea9f63e5-fa7f-4180-84e3-5eccdbee7357,2026-03-09 01:27:07.804861635+00:00,2026-03-09 01:27:07.804861635+00:00
BACKTESTER-001,OracleStrategy-000,MESM6.GLBX,GLBX-1-235,MESM6.GLBX-OracleStrategy-000,GLBX-001,GLBX-1-235,MARKET,SELL,1,GTC,False,False,1,TAKER,6658.75,0.0,['0.00 USD'],NO_TRIGGER,FILLED,NO_CONTINGENCY,,,,MY_GENERIC_ALGO,,O-20260309-012707-001-000-379,,7a090294-a353-4fd1-aaba-e2fafdf1b386,2026-03-09 01:27:07.804861635+00:00,2026-03-09 01:27:07.804861635+00:00
BACKTESTER-001,OracleStrategy-000,MESM6.GLBX,GLBX-1-236,MESM6.GLBX-OracleStrategy-000,GLBX-001,GLBX-1-236,MARKET,BUY,1,GTC,True,False,1,TAKER,6657.5,0.0,['0.00 USD'],NO_TRIGGER,FILLED,NO_CONTINGENCY,,,,MY_GENERIC_ALGO,,O-20260309-012744-001-000-380,,0ea7d5bc-3f61-4c51-a50e-82d1de0bd4ec,2026-03-09 01:27:44.799523810+00:00,2026-03-09 01:27:44.799523810+00:00
BACKTESTER-001,OracleStrategy-000,MESM6.GLBX,GLBX-1-237,MESM6.GLBX-OracleStrategy-000,GLBX-001,GLBX-1-237,MARKET,BUY,1,GTC,False,False,1,TAKER,6657.5,0.0,['0.00 USD'],NO_TRIGGER,FILLED,NO_CONTINGENCY,,,,MY_GENERIC_ALGO,,O-20260309-012744-001-000-381,,454e8f19-a5a4-472a-888b-8e3600bfade3,2026-03-09 01:27:44.799523810+00:00,2026-03-09 01:27:44.799523810+00:00
BACKTESTER-001,OracleStrategy-000,MESM6.GLBX,GLBX-1-238,MESM6.GLBX-OracleStrategy-000,GLBX-001,GLBX-1-238,MARKET,SELL,1,GTC,True,False,1,TAKER,6659.0,0.0,['0.00 USD'],NO_TRIGGER,FILLED,NO_CONTINGENCY,,,,MY_GENERIC_ALGO,,O-20260309-012827-001-000-382,,93cb5386-4010-4d57-87b2-301a2a8ccf99,2026-03-09 01:28:27.374209138+00:00,2026-03-09 01:28:27.374209138+00:00
BACKTESTER-001,OracleStrategy-000,MESM6.GLBX,GLBX-1-239,MESM6.GLBX-OracleStrategy-000,GLBX-001,GLBX-1-239,MARKET,SELL,1,GTC,False,False,1,TAKER,6659.0,0.0,['0.00 USD'],NO_TRIGGER,FILLED,NO_CONTINGENCY,,,,MY_GENERIC_ALGO,,O-20260309-012827-001-000-383,,94194bb6-f5fb-4a50-abd0-91a275c8a7a6,2026-03-09 01:28:27.374209138+00:00,2026-03-09 01:28:27.374209138+00:00
BACKTESTER-001,OracleStrategy-000,MESM6.GLBX,GLBX-1-240,MESM6.GLBX-OracleStrategy-000,GLBX-001,GLBX-1-240,MARKET,BUY,1,GTC,True,False,1,TAKER,6656.0,0.0,['0.00 USD'],NO_TRIGGER,FILLED,NO_CONTINGENCY,,,,MY_GENERIC_ALGO,,O-20260309-012941-001-000-384,,19dab891-2faf-4ea3-a5f3-fc9c8bd306c9,2026-03-09 01:29:41.973352768+00:00,2026-03-09 01:29:41.973352768+00:00
BACKTESTER-001,OracleStrategy-000,MESM6.GLBX,GLBX-1-241,MESM6.GLBX-OracleStrategy-000,GLBX-001,GLBX-1-241,MARKET,BUY,1,GTC,False,False,1,TAKER,6656.0,0.0,['0.00 USD'],NO_TRIGGER,FILLED,NO_CONTINGENCY,,,,MY_GENERIC_ALGO,,O-20260309-012941-001-000-385,,34a1d0e4-fa36-41fe-8925-94d142b9fe23,2026-03-09 01:29:41.973352768+00:00,2026-03-09 01:29:41.973352768+00:00
BACKTESTER-001,OracleStrategy-000,MESM6.GLBX,GLBX-1-242,MESM6.GLBX-OracleStrategy-000,GLBX-001,GLBX-1-242,MARKET,SELL,1,GTC,True,False,1,TAKER,6652.25,0.0,['0.00 USD'],NO_TRIGGER,FILLED,NO_CONTINGENCY,,,,MY_GENERIC_ALGO,,O-20260309-013020-001-000-386,,6628d8f8-0a19-4bfa-9e69-c920e77cfcd1,2026-03-09 01:30:20.977297450+00:00,2026-03-09 01:30:20.977297450+00:00
BACKTESTER-001,OracleStrategy-000,MESM6.GLBX,GLBX-1-243,MESM6.GLBX-OracleStrategy-000,GLBX-001,GLBX-1-243,MARKET,SELL,1,GTC,False,False,1,TAKER,6654.75,0.0,['0.00 USD'],NO_TRIGGER,FILLED,NO_CONTINGENCY,,,,MY_GENERIC_ALGO,,O-20260309-013039-001-000-389,,a62f56e0-2083-4727-8a7a-675905a67157,2026-03-09 01:30:39.470684269+00:00,2026-03-09 01:30:39.470684269+00:00
BACKTESTER-001,OracleStrategy-000,MESM6.GLBX,GLBX-1-244,MESM6.GLBX-OracleStrategy-000,GLBX-001,GLBX-1-244,MARKET,BUY,1,GTC,True,False,1,TAKER,6654.75,0.0,['0.00 USD'],NO_TRIGGER,FILLED,NO_CONTINGENCY,,,,MY_GENERIC_ALGO,,O-20260309-013048-001-000-390,,77a37163-e9a5-4ba6-8543-11d838b64d73,2026-03-09 01:30:48.233929488+00:00,2026-03-09 01:30:48.233929488+00:00
BACKTESTER-001,OracleStrategy-000,MESM6.GLBX,GLBX-1-245,MESM6.GLBX-OracleStrategy-000,GLBX-001,GLBX-1-245,MARKET,BUY,1,GTC,False,False,1,TAKER,6654.75,0.0,['0.00 USD'],NO_TRIGGER,FILLED,NO_CONTINGENCY,,,,MY_GENERIC_ALGO,,O-20260309-013048-001-000-391,,6a9ad4f1-7968-456c-8223-2416822d3721,2026-03-09 01:30:48.233929488+00:00,2026-03-09 01:30:48.233929488+00:00
BACKTESTER-001,OracleStrategy-000,MESM6.GLBX,GLBX-1-246,MESM6.GLBX-OracleStrategy-000,GLBX-001,GLBX-1-246,MARKET,SELL,1,GTC,True,False,1,TAKER,6653.75,0.0,['0.00 USD'],NO_TRIGGER,FILLED,NO_CONTINGENCY,,,,MY_GENERIC_ALGO,,O-20260309-013101-001-000-392,,4dc82cfd-7383-4832-ab4b-7344123fef3c,2026-03-09 01:31:01.003466151+00:00,2026-03-09 01:31:01.003466151+00:00
BACKTESTER-001,OracleStrategy-000,MESM6.GLBX,GLBX-1-247,MESM6.GLBX-OracleStrategy-000,GLBX-001,GLBX-1-247,MARKET,SELL,1,GTC,False,False,1,TAKER,6653.75,0.0,['0.00 USD'],NO_TRIGGER,FILLED,NO_CONTINGENCY,,,,MY_GENERIC_ALGO,,O-20260309-013101-001-000-393,,15f20219-57bb-40b3-8218-48b958c2a7db,2026-03-09 01:31:01.003466151+00:00,2026-03-09 01:31:01.003466151+00:00
BACKTESTER-001,OracleStrategy-000,MESM6.GLBX,GLBX-1-248,MESM6.GLBX-OracleStrategy-000,GLBX-001,GLBX-1-248,MARKET,BUY,1,GTC,True,False,1,TAKER,6653.75,0.0,['0.00 USD'],NO_TRIGGER,FILLED,NO_CONTINGENCY,,,,MY_GENERIC_ALGO,,O-20260309-013115-001-000-394,,f51173bc-8150-4fc0-be71-7e16b34eb063,2026-03-09 01:31:15.210462128+00:00,2026-03-09 01:31:15.210462128+00:00
BACKTESTER-001,OracleStrategy-000,MESM6.GLBX,GLBX-1-249,MESM6.GLBX-OracleStrategy-000,GLBX-001,GLBX-1-249,MARKET,BUY,1,GTC,False,False,1,TAKER,6653.75,0.0,['0.00 USD'],NO_TRIGGER,FILLED,NO_CONTINGENCY,,,,MY_GENERIC_ALGO,,O-20260309-013115-001-000-395,,e0a6926d-6092-461d-b9d9-cbc2c9e101d2,2026-03-09 01:31:15.210462128+00:00,2026-03-09 01:31:15.210462128+00:00
BACKTESTER-001,OracleStrategy-000,MESM6.GLBX,GLBX-1-250,MESM6.GLBX-OracleStrategy-000,GLBX-001,GLBX-1-250,MARKET,SELL,1,GTC,True,False,1,TAKER,6652.5,0.0,['0.00 USD'],NO_TRIGGER,FILLED,NO_CONTINGENCY,,,,MY_GENERIC_ALGO,,O-20260309-013116-001-000-396,,f643c2a0-17a4-41a1-aa4c-20e4eefbc041,2026-03-09 01:31:16.680165229+00:00,2026-03-09 01:31:16.680165229+00:00
BACKTESTER-001,OracleStrategy-000,MESM6.GLBX,GLBX-1-251,MESM6.GLBX-OracleStrategy-000,GLBX-001,GLBX-1-251,MARKET,SELL,1,GTC,False,False,1,TAKER,6652.5,0.0,['0.00 USD'],NO_TRIGGER,FILLED,NO_CONTINGENCY,,,,MY_GENERIC_ALGO,,O-20260309-013116-001-000-397,,5e4a8c98-d6b0-44dd-b818-b2dc61d52455,2026-03-09 01:31:16.680165229+00:00,2026-03-09 01:31:16.680165229+00:00
BACKTESTER-001,OracleStrategy-000,MESM6.GLBX,GLBX-1-252,MESM6.GLBX-OracleStrategy-000,GLBX-001,GLBX-1-252,MARKET,BUY,1,GTC,True,False,1,TAKER,6653.25,0.0,['0.00 USD'],NO_TRIGGER,FILLED,NO_CONTINGENCY,,,,MY_GENERIC_ALGO,,O-20260309-013142-001-000-398,,6f8ee691-6569-4652-966c-593da8ad6cc6,2026-03-09 01:31:42.604106910+00:00,2026-03-09 01:31:42.604106910+00:00
BACKTESTER-001,OracleStrategy-000,MESM6.GLBX,GLBX-1-253,MESM6.GLBX-OracleStrategy-000,GLBX-001,GLBX-1-253,MARKET,BUY,1,GTC,False,False,1,TAKER,6653.25,0.0,['0.00 USD'],NO_TRIGGER,FILLED,NO_CONTINGENCY,,,,MY_GENERIC_ALGO,,O-20260309-013142-001-000-399,,fbaeeb1d-564a-4cce-bb06-0335d62c9354,2026-03-09 01:31:42.604106910+00:00,2026-03-09 01:31:42.604106910+00:00
BACKTESTER-001,OracleStrategy-000,MESM6.GLBX,GLBX-1-254,MESM6.GLBX-OracleStrategy-000,GLBX-001,GLBX-1-254,MARKET,SELL,1,GTC,True,False,1,TAKER,6654.0,0.0,['0.00 USD'],NO_TRIGGER,FILLED,NO_CONTINGENCY,,,,MY_GENERIC_ALGO,,O-20260309-013149-001-000-400,,d0e3a3a7-cd93-42ee-b4fa-c99fbe0c0fde,2026-03-09 01:31:49.577788202+00:00,2026-03-09 01:31:49.577788202+00:00
BACKTESTER-001,OracleStrategy-000,MESM6.GLBX,GLBX-1-255,MESM6.GLBX-OracleStrategy-000,GLBX-001,GLBX-1-255,MARKET,SELL,1,GTC,False,False,1,TAKER,6654.0,0.0,['0.00 USD'],NO_TRIGGER,FILLED,NO_CONTINGENCY,,,,MY_GENERIC_ALGO,,O-20260309-013149-001-000-401,,4f561d6f-1a28-411f-9b8a-41723bb417ca,2026-03-09 01:31:49.577788202+00:00,2026-03-09 01:31:49.577788202+00:00
BACKTESTER-001,OracleStrategy-000,MESM6.GLBX,GLBX-1-256,MESM6.GLBX-OracleStrategy-000,GLBX-001,GLBX-1-256,MARKET,BUY,1,GTC,True,False,1,TAKER,6652.75,0.0,['0.00 USD'],NO_TRIGGER,FILLED,NO_CONTINGENCY,,,,MY_GENERIC_ALGO,,O-20260309-013205-001-000-402,,88904e30-8869-44cb-a026-d4e56d529e85,2026-03-09 01:32:05.779218818+00:00,2026-03-09 01:32:05.779218818+00:00
BACKTESTER-001,OracleStrategy-000,MESM6.GLBX,GLBX-1-257,MESM6.GLBX-OracleStrategy-000,GLBX-001,GLBX-1-257,MARKET,BUY,1,GTC,False,False,1,TAKER,6652.75,0.0,['0.00 USD'],NO_TRIGGER,FILLED,NO_CONTINGENCY,,,,MY_GENERIC_ALGO,,O-20260309-013205-001-000-403,,22e8008f-152a-463c-bd67-c1d1ff7ed10c,2026-03-09 01:32:05.779218818+00:00,2026-03-09 01:32:05.779218818+00:00
BACKTESTER-001,OracleStrategy-000,MESM6.GLBX,GLBX-1-258,MESM6.GLBX-OracleStrategy-000,GLBX-001,GLBX-1-258,MARKET,SELL,1,GTC,True,False,1,TAKER,6652.5,0.0,['0.00 USD'],NO_TRIGGER,FILLED,NO_CONTINGENCY,,,,MY_GENERIC_ALGO,,O-20260309-013212-001-000-404,,513e63fc-6654-4bcd-aa10-1f17feff53dc,2026-03-09 01:32:12.224805610+00:00,2026-03-09 01:32:12.224805610+00:00
BACKTESTER-001,OracleStrategy-000,MESM6.GLBX,GLBX-1-259,MESM6.GLBX-OracleStrategy-000,GLBX-001,GLBX-1-259,MARKET,SELL,1,GTC,False,False,1,TAKER,6652.5,0.0,['0.00 USD'],NO_TRIGGER,FILLED,NO_CONTINGENCY,,,,MY_GENERIC_ALGO,,O-20260309-013212-001-000-405,,527b2959-9ced-4d0f-a99d-b9fe5cbacdd3,2026-03-09 01:32:12.224805610+00:00,2026-03-09 01:32:12.224805610+00:00
BACKTESTER-001,OracleStrategy-000,MESM6.GLBX,GLBX-1-260,MESM6.GLBX-OracleStrategy-000,GLBX-001,GLBX-1-260,MARKET,BUY,1,GTC,True,False,1,TAKER,6655.0,0.0,['0.00 USD'],NO_TRIGGER,FILLED,NO_CONTINGENCY,,,,MY_GENERIC_ALGO,,O-20260309-013224-001-000-406,,4e7c6307-19cc-4ab8-a854-ed792f86df98,2026-03-09 01:32:24.665375072+00:00,2026-03-09 01:32:24.665375072+00:00
BACKTESTER-001,OracleStrategy-000,MESM6.GLBX,GLBX-1-261,MESM6.GLBX-OracleStrategy-000,GLBX-001,GLBX-1-261,MARKET,BUY,1,GTC,False,False,1,TAKER,6655.0,0.0,['0.00 USD'],NO_TRIGGER,FILLED,NO_CONTINGENCY,,,,MY_GENERIC_ALGO,,O-20260309-013224-001-000-407,,ed4d639c-80c7-4e49-8265-dfef30d6192a,2026-03-09 01:32:24.665375072+00:00,2026-03-09 01:32:24.665375072+00:00
BACKTESTER-001,OracleStrategy-000,MESM6.GLBX,GLBX-1-262,MESM6.GLBX-OracleStrategy-000,GLBX-001,GLBX-1-262,MARKET,SELL,1,GTC,True,False,1,TAKER,6655.5,0.0,['0.00 USD'],NO_TRIGGER,FILLED,NO_CONTINGENCY,,,,MY_GENERIC_ALGO,,O-20260309-013231-001-000-408,,5c7d2446-296e-4e9f-8667-4e79e24ee899,2026-03-09 01:32:31.649645422+00:00,2026-03-09 01:32:31.649645422+00:00
BACKTESTER-001,OracleStrategy-000,MESM6.GLBX,GLBX-1-263,MESM6.GLBX-OracleStrategy-000,GLBX-001,GLBX-1-263,MARKET,SELL,1,GTC,False,False,1,TAKER,6655.5,0.0,['0.00 USD'],NO_TRIGGER,FILLED,NO_CONTINGENCY,,,,MY_GENERIC_ALGO,,O-20260309-013231-001-000-409,,3719735b-fda3-49f2-8172-30b302f3b975,2026-03-09 01:32:31.649645422+00:00,2026-03-09 01:32:31.649645422+00:00
BACKTESTER-001,OracleStrategy-000,MESM6.GLBX,GLBX-1-264,MESM6.GLBX-OracleStrategy-000,GLBX-001,GLBX-1-264,MARKET,BUY,1,GTC,True,False,1,TAKER,6657.25,0.0,['0.00 USD'],NO_TRIGGER,FILLED,NO_CONTINGENCY,,,,MY_GENERIC_ALGO,,O-20260309-013254-001-000-410,,2db23732-b4ed-4082-93b6-c2294c7582d6,2026-03-09 01:32:54.401537601+00:00,2026-03-09 01:32:54.401537601+00:00
BACKTESTER-001,OracleStrategy-000,MESM6.GLBX,GLBX-1-265,MESM6.GLBX-OracleStrategy-000,GLBX-001,GLBX-1-265,MARKET,SELL,1,GTC,False,False,1,TAKER,6655.5,0.0,['0.00 USD'],NO_TRIGGER,FILLED,NO_CONTINGENCY,,,,MY_GENERIC_ALGO,,O-20260309-013854-001-000-433,,0458a20c-9e5a-4882-b0c5-906f8a17fdab,2026-03-09 01:38:54.322208931+00:00,2026-03-09 01:38:54.322208931+00:00
BACKTESTER-001,OracleStrategy-000,MESM6.GLBX,GLBX-1-266,MESM6.GLBX-OracleStrategy-000,GLBX-001,GLBX-1-266,MARKET,BUY,1,GTC,True,False,1,TAKER,6655.75,0.0,['0.00 USD'],NO_TRIGGER,FILLED,NO_CONTINGENCY,,,,MY_GENERIC_ALGO,,O-20260309-013911-001-000-434,,2b4a5614-517c-4846-8b01-4f982dfdc74c,2026-03-09 01:39:11.119261856+00:00,2026-03-09 01:39:11.119261856+00:00
BACKTESTER-001,OracleStrategy-000,MESM6.GLBX,GLBX-1-267,MESM6.GLBX-OracleStrategy-000,GLBX-001,GLBX-1-267,MARKET,BUY,1,GTC,False,False,1,TAKER,6655.75,0.0,['0.00 USD'],NO_TRIGGER,FILLED,NO_CONTINGENCY,,,,MY_GENERIC_ALGO,,O-20260309-013911-001-000-435,,fdc8acb4-fbf0-46b1-b430-1d58f7905ad4,2026-03-09 01:39:11.119261856+00:00,2026-03-09 01:39:11.119261856+00:00
BACKTESTER-001,OracleStrategy-000,MESM6.GLBX,GLBX-1-268,MESM6.GLBX-OracleStrategy-000,GLBX-001,GLBX-1-268,MARKET,SELL,1,GTC,True,False,1,TAKER,6655.0,0.0,['0.00 USD'],NO_TRIGGER,FILLED,NO_CONTINGENCY,,,,MY_GENERIC_ALGO,,O-20260309-013932-001-000-436,,9b052db5-0119-4ab3-94b7-222d6337c30e,2026-03-09 01:39:32.793297266+00:00,2026-03-09 01:39:32.793297266+00:00
BACKTESTER-001,OracleStrategy-000,MESM6.GLBX,GLBX-1-269,MESM6.GLBX-OracleStrategy-000,GLBX-001,GLBX-1-269,MARKET,SELL,1,GTC,False,False,1,TAKER,6655.0,0.0,['0.00 USD'],NO_TRIGGER,FILLED,NO_CONTINGENCY,,,,MY_GENERIC_ALGO,,O-20260309-013932-001-000-437,,96766918-8ff4-451d-87bd-2bc14e053e96,2026-03-09 01:39:32.793297266+00:00,2026-03-09 01:39:32.793297266+00:00
BACKTESTER-001,OracleStrategy-000,MESM6.GLBX,GLBX-1-270,MESM6.GLBX-OracleStrategy-000,GLBX-001,GLBX-1-270,MARKET,BUY,1,GTC,True,False,1,TAKER,6654.0,0.0,['0.00 USD'],NO_TRIGGER,FILLED,NO_CONTINGENCY,,,,MY_GENERIC_ALGO,,O-20260309-014002-001-000-438,,06d88386-036e-4aeb-9a54-3321cd4e29aa,2026-03-09 01:40:02.291032384+00:00,2026-03-09 01:40:02.291032384+00:00
BACKTESTER-001,OracleStrategy-000,MESM6.GLBX,GLBX-1-271,MESM6.GLBX-OracleStrategy-000,GLBX-001,GLBX-1-271,MARKET,BUY,1,GTC,False,False,1,TAKER,6654.0,0.0,['0.00 USD'],NO_TRIGGER,FILLED,NO_CONTINGENCY,,,,MY_GENERIC_ALGO,,O-20260309-014002-001-000-439,,ab7f403f-331e-4daf-9d1c-d212a88f5efe,2026-03-09 01:40:02.291032384+00:00,2026-03-09 01:40:02.291032384+00:00
BACKTESTER-001,OracleStrategy-000,MESM6.GLBX,GLBX-1-272,MESM6.GLBX-OracleStrategy-000,GLBX-001,GLBX-1-272,MARKET,SELL,1,GTC,True,False,1,TAKER,6653.5,0.0,['0.00 USD'],NO_TRIGGER,FILLED,NO_CONTINGENCY,,,,MY_GENERIC_ALGO,,O-20260309-014011-001-000-440,,bcd9f69d-4035-4ad7-afe7-b1a4539d5906,2026-03-09 01:40:11.960537536+00:00,2026-03-09 01:40:11.960537536+00:00
BACKTESTER-001,OracleStrategy-000,MESM6.GLBX,GLBX-1-273,MESM6.GLBX-OracleStrategy-000,GLBX-001,GLBX-1-273,MARKET,SELL,1,GTC,False,False,1,TAKER,6653.5,0.0,['0.00 USD'],NO_TRIGGER,FILLED,NO_CONTINGENCY,,,,MY_GENERIC_ALGO,,O-20260309-014011-001-000-441,,a6397c93-b087-423c-8c51-8e0d60ddff9f,2026-03-09 01:40:11.960537536+00:00,2026-03-09 01:40:11.960537536+00:00
BACKTESTER-001,OracleStrategy-000,MESM6.GLBX,GLBX-1-274,MESM6.GLBX-OracleStrategy-000,GLBX-001,GLBX-1-274,MARKET,BUY,1,GTC,True,False,1,TAKER,6655.75,0.0,['0.00 USD'],NO_TRIGGER,FILLED,NO_CONTINGENCY,,,,MY_GENERIC_ALGO,,O-20260309-014027-001-000-442,,51650b92-0346-4325-8b32-ae552c6e7b3d,2026-03-09 01:40:27.117198715+00:00,2026-03-09 01:40:27.117198715+00:00
BACKTESTER-001,OracleStrategy-000,MESM6.GLBX,GLBX-1-275,MESM6.GLBX-OracleStrategy-000,GLBX-001,GLBX-1-275,MARKET,BUY,1,GTC,False,False,1,TAKER,6655.75,0.0,['0.00 USD'],NO_TRIGGER,FILLED,NO_CONTINGENCY,,,,MY_GENERIC_ALGO,,O-20260309-014027-001-000-443,,560b6a4d-584f-4878-895e-6a43b07fdda9,2026-03-09 01:40:27.117198715+00:00,2026-03-09 01:40:27.117198715+00:00
BACKTESTER-001,OracleStrategy-000,MESM6.GLBX,GLBX-1-276,MESM6.GLBX-OracleStrategy-000,GLBX-001,GLBX-1-276,MARKET,SELL,1,GTC,True,False,1,TAKER,6654.75,0.0,['0.00 USD'],NO_TRIGGER,FILLED,NO_CONTINGENCY,,,,MY_GENERIC_ALGO,,O-20260309-014036-001-000-444,,a523557f-1bab-4b94-bc24-64b5775b0420,2026-03-09 01:40:36.988012410+00:00,2026-03-09 01:40:36.988012410+00:00
BACKTESTER-001,OracleStrategy-000,MESM6.GLBX,GLBX-1-277,MESM6.GLBX-OracleStrategy-000,GLBX-001,GLBX-1-277,MARKET,SELL,1,GTC,False,False,1,TAKER,6654.75,0.0,['0.00 USD'],NO_TRIGGER,FILLED,NO_CONTINGENCY,,,,MY_GENERIC_ALGO,,O-20260309-014036-001-000-445,,6d5b7f97-e3dc-4c80-9cb9-23654e45ef37,2026-03-09 01:40:36.988012410+00:00,2026-03-09 01:40:36.988012410+00:00
BACKTESTER-001,OracleStrategy-000,MESM6.GLBX,GLBX-1-278,MESM6.GLBX-OracleStrategy-000,GLBX-001,GLBX-1-278,MARKET,BUY,1,GTC,True,False,1,TAKER,6653.0,0.0,['0.00 USD'],NO_TRIGGER,FILLED,NO_CONTINGENCY,,,,MY_GENERIC_ALGO,,O-20260309-014141-001-000-446,,c3977711-a0ba-4225-b4f1-4d071ce8eb24,2026-03-09 01:41:41.041778029+00:00,2026-03-09 01:41:41.041778029+00:00
BACKTESTER-001,OracleStrategy-000,MESM6.GLBX,GLBX-1-279,MESM6.GLBX-OracleStrategy-000,GLBX-001,GLBX-1-279,MARKET,BUY,1,GTC,False,False,1,TAKER,6653.0,0.0,['0.00 USD'],NO_TRIGGER,FILLED,NO_CONTINGENCY,,,,MY_GENERIC_ALGO,,O-20260309-014141-001-000-447,,2d6fc4e8-73d3-40e9-890c-1c0075c91d1c,2026-03-09 01:41:41.041778029+00:00,2026-03-09 01:41:41.041778029+00:00
BACKTESTER-001,OracleStrategy-000,MESM6.GLBX,GLBX-1-280,MESM6.GLBX-OracleStrategy-000,GLBX-001,GLBX-1-280,MARKET,SELL,1,GTC,True,False,1,TAKER,6652.25,0.0,['0.00 USD'],NO_TRIGGER,FILLED,NO_CONTINGENCY,,,,MY_GENERIC_ALGO,,O-20260309-014156-001-000-448,,eb8b0242-d332-4875-b128-f2f32f251938,2026-03-09 01:41:56.019448450+00:00,2026-03-09 01:41:56.019448450+00:00
BACKTESTER-001,OracleStrategy-000,MESM6.GLBX,GLBX-1-281,MESM6.GLBX-OracleStrategy-000,GLBX-001,GLBX-1-281,MARKET,SELL,1,GTC,False,False,1,TAKER,6652.25,0.0,['0.00 USD'],NO_TRIGGER,FILLED,NO_CONTINGENCY,,,,MY_GENERIC_ALGO,,O-20260309-014156-001-000-449,,c35bc9b8-5024-4fcc-8d30-4c63cc7db3fb,2026-03-09 01:41:56.019448450+00:00,2026-03-09 01:41:56.019448450+00:00
BACKTESTER-001,OracleStrategy-000,MESM6.GLBX,GLBX-1-282,MESM6.GLBX-OracleStrategy-000,GLBX-001,GLBX-1-282,MARKET,BUY,1,GTC,True,False,1,TAKER,6651.0,0.0,['0.00 USD'],NO_TRIGGER,FILLED,NO_CONTINGENCY,,,,MY_GENERIC_ALGO,,O-20260309-014220-001-000-450,,e62e2242-57db-43ce-81ad-04b2cdb2284d,2026-03-09 01:42:20.673425376+00:00,2026-03-09 01:42:20.673425376+00:00
BACKTESTER-001,OracleStrategy-000,MESM6.GLBX,GLBX-1-283,MESM6.GLBX-OracleStrategy-000,GLBX-001,GLBX-1-283,MARKET,BUY,1,GTC,False,False,1,TAKER,6651.0,0.0,['0.00 USD'],NO_TRIGGER,FILLED,NO_CONTINGENCY,,,,MY_GENERIC_ALGO,,O-20260309-014220-001-000-451,,313c4bb3-cfad-40aa-ba77-bfb49ddcb3f0,2026-03-09 01:42:20.673425376+00:00,2026-03-09 01:42:20.673425376+00:00
BACKTESTER-001,OracleStrategy-000,MESM6.GLBX,GLBX-1-284,MESM6.GLBX-OracleStrategy-000,GLBX-001,GLBX-1-284,MARKET,SELL,1,GTC,True,False,1,TAKER,6652.25,0.0,['0.00 USD'],NO_TRIGGER,FILLED,NO_CONTINGENCY,,,,MY_GENERIC_ALGO,,O-20260309-014239-001-000-452,,1a9a7fc7-fae4-4ec6-849e-b9adb5fbca72,2026-03-09 01:42:39.346124693+00:00,2026-03-09 01:42:39.346124693+00:00
BACKTESTER-001,OracleStrategy-000,MESM6.GLBX,GLBX-1-285,MESM6.GLBX-OracleStrategy-000,GLBX-001,GLBX-1-285,MARKET,SELL,1,GTC,False,False,1,TAKER,6652.25,0.0,['0.00 USD'],NO_TRIGGER,FILLED,NO_CONTINGENCY,,,,MY_GENERIC_ALGO,,O-20260309-014239-001-000-453,,ba8127b6-bad5-4fe6-ac5f-b128be7b696e,2026-03-09 01:42:39.346124693+00:00,2026-03-09 01:42:39.346124693+00:00
BACKTESTER-001,OracleStrategy-000,MESM6.GLBX,GLBX-1-286,MESM6.GLBX-OracleStrategy-000,GLBX-001,GLBX-1-286,MARKET,BUY,1,GTC,True,False,1,TAKER,6652.5,0.0,['0.00 USD'],NO_TRIGGER,FILLED,NO_CONTINGENCY,,,,MY_GENERIC_ALGO,,O-20260309-014250-001-000-454,,b0fb9387-ce53-482a-8f4c-bc8e117fcc23,2026-03-09 01:42:50.799661194+00:00,2026-03-09 01:42:50.799661194+00:00
BACKTESTER-001,OracleStrategy-000,MESM6.GLBX,GLBX-1-287,MESM6.GLBX-OracleStrategy-000,GLBX-001,GLBX-1-287,MARKET,BUY,1,GTC,False,False,1,TAKER,6652.5,0.0,['0.00 USD'],NO_TRIGGER,FILLED,NO_CONTINGENCY,,,,MY_GENERIC_ALGO,,O-20260309-014250-001-000-455,,275fcdeb-fa4d-418b-a55b-0fdb1e91eef1,2026-03-09 01:42:50.799661194+00:00,2026-03-09 01:42:50.799661194+00:00
BACKTESTER-001,OracleStrategy-000,MESM6.GLBX,GLBX-1-288,MESM6.GLBX-OracleStrategy-000,GLBX-001,GLBX-1-288,MARKET,SELL,1,GTC,True,False,1,TAKER,6652.75,0.0,['0.00 USD'],NO_TRIGGER,FILLED,NO_CONTINGENCY,,,,MY_GENERIC_ALGO,,O-20260309-014257-001-000-456,,cc1a5585-2100-4cfd-8951-b2ff66a6c90f,2026-03-09 01:42:57.892834656+00:00,2026-03-09 01:42:57.892834656+00:00
BACKTESTER-001,OracleStrategy-000,MESM6.GLBX,GLBX-1-289,MESM6.GLBX-OracleStrategy-000,GLBX-001,GLBX-1-289,MARKET,SELL,1,GTC,False,False,1,TAKER,6652.75,0.0,['0.00 USD'],NO_TRIGGER,FILLED,NO_CONTINGENCY,,,,MY_GENERIC_ALGO,,O-20260309-014257-001-000-457,,5fcfc633-a09b-42c4-87b1-381435fbcf11,2026-03-09 01:42:57.892834656+00:00,2026-03-09 01:42:57.892834656+00:00
BACKTESTER-001,OracleStrategy-000,MESM6.GLBX,GLBX-1-290,MESM6.GLBX-OracleStrategy-000,GLBX-001,GLBX-1-290,MARKET,BUY,1,GTC,True,False,1,TAKER,6650.5,0.0,['0.00 USD'],NO_TRIGGER,FILLED,NO_CONTINGENCY,,,,MY_GENERIC_ALGO,,O-20260309-014353-001-000-458,,254665fe-b903-4f7f-8b54-43536d023d63,2026-03-09 01:43:53.872184672+00:00,2026-03-09 01:43:53.872184672+00:00
BACKTESTER-001,OracleStrategy-000,MESM6.GLBX,GLBX-1-291,MESM6.GLBX-OracleStrategy-000,GLBX-001,GLBX-1-291,MARKET,BUY,1,GTC,False,False,1,TAKER,6650.5,0.0,['0.00 USD'],NO_TRIGGER,FILLED,NO_CONTINGENCY,,,,MY_GENERIC_ALGO,,O-20260309-014353-001-000-459,,fa953157-3f55-481b-add2-5794f764be0e,2026-03-09 01:43:53.872184672+00:00,2026-03-09 01:43:53.872184672+00:00
BACKTESTER-001,OracleStrategy-000,MESM6.GLBX,GLBX-1-292,MESM6.GLBX-OracleStrategy-000,GLBX-001,GLBX-1-292,MARKET,SELL,1,GTC,True,False,1,TAKER,6653.5,0.0,['0.00 USD'],NO_TRIGGER,FILLED,NO_CONTINGENCY,,,,MY_GENERIC_ALGO,,O-20260309-014519-001-000-460,,03acf268-c8a4-4488-adb6-6e3ea3bc0895,2026-03-09 01:45:19.955150474+00:00,2026-03-09 01:45:19.955150474+00:00
BACKTESTER-001,OracleStrategy-000,MESM6.GLBX,GLBX-1-293,MESM6.GLBX-OracleStrategy-000,GLBX-001,GLBX-1-293,MARKET,SELL,1,GTC,False,False,1,TAKER,6653.5,0.0,['0.00 USD'],NO_TRIGGER,FILLED,NO_CONTINGENCY,,,,MY_GENERIC_ALGO,,O-20260309-014519-001-000-461,,d60527dc-67d3-48f3-8894-1d1b507d17b8,2026-03-09 01:45:19.955150474+00:00,2026-03-09 01:45:19.955150474+00:00
BACKTESTER-001,OracleStrategy-000,MESM6.GLBX,GLBX-1-294,MESM6.GLBX-OracleStrategy-000,GLBX-001,GLBX-1-294,MARKET,BUY,1,GTC,True,False,1,TAKER,6650.5,0.0,['0.00 USD'],NO_TRIGGER,FILLED,NO_CONTINGENCY,,,,MY_GENERIC_ALGO,,O-20260309-014547-001-000-462,,ac782bfe-c84b-4fbc-a382-9f11c30e673b,2026-03-09 01:45:47.238331037+00:00,2026-03-09 01:45:47.238331037+00:00
BACKTESTER-001,OracleStrategy-000,MESM6.GLBX,GLBX-1-295,MESM6.GLBX-OracleStrategy-000,GLBX-001,GLBX-1-295,MARKET,BUY,1,GTC,False,False,1,TAKER,6650.5,0.0,['0.00 USD'],NO_TRIGGER,FILLED,NO_CONTINGENCY,,,,MY_GENERIC_ALGO,,O-20260309-014547-001-000-463,,e1526f19-757f-43ed-997d-8f7b01fb7313,2026-03-09 01:45:47.238331037+00:00,2026-03-09 01:45:47.238331037+00:00
BACKTESTER-001,OracleStrategy-000,MESM6.GLBX,GLBX-1-296,MESM6.GLBX-OracleStrategy-000,GLBX-001,GLBX-1-296,MARKET,SELL,1,GTC,True,False,1,TAKER,6650.25,0.0,['0.00 USD'],NO_TRIGGER,FILLED,NO_CONTINGENCY,,,,MY_GENERIC_ALGO,,O-20260309-014707-001-000-464,,ff74d18a-146d-42f6-b35b-ebb7b8d43ff7,2026-03-09 01:47:07.594593735+00:00,2026-03-09 01:47:07.594593735+00:00
BACKTESTER-001,OracleStrategy-000,MESM6.GLBX,GLBX-1-297,MESM6.GLBX-OracleStrategy-000,GLBX-001,GLBX-1-297,MARKET,SELL,1,GTC,False,False,1,TAKER,6650.25,0.0,['0.00 USD'],NO_TRIGGER,FILLED,NO_CONTINGENCY,,,,MY_GENERIC_ALGO,,O-20260309-014707-001-000-465,,073fe564-8b8e-4646-b967-8285b76fcde9,2026-03-09 01:47:07.594593735+00:00,2026-03-09 01:47:07.594593735+00:00
BACKTESTER-001,OracleStrategy-000,MESM6.GLBX,GLBX-1-298,MESM6.GLBX-OracleStrategy-000,GLBX-001,GLBX-1-298,MARKET,BUY,1,GTC,True,False,1,TAKER,6649.0,0.0,['0.00 USD'],NO_TRIGGER,FILLED,NO_CONTINGENCY,,,,MY_GENERIC_ALGO,,O-20260309-014717-001-000-466,,c32f30fd-824e-454b-a678-81482e78889e,2026-03-09 01:47:17.698675706+00:00,2026-03-09 01:47:17.698675706+00:00
BACKTESTER-001,OracleStrategy-000,MESM6.GLBX,GLBX-1-299,MESM6.GLBX-OracleStrategy-000,GLBX-001,GLBX-1-299,MARKET,BUY,1,GTC,False,False,1,TAKER,6649.0,0.0,['0.00 USD'],NO_TRIGGER,FILLED,NO_CONTINGENCY,,,,MY_GENERIC_ALGO,,O-20260309-014717-001-000-467,,f2d71bf2-ed96-4f65-9380-1fc7a9e9f731,2026-03-09 01:47:17.698675706+00:00,2026-03-09 01:47:17.698675706+00:00
BACKTESTER-001,OracleStrategy-000,MESM6.GLBX,GLBX-1-300,MESM6.GLBX-OracleStrategy-000,GLBX-001,GLBX-1-300,MARKET,SELL,1,GTC,True,False,1,TAKER,6648.25,0.0,['0.00 USD'],NO_TRIGGER,FILLED,NO_CONTINGENCY,,,,MY_GENERIC_ALGO,,O-20260309-014720-001-000-468,,ce1fc1ea-8207-462f-9ab5-0d88da06304a,2026-03-09 01:47:20.442373595+00:00,2026-03-09 01:47:20.442373595+00:00
BACKTESTER-001,OracleStrategy-000,MESM6.GLBX,GLBX-1-301,MESM6.GLBX-OracleStrategy-000,GLBX-001,GLBX-1-301,MARKET,SELL,1,GTC,False,False,1,TAKER,6648.25,0.0,['0.00 USD'],NO_TRIGGER,FILLED,NO_CONTINGENCY,,,,MY_GENERIC_ALGO,,O-20260309-014720-001-000-469,,eaff279a-ac35-4b6a-a828-c75941359d2a,2026-03-09 01:47:20.442373595+00:00,2026-03-09 01:47:20.442373595+00:00
BACKTESTER-001,OracleStrategy-000,MESM6.GLBX,GLBX-1-302,MESM6.GLBX-OracleStrategy-000,GLBX-001,GLBX-1-302,MARKET,BUY,1,GTC,True,False,1,TAKER,6646.5,0.0,['0.00 USD'],NO_TRIGGER,FILLED,NO_CONTINGENCY,,,,MY_GENERIC_ALGO,,O-20260309-014807-001-000-470,,9fbb49b5-0f6a-4d01-b7c8-93b5cd688768,2026-03-09 01:48:07.373353505+00:00,2026-03-09 01:48:07.373353505+00:00
BACKTESTER-001,OracleStrategy-000,MESM6.GLBX,GLBX-1-303,MESM6.GLBX-OracleStrategy-000,GLBX-001,GLBX-1-303,MARKET,BUY,1,GTC,False,False,1,TAKER,6646.5,0.0,['0.00 USD'],NO_TRIGGER,FILLED,NO_CONTINGENCY,,,,MY_GENERIC_ALGO,,O-20260309-014807-001-000-471,,8693e3d2-1930-423d-b53f-c33a7c5d928d,2026-03-09 01:48:07.373353505+00:00,2026-03-09 01:48:07.373353505+00:00
BACKTESTER-001,OracleStrategy-000,MESM6.GLBX,GLBX-1-304,MESM6.GLBX-OracleStrategy-000,GLBX-001,GLBX-1-304,MARKET,SELL,1,GTC,True,False,1,TAKER,6647.5,0.0,['0.00 USD'],NO_TRIGGER,FILLED,NO_CONTINGENCY,,,,MY_GENERIC_ALGO,,O-20260309-014850-001-000-472,,d2fe0e30-bbc3-45d6-b896-9cf14fdc475b,2026-03-09 01:48:50.110972383+00:00,2026-03-09 01:48:50.110972383+00:00
BACKTESTER-001,OracleStrategy-000,MESM6.GLBX,GLBX-1-305,MESM6.GLBX-OracleStrategy-000,GLBX-001,GLBX-1-305,MARKET,SELL,1,GTC,False,False,1,TAKER,6647.5,0.0,['0.00 USD'],NO_TRIGGER,FILLED,NO_CONTINGENCY,,,,MY_GENERIC_ALGO,,O-20260309-014850-001-000-473,,8ed4f345-d75d-4ad5-a83a-4c3e2fed189b,2026-03-09 01:48:50.110972383+00:00,2026-03-09 01:48:50.110972383+00:00
BACKTESTER-001,OracleStrategy-000,MESM6.GLBX,GLBX-1-306,MESM6.GLBX-OracleStrategy-000,GLBX-001,GLBX-1-306,MARKET,BUY,1,GTC,True,False,1,TAKER,6646.0,0.0,['0.00 USD'],NO_TRIGGER,FILLED,NO_CONTINGENCY,,,,MY_GENERIC_ALGO,,O-20260309-014947-001-000-474,,dc407e20-e819-46b9-8217-e4822cf37c25,2026-03-09 01:49:47.483666645+00:00,2026-03-09 01:49:47.483666645+00:00
BACKTESTER-001,OracleStrategy-000,MESM6.GLBX,GLBX-1-307,MESM6.GLBX-OracleStrategy-000,GLBX-001,GLBX-1-307,MARKET,BUY,1,GTC,False,False,1,TAKER,6646.0,0.0,['0.00 USD'],NO_TRIGGER,FILLED,NO_CONTINGENCY,,,,MY_GENERIC_ALGO,,O-20260309-014947-001-000-475,,dc4476c4-d2f8-4ddd-85ec-85f0367f49ac,2026-03-09 01:49:47.483666645+00:00,2026-03-09 01:49:47.483666645+00:00
BACKTESTER-001,OracleStrategy-000,MESM6.GLBX,GLBX-1-308,MESM6.GLBX-OracleStrategy-000,GLBX-001,GLBX-1-308,MARKET,SELL,1,GTC,True,False,1,TAKER,6643.75,0.0,['0.00 USD'],NO_TRIGGER,FILLED,NO_CONTINGENCY,,,,MY_GENERIC_ALGO,,O-20260309-015010-001-000-476,,7bb15a80-4947-4d80-9377-d33c6fbb368b,2026-03-09 01:50:10.825822720+00:00,2026-03-09 01:50:10.825822720+00:00
BACKTESTER-001,OracleStrategy-000,MESM6.GLBX,GLBX-1-309,MESM6.GLBX-OracleStrategy-000,GLBX-001,GLBX-1-309,MARKET,SELL,1,GTC,False,False,1,TAKER,6644.0,0.0,['0.00 USD'],NO_TRIGGER,FILLED,NO_CONTINGENCY,,,,MY_GENERIC_ALGO,,O-20260309-015336-001-000-513,,bbc16259-ca2b-43c8-9533-99cfb345e54c,2026-03-09 01:53:36.611658990+00:00,2026-03-09 01:53:36.611658990+00:00
BACKTESTER-001,OracleStrategy-000,MESM6.GLBX,GLBX-1-310,MESM6.GLBX-OracleStrategy-000,GLBX-001,GLBX-1-310,MARKET,BUY,1,GTC,True,False,1,TAKER,6644.75,0.0,['0.00 USD'],NO_TRIGGER,FILLED,NO_CONTINGENCY,,,,MY_GENERIC_ALGO,,O-20260309-015340-001-000-514,,16fb2db0-365c-4d40-8bd5-bf43992b000d,2026-03-09 01:53:40.077027446+00:00,2026-03-09 01:53:40.077027446+00:00
BACKTESTER-001,OracleStrategy-000,MESM6.GLBX,GLBX-1-311,MESM6.GLBX-OracleStrategy-000,GLBX-001,GLBX-1-311,MARKET,BUY,1,GTC,False,False,1,TAKER,6644.75,0.0,['0.00 USD'],NO_TRIGGER,FILLED,NO_CONTINGENCY,,,,MY_GENERIC_ALGO,,O-20260309-015340-001-000-515,,86192738-9cc0-4117-acaa-4a5892b65795,2026-03-09 01:53:40.077027446+00:00,2026-03-09 01:53:40.077027446+00:00
BACKTESTER-001,OracleStrategy-000,MESM6.GLBX,GLBX-1-312,MESM6.GLBX-OracleStrategy-000,GLBX-001,GLBX-1-312,MARKET,SELL,1,GTC,True,False,1,TAKER,6644.5,0.0,['0.00 USD'],NO_TRIGGER,FILLED,NO_CONTINGENCY,,,,MY_GENERIC_ALGO,,O-20260309-015347-001-000-516,,a997c1e0-1cde-4a41-a9c4-41d1be1ca0eb,2026-03-09 01:53:47.564133183+00:00,2026-03-09 01:53:47.564133183+00:00
BACKTESTER-001,OracleStrategy-000,MESM6.GLBX,GLBX-1-313,MESM6.GLBX-OracleStrategy-000,GLBX-001,GLBX-1-313,MARKET,SELL,1,GTC,False,False,1,TAKER,6644.5,0.0,['0.00 USD'],NO_TRIGGER,FILLED,NO_CONTINGENCY,,,,MY_GENERIC_ALGO,,O-20260309-015347-001-000-517,,37844331-e6a0-4f11-b5ad-24a58e3f32e8,2026-03-09 01:53:47.564133183+00:00,2026-03-09 01:53:47.564133183+00:00
BACKTESTER-001,OracleStrategy-000,MESM6.GLBX,GLBX-1-314,MESM6.GLBX-OracleStrategy-000,GLBX-001,GLBX-1-314,MARKET,BUY,1,GTC,True,False,1,TAKER,6644.5,0.0,['0.00 USD'],NO_TRIGGER,FILLED,NO_CONTINGENCY,,,,MY_GENERIC_ALGO,,O-20260309-015400-001-000-518,,52f938bc-c6bb-4877-8436-36f9d9c41567,2026-03-09 01:54:00.446670764+00:00,2026-03-09 01:54:00.446670764+00:00
BACKTESTER-001,OracleStrategy-000,MESM6.GLBX,GLBX-1-315,MESM6.GLBX-OracleStrategy-000,GLBX-001,GLBX-1-315,MARKET,BUY,1,GTC,False,False,1,TAKER,6644.5,0.0,['0.00 USD'],NO_TRIGGER,FILLED,NO_CONTINGENCY,,,,MY_GENERIC_ALGO,,O-20260309-015400-001-000-519,,ba27e249-d88d-4393-bac1-4ff582cd4961,2026-03-09 01:54:00.446670764+00:00,2026-03-09 01:54:00.446670764+00:00
BACKTESTER-001,OracleStrategy-000,MESM6.GLBX,GLBX-1-316,MESM6.GLBX-OracleStrategy-000,GLBX-001,GLBX-1-316,MARKET,SELL,1,GTC,True,False,1,TAKER,6644.5,0.0,['0.00 USD'],NO_TRIGGER,FILLED,NO_CONTINGENCY,,,,MY_GENERIC_ALGO,,O-20260309-015426-001-000-520,,87da9f9f-8d1c-4bac-bae2-b70cd5ab7f1d,2026-03-09 01:54:26.203911301+00:00,2026-03-09 01:54:26.203911301+00:00
BACKTESTER-001,OracleStrategy-000,MESM6.GLBX,GLBX-1-317,MESM6.GLBX-OracleStrategy-000,GLBX-001,GLBX-1-317,MARKET,SELL,1,GTC,False,False,1,TAKER,6644.5,0.0,['0.00 USD'],NO_TRIGGER,FILLED,NO_CONTINGENCY,,,,MY_GENERIC_ALGO,,O-20260309-015426-001-000-521,,a452efe5-3d58-49a0-870d-ffa1f3c4a534,2026-03-09 01:54:26.203911301+00:00,2026-03-09 01:54:26.203911301+00:00
BACKTESTER-001,OracleStrategy-000,MESM6.GLBX,GLBX-1-318,MESM6.GLBX-OracleStrategy-000,GLBX-001,GLBX-1-318,MARKET,BUY,1,GTC,True,False,1,TAKER,6645.5,0.0,['0.00 USD'],NO_TRIGGER,FILLED,NO_CONTINGENCY,,,,MY_GENERIC_ALGO,,O-20260309-015442-001-000-522,,6c0d39f9-0887-4321-88ab-5f4025eb97d0,2026-03-09 01:54:42.875058451+00:00,2026-03-09 01:54:42.875058451+00:00
BACKTESTER-001,OracleStrategy-000,MESM6.GLBX,GLBX-1-319,MESM6.GLBX-OracleStrategy-000,GLBX-001,GLBX-1-319,MARKET,BUY,1,GTC,False,False,1,TAKER,6645.5,0.0,['0.00 USD'],NO_TRIGGER,FILLED,NO_CONTINGENCY,,,,MY_GENERIC_ALGO,,O-20260309-015442-001-000-523,,912dcf70-3b7e-4cca-95f1-9fffb1b39074,2026-03-09 01:54:42.875058451+00:00,2026-03-09 01:54:42.875058451+00:00
BACKTESTER-001,OracleStrategy-000,MESM6.GLBX,GLBX-1-320,MESM6.GLBX-OracleStrategy-000,GLBX-001,GLBX-1-320,MARKET,SELL,1,GTC,True,False,1,TAKER,6641.75,0.0,['0.00 USD'],NO_TRIGGER,FILLED,NO_CONTINGENCY,,,,MY_GENERIC_ALGO,,O-20260309-015507-001-000-524,,51c852b7-ec5f-4922-89c6-9b10f76f7c83,2026-03-09 01:55:07.584597061+00:00,2026-03-09 01:55:07.584597061+00:00
BACKTESTER-001,OracleStrategy-000,MESM6.GLBX,GLBX-1-321,MESM6.GLBX-OracleStrategy-000,GLBX-001,GLBX-1-321,MARKET,BUY,1,GTC,False,False,1,TAKER,6645.5,0.0,['0.00 USD'],NO_TRIGGER,FILLED,NO_CONTINGENCY,,,,MY_GENERIC_ALGO,,O-20260309-015521-001-000-527,,96380162-43fe-439b-84e4-5ea68cce12db,2026-03-09 01:55:21.222970780+00:00,2026-03-09 01:55:21.222970780+00:00
BACKTESTER-001,OracleStrategy-000,MESM6.GLBX,GLBX-1-322,MESM6.GLBX-OracleStrategy-000,GLBX-001,GLBX-1-322,MARKET,SELL,1,GTC,True,False,1,TAKER,6645.75,0.0,['0.00 USD'],NO_TRIGGER,FILLED,NO_CONTINGENCY,,,,MY_GENERIC_ALGO,,O-20260309-015542-001-000-528,,477cb16d-df18-4784-b0f6-f638a2fae5c9,2026-03-09 01:55:42.180903279+00:00,2026-03-09 01:55:42.180903279+00:00
BACKTESTER-001,OracleStrategy-000,MESM6.GLBX,GLBX-1-323,MESM6.GLBX-OracleStrategy-000,GLBX-001,GLBX-1-323,MARKET,SELL,1,GTC,False,False,1,TAKER,6645.75,0.0,['0.00 USD'],NO_TRIGGER,FILLED,NO_CONTINGENCY,,,,MY_GENERIC_ALGO,,O-20260309-015542-001-000-529,,9ed9c20f-416a-4794-ac8e-b8d0005bf1e5,2026-03-09 01:55:42.180903279+00:00,2026-03-09 01:55:42.180903279+00:00
BACKTESTER-001,OracleStrategy-000,MESM6.GLBX,GLBX-1-324,MESM6.GLBX-OracleStrategy-000,GLBX-001,GLBX-1-324,MARKET,BUY,1,GTC,True,False,1,TAKER,6644.75,0.0,['0.00 USD'],NO_TRIGGER,FILLED,NO_CONTINGENCY,,,,MY_GENERIC_ALGO,,O-20260309-015544-001-000-530,,227b8fe7-ba39-428d-867b-d32c10ceb824,2026-03-09 01:55:44.154555747+00:00,2026-03-09 01:55:44.154555747+00:00
BACKTESTER-001,OracleStrategy-000,MESM6.GLBX,GLBX-1-325,MESM6.GLBX-OracleStrategy-000,GLBX-001,GLBX-1-325,MARKET,BUY,1,GTC,False,False,1,TAKER,6644.75,0.0,['0.00 USD'],NO_TRIGGER,FILLED,NO_CONTINGENCY,,,,MY_GENERIC_ALGO,,O-20260309-015544-001-000-531,,4f605220-c508-4cd2-b9e9-c846166df4d1,2026-03-09 01:55:44.154555747+00:00,2026-03-09 01:55:44.154555747+00:00
BACKTESTER-001,OracleStrategy-000,MESM6.GLBX,GLBX-1-326,MESM6.GLBX-OracleStrategy-000,GLBX-001,GLBX-1-326,MARKET,SELL,1,GTC,True,False,1,TAKER,6646.25,0.0,['0.00 USD'],NO_TRIGGER,FILLED,NO_CONTINGENCY,,,,MY_GENERIC_ALGO,,O-20260309-015555-001-000-532,,138d9039-623f-4b71-9cb8-979a3046f984,2026-03-09 01:55:55.263478951+00:00,2026-03-09 01:55:55.263478951+00:00
BACKTESTER-001,OracleStrategy-000,MESM6.GLBX,GLBX-1-327,MESM6.GLBX-OracleStrategy-000,GLBX-001,GLBX-1-327,MARKET,SELL,1,GTC,False,False,1,TAKER,6646.25,0.0,['0.00 USD'],NO_TRIGGER,FILLED,NO_CONTINGENCY,,,,MY_GENERIC_ALGO,,O-20260309-015555-001-000-533,,da2d25e3-79bd-4836-80ce-5d25d05049fb,2026-03-09 01:55:55.263478951+00:00,2026-03-09 01:55:55.263478951+00:00
BACKTESTER-001,OracleStrategy-000,MESM6.GLBX,GLBX-1-328,MESM6.GLBX-OracleStrategy-000,GLBX-001,GLBX-1-328,MARKET,BUY,1,GTC,True,False,1,TAKER,6645.75,0.0,['0.00 USD'],NO_TRIGGER,FILLED,NO_CONTINGENCY,,,,MY_GENERIC_ALGO,,O-20260309-015557-001-000-534,,2b7eb8a1-f725-4179-9788-f76b0ffbdf03,2026-03-09 01:55:57.048381874+00:00,2026-03-09 01:55:57.048381874+00:00
BACKTESTER-001,OracleStrategy-000,MESM6.GLBX,GLBX-1-329,MESM6.GLBX-OracleStrategy-000,GLBX-001,GLBX-1-329,MARKET,BUY,1,GTC,False,False,1,TAKER,6645.75,0.0,['0.00 USD'],NO_TRIGGER,FILLED,NO_CONTINGENCY,,,,MY_GENERIC_ALGO,,O-20260309-015557-001-000-535,,c77138f4-be61-49af-a7fb-f5bf8ef471a3,2026-03-09 01:55:57.048381874+00:00,2026-03-09 01:55:57.048381874+00:00
BACKTESTER-001,OracleStrategy-000,MESM6.GLBX,GLBX-1-330,MESM6.GLBX-OracleStrategy-000,GLBX-001,GLBX-1-330,MARKET,SELL,1,GTC,True,False,1,TAKER,6647.75,0.0,['0.00 USD'],NO_TRIGGER,FILLED,NO_CONTINGENCY,,,,MY_GENERIC_ALGO,,O-20260309-015615-001-000-536,,0270c6b8-bff0-4764-8e22-5f8c979d5737,2026-03-09 01:56:15.336724773+00:00,2026-03-09 01:56:15.336724773+00:00
BACKTESTER-001,OracleStrategy-000,MESM6.GLBX,GLBX-1-331,MESM6.GLBX-OracleStrategy-000,GLBX-001,GLBX-1-331,MARKET,SELL,1,GTC,False,False,1,TAKER,6647.75,0.0,['0.00 USD'],NO_TRIGGER,FILLED,NO_CONTINGENCY,,,,MY_GENERIC_ALGO,,O-20260309-015615-001-000-537,,a4fb8d66-e546-4ce3-8884-715472780a6c,2026-03-09 01:56:15.336724773+00:00,2026-03-09 01:56:15.336724773+00:00
BACKTESTER-001,OracleStrategy-000,MESM6.GLBX,GLBX-1-332,MESM6.GLBX-OracleStrategy-000,GLBX-001,GLBX-1-332,MARKET,BUY,1,GTC,True,False,1,TAKER,6645.25,0.0,['0.00 USD'],NO_TRIGGER,FILLED,NO_CONTINGENCY,,,,MY_GENERIC_ALGO,,O-20260309-015645-001-000-538,,19dace0e-71e1-4cb0-a2b0-5306936d5d01,2026-03-09 01:56:45.939232011+00:00,2026-03-09 01:56:45.939232011+00:00
BACKTESTER-001,OracleStrategy-000,MESM6.GLBX,GLBX-1-333,MESM6.GLBX-OracleStrategy-000,GLBX-001,GLBX-1-333,MARKET,BUY,1,GTC,False,False,1,TAKER,6645.25,0.0,['0.00 USD'],NO_TRIGGER,FILLED,NO_CONTINGENCY,,,,MY_GENERIC_ALGO,,O-20260309-015645-001-000-539,,fa5daf68-d9ca-4e42-b737-55e80962126f,2026-03-09 01:56:45.939232011+00:00,2026-03-09 01:56:45.939232011+00:00
BACKTESTER-001,OracleStrategy-000,MESM6.GLBX,GLBX-1-334,MESM6.GLBX-OracleStrategy-000,GLBX-001,GLBX-1-334,MARKET,SELL,1,GTC,True,False,1,TAKER,6644.0,0.0,['0.00 USD'],NO_TRIGGER,FILLED,NO_CONTINGENCY,,,,MY_GENERIC_ALGO,,O-20260309-015647-001-000-540,,64b9131f-51c2-40b8-ae82-187810964e8f,2026-03-09 01:56:47.967672595+00:00,2026-03-09 01:56:47.967672595+00:00
BACKTESTER-001,OracleStrategy-000,MESM6.GLBX,GLBX-1-335,MESM6.GLBX-OracleStrategy-000,GLBX-001,GLBX-1-335,MARKET,SELL,1,GTC,False,False,1,TAKER,6644.0,0.0,['0.00 USD'],NO_TRIGGER,FILLED,NO_CONTINGENCY,,,,MY_GENERIC_ALGO,,O-20260309-015647-001-000-541,,b2d7b641-38f8-4013-aa8d-63b7db152507,2026-03-09 01:56:47.967672595+00:00,2026-03-09 01:56:47.967672595+00:00
BACKTESTER-001,OracleStrategy-000,MESM6.GLBX,GLBX-1-336,MESM6.GLBX-OracleStrategy-000,GLBX-001,GLBX-1-336,MARKET,BUY,1,GTC,True,False,1,TAKER,6644.0,0.0,['0.00 USD'],NO_TRIGGER,FILLED,NO_CONTINGENCY,,,,MY_GENERIC_ALGO,,O-20260309-015704-001-000-542,,1157d412-077c-401a-9ebd-4af3cc3c4bd0,2026-03-09 01:57:04.782881623+00:00,2026-03-09 01:57:04.782881623+00:00
BACKTESTER-001,OracleStrategy-000,MESM6.GLBX,GLBX-1-337,MESM6.GLBX-OracleStrategy-000,GLBX-001,GLBX-1-337,MARKET,BUY,1,GTC,False,False,1,TAKER,6644.0,0.0,['0.00 USD'],NO_TRIGGER,FILLED,NO_CONTINGENCY,,,,MY_GENERIC_ALGO,,O-20260309-015704-001-000-543,,01a1a509-2cea-48df-83fb-c2662b64bdc4,2026-03-09 01:57:04.782881623+00:00,2026-03-09 01:57:04.782881623+00:00
BACKTESTER-001,OracleStrategy-000,MESM6.GLBX,GLBX-1-338,MESM6.GLBX-OracleStrategy-000,GLBX-001,GLBX-1-338,MARKET,SELL,1,GTC,True,False,1,TAKER,6641.0,0.0,['0.00 USD'],NO_TRIGGER,FILLED,NO_CONTINGENCY,,,,MY_GENERIC_ALGO,,O-20260309-015729-001-000-544,,2cc4546c-60ec-4b5a-9563-1179c77eefea,2026-03-09 01:57:29.352496500+00:00,2026-03-09 01:57:29.352496500+00:00
BACKTESTER-001,OracleStrategy-000,MESM6.GLBX,GLBX-1-339,MESM6.GLBX-OracleStrategy-000,GLBX-001,GLBX-1-339,MARKET,SELL,1,GTC,False,False,1,TAKER,6642.5,0.0,['0.00 USD'],NO_TRIGGER,FILLED,NO_CONTINGENCY,,,,MY_GENERIC_ALGO,,O-20260309-015839-001-000-547,,c719555b-ecfd-4df4-ab19-9a9149c16f17,2026-03-09 01:58:39.206545690+00:00,2026-03-09 01:58:39.206545690+00:00
BACKTESTER-001,OracleStrategy-000,MESM6.GLBX,GLBX-1-340,MESM6.GLBX-OracleStrategy-000,GLBX-001,GLBX-1-340,MARKET,BUY,1,GTC,True,False,1,TAKER,6638.75,0.0,['0.00 USD'],NO_TRIGGER,FILLED,NO_CONTINGENCY,,,,MY_GENERIC_ALGO,,O-20260309-015941-001-000-548,,08e89f9a-e011-4467-99bb-b24d4dd177a7,2026-03-09 01:59:41.904618776+00:00,2026-03-09 01:59:41.904618776+00:00
BACKTESTER-001,OracleStrategy-000,MESM6.GLBX,GLBX-1-341,MESM6.GLBX-OracleStrategy-000,GLBX-001,GLBX-1-341,MARKET,BUY,1,GTC,False,False,1,TAKER,6638.5,0.0,['0.00 USD'],NO_TRIGGER,FILLED,NO_CONTINGENCY,,,,MY_GENERIC_ALGO,,O-20260309-015959-001-000-551,,893a0914-f31a-4bb8-b54c-9869ab56a510,2026-03-09 01:59:59.046663028+00:00,2026-03-09 01:59:59.046663028+00:00
BACKTESTER-001,OracleStrategy-000,MESM6.GLBX,GLBX-1-342,MESM6.GLBX-OracleStrategy-000,GLBX-001,GLBX-1-342,MARKET,SELL,1,GTC,True,False,1,TAKER,6639.0,0.0,['0.00 USD'],NO_TRIGGER,FILLED,NO_CONTINGENCY,,,,MY_GENERIC_ALGO,,O-20260309-020007-001-000-552,,80a1e6d2-fb1b-4576-9e39-565a46d7d530,2026-03-09 02:00:07.798691473+00:00,2026-03-09 02:00:07.798691473+00:00
BACKTESTER-001,OracleStrategy-000,MESM6.GLBX,GLBX-1-343,MESM6.GLBX-OracleStrategy-000,GLBX-001,GLBX-1-343,MARKET,SELL,1,GTC,False,False,1,TAKER,6639.0,0.0,['0.00 USD'],NO_TRIGGER,FILLED,NO_CONTINGENCY,,,,MY_GENERIC_ALGO,,O-20260309-020007-001-000-553,,17bfc81e-d89c-489d-a9c1-99c413ca90d7,2026-03-09 02:00:07.798691473+00:00,2026-03-09 02:00:07.798691473+00:00
BACKTESTER-001,OracleStrategy-000,MESM6.GLBX,GLBX-1-344,MESM6.GLBX-OracleStrategy-000,GLBX-001,GLBX-1-344,MARKET,BUY,1,GTC,True,False,1,TAKER,6640.25,0.0,['0.00 USD'],NO_TRIGGER,FILLED,NO_CONTINGENCY,,,,MY_GENERIC_ALGO,,O-20260309-020047-001-000-554,,1dd45106-0af8-4c53-9125-daad53d905ff,2026-03-09 02:00:47.182371821+00:00,2026-03-09 02:00:47.182371821+00:00
BACKTESTER-001,OracleStrategy-000,MESM6.GLBX,GLBX-1-345,MESM6.GLBX-OracleStrategy-000,GLBX-001,GLBX-1-345,MARKET,BUY,1,GTC,False,False,1,TAKER,6640.25,0.0,['0.00 USD'],NO_TRIGGER,FILLED,NO_CONTINGENCY,,,,MY_GENERIC_ALGO,,O-20260309-020047-001-000-555,,6b66f347-476b-43cc-95c0-047639602ea3,2026-03-09 02:00:47.182371821+00:00,2026-03-09 02:00:47.182371821+00:00
BACKTESTER-001,OracleStrategy-000,MESM6.GLBX,GLBX-1-346,MESM6.GLBX-OracleStrategy-000,GLBX-001,GLBX-1-346,MARKET,SELL,1,GTC,True,False,1,TAKER,6640.25,0.0,['0.00 USD'],NO_TRIGGER,FILLED,NO_CONTINGENCY,,,,MY_GENERIC_ALGO,,O-20260309-020048-001-000-556,,dd366c3b-1ba7-4bb2-9eac-45e596e723cd,2026-03-09 02:00:48.542710077+00:00,2026-03-09 02:00:48.542710077+00:00
BACKTESTER-001,OracleStrategy-000,MESM6.GLBX,GLBX-1-347,MESM6.GLBX-OracleStrategy-000,GLBX-001,GLBX-1-347,MARKET,SELL,1,GTC,False,False,1,TAKER,6640.25,0.0,['0.00 USD'],NO_TRIGGER,FILLED,NO_CONTINGENCY,,,,MY_GENERIC_ALGO,,O-20260309-020048-001-000-557,,69d34788-d6d9-489f-9813-fd4d5b5715a7,2026-03-09 02:00:48.542710077+00:00,2026-03-09 02:00:48.542710077+00:00
BACKTESTER-001,OracleStrategy-000,MESM6.GLBX,GLBX-1-348,MESM6.GLBX-OracleStrategy-000,GLBX-001,GLBX-1-348,MARKET,BUY,1,GTC,True,False,1,TAKER,6641.25,0.0,['0.00 USD'],NO_TRIGGER,FILLED,NO_CONTINGENCY,,,,MY_GENERIC_ALGO,,O-20260309-020107-001-000-558,,8ff7c262-91b6-4cab-9063-8cd99bf3aa4f,2026-03-09 02:01:07.270956416+00:00,2026-03-09 02:01:07.270956416+00:00
BACKTESTER-001,OracleStrategy-000,MESM6.GLBX,GLBX-1-349,MESM6.GLBX-OracleStrategy-000,GLBX-001,GLBX-1-349,MARKET,BUY,1,GTC,False,False,1,TAKER,6641.25,0.0,['0.00 USD'],NO_TRIGGER,FILLED,NO_CONTINGENCY,,,,MY_GENERIC_ALGO,,O-20260309-020107-001-000-559,,b95849f4-52d5-4e22-9ed7-1880b5cccd91,2026-03-09 02:01:07.270956416+00:00,2026-03-09 02:01:07.270956416+00:00
BACKTESTER-001,OracleStrategy-000,MESM6.GLBX,GLBX-1-350,MESM6.GLBX-OracleStrategy-000,GLBX-001,GLBX-1-350,MARKET,SELL,1,GTC,True,False,1,TAKER,6645.5,0.0,['0.00 USD'],NO_TRIGGER,FILLED,NO_CONTINGENCY,,,,MY_GENERIC_ALGO,,O-20260309-020147-001-000-560,,6e129c70-e9d4-4a57-9bb4-2429d6d60d05,2026-03-09 02:01:47.714930059+00:00,2026-03-09 02:01:47.714930059+00:00
BACKTESTER-001,OracleStrategy-000,MESM6.GLBX,GLBX-1-351,MESM6.GLBX-OracleStrategy-000,GLBX-001,GLBX-1-351,MARKET,SELL,1,GTC,False,False,1,TAKER,6645.5,0.0,['0.00 USD'],NO_TRIGGER,FILLED,NO_CONTINGENCY,,,,MY_GENERIC_ALGO,,O-20260309-020147-001-000-561,,21ad9695-8f6d-4e52-b1dd-4278f7414bce,2026-03-09 02:01:47.714930059+00:00,2026-03-09 02:01:47.714930059+00:00
BACKTESTER-001,OracleStrategy-000,MESM6.GLBX,GLBX-1-352,MESM6.GLBX-OracleStrategy-000,GLBX-001,GLBX-1-352,MARKET,BUY,1,GTC,True,False,1,TAKER,6646.0,0.0,['0.00 USD'],NO_TRIGGER,FILLED,NO_CONTINGENCY,,,,MY_GENERIC_ALGO,,O-20260309-020222-001-000-562,,9d79c8b7-45af-4c26-a29b-d61c9851d203,2026-03-09 02:02:22.875108530+00:00,2026-03-09 02:02:22.875108530+00:00
BACKTESTER-001,OracleStrategy-000,MESM6.GLBX,GLBX-1-353,MESM6.GLBX-OracleStrategy-000,GLBX-001,GLBX-1-353,MARKET,BUY,1,GTC,False,False,1,TAKER,6646.0,0.0,['0.00 USD'],NO_TRIGGER,FILLED,NO_CONTINGENCY,,,,MY_GENERIC_ALGO,,O-20260309-020222-001-000-563,,7d7f6dc7-736d-45de-ba0b-ac19bf38e53a,2026-03-09 02:02:22.875108530+00:00,2026-03-09 02:02:22.875108530+00:00
BACKTESTER-001,OracleStrategy-000,MESM6.GLBX,GLBX-1-354,MESM6.GLBX-OracleStrategy-000,GLBX-001,GLBX-1-354,MARKET,SELL,1,GTC,True,False,1,TAKER,6644.75,0.0,['0.00 USD'],NO_TRIGGER,FILLED,NO_CONTINGENCY,,,,MY_GENERIC_ALGO,,O-20260309-020235-001-000-564,,09c62c9b-8014-4285-8de7-ca202dab27c0,2026-03-09 02:02:35.221281050+00:00,2026-03-09 02:02:35.221281050+00:00
BACKTESTER-001,OracleStrategy-000,MESM6.GLBX,GLBX-1-355,MESM6.GLBX-OracleStrategy-000,GLBX-001,GLBX-1-355,MARKET,SELL,1,GTC,False,False,1,TAKER,6644.75,0.0,['0.00 USD'],NO_TRIGGER,FILLED,NO_CONTINGENCY,,,,MY_GENERIC_ALGO,,O-20260309-020235-001-000-565,,b4033a8e-4f2e-43ae-9502-563061f23307,2026-03-09 02:02:35.221281050+00:00,2026-03-09 02:02:35.221281050+00:00
BACKTESTER-001,OracleStrategy-000,MESM6.GLBX,GLBX-1-356,MESM6.GLBX-OracleStrategy-000,GLBX-001,GLBX-1-356,MARKET,BUY,1,GTC,True,False,1,TAKER,6644.5,0.0,['0.00 USD'],NO_TRIGGER,FILLED,NO_CONTINGENCY,,,,MY_GENERIC_ALGO,,O-20260309-020258-001-000-566,,f5747113-9782-405a-9097-87c69fc95983,2026-03-09 02:02:58.398643447+00:00,2026-03-09 02:02:58.398643447+00:00
BACKTESTER-001,OracleStrategy-000,MESM6.GLBX,GLBX-1-357,MESM6.GLBX-OracleStrategy-000,GLBX-001,GLBX-1-357,MARKET,BUY,1,GTC,False,False,1,TAKER,6644.5,0.0,['0.00 USD'],NO_TRIGGER,FILLED,NO_CONTINGENCY,,,,MY_GENERIC_ALGO,,O-20260309-020258-001-000-567,,78d9cfe8-8011-44c4-901f-f6da9ed5c729,2026-03-09 02:02:58.398643447+00:00,2026-03-09 02:02:58.398643447+00:00
BACKTESTER-001,OracleStrategy-000,MESM6.GLBX,GLBX-1-358,MESM6.GLBX-OracleStrategy-000,GLBX-001,GLBX-1-358,MARKET,SELL,1,GTC,True,False,1,TAKER,6643.5,0.0,['0.00 USD'],NO_TRIGGER,FILLED,NO_CONTINGENCY,,,,MY_GENERIC_ALGO,,O-20260309-020318-001-000-568,,021a2c14-e91c-48db-9269-b8c82b1ff912,2026-03-09 02:03:18.351447466+00:00,2026-03-09 02:03:18.351447466+00:00
BACKTESTER-001,OracleStrategy-000,MESM6.GLBX,GLBX-1-359,MESM6.GLBX-OracleStrategy-000,GLBX-001,GLBX-1-359,MARKET,SELL,1,GTC,False,False,1,TAKER,6643.5,0.0,['0.00 USD'],NO_TRIGGER,FILLED,NO_CONTINGENCY,,,,MY_GENERIC_ALGO,,O-20260309-020318-001-000-569,,d35d5233-e354-474c-bbd4-60322dfce5cc,2026-03-09 02:03:18.351447466+00:00,2026-03-09 02:03:18.351447466+00:00
BACKTESTER-001,OracleStrategy-000,MESM6.GLBX,GLBX-1-360,MESM6.GLBX-OracleStrategy-000,GLBX-001,GLBX-1-360,MARKET,BUY,1,GTC,True,False,1,TAKER,6641.5,0.0,['0.00 USD'],NO_TRIGGER,FILLED,NO_CONTINGENCY,,,,MY_GENERIC_ALGO,,O-20260309-020437-001-000-570,,ab5b5958-15bc-42b3-bde7-934c0087af08,2026-03-09 02:04:37.881837557+00:00,2026-03-09 02:04:37.881837557+00:00
BACKTESTER-001,OracleStrategy-000,MESM6.GLBX,GLBX-1-361,MESM6.GLBX-OracleStrategy-000,GLBX-001,GLBX-1-361,MARKET,BUY,1,GTC,False,False,1,TAKER,6641.5,0.0,['0.00 USD'],NO_TRIGGER,FILLED,NO_CONTINGENCY,,,,MY_GENERIC_ALGO,,O-20260309-020437-001-000-571,,abf3f9c6-93c1-4674-96fa-237771aa08c3,2026-03-09 02:04:37.881837557+00:00,2026-03-09 02:04:37.881837557+00:00
BACKTESTER-001,OracleStrategy-000,MESM6.GLBX,GLBX-1-362,MESM6.GLBX-OracleStrategy-000,GLBX-001,GLBX-1-362,MARKET,SELL,1,GTC,True,False,1,TAKER,6642.5,0.0,['0.00 USD'],NO_TRIGGER,FILLED,NO_CONTINGENCY,,,,MY_GENERIC_ALGO,,O-20260309-020555-001-000-572,,c9e7b253-5e09-4750-88a8-b894b3ded854,2026-03-09 02:05:55.691801770+00:00,2026-03-09 02:05:55.691801770+00:00
BACKTESTER-001,OracleStrategy-000,MESM6.GLBX,GLBX-1-363,MESM6.GLBX-OracleStrategy-000,GLBX-001,GLBX-1-363,MARKET,SELL,1,GTC,False,False,1,TAKER,6642.5,0.0,['0.00 USD'],NO_TRIGGER,FILLED,NO_CONTINGENCY,,,,MY_GENERIC_ALGO,,O-20260309-020555-001-000-573,,80bb11fb-a8e4-4f15-ae2a-d7d7f78758f4,2026-03-09 02:05:55.691801770+00:00,2026-03-09 02:05:55.691801770+00:00
BACKTESTER-001,OracleStrategy-000,MESM6.GLBX,GLBX-1-364,MESM6.GLBX-OracleStrategy-000,GLBX-001,GLBX-1-364,MARKET,BUY,1,GTC,True,False,1,TAKER,6639.25,0.0,['0.00 USD'],NO_TRIGGER,FILLED,NO_CONTINGENCY,,,,MY_GENERIC_ALGO,,O-20260309-020710-001-000-574,,23c0bd9b-7742-4222-92a0-e72b7bc0b1c0,2026-03-09 02:07:10.602662282+00:00,2026-03-09 02:07:10.602662282+00:00
BACKTESTER-001,OracleStrategy-000,MESM6.GLBX,GLBX-1-365,MESM6.GLBX-OracleStrategy-000,GLBX-001,GLBX-1-365,MARKET,BUY,1,GTC,False,False,1,TAKER,6639.25,0.0,['0.00 USD'],NO_TRIGGER,FILLED,NO_CONTINGENCY,,,,MY_GENERIC_ALGO,,O-20260309-020710-001-000-575,,f27b9c97-9035-4048-b474-fb47ccf4559c,2026-03-09 02:07:10.602662282+00:00,2026-03-09 02:07:10.602662282+00:00
BACKTESTER-001,OracleStrategy-000,MESM6.GLBX,GLBX-1-366,MESM6.GLBX-OracleStrategy-000,GLBX-001,GLBX-1-366,MARKET,SELL,1,GTC,True,False,1,TAKER,6640.5,0.0,['0.00 USD'],NO_TRIGGER,FILLED,NO_CONTINGENCY,,,,MY_GENERIC_ALGO,,O-20260309-020723-001-000-576,,9759584b-225b-4572-8e27-45d609b0b944,2026-03-09 02:07:23.134468587+00:00,2026-03-09 02:07:23.134468587+00:00
BACKTESTER-001,OracleStrategy-000,MESM6.GLBX,GLBX-1-367,MESM6.GLBX-OracleStrategy-000,GLBX-001,GLBX-1-367,MARKET,SELL,1,GTC,False,False,1,TAKER,6640.5,0.0,['0.00 USD'],NO_TRIGGER,FILLED,NO_CONTINGENCY,,,,MY_GENERIC_ALGO,,O-20260309-020723-001-000-577,,e40adce9-f1e4-44f8-b090-4027004dd17a,2026-03-09 02:07:23.134468587+00:00,2026-03-09 02:07:23.134468587+00:00
BACKTESTER-001,OracleStrategy-000,MESM6.GLBX,GLBX-1-368,MESM6.GLBX-OracleStrategy-000,GLBX-001,GLBX-1-368,MARKET,BUY,1,GTC,True,False,1,TAKER,6642.25,0.0,['0.00 USD'],NO_TRIGGER,FILLED,NO_CONTINGENCY,,,,MY_GENERIC_ALGO,,O-20260309-020833-001-000-578,,05ce2319-f01e-4130-bd63-e1103bad3daf,2026-03-09 02:08:33.009260634+00:00,2026-03-09 02:08:33.009260634+00:00
BACKTESTER-001,OracleStrategy-000,MESM6.GLBX,GLBX-1-369,MESM6.GLBX-OracleStrategy-000,GLBX-001,GLBX-1-369,MARKET,BUY,1,GTC,False,False,1,TAKER,6642.25,0.0,['0.00 USD'],NO_TRIGGER,FILLED,NO_CONTINGENCY,,,,MY_GENERIC_ALGO,,O-20260309-020833-001-000-579,,0bd20318-f2eb-4aae-aed4-b4de803d277c,2026-03-09 02:08:33.009260634+00:00,2026-03-09 02:08:33.009260634+00:00
BACKTESTER-001,OracleStrategy-000,MESM6.GLBX,GLBX-1-370,MESM6.GLBX-OracleStrategy-000,GLBX-001,GLBX-1-370,MARKET,SELL,1,GTC,True,False,1,TAKER,6643.5,0.0,['0.00 USD'],NO_TRIGGER,FILLED,NO_CONTINGENCY,,,,MY_GENERIC_ALGO,,O-20260309-020921-001-000-580,,281e1cab-d8b2-44c5-bdb0-ca06f946cbcf,2026-03-09 02:09:21.722420147+00:00,2026-03-09 02:09:21.722420147+00:00
BACKTESTER-001,OracleStrategy-000,MESM6.GLBX,GLBX-1-371,MESM6.GLBX-OracleStrategy-000,GLBX-001,GLBX-1-371,MARKET,SELL,1,GTC,False,False,1,TAKER,6643.5,0.0,['0.00 USD'],NO_TRIGGER,FILLED,NO_CONTINGENCY,,,,MY_GENERIC_ALGO,,O-20260309-020921-001-000-581,,6cea3e8e-27cc-4337-9e5d-93578a1aac12,2026-03-09 02:09:21.722420147+00:00,2026-03-09 02:09:21.722420147+00:00
BACKTESTER-001,OracleStrategy-000,MESM6.GLBX,GLBX-1-372,MESM6.GLBX-OracleStrategy-000,GLBX-001,GLBX-1-372,MARKET,BUY,1,GTC,True,False,1,TAKER,6642.5,0.0,['0.00 USD'],NO_TRIGGER,FILLED,NO_CONTINGENCY,,,,MY_GENERIC_ALGO,,O-20260309-020930-001-000-582,,4bda13e9-385a-4f0d-b0d8-7171dfab5d16,2026-03-09 02:09:30.587177371+00:00,2026-03-09 02:09:30.587177371+00:00
BACKTESTER-001,OracleStrategy-000,MESM6.GLBX,GLBX-1-373,MESM6.GLBX-OracleStrategy-000,GLBX-001,GLBX-1-373,MARKET,BUY,1,GTC,False,False,1,TAKER,6642.5,0.0,['0.00 USD'],NO_TRIGGER,FILLED,NO_CONTINGENCY,,,,MY_GENERIC_ALGO,,O-20260309-020930-001-000-583,,fc231698-8274-4d73-9067-af8a3f393a09,2026-03-09 02:09:30.587177371+00:00,2026-03-09 02:09:30.587177371+00:00
BACKTESTER-001,OracleStrategy-000,MESM6.GLBX,GLBX-1-374,MESM6.GLBX-OracleStrategy-000,GLBX-001,GLBX-1-374,MARKET,SELL,1,GTC,True,False,1,TAKER,6640.75,0.0,['0.00 USD'],NO_TRIGGER,FILLED,NO_CONTINGENCY,,,,MY_GENERIC_ALGO,,O-20260309-020939-001-000-584,,160ee0f8-e968-4d0d-b6b5-a0ee7f467c25,2026-03-09 02:09:39.924111229+00:00,2026-03-09 02:09:39.924111229+00:00
BACKTESTER-001,OracleStrategy-000,MESM6.GLBX,GLBX-1-375,MESM6.GLBX-OracleStrategy-000,GLBX-001,GLBX-1-375,MARKET,SELL,1,GTC,False,False,1,TAKER,6640.75,0.0,['0.00 USD'],NO_TRIGGER,FILLED,NO_CONTINGENCY,,,,MY_GENERIC_ALGO,,O-20260309-020939-001-000-585,,770b469d-d4be-4f6c-b347-ec6bf57f8411,2026-03-09 02:09:39.924111229+00:00,2026-03-09 02:09:39.924111229+00:00
BACKTESTER-001,OracleStrategy-000,MESM6.GLBX,GLBX-1-376,MESM6.GLBX-OracleStrategy-000,GLBX-001,GLBX-1-376,MARKET,BUY,1,GTC,True,False,1,TAKER,6640.25,0.0,['0.00 USD'],NO_TRIGGER,FILLED,NO_CONTINGENCY,,,,MY_GENERIC_ALGO,,O-20260309-020942-001-000-586,,ef60de0f-cf34-4e78-9e38-d04bced00be6,2026-03-09 02:09:42.036886667+00:00,2026-03-09 02:09:42.036886667+00:00
BACKTESTER-001,OracleStrategy-000,MESM6.GLBX,GLBX-1-377,MESM6.GLBX-OracleStrategy-000,GLBX-001,GLBX-1-377,MARKET,BUY,1,GTC,False,False,1,TAKER,6640.25,0.0,['0.00 USD'],NO_TRIGGER,FILLED,NO_CONTINGENCY,,,,MY_GENERIC_ALGO,,O-20260309-020942-001-000-587,,8e7cbfbe-2b11-404a-bab7-59685beb7993,2026-03-09 02:09:42.036886667+00:00,2026-03-09 02:09:42.036886667+00:00
BACKTESTER-001,OracleStrategy-000,MESM6.GLBX,GLBX-1-378,MESM6.GLBX-OracleStrategy-000,GLBX-001,GLBX-1-378,MARKET,SELL,1,GTC,True,False,1,TAKER,6647.0,0.0,['0.00 USD'],NO_TRIGGER,FILLED,NO_CONTINGENCY,,,,MY_GENERIC_ALGO,,O-20260309-021130-001-000-588,,4822f5cd-c138-4cfe-abb2-657a113a8ea6,2026-03-09 02:11:30.508196963+00:00,2026-03-09 02:11:30.508196963+00:00
BACKTESTER-001,OracleStrategy-000,MESM6.GLBX,GLBX-1-379,MESM6.GLBX-OracleStrategy-000,GLBX-001,GLBX-1-379,MARKET,SELL,1,GTC,False,False,1,TAKER,6647.0,0.0,['0.00 USD'],NO_TRIGGER,FILLED,NO_CONTINGENCY,,,,MY_GENERIC_ALGO,,O-20260309-021130-001-000-589,,d62d1934-aa02-403c-af84-4e9ec9dc4841,2026-03-09 02:11:30.508196963+00:00,2026-03-09 02:11:30.508196963+00:00
BACKTESTER-001,OracleStrategy-000,MESM6.GLBX,GLBX-1-380,MESM6.GLBX-OracleStrategy-000,GLBX-001,GLBX-1-380,MARKET,BUY,1,GTC,True,False,1,TAKER,6642.75,0.0,['0.00 USD'],NO_TRIGGER,FILLED,NO_CONTINGENCY,,,,MY_GENERIC_ALGO,,O-20260309-021226-001-000-590,,23126f12-0fc8-43e4-8cec-0bdebdfc106f,2026-03-09 02:12:26.799651758+00:00,2026-03-09 02:12:26.799651758+00:00
BACKTESTER-001,OracleStrategy-000,MESM6.GLBX,GLBX-1-381,MESM6.GLBX-OracleStrategy-000,GLBX-001,GLBX-1-381,MARKET,BUY,1,GTC,False,False,1,TAKER,6642.75,0.0,['0.00 USD'],NO_TRIGGER,FILLED,NO_CONTINGENCY,,,,MY_GENERIC_ALGO,,O-20260309-021226-001-000-591,,3a90f62d-bcda-46dd-b7ff-4494332e64a2,2026-03-09 02:12:26.799651758+00:00,2026-03-09 02:12:26.799651758+00:00
BACKTESTER-001,OracleStrategy-000,MESM6.GLBX,GLBX-1-382,MESM6.GLBX-OracleStrategy-000,GLBX-001,GLBX-1-382,MARKET,SELL,1,GTC,True,False,1,TAKER,6643.5,0.0,['0.00 USD'],NO_TRIGGER,FILLED,NO_CONTINGENCY,,,,MY_GENERIC_ALGO,,O-20260309-021252-001-000-592,,ef824a27-f312-45e7-b1c4-31ae9e80484b,2026-03-09 02:12:52.707378410+00:00,2026-03-09 02:12:52.707378410+00:00
BACKTESTER-001,OracleStrategy-000,MESM6.GLBX,GLBX-1-383,MESM6.GLBX-OracleStrategy-000,GLBX-001,GLBX-1-383,MARKET,SELL,1,GTC,False,False,1,TAKER,6643.5,0.0,['0.00 USD'],NO_TRIGGER,FILLED,NO_CONTINGENCY,,,,MY_GENERIC_ALGO,,O-20260309-021252-001-000-593,,0a3266be-f1c2-4a0d-8107-3d06d9a58dec,2026-03-09 02:12:52.707378410+00:00,2026-03-09 02:12:52.707378410+00:00
BACKTESTER-001,OracleStrategy-000,MESM6.GLBX,GLBX-1-384,MESM6.GLBX-OracleStrategy-000,GLBX-001,GLBX-1-384,MARKET,BUY,1,GTC,True,False,1,TAKER,6639.0,0.0,['0.00 USD'],NO_TRIGGER,FILLED,NO_CONTINGENCY,,,,MY_GENERIC_ALGO,,O-20260309-021424-001-000-594,,890b2959-a15f-40eb-9806-104c4296d51d,2026-03-09 02:14:24.302102128+00:00,2026-03-09 02:14:24.302102128+00:00
BACKTESTER-001,OracleStrategy-000,MESM6.GLBX,GLBX-1-385,MESM6.GLBX-OracleStrategy-000,GLBX-001,GLBX-1-385,MARKET,BUY,1,GTC,False,False,1,TAKER,6639.0,0.0,['0.00 USD'],NO_TRIGGER,FILLED,NO_CONTINGENCY,,,,MY_GENERIC_ALGO,,O-20260309-021424-001-000-595,,109169ce-69d5-4598-b16c-05a9a57acc24,2026-03-09 02:14:24.302102128+00:00,2026-03-09 02:14:24.302102128+00:00
BACKTESTER-001,OracleStrategy-000,MESM6.GLBX,GLBX-1-386,MESM6.GLBX-OracleStrategy-000,GLBX-001,GLBX-1-386,MARKET,SELL,1,GTC,True,False,1,TAKER,6639.0,0.0,['0.00 USD'],NO_TRIGGER,FILLED,NO_CONTINGENCY,,,,MY_GENERIC_ALGO,,O-20260309-021432-001-000-596,,a1f5316c-f854-4ed5-b27b-fb82675ff546,2026-03-09 02:14:32.587361442+00:00,2026-03-09 02:14:32.587361442+00:00
BACKTESTER-001,OracleStrategy-000,MESM6.GLBX,GLBX-1-387,MESM6.GLBX-OracleStrategy-000,GLBX-001,GLBX-1-387,MARKET,SELL,1,GTC,False,False,1,TAKER,6639.0,0.0,['0.00 USD'],NO_TRIGGER,FILLED,NO_CONTINGENCY,,,,MY_GENERIC_ALGO,,O-20260309-021432-001-000-597,,3fb7f153-ebe7-45fb-9890-a19106be25a9,2026-03-09 02:14:32.587361442+00:00,2026-03-09 02:14:32.587361442+00:00
BACKTESTER-001,OracleStrategy-000,MESM6.GLBX,GLBX-1-388,MESM6.GLBX-OracleStrategy-000,GLBX-001,GLBX-1-388,MARKET,BUY,1,GTC,True,False,1,TAKER,6638.0,0.0,['0.00 USD'],NO_TRIGGER,FILLED,NO_CONTINGENCY,,,,MY_GENERIC_ALGO,,O-20260309-021515-001-000-598,,006cdfb4-40e0-4ee5-96b3-d99584b40a76,2026-03-09 02:15:15.348764543+00:00,2026-03-09 02:15:15.348764543+00:00
BACKTESTER-001,OracleStrategy-000,MESM6.GLBX,GLBX-1-389,MESM6.GLBX-OracleStrategy-000,GLBX-001,GLBX-1-389,MARKET,BUY,1,GTC,False,False,1,TAKER,6638.0,0.0,['0.00 USD'],NO_TRIGGER,FILLED,NO_CONTINGENCY,,,,MY_GENERIC_ALGO,,O-20260309-021515-001-000-599,,9f2689d9-2b63-4d24-8f72-9d5bee505fc3,2026-03-09 02:15:15.348764543+00:00,2026-03-09 02:15:15.348764543+00:00
BACKTESTER-001,OracleStrategy-000,MESM6.GLBX,GLBX-1-390,MESM6.GLBX-OracleStrategy-000,GLBX-001,GLBX-1-390,MARKET,SELL,1,GTC,True,False,1,TAKER,6636.0,0.0,['0.00 USD'],NO_TRIGGER,FILLED,NO_CONTINGENCY,,,,MY_GENERIC_ALGO,,O-20260309-021536-001-000-600,,5c392c69-6244-45e6-b9ea-6592ecc4bd16,2026-03-09 02:15:36.476499562+00:00,2026-03-09 02:15:36.476499562+00:00
BACKTESTER-001,OracleStrategy-000,MESM6.GLBX,GLBX-1-391,MESM6.GLBX-OracleStrategy-000,GLBX-001,GLBX-1-391,MARKET,BUY,1,GTC,False,False,1,TAKER,6636.25,0.0,['0.00 USD'],NO_TRIGGER,FILLED,NO_CONTINGENCY,,,,MY_GENERIC_ALGO,,O-20260309-021539-001-000-603,,90dbf729-5109-4487-a58a-980d4f1a9f4a,2026-03-09 02:15:39.091237277+00:00,2026-03-09 02:15:39.091237277+00:00
BACKTESTER-001,OracleStrategy-000,MESM6.GLBX,GLBX-1-392,MESM6.GLBX-OracleStrategy-000,GLBX-001,GLBX-1-392,MARKET,SELL,1,GTC,True,False,1,TAKER,6637.0,0.0,['0.00 USD'],NO_TRIGGER,FILLED,NO_CONTINGENCY,,,,MY_GENERIC_ALGO,,O-20260309-021558-001-000-604,,353d34a8-149a-4fff-8a0b-d39a7cf8cda8,2026-03-09 02:15:58.672877712+00:00,2026-03-09 02:15:58.672877712+00:00
BACKTESTER-001,OracleStrategy-000,MESM6.GLBX,GLBX-1-393,MESM6.GLBX-OracleStrategy-000,GLBX-001,GLBX-1-393,MARKET,SELL,1,GTC,False,False,1,TAKER,6637.0,0.0,['0.00 USD'],NO_TRIGGER,FILLED,NO_CONTINGENCY,,,,MY_GENERIC_ALGO,,O-20260309-021558-001-000-605,,d0942bfe-5909-40d6-aafe-8ea1c9ef0469,2026-03-09 02:15:58.672877712+00:00,2026-03-09 02:15:58.672877712+00:00
BACKTESTER-001,OracleStrategy-000,MESM6.GLBX,GLBX-1-394,MESM6.GLBX-OracleStrategy-000,GLBX-001,GLBX-1-394,MARKET,BUY,1,GTC,True,False,1,TAKER,6635.0,0.0,['0.00 USD'],NO_TRIGGER,FILLED,NO_CONTINGENCY,,,,MY_GENERIC_ALGO,,O-20260309-021750-001-000-606,,ce6c03ab-a155-4ff9-8f92-f402796e3dcd,2026-03-09 02:17:50.969678018+00:00,2026-03-09 02:17:50.969678018+00:00
BACKTESTER-001,OracleStrategy-000,MESM6.GLBX,GLBX-1-395,MESM6.GLBX-OracleStrategy-000,GLBX-001,GLBX-1-395,MARKET,BUY,1,GTC,False,False,1,TAKER,6635.0,0.0,['0.00 USD'],NO_TRIGGER,FILLED,NO_CONTINGENCY,,,,MY_GENERIC_ALGO,,O-20260309-021750-001-000-607,,5a2ed4bb-6baf-4916-b3ec-51426252f63c,2026-03-09 02:17:50.969678018+00:00,2026-03-09 02:17:50.969678018+00:00
BACKTESTER-001,OracleStrategy-000,MESM6.GLBX,GLBX-1-396,MESM6.GLBX-OracleStrategy-000,GLBX-001,GLBX-1-396,MARKET,SELL,1,GTC,True,False,1,TAKER,6632.75,0.0,['0.00 USD'],NO_TRIGGER,FILLED,NO_CONTINGENCY,,,,MY_GENERIC_ALGO,,O-20260309-021803-001-000-608,,f20185f9-6558-4004-b730-18dcbc77ce39,2026-03-09 02:18:03.474852914+00:00,2026-03-09 02:18:03.474852914+00:00
BACKTESTER-001,OracleStrategy-000,MESM6.GLBX,GLBX-1-397,MESM6.GLBX-OracleStrategy-000,GLBX-001,GLBX-1-397,MARKET,SELL,1,GTC,False,False,1,TAKER,6632.75,0.0,['0.00 USD'],NO_TRIGGER,FILLED,NO_CONTINGENCY,,,,MY_GENERIC_ALGO,,O-20260309-021803-001-000-609,,08a50df4-9006-4dfe-9fa6-e4b1460bd620,2026-03-09 02:18:03.474852914+00:00,2026-03-09 02:18:03.474852914+00:00
BACKTESTER-001,OracleStrategy-000,MESM6.GLBX,GLBX-1-398,MESM6.GLBX-OracleStrategy-000,GLBX-001,GLBX-1-398,MARKET,BUY,1,GTC,True,False,1,TAKER,6633.75,0.0,['0.00 USD'],NO_TRIGGER,FILLED,NO_CONTINGENCY,,,,MY_GENERIC_ALGO,,O-20260309-021851-001-000-610,,2d5b02ba-22aa-4f12-8591-4518978d4580,2026-03-09 02:18:51.283247303+00:00,2026-03-09 02:18:51.283247303+00:00
BACKTESTER-001,OracleStrategy-000,MESM6.GLBX,GLBX-1-399,MESM6.GLBX-OracleStrategy-000,GLBX-001,GLBX-1-399,MARKET,BUY,1,GTC,False,False,1,TAKER,6633.75,0.0,['0.00 USD'],NO_TRIGGER,FILLED,NO_CONTINGENCY,,,,MY_GENERIC_ALGO,,O-20260309-021851-001-000-611,,e0064a8f-9811-48a4-afe9-2d5ad063ae0e,2026-03-09 02:18:51.283247303+00:00,2026-03-09 02:18:51.283247303+00:00
BACKTESTER-001,OracleStrategy-000,MESM6.GLBX,GLBX-1-400,MESM6.GLBX-OracleStrategy-000,GLBX-001,GLBX-1-400,MARKET,SELL,1,GTC,True,False,1,TAKER,6633.75,0.0,['0.00 USD'],NO_TRIGGER,FILLED,NO_CONTINGENCY,,,,MY_GENERIC_ALGO,,O-20260309-021900-001-000-612,,b4e4fcb3-437e-4f1a-bd44-1c0354766144,2026-03-09 02:19:00.074058936+00:00,2026-03-09 02:19:00.074058936+00:00
BACKTESTER-001,OracleStrategy-000,MESM6.GLBX,GLBX-1-401,MESM6.GLBX-OracleStrategy-000,GLBX-001,GLBX-1-401,MARKET,SELL,1,GTC,False,False,1,TAKER,6633.75,0.0,['0.00 USD'],NO_TRIGGER,FILLED,NO_CONTINGENCY,,,,MY_GENERIC_ALGO,,O-20260309-021900-001-000-613,,a4bbbce2-5ca6-41c2-b93b-177df8b63634,2026-03-09 02:19:00.074058936+00:00,2026-03-09 02:19:00.074058936+00:00
BACKTESTER-001,OracleStrategy-000,MESM6.GLBX,GLBX-1-402,MESM6.GLBX-OracleStrategy-000,GLBX-001,GLBX-1-402,MARKET,BUY,1,GTC,True,False,1,TAKER,6632.0,0.0,['0.00 USD'],NO_TRIGGER,FILLED,NO_CONTINGENCY,,,,MY_GENERIC_ALGO,,O-20260309-021908-001-000-614,,73c0760f-fa43-488e-b724-05cb24389537,2026-03-09 02:19:08.828087290+00:00,2026-03-09 02:19:08.828087290+00:00
BACKTESTER-001,OracleStrategy-000,MESM6.GLBX,GLBX-1-403,MESM6.GLBX-OracleStrategy-000,GLBX-001,GLBX-1-403,MARKET,BUY,1,GTC,False,False,1,TAKER,6632.0,0.0,['0.00 USD'],NO_TRIGGER,FILLED,NO_CONTINGENCY,,,,MY_GENERIC_ALGO,,O-20260309-021908-001-000-615,,5dc1acb3-7937-40cf-9e69-1d29d58c3604,2026-03-09 02:19:08.828087290+00:00,2026-03-09 02:19:08.828087290+00:00
BACKTESTER-001,OracleStrategy-000,MESM6.GLBX,GLBX-1-404,MESM6.GLBX-OracleStrategy-000,GLBX-001,GLBX-1-404,MARKET,SELL,1,GTC,True,False,1,TAKER,6633.25,0.0,['0.00 USD'],NO_TRIGGER,FILLED,NO_CONTINGENCY,,,,MY_GENERIC_ALGO,,O-20260309-021917-001-000-616,,82a1f94b-a93a-41cb-8cd7-62986aed591e,2026-03-09 02:19:17.029762035+00:00,2026-03-09 02:19:17.029762035+00:00
BACKTESTER-001,OracleStrategy-000,MESM6.GLBX,GLBX-1-405,MESM6.GLBX-OracleStrategy-000,GLBX-001,GLBX-1-405,MARKET,SELL,1,GTC,False,False,1,TAKER,6633.25,0.0,['0.00 USD'],NO_TRIGGER,FILLED,NO_CONTINGENCY,,,,MY_GENERIC_ALGO,,O-20260309-021917-001-000-617,,a499cb51-b0ce-4edd-9776-eaff04531a98,2026-03-09 02:19:17.029762035+00:00,2026-03-09 02:19:17.029762035+00:00
BACKTESTER-001,OracleStrategy-000,MESM6.GLBX,GLBX-1-406,MESM6.GLBX-OracleStrategy-000,GLBX-001,GLBX-1-406,MARKET,BUY,1,GTC,True,False,1,TAKER,6633.5,0.0,['0.00 USD'],NO_TRIGGER,FILLED,NO_CONTINGENCY,,,,MY_GENERIC_ALGO,,O-20260309-021925-001-000-618,,74dd3faa-7af0-4087-a3b0-ef361d31d818,2026-03-09 02:19:25.350318475+00:00,2026-03-09 02:19:25.350318475+00:00
BACKTESTER-001,OracleStrategy-000,MESM6.GLBX,GLBX-1-407,MESM6.GLBX-OracleStrategy-000,GLBX-001,GLBX-1-407,MARKET,BUY,1,GTC,False,False,1,TAKER,6633.5,0.0,['0.00 USD'],NO_TRIGGER,FILLED,NO_CONTINGENCY,,,,MY_GENERIC_ALGO,,O-20260309-021925-001-000-619,,88d73344-c8f7-4780-bb70-f4fc3ea71d22,2026-03-09 02:19:25.350318475+00:00,2026-03-09 02:19:25.350318475+00:00
BACKTESTER-001,OracleStrategy-000,MESM6.GLBX,GLBX-1-408,MESM6.GLBX-OracleStrategy-000,GLBX-001,GLBX-1-408,MARKET,SELL,1,GTC,True,False,1,TAKER,6633.0,0.0,['0.00 USD'],NO_TRIGGER,FILLED,NO_CONTINGENCY,,,,MY_GENERIC_ALGO,,O-20260309-022116-001-000-620,,dc452aeb-3ec9-4af0-a9e2-7599b368d2a9,2026-03-09 02:21:16.244617448+00:00,2026-03-09 02:21:16.244617448+00:00
BACKTESTER-001,OracleStrategy-000,MESM6.GLBX,GLBX-1-409,MESM6.GLBX-OracleStrategy-000,GLBX-001,GLBX-1-409,MARKET,SELL,1,GTC,False,False,1,TAKER,6633.0,0.0,['0.00 USD'],NO_TRIGGER,FILLED,NO_CONTINGENCY,,,,MY_GENERIC_ALGO,,O-20260309-022116-001-000-621,,44a722dc-d449-49f9-8930-27f3d96e6766,2026-03-09 02:21:16.244617448+00:00,2026-03-09 02:21:16.244617448+00:00
BACKTESTER-001,OracleStrategy-000,MESM6.GLBX,GLBX-1-410,MESM6.GLBX-OracleStrategy-000,GLBX-001,GLBX-1-410,MARKET,BUY,1,GTC,True,False,1,TAKER,6633.25,0.0,['0.00 USD'],NO_TRIGGER,FILLED,NO_CONTINGENCY,,,,MY_GENERIC_ALGO,,O-20260309-022123-001-000-622,,ddcce1a3-d1ef-4ae6-aaa4-887aee9ba112,2026-03-09 02:21:23.383373181+00:00,2026-03-09 02:21:23.383373181+00:00
BACKTESTER-001,OracleStrategy-000,MESM6.GLBX,GLBX-1-411,MESM6.GLBX-OracleStrategy-000,GLBX-001,GLBX-1-411,MARKET,BUY,1,GTC,False,False,1,TAKER,6633.25,0.0,['0.00 USD'],NO_TRIGGER,FILLED,NO_CONTINGENCY,,,,MY_GENERIC_ALGO,,O-20260309-022123-001-000-623,,b6e4947f-a4d7-4bd2-9b8b-52b19cd67310,2026-03-09 02:21:23.383373181+00:00,2026-03-09 02:21:23.383373181+00:00
BACKTESTER-001,OracleStrategy-000,MESM6.GLBX,GLBX-1-412,MESM6.GLBX-OracleStrategy-000,GLBX-001,GLBX-1-412,MARKET,SELL,1,GTC,True,False,1,TAKER,6634.5,0.0,['0.00 USD'],NO_TRIGGER,FILLED,NO_CONTINGENCY,,,,MY_GENERIC_ALGO,,O-20260309-022129-001-000-624,,8086b94a-4b70-4497-82d3-905c41df4779,2026-03-09 02:21:29.293823034+00:00,2026-03-09 02:21:29.293823034+00:00
BACKTESTER-001,OracleStrategy-000,MESM6.GLBX,GLBX-1-413,MESM6.GLBX-OracleStrategy-000,GLBX-001,GLBX-1-413,MARKET,SELL,1,GTC,False,False,1,TAKER,6634.5,0.0,['0.00 USD'],NO_TRIGGER,FILLED,NO_CONTINGENCY,,,,MY_GENERIC_ALGO,,O-20260309-022129-001-000-625,,d65f4d71-93ac-4c36-b289-fb08e6c71e17,2026-03-09 02:21:29.293823034+00:00,2026-03-09 02:21:29.293823034+00:00
BACKTESTER-001,OracleStrategy-000,MESM6.GLBX,GLBX-1-414,MESM6.GLBX-OracleStrategy-000,GLBX-001,GLBX-1-414,MARKET,BUY,1,GTC,True,False,1,TAKER,6635.75,0.0,['0.00 USD'],NO_TRIGGER,FILLED,NO_CONTINGENCY,,,,MY_GENERIC_ALGO,,O-20260309-022135-001-000-626,,7871cf92-a98c-4a84-ae6f-89518b7754db,2026-03-09 02:21:35.541434019+00:00,2026-03-09 02:21:35.541434019+00:00
BACKTESTER-001,OracleStrategy-000,MESM6.GLBX,GLBX-1-415,MESM6.GLBX-OracleStrategy-000,GLBX-001,GLBX-1-415,MARKET,BUY,1,GTC,False,False,1,TAKER,6635.75,0.0,['0.00 USD'],NO_TRIGGER,FILLED,NO_CONTINGENCY,,,,MY_GENERIC_ALGO,,O-20260309-022135-001-000-627,,0de1167e-2d1e-46ee-bed2-166f52f6a628,2026-03-09 02:21:35.541434019+00:00,2026-03-09 02:21:35.541434019+00:00
BACKTESTER-001,OracleStrategy-000,MESM6.GLBX,GLBX-1-416,MESM6.GLBX-OracleStrategy-000,GLBX-001,GLBX-1-416,MARKET,SELL,1,GTC,True,False,1,TAKER,6637.5,0.0,['0.00 USD'],NO_TRIGGER,FILLED,NO_CONTINGENCY,,,,MY_GENERIC_ALGO,,O-20260309-022139-001-000-628,,71943c79-e13d-427b-b233-73b9842676f8,2026-03-09 02:21:39.538178754+00:00,2026-03-09 02:21:39.538178754+00:00
BACKTESTER-001,OracleStrategy-000,MESM6.GLBX,GLBX-1-417,MESM6.GLBX-OracleStrategy-000,GLBX-001,GLBX-1-417,MARKET,SELL,1,GTC,False,False,1,TAKER,6637.5,0.0,['0.00 USD'],NO_TRIGGER,FILLED,NO_CONTINGENCY,,,,MY_GENERIC_ALGO,,O-20260309-022139-001-000-629,,f4246a6b-4f47-48f3-b126-947d84789c56,2026-03-09 02:21:39.538178754+00:00,2026-03-09 02:21:39.538178754+00:00
BACKTESTER-001,OracleStrategy-000,MESM6.GLBX,GLBX-1-418,MESM6.GLBX-OracleStrategy-000,GLBX-001,GLBX-1-418,MARKET,BUY,1,GTC,True,False,1,TAKER,6637.75,0.0,['0.00 USD'],NO_TRIGGER,FILLED,NO_CONTINGENCY,,,,MY_GENERIC_ALGO,,O-20260309-022142-001-000-630,,88ed167b-de89-42b1-8836-f15f35adb651,2026-03-09 02:21:42.199383291+00:00,2026-03-09 02:21:42.199383291+00:00
BACKTESTER-001,OracleStrategy-000,MESM6.GLBX,GLBX-1-419,MESM6.GLBX-OracleStrategy-000,GLBX-001,GLBX-1-419,MARKET,BUY,1,GTC,False,False,1,TAKER,6637.75,0.0,['0.00 USD'],NO_TRIGGER,FILLED,NO_CONTINGENCY,,,,MY_GENERIC_ALGO,,O-20260309-022142-001-000-631,,6893bdf3-7415-42e5-850e-4fedefcbfe17,2026-03-09 02:21:42.199383291+00:00,2026-03-09 02:21:42.199383291+00:00
BACKTESTER-001,OracleStrategy-000,MESM6.GLBX,GLBX-1-420,MESM6.GLBX-OracleStrategy-000,GLBX-001,GLBX-1-420,MARKET,SELL,1,GTC,True,False,1,TAKER,6640.0,0.0,['0.00 USD'],NO_TRIGGER,FILLED,NO_CONTINGENCY,,,,MY_GENERIC_ALGO,,O-20260309-022233-001-000-632,,7489f747-2e8d-4b2b-be36-bbcf7e8a1138,2026-03-09 02:22:33.612756603+00:00,2026-03-09 02:22:33.612756603+00:00
BACKTESTER-001,OracleStrategy-000,MESM6.GLBX,GLBX-1-421,MESM6.GLBX-OracleStrategy-000,GLBX-001,GLBX-1-421,MARKET,SELL,1,GTC,False,False,1,TAKER,6640.0,0.0,['0.00 USD'],NO_TRIGGER,FILLED,NO_CONTINGENCY,,,,MY_GENERIC_ALGO,,O-20260309-022233-001-000-633,,9dbacf52-00fd-4898-b2f8-532fcae4ea0a,2026-03-09 02:22:33.612756603+00:00,2026-03-09 02:22:33.612756603+00:00
BACKTESTER-001,OracleStrategy-000,MESM6.GLBX,GLBX-1-422,MESM6.GLBX-OracleStrategy-000,GLBX-001,GLBX-1-422,MARKET,BUY,1,GTC,True,False,1,TAKER,6640.0,0.0,['0.00 USD'],NO_TRIGGER,FILLED,NO_CONTINGENCY,,,,MY_GENERIC_ALGO,,O-20260309-022243-001-000-634,,4e27526a-6f5d-4e61-8a21-4fd246107511,2026-03-09 02:22:43.314606104+00:00,2026-03-09 02:22:43.314606104+00:00
BACKTESTER-001,OracleStrategy-000,MESM6.GLBX,GLBX-1-423,MESM6.GLBX-OracleStrategy-000,GLBX-001,GLBX-1-423,MARKET,BUY,1,GTC,False,False,1,TAKER,6640.0,0.0,['0.00 USD'],NO_TRIGGER,FILLED,NO_CONTINGENCY,,,,MY_GENERIC_ALGO,,O-20260309-022243-001-000-635,,b14aedbb-5a52-466c-845a-3f8151b20106,2026-03-09 02:22:43.314606104+00:00,2026-03-09 02:22:43.314606104+00:00
BACKTESTER-001,OracleStrategy-000,MESM6.GLBX,GLBX-1-424,MESM6.GLBX-OracleStrategy-000,GLBX-001,GLBX-1-424,MARKET,SELL,1,GTC,True,False,1,TAKER,6642.25,0.0,['0.00 USD'],NO_TRIGGER,FILLED,NO_CONTINGENCY,,,,MY_GENERIC_ALGO,,O-20260309-022314-001-000-636,,3ffe2d73-8357-4be5-87b3-228f902ce81c,2026-03-09 02:23:14.918038618+00:00,2026-03-09 02:23:14.918038618+00:00
BACKTESTER-001,OracleStrategy-000,MESM6.GLBX,GLBX-1-425,MESM6.GLBX-OracleStrategy-000,GLBX-001,GLBX-1-425,MARKET,SELL,1,GTC,False,False,1,TAKER,6642.25,0.0,['0.00 USD'],NO_TRIGGER,FILLED,NO_CONTINGENCY,,,,MY_GENERIC_ALGO,,O-20260309-022314-001-000-637,,9f7ed540-d31a-4baf-b427-ac1cd9ec91ee,2026-03-09 02:23:14.918038618+00:00,2026-03-09 02:23:14.918038618+00:00
BACKTESTER-001,OracleStrategy-000,MESM6.GLBX,GLBX-1-426,MESM6.GLBX-OracleStrategy-000,GLBX-001,GLBX-1-426,MARKET,BUY,1,GTC,True,False,1,TAKER,6642.5,0.0,['0.00 USD'],NO_TRIGGER,FILLED,NO_CONTINGENCY,,,,MY_GENERIC_ALGO,,O-20260309-022321-001-000-638,,a59f9232-c3aa-42a3-80bd-bd897454a4c4,2026-03-09 02:23:21.438442631+00:00,2026-03-09 02:23:21.438442631+00:00
BACKTESTER-001,OracleStrategy-000,MESM6.GLBX,GLBX-1-427,MESM6.GLBX-OracleStrategy-000,GLBX-001,GLBX-1-427,MARKET,BUY,1,GTC,False,False,1,TAKER,6642.5,0.0,['0.00 USD'],NO_TRIGGER,FILLED,NO_CONTINGENCY,,,,MY_GENERIC_ALGO,,O-20260309-022321-001-000-639,,f2b1292a-0610-4f3a-b4cd-82aafc97b828,2026-03-09 02:23:21.438442631+00:00,2026-03-09 02:23:21.438442631+00:00
BACKTESTER-001,OracleStrategy-000,MESM6.GLBX,GLBX-1-428,MESM6.GLBX-OracleStrategy-000,GLBX-001,GLBX-1-428,MARKET,SELL,1,GTC,True,False,1,TAKER,6642.25,0.0,['0.00 USD'],NO_TRIGGER,FILLED,NO_CONTINGENCY,,,,MY_GENERIC_ALGO,,O-20260309-022325-001-000-640,,b1ad9d4e-5f7d-423a-a819-896a7028d21f,2026-03-09 02:23:25.459589210+00:00,2026-03-09 02:23:25.459589210+00:00
BACKTESTER-001,OracleStrategy-000,MESM6.GLBX,GLBX-1-429,MESM6.GLBX-OracleStrategy-000,GLBX-001,GLBX-1-429,MARKET,SELL,1,GTC,False,False,1,TAKER,6642.25,0.0,['0.00 USD'],NO_TRIGGER,FILLED,NO_CONTINGENCY,,,,MY_GENERIC_ALGO,,O-20260309-022325-001-000-641,,a9e76d8b-8c94-4b61-9de1-9f3664fe5ea2,2026-03-09 02:23:25.459589210+00:00,2026-03-09 02:23:25.459589210+00:00
BACKTESTER-001,OracleStrategy-000,MESM6.GLBX,GLBX-1-430,MESM6.GLBX-OracleStrategy-000,GLBX-001,GLBX-1-430,MARKET,BUY,1,GTC,True,False,1,TAKER,6643.75,0.0,['0.00 USD'],NO_TRIGGER,FILLED,NO_CONTINGENCY,,,,MY_GENERIC_ALGO,,O-20260309-022337-001-000-642,,228f3066-0333-450a-92e1-83fbb26245cf,2026-03-09 02:23:37.105529290+00:00,2026-03-09 02:23:37.105529290+00:00
BACKTESTER-001,OracleStrategy-000,MESM6.GLBX,GLBX-1-431,MESM6.GLBX-OracleStrategy-000,GLBX-001,GLBX-1-431,MARKET,BUY,1,GTC,False,False,1,TAKER,6643.75,0.0,['0.00 USD'],NO_TRIGGER,FILLED,NO_CONTINGENCY,,,,MY_GENERIC_ALGO,,O-20260309-022337-001-000-643,,bc8b9504-2594-4778-81f5-b2988c2435fb,2026-03-09 02:23:37.105529290+00:00,2026-03-09 02:23:37.105529290+00:00
BACKTESTER-001,OracleStrategy-000,MESM6.GLBX,GLBX-1-432,MESM6.GLBX-OracleStrategy-000,GLBX-001,GLBX-1-432,MARKET,SELL,1,GTC,True,False,1,TAKER,6642.0,0.0,['0.00 USD'],NO_TRIGGER,FILLED,NO_CONTINGENCY,,,,MY_GENERIC_ALGO,,O-20260309-022341-001-000-644,,71511c81-6908-46fb-806e-45870536066a,2026-03-09 02:23:41.373991530+00:00,2026-03-09 02:23:41.373991530+00:00
BACKTESTER-001,OracleStrategy-000,MESM6.GLBX,GLBX-1-433,MESM6.GLBX-OracleStrategy-000,GLBX-001,GLBX-1-433,MARKET,SELL,1,GTC,False,False,1,TAKER,6642.0,0.0,['0.00 USD'],NO_TRIGGER,FILLED,NO_CONTINGENCY,,,,MY_GENERIC_ALGO,,O-20260309-022341-001-000-645,,e2ae8f87-c3bb-47a9-a139-3a5d38e9d209,2026-03-09 02:23:41.373991530+00:00,2026-03-09 02:23:41.373991530+00:00
BACKTESTER-001,OracleStrategy-000,MESM6.GLBX,GLBX-1-434,MESM6.GLBX-OracleStrategy-000,GLBX-001,GLBX-1-434,MARKET,BUY,1,GTC,True,False,1,TAKER,6644.0,0.0,['0.00 USD'],NO_TRIGGER,FILLED,NO_CONTINGENCY,,,,MY_GENERIC_ALGO,,O-20260309-022345-001-000-646,,eceaf351-8d36-410b-b5b8-066f7090cd62,2026-03-09 02:23:45.262429667+00:00,2026-03-09 02:23:45.262429667+00:00
BACKTESTER-001,OracleStrategy-000,MESM6.GLBX,GLBX-1-435,MESM6.GLBX-OracleStrategy-000,GLBX-001,GLBX-1-435,MARKET,BUY,1,GTC,False,False,1,TAKER,6644.0,0.0,['0.00 USD'],NO_TRIGGER,FILLED,NO_CONTINGENCY,,,,MY_GENERIC_ALGO,,O-20260309-022345-001-000-647,,1b054091-4609-4c8b-9ee9-f585145a5900,2026-03-09 02:23:45.262429667+00:00,2026-03-09 02:23:45.262429667+00:00
BACKTESTER-001,OracleStrategy-000,MESM6.GLBX,GLBX-1-436,MESM6.GLBX-OracleStrategy-000,GLBX-001,GLBX-1-436,MARKET,SELL,1,GTC,True,False,1,TAKER,6643.0,0.0,['0.00 USD'],NO_TRIGGER,FILLED,NO_CONTINGENCY,,,,MY_GENERIC_ALGO,,O-20260309-022357-001-000-648,,2330b4b9-7826-466e-ba13-63a2f0e1d1a0,2026-03-09 02:23:57.136894907+00:00,2026-03-09 02:23:57.136894907+00:00
BACKTESTER-001,OracleStrategy-000,MESM6.GLBX,GLBX-1-437,MESM6.GLBX-OracleStrategy-000,GLBX-001,GLBX-1-437,MARKET,SELL,1,GTC,False,False,1,TAKER,6643.0,0.0,['0.00 USD'],NO_TRIGGER,FILLED,NO_CONTINGENCY,,,,MY_GENERIC_ALGO,,O-20260309-022357-001-000-649,,49583103-2245-405f-9319-0f472e57845c,2026-03-09 02:23:57.136894907+00:00,2026-03-09 02:23:57.136894907+00:00
BACKTESTER-001,OracleStrategy-000,MESM6.GLBX,GLBX-1-438,MESM6.GLBX-OracleStrategy-000,GLBX-001,GLBX-1-438,MARKET,BUY,1,GTC,True,False,1,TAKER,6644.0,0.0,['0.00 USD'],NO_TRIGGER,FILLED,NO_CONTINGENCY,,,,MY_GENERIC_ALGO,,O-20260309-022458-001-000-650,,53911834-dfc4-41eb-a36a-00b1fb6324ef,2026-03-09 02:24:58.755170571+00:00,2026-03-09 02:24:58.755170571+00:00
BACKTESTER-001,OracleStrategy-000,MESM6.GLBX,GLBX-1-439,MESM6.GLBX-OracleStrategy-000,GLBX-001,GLBX-1-439,MARKET,BUY,1,GTC,False,False,1,TAKER,6644.0,0.0,['0.00 USD'],NO_TRIGGER,FILLED,NO_CONTINGENCY,,,,MY_GENERIC_ALGO,,O-20260309-022458-001-000-651,,c3c102d3-fda6-4c87-a3db-b647df60fd96,2026-03-09 02:24:58.755170571+00:00,2026-03-09 02:24:58.755170571+00:00
BACKTESTER-001,OracleStrategy-000,MESM6.GLBX,GLBX-1-440,MESM6.GLBX-OracleStrategy-000,GLBX-001,GLBX-1-440,MARKET,SELL,1,GTC,True,False,1,TAKER,6642.25,0.0,['0.00 USD'],NO_TRIGGER,FILLED,NO_CONTINGENCY,,,,MY_GENERIC_ALGO,,O-20260309-022511-001-000-652,,9b28f8b2-1030-4366-8b44-9eee800dab07,2026-03-09 02:25:11.764156383+00:00,2026-03-09 02:25:11.764156383+00:00
BACKTESTER-001,OracleStrategy-000,MESM6.GLBX,GLBX-1-441,MESM6.GLBX-OracleStrategy-000,GLBX-001,GLBX-1-441,MARKET,BUY,1,GTC,False,False,1,TAKER,6641.75,0.0,['0.00 USD'],NO_TRIGGER,FILLED,NO_CONTINGENCY,,,,MY_GENERIC_ALGO,,O-20260309-022648-001-000-661,,06b1c831-524b-49bf-a819-dd7d990a53e0,2026-03-09 02:26:48.430069782+00:00,2026-03-09 02:26:48.430069782+00:00
BACKTESTER-001,OracleStrategy-000,MESM6.GLBX,GLBX-1-442,MESM6.GLBX-OracleStrategy-000,GLBX-001,GLBX-1-442,MARKET,SELL,1,GTC,True,False,1,TAKER,6642.5,0.0,['0.00 USD'],NO_TRIGGER,FILLED,NO_CONTINGENCY,,,,MY_GENERIC_ALGO,,O-20260309-022653-001-000-662,,88172108-34ec-4108-9225-b02279622c71,2026-03-09 02:26:53.773351688+00:00,2026-03-09 02:26:53.773351688+00:00
BACKTESTER-001,OracleStrategy-000,MESM6.GLBX,GLBX-1-443,MESM6.GLBX-OracleStrategy-000,GLBX-001,GLBX-1-443,MARKET,SELL,1,GTC,False,False,1,TAKER,6642.5,0.0,['0.00 USD'],NO_TRIGGER,FILLED,NO_CONTINGENCY,,,,MY_GENERIC_ALGO,,O-20260309-022653-001-000-663,,b946ea19-429a-4857-bb71-5f158e173131,2026-03-09 02:26:53.773351688+00:00,2026-03-09 02:26:53.773351688+00:00
BACKTESTER-001,OracleStrategy-000,MESM6.GLBX,GLBX-1-444,MESM6.GLBX-OracleStrategy-000,GLBX-001,GLBX-1-444,MARKET,BUY,1,GTC,True,False,1,TAKER,6641.5,0.0,['0.00 USD'],NO_TRIGGER,FILLED,NO_CONTINGENCY,,,,MY_GENERIC_ALGO,,O-20260309-022752-001-000-664,,817f2838-929a-45c6-8f67-696619e986b7,2026-03-09 02:27:52.696966366+00:00,2026-03-09 02:27:52.696966366+00:00
BACKTESTER-001,OracleStrategy-000,MESM6.GLBX,GLBX-1-445,MESM6.GLBX-OracleStrategy-000,GLBX-001,GLBX-1-445,MARKET,BUY,1,GTC,False,False,1,TAKER,6641.5,0.0,['0.00 USD'],NO_TRIGGER,FILLED,NO_CONTINGENCY,,,,MY_GENERIC_ALGO,,O-20260309-022752-001-000-665,,e4e4482b-fc9e-45c7-bc62-0167656e4baa,2026-03-09 02:27:52.696966366+00:00,2026-03-09 02:27:52.696966366+00:00
BACKTESTER-001,OracleStrategy-000,MESM6.GLBX,GLBX-1-446,MESM6.GLBX-OracleStrategy-000,GLBX-001,GLBX-1-446,MARKET,SELL,1,GTC,True,False,1,TAKER,6644.75,0.0,['0.00 USD'],NO_TRIGGER,FILLED,NO_CONTINGENCY,,,,MY_GENERIC_ALGO,,O-20260309-022851-001-000-666,,3da4552a-c30c-40f4-93e2-bd25414fb249,2026-03-09 02:28:51.575505831+00:00,2026-03-09 02:28:51.575505831+00:00
BACKTESTER-001,OracleStrategy-000,MESM6.GLBX,GLBX-1-447,MESM6.GLBX-OracleStrategy-000,GLBX-001,GLBX-1-447,MARKET,SELL,1,GTC,False,False,1,TAKER,6644.75,0.0,['0.00 USD'],NO_TRIGGER,FILLED,NO_CONTINGENCY,,,,MY_GENERIC_ALGO,,O-20260309-022851-001-000-667,,3c789c57-fd21-49f9-abe2-a959dbd4cb7b,2026-03-09 02:28:51.575505831+00:00,2026-03-09 02:28:51.575505831+00:00
BACKTESTER-001,OracleStrategy-000,MESM6.GLBX,GLBX-1-448,MESM6.GLBX-OracleStrategy-000,GLBX-001,GLBX-1-448,MARKET,BUY,1,GTC,True,False,1,TAKER,6645.75,0.0,['0.00 USD'],NO_TRIGGER,FILLED,NO_CONTINGENCY,,,,MY_GENERIC_ALGO,,O-20260309-022916-001-000-668,,b581a652-1db5-4d32-908c-99059209945b,2026-03-09 02:29:16.957798738+00:00,2026-03-09 02:29:16.957798738+00:00
BACKTESTER-001,OracleStrategy-000,MESM6.GLBX,GLBX-1-449,MESM6.GLBX-OracleStrategy-000,GLBX-001,GLBX-1-449,MARKET,BUY,1,GTC,False,False,1,TAKER,6645.75,0.0,['0.00 USD'],NO_TRIGGER,FILLED,NO_CONTINGENCY,,,,MY_GENERIC_ALGO,,O-20260309-022916-001-000-669,,827b3599-eadd-47a9-8559-683d4006f5bf,2026-03-09 02:29:16.957798738+00:00,2026-03-09 02:29:16.957798738+00:00
BACKTESTER-001,OracleStrategy-000,MESM6.GLBX,GLBX-1-450,MESM6.GLBX-OracleStrategy-000,GLBX-001,GLBX-1-450,MARKET,SELL,1,GTC,True,False,1,TAKER,6645.75,0.0,['0.00 USD'],NO_TRIGGER,FILLED,NO_CONTINGENCY,,,,MY_GENERIC_ALGO,,O-20260309-022920-001-000-670,,ec48fe73-8286-4b6d-bb24-6fc747f5de0a,2026-03-09 02:29:20.084192429+00:00,2026-03-09 02:29:20.084192429+00:00
BACKTESTER-001,OracleStrategy-000,MESM6.GLBX,GLBX-1-451,MESM6.GLBX-OracleStrategy-000,GLBX-001,GLBX-1-451,MARKET,SELL,1,GTC,False,False,1,TAKER,6645.75,0.0,['0.00 USD'],NO_TRIGGER,FILLED,NO_CONTINGENCY,,,,MY_GENERIC_ALGO,,O-20260309-022920-001-000-671,,01fb7499-aaee-4563-b50e-2f89ac59c099,2026-03-09 02:29:20.084192429+00:00,2026-03-09 02:29:20.084192429+00:00
BACKTESTER-001,OracleStrategy-000,MESM6.GLBX,GLBX-1-452,MESM6.GLBX-OracleStrategy-000,GLBX-001,GLBX-1-452,MARKET,BUY,1,GTC,True,False,1,TAKER,6642.25,0.0,['0.00 USD'],NO_TRIGGER,FILLED,NO_CONTINGENCY,,,,MY_GENERIC_ALGO,,O-20260309-022948-001-000-672,,e3513485-2f3c-4d7d-bde3-c31d446538fd,2026-03-09 02:29:48.610676399+00:00,2026-03-09 02:29:48.610676399+00:00
BACKTESTER-001,OracleStrategy-000,MESM6.GLBX,GLBX-1-453,MESM6.GLBX-OracleStrategy-000,GLBX-001,GLBX-1-453,MARKET,BUY,1,GTC,False,False,1,TAKER,6642.25,0.0,['0.00 USD'],NO_TRIGGER,FILLED,NO_CONTINGENCY,,,,MY_GENERIC_ALGO,,O-20260309-022948-001-000-673,,069a1143-4b72-44ad-b092-8d59f8b9502d,2026-03-09 02:29:48.610676399+00:00,2026-03-09 02:29:48.610676399+00:00
BACKTESTER-001,OracleStrategy-000,MESM6.GLBX,GLBX-1-454,MESM6.GLBX-OracleStrategy-000,GLBX-001,GLBX-1-454,MARKET,SELL,1,GTC,True,False,1,TAKER,6643.5,0.0,['0.00 USD'],NO_TRIGGER,FILLED,NO_CONTINGENCY,,,,MY_GENERIC_ALGO,,O-20260309-022953-001-000-674,,7d40b768-a169-4176-914a-07cf48ede7b9,2026-03-09 02:29:53.553360595+00:00,2026-03-09 02:29:53.553360595+00:00
BACKTESTER-001,OracleStrategy-000,MESM6.GLBX,GLBX-1-455,MESM6.GLBX-OracleStrategy-000,GLBX-001,GLBX-1-455,MARKET,SELL,1,GTC,False,False,1,TAKER,6643.5,0.0,['0.00 USD'],NO_TRIGGER,FILLED,NO_CONTINGENCY,,,,MY_GENERIC_ALGO,,O-20260309-022953-001-000-675,,9a97666f-4ad7-4751-ad26-68c4f6d083d4,2026-03-09 02:29:53.553360595+00:00,2026-03-09 02:29:53.553360595+00:00
BACKTESTER-001,OracleStrategy-000,MESM6.GLBX,GLBX-1-456,MESM6.GLBX-OracleStrategy-000,GLBX-001,GLBX-1-456,MARKET,BUY,1,GTC,True,False,1,TAKER,6641.0,0.0,['0.00 USD'],NO_TRIGGER,FILLED,NO_CONTINGENCY,,,,MY_GENERIC_ALGO,,O-20260309-023036-001-000-676,,4b525428-3977-458d-a31e-25bbf29b3b4e,2026-03-09 02:30:36.445035119+00:00,2026-03-09 02:30:36.445035119+00:00
BACKTESTER-001,OracleStrategy-000,MESM6.GLBX,GLBX-1-457,MESM6.GLBX-OracleStrategy-000,GLBX-001,GLBX-1-457,MARKET,BUY,1,GTC,False,False,1,TAKER,6637.5,0.0,['0.00 USD'],NO_TRIGGER,FILLED,NO_CONTINGENCY,,,,MY_GENERIC_ALGO,,O-20260309-023117-001-000-679,,c79324cf-271d-46aa-858d-77048d3850ff,2026-03-09 02:31:17.338534970+00:00,2026-03-09 02:31:17.338534970+00:00
BACKTESTER-001,OracleStrategy-000,MESM6.GLBX,GLBX-1-458,MESM6.GLBX-OracleStrategy-000,GLBX-001,GLBX-1-458,MARKET,SELL,1,GTC,True,False,1,TAKER,6636.5,0.0,['0.00 USD'],NO_TRIGGER,FILLED,NO_CONTINGENCY,,,,MY_GENERIC_ALGO,,O-20260309-023141-001-000-680,,d18b4580-d67b-44ac-9d04-66a24b16e9ed,2026-03-09 02:31:41.197315004+00:00,2026-03-09 02:31:41.197315004+00:00
BACKTESTER-001,OracleStrategy-000,MESM6.GLBX,GLBX-1-459,MESM6.GLBX-OracleStrategy-000,GLBX-001,GLBX-1-459,MARKET,SELL,1,GTC,False,False,1,TAKER,6636.5,0.0,['0.00 USD'],NO_TRIGGER,FILLED,NO_CONTINGENCY,,,,MY_GENERIC_ALGO,,O-20260309-023141-001-000-681,,71e5c350-c90f-41c8-8a71-6b152d16ff0f,2026-03-09 02:31:41.197315004+00:00,2026-03-09 02:31:41.197315004+00:00
BACKTESTER-001,OracleStrategy-000,MESM6.GLBX,GLBX-1-460,MESM6.GLBX-OracleStrategy-000,GLBX-001,GLBX-1-460,MARKET,BUY,1,GTC,True,False,1,TAKER,6640.75,0.0,['0.00 USD'],NO_TRIGGER,FILLED,NO_CONTINGENCY,,,,MY_GENERIC_ALGO,,O-20260309-023243-001-000-682,,f97e9a65-2de1-44fc-8c18-5201c6ca4ac2,2026-03-09 02:32:43.251065576+00:00,2026-03-09 02:32:43.251065576+00:00
BACKTESTER-001,OracleStrategy-000,MESM6.GLBX,GLBX-1-461,MESM6.GLBX-OracleStrategy-000,GLBX-001,GLBX-1-461,MARKET,BUY,1,GTC,False,False,1,TAKER,6639.0,0.0,['0.00 USD'],NO_TRIGGER,FILLED,NO_CONTINGENCY,,,,MY_GENERIC_ALGO,,O-20260309-023414-001-000-687,,dbc21cc8-e6f7-4cf7-a978-1a07beb92dbf,2026-03-09 02:34:14.760810624+00:00,2026-03-09 02:34:14.760810624+00:00
BACKTESTER-001,OracleStrategy-000,MESM6.GLBX,GLBX-1-462,MESM6.GLBX-OracleStrategy-000,GLBX-001,GLBX-1-462,MARKET,SELL,1,GTC,True,False,1,TAKER,6640.0,0.0,['0.00 USD'],NO_TRIGGER,FILLED,NO_CONTINGENCY,,,,MY_GENERIC_ALGO,,O-20260309-023444-001-000-688,,2c395783-467a-409e-8046-732e6760ae9a,2026-03-09 02:34:44.565249959+00:00,2026-03-09 02:34:44.565249959+00:00
BACKTESTER-001,OracleStrategy-000,MESM6.GLBX,GLBX-1-463,MESM6.GLBX-OracleStrategy-000,GLBX-001,GLBX-1-463,MARKET,SELL,1,GTC,False,False,1,TAKER,6640.0,0.0,['0.00 USD'],NO_TRIGGER,FILLED,NO_CONTINGENCY,,,,MY_GENERIC_ALGO,,O-20260309-023444-001-000-689,,35cc9a80-eec6-4ae3-afc8-8f09faab3f14,2026-03-09 02:34:44.565249959+00:00,2026-03-09 02:34:44.565249959+00:00
BACKTESTER-001,OracleStrategy-000,MESM6.GLBX,GLBX-1-464,MESM6.GLBX-OracleStrategy-000,GLBX-001,GLBX-1-464,MARKET,BUY,1,GTC,True,False,1,TAKER,6642.0,0.0,['0.00 USD'],NO_TRIGGER,FILLED,NO_CONTINGENCY,,,,MY_GENERIC_ALGO,,O-20260309-023528-001-000-690,,84064a99-3310-4f1a-b0b2-ffcb54ac9733,2026-03-09 02:35:28.865698944+00:00,2026-03-09 02:35:28.865698944+00:00
BACKTESTER-001,OracleStrategy-000,MESM6.GLBX,GLBX-1-465,MESM6.GLBX-OracleStrategy-000,GLBX-001,GLBX-1-465,MARKET,BUY,1,GTC,False,False,1,TAKER,6642.0,0.0,['0.00 USD'],NO_TRIGGER,FILLED,NO_CONTINGENCY,,,,MY_GENERIC_ALGO,,O-20260309-023528-001-000-691,,a2697c4b-b80c-4489-a753-ec4edb89e540,2026-03-09 02:35:28.865698944+00:00,2026-03-09 02:35:28.865698944+00:00
BACKTESTER-001,OracleStrategy-000,MESM6.GLBX,GLBX-1-466,MESM6.GLBX-OracleStrategy-000,GLBX-001,GLBX-1-466,MARKET,SELL,1,GTC,True,False,1,TAKER,6641.25,0.0,['0.00 USD'],NO_TRIGGER,FILLED,NO_CONTINGENCY,,,,MY_GENERIC_ALGO,,O-20260309-023555-001-000-692,,1c6c08ca-7d46-4a29-89b4-8387eb5438fe,2026-03-09 02:35:55.586785674+00:00,2026-03-09 02:35:55.586785674+00:00
BACKTESTER-001,OracleStrategy-000,MESM6.GLBX,GLBX-1-467,MESM6.GLBX-OracleStrategy-000,GLBX-001,GLBX-1-467,MARKET,SELL,1,GTC,False,False,1,TAKER,6641.25,0.0,['0.00 USD'],NO_TRIGGER,FILLED,NO_CONTINGENCY,,,,MY_GENERIC_ALGO,,O-20260309-023555-001-000-693,,4e355e78-6675-4c22-b7ad-5a230f31ae45,2026-03-09 02:35:55.586785674+00:00,2026-03-09 02:35:55.586785674+00:00
BACKTESTER-001,OracleStrategy-000,MESM6.GLBX,GLBX-1-468,MESM6.GLBX-OracleStrategy-000,GLBX-001,GLBX-1-468,MARKET,BUY,1,GTC,True,False,1,TAKER,6642.75,0.0,['0.00 USD'],NO_TRIGGER,FILLED,NO_CONTINGENCY,,,,MY_GENERIC_ALGO,,O-20260309-023611-001-000-694,,23c13d5f-2d77-493e-9797-c959f59922a9,2026-03-09 02:36:11.160171651+00:00,2026-03-09 02:36:11.160171651+00:00
BACKTESTER-001,OracleStrategy-000,MESM6.GLBX,GLBX-1-469,MESM6.GLBX-OracleStrategy-000,GLBX-001,GLBX-1-469,MARKET,BUY,1,GTC,False,False,1,TAKER,6642.75,0.0,['0.00 USD'],NO_TRIGGER,FILLED,NO_CONTINGENCY,,,,MY_GENERIC_ALGO,,O-20260309-023611-001-000-695,,c143b6f3-8bff-422e-a510-9173888dc1f7,2026-03-09 02:36:11.160171651+00:00,2026-03-09 02:36:11.160171651+00:00
BACKTESTER-001,OracleStrategy-000,MESM6.GLBX,GLBX-1-470,MESM6.GLBX-OracleStrategy-000,GLBX-001,GLBX-1-470,MARKET,SELL,1,GTC,True,False,1,TAKER,6645.25,0.0,['0.00 USD'],NO_TRIGGER,FILLED,NO_CONTINGENCY,,,,MY_GENERIC_ALGO,,O-20260309-023645-001-000-696,,8f1828fe-29a3-4d11-969c-bfc80db87002,2026-03-09 02:36:45.780976322+00:00,2026-03-09 02:36:45.780976322+00:00
BACKTESTER-001,OracleStrategy-000,MESM6.GLBX,GLBX-1-471,MESM6.GLBX-OracleStrategy-000,GLBX-001,GLBX-1-471,MARKET,SELL,1,GTC,False,False,1,TAKER,6645.25,0.0,['0.00 USD'],NO_TRIGGER,FILLED,NO_CONTINGENCY,,,,MY_GENERIC_ALGO,,O-20260309-023645-001-000-697,,149b537d-ae0e-4d35-b91f-74de86166cfe,2026-03-09 02:36:45.780976322+00:00,2026-03-09 02:36:45.780976322+00:00
BACKTESTER-001,OracleStrategy-000,MESM6.GLBX,GLBX-1-472,MESM6.GLBX-OracleStrategy-000,GLBX-001,GLBX-1-472,MARKET,BUY,1,GTC,True,False,1,TAKER,6647.0,0.0,['0.00 USD'],NO_TRIGGER,FILLED,NO_CONTINGENCY,,,,MY_GENERIC_ALGO,,O-20260309-023654-001-000-698,,207d4d27-5161-4c16-9864-c4cb29dacbd9,2026-03-09 02:36:54.368424619+00:00,2026-03-09 02:36:54.368424619+00:00
BACKTESTER-001,OracleStrategy-000,MESM6.GLBX,GLBX-1-473,MESM6.GLBX-OracleStrategy-000,GLBX-001,GLBX-1-473,MARKET,BUY,1,GTC,False,False,1,TAKER,6647.0,0.0,['0.00 USD'],NO_TRIGGER,FILLED,NO_CONTINGENCY,,,,MY_GENERIC_ALGO,,O-20260309-023654-001-000-699,,fdb6f0eb-c204-470e-a710-8862310b793f,2026-03-09 02:36:54.368424619+00:00,2026-03-09 02:36:54.368424619+00:00
BACKTESTER-001,OracleStrategy-000,MESM6.GLBX,GLBX-1-474,MESM6.GLBX-OracleStrategy-000,GLBX-001,GLBX-1-474,MARKET,SELL,1,GTC,True,False,1,TAKER,6647.5,0.0,['0.00 USD'],NO_TRIGGER,FILLED,NO_CONTINGENCY,,,,MY_GENERIC_ALGO,,O-20260309-023657-001-000-700,,ad1cb253-3ac8-46ea-8207-c60dda540a05,2026-03-09 02:36:57.297971685+00:00,2026-03-09 02:36:57.297971685+00:00
BACKTESTER-001,OracleStrategy-000,MESM6.GLBX,GLBX-1-475,MESM6.GLBX-OracleStrategy-000,GLBX-001,GLBX-1-475,MARKET,SELL,1,GTC,False,False,1,TAKER,6647.5,0.0,['0.00 USD'],NO_TRIGGER,FILLED,NO_CONTINGENCY,,,,MY_GENERIC_ALGO,,O-20260309-023657-001-000-701,,31e66a7d-5768-4fd1-aebd-e3438969e5fb,2026-03-09 02:36:57.297971685+00:00,2026-03-09 02:36:57.297971685+00:00
BACKTESTER-001,OracleStrategy-000,MESM6.GLBX,GLBX-1-476,MESM6.GLBX-OracleStrategy-000,GLBX-001,GLBX-1-476,MARKET,BUY,1,GTC,True,False,1,TAKER,6645.25,0.0,['0.00 USD'],NO_TRIGGER,FILLED,NO_CONTINGENCY,,,,MY_GENERIC_ALGO,,O-20260309-023842-001-000-702,,8535645b-b4f4-4568-a412-1ae3287fc566,2026-03-09 02:38:42.386326687+00:00,2026-03-09 02:38:42.386326687+00:00
BACKTESTER-001,OracleStrategy-000,MESM6.GLBX,GLBX-1-477,MESM6.GLBX-OracleStrategy-000,GLBX-001,GLBX-1-477,MARKET,BUY,1,GTC,False,False,1,TAKER,6645.25,0.0,['0.00 USD'],NO_TRIGGER,FILLED,NO_CONTINGENCY,,,,MY_GENERIC_ALGO,,O-20260309-023842-001-000-703,,4a630a66-635f-4224-a61c-493b7c71734d,2026-03-09 02:38:42.386326687+00:00,2026-03-09 02:38:42.386326687+00:00
BACKTESTER-001,OracleStrategy-000,MESM6.GLBX,GLBX-1-478,MESM6.GLBX-OracleStrategy-000,GLBX-001,GLBX-1-478,MARKET,SELL,1,GTC,True,False,1,TAKER,6648.75,0.0,['0.00 USD'],NO_TRIGGER,FILLED,NO_CONTINGENCY,,,,MY_GENERIC_ALGO,,O-20260309-023910-001-000-704,,a1639d3a-e6a7-4dec-bc1b-20c665e552b0,2026-03-09 02:39:10.026069464+00:00,2026-03-09 02:39:10.026069464+00:00
BACKTESTER-001,OracleStrategy-000,MESM6.GLBX,GLBX-1-479,MESM6.GLBX-OracleStrategy-000,GLBX-001,GLBX-1-479,MARKET,SELL,1,GTC,False,False,1,TAKER,6648.75,0.0,['0.00 USD'],NO_TRIGGER,FILLED,NO_CONTINGENCY,,,,MY_GENERIC_ALGO,,O-20260309-023910-001-000-705,,d8b1ead8-15a3-46ba-8cfb-9099df8cfe23,2026-03-09 02:39:10.026069464+00:00,2026-03-09 02:39:10.026069464+00:00
BACKTESTER-001,OracleStrategy-000,MESM6.GLBX,GLBX-1-480,MESM6.GLBX-OracleStrategy-000,GLBX-001,GLBX-1-480,MARKET,BUY,1,GTC,True,False,1,TAKER,6648.25,0.0,['0.00 USD'],NO_TRIGGER,FILLED,NO_CONTINGENCY,,,,MY_GENERIC_ALGO,,O-20260309-024039-001-000-706,,836da781-d2c9-47b7-9541-a81a88dcd1f4,2026-03-09 02:40:39.109084967+00:00,2026-03-09 02:40:39.109084967+00:00
BACKTESTER-001,OracleStrategy-000,MESM6.GLBX,GLBX-1-481,MESM6.GLBX-OracleStrategy-000,GLBX-001,GLBX-1-481,MARKET,BUY,1,GTC,False,False,1,TAKER,6648.25,0.0,['0.00 USD'],NO_TRIGGER,FILLED,NO_CONTINGENCY,,,,MY_GENERIC_ALGO,,O-20260309-024039-001-000-707,,b0624491-da5f-4808-9ed4-d0363aa09e6a,2026-03-09 02:40:39.109084967+00:00,2026-03-09 02:40:39.109084967+00:00
BACKTESTER-001,OracleStrategy-000,MESM6.GLBX,GLBX-1-482,MESM6.GLBX-OracleStrategy-000,GLBX-001,GLBX-1-482,MARKET,SELL,1,GTC,True,False,1,TAKER,6647.75,0.0,['0.00 USD'],NO_TRIGGER,FILLED,NO_CONTINGENCY,,,,MY_GENERIC_ALGO,,O-20260309-024055-001-000-708,,f5d5aba7-daef-4fea-a119-fa012eca64c4,2026-03-09 02:40:55.648336605+00:00,2026-03-09 02:40:55.648336605+00:00
BACKTESTER-001,OracleStrategy-000,MESM6.GLBX,GLBX-1-483,MESM6.GLBX-OracleStrategy-000,GLBX-001,GLBX-1-483,MARKET,SELL,1,GTC,False,False,1,TAKER,6647.75,0.0,['0.00 USD'],NO_TRIGGER,FILLED,NO_CONTINGENCY,,,,MY_GENERIC_ALGO,,O-20260309-024055-001-000-709,,e078ce71-8775-44a2-877e-6842bc074e8a,2026-03-09 02:40:55.648336605+00:00,2026-03-09 02:40:55.648336605+00:00
BACKTESTER-001,OracleStrategy-000,MESM6.GLBX,GLBX-1-484,MESM6.GLBX-OracleStrategy-000,GLBX-001,GLBX-1-484,MARKET,BUY,1,GTC,True,False,1,TAKER,6649.75,0.0,['0.00 USD'],NO_TRIGGER,FILLED,NO_CONTINGENCY,,,,MY_GENERIC_ALGO,,O-20260309-024137-001-000-710,,33eb2ccd-06e4-4613-9225-14a4e191aef1,2026-03-09 02:41:37.566344920+00:00,2026-03-09 02:41:37.566344920+00:00
BACKTESTER-001,OracleStrategy-000,MESM6.GLBX,GLBX-1-485,MESM6.GLBX-OracleStrategy-000,GLBX-001,GLBX-1-485,MARKET,SELL,1,GTC,False,False,1,TAKER,6650.0,0.0,['0.00 USD'],NO_TRIGGER,FILLED,NO_CONTINGENCY,,,,MY_GENERIC_ALGO,,O-20260309-024156-001-000-715,,46420818-416d-4e2e-85df-13cd2212ff69,2026-03-09 02:41:56.030134250+00:00,2026-03-09 02:41:56.030134250+00:00
BACKTESTER-001,OracleStrategy-000,MESM6.GLBX,GLBX-1-486,MESM6.GLBX-OracleStrategy-000,GLBX-001,GLBX-1-486,MARKET,BUY,1,GTC,True,False,1,TAKER,6651.0,0.0,['0.00 USD'],NO_TRIGGER,FILLED,NO_CONTINGENCY,,,,MY_GENERIC_ALGO,,O-20260309-024226-001-000-716,,434da7f5-a3da-419c-8977-4ac440963412,2026-03-09 02:42:26.248109162+00:00,2026-03-09 02:42:26.248109162+00:00
BACKTESTER-001,OracleStrategy-000,MESM6.GLBX,GLBX-1-487,MESM6.GLBX-OracleStrategy-000,GLBX-001,GLBX-1-487,MARKET,BUY,1,GTC,False,False,1,TAKER,6651.0,0.0,['0.00 USD'],NO_TRIGGER,FILLED,NO_CONTINGENCY,,,,MY_GENERIC_ALGO,,O-20260309-024226-001-000-717,,f9ca3fb0-d9ee-4438-88c0-eaef06f8544a,2026-03-09 02:42:26.248109162+00:00,2026-03-09 02:42:26.248109162+00:00
BACKTESTER-001,OracleStrategy-000,MESM6.GLBX,GLBX-1-488,MESM6.GLBX-OracleStrategy-000,GLBX-001,GLBX-1-488,MARKET,SELL,1,GTC,True,False,1,TAKER,6650.75,0.0,['0.00 USD'],NO_TRIGGER,FILLED,NO_CONTINGENCY,,,,MY_GENERIC_ALGO,,O-20260309-024228-001-000-718,,ed1975b4-f60c-4950-a675-42b705bbd8c7,2026-03-09 02:42:28.621167874+00:00,2026-03-09 02:42:28.621167874+00:00
BACKTESTER-001,OracleStrategy-000,MESM6.GLBX,GLBX-1-489,MESM6.GLBX-OracleStrategy-000,GLBX-001,GLBX-1-489,MARKET,SELL,1,GTC,False,False,1,TAKER,6650.75,0.0,['0.00 USD'],NO_TRIGGER,FILLED,NO_CONTINGENCY,,,,MY_GENERIC_ALGO,,O-20260309-024228-001-000-719,,f2c139e1-cbd7-493b-a9a9-27eb693b2626,2026-03-09 02:42:28.621167874+00:00,2026-03-09 02:42:28.621167874+00:00
BACKTESTER-001,OracleStrategy-000,MESM6.GLBX,GLBX-1-490,MESM6.GLBX-OracleStrategy-000,GLBX-001,GLBX-1-490,MARKET,BUY,1,GTC,True,False,1,TAKER,6649.75,0.0,['0.00 USD'],NO_TRIGGER,FILLED,NO_CONTINGENCY,,,,MY_GENERIC_ALGO,,O-20260309-024348-001-000-720,,881f0900-19c2-4d88-8a22-463c9e0fe44b,2026-03-09 02:43:48.974430487+00:00,2026-03-09 02:43:48.974430487+00:00
BACKTESTER-001,OracleStrategy-000,MESM6.GLBX,GLBX-1-491,MESM6.GLBX-OracleStrategy-000,GLBX-001,GLBX-1-491,MARKET,BUY,1,GTC,False,False,1,TAKER,6649.75,0.0,['0.00 USD'],NO_TRIGGER,FILLED,NO_CONTINGENCY,,,,MY_GENERIC_ALGO,,O-20260309-024348-001-000-721,,007f8b48-4c5a-4101-983c-bb02d6aab6ce,2026-03-09 02:43:48.974430487+00:00,2026-03-09 02:43:48.974430487+00:00
BACKTESTER-001,OracleStrategy-000,MESM6.GLBX,GLBX-1-492,MESM6.GLBX-OracleStrategy-000,GLBX-001,GLBX-1-492,MARKET,SELL,1,GTC,True,False,1,TAKER,6649.25,0.0,['0.00 USD'],NO_TRIGGER,FILLED,NO_CONTINGENCY,,,,MY_GENERIC_ALGO,,O-20260309-024401-001-000-722,,f4c0cda7-c2d1-499d-a763-f65f879a0d81,2026-03-09 02:44:01.116933522+00:00,2026-03-09 02:44:01.116933522+00:00
BACKTESTER-001,OracleStrategy-000,MESM6.GLBX,GLBX-1-493,MESM6.GLBX-OracleStrategy-000,GLBX-001,GLBX-1-493,MARKET,SELL,1,GTC,False,False,1,TAKER,6649.25,0.0,['0.00 USD'],NO_TRIGGER,FILLED,NO_CONTINGENCY,,,,MY_GENERIC_ALGO,,O-20260309-024401-001-000-723,,99ece447-7a3c-40b4-8d3a-4e811cb47e0e,2026-03-09 02:44:01.116933522+00:00,2026-03-09 02:44:01.116933522+00:00
BACKTESTER-001,OracleStrategy-000,MESM6.GLBX,GLBX-1-494,MESM6.GLBX-OracleStrategy-000,GLBX-001,GLBX-1-494,MARKET,BUY,1,GTC,True,False,1,TAKER,6650.0,0.0,['0.00 USD'],NO_TRIGGER,FILLED,NO_CONTINGENCY,,,,MY_GENERIC_ALGO,,O-20260309-024410-001-000-724,,e87a6ac0-9558-4c4c-9804-e3624a283447,2026-03-09 02:44:10.567325781+00:00,2026-03-09 02:44:10.567325781+00:00
BACKTESTER-001,OracleStrategy-000,MESM6.GLBX,GLBX-1-495,MESM6.GLBX-OracleStrategy-000,GLBX-001,GLBX-1-495,MARKET,BUY,1,GTC,False,False,1,TAKER,6650.0,0.0,['0.00 USD'],NO_TRIGGER,FILLED,NO_CONTINGENCY,,,,MY_GENERIC_ALGO,,O-20260309-024410-001-000-725,,55077298-1965-474e-8674-865c2cfe4f80,2026-03-09 02:44:10.567325781+00:00,2026-03-09 02:44:10.567325781+00:00
BACKTESTER-001,OracleStrategy-000,MESM6.GLBX,GLBX-1-496,MESM6.GLBX-OracleStrategy-000,GLBX-001,GLBX-1-496,MARKET,SELL,1,GTC,True,False,1,TAKER,6649.75,0.0,['0.00 USD'],NO_TRIGGER,FILLED,NO_CONTINGENCY,,,,MY_GENERIC_ALGO,,O-20260309-024412-001-000-726,,32f107ac-d3d7-4bbf-aa9f-27467fb2596b,2026-03-09 02:44:12.608529983+00:00,2026-03-09 02:44:12.608529983+00:00
BACKTESTER-001,OracleStrategy-000,MESM6.GLBX,GLBX-1-497,MESM6.GLBX-OracleStrategy-000,GLBX-001,GLBX-1-497,MARKET,SELL,1,GTC,False,False,1,TAKER,6649.75,0.0,['0.00 USD'],NO_TRIGGER,FILLED,NO_CONTINGENCY,,,,MY_GENERIC_ALGO,,O-20260309-024412-001-000-727,,5610f7a7-69eb-4a59-80d3-1275589c6607,2026-03-09 02:44:12.608529983+00:00,2026-03-09 02:44:12.608529983+00:00
BACKTESTER-001,OracleStrategy-000,MESM6.GLBX,GLBX-1-498,MESM6.GLBX-OracleStrategy-000,GLBX-001,GLBX-1-498,MARKET,BUY,1,GTC,True,False,1,TAKER,6649.0,0.0,['0.00 USD'],NO_TRIGGER,FILLED,NO_CONTINGENCY,,,,MY_GENERIC_ALGO,,O-20260309-024428-001-000-728,,af80c06c-479d-4a22-a390-8bbc65b64d43,2026-03-09 02:44:28.093713474+00:00,2026-03-09 02:44:28.093713474+00:00
BACKTESTER-001,OracleStrategy-000,MESM6.GLBX,GLBX-1-499,MESM6.GLBX-OracleStrategy-000,GLBX-001,GLBX-1-499,MARKET,BUY,1,GTC,False,False,1,TAKER,6649.0,0.0,['0.00 USD'],NO_TRIGGER,FILLED,NO_CONTINGENCY,,,,MY_GENERIC_ALGO,,O-20260309-024428-001-000-729,,220a807f-42a5-42a6-8793-4795ce2aaba4,2026-03-09 02:44:28.093713474+00:00,2026-03-09 02:44:28.093713474+00:00
BACKTESTER-001,OracleStrategy-000,MESM6.GLBX,GLBX-1-500,MESM6.GLBX-OracleStrategy-000,GLBX-001,GLBX-1-500,MARKET,SELL,1,GTC,True,False,1,TAKER,6650.5,0.0,['0.00 USD'],NO_TRIGGER,FILLED,NO_CONTINGENCY,,,,MY_GENERIC_ALGO,,O-20260309-024445-001-000-730,,5c956ecd-a8d5-42ef-8018-36649b315cb0,2026-03-09 02:44:45.933533840+00:00,2026-03-09 02:44:45.933533840+00:00
BACKTESTER-001,OracleStrategy-000,MESM6.GLBX,GLBX-1-501,MESM6.GLBX-OracleStrategy-000,GLBX-001,GLBX-1-501,MARKET,SELL,1,GTC,False,False,1,TAKER,6650.5,0.0,['0.00 USD'],NO_TRIGGER,FILLED,NO_CONTINGENCY,,,,MY_GENERIC_ALGO,,O-20260309-024445-001-000-731,,f7c474b6-ad44-44c5-83e4-867783b4d398,2026-03-09 02:44:45.933533840+00:00,2026-03-09 02:44:45.933533840+00:00
BACKTESTER-001,OracleStrategy-000,MESM6.GLBX,GLBX-1-502,MESM6.GLBX-OracleStrategy-000,GLBX-001,GLBX-1-502,MARKET,BUY,1,GTC,True,False,1,TAKER,6651.75,0.0,['0.00 USD'],NO_TRIGGER,FILLED,NO_CONTINGENCY,,,,MY_GENERIC_ALGO,,O-20260309-024503-001-000-732,,bcf02876-6313-4195-bbd5-91af724fa91d,2026-03-09 02:45:03.168451416+00:00,2026-03-09 02:45:03.168451416+00:00
BACKTESTER-001,OracleStrategy-000,MESM6.GLBX,GLBX-1-503,MESM6.GLBX-OracleStrategy-000,GLBX-001,GLBX-1-503,MARKET,BUY,1,GTC,False,False,1,TAKER,6651.75,0.0,['0.00 USD'],NO_TRIGGER,FILLED,NO_CONTINGENCY,,,,MY_GENERIC_ALGO,,O-20260309-024503-001-000-733,,9e1e61a3-18a3-4a28-9371-a54a87cd9f86,2026-03-09 02:45:03.168451416+00:00,2026-03-09 02:45:03.168451416+00:00
BACKTESTER-001,OracleStrategy-000,MESM6.GLBX,GLBX-1-504,MESM6.GLBX-OracleStrategy-000,GLBX-001,GLBX-1-504,MARKET,SELL,1,GTC,True,False,1,TAKER,6649.5,0.0,['0.00 USD'],NO_TRIGGER,FILLED,NO_CONTINGENCY,,,,MY_GENERIC_ALGO,,O-20260309-024531-001-000-734,,95145259-8133-495f-9298-e8703d541000,2026-03-09 02:45:31.696267733+00:00,2026-03-09 02:45:31.696267733+00:00
BACKTESTER-001,OracleStrategy-000,MESM6.GLBX,GLBX-1-505,MESM6.GLBX-OracleStrategy-000,GLBX-001,GLBX-1-505,MARKET,SELL,1,GTC,False,False,1,TAKER,6649.5,0.0,['0.00 USD'],NO_TRIGGER,FILLED,NO_CONTINGENCY,,,,MY_GENERIC_ALGO,,O-20260309-024531-001-000-735,,c1f4eba4-8aff-4590-bb00-6ec7d1b8b316,2026-03-09 02:45:31.696267733+00:00,2026-03-09 02:45:31.696267733+00:00
BACKTESTER-001,OracleStrategy-000,MESM6.GLBX,GLBX-1-506,MESM6.GLBX-OracleStrategy-000,GLBX-001,GLBX-1-506,MARKET,BUY,1,GTC,True,False,1,TAKER,6650.0,0.0,['0.00 USD'],NO_TRIGGER,FILLED,NO_CONTINGENCY,,,,MY_GENERIC_ALGO,,O-20260309-024609-001-000-736,,d1ba556f-67a7-4c3d-98cf-c259e98536ec,2026-03-09 02:46:09.811113693+00:00,2026-03-09 02:46:09.811113693+00:00
BACKTESTER-001,OracleStrategy-000,MESM6.GLBX,GLBX-1-507,MESM6.GLBX-OracleStrategy-000,GLBX-001,GLBX-1-507,MARKET,BUY,1,GTC,False,False,1,TAKER,6650.0,0.0,['0.00 USD'],NO_TRIGGER,FILLED,NO_CONTINGENCY,,,,MY_GENERIC_ALGO,,O-20260309-024609-001-000-737,,4fb63eb6-14bc-4abc-8e16-3aa111c15f74,2026-03-09 02:46:09.811113693+00:00,2026-03-09 02:46:09.811113693+00:00
BACKTESTER-001,OracleStrategy-000,MESM6.GLBX,GLBX-1-508,MESM6.GLBX-OracleStrategy-000,GLBX-001,GLBX-1-508,MARKET,SELL,1,GTC,True,False,1,TAKER,6649.25,0.0,['0.00 USD'],NO_TRIGGER,FILLED,NO_CONTINGENCY,,,,MY_GENERIC_ALGO,,O-20260309-024625-001-000-738,,532d4f39-bb2e-4c0e-9a2a-016db6e60a94,2026-03-09 02:46:25.769002864+00:00,2026-03-09 02:46:25.769002864+00:00
BACKTESTER-001,OracleStrategy-000,MESM6.GLBX,GLBX-1-509,MESM6.GLBX-OracleStrategy-000,GLBX-001,GLBX-1-509,MARKET,SELL,1,GTC,False,False,1,TAKER,6649.25,0.0,['0.00 USD'],NO_TRIGGER,FILLED,NO_CONTINGENCY,,,,MY_GENERIC_ALGO,,O-20260309-024625-001-000-739,,8c44feaf-d584-412b-991c-2ea3143ffcd3,2026-03-09 02:46:25.769002864+00:00,2026-03-09 02:46:25.769002864+00:00
BACKTESTER-001,OracleStrategy-000,MESM6.GLBX,GLBX-1-510,MESM6.GLBX-OracleStrategy-000,GLBX-001,GLBX-1-510,MARKET,BUY,1,GTC,True,False,1,TAKER,6650.5,0.0,['0.00 USD'],NO_TRIGGER,FILLED,NO_CONTINGENCY,,,,MY_GENERIC_ALGO,,O-20260309-024629-001-000-740,,a850b528-0ddd-4774-9641-368cdd17cf65,2026-03-09 02:46:29.207806665+00:00,2026-03-09 02:46:29.207806665+00:00
BACKTESTER-001,OracleStrategy-000,MESM6.GLBX,GLBX-1-511,MESM6.GLBX-OracleStrategy-000,GLBX-001,GLBX-1-511,MARKET,BUY,1,GTC,False,False,1,TAKER,6650.5,0.0,['0.00 USD'],NO_TRIGGER,FILLED,NO_CONTINGENCY,,,,MY_GENERIC_ALGO,,O-20260309-024629-001-000-741,,087823fd-fb5e-4c47-8702-997cfce565e8,2026-03-09 02:46:29.207806665+00:00,2026-03-09 02:46:29.207806665+00:00
BACKTESTER-001,OracleStrategy-000,MESM6.GLBX,GLBX-1-512,MESM6.GLBX-OracleStrategy-000,GLBX-001,GLBX-1-512,MARKET,SELL,1,GTC,True,False,1,TAKER,6648.75,0.0,['0.00 USD'],NO_TRIGGER,FILLED,NO_CONTINGENCY,,,,MY_GENERIC_ALGO,,O-20260309-024631-001-000-742,,76caa908-539a-4bd9-b273-52e573640b33,2026-03-09 02:46:31.535826503+00:00,2026-03-09 02:46:31.535826503+00:00
BACKTESTER-001,OracleStrategy-000,MESM6.GLBX,GLBX-1-513,MESM6.GLBX-OracleStrategy-000,GLBX-001,GLBX-1-513,MARKET,SELL,1,GTC,False,False,1,TAKER,6648.75,0.0,['0.00 USD'],NO_TRIGGER,FILLED,NO_CONTINGENCY,,,,MY_GENERIC_ALGO,,O-20260309-024631-001-000-743,,e425ca90-1abd-40d5-8d47-763982afd9df,2026-03-09 02:46:31.535826503+00:00,2026-03-09 02:46:31.535826503+00:00
BACKTESTER-001,OracleStrategy-000,MESM6.GLBX,GLBX-1-514,MESM6.GLBX-OracleStrategy-000,GLBX-001,GLBX-1-514,MARKET,BUY,1,GTC,True,False,1,TAKER,6650.0,0.0,['0.00 USD'],NO_TRIGGER,FILLED,NO_CONTINGENCY,,,,MY_GENERIC_ALGO,,O-20260309-024635-001-000-744,,45fe97d0-859e-4faa-8bf8-a03bf1fa4f74,2026-03-09 02:46:35.413946877+00:00,2026-03-09 02:46:35.413946877+00:00
BACKTESTER-001,OracleStrategy-000,MESM6.GLBX,GLBX-1-515,MESM6.GLBX-OracleStrategy-000,GLBX-001,GLBX-1-515,MARKET,BUY,1,GTC,False,False,1,TAKER,6650.0,0.0,['0.00 USD'],NO_TRIGGER,FILLED,NO_CONTINGENCY,,,,MY_GENERIC_ALGO,,O-20260309-024635-001-000-745,,a1484081-aafc-44bc-ad35-f7ebd1b3202f,2026-03-09 02:46:35.413946877+00:00,2026-03-09 02:46:35.413946877+00:00
BACKTESTER-001,OracleStrategy-000,MESM6.GLBX,GLBX-1-516,MESM6.GLBX-OracleStrategy-000,GLBX-001,GLBX-1-516,MARKET,SELL,1,GTC,True,False,1,TAKER,6650.75,0.0,['0.00 USD'],NO_TRIGGER,FILLED,NO_CONTINGENCY,,,,MY_GENERIC_ALGO,,O-20260309-024734-001-000-746,,ff45a6d1-41b7-48a8-8dad-b24d669b74aa,2026-03-09 02:47:34.083866507+00:00,2026-03-09 02:47:34.083866507+00:00
BACKTESTER-001,OracleStrategy-000,MESM6.GLBX,GLBX-1-517,MESM6.GLBX-OracleStrategy-000,GLBX-001,GLBX-1-517,MARKET,SELL,1,GTC,False,False,1,TAKER,6650.75,0.0,['0.00 USD'],NO_TRIGGER,FILLED,NO_CONTINGENCY,,,,MY_GENERIC_ALGO,,O-20260309-024734-001-000-747,,d9e94055-00ad-4068-9162-88c18d8dbec1,2026-03-09 02:47:34.083866507+00:00,2026-03-09 02:47:34.083866507+00:00
BACKTESTER-001,OracleStrategy-000,MESM6.GLBX,GLBX-1-518,MESM6.GLBX-OracleStrategy-000,GLBX-001,GLBX-1-518,MARKET,BUY,1,GTC,True,False,1,TAKER,6648.0,0.0,['0.00 USD'],NO_TRIGGER,FILLED,NO_CONTINGENCY,,,,MY_GENERIC_ALGO,,O-20260309-024806-001-000-748,,b005832e-534a-4e2e-a5d4-8b84a83d043f,2026-03-09 02:48:06.788079354+00:00,2026-03-09 02:48:06.788079354+00:00
BACKTESTER-001,OracleStrategy-000,MESM6.GLBX,GLBX-1-519,MESM6.GLBX-OracleStrategy-000,GLBX-001,GLBX-1-519,MARKET,BUY,1,GTC,False,False,1,TAKER,6648.0,0.0,['0.00 USD'],NO_TRIGGER,FILLED,NO_CONTINGENCY,,,,MY_GENERIC_ALGO,,O-20260309-024806-001-000-749,,8428dc07-a9b2-4b75-8db4-12a75c8878a4,2026-03-09 02:48:06.788079354+00:00,2026-03-09 02:48:06.788079354+00:00
BACKTESTER-001,OracleStrategy-000,MESM6.GLBX,GLBX-1-520,MESM6.GLBX-OracleStrategy-000,GLBX-001,GLBX-1-520,MARKET,SELL,1,GTC,True,False,1,TAKER,6650.75,0.0,['0.00 USD'],NO_TRIGGER,FILLED,NO_CONTINGENCY,,,,MY_GENERIC_ALGO,,O-20260309-024924-001-000-750,,4f36e5ea-eaf9-4ebf-ba97-00b25866f092,2026-03-09 02:49:24.311054275+00:00,2026-03-09 02:49:24.311054275+00:00
BACKTESTER-001,OracleStrategy-000,MESM6.GLBX,GLBX-1-521,MESM6.GLBX-OracleStrategy-000,GLBX-001,GLBX-1-521,MARKET,SELL,1,GTC,False,False,1,TAKER,6650.75,0.0,['0.00 USD'],NO_TRIGGER,FILLED,NO_CONTINGENCY,,,,MY_GENERIC_ALGO,,O-20260309-024924-001-000-751,,6278eefc-dc1b-4941-8783-64330cb84d7d,2026-03-09 02:49:24.311054275+00:00,2026-03-09 02:49:24.311054275+00:00
BACKTESTER-001,OracleStrategy-000,MESM6.GLBX,GLBX-1-522,MESM6.GLBX-OracleStrategy-000,GLBX-001,GLBX-1-522,MARKET,BUY,1,GTC,True,False,1,TAKER,6650.5,0.0,['0.00 USD'],NO_TRIGGER,FILLED,NO_CONTINGENCY,,,,MY_GENERIC_ALGO,,O-20260309-024947-001-000-752,,bb69764b-b441-47ab-928c-c966dc53c0b9,2026-03-09 02:49:47.522581271+00:00,2026-03-09 02:49:47.522581271+00:00
BACKTESTER-001,OracleStrategy-000,MESM6.GLBX,GLBX-1-523,MESM6.GLBX-OracleStrategy-000,GLBX-001,GLBX-1-523,MARKET,BUY,1,GTC,False,False,1,TAKER,6650.5,0.0,['0.00 USD'],NO_TRIGGER,FILLED,NO_CONTINGENCY,,,,MY_GENERIC_ALGO,,O-20260309-024947-001-000-753,,f7fae30f-c77e-47dd-8f1f-f27214a5039c,2026-03-09 02:49:47.522581271+00:00,2026-03-09 02:49:47.522581271+00:00
BACKTESTER-001,OracleStrategy-000,MESM6.GLBX,GLBX-1-524,MESM6.GLBX-OracleStrategy-000,GLBX-001,GLBX-1-524,MARKET,SELL,1,GTC,True,False,1,TAKER,6652.25,0.0,['0.00 USD'],NO_TRIGGER,FILLED,NO_CONTINGENCY,,,,MY_GENERIC_ALGO,,O-20260309-025016-001-000-754,,dae66922-091f-4c97-b762-55dab055eb61,2026-03-09 02:50:16.961522993+00:00,2026-03-09 02:50:16.961522993+00:00
BACKTESTER-001,OracleStrategy-000,MESM6.GLBX,GLBX-1-525,MESM6.GLBX-OracleStrategy-000,GLBX-001,GLBX-1-525,MARKET,SELL,1,GTC,False,False,1,TAKER,6652.25,0.0,['0.00 USD'],NO_TRIGGER,FILLED,NO_CONTINGENCY,,,,MY_GENERIC_ALGO,,O-20260309-025016-001-000-755,,42cbc63e-0da8-4b90-84dc-2cf9ec02e5e8,2026-03-09 02:50:16.961522993+00:00,2026-03-09 02:50:16.961522993+00:00
BACKTESTER-001,OracleStrategy-000,MESM6.GLBX,GLBX-1-526,MESM6.GLBX-OracleStrategy-000,GLBX-001,GLBX-1-526,MARKET,BUY,1,GTC,True,False,1,TAKER,6652.0,0.0,['0.00 USD'],NO_TRIGGER,FILLED,NO_CONTINGENCY,,,,MY_GENERIC_ALGO,,O-20260309-025103-001-000-756,,722c6db8-bc13-482d-844c-72d2ad65d957,2026-03-09 02:51:03.345171244+00:00,2026-03-09 02:51:03.345171244+00:00
BACKTESTER-001,OracleStrategy-000,MESM6.GLBX,GLBX-1-527,MESM6.GLBX-OracleStrategy-000,GLBX-001,GLBX-1-527,MARKET,BUY,1,GTC,False,False,1,TAKER,6652.0,0.0,['0.00 USD'],NO_TRIGGER,FILLED,NO_CONTINGENCY,,,,MY_GENERIC_ALGO,,O-20260309-025103-001-000-757,,a15b8f62-41c7-4864-9980-2b2b4a7d6d94,2026-03-09 02:51:03.345171244+00:00,2026-03-09 02:51:03.345171244+00:00
BACKTESTER-001,OracleStrategy-000,MESM6.GLBX,GLBX-1-528,MESM6.GLBX-OracleStrategy-000,GLBX-001,GLBX-1-528,MARKET,SELL,1,GTC,True,False,1,TAKER,6653.0,0.0,['0.00 USD'],NO_TRIGGER,FILLED,NO_CONTINGENCY,,,,MY_GENERIC_ALGO,,O-20260309-025354-001-000-758,,e95574bf-1f04-4ad5-b1ba-423be0a32998,2026-03-09 02:53:54.744575091+00:00,2026-03-09 02:53:54.744575091+00:00
BACKTESTER-001,OracleStrategy-000,MESM6.GLBX,GLBX-1-529,MESM6.GLBX-OracleStrategy-000,GLBX-001,GLBX-1-529,MARKET,SELL,1,GTC,False,False,1,TAKER,6653.0,0.0,['0.00 USD'],NO_TRIGGER,FILLED,NO_CONTINGENCY,,,,MY_GENERIC_ALGO,,O-20260309-025354-001-000-759,,11eec59d-c1ce-4ba4-bb6a-d38382c07a5c,2026-03-09 02:53:54.744575091+00:00,2026-03-09 02:53:54.744575091+00:00
BACKTESTER-001,OracleStrategy-000,MESM6.GLBX,GLBX-1-530,MESM6.GLBX-OracleStrategy-000,GLBX-001,GLBX-1-530,MARKET,BUY,1,GTC,True,False,1,TAKER,6653.5,0.0,['0.00 USD'],NO_TRIGGER,FILLED,NO_CONTINGENCY,,,,MY_GENERIC_ALGO,,O-20260309-025417-001-000-760,,58a7ea2a-81a4-4338-bd24-bfee15dff44e,2026-03-09 02:54:17.533965898+00:00,2026-03-09 02:54:17.533965898+00:00
BACKTESTER-001,OracleStrategy-000,MESM6.GLBX,GLBX-1-531,MESM6.GLBX-OracleStrategy-000,GLBX-001,GLBX-1-531,MARKET,BUY,1,GTC,False,False,1,TAKER,6653.5,0.0,['0.00 USD'],NO_TRIGGER,FILLED,NO_CONTINGENCY,,,,MY_GENERIC_ALGO,,O-20260309-025417-001-000-761,,8fe1ce44-dbab-46b8-8bd0-78ff343ce2c5,2026-03-09 02:54:17.533965898+00:00,2026-03-09 02:54:17.533965898+00:00
BACKTESTER-001,OracleStrategy-000,MESM6.GLBX,GLBX-1-532,MESM6.GLBX-OracleStrategy-000,GLBX-001,GLBX-1-532,MARKET,SELL,1,GTC,True,False,1,TAKER,6656.5,0.0,['0.00 USD'],NO_TRIGGER,FILLED,NO_CONTINGENCY,,,,MY_GENERIC_ALGO,,O-20260309-025528-001-000-762,,1373a5aa-1c27-4b1e-afb2-d2bb9de53750,2026-03-09 02:55:28.192923759+00:00,2026-03-09 02:55:28.192923759+00:00
BACKTESTER-001,OracleStrategy-000,MESM6.GLBX,GLBX-1-533,MESM6.GLBX-OracleStrategy-000,GLBX-001,GLBX-1-533,MARKET,SELL,1,GTC,False,False,1,TAKER,6656.5,0.0,['0.00 USD'],NO_TRIGGER,FILLED,NO_CONTINGENCY,,,,MY_GENERIC_ALGO,,O-20260309-025528-001-000-763,,7fcd6a87-7c71-4209-a867-4f7a0bd4bf83,2026-03-09 02:55:28.192923759+00:00,2026-03-09 02:55:28.192923759+00:00
BACKTESTER-001,OracleStrategy-000,MESM6.GLBX,GLBX-1-534,MESM6.GLBX-OracleStrategy-000,GLBX-001,GLBX-1-534,MARKET,BUY,1,GTC,True,False,1,TAKER,6655.25,0.0,['0.00 USD'],NO_TRIGGER,FILLED,NO_CONTINGENCY,,,,MY_GENERIC_ALGO,,O-20260309-025619-001-000-764,,2d0f7157-fd4c-426c-9383-b2b99a4dae35,2026-03-09 02:56:19.190285786+00:00,2026-03-09 02:56:19.190285786+00:00
BACKTESTER-001,OracleStrategy-000,MESM6.GLBX,GLBX-1-535,MESM6.GLBX-OracleStrategy-000,GLBX-001,GLBX-1-535,MARKET,BUY,1,GTC,False,False,1,TAKER,6655.25,0.0,['0.00 USD'],NO_TRIGGER,FILLED,NO_CONTINGENCY,,,,MY_GENERIC_ALGO,,O-20260309-025619-001-000-765,,090fb919-07be-4cf1-af7e-4565c40f4481,2026-03-09 02:56:19.190285786+00:00,2026-03-09 02:56:19.190285786+00:00
BACKTESTER-001,OracleStrategy-000,MESM6.GLBX,GLBX-1-536,MESM6.GLBX-OracleStrategy-000,GLBX-001,GLBX-1-536,MARKET,SELL,1,GTC,True,False,1,TAKER,6658.75,0.0,['0.00 USD'],NO_TRIGGER,FILLED,NO_CONTINGENCY,,,,MY_GENERIC_ALGO,,O-20260309-025650-001-000-766,,ac69d35f-29dd-4dd3-b6ef-a90c29fa994c,2026-03-09 02:56:50.021569682+00:00,2026-03-09 02:56:50.021569682+00:00
BACKTESTER-001,OracleStrategy-000,MESM6.GLBX,GLBX-1-537,MESM6.GLBX-OracleStrategy-000,GLBX-001,GLBX-1-537,MARKET,SELL,1,GTC,False,False,1,TAKER,6658.75,0.0,['0.00 USD'],NO_TRIGGER,FILLED,NO_CONTINGENCY,,,,MY_GENERIC_ALGO,,O-20260309-025650-001-000-767,,36d29529-9432-4551-ba34-b8767e4210f5,2026-03-09 02:56:50.021569682+00:00,2026-03-09 02:56:50.021569682+00:00
BACKTESTER-001,OracleStrategy-000,MESM6.GLBX,GLBX-1-538,MESM6.GLBX-OracleStrategy-000,GLBX-001,GLBX-1-538,MARKET,BUY,1,GTC,True,False,1,TAKER,6654.75,0.0,['0.00 USD'],NO_TRIGGER,FILLED,NO_CONTINGENCY,,,,MY_GENERIC_ALGO,,O-20260309-025718-001-000-768,,3e33c441-c105-48e4-bdbc-75247b905bc5,2026-03-09 02:57:18.841673302+00:00,2026-03-09 02:57:18.841673302+00:00
BACKTESTER-001,OracleStrategy-000,MESM6.GLBX,GLBX-1-539,MESM6.GLBX-OracleStrategy-000,GLBX-001,GLBX-1-539,MARKET,BUY,1,GTC,False,False,1,TAKER,6654.75,0.0,['0.00 USD'],NO_TRIGGER,FILLED,NO_CONTINGENCY,,,,MY_GENERIC_ALGO,,O-20260309-025718-001-000-769,,29faff69-6092-49e7-9114-c6fe0e94c960,2026-03-09 02:57:18.841673302+00:00,2026-03-09 02:57:18.841673302+00:00
BACKTESTER-001,OracleStrategy-000,MESM6.GLBX,GLBX-1-540,MESM6.GLBX-OracleStrategy-000,GLBX-001,GLBX-1-540,MARKET,SELL,1,GTC,True,False,1,TAKER,6654.75,0.0,['0.00 USD'],NO_TRIGGER,FILLED,NO_CONTINGENCY,,,,MY_GENERIC_ALGO,,O-20260309-025721-001-000-770,,e8dc1a82-2c9a-4b9b-bebe-c6e3cfed087d,2026-03-09 02:57:21.333987803+00:00,2026-03-09 02:57:21.333987803+00:00
BACKTESTER-001,OracleStrategy-000,MESM6.GLBX,GLBX-1-541,MESM6.GLBX-OracleStrategy-000,GLBX-001,GLBX-1-541,MARKET,SELL,1,GTC,False,False,1,TAKER,6654.75,0.0,['0.00 USD'],NO_TRIGGER,FILLED,NO_CONTINGENCY,,,,MY_GENERIC_ALGO,,O-20260309-025721-001-000-771,,f46d94b0-92fd-4b5c-9a26-503ab3a72f1a,2026-03-09 02:57:21.333987803+00:00,2026-03-09 02:57:21.333987803+00:00
BACKTESTER-001,OracleStrategy-000,MESM6.GLBX,GLBX-1-542,MESM6.GLBX-OracleStrategy-000,GLBX-001,GLBX-1-542,MARKET,BUY,1,GTC,True,False,1,TAKER,6653.25,0.0,['0.00 USD'],NO_TRIGGER,FILLED,NO_CONTINGENCY,,,,MY_GENERIC_ALGO,,O-20260309-025729-001-000-772,,32286753-020f-47f0-a839-e38dece4fe8d,2026-03-09 02:57:29.354448543+00:00,2026-03-09 02:57:29.354448543+00:00
BACKTESTER-001,OracleStrategy-000,MESM6.GLBX,GLBX-1-543,MESM6.GLBX-OracleStrategy-000,GLBX-001,GLBX-1-543,MARKET,BUY,1,GTC,False,False,1,TAKER,6653.25,0.0,['0.00 USD'],NO_TRIGGER,FILLED,NO_CONTINGENCY,,,,MY_GENERIC_ALGO,,O-20260309-025729-001-000-773,,f5edf9a6-7bdb-4399-92b4-dcc664a65c2f,2026-03-09 02:57:29.354448543+00:00,2026-03-09 02:57:29.354448543+00:00
BACKTESTER-001,OracleStrategy-000,MESM6.GLBX,GLBX-1-544,MESM6.GLBX-OracleStrategy-000,GLBX-001,GLBX-1-544,MARKET,SELL,1,GTC,True,False,1,TAKER,6654.0,0.0,['0.00 USD'],NO_TRIGGER,FILLED,NO_CONTINGENCY,,,,MY_GENERIC_ALGO,,O-20260309-025739-001-000-774,,bc8b86b5-1e6e-4ebe-90df-9c174833c721,2026-03-09 02:57:39.084443218+00:00,2026-03-09 02:57:39.084443218+00:00
BACKTESTER-001,OracleStrategy-000,MESM6.GLBX,GLBX-1-545,MESM6.GLBX-OracleStrategy-000,GLBX-001,GLBX-1-545,MARKET,SELL,1,GTC,False,False,1,TAKER,6654.0,0.0,['0.00 USD'],NO_TRIGGER,FILLED,NO_CONTINGENCY,,,,MY_GENERIC_ALGO,,O-20260309-025739-001-000-775,,2b2258c2-f4c2-43c9-89f9-17f961d7f0a6,2026-03-09 02:57:39.084443218+00:00,2026-03-09 02:57:39.084443218+00:00
BACKTESTER-001,OracleStrategy-000,MESM6.GLBX,GLBX-1-546,MESM6.GLBX-OracleStrategy-000,GLBX-001,GLBX-1-546,MARKET,BUY,1,GTC,True,False,1,TAKER,6652.75,0.0,['0.00 USD'],NO_TRIGGER,FILLED,NO_CONTINGENCY,,,,MY_GENERIC_ALGO,,O-20260309-025836-001-000-776,,a51bfeec-0856-4c36-b36c-c06f8d23eb72,2026-03-09 02:58:36.709648362+00:00,2026-03-09 02:58:36.709648362+00:00
BACKTESTER-001,OracleStrategy-000,MESM6.GLBX,GLBX-1-547,MESM6.GLBX-OracleStrategy-000,GLBX-001,GLBX-1-547,MARKET,BUY,1,GTC,False,False,1,TAKER,6652.75,0.0,['0.00 USD'],NO_TRIGGER,FILLED,NO_CONTINGENCY,,,,MY_GENERIC_ALGO,,O-20260309-025836-001-000-777,,fae4229b-123f-4fca-ab52-894eba37205b,2026-03-09 02:58:36.709648362+00:00,2026-03-09 02:58:36.709648362+00:00
BACKTESTER-001,OracleStrategy-000,MESM6.GLBX,GLBX-1-548,MESM6.GLBX-OracleStrategy-000,GLBX-001,GLBX-1-548,MARKET,SELL,1,GTC,True,False,1,TAKER,6653.5,0.0,['0.00 USD'],NO_TRIGGER,FILLED,NO_CONTINGENCY,,,,MY_GENERIC_ALGO,,O-20260309-025913-001-000-778,,0d4555e9-b72c-4edd-b03d-820f26f53d90,2026-03-09 02:59:13.715753884+00:00,2026-03-09 02:59:13.715753884+00:00
BACKTESTER-001,OracleStrategy-000,MESM6.GLBX,GLBX-1-549,MESM6.GLBX-OracleStrategy-000,GLBX-001,GLBX-1-549,MARKET,SELL,1,GTC,False,False,1,TAKER,6653.5,0.0,['0.00 USD'],NO_TRIGGER,FILLED,NO_CONTINGENCY,,,,MY_GENERIC_ALGO,,O-20260309-025913-001-000-779,,53cf09f6-5ca6-42c4-babb-cabf1e2f2a82,2026-03-09 02:59:13.715753884+00:00,2026-03-09 02:59:13.715753884+00:00
BACKTESTER-001,OracleStrategy-000,MESM6.GLBX,GLBX-1-550,MESM6.GLBX-OracleStrategy-000,GLBX-001,GLBX-1-550,MARKET,BUY,1,GTC,True,False,1,TAKER,6652.5,0.0,['0.00 USD'],NO_TRIGGER,FILLED,NO_CONTINGENCY,,,,MY_GENERIC_ALGO,,O-20260309-025937-001-000-780,,47977049-331b-4afe-82bd-d80e6e600ee4,2026-03-09 02:59:37.304868024+00:00,2026-03-09 02:59:37.304868024+00:00
BACKTESTER-001,OracleStrategy-000,MESM6.GLBX,GLBX-1-551,MESM6.GLBX-OracleStrategy-000,GLBX-001,GLBX-1-551,MARKET,BUY,1,GTC,False,False,1,TAKER,6652.5,0.0,['0.00 USD'],NO_TRIGGER,FILLED,NO_CONTINGENCY,,,,MY_GENERIC_ALGO,,O-20260309-025937-001-000-781,,20ed1ca5-a530-43e2-a720-b4d2d08931af,2026-03-09 02:59:37.304868024+00:00,2026-03-09 02:59:37.304868024+00:00
BACKTESTER-001,OracleStrategy-000,MESM6.GLBX,GLBX-1-552,MESM6.GLBX-OracleStrategy-000,GLBX-001,GLBX-1-552,MARKET,SELL,1,GTC,True,False,1,TAKER,6651.5,0.0,['0.00 USD'],NO_TRIGGER,FILLED,NO_CONTINGENCY,,,,MY_GENERIC_ALGO,,O-20260309-030001-001-000-782,,1be6b9a7-cec2-4603-acec-960fe230fecd,2026-03-09 03:00:01.469982738+00:00,2026-03-09 03:00:01.469982738+00:00
BACKTESTER-001,OracleStrategy-000,MESM6.GLBX,GLBX-1-553,MESM6.GLBX-OracleStrategy-000,GLBX-001,GLBX-1-553,MARKET,SELL,1,GTC,False,False,1,TAKER,6651.5,0.0,['0.00 USD'],NO_TRIGGER,FILLED,NO_CONTINGENCY,,,,MY_GENERIC_ALGO,,O-20260309-030001-001-000-783,,aa992b96-b61f-492e-b143-71a427432f15,2026-03-09 03:00:01.469982738+00:00,2026-03-09 03:00:01.469982738+00:00
BACKTESTER-001,OracleStrategy-000,MESM6.GLBX,GLBX-1-554,MESM6.GLBX-OracleStrategy-000,GLBX-001,GLBX-1-554,MARKET,BUY,1,GTC,True,False,1,TAKER,6651.5,0.0,['0.00 USD'],NO_TRIGGER,FILLED,NO_CONTINGENCY,,,,MY_GENERIC_ALGO,,O-20260309-030010-001-000-784,,1e661a3c-a117-46a1-bafd-cb44ba8b9119,2026-03-09 03:00:10.813526626+00:00,2026-03-09 03:00:10.813526626+00:00
BACKTESTER-001,OracleStrategy-000,MESM6.GLBX,GLBX-1-555,MESM6.GLBX-OracleStrategy-000,GLBX-001,GLBX-1-555,MARKET,BUY,1,GTC,False,False,1,TAKER,6651.5,0.0,['0.00 USD'],NO_TRIGGER,FILLED,NO_CONTINGENCY,,,,MY_GENERIC_ALGO,,O-20260309-030010-001-000-785,,e1f2bcc3-83d2-4611-9906-cf0d4a85178f,2026-03-09 03:00:10.813526626+00:00,2026-03-09 03:00:10.813526626+00:00
BACKTESTER-001,OracleStrategy-000,MESM6.GLBX,GLBX-1-556,MESM6.GLBX-OracleStrategy-000,GLBX-001,GLBX-1-556,MARKET,SELL,1,GTC,True,False,1,TAKER,6652.5,0.0,['0.00 USD'],NO_TRIGGER,FILLED,NO_CONTINGENCY,,,,MY_GENERIC_ALGO,,O-20260309-030015-001-000-786,,2596ce07-4847-4dba-b090-4ba2ba91c098,2026-03-09 03:00:15.563373193+00:00,2026-03-09 03:00:15.563373193+00:00
BACKTESTER-001,OracleStrategy-000,MESM6.GLBX,GLBX-1-557,MESM6.GLBX-OracleStrategy-000,GLBX-001,GLBX-1-557,MARKET,SELL,1,GTC,False,False,1,TAKER,6652.5,0.0,['0.00 USD'],NO_TRIGGER,FILLED,NO_CONTINGENCY,,,,MY_GENERIC_ALGO,,O-20260309-030015-001-000-787,,b59d9652-5cb2-4fb4-923b-c757e0141384,2026-03-09 03:00:15.563373193+00:00,2026-03-09 03:00:15.563373193+00:00
BACKTESTER-001,OracleStrategy-000,MESM6.GLBX,GLBX-1-558,MESM6.GLBX-OracleStrategy-000,GLBX-001,GLBX-1-558,MARKET,BUY,1,GTC,True,False,1,TAKER,6652.0,0.0,['0.00 USD'],NO_TRIGGER,FILLED,NO_CONTINGENCY,,,,MY_GENERIC_ALGO,,O-20260309-030022-001-000-788,,174d58de-2d7f-4843-9924-63b991a93f43,2026-03-09 03:00:22.484456986+00:00,2026-03-09 03:00:22.484456986+00:00
BACKTESTER-001,OracleStrategy-000,MESM6.GLBX,GLBX-1-559,MESM6.GLBX-OracleStrategy-000,GLBX-001,GLBX-1-559,MARKET,BUY,1,GTC,False,False,1,TAKER,6652.0,0.0,['0.00 USD'],NO_TRIGGER,FILLED,NO_CONTINGENCY,,,,MY_GENERIC_ALGO,,O-20260309-030022-001-000-789,,0f33b5c9-2934-478b-9e1c-70fd844626d2,2026-03-09 03:00:22.484456986+00:00,2026-03-09 03:00:22.484456986+00:00
BACKTESTER-001,OracleStrategy-000,MESM6.GLBX,GLBX-1-560,MESM6.GLBX-OracleStrategy-000,GLBX-001,GLBX-1-560,MARKET,SELL,1,GTC,True,False,1,TAKER,6653.25,0.0,['0.00 USD'],NO_TRIGGER,FILLED,NO_CONTINGENCY,,,,MY_GENERIC_ALGO,,O-20260309-030026-001-000-790,,92b29b58-c5e1-4763-8243-9954af944402,2026-03-09 03:00:26.469933528+00:00,2026-03-09 03:00:26.469933528+00:00
BACKTESTER-001,OracleStrategy-000,MESM6.GLBX,GLBX-1-561,MESM6.GLBX-OracleStrategy-000,GLBX-001,GLBX-1-561,MARKET,SELL,1,GTC,False,False,1,TAKER,6653.25,0.0,['0.00 USD'],NO_TRIGGER,FILLED,NO_CONTINGENCY,,,,MY_GENERIC_ALGO,,O-20260309-030026-001-000-791,,ef8bc763-d7a5-4ecb-ada8-94ee9752aa23,2026-03-09 03:00:26.469933528+00:00,2026-03-09 03:00:26.469933528+00:00
BACKTESTER-001,OracleStrategy-000,MESM6.GLBX,GLBX-1-562,MESM6.GLBX-OracleStrategy-000,GLBX-001,GLBX-1-562,MARKET,BUY,1,GTC,True,False,1,TAKER,6655.0,0.0,['0.00 USD'],NO_TRIGGER,FILLED,NO_CONTINGENCY,,,,MY_GENERIC_ALGO,,O-20260309-030310-001-000-792,,2ac3f2ba-8302-499a-90fc-9feb226fa49e,2026-03-09 03:03:10.442192727+00:00,2026-03-09 03:03:10.442192727+00:00
BACKTESTER-001,OracleStrategy-000,MESM6.GLBX,GLBX-1-563,MESM6.GLBX-OracleStrategy-000,GLBX-001,GLBX-1-563,MARKET,BUY,1,GTC,False,False,1,TAKER,6655.0,0.0,['0.00 USD'],NO_TRIGGER,FILLED,NO_CONTINGENCY,,,,MY_GENERIC_ALGO,,O-20260309-030310-001-000-793,,395eb1cc-b390-42dc-a598-f030ddd61e5e,2026-03-09 03:03:10.442192727+00:00,2026-03-09 03:03:10.442192727+00:00
BACKTESTER-001,OracleStrategy-000,MESM6.GLBX,GLBX-1-564,MESM6.GLBX-OracleStrategy-000,GLBX-001,GLBX-1-564,MARKET,SELL,1,GTC,True,False,1,TAKER,6654.75,0.0,['0.00 USD'],NO_TRIGGER,FILLED,NO_CONTINGENCY,,,,MY_GENERIC_ALGO,,O-20260309-030330-001-000-794,,45171681-e638-4119-8dab-40c1c4cd3475,2026-03-09 03:03:30.908655981+00:00,2026-03-09 03:03:30.908655981+00:00
BACKTESTER-001,OracleStrategy-000,MESM6.GLBX,GLBX-1-565,MESM6.GLBX-OracleStrategy-000,GLBX-001,GLBX-1-565,MARKET,SELL,1,GTC,False,False,1,TAKER,6654.75,0.0,['0.00 USD'],NO_TRIGGER,FILLED,NO_CONTINGENCY,,,,MY_GENERIC_ALGO,,O-20260309-030330-001-000-795,,d1e214f6-b4a1-4d0b-aaf6-9c2b1e046f45,2026-03-09 03:03:30.908655981+00:00,2026-03-09 03:03:30.908655981+00:00
BACKTESTER-001,OracleStrategy-000,MESM6.GLBX,GLBX-1-566,MESM6.GLBX-OracleStrategy-000,GLBX-001,GLBX-1-566,MARKET,BUY,1,GTC,True,False,1,TAKER,6654.75,0.0,['0.00 USD'],NO_TRIGGER,FILLED,NO_CONTINGENCY,,,,MY_GENERIC_ALGO,,O-20260309-030421-001-000-796,,fdddaa6e-6e44-4bd3-8564-ab13d6f34e43,2026-03-09 03:04:21.906456336+00:00,2026-03-09 03:04:21.906456336+00:00
BACKTESTER-001,OracleStrategy-000,MESM6.GLBX,GLBX-1-567,MESM6.GLBX-OracleStrategy-000,GLBX-001,GLBX-1-567,MARKET,BUY,1,GTC,False,False,1,TAKER,6654.75,0.0,['0.00 USD'],NO_TRIGGER,FILLED,NO_CONTINGENCY,,,,MY_GENERIC_ALGO,,O-20260309-030421-001-000-797,,73c1a246-0b8e-4a10-a297-59b6cb700e8d,2026-03-09 03:04:21.906456336+00:00,2026-03-09 03:04:21.906456336+00:00
BACKTESTER-001,OracleStrategy-000,MESM6.GLBX,GLBX-1-568,MESM6.GLBX-OracleStrategy-000,GLBX-001,GLBX-1-568,MARKET,SELL,1,GTC,True,False,1,TAKER,6654.5,0.0,['0.00 USD'],NO_TRIGGER,FILLED,NO_CONTINGENCY,,,,MY_GENERIC_ALGO,,O-20260309-030626-001-000-798,,18c8a61a-81a1-4a2c-833d-4b0c0789a0e0,2026-03-09 03:06:26.785546925+00:00,2026-03-09 03:06:26.785546925+00:00
BACKTESTER-001,OracleStrategy-000,MESM6.GLBX,GLBX-1-569,MESM6.GLBX-OracleStrategy-000,GLBX-001,GLBX-1-569,MARKET,SELL,1,GTC,False,False,1,TAKER,6654.5,0.0,['0.00 USD'],NO_TRIGGER,FILLED,NO_CONTINGENCY,,,,MY_GENERIC_ALGO,,O-20260309-030626-001-000-799,,d80f15d3-c38d-4f0c-b911-9d181032b65d,2026-03-09 03:06:26.785546925+00:00,2026-03-09 03:06:26.785546925+00:00
BACKTESTER-001,OracleStrategy-000,MESM6.GLBX,GLBX-1-570,MESM6.GLBX-OracleStrategy-000,GLBX-001,GLBX-1-570,MARKET,BUY,1,GTC,True,False,1,TAKER,6655.25,0.0,['0.00 USD'],NO_TRIGGER,FILLED,NO_CONTINGENCY,,,,MY_GENERIC_ALGO,,O-20260309-030707-001-000-800,,1ce8c01d-8dd8-4c07-bbf3-84e1af89e12e,2026-03-09 03:07:07.002625579+00:00,2026-03-09 03:07:07.002625579+00:00
BACKTESTER-001,OracleStrategy-000,MESM6.GLBX,GLBX-1-571,MESM6.GLBX-OracleStrategy-000,GLBX-001,GLBX-1-571,MARKET,BUY,1,GTC,False,False,1,TAKER,6655.25,0.0,['0.00 USD'],NO_TRIGGER,FILLED,NO_CONTINGENCY,,,,MY_GENERIC_ALGO,,O-20260309-030707-001-000-801,,e718b574-09f3-4814-a1e4-35231effce1f,2026-03-09 03:07:07.002625579+00:00,2026-03-09 03:07:07.002625579+00:00
BACKTESTER-001,OracleStrategy-000,MESM6.GLBX,GLBX-1-572,MESM6.GLBX-OracleStrategy-000,GLBX-001,GLBX-1-572,MARKET,SELL,1,GTC,True,False,1,TAKER,6655.0,0.0,['0.00 USD'],NO_TRIGGER,FILLED,NO_CONTINGENCY,,,,MY_GENERIC_ALGO,,O-20260309-030709-001-000-802,,ff88c8fa-05a4-458e-ae5b-e04a4618b527,2026-03-09 03:07:09.027377066+00:00,2026-03-09 03:07:09.027377066+00:00
BACKTESTER-001,OracleStrategy-000,MESM6.GLBX,GLBX-1-573,MESM6.GLBX-OracleStrategy-000,GLBX-001,GLBX-1-573,MARKET,SELL,1,GTC,False,False,1,TAKER,6655.0,0.0,['0.00 USD'],NO_TRIGGER,FILLED,NO_CONTINGENCY,,,,MY_GENERIC_ALGO,,O-20260309-030709-001-000-803,,6a32ac0c-6d84-4c43-90be-c4ca746d63f5,2026-03-09 03:07:09.027377066+00:00,2026-03-09 03:07:09.027377066+00:00
BACKTESTER-001,OracleStrategy-000,MESM6.GLBX,GLBX-1-574,MESM6.GLBX-OracleStrategy-000,GLBX-001,GLBX-1-574,MARKET,BUY,1,GTC,True,False,1,TAKER,6655.75,0.0,['0.00 USD'],NO_TRIGGER,FILLED,NO_CONTINGENCY,,,,MY_GENERIC_ALGO,,O-20260309-030712-001-000-804,,4ccfcf87-78d7-4a8c-9504-47a680f86433,2026-03-09 03:07:12.333456029+00:00,2026-03-09 03:07:12.333456029+00:00
BACKTESTER-001,OracleStrategy-000,MESM6.GLBX,GLBX-1-575,MESM6.GLBX-OracleStrategy-000,GLBX-001,GLBX-1-575,MARKET,BUY,1,GTC,False,False,1,TAKER,6655.75,0.0,['0.00 USD'],NO_TRIGGER,FILLED,NO_CONTINGENCY,,,,MY_GENERIC_ALGO,,O-20260309-030712-001-000-805,,63ca887c-e4da-4495-8b77-4b0eb0eec8ae,2026-03-09 03:07:12.333456029+00:00,2026-03-09 03:07:12.333456029+00:00
BACKTESTER-001,OracleStrategy-000,MESM6.GLBX,GLBX-1-576,MESM6.GLBX-OracleStrategy-000,GLBX-001,GLBX-1-576,MARKET,SELL,1,GTC,True,False,1,TAKER,6655.25,0.0,['0.00 USD'],NO_TRIGGER,FILLED,NO_CONTINGENCY,,,,MY_GENERIC_ALGO,,O-20260309-030723-001-000-806,,954b2fad-a0b9-4bd1-b9be-eb5891a4cd6a,2026-03-09 03:07:23.683788600+00:00,2026-03-09 03:07:23.683788600+00:00
BACKTESTER-001,OracleStrategy-000,MESM6.GLBX,GLBX-1-577,MESM6.GLBX-OracleStrategy-000,GLBX-001,GLBX-1-577,MARKET,SELL,1,GTC,False,False,1,TAKER,6655.25,0.0,['0.00 USD'],NO_TRIGGER,FILLED,NO_CONTINGENCY,,,,MY_GENERIC_ALGO,,O-20260309-030723-001-000-807,,3baf66d3-a2fa-49e8-9d9e-0f262115cfa0,2026-03-09 03:07:23.683788600+00:00,2026-03-09 03:07:23.683788600+00:00
BACKTESTER-001,OracleStrategy-000,MESM6.GLBX,GLBX-1-578,MESM6.GLBX-OracleStrategy-000,GLBX-001,GLBX-1-578,MARKET,BUY,1,GTC,True,False,1,TAKER,6656.0,0.0,['0.00 USD'],NO_TRIGGER,FILLED,NO_CONTINGENCY,,,,MY_GENERIC_ALGO,,O-20260309-030751-001-000-808,,b98cecae-f461-4c70-85d4-b2c9d97cdfa7,2026-03-09 03:07:51.868098312+00:00,2026-03-09 03:07:51.868098312+00:00
BACKTESTER-001,OracleStrategy-000,MESM6.GLBX,GLBX-1-579,MESM6.GLBX-OracleStrategy-000,GLBX-001,GLBX-1-579,MARKET,BUY,1,GTC,False,False,1,TAKER,6656.0,0.0,['0.00 USD'],NO_TRIGGER,FILLED,NO_CONTINGENCY,,,,MY_GENERIC_ALGO,,O-20260309-030751-001-000-809,,045090dd-72a4-4028-8871-7368dcf32751,2026-03-09 03:07:51.868098312+00:00,2026-03-09 03:07:51.868098312+00:00
BACKTESTER-001,OracleStrategy-000,MESM6.GLBX,GLBX-1-580,MESM6.GLBX-OracleStrategy-000,GLBX-001,GLBX-1-580,MARKET,SELL,1,GTC,True,False,1,TAKER,6656.25,0.0,['0.00 USD'],NO_TRIGGER,FILLED,NO_CONTINGENCY,,,,MY_GENERIC_ALGO,,O-20260309-030756-001-000-810,,c30f1c46-c163-4a22-a4d5-af3cd4986e3c,2026-03-09 03:07:56.052404797+00:00,2026-03-09 03:07:56.052404797+00:00
BACKTESTER-001,OracleStrategy-000,MESM6.GLBX,GLBX-1-581,MESM6.GLBX-OracleStrategy-000,GLBX-001,GLBX-1-581,MARKET,SELL,1,GTC,False,False,1,TAKER,6656.25,0.0,['0.00 USD'],NO_TRIGGER,FILLED,NO_CONTINGENCY,,,,MY_GENERIC_ALGO,,O-20260309-030756-001-000-811,,90b28336-fdd8-48c0-902a-e498074c931e,2026-03-09 03:07:56.052404797+00:00,2026-03-09 03:07:56.052404797+00:00
BACKTESTER-001,OracleStrategy-000,MESM6.GLBX,GLBX-1-582,MESM6.GLBX-OracleStrategy-000,GLBX-001,GLBX-1-582,MARKET,BUY,1,GTC,True,False,1,TAKER,6656.0,0.0,['0.00 USD'],NO_TRIGGER,FILLED,NO_CONTINGENCY,,,,MY_GENERIC_ALGO,,O-20260309-030824-001-000-812,,1f2c5996-eed9-4144-a63b-88747b457140,2026-03-09 03:08:24.508927647+00:00,2026-03-09 03:08:24.508927647+00:00
BACKTESTER-001,OracleStrategy-000,MESM6.GLBX,GLBX-1-583,MESM6.GLBX-OracleStrategy-000,GLBX-001,GLBX-1-583,MARKET,SELL,1,GTC,False,False,1,TAKER,6658.0,0.0,['0.00 USD'],NO_TRIGGER,FILLED,NO_CONTINGENCY,,,,MY_GENERIC_ALGO,,O-20260309-030918-001-000-815,,212ae639-8179-4b40-a94b-de301c3e9156,2026-03-09 03:09:18.904676245+00:00,2026-03-09 03:09:18.904676245+00:00
BACKTESTER-001,OracleStrategy-000,MESM6.GLBX,GLBX-1-584,MESM6.GLBX-OracleStrategy-000,GLBX-001,GLBX-1-584,MARKET,BUY,1,GTC,True,False,1,TAKER,6656.25,0.0,['0.00 USD'],NO_TRIGGER,FILLED,NO_CONTINGENCY,,,,MY_GENERIC_ALGO,,O-20260309-030928-001-000-816,,cc61454d-8ab0-43f0-84b5-6d404d7cfaec,2026-03-09 03:09:28.067669474+00:00,2026-03-09 03:09:28.067669474+00:00
BACKTESTER-001,OracleStrategy-000,MESM6.GLBX,GLBX-1-585,MESM6.GLBX-OracleStrategy-000,GLBX-001,GLBX-1-585,MARKET,BUY,1,GTC,False,False,1,TAKER,6656.25,0.0,['0.00 USD'],NO_TRIGGER,FILLED,NO_CONTINGENCY,,,,MY_GENERIC_ALGO,,O-20260309-030928-001-000-817,,84d917f4-ce2a-4185-b008-55105e3e05de,2026-03-09 03:09:28.067669474+00:00,2026-03-09 03:09:28.067669474+00:00
BACKTESTER-001,OracleStrategy-000,MESM6.GLBX,GLBX-1-586,MESM6.GLBX-OracleStrategy-000,GLBX-001,GLBX-1-586,MARKET,SELL,1,GTC,True,False,1,TAKER,6655.75,0.0,['0.00 USD'],NO_TRIGGER,FILLED,NO_CONTINGENCY,,,,MY_GENERIC_ALGO,,O-20260309-030958-001-000-818,,0de35a23-8978-42f2-85a2-ce63899b7ff9,2026-03-09 03:09:58.522414875+00:00,2026-03-09 03:09:58.522414875+00:00
BACKTESTER-001,OracleStrategy-000,MESM6.GLBX,GLBX-1-587,MESM6.GLBX-OracleStrategy-000,GLBX-001,GLBX-1-587,MARKET,SELL,1,GTC,False,False,1,TAKER,6655.75,0.0,['0.00 USD'],NO_TRIGGER,FILLED,NO_CONTINGENCY,,,,MY_GENERIC_ALGO,,O-20260309-030958-001-000-819,,1d94d125-d916-4914-b997-0753769a1ede,2026-03-09 03:09:58.522414875+00:00,2026-03-09 03:09:58.522414875+00:00
BACKTESTER-001,OracleStrategy-000,MESM6.GLBX,GLBX-1-588,MESM6.GLBX-OracleStrategy-000,GLBX-001,GLBX-1-588,MARKET,BUY,1,GTC,True,False,1,TAKER,6656.75,0.0,['0.00 USD'],NO_TRIGGER,FILLED,NO_CONTINGENCY,,,,MY_GENERIC_ALGO,,O-20260309-031138-001-000-820,,f7fc6e80-2e6f-4db3-b5a9-d34f74cdccc0,2026-03-09 03:11:38.525632432+00:00,2026-03-09 03:11:38.525632432+00:00
BACKTESTER-001,OracleStrategy-000,MESM6.GLBX,GLBX-1-589,MESM6.GLBX-OracleStrategy-000,GLBX-001,GLBX-1-589,MARKET,BUY,1,GTC,False,False,1,TAKER,6656.75,0.0,['0.00 USD'],NO_TRIGGER,FILLED,NO_CONTINGENCY,,,,MY_GENERIC_ALGO,,O-20260309-031138-001-000-821,,c97b675d-1373-4a1a-9d43-a583e70501cb,2026-03-09 03:11:38.525632432+00:00,2026-03-09 03:11:38.525632432+00:00
BACKTESTER-001,OracleStrategy-000,MESM6.GLBX,GLBX-1-590,MESM6.GLBX-OracleStrategy-000,GLBX-001,GLBX-1-590,MARKET,SELL,1,GTC,True,False,1,TAKER,6654.75,0.0,['0.00 USD'],NO_TRIGGER,FILLED,NO_CONTINGENCY,,,,MY_GENERIC_ALGO,,O-20260309-031219-001-000-822,,d3073f61-08f1-4fc2-8f7f-da129bc777c8,2026-03-09 03:12:19.664521234+00:00,2026-03-09 03:12:19.664521234+00:00
BACKTESTER-001,OracleStrategy-000,MESM6.GLBX,GLBX-1-591,MESM6.GLBX-OracleStrategy-000,GLBX-001,GLBX-1-591,MARKET,SELL,1,GTC,False,False,1,TAKER,6654.75,0.0,['0.00 USD'],NO_TRIGGER,FILLED,NO_CONTINGENCY,,,,MY_GENERIC_ALGO,,O-20260309-031219-001-000-823,,545c00c7-c3d3-46a2-878f-a2441a4e7333,2026-03-09 03:12:19.664521234+00:00,2026-03-09 03:12:19.664521234+00:00
BACKTESTER-001,OracleStrategy-000,MESM6.GLBX,GLBX-1-592,MESM6.GLBX-OracleStrategy-000,GLBX-001,GLBX-1-592,MARKET,BUY,1,GTC,True,False,1,TAKER,6656.5,0.0,['0.00 USD'],NO_TRIGGER,FILLED,NO_CONTINGENCY,,,,MY_GENERIC_ALGO,,O-20260309-031231-001-000-824,,051e348a-7d11-4d61-a7ee-961d00d25135,2026-03-09 03:12:31.790130893+00:00,2026-03-09 03:12:31.790130893+00:00
BACKTESTER-001,OracleStrategy-000,MESM6.GLBX,GLBX-1-593,MESM6.GLBX-OracleStrategy-000,GLBX-001,GLBX-1-593,MARKET,BUY,1,GTC,False,False,1,TAKER,6656.5,0.0,['0.00 USD'],NO_TRIGGER,FILLED,NO_CONTINGENCY,,,,MY_GENERIC_ALGO,,O-20260309-031231-001-000-825,,5cdb2c4d-225e-40cf-b57d-c6f789798be7,2026-03-09 03:12:31.790130893+00:00,2026-03-09 03:12:31.790130893+00:00
BACKTESTER-001,OracleStrategy-000,MESM6.GLBX,GLBX-1-594,MESM6.GLBX-OracleStrategy-000,GLBX-001,GLBX-1-594,MARKET,SELL,1,GTC,True,False,1,TAKER,6655.5,0.0,['0.00 USD'],NO_TRIGGER,FILLED,NO_CONTINGENCY,,,,MY_GENERIC_ALGO,,O-20260309-031433-001-000-826,,05ee9705-b131-4a46-b630-0666e7f9baf9,2026-03-09 03:14:33.554480117+00:00,2026-03-09 03:14:33.554480117+00:00
BACKTESTER-001,OracleStrategy-000,MESM6.GLBX,GLBX-1-595,MESM6.GLBX-OracleStrategy-000,GLBX-001,GLBX-1-595,MARKET,SELL,1,GTC,False,False,1,TAKER,6655.5,0.0,['0.00 USD'],NO_TRIGGER,FILLED,NO_CONTINGENCY,,,,MY_GENERIC_ALGO,,O-20260309-031433-001-000-827,,49e3c5d2-7f58-41be-be94-f49aca5b2850,2026-03-09 03:14:33.554480117+00:00,2026-03-09 03:14:33.554480117+00:00
BACKTESTER-001,OracleStrategy-000,MESM6.GLBX,GLBX-1-596,MESM6.GLBX-OracleStrategy-000,GLBX-001,GLBX-1-596,MARKET,BUY,1,GTC,True,False,1,TAKER,6657.25,0.0,['0.00 USD'],NO_TRIGGER,FILLED,NO_CONTINGENCY,,,,MY_GENERIC_ALGO,,O-20260309-031441-001-000-828,,11ec541d-5159-42d5-bd5d-97e695dc2228,2026-03-09 03:14:41.704657213+00:00,2026-03-09 03:14:41.704657213+00:00
BACKTESTER-001,OracleStrategy-000,MESM6.GLBX,GLBX-1-597,MESM6.GLBX-OracleStrategy-000,GLBX-001,GLBX-1-597,MARKET,BUY,1,GTC,False,False,1,TAKER,6657.25,0.0,['0.00 USD'],NO_TRIGGER,FILLED,NO_CONTINGENCY,,,,MY_GENERIC_ALGO,,O-20260309-031441-001-000-829,,0a53ae67-56bc-48f5-8587-a49a5b0e969e,2026-03-09 03:14:41.704657213+00:00,2026-03-09 03:14:41.704657213+00:00
BACKTESTER-001,OracleStrategy-000,MESM6.GLBX,GLBX-1-598,MESM6.GLBX-OracleStrategy-000,GLBX-001,GLBX-1-598,MARKET,SELL,1,GTC,True,False,1,TAKER,6658.25,0.0,['0.00 USD'],NO_TRIGGER,FILLED,NO_CONTINGENCY,,,,MY_GENERIC_ALGO,,O-20260309-031500-001-000-830,,1ec8c742-9138-46f8-b341-0ebcc707a4af,2026-03-09 03:15:00.721947064+00:00,2026-03-09 03:15:00.721947064+00:00
BACKTESTER-001,OracleStrategy-000,MESM6.GLBX,GLBX-1-599,MESM6.GLBX-OracleStrategy-000,GLBX-001,GLBX-1-599,MARKET,SELL,1,GTC,False,False,1,TAKER,6658.25,0.0,['0.00 USD'],NO_TRIGGER,FILLED,NO_CONTINGENCY,,,,MY_GENERIC_ALGO,,O-20260309-031500-001-000-831,,ca64f39b-faca-4d24-8b09-18b789b6537b,2026-03-09 03:15:00.721947064+00:00,2026-03-09 03:15:00.721947064+00:00
BACKTESTER-001,OracleStrategy-000,MESM6.GLBX,GLBX-1-600,MESM6.GLBX-OracleStrategy-000,GLBX-001,GLBX-1-600,MARKET,BUY,1,GTC,True,False,1,TAKER,6657.75,0.0,['0.00 USD'],NO_TRIGGER,FILLED,NO_CONTINGENCY,,,,MY_GENERIC_ALGO,,O-20260309-031549-001-000-832,,fe1f74c9-f5f8-4476-8716-7bffae104117,2026-03-09 03:15:49.267684566+00:00,2026-03-09 03:15:49.267684566+00:00
BACKTESTER-001,OracleStrategy-000,MESM6.GLBX,GLBX-1-601,MESM6.GLBX-OracleStrategy-000,GLBX-001,GLBX-1-601,MARKET,BUY,1,GTC,False,False,1,TAKER,6657.75,0.0,['0.00 USD'],NO_TRIGGER,FILLED,NO_CONTINGENCY,,,,MY_GENERIC_ALGO,,O-20260309-031549-001-000-833,,4d0a674a-427a-4617-99a9-b964577aa3fe,2026-03-09 03:15:49.267684566+00:00,2026-03-09 03:15:49.267684566+00:00
BACKTESTER-001,OracleStrategy-000,MESM6.GLBX,GLBX-1-602,MESM6.GLBX-OracleStrategy-000,GLBX-001,GLBX-1-602,MARKET,SELL,1,GTC,True,False,1,TAKER,6657.75,0.0,['0.00 USD'],NO_TRIGGER,FILLED,NO_CONTINGENCY,,,,MY_GENERIC_ALGO,,O-20260309-031609-001-000-834,,d8174948-d84f-48ff-9122-f666b34a1927,2026-03-09 03:16:09.792142346+00:00,2026-03-09 03:16:09.792142346+00:00
BACKTESTER-001,OracleStrategy-000,MESM6.GLBX,GLBX-1-603,MESM6.GLBX-OracleStrategy-000,GLBX-001,GLBX-1-603,MARKET,SELL,1,GTC,False,False,1,TAKER,6657.75,0.0,['0.00 USD'],NO_TRIGGER,FILLED,NO_CONTINGENCY,,,,MY_GENERIC_ALGO,,O-20260309-031609-001-000-835,,cd6f1a1d-b7be-4b66-9adf-616350e1795c,2026-03-09 03:16:09.792142346+00:00,2026-03-09 03:16:09.792142346+00:00
BACKTESTER-001,OracleStrategy-000,MESM6.GLBX,GLBX-1-604,MESM6.GLBX-OracleStrategy-000,GLBX-001,GLBX-1-604,MARKET,BUY,1,GTC,True,False,1,TAKER,6658.75,0.0,['0.00 USD'],NO_TRIGGER,FILLED,NO_CONTINGENCY,,,,MY_GENERIC_ALGO,,O-20260309-031632-001-000-836,,8038659f-175e-4525-b094-2413c911fc70,2026-03-09 03:16:32.900305426+00:00,2026-03-09 03:16:32.900305426+00:00
BACKTESTER-001,OracleStrategy-000,MESM6.GLBX,GLBX-1-605,MESM6.GLBX-OracleStrategy-000,GLBX-001,GLBX-1-605,MARKET,BUY,1,GTC,False,False,1,TAKER,6658.75,0.0,['0.00 USD'],NO_TRIGGER,FILLED,NO_CONTINGENCY,,,,MY_GENERIC_ALGO,,O-20260309-031632-001-000-837,,65839b83-7909-46dd-8774-f2b26a26b4ce,2026-03-09 03:16:32.900305426+00:00,2026-03-09 03:16:32.900305426+00:00
BACKTESTER-001,OracleStrategy-000,MESM6.GLBX,GLBX-1-606,MESM6.GLBX-OracleStrategy-000,GLBX-001,GLBX-1-606,MARKET,SELL,1,GTC,True,False,1,TAKER,6658.25,0.0,['0.00 USD'],NO_TRIGGER,FILLED,NO_CONTINGENCY,,,,MY_GENERIC_ALGO,,O-20260309-031757-001-000-838,,d7f5e03d-6384-4757-8b7d-026f75822868,2026-03-09 03:17:57.283164944+00:00,2026-03-09 03:17:57.283164944+00:00
BACKTESTER-001,OracleStrategy-000,MESM6.GLBX,GLBX-1-607,MESM6.GLBX-OracleStrategy-000,GLBX-001,GLBX-1-607,MARKET,BUY,1,GTC,False,False,1,TAKER,6656.25,0.0,['0.00 USD'],NO_TRIGGER,FILLED,NO_CONTINGENCY,,,,MY_GENERIC_ALGO,,O-20260309-031956-001-000-847,,294839dc-75cc-4784-87d4-a0e88629df63,2026-03-09 03:19:56.939321842+00:00,2026-03-09 03:19:56.939321842+00:00
BACKTESTER-001,OracleStrategy-000,MESM6.GLBX,GLBX-1-608,MESM6.GLBX-OracleStrategy-000,GLBX-001,GLBX-1-608,MARKET,SELL,1,GTC,True,False,1,TAKER,6656.0,0.0,['0.00 USD'],NO_TRIGGER,FILLED,NO_CONTINGENCY,,,,MY_GENERIC_ALGO,,O-20260309-032012-001-000-848,,236028bc-b933-436f-896e-c82d8b1bd2a5,2026-03-09 03:20:12.753223295+00:00,2026-03-09 03:20:12.753223295+00:00
BACKTESTER-001,OracleStrategy-000,MESM6.GLBX,GLBX-1-609,MESM6.GLBX-OracleStrategy-000,GLBX-001,GLBX-1-609,MARKET,SELL,1,GTC,False,False,1,TAKER,6656.0,0.0,['0.00 USD'],NO_TRIGGER,FILLED,NO_CONTINGENCY,,,,MY_GENERIC_ALGO,,O-20260309-032012-001-000-849,,521b5599-d4f7-44a5-b41e-20686f99ac89,2026-03-09 03:20:12.753223295+00:00,2026-03-09 03:20:12.753223295+00:00
BACKTESTER-001,OracleStrategy-000,MESM6.GLBX,GLBX-1-610,MESM6.GLBX-OracleStrategy-000,GLBX-001,GLBX-1-610,MARKET,BUY,1,GTC,True,False,1,TAKER,6658.0,0.0,['0.00 USD'],NO_TRIGGER,FILLED,NO_CONTINGENCY,,,,MY_GENERIC_ALGO,,O-20260309-032018-001-000-850,,922008d1-04e0-4895-8cdf-b9b7ef84a87c,2026-03-09 03:20:18.539531375+00:00,2026-03-09 03:20:18.539531375+00:00
BACKTESTER-001,OracleStrategy-000,MESM6.GLBX,GLBX-1-611,MESM6.GLBX-OracleStrategy-000,GLBX-001,GLBX-1-611,MARKET,BUY,1,GTC,False,False,1,TAKER,6658.0,0.0,['0.00 USD'],NO_TRIGGER,FILLED,NO_CONTINGENCY,,,,MY_GENERIC_ALGO,,O-20260309-032018-001-000-851,,f40d91c8-5304-42d7-9bd3-694a3bd4b3f4,2026-03-09 03:20:18.539531375+00:00,2026-03-09 03:20:18.539531375+00:00
BACKTESTER-001,OracleStrategy-000,MESM6.GLBX,GLBX-1-612,MESM6.GLBX-OracleStrategy-000,GLBX-001,GLBX-1-612,MARKET,SELL,1,GTC,True,False,1,TAKER,6658.5,0.0,['0.00 USD'],NO_TRIGGER,FILLED,NO_CONTINGENCY,,,,MY_GENERIC_ALGO,,O-20260309-032243-001-000-852,,f4332607-3e5d-4523-8170-d0c5bb7c5fec,2026-03-09 03:22:43.303712225+00:00,2026-03-09 03:22:43.303712225+00:00
BACKTESTER-001,OracleStrategy-000,MESM6.GLBX,GLBX-1-613,MESM6.GLBX-OracleStrategy-000,GLBX-001,GLBX-1-613,MARKET,SELL,1,GTC,False,False,1,TAKER,6658.5,0.0,['0.00 USD'],NO_TRIGGER,FILLED,NO_CONTINGENCY,,,,MY_GENERIC_ALGO,,O-20260309-032243-001-000-853,,b9bc2be0-a0ee-4ba8-bc23-790e0f9072ba,2026-03-09 03:22:43.303712225+00:00,2026-03-09 03:22:43.303712225+00:00
BACKTESTER-001,OracleStrategy-000,MESM6.GLBX,GLBX-1-614,MESM6.GLBX-OracleStrategy-000,GLBX-001,GLBX-1-614,MARKET,BUY,1,GTC,True,False,1,TAKER,6657.0,0.0,['0.00 USD'],NO_TRIGGER,FILLED,NO_CONTINGENCY,,,,MY_GENERIC_ALGO,,O-20260309-032326-001-000-854,,da59b786-2119-42f1-a674-9b318d0a68a3,2026-03-09 03:23:26.753026210+00:00,2026-03-09 03:23:26.753026210+00:00
BACKTESTER-001,OracleStrategy-000,MESM6.GLBX,GLBX-1-615,MESM6.GLBX-OracleStrategy-000,GLBX-001,GLBX-1-615,MARKET,BUY,1,GTC,False,False,1,TAKER,6657.0,0.0,['0.00 USD'],NO_TRIGGER,FILLED,NO_CONTINGENCY,,,,MY_GENERIC_ALGO,,O-20260309-032326-001-000-855,,a940666a-1595-4083-ae1f-75adc75dd269,2026-03-09 03:23:26.753026210+00:00,2026-03-09 03:23:26.753026210+00:00
BACKTESTER-001,OracleStrategy-000,MESM6.GLBX,GLBX-1-616,MESM6.GLBX-OracleStrategy-000,GLBX-001,GLBX-1-616,MARKET,SELL,1,GTC,True,False,1,TAKER,6655.5,0.0,['0.00 USD'],NO_TRIGGER,FILLED,NO_CONTINGENCY,,,,MY_GENERIC_ALGO,,O-20260309-032336-001-000-856,,5488e136-e9a8-4b68-ac16-81230b8c90e9,2026-03-09 03:23:36.578685375+00:00,2026-03-09 03:23:36.578685375+00:00
BACKTESTER-001,OracleStrategy-000,MESM6.GLBX,GLBX-1-617,MESM6.GLBX-OracleStrategy-000,GLBX-001,GLBX-1-617,MARKET,SELL,1,GTC,False,False,1,TAKER,6655.5,0.0,['0.00 USD'],NO_TRIGGER,FILLED,NO_CONTINGENCY,,,,MY_GENERIC_ALGO,,O-20260309-032336-001-000-857,,9315eed2-9c36-4ec9-ac55-264729064474,2026-03-09 03:23:36.578685375+00:00,2026-03-09 03:23:36.578685375+00:00
BACKTESTER-001,OracleStrategy-000,MESM6.GLBX,GLBX-1-618,MESM6.GLBX-OracleStrategy-000,GLBX-001,GLBX-1-618,MARKET,BUY,1,GTC,True,False,1,TAKER,6655.0,0.0,['0.00 USD'],NO_TRIGGER,FILLED,NO_CONTINGENCY,,,,MY_GENERIC_ALGO,,O-20260309-032349-001-000-858,,1f60de0f-0e6a-4c01-856e-7f4d8f5251e2,2026-03-09 03:23:49.741400271+00:00,2026-03-09 03:23:49.741400271+00:00
BACKTESTER-001,OracleStrategy-000,MESM6.GLBX,GLBX-1-619,MESM6.GLBX-OracleStrategy-000,GLBX-001,GLBX-1-619,MARKET,BUY,1,GTC,False,False,1,TAKER,6655.0,0.0,['0.00 USD'],NO_TRIGGER,FILLED,NO_CONTINGENCY,,,,MY_GENERIC_ALGO,,O-20260309-032349-001-000-859,,fa18f54a-8f1b-4798-baf0-e306a6054a92,2026-03-09 03:23:49.741400271+00:00,2026-03-09 03:23:49.741400271+00:00
BACKTESTER-001,OracleStrategy-000,MESM6.GLBX,GLBX-1-620,MESM6.GLBX-OracleStrategy-000,GLBX-001,GLBX-1-620,MARKET,SELL,1,GTC,True,False,1,TAKER,6655.0,0.0,['0.00 USD'],NO_TRIGGER,FILLED,NO_CONTINGENCY,,,,MY_GENERIC_ALGO,,O-20260309-032353-001-000-860,,3d74da65-e3e7-43bd-9d35-3dab82b7069b,2026-03-09 03:23:53.299626784+00:00,2026-03-09 03:23:53.299626784+00:00
BACKTESTER-001,OracleStrategy-000,MESM6.GLBX,GLBX-1-621,MESM6.GLBX-OracleStrategy-000,GLBX-001,GLBX-1-621,MARKET,SELL,1,GTC,False,False,1,TAKER,6655.0,0.0,['0.00 USD'],NO_TRIGGER,FILLED,NO_CONTINGENCY,,,,MY_GENERIC_ALGO,,O-20260309-032353-001-000-861,,e71ad3a6-d1f9-479e-8f25-2733e29099f1,2026-03-09 03:23:53.299626784+00:00,2026-03-09 03:23:53.299626784+00:00
BACKTESTER-001,OracleStrategy-000,MESM6.GLBX,GLBX-1-622,MESM6.GLBX-OracleStrategy-000,GLBX-001,GLBX-1-622,MARKET,BUY,1,GTC,True,False,1,TAKER,6656.0,0.0,['0.00 USD'],NO_TRIGGER,FILLED,NO_CONTINGENCY,,,,MY_GENERIC_ALGO,,O-20260309-032455-001-000-862,,c2683ba3-c116-46d0-b427-1f2d4f9ddf18,2026-03-09 03:24:55.509895189+00:00,2026-03-09 03:24:55.509895189+00:00
BACKTESTER-001,OracleStrategy-000,MESM6.GLBX,GLBX-1-623,MESM6.GLBX-OracleStrategy-000,GLBX-001,GLBX-1-623,MARKET,BUY,1,GTC,False,False,1,TAKER,6656.0,0.0,['0.00 USD'],NO_TRIGGER,FILLED,NO_CONTINGENCY,,,,MY_GENERIC_ALGO,,O-20260309-032455-001-000-863,,ba193a0c-e850-4cb6-a1f3-b02da37c83eb,2026-03-09 03:24:55.509895189+00:00,2026-03-09 03:24:55.509895189+00:00
BACKTESTER-001,OracleStrategy-000,MESM6.GLBX,GLBX-1-624,MESM6.GLBX-OracleStrategy-000,GLBX-001,GLBX-1-624,MARKET,SELL,1,GTC,True,False,1,TAKER,6654.25,0.0,['0.00 USD'],NO_TRIGGER,FILLED,NO_CONTINGENCY,,,,MY_GENERIC_ALGO,,O-20260309-032458-001-000-864,,2921f0e2-46de-440f-b2ca-0e5365792f8e,2026-03-09 03:24:58.239050990+00:00,2026-03-09 03:24:58.239050990+00:00
BACKTESTER-001,OracleStrategy-000,MESM6.GLBX,GLBX-1-625,MESM6.GLBX-OracleStrategy-000,GLBX-001,GLBX-1-625,MARKET,SELL,1,GTC,False,False,1,TAKER,6653.5,0.0,['0.00 USD'],NO_TRIGGER,FILLED,NO_CONTINGENCY,,,,MY_GENERIC_ALGO,,O-20260309-032728-001-000-867,,c8daabf4-ace1-4380-804d-9c8637948b28,2026-03-09 03:27:28.321154973+00:00,2026-03-09 03:27:28.321154973+00:00
BACKTESTER-001,OracleStrategy-000,MESM6.GLBX,GLBX-1-626,MESM6.GLBX-OracleStrategy-000,GLBX-001,GLBX-1-626,MARKET,BUY,1,GTC,True,False,1,TAKER,6653.25,0.0,['0.00 USD'],NO_TRIGGER,FILLED,NO_CONTINGENCY,,,,MY_GENERIC_ALGO,,O-20260309-032915-001-000-868,,4f0e4588-c03f-43f5-bb3e-7dd874090c10,2026-03-09 03:29:15.547758818+00:00,2026-03-09 03:29:15.547758818+00:00
BACKTESTER-001,OracleStrategy-000,MESM6.GLBX,GLBX-1-627,MESM6.GLBX-OracleStrategy-000,GLBX-001,GLBX-1-627,MARKET,BUY,1,GTC,False,False,1,TAKER,6653.25,0.0,['0.00 USD'],NO_TRIGGER,FILLED,NO_CONTINGENCY,,,,MY_GENERIC_ALGO,,O-20260309-032915-001-000-869,,fd7bd79a-6fb1-4190-aef3-8265227f3fd1,2026-03-09 03:29:15.547758818+00:00,2026-03-09 03:29:15.547758818+00:00
BACKTESTER-001,OracleStrategy-000,MESM6.GLBX,GLBX-1-628,MESM6.GLBX-OracleStrategy-000,GLBX-001,GLBX-1-628,MARKET,SELL,1,GTC,True,False,1,TAKER,6654.25,0.0,['0.00 USD'],NO_TRIGGER,FILLED,NO_CONTINGENCY,,,,MY_GENERIC_ALGO,,O-20260309-033027-001-000-870,,469bd4a2-d330-4c6f-93a2-decd4913eca3,2026-03-09 03:30:27.110345305+00:00,2026-03-09 03:30:27.110345305+00:00
BACKTESTER-001,OracleStrategy-000,MESM6.GLBX,GLBX-1-629,MESM6.GLBX-OracleStrategy-000,GLBX-001,GLBX-1-629,MARKET,SELL,1,GTC,False,False,1,TAKER,6654.25,0.0,['0.00 USD'],NO_TRIGGER,FILLED,NO_CONTINGENCY,,,,MY_GENERIC_ALGO,,O-20260309-033027-001-000-871,,30fa0ac4-1c22-4c6b-be96-b1eecf8d0401,2026-03-09 03:30:27.110345305+00:00,2026-03-09 03:30:27.110345305+00:00
BACKTESTER-001,OracleStrategy-000,MESM6.GLBX,GLBX-1-630,MESM6.GLBX-OracleStrategy-000,GLBX-001,GLBX-1-630,MARKET,BUY,1,GTC,True,False,1,TAKER,6651.75,0.0,['0.00 USD'],NO_TRIGGER,FILLED,NO_CONTINGENCY,,,,MY_GENERIC_ALGO,,O-20260309-033048-001-000-872,,78da4725-4551-4262-85fc-1720c28a92e2,2026-03-09 03:30:48.116579815+00:00,2026-03-09 03:30:48.116579815+00:00
BACKTESTER-001,OracleStrategy-000,MESM6.GLBX,GLBX-1-631,MESM6.GLBX-OracleStrategy-000,GLBX-001,GLBX-1-631,MARKET,BUY,1,GTC,False,False,1,TAKER,6651.75,0.0,['0.00 USD'],NO_TRIGGER,FILLED,NO_CONTINGENCY,,,,MY_GENERIC_ALGO,,O-20260309-033048-001-000-873,,e95b9985-61c7-4214-80ed-0e328a05199d,2026-03-09 03:30:48.116579815+00:00,2026-03-09 03:30:48.116579815+00:00
BACKTESTER-001,OracleStrategy-000,MESM6.GLBX,GLBX-1-632,MESM6.GLBX-OracleStrategy-000,GLBX-001,GLBX-1-632,MARKET,SELL,1,GTC,True,False,1,TAKER,6655.0,0.0,['0.00 USD'],NO_TRIGGER,FILLED,NO_CONTINGENCY,,,,MY_GENERIC_ALGO,,O-20260309-033132-001-000-874,,7a75c2ea-9332-4e1e-a6c4-7e3eab9e192e,2026-03-09 03:31:32.567725167+00:00,2026-03-09 03:31:32.567725167+00:00
BACKTESTER-001,OracleStrategy-000,MESM6.GLBX,GLBX-1-633,MESM6.GLBX-OracleStrategy-000,GLBX-001,GLBX-1-633,MARKET,SELL,1,GTC,False,False,1,TAKER,6655.0,0.0,['0.00 USD'],NO_TRIGGER,FILLED,NO_CONTINGENCY,,,,MY_GENERIC_ALGO,,O-20260309-033132-001-000-875,,2ddbcdd7-634b-4047-9f76-91279a54719d,2026-03-09 03:31:32.567725167+00:00,2026-03-09 03:31:32.567725167+00:00
BACKTESTER-001,OracleStrategy-000,MESM6.GLBX,GLBX-1-634,MESM6.GLBX-OracleStrategy-000,GLBX-001,GLBX-1-634,MARKET,BUY,1,GTC,True,False,1,TAKER,6658.25,0.0,['0.00 USD'],NO_TRIGGER,FILLED,NO_CONTINGENCY,,,,MY_GENERIC_ALGO,,O-20260309-033300-001-000-876,,9eb4fb98-45bb-4620-a167-0b20035ccb33,2026-03-09 03:33:00.948744189+00:00,2026-03-09 03:33:00.948744189+00:00
BACKTESTER-001,OracleStrategy-000,MESM6.GLBX,GLBX-1-635,MESM6.GLBX-OracleStrategy-000,GLBX-001,GLBX-1-635,MARKET,BUY,1,GTC,False,False,1,TAKER,6656.75,0.0,['0.00 USD'],NO_TRIGGER,FILLED,NO_CONTINGENCY,,,,MY_GENERIC_ALGO,,O-20260309-034018-001-000-887,,d3f6bee7-0c6a-4595-9608-f0113a75549f,2026-03-09 03:40:18.199282623+00:00,2026-03-09 03:40:18.199282623+00:00
BACKTESTER-001,OracleStrategy-000,MESM6.GLBX,GLBX-1-636,MESM6.GLBX-OracleStrategy-000,GLBX-001,GLBX-1-636,MARKET,SELL,1,GTC,True,False,1,TAKER,6651.75,0.0,['0.00 USD'],NO_TRIGGER,FILLED,NO_CONTINGENCY,,,,MY_GENERIC_ALGO,,O-20260309-034310-001-000-888,,eb3b86c0-5606-490d-81ea-bdce1f978284,2026-03-09 03:43:10.759440156+00:00,2026-03-09 03:43:10.759440156+00:00
BACKTESTER-001,OracleStrategy-000,MESM6.GLBX,GLBX-1-637,MESM6.GLBX-OracleStrategy-000,GLBX-001,GLBX-1-637,MARKET,SELL,1,GTC,False,False,1,TAKER,6656.25,0.0,['0.00 USD'],NO_TRIGGER,FILLED,NO_CONTINGENCY,,,,MY_GENERIC_ALGO,,O-20260309-035348-001-000-899,,6d711776-5a04-4919-bc5c-e6c95e3c2403,2026-03-09 03:53:48.268215704+00:00,2026-03-09 03:53:48.268215704+00:00
BACKTESTER-001,OracleStrategy-000,MESM6.GLBX,GLBX-1-638,MESM6.GLBX-OracleStrategy-000,GLBX-001,GLBX-1-638,MARKET,BUY,1,GTC,True,False,1,TAKER,6657.75,0.0,['0.00 USD'],NO_TRIGGER,FILLED,NO_CONTINGENCY,,,,MY_GENERIC_ALGO,,O-20260309-035410-001-000-900,,da290790-fac0-44e6-8f94-31f8b0cf5a8c,2026-03-09 03:54:10.093674973+00:00,2026-03-09 03:54:10.093674973+00:00
BACKTESTER-001,OracleStrategy-000,MESM6.GLBX,GLBX-1-639,MESM6.GLBX-OracleStrategy-000,GLBX-001,GLBX-1-639,MARKET,BUY,1,GTC,False,False,1,TAKER,6657.75,0.0,['0.00 USD'],NO_TRIGGER,FILLED,NO_CONTINGENCY,,,,MY_GENERIC_ALGO,,O-20260309-035410-001-000-901,,00f6e977-74a5-4739-bd68-cbef3c9dd7d2,2026-03-09 03:54:10.093674973+00:00,2026-03-09 03:54:10.093674973+00:00
BACKTESTER-001,OracleStrategy-000,MESM6.GLBX,GLBX-1-640,MESM6.GLBX-OracleStrategy-000,GLBX-001,GLBX-1-640,MARKET,SELL,1,GTC,True,False,1,TAKER,6655.0,0.0,['0.00 USD'],NO_TRIGGER,FILLED,NO_CONTINGENCY,,,,MY_GENERIC_ALGO,,O-20260309-035433-001-000-902,,fe823586-4751-4d5c-a05d-0324c33707a1,2026-03-09 03:54:33.692718691+00:00,2026-03-09 03:54:33.692718691+00:00
BACKTESTER-001,OracleStrategy-000,MESM6.GLBX,GLBX-1-641,MESM6.GLBX-OracleStrategy-000,GLBX-001,GLBX-1-641,MARKET,SELL,1,GTC,False,False,1,TAKER,6655.0,0.0,['0.00 USD'],NO_TRIGGER,FILLED,NO_CONTINGENCY,,,,MY_GENERIC_ALGO,,O-20260309-035433-001-000-903,,e777e667-1abb-4f28-9be0-adb1819f01a0,2026-03-09 03:54:33.692718691+00:00,2026-03-09 03:54:33.692718691+00:00
BACKTESTER-001,OracleStrategy-000,MESM6.GLBX,GLBX-1-642,MESM6.GLBX-OracleStrategy-000,GLBX-001,GLBX-1-642,MARKET,BUY,1,GTC,True,False,1,TAKER,6655.25,0.0,['0.00 USD'],NO_TRIGGER,FILLED,NO_CONTINGENCY,,,,MY_GENERIC_ALGO,,O-20260309-035436-001-000-904,,f9cfa270-8386-4089-a2d5-34601faf1722,2026-03-09 03:54:36.198803331+00:00,2026-03-09 03:54:36.198803331+00:00
BACKTESTER-001,OracleStrategy-000,MESM6.GLBX,GLBX-1-643,MESM6.GLBX-OracleStrategy-000,GLBX-001,GLBX-1-643,MARKET,BUY,1,GTC,False,False,1,TAKER,6655.25,0.0,['0.00 USD'],NO_TRIGGER,FILLED,NO_CONTINGENCY,,,,MY_GENERIC_ALGO,,O-20260309-035436-001-000-905,,ff768561-170d-475a-88c8-089413b18c7c,2026-03-09 03:54:36.198803331+00:00,2026-03-09 03:54:36.198803331+00:00
BACKTESTER-001,OracleStrategy-000,MESM6.GLBX,GLBX-1-644,MESM6.GLBX-OracleStrategy-000,GLBX-001,GLBX-1-644,MARKET,SELL,1,GTC,True,False,1,TAKER,6658.0,0.0,['0.00 USD'],NO_TRIGGER,FILLED,NO_CONTINGENCY,,,,MY_GENERIC_ALGO,,O-20260309-035732-001-000-906,,86dd0178-45d0-4831-accd-71e273a15bab,2026-03-09 03:57:32.949716211+00:00,2026-03-09 03:57:32.949716211+00:00
BACKTESTER-001,OracleStrategy-000,MESM6.GLBX,GLBX-1-645,MESM6.GLBX-OracleStrategy-000,GLBX-001,GLBX-1-645,MARKET,SELL,1,GTC,False,False,1,TAKER,6658.0,0.0,['0.00 USD'],NO_TRIGGER,FILLED,NO_CONTINGENCY,,,,MY_GENERIC_ALGO,,O-20260309-035732-001-000-907,,1947291d-debd-48a5-9a96-37560720854a,2026-03-09 03:57:32.949716211+00:00,2026-03-09 03:57:32.949716211+00:00
BACKTESTER-001,OracleStrategy-000,MESM6.GLBX,GLBX-1-646,MESM6.GLBX-OracleStrategy-000,GLBX-001,GLBX-1-646,MARKET,BUY,1,GTC,True,False,1,TAKER,6658.5,0.0,['0.00 USD'],NO_TRIGGER,FILLED,NO_CONTINGENCY,,,,MY_GENERIC_ALGO,,O-20260309-035851-001-000-908,,5d4f2eaa-5ee2-44d4-a255-728190b32b29,2026-03-09 03:58:51.194853178+00:00,2026-03-09 03:58:51.194853178+00:00
BACKTESTER-001,OracleStrategy-000,MESM6.GLBX,GLBX-1-647,MESM6.GLBX-OracleStrategy-000,GLBX-001,GLBX-1-647,MARKET,BUY,1,GTC,False,False,1,TAKER,6658.5,0.0,['0.00 USD'],NO_TRIGGER,FILLED,NO_CONTINGENCY,,,,MY_GENERIC_ALGO,,O-20260309-035851-001-000-909,,3062d760-4509-484b-8ef2-a33f7b70a555,2026-03-09 03:58:51.194853178+00:00,2026-03-09 03:58:51.194853178+00:00
BACKTESTER-001,OracleStrategy-000,MESM6.GLBX,GLBX-1-648,MESM6.GLBX-OracleStrategy-000,GLBX-001,GLBX-1-648,MARKET,SELL,1,GTC,True,False,1,TAKER,6657.75,0.0,['0.00 USD'],NO_TRIGGER,FILLED,NO_CONTINGENCY,,,,MY_GENERIC_ALGO,,O-20260309-035854-001-000-910,,e85429c5-62f1-49ee-b065-7088e5e5a2ac,2026-03-09 03:58:54.563808341+00:00,2026-03-09 03:58:54.563808341+00:00
BACKTESTER-001,OracleStrategy-000,MESM6.GLBX,GLBX-1-649,MESM6.GLBX-OracleStrategy-000,GLBX-001,GLBX-1-649,MARKET,SELL,1,GTC,False,False,1,TAKER,6657.75,0.0,['0.00 USD'],NO_TRIGGER,FILLED,NO_CONTINGENCY,,,,MY_GENERIC_ALGO,,O-20260309-035854-001-000-911,,9bc8e4c9-c1a5-4ffc-a09f-4445166ce369,2026-03-09 03:58:54.563808341+00:00,2026-03-09 03:58:54.563808341+00:00
BACKTESTER-001,OracleStrategy-000,MESM6.GLBX,GLBX-1-650,MESM6.GLBX-OracleStrategy-000,GLBX-001,GLBX-1-650,MARKET,BUY,1,GTC,True,False,1,TAKER,6658.75,0.0,['0.00 USD'],NO_TRIGGER,FILLED,NO_CONTINGENCY,,,,MY_GENERIC_ALGO,,O-20260309-040117-001-000-912,,bcce042d-8c8c-418e-8aa2-a18049742b30,2026-03-09 04:01:17.020394616+00:00,2026-03-09 04:01:17.020394616+00:00
BACKTESTER-001,OracleStrategy-000,MESM6.GLBX,GLBX-1-651,MESM6.GLBX-OracleStrategy-000,GLBX-001,GLBX-1-651,MARKET,BUY,1,GTC,False,False,1,TAKER,6658.75,0.0,['0.00 USD'],NO_TRIGGER,FILLED,NO_CONTINGENCY,,,,MY_GENERIC_ALGO,,O-20260309-040117-001-000-913,,f5c9a14c-e55f-47f7-8e62-fb194f911174,2026-03-09 04:01:17.020394616+00:00,2026-03-09 04:01:17.020394616+00:00
BACKTESTER-001,OracleStrategy-000,MESM6.GLBX,GLBX-1-652,MESM6.GLBX-OracleStrategy-000,GLBX-001,GLBX-1-652,MARKET,SELL,1,GTC,True,False,1,TAKER,6664.0,0.0,['0.00 USD'],NO_TRIGGER,FILLED,NO_CONTINGENCY,,,,MY_GENERIC_ALGO,,O-20260309-040216-001-000-914,,56454981-61a7-4192-bf48-cf664675ba6f,2026-03-09 04:02:16.693197744+00:00,2026-03-09 04:02:16.693197744+00:00
BACKTESTER-001,OracleStrategy-000,MESM6.GLBX,GLBX-1-653,MESM6.GLBX-OracleStrategy-000,GLBX-001,GLBX-1-653,MARKET,SELL,1,GTC,False,False,1,TAKER,6664.0,0.0,['0.00 USD'],NO_TRIGGER,FILLED,NO_CONTINGENCY,,,,MY_GENERIC_ALGO,,O-20260309-040216-001-000-915,,eaad9ccf-8457-445e-ae80-6518b99e8696,2026-03-09 04:02:16.693197744+00:00,2026-03-09 04:02:16.693197744+00:00
BACKTESTER-001,OracleStrategy-000,MESM6.GLBX,GLBX-1-654,MESM6.GLBX-OracleStrategy-000,GLBX-001,GLBX-1-654,MARKET,BUY,1,GTC,True,False,1,TAKER,6665.75,0.0,['0.00 USD'],NO_TRIGGER,FILLED,NO_CONTINGENCY,,,,MY_GENERIC_ALGO,,O-20260309-040225-001-000-916,,d242f863-0bda-4238-b20c-478b8b35b3b3,2026-03-09 04:02:25.600553423+00:00,2026-03-09 04:02:25.600553423+00:00
BACKTESTER-001,OracleStrategy-000,MESM6.GLBX,GLBX-1-655,MESM6.GLBX-OracleStrategy-000,GLBX-001,GLBX-1-655,MARKET,BUY,1,GTC,False,False,1,TAKER,6665.75,0.0,['0.00 USD'],NO_TRIGGER,FILLED,NO_CONTINGENCY,,,,MY_GENERIC_ALGO,,O-20260309-040225-001-000-917,,09620244-9558-49af-ac77-6cbbaa2e8a32,2026-03-09 04:02:25.600553423+00:00,2026-03-09 04:02:25.600553423+00:00
BACKTESTER-001,OracleStrategy-000,MESM6.GLBX,GLBX-1-656,MESM6.GLBX-OracleStrategy-000,GLBX-001,GLBX-1-656,MARKET,SELL,1,GTC,True,False,1,TAKER,6666.0,0.0,['0.00 USD'],NO_TRIGGER,FILLED,NO_CONTINGENCY,,,,MY_GENERIC_ALGO,,O-20260309-040227-001-000-918,,c906f465-b9b3-47ee-ab96-9447c9396766,2026-03-09 04:02:27.511339533+00:00,2026-03-09 04:02:27.511339533+00:00
BACKTESTER-001,OracleStrategy-000,MESM6.GLBX,GLBX-1-657,MESM6.GLBX-OracleStrategy-000,GLBX-001,GLBX-1-657,MARKET,SELL,1,GTC,False,False,1,TAKER,6666.0,0.0,['0.00 USD'],NO_TRIGGER,FILLED,NO_CONTINGENCY,,,,MY_GENERIC_ALGO,,O-20260309-040227-001-000-919,,3154b043-88a4-4405-a882-8bb3774dddd9,2026-03-09 04:02:27.511339533+00:00,2026-03-09 04:02:27.511339533+00:00
BACKTESTER-001,OracleStrategy-000,MESM6.GLBX,GLBX-1-658,MESM6.GLBX-OracleStrategy-000,GLBX-001,GLBX-1-658,MARKET,BUY,1,GTC,True,False,1,TAKER,6663.5,0.0,['0.00 USD'],NO_TRIGGER,FILLED,NO_CONTINGENCY,,,,MY_GENERIC_ALGO,,O-20260309-040339-001-000-920,,be8a69e6-965d-49e1-b55b-6b29b1e47010,2026-03-09 04:03:39.088324301+00:00,2026-03-09 04:03:39.088324301+00:00
BACKTESTER-001,OracleStrategy-000,MESM6.GLBX,GLBX-1-659,MESM6.GLBX-OracleStrategy-000,GLBX-001,GLBX-1-659,MARKET,BUY,1,GTC,False,False,1,TAKER,6663.5,0.0,['0.00 USD'],NO_TRIGGER,FILLED,NO_CONTINGENCY,,,,MY_GENERIC_ALGO,,O-20260309-040339-001-000-921,,89a874f6-f808-451a-a21e-926f0f12ab0f,2026-03-09 04:03:39.088324301+00:00,2026-03-09 04:03:39.088324301+00:00
BACKTESTER-001,OracleStrategy-000,MESM6.GLBX,GLBX-1-660,MESM6.GLBX-OracleStrategy-000,GLBX-001,GLBX-1-660,MARKET,SELL,1,GTC,True,False,1,TAKER,6665.75,0.0,['0.00 USD'],NO_TRIGGER,FILLED,NO_CONTINGENCY,,,,MY_GENERIC_ALGO,,O-20260309-040702-001-000-922,,e8823b66-b976-468b-8c53-fb009ba118e1,2026-03-09 04:07:02.946660510+00:00,2026-03-09 04:07:02.946660510+00:00
BACKTESTER-001,OracleStrategy-000,MESM6.GLBX,GLBX-1-661,MESM6.GLBX-OracleStrategy-000,GLBX-001,GLBX-1-661,MARKET,SELL,1,GTC,False,False,1,TAKER,6665.75,0.0,['0.00 USD'],NO_TRIGGER,FILLED,NO_CONTINGENCY,,,,MY_GENERIC_ALGO,,O-20260309-040702-001-000-923,,3bf9a3e1-8113-4de6-b3c3-ea8a61e25edc,2026-03-09 04:07:02.946660510+00:00,2026-03-09 04:07:02.946660510+00:00
BACKTESTER-001,OracleStrategy-000,MESM6.GLBX,GLBX-1-662,MESM6.GLBX-OracleStrategy-000,GLBX-001,GLBX-1-662,MARKET,BUY,1,GTC,True,False,1,TAKER,6668.0,0.0,['0.00 USD'],NO_TRIGGER,FILLED,NO_CONTINGENCY,,,,MY_GENERIC_ALGO,,O-20260309-040830-001-000-924,,aa7a1d85-ef08-4060-99bc-9c9f96ffcd8c,2026-03-09 04:08:30.123289656+00:00,2026-03-09 04:08:30.123289656+00:00
BACKTESTER-001,OracleStrategy-000,MESM6.GLBX,GLBX-1-663,MESM6.GLBX-OracleStrategy-000,GLBX-001,GLBX-1-663,MARKET,BUY,1,GTC,False,False,1,TAKER,6668.0,0.0,['0.00 USD'],NO_TRIGGER,FILLED,NO_CONTINGENCY,,,,MY_GENERIC_ALGO,,O-20260309-040830-001-000-925,,17545d59-b451-4c09-9ef5-83a1741b3eb1,2026-03-09 04:08:30.123289656+00:00,2026-03-09 04:08:30.123289656+00:00
BACKTESTER-001,OracleStrategy-000,MESM6.GLBX,GLBX-1-664,MESM6.GLBX-OracleStrategy-000,GLBX-001,GLBX-1-664,MARKET,SELL,1,GTC,True,False,1,TAKER,6666.5,0.0,['0.00 USD'],NO_TRIGGER,FILLED,NO_CONTINGENCY,,,,MY_GENERIC_ALGO,,O-20260309-040848-001-000-926,,4b5912d8-25a8-4b18-8913-71d7267711a9,2026-03-09 04:08:48.392231260+00:00,2026-03-09 04:08:48.392231260+00:00
BACKTESTER-001,OracleStrategy-000,MESM6.GLBX,GLBX-1-665,MESM6.GLBX-OracleStrategy-000,GLBX-001,GLBX-1-665,MARKET,SELL,1,GTC,False,False,1,TAKER,6666.5,0.0,['0.00 USD'],NO_TRIGGER,FILLED,NO_CONTINGENCY,,,,MY_GENERIC_ALGO,,O-20260309-040848-001-000-927,,3621b01f-8f67-409f-99e5-7d3754740624,2026-03-09 04:08:48.392231260+00:00,2026-03-09 04:08:48.392231260+00:00
BACKTESTER-001,OracleStrategy-000,MESM6.GLBX,GLBX-1-666,MESM6.GLBX-OracleStrategy-000,GLBX-001,GLBX-1-666,MARKET,BUY,1,GTC,True,False,1,TAKER,6663.25,0.0,['0.00 USD'],NO_TRIGGER,FILLED,NO_CONTINGENCY,,,,MY_GENERIC_ALGO,,O-20260309-041451-001-000-928,,efff501e-a286-4327-9a78-f4d02dd26b9a,2026-03-09 04:14:51.531283599+00:00,2026-03-09 04:14:51.531283599+00:00
BACKTESTER-001,OracleStrategy-000,MESM6.GLBX,GLBX-1-667,MESM6.GLBX-OracleStrategy-000,GLBX-001,GLBX-1-667,MARKET,BUY,1,GTC,False,False,1,TAKER,6663.25,0.0,['0.00 USD'],NO_TRIGGER,FILLED,NO_CONTINGENCY,,,,MY_GENERIC_ALGO,,O-20260309-041451-001-000-929,,45de9e0b-968e-433f-86d2-5ed1b91d2943,2026-03-09 04:14:51.531283599+00:00,2026-03-09 04:14:51.531283599+00:00
BACKTESTER-001,OracleStrategy-000,MESM6.GLBX,GLBX-1-668,MESM6.GLBX-OracleStrategy-000,GLBX-001,GLBX-1-668,MARKET,SELL,1,GTC,True,False,1,TAKER,6661.75,0.0,['0.00 USD'],NO_TRIGGER,FILLED,NO_CONTINGENCY,,,,MY_GENERIC_ALGO,,O-20260309-041503-001-000-930,,e53fb971-27df-4821-8b41-102177b50869,2026-03-09 04:15:03.246522197+00:00,2026-03-09 04:15:03.246522197+00:00
BACKTESTER-001,OracleStrategy-000,MESM6.GLBX,GLBX-1-669,MESM6.GLBX-OracleStrategy-000,GLBX-001,GLBX-1-669,MARKET,SELL,1,GTC,False,False,1,TAKER,6661.75,0.0,['0.00 USD'],NO_TRIGGER,FILLED,NO_CONTINGENCY,,,,MY_GENERIC_ALGO,,O-20260309-041503-001-000-931,,3ad98232-ebfb-4620-a843-3774607d135c,2026-03-09 04:15:03.246522197+00:00,2026-03-09 04:15:03.246522197+00:00
BACKTESTER-001,OracleStrategy-000,MESM6.GLBX,GLBX-1-670,MESM6.GLBX-OracleStrategy-000,GLBX-001,GLBX-1-670,MARKET,BUY,1,GTC,True,False,1,TAKER,6661.25,0.0,['0.00 USD'],NO_TRIGGER,FILLED,NO_CONTINGENCY,,,,MY_GENERIC_ALGO,,O-20260309-041613-001-000-932,,eeaa5a35-0993-450d-9b92-f631e9ca271d,2026-03-09 04:16:13.691088962+00:00,2026-03-09 04:16:13.691088962+00:00
BACKTESTER-001,OracleStrategy-000,MESM6.GLBX,GLBX-1-671,MESM6.GLBX-OracleStrategy-000,GLBX-001,GLBX-1-671,MARKET,BUY,1,GTC,False,False,1,TAKER,6661.25,0.0,['0.00 USD'],NO_TRIGGER,FILLED,NO_CONTINGENCY,,,,MY_GENERIC_ALGO,,O-20260309-041613-001-000-933,,b81aa0f4-ae75-48b1-aefa-c7d32ec95ed6,2026-03-09 04:16:13.691088962+00:00,2026-03-09 04:16:13.691088962+00:00
BACKTESTER-001,OracleStrategy-000,MESM6.GLBX,GLBX-1-672,MESM6.GLBX-OracleStrategy-000,GLBX-001,GLBX-1-672,MARKET,SELL,1,GTC,True,False,1,TAKER,6660.25,0.0,['0.00 USD'],NO_TRIGGER,FILLED,NO_CONTINGENCY,,,,MY_GENERIC_ALGO,,O-20260309-041628-001-000-934,,ece8caee-bb90-46d9-a34a-0162494c2a5c,2026-03-09 04:16:28.481905651+00:00,2026-03-09 04:16:28.481905651+00:00
BACKTESTER-001,OracleStrategy-000,MESM6.GLBX,GLBX-1-673,MESM6.GLBX-OracleStrategy-000,GLBX-001,GLBX-1-673,MARKET,SELL,1,GTC,False,False,1,TAKER,6660.25,0.0,['0.00 USD'],NO_TRIGGER,FILLED,NO_CONTINGENCY,,,,MY_GENERIC_ALGO,,O-20260309-041628-001-000-935,,bc9d12ed-1a75-4964-bec3-46eca679e64e,2026-03-09 04:16:28.481905651+00:00,2026-03-09 04:16:28.481905651+00:00
BACKTESTER-001,OracleStrategy-000,MESM6.GLBX,GLBX-1-674,MESM6.GLBX-OracleStrategy-000,GLBX-001,GLBX-1-674,MARKET,BUY,1,GTC,True,False,1,TAKER,6661.0,0.0,['0.00 USD'],NO_TRIGGER,FILLED,NO_CONTINGENCY,,,,MY_GENERIC_ALGO,,O-20260309-041642-001-000-936,,fca2d546-9779-41f2-94b8-6073a41a01e7,2026-03-09 04:16:42.977423357+00:00,2026-03-09 04:16:42.977423357+00:00
BACKTESTER-001,OracleStrategy-000,MESM6.GLBX,GLBX-1-675,MESM6.GLBX-OracleStrategy-000,GLBX-001,GLBX-1-675,MARKET,BUY,1,GTC,False,False,1,TAKER,6661.0,0.0,['0.00 USD'],NO_TRIGGER,FILLED,NO_CONTINGENCY,,,,MY_GENERIC_ALGO,,O-20260309-041642-001-000-937,,d72c166a-3995-45cd-a854-2d275b9af6c6,2026-03-09 04:16:42.977423357+00:00,2026-03-09 04:16:42.977423357+00:00
BACKTESTER-001,OracleStrategy-000,MESM6.GLBX,GLBX-1-676,MESM6.GLBX-OracleStrategy-000,GLBX-001,GLBX-1-676,MARKET,SELL,1,GTC,True,False,1,TAKER,6661.0,0.0,['0.00 USD'],NO_TRIGGER,FILLED,NO_CONTINGENCY,,,,MY_GENERIC_ALGO,,O-20260309-041730-001-000-938,,a74fd02b-cbd1-4694-9cac-e2be0386e475,2026-03-09 04:17:30.607477642+00:00,2026-03-09 04:17:30.607477642+00:00
BACKTESTER-001,OracleStrategy-000,MESM6.GLBX,GLBX-1-677,MESM6.GLBX-OracleStrategy-000,GLBX-001,GLBX-1-677,MARKET,SELL,1,GTC,False,False,1,TAKER,6661.0,0.0,['0.00 USD'],NO_TRIGGER,FILLED,NO_CONTINGENCY,,,,MY_GENERIC_ALGO,,O-20260309-041730-001-000-939,,8f17094f-7160-46eb-a76b-956acc9f28b1,2026-03-09 04:17:30.607477642+00:00,2026-03-09 04:17:30.607477642+00:00
BACKTESTER-001,OracleStrategy-000,MESM6.GLBX,GLBX-1-678,MESM6.GLBX-OracleStrategy-000,GLBX-001,GLBX-1-678,MARKET,BUY,1,GTC,True,False,1,TAKER,6661.0,0.0,['0.00 USD'],NO_TRIGGER,FILLED,NO_CONTINGENCY,,,,MY_GENERIC_ALGO,,O-20260309-041740-001-000-940,,eca39198-f33e-44fa-921a-01181b0fb0aa,2026-03-09 04:17:40.993669530+00:00,2026-03-09 04:17:40.993669530+00:00
BACKTESTER-001,OracleStrategy-000,MESM6.GLBX,GLBX-1-679,MESM6.GLBX-OracleStrategy-000,GLBX-001,GLBX-1-679,MARKET,BUY,1,GTC,False,False,1,TAKER,6661.0,0.0,['0.00 USD'],NO_TRIGGER,FILLED,NO_CONTINGENCY,,,,MY_GENERIC_ALGO,,O-20260309-041740-001-000-941,,957906d0-5662-49c6-bfc0-3f5d18c48368,2026-03-09 04:17:40.993669530+00:00,2026-03-09 04:17:40.993669530+00:00
BACKTESTER-001,OracleStrategy-000,MESM6.GLBX,GLBX-1-680,MESM6.GLBX-OracleStrategy-000,GLBX-001,GLBX-1-680,MARKET,SELL,1,GTC,True,False,1,TAKER,6661.0,0.0,['0.00 USD'],NO_TRIGGER,FILLED,NO_CONTINGENCY,,,,MY_GENERIC_ALGO,,O-20260309-041825-001-000-942,,47572f56-bb7c-4512-ad2a-109a0a913e5c,2026-03-09 04:18:25.125635779+00:00,2026-03-09 04:18:25.125635779+00:00
BACKTESTER-001,OracleStrategy-000,MESM6.GLBX,GLBX-1-681,MESM6.GLBX-OracleStrategy-000,GLBX-001,GLBX-1-681,MARKET,SELL,1,GTC,False,False,1,TAKER,6661.0,0.0,['0.00 USD'],NO_TRIGGER,FILLED,NO_CONTINGENCY,,,,MY_GENERIC_ALGO,,O-20260309-041825-001-000-943,,52859f2e-69fa-4cc0-852c-75a496f09c6c,2026-03-09 04:18:25.125635779+00:00,2026-03-09 04:18:25.125635779+00:00
BACKTESTER-001,OracleStrategy-000,MESM6.GLBX,GLBX-1-682,MESM6.GLBX-OracleStrategy-000,GLBX-001,GLBX-1-682,MARKET,BUY,1,GTC,True,False,1,TAKER,6661.5,0.0,['0.00 USD'],NO_TRIGGER,FILLED,NO_CONTINGENCY,,,,MY_GENERIC_ALGO,,O-20260309-041902-001-000-944,,b75adc6b-b7f0-4ed3-b69f-2ace7ca24d9f,2026-03-09 04:19:02.442673075+00:00,2026-03-09 04:19:02.442673075+00:00
BACKTESTER-001,OracleStrategy-000,MESM6.GLBX,GLBX-1-683,MESM6.GLBX-OracleStrategy-000,GLBX-001,GLBX-1-683,MARKET,BUY,1,GTC,False,False,1,TAKER,6661.5,0.0,['0.00 USD'],NO_TRIGGER,FILLED,NO_CONTINGENCY,,,,MY_GENERIC_ALGO,,O-20260309-041902-001-000-945,,fc9faf3a-5e05-4664-8d78-ace8184be3e5,2026-03-09 04:19:02.442673075+00:00,2026-03-09 04:19:02.442673075+00:00
BACKTESTER-001,OracleStrategy-000,MESM6.GLBX,GLBX-1-684,MESM6.GLBX-OracleStrategy-000,GLBX-001,GLBX-1-684,MARKET,SELL,1,GTC,True,False,1,TAKER,6662.25,0.0,['0.00 USD'],NO_TRIGGER,FILLED,NO_CONTINGENCY,,,,MY_GENERIC_ALGO,,O-20260309-042034-001-000-946,,5aefc56b-e030-47d8-b543-f858854d9ece,2026-03-09 04:20:34.241119924+00:00,2026-03-09 04:20:34.241119924+00:00
BACKTESTER-001,OracleStrategy-000,MESM6.GLBX,GLBX-1-685,MESM6.GLBX-OracleStrategy-000,GLBX-001,GLBX-1-685,MARKET,SELL,1,GTC,False,False,1,TAKER,6662.25,0.0,['0.00 USD'],NO_TRIGGER,FILLED,NO_CONTINGENCY,,,,MY_GENERIC_ALGO,,O-20260309-042034-001-000-947,,5dd775bd-453f-4b96-b788-3273f681149c,2026-03-09 04:20:34.241119924+00:00,2026-03-09 04:20:34.241119924+00:00
BACKTESTER-001,OracleStrategy-000,MESM6.GLBX,GLBX-1-686,MESM6.GLBX-OracleStrategy-000,GLBX-001,GLBX-1-686,MARKET,BUY,1,GTC,True,False,1,TAKER,6663.25,0.0,['0.00 USD'],NO_TRIGGER,FILLED,NO_CONTINGENCY,,,,MY_GENERIC_ALGO,,O-20260309-042200-001-000-948,,053e811d-141a-400f-8d84-a3f571c9b3b0,2026-03-09 04:22:00.012363439+00:00,2026-03-09 04:22:00.012363439+00:00
BACKTESTER-001,OracleStrategy-000,MESM6.GLBX,GLBX-1-687,MESM6.GLBX-OracleStrategy-000,GLBX-001,GLBX-1-687,MARKET,BUY,1,GTC,False,False,1,TAKER,6663.25,0.0,['0.00 USD'],NO_TRIGGER,FILLED,NO_CONTINGENCY,,,,MY_GENERIC_ALGO,,O-20260309-042200-001-000-949,,b8299fac-7792-4eb4-ae10-391cbfb2343b,2026-03-09 04:22:00.012363439+00:00,2026-03-09 04:22:00.012363439+00:00
BACKTESTER-001,OracleStrategy-000,MESM6.GLBX,GLBX-1-688,MESM6.GLBX-OracleStrategy-000,GLBX-001,GLBX-1-688,MARKET,SELL,1,GTC,True,False,1,TAKER,6662.25,0.0,['0.00 USD'],NO_TRIGGER,FILLED,NO_CONTINGENCY,,,,MY_GENERIC_ALGO,,O-20260309-042230-001-000-950,,1235543e-262b-4266-8ebe-770f1685235e,2026-03-09 04:22:30.799857106+00:00,2026-03-09 04:22:30.799857106+00:00
BACKTESTER-001,OracleStrategy-000,MESM6.GLBX,GLBX-1-689,MESM6.GLBX-OracleStrategy-000,GLBX-001,GLBX-1-689,MARKET,SELL,1,GTC,False,False,1,TAKER,6662.25,0.0,['0.00 USD'],NO_TRIGGER,FILLED,NO_CONTINGENCY,,,,MY_GENERIC_ALGO,,O-20260309-042230-001-000-951,,144a0525-11c7-438e-87f8-5ecc46af67ad,2026-03-09 04:22:30.799857106+00:00,2026-03-09 04:22:30.799857106+00:00
BACKTESTER-001,OracleStrategy-000,MESM6.GLBX,GLBX-1-690,MESM6.GLBX-OracleStrategy-000,GLBX-001,GLBX-1-690,MARKET,BUY,1,GTC,True,False,1,TAKER,6663.25,0.0,['0.00 USD'],NO_TRIGGER,FILLED,NO_CONTINGENCY,,,,MY_GENERIC_ALGO,,O-20260309-042255-001-000-952,,8070cecc-50af-4763-83a6-93ddc136ab1a,2026-03-09 04:22:55.532307826+00:00,2026-03-09 04:22:55.532307826+00:00
BACKTESTER-001,OracleStrategy-000,MESM6.GLBX,GLBX-1-691,MESM6.GLBX-OracleStrategy-000,GLBX-001,GLBX-1-691,MARKET,BUY,1,GTC,False,False,1,TAKER,6663.25,0.0,['0.00 USD'],NO_TRIGGER,FILLED,NO_CONTINGENCY,,,,MY_GENERIC_ALGO,,O-20260309-042255-001-000-953,,86c2b798-af3a-4624-a50b-fb99da8b4f3c,2026-03-09 04:22:55.532307826+00:00,2026-03-09 04:22:55.532307826+00:00
BACKTESTER-001,OracleStrategy-000,MESM6.GLBX,GLBX-1-692,MESM6.GLBX-OracleStrategy-000,GLBX-001,GLBX-1-692,MARKET,SELL,1,GTC,True,False,1,TAKER,6663.25,0.0,['0.00 USD'],NO_TRIGGER,FILLED,NO_CONTINGENCY,,,,MY_GENERIC_ALGO,,O-20260309-042441-001-000-954,,d881e16a-ef3b-4b78-ba1d-8f14915f5b9e,2026-03-09 04:24:41.447112050+00:00,2026-03-09 04:24:41.447112050+00:00
BACKTESTER-001,OracleStrategy-000,MESM6.GLBX,GLBX-1-693,MESM6.GLBX-OracleStrategy-000,GLBX-001,GLBX-1-693,MARKET,SELL,1,GTC,False,False,1,TAKER,6665.75,0.0,['0.00 USD'],NO_TRIGGER,FILLED,NO_CONTINGENCY,,,,MY_GENERIC_ALGO,,O-20260309-042646-001-000-957,,c3037150-a9f3-48a6-ad34-7752d63f2285,2026-03-09 04:26:46.563998568+00:00,2026-03-09 04:26:46.563998568+00:00
BACKTESTER-001,OracleStrategy-000,MESM6.GLBX,GLBX-1-694,MESM6.GLBX-OracleStrategy-000,GLBX-001,GLBX-1-694,MARKET,BUY,1,GTC,True,False,1,TAKER,6666.75,0.0,['0.00 USD'],NO_TRIGGER,FILLED,NO_CONTINGENCY,,,,MY_GENERIC_ALGO,,O-20260309-042910-001-000-958,,625e22d5-4540-401d-b9b7-bcd8c093bdbd,2026-03-09 04:29:10.617811790+00:00,2026-03-09 04:29:10.617811790+00:00
BACKTESTER-001,OracleStrategy-000,MESM6.GLBX,GLBX-1-695,MESM6.GLBX-OracleStrategy-000,GLBX-001,GLBX-1-695,MARKET,BUY,1,GTC,False,False,1,TAKER,6666.75,0.0,['0.00 USD'],NO_TRIGGER,FILLED,NO_CONTINGENCY,,,,MY_GENERIC_ALGO,,O-20260309-042910-001-000-959,,a84bff44-dd57-49d3-a3e9-725c5093fdc9,2026-03-09 04:29:10.617811790+00:00,2026-03-09 04:29:10.617811790+00:00
BACKTESTER-001,OracleStrategy-000,MESM6.GLBX,GLBX-1-696,MESM6.GLBX-OracleStrategy-000,GLBX-001,GLBX-1-696,MARKET,SELL,1,GTC,True,False,1,TAKER,6666.25,0.0,['0.00 USD'],NO_TRIGGER,FILLED,NO_CONTINGENCY,,,,MY_GENERIC_ALGO,,O-20260309-042944-001-000-960,,f5d52a84-cc55-4dfb-8802-32dcb33318bd,2026-03-09 04:29:44.125548928+00:00,2026-03-09 04:29:44.125548928+00:00
BACKTESTER-001,OracleStrategy-000,MESM6.GLBX,GLBX-1-697,MESM6.GLBX-OracleStrategy-000,GLBX-001,GLBX-1-697,MARKET,SELL,1,GTC,False,False,1,TAKER,6666.0,0.0,['0.00 USD'],NO_TRIGGER,FILLED,NO_CONTINGENCY,,,,MY_GENERIC_ALGO,,O-20260309-043024-001-000-963,,f0056bc7-f461-4c6e-93fb-24b00192ca59,2026-03-09 04:30:24.104052218+00:00,2026-03-09 04:30:24.104052218+00:00
BACKTESTER-001,OracleStrategy-000,MESM6.GLBX,GLBX-1-698,MESM6.GLBX-OracleStrategy-000,GLBX-001,GLBX-1-698,MARKET,BUY,1,GTC,True,False,1,TAKER,6667.25,0.0,['0.00 USD'],NO_TRIGGER,FILLED,NO_CONTINGENCY,,,,MY_GENERIC_ALGO,,O-20260309-043330-001-000-964,,b89447d0-0c91-4ba0-ac06-bdc3b59f1d7f,2026-03-09 04:33:30.770333610+00:00,2026-03-09 04:33:30.770333610+00:00
BACKTESTER-001,OracleStrategy-000,MESM6.GLBX,GLBX-1-699,MESM6.GLBX-OracleStrategy-000,GLBX-001,GLBX-1-699,MARKET,BUY,1,GTC,False,False,1,TAKER,6666.5,0.0,['0.00 USD'],NO_TRIGGER,FILLED,NO_CONTINGENCY,,,,MY_GENERIC_ALGO,,O-20260309-043352-001-000-967,,ed78aff9-d718-408c-87b3-c40c94c77e55,2026-03-09 04:33:52.960243239+00:00,2026-03-09 04:33:52.960243239+00:00
BACKTESTER-001,OracleStrategy-000,MESM6.GLBX,GLBX-1-700,MESM6.GLBX-OracleStrategy-000,GLBX-001,GLBX-1-700,MARKET,SELL,1,GTC,True,False,1,TAKER,6666.5,0.0,['0.00 USD'],NO_TRIGGER,FILLED,NO_CONTINGENCY,,,,MY_GENERIC_ALGO,,O-20260309-043415-001-000-968,,d45603df-b8d5-40f5-addf-e6638df8955d,2026-03-09 04:34:15.299740423+00:00,2026-03-09 04:34:15.299740423+00:00
BACKTESTER-001,OracleStrategy-000,MESM6.GLBX,GLBX-1-701,MESM6.GLBX-OracleStrategy-000,GLBX-001,GLBX-1-701,MARKET,SELL,1,GTC,False,False,1,TAKER,6666.5,0.0,['0.00 USD'],NO_TRIGGER,FILLED,NO_CONTINGENCY,,,,MY_GENERIC_ALGO,,O-20260309-043415-001-000-969,,19b912ce-07ea-40db-9e89-9c42348fa7ce,2026-03-09 04:34:15.299740423+00:00,2026-03-09 04:34:15.299740423+00:00
BACKTESTER-001,OracleStrategy-000,MESM6.GLBX,GLBX-1-702,MESM6.GLBX-OracleStrategy-000,GLBX-001,GLBX-1-702,MARKET,BUY,1,GTC,True,False,1,TAKER,6668.75,0.0,['0.00 USD'],NO_TRIGGER,FILLED,NO_CONTINGENCY,,,,MY_GENERIC_ALGO,,O-20260309-043517-001-000-970,,eeb52af6-f2bb-4e82-9386-2ab407a82f26,2026-03-09 04:35:17.720421967+00:00,2026-03-09 04:35:17.720421967+00:00
BACKTESTER-001,OracleStrategy-000,MESM6.GLBX,GLBX-1-703,MESM6.GLBX-OracleStrategy-000,GLBX-001,GLBX-1-703,MARKET,BUY,1,GTC,False,False,1,TAKER,6668.75,0.0,['0.00 USD'],NO_TRIGGER,FILLED,NO_CONTINGENCY,,,,MY_GENERIC_ALGO,,O-20260309-043517-001-000-971,,7326f3f3-7137-485b-aaa3-13bc52ab4492,2026-03-09 04:35:17.720421967+00:00,2026-03-09 04:35:17.720421967+00:00
BACKTESTER-001,OracleStrategy-000,MESM6.GLBX,GLBX-1-704,MESM6.GLBX-OracleStrategy-000,GLBX-001,GLBX-1-704,MARKET,SELL,1,GTC,True,False,1,TAKER,6668.25,0.0,['0.00 USD'],NO_TRIGGER,FILLED,NO_CONTINGENCY,,,,MY_GENERIC_ALGO,,O-20260309-043518-001-000-972,,ac5a9c4e-acd7-4f73-8e85-2a228300f5a7,2026-03-09 04:35:18.830953587+00:00,2026-03-09 04:35:18.830953587+00:00
BACKTESTER-001,OracleStrategy-000,MESM6.GLBX,GLBX-1-705,MESM6.GLBX-OracleStrategy-000,GLBX-001,GLBX-1-705,MARKET,SELL,1,GTC,False,False,1,TAKER,6668.25,0.0,['0.00 USD'],NO_TRIGGER,FILLED,NO_CONTINGENCY,,,,MY_GENERIC_ALGO,,O-20260309-043518-001-000-973,,e4139930-3793-4596-81c8-17916f58343e,2026-03-09 04:35:18.830953587+00:00,2026-03-09 04:35:18.830953587+00:00
BACKTESTER-001,OracleStrategy-000,MESM6.GLBX,GLBX-1-706,MESM6.GLBX-OracleStrategy-000,GLBX-001,GLBX-1-706,MARKET,BUY,1,GTC,True,False,1,TAKER,6667.75,0.0,['0.00 USD'],NO_TRIGGER,FILLED,NO_CONTINGENCY,,,,MY_GENERIC_ALGO,,O-20260309-043635-001-000-974,,b02cdc2b-0ea4-448d-875e-b4c92b626b17,2026-03-09 04:36:35.309321247+00:00,2026-03-09 04:36:35.309321247+00:00
BACKTESTER-001,OracleStrategy-000,MESM6.GLBX,GLBX-1-707,MESM6.GLBX-OracleStrategy-000,GLBX-001,GLBX-1-707,MARKET,BUY,1,GTC,False,False,1,TAKER,6667.75,0.0,['0.00 USD'],NO_TRIGGER,FILLED,NO_CONTINGENCY,,,,MY_GENERIC_ALGO,,O-20260309-043635-001-000-975,,5327ebfc-8440-4119-8d62-b2ce93038276,2026-03-09 04:36:35.309321247+00:00,2026-03-09 04:36:35.309321247+00:00
BACKTESTER-001,OracleStrategy-000,MESM6.GLBX,GLBX-1-708,MESM6.GLBX-OracleStrategy-000,GLBX-001,GLBX-1-708,MARKET,SELL,1,GTC,True,False,1,TAKER,6667.5,0.0,['0.00 USD'],NO_TRIGGER,FILLED,NO_CONTINGENCY,,,,MY_GENERIC_ALGO,,O-20260309-043652-001-000-976,,5c5f25b1-24d3-4d7b-b17f-ea001fb9db38,2026-03-09 04:36:52.954514519+00:00,2026-03-09 04:36:52.954514519+00:00
BACKTESTER-001,OracleStrategy-000,MESM6.GLBX,GLBX-1-709,MESM6.GLBX-OracleStrategy-000,GLBX-001,GLBX-1-709,MARKET,SELL,1,GTC,False,False,1,TAKER,6667.5,0.0,['0.00 USD'],NO_TRIGGER,FILLED,NO_CONTINGENCY,,,,MY_GENERIC_ALGO,,O-20260309-043652-001-000-977,,47a151c1-19d5-4d18-b8ba-7c7cb24cd7d3,2026-03-09 04:36:52.954514519+00:00,2026-03-09 04:36:52.954514519+00:00
BACKTESTER-001,OracleStrategy-000,MESM6.GLBX,GLBX-1-710,MESM6.GLBX-OracleStrategy-000,GLBX-001,GLBX-1-710,MARKET,BUY,1,GTC,True,False,1,TAKER,6665.0,0.0,['0.00 USD'],NO_TRIGGER,FILLED,NO_CONTINGENCY,,,,MY_GENERIC_ALGO,,O-20260309-043731-001-000-978,,86b3a5c6-ef9a-4723-b291-577058cf4344,2026-03-09 04:37:31.318864883+00:00,2026-03-09 04:37:31.318864883+00:00
BACKTESTER-001,OracleStrategy-000,MESM6.GLBX,GLBX-1-711,MESM6.GLBX-OracleStrategy-000,GLBX-001,GLBX-1-711,MARKET,BUY,1,GTC,False,False,1,TAKER,6665.0,0.0,['0.00 USD'],NO_TRIGGER,FILLED,NO_CONTINGENCY,,,,MY_GENERIC_ALGO,,O-20260309-043731-001-000-979,,2922be06-87ee-49ac-bf39-bc1fe90bf7c3,2026-03-09 04:37:31.318864883+00:00,2026-03-09 04:37:31.318864883+00:00
BACKTESTER-001,OracleStrategy-000,MESM6.GLBX,GLBX-1-712,MESM6.GLBX-OracleStrategy-000,GLBX-001,GLBX-1-712,MARKET,SELL,1,GTC,True,False,1,TAKER,6664.5,0.0,['0.00 USD'],NO_TRIGGER,FILLED,NO_CONTINGENCY,,,,MY_GENERIC_ALGO,,O-20260309-043752-001-000-980,,fd291173-5925-4050-8b41-942e1bbb4ec4,2026-03-09 04:37:52.074911751+00:00,2026-03-09 04:37:52.074911751+00:00
BACKTESTER-001,OracleStrategy-000,MESM6.GLBX,GLBX-1-713,MESM6.GLBX-OracleStrategy-000,GLBX-001,GLBX-1-713,MARKET,SELL,1,GTC,False,False,1,TAKER,6664.5,0.0,['0.00 USD'],NO_TRIGGER,FILLED,NO_CONTINGENCY,,,,MY_GENERIC_ALGO,,O-20260309-043752-001-000-981,,2975c2bf-75dd-44f4-b6a1-33e26689b311,2026-03-09 04:37:52.074911751+00:00,2026-03-09 04:37:52.074911751+00:00
BACKTESTER-001,OracleStrategy-000,MESM6.GLBX,GLBX-1-714,MESM6.GLBX-OracleStrategy-000,GLBX-001,GLBX-1-714,MARKET,BUY,1,GTC,True,False,1,TAKER,6665.0,0.0,['0.00 USD'],NO_TRIGGER,FILLED,NO_CONTINGENCY,,,,MY_GENERIC_ALGO,,O-20260309-043829-001-000-982,,314d9488-6252-47aa-ba26-fece5611ced9,2026-03-09 04:38:29.714018343+00:00,2026-03-09 04:38:29.714018343+00:00
BACKTESTER-001,OracleStrategy-000,MESM6.GLBX,GLBX-1-715,MESM6.GLBX-OracleStrategy-000,GLBX-001,GLBX-1-715,MARKET,BUY,1,GTC,False,False,1,TAKER,6665.0,0.0,['0.00 USD'],NO_TRIGGER,FILLED,NO_CONTINGENCY,,,,MY_GENERIC_ALGO,,O-20260309-043829-001-000-983,,72c041f2-3905-4125-a24c-519f23a27837,2026-03-09 04:38:29.714018343+00:00,2026-03-09 04:38:29.714018343+00:00
BACKTESTER-001,OracleStrategy-000,MESM6.GLBX,GLBX-1-716,MESM6.GLBX-OracleStrategy-000,GLBX-001,GLBX-1-716,MARKET,SELL,1,GTC,True,False,1,TAKER,6664.25,0.0,['0.00 USD'],NO_TRIGGER,FILLED,NO_CONTINGENCY,,,,MY_GENERIC_ALGO,,O-20260309-043913-001-000-984,,fd1972b5-a45d-45d7-9ee4-278b89703d0d,2026-03-09 04:39:13.374463616+00:00,2026-03-09 04:39:13.374463616+00:00
BACKTESTER-001,OracleStrategy-000,MESM6.GLBX,GLBX-1-717,MESM6.GLBX-OracleStrategy-000,GLBX-001,GLBX-1-717,MARKET,SELL,1,GTC,False,False,1,TAKER,6664.25,0.0,['0.00 USD'],NO_TRIGGER,FILLED,NO_CONTINGENCY,,,,MY_GENERIC_ALGO,,O-20260309-043913-001-000-985,,59869adf-55f2-4f1b-a8fa-c1ed67728317,2026-03-09 04:39:13.374463616+00:00,2026-03-09 04:39:13.374463616+00:00
BACKTESTER-001,OracleStrategy-000,MESM6.GLBX,GLBX-1-718,MESM6.GLBX-OracleStrategy-000,GLBX-001,GLBX-1-718,MARKET,BUY,1,GTC,True,False,1,TAKER,6665.5,0.0,['0.00 USD'],NO_TRIGGER,FILLED,NO_CONTINGENCY,,,,MY_GENERIC_ALGO,,O-20260309-044128-001-000-986,,139c3ba4-af18-4d6a-8e7f-9ed9bece1aac,2026-03-09 04:41:28.063435195+00:00,2026-03-09 04:41:28.063435195+00:00
BACKTESTER-001,OracleStrategy-000,MESM6.GLBX,GLBX-1-719,MESM6.GLBX-OracleStrategy-000,GLBX-001,GLBX-1-719,MARKET,BUY,1,GTC,False,False,1,TAKER,6665.5,0.0,['0.00 USD'],NO_TRIGGER,FILLED,NO_CONTINGENCY,,,,MY_GENERIC_ALGO,,O-20260309-044128-001-000-987,,d8204203-563a-4e11-a26a-30fc32bfcb10,2026-03-09 04:41:28.063435195+00:00,2026-03-09 04:41:28.063435195+00:00
BACKTESTER-001,OracleStrategy-000,MESM6.GLBX,GLBX-1-720,MESM6.GLBX-OracleStrategy-000,GLBX-001,GLBX-1-720,MARKET,SELL,1,GTC,True,False,1,TAKER,6665.0,0.0,['0.00 USD'],NO_TRIGGER,FILLED,NO_CONTINGENCY,,,,MY_GENERIC_ALGO,,O-20260309-044322-001-000-988,,ffb1196e-2071-4f17-a9cf-ab1a8885c258,2026-03-09 04:43:22.173959602+00:00,2026-03-09 04:43:22.173959602+00:00
BACKTESTER-001,OracleStrategy-000,MESM6.GLBX,GLBX-1-721,MESM6.GLBX-OracleStrategy-000,GLBX-001,GLBX-1-721,MARKET,SELL,1,GTC,False,False,1,TAKER,6665.0,0.0,['0.00 USD'],NO_TRIGGER,FILLED,NO_CONTINGENCY,,,,MY_GENERIC_ALGO,,O-20260309-044322-001-000-989,,86834aad-125c-40a0-b4d5-c56611dabc16,2026-03-09 04:43:22.173959602+00:00,2026-03-09 04:43:22.173959602+00:00
BACKTESTER-001,OracleStrategy-000,MESM6.GLBX,GLBX-1-722,MESM6.GLBX-OracleStrategy-000,GLBX-001,GLBX-1-722,MARKET,BUY,1,GTC,True,False,1,TAKER,6663.75,0.0,['0.00 USD'],NO_TRIGGER,FILLED,NO_CONTINGENCY,,,,MY_GENERIC_ALGO,,O-20260309-044328-001-000-990,,82d99471-bcc9-4333-9fec-49838fd56205,2026-03-09 04:43:28.983750892+00:00,2026-03-09 04:43:28.983750892+00:00
BACKTESTER-001,OracleStrategy-000,MESM6.GLBX,GLBX-1-723,MESM6.GLBX-OracleStrategy-000,GLBX-001,GLBX-1-723,MARKET,BUY,1,GTC,False,False,1,TAKER,6663.75,0.0,['0.00 USD'],NO_TRIGGER,FILLED,NO_CONTINGENCY,,,,MY_GENERIC_ALGO,,O-20260309-044328-001-000-991,,fb12762b-3083-4076-8b86-2f9b282d33a6,2026-03-09 04:43:28.983750892+00:00,2026-03-09 04:43:28.983750892+00:00
BACKTESTER-001,OracleStrategy-000,MESM6.GLBX,GLBX-1-724,MESM6.GLBX-OracleStrategy-000,GLBX-001,GLBX-1-724,MARKET,SELL,1,GTC,True,False,1,TAKER,6663.25,0.0,['0.00 USD'],NO_TRIGGER,FILLED,NO_CONTINGENCY,,,,MY_GENERIC_ALGO,,O-20260309-044413-001-000-992,,c5029406-af01-4991-a89b-02952d670909,2026-03-09 04:44:13.705781626+00:00,2026-03-09 04:44:13.705781626+00:00
BACKTESTER-001,OracleStrategy-000,MESM6.GLBX,GLBX-1-725,MESM6.GLBX-OracleStrategy-000,GLBX-001,GLBX-1-725,MARKET,SELL,1,GTC,False,False,1,TAKER,6663.25,0.0,['0.00 USD'],NO_TRIGGER,FILLED,NO_CONTINGENCY,,,,MY_GENERIC_ALGO,,O-20260309-044413-001-000-993,,f3419b36-5fab-4d51-838b-7833edf4ff40,2026-03-09 04:44:13.705781626+00:00,2026-03-09 04:44:13.705781626+00:00
BACKTESTER-001,OracleStrategy-000,MESM6.GLBX,GLBX-1-726,MESM6.GLBX-OracleStrategy-000,GLBX-001,GLBX-1-726,MARKET,BUY,1,GTC,True,False,1,TAKER,6662.0,0.0,['0.00 USD'],NO_TRIGGER,FILLED,NO_CONTINGENCY,,,,MY_GENERIC_ALGO,,O-20260309-044520-001-000-994,,1ac0a2fd-5201-4081-8e95-b2c65c714319,2026-03-09 04:45:20.243968063+00:00,2026-03-09 04:45:20.243968063+00:00
BACKTESTER-001,OracleStrategy-000,MESM6.GLBX,GLBX-1-727,MESM6.GLBX-OracleStrategy-000,GLBX-001,GLBX-1-727,MARKET,BUY,1,GTC,False,False,1,TAKER,6662.0,0.0,['0.00 USD'],NO_TRIGGER,FILLED,NO_CONTINGENCY,,,,MY_GENERIC_ALGO,,O-20260309-044520-001-000-995,,a209b7fc-21f0-43ae-8d34-2538e5de8969,2026-03-09 04:45:20.243968063+00:00,2026-03-09 04:45:20.243968063+00:00
BACKTESTER-001,OracleStrategy-000,MESM6.GLBX,GLBX-1-728,MESM6.GLBX-OracleStrategy-000,GLBX-001,GLBX-1-728,MARKET,SELL,1,GTC,True,False,1,TAKER,6661.5,0.0,['0.00 USD'],NO_TRIGGER,FILLED,NO_CONTINGENCY,,,,MY_GENERIC_ALGO,,O-20260309-044602-001-000-996,,d4ecdb10-9c9f-412f-87c9-164d6cd404fe,2026-03-09 04:46:02.880276282+00:00,2026-03-09 04:46:02.880276282+00:00
BACKTESTER-001,OracleStrategy-000,MESM6.GLBX,GLBX-1-729,MESM6.GLBX-OracleStrategy-000,GLBX-001,GLBX-1-729,MARKET,SELL,1,GTC,False,False,1,TAKER,6661.5,0.0,['0.00 USD'],NO_TRIGGER,FILLED,NO_CONTINGENCY,,,,MY_GENERIC_ALGO,,O-20260309-044602-001-000-997,,f38dae14-ea73-4183-88af-a992d41e79ee,2026-03-09 04:46:02.880276282+00:00,2026-03-09 04:46:02.880276282+00:00
BACKTESTER-001,OracleStrategy-000,MESM6.GLBX,GLBX-1-730,MESM6.GLBX-OracleStrategy-000,GLBX-001,GLBX-1-730,MARKET,BUY,1,GTC,True,False,1,TAKER,6660.75,0.0,['0.00 USD'],NO_TRIGGER,FILLED,NO_CONTINGENCY,,,,MY_GENERIC_ALGO,,O-20260309-044933-001-000-998,,c269a94c-ada0-433e-b9e7-c48c2e7ec83e,2026-03-09 04:49:33.556541283+00:00,2026-03-09 04:49:33.556541283+00:00
BACKTESTER-001,OracleStrategy-000,MESM6.GLBX,GLBX-1-731,MESM6.GLBX-OracleStrategy-000,GLBX-001,GLBX-1-731,MARKET,BUY,1,GTC,False,False,1,TAKER,6660.75,0.0,['0.00 USD'],NO_TRIGGER,FILLED,NO_CONTINGENCY,,,,MY_GENERIC_ALGO,,O-20260309-044933-001-000-999,,8453eced-ddd9-450e-9fd5-72000882dcda,2026-03-09 04:49:33.556541283+00:00,2026-03-09 04:49:33.556541283+00:00
BACKTESTER-001,OracleStrategy-000,MESM6.GLBX,GLBX-1-732,MESM6.GLBX-OracleStrategy-000,GLBX-001,GLBX-1-732,MARKET,SELL,1,GTC,True,False,1,TAKER,6660.75,0.0,['0.00 USD'],NO_TRIGGER,FILLED,NO_CONTINGENCY,,,,MY_GENERIC_ALGO,,O-20260309-045118-001-000-1000,,0c4bce8d-68c0-4d7b-9f41-5c12bdeef5ad,2026-03-09 04:51:18.609795399+00:00,2026-03-09 04:51:18.609795399+00:00
BACKTESTER-001,OracleStrategy-000,MESM6.GLBX,GLBX-1-733,MESM6.GLBX-OracleStrategy-000,GLBX-001,GLBX-1-733,MARKET,SELL,1,GTC,False,False,1,TAKER,6660.75,0.0,['0.00 USD'],NO_TRIGGER,FILLED,NO_CONTINGENCY,,,,MY_GENERIC_ALGO,,O-20260309-045118-001-000-1001,,6925a780-cd3c-41a3-a95f-b892ef3edc45,2026-03-09 04:51:18.609795399+00:00,2026-03-09 04:51:18.609795399+00:00
BACKTESTER-001,OracleStrategy-000,MESM6.GLBX,GLBX-1-734,MESM6.GLBX-OracleStrategy-000,GLBX-001,GLBX-1-734,MARKET,BUY,1,GTC,True,False,1,TAKER,6660.0,0.0,['0.00 USD'],NO_TRIGGER,FILLED,NO_CONTINGENCY,,,,MY_GENERIC_ALGO,,O-20260309-045227-001-000-1002,,d0a6ce74-ca7d-4e2e-8581-9efa6327456d,2026-03-09 04:52:27.343331725+00:00,2026-03-09 04:52:27.343331725+00:00
BACKTESTER-001,OracleStrategy-000,MESM6.GLBX,GLBX-1-735,MESM6.GLBX-OracleStrategy-000,GLBX-001,GLBX-1-735,MARKET,BUY,1,GTC,False,False,1,TAKER,6660.0,0.0,['0.00 USD'],NO_TRIGGER,FILLED,NO_CONTINGENCY,,,,MY_GENERIC_ALGO,,O-20260309-045227-001-000-1003,,3d950628-ddeb-44b9-9d51-7641f7668dc3,2026-03-09 04:52:27.343331725+00:00,2026-03-09 04:52:27.343331725+00:00
BACKTESTER-001,OracleStrategy-000,MESM6.GLBX,GLBX-1-736,MESM6.GLBX-OracleStrategy-000,GLBX-001,GLBX-1-736,MARKET,SELL,1,GTC,True,False,1,TAKER,6659.75,0.0,['0.00 USD'],NO_TRIGGER,FILLED,NO_CONTINGENCY,,,,MY_GENERIC_ALGO,,O-20260309-045240-001-000-1004,,97a99e54-854a-4005-918e-7269ecb0a6ea,2026-03-09 04:52:40.776016951+00:00,2026-03-09 04:52:40.776016951+00:00
BACKTESTER-001,OracleStrategy-000,MESM6.GLBX,GLBX-1-737,MESM6.GLBX-OracleStrategy-000,GLBX-001,GLBX-1-737,MARKET,SELL,1,GTC,False,False,1,TAKER,6659.75,0.0,['0.00 USD'],NO_TRIGGER,FILLED,NO_CONTINGENCY,,,,MY_GENERIC_ALGO,,O-20260309-045240-001-000-1005,,fff1f85d-fdfd-47e5-a22e-34670aec6e38,2026-03-09 04:52:40.776016951+00:00,2026-03-09 04:52:40.776016951+00:00
BACKTESTER-001,OracleStrategy-000,MESM6.GLBX,GLBX-1-738,MESM6.GLBX-OracleStrategy-000,GLBX-001,GLBX-1-738,MARKET,BUY,1,GTC,True,False,1,TAKER,6659.75,0.0,['0.00 USD'],NO_TRIGGER,FILLED,NO_CONTINGENCY,,,,MY_GENERIC_ALGO,,O-20260309-045321-001-000-1006,,9e6ab147-2a0b-4f61-ab28-a0658e3dd5f5,2026-03-09 04:53:21.122580109+00:00,2026-03-09 04:53:21.122580109+00:00
BACKTESTER-001,OracleStrategy-000,MESM6.GLBX,GLBX-1-739,MESM6.GLBX-OracleStrategy-000,GLBX-001,GLBX-1-739,MARKET,BUY,1,GTC,False,False,1,TAKER,6659.75,0.0,['0.00 USD'],NO_TRIGGER,FILLED,NO_CONTINGENCY,,,,MY_GENERIC_ALGO,,O-20260309-045321-001-000-1007,,8ed278d6-3c80-4807-a2ea-4b9653742e6e,2026-03-09 04:53:21.122580109+00:00,2026-03-09 04:53:21.122580109+00:00
BACKTESTER-001,OracleStrategy-000,MESM6.GLBX,GLBX-1-740,MESM6.GLBX-OracleStrategy-000,GLBX-001,GLBX-1-740,MARKET,SELL,1,GTC,True,False,1,TAKER,6661.75,0.0,['0.00 USD'],NO_TRIGGER,FILLED,NO_CONTINGENCY,,,,MY_GENERIC_ALGO,,O-20260309-045401-001-000-1008,,29d7b6b6-879b-44d5-bcae-3592af396618,2026-03-09 04:54:01.573068863+00:00,2026-03-09 04:54:01.573068863+00:00
BACKTESTER-001,OracleStrategy-000,MESM6.GLBX,GLBX-1-741,MESM6.GLBX-OracleStrategy-000,GLBX-001,GLBX-1-741,MARKET,SELL,1,GTC,False,False,1,TAKER,6661.75,0.0,['0.00 USD'],NO_TRIGGER,FILLED,NO_CONTINGENCY,,,,MY_GENERIC_ALGO,,O-20260309-045401-001-000-1009,,e633890c-085f-407c-b2b4-774be2522f26,2026-03-09 04:54:01.573068863+00:00,2026-03-09 04:54:01.573068863+00:00
BACKTESTER-001,OracleStrategy-000,MESM6.GLBX,GLBX-1-742,MESM6.GLBX-OracleStrategy-000,GLBX-001,GLBX-1-742,MARKET,BUY,1,GTC,True,False,1,TAKER,6662.0,0.0,['0.00 USD'],NO_TRIGGER,FILLED,NO_CONTINGENCY,,,,MY_GENERIC_ALGO,,O-20260309-045455-001-000-1010,,dda605f2-6fea-4f06-8b85-6d1731e9acf7,2026-03-09 04:54:55.428034773+00:00,2026-03-09 04:54:55.428034773+00:00
BACKTESTER-001,OracleStrategy-000,MESM6.GLBX,GLBX-1-743,MESM6.GLBX-OracleStrategy-000,GLBX-001,GLBX-1-743,MARKET,BUY,1,GTC,False,False,1,TAKER,6662.0,0.0,['0.00 USD'],NO_TRIGGER,FILLED,NO_CONTINGENCY,,,,MY_GENERIC_ALGO,,O-20260309-045455-001-000-1011,,735795ab-e63e-45dc-b4f6-94cb412c791d,2026-03-09 04:54:55.428034773+00:00,2026-03-09 04:54:55.428034773+00:00
BACKTESTER-001,OracleStrategy-000,MESM6.GLBX,GLBX-1-744,MESM6.GLBX-OracleStrategy-000,GLBX-001,GLBX-1-744,MARKET,SELL,1,GTC,True,False,1,TAKER,6664.25,0.0,['0.00 USD'],NO_TRIGGER,FILLED,NO_CONTINGENCY,,,,MY_GENERIC_ALGO,,O-20260309-045806-001-000-1012,,b8b362e6-9e1a-49c0-aa77-aad58a62ab7b,2026-03-09 04:58:06.894737256+00:00,2026-03-09 04:58:06.894737256+00:00
BACKTESTER-001,OracleStrategy-000,MESM6.GLBX,GLBX-1-745,MESM6.GLBX-OracleStrategy-000,GLBX-001,GLBX-1-745,MARKET,SELL,1,GTC,False,False,1,TAKER,6664.25,0.0,['0.00 USD'],NO_TRIGGER,FILLED,NO_CONTINGENCY,,,,MY_GENERIC_ALGO,,O-20260309-045806-001-000-1013,,98d97512-4788-4f35-b4e0-1150ab713bae,2026-03-09 04:58:06.894737256+00:00,2026-03-09 04:58:06.894737256+00:00
BACKTESTER-001,OracleStrategy-000,MESM6.GLBX,GLBX-1-746,MESM6.GLBX-OracleStrategy-000,GLBX-001,GLBX-1-746,MARKET,BUY,1,GTC,True,False,1,TAKER,6662.5,0.0,['0.00 USD'],NO_TRIGGER,FILLED,NO_CONTINGENCY,,,,MY_GENERIC_ALGO,,O-20260309-045827-001-000-1014,,bb38ecd3-d479-4c1c-92b4-790a321f1831,2026-03-09 04:58:27.697386687+00:00,2026-03-09 04:58:27.697386687+00:00
BACKTESTER-001,OracleStrategy-000,MESM6.GLBX,GLBX-1-747,MESM6.GLBX-OracleStrategy-000,GLBX-001,GLBX-1-747,MARKET,BUY,1,GTC,False,False,1,TAKER,6662.5,0.0,['0.00 USD'],NO_TRIGGER,FILLED,NO_CONTINGENCY,,,,MY_GENERIC_ALGO,,O-20260309-045827-001-000-1015,,11bbc2f7-8d92-423b-8cc8-9f2d856b1123,2026-03-09 04:58:27.697386687+00:00,2026-03-09 04:58:27.697386687+00:00
BACKTESTER-001,OracleStrategy-000,MESM6.GLBX,GLBX-1-748,MESM6.GLBX-OracleStrategy-000,GLBX-001,GLBX-1-748,MARKET,SELL,1,GTC,True,False,1,TAKER,6666.0,0.0,['0.00 USD'],NO_TRIGGER,FILLED,NO_CONTINGENCY,,,,MY_GENERIC_ALGO,,O-20260309-050529-001-000-1016,,851b049a-a014-4f10-ae71-3f6b5a6d7046,2026-03-09 05:05:29.739543126+00:00,2026-03-09 05:05:29.739543126+00:00
BACKTESTER-001,OracleStrategy-000,MESM6.GLBX,GLBX-1-749,MESM6.GLBX-OracleStrategy-000,GLBX-001,GLBX-1-749,MARKET,SELL,1,GTC,False,False,1,TAKER,6666.0,0.0,['0.00 USD'],NO_TRIGGER,FILLED,NO_CONTINGENCY,,,,MY_GENERIC_ALGO,,O-20260309-050529-001-000-1017,,bdeadd0b-16e0-46bc-bea9-5837d2f3032c,2026-03-09 05:05:29.739543126+00:00,2026-03-09 05:05:29.739543126+00:00
BACKTESTER-001,OracleStrategy-000,MESM6.GLBX,GLBX-1-750,MESM6.GLBX-OracleStrategy-000,GLBX-001,GLBX-1-750,MARKET,BUY,1,GTC,True,False,1,TAKER,6668.25,0.0,['0.00 USD'],NO_TRIGGER,FILLED,NO_CONTINGENCY,,,,MY_GENERIC_ALGO,,O-20260309-050545-001-000-1018,,452ca9bd-327b-4956-b163-1c5cdf3a4368,2026-03-09 05:05:45.717559534+00:00,2026-03-09 05:05:45.717559534+00:00
BACKTESTER-001,OracleStrategy-000,MESM6.GLBX,GLBX-1-751,MESM6.GLBX-OracleStrategy-000,GLBX-001,GLBX-1-751,MARKET,BUY,1,GTC,False,False,1,TAKER,6668.25,0.0,['0.00 USD'],NO_TRIGGER,FILLED,NO_CONTINGENCY,,,,MY_GENERIC_ALGO,,O-20260309-050554-001-000-1021,,049d75a2-6b45-4e89-94c1-cf0630ab8f81,2026-03-09 05:05:54.680216725+00:00,2026-03-09 05:05:54.680216725+00:00
BACKTESTER-001,OracleStrategy-000,MESM6.GLBX,GLBX-1-752,MESM6.GLBX-OracleStrategy-000,GLBX-001,GLBX-1-752,MARKET,SELL,1,GTC,True,False,1,TAKER,6669.5,0.0,['0.00 USD'],NO_TRIGGER,FILLED,NO_CONTINGENCY,,,,MY_GENERIC_ALGO,,O-20260309-050646-001-000-1022,,4b31c1e7-f1a6-4218-9ac5-319a1f411049,2026-03-09 05:06:46.685237114+00:00,2026-03-09 05:06:46.685237114+00:00
BACKTESTER-001,OracleStrategy-000,MESM6.GLBX,GLBX-1-753,MESM6.GLBX-OracleStrategy-000,GLBX-001,GLBX-1-753,MARKET,SELL,1,GTC,False,False,1,TAKER,6669.5,0.0,['0.00 USD'],NO_TRIGGER,FILLED,NO_CONTINGENCY,,,,MY_GENERIC_ALGO,,O-20260309-050646-001-000-1023,,46f7da79-c98b-47f5-81d3-4cae6a091ef7,2026-03-09 05:06:46.685237114+00:00,2026-03-09 05:06:46.685237114+00:00
BACKTESTER-001,OracleStrategy-000,MESM6.GLBX,GLBX-1-754,MESM6.GLBX-OracleStrategy-000,GLBX-001,GLBX-1-754,MARKET,BUY,1,GTC,True,False,1,TAKER,6669.75,0.0,['0.00 USD'],NO_TRIGGER,FILLED,NO_CONTINGENCY,,,,MY_GENERIC_ALGO,,O-20260309-050648-001-000-1024,,e7b4fc9f-c432-4aba-94be-0aaa2e57defb,2026-03-09 05:06:48.348753207+00:00,2026-03-09 05:06:48.348753207+00:00
BACKTESTER-001,OracleStrategy-000,MESM6.GLBX,GLBX-1-755,MESM6.GLBX-OracleStrategy-000,GLBX-001,GLBX-1-755,MARKET,BUY,1,GTC,False,False,1,TAKER,6669.75,0.0,['0.00 USD'],NO_TRIGGER,FILLED,NO_CONTINGENCY,,,,MY_GENERIC_ALGO,,O-20260309-050648-001-000-1025,,9ab65909-4739-4223-b78b-e37d64f48b9a,2026-03-09 05:06:48.348753207+00:00,2026-03-09 05:06:48.348753207+00:00
BACKTESTER-001,OracleStrategy-000,MESM6.GLBX,GLBX-1-756,MESM6.GLBX-OracleStrategy-000,GLBX-001,GLBX-1-756,MARKET,SELL,1,GTC,True,False,1,TAKER,6669.0,0.0,['0.00 USD'],NO_TRIGGER,FILLED,NO_CONTINGENCY,,,,MY_GENERIC_ALGO,,O-20260309-050712-001-000-1026,,77aea02a-df7b-4fff-8dbb-e540068847ca,2026-03-09 05:07:12.163249570+00:00,2026-03-09 05:07:12.163249570+00:00
BACKTESTER-001,OracleStrategy-000,MESM6.GLBX,GLBX-1-757,MESM6.GLBX-OracleStrategy-000,GLBX-001,GLBX-1-757,MARKET,SELL,1,GTC,False,False,1,TAKER,6669.0,0.0,['0.00 USD'],NO_TRIGGER,FILLED,NO_CONTINGENCY,,,,MY_GENERIC_ALGO,,O-20260309-050712-001-000-1027,,56128021-4ee9-4cbe-a070-342bca3d763e,2026-03-09 05:07:12.163249570+00:00,2026-03-09 05:07:12.163249570+00:00
BACKTESTER-001,OracleStrategy-000,MESM6.GLBX,GLBX-1-758,MESM6.GLBX-OracleStrategy-000,GLBX-001,GLBX-1-758,MARKET,BUY,1,GTC,True,False,1,TAKER,6667.5,0.0,['0.00 USD'],NO_TRIGGER,FILLED,NO_CONTINGENCY,,,,MY_GENERIC_ALGO,,O-20260309-050944-001-000-1028,,2dfa994b-6b99-4c7e-b25b-e94754294446,2026-03-09 05:09:44.832059421+00:00,2026-03-09 05:09:44.832059421+00:00
BACKTESTER-001,OracleStrategy-000,MESM6.GLBX,GLBX-1-759,MESM6.GLBX-OracleStrategy-000,GLBX-001,GLBX-1-759,MARKET,BUY,1,GTC,False,False,1,TAKER,6667.5,0.0,['0.00 USD'],NO_TRIGGER,FILLED,NO_CONTINGENCY,,,,MY_GENERIC_ALGO,,O-20260309-050944-001-000-1029,,589de97e-d0b8-4ee3-9325-7cb63c17323b,2026-03-09 05:09:44.832059421+00:00,2026-03-09 05:09:44.832059421+00:00
BACKTESTER-001,OracleStrategy-000,MESM6.GLBX,GLBX-1-760,MESM6.GLBX-OracleStrategy-000,GLBX-001,GLBX-1-760,MARKET,SELL,1,GTC,True,False,1,TAKER,6667.25,0.0,['0.00 USD'],NO_TRIGGER,FILLED,NO_CONTINGENCY,,,,MY_GENERIC_ALGO,,O-20260309-050946-001-000-1030,,de9482fa-9567-4eea-b21a-e8a62b796b85,2026-03-09 05:09:46.339837938+00:00,2026-03-09 05:09:46.339837938+00:00
BACKTESTER-001,OracleStrategy-000,MESM6.GLBX,GLBX-1-761,MESM6.GLBX-OracleStrategy-000,GLBX-001,GLBX-1-761,MARKET,SELL,1,GTC,False,False,1,TAKER,6667.25,0.0,['0.00 USD'],NO_TRIGGER,FILLED,NO_CONTINGENCY,,,,MY_GENERIC_ALGO,,O-20260309-050946-001-000-1031,,af924afa-572e-4c9f-9876-14ec5f968180,2026-03-09 05:09:46.339837938+00:00,2026-03-09 05:09:46.339837938+00:00
BACKTESTER-001,OracleStrategy-000,MESM6.GLBX,GLBX-1-762,MESM6.GLBX-OracleStrategy-000,GLBX-001,GLBX-1-762,MARKET,BUY,1,GTC,True,False,1,TAKER,6668.25,0.0,['0.00 USD'],NO_TRIGGER,FILLED,NO_CONTINGENCY,,,,MY_GENERIC_ALGO,,O-20260309-051024-001-000-1032,,77f7d8c2-e687-43f1-9bfc-e552f0d7f92a,2026-03-09 05:10:24.893502115+00:00,2026-03-09 05:10:24.893502115+00:00
BACKTESTER-001,OracleStrategy-000,MESM6.GLBX,GLBX-1-763,MESM6.GLBX-OracleStrategy-000,GLBX-001,GLBX-1-763,MARKET,BUY,1,GTC,False,False,1,TAKER,6668.25,0.0,['0.00 USD'],NO_TRIGGER,FILLED,NO_CONTINGENCY,,,,MY_GENERIC_ALGO,,O-20260309-051024-001-000-1033,,101e753c-b6bd-41f4-b768-016b2933963c,2026-03-09 05:10:24.893502115+00:00,2026-03-09 05:10:24.893502115+00:00
BACKTESTER-001,OracleStrategy-000,MESM6.GLBX,GLBX-1-764,MESM6.GLBX-OracleStrategy-000,GLBX-001,GLBX-1-764,MARKET,SELL,1,GTC,True,False,1,TAKER,6668.0,0.0,['0.00 USD'],NO_TRIGGER,FILLED,NO_CONTINGENCY,,,,MY_GENERIC_ALGO,,O-20260309-051031-001-000-1034,,1b8b888c-7df9-4d98-b593-94ac760d10d5,2026-03-09 05:10:31.629999063+00:00,2026-03-09 05:10:31.629999063+00:00
BACKTESTER-001,OracleStrategy-000,MESM6.GLBX,GLBX-1-765,MESM6.GLBX-OracleStrategy-000,GLBX-001,GLBX-1-765,MARKET,SELL,1,GTC,False,False,1,TAKER,6668.0,0.0,['0.00 USD'],NO_TRIGGER,FILLED,NO_CONTINGENCY,,,,MY_GENERIC_ALGO,,O-20260309-051031-001-000-1035,,ca009975-16fb-4fe0-86bd-cb0ce4cd3454,2026-03-09 05:10:31.629999063+00:00,2026-03-09 05:10:31.629999063+00:00
BACKTESTER-001,OracleStrategy-000,MESM6.GLBX,GLBX-1-766,MESM6.GLBX-OracleStrategy-000,GLBX-001,GLBX-1-766,MARKET,BUY,1,GTC,True,False,1,TAKER,6668.0,0.0,['0.00 USD'],NO_TRIGGER,FILLED,NO_CONTINGENCY,,,,MY_GENERIC_ALGO,,O-20260309-051040-001-000-1036,,2e85d62c-dcd2-4eeb-a31d-d98563474e8f,2026-03-09 05:10:40.512343733+00:00,2026-03-09 05:10:40.512343733+00:00
BACKTESTER-001,OracleStrategy-000,MESM6.GLBX,GLBX-1-767,MESM6.GLBX-OracleStrategy-000,GLBX-001,GLBX-1-767,MARKET,BUY,1,GTC,False,False,1,TAKER,6668.0,0.0,['0.00 USD'],NO_TRIGGER,FILLED,NO_CONTINGENCY,,,,MY_GENERIC_ALGO,,O-20260309-051040-001-000-1037,,c361d41d-a0eb-4236-b668-fc7450c0d1e5,2026-03-09 05:10:40.512343733+00:00,2026-03-09 05:10:40.512343733+00:00
BACKTESTER-001,OracleStrategy-000,MESM6.GLBX,GLBX-1-768,MESM6.GLBX-OracleStrategy-000,GLBX-001,GLBX-1-768,MARKET,SELL,1,GTC,True,False,1,TAKER,6667.5,0.0,['0.00 USD'],NO_TRIGGER,FILLED,NO_CONTINGENCY,,,,MY_GENERIC_ALGO,,O-20260309-051059-001-000-1038,,d9904828-8c42-4f93-ab64-2e104d30c8fc,2026-03-09 05:10:59.528204242+00:00,2026-03-09 05:10:59.528204242+00:00
BACKTESTER-001,OracleStrategy-000,MESM6.GLBX,GLBX-1-769,MESM6.GLBX-OracleStrategy-000,GLBX-001,GLBX-1-769,MARKET,SELL,1,GTC,False,False,1,TAKER,6667.25,0.0,['0.00 USD'],NO_TRIGGER,FILLED,NO_CONTINGENCY,,,,MY_GENERIC_ALGO,,O-20260309-051348-001-000-1041,,a418bbae-1208-488a-987c-7b1d129a2a94,2026-03-09 05:13:48.430369816+00:00,2026-03-09 05:13:48.430369816+00:00
BACKTESTER-001,OracleStrategy-000,MESM6.GLBX,GLBX-1-770,MESM6.GLBX-OracleStrategy-000,GLBX-001,GLBX-1-770,MARKET,BUY,1,GTC,True,False,1,TAKER,6665.5,0.0,['0.00 USD'],NO_TRIGGER,FILLED,NO_CONTINGENCY,,,,MY_GENERIC_ALGO,,O-20260309-051541-001-000-1042,,1ebbd2aa-799e-4510-8ab9-90a1a3d28c01,2026-03-09 05:15:41.876855403+00:00,2026-03-09 05:15:41.876855403+00:00
BACKTESTER-001,OracleStrategy-000,MESM6.GLBX,GLBX-1-771,MESM6.GLBX-OracleStrategy-000,GLBX-001,GLBX-1-771,MARKET,BUY,1,GTC,False,False,1,TAKER,6665.5,0.0,['0.00 USD'],NO_TRIGGER,FILLED,NO_CONTINGENCY,,,,MY_GENERIC_ALGO,,O-20260309-051541-001-000-1043,,5d9bdcbd-9b3b-43b7-94bf-1afa64edb281,2026-03-09 05:15:41.876855403+00:00,2026-03-09 05:15:41.876855403+00:00
BACKTESTER-001,OracleStrategy-000,MESM6.GLBX,GLBX-1-772,MESM6.GLBX-OracleStrategy-000,GLBX-001,GLBX-1-772,MARKET,SELL,1,GTC,True,False,1,TAKER,6665.0,0.0,['0.00 USD'],NO_TRIGGER,FILLED,NO_CONTINGENCY,,,,MY_GENERIC_ALGO,,O-20260309-051556-001-000-1044,,6199b950-5391-4dab-9e96-c4e78d7fcab3,2026-03-09 05:15:56.376547954+00:00,2026-03-09 05:15:56.376547954+00:00
BACKTESTER-001,OracleStrategy-000,MESM6.GLBX,GLBX-1-773,MESM6.GLBX-OracleStrategy-000,GLBX-001,GLBX-1-773,MARKET,SELL,1,GTC,False,False,1,TAKER,6665.0,0.0,['0.00 USD'],NO_TRIGGER,FILLED,NO_CONTINGENCY,,,,MY_GENERIC_ALGO,,O-20260309-051556-001-000-1045,,6859f53b-7449-4ae3-b792-043d58feefa7,2026-03-09 05:15:56.376547954+00:00,2026-03-09 05:15:56.376547954+00:00
BACKTESTER-001,OracleStrategy-000,MESM6.GLBX,GLBX-1-774,MESM6.GLBX-OracleStrategy-000,GLBX-001,GLBX-1-774,MARKET,BUY,1,GTC,True,False,1,TAKER,6665.5,0.0,['0.00 USD'],NO_TRIGGER,FILLED,NO_CONTINGENCY,,,,MY_GENERIC_ALGO,,O-20260309-051605-001-000-1046,,05e96342-e940-4aa4-b129-4fa683d5c70a,2026-03-09 05:16:05.177693880+00:00,2026-03-09 05:16:05.177693880+00:00
BACKTESTER-001,OracleStrategy-000,MESM6.GLBX,GLBX-1-775,MESM6.GLBX-OracleStrategy-000,GLBX-001,GLBX-1-775,MARKET,BUY,1,GTC,False,False,1,TAKER,6665.5,0.0,['0.00 USD'],NO_TRIGGER,FILLED,NO_CONTINGENCY,,,,MY_GENERIC_ALGO,,O-20260309-051605-001-000-1047,,ae94c034-2f84-4f5b-961d-193f5a9eb0ff,2026-03-09 05:16:05.177693880+00:00,2026-03-09 05:16:05.177693880+00:00
BACKTESTER-001,OracleStrategy-000,MESM6.GLBX,GLBX-1-776,MESM6.GLBX-OracleStrategy-000,GLBX-001,GLBX-1-776,MARKET,SELL,1,GTC,True,False,1,TAKER,6669.5,0.0,['0.00 USD'],NO_TRIGGER,FILLED,NO_CONTINGENCY,,,,MY_GENERIC_ALGO,,O-20260309-052051-001-000-1048,,14daee86-4172-4170-a733-1c5dfb492874,2026-03-09 05:20:51.400849800+00:00,2026-03-09 05:20:51.400849800+00:00
BACKTESTER-001,OracleStrategy-000,MESM6.GLBX,GLBX-1-777,MESM6.GLBX-OracleStrategy-000,GLBX-001,GLBX-1-777,MARKET,SELL,1,GTC,False,False,1,TAKER,6669.5,0.0,['0.00 USD'],NO_TRIGGER,FILLED,NO_CONTINGENCY,,,,MY_GENERIC_ALGO,,O-20260309-052051-001-000-1049,,fc18aeb2-896a-4589-989b-7cf07b60afd4,2026-03-09 05:20:51.400849800+00:00,2026-03-09 05:20:51.400849800+00:00
BACKTESTER-001,OracleStrategy-000,MESM6.GLBX,GLBX-1-778,MESM6.GLBX-OracleStrategy-000,GLBX-001,GLBX-1-778,MARKET,BUY,1,GTC,True,False,1,TAKER,6670.0,0.0,['0.00 USD'],NO_TRIGGER,FILLED,NO_CONTINGENCY,,,,MY_GENERIC_ALGO,,O-20260309-052056-001-000-1050,,b56fca22-e9a0-4d0c-82d1-5ab93073b22a,2026-03-09 05:20:56.625019983+00:00,2026-03-09 05:20:56.625019983+00:00
BACKTESTER-001,OracleStrategy-000,MESM6.GLBX,GLBX-1-779,MESM6.GLBX-OracleStrategy-000,GLBX-001,GLBX-1-779,MARKET,BUY,1,GTC,False,False,1,TAKER,6670.0,0.0,['0.00 USD'],NO_TRIGGER,FILLED,NO_CONTINGENCY,,,,MY_GENERIC_ALGO,,O-20260309-052056-001-000-1051,,8d72d5fe-6529-4aa1-b5f3-b182e8e419d9,2026-03-09 05:20:56.625019983+00:00,2026-03-09 05:20:56.625019983+00:00
BACKTESTER-001,OracleStrategy-000,MESM6.GLBX,GLBX-1-780,MESM6.GLBX-OracleStrategy-000,GLBX-001,GLBX-1-780,MARKET,SELL,1,GTC,True,False,1,TAKER,6672.5,0.0,['0.00 USD'],NO_TRIGGER,FILLED,NO_CONTINGENCY,,,,MY_GENERIC_ALGO,,O-20260309-052103-001-000-1052,,b20572e9-52ca-4a2c-ab39-214922e98ea5,2026-03-09 05:21:03.942256216+00:00,2026-03-09 05:21:03.942256216+00:00
BACKTESTER-001,OracleStrategy-000,MESM6.GLBX,GLBX-1-781,MESM6.GLBX-OracleStrategy-000,GLBX-001,GLBX-1-781,MARKET,SELL,1,GTC,False,False,1,TAKER,6672.5,0.0,['0.00 USD'],NO_TRIGGER,FILLED,NO_CONTINGENCY,,,,MY_GENERIC_ALGO,,O-20260309-052103-001-000-1053,,ade0128f-52cf-408d-b742-3c2b847f142a,2026-03-09 05:21:03.942256216+00:00,2026-03-09 05:21:03.942256216+00:00
BACKTESTER-001,OracleStrategy-000,MESM6.GLBX,GLBX-1-782,MESM6.GLBX-OracleStrategy-000,GLBX-001,GLBX-1-782,MARKET,BUY,1,GTC,True,False,1,TAKER,6672.75,0.0,['0.00 USD'],NO_TRIGGER,FILLED,NO_CONTINGENCY,,,,MY_GENERIC_ALGO,,O-20260309-052107-001-000-1054,,3521fab8-cb90-4dcd-8e53-b18a117cced6,2026-03-09 05:21:07.240262498+00:00,2026-03-09 05:21:07.240262498+00:00
BACKTESTER-001,OracleStrategy-000,MESM6.GLBX,GLBX-1-783,MESM6.GLBX-OracleStrategy-000,GLBX-001,GLBX-1-783,MARKET,BUY,1,GTC,False,False,1,TAKER,6672.75,0.0,['0.00 USD'],NO_TRIGGER,FILLED,NO_CONTINGENCY,,,,MY_GENERIC_ALGO,,O-20260309-052107-001-000-1055,,72394691-62cc-4d4a-975e-0680577f3c3a,2026-03-09 05:21:07.240262498+00:00,2026-03-09 05:21:07.240262498+00:00
BACKTESTER-001,OracleStrategy-000,MESM6.GLBX,GLBX-1-784,MESM6.GLBX-OracleStrategy-000,GLBX-001,GLBX-1-784,MARKET,SELL,1,GTC,True,False,1,TAKER,6671.25,0.0,['0.00 USD'],NO_TRIGGER,FILLED,NO_CONTINGENCY,,,,MY_GENERIC_ALGO,,O-20260309-052127-001-000-1056,,feb2ff59-fd5b-4828-bc0e-7a3518ee4e55,2026-03-09 05:21:27.068592316+00:00,2026-03-09 05:21:27.068592316+00:00
BACKTESTER-001,OracleStrategy-000,MESM6.GLBX,GLBX-1-785,MESM6.GLBX-OracleStrategy-000,GLBX-001,GLBX-1-785,MARKET,SELL,1,GTC,False,False,1,TAKER,6671.25,0.0,['0.00 USD'],NO_TRIGGER,FILLED,NO_CONTINGENCY,,,,MY_GENERIC_ALGO,,O-20260309-052127-001-000-1057,,1010d31e-280f-4bc1-88c8-534d5afffb33,2026-03-09 05:21:27.068592316+00:00,2026-03-09 05:21:27.068592316+00:00
BACKTESTER-001,OracleStrategy-000,MESM6.GLBX,GLBX-1-786,MESM6.GLBX-OracleStrategy-000,GLBX-001,GLBX-1-786,MARKET,BUY,1,GTC,True,False,1,TAKER,6676.5,0.0,['0.00 USD'],NO_TRIGGER,FILLED,NO_CONTINGENCY,,,,MY_GENERIC_ALGO,,O-20260309-052132-001-000-1058,,6060af5c-c4d6-4b69-afec-013d92991d84,2026-03-09 05:21:32.415126792+00:00,2026-03-09 05:21:32.415126792+00:00
BACKTESTER-001,OracleStrategy-000,MESM6.GLBX,GLBX-1-787,MESM6.GLBX-OracleStrategy-000,GLBX-001,GLBX-1-787,MARKET,SELL,1,GTC,False,False,1,TAKER,6674.25,0.0,['0.00 USD'],NO_TRIGGER,FILLED,NO_CONTINGENCY,,,,MY_GENERIC_ALGO,,O-20260309-070505-001-000-1397,,ac0f6675-da1f-414e-943a-51c7a4135fa2,2026-03-09 07:05:05.673773134+00:00,2026-03-09 07:05:05.673773134+00:00
BACKTESTER-001,OracleStrategy-000,MESM6.GLBX,GLBX-1-788,MESM6.GLBX-OracleStrategy-000,GLBX-001,GLBX-1-788,MARKET,BUY,1,GTC,True,False,1,TAKER,6682.0,0.0,['0.00 USD'],NO_TRIGGER,FILLED,NO_CONTINGENCY,,,,MY_GENERIC_ALGO,,O-20260309-070653-001-000-1398,,c88ffb79-9791-4589-97c5-e5cd1598feeb,2026-03-09 07:06:53.417804063+00:00,2026-03-09 07:06:53.417804063+00:00
