{
  "starting_balance": 1000000.0,
  "final_equity": 1002936.75,
  "total_return_pct": 0.293675,
  "realized_pnl": 2936.75,
  "max_drawdown_pct": -0.0004992615921052764,
  "sharpe_ratio": 368.0754965637411,
  "trade_count": 971,
  "winners": 882,
  "losers": 64,
  "win_rate": 0.9083419155509783,
  "long_count": 480,
  "short_count": 491,
  "order_count": 2913,
  "fill_count": 1942,
  "total_commissions": 0.0,
  "mean_slippage": 0.0,
  "max_abs_slippage": 0.0
}