{
  "starting_balance": 1000000.0,
  "final_equity": 999946.75,
  "total_return_pct": -0.005325,
  "realized_pnl": -53.25,
  "max_drawdown_pct": -0.011099450577196428,
  "trade_count": 60,
  "winners": 16,
  "losers": 44,
  "win_rate": 0.26666666666666666,
  "long_count": 30,
  "short_count": 30,
  "order_count": 120,
  "fill_count": 120
}