trader_id,strategy_id,instrument_id,venue_order_id,position_id,account_id,last_trade_id,type,side,quantity,time_in_force,is_reduce_only,is_quote_quantity,filled_qty,liquidity_side,avg_px,slippage,commissions,emulation_trigger,status,contingency_type,order_list_id,linked_order_ids,parent_order_id,exec_algorithm_id,exec_algorithm_params,exec_spawn_id,tags,init_id,ts_init,ts_last
BACKTESTER-001,OracleStrategy-000,MESM6.GLBX,GLBX-1-001,MESM6.GLBX-OracleStrategy-000,GLBX-001,GLBX-1-001,MARKET,SELL,1,GTC,False,False,1,TAKER,6745.0,0.0,['0.00 USD'],NO_TRIGGER,FILLED,NO_CONTINGENCY,,,,MY_GENERIC_ALGO,,O-20260308-220000-001-000-1,,4c7ccd87-0508-4ad7-9e81-ce9e26a78e12,1773007200136210549,1773007200136210549
BACKTESTER-001,OracleStrategy-000,MESM6.GLBX,GLBX-1-002,MESM6.GLBX-OracleStrategy-000,GLBX-001,GLBX-1-002,MARKET,BUY,1,GTC,True,False,1,TAKER,6720.0,0.0,['0.00 USD'],NO_TRIGGER,FILLED,NO_CONTINGENCY,,,,MY_GENERIC_ALGO,,O-20260308-220040-001-000-2,,42afba9f-5707-4698-8a55-38d78476a1fc,1773007240372954511,1773007240372954511
BACKTESTER-001,OracleStrategy-000,MESM6.GLBX,GLBX-1-003,MESM6.GLBX-OracleStrategy-000,GLBX-001,GLBX-1-003,MARKET,BUY,1,GTC,False,False,1,TAKER,6720.0,0.0,['0.00 USD'],NO_TRIGGER,FILLED,NO_CONTINGENCY,,,,MY_GENERIC_ALGO,,O-20260308-220040-001-000-3,,24e90060-755a-4691-9f67-caa253ef5d17,1773007240372954511,1773007240372954511
BACKTESTER-001,OracleStrategy-000,MESM6.GLBX,GLBX-1-004,MESM6.GLBX-OracleStrategy-000,GLBX-001,GLBX-1-004,MARKET,SELL,1,GTC,True,False,1,TAKER,6720.0,0.0,['0.00 USD'],NO_TRIGGER,FILLED,NO_CONTINGENCY,,,,MY_GENERIC_ALGO,,O-20260308-220043-001-000-4,,19f9195e-a0dd-48d0-b934-7cd510ca31c0,1773007243544532484,1773007243544532484
BACKTESTER-001,OracleStrategy-000,MESM6.GLBX,GLBX-1-005,MESM6.GLBX-OracleStrategy-000,GLBX-001,GLBX-1-005,MARKET,SELL,1,GTC,False,False,1,TAKER,6720.0,0.0,['0.00 USD'],NO_TRIGGER,FILLED,NO_CONTINGENCY,,,,MY_GENERIC_ALGO,,O-20260308-220043-001-000-5,,ab9dd4c3-89b2-4f50-a3d7-c9b4c8efc5d1,1773007243544532484,1773007243544532484
BACKTESTER-001,OracleStrategy-000,MESM6.GLBX,GLBX-1-006,MESM6.GLBX-OracleStrategy-000,GLBX-001,GLBX-1-006,MARKET,BUY,1,GTC,True,False,1,TAKER,6711.0,0.0,['0.00 USD'],NO_TRIGGER,FILLED,NO_CONTINGENCY,,,,MY_GENERIC_ALGO,,O-20260308-220121-001-000-6,,c3661f9c-7884-4da9-a3bd-3e4810a4c54f,1773007281642410037,1773007281642410037
BACKTESTER-001,OracleStrategy-000,MESM6.GLBX,GLBX-1-007,MESM6.GLBX-OracleStrategy-000,GLBX-001,GLBX-1-007,MARKET,BUY,1,GTC,False,False,1,TAKER,6711.0,0.0,['0.00 USD'],NO_TRIGGER,FILLED,NO_CONTINGENCY,,,,MY_GENERIC_ALGO,,O-20260308-220121-001-000-7,,b6e50001-900a-4d66-a10d-3f52c06589f4,1773007281642410037,1773007281642410037
BACKTESTER-001,OracleStrategy-000,MESM6.GLBX,GLBX-1-008,MESM6.GLBX-OracleStrategy-000,GLBX-001,GLBX-1-008,MARKET,SELL,1,GTC,True,False,1,TAKER,6708.5,0.0,['0.00 USD'],NO_TRIGGER,FILLED,NO_CONTINGENCY,,,,MY_GENERIC_ALGO,,O-20260308-220124-001-000-8,,b2f897bf-b41d-4fd8-88f0-5dea052c76b8,1773007284270974314,1773007284270974314
BACKTESTER-001,OracleStrategy-000,MESM6.GLBX,,,,,MARKET,SELL,1,GTC,False,False,0,NO_LIQUIDITY_SIDE,,,,NO_TRIGGER,INITIALIZED,NO_CONTINGENCY,,,,MY_GENERIC_ALGO,,O-20260308-220124-001-000-9,,a78c0986-3598-4be4-9e19-5b7421b57718,1773007284270974314,1773007284270974314
BACKTESTER-001,OracleStrategy-000,MESM6.GLBX,,,,,MARKET,SELL,1,GTC,False,False,0,NO_LIQUIDITY_SIDE,,,,NO_TRIGGER,INITIALIZED,NO_CONTINGENCY,,,,MY_GENERIC_ALGO,,O-20260308-220126-001-000-10,,3c67c4cc-7dee-4428-8a61-bf57b51356c0,1773007286820633479,1773007286820633479
BACKTESTER-001,OracleStrategy-000,MESM6.GLBX,GLBX-1-009,MESM6.GLBX-OracleStrategy-000,GLBX-001,GLBX-1-009,MARKET,SELL,1,GTC,False,False,1,TAKER,6703.0,0.0,['0.00 USD'],NO_TRIGGER,FILLED,NO_CONTINGENCY,,,,MY_GENERIC_ALGO,,O-20260308-220132-001-000-11,,2b361b36-52f9-447b-a542-f9f423513569,1773007292648180471,1773007292648180471
BACKTESTER-001,OracleStrategy-000,MESM6.GLBX,GLBX-1-010,MESM6.GLBX-OracleStrategy-000,GLBX-001,GLBX-1-010,MARKET,BUY,1,GTC,True,False,1,TAKER,6697.0,0.0,['0.00 USD'],NO_TRIGGER,FILLED,NO_CONTINGENCY,,,,MY_GENERIC_ALGO,,O-20260308-220207-001-000-12,,cedf8b13-2c2c-48c7-92d2-63c1278f5ae6,1773007327565296856,1773007327565296856
BACKTESTER-001,OracleStrategy-000,MESM6.GLBX,GLBX-1-011,MESM6.GLBX-OracleStrategy-000,GLBX-001,GLBX-1-011,MARKET,BUY,1,GTC,False,False,1,TAKER,6697.0,0.0,['0.00 USD'],NO_TRIGGER,FILLED,NO_CONTINGENCY,,,,MY_GENERIC_ALGO,,O-20260308-220207-001-000-13,,ebd23284-f403-4e13-bf8f-d29ec1c4f461,1773007327565296856,1773007327565296856
BACKTESTER-001,OracleStrategy-000,MESM6.GLBX,GLBX-1-012,MESM6.GLBX-OracleStrategy-000,GLBX-001,GLBX-1-012,MARKET,SELL,1,GTC,True,False,1,TAKER,6697.75,0.0,['0.00 USD'],NO_TRIGGER,FILLED,NO_CONTINGENCY,,,,MY_GENERIC_ALGO,,O-20260308-220217-001-000-14,,3c3426f5-6915-4320-871a-818c29d2557a,1773007337413527063,1773007337413527063
BACKTESTER-001,OracleStrategy-000,MESM6.GLBX,,,,,MARKET,SELL,1,GTC,False,False,0,NO_LIQUIDITY_SIDE,,,,NO_TRIGGER,INITIALIZED,NO_CONTINGENCY,,,,MY_GENERIC_ALGO,,O-20260308-220217-001-000-15,,0d91a0bb-5f77-4064-a0bc-ae0382241ea5,1773007337413527063,1773007337413527063
BACKTESTER-001,OracleStrategy-000,MESM6.GLBX,,,,,MARKET,SELL,1,GTC,False,False,0,NO_LIQUIDITY_SIDE,,,,NO_TRIGGER,INITIALIZED,NO_CONTINGENCY,,,,MY_GENERIC_ALGO,,O-20260308-220223-001-000-16,,cc42618d-2c93-4e63-8293-bfe78a28fd22,1773007343998780586,1773007343998780586
BACKTESTER-001,OracleStrategy-000,MESM6.GLBX,GLBX-1-013,MESM6.GLBX-OracleStrategy-000,GLBX-001,GLBX-1-013,MARKET,SELL,1,GTC,False,False,1,TAKER,6698.0,0.0,['0.00 USD'],NO_TRIGGER,FILLED,NO_CONTINGENCY,,,,MY_GENERIC_ALGO,,O-20260308-220227-001-000-17,,a7968c03-0001-4a81-82f3-22dd32331d03,1773007347691375008,1773007347691375008
BACKTESTER-001,OracleStrategy-000,MESM6.GLBX,GLBX-1-014,MESM6.GLBX-OracleStrategy-000,GLBX-001,GLBX-1-014,MARKET,BUY,1,GTC,True,False,1,TAKER,6696.25,0.0,['0.00 USD'],NO_TRIGGER,FILLED,NO_CONTINGENCY,,,,MY_GENERIC_ALGO,,O-20260308-220241-001-000-18,,2eee9a6f-0ea3-4420-a6c8-cdfd663adb6f,1773007361213193896,1773007361213193896
BACKTESTER-001,OracleStrategy-000,MESM6.GLBX,,,,,MARKET,BUY,1,GTC,False,False,0,NO_LIQUIDITY_SIDE,,,,NO_TRIGGER,INITIALIZED,NO_CONTINGENCY,,,,MY_GENERIC_ALGO,,O-20260308-220241-001-000-19,,52a1e376-c6f5-4143-bd26-680504ae3d7e,1773007361213193896,1773007361213193896
BACKTESTER-001,OracleStrategy-000,MESM6.GLBX,,,,,MARKET,SELL,1,GTC,False,False,0,NO_LIQUIDITY_SIDE,,,,NO_TRIGGER,INITIALIZED,NO_CONTINGENCY,,,,MY_GENERIC_ALGO,,O-20260308-220245-001-000-20,,d68eae46-5949-4d4f-bf99-48725a8d1871,1773007365586807037,1773007365586807037
BACKTESTER-001,OracleStrategy-000,MESM6.GLBX,GLBX-1-015,MESM6.GLBX-OracleStrategy-000,GLBX-001,GLBX-1-015,MARKET,SELL,1,GTC,False,False,1,TAKER,6693.0,0.0,['0.00 USD'],NO_TRIGGER,FILLED,NO_CONTINGENCY,,,,MY_GENERIC_ALGO,,O-20260308-220249-001-000-21,,f4c455b8-f268-4eab-84f9-9b3e83163e4b,1773007369597315477,1773007369597315477
BACKTESTER-001,OracleStrategy-000,MESM6.GLBX,GLBX-1-016,MESM6.GLBX-OracleStrategy-000,GLBX-001,GLBX-1-016,MARKET,BUY,1,GTC,True,False,1,TAKER,6695.0,0.0,['0.00 USD'],NO_TRIGGER,FILLED,NO_CONTINGENCY,,,,MY_GENERIC_ALGO,,O-20260308-220251-001-000-22,,ac4d47b8-3a17-4a3f-9578-34a2987325ce,1773007371160079784,1773007371160079784
BACKTESTER-001,OracleStrategy-000,MESM6.GLBX,,,,,MARKET,BUY,1,GTC,False,False,0,NO_LIQUIDITY_SIDE,,,,NO_TRIGGER,INITIALIZED,NO_CONTINGENCY,,,,MY_GENERIC_ALGO,,O-20260308-220251-001-000-23,,856fd5a1-35ec-4725-9d47-d147b8d309a3,1773007371160079784,1773007371160079784
BACKTESTER-001,OracleStrategy-000,MESM6.GLBX,,,,,MARKET,BUY,1,GTC,False,False,0,NO_LIQUIDITY_SIDE,,,,NO_TRIGGER,INITIALIZED,NO_CONTINGENCY,,,,MY_GENERIC_ALGO,,O-20260308-220254-001-000-24,,5fd78255-569a-4e62-966f-e2497b2b7da0,1773007374720651898,1773007374720651898
BACKTESTER-001,OracleStrategy-000,MESM6.GLBX,GLBX-1-017,MESM6.GLBX-OracleStrategy-000,GLBX-001,GLBX-1-017,MARKET,BUY,1,GTC,False,False,1,TAKER,6689.75,0.0,['0.00 USD'],NO_TRIGGER,FILLED,NO_CONTINGENCY,,,,MY_GENERIC_ALGO,,O-20260308-220300-001-000-25,,8ddcc707-e71c-4e87-9a7a-30a37ce6aee6,1773007380220259792,1773007380220259792
BACKTESTER-001,OracleStrategy-000,MESM6.GLBX,GLBX-1-018,MESM6.GLBX-OracleStrategy-000,GLBX-001,GLBX-1-018,MARKET,SELL,1,GTC,True,False,1,TAKER,6699.5,0.0,['0.00 USD'],NO_TRIGGER,FILLED,NO_CONTINGENCY,,,,MY_GENERIC_ALGO,,O-20260308-220330-001-000-26,,b56dbe59-266b-40a2-8cf3-258a66ea0101,1773007410702788291,1773007410702788291
BACKTESTER-001,OracleStrategy-000,MESM6.GLBX,GLBX-1-019,MESM6.GLBX-OracleStrategy-000,GLBX-001,GLBX-1-019,MARKET,SELL,1,GTC,False,False,1,TAKER,6699.5,0.0,['0.00 USD'],NO_TRIGGER,FILLED,NO_CONTINGENCY,,,,MY_GENERIC_ALGO,,O-20260308-220330-001-000-27,,b1980fd3-61cf-4e4b-af00-1154a66e2ab5,1773007410702788291,1773007410702788291
BACKTESTER-001,OracleStrategy-000,MESM6.GLBX,GLBX-1-020,MESM6.GLBX-OracleStrategy-000,GLBX-001,GLBX-1-020,MARKET,BUY,1,GTC,True,False,1,TAKER,6701.25,0.0,['0.00 USD'],NO_TRIGGER,FILLED,NO_CONTINGENCY,,,,MY_GENERIC_ALGO,,O-20260308-220333-001-000-28,,d4dfb42c-6e3d-4417-b635-8cf15ecd387f,1773007413796182672,1773007413796182672
BACKTESTER-001,OracleStrategy-000,MESM6.GLBX,GLBX-1-021,MESM6.GLBX-OracleStrategy-000,GLBX-001,GLBX-1-021,MARKET,BUY,1,GTC,False,False,1,TAKER,6701.25,0.0,['0.00 USD'],NO_TRIGGER,FILLED,NO_CONTINGENCY,,,,MY_GENERIC_ALGO,,O-20260308-220333-001-000-29,,5e7dd72a-6def-4260-80f5-7a900dce26e3,1773007413796182672,1773007413796182672
BACKTESTER-001,OracleStrategy-000,MESM6.GLBX,GLBX-1-022,MESM6.GLBX-OracleStrategy-000,GLBX-001,GLBX-1-022,MARKET,SELL,1,GTC,True,False,1,TAKER,6703.0,0.0,['0.00 USD'],NO_TRIGGER,FILLED,NO_CONTINGENCY,,,,MY_GENERIC_ALGO,,O-20260308-220338-001-000-30,,25ad47f4-86b6-418e-b7c3-e3d026ba2498,1773007418616748022,1773007418616748022
BACKTESTER-001,OracleStrategy-000,MESM6.GLBX,GLBX-1-023,MESM6.GLBX-OracleStrategy-000,GLBX-001,GLBX-1-023,MARKET,SELL,1,GTC,False,False,1,TAKER,6703.0,0.0,['0.00 USD'],NO_TRIGGER,FILLED,NO_CONTINGENCY,,,,MY_GENERIC_ALGO,,O-20260308-220338-001-000-31,,74d9ec9a-eff9-43eb-bba8-8c3020588a07,1773007418616748022,1773007418616748022
BACKTESTER-001,OracleStrategy-000,MESM6.GLBX,GLBX-1-024,MESM6.GLBX-OracleStrategy-000,GLBX-001,GLBX-1-024,MARKET,BUY,1,GTC,True,False,1,TAKER,6702.5,0.0,['0.00 USD'],NO_TRIGGER,FILLED,NO_CONTINGENCY,,,,MY_GENERIC_ALGO,,O-20260308-220339-001-000-32,,2e5206ed-9fc0-481a-8afb-6464e6803b33,1773007419894842613,1773007419894842613
BACKTESTER-001,OracleStrategy-000,MESM6.GLBX,GLBX-1-025,MESM6.GLBX-OracleStrategy-000,GLBX-001,GLBX-1-025,MARKET,BUY,1,GTC,False,False,1,TAKER,6702.5,0.0,['0.00 USD'],NO_TRIGGER,FILLED,NO_CONTINGENCY,,,,MY_GENERIC_ALGO,,O-20260308-220339-001-000-33,,d8d98b76-b1d0-4420-a1b3-5273f5a435ca,1773007419894842613,1773007419894842613
BACKTESTER-001,OracleStrategy-000,MESM6.GLBX,GLBX-1-026,MESM6.GLBX-OracleStrategy-000,GLBX-001,GLBX-1-026,MARKET,SELL,1,GTC,True,False,1,TAKER,6702.5,0.0,['0.00 USD'],NO_TRIGGER,FILLED,NO_CONTINGENCY,,,,MY_GENERIC_ALGO,,O-20260308-220357-001-000-34,,00b984d5-73ea-4d13-a7bc-7b43104827c9,1773007437737283339,1773007437737283339
BACKTESTER-001,OracleStrategy-000,MESM6.GLBX,GLBX-1-027,MESM6.GLBX-OracleStrategy-000,GLBX-001,GLBX-1-027,MARKET,SELL,1,GTC,False,False,1,TAKER,6702.5,0.0,['0.00 USD'],NO_TRIGGER,FILLED,NO_CONTINGENCY,,,,MY_GENERIC_ALGO,,O-20260308-220357-001-000-35,,f24bc4ee-9486-4444-8743-3d9d6ecf8cbd,1773007437737283339,1773007437737283339
BACKTESTER-001,OracleStrategy-000,MESM6.GLBX,GLBX-1-028,MESM6.GLBX-OracleStrategy-000,GLBX-001,GLBX-1-028,MARKET,BUY,1,GTC,True,False,1,TAKER,6702.5,0.0,['0.00 USD'],NO_TRIGGER,FILLED,NO_CONTINGENCY,,,,MY_GENERIC_ALGO,,O-20260308-220417-001-000-36,,984d2d51-41b8-4b2e-8397-5d505803fb7a,1773007457770426699,1773007457770426699
BACKTESTER-001,OracleStrategy-000,MESM6.GLBX,GLBX-1-029,MESM6.GLBX-OracleStrategy-000,GLBX-001,GLBX-1-029,MARKET,BUY,1,GTC,False,False,1,TAKER,6702.5,0.0,['0.00 USD'],NO_TRIGGER,FILLED,NO_CONTINGENCY,,,,MY_GENERIC_ALGO,,O-20260308-220417-001-000-37,,d1b348c7-f66b-4e81-86a2-23d1f59757e7,1773007457770426699,1773007457770426699
BACKTESTER-001,OracleStrategy-000,MESM6.GLBX,GLBX-1-030,MESM6.GLBX-OracleStrategy-000,GLBX-001,GLBX-1-030,MARKET,SELL,1,GTC,True,False,1,TAKER,6700.75,0.0,['0.00 USD'],NO_TRIGGER,FILLED,NO_CONTINGENCY,,,,MY_GENERIC_ALGO,,O-20260308-220418-001-000-38,,501c9eca-e219-44ed-801f-1448b62f5d67,1773007458921533951,1773007458921533951
BACKTESTER-001,OracleStrategy-000,MESM6.GLBX,GLBX-1-031,MESM6.GLBX-OracleStrategy-000,GLBX-001,GLBX-1-031,MARKET,SELL,1,GTC,False,False,1,TAKER,6700.75,0.0,['0.00 USD'],NO_TRIGGER,FILLED,NO_CONTINGENCY,,,,MY_GENERIC_ALGO,,O-20260308-220418-001-000-39,,dd52d2c9-56f2-49fd-98a6-668f5533acc0,1773007458921533951,1773007458921533951
BACKTESTER-001,OracleStrategy-000,MESM6.GLBX,GLBX-1-032,MESM6.GLBX-OracleStrategy-000,GLBX-001,GLBX-1-032,MARKET,BUY,1,GTC,True,False,1,TAKER,6695.25,0.0,['0.00 USD'],NO_TRIGGER,FILLED,NO_CONTINGENCY,,,,MY_GENERIC_ALGO,,O-20260308-220431-001-000-40,,037fcea4-6dac-45b5-8768-59c328604c55,1773007471799008707,1773007471799008707
BACKTESTER-001,OracleStrategy-000,MESM6.GLBX,GLBX-1-033,MESM6.GLBX-OracleStrategy-000,GLBX-001,GLBX-1-033,MARKET,BUY,1,GTC,False,False,1,TAKER,6695.25,0.0,['0.00 USD'],NO_TRIGGER,FILLED,NO_CONTINGENCY,,,,MY_GENERIC_ALGO,,O-20260308-220431-001-000-41,,6ca76a0b-d2ce-4615-ac42-4a81429f0b48,1773007471799008707,1773007471799008707
BACKTESTER-001,OracleStrategy-000,MESM6.GLBX,GLBX-1-034,MESM6.GLBX-OracleStrategy-000,GLBX-001,GLBX-1-034,MARKET,SELL,1,GTC,True,False,1,TAKER,6699.0,0.0,['0.00 USD'],NO_TRIGGER,FILLED,NO_CONTINGENCY,,,,MY_GENERIC_ALGO,,O-20260308-220447-001-000-42,,9f07d82e-7871-4e69-9c6a-bd9be1c65869,1773007487450960355,1773007487450960355
BACKTESTER-001,OracleStrategy-000,MESM6.GLBX,GLBX-1-035,MESM6.GLBX-OracleStrategy-000,GLBX-001,GLBX-1-035,MARKET,SELL,1,GTC,False,False,1,TAKER,6699.0,0.0,['0.00 USD'],NO_TRIGGER,FILLED,NO_CONTINGENCY,,,,MY_GENERIC_ALGO,,O-20260308-220447-001-000-43,,13d32c13-41e9-4784-8322-f76098f09343,1773007487450960355,1773007487450960355
BACKTESTER-001,OracleStrategy-000,MESM6.GLBX,GLBX-1-036,MESM6.GLBX-OracleStrategy-000,GLBX-001,GLBX-1-036,MARKET,BUY,1,GTC,True,False,1,TAKER,6689.0,0.0,['0.00 USD'],NO_TRIGGER,FILLED,NO_CONTINGENCY,,,,MY_GENERIC_ALGO,,O-20260308-220520-001-000-44,,12b4cbb6-c665-4a8b-90db-db0e09b2656b,1773007520672755643,1773007520672755643
BACKTESTER-001,OracleStrategy-000,MESM6.GLBX,GLBX-1-037,MESM6.GLBX-OracleStrategy-000,GLBX-001,GLBX-1-037,MARKET,BUY,1,GTC,False,False,1,TAKER,6689.0,0.0,['0.00 USD'],NO_TRIGGER,FILLED,NO_CONTINGENCY,,,,MY_GENERIC_ALGO,,O-20260308-220520-001-000-45,,bd0ca3b0-8189-4a04-b2ad-b03016099139,1773007520672755643,1773007520672755643
BACKTESTER-001,OracleStrategy-000,MESM6.GLBX,GLBX-1-038,MESM6.GLBX-OracleStrategy-000,GLBX-001,GLBX-1-038,MARKET,SELL,1,GTC,True,False,1,TAKER,6687.75,0.0,['0.00 USD'],NO_TRIGGER,FILLED,NO_CONTINGENCY,,,,MY_GENERIC_ALGO,,O-20260308-220521-001-000-46,,2a49a869-6a9e-4c94-a8ca-f358f786212e,1773007521838041397,1773007521838041397
BACKTESTER-001,OracleStrategy-000,MESM6.GLBX,,,,,MARKET,SELL,1,GTC,False,False,0,NO_LIQUIDITY_SIDE,,,,NO_TRIGGER,INITIALIZED,NO_CONTINGENCY,,,,MY_GENERIC_ALGO,,O-20260308-220521-001-000-47,,7d7fd0c5-486d-49ff-9bbb-21e75078addb,1773007521838041397,1773007521838041397
BACKTESTER-001,OracleStrategy-000,MESM6.GLBX,,,,,MARKET,BUY,1,GTC,False,False,0,NO_LIQUIDITY_SIDE,,,,NO_TRIGGER,INITIALIZED,NO_CONTINGENCY,,,,MY_GENERIC_ALGO,,O-20260308-220527-001-000-48,,769e458b-e5fb-4fb8-b945-bc90d26faebb,1773007527450625877,1773007527450625877
BACKTESTER-001,OracleStrategy-000,MESM6.GLBX,GLBX-1-039,MESM6.GLBX-OracleStrategy-000,GLBX-001,GLBX-1-039,MARKET,BUY,1,GTC,False,False,1,TAKER,6687.25,0.0,['0.00 USD'],NO_TRIGGER,FILLED,NO_CONTINGENCY,,,,MY_GENERIC_ALGO,,O-20260308-220533-001-000-49,,27ea5dee-d07e-49c4-97ed-8d6f0c98f833,1773007533964735904,1773007533964735904
BACKTESTER-001,OracleStrategy-000,MESM6.GLBX,GLBX-1-040,MESM6.GLBX-OracleStrategy-000,GLBX-001,GLBX-1-040,MARKET,SELL,1,GTC,True,False,1,TAKER,6684.75,0.0,['0.00 USD'],NO_TRIGGER,FILLED,NO_CONTINGENCY,,,,MY_GENERIC_ALGO,,O-20260308-220536-001-000-50,,65b5088d-9f76-465e-b843-a29465369fbd,1773007536899160089,1773007536899160089
BACKTESTER-001,OracleStrategy-000,MESM6.GLBX,GLBX-1-041,MESM6.GLBX-OracleStrategy-000,GLBX-001,GLBX-1-041,MARKET,SELL,1,GTC,False,False,1,TAKER,6684.75,0.0,['0.00 USD'],NO_TRIGGER,FILLED,NO_CONTINGENCY,,,,MY_GENERIC_ALGO,,O-20260308-220536-001-000-51,,783e0298-ccbd-425d-b9f1-b06ebce8ca09,1773007536899160089,1773007536899160089
BACKTESTER-001,OracleStrategy-000,MESM6.GLBX,GLBX-1-042,MESM6.GLBX-OracleStrategy-000,GLBX-001,GLBX-1-042,MARKET,BUY,1,GTC,True,False,1,TAKER,6685.5,0.0,['0.00 USD'],NO_TRIGGER,FILLED,NO_CONTINGENCY,,,,MY_GENERIC_ALGO,,O-20260308-220552-001-000-52,,58ec8bc2-e772-4f91-b869-a3a4a6c83a0f,1773007552587402346,1773007552587402346
BACKTESTER-001,OracleStrategy-000,MESM6.GLBX,,,,,MARKET,BUY,1,GTC,False,False,0,NO_LIQUIDITY_SIDE,,,,NO_TRIGGER,INITIALIZED,NO_CONTINGENCY,,,,MY_GENERIC_ALGO,,O-20260308-220552-001-000-53,,5eb32985-1b3a-4817-a958-2cce172fadf0,1773007552587402346,1773007552587402346
BACKTESTER-001,OracleStrategy-000,MESM6.GLBX,,,,,MARKET,BUY,1,GTC,False,False,0,NO_LIQUIDITY_SIDE,,,,NO_TRIGGER,INITIALIZED,NO_CONTINGENCY,,,,MY_GENERIC_ALGO,,O-20260308-220553-001-000-54,,7c93b1b2-77b5-4465-962d-b1f32309cbeb,1773007553774567627,1773007553774567627
BACKTESTER-001,OracleStrategy-000,MESM6.GLBX,GLBX-1-043,MESM6.GLBX-OracleStrategy-000,GLBX-001,GLBX-1-043,MARKET,BUY,1,GTC,False,False,1,TAKER,6685.0,0.0,['0.00 USD'],NO_TRIGGER,FILLED,NO_CONTINGENCY,,,,MY_GENERIC_ALGO,,O-20260308-220555-001-000-55,,b14a8c88-b3b0-4668-9fef-879682e107c6,1773007555356494386,1773007555356494386
BACKTESTER-001,OracleStrategy-000,MESM6.GLBX,GLBX-1-044,MESM6.GLBX-OracleStrategy-000,GLBX-001,GLBX-1-044,MARKET,SELL,1,GTC,True,False,1,TAKER,6688.25,0.0,['0.00 USD'],NO_TRIGGER,FILLED,NO_CONTINGENCY,,,,MY_GENERIC_ALGO,,O-20260308-220557-001-000-56,,d49dfb0c-10ed-4a31-ada6-aae585d10547,1773007557912930971,1773007557912930971
BACKTESTER-001,OracleStrategy-000,MESM6.GLBX,GLBX-1-045,MESM6.GLBX-OracleStrategy-000,GLBX-001,GLBX-1-045,MARKET,SELL,1,GTC,False,False,1,TAKER,6688.25,0.0,['0.00 USD'],NO_TRIGGER,FILLED,NO_CONTINGENCY,,,,MY_GENERIC_ALGO,,O-20260308-220557-001-000-57,,353573e5-1a6b-4883-8e0a-8470d78cf7f4,1773007557912930971,1773007557912930971
BACKTESTER-001,OracleStrategy-000,MESM6.GLBX,GLBX-1-046,MESM6.GLBX-OracleStrategy-000,GLBX-001,GLBX-1-046,MARKET,BUY,1,GTC,True,False,1,TAKER,6684.5,0.0,['0.00 USD'],NO_TRIGGER,FILLED,NO_CONTINGENCY,,,,MY_GENERIC_ALGO,,O-20260308-220623-001-000-58,,eda3e2eb-7dc9-4a24-884e-3736e3120d4e,1773007583617088584,1773007583617088584
BACKTESTER-001,OracleStrategy-000,MESM6.GLBX,GLBX-1-047,MESM6.GLBX-OracleStrategy-000,GLBX-001,GLBX-1-047,MARKET,BUY,1,GTC,False,False,1,TAKER,6684.5,0.0,['0.00 USD'],NO_TRIGGER,FILLED,NO_CONTINGENCY,,,,MY_GENERIC_ALGO,,O-20260308-220623-001-000-59,,b6ab81ae-2ae2-4904-9d20-108c7cc7e04f,1773007583617088584,1773007583617088584
BACKTESTER-001,OracleStrategy-000,MESM6.GLBX,GLBX-1-048,MESM6.GLBX-OracleStrategy-000,GLBX-001,GLBX-1-048,MARKET,SELL,1,GTC,True,False,1,TAKER,6684.75,0.0,['0.00 USD'],NO_TRIGGER,FILLED,NO_CONTINGENCY,,,,MY_GENERIC_ALGO,,O-20260308-220630-001-000-60,,c863c629-6f85-4db9-b916-aac83b171c51,1773007590831709572,1773007590831709572
BACKTESTER-001,OracleStrategy-000,MESM6.GLBX,GLBX-1-049,MESM6.GLBX-OracleStrategy-000,GLBX-001,GLBX-1-049,MARKET,SELL,1,GTC,False,False,1,TAKER,6684.75,0.0,['0.00 USD'],NO_TRIGGER,FILLED,NO_CONTINGENCY,,,,MY_GENERIC_ALGO,,O-20260308-220630-001-000-61,,9925c947-f7fa-47b1-a3c0-dd078af82777,1773007590831709572,1773007590831709572
BACKTESTER-001,OracleStrategy-000,MESM6.GLBX,GLBX-1-050,MESM6.GLBX-OracleStrategy-000,GLBX-001,GLBX-1-050,MARKET,BUY,1,GTC,True,False,1,TAKER,6683.0,0.0,['0.00 USD'],NO_TRIGGER,FILLED,NO_CONTINGENCY,,,,MY_GENERIC_ALGO,,O-20260308-220634-001-000-62,,d5a88f97-5eec-4537-bbe9-8f5436dbb38a,1773007594847163527,1773007594847163527
BACKTESTER-001,OracleStrategy-000,MESM6.GLBX,GLBX-1-051,MESM6.GLBX-OracleStrategy-000,GLBX-001,GLBX-1-051,MARKET,BUY,1,GTC,False,False,1,TAKER,6683.0,0.0,['0.00 USD'],NO_TRIGGER,FILLED,NO_CONTINGENCY,,,,MY_GENERIC_ALGO,,O-20260308-220634-001-000-63,,89d25a21-cbdd-4967-b590-d58e75ed4c33,1773007594847163527,1773007594847163527
BACKTESTER-001,OracleStrategy-000,MESM6.GLBX,GLBX-1-052,MESM6.GLBX-OracleStrategy-000,GLBX-001,GLBX-1-052,MARKET,SELL,1,GTC,True,False,1,TAKER,6681.75,0.0,['0.00 USD'],NO_TRIGGER,FILLED,NO_CONTINGENCY,,,,MY_GENERIC_ALGO,,O-20260308-220638-001-000-64,,d19d401b-3334-4766-a765-4e7081cedade,1773007598617316387,1773007598617316387
BACKTESTER-001,OracleStrategy-000,MESM6.GLBX,,,,,MARKET,SELL,1,GTC,False,False,0,NO_LIQUIDITY_SIDE,,,,NO_TRIGGER,INITIALIZED,NO_CONTINGENCY,,,,MY_GENERIC_ALGO,,O-20260308-220638-001-000-65,,7168fe76-67cd-4125-89bc-18dd1f8f2c54,1773007598617316387,1773007598617316387
BACKTESTER-001,OracleStrategy-000,MESM6.GLBX,,,,,MARKET,BUY,1,GTC,False,False,0,NO_LIQUIDITY_SIDE,,,,NO_TRIGGER,INITIALIZED,NO_CONTINGENCY,,,,MY_GENERIC_ALGO,,O-20260308-220640-001-000-66,,50ab17b6-6d17-44d0-803c-f3cabc408caf,1773007600981714431,1773007600981714431
BACKTESTER-001,OracleStrategy-000,MESM6.GLBX,GLBX-1-053,MESM6.GLBX-OracleStrategy-000,GLBX-001,GLBX-1-053,MARKET,SELL,1,GTC,False,False,1,TAKER,6681.0,0.0,['0.00 USD'],NO_TRIGGER,FILLED,NO_CONTINGENCY,,,,MY_GENERIC_ALGO,,O-20260308-220643-001-000-67,,d986fddf-7fcc-4f2f-8ca3-74e1fb251330,1773007603474451595,1773007603474451595
BACKTESTER-001,OracleStrategy-000,MESM6.GLBX,GLBX-1-054,MESM6.GLBX-OracleStrategy-000,GLBX-001,GLBX-1-054,MARKET,BUY,1,GTC,True,False,1,TAKER,6677.5,0.0,['0.00 USD'],NO_TRIGGER,FILLED,NO_CONTINGENCY,,,,MY_GENERIC_ALGO,,O-20260308-220649-001-000-68,,e36219be-18a5-4f8a-96f9-8b41cc0a50b8,1773007609915777289,1773007609915777289
BACKTESTER-001,OracleStrategy-000,MESM6.GLBX,GLBX-1-055,MESM6.GLBX-OracleStrategy-000,GLBX-001,GLBX-1-055,MARKET,BUY,1,GTC,False,False,1,TAKER,6677.5,0.0,['0.00 USD'],NO_TRIGGER,FILLED,NO_CONTINGENCY,,,,MY_GENERIC_ALGO,,O-20260308-220649-001-000-69,,0b57ee8a-ae13-4cde-9c1c-832ee0fb5290,1773007609915777289,1773007609915777289
BACKTESTER-001,OracleStrategy-000,MESM6.GLBX,GLBX-1-056,MESM6.GLBX-OracleStrategy-000,GLBX-001,GLBX-1-056,MARKET,SELL,1,GTC,True,False,1,TAKER,6689.0,0.0,['0.00 USD'],NO_TRIGGER,FILLED,NO_CONTINGENCY,,,,MY_GENERIC_ALGO,,O-20260308-220717-001-000-70,,5203c279-566b-45c0-81ef-afd0079450e6,1773007637308895248,1773007637308895248
BACKTESTER-001,OracleStrategy-000,MESM6.GLBX,GLBX-1-057,MESM6.GLBX-OracleStrategy-000,GLBX-001,GLBX-1-057,MARKET,SELL,1,GTC,False,False,1,TAKER,6689.0,0.0,['0.00 USD'],NO_TRIGGER,FILLED,NO_CONTINGENCY,,,,MY_GENERIC_ALGO,,O-20260308-220717-001-000-71,,453fce23-126a-443a-8606-07326dae4cba,1773007637308895248,1773007637308895248
BACKTESTER-001,OracleStrategy-000,MESM6.GLBX,GLBX-1-058,MESM6.GLBX-OracleStrategy-000,GLBX-001,GLBX-1-058,MARKET,BUY,1,GTC,True,False,1,TAKER,6688.5,0.0,['0.00 USD'],NO_TRIGGER,FILLED,NO_CONTINGENCY,,,,MY_GENERIC_ALGO,,O-20260308-220718-001-000-72,,e1ba8386-68a5-41f6-ace6-3a058b8f4c0a,1773007638848923754,1773007638848923754
BACKTESTER-001,OracleStrategy-000,MESM6.GLBX,GLBX-1-059,MESM6.GLBX-OracleStrategy-000,GLBX-001,GLBX-1-059,MARKET,BUY,1,GTC,False,False,1,TAKER,6688.5,0.0,['0.00 USD'],NO_TRIGGER,FILLED,NO_CONTINGENCY,,,,MY_GENERIC_ALGO,,O-20260308-220718-001-000-73,,eca01b94-bf3b-4f06-a67a-a12dfd2059c5,1773007638848923754,1773007638848923754
BACKTESTER-001,OracleStrategy-000,MESM6.GLBX,GLBX-1-060,MESM6.GLBX-OracleStrategy-000,GLBX-001,GLBX-1-060,MARKET,SELL,1,GTC,True,False,1,TAKER,6687.0,0.0,['0.00 USD'],NO_TRIGGER,FILLED,NO_CONTINGENCY,,,,MY_GENERIC_ALGO,,O-20260308-220734-001-000-74,,1de16ee6-4275-4c3a-b789-89352e6d15d4,1773007654028013525,1773007654028013525
BACKTESTER-001,OracleStrategy-000,MESM6.GLBX,,,,,MARKET,SELL,1,GTC,False,False,0,NO_LIQUIDITY_SIDE,,,,NO_TRIGGER,INITIALIZED,NO_CONTINGENCY,,,,MY_GENERIC_ALGO,,O-20260308-220734-001-000-75,,9338d48d-8d98-4201-8cb8-d22267cb8943,1773007654028013525,1773007654028013525
BACKTESTER-001,OracleStrategy-000,MESM6.GLBX,,,,,MARKET,SELL,1,GTC,False,False,0,NO_LIQUIDITY_SIDE,,,,NO_TRIGGER,INITIALIZED,NO_CONTINGENCY,,,,MY_GENERIC_ALGO,,O-20260308-220737-001-000-76,,b4e59428-f59f-4fe3-bc2e-f6f4e62b4967,1773007657722397928,1773007657722397928
BACKTESTER-001,OracleStrategy-000,MESM6.GLBX,GLBX-1-061,MESM6.GLBX-OracleStrategy-000,GLBX-001,GLBX-1-061,MARKET,SELL,1,GTC,False,False,1,TAKER,6690.75,0.0,['0.00 USD'],NO_TRIGGER,FILLED,NO_CONTINGENCY,,,,MY_GENERIC_ALGO,,O-20260308-220743-001-000-77,,d1d1403c-1180-43fd-b618-f55e13b8acb7,1773007663397329904,1773007663397329904
BACKTESTER-001,OracleStrategy-000,MESM6.GLBX,GLBX-1-062,MESM6.GLBX-OracleStrategy-000,GLBX-001,GLBX-1-062,MARKET,BUY,1,GTC,True,False,1,TAKER,6690.5,0.0,['0.00 USD'],NO_TRIGGER,FILLED,NO_CONTINGENCY,,,,MY_GENERIC_ALGO,,O-20260308-220748-001-000-78,,d9f689af-a586-45d2-90f6-1c6203a23bec,1773007668714067354,1773007668714067354
BACKTESTER-001,OracleStrategy-000,MESM6.GLBX,GLBX-1-063,MESM6.GLBX-OracleStrategy-000,GLBX-001,GLBX-1-063,MARKET,BUY,1,GTC,False,False,1,TAKER,6690.5,0.0,['0.00 USD'],NO_TRIGGER,FILLED,NO_CONTINGENCY,,,,MY_GENERIC_ALGO,,O-20260308-220748-001-000-79,,e4c32424-8645-403d-afae-a4884e611650,1773007668714067354,1773007668714067354
BACKTESTER-001,OracleStrategy-000,MESM6.GLBX,GLBX-1-064,MESM6.GLBX-OracleStrategy-000,GLBX-001,GLBX-1-064,MARKET,SELL,1,GTC,True,False,1,TAKER,6688.5,0.0,['0.00 USD'],NO_TRIGGER,FILLED,NO_CONTINGENCY,,,,MY_GENERIC_ALGO,,O-20260308-220752-001-000-80,,3d24ccc3-1272-428e-9ba1-a4184e81973c,1773007672747677669,1773007672747677669
BACKTESTER-001,OracleStrategy-000,MESM6.GLBX,GLBX-1-065,MESM6.GLBX-OracleStrategy-000,GLBX-001,GLBX-1-065,MARKET,SELL,1,GTC,False,False,1,TAKER,6688.5,0.0,['0.00 USD'],NO_TRIGGER,FILLED,NO_CONTINGENCY,,,,MY_GENERIC_ALGO,,O-20260308-220752-001-000-81,,f43cc1ef-fc74-4ccd-84ae-9bfe5441526e,1773007672747677669,1773007672747677669
BACKTESTER-001,OracleStrategy-000,MESM6.GLBX,GLBX-1-066,MESM6.GLBX-OracleStrategy-000,GLBX-001,GLBX-1-066,MARKET,BUY,1,GTC,True,False,1,TAKER,6681.5,0.0,['0.00 USD'],NO_TRIGGER,FILLED,NO_CONTINGENCY,,,,MY_GENERIC_ALGO,,O-20260308-220823-001-000-82,,ffb29e58-66ed-410c-b914-2814663494a8,1773007703016090441,1773007703016090441
BACKTESTER-001,OracleStrategy-000,MESM6.GLBX,GLBX-1-067,MESM6.GLBX-OracleStrategy-000,GLBX-001,GLBX-1-067,MARKET,BUY,1,GTC,False,False,1,TAKER,6681.5,0.0,['0.00 USD'],NO_TRIGGER,FILLED,NO_CONTINGENCY,,,,MY_GENERIC_ALGO,,O-20260308-220823-001-000-83,,3b7bd1fd-09ed-4c06-bc6f-b7d76dbb38ff,1773007703016090441,1773007703016090441
BACKTESTER-001,OracleStrategy-000,MESM6.GLBX,GLBX-1-068,MESM6.GLBX-OracleStrategy-000,GLBX-001,GLBX-1-068,MARKET,SELL,1,GTC,True,False,1,TAKER,6680.25,0.0,['0.00 USD'],NO_TRIGGER,FILLED,NO_CONTINGENCY,,,,MY_GENERIC_ALGO,,O-20260308-220839-001-000-84,,02d91ece-f059-4d62-8556-1d8155cf9e5d,1773007719809312072,1773007719809312072
BACKTESTER-001,OracleStrategy-000,MESM6.GLBX,GLBX-1-069,MESM6.GLBX-OracleStrategy-000,GLBX-001,GLBX-1-069,MARKET,SELL,1,GTC,False,False,1,TAKER,6680.25,0.0,['0.00 USD'],NO_TRIGGER,FILLED,NO_CONTINGENCY,,,,MY_GENERIC_ALGO,,O-20260308-220839-001-000-85,,6e021b17-504a-4df6-8e41-8919eb17f685,1773007719809312072,1773007719809312072
BACKTESTER-001,OracleStrategy-000,MESM6.GLBX,GLBX-1-070,MESM6.GLBX-OracleStrategy-000,GLBX-001,GLBX-1-070,MARKET,BUY,1,GTC,True,False,1,TAKER,6676.75,0.0,['0.00 USD'],NO_TRIGGER,FILLED,NO_CONTINGENCY,,,,MY_GENERIC_ALGO,,O-20260308-220855-001-000-86,,0bff2ac2-397a-4b46-ab4e-0d88db4b5b03,1773007735411551495,1773007735411551495
BACKTESTER-001,OracleStrategy-000,MESM6.GLBX,GLBX-1-071,MESM6.GLBX-OracleStrategy-000,GLBX-001,GLBX-1-071,MARKET,BUY,1,GTC,False,False,1,TAKER,6676.75,0.0,['0.00 USD'],NO_TRIGGER,FILLED,NO_CONTINGENCY,,,,MY_GENERIC_ALGO,,O-20260308-220855-001-000-87,,ecf7e37b-8606-4746-866f-f87b6d1a855f,1773007735411551495,1773007735411551495
BACKTESTER-001,OracleStrategy-000,MESM6.GLBX,GLBX-1-072,MESM6.GLBX-OracleStrategy-000,GLBX-001,GLBX-1-072,MARKET,SELL,1,GTC,True,False,1,TAKER,6678.25,0.0,['0.00 USD'],NO_TRIGGER,FILLED,NO_CONTINGENCY,,,,MY_GENERIC_ALGO,,O-20260308-220903-001-000-88,,e8f13385-489e-4610-95d3-83c00d6817b6,1773007743706494357,1773007743706494357
BACKTESTER-001,OracleStrategy-000,MESM6.GLBX,GLBX-1-073,MESM6.GLBX-OracleStrategy-000,GLBX-001,GLBX-1-073,MARKET,SELL,1,GTC,False,False,1,TAKER,6678.25,0.0,['0.00 USD'],NO_TRIGGER,FILLED,NO_CONTINGENCY,,,,MY_GENERIC_ALGO,,O-20260308-220903-001-000-89,,2e92f532-1d9e-4d4c-9f15-83c3c01f9ac3,1773007743706494357,1773007743706494357
BACKTESTER-001,OracleStrategy-000,MESM6.GLBX,GLBX-1-074,MESM6.GLBX-OracleStrategy-000,GLBX-001,GLBX-1-074,MARKET,BUY,1,GTC,True,False,1,TAKER,6673.5,0.0,['0.00 USD'],NO_TRIGGER,FILLED,NO_CONTINGENCY,,,,MY_GENERIC_ALGO,,O-20260308-220917-001-000-90,,31f961c1-ecee-4a50-b280-790b6b0b0faf,1773007757069366323,1773007757069366323
BACKTESTER-001,OracleStrategy-000,MESM6.GLBX,GLBX-1-075,MESM6.GLBX-OracleStrategy-000,GLBX-001,GLBX-1-075,MARKET,BUY,1,GTC,False,False,1,TAKER,6673.5,0.0,['0.00 USD'],NO_TRIGGER,FILLED,NO_CONTINGENCY,,,,MY_GENERIC_ALGO,,O-20260308-220917-001-000-91,,b6ef1116-edc7-4f96-94a2-6328b0ea1bf5,1773007757069366323,1773007757069366323
BACKTESTER-001,OracleStrategy-000,MESM6.GLBX,GLBX-1-076,MESM6.GLBX-OracleStrategy-000,GLBX-001,GLBX-1-076,MARKET,SELL,1,GTC,True,False,1,TAKER,6671.75,0.0,['0.00 USD'],NO_TRIGGER,FILLED,NO_CONTINGENCY,,,,MY_GENERIC_ALGO,,O-20260308-220923-001-000-92,,676c3aa8-725d-437d-a175-2c70352839ec,1773007763000641543,1773007763000641543
BACKTESTER-001,OracleStrategy-000,MESM6.GLBX,,,,,MARKET,SELL,1,GTC,False,False,0,NO_LIQUIDITY_SIDE,,,,NO_TRIGGER,INITIALIZED,NO_CONTINGENCY,,,,MY_GENERIC_ALGO,,O-20260308-220923-001-000-93,,6cb2b460-409a-458b-b62f-ec2aeb51cbbc,1773007763000641543,1773007763000641543
BACKTESTER-001,OracleStrategy-000,MESM6.GLBX,,,,,MARKET,BUY,1,GTC,False,False,0,NO_LIQUIDITY_SIDE,,,,NO_TRIGGER,INITIALIZED,NO_CONTINGENCY,,,,MY_GENERIC_ALGO,,O-20260308-220926-001-000-94,,944dde2c-58cd-4b86-8406-ed8b722f25f5,1773007766057937967,1773007766057937967
BACKTESTER-001,OracleStrategy-000,MESM6.GLBX,GLBX-1-077,MESM6.GLBX-OracleStrategy-000,GLBX-001,GLBX-1-077,MARKET,BUY,1,GTC,False,False,1,TAKER,6671.25,0.0,['0.00 USD'],NO_TRIGGER,FILLED,NO_CONTINGENCY,,,,MY_GENERIC_ALGO,,O-20260308-220927-001-000-95,,c603e2dc-c593-4b16-9565-656707a4f52e,1773007767062049294,1773007767062049294
BACKTESTER-001,OracleStrategy-000,MESM6.GLBX,GLBX-1-078,MESM6.GLBX-OracleStrategy-000,GLBX-001,GLBX-1-078,MARKET,SELL,1,GTC,True,False,1,TAKER,6670.5,0.0,['0.00 USD'],NO_TRIGGER,FILLED,NO_CONTINGENCY,,,,MY_GENERIC_ALGO,,O-20260308-220928-001-000-96,,d37c1f3d-897f-4b8c-bb8a-7555a3c0a7b8,1773007768874500498,1773007768874500498
BACKTESTER-001,OracleStrategy-000,MESM6.GLBX,GLBX-1-079,MESM6.GLBX-OracleStrategy-000,GLBX-001,GLBX-1-079,MARKET,SELL,1,GTC,False,False,1,TAKER,6670.5,0.0,['0.00 USD'],NO_TRIGGER,FILLED,NO_CONTINGENCY,,,,MY_GENERIC_ALGO,,O-20260308-220928-001-000-97,,8984ad72-7e26-440c-b3ad-babb8c9c1587,1773007768874500498,1773007768874500498
BACKTESTER-001,OracleStrategy-000,MESM6.GLBX,GLBX-1-080,MESM6.GLBX-OracleStrategy-000,GLBX-001,GLBX-1-080,MARKET,BUY,1,GTC,True,False,1,TAKER,6670.5,0.0,['0.00 USD'],NO_TRIGGER,FILLED,NO_CONTINGENCY,,,,MY_GENERIC_ALGO,,O-20260308-220930-001-000-98,,50afc512-3b66-4e6c-8035-ab749ca62fb1,1773007770034441867,1773007770034441867
BACKTESTER-001,OracleStrategy-000,MESM6.GLBX,,,,,MARKET,BUY,1,GTC,False,False,0,NO_LIQUIDITY_SIDE,,,,NO_TRIGGER,INITIALIZED,NO_CONTINGENCY,,,,MY_GENERIC_ALGO,,O-20260308-220930-001-000-99,,5e82a860-305a-4773-acd3-2e3c9cf3efd9,1773007770034441867,1773007770034441867
BACKTESTER-001,OracleStrategy-000,MESM6.GLBX,,,,,MARKET,BUY,1,GTC,False,False,0,NO_LIQUIDITY_SIDE,,,,NO_TRIGGER,INITIALIZED,NO_CONTINGENCY,,,,MY_GENERIC_ALGO,,O-20260308-220933-001-000-100,,8aa75063-0c78-4004-a6ad-76aacef479f8,1773007773278224751,1773007773278224751
BACKTESTER-001,OracleStrategy-000,MESM6.GLBX,GLBX-1-081,MESM6.GLBX-OracleStrategy-000,GLBX-001,GLBX-1-081,MARKET,BUY,1,GTC,False,False,1,TAKER,6666.5,0.0,['0.00 USD'],NO_TRIGGER,FILLED,NO_CONTINGENCY,,,,MY_GENERIC_ALGO,,O-20260308-220934-001-000-101,,1600c18b-b4af-4728-b8cd-46af305dad35,1773007774280663440,1773007774280663440
BACKTESTER-001,OracleStrategy-000,MESM6.GLBX,GLBX-1-082,MESM6.GLBX-OracleStrategy-000,GLBX-001,GLBX-1-082,MARKET,SELL,1,GTC,True,False,1,TAKER,6680.0,0.0,['0.00 USD'],NO_TRIGGER,FILLED,NO_CONTINGENCY,,,,MY_GENERIC_ALGO,,O-20260308-221010-001-000-102,,f35be212-7d07-4ae6-9476-10a738b306ce,1773007810430977611,1773007810430977611
BACKTESTER-001,OracleStrategy-000,MESM6.GLBX,GLBX-1-083,MESM6.GLBX-OracleStrategy-000,GLBX-001,GLBX-1-083,MARKET,SELL,1,GTC,False,False,1,TAKER,6680.0,0.0,['0.00 USD'],NO_TRIGGER,FILLED,NO_CONTINGENCY,,,,MY_GENERIC_ALGO,,O-20260308-221010-001-000-103,,87f20d86-279c-4639-8241-0eb34c4fd893,1773007810430977611,1773007810430977611
BACKTESTER-001,OracleStrategy-000,MESM6.GLBX,GLBX-1-084,MESM6.GLBX-OracleStrategy-000,GLBX-001,GLBX-1-084,MARKET,BUY,1,GTC,True,False,1,TAKER,6682.5,0.0,['0.00 USD'],NO_TRIGGER,FILLED,NO_CONTINGENCY,,,,MY_GENERIC_ALGO,,O-20260308-221012-001-000-104,,2e5e7b2a-1d25-464f-92e6-a9a34573cc30,1773007812352934411,1773007812352934411
BACKTESTER-001,OracleStrategy-000,MESM6.GLBX,GLBX-1-085,MESM6.GLBX-OracleStrategy-000,GLBX-001,GLBX-1-085,MARKET,BUY,1,GTC,False,False,1,TAKER,6682.5,0.0,['0.00 USD'],NO_TRIGGER,FILLED,NO_CONTINGENCY,,,,MY_GENERIC_ALGO,,O-20260308-221012-001-000-105,,4b8c3184-aa2b-4084-b691-6d2ff8289eda,1773007812352934411,1773007812352934411
BACKTESTER-001,OracleStrategy-000,MESM6.GLBX,GLBX-1-086,MESM6.GLBX-OracleStrategy-000,GLBX-001,GLBX-1-086,MARKET,SELL,1,GTC,True,False,1,TAKER,6682.0,0.0,['0.00 USD'],NO_TRIGGER,FILLED,NO_CONTINGENCY,,,,MY_GENERIC_ALGO,,O-20260308-221033-001-000-106,,7516ec50-4ce1-481d-818b-09076d2ef057,1773007833966652085,1773007833966652085
BACKTESTER-001,OracleStrategy-000,MESM6.GLBX,GLBX-1-087,MESM6.GLBX-OracleStrategy-000,GLBX-001,GLBX-1-087,MARKET,SELL,1,GTC,False,False,1,TAKER,6682.0,0.0,['0.00 USD'],NO_TRIGGER,FILLED,NO_CONTINGENCY,,,,MY_GENERIC_ALGO,,O-20260308-221033-001-000-107,,3e184493-2d86-4415-9530-b166bb9cb66c,1773007833966652085,1773007833966652085
BACKTESTER-001,OracleStrategy-000,MESM6.GLBX,GLBX-1-088,MESM6.GLBX-OracleStrategy-000,GLBX-001,GLBX-1-088,MARKET,BUY,1,GTC,True,False,1,TAKER,6684.0,0.0,['0.00 USD'],NO_TRIGGER,FILLED,NO_CONTINGENCY,,,,MY_GENERIC_ALGO,,O-20260308-221058-001-000-108,,3f131f5e-1862-4277-b5be-92c952b900c4,1773007858875395549,1773007858875395549
BACKTESTER-001,OracleStrategy-000,MESM6.GLBX,,,,,MARKET,BUY,1,GTC,False,False,0,NO_LIQUIDITY_SIDE,,,,NO_TRIGGER,INITIALIZED,NO_CONTINGENCY,,,,MY_GENERIC_ALGO,,O-20260308-221058-001-000-109,,5c3349da-386c-48f5-aa1f-8345d8899e4b,1773007858875395549,1773007858875395549
BACKTESTER-001,OracleStrategy-000,MESM6.GLBX,,,,,MARKET,SELL,1,GTC,False,False,0,NO_LIQUIDITY_SIDE,,,,NO_TRIGGER,INITIALIZED,NO_CONTINGENCY,,,,MY_GENERIC_ALGO,,O-20260308-221104-001-000-110,,ac2ba48a-9141-4187-942c-ef6f9f380ec4,1773007864851237757,1773007864851237757
BACKTESTER-001,OracleStrategy-000,MESM6.GLBX,GLBX-1-089,MESM6.GLBX-OracleStrategy-000,GLBX-001,GLBX-1-089,MARKET,BUY,1,GTC,False,False,1,TAKER,6677.25,0.0,['0.00 USD'],NO_TRIGGER,FILLED,NO_CONTINGENCY,,,,MY_GENERIC_ALGO,,O-20260308-221105-001-000-111,,88e66d1e-a27a-41d6-a958-aee83df35db1,1773007865852709659,1773007865852709659
BACKTESTER-001,OracleStrategy-000,MESM6.GLBX,GLBX-1-090,MESM6.GLBX-OracleStrategy-000,GLBX-001,GLBX-1-090,MARKET,SELL,1,GTC,True,False,1,TAKER,6678.75,0.0,['0.00 USD'],NO_TRIGGER,FILLED,NO_CONTINGENCY,,,,MY_GENERIC_ALGO,,O-20260308-221107-001-000-112,,6482c1a6-c2da-46f6-8563-57814da2b93a,1773007867108595448,1773007867108595448
BACKTESTER-001,OracleStrategy-000,MESM6.GLBX,GLBX-1-091,MESM6.GLBX-OracleStrategy-000,GLBX-001,GLBX-1-091,MARKET,SELL,1,GTC,False,False,1,TAKER,6678.75,0.0,['0.00 USD'],NO_TRIGGER,FILLED,NO_CONTINGENCY,,,,MY_GENERIC_ALGO,,O-20260308-221107-001-000-113,,e5a335a9-caaa-4fda-937e-bde68dc92b8b,1773007867108595448,1773007867108595448
BACKTESTER-001,OracleStrategy-000,MESM6.GLBX,GLBX-1-092,MESM6.GLBX-OracleStrategy-000,GLBX-001,GLBX-1-092,MARKET,BUY,1,GTC,True,False,1,TAKER,6680.5,0.0,['0.00 USD'],NO_TRIGGER,FILLED,NO_CONTINGENCY,,,,MY_GENERIC_ALGO,,O-20260308-221113-001-000-114,,814a0a32-ee9d-4614-b76d-0df89ca64073,1773007873360012682,1773007873360012682
BACKTESTER-001,OracleStrategy-000,MESM6.GLBX,GLBX-1-093,MESM6.GLBX-OracleStrategy-000,GLBX-001,GLBX-1-093,MARKET,BUY,1,GTC,False,False,1,TAKER,6680.5,0.0,['0.00 USD'],NO_TRIGGER,FILLED,NO_CONTINGENCY,,,,MY_GENERIC_ALGO,,O-20260308-221113-001-000-115,,543ec65e-bbe2-409a-8e13-619ffe06ce1c,1773007873360012682,1773007873360012682
BACKTESTER-001,OracleStrategy-000,MESM6.GLBX,GLBX-1-094,MESM6.GLBX-OracleStrategy-000,GLBX-001,GLBX-1-094,MARKET,SELL,1,GTC,True,False,1,TAKER,6680.0,0.0,['0.00 USD'],NO_TRIGGER,FILLED,NO_CONTINGENCY,,,,MY_GENERIC_ALGO,,O-20260308-221114-001-000-116,,12f88afc-85d1-4fc2-9a38-e1e1b81a8f7d,1773007874679412256,1773007874679412256
BACKTESTER-001,OracleStrategy-000,MESM6.GLBX,GLBX-1-095,MESM6.GLBX-OracleStrategy-000,GLBX-001,GLBX-1-095,MARKET,SELL,1,GTC,False,False,1,TAKER,6680.0,0.0,['0.00 USD'],NO_TRIGGER,FILLED,NO_CONTINGENCY,,,,MY_GENERIC_ALGO,,O-20260308-221114-001-000-117,,be26389e-1a69-49d0-ae30-c5a4c2ec579b,1773007874679412256,1773007874679412256
BACKTESTER-001,OracleStrategy-000,MESM6.GLBX,GLBX-1-096,MESM6.GLBX-OracleStrategy-000,GLBX-001,GLBX-1-096,MARKET,BUY,1,GTC,True,False,1,TAKER,6678.0,0.0,['0.00 USD'],NO_TRIGGER,FILLED,NO_CONTINGENCY,,,,MY_GENERIC_ALGO,,O-20260308-221125-001-000-118,,ad3d2c8e-6e33-492a-8d1f-f2104b467a00,1773007885310552493,1773007885310552493
BACKTESTER-001,OracleStrategy-000,MESM6.GLBX,GLBX-1-097,MESM6.GLBX-OracleStrategy-000,GLBX-001,GLBX-1-097,MARKET,BUY,1,GTC,False,False,1,TAKER,6678.0,0.0,['0.00 USD'],NO_TRIGGER,FILLED,NO_CONTINGENCY,,,,MY_GENERIC_ALGO,,O-20260308-221125-001-000-119,,46acefa6-e169-426b-9b64-971113762548,1773007885310552493,1773007885310552493
BACKTESTER-001,OracleStrategy-000,MESM6.GLBX,GLBX-1-098,MESM6.GLBX-OracleStrategy-000,GLBX-001,GLBX-1-098,MARKET,SELL,1,GTC,True,False,1,TAKER,6680.25,0.0,['0.00 USD'],NO_TRIGGER,FILLED,NO_CONTINGENCY,,,,MY_GENERIC_ALGO,,O-20260308-221131-001-000-120,,0239bbe4-9dc2-4a43-98b2-78f072269f96,1773007891166319759,1773007891166319759
BACKTESTER-001,OracleStrategy-000,MESM6.GLBX,GLBX-1-099,MESM6.GLBX-OracleStrategy-000,GLBX-001,GLBX-1-099,MARKET,SELL,1,GTC,False,False,1,TAKER,6680.25,0.0,['0.00 USD'],NO_TRIGGER,FILLED,NO_CONTINGENCY,,,,MY_GENERIC_ALGO,,O-20260308-221131-001-000-121,,6637ce84-4359-4e2a-abd5-e0819e2a4f29,1773007891166319759,1773007891166319759
BACKTESTER-001,OracleStrategy-000,MESM6.GLBX,GLBX-1-100,MESM6.GLBX-OracleStrategy-000,GLBX-001,GLBX-1-100,MARKET,BUY,1,GTC,True,False,1,TAKER,6679.5,0.0,['0.00 USD'],NO_TRIGGER,FILLED,NO_CONTINGENCY,,,,MY_GENERIC_ALGO,,O-20260308-221146-001-000-122,,f70e414a-fe7b-4cc1-acd7-1027013bebc4,1773007906534671626,1773007906534671626
BACKTESTER-001,OracleStrategy-000,MESM6.GLBX,GLBX-1-101,MESM6.GLBX-OracleStrategy-000,GLBX-001,GLBX-1-101,MARKET,BUY,1,GTC,False,False,1,TAKER,6679.5,0.0,['0.00 USD'],NO_TRIGGER,FILLED,NO_CONTINGENCY,,,,MY_GENERIC_ALGO,,O-20260308-221146-001-000-123,,e22e346b-9599-4127-b9a0-341fb20baac9,1773007906534671626,1773007906534671626
BACKTESTER-001,OracleStrategy-000,MESM6.GLBX,GLBX-1-102,MESM6.GLBX-OracleStrategy-000,GLBX-001,GLBX-1-102,MARKET,SELL,1,GTC,True,False,1,TAKER,6679.0,0.0,['0.00 USD'],NO_TRIGGER,FILLED,NO_CONTINGENCY,,,,MY_GENERIC_ALGO,,O-20260308-221151-001-000-124,,8257ca48-97ea-4744-bd1a-6461e72796ad,1773007911828553611,1773007911828553611
BACKTESTER-001,OracleStrategy-000,MESM6.GLBX,GLBX-1-103,MESM6.GLBX-OracleStrategy-000,GLBX-001,GLBX-1-103,MARKET,SELL,1,GTC,False,False,1,TAKER,6679.0,0.0,['0.00 USD'],NO_TRIGGER,FILLED,NO_CONTINGENCY,,,,MY_GENERIC_ALGO,,O-20260308-221151-001-000-125,,71344bc9-336c-464c-83e7-b2e07707a804,1773007911828553611,1773007911828553611
BACKTESTER-001,OracleStrategy-000,MESM6.GLBX,GLBX-1-104,MESM6.GLBX-OracleStrategy-000,GLBX-001,GLBX-1-104,MARKET,BUY,1,GTC,True,False,1,TAKER,6677.75,0.0,['0.00 USD'],NO_TRIGGER,FILLED,NO_CONTINGENCY,,,,MY_GENERIC_ALGO,,O-20260308-221155-001-000-126,,b5d34ac6-7b9f-4bf2-86ce-1808a648f4ad,1773007915613286965,1773007915613286965
BACKTESTER-001,OracleStrategy-000,MESM6.GLBX,GLBX-1-105,MESM6.GLBX-OracleStrategy-000,GLBX-001,GLBX-1-105,MARKET,BUY,1,GTC,False,False,1,TAKER,6677.75,0.0,['0.00 USD'],NO_TRIGGER,FILLED,NO_CONTINGENCY,,,,MY_GENERIC_ALGO,,O-20260308-221155-001-000-127,,9e712d1f-eebe-4a11-a75f-a8b42bc9e964,1773007915613286965,1773007915613286965
BACKTESTER-001,OracleStrategy-000,MESM6.GLBX,GLBX-1-106,MESM6.GLBX-OracleStrategy-000,GLBX-001,GLBX-1-106,MARKET,SELL,1,GTC,True,False,1,TAKER,6678.5,0.0,['0.00 USD'],NO_TRIGGER,FILLED,NO_CONTINGENCY,,,,MY_GENERIC_ALGO,,O-20260308-221220-001-000-128,,4bea9103-5737-44bb-950c-7095f978f6a6,1773007940606960923,1773007940606960923
BACKTESTER-001,OracleStrategy-000,MESM6.GLBX,GLBX-1-107,MESM6.GLBX-OracleStrategy-000,GLBX-001,GLBX-1-107,MARKET,SELL,1,GTC,False,False,1,TAKER,6678.5,0.0,['0.00 USD'],NO_TRIGGER,FILLED,NO_CONTINGENCY,,,,MY_GENERIC_ALGO,,O-20260308-221220-001-000-129,,e6299d20-9f71-4e71-9d58-43649e071aa3,1773007940606960923,1773007940606960923
BACKTESTER-001,OracleStrategy-000,MESM6.GLBX,GLBX-1-108,MESM6.GLBX-OracleStrategy-000,GLBX-001,GLBX-1-108,MARKET,BUY,1,GTC,True,False,1,TAKER,6681.0,0.0,['0.00 USD'],NO_TRIGGER,FILLED,NO_CONTINGENCY,,,,MY_GENERIC_ALGO,,O-20260308-221236-001-000-130,,4be362da-ec24-45cf-b5a8-8750e0831062,1773007956595547383,1773007956595547383
BACKTESTER-001,OracleStrategy-000,MESM6.GLBX,,,,,MARKET,BUY,1,GTC,False,False,0,NO_LIQUIDITY_SIDE,,,,NO_TRIGGER,INITIALIZED,NO_CONTINGENCY,,,,MY_GENERIC_ALGO,,O-20260308-221236-001-000-131,,06b6ab28-169b-49b1-b63c-9dd44992eaf7,1773007956595547383,1773007956595547383
BACKTESTER-001,OracleStrategy-000,MESM6.GLBX,,,,,MARKET,BUY,1,GTC,False,False,0,NO_LIQUIDITY_SIDE,,,,NO_TRIGGER,INITIALIZED,NO_CONTINGENCY,,,,MY_GENERIC_ALGO,,O-20260308-221237-001-000-132,,c7e2c057-8652-48ca-b6b1-72e79c4dffd9,1773007957814869943,1773007957814869943
BACKTESTER-001,OracleStrategy-000,MESM6.GLBX,GLBX-1-109,MESM6.GLBX-OracleStrategy-000,GLBX-001,GLBX-1-109,MARKET,SELL,1,GTC,False,False,1,TAKER,6680.25,0.0,['0.00 USD'],NO_TRIGGER,FILLED,NO_CONTINGENCY,,,,MY_GENERIC_ALGO,,O-20260308-221239-001-000-133,,8af8e4a2-b51c-4956-9abc-913dc9d3b9bb,1773007959924388936,1773007959924388936
BACKTESTER-001,OracleStrategy-000,MESM6.GLBX,GLBX-1-110,MESM6.GLBX-OracleStrategy-000,GLBX-001,GLBX-1-110,MARKET,BUY,1,GTC,True,False,1,TAKER,6681.0,0.0,['0.00 USD'],NO_TRIGGER,FILLED,NO_CONTINGENCY,,,,MY_GENERIC_ALGO,,O-20260308-221304-001-000-134,,8ef2f119-0982-4786-a444-189f9b5e0253,1773007984140026202,1773007984140026202
BACKTESTER-001,OracleStrategy-000,MESM6.GLBX,GLBX-1-111,MESM6.GLBX-OracleStrategy-000,GLBX-001,GLBX-1-111,MARKET,BUY,1,GTC,False,False,1,TAKER,6681.0,0.0,['0.00 USD'],NO_TRIGGER,FILLED,NO_CONTINGENCY,,,,MY_GENERIC_ALGO,,O-20260308-221304-001-000-135,,56079bdf-dc5a-4b3c-8760-d7388ef15a53,1773007984140026202,1773007984140026202
BACKTESTER-001,OracleStrategy-000,MESM6.GLBX,GLBX-1-112,MESM6.GLBX-OracleStrategy-000,GLBX-001,GLBX-1-112,MARKET,SELL,1,GTC,True,False,1,TAKER,6680.25,0.0,['0.00 USD'],NO_TRIGGER,FILLED,NO_CONTINGENCY,,,,MY_GENERIC_ALGO,,O-20260308-221306-001-000-136,,4a04e940-e70d-49b7-9d50-5895cc260759,1773007986411328399,1773007986411328399
BACKTESTER-001,OracleStrategy-000,MESM6.GLBX,GLBX-1-113,MESM6.GLBX-OracleStrategy-000,GLBX-001,GLBX-1-113,MARKET,SELL,1,GTC,False,False,1,TAKER,6680.25,0.0,['0.00 USD'],NO_TRIGGER,FILLED,NO_CONTINGENCY,,,,MY_GENERIC_ALGO,,O-20260308-221306-001-000-137,,86a7b24b-2b34-470d-9d3f-d4a1ae984c2f,1773007986411328399,1773007986411328399
BACKTESTER-001,OracleStrategy-000,MESM6.GLBX,GLBX-1-114,MESM6.GLBX-OracleStrategy-000,GLBX-001,GLBX-1-114,MARKET,BUY,1,GTC,True,False,1,TAKER,6681.75,0.0,['0.00 USD'],NO_TRIGGER,FILLED,NO_CONTINGENCY,,,,MY_GENERIC_ALGO,,O-20260308-221325-001-000-138,,56213c54-cc4b-4901-be57-f092318ac08a,1773008005193784189,1773008005193784189
BACKTESTER-001,OracleStrategy-000,MESM6.GLBX,GLBX-1-115,MESM6.GLBX-OracleStrategy-000,GLBX-001,GLBX-1-115,MARKET,BUY,1,GTC,False,False,1,TAKER,6681.75,0.0,['0.00 USD'],NO_TRIGGER,FILLED,NO_CONTINGENCY,,,,MY_GENERIC_ALGO,,O-20260308-221325-001-000-139,,56f730f4-febd-4c24-9614-f28de8daa9c4,1773008005193784189,1773008005193784189
BACKTESTER-001,OracleStrategy-000,MESM6.GLBX,GLBX-1-116,MESM6.GLBX-OracleStrategy-000,GLBX-001,GLBX-1-116,MARKET,SELL,1,GTC,True,False,1,TAKER,6682.25,0.0,['0.00 USD'],NO_TRIGGER,FILLED,NO_CONTINGENCY,,,,MY_GENERIC_ALGO,,O-20260308-221332-001-000-140,,3e7d903c-db61-4f31-b9e9-989d81da2baa,1773008012056105923,1773008012056105923
BACKTESTER-001,OracleStrategy-000,MESM6.GLBX,GLBX-1-117,MESM6.GLBX-OracleStrategy-000,GLBX-001,GLBX-1-117,MARKET,SELL,1,GTC,False,False,1,TAKER,6682.25,0.0,['0.00 USD'],NO_TRIGGER,FILLED,NO_CONTINGENCY,,,,MY_GENERIC_ALGO,,O-20260308-221332-001-000-141,,024788b4-8c75-4efa-97db-9a15a0a41ef1,1773008012056105923,1773008012056105923
BACKTESTER-001,OracleStrategy-000,MESM6.GLBX,GLBX-1-118,MESM6.GLBX-OracleStrategy-000,GLBX-001,GLBX-1-118,MARKET,BUY,1,GTC,True,False,1,TAKER,6680.25,0.0,['0.00 USD'],NO_TRIGGER,FILLED,NO_CONTINGENCY,,,,MY_GENERIC_ALGO,,O-20260308-221336-001-000-142,,feaa0e3d-c697-45ff-8a42-4dcb0be9f4a3,1773008016252080019,1773008016252080019
BACKTESTER-001,OracleStrategy-000,MESM6.GLBX,GLBX-1-119,MESM6.GLBX-OracleStrategy-000,GLBX-001,GLBX-1-119,MARKET,BUY,1,GTC,False,False,1,TAKER,6680.25,0.0,['0.00 USD'],NO_TRIGGER,FILLED,NO_CONTINGENCY,,,,MY_GENERIC_ALGO,,O-20260308-221336-001-000-143,,c64f3a4c-d1b1-43ec-b8b2-194ee3d3755d,1773008016252080019,1773008016252080019
BACKTESTER-001,OracleStrategy-000,MESM6.GLBX,GLBX-1-120,MESM6.GLBX-OracleStrategy-000,GLBX-001,GLBX-1-120,MARKET,SELL,1,GTC,True,False,1,TAKER,6680.5,0.0,['0.00 USD'],NO_TRIGGER,FILLED,NO_CONTINGENCY,,,,MY_GENERIC_ALGO,,O-20260308-221338-001-000-144,,0fced82d-ea36-409b-9d85-993c0b7d70e3,1773008018987781738,1773008018987781738
BACKTESTER-001,OracleStrategy-000,MESM6.GLBX,GLBX-1-121,MESM6.GLBX-OracleStrategy-000,GLBX-001,GLBX-1-121,MARKET,SELL,1,GTC,False,False,1,TAKER,6680.5,0.0,['0.00 USD'],NO_TRIGGER,FILLED,NO_CONTINGENCY,,,,MY_GENERIC_ALGO,,O-20260308-221338-001-000-145,,67ffaa4b-ee07-4174-b26c-223454b61b73,1773008018987781738,1773008018987781738
BACKTESTER-001,OracleStrategy-000,MESM6.GLBX,GLBX-1-122,MESM6.GLBX-OracleStrategy-000,GLBX-001,GLBX-1-122,MARKET,BUY,1,GTC,True,False,1,TAKER,6678.75,0.0,['0.00 USD'],NO_TRIGGER,FILLED,NO_CONTINGENCY,,,,MY_GENERIC_ALGO,,O-20260308-221353-001-000-146,,032b689a-3bfc-4b45-af9d-0b378efb5d0c,1773008033555443570,1773008033555443570
BACKTESTER-001,OracleStrategy-000,MESM6.GLBX,GLBX-1-123,MESM6.GLBX-OracleStrategy-000,GLBX-001,GLBX-1-123,MARKET,BUY,1,GTC,False,False,1,TAKER,6678.75,0.0,['0.00 USD'],NO_TRIGGER,FILLED,NO_CONTINGENCY,,,,MY_GENERIC_ALGO,,O-20260308-221353-001-000-147,,d3b60dd7-080b-487e-8372-f6601a626a8b,1773008033555443570,1773008033555443570
BACKTESTER-001,OracleStrategy-000,MESM6.GLBX,GLBX-1-124,MESM6.GLBX-OracleStrategy-000,GLBX-001,GLBX-1-124,MARKET,SELL,1,GTC,True,False,1,TAKER,6678.25,0.0,['0.00 USD'],NO_TRIGGER,FILLED,NO_CONTINGENCY,,,,MY_GENERIC_ALGO,,O-20260308-221406-001-000-148,,e061e348-1f4b-4f81-924c-1289e4a5a2dc,1773008046280886914,1773008046280886914
BACKTESTER-001,OracleStrategy-000,MESM6.GLBX,GLBX-1-125,MESM6.GLBX-OracleStrategy-000,GLBX-001,GLBX-1-125,MARKET,SELL,1,GTC,False,False,1,TAKER,6678.25,0.0,['0.00 USD'],NO_TRIGGER,FILLED,NO_CONTINGENCY,,,,MY_GENERIC_ALGO,,O-20260308-221406-001-000-149,,4fa86311-9206-421e-a264-2aa8b142eb3e,1773008046280886914,1773008046280886914
BACKTESTER-001,OracleStrategy-000,MESM6.GLBX,GLBX-1-126,MESM6.GLBX-OracleStrategy-000,GLBX-001,GLBX-1-126,MARKET,BUY,1,GTC,True,False,1,TAKER,6680.0,0.0,['0.00 USD'],NO_TRIGGER,FILLED,NO_CONTINGENCY,,,,MY_GENERIC_ALGO,,O-20260308-221413-001-000-150,,048c01ac-9942-4ec6-b935-95679d5f49cd,1773008053169005210,1773008053169005210
BACKTESTER-001,OracleStrategy-000,MESM6.GLBX,,,,,MARKET,BUY,1,GTC,False,False,0,NO_LIQUIDITY_SIDE,,,,NO_TRIGGER,INITIALIZED,NO_CONTINGENCY,,,,MY_GENERIC_ALGO,,O-20260308-221413-001-000-151,,e4f6be70-0223-4ea9-bb60-924e8e403da9,1773008053169005210,1773008053169005210
BACKTESTER-001,OracleStrategy-000,MESM6.GLBX,,,,,MARKET,BUY,1,GTC,False,False,0,NO_LIQUIDITY_SIDE,,,,NO_TRIGGER,INITIALIZED,NO_CONTINGENCY,,,,MY_GENERIC_ALGO,,O-20260308-221417-001-000-152,,67a5a9de-9643-4e3b-ad20-04cadf0756d5,1773008057112001391,1773008057112001391
BACKTESTER-001,OracleStrategy-000,MESM6.GLBX,GLBX-1-127,MESM6.GLBX-OracleStrategy-000,GLBX-001,GLBX-1-127,MARKET,SELL,1,GTC,False,False,1,TAKER,6679.25,0.0,['0.00 USD'],NO_TRIGGER,FILLED,NO_CONTINGENCY,,,,MY_GENERIC_ALGO,,O-20260308-221424-001-000-153,,d768aad5-f7a5-4753-9a57-05b65048fe79,1773008064575823848,1773008064575823848
BACKTESTER-001,OracleStrategy-000,MESM6.GLBX,GLBX-1-128,MESM6.GLBX-OracleStrategy-000,GLBX-001,GLBX-1-128,MARKET,BUY,1,GTC,True,False,1,TAKER,6673.75,0.0,['0.00 USD'],NO_TRIGGER,FILLED,NO_CONTINGENCY,,,,MY_GENERIC_ALGO,,O-20260308-221439-001-000-154,,799ede84-cea7-4dd9-9d44-a0380e5b7b64,1773008079037369067,1773008079037369067
BACKTESTER-001,OracleStrategy-000,MESM6.GLBX,GLBX-1-129,MESM6.GLBX-OracleStrategy-000,GLBX-001,GLBX-1-129,MARKET,BUY,1,GTC,False,False,1,TAKER,6673.75,0.0,['0.00 USD'],NO_TRIGGER,FILLED,NO_CONTINGENCY,,,,MY_GENERIC_ALGO,,O-20260308-221439-001-000-155,,02ec96a0-92e4-40fe-a92e-fdc351a5d18e,1773008079037369067,1773008079037369067
BACKTESTER-001,OracleStrategy-000,MESM6.GLBX,GLBX-1-130,MESM6.GLBX-OracleStrategy-000,GLBX-001,GLBX-1-130,MARKET,SELL,1,GTC,True,False,1,TAKER,6672.5,0.0,['0.00 USD'],NO_TRIGGER,FILLED,NO_CONTINGENCY,,,,MY_GENERIC_ALGO,,O-20260308-221442-001-000-156,,1a0509c9-5bfd-484a-9dda-017787037a95,1773008082611930911,1773008082611930911
BACKTESTER-001,OracleStrategy-000,MESM6.GLBX,,,,,MARKET,SELL,1,GTC,False,False,0,NO_LIQUIDITY_SIDE,,,,NO_TRIGGER,INITIALIZED,NO_CONTINGENCY,,,,MY_GENERIC_ALGO,,O-20260308-221442-001-000-157,,25951fd1-fcfc-47d5-9a4f-9421c587ff21,1773008082611930911,1773008082611930911
BACKTESTER-001,OracleStrategy-000,MESM6.GLBX,,,,,MARKET,SELL,1,GTC,False,False,0,NO_LIQUIDITY_SIDE,,,,NO_TRIGGER,INITIALIZED,NO_CONTINGENCY,,,,MY_GENERIC_ALGO,,O-20260308-221456-001-000-158,,b8b56b51-a1b6-4437-8676-6f6586892305,1773008096496398031,1773008096496398031
BACKTESTER-001,OracleStrategy-000,MESM6.GLBX,GLBX-1-131,MESM6.GLBX-OracleStrategy-000,GLBX-001,GLBX-1-131,MARKET,SELL,1,GTC,False,False,1,TAKER,6675.25,0.0,['0.00 USD'],NO_TRIGGER,FILLED,NO_CONTINGENCY,,,,MY_GENERIC_ALGO,,O-20260308-221501-001-000-159,,8007925d-2cfa-45a7-8942-0655fd2090f0,1773008101124290040,1773008101124290040
BACKTESTER-001,OracleStrategy-000,MESM6.GLBX,GLBX-1-132,MESM6.GLBX-OracleStrategy-000,GLBX-001,GLBX-1-132,MARKET,BUY,1,GTC,True,False,1,TAKER,6675.0,0.0,['0.00 USD'],NO_TRIGGER,FILLED,NO_CONTINGENCY,,,,MY_GENERIC_ALGO,,O-20260308-221508-001-000-160,,7b6202fb-8f9c-4b93-9f25-c8cf4deef64a,1773008108458162141,1773008108458162141
BACKTESTER-001,OracleStrategy-000,MESM6.GLBX,GLBX-1-133,MESM6.GLBX-OracleStrategy-000,GLBX-001,GLBX-1-133,MARKET,BUY,1,GTC,False,False,1,TAKER,6675.0,0.0,['0.00 USD'],NO_TRIGGER,FILLED,NO_CONTINGENCY,,,,MY_GENERIC_ALGO,,O-20260308-221508-001-000-161,,0bf4e83d-f783-4013-9278-72283908c7af,1773008108458162141,1773008108458162141
BACKTESTER-001,OracleStrategy-000,MESM6.GLBX,GLBX-1-134,MESM6.GLBX-OracleStrategy-000,GLBX-001,GLBX-1-134,MARKET,SELL,1,GTC,True,False,1,TAKER,6676.5,0.0,['0.00 USD'],NO_TRIGGER,FILLED,NO_CONTINGENCY,,,,MY_GENERIC_ALGO,,O-20260308-221526-001-000-162,,bfab2838-6fda-4fec-b9b9-5f8caede38b7,1773008126387389627,1773008126387389627
BACKTESTER-001,OracleStrategy-000,MESM6.GLBX,GLBX-1-135,MESM6.GLBX-OracleStrategy-000,GLBX-001,GLBX-1-135,MARKET,SELL,1,GTC,False,False,1,TAKER,6676.5,0.0,['0.00 USD'],NO_TRIGGER,FILLED,NO_CONTINGENCY,,,,MY_GENERIC_ALGO,,O-20260308-221526-001-000-163,,e68e09e1-2cf7-4297-a568-101a3451297c,1773008126387389627,1773008126387389627
BACKTESTER-001,OracleStrategy-000,MESM6.GLBX,GLBX-1-136,MESM6.GLBX-OracleStrategy-000,GLBX-001,GLBX-1-136,MARKET,BUY,1,GTC,True,False,1,TAKER,6680.0,0.0,['0.00 USD'],NO_TRIGGER,FILLED,NO_CONTINGENCY,,,,MY_GENERIC_ALGO,,O-20260308-221556-001-000-164,,f4091f3a-5a3a-4b10-b1eb-a6207aa7c6f4,1773008156973836356,1773008156973836356
BACKTESTER-001,OracleStrategy-000,MESM6.GLBX,GLBX-1-137,MESM6.GLBX-OracleStrategy-000,GLBX-001,GLBX-1-137,MARKET,BUY,1,GTC,False,False,1,TAKER,6680.0,0.0,['0.00 USD'],NO_TRIGGER,FILLED,NO_CONTINGENCY,,,,MY_GENERIC_ALGO,,O-20260308-221556-001-000-165,,fe083ab7-7c7f-46ed-a42a-e1bd17ccc5a2,1773008156973836356,1773008156973836356
BACKTESTER-001,OracleStrategy-000,MESM6.GLBX,GLBX-1-138,MESM6.GLBX-OracleStrategy-000,GLBX-001,GLBX-1-138,MARKET,SELL,1,GTC,True,False,1,TAKER,6681.5,0.0,['0.00 USD'],NO_TRIGGER,FILLED,NO_CONTINGENCY,,,,MY_GENERIC_ALGO,,O-20260308-221611-001-000-166,,cc6bee66-8050-45b3-9358-71b3418b3785,1773008171809371083,1773008171809371083
BACKTESTER-001,OracleStrategy-000,MESM6.GLBX,GLBX-1-139,MESM6.GLBX-OracleStrategy-000,GLBX-001,GLBX-1-139,MARKET,SELL,1,GTC,False,False,1,TAKER,6681.5,0.0,['0.00 USD'],NO_TRIGGER,FILLED,NO_CONTINGENCY,,,,MY_GENERIC_ALGO,,O-20260308-221611-001-000-167,,4f34156f-628d-4a5a-8d65-14563aeffd84,1773008171809371083,1773008171809371083
BACKTESTER-001,OracleStrategy-000,MESM6.GLBX,GLBX-1-140,MESM6.GLBX-OracleStrategy-000,GLBX-001,GLBX-1-140,MARKET,BUY,1,GTC,True,False,1,TAKER,6682.0,0.0,['0.00 USD'],NO_TRIGGER,FILLED,NO_CONTINGENCY,,,,MY_GENERIC_ALGO,,O-20260308-221615-001-000-168,,dcf27528-22d0-4b1f-bfda-a9d6ef2b6a0d,1773008175156340853,1773008175156340853
BACKTESTER-001,OracleStrategy-000,MESM6.GLBX,GLBX-1-141,MESM6.GLBX-OracleStrategy-000,GLBX-001,GLBX-1-141,MARKET,BUY,1,GTC,False,False,1,TAKER,6682.0,0.0,['0.00 USD'],NO_TRIGGER,FILLED,NO_CONTINGENCY,,,,MY_GENERIC_ALGO,,O-20260308-221615-001-000-169,,ae8fb32b-caf7-4935-bbc8-6d7e48ec4024,1773008175156340853,1773008175156340853
BACKTESTER-001,OracleStrategy-000,MESM6.GLBX,GLBX-1-142,MESM6.GLBX-OracleStrategy-000,GLBX-001,GLBX-1-142,MARKET,SELL,1,GTC,True,False,1,TAKER,6681.75,0.0,['0.00 USD'],NO_TRIGGER,FILLED,NO_CONTINGENCY,,,,MY_GENERIC_ALGO,,O-20260308-221618-001-000-170,,4751bf10-16a1-4b31-91be-20a0395276ba,1773008178977488067,1773008178977488067
BACKTESTER-001,OracleStrategy-000,MESM6.GLBX,GLBX-1-143,MESM6.GLBX-OracleStrategy-000,GLBX-001,GLBX-1-143,MARKET,SELL,1,GTC,False,False,1,TAKER,6681.75,0.0,['0.00 USD'],NO_TRIGGER,FILLED,NO_CONTINGENCY,,,,MY_GENERIC_ALGO,,O-20260308-221618-001-000-171,,fd58c767-2ba5-4317-bf34-4cb5bee1b3f4,1773008178977488067,1773008178977488067
BACKTESTER-001,OracleStrategy-000,MESM6.GLBX,GLBX-1-144,MESM6.GLBX-OracleStrategy-000,GLBX-001,GLBX-1-144,MARKET,BUY,1,GTC,True,False,1,TAKER,6680.75,0.0,['0.00 USD'],NO_TRIGGER,FILLED,NO_CONTINGENCY,,,,MY_GENERIC_ALGO,,O-20260308-221629-001-000-172,,22bd299b-2dac-453d-bc4b-a0cee3e28563,1773008189679424605,1773008189679424605
BACKTESTER-001,OracleStrategy-000,MESM6.GLBX,GLBX-1-145,MESM6.GLBX-OracleStrategy-000,GLBX-001,GLBX-1-145,MARKET,BUY,1,GTC,False,False,1,TAKER,6680.75,0.0,['0.00 USD'],NO_TRIGGER,FILLED,NO_CONTINGENCY,,,,MY_GENERIC_ALGO,,O-20260308-221629-001-000-173,,0ec4fb89-fc52-44f0-9d73-da6bf1761478,1773008189679424605,1773008189679424605
BACKTESTER-001,OracleStrategy-000,MESM6.GLBX,GLBX-1-146,MESM6.GLBX-OracleStrategy-000,GLBX-001,GLBX-1-146,MARKET,SELL,1,GTC,True,False,1,TAKER,6684.0,0.0,['0.00 USD'],NO_TRIGGER,FILLED,NO_CONTINGENCY,,,,MY_GENERIC_ALGO,,O-20260308-221705-001-000-174,,b2894a50-623b-4d45-943d-b2e519a5d92d,1773008225470709456,1773008225470709456
BACKTESTER-001,OracleStrategy-000,MESM6.GLBX,GLBX-1-147,MESM6.GLBX-OracleStrategy-000,GLBX-001,GLBX-1-147,MARKET,SELL,1,GTC,False,False,1,TAKER,6684.0,0.0,['0.00 USD'],NO_TRIGGER,FILLED,NO_CONTINGENCY,,,,MY_GENERIC_ALGO,,O-20260308-221705-001-000-175,,0804429b-fe87-4abc-a324-048cb934ef78,1773008225470709456,1773008225470709456
BACKTESTER-001,OracleStrategy-000,MESM6.GLBX,GLBX-1-148,MESM6.GLBX-OracleStrategy-000,GLBX-001,GLBX-1-148,MARKET,BUY,1,GTC,True,False,1,TAKER,6684.75,0.0,['0.00 USD'],NO_TRIGGER,FILLED,NO_CONTINGENCY,,,,MY_GENERIC_ALGO,,O-20260308-221708-001-000-176,,6d4fc584-fbf1-457e-a7b0-e96db93dde8a,1773008228995810891,1773008228995810891
BACKTESTER-001,OracleStrategy-000,MESM6.GLBX,GLBX-1-149,MESM6.GLBX-OracleStrategy-000,GLBX-001,GLBX-1-149,MARKET,BUY,1,GTC,False,False,1,TAKER,6684.75,0.0,['0.00 USD'],NO_TRIGGER,FILLED,NO_CONTINGENCY,,,,MY_GENERIC_ALGO,,O-20260308-221708-001-000-177,,d4e70eb1-bd0f-4aa5-9c25-05c95b7b6853,1773008228995810891,1773008228995810891
BACKTESTER-001,OracleStrategy-000,MESM6.GLBX,GLBX-1-150,MESM6.GLBX-OracleStrategy-000,GLBX-001,GLBX-1-150,MARKET,SELL,1,GTC,True,False,1,TAKER,6683.75,0.0,['0.00 USD'],NO_TRIGGER,FILLED,NO_CONTINGENCY,,,,MY_GENERIC_ALGO,,O-20260308-221711-001-000-178,,68ae68b4-7e0f-451e-a2d5-31889cdb32a9,1773008231985464903,1773008231985464903
BACKTESTER-001,OracleStrategy-000,MESM6.GLBX,GLBX-1-151,MESM6.GLBX-OracleStrategy-000,GLBX-001,GLBX-1-151,MARKET,SELL,1,GTC,False,False,1,TAKER,6683.75,0.0,['0.00 USD'],NO_TRIGGER,FILLED,NO_CONTINGENCY,,,,MY_GENERIC_ALGO,,O-20260308-221711-001-000-179,,f588c404-cbb1-4613-9a88-b332fc63d3ea,1773008231985464903,1773008231985464903
BACKTESTER-001,OracleStrategy-000,MESM6.GLBX,GLBX-1-152,MESM6.GLBX-OracleStrategy-000,GLBX-001,GLBX-1-152,MARKET,BUY,1,GTC,True,False,1,TAKER,6685.25,0.0,['0.00 USD'],NO_TRIGGER,FILLED,NO_CONTINGENCY,,,,MY_GENERIC_ALGO,,O-20260308-221722-001-000-180,,8e76ef79-4289-4bb7-abe4-0fe52f769e2d,1773008242644388261,1773008242644388261
BACKTESTER-001,OracleStrategy-000,MESM6.GLBX,GLBX-1-153,MESM6.GLBX-OracleStrategy-000,GLBX-001,GLBX-1-153,MARKET,BUY,1,GTC,False,False,1,TAKER,6685.25,0.0,['0.00 USD'],NO_TRIGGER,FILLED,NO_CONTINGENCY,,,,MY_GENERIC_ALGO,,O-20260308-221722-001-000-181,,6a62f24f-ac38-4f6a-b82d-2b2719dfaea6,1773008242644388261,1773008242644388261
BACKTESTER-001,OracleStrategy-000,MESM6.GLBX,GLBX-1-154,MESM6.GLBX-OracleStrategy-000,GLBX-001,GLBX-1-154,MARKET,SELL,1,GTC,True,False,1,TAKER,6684.25,0.0,['0.00 USD'],NO_TRIGGER,FILLED,NO_CONTINGENCY,,,,MY_GENERIC_ALGO,,O-20260308-221731-001-000-182,,2e3e9042-eaf2-4a79-8fdd-1c70bca99d24,1773008251809771179,1773008251809771179
BACKTESTER-001,OracleStrategy-000,MESM6.GLBX,GLBX-1-155,MESM6.GLBX-OracleStrategy-000,GLBX-001,GLBX-1-155,MARKET,SELL,1,GTC,False,False,1,TAKER,6684.25,0.0,['0.00 USD'],NO_TRIGGER,FILLED,NO_CONTINGENCY,,,,MY_GENERIC_ALGO,,O-20260308-221731-001-000-183,,33cb46c1-6b37-4e0a-b27d-13ce6ff956d3,1773008251809771179,1773008251809771179
BACKTESTER-001,OracleStrategy-000,MESM6.GLBX,GLBX-1-156,MESM6.GLBX-OracleStrategy-000,GLBX-001,GLBX-1-156,MARKET,BUY,1,GTC,True,False,1,TAKER,6684.75,0.0,['0.00 USD'],NO_TRIGGER,FILLED,NO_CONTINGENCY,,,,MY_GENERIC_ALGO,,O-20260308-221804-001-000-184,,af0eb298-1fe7-4a05-88db-b5a6e42d18e5,1773008284127558093,1773008284127558093
BACKTESTER-001,OracleStrategy-000,MESM6.GLBX,GLBX-1-157,MESM6.GLBX-OracleStrategy-000,GLBX-001,GLBX-1-157,MARKET,BUY,1,GTC,False,False,1,TAKER,6684.75,0.0,['0.00 USD'],NO_TRIGGER,FILLED,NO_CONTINGENCY,,,,MY_GENERIC_ALGO,,O-20260308-221804-001-000-185,,582c0ad3-429b-435c-b278-b9094e0964b9,1773008284127558093,1773008284127558093
BACKTESTER-001,OracleStrategy-000,MESM6.GLBX,GLBX-1-158,MESM6.GLBX-OracleStrategy-000,GLBX-001,GLBX-1-158,MARKET,SELL,1,GTC,True,False,1,TAKER,6681.75,0.0,['0.00 USD'],NO_TRIGGER,FILLED,NO_CONTINGENCY,,,,MY_GENERIC_ALGO,,O-20260308-221822-001-000-186,,124cf544-4ead-4cd4-827f-5c2add742614,1773008302824278858,1773008302824278858
BACKTESTER-001,OracleStrategy-000,MESM6.GLBX,,,,,MARKET,SELL,1,GTC,False,False,0,NO_LIQUIDITY_SIDE,,,,NO_TRIGGER,INITIALIZED,NO_CONTINGENCY,,,,MY_GENERIC_ALGO,,O-20260308-221822-001-000-187,,a683fe58-16b3-4745-b757-ff41d4246177,1773008302824278858,1773008302824278858
BACKTESTER-001,OracleStrategy-000,MESM6.GLBX,,,,,MARKET,BUY,1,GTC,False,False,0,NO_LIQUIDITY_SIDE,,,,NO_TRIGGER,INITIALIZED,NO_CONTINGENCY,,,,MY_GENERIC_ALGO,,O-20260308-221824-001-000-188,,cb321b97-0fe2-4411-997e-a11500fca6cb,1773008304584768667,1773008304584768667
BACKTESTER-001,OracleStrategy-000,MESM6.GLBX,GLBX-1-159,MESM6.GLBX-OracleStrategy-000,GLBX-001,GLBX-1-159,MARKET,BUY,1,GTC,False,False,1,TAKER,6683.75,0.0,['0.00 USD'],NO_TRIGGER,FILLED,NO_CONTINGENCY,,,,MY_GENERIC_ALGO,,O-20260308-221841-001-000-189,,ce38af8f-eb4f-4f7c-b1f7-781338c8c674,1773008321467142021,1773008321467142021
BACKTESTER-001,OracleStrategy-000,MESM6.GLBX,GLBX-1-160,MESM6.GLBX-OracleStrategy-000,GLBX-001,GLBX-1-160,MARKET,SELL,1,GTC,True,False,1,TAKER,6684.0,0.0,['0.00 USD'],NO_TRIGGER,FILLED,NO_CONTINGENCY,,,,MY_GENERIC_ALGO,,O-20260308-221846-001-000-190,,d2c17e83-7dae-4fcf-8e84-59ac363cdb44,1773008326771348096,1773008326771348096
BACKTESTER-001,OracleStrategy-000,MESM6.GLBX,GLBX-1-161,MESM6.GLBX-OracleStrategy-000,GLBX-001,GLBX-1-161,MARKET,SELL,1,GTC,False,False,1,TAKER,6684.0,0.0,['0.00 USD'],NO_TRIGGER,FILLED,NO_CONTINGENCY,,,,MY_GENERIC_ALGO,,O-20260308-221846-001-000-191,,c01becbb-2dd7-40a8-94c3-d1bc2f9c84cb,1773008326771348096,1773008326771348096
BACKTESTER-001,OracleStrategy-000,MESM6.GLBX,GLBX-1-162,MESM6.GLBX-OracleStrategy-000,GLBX-001,GLBX-1-162,MARKET,BUY,1,GTC,True,False,1,TAKER,6683.0,0.0,['0.00 USD'],NO_TRIGGER,FILLED,NO_CONTINGENCY,,,,MY_GENERIC_ALGO,,O-20260308-221848-001-000-192,,4d7e096d-8b6a-4db6-9f33-4474769e4ea6,1773008328483518434,1773008328483518434
BACKTESTER-001,OracleStrategy-000,MESM6.GLBX,GLBX-1-163,MESM6.GLBX-OracleStrategy-000,GLBX-001,GLBX-1-163,MARKET,BUY,1,GTC,False,False,1,TAKER,6683.0,0.0,['0.00 USD'],NO_TRIGGER,FILLED,NO_CONTINGENCY,,,,MY_GENERIC_ALGO,,O-20260308-221848-001-000-193,,18b42b37-4ea9-43a6-8fc3-58413eb86571,1773008328483518434,1773008328483518434
BACKTESTER-001,OracleStrategy-000,MESM6.GLBX,GLBX-1-164,MESM6.GLBX-OracleStrategy-000,GLBX-001,GLBX-1-164,MARKET,SELL,1,GTC,True,False,1,TAKER,6683.0,0.0,['0.00 USD'],NO_TRIGGER,FILLED,NO_CONTINGENCY,,,,MY_GENERIC_ALGO,,O-20260308-221850-001-000-194,,00545fa7-35fe-411f-adef-38b76638b299,1773008330863781474,1773008330863781474
BACKTESTER-001,OracleStrategy-000,MESM6.GLBX,GLBX-1-165,MESM6.GLBX-OracleStrategy-000,GLBX-001,GLBX-1-165,MARKET,SELL,1,GTC,False,False,1,TAKER,6683.0,0.0,['0.00 USD'],NO_TRIGGER,FILLED,NO_CONTINGENCY,,,,MY_GENERIC_ALGO,,O-20260308-221850-001-000-195,,dbc8ee29-3789-4e26-bb17-81147b283ff3,1773008330863781474,1773008330863781474
BACKTESTER-001,OracleStrategy-000,MESM6.GLBX,GLBX-1-166,MESM6.GLBX-OracleStrategy-000,GLBX-001,GLBX-1-166,MARKET,BUY,1,GTC,True,False,1,TAKER,6684.0,0.0,['0.00 USD'],NO_TRIGGER,FILLED,NO_CONTINGENCY,,,,MY_GENERIC_ALGO,,O-20260308-221915-001-000-196,,fb154cb5-8cfc-4bb8-a3fc-80e1f9e61210,1773008355185229104,1773008355185229104
BACKTESTER-001,OracleStrategy-000,MESM6.GLBX,GLBX-1-167,MESM6.GLBX-OracleStrategy-000,GLBX-001,GLBX-1-167,MARKET,BUY,1,GTC,False,False,1,TAKER,6684.0,0.0,['0.00 USD'],NO_TRIGGER,FILLED,NO_CONTINGENCY,,,,MY_GENERIC_ALGO,,O-20260308-221915-001-000-197,,8dd88ed8-90fd-4d71-a036-52d5e195ad1b,1773008355185229104,1773008355185229104
BACKTESTER-001,OracleStrategy-000,MESM6.GLBX,GLBX-1-168,MESM6.GLBX-OracleStrategy-000,GLBX-001,GLBX-1-168,MARKET,SELL,1,GTC,True,False,1,TAKER,6684.5,0.0,['0.00 USD'],NO_TRIGGER,FILLED,NO_CONTINGENCY,,,,MY_GENERIC_ALGO,,O-20260308-221922-001-000-198,,a0e2f6fc-b710-46d8-a168-d16a31fb81ca,1773008362847149464,1773008362847149464
BACKTESTER-001,OracleStrategy-000,MESM6.GLBX,GLBX-1-169,MESM6.GLBX-OracleStrategy-000,GLBX-001,GLBX-1-169,MARKET,SELL,1,GTC,False,False,1,TAKER,6684.5,0.0,['0.00 USD'],NO_TRIGGER,FILLED,NO_CONTINGENCY,,,,MY_GENERIC_ALGO,,O-20260308-221922-001-000-199,,fdce6c4b-2273-4905-b167-9ad8783ad8e7,1773008362847149464,1773008362847149464
BACKTESTER-001,OracleStrategy-000,MESM6.GLBX,GLBX-1-170,MESM6.GLBX-OracleStrategy-000,GLBX-001,GLBX-1-170,MARKET,BUY,1,GTC,True,False,1,TAKER,6684.25,0.0,['0.00 USD'],NO_TRIGGER,FILLED,NO_CONTINGENCY,,,,MY_GENERIC_ALGO,,O-20260308-221931-001-000-200,,a6b87e6d-0c92-4aaf-a896-d7d54148b53c,1773008371789848363,1773008371789848363
BACKTESTER-001,OracleStrategy-000,MESM6.GLBX,GLBX-1-171,MESM6.GLBX-OracleStrategy-000,GLBX-001,GLBX-1-171,MARKET,BUY,1,GTC,False,False,1,TAKER,6684.25,0.0,['0.00 USD'],NO_TRIGGER,FILLED,NO_CONTINGENCY,,,,MY_GENERIC_ALGO,,O-20260308-221931-001-000-201,,5e44f1f0-70f3-4832-81c5-e62bf6d107be,1773008371789848363,1773008371789848363
BACKTESTER-001,OracleStrategy-000,MESM6.GLBX,GLBX-1-172,MESM6.GLBX-OracleStrategy-000,GLBX-001,GLBX-1-172,MARKET,SELL,1,GTC,True,False,1,TAKER,6685.0,0.0,['0.00 USD'],NO_TRIGGER,FILLED,NO_CONTINGENCY,,,,MY_GENERIC_ALGO,,O-20260308-222008-001-000-202,,0faf5f6a-fcb3-4b7d-ae75-dac45b4de7f4,1773008408359356232,1773008408359356232
BACKTESTER-001,OracleStrategy-000,MESM6.GLBX,GLBX-1-173,MESM6.GLBX-OracleStrategy-000,GLBX-001,GLBX-1-173,MARKET,SELL,1,GTC,False,False,1,TAKER,6685.0,0.0,['0.00 USD'],NO_TRIGGER,FILLED,NO_CONTINGENCY,,,,MY_GENERIC_ALGO,,O-20260308-222008-001-000-203,,f0c976f9-603b-46bd-a5cb-c64c56be9912,1773008408359356232,1773008408359356232
BACKTESTER-001,OracleStrategy-000,MESM6.GLBX,GLBX-1-174,MESM6.GLBX-OracleStrategy-000,GLBX-001,GLBX-1-174,MARKET,BUY,1,GTC,True,False,1,TAKER,6686.25,0.0,['0.00 USD'],NO_TRIGGER,FILLED,NO_CONTINGENCY,,,,MY_GENERIC_ALGO,,O-20260308-222021-001-000-204,,24e8ab9e-f7c7-4bfe-ab9b-644e8acc44b2,1773008421089405919,1773008421089405919
BACKTESTER-001,OracleStrategy-000,MESM6.GLBX,GLBX-1-175,MESM6.GLBX-OracleStrategy-000,GLBX-001,GLBX-1-175,MARKET,BUY,1,GTC,False,False,1,TAKER,6686.25,0.0,['0.00 USD'],NO_TRIGGER,FILLED,NO_CONTINGENCY,,,,MY_GENERIC_ALGO,,O-20260308-222021-001-000-205,,0a993889-a0ce-4bd9-8936-2053360ac799,1773008421089405919,1773008421089405919
BACKTESTER-001,OracleStrategy-000,MESM6.GLBX,GLBX-1-176,MESM6.GLBX-OracleStrategy-000,GLBX-001,GLBX-1-176,MARKET,SELL,1,GTC,True,False,1,TAKER,6686.75,0.0,['0.00 USD'],NO_TRIGGER,FILLED,NO_CONTINGENCY,,,,MY_GENERIC_ALGO,,O-20260308-222024-001-000-206,,691fbae9-ee5a-497f-90c2-64e322c87189,1773008424662803951,1773008424662803951
BACKTESTER-001,OracleStrategy-000,MESM6.GLBX,GLBX-1-177,MESM6.GLBX-OracleStrategy-000,GLBX-001,GLBX-1-177,MARKET,SELL,1,GTC,False,False,1,TAKER,6686.75,0.0,['0.00 USD'],NO_TRIGGER,FILLED,NO_CONTINGENCY,,,,MY_GENERIC_ALGO,,O-20260308-222024-001-000-207,,67681c0f-cabf-48d0-bb0b-522a65e7edc8,1773008424662803951,1773008424662803951
BACKTESTER-001,OracleStrategy-000,MESM6.GLBX,GLBX-1-178,MESM6.GLBX-OracleStrategy-000,GLBX-001,GLBX-1-178,MARKET,BUY,1,GTC,True,False,1,TAKER,6687.75,0.0,['0.00 USD'],NO_TRIGGER,FILLED,NO_CONTINGENCY,,,,MY_GENERIC_ALGO,,O-20260308-222028-001-000-208,,0ef5b911-7797-4e92-89d4-a475bca9e027,1773008428222032682,1773008428222032682
BACKTESTER-001,OracleStrategy-000,MESM6.GLBX,GLBX-1-179,MESM6.GLBX-OracleStrategy-000,GLBX-001,GLBX-1-179,MARKET,BUY,1,GTC,False,False,1,TAKER,6687.75,0.0,['0.00 USD'],NO_TRIGGER,FILLED,NO_CONTINGENCY,,,,MY_GENERIC_ALGO,,O-20260308-222028-001-000-209,,8cdf7626-29f6-4327-9545-be6cbd09f101,1773008428222032682,1773008428222032682
BACKTESTER-001,OracleStrategy-000,MESM6.GLBX,GLBX-1-180,MESM6.GLBX-OracleStrategy-000,GLBX-001,GLBX-1-180,MARKET,SELL,1,GTC,True,False,1,TAKER,6692.0,0.0,['0.00 USD'],NO_TRIGGER,FILLED,NO_CONTINGENCY,,,,MY_GENERIC_ALGO,,O-20260308-222035-001-000-210,,4001cf4a-57ec-4ce7-9230-bd46baf09a69,1773008435111645470,1773008435111645470
BACKTESTER-001,OracleStrategy-000,MESM6.GLBX,GLBX-1-181,MESM6.GLBX-OracleStrategy-000,GLBX-001,GLBX-1-181,MARKET,SELL,1,GTC,False,False,1,TAKER,6692.0,0.0,['0.00 USD'],NO_TRIGGER,FILLED,NO_CONTINGENCY,,,,MY_GENERIC_ALGO,,O-20260308-222035-001-000-211,,46b09bd6-cc59-47bb-8778-d3aca5898265,1773008435111645470,1773008435111645470
BACKTESTER-001,OracleStrategy-000,MESM6.GLBX,GLBX-1-182,MESM6.GLBX-OracleStrategy-000,GLBX-001,GLBX-1-182,MARKET,BUY,1,GTC,True,False,1,TAKER,6688.0,0.0,['0.00 USD'],NO_TRIGGER,FILLED,NO_CONTINGENCY,,,,MY_GENERIC_ALGO,,O-20260308-222038-001-000-212,,b3fc0e4b-58a2-4571-b8e8-c074cd21a5cb,1773008438377386490,1773008438377386490
BACKTESTER-001,OracleStrategy-000,MESM6.GLBX,GLBX-1-183,MESM6.GLBX-OracleStrategy-000,GLBX-001,GLBX-1-183,MARKET,BUY,1,GTC,False,False,1,TAKER,6688.0,0.0,['0.00 USD'],NO_TRIGGER,FILLED,NO_CONTINGENCY,,,,MY_GENERIC_ALGO,,O-20260308-222038-001-000-213,,9f9dd7d1-680f-42be-8d5e-0b29032e2671,1773008438377386490,1773008438377386490
BACKTESTER-001,OracleStrategy-000,MESM6.GLBX,GLBX-1-184,MESM6.GLBX-OracleStrategy-000,GLBX-001,GLBX-1-184,MARKET,SELL,1,GTC,True,False,1,TAKER,6686.25,0.0,['0.00 USD'],NO_TRIGGER,FILLED,NO_CONTINGENCY,,,,MY_GENERIC_ALGO,,O-20260308-222043-001-000-214,,f99bf7b7-79a5-4fc5-8542-4c2e4b953ff2,1773008443572321008,1773008443572321008
BACKTESTER-001,OracleStrategy-000,MESM6.GLBX,GLBX-1-185,MESM6.GLBX-OracleStrategy-000,GLBX-001,GLBX-1-185,MARKET,SELL,1,GTC,False,False,1,TAKER,6686.25,0.0,['0.00 USD'],NO_TRIGGER,FILLED,NO_CONTINGENCY,,,,MY_GENERIC_ALGO,,O-20260308-222043-001-000-215,,1d3b3f8b-c2d1-423f-841a-181245c897cf,1773008443572321008,1773008443572321008
BACKTESTER-001,OracleStrategy-000,MESM6.GLBX,GLBX-1-186,MESM6.GLBX-OracleStrategy-000,GLBX-001,GLBX-1-186,MARKET,BUY,1,GTC,True,False,1,TAKER,6686.5,0.0,['0.00 USD'],NO_TRIGGER,FILLED,NO_CONTINGENCY,,,,MY_GENERIC_ALGO,,O-20260308-222057-001-000-216,,49f916e2-27ea-4e94-88b5-3e617ab8d62f,1773008457668330156,1773008457668330156
BACKTESTER-001,OracleStrategy-000,MESM6.GLBX,GLBX-1-187,MESM6.GLBX-OracleStrategy-000,GLBX-001,GLBX-1-187,MARKET,BUY,1,GTC,False,False,1,TAKER,6686.5,0.0,['0.00 USD'],NO_TRIGGER,FILLED,NO_CONTINGENCY,,,,MY_GENERIC_ALGO,,O-20260308-222057-001-000-217,,3c8cef6e-b524-4054-ac23-fa8adaf7b079,1773008457668330156,1773008457668330156
BACKTESTER-001,OracleStrategy-000,MESM6.GLBX,GLBX-1-188,MESM6.GLBX-OracleStrategy-000,GLBX-001,GLBX-1-188,MARKET,SELL,1,GTC,True,False,1,TAKER,6687.0,0.0,['0.00 USD'],NO_TRIGGER,FILLED,NO_CONTINGENCY,,,,MY_GENERIC_ALGO,,O-20260308-222102-001-000-218,,b48176a4-7209-4e1e-b8e8-4864f4b12e24,1773008462592598407,1773008462592598407
BACKTESTER-001,OracleStrategy-000,MESM6.GLBX,GLBX-1-189,MESM6.GLBX-OracleStrategy-000,GLBX-001,GLBX-1-189,MARKET,SELL,1,GTC,False,False,1,TAKER,6687.0,0.0,['0.00 USD'],NO_TRIGGER,FILLED,NO_CONTINGENCY,,,,MY_GENERIC_ALGO,,O-20260308-222102-001-000-219,,c444ab11-1305-4832-92cf-7eeede9fb9cf,1773008462592598407,1773008462592598407
BACKTESTER-001,OracleStrategy-000,MESM6.GLBX,GLBX-1-190,MESM6.GLBX-OracleStrategy-000,GLBX-001,GLBX-1-190,MARKET,BUY,1,GTC,True,False,1,TAKER,6692.0,0.0,['0.00 USD'],NO_TRIGGER,FILLED,NO_CONTINGENCY,,,,MY_GENERIC_ALGO,,O-20260308-222104-001-000-220,,dbe10a8a-8242-4194-812b-a88a306c90be,1773008464202620706,1773008464202620706
BACKTESTER-001,OracleStrategy-000,MESM6.GLBX,GLBX-1-191,MESM6.GLBX-OracleStrategy-000,GLBX-001,GLBX-1-191,MARKET,BUY,1,GTC,False,False,1,TAKER,6692.0,0.0,['0.00 USD'],NO_TRIGGER,FILLED,NO_CONTINGENCY,,,,MY_GENERIC_ALGO,,O-20260308-222104-001-000-221,,430e0440-fcd2-4668-ba73-a8b9d548211a,1773008464202620706,1773008464202620706
BACKTESTER-001,OracleStrategy-000,MESM6.GLBX,GLBX-1-192,MESM6.GLBX-OracleStrategy-000,GLBX-001,GLBX-1-192,MARKET,SELL,1,GTC,True,False,1,TAKER,6688.0,0.0,['0.00 USD'],NO_TRIGGER,FILLED,NO_CONTINGENCY,,,,MY_GENERIC_ALGO,,O-20260308-222106-001-000-222,,9b4c797f-786a-44a3-a2a1-b2e46a6fa13c,1773008466960119349,1773008466960119349
BACKTESTER-001,OracleStrategy-000,MESM6.GLBX,GLBX-1-193,MESM6.GLBX-OracleStrategy-000,GLBX-001,GLBX-1-193,MARKET,SELL,1,GTC,False,False,1,TAKER,6688.0,0.0,['0.00 USD'],NO_TRIGGER,FILLED,NO_CONTINGENCY,,,,MY_GENERIC_ALGO,,O-20260308-222106-001-000-223,,d4df7296-7489-4797-861c-ba67bd7deb78,1773008466960119349,1773008466960119349
BACKTESTER-001,OracleStrategy-000,MESM6.GLBX,GLBX-1-194,MESM6.GLBX-OracleStrategy-000,GLBX-001,GLBX-1-194,MARKET,BUY,1,GTC,True,False,1,TAKER,6686.75,0.0,['0.00 USD'],NO_TRIGGER,FILLED,NO_CONTINGENCY,,,,MY_GENERIC_ALGO,,O-20260308-222109-001-000-224,,6ce5ab78-ff56-427a-83ee-a34249af8a81,1773008469835084069,1773008469835084069
BACKTESTER-001,OracleStrategy-000,MESM6.GLBX,GLBX-1-195,MESM6.GLBX-OracleStrategy-000,GLBX-001,GLBX-1-195,MARKET,BUY,1,GTC,False,False,1,TAKER,6686.75,0.0,['0.00 USD'],NO_TRIGGER,FILLED,NO_CONTINGENCY,,,,MY_GENERIC_ALGO,,O-20260308-222109-001-000-225,,d5c8c4f4-e63c-446c-b1c1-0e63c7cbcbfe,1773008469835084069,1773008469835084069
BACKTESTER-001,OracleStrategy-000,MESM6.GLBX,GLBX-1-196,MESM6.GLBX-OracleStrategy-000,GLBX-001,GLBX-1-196,MARKET,SELL,1,GTC,True,False,1,TAKER,6686.5,0.0,['0.00 USD'],NO_TRIGGER,FILLED,NO_CONTINGENCY,,,,MY_GENERIC_ALGO,,O-20260308-222129-001-000-226,,f03e4d2e-b7b9-4324-8f3e-73d3ed3d5b87,1773008489913255823,1773008489913255823
BACKTESTER-001,OracleStrategy-000,MESM6.GLBX,GLBX-1-197,MESM6.GLBX-OracleStrategy-000,GLBX-001,GLBX-1-197,MARKET,SELL,1,GTC,False,False,1,TAKER,6686.5,0.0,['0.00 USD'],NO_TRIGGER,FILLED,NO_CONTINGENCY,,,,MY_GENERIC_ALGO,,O-20260308-222129-001-000-227,,da5e4be7-e368-4f0a-bf10-c0df916ed39d,1773008489913255823,1773008489913255823
BACKTESTER-001,OracleStrategy-000,MESM6.GLBX,GLBX-1-198,MESM6.GLBX-OracleStrategy-000,GLBX-001,GLBX-1-198,MARKET,BUY,1,GTC,True,False,1,TAKER,6688.25,0.0,['0.00 USD'],NO_TRIGGER,FILLED,NO_CONTINGENCY,,,,MY_GENERIC_ALGO,,O-20260308-222204-001-000-228,,56f15e6f-614a-490a-b71d-3894a369d920,1773008524710914834,1773008524710914834
BACKTESTER-001,OracleStrategy-000,MESM6.GLBX,GLBX-1-199,MESM6.GLBX-OracleStrategy-000,GLBX-001,GLBX-1-199,MARKET,BUY,1,GTC,False,False,1,TAKER,6688.25,0.0,['0.00 USD'],NO_TRIGGER,FILLED,NO_CONTINGENCY,,,,MY_GENERIC_ALGO,,O-20260308-222204-001-000-229,,cc6d5a28-bdf4-4a27-8681-5c8ab8a7cb54,1773008524710914834,1773008524710914834
BACKTESTER-001,OracleStrategy-000,MESM6.GLBX,GLBX-1-200,MESM6.GLBX-OracleStrategy-000,GLBX-001,GLBX-1-200,MARKET,SELL,1,GTC,True,False,1,TAKER,6686.0,0.0,['0.00 USD'],NO_TRIGGER,FILLED,NO_CONTINGENCY,,,,MY_GENERIC_ALGO,,O-20260308-222216-001-000-230,,a529473a-8c18-4642-b547-f0b54d719df9,1773008536736305693,1773008536736305693
BACKTESTER-001,OracleStrategy-000,MESM6.GLBX,GLBX-1-201,MESM6.GLBX-OracleStrategy-000,GLBX-001,GLBX-1-201,MARKET,SELL,1,GTC,False,False,1,TAKER,6686.0,0.0,['0.00 USD'],NO_TRIGGER,FILLED,NO_CONTINGENCY,,,,MY_GENERIC_ALGO,,O-20260308-222216-001-000-231,,12a44fa7-d73d-4e65-b544-84c6ddb367d8,1773008536736305693,1773008536736305693
BACKTESTER-001,OracleStrategy-000,MESM6.GLBX,GLBX-1-202,MESM6.GLBX-OracleStrategy-000,GLBX-001,GLBX-1-202,MARKET,BUY,1,GTC,True,False,1,TAKER,6685.5,0.0,['0.00 USD'],NO_TRIGGER,FILLED,NO_CONTINGENCY,,,,MY_GENERIC_ALGO,,O-20260308-222223-001-000-232,,1b142b90-5134-4a2a-8c61-a823c39256c6,1773008543437566888,1773008543437566888
BACKTESTER-001,OracleStrategy-000,MESM6.GLBX,GLBX-1-203,MESM6.GLBX-OracleStrategy-000,GLBX-001,GLBX-1-203,MARKET,BUY,1,GTC,False,False,1,TAKER,6685.5,0.0,['0.00 USD'],NO_TRIGGER,FILLED,NO_CONTINGENCY,,,,MY_GENERIC_ALGO,,O-20260308-222223-001-000-233,,7341d2e7-182a-42b4-9053-90ed77e62b2e,1773008543437566888,1773008543437566888
BACKTESTER-001,OracleStrategy-000,MESM6.GLBX,GLBX-1-204,MESM6.GLBX-OracleStrategy-000,GLBX-001,GLBX-1-204,MARKET,SELL,1,GTC,True,False,1,TAKER,6685.0,0.0,['0.00 USD'],NO_TRIGGER,FILLED,NO_CONTINGENCY,,,,MY_GENERIC_ALGO,,O-20260308-222237-001-000-234,,76e811ee-ae7a-4354-9dd5-0df4839ad31f,1773008557135892755,1773008557135892755
BACKTESTER-001,OracleStrategy-000,MESM6.GLBX,GLBX-1-205,MESM6.GLBX-OracleStrategy-000,GLBX-001,GLBX-1-205,MARKET,SELL,1,GTC,False,False,1,TAKER,6685.0,0.0,['0.00 USD'],NO_TRIGGER,FILLED,NO_CONTINGENCY,,,,MY_GENERIC_ALGO,,O-20260308-222237-001-000-235,,874ef4bd-e843-4b54-925a-4bb4ac07eaac,1773008557135892755,1773008557135892755
BACKTESTER-001,OracleStrategy-000,MESM6.GLBX,GLBX-1-206,MESM6.GLBX-OracleStrategy-000,GLBX-001,GLBX-1-206,MARKET,BUY,1,GTC,True,False,1,TAKER,6684.75,0.0,['0.00 USD'],NO_TRIGGER,FILLED,NO_CONTINGENCY,,,,MY_GENERIC_ALGO,,O-20260308-222256-001-000-236,,375d981a-4808-4286-b1af-9b4c3da431a7,1773008576304257738,1773008576304257738
BACKTESTER-001,OracleStrategy-000,MESM6.GLBX,GLBX-1-207,MESM6.GLBX-OracleStrategy-000,GLBX-001,GLBX-1-207,MARKET,BUY,1,GTC,False,False,1,TAKER,6684.75,0.0,['0.00 USD'],NO_TRIGGER,FILLED,NO_CONTINGENCY,,,,MY_GENERIC_ALGO,,O-20260308-222256-001-000-237,,931bf5ee-3f44-451a-b9cb-33e0811c5a4f,1773008576304257738,1773008576304257738
BACKTESTER-001,OracleStrategy-000,MESM6.GLBX,GLBX-1-208,MESM6.GLBX-OracleStrategy-000,GLBX-001,GLBX-1-208,MARKET,SELL,1,GTC,True,False,1,TAKER,6683.75,0.0,['0.00 USD'],NO_TRIGGER,FILLED,NO_CONTINGENCY,,,,MY_GENERIC_ALGO,,O-20260308-222305-001-000-238,,92faf2b3-96a2-472f-adec-27df486a7cfe,1773008585410091213,1773008585410091213
BACKTESTER-001,OracleStrategy-000,MESM6.GLBX,GLBX-1-209,MESM6.GLBX-OracleStrategy-000,GLBX-001,GLBX-1-209,MARKET,SELL,1,GTC,False,False,1,TAKER,6683.75,0.0,['0.00 USD'],NO_TRIGGER,FILLED,NO_CONTINGENCY,,,,MY_GENERIC_ALGO,,O-20260308-222305-001-000-239,,42e0a295-9a9e-4af1-8660-b7e4c1a52862,1773008585410091213,1773008585410091213
BACKTESTER-001,OracleStrategy-000,MESM6.GLBX,GLBX-1-210,MESM6.GLBX-OracleStrategy-000,GLBX-001,GLBX-1-210,MARKET,BUY,1,GTC,True,False,1,TAKER,6677.25,0.0,['0.00 USD'],NO_TRIGGER,FILLED,NO_CONTINGENCY,,,,MY_GENERIC_ALGO,,O-20260308-222424-001-000-240,,c8f5acca-3b6f-49d6-950d-24820e9436ee,1773008664824441305,1773008664824441305
BACKTESTER-001,OracleStrategy-000,MESM6.GLBX,GLBX-1-211,MESM6.GLBX-OracleStrategy-000,GLBX-001,GLBX-1-211,MARKET,BUY,1,GTC,False,False,1,TAKER,6677.25,0.0,['0.00 USD'],NO_TRIGGER,FILLED,NO_CONTINGENCY,,,,MY_GENERIC_ALGO,,O-20260308-222424-001-000-241,,b433eb26-81d8-4258-a5e1-78a4d07eb2ad,1773008664824441305,1773008664824441305
BACKTESTER-001,OracleStrategy-000,MESM6.GLBX,GLBX-1-212,MESM6.GLBX-OracleStrategy-000,GLBX-001,GLBX-1-212,MARKET,SELL,1,GTC,True,False,1,TAKER,6677.25,0.0,['0.00 USD'],NO_TRIGGER,FILLED,NO_CONTINGENCY,,,,MY_GENERIC_ALGO,,O-20260308-222447-001-000-242,,3bf0d7c2-9112-4fe9-9c22-47a9410a44b5,1773008687558978289,1773008687558978289
BACKTESTER-001,OracleStrategy-000,MESM6.GLBX,GLBX-1-213,MESM6.GLBX-OracleStrategy-000,GLBX-001,GLBX-1-213,MARKET,SELL,1,GTC,False,False,1,TAKER,6677.25,0.0,['0.00 USD'],NO_TRIGGER,FILLED,NO_CONTINGENCY,,,,MY_GENERIC_ALGO,,O-20260308-222447-001-000-243,,d51a863b-b218-43cd-8ead-1350e3077faa,1773008687558978289,1773008687558978289
BACKTESTER-001,OracleStrategy-000,MESM6.GLBX,GLBX-1-214,MESM6.GLBX-OracleStrategy-000,GLBX-001,GLBX-1-214,MARKET,BUY,1,GTC,True,False,1,TAKER,6679.0,0.0,['0.00 USD'],NO_TRIGGER,FILLED,NO_CONTINGENCY,,,,MY_GENERIC_ALGO,,O-20260308-222455-001-000-244,,37eb602f-cc05-4e0e-a38a-758e2be2e3b0,1773008695510952898,1773008695510952898
BACKTESTER-001,OracleStrategy-000,MESM6.GLBX,,,,,MARKET,BUY,1,GTC,False,False,0,NO_LIQUIDITY_SIDE,,,,NO_TRIGGER,INITIALIZED,NO_CONTINGENCY,,,,MY_GENERIC_ALGO,,O-20260308-222455-001-000-245,,8f35e7b9-de71-4f5e-ae12-47f4144c62cc,1773008695510952898,1773008695510952898
BACKTESTER-001,OracleStrategy-000,MESM6.GLBX,,,,,MARKET,SELL,1,GTC,False,False,0,NO_LIQUIDITY_SIDE,,,,NO_TRIGGER,INITIALIZED,NO_CONTINGENCY,,,,MY_GENERIC_ALGO,,O-20260308-222501-001-000-246,,c313d8a9-0b7a-4b52-846d-ce1abce84023,1773008701038484024,1773008701038484024
BACKTESTER-001,OracleStrategy-000,MESM6.GLBX,GLBX-1-215,MESM6.GLBX-OracleStrategy-000,GLBX-001,GLBX-1-215,MARKET,SELL,1,GTC,False,False,1,TAKER,6678.0,0.0,['0.00 USD'],NO_TRIGGER,FILLED,NO_CONTINGENCY,,,,MY_GENERIC_ALGO,,O-20260308-222503-001-000-247,,062bcfc5-5585-4739-9e97-e60b65cf1940,1773008703209116088,1773008703209116088
BACKTESTER-001,OracleStrategy-000,MESM6.GLBX,GLBX-1-216,MESM6.GLBX-OracleStrategy-000,GLBX-001,GLBX-1-216,MARKET,BUY,1,GTC,True,False,1,TAKER,6680.75,0.0,['0.00 USD'],NO_TRIGGER,FILLED,NO_CONTINGENCY,,,,MY_GENERIC_ALGO,,O-20260308-222516-001-000-248,,ebb5c5b0-5434-44ef-8026-b6f8872a1b5c,1773008716948380250,1773008716948380250
BACKTESTER-001,OracleStrategy-000,MESM6.GLBX,GLBX-1-217,MESM6.GLBX-OracleStrategy-000,GLBX-001,GLBX-1-217,MARKET,BUY,1,GTC,False,False,1,TAKER,6680.75,0.0,['0.00 USD'],NO_TRIGGER,FILLED,NO_CONTINGENCY,,,,MY_GENERIC_ALGO,,O-20260308-222516-001-000-249,,f929d013-79e0-4783-a8ce-603589c86bd2,1773008716948380250,1773008716948380250
BACKTESTER-001,OracleStrategy-000,MESM6.GLBX,GLBX-1-218,MESM6.GLBX-OracleStrategy-000,GLBX-001,GLBX-1-218,MARKET,SELL,1,GTC,True,False,1,TAKER,6680.25,0.0,['0.00 USD'],NO_TRIGGER,FILLED,NO_CONTINGENCY,,,,MY_GENERIC_ALGO,,O-20260308-222520-001-000-250,,ca340429-e69b-4885-a368-033380b0147c,1773008720372967723,1773008720372967723
BACKTESTER-001,OracleStrategy-000,MESM6.GLBX,GLBX-1-219,MESM6.GLBX-OracleStrategy-000,GLBX-001,GLBX-1-219,MARKET,SELL,1,GTC,False,False,1,TAKER,6680.25,0.0,['0.00 USD'],NO_TRIGGER,FILLED,NO_CONTINGENCY,,,,MY_GENERIC_ALGO,,O-20260308-222520-001-000-251,,146a525e-04cd-4e81-998e-2fefa728db81,1773008720372967723,1773008720372967723
BACKTESTER-001,OracleStrategy-000,MESM6.GLBX,GLBX-1-220,MESM6.GLBX-OracleStrategy-000,GLBX-001,GLBX-1-220,MARKET,BUY,1,GTC,True,False,1,TAKER,6678.25,0.0,['0.00 USD'],NO_TRIGGER,FILLED,NO_CONTINGENCY,,,,MY_GENERIC_ALGO,,O-20260308-222542-001-000-252,,1d917ec7-01ca-4ed8-a997-fb7f227405a1,1773008742560633314,1773008742560633314
BACKTESTER-001,OracleStrategy-000,MESM6.GLBX,GLBX-1-221,MESM6.GLBX-OracleStrategy-000,GLBX-001,GLBX-1-221,MARKET,BUY,1,GTC,False,False,1,TAKER,6678.25,0.0,['0.00 USD'],NO_TRIGGER,FILLED,NO_CONTINGENCY,,,,MY_GENERIC_ALGO,,O-20260308-222542-001-000-253,,b2c183c0-0819-481b-8c21-cc81fc6cfa72,1773008742560633314,1773008742560633314
BACKTESTER-001,OracleStrategy-000,MESM6.GLBX,GLBX-1-222,MESM6.GLBX-OracleStrategy-000,GLBX-001,GLBX-1-222,MARKET,SELL,1,GTC,True,False,1,TAKER,6676.75,0.0,['0.00 USD'],NO_TRIGGER,FILLED,NO_CONTINGENCY,,,,MY_GENERIC_ALGO,,O-20260308-222543-001-000-254,,537bc89c-eafe-4106-90b9-f480f6ef7072,1773008743644395269,1773008743644395269
BACKTESTER-001,OracleStrategy-000,MESM6.GLBX,GLBX-1-223,MESM6.GLBX-OracleStrategy-000,GLBX-001,GLBX-1-223,MARKET,SELL,1,GTC,False,False,1,TAKER,6676.75,0.0,['0.00 USD'],NO_TRIGGER,FILLED,NO_CONTINGENCY,,,,MY_GENERIC_ALGO,,O-20260308-222543-001-000-255,,a4fcee4d-c7f1-4a4c-b137-0f0b312d6987,1773008743644395269,1773008743644395269
BACKTESTER-001,OracleStrategy-000,MESM6.GLBX,GLBX-1-224,MESM6.GLBX-OracleStrategy-000,GLBX-001,GLBX-1-224,MARKET,BUY,1,GTC,True,False,1,TAKER,6676.25,0.0,['0.00 USD'],NO_TRIGGER,FILLED,NO_CONTINGENCY,,,,MY_GENERIC_ALGO,,O-20260308-222548-001-000-256,,9d03fd51-f6f5-4fc4-bd85-98e4ef336d32,1773008748288101101,1773008748288101101
BACKTESTER-001,OracleStrategy-000,MESM6.GLBX,GLBX-1-225,MESM6.GLBX-OracleStrategy-000,GLBX-001,GLBX-1-225,MARKET,BUY,1,GTC,False,False,1,TAKER,6676.25,0.0,['0.00 USD'],NO_TRIGGER,FILLED,NO_CONTINGENCY,,,,MY_GENERIC_ALGO,,O-20260308-222548-001-000-257,,7367ad5b-82f3-4571-b0bd-850add0bf9c4,1773008748288101101,1773008748288101101
BACKTESTER-001,OracleStrategy-000,MESM6.GLBX,GLBX-1-226,MESM6.GLBX-OracleStrategy-000,GLBX-001,GLBX-1-226,MARKET,SELL,1,GTC,True,False,1,TAKER,6676.5,0.0,['0.00 USD'],NO_TRIGGER,FILLED,NO_CONTINGENCY,,,,MY_GENERIC_ALGO,,O-20260308-222625-001-000-258,,7c2b336f-9d6e-4acb-923d-1b8e3c31cfd5,1773008785575297570,1773008785575297570
BACKTESTER-001,OracleStrategy-000,MESM6.GLBX,GLBX-1-227,MESM6.GLBX-OracleStrategy-000,GLBX-001,GLBX-1-227,MARKET,SELL,1,GTC,False,False,1,TAKER,6676.5,0.0,['0.00 USD'],NO_TRIGGER,FILLED,NO_CONTINGENCY,,,,MY_GENERIC_ALGO,,O-20260308-222625-001-000-259,,d3708bff-73fe-4756-a080-36b518df4241,1773008785575297570,1773008785575297570
BACKTESTER-001,OracleStrategy-000,MESM6.GLBX,GLBX-1-228,MESM6.GLBX-OracleStrategy-000,GLBX-001,GLBX-1-228,MARKET,BUY,1,GTC,True,False,1,TAKER,6676.25,0.0,['0.00 USD'],NO_TRIGGER,FILLED,NO_CONTINGENCY,,,,MY_GENERIC_ALGO,,O-20260308-222629-001-000-260,,4c2ec25e-5aa7-4848-a250-b4f609377fc0,1773008789014607157,1773008789014607157
BACKTESTER-001,OracleStrategy-000,MESM6.GLBX,GLBX-1-229,MESM6.GLBX-OracleStrategy-000,GLBX-001,GLBX-1-229,MARKET,BUY,1,GTC,False,False,1,TAKER,6676.25,0.0,['0.00 USD'],NO_TRIGGER,FILLED,NO_CONTINGENCY,,,,MY_GENERIC_ALGO,,O-20260308-222629-001-000-261,,3d16d959-16fc-4994-bdb4-cccf01a8099b,1773008789014607157,1773008789014607157
BACKTESTER-001,OracleStrategy-000,MESM6.GLBX,GLBX-1-230,MESM6.GLBX-OracleStrategy-000,GLBX-001,GLBX-1-230,MARKET,SELL,1,GTC,True,False,1,TAKER,6675.0,0.0,['0.00 USD'],NO_TRIGGER,FILLED,NO_CONTINGENCY,,,,MY_GENERIC_ALGO,,O-20260308-222637-001-000-262,,63aa9957-b3ba-4413-bf12-b200b419a933,1773008797085225323,1773008797085225323
BACKTESTER-001,OracleStrategy-000,MESM6.GLBX,GLBX-1-231,MESM6.GLBX-OracleStrategy-000,GLBX-001,GLBX-1-231,MARKET,SELL,1,GTC,False,False,1,TAKER,6675.0,0.0,['0.00 USD'],NO_TRIGGER,FILLED,NO_CONTINGENCY,,,,MY_GENERIC_ALGO,,O-20260308-222637-001-000-263,,d5d2cab0-3be1-4daf-bb11-85aaadc53569,1773008797085225323,1773008797085225323
BACKTESTER-001,OracleStrategy-000,MESM6.GLBX,GLBX-1-232,MESM6.GLBX-OracleStrategy-000,GLBX-001,GLBX-1-232,MARKET,BUY,1,GTC,True,False,1,TAKER,6675.0,0.0,['0.00 USD'],NO_TRIGGER,FILLED,NO_CONTINGENCY,,,,MY_GENERIC_ALGO,,O-20260308-222642-001-000-264,,d4728f0e-2715-4622-a118-c509aa82f64c,1773008802780422864,1773008802780422864
BACKTESTER-001,OracleStrategy-000,MESM6.GLBX,GLBX-1-233,MESM6.GLBX-OracleStrategy-000,GLBX-001,GLBX-1-233,MARKET,BUY,1,GTC,False,False,1,TAKER,6675.0,0.0,['0.00 USD'],NO_TRIGGER,FILLED,NO_CONTINGENCY,,,,MY_GENERIC_ALGO,,O-20260308-222642-001-000-265,,3713fc07-f345-46a7-93a5-0e342a7b9a80,1773008802780422864,1773008802780422864
BACKTESTER-001,OracleStrategy-000,MESM6.GLBX,GLBX-1-234,MESM6.GLBX-OracleStrategy-000,GLBX-001,GLBX-1-234,MARKET,SELL,1,GTC,True,False,1,TAKER,6675.75,0.0,['0.00 USD'],NO_TRIGGER,FILLED,NO_CONTINGENCY,,,,MY_GENERIC_ALGO,,O-20260308-222652-001-000-266,,4e23f94a-f32a-4dc8-9958-8746a0099e81,1773008812702072045,1773008812702072045
BACKTESTER-001,OracleStrategy-000,MESM6.GLBX,GLBX-1-235,MESM6.GLBX-OracleStrategy-000,GLBX-001,GLBX-1-235,MARKET,SELL,1,GTC,False,False,1,TAKER,6675.75,0.0,['0.00 USD'],NO_TRIGGER,FILLED,NO_CONTINGENCY,,,,MY_GENERIC_ALGO,,O-20260308-222652-001-000-267,,ea19841e-ebf9-44e3-bb5d-5cb3fea2d5cd,1773008812702072045,1773008812702072045
BACKTESTER-001,OracleStrategy-000,MESM6.GLBX,GLBX-1-236,MESM6.GLBX-OracleStrategy-000,GLBX-001,GLBX-1-236,MARKET,BUY,1,GTC,True,False,1,TAKER,6676.0,0.0,['0.00 USD'],NO_TRIGGER,FILLED,NO_CONTINGENCY,,,,MY_GENERIC_ALGO,,O-20260308-222700-001-000-268,,eec28d09-682b-4354-af49-05c983d6a092,1773008820259652477,1773008820259652477
BACKTESTER-001,OracleStrategy-000,MESM6.GLBX,GLBX-1-237,MESM6.GLBX-OracleStrategy-000,GLBX-001,GLBX-1-237,MARKET,BUY,1,GTC,False,False,1,TAKER,6676.0,0.0,['0.00 USD'],NO_TRIGGER,FILLED,NO_CONTINGENCY,,,,MY_GENERIC_ALGO,,O-20260308-222700-001-000-269,,bccbba76-6762-4436-b600-9b32ab3f2410,1773008820259652477,1773008820259652477
BACKTESTER-001,OracleStrategy-000,MESM6.GLBX,GLBX-1-238,MESM6.GLBX-OracleStrategy-000,GLBX-001,GLBX-1-238,MARKET,SELL,1,GTC,True,False,1,TAKER,6675.0,0.0,['0.00 USD'],NO_TRIGGER,FILLED,NO_CONTINGENCY,,,,MY_GENERIC_ALGO,,O-20260308-222703-001-000-270,,5f6859f5-cb0c-46e3-bd0b-90567c00bb54,1773008823908932054,1773008823908932054
BACKTESTER-001,OracleStrategy-000,MESM6.GLBX,GLBX-1-239,MESM6.GLBX-OracleStrategy-000,GLBX-001,GLBX-1-239,MARKET,SELL,1,GTC,False,False,1,TAKER,6675.0,0.0,['0.00 USD'],NO_TRIGGER,FILLED,NO_CONTINGENCY,,,,MY_GENERIC_ALGO,,O-20260308-222703-001-000-271,,c5d87269-a39b-4833-87af-b19f54ce909a,1773008823908932054,1773008823908932054
BACKTESTER-001,OracleStrategy-000,MESM6.GLBX,GLBX-1-240,MESM6.GLBX-OracleStrategy-000,GLBX-001,GLBX-1-240,MARKET,BUY,1,GTC,True,False,1,TAKER,6674.75,0.0,['0.00 USD'],NO_TRIGGER,FILLED,NO_CONTINGENCY,,,,MY_GENERIC_ALGO,,O-20260308-222737-001-000-272,,d56217a7-0ff9-418d-b5e5-2188e042f617,1773008857324230949,1773008857324230949
BACKTESTER-001,OracleStrategy-000,MESM6.GLBX,GLBX-1-241,MESM6.GLBX-OracleStrategy-000,GLBX-001,GLBX-1-241,MARKET,BUY,1,GTC,False,False,1,TAKER,6674.75,0.0,['0.00 USD'],NO_TRIGGER,FILLED,NO_CONTINGENCY,,,,MY_GENERIC_ALGO,,O-20260308-222737-001-000-273,,e5379cfd-feb8-41ca-9293-8262a26d92c4,1773008857324230949,1773008857324230949
BACKTESTER-001,OracleStrategy-000,MESM6.GLBX,GLBX-1-242,MESM6.GLBX-OracleStrategy-000,GLBX-001,GLBX-1-242,MARKET,SELL,1,GTC,True,False,1,TAKER,6673.25,0.0,['0.00 USD'],NO_TRIGGER,FILLED,NO_CONTINGENCY,,,,MY_GENERIC_ALGO,,O-20260308-222740-001-000-274,,6e6a4074-01fb-4be6-850d-369ffd3c727e,1773008860401323701,1773008860401323701
BACKTESTER-001,OracleStrategy-000,MESM6.GLBX,GLBX-1-243,MESM6.GLBX-OracleStrategy-000,GLBX-001,GLBX-1-243,MARKET,SELL,1,GTC,False,False,1,TAKER,6673.25,0.0,['0.00 USD'],NO_TRIGGER,FILLED,NO_CONTINGENCY,,,,MY_GENERIC_ALGO,,O-20260308-222740-001-000-275,,e9ee14dc-a1c8-40e3-ad2f-be20a2de6c33,1773008860401323701,1773008860401323701
BACKTESTER-001,OracleStrategy-000,MESM6.GLBX,GLBX-1-244,MESM6.GLBX-OracleStrategy-000,GLBX-001,GLBX-1-244,MARKET,BUY,1,GTC,True,False,1,TAKER,6673.0,0.0,['0.00 USD'],NO_TRIGGER,FILLED,NO_CONTINGENCY,,,,MY_GENERIC_ALGO,,O-20260308-222743-001-000-276,,bf4be3c8-2a96-4c68-97b1-4bb10caf6ea3,1773008863605846026,1773008863605846026
BACKTESTER-001,OracleStrategy-000,MESM6.GLBX,GLBX-1-245,MESM6.GLBX-OracleStrategy-000,GLBX-001,GLBX-1-245,MARKET,BUY,1,GTC,False,False,1,TAKER,6673.0,0.0,['0.00 USD'],NO_TRIGGER,FILLED,NO_CONTINGENCY,,,,MY_GENERIC_ALGO,,O-20260308-222743-001-000-277,,faec165c-652e-4260-bb2b-35fc8dbc775a,1773008863605846026,1773008863605846026
BACKTESTER-001,OracleStrategy-000,MESM6.GLBX,GLBX-1-246,MESM6.GLBX-OracleStrategy-000,GLBX-001,GLBX-1-246,MARKET,SELL,1,GTC,True,False,1,TAKER,6672.75,0.0,['0.00 USD'],NO_TRIGGER,FILLED,NO_CONTINGENCY,,,,MY_GENERIC_ALGO,,O-20260308-222747-001-000-278,,193295b3-d40b-41d3-9bcc-78d8f2a41a48,1773008867043217172,1773008867043217172
BACKTESTER-001,OracleStrategy-000,MESM6.GLBX,GLBX-1-247,MESM6.GLBX-OracleStrategy-000,GLBX-001,GLBX-1-247,MARKET,SELL,1,GTC,False,False,1,TAKER,6672.75,0.0,['0.00 USD'],NO_TRIGGER,FILLED,NO_CONTINGENCY,,,,MY_GENERIC_ALGO,,O-20260308-222747-001-000-279,,4c1ec6dd-3411-4104-830b-0f51bdc3f310,1773008867043217172,1773008867043217172
BACKTESTER-001,OracleStrategy-000,MESM6.GLBX,GLBX-1-248,MESM6.GLBX-OracleStrategy-000,GLBX-001,GLBX-1-248,MARKET,BUY,1,GTC,True,False,1,TAKER,6671.75,0.0,['0.00 USD'],NO_TRIGGER,FILLED,NO_CONTINGENCY,,,,MY_GENERIC_ALGO,,O-20260308-222752-001-000-280,,b503060b-ca09-41f2-ae61-06ba848467d2,1773008872663442277,1773008872663442277
BACKTESTER-001,OracleStrategy-000,MESM6.GLBX,GLBX-1-249,MESM6.GLBX-OracleStrategy-000,GLBX-001,GLBX-1-249,MARKET,BUY,1,GTC,False,False,1,TAKER,6671.75,0.0,['0.00 USD'],NO_TRIGGER,FILLED,NO_CONTINGENCY,,,,MY_GENERIC_ALGO,,O-20260308-222752-001-000-281,,30aa35f3-bbd7-4e38-a061-1e147d16cfb4,1773008872663442277,1773008872663442277
BACKTESTER-001,OracleStrategy-000,MESM6.GLBX,GLBX-1-250,MESM6.GLBX-OracleStrategy-000,GLBX-001,GLBX-1-250,MARKET,SELL,1,GTC,True,False,1,TAKER,6674.0,0.0,['0.00 USD'],NO_TRIGGER,FILLED,NO_CONTINGENCY,,,,MY_GENERIC_ALGO,,O-20260308-222757-001-000-282,,8fa89af5-450d-433a-a9b2-0a09be322842,1773008877519772571,1773008877519772571
BACKTESTER-001,OracleStrategy-000,MESM6.GLBX,GLBX-1-251,MESM6.GLBX-OracleStrategy-000,GLBX-001,GLBX-1-251,MARKET,SELL,1,GTC,False,False,1,TAKER,6674.0,0.0,['0.00 USD'],NO_TRIGGER,FILLED,NO_CONTINGENCY,,,,MY_GENERIC_ALGO,,O-20260308-222757-001-000-283,,ffcba6df-0880-46b7-8a63-c26c05c36f91,1773008877519772571,1773008877519772571
BACKTESTER-001,OracleStrategy-000,MESM6.GLBX,GLBX-1-252,MESM6.GLBX-OracleStrategy-000,GLBX-001,GLBX-1-252,MARKET,BUY,1,GTC,True,False,1,TAKER,6674.0,0.0,['0.00 USD'],NO_TRIGGER,FILLED,NO_CONTINGENCY,,,,MY_GENERIC_ALGO,,O-20260308-222801-001-000-284,,4fc6cab4-ed2e-43a3-aaa8-16a75e4ca3bc,1773008881649581089,1773008881649581089
BACKTESTER-001,OracleStrategy-000,MESM6.GLBX,GLBX-1-253,MESM6.GLBX-OracleStrategy-000,GLBX-001,GLBX-1-253,MARKET,BUY,1,GTC,False,False,1,TAKER,6674.0,0.0,['0.00 USD'],NO_TRIGGER,FILLED,NO_CONTINGENCY,,,,MY_GENERIC_ALGO,,O-20260308-222801-001-000-285,,9ec83190-0b79-4010-989c-f79db326bd05,1773008881649581089,1773008881649581089
BACKTESTER-001,OracleStrategy-000,MESM6.GLBX,GLBX-1-254,MESM6.GLBX-OracleStrategy-000,GLBX-001,GLBX-1-254,MARKET,SELL,1,GTC,True,False,1,TAKER,6678.0,0.0,['0.00 USD'],NO_TRIGGER,FILLED,NO_CONTINGENCY,,,,MY_GENERIC_ALGO,,O-20260308-222839-001-000-286,,757f0114-c8e8-44e4-8ce4-7c4e4c63846b,1773008919908827029,1773008919908827029
BACKTESTER-001,OracleStrategy-000,MESM6.GLBX,GLBX-1-255,MESM6.GLBX-OracleStrategy-000,GLBX-001,GLBX-1-255,MARKET,SELL,1,GTC,False,False,1,TAKER,6678.0,0.0,['0.00 USD'],NO_TRIGGER,FILLED,NO_CONTINGENCY,,,,MY_GENERIC_ALGO,,O-20260308-222839-001-000-287,,81be0fe0-ab34-40ee-92a6-c970682602f5,1773008919908827029,1773008919908827029
BACKTESTER-001,OracleStrategy-000,MESM6.GLBX,GLBX-1-256,MESM6.GLBX-OracleStrategy-000,GLBX-001,GLBX-1-256,MARKET,BUY,1,GTC,True,False,1,TAKER,6676.75,0.0,['0.00 USD'],NO_TRIGGER,FILLED,NO_CONTINGENCY,,,,MY_GENERIC_ALGO,,O-20260308-222847-001-000-288,,61a546c3-c645-4f16-86a4-dcd82d3c9aa1,1773008927002741304,1773008927002741304
BACKTESTER-001,OracleStrategy-000,MESM6.GLBX,GLBX-1-257,MESM6.GLBX-OracleStrategy-000,GLBX-001,GLBX-1-257,MARKET,BUY,1,GTC,False,False,1,TAKER,6676.75,0.0,['0.00 USD'],NO_TRIGGER,FILLED,NO_CONTINGENCY,,,,MY_GENERIC_ALGO,,O-20260308-222847-001-000-289,,cf6ca5cf-2700-4c03-92d2-66040d93e030,1773008927002741304,1773008927002741304
BACKTESTER-001,OracleStrategy-000,MESM6.GLBX,GLBX-1-258,MESM6.GLBX-OracleStrategy-000,GLBX-001,GLBX-1-258,MARKET,SELL,1,GTC,True,False,1,TAKER,6679.25,0.0,['0.00 USD'],NO_TRIGGER,FILLED,NO_CONTINGENCY,,,,MY_GENERIC_ALGO,,O-20260308-222914-001-000-290,,f9919f81-1c64-47f4-868b-03f70303c43c,1773008954532894384,1773008954532894384
BACKTESTER-001,OracleStrategy-000,MESM6.GLBX,GLBX-1-259,MESM6.GLBX-OracleStrategy-000,GLBX-001,GLBX-1-259,MARKET,SELL,1,GTC,False,False,1,TAKER,6679.25,0.0,['0.00 USD'],NO_TRIGGER,FILLED,NO_CONTINGENCY,,,,MY_GENERIC_ALGO,,O-20260308-222914-001-000-291,,df60e0dd-2052-4be2-9748-8420e926004b,1773008954532894384,1773008954532894384
BACKTESTER-001,OracleStrategy-000,MESM6.GLBX,GLBX-1-260,MESM6.GLBX-OracleStrategy-000,GLBX-001,GLBX-1-260,MARKET,BUY,1,GTC,True,False,1,TAKER,6680.5,0.0,['0.00 USD'],NO_TRIGGER,FILLED,NO_CONTINGENCY,,,,MY_GENERIC_ALGO,,O-20260308-222921-001-000-292,,ef9a0341-6fd7-4f24-8b8b-8959a8cec4ba,1773008961636670770,1773008961636670770
BACKTESTER-001,OracleStrategy-000,MESM6.GLBX,,,,,MARKET,BUY,1,GTC,False,False,0,NO_LIQUIDITY_SIDE,,,,NO_TRIGGER,INITIALIZED,NO_CONTINGENCY,,,,MY_GENERIC_ALGO,,O-20260308-222921-001-000-293,,7e1b38ce-0076-48ce-87d9-045b0307e68e,1773008961636670770,1773008961636670770
BACKTESTER-001,OracleStrategy-000,MESM6.GLBX,,,,,MARKET,BUY,1,GTC,False,False,0,NO_LIQUIDITY_SIDE,,,,NO_TRIGGER,INITIALIZED,NO_CONTINGENCY,,,,MY_GENERIC_ALGO,,O-20260308-222937-001-000-294,,f93a4f54-87be-4532-9df9-ca9c7fd8f3b9,1773008977932027083,1773008977932027083
BACKTESTER-001,OracleStrategy-000,MESM6.GLBX,GLBX-1-261,MESM6.GLBX-OracleStrategy-000,GLBX-001,GLBX-1-261,MARKET,BUY,1,GTC,False,False,1,TAKER,6681.25,0.0,['0.00 USD'],NO_TRIGGER,FILLED,NO_CONTINGENCY,,,,MY_GENERIC_ALGO,,O-20260308-222945-001-000-295,,61f1212e-bab4-4382-b342-2dcb37db958f,1773008985360978742,1773008985360978742
BACKTESTER-001,OracleStrategy-000,MESM6.GLBX,GLBX-1-262,MESM6.GLBX-OracleStrategy-000,GLBX-001,GLBX-1-262,MARKET,SELL,1,GTC,True,False,1,TAKER,6682.5,0.0,['0.00 USD'],NO_TRIGGER,FILLED,NO_CONTINGENCY,,,,MY_GENERIC_ALGO,,O-20260308-223003-001-000-296,,71fc8e2a-ddbe-412b-aff8-3e5d7198e480,1773009003570036560,1773009003570036560
BACKTESTER-001,OracleStrategy-000,MESM6.GLBX,GLBX-1-263,MESM6.GLBX-OracleStrategy-000,GLBX-001,GLBX-1-263,MARKET,SELL,1,GTC,False,False,1,TAKER,6682.5,0.0,['0.00 USD'],NO_TRIGGER,FILLED,NO_CONTINGENCY,,,,MY_GENERIC_ALGO,,O-20260308-223003-001-000-297,,fd185320-e636-4e5f-b426-7656991d2676,1773009003570036560,1773009003570036560
BACKTESTER-001,OracleStrategy-000,MESM6.GLBX,GLBX-1-264,MESM6.GLBX-OracleStrategy-000,GLBX-001,GLBX-1-264,MARKET,BUY,1,GTC,True,False,1,TAKER,6681.75,0.0,['0.00 USD'],NO_TRIGGER,FILLED,NO_CONTINGENCY,,,,MY_GENERIC_ALGO,,O-20260308-223004-001-000-298,,32c815b2-ec26-46fd-8e39-04495d47da8b,1773009004773173965,1773009004773173965
BACKTESTER-001,OracleStrategy-000,MESM6.GLBX,GLBX-1-265,MESM6.GLBX-OracleStrategy-000,GLBX-001,GLBX-1-265,MARKET,BUY,1,GTC,False,False,1,TAKER,6681.75,0.0,['0.00 USD'],NO_TRIGGER,FILLED,NO_CONTINGENCY,,,,MY_GENERIC_ALGO,,O-20260308-223004-001-000-299,,366face4-4a74-496c-af06-2aca6711f126,1773009004773173965,1773009004773173965
BACKTESTER-001,OracleStrategy-000,MESM6.GLBX,GLBX-1-266,MESM6.GLBX-OracleStrategy-000,GLBX-001,GLBX-1-266,MARKET,SELL,1,GTC,True,False,1,TAKER,6682.75,0.0,['0.00 USD'],NO_TRIGGER,FILLED,NO_CONTINGENCY,,,,MY_GENERIC_ALGO,,O-20260308-223054-001-000-300,,c4b87286-19f4-44c0-941f-85a6b8612f0a,1773009054511612181,1773009054511612181
BACKTESTER-001,OracleStrategy-000,MESM6.GLBX,GLBX-1-267,MESM6.GLBX-OracleStrategy-000,GLBX-001,GLBX-1-267,MARKET,SELL,1,GTC,False,False,1,TAKER,6682.75,0.0,['0.00 USD'],NO_TRIGGER,FILLED,NO_CONTINGENCY,,,,MY_GENERIC_ALGO,,O-20260308-223054-001-000-301,,57b9af35-d884-4ca3-8112-d2b1a7b07469,1773009054511612181,1773009054511612181
BACKTESTER-001,OracleStrategy-000,MESM6.GLBX,GLBX-1-268,MESM6.GLBX-OracleStrategy-000,GLBX-001,GLBX-1-268,MARKET,BUY,1,GTC,True,False,1,TAKER,6683.0,0.0,['0.00 USD'],NO_TRIGGER,FILLED,NO_CONTINGENCY,,,,MY_GENERIC_ALGO,,O-20260308-223101-001-000-302,,e4c38388-9fd4-4804-8b24-25f1b5fc108b,1773009061681602245,1773009061681602245
BACKTESTER-001,OracleStrategy-000,MESM6.GLBX,GLBX-1-269,MESM6.GLBX-OracleStrategy-000,GLBX-001,GLBX-1-269,MARKET,BUY,1,GTC,False,False,1,TAKER,6683.0,0.0,['0.00 USD'],NO_TRIGGER,FILLED,NO_CONTINGENCY,,,,MY_GENERIC_ALGO,,O-20260308-223101-001-000-303,,4a08d7b1-7f49-4b57-8e32-2314dad73765,1773009061681602245,1773009061681602245
BACKTESTER-001,OracleStrategy-000,MESM6.GLBX,GLBX-1-270,MESM6.GLBX-OracleStrategy-000,GLBX-001,GLBX-1-270,MARKET,SELL,1,GTC,True,False,1,TAKER,6682.5,0.0,['0.00 USD'],NO_TRIGGER,FILLED,NO_CONTINGENCY,,,,MY_GENERIC_ALGO,,O-20260308-223131-001-000-304,,7cf76fa1-cc53-4dc0-9d67-f261ecbca1f5,1773009091184415500,1773009091184415500
BACKTESTER-001,OracleStrategy-000,MESM6.GLBX,GLBX-1-271,MESM6.GLBX-OracleStrategy-000,GLBX-001,GLBX-1-271,MARKET,SELL,1,GTC,False,False,1,TAKER,6682.5,0.0,['0.00 USD'],NO_TRIGGER,FILLED,NO_CONTINGENCY,,,,MY_GENERIC_ALGO,,O-20260308-223131-001-000-305,,e8b409bc-ffce-4202-9ad4-15b2a7c12ca5,1773009091184415500,1773009091184415500
BACKTESTER-001,OracleStrategy-000,MESM6.GLBX,GLBX-1-272,MESM6.GLBX-OracleStrategy-000,GLBX-001,GLBX-1-272,MARKET,BUY,1,GTC,True,False,1,TAKER,6683.25,0.0,['0.00 USD'],NO_TRIGGER,FILLED,NO_CONTINGENCY,,,,MY_GENERIC_ALGO,,O-20260308-223139-001-000-306,,c6889806-64b5-4efc-aa09-d6f249b38b01,1773009099712221392,1773009099712221392
BACKTESTER-001,OracleStrategy-000,MESM6.GLBX,GLBX-1-273,MESM6.GLBX-OracleStrategy-000,GLBX-001,GLBX-1-273,MARKET,BUY,1,GTC,False,False,1,TAKER,6683.25,0.0,['0.00 USD'],NO_TRIGGER,FILLED,NO_CONTINGENCY,,,,MY_GENERIC_ALGO,,O-20260308-223139-001-000-307,,a8075739-d992-49f6-84d9-6872ea32b4e7,1773009099712221392,1773009099712221392
BACKTESTER-001,OracleStrategy-000,MESM6.GLBX,GLBX-1-274,MESM6.GLBX-OracleStrategy-000,GLBX-001,GLBX-1-274,MARKET,SELL,1,GTC,True,False,1,TAKER,6682.5,0.0,['0.00 USD'],NO_TRIGGER,FILLED,NO_CONTINGENCY,,,,MY_GENERIC_ALGO,,O-20260308-223150-001-000-308,,85f1f1d6-df8f-4578-9208-225498b928ee,1773009110838014536,1773009110838014536
BACKTESTER-001,OracleStrategy-000,MESM6.GLBX,GLBX-1-275,MESM6.GLBX-OracleStrategy-000,GLBX-001,GLBX-1-275,MARKET,SELL,1,GTC,False,False,1,TAKER,6682.5,0.0,['0.00 USD'],NO_TRIGGER,FILLED,NO_CONTINGENCY,,,,MY_GENERIC_ALGO,,O-20260308-223150-001-000-309,,82823932-5921-46b8-b9f6-82f4abe984bd,1773009110838014536,1773009110838014536
BACKTESTER-001,OracleStrategy-000,MESM6.GLBX,GLBX-1-276,MESM6.GLBX-OracleStrategy-000,GLBX-001,GLBX-1-276,MARKET,BUY,1,GTC,True,False,1,TAKER,6683.25,0.0,['0.00 USD'],NO_TRIGGER,FILLED,NO_CONTINGENCY,,,,MY_GENERIC_ALGO,,O-20260308-223231-001-000-310,,9e6610b5-7864-4ca6-b1b9-571a2d773007,1773009151179617085,1773009151179617085
BACKTESTER-001,OracleStrategy-000,MESM6.GLBX,GLBX-1-277,MESM6.GLBX-OracleStrategy-000,GLBX-001,GLBX-1-277,MARKET,BUY,1,GTC,False,False,1,TAKER,6683.25,0.0,['0.00 USD'],NO_TRIGGER,FILLED,NO_CONTINGENCY,,,,MY_GENERIC_ALGO,,O-20260308-223231-001-000-311,,c8457e0e-b8c5-4d1e-9bde-6cad82abb6fa,1773009151179617085,1773009151179617085
BACKTESTER-001,OracleStrategy-000,MESM6.GLBX,GLBX-1-278,MESM6.GLBX-OracleStrategy-000,GLBX-001,GLBX-1-278,MARKET,SELL,1,GTC,True,False,1,TAKER,6683.0,0.0,['0.00 USD'],NO_TRIGGER,FILLED,NO_CONTINGENCY,,,,MY_GENERIC_ALGO,,O-20260308-223238-001-000-312,,2f9792d7-2d48-4bde-949a-3226467d7ce9,1773009158898400145,1773009158898400145
BACKTESTER-001,OracleStrategy-000,MESM6.GLBX,GLBX-1-279,MESM6.GLBX-OracleStrategy-000,GLBX-001,GLBX-1-279,MARKET,SELL,1,GTC,False,False,1,TAKER,6683.0,0.0,['0.00 USD'],NO_TRIGGER,FILLED,NO_CONTINGENCY,,,,MY_GENERIC_ALGO,,O-20260308-223238-001-000-313,,1be32ea2-be47-4f26-b3d9-162f59139048,1773009158898400145,1773009158898400145
BACKTESTER-001,OracleStrategy-000,MESM6.GLBX,GLBX-1-280,MESM6.GLBX-OracleStrategy-000,GLBX-001,GLBX-1-280,MARKET,BUY,1,GTC,True,False,1,TAKER,6682.75,0.0,['0.00 USD'],NO_TRIGGER,FILLED,NO_CONTINGENCY,,,,MY_GENERIC_ALGO,,O-20260308-223242-001-000-314,,8bccd047-f76a-4eb6-9910-5fdc5776b229,1773009162847291055,1773009162847291055
BACKTESTER-001,OracleStrategy-000,MESM6.GLBX,GLBX-1-281,MESM6.GLBX-OracleStrategy-000,GLBX-001,GLBX-1-281,MARKET,BUY,1,GTC,False,False,1,TAKER,6682.75,0.0,['0.00 USD'],NO_TRIGGER,FILLED,NO_CONTINGENCY,,,,MY_GENERIC_ALGO,,O-20260308-223242-001-000-315,,04182504-afec-49dc-b76e-ccd743392cf7,1773009162847291055,1773009162847291055
BACKTESTER-001,OracleStrategy-000,MESM6.GLBX,GLBX-1-282,MESM6.GLBX-OracleStrategy-000,GLBX-001,GLBX-1-282,MARKET,SELL,1,GTC,True,False,1,TAKER,6683.75,0.0,['0.00 USD'],NO_TRIGGER,FILLED,NO_CONTINGENCY,,,,MY_GENERIC_ALGO,,O-20260308-223249-001-000-316,,e54fcd2b-8a5d-440e-99d0-12b89363bee9,1773009169706159130,1773009169706159130
BACKTESTER-001,OracleStrategy-000,MESM6.GLBX,GLBX-1-283,MESM6.GLBX-OracleStrategy-000,GLBX-001,GLBX-1-283,MARKET,SELL,1,GTC,False,False,1,TAKER,6683.75,0.0,['0.00 USD'],NO_TRIGGER,FILLED,NO_CONTINGENCY,,,,MY_GENERIC_ALGO,,O-20260308-223249-001-000-317,,14a8ea9a-1f23-4ed7-9706-8b5e24a1419b,1773009169706159130,1773009169706159130
BACKTESTER-001,OracleStrategy-000,MESM6.GLBX,GLBX-1-284,MESM6.GLBX-OracleStrategy-000,GLBX-001,GLBX-1-284,MARKET,BUY,1,GTC,True,False,1,TAKER,6683.5,0.0,['0.00 USD'],NO_TRIGGER,FILLED,NO_CONTINGENCY,,,,MY_GENERIC_ALGO,,O-20260308-223258-001-000-318,,c5839251-29c6-4ea4-a715-f1d5c8feee2b,1773009178522434776,1773009178522434776
BACKTESTER-001,OracleStrategy-000,MESM6.GLBX,GLBX-1-285,MESM6.GLBX-OracleStrategy-000,GLBX-001,GLBX-1-285,MARKET,BUY,1,GTC,False,False,1,TAKER,6683.5,0.0,['0.00 USD'],NO_TRIGGER,FILLED,NO_CONTINGENCY,,,,MY_GENERIC_ALGO,,O-20260308-223258-001-000-319,,5c1d24a5-a445-48a9-83cc-3488a93c134b,1773009178522434776,1773009178522434776
BACKTESTER-001,OracleStrategy-000,MESM6.GLBX,GLBX-1-286,MESM6.GLBX-OracleStrategy-000,GLBX-001,GLBX-1-286,MARKET,SELL,1,GTC,True,False,1,TAKER,6684.25,0.0,['0.00 USD'],NO_TRIGGER,FILLED,NO_CONTINGENCY,,,,MY_GENERIC_ALGO,,O-20260308-223300-001-000-320,,ac8876d7-330e-44c2-97a1-0ec3145ec4b7,1773009180110882450,1773009180110882450
BACKTESTER-001,OracleStrategy-000,MESM6.GLBX,GLBX-1-287,MESM6.GLBX-OracleStrategy-000,GLBX-001,GLBX-1-287,MARKET,SELL,1,GTC,False,False,1,TAKER,6684.25,0.0,['0.00 USD'],NO_TRIGGER,FILLED,NO_CONTINGENCY,,,,MY_GENERIC_ALGO,,O-20260308-223300-001-000-321,,cc16c4fb-47f4-4453-b37c-d1e94c6b78a1,1773009180110882450,1773009180110882450
BACKTESTER-001,OracleStrategy-000,MESM6.GLBX,GLBX-1-288,MESM6.GLBX-OracleStrategy-000,GLBX-001,GLBX-1-288,MARKET,BUY,1,GTC,True,False,1,TAKER,6686.0,0.0,['0.00 USD'],NO_TRIGGER,FILLED,NO_CONTINGENCY,,,,MY_GENERIC_ALGO,,O-20260308-223305-001-000-322,,ee28f76d-67c9-4f4e-bea9-af571d18c3d1,1773009185885651647,1773009185885651647
BACKTESTER-001,OracleStrategy-000,MESM6.GLBX,GLBX-1-289,MESM6.GLBX-OracleStrategy-000,GLBX-001,GLBX-1-289,MARKET,BUY,1,GTC,False,False,1,TAKER,6686.0,0.0,['0.00 USD'],NO_TRIGGER,FILLED,NO_CONTINGENCY,,,,MY_GENERIC_ALGO,,O-20260308-223305-001-000-323,,282195c0-bdcf-404b-8ab6-17f6c19c6633,1773009185885651647,1773009185885651647
BACKTESTER-001,OracleStrategy-000,MESM6.GLBX,GLBX-1-290,MESM6.GLBX-OracleStrategy-000,GLBX-001,GLBX-1-290,MARKET,SELL,1,GTC,True,False,1,TAKER,6685.5,0.0,['0.00 USD'],NO_TRIGGER,FILLED,NO_CONTINGENCY,,,,MY_GENERIC_ALGO,,O-20260308-223310-001-000-324,,7e8ec0e7-29e9-4025-a23e-bcddb9ad13af,1773009190185359835,1773009190185359835
BACKTESTER-001,OracleStrategy-000,MESM6.GLBX,GLBX-1-291,MESM6.GLBX-OracleStrategy-000,GLBX-001,GLBX-1-291,MARKET,SELL,1,GTC,False,False,1,TAKER,6685.5,0.0,['0.00 USD'],NO_TRIGGER,FILLED,NO_CONTINGENCY,,,,MY_GENERIC_ALGO,,O-20260308-223310-001-000-325,,34771d8d-4e97-4a75-b1c0-d372eab8135a,1773009190185359835,1773009190185359835
BACKTESTER-001,OracleStrategy-000,MESM6.GLBX,GLBX-1-292,MESM6.GLBX-OracleStrategy-000,GLBX-001,GLBX-1-292,MARKET,BUY,1,GTC,True,False,1,TAKER,6686.5,0.0,['0.00 USD'],NO_TRIGGER,FILLED,NO_CONTINGENCY,,,,MY_GENERIC_ALGO,,O-20260308-223339-001-000-326,,aa61231a-aee9-4689-9be4-99f670fc42ee,1773009219944381643,1773009219944381643
BACKTESTER-001,OracleStrategy-000,MESM6.GLBX,GLBX-1-293,MESM6.GLBX-OracleStrategy-000,GLBX-001,GLBX-1-293,MARKET,BUY,1,GTC,False,False,1,TAKER,6686.5,0.0,['0.00 USD'],NO_TRIGGER,FILLED,NO_CONTINGENCY,,,,MY_GENERIC_ALGO,,O-20260308-223339-001-000-327,,f4b926c8-1abd-4338-8a07-c7ad60777cff,1773009219944381643,1773009219944381643
BACKTESTER-001,OracleStrategy-000,MESM6.GLBX,GLBX-1-294,MESM6.GLBX-OracleStrategy-000,GLBX-001,GLBX-1-294,MARKET,SELL,1,GTC,True,False,1,TAKER,6686.75,0.0,['0.00 USD'],NO_TRIGGER,FILLED,NO_CONTINGENCY,,,,MY_GENERIC_ALGO,,O-20260308-223359-001-000-328,,c3f6b120-b054-4ec5-8e32-1c82d2fd79f1,1773009239852168742,1773009239852168742
BACKTESTER-001,OracleStrategy-000,MESM6.GLBX,GLBX-1-295,MESM6.GLBX-OracleStrategy-000,GLBX-001,GLBX-1-295,MARKET,SELL,1,GTC,False,False,1,TAKER,6686.75,0.0,['0.00 USD'],NO_TRIGGER,FILLED,NO_CONTINGENCY,,,,MY_GENERIC_ALGO,,O-20260308-223359-001-000-329,,5976065c-894e-4f9f-9e77-dd3d0a72de48,1773009239852168742,1773009239852168742
BACKTESTER-001,OracleStrategy-000,MESM6.GLBX,GLBX-1-296,MESM6.GLBX-OracleStrategy-000,GLBX-001,GLBX-1-296,MARKET,BUY,1,GTC,True,False,1,TAKER,6686.5,0.0,['0.00 USD'],NO_TRIGGER,FILLED,NO_CONTINGENCY,,,,MY_GENERIC_ALGO,,O-20260308-223407-001-000-330,,697f2710-302e-4133-9149-086b4d1e10b4,1773009247720502912,1773009247720502912
BACKTESTER-001,OracleStrategy-000,MESM6.GLBX,GLBX-1-297,MESM6.GLBX-OracleStrategy-000,GLBX-001,GLBX-1-297,MARKET,BUY,1,GTC,False,False,1,TAKER,6686.5,0.0,['0.00 USD'],NO_TRIGGER,FILLED,NO_CONTINGENCY,,,,MY_GENERIC_ALGO,,O-20260308-223407-001-000-331,,e2132483-05b6-46c4-9213-431d6b011fae,1773009247720502912,1773009247720502912
BACKTESTER-001,OracleStrategy-000,MESM6.GLBX,GLBX-1-298,MESM6.GLBX-OracleStrategy-000,GLBX-001,GLBX-1-298,MARKET,SELL,1,GTC,True,False,1,TAKER,6687.0,0.0,['0.00 USD'],NO_TRIGGER,FILLED,NO_CONTINGENCY,,,,MY_GENERIC_ALGO,,O-20260308-223418-001-000-332,,961d36a5-7eaf-4a80-a071-873b19b795e8,1773009258934309650,1773009258934309650
BACKTESTER-001,OracleStrategy-000,MESM6.GLBX,GLBX-1-299,MESM6.GLBX-OracleStrategy-000,GLBX-001,GLBX-1-299,MARKET,SELL,1,GTC,False,False,1,TAKER,6687.0,0.0,['0.00 USD'],NO_TRIGGER,FILLED,NO_CONTINGENCY,,,,MY_GENERIC_ALGO,,O-20260308-223418-001-000-333,,abc240e6-08f2-4f94-8327-181a0da283c3,1773009258934309650,1773009258934309650
BACKTESTER-001,OracleStrategy-000,MESM6.GLBX,GLBX-1-300,MESM6.GLBX-OracleStrategy-000,GLBX-001,GLBX-1-300,MARKET,BUY,1,GTC,True,False,1,TAKER,6686.75,0.0,['0.00 USD'],NO_TRIGGER,FILLED,NO_CONTINGENCY,,,,MY_GENERIC_ALGO,,O-20260308-223423-001-000-334,,7e6bd2f4-f80f-4721-8c76-5cacf1877035,1773009263263460994,1773009263263460994
BACKTESTER-001,OracleStrategy-000,MESM6.GLBX,GLBX-1-301,MESM6.GLBX-OracleStrategy-000,GLBX-001,GLBX-1-301,MARKET,BUY,1,GTC,False,False,1,TAKER,6686.75,0.0,['0.00 USD'],NO_TRIGGER,FILLED,NO_CONTINGENCY,,,,MY_GENERIC_ALGO,,O-20260308-223423-001-000-335,,da6e140c-255f-4d14-aab5-7b00835fc225,1773009263263460994,1773009263263460994
BACKTESTER-001,OracleStrategy-000,MESM6.GLBX,GLBX-1-302,MESM6.GLBX-OracleStrategy-000,GLBX-001,GLBX-1-302,MARKET,SELL,1,GTC,True,False,1,TAKER,6686.5,0.0,['0.00 USD'],NO_TRIGGER,FILLED,NO_CONTINGENCY,,,,MY_GENERIC_ALGO,,O-20260308-223434-001-000-336,,de9a4496-d0f3-47d8-b72b-845506bd14dd,1773009274840949139,1773009274840949139
BACKTESTER-001,OracleStrategy-000,MESM6.GLBX,GLBX-1-303,MESM6.GLBX-OracleStrategy-000,GLBX-001,GLBX-1-303,MARKET,SELL,1,GTC,False,False,1,TAKER,6686.5,0.0,['0.00 USD'],NO_TRIGGER,FILLED,NO_CONTINGENCY,,,,MY_GENERIC_ALGO,,O-20260308-223434-001-000-337,,527536f0-c30c-440e-99ae-bfec3f1f0943,1773009274840949139,1773009274840949139
BACKTESTER-001,OracleStrategy-000,MESM6.GLBX,GLBX-1-304,MESM6.GLBX-OracleStrategy-000,GLBX-001,GLBX-1-304,MARKET,BUY,1,GTC,True,False,1,TAKER,6686.75,0.0,['0.00 USD'],NO_TRIGGER,FILLED,NO_CONTINGENCY,,,,MY_GENERIC_ALGO,,O-20260308-223454-001-000-338,,9aec12b9-b289-4948-8347-d750a59060fc,1773009294739812637,1773009294739812637
BACKTESTER-001,OracleStrategy-000,MESM6.GLBX,GLBX-1-305,MESM6.GLBX-OracleStrategy-000,GLBX-001,GLBX-1-305,MARKET,BUY,1,GTC,False,False,1,TAKER,6686.75,0.0,['0.00 USD'],NO_TRIGGER,FILLED,NO_CONTINGENCY,,,,MY_GENERIC_ALGO,,O-20260308-223454-001-000-339,,91b0a395-44bb-4baa-b710-0b58efdc6b96,1773009294739812637,1773009294739812637
BACKTESTER-001,OracleStrategy-000,MESM6.GLBX,GLBX-1-306,MESM6.GLBX-OracleStrategy-000,GLBX-001,GLBX-1-306,MARKET,SELL,1,GTC,True,False,1,TAKER,6685.5,0.0,['0.00 USD'],NO_TRIGGER,FILLED,NO_CONTINGENCY,,,,MY_GENERIC_ALGO,,O-20260308-223516-001-000-340,,3dec70fd-22f9-484e-a720-6bb1c635497d,1773009316047955983,1773009316047955983
BACKTESTER-001,OracleStrategy-000,MESM6.GLBX,GLBX-1-307,MESM6.GLBX-OracleStrategy-000,GLBX-001,GLBX-1-307,MARKET,SELL,1,GTC,False,False,1,TAKER,6685.5,0.0,['0.00 USD'],NO_TRIGGER,FILLED,NO_CONTINGENCY,,,,MY_GENERIC_ALGO,,O-20260308-223516-001-000-341,,ed51a4b4-3e42-4da5-ba2c-f1a19c230ef0,1773009316047955983,1773009316047955983
BACKTESTER-001,OracleStrategy-000,MESM6.GLBX,GLBX-1-308,MESM6.GLBX-OracleStrategy-000,GLBX-001,GLBX-1-308,MARKET,BUY,1,GTC,True,False,1,TAKER,6687.25,0.0,['0.00 USD'],NO_TRIGGER,FILLED,NO_CONTINGENCY,,,,MY_GENERIC_ALGO,,O-20260308-223556-001-000-342,,1a86e407-ae2e-4833-9731-c2246f31c398,1773009356819279667,1773009356819279667
BACKTESTER-001,OracleStrategy-000,MESM6.GLBX,GLBX-1-309,MESM6.GLBX-OracleStrategy-000,GLBX-001,GLBX-1-309,MARKET,BUY,1,GTC,False,False,1,TAKER,6687.25,0.0,['0.00 USD'],NO_TRIGGER,FILLED,NO_CONTINGENCY,,,,MY_GENERIC_ALGO,,O-20260308-223556-001-000-343,,9119a2c1-100c-4b37-9758-5420b149f282,1773009356819279667,1773009356819279667
BACKTESTER-001,OracleStrategy-000,MESM6.GLBX,GLBX-1-310,MESM6.GLBX-OracleStrategy-000,GLBX-001,GLBX-1-310,MARKET,SELL,1,GTC,True,False,1,TAKER,6686.5,0.0,['0.00 USD'],NO_TRIGGER,FILLED,NO_CONTINGENCY,,,,MY_GENERIC_ALGO,,O-20260308-223601-001-000-344,,16404275-5cfd-4553-a7e6-872a0109eeb3,1773009361854635640,1773009361854635640
BACKTESTER-001,OracleStrategy-000,MESM6.GLBX,GLBX-1-311,MESM6.GLBX-OracleStrategy-000,GLBX-001,GLBX-1-311,MARKET,SELL,1,GTC,False,False,1,TAKER,6686.5,0.0,['0.00 USD'],NO_TRIGGER,FILLED,NO_CONTINGENCY,,,,MY_GENERIC_ALGO,,O-20260308-223601-001-000-345,,f3ca8bbb-e483-4a2f-98e3-d41f90b4c79f,1773009361854635640,1773009361854635640
BACKTESTER-001,OracleStrategy-000,MESM6.GLBX,GLBX-1-312,MESM6.GLBX-OracleStrategy-000,GLBX-001,GLBX-1-312,MARKET,BUY,1,GTC,True,False,1,TAKER,6687.5,0.0,['0.00 USD'],NO_TRIGGER,FILLED,NO_CONTINGENCY,,,,MY_GENERIC_ALGO,,O-20260308-223610-001-000-346,,7bbad4d3-8e2f-4e7a-ba2d-4f01bc2528b4,1773009370356615371,1773009370356615371
BACKTESTER-001,OracleStrategy-000,MESM6.GLBX,GLBX-1-313,MESM6.GLBX-OracleStrategy-000,GLBX-001,GLBX-1-313,MARKET,BUY,1,GTC,False,False,1,TAKER,6687.5,0.0,['0.00 USD'],NO_TRIGGER,FILLED,NO_CONTINGENCY,,,,MY_GENERIC_ALGO,,O-20260308-223610-001-000-347,,1ef294ec-fa3b-4ec8-83e0-33fba5fce324,1773009370356615371,1773009370356615371
BACKTESTER-001,OracleStrategy-000,MESM6.GLBX,GLBX-1-314,MESM6.GLBX-OracleStrategy-000,GLBX-001,GLBX-1-314,MARKET,SELL,1,GTC,True,False,1,TAKER,6689.25,0.0,['0.00 USD'],NO_TRIGGER,FILLED,NO_CONTINGENCY,,,,MY_GENERIC_ALGO,,O-20260308-223624-001-000-348,,99cfccfc-1f07-4301-89f0-866ed331336d,1773009384366094015,1773009384366094015
BACKTESTER-001,OracleStrategy-000,MESM6.GLBX,GLBX-1-315,MESM6.GLBX-OracleStrategy-000,GLBX-001,GLBX-1-315,MARKET,SELL,1,GTC,False,False,1,TAKER,6689.25,0.0,['0.00 USD'],NO_TRIGGER,FILLED,NO_CONTINGENCY,,,,MY_GENERIC_ALGO,,O-20260308-223624-001-000-349,,e77267cb-2875-4cc0-9b45-9e177d84ca7f,1773009384366094015,1773009384366094015
BACKTESTER-001,OracleStrategy-000,MESM6.GLBX,GLBX-1-316,MESM6.GLBX-OracleStrategy-000,GLBX-001,GLBX-1-316,MARKET,BUY,1,GTC,True,False,1,TAKER,6688.75,0.0,['0.00 USD'],NO_TRIGGER,FILLED,NO_CONTINGENCY,,,,MY_GENERIC_ALGO,,O-20260308-223641-001-000-350,,705e335d-6dfb-4183-9d1c-35633e9e728d,1773009401573204170,1773009401573204170
BACKTESTER-001,OracleStrategy-000,MESM6.GLBX,GLBX-1-317,MESM6.GLBX-OracleStrategy-000,GLBX-001,GLBX-1-317,MARKET,BUY,1,GTC,False,False,1,TAKER,6688.75,0.0,['0.00 USD'],NO_TRIGGER,FILLED,NO_CONTINGENCY,,,,MY_GENERIC_ALGO,,O-20260308-223641-001-000-351,,632ce368-6c86-4286-94f3-3b06bcc58541,1773009401573204170,1773009401573204170
BACKTESTER-001,OracleStrategy-000,MESM6.GLBX,GLBX-1-318,MESM6.GLBX-OracleStrategy-000,GLBX-001,GLBX-1-318,MARKET,SELL,1,GTC,True,False,1,TAKER,6688.25,0.0,['0.00 USD'],NO_TRIGGER,FILLED,NO_CONTINGENCY,,,,MY_GENERIC_ALGO,,O-20260308-223643-001-000-352,,79b0ebd9-a5cf-4cc0-8b2f-68598faf877d,1773009403608544795,1773009403608544795
BACKTESTER-001,OracleStrategy-000,MESM6.GLBX,GLBX-1-319,MESM6.GLBX-OracleStrategy-000,GLBX-001,GLBX-1-319,MARKET,SELL,1,GTC,False,False,1,TAKER,6688.25,0.0,['0.00 USD'],NO_TRIGGER,FILLED,NO_CONTINGENCY,,,,MY_GENERIC_ALGO,,O-20260308-223643-001-000-353,,1d786783-ac53-4c38-88db-7abfb2045dd1,1773009403608544795,1773009403608544795
BACKTESTER-001,OracleStrategy-000,MESM6.GLBX,GLBX-1-320,MESM6.GLBX-OracleStrategy-000,GLBX-001,GLBX-1-320,MARKET,BUY,1,GTC,True,False,1,TAKER,6688.0,0.0,['0.00 USD'],NO_TRIGGER,FILLED,NO_CONTINGENCY,,,,MY_GENERIC_ALGO,,O-20260308-223702-001-000-354,,ac0daebd-f356-48b0-8a40-b848d592990f,1773009422462724083,1773009422462724083
BACKTESTER-001,OracleStrategy-000,MESM6.GLBX,GLBX-1-321,MESM6.GLBX-OracleStrategy-000,GLBX-001,GLBX-1-321,MARKET,BUY,1,GTC,False,False,1,TAKER,6688.0,0.0,['0.00 USD'],NO_TRIGGER,FILLED,NO_CONTINGENCY,,,,MY_GENERIC_ALGO,,O-20260308-223702-001-000-355,,325c1c04-5ba9-4f6e-802c-1261457237e2,1773009422462724083,1773009422462724083
BACKTESTER-001,OracleStrategy-000,MESM6.GLBX,GLBX-1-322,MESM6.GLBX-OracleStrategy-000,GLBX-001,GLBX-1-322,MARKET,SELL,1,GTC,True,False,1,TAKER,6687.0,0.0,['0.00 USD'],NO_TRIGGER,FILLED,NO_CONTINGENCY,,,,MY_GENERIC_ALGO,,O-20260308-223710-001-000-356,,5acbcf88-4c77-4d31-8b3e-8e163b29463a,1773009430330196984,1773009430330196984
BACKTESTER-001,OracleStrategy-000,MESM6.GLBX,GLBX-1-323,MESM6.GLBX-OracleStrategy-000,GLBX-001,GLBX-1-323,MARKET,SELL,1,GTC,False,False,1,TAKER,6687.0,0.0,['0.00 USD'],NO_TRIGGER,FILLED,NO_CONTINGENCY,,,,MY_GENERIC_ALGO,,O-20260308-223710-001-000-357,,525d92cf-80d1-4605-af58-0fc221b14280,1773009430330196984,1773009430330196984
BACKTESTER-001,OracleStrategy-000,MESM6.GLBX,GLBX-1-324,MESM6.GLBX-OracleStrategy-000,GLBX-001,GLBX-1-324,MARKET,BUY,1,GTC,True,False,1,TAKER,6687.0,0.0,['0.00 USD'],NO_TRIGGER,FILLED,NO_CONTINGENCY,,,,MY_GENERIC_ALGO,,O-20260308-223805-001-000-358,,06e38931-c797-4e1b-a296-16e21fc25222,1773009485844122210,1773009485844122210
BACKTESTER-001,OracleStrategy-000,MESM6.GLBX,GLBX-1-325,MESM6.GLBX-OracleStrategy-000,GLBX-001,GLBX-1-325,MARKET,BUY,1,GTC,False,False,1,TAKER,6687.0,0.0,['0.00 USD'],NO_TRIGGER,FILLED,NO_CONTINGENCY,,,,MY_GENERIC_ALGO,,O-20260308-223805-001-000-359,,5c023b24-3028-4efd-a45a-39dc525b40f9,1773009485844122210,1773009485844122210
BACKTESTER-001,OracleStrategy-000,MESM6.GLBX,GLBX-1-326,MESM6.GLBX-OracleStrategy-000,GLBX-001,GLBX-1-326,MARKET,SELL,1,GTC,True,False,1,TAKER,6686.0,0.0,['0.00 USD'],NO_TRIGGER,FILLED,NO_CONTINGENCY,,,,MY_GENERIC_ALGO,,O-20260308-223847-001-000-360,,47be4f68-ca7b-4f65-8092-7355f67b7080,1773009527009297704,1773009527009297704
BACKTESTER-001,OracleStrategy-000,MESM6.GLBX,GLBX-1-327,MESM6.GLBX-OracleStrategy-000,GLBX-001,GLBX-1-327,MARKET,SELL,1,GTC,False,False,1,TAKER,6686.0,0.0,['0.00 USD'],NO_TRIGGER,FILLED,NO_CONTINGENCY,,,,MY_GENERIC_ALGO,,O-20260308-223847-001-000-361,,83ef2388-37cc-4846-b2f4-d4591daa076b,1773009527009297704,1773009527009297704
BACKTESTER-001,OracleStrategy-000,MESM6.GLBX,GLBX-1-328,MESM6.GLBX-OracleStrategy-000,GLBX-001,GLBX-1-328,MARKET,BUY,1,GTC,True,False,1,TAKER,6685.0,0.0,['0.00 USD'],NO_TRIGGER,FILLED,NO_CONTINGENCY,,,,MY_GENERIC_ALGO,,O-20260308-223901-001-000-362,,861c9193-ed10-42a6-b79d-cf7bd134cd96,1773009541216475691,1773009541216475691
BACKTESTER-001,OracleStrategy-000,MESM6.GLBX,GLBX-1-329,MESM6.GLBX-OracleStrategy-000,GLBX-001,GLBX-1-329,MARKET,BUY,1,GTC,False,False,1,TAKER,6685.0,0.0,['0.00 USD'],NO_TRIGGER,FILLED,NO_CONTINGENCY,,,,MY_GENERIC_ALGO,,O-20260308-223901-001-000-363,,0802250c-9771-4741-a418-1d3ae39e6ca8,1773009541216475691,1773009541216475691
BACKTESTER-001,OracleStrategy-000,MESM6.GLBX,GLBX-1-330,MESM6.GLBX-OracleStrategy-000,GLBX-001,GLBX-1-330,MARKET,SELL,1,GTC,True,False,1,TAKER,6684.5,0.0,['0.00 USD'],NO_TRIGGER,FILLED,NO_CONTINGENCY,,,,MY_GENERIC_ALGO,,O-20260308-223907-001-000-364,,52b069e7-b07e-4677-bc2d-201f38be03af,1773009547974665549,1773009547974665549
BACKTESTER-001,OracleStrategy-000,MESM6.GLBX,GLBX-1-331,MESM6.GLBX-OracleStrategy-000,GLBX-001,GLBX-1-331,MARKET,SELL,1,GTC,False,False,1,TAKER,6684.5,0.0,['0.00 USD'],NO_TRIGGER,FILLED,NO_CONTINGENCY,,,,MY_GENERIC_ALGO,,O-20260308-223907-001-000-365,,4cf3ebe7-44cd-4d3b-8949-713b4b13b13c,1773009547974665549,1773009547974665549
BACKTESTER-001,OracleStrategy-000,MESM6.GLBX,GLBX-1-332,MESM6.GLBX-OracleStrategy-000,GLBX-001,GLBX-1-332,MARKET,BUY,1,GTC,True,False,1,TAKER,6688.25,0.0,['0.00 USD'],NO_TRIGGER,FILLED,NO_CONTINGENCY,,,,MY_GENERIC_ALGO,,O-20260308-223941-001-000-366,,47287a0a-bb06-4071-8949-a6d61cb8dc16,1773009581817635800,1773009581817635800
BACKTESTER-001,OracleStrategy-000,MESM6.GLBX,,,,,MARKET,BUY,1,GTC,False,False,0,NO_LIQUIDITY_SIDE,,,,NO_TRIGGER,INITIALIZED,NO_CONTINGENCY,,,,MY_GENERIC_ALGO,,O-20260308-223941-001-000-367,,6e9a2531-506b-4d37-90a0-d462ac5e4ea9,1773009581817635800,1773009581817635800
BACKTESTER-001,OracleStrategy-000,MESM6.GLBX,,,,,MARKET,BUY,1,GTC,False,False,0,NO_LIQUIDITY_SIDE,,,,NO_TRIGGER,INITIALIZED,NO_CONTINGENCY,,,,MY_GENERIC_ALGO,,O-20260308-224012-001-000-368,,b519d76c-d15a-4308-8037-26907d3118c0,1773009612275126057,1773009612275126057
BACKTESTER-001,OracleStrategy-000,MESM6.GLBX,GLBX-1-333,MESM6.GLBX-OracleStrategy-000,GLBX-001,GLBX-1-333,MARKET,SELL,1,GTC,False,False,1,TAKER,6686.5,0.0,['0.00 USD'],NO_TRIGGER,FILLED,NO_CONTINGENCY,,,,MY_GENERIC_ALGO,,O-20260308-224042-001-000-369,,e73a4e28-4fa3-46ff-9d30-6d889650712b,1773009642963542450,1773009642963542450
BACKTESTER-001,OracleStrategy-000,MESM6.GLBX,GLBX-1-334,MESM6.GLBX-OracleStrategy-000,GLBX-001,GLBX-1-334,MARKET,BUY,1,GTC,True,False,1,TAKER,6686.0,0.0,['0.00 USD'],NO_TRIGGER,FILLED,NO_CONTINGENCY,,,,MY_GENERIC_ALGO,,O-20260308-224054-001-000-370,,d7073cee-f06e-4e35-ae31-01c01ca0c7e8,1773009654965330079,1773009654965330079
BACKTESTER-001,OracleStrategy-000,MESM6.GLBX,GLBX-1-335,MESM6.GLBX-OracleStrategy-000,GLBX-001,GLBX-1-335,MARKET,BUY,1,GTC,False,False,1,TAKER,6686.0,0.0,['0.00 USD'],NO_TRIGGER,FILLED,NO_CONTINGENCY,,,,MY_GENERIC_ALGO,,O-20260308-224054-001-000-371,,36f05f26-ca28-4be7-9e9e-678ed9b855a1,1773009654965330079,1773009654965330079
BACKTESTER-001,OracleStrategy-000,MESM6.GLBX,GLBX-1-336,MESM6.GLBX-OracleStrategy-000,GLBX-001,GLBX-1-336,MARKET,SELL,1,GTC,True,False,1,TAKER,6685.75,0.0,['0.00 USD'],NO_TRIGGER,FILLED,NO_CONTINGENCY,,,,MY_GENERIC_ALGO,,O-20260308-224056-001-000-372,,e0949767-998f-4746-b03e-594c86eed2c6,1773009656204979458,1773009656204979458
BACKTESTER-001,OracleStrategy-000,MESM6.GLBX,GLBX-1-337,MESM6.GLBX-OracleStrategy-000,GLBX-001,GLBX-1-337,MARKET,SELL,1,GTC,False,False,1,TAKER,6685.75,0.0,['0.00 USD'],NO_TRIGGER,FILLED,NO_CONTINGENCY,,,,MY_GENERIC_ALGO,,O-20260308-224056-001-000-373,,2f74ebae-f7f9-492e-8309-fab21f4d1e24,1773009656204979458,1773009656204979458
BACKTESTER-001,OracleStrategy-000,MESM6.GLBX,GLBX-1-338,MESM6.GLBX-OracleStrategy-000,GLBX-001,GLBX-1-338,MARKET,BUY,1,GTC,True,False,1,TAKER,6684.75,0.0,['0.00 USD'],NO_TRIGGER,FILLED,NO_CONTINGENCY,,,,MY_GENERIC_ALGO,,O-20260308-224121-001-000-374,,63e95cfa-8456-4969-b01e-5d393e677017,1773009681309552976,1773009681309552976
BACKTESTER-001,OracleStrategy-000,MESM6.GLBX,GLBX-1-339,MESM6.GLBX-OracleStrategy-000,GLBX-001,GLBX-1-339,MARKET,BUY,1,GTC,False,False,1,TAKER,6684.75,0.0,['0.00 USD'],NO_TRIGGER,FILLED,NO_CONTINGENCY,,,,MY_GENERIC_ALGO,,O-20260308-224121-001-000-375,,a56073f7-2add-44ab-8596-f9a80b774c27,1773009681309552976,1773009681309552976
BACKTESTER-001,OracleStrategy-000,MESM6.GLBX,GLBX-1-340,MESM6.GLBX-OracleStrategy-000,GLBX-001,GLBX-1-340,MARKET,SELL,1,GTC,True,False,1,TAKER,6685.0,0.0,['0.00 USD'],NO_TRIGGER,FILLED,NO_CONTINGENCY,,,,MY_GENERIC_ALGO,,O-20260308-224144-001-000-376,,239f41cf-810b-47bf-b75f-a27610d6db7f,1773009704194192848,1773009704194192848
BACKTESTER-001,OracleStrategy-000,MESM6.GLBX,GLBX-1-341,MESM6.GLBX-OracleStrategy-000,GLBX-001,GLBX-1-341,MARKET,SELL,1,GTC,False,False,1,TAKER,6685.0,0.0,['0.00 USD'],NO_TRIGGER,FILLED,NO_CONTINGENCY,,,,MY_GENERIC_ALGO,,O-20260308-224144-001-000-377,,9a0c68a6-1a50-4708-aef3-d2b7cedc56af,1773009704194192848,1773009704194192848
BACKTESTER-001,OracleStrategy-000,MESM6.GLBX,GLBX-1-342,MESM6.GLBX-OracleStrategy-000,GLBX-001,GLBX-1-342,MARKET,BUY,1,GTC,True,False,1,TAKER,6682.5,0.0,['0.00 USD'],NO_TRIGGER,FILLED,NO_CONTINGENCY,,,,MY_GENERIC_ALGO,,O-20260308-224226-001-000-378,,b7683e1c-cf30-4c50-be90-9ac68e49d43b,1773009746222452933,1773009746222452933
BACKTESTER-001,OracleStrategy-000,MESM6.GLBX,GLBX-1-343,MESM6.GLBX-OracleStrategy-000,GLBX-001,GLBX-1-343,MARKET,BUY,1,GTC,False,False,1,TAKER,6682.5,0.0,['0.00 USD'],NO_TRIGGER,FILLED,NO_CONTINGENCY,,,,MY_GENERIC_ALGO,,O-20260308-224226-001-000-379,,a91f667a-9598-4b7e-a059-02cb482a3d7f,1773009746222452933,1773009746222452933
BACKTESTER-001,OracleStrategy-000,MESM6.GLBX,GLBX-1-344,MESM6.GLBX-OracleStrategy-000,GLBX-001,GLBX-1-344,MARKET,SELL,1,GTC,True,False,1,TAKER,6686.0,0.0,['0.00 USD'],NO_TRIGGER,FILLED,NO_CONTINGENCY,,,,MY_GENERIC_ALGO,,O-20260308-224335-001-000-380,,5aa68d44-977e-4f5d-aafb-4903afc9258b,1773009815658749048,1773009815658749048
BACKTESTER-001,OracleStrategy-000,MESM6.GLBX,GLBX-1-345,MESM6.GLBX-OracleStrategy-000,GLBX-001,GLBX-1-345,MARKET,SELL,1,GTC,False,False,1,TAKER,6686.0,0.0,['0.00 USD'],NO_TRIGGER,FILLED,NO_CONTINGENCY,,,,MY_GENERIC_ALGO,,O-20260308-224335-001-000-381,,4fbfceeb-3869-4f07-a19a-1784afde9e64,1773009815658749048,1773009815658749048
BACKTESTER-001,OracleStrategy-000,MESM6.GLBX,GLBX-1-346,MESM6.GLBX-OracleStrategy-000,GLBX-001,GLBX-1-346,MARKET,BUY,1,GTC,True,False,1,TAKER,6682.5,0.0,['0.00 USD'],NO_TRIGGER,FILLED,NO_CONTINGENCY,,,,MY_GENERIC_ALGO,,O-20260308-224422-001-000-382,,cadff309-cee8-45cd-9c57-991474cab3b9,1773009862061705061,1773009862061705061
BACKTESTER-001,OracleStrategy-000,MESM6.GLBX,GLBX-1-347,MESM6.GLBX-OracleStrategy-000,GLBX-001,GLBX-1-347,MARKET,BUY,1,GTC,False,False,1,TAKER,6682.5,0.0,['0.00 USD'],NO_TRIGGER,FILLED,NO_CONTINGENCY,,,,MY_GENERIC_ALGO,,O-20260308-224422-001-000-383,,d1bfefce-7d8d-421e-ae13-2643f2541999,1773009862061705061,1773009862061705061
BACKTESTER-001,OracleStrategy-000,MESM6.GLBX,GLBX-1-348,MESM6.GLBX-OracleStrategy-000,GLBX-001,GLBX-1-348,MARKET,SELL,1,GTC,True,False,1,TAKER,6681.25,0.0,['0.00 USD'],NO_TRIGGER,FILLED,NO_CONTINGENCY,,,,MY_GENERIC_ALGO,,O-20260308-224455-001-000-384,,2d4bd2a1-0ac8-4762-8dce-8224247d7183,1773009895633598618,1773009895633598618
BACKTESTER-001,OracleStrategy-000,MESM6.GLBX,GLBX-1-349,MESM6.GLBX-OracleStrategy-000,GLBX-001,GLBX-1-349,MARKET,SELL,1,GTC,False,False,1,TAKER,6681.25,0.0,['0.00 USD'],NO_TRIGGER,FILLED,NO_CONTINGENCY,,,,MY_GENERIC_ALGO,,O-20260308-224455-001-000-385,,fa495e17-37af-4e72-a8e4-c80f7a14fac6,1773009895633598618,1773009895633598618
BACKTESTER-001,OracleStrategy-000,MESM6.GLBX,GLBX-1-350,MESM6.GLBX-OracleStrategy-000,GLBX-001,GLBX-1-350,MARKET,BUY,1,GTC,True,False,1,TAKER,6688.75,0.0,['0.00 USD'],NO_TRIGGER,FILLED,NO_CONTINGENCY,,,,MY_GENERIC_ALGO,,O-20260308-224555-001-000-386,,470f3437-2be0-445a-bce0-215351f80069,1773009955583865728,1773009955583865728
BACKTESTER-001,OracleStrategy-000,MESM6.GLBX,,,,,MARKET,BUY,1,GTC,False,False,0,NO_LIQUIDITY_SIDE,,,,NO_TRIGGER,INITIALIZED,NO_CONTINGENCY,,,,MY_GENERIC_ALGO,,O-20260308-224555-001-000-387,,3315b630-a9e3-4469-94d7-e2795892041e,1773009955583865728,1773009955583865728
BACKTESTER-001,OracleStrategy-000,MESM6.GLBX,,,,,MARKET,BUY,1,GTC,False,False,0,NO_LIQUIDITY_SIDE,,,,NO_TRIGGER,INITIALIZED,NO_CONTINGENCY,,,,MY_GENERIC_ALGO,,O-20260308-224607-001-000-388,,cde89807-d9ee-4f25-9bcd-0c1e8cddb352,1773009967170107269,1773009967170107269
BACKTESTER-001,OracleStrategy-000,MESM6.GLBX,GLBX-1-351,MESM6.GLBX-OracleStrategy-000,GLBX-001,GLBX-1-351,MARKET,BUY,1,GTC,False,False,1,TAKER,6688.25,0.0,['0.00 USD'],NO_TRIGGER,FILLED,NO_CONTINGENCY,,,,MY_GENERIC_ALGO,,O-20260308-224614-001-000-389,,64292415-06b9-44ab-bf94-5b08f6a8dc4c,1773009974102945832,1773009974102945832
BACKTESTER-001,OracleStrategy-000,MESM6.GLBX,GLBX-1-352,MESM6.GLBX-OracleStrategy-000,GLBX-001,GLBX-1-352,MARKET,SELL,1,GTC,True,False,1,TAKER,6688.25,0.0,['0.00 USD'],NO_TRIGGER,FILLED,NO_CONTINGENCY,,,,MY_GENERIC_ALGO,,O-20260308-224619-001-000-390,,b073d27a-2018-4376-bda7-ded44f6675e5,1773009979544408488,1773009979544408488
BACKTESTER-001,OracleStrategy-000,MESM6.GLBX,GLBX-1-353,MESM6.GLBX-OracleStrategy-000,GLBX-001,GLBX-1-353,MARKET,SELL,1,GTC,False,False,1,TAKER,6688.25,0.0,['0.00 USD'],NO_TRIGGER,FILLED,NO_CONTINGENCY,,,,MY_GENERIC_ALGO,,O-20260308-224619-001-000-391,,6bf6402d-1945-4b2a-b2bf-58d70ae02896,1773009979544408488,1773009979544408488
BACKTESTER-001,OracleStrategy-000,MESM6.GLBX,GLBX-1-354,MESM6.GLBX-OracleStrategy-000,GLBX-001,GLBX-1-354,MARKET,BUY,1,GTC,True,False,1,TAKER,6687.75,0.0,['0.00 USD'],NO_TRIGGER,FILLED,NO_CONTINGENCY,,,,MY_GENERIC_ALGO,,O-20260308-224621-001-000-392,,50c09c62-3187-4a41-b52a-03071e3a0cdd,1773009981825025461,1773009981825025461
BACKTESTER-001,OracleStrategy-000,MESM6.GLBX,GLBX-1-355,MESM6.GLBX-OracleStrategy-000,GLBX-001,GLBX-1-355,MARKET,BUY,1,GTC,False,False,1,TAKER,6687.75,0.0,['0.00 USD'],NO_TRIGGER,FILLED,NO_CONTINGENCY,,,,MY_GENERIC_ALGO,,O-20260308-224621-001-000-393,,3ce1bc5f-993c-4db4-a23b-d7369b4b9929,1773009981825025461,1773009981825025461
BACKTESTER-001,OracleStrategy-000,MESM6.GLBX,GLBX-1-356,MESM6.GLBX-OracleStrategy-000,GLBX-001,GLBX-1-356,MARKET,SELL,1,GTC,True,False,1,TAKER,6688.5,0.0,['0.00 USD'],NO_TRIGGER,FILLED,NO_CONTINGENCY,,,,MY_GENERIC_ALGO,,O-20260308-224631-001-000-394,,fb77e598-9d55-4c1b-9a96-a524c3221d9b,1773009991570720003,1773009991570720003
BACKTESTER-001,OracleStrategy-000,MESM6.GLBX,GLBX-1-357,MESM6.GLBX-OracleStrategy-000,GLBX-001,GLBX-1-357,MARKET,SELL,1,GTC,False,False,1,TAKER,6688.5,0.0,['0.00 USD'],NO_TRIGGER,FILLED,NO_CONTINGENCY,,,,MY_GENERIC_ALGO,,O-20260308-224631-001-000-395,,1150d870-c063-4d5c-b96f-35af0458c9e4,1773009991570720003,1773009991570720003
BACKTESTER-001,OracleStrategy-000,MESM6.GLBX,GLBX-1-358,MESM6.GLBX-OracleStrategy-000,GLBX-001,GLBX-1-358,MARKET,BUY,1,GTC,True,False,1,TAKER,6688.25,0.0,['0.00 USD'],NO_TRIGGER,FILLED,NO_CONTINGENCY,,,,MY_GENERIC_ALGO,,O-20260308-224742-001-000-396,,929170f7-da71-4203-906f-16272b5b063a,1773010062873851839,1773010062873851839
BACKTESTER-001,OracleStrategy-000,MESM6.GLBX,GLBX-1-359,MESM6.GLBX-OracleStrategy-000,GLBX-001,GLBX-1-359,MARKET,BUY,1,GTC,False,False,1,TAKER,6688.25,0.0,['0.00 USD'],NO_TRIGGER,FILLED,NO_CONTINGENCY,,,,MY_GENERIC_ALGO,,O-20260308-224742-001-000-397,,0e55169d-1eab-4d6e-ae23-91d18a0364a4,1773010062873851839,1773010062873851839
BACKTESTER-001,OracleStrategy-000,MESM6.GLBX,GLBX-1-360,MESM6.GLBX-OracleStrategy-000,GLBX-001,GLBX-1-360,MARKET,SELL,1,GTC,True,False,1,TAKER,6689.5,0.0,['0.00 USD'],NO_TRIGGER,FILLED,NO_CONTINGENCY,,,,MY_GENERIC_ALGO,,O-20260308-224826-001-000-398,,9bfa9711-0440-4599-b410-295cd3401f5d,1773010106324776315,1773010106324776315
BACKTESTER-001,OracleStrategy-000,MESM6.GLBX,GLBX-1-361,MESM6.GLBX-OracleStrategy-000,GLBX-001,GLBX-1-361,MARKET,SELL,1,GTC,False,False,1,TAKER,6689.5,0.0,['0.00 USD'],NO_TRIGGER,FILLED,NO_CONTINGENCY,,,,MY_GENERIC_ALGO,,O-20260308-224826-001-000-399,,bb0daa8f-3be5-4ef9-bbc8-fc0d26ae78af,1773010106324776315,1773010106324776315
BACKTESTER-001,OracleStrategy-000,MESM6.GLBX,GLBX-1-362,MESM6.GLBX-OracleStrategy-000,GLBX-001,GLBX-1-362,MARKET,BUY,1,GTC,True,False,1,TAKER,6689.0,0.0,['0.00 USD'],NO_TRIGGER,FILLED,NO_CONTINGENCY,,,,MY_GENERIC_ALGO,,O-20260308-224840-001-000-400,,ce6bebe3-32f2-489a-acbe-691755bff381,1773010120110210511,1773010120110210511
BACKTESTER-001,OracleStrategy-000,MESM6.GLBX,GLBX-1-363,MESM6.GLBX-OracleStrategy-000,GLBX-001,GLBX-1-363,MARKET,BUY,1,GTC,False,False,1,TAKER,6689.0,0.0,['0.00 USD'],NO_TRIGGER,FILLED,NO_CONTINGENCY,,,,MY_GENERIC_ALGO,,O-20260308-224840-001-000-401,,61b71f2d-fc66-48b3-9790-c1d4396f0aba,1773010120110210511,1773010120110210511
BACKTESTER-001,OracleStrategy-000,MESM6.GLBX,GLBX-1-364,MESM6.GLBX-OracleStrategy-000,GLBX-001,GLBX-1-364,MARKET,SELL,1,GTC,True,False,1,TAKER,6690.0,0.0,['0.00 USD'],NO_TRIGGER,FILLED,NO_CONTINGENCY,,,,MY_GENERIC_ALGO,,O-20260308-224841-001-000-402,,e8aa6664-4bbc-47bb-810b-65c11f44da5d,1773010121441692250,1773010121441692250
BACKTESTER-001,OracleStrategy-000,MESM6.GLBX,GLBX-1-365,MESM6.GLBX-OracleStrategy-000,GLBX-001,GLBX-1-365,MARKET,SELL,1,GTC,False,False,1,TAKER,6690.0,0.0,['0.00 USD'],NO_TRIGGER,FILLED,NO_CONTINGENCY,,,,MY_GENERIC_ALGO,,O-20260308-224841-001-000-403,,6c2feea8-3989-45a5-9dee-40f7b1b1fe4a,1773010121441692250,1773010121441692250
BACKTESTER-001,OracleStrategy-000,MESM6.GLBX,GLBX-1-366,MESM6.GLBX-OracleStrategy-000,GLBX-001,GLBX-1-366,MARKET,BUY,1,GTC,True,False,1,TAKER,6690.0,0.0,['0.00 USD'],NO_TRIGGER,FILLED,NO_CONTINGENCY,,,,MY_GENERIC_ALGO,,O-20260308-224903-001-000-404,,07f59b17-dbf2-4b3a-84d7-30a5274e6f1a,1773010143067252951,1773010143067252951
BACKTESTER-001,OracleStrategy-000,MESM6.GLBX,GLBX-1-367,MESM6.GLBX-OracleStrategy-000,GLBX-001,GLBX-1-367,MARKET,BUY,1,GTC,False,False,1,TAKER,6690.0,0.0,['0.00 USD'],NO_TRIGGER,FILLED,NO_CONTINGENCY,,,,MY_GENERIC_ALGO,,O-20260308-224903-001-000-405,,25106c03-ce8e-4e8d-a139-2c681ce6ed58,1773010143067252951,1773010143067252951
BACKTESTER-001,OracleStrategy-000,MESM6.GLBX,GLBX-1-368,MESM6.GLBX-OracleStrategy-000,GLBX-001,GLBX-1-368,MARKET,SELL,1,GTC,True,False,1,TAKER,6690.5,0.0,['0.00 USD'],NO_TRIGGER,FILLED,NO_CONTINGENCY,,,,MY_GENERIC_ALGO,,O-20260308-224907-001-000-406,,b2431565-3882-4264-aba8-a8b04f3e4a8e,1773010147210109351,1773010147210109351
BACKTESTER-001,OracleStrategy-000,MESM6.GLBX,GLBX-1-369,MESM6.GLBX-OracleStrategy-000,GLBX-001,GLBX-1-369,MARKET,SELL,1,GTC,False,False,1,TAKER,6690.5,0.0,['0.00 USD'],NO_TRIGGER,FILLED,NO_CONTINGENCY,,,,MY_GENERIC_ALGO,,O-20260308-224907-001-000-407,,7ff1ec8c-b981-4b6a-ba44-155981a8d08e,1773010147210109351,1773010147210109351
BACKTESTER-001,OracleStrategy-000,MESM6.GLBX,GLBX-1-370,MESM6.GLBX-OracleStrategy-000,GLBX-001,GLBX-1-370,MARKET,BUY,1,GTC,True,False,1,TAKER,6689.25,0.0,['0.00 USD'],NO_TRIGGER,FILLED,NO_CONTINGENCY,,,,MY_GENERIC_ALGO,,O-20260308-224931-001-000-408,,5898d683-2221-4710-b2fb-f69d4f8bfb39,1773010171601506096,1773010171601506096
BACKTESTER-001,OracleStrategy-000,MESM6.GLBX,GLBX-1-371,MESM6.GLBX-OracleStrategy-000,GLBX-001,GLBX-1-371,MARKET,BUY,1,GTC,False,False,1,TAKER,6689.25,0.0,['0.00 USD'],NO_TRIGGER,FILLED,NO_CONTINGENCY,,,,MY_GENERIC_ALGO,,O-20260308-224931-001-000-409,,bf1cd619-7507-4d27-af7f-4d7a77b92544,1773010171601506096,1773010171601506096
BACKTESTER-001,OracleStrategy-000,MESM6.GLBX,GLBX-1-372,MESM6.GLBX-OracleStrategy-000,GLBX-001,GLBX-1-372,MARKET,SELL,1,GTC,True,False,1,TAKER,6688.25,0.0,['0.00 USD'],NO_TRIGGER,FILLED,NO_CONTINGENCY,,,,MY_GENERIC_ALGO,,O-20260308-224943-001-000-410,,3ee875c6-833c-46fa-80d4-26dd8b6a86d8,1773010183041084571,1773010183041084571
BACKTESTER-001,OracleStrategy-000,MESM6.GLBX,GLBX-1-373,MESM6.GLBX-OracleStrategy-000,GLBX-001,GLBX-1-373,MARKET,SELL,1,GTC,False,False,1,TAKER,6688.25,0.0,['0.00 USD'],NO_TRIGGER,FILLED,NO_CONTINGENCY,,,,MY_GENERIC_ALGO,,O-20260308-224943-001-000-411,,c8e7dc9d-6559-48d6-bba3-d4e853d410e0,1773010183041084571,1773010183041084571
BACKTESTER-001,OracleStrategy-000,MESM6.GLBX,GLBX-1-374,MESM6.GLBX-OracleStrategy-000,GLBX-001,GLBX-1-374,MARKET,BUY,1,GTC,True,False,1,TAKER,6686.25,0.0,['0.00 USD'],NO_TRIGGER,FILLED,NO_CONTINGENCY,,,,MY_GENERIC_ALGO,,O-20260308-225127-001-000-412,,f948b908-cc0d-4c49-86e9-4360309110e6,1773010287694579584,1773010287694579584
BACKTESTER-001,OracleStrategy-000,MESM6.GLBX,GLBX-1-375,MESM6.GLBX-OracleStrategy-000,GLBX-001,GLBX-1-375,MARKET,BUY,1,GTC,False,False,1,TAKER,6686.25,0.0,['0.00 USD'],NO_TRIGGER,FILLED,NO_CONTINGENCY,,,,MY_GENERIC_ALGO,,O-20260308-225127-001-000-413,,50cde0dd-247a-4c5d-9fc3-44e40382f53c,1773010287694579584,1773010287694579584
BACKTESTER-001,OracleStrategy-000,MESM6.GLBX,GLBX-1-376,MESM6.GLBX-OracleStrategy-000,GLBX-001,GLBX-1-376,MARKET,SELL,1,GTC,True,False,1,TAKER,6684.25,0.0,['0.00 USD'],NO_TRIGGER,FILLED,NO_CONTINGENCY,,,,MY_GENERIC_ALGO,,O-20260308-225246-001-000-414,,3e774588-33a0-4653-9ac7-528a69c34bb7,1773010366402007547,1773010366402007547
BACKTESTER-001,OracleStrategy-000,MESM6.GLBX,,,,,MARKET,SELL,1,GTC,False,False,0,NO_LIQUIDITY_SIDE,,,,NO_TRIGGER,INITIALIZED,NO_CONTINGENCY,,,,MY_GENERIC_ALGO,,O-20260308-225246-001-000-415,,2ddd86e8-a754-44c5-a9e7-4d9fdbcbf3c2,1773010366402007547,1773010366402007547
BACKTESTER-001,OracleStrategy-000,MESM6.GLBX,,,,,MARKET,BUY,1,GTC,False,False,0,NO_LIQUIDITY_SIDE,,,,NO_TRIGGER,INITIALIZED,NO_CONTINGENCY,,,,MY_GENERIC_ALGO,,O-20260308-225247-001-000-416,,894df669-64a4-4103-b96b-3d154a8672fc,1773010367535466688,1773010367535466688
BACKTESTER-001,OracleStrategy-000,MESM6.GLBX,GLBX-1-377,MESM6.GLBX-OracleStrategy-000,GLBX-001,GLBX-1-377,MARKET,BUY,1,GTC,False,False,1,TAKER,6687.5,0.0,['0.00 USD'],NO_TRIGGER,FILLED,NO_CONTINGENCY,,,,MY_GENERIC_ALGO,,O-20260308-225316-001-000-417,,62ce942d-1db8-4ce3-a5ae-b77cd8e51900,1773010396238120960,1773010396238120960
BACKTESTER-001,OracleStrategy-000,MESM6.GLBX,GLBX-1-378,MESM6.GLBX-OracleStrategy-000,GLBX-001,GLBX-1-378,MARKET,SELL,1,GTC,True,False,1,TAKER,6687.5,0.0,['0.00 USD'],NO_TRIGGER,FILLED,NO_CONTINGENCY,,,,MY_GENERIC_ALGO,,O-20260308-225321-001-000-418,,0b637c44-99c9-49d5-8824-b492db984a02,1773010401526510405,1773010401526510405
BACKTESTER-001,OracleStrategy-000,MESM6.GLBX,GLBX-1-379,MESM6.GLBX-OracleStrategy-000,GLBX-001,GLBX-1-379,MARKET,SELL,1,GTC,False,False,1,TAKER,6687.5,0.0,['0.00 USD'],NO_TRIGGER,FILLED,NO_CONTINGENCY,,,,MY_GENERIC_ALGO,,O-20260308-225321-001-000-419,,79f5b0a0-00b9-4b9f-95ca-3630bddc3c73,1773010401526510405,1773010401526510405
BACKTESTER-001,OracleStrategy-000,MESM6.GLBX,GLBX-1-380,MESM6.GLBX-OracleStrategy-000,GLBX-001,GLBX-1-380,MARKET,BUY,1,GTC,True,False,1,TAKER,6686.25,0.0,['0.00 USD'],NO_TRIGGER,FILLED,NO_CONTINGENCY,,,,MY_GENERIC_ALGO,,O-20260308-225339-001-000-420,,86724bae-9694-4425-ae1d-feee68f3e6f2,1773010419991394704,1773010419991394704
BACKTESTER-001,OracleStrategy-000,MESM6.GLBX,GLBX-1-381,MESM6.GLBX-OracleStrategy-000,GLBX-001,GLBX-1-381,MARKET,BUY,1,GTC,False,False,1,TAKER,6686.25,0.0,['0.00 USD'],NO_TRIGGER,FILLED,NO_CONTINGENCY,,,,MY_GENERIC_ALGO,,O-20260308-225339-001-000-421,,b41a0ece-c8c5-4e8e-886b-131cc59daa3b,1773010419991394704,1773010419991394704
BACKTESTER-001,OracleStrategy-000,MESM6.GLBX,GLBX-1-382,MESM6.GLBX-OracleStrategy-000,GLBX-001,GLBX-1-382,MARKET,SELL,1,GTC,True,False,1,TAKER,6685.5,0.0,['0.00 USD'],NO_TRIGGER,FILLED,NO_CONTINGENCY,,,,MY_GENERIC_ALGO,,O-20260308-225346-001-000-422,,227a7d72-e7b8-413e-aebc-18d40ec58408,1773010426477184770,1773010426477184770
BACKTESTER-001,OracleStrategy-000,MESM6.GLBX,GLBX-1-383,MESM6.GLBX-OracleStrategy-000,GLBX-001,GLBX-1-383,MARKET,SELL,1,GTC,False,False,1,TAKER,6685.5,0.0,['0.00 USD'],NO_TRIGGER,FILLED,NO_CONTINGENCY,,,,MY_GENERIC_ALGO,,O-20260308-225346-001-000-423,,ae3b798d-0131-489c-a78e-3faa966f8f2b,1773010426477184770,1773010426477184770
BACKTESTER-001,OracleStrategy-000,MESM6.GLBX,GLBX-1-384,MESM6.GLBX-OracleStrategy-000,GLBX-001,GLBX-1-384,MARKET,BUY,1,GTC,True,False,1,TAKER,6685.0,0.0,['0.00 USD'],NO_TRIGGER,FILLED,NO_CONTINGENCY,,,,MY_GENERIC_ALGO,,O-20260308-225351-001-000-424,,2181f8df-0839-4215-8f17-d62604bc7c90,1773010431472853261,1773010431472853261
BACKTESTER-001,OracleStrategy-000,MESM6.GLBX,GLBX-1-385,MESM6.GLBX-OracleStrategy-000,GLBX-001,GLBX-1-385,MARKET,BUY,1,GTC,False,False,1,TAKER,6685.0,0.0,['0.00 USD'],NO_TRIGGER,FILLED,NO_CONTINGENCY,,,,MY_GENERIC_ALGO,,O-20260308-225351-001-000-425,,bee3c028-8064-49c5-b497-dd7defd308b0,1773010431472853261,1773010431472853261
BACKTESTER-001,OracleStrategy-000,MESM6.GLBX,GLBX-1-386,MESM6.GLBX-OracleStrategy-000,GLBX-001,GLBX-1-386,MARKET,SELL,1,GTC,True,False,1,TAKER,6688.5,0.0,['0.00 USD'],NO_TRIGGER,FILLED,NO_CONTINGENCY,,,,MY_GENERIC_ALGO,,O-20260308-225419-001-000-426,,867a469f-1826-40d9-bed8-850d52522d60,1773010459377962131,1773010459377962131
BACKTESTER-001,OracleStrategy-000,MESM6.GLBX,GLBX-1-387,MESM6.GLBX-OracleStrategy-000,GLBX-001,GLBX-1-387,MARKET,SELL,1,GTC,False,False,1,TAKER,6688.5,0.0,['0.00 USD'],NO_TRIGGER,FILLED,NO_CONTINGENCY,,,,MY_GENERIC_ALGO,,O-20260308-225419-001-000-427,,0835851c-b981-428b-a564-790e3d05dc16,1773010459377962131,1773010459377962131
BACKTESTER-001,OracleStrategy-000,MESM6.GLBX,GLBX-1-388,MESM6.GLBX-OracleStrategy-000,GLBX-001,GLBX-1-388,MARKET,BUY,1,GTC,True,False,1,TAKER,6686.25,0.0,['0.00 USD'],NO_TRIGGER,FILLED,NO_CONTINGENCY,,,,MY_GENERIC_ALGO,,O-20260308-225451-001-000-428,,6a5f8e5c-a30f-4828-b693-2091ebc5399c,1773010491932607520,1773010491932607520
BACKTESTER-001,OracleStrategy-000,MESM6.GLBX,,,,,MARKET,BUY,1,GTC,False,False,0,NO_LIQUIDITY_SIDE,,,,NO_TRIGGER,INITIALIZED,NO_CONTINGENCY,,,,MY_GENERIC_ALGO,,O-20260308-225451-001-000-429,,54dcdb3d-15a6-410c-9a13-6fbb3fafb8ee,1773010491932607520,1773010491932607520
BACKTESTER-001,OracleStrategy-000,MESM6.GLBX,,,,,MARKET,BUY,1,GTC,False,False,0,NO_LIQUIDITY_SIDE,,,,NO_TRIGGER,INITIALIZED,NO_CONTINGENCY,,,,MY_GENERIC_ALGO,,O-20260308-225456-001-000-430,,0fbd2123-ce7e-4c04-9a7c-210f9dc0e175,1773010496066789931,1773010496066789931
BACKTESTER-001,OracleStrategy-000,MESM6.GLBX,GLBX-1-389,MESM6.GLBX-OracleStrategy-000,GLBX-001,GLBX-1-389,MARKET,SELL,1,GTC,False,False,1,TAKER,6688.75,0.0,['0.00 USD'],NO_TRIGGER,FILLED,NO_CONTINGENCY,,,,MY_GENERIC_ALGO,,O-20260308-225510-001-000-431,,81636696-c3d8-4158-978d-73fa8daaa50d,1773010510113903779,1773010510113903779
BACKTESTER-001,OracleStrategy-000,MESM6.GLBX,GLBX-1-390,MESM6.GLBX-OracleStrategy-000,GLBX-001,GLBX-1-390,MARKET,BUY,1,GTC,True,False,1,TAKER,6686.25,0.0,['0.00 USD'],NO_TRIGGER,FILLED,NO_CONTINGENCY,,,,MY_GENERIC_ALGO,,O-20260308-225629-001-000-432,,1333c94c-c562-4e36-8069-a0c5d42fe916,1773010589833486727,1773010589833486727
BACKTESTER-001,OracleStrategy-000,MESM6.GLBX,GLBX-1-391,MESM6.GLBX-OracleStrategy-000,GLBX-001,GLBX-1-391,MARKET,BUY,1,GTC,False,False,1,TAKER,6686.25,0.0,['0.00 USD'],NO_TRIGGER,FILLED,NO_CONTINGENCY,,,,MY_GENERIC_ALGO,,O-20260308-225629-001-000-433,,257591d4-620e-4c36-a64f-cf9ba2c38b00,1773010589833486727,1773010589833486727
BACKTESTER-001,OracleStrategy-000,MESM6.GLBX,GLBX-1-392,MESM6.GLBX-OracleStrategy-000,GLBX-001,GLBX-1-392,MARKET,SELL,1,GTC,True,False,1,TAKER,6686.75,0.0,['0.00 USD'],NO_TRIGGER,FILLED,NO_CONTINGENCY,,,,MY_GENERIC_ALGO,,O-20260308-225634-001-000-434,,63ec89da-980c-4e9f-96f6-0828458e766b,1773010594981532891,1773010594981532891
BACKTESTER-001,OracleStrategy-000,MESM6.GLBX,GLBX-1-393,MESM6.GLBX-OracleStrategy-000,GLBX-001,GLBX-1-393,MARKET,SELL,1,GTC,False,False,1,TAKER,6686.75,0.0,['0.00 USD'],NO_TRIGGER,FILLED,NO_CONTINGENCY,,,,MY_GENERIC_ALGO,,O-20260308-225634-001-000-435,,23df04f3-a1a6-4896-8a7a-0ced4f6e148e,1773010594981532891,1773010594981532891
BACKTESTER-001,OracleStrategy-000,MESM6.GLBX,GLBX-1-394,MESM6.GLBX-OracleStrategy-000,GLBX-001,GLBX-1-394,MARKET,BUY,1,GTC,True,False,1,TAKER,6685.0,0.0,['0.00 USD'],NO_TRIGGER,FILLED,NO_CONTINGENCY,,,,MY_GENERIC_ALGO,,O-20260308-225738-001-000-436,,26dfc138-c2c2-4f73-8769-b54547d70ad6,1773010658236324255,1773010658236324255
BACKTESTER-001,OracleStrategy-000,MESM6.GLBX,GLBX-1-395,MESM6.GLBX-OracleStrategy-000,GLBX-001,GLBX-1-395,MARKET,BUY,1,GTC,False,False,1,TAKER,6685.0,0.0,['0.00 USD'],NO_TRIGGER,FILLED,NO_CONTINGENCY,,,,MY_GENERIC_ALGO,,O-20260308-225738-001-000-437,,eb2acecb-00fe-484d-b669-620fe4e94336,1773010658236324255,1773010658236324255
BACKTESTER-001,OracleStrategy-000,MESM6.GLBX,GLBX-1-396,MESM6.GLBX-OracleStrategy-000,GLBX-001,GLBX-1-396,MARKET,SELL,1,GTC,True,False,1,TAKER,6684.0,0.0,['0.00 USD'],NO_TRIGGER,FILLED,NO_CONTINGENCY,,,,MY_GENERIC_ALGO,,O-20260308-225847-001-000-438,,6700f65f-27e5-48f2-a42a-65352a951b12,1773010727218678892,1773010727218678892
BACKTESTER-001,OracleStrategy-000,MESM6.GLBX,,,,,MARKET,SELL,1,GTC,False,False,0,NO_LIQUIDITY_SIDE,,,,NO_TRIGGER,INITIALIZED,NO_CONTINGENCY,,,,MY_GENERIC_ALGO,,O-20260308-225847-001-000-439,,4bf6cec5-b8fc-4633-9818-e5c69b589389,1773010727218678892,1773010727218678892
BACKTESTER-001,OracleStrategy-000,MESM6.GLBX,,,,,MARKET,BUY,1,GTC,False,False,0,NO_LIQUIDITY_SIDE,,,,NO_TRIGGER,INITIALIZED,NO_CONTINGENCY,,,,MY_GENERIC_ALGO,,O-20260308-225906-001-000-440,,866a8625-a336-4133-ad34-6521cec6b019,1773010746188824728,1773010746188824728
BACKTESTER-001,OracleStrategy-000,MESM6.GLBX,GLBX-1-397,MESM6.GLBX-OracleStrategy-000,GLBX-001,GLBX-1-397,MARKET,BUY,1,GTC,False,False,1,TAKER,6683.5,0.0,['0.00 USD'],NO_TRIGGER,FILLED,NO_CONTINGENCY,,,,MY_GENERIC_ALGO,,O-20260308-225910-001-000-441,,9ba82350-ca31-4a44-8b02-31202998707d,1773010750532907951,1773010750532907951
BACKTESTER-001,OracleStrategy-000,MESM6.GLBX,GLBX-1-398,MESM6.GLBX-OracleStrategy-000,GLBX-001,GLBX-1-398,MARKET,SELL,1,GTC,True,False,1,TAKER,6692.0,0.0,['0.00 USD'],NO_TRIGGER,FILLED,NO_CONTINGENCY,,,,MY_GENERIC_ALGO,,O-20260308-230010-001-000-442,,257d1150-84eb-43b6-8ea1-efa555e8cabe,1773010810449335552,1773010810449335552
BACKTESTER-001,OracleStrategy-000,MESM6.GLBX,GLBX-1-399,MESM6.GLBX-OracleStrategy-000,GLBX-001,GLBX-1-399,MARKET,SELL,1,GTC,False,False,1,TAKER,6692.0,0.0,['0.00 USD'],NO_TRIGGER,FILLED,NO_CONTINGENCY,,,,MY_GENERIC_ALGO,,O-20260308-230010-001-000-443,,fdbc218b-e247-4179-99ff-0208af8a6877,1773010810449335552,1773010810449335552
BACKTESTER-001,OracleStrategy-000,MESM6.GLBX,GLBX-1-400,MESM6.GLBX-OracleStrategy-000,GLBX-001,GLBX-1-400,MARKET,BUY,1,GTC,True,False,1,TAKER,6693.75,0.0,['0.00 USD'],NO_TRIGGER,FILLED,NO_CONTINGENCY,,,,MY_GENERIC_ALGO,,O-20260308-230016-001-000-444,,ec013066-878e-4413-a5a2-c9d5243cb7ce,1773010816529674368,1773010816529674368
BACKTESTER-001,OracleStrategy-000,MESM6.GLBX,GLBX-1-401,MESM6.GLBX-OracleStrategy-000,GLBX-001,GLBX-1-401,MARKET,BUY,1,GTC,False,False,1,TAKER,6693.75,0.0,['0.00 USD'],NO_TRIGGER,FILLED,NO_CONTINGENCY,,,,MY_GENERIC_ALGO,,O-20260308-230016-001-000-445,,7c3ccf66-3fa0-4cc0-9bdd-59decc44943f,1773010816529674368,1773010816529674368
BACKTESTER-001,OracleStrategy-000,MESM6.GLBX,GLBX-1-402,MESM6.GLBX-OracleStrategy-000,GLBX-001,GLBX-1-402,MARKET,SELL,1,GTC,True,False,1,TAKER,6694.75,0.0,['0.00 USD'],NO_TRIGGER,FILLED,NO_CONTINGENCY,,,,MY_GENERIC_ALGO,,O-20260308-230023-001-000-446,,1318f78b-bc51-4f64-8dec-b97295664645,1773010823389858680,1773010823389858680
BACKTESTER-001,OracleStrategy-000,MESM6.GLBX,GLBX-1-403,MESM6.GLBX-OracleStrategy-000,GLBX-001,GLBX-1-403,MARKET,SELL,1,GTC,False,False,1,TAKER,6694.75,0.0,['0.00 USD'],NO_TRIGGER,FILLED,NO_CONTINGENCY,,,,MY_GENERIC_ALGO,,O-20260308-230023-001-000-447,,0b2cb53e-c7dc-491f-a94c-955e39a016ce,1773010823389858680,1773010823389858680
BACKTESTER-001,OracleStrategy-000,MESM6.GLBX,GLBX-1-404,MESM6.GLBX-OracleStrategy-000,GLBX-001,GLBX-1-404,MARKET,BUY,1,GTC,True,False,1,TAKER,6691.75,0.0,['0.00 USD'],NO_TRIGGER,FILLED,NO_CONTINGENCY,,,,MY_GENERIC_ALGO,,O-20260308-230042-001-000-448,,6f492c27-2d8b-4125-8d05-3ea15b61d7c8,1773010842706578259,1773010842706578259
BACKTESTER-001,OracleStrategy-000,MESM6.GLBX,GLBX-1-405,MESM6.GLBX-OracleStrategy-000,GLBX-001,GLBX-1-405,MARKET,BUY,1,GTC,False,False,1,TAKER,6691.75,0.0,['0.00 USD'],NO_TRIGGER,FILLED,NO_CONTINGENCY,,,,MY_GENERIC_ALGO,,O-20260308-230042-001-000-449,,a2a43145-ef25-42ca-beb5-92ca7c3f8e73,1773010842706578259,1773010842706578259
BACKTESTER-001,OracleStrategy-000,MESM6.GLBX,GLBX-1-406,MESM6.GLBX-OracleStrategy-000,GLBX-001,GLBX-1-406,MARKET,SELL,1,GTC,True,False,1,TAKER,6692.5,0.0,['0.00 USD'],NO_TRIGGER,FILLED,NO_CONTINGENCY,,,,MY_GENERIC_ALGO,,O-20260308-230045-001-000-450,,bdf96f98-ee2d-40ee-8eaf-656d7c49362c,1773010845539320020,1773010845539320020
BACKTESTER-001,OracleStrategy-000,MESM6.GLBX,GLBX-1-407,MESM6.GLBX-OracleStrategy-000,GLBX-001,GLBX-1-407,MARKET,SELL,1,GTC,False,False,1,TAKER,6692.5,0.0,['0.00 USD'],NO_TRIGGER,FILLED,NO_CONTINGENCY,,,,MY_GENERIC_ALGO,,O-20260308-230045-001-000-451,,672f4eb5-1f5f-4719-a0b9-4a9b5752872d,1773010845539320020,1773010845539320020
BACKTESTER-001,OracleStrategy-000,MESM6.GLBX,GLBX-1-408,MESM6.GLBX-OracleStrategy-000,GLBX-001,GLBX-1-408,MARKET,BUY,1,GTC,True,False,1,TAKER,6692.0,0.0,['0.00 USD'],NO_TRIGGER,FILLED,NO_CONTINGENCY,,,,MY_GENERIC_ALGO,,O-20260308-230047-001-000-452,,1b8d4ac8-a3fc-4439-8fb6-f9e4793b3e9c,1773010847529199053,1773010847529199053
BACKTESTER-001,OracleStrategy-000,MESM6.GLBX,GLBX-1-409,MESM6.GLBX-OracleStrategy-000,GLBX-001,GLBX-1-409,MARKET,BUY,1,GTC,False,False,1,TAKER,6692.0,0.0,['0.00 USD'],NO_TRIGGER,FILLED,NO_CONTINGENCY,,,,MY_GENERIC_ALGO,,O-20260308-230047-001-000-453,,199eded7-5fe2-4fbf-afdc-c736cadc6f26,1773010847529199053,1773010847529199053
BACKTESTER-001,OracleStrategy-000,MESM6.GLBX,GLBX-1-410,MESM6.GLBX-OracleStrategy-000,GLBX-001,GLBX-1-410,MARKET,SELL,1,GTC,True,False,1,TAKER,6690.0,0.0,['0.00 USD'],NO_TRIGGER,FILLED,NO_CONTINGENCY,,,,MY_GENERIC_ALGO,,O-20260308-230059-001-000-454,,ae87c8cb-9771-467b-8225-acd2f309acc4,1773010859224407858,1773010859224407858
BACKTESTER-001,OracleStrategy-000,MESM6.GLBX,GLBX-1-411,MESM6.GLBX-OracleStrategy-000,GLBX-001,GLBX-1-411,MARKET,SELL,1,GTC,False,False,1,TAKER,6690.0,0.0,['0.00 USD'],NO_TRIGGER,FILLED,NO_CONTINGENCY,,,,MY_GENERIC_ALGO,,O-20260308-230059-001-000-455,,374678a8-86ea-4b90-baae-96f3b5f3401f,1773010859224407858,1773010859224407858
BACKTESTER-001,OracleStrategy-000,MESM6.GLBX,GLBX-1-412,MESM6.GLBX-OracleStrategy-000,GLBX-001,GLBX-1-412,MARKET,BUY,1,GTC,True,False,1,TAKER,6692.0,0.0,['0.00 USD'],NO_TRIGGER,FILLED,NO_CONTINGENCY,,,,MY_GENERIC_ALGO,,O-20260308-230101-001-000-456,,f1898565-4688-4d27-b7fa-ff241f628c01,1773010861164365546,1773010861164365546
BACKTESTER-001,OracleStrategy-000,MESM6.GLBX,GLBX-1-413,MESM6.GLBX-OracleStrategy-000,GLBX-001,GLBX-1-413,MARKET,BUY,1,GTC,False,False,1,TAKER,6692.0,0.0,['0.00 USD'],NO_TRIGGER,FILLED,NO_CONTINGENCY,,,,MY_GENERIC_ALGO,,O-20260308-230101-001-000-457,,2ee56180-984c-4ca7-9826-1b71b8e4fd9c,1773010861164365546,1773010861164365546
BACKTESTER-001,OracleStrategy-000,MESM6.GLBX,GLBX-1-414,MESM6.GLBX-OracleStrategy-000,GLBX-001,GLBX-1-414,MARKET,SELL,1,GTC,True,False,1,TAKER,6691.5,0.0,['0.00 USD'],NO_TRIGGER,FILLED,NO_CONTINGENCY,,,,MY_GENERIC_ALGO,,O-20260308-230110-001-000-458,,fabcf4d6-962a-423b-a7b8-064b1db3e44a,1773010870022265254,1773010870022265254
BACKTESTER-001,OracleStrategy-000,MESM6.GLBX,GLBX-1-415,MESM6.GLBX-OracleStrategy-000,GLBX-001,GLBX-1-415,MARKET,SELL,1,GTC,False,False,1,TAKER,6691.5,0.0,['0.00 USD'],NO_TRIGGER,FILLED,NO_CONTINGENCY,,,,MY_GENERIC_ALGO,,O-20260308-230110-001-000-459,,51d9a904-bd4f-485e-b2f5-31438aeae57e,1773010870022265254,1773010870022265254
BACKTESTER-001,OracleStrategy-000,MESM6.GLBX,GLBX-1-416,MESM6.GLBX-OracleStrategy-000,GLBX-001,GLBX-1-416,MARKET,BUY,1,GTC,True,False,1,TAKER,6691.25,0.0,['0.00 USD'],NO_TRIGGER,FILLED,NO_CONTINGENCY,,,,MY_GENERIC_ALGO,,O-20260308-230137-001-000-460,,8c855342-d69b-4a92-bfcd-e912f8fc6000,1773010897385673903,1773010897385673903
BACKTESTER-001,OracleStrategy-000,MESM6.GLBX,GLBX-1-417,MESM6.GLBX-OracleStrategy-000,GLBX-001,GLBX-1-417,MARKET,BUY,1,GTC,False,False,1,TAKER,6691.25,0.0,['0.00 USD'],NO_TRIGGER,FILLED,NO_CONTINGENCY,,,,MY_GENERIC_ALGO,,O-20260308-230137-001-000-461,,c1997670-7305-44db-909d-91a2f21b8d89,1773010897385673903,1773010897385673903
BACKTESTER-001,OracleStrategy-000,MESM6.GLBX,GLBX-1-418,MESM6.GLBX-OracleStrategy-000,GLBX-001,GLBX-1-418,MARKET,SELL,1,GTC,True,False,1,TAKER,6688.5,0.0,['0.00 USD'],NO_TRIGGER,FILLED,NO_CONTINGENCY,,,,MY_GENERIC_ALGO,,O-20260308-230208-001-000-462,,30c9a158-4a34-403a-a903-fe95d585909e,1773010928767360637,1773010928767360637
BACKTESTER-001,OracleStrategy-000,MESM6.GLBX,GLBX-1-419,MESM6.GLBX-OracleStrategy-000,GLBX-001,GLBX-1-419,MARKET,SELL,1,GTC,False,False,1,TAKER,6688.5,0.0,['0.00 USD'],NO_TRIGGER,FILLED,NO_CONTINGENCY,,,,MY_GENERIC_ALGO,,O-20260308-230208-001-000-463,,57da2d1b-d26e-43da-ab54-891348f7cd24,1773010928767360637,1773010928767360637
BACKTESTER-001,OracleStrategy-000,MESM6.GLBX,GLBX-1-420,MESM6.GLBX-OracleStrategy-000,GLBX-001,GLBX-1-420,MARKET,BUY,1,GTC,True,False,1,TAKER,6688.5,0.0,['0.00 USD'],NO_TRIGGER,FILLED,NO_CONTINGENCY,,,,MY_GENERIC_ALGO,,O-20260308-230259-001-000-464,,8157ffc9-a142-4c49-9eb5-e87f8b2ea2ce,1773010979515555450,1773010979515555450
BACKTESTER-001,OracleStrategy-000,MESM6.GLBX,GLBX-1-421,MESM6.GLBX-OracleStrategy-000,GLBX-001,GLBX-1-421,MARKET,BUY,1,GTC,False,False,1,TAKER,6688.5,0.0,['0.00 USD'],NO_TRIGGER,FILLED,NO_CONTINGENCY,,,,MY_GENERIC_ALGO,,O-20260308-230259-001-000-465,,8d88ad77-19b8-4c40-8f11-602cbcc4c3f0,1773010979515555450,1773010979515555450
BACKTESTER-001,OracleStrategy-000,MESM6.GLBX,GLBX-1-422,MESM6.GLBX-OracleStrategy-000,GLBX-001,GLBX-1-422,MARKET,SELL,1,GTC,True,False,1,TAKER,6688.25,0.0,['0.00 USD'],NO_TRIGGER,FILLED,NO_CONTINGENCY,,,,MY_GENERIC_ALGO,,O-20260308-230325-001-000-466,,12e2dc18-904c-4141-8cae-859f75dc74ad,1773011005137361099,1773011005137361099
BACKTESTER-001,OracleStrategy-000,MESM6.GLBX,GLBX-1-423,MESM6.GLBX-OracleStrategy-000,GLBX-001,GLBX-1-423,MARKET,SELL,1,GTC,False,False,1,TAKER,6688.25,0.0,['0.00 USD'],NO_TRIGGER,FILLED,NO_CONTINGENCY,,,,MY_GENERIC_ALGO,,O-20260308-230325-001-000-467,,df8cb850-360b-42c7-adbe-6bdd88cf5f99,1773011005137361099,1773011005137361099
BACKTESTER-001,OracleStrategy-000,MESM6.GLBX,GLBX-1-424,MESM6.GLBX-OracleStrategy-000,GLBX-001,GLBX-1-424,MARKET,BUY,1,GTC,True,False,1,TAKER,6692.5,0.0,['0.00 USD'],NO_TRIGGER,FILLED,NO_CONTINGENCY,,,,MY_GENERIC_ALGO,,O-20260308-230410-001-000-468,,80b27d65-f840-4e81-b9c0-c333a6b10975,1773011050678023310,1773011050678023310
BACKTESTER-001,OracleStrategy-000,MESM6.GLBX,,,,,MARKET,BUY,1,GTC,False,False,0,NO_LIQUIDITY_SIDE,,,,NO_TRIGGER,INITIALIZED,NO_CONTINGENCY,,,,MY_GENERIC_ALGO,,O-20260308-230410-001-000-469,,2db98804-2b2b-4f8a-91ac-3e3e567b07fc,1773011050678023310,1773011050678023310
BACKTESTER-001,OracleStrategy-000,MESM6.GLBX,,,,,MARKET,SELL,1,GTC,False,False,0,NO_LIQUIDITY_SIDE,,,,NO_TRIGGER,INITIALIZED,NO_CONTINGENCY,,,,MY_GENERIC_ALGO,,O-20260308-230422-001-000-470,,6d8f8ebc-ad82-440e-b5cd-8b1bab6ddfff,1773011062498297527,1773011062498297527
BACKTESTER-001,OracleStrategy-000,MESM6.GLBX,GLBX-1-425,MESM6.GLBX-OracleStrategy-000,GLBX-001,GLBX-1-425,MARKET,BUY,1,GTC,False,False,1,TAKER,6692.0,0.0,['0.00 USD'],NO_TRIGGER,FILLED,NO_CONTINGENCY,,,,MY_GENERIC_ALGO,,O-20260308-230425-001-000-471,,21c16d5d-0619-4493-8670-23e3a59be252,1773011065630441946,1773011065630441946
BACKTESTER-001,OracleStrategy-000,MESM6.GLBX,GLBX-1-426,MESM6.GLBX-OracleStrategy-000,GLBX-001,GLBX-1-426,MARKET,SELL,1,GTC,True,False,1,TAKER,6691.0,0.0,['0.00 USD'],NO_TRIGGER,FILLED,NO_CONTINGENCY,,,,MY_GENERIC_ALGO,,O-20260308-230433-001-000-472,,b0aab20f-1d98-4d59-a0d2-714c190adbda,1773011073036130968,1773011073036130968
BACKTESTER-001,OracleStrategy-000,MESM6.GLBX,GLBX-1-427,MESM6.GLBX-OracleStrategy-000,GLBX-001,GLBX-1-427,MARKET,SELL,1,GTC,False,False,1,TAKER,6691.0,0.0,['0.00 USD'],NO_TRIGGER,FILLED,NO_CONTINGENCY,,,,MY_GENERIC_ALGO,,O-20260308-230433-001-000-473,,272637be-a8b8-4d96-9ba4-44d488fc5a4a,1773011073036130968,1773011073036130968
BACKTESTER-001,OracleStrategy-000,MESM6.GLBX,GLBX-1-428,MESM6.GLBX-OracleStrategy-000,GLBX-001,GLBX-1-428,MARKET,BUY,1,GTC,True,False,1,TAKER,6690.25,0.0,['0.00 USD'],NO_TRIGGER,FILLED,NO_CONTINGENCY,,,,MY_GENERIC_ALGO,,O-20260308-230454-001-000-474,,0802ab58-b841-4b80-916c-d2c10b176f42,1773011094587562055,1773011094587562055
BACKTESTER-001,OracleStrategy-000,MESM6.GLBX,GLBX-1-429,MESM6.GLBX-OracleStrategy-000,GLBX-001,GLBX-1-429,MARKET,BUY,1,GTC,False,False,1,TAKER,6690.25,0.0,['0.00 USD'],NO_TRIGGER,FILLED,NO_CONTINGENCY,,,,MY_GENERIC_ALGO,,O-20260308-230454-001-000-475,,efdbdc32-bbec-4b0d-90f2-f79c0db50301,1773011094587562055,1773011094587562055
BACKTESTER-001,OracleStrategy-000,MESM6.GLBX,GLBX-1-430,MESM6.GLBX-OracleStrategy-000,GLBX-001,GLBX-1-430,MARKET,SELL,1,GTC,True,False,1,TAKER,6690.0,0.0,['0.00 USD'],NO_TRIGGER,FILLED,NO_CONTINGENCY,,,,MY_GENERIC_ALGO,,O-20260308-230551-001-000-476,,975acebc-6f36-4b97-b04e-e25432695400,1773011151844479466,1773011151844479466
BACKTESTER-001,OracleStrategy-000,MESM6.GLBX,GLBX-1-431,MESM6.GLBX-OracleStrategy-000,GLBX-001,GLBX-1-431,MARKET,SELL,1,GTC,False,False,1,TAKER,6690.0,0.0,['0.00 USD'],NO_TRIGGER,FILLED,NO_CONTINGENCY,,,,MY_GENERIC_ALGO,,O-20260308-230551-001-000-477,,582ff1e9-2596-4382-9c21-ab056bb0e63b,1773011151844479466,1773011151844479466
BACKTESTER-001,OracleStrategy-000,MESM6.GLBX,GLBX-1-432,MESM6.GLBX-OracleStrategy-000,GLBX-001,GLBX-1-432,MARKET,BUY,1,GTC,True,False,1,TAKER,6690.0,0.0,['0.00 USD'],NO_TRIGGER,FILLED,NO_CONTINGENCY,,,,MY_GENERIC_ALGO,,O-20260308-230617-001-000-478,,b55e400c-4bdf-4aae-8b72-2f1e5e06d645,1773011177277501877,1773011177277501877
BACKTESTER-001,OracleStrategy-000,MESM6.GLBX,GLBX-1-433,MESM6.GLBX-OracleStrategy-000,GLBX-001,GLBX-1-433,MARKET,BUY,1,GTC,False,False,1,TAKER,6690.0,0.0,['0.00 USD'],NO_TRIGGER,FILLED,NO_CONTINGENCY,,,,MY_GENERIC_ALGO,,O-20260308-230617-001-000-479,,e2d6d48d-3373-4a1a-9e46-a844eff455b5,1773011177277501877,1773011177277501877
BACKTESTER-001,OracleStrategy-000,MESM6.GLBX,GLBX-1-434,MESM6.GLBX-OracleStrategy-000,GLBX-001,GLBX-1-434,MARKET,SELL,1,GTC,True,False,1,TAKER,6689.75,0.0,['0.00 USD'],NO_TRIGGER,FILLED,NO_CONTINGENCY,,,,MY_GENERIC_ALGO,,O-20260308-230624-001-000-480,,3985d661-8abe-41a5-bfba-a7434aef25f9,1773011184918662779,1773011184918662779
BACKTESTER-001,OracleStrategy-000,MESM6.GLBX,GLBX-1-435,MESM6.GLBX-OracleStrategy-000,GLBX-001,GLBX-1-435,MARKET,SELL,1,GTC,False,False,1,TAKER,6689.75,0.0,['0.00 USD'],NO_TRIGGER,FILLED,NO_CONTINGENCY,,,,MY_GENERIC_ALGO,,O-20260308-230624-001-000-481,,e85cf031-a48d-4bd2-804b-79d38da26915,1773011184918662779,1773011184918662779
BACKTESTER-001,OracleStrategy-000,MESM6.GLBX,GLBX-1-436,MESM6.GLBX-OracleStrategy-000,GLBX-001,GLBX-1-436,MARKET,BUY,1,GTC,True,False,1,TAKER,6686.0,0.0,['0.00 USD'],NO_TRIGGER,FILLED,NO_CONTINGENCY,,,,MY_GENERIC_ALGO,,O-20260308-230652-001-000-482,,d628c898-9e38-4b3f-9632-ab7b835a754e,1773011212346481536,1773011212346481536
BACKTESTER-001,OracleStrategy-000,MESM6.GLBX,GLBX-1-437,MESM6.GLBX-OracleStrategy-000,GLBX-001,GLBX-1-437,MARKET,BUY,1,GTC,False,False,1,TAKER,6686.0,0.0,['0.00 USD'],NO_TRIGGER,FILLED,NO_CONTINGENCY,,,,MY_GENERIC_ALGO,,O-20260308-230652-001-000-483,,e103c27b-3613-466d-b088-3a858e6210c9,1773011212346481536,1773011212346481536
BACKTESTER-001,OracleStrategy-000,MESM6.GLBX,GLBX-1-438,MESM6.GLBX-OracleStrategy-000,GLBX-001,GLBX-1-438,MARKET,SELL,1,GTC,True,False,1,TAKER,6684.75,0.0,['0.00 USD'],NO_TRIGGER,FILLED,NO_CONTINGENCY,,,,MY_GENERIC_ALGO,,O-20260308-230745-001-000-484,,9d0063e9-400b-4e1e-b278-c616af81f994,1773011265397604867,1773011265397604867
BACKTESTER-001,OracleStrategy-000,MESM6.GLBX,GLBX-1-439,MESM6.GLBX-OracleStrategy-000,GLBX-001,GLBX-1-439,MARKET,SELL,1,GTC,False,False,1,TAKER,6684.75,0.0,['0.00 USD'],NO_TRIGGER,FILLED,NO_CONTINGENCY,,,,MY_GENERIC_ALGO,,O-20260308-230745-001-000-485,,22e646bf-ad58-43bb-b5c7-eebc7cbea4f1,1773011265397604867,1773011265397604867
BACKTESTER-001,OracleStrategy-000,MESM6.GLBX,GLBX-1-440,MESM6.GLBX-OracleStrategy-000,GLBX-001,GLBX-1-440,MARKET,BUY,1,GTC,True,False,1,TAKER,6688.25,0.0,['0.00 USD'],NO_TRIGGER,FILLED,NO_CONTINGENCY,,,,MY_GENERIC_ALGO,,O-20260308-230814-001-000-486,,a900e2c0-bce0-4db2-997a-5a3b03e0d75c,1773011294425409820,1773011294425409820
BACKTESTER-001,OracleStrategy-000,MESM6.GLBX,,,,,MARKET,BUY,1,GTC,False,False,0,NO_LIQUIDITY_SIDE,,,,NO_TRIGGER,INITIALIZED,NO_CONTINGENCY,,,,MY_GENERIC_ALGO,,O-20260308-230814-001-000-487,,ed2eff40-f46e-4c2c-b470-3d60e1009ce5,1773011294425409820,1773011294425409820
BACKTESTER-001,OracleStrategy-000,MESM6.GLBX,,,,,MARKET,SELL,1,GTC,False,False,0,NO_LIQUIDITY_SIDE,,,,NO_TRIGGER,INITIALIZED,NO_CONTINGENCY,,,,MY_GENERIC_ALGO,,O-20260308-230917-001-000-488,,bdb0b722-82ad-49e8-aecf-07bcf058b47b,1773011357346365440,1773011357346365440
BACKTESTER-001,OracleStrategy-000,MESM6.GLBX,GLBX-1-441,MESM6.GLBX-OracleStrategy-000,GLBX-001,GLBX-1-441,MARKET,SELL,1,GTC,False,False,1,TAKER,6680.0,0.0,['0.00 USD'],NO_TRIGGER,FILLED,NO_CONTINGENCY,,,,MY_GENERIC_ALGO,,O-20260308-230937-001-000-489,,d5ca2c6f-106c-4fd7-9e8e-8f4abe6bbf0e,1773011377695732848,1773011377695732848
BACKTESTER-001,OracleStrategy-000,MESM6.GLBX,GLBX-1-442,MESM6.GLBX-OracleStrategy-000,GLBX-001,GLBX-1-442,MARKET,BUY,1,GTC,True,False,1,TAKER,6680.25,0.0,['0.00 USD'],NO_TRIGGER,FILLED,NO_CONTINGENCY,,,,MY_GENERIC_ALGO,,O-20260308-230939-001-000-490,,2ff12ec8-8434-4851-8d02-ac82267bdf4d,1773011379321358019,1773011379321358019
BACKTESTER-001,OracleStrategy-000,MESM6.GLBX,,,,,MARKET,BUY,1,GTC,False,False,0,NO_LIQUIDITY_SIDE,,,,NO_TRIGGER,INITIALIZED,NO_CONTINGENCY,,,,MY_GENERIC_ALGO,,O-20260308-230939-001-000-491,,e9a7caa4-d1ec-4db5-8d60-9c568ccdedd2,1773011379321358019,1773011379321358019
BACKTESTER-001,OracleStrategy-000,MESM6.GLBX,,,,,MARKET,SELL,1,GTC,False,False,0,NO_LIQUIDITY_SIDE,,,,NO_TRIGGER,INITIALIZED,NO_CONTINGENCY,,,,MY_GENERIC_ALGO,,O-20260308-230944-001-000-492,,c1f12415-d623-4216-86dc-1c375200c82c,1773011384899699999,1773011384899699999
BACKTESTER-001,OracleStrategy-000,MESM6.GLBX,GLBX-1-443,MESM6.GLBX-OracleStrategy-000,GLBX-001,GLBX-1-443,MARKET,BUY,1,GTC,False,False,1,TAKER,6681.0,0.0,['0.00 USD'],NO_TRIGGER,FILLED,NO_CONTINGENCY,,,,MY_GENERIC_ALGO,,O-20260308-231002-001-000-493,,45979c3a-9e07-4bf2-a7b0-3c2ba2af14e1,1773011402472434549,1773011402472434549
BACKTESTER-001,OracleStrategy-000,MESM6.GLBX,GLBX-1-444,MESM6.GLBX-OracleStrategy-000,GLBX-001,GLBX-1-444,MARKET,SELL,1,GTC,True,False,1,TAKER,6679.0,0.0,['0.00 USD'],NO_TRIGGER,FILLED,NO_CONTINGENCY,,,,MY_GENERIC_ALGO,,O-20260308-231004-001-000-494,,3dd7f6e7-b9f2-4bc4-9244-85776472e113,1773011404142699642,1773011404142699642
BACKTESTER-001,OracleStrategy-000,MESM6.GLBX,GLBX-1-445,MESM6.GLBX-OracleStrategy-000,GLBX-001,GLBX-1-445,MARKET,SELL,1,GTC,False,False,1,TAKER,6679.0,0.0,['0.00 USD'],NO_TRIGGER,FILLED,NO_CONTINGENCY,,,,MY_GENERIC_ALGO,,O-20260308-231004-001-000-495,,87e29a27-694b-4858-acd0-5b32182cefb3,1773011404142699642,1773011404142699642
BACKTESTER-001,OracleStrategy-000,MESM6.GLBX,GLBX-1-446,MESM6.GLBX-OracleStrategy-000,GLBX-001,GLBX-1-446,MARKET,BUY,1,GTC,True,False,1,TAKER,6679.75,0.0,['0.00 USD'],NO_TRIGGER,FILLED,NO_CONTINGENCY,,,,MY_GENERIC_ALGO,,O-20260308-231029-001-000-496,,1eee34d3-d8eb-40d6-9918-4443a99119fd,1773011429100762872,1773011429100762872
BACKTESTER-001,OracleStrategy-000,MESM6.GLBX,GLBX-1-447,MESM6.GLBX-OracleStrategy-000,GLBX-001,GLBX-1-447,MARKET,BUY,1,GTC,False,False,1,TAKER,6679.75,0.0,['0.00 USD'],NO_TRIGGER,FILLED,NO_CONTINGENCY,,,,MY_GENERIC_ALGO,,O-20260308-231029-001-000-497,,f48b77fc-663f-4c5e-8e79-05fa852d6253,1773011429100762872,1773011429100762872
BACKTESTER-001,OracleStrategy-000,MESM6.GLBX,GLBX-1-448,MESM6.GLBX-OracleStrategy-000,GLBX-001,GLBX-1-448,MARKET,SELL,1,GTC,True,False,1,TAKER,6680.0,0.0,['0.00 USD'],NO_TRIGGER,FILLED,NO_CONTINGENCY,,,,MY_GENERIC_ALGO,,O-20260308-231035-001-000-498,,9cad3429-c756-425d-8825-59b942d4884a,1773011435934749778,1773011435934749778
BACKTESTER-001,OracleStrategy-000,MESM6.GLBX,GLBX-1-449,MESM6.GLBX-OracleStrategy-000,GLBX-001,GLBX-1-449,MARKET,SELL,1,GTC,False,False,1,TAKER,6680.0,0.0,['0.00 USD'],NO_TRIGGER,FILLED,NO_CONTINGENCY,,,,MY_GENERIC_ALGO,,O-20260308-231035-001-000-499,,a038c650-af7b-4524-b1e1-c5ee89bce1d4,1773011435934749778,1773011435934749778
BACKTESTER-001,OracleStrategy-000,MESM6.GLBX,GLBX-1-450,MESM6.GLBX-OracleStrategy-000,GLBX-001,GLBX-1-450,MARKET,BUY,1,GTC,True,False,1,TAKER,6678.0,0.0,['0.00 USD'],NO_TRIGGER,FILLED,NO_CONTINGENCY,,,,MY_GENERIC_ALGO,,O-20260308-231042-001-000-500,,8d4c4ccf-520c-434b-bd00-c2ce4e774a7a,1773011442050033864,1773011442050033864
BACKTESTER-001,OracleStrategy-000,MESM6.GLBX,GLBX-1-451,MESM6.GLBX-OracleStrategy-000,GLBX-001,GLBX-1-451,MARKET,BUY,1,GTC,False,False,1,TAKER,6678.0,0.0,['0.00 USD'],NO_TRIGGER,FILLED,NO_CONTINGENCY,,,,MY_GENERIC_ALGO,,O-20260308-231042-001-000-501,,ee32c98d-7e6d-4a9d-a70a-747ab31bda20,1773011442050033864,1773011442050033864
BACKTESTER-001,OracleStrategy-000,MESM6.GLBX,GLBX-1-452,MESM6.GLBX-OracleStrategy-000,GLBX-001,GLBX-1-452,MARKET,SELL,1,GTC,True,False,1,TAKER,6680.75,0.0,['0.00 USD'],NO_TRIGGER,FILLED,NO_CONTINGENCY,,,,MY_GENERIC_ALGO,,O-20260308-231048-001-000-502,,0821d791-912a-491d-adcf-1c58c111b1ac,1773011448488622661,1773011448488622661
BACKTESTER-001,OracleStrategy-000,MESM6.GLBX,GLBX-1-453,MESM6.GLBX-OracleStrategy-000,GLBX-001,GLBX-1-453,MARKET,SELL,1,GTC,False,False,1,TAKER,6680.75,0.0,['0.00 USD'],NO_TRIGGER,FILLED,NO_CONTINGENCY,,,,MY_GENERIC_ALGO,,O-20260308-231048-001-000-503,,2ed2919d-ce5d-432e-b31f-38db1f681def,1773011448488622661,1773011448488622661
BACKTESTER-001,OracleStrategy-000,MESM6.GLBX,GLBX-1-454,MESM6.GLBX-OracleStrategy-000,GLBX-001,GLBX-1-454,MARKET,BUY,1,GTC,True,False,1,TAKER,6680.0,0.0,['0.00 USD'],NO_TRIGGER,FILLED,NO_CONTINGENCY,,,,MY_GENERIC_ALGO,,O-20260308-231050-001-000-504,,164c4357-d10e-4bbb-a848-165f73526f01,1773011450024191632,1773011450024191632
BACKTESTER-001,OracleStrategy-000,MESM6.GLBX,,,,,MARKET,BUY,1,GTC,False,False,0,NO_LIQUIDITY_SIDE,,,,NO_TRIGGER,INITIALIZED,NO_CONTINGENCY,,,,MY_GENERIC_ALGO,,O-20260308-231050-001-000-505,,e5a4966e-857b-479e-8fd2-753746bed12c,1773011450024191632,1773011450024191632
BACKTESTER-001,OracleStrategy-000,MESM6.GLBX,,,,,MARKET,SELL,1,GTC,False,False,0,NO_LIQUIDITY_SIDE,,,,NO_TRIGGER,INITIALIZED,NO_CONTINGENCY,,,,MY_GENERIC_ALGO,,O-20260308-231056-001-000-506,,6a880b73-ebba-4607-8cd2-6518372ba351,1773011456243062289,1773011456243062289
BACKTESTER-001,OracleStrategy-000,MESM6.GLBX,GLBX-1-455,MESM6.GLBX-OracleStrategy-000,GLBX-001,GLBX-1-455,MARKET,BUY,1,GTC,False,False,1,TAKER,6678.75,0.0,['0.00 USD'],NO_TRIGGER,FILLED,NO_CONTINGENCY,,,,MY_GENERIC_ALGO,,O-20260308-231104-001-000-507,,2698b642-460b-4d35-91ce-e35808b922ba,1773011464065116960,1773011464065116960
BACKTESTER-001,OracleStrategy-000,MESM6.GLBX,GLBX-1-456,MESM6.GLBX-OracleStrategy-000,GLBX-001,GLBX-1-456,MARKET,SELL,1,GTC,True,False,1,TAKER,6681.5,0.0,['0.00 USD'],NO_TRIGGER,FILLED,NO_CONTINGENCY,,,,MY_GENERIC_ALGO,,O-20260308-231138-001-000-508,,75b040eb-18dc-44e9-b821-0422c83de2bf,1773011498374888089,1773011498374888089
BACKTESTER-001,OracleStrategy-000,MESM6.GLBX,GLBX-1-457,MESM6.GLBX-OracleStrategy-000,GLBX-001,GLBX-1-457,MARKET,SELL,1,GTC,False,False,1,TAKER,6681.5,0.0,['0.00 USD'],NO_TRIGGER,FILLED,NO_CONTINGENCY,,,,MY_GENERIC_ALGO,,O-20260308-231138-001-000-509,,15736ff6-6f2b-410e-aa09-c4b9c1fa4104,1773011498374888089,1773011498374888089
BACKTESTER-001,OracleStrategy-000,MESM6.GLBX,GLBX-1-458,MESM6.GLBX-OracleStrategy-000,GLBX-001,GLBX-1-458,MARKET,BUY,1,GTC,True,False,1,TAKER,6678.5,0.0,['0.00 USD'],NO_TRIGGER,FILLED,NO_CONTINGENCY,,,,MY_GENERIC_ALGO,,O-20260308-231230-001-000-510,,69ce9876-af93-4e72-9682-71353eb01296,1773011550086323234,1773011550086323234
BACKTESTER-001,OracleStrategy-000,MESM6.GLBX,GLBX-1-459,MESM6.GLBX-OracleStrategy-000,GLBX-001,GLBX-1-459,MARKET,BUY,1,GTC,False,False,1,TAKER,6678.5,0.0,['0.00 USD'],NO_TRIGGER,FILLED,NO_CONTINGENCY,,,,MY_GENERIC_ALGO,,O-20260308-231230-001-000-511,,9cdb9a26-733d-44bc-8b4e-51c299b78698,1773011550086323234,1773011550086323234
BACKTESTER-001,OracleStrategy-000,MESM6.GLBX,GLBX-1-460,MESM6.GLBX-OracleStrategy-000,GLBX-001,GLBX-1-460,MARKET,SELL,1,GTC,True,False,1,TAKER,6679.5,0.0,['0.00 USD'],NO_TRIGGER,FILLED,NO_CONTINGENCY,,,,MY_GENERIC_ALGO,,O-20260308-231303-001-000-512,,c06df742-15ba-466e-a616-59cf5e76e422,1773011583746979792,1773011583746979792
BACKTESTER-001,OracleStrategy-000,MESM6.GLBX,GLBX-1-461,MESM6.GLBX-OracleStrategy-000,GLBX-001,GLBX-1-461,MARKET,SELL,1,GTC,False,False,1,TAKER,6679.5,0.0,['0.00 USD'],NO_TRIGGER,FILLED,NO_CONTINGENCY,,,,MY_GENERIC_ALGO,,O-20260308-231303-001-000-513,,ab954bb0-20c7-4b7b-8e3a-37b2cf05840d,1773011583746979792,1773011583746979792
BACKTESTER-001,OracleStrategy-000,MESM6.GLBX,GLBX-1-462,MESM6.GLBX-OracleStrategy-000,GLBX-001,GLBX-1-462,MARKET,BUY,1,GTC,True,False,1,TAKER,6679.75,0.0,['0.00 USD'],NO_TRIGGER,FILLED,NO_CONTINGENCY,,,,MY_GENERIC_ALGO,,O-20260308-231312-001-000-514,,259c8177-67c2-4044-b82b-64d9e56ee362,1773011592182773728,1773011592182773728
BACKTESTER-001,OracleStrategy-000,MESM6.GLBX,GLBX-1-463,MESM6.GLBX-OracleStrategy-000,GLBX-001,GLBX-1-463,MARKET,BUY,1,GTC,False,False,1,TAKER,6679.75,0.0,['0.00 USD'],NO_TRIGGER,FILLED,NO_CONTINGENCY,,,,MY_GENERIC_ALGO,,O-20260308-231312-001-000-515,,7d419ff1-84fc-49e2-8b19-bcfdbe3e66b1,1773011592182773728,1773011592182773728
BACKTESTER-001,OracleStrategy-000,MESM6.GLBX,GLBX-1-464,MESM6.GLBX-OracleStrategy-000,GLBX-001,GLBX-1-464,MARKET,SELL,1,GTC,True,False,1,TAKER,6678.0,0.0,['0.00 USD'],NO_TRIGGER,FILLED,NO_CONTINGENCY,,,,MY_GENERIC_ALGO,,O-20260308-231334-001-000-516,,c60a22ca-120c-42fa-905d-9ee852d157f8,1773011614460214245,1773011614460214245
BACKTESTER-001,OracleStrategy-000,MESM6.GLBX,GLBX-1-465,MESM6.GLBX-OracleStrategy-000,GLBX-001,GLBX-1-465,MARKET,SELL,1,GTC,False,False,1,TAKER,6678.0,0.0,['0.00 USD'],NO_TRIGGER,FILLED,NO_CONTINGENCY,,,,MY_GENERIC_ALGO,,O-20260308-231334-001-000-517,,93146751-54fa-494a-8f0b-4876dd2132ab,1773011614460214245,1773011614460214245
BACKTESTER-001,OracleStrategy-000,MESM6.GLBX,GLBX-1-466,MESM6.GLBX-OracleStrategy-000,GLBX-001,GLBX-1-466,MARKET,BUY,1,GTC,True,False,1,TAKER,6680.75,0.0,['0.00 USD'],NO_TRIGGER,FILLED,NO_CONTINGENCY,,,,MY_GENERIC_ALGO,,O-20260308-231502-001-000-518,,2e0203b8-d341-4ba5-ae92-40a0822c9a9c,1773011702744464301,1773011702744464301
BACKTESTER-001,OracleStrategy-000,MESM6.GLBX,GLBX-1-467,MESM6.GLBX-OracleStrategy-000,GLBX-001,GLBX-1-467,MARKET,BUY,1,GTC,False,False,1,TAKER,6680.75,0.0,['0.00 USD'],NO_TRIGGER,FILLED,NO_CONTINGENCY,,,,MY_GENERIC_ALGO,,O-20260308-231502-001-000-519,,0868380c-4a51-42b0-8b0e-ded65b6c7d5c,1773011702744464301,1773011702744464301
BACKTESTER-001,OracleStrategy-000,MESM6.GLBX,GLBX-1-468,MESM6.GLBX-OracleStrategy-000,GLBX-001,GLBX-1-468,MARKET,SELL,1,GTC,True,False,1,TAKER,6680.0,0.0,['0.00 USD'],NO_TRIGGER,FILLED,NO_CONTINGENCY,,,,MY_GENERIC_ALGO,,O-20260308-231516-001-000-520,,bf7eabad-0071-4f80-8ddd-74d839b040ff,1773011716242294552,1773011716242294552
BACKTESTER-001,OracleStrategy-000,MESM6.GLBX,GLBX-1-469,MESM6.GLBX-OracleStrategy-000,GLBX-001,GLBX-1-469,MARKET,SELL,1,GTC,False,False,1,TAKER,6680.0,0.0,['0.00 USD'],NO_TRIGGER,FILLED,NO_CONTINGENCY,,,,MY_GENERIC_ALGO,,O-20260308-231516-001-000-521,,d2455603-a79a-4e47-b0f1-160778d0d5b5,1773011716242294552,1773011716242294552
BACKTESTER-001,OracleStrategy-000,MESM6.GLBX,GLBX-1-470,MESM6.GLBX-OracleStrategy-000,GLBX-001,GLBX-1-470,MARKET,BUY,1,GTC,True,False,1,TAKER,6680.5,0.0,['0.00 USD'],NO_TRIGGER,FILLED,NO_CONTINGENCY,,,,MY_GENERIC_ALGO,,O-20260308-231551-001-000-522,,d302efbd-bbec-406a-a655-13615bb1eba5,1773011751768551523,1773011751768551523
BACKTESTER-001,OracleStrategy-000,MESM6.GLBX,GLBX-1-471,MESM6.GLBX-OracleStrategy-000,GLBX-001,GLBX-1-471,MARKET,BUY,1,GTC,False,False,1,TAKER,6680.5,0.0,['0.00 USD'],NO_TRIGGER,FILLED,NO_CONTINGENCY,,,,MY_GENERIC_ALGO,,O-20260308-231551-001-000-523,,d774ed19-cf8c-4b93-8312-1e506a048e03,1773011751768551523,1773011751768551523
BACKTESTER-001,OracleStrategy-000,MESM6.GLBX,GLBX-1-472,MESM6.GLBX-OracleStrategy-000,GLBX-001,GLBX-1-472,MARKET,SELL,1,GTC,True,False,1,TAKER,6682.25,0.0,['0.00 USD'],NO_TRIGGER,FILLED,NO_CONTINGENCY,,,,MY_GENERIC_ALGO,,O-20260308-231628-001-000-524,,1525df80-80a0-46ec-8403-4e2b30d7709e,1773011788854466843,1773011788854466843
BACKTESTER-001,OracleStrategy-000,MESM6.GLBX,GLBX-1-473,MESM6.GLBX-OracleStrategy-000,GLBX-001,GLBX-1-473,MARKET,SELL,1,GTC,False,False,1,TAKER,6682.25,0.0,['0.00 USD'],NO_TRIGGER,FILLED,NO_CONTINGENCY,,,,MY_GENERIC_ALGO,,O-20260308-231628-001-000-525,,68bc732d-a1c3-46a1-a0f0-5104e1104d1a,1773011788854466843,1773011788854466843
BACKTESTER-001,OracleStrategy-000,MESM6.GLBX,GLBX-1-474,MESM6.GLBX-OracleStrategy-000,GLBX-001,GLBX-1-474,MARKET,BUY,1,GTC,True,False,1,TAKER,6683.5,0.0,['0.00 USD'],NO_TRIGGER,FILLED,NO_CONTINGENCY,,,,MY_GENERIC_ALGO,,O-20260308-231709-001-000-526,,d07c51c5-1c32-4e21-81e4-8e5610c2df98,1773011829788696936,1773011829788696936
BACKTESTER-001,OracleStrategy-000,MESM6.GLBX,GLBX-1-475,MESM6.GLBX-OracleStrategy-000,GLBX-001,GLBX-1-475,MARKET,BUY,1,GTC,False,False,1,TAKER,6683.5,0.0,['0.00 USD'],NO_TRIGGER,FILLED,NO_CONTINGENCY,,,,MY_GENERIC_ALGO,,O-20260308-231709-001-000-527,,f516bb71-e152-48c4-adb7-68331de7d165,1773011829788696936,1773011829788696936
BACKTESTER-001,OracleStrategy-000,MESM6.GLBX,GLBX-1-476,MESM6.GLBX-OracleStrategy-000,GLBX-001,GLBX-1-476,MARKET,SELL,1,GTC,True,False,1,TAKER,6683.75,0.0,['0.00 USD'],NO_TRIGGER,FILLED,NO_CONTINGENCY,,,,MY_GENERIC_ALGO,,O-20260308-231757-001-000-528,,75d54dd9-d00a-4ce4-a21b-96319ca8c441,1773011877941459973,1773011877941459973
BACKTESTER-001,OracleStrategy-000,MESM6.GLBX,GLBX-1-477,MESM6.GLBX-OracleStrategy-000,GLBX-001,GLBX-1-477,MARKET,SELL,1,GTC,False,False,1,TAKER,6683.75,0.0,['0.00 USD'],NO_TRIGGER,FILLED,NO_CONTINGENCY,,,,MY_GENERIC_ALGO,,O-20260308-231757-001-000-529,,cbfaecc5-129d-4d30-a2ec-3dfd54da1468,1773011877941459973,1773011877941459973
BACKTESTER-001,OracleStrategy-000,MESM6.GLBX,GLBX-1-478,MESM6.GLBX-OracleStrategy-000,GLBX-001,GLBX-1-478,MARKET,BUY,1,GTC,True,False,1,TAKER,6684.0,0.0,['0.00 USD'],NO_TRIGGER,FILLED,NO_CONTINGENCY,,,,MY_GENERIC_ALGO,,O-20260308-231800-001-000-530,,63fd8a26-2359-48ed-8b2f-50087736a44d,1773011880053955095,1773011880053955095
BACKTESTER-001,OracleStrategy-000,MESM6.GLBX,GLBX-1-479,MESM6.GLBX-OracleStrategy-000,GLBX-001,GLBX-1-479,MARKET,BUY,1,GTC,False,False,1,TAKER,6684.0,0.0,['0.00 USD'],NO_TRIGGER,FILLED,NO_CONTINGENCY,,,,MY_GENERIC_ALGO,,O-20260308-231800-001-000-531,,53a85f7b-d90f-4240-af69-cae29b71105c,1773011880053955095,1773011880053955095
BACKTESTER-001,OracleStrategy-000,MESM6.GLBX,GLBX-1-480,MESM6.GLBX-OracleStrategy-000,GLBX-001,GLBX-1-480,MARKET,SELL,1,GTC,True,False,1,TAKER,6684.25,0.0,['0.00 USD'],NO_TRIGGER,FILLED,NO_CONTINGENCY,,,,MY_GENERIC_ALGO,,O-20260308-231905-001-000-532,,232d9c2e-9f1c-4044-821c-4e257282e6b9,1773011945514889264,1773011945514889264
BACKTESTER-001,OracleStrategy-000,MESM6.GLBX,GLBX-1-481,MESM6.GLBX-OracleStrategy-000,GLBX-001,GLBX-1-481,MARKET,SELL,1,GTC,False,False,1,TAKER,6684.25,0.0,['0.00 USD'],NO_TRIGGER,FILLED,NO_CONTINGENCY,,,,MY_GENERIC_ALGO,,O-20260308-231905-001-000-533,,d7413b41-e40b-48a0-8942-3037db961581,1773011945514889264,1773011945514889264
BACKTESTER-001,OracleStrategy-000,MESM6.GLBX,GLBX-1-482,MESM6.GLBX-OracleStrategy-000,GLBX-001,GLBX-1-482,MARKET,BUY,1,GTC,True,False,1,TAKER,6685.0,0.0,['0.00 USD'],NO_TRIGGER,FILLED,NO_CONTINGENCY,,,,MY_GENERIC_ALGO,,O-20260308-231949-001-000-534,,9badd3c4-11cb-4e6b-967e-1f4caea208ca,1773011989253008699,1773011989253008699
BACKTESTER-001,OracleStrategy-000,MESM6.GLBX,GLBX-1-483,MESM6.GLBX-OracleStrategy-000,GLBX-001,GLBX-1-483,MARKET,BUY,1,GTC,False,False,1,TAKER,6685.0,0.0,['0.00 USD'],NO_TRIGGER,FILLED,NO_CONTINGENCY,,,,MY_GENERIC_ALGO,,O-20260308-231949-001-000-535,,f525782a-231d-427b-8f57-703561f35bc5,1773011989253008699,1773011989253008699
BACKTESTER-001,OracleStrategy-000,MESM6.GLBX,GLBX-1-484,MESM6.GLBX-OracleStrategy-000,GLBX-001,GLBX-1-484,MARKET,SELL,1,GTC,True,False,1,TAKER,6685.25,0.0,['0.00 USD'],NO_TRIGGER,FILLED,NO_CONTINGENCY,,,,MY_GENERIC_ALGO,,O-20260308-232108-001-000-536,,aff9c304-5877-4e57-ae86-bc59d23fcc7c,1773012068009104659,1773012068009104659
BACKTESTER-001,OracleStrategy-000,MESM6.GLBX,GLBX-1-485,MESM6.GLBX-OracleStrategy-000,GLBX-001,GLBX-1-485,MARKET,SELL,1,GTC,False,False,1,TAKER,6685.25,0.0,['0.00 USD'],NO_TRIGGER,FILLED,NO_CONTINGENCY,,,,MY_GENERIC_ALGO,,O-20260308-232108-001-000-537,,591d7850-c982-462a-97d6-28ccc7b97511,1773012068009104659,1773012068009104659
BACKTESTER-001,OracleStrategy-000,MESM6.GLBX,GLBX-1-486,MESM6.GLBX-OracleStrategy-000,GLBX-001,GLBX-1-486,MARKET,BUY,1,GTC,True,False,1,TAKER,6685.25,0.0,['0.00 USD'],NO_TRIGGER,FILLED,NO_CONTINGENCY,,,,MY_GENERIC_ALGO,,O-20260308-232326-001-000-538,,002c1190-0dc7-4944-98e9-469702c6ab77,1773012206527679064,1773012206527679064
BACKTESTER-001,OracleStrategy-000,MESM6.GLBX,GLBX-1-487,MESM6.GLBX-OracleStrategy-000,GLBX-001,GLBX-1-487,MARKET,BUY,1,GTC,False,False,1,TAKER,6685.25,0.0,['0.00 USD'],NO_TRIGGER,FILLED,NO_CONTINGENCY,,,,MY_GENERIC_ALGO,,O-20260308-232326-001-000-539,,698c1934-3f91-4cab-a397-fc3fa8a7ad51,1773012206527679064,1773012206527679064
BACKTESTER-001,OracleStrategy-000,MESM6.GLBX,GLBX-1-488,MESM6.GLBX-OracleStrategy-000,GLBX-001,GLBX-1-488,MARKET,SELL,1,GTC,True,False,1,TAKER,6685.25,0.0,['0.00 USD'],NO_TRIGGER,FILLED,NO_CONTINGENCY,,,,MY_GENERIC_ALGO,,O-20260308-232403-001-000-540,,e0381320-c8aa-40b3-8477-d05adaa9624c,1773012243010174267,1773012243010174267
BACKTESTER-001,OracleStrategy-000,MESM6.GLBX,GLBX-1-489,MESM6.GLBX-OracleStrategy-000,GLBX-001,GLBX-1-489,MARKET,SELL,1,GTC,False,False,1,TAKER,6685.25,0.0,['0.00 USD'],NO_TRIGGER,FILLED,NO_CONTINGENCY,,,,MY_GENERIC_ALGO,,O-20260308-232403-001-000-541,,9efd4376-014d-4cf6-9161-6ff411832e00,1773012243010174267,1773012243010174267
BACKTESTER-001,OracleStrategy-000,MESM6.GLBX,GLBX-1-490,MESM6.GLBX-OracleStrategy-000,GLBX-001,GLBX-1-490,MARKET,BUY,1,GTC,True,False,1,TAKER,6685.0,0.0,['0.00 USD'],NO_TRIGGER,FILLED,NO_CONTINGENCY,,,,MY_GENERIC_ALGO,,O-20260308-232424-001-000-542,,d6562c05-53cc-49b8-8f05-5b5208cd286d,1773012264839189915,1773012264839189915
BACKTESTER-001,OracleStrategy-000,MESM6.GLBX,GLBX-1-491,MESM6.GLBX-OracleStrategy-000,GLBX-001,GLBX-1-491,MARKET,BUY,1,GTC,False,False,1,TAKER,6685.0,0.0,['0.00 USD'],NO_TRIGGER,FILLED,NO_CONTINGENCY,,,,MY_GENERIC_ALGO,,O-20260308-232424-001-000-543,,fc4b4cc3-2eba-4155-97df-d383e8be4038,1773012264839189915,1773012264839189915
BACKTESTER-001,OracleStrategy-000,MESM6.GLBX,GLBX-1-492,MESM6.GLBX-OracleStrategy-000,GLBX-001,GLBX-1-492,MARKET,SELL,1,GTC,True,False,1,TAKER,6684.0,0.0,['0.00 USD'],NO_TRIGGER,FILLED,NO_CONTINGENCY,,,,MY_GENERIC_ALGO,,O-20260308-232431-001-000-544,,154b660f-92d1-4222-a4d1-10805f73a124,1773012271563558706,1773012271563558706
BACKTESTER-001,OracleStrategy-000,MESM6.GLBX,GLBX-1-493,MESM6.GLBX-OracleStrategy-000,GLBX-001,GLBX-1-493,MARKET,SELL,1,GTC,False,False,1,TAKER,6684.0,0.0,['0.00 USD'],NO_TRIGGER,FILLED,NO_CONTINGENCY,,,,MY_GENERIC_ALGO,,O-20260308-232431-001-000-545,,a63d3ceb-e888-490a-8e38-8dcadeb5cc13,1773012271563558706,1773012271563558706
BACKTESTER-001,OracleStrategy-000,MESM6.GLBX,GLBX-1-494,MESM6.GLBX-OracleStrategy-000,GLBX-001,GLBX-1-494,MARKET,BUY,1,GTC,True,False,1,TAKER,6684.0,0.0,['0.00 USD'],NO_TRIGGER,FILLED,NO_CONTINGENCY,,,,MY_GENERIC_ALGO,,O-20260308-232500-001-000-546,,21964f61-a731-486f-bd54-06261cf43584,1773012300380797693,1773012300380797693
BACKTESTER-001,OracleStrategy-000,MESM6.GLBX,GLBX-1-495,MESM6.GLBX-OracleStrategy-000,GLBX-001,GLBX-1-495,MARKET,BUY,1,GTC,False,False,1,TAKER,6684.0,0.0,['0.00 USD'],NO_TRIGGER,FILLED,NO_CONTINGENCY,,,,MY_GENERIC_ALGO,,O-20260308-232500-001-000-547,,6dab1bb5-da9e-4184-a2f6-f3d9f2ac5b98,1773012300380797693,1773012300380797693
BACKTESTER-001,OracleStrategy-000,MESM6.GLBX,GLBX-1-496,MESM6.GLBX-OracleStrategy-000,GLBX-001,GLBX-1-496,MARKET,SELL,1,GTC,True,False,1,TAKER,6682.0,0.0,['0.00 USD'],NO_TRIGGER,FILLED,NO_CONTINGENCY,,,,MY_GENERIC_ALGO,,O-20260308-232530-001-000-548,,0a51c1d3-fee6-48c6-be16-9a5536b0147b,1773012330826558288,1773012330826558288
BACKTESTER-001,OracleStrategy-000,MESM6.GLBX,,,,,MARKET,SELL,1,GTC,False,False,0,NO_LIQUIDITY_SIDE,,,,NO_TRIGGER,INITIALIZED,NO_CONTINGENCY,,,,MY_GENERIC_ALGO,,O-20260308-232530-001-000-549,,a80952d5-484b-4821-89ed-2c0c548afa8a,1773012330826558288,1773012330826558288
BACKTESTER-001,OracleStrategy-000,MESM6.GLBX,,,,,MARKET,SELL,1,GTC,False,False,0,NO_LIQUIDITY_SIDE,,,,NO_TRIGGER,INITIALIZED,NO_CONTINGENCY,,,,MY_GENERIC_ALGO,,O-20260308-232534-001-000-550,,942c6f26-f4d4-42ee-84f7-111ec34e3e68,1773012334271204803,1773012334271204803
BACKTESTER-001,OracleStrategy-000,MESM6.GLBX,GLBX-1-497,MESM6.GLBX-OracleStrategy-000,GLBX-001,GLBX-1-497,MARKET,SELL,1,GTC,False,False,1,TAKER,6683.5,0.0,['0.00 USD'],NO_TRIGGER,FILLED,NO_CONTINGENCY,,,,MY_GENERIC_ALGO,,O-20260308-232540-001-000-551,,0a2b6e95-356e-4de6-bcec-cd9bc47d8aa6,1773012340802408570,1773012340802408570
BACKTESTER-001,OracleStrategy-000,MESM6.GLBX,GLBX-1-498,MESM6.GLBX-OracleStrategy-000,GLBX-001,GLBX-1-498,MARKET,BUY,1,GTC,True,False,1,TAKER,6683.5,0.0,['0.00 USD'],NO_TRIGGER,FILLED,NO_CONTINGENCY,,,,MY_GENERIC_ALGO,,O-20260308-232608-001-000-552,,88d53c7f-e607-42e7-8e1d-ed2029052c1d,1773012368968035467,1773012368968035467
BACKTESTER-001,OracleStrategy-000,MESM6.GLBX,GLBX-1-499,MESM6.GLBX-OracleStrategy-000,GLBX-001,GLBX-1-499,MARKET,BUY,1,GTC,False,False,1,TAKER,6683.5,0.0,['0.00 USD'],NO_TRIGGER,FILLED,NO_CONTINGENCY,,,,MY_GENERIC_ALGO,,O-20260308-232608-001-000-553,,f07c5bd7-68c7-4f1e-a08d-c902e0aa7733,1773012368968035467,1773012368968035467
BACKTESTER-001,OracleStrategy-000,MESM6.GLBX,GLBX-1-500,MESM6.GLBX-OracleStrategy-000,GLBX-001,GLBX-1-500,MARKET,SELL,1,GTC,True,False,1,TAKER,6683.0,0.0,['0.00 USD'],NO_TRIGGER,FILLED,NO_CONTINGENCY,,,,MY_GENERIC_ALGO,,O-20260308-232619-001-000-554,,667ceb26-9cde-4e9f-8ee3-3bedc59757ac,1773012379918149527,1773012379918149527
BACKTESTER-001,OracleStrategy-000,MESM6.GLBX,GLBX-1-501,MESM6.GLBX-OracleStrategy-000,GLBX-001,GLBX-1-501,MARKET,SELL,1,GTC,False,False,1,TAKER,6683.0,0.0,['0.00 USD'],NO_TRIGGER,FILLED,NO_CONTINGENCY,,,,MY_GENERIC_ALGO,,O-20260308-232619-001-000-555,,57e323f2-b6a3-4268-838a-3b1e66cf17a6,1773012379918149527,1773012379918149527
BACKTESTER-001,OracleStrategy-000,MESM6.GLBX,GLBX-1-502,MESM6.GLBX-OracleStrategy-000,GLBX-001,GLBX-1-502,MARKET,BUY,1,GTC,True,False,1,TAKER,6683.25,0.0,['0.00 USD'],NO_TRIGGER,FILLED,NO_CONTINGENCY,,,,MY_GENERIC_ALGO,,O-20260308-232653-001-000-556,,c635f631-089b-40e0-acf8-40ceeded43af,1773012413635605947,1773012413635605947
BACKTESTER-001,OracleStrategy-000,MESM6.GLBX,,,,,MARKET,BUY,1,GTC,False,False,0,NO_LIQUIDITY_SIDE,,,,NO_TRIGGER,INITIALIZED,NO_CONTINGENCY,,,,MY_GENERIC_ALGO,,O-20260308-232653-001-000-557,,9a56076d-1c55-430b-a74b-0fe503052627,1773012413635605947,1773012413635605947
BACKTESTER-001,OracleStrategy-000,MESM6.GLBX,,,,,MARKET,SELL,1,GTC,False,False,0,NO_LIQUIDITY_SIDE,,,,NO_TRIGGER,INITIALIZED,NO_CONTINGENCY,,,,MY_GENERIC_ALGO,,O-20260308-232701-001-000-558,,28f40ef1-f464-4969-96e1-85dd1d33c26e,1773012421111527631,1773012421111527631
BACKTESTER-001,OracleStrategy-000,MESM6.GLBX,GLBX-1-503,MESM6.GLBX-OracleStrategy-000,GLBX-001,GLBX-1-503,MARKET,SELL,1,GTC,False,False,1,TAKER,6681.0,0.0,['0.00 USD'],NO_TRIGGER,FILLED,NO_CONTINGENCY,,,,MY_GENERIC_ALGO,,O-20260308-232707-001-000-559,,7844010a-d94c-4c27-87d1-5a96cb01e569,1773012427521085664,1773012427521085664
BACKTESTER-001,OracleStrategy-000,MESM6.GLBX,GLBX-1-504,MESM6.GLBX-OracleStrategy-000,GLBX-001,GLBX-1-504,MARKET,BUY,1,GTC,True,False,1,TAKER,6681.0,0.0,['0.00 USD'],NO_TRIGGER,FILLED,NO_CONTINGENCY,,,,MY_GENERIC_ALGO,,O-20260308-232747-001-000-560,,982fb0ca-ce22-40c3-84ad-20705a6a7517,1773012467260663013,1773012467260663013
BACKTESTER-001,OracleStrategy-000,MESM6.GLBX,GLBX-1-505,MESM6.GLBX-OracleStrategy-000,GLBX-001,GLBX-1-505,MARKET,BUY,1,GTC,False,False,1,TAKER,6681.0,0.0,['0.00 USD'],NO_TRIGGER,FILLED,NO_CONTINGENCY,,,,MY_GENERIC_ALGO,,O-20260308-232747-001-000-561,,d46e6b56-dc1b-4458-8c51-6f1304281bf8,1773012467260663013,1773012467260663013
BACKTESTER-001,OracleStrategy-000,MESM6.GLBX,GLBX-1-506,MESM6.GLBX-OracleStrategy-000,GLBX-001,GLBX-1-506,MARKET,SELL,1,GTC,True,False,1,TAKER,6684.25,0.0,['0.00 USD'],NO_TRIGGER,FILLED,NO_CONTINGENCY,,,,MY_GENERIC_ALGO,,O-20260308-233003-001-000-562,,811fc2ea-c8df-4d11-90f1-7379444a22b5,1773012603429852127,1773012603429852127
BACKTESTER-001,OracleStrategy-000,MESM6.GLBX,GLBX-1-507,MESM6.GLBX-OracleStrategy-000,GLBX-001,GLBX-1-507,MARKET,SELL,1,GTC,False,False,1,TAKER,6684.25,0.0,['0.00 USD'],NO_TRIGGER,FILLED,NO_CONTINGENCY,,,,MY_GENERIC_ALGO,,O-20260308-233003-001-000-563,,218e4b99-89f3-4b8a-b898-9f4b2c1afb79,1773012603429852127,1773012603429852127
BACKTESTER-001,OracleStrategy-000,MESM6.GLBX,GLBX-1-508,MESM6.GLBX-OracleStrategy-000,GLBX-001,GLBX-1-508,MARKET,BUY,1,GTC,True,False,1,TAKER,6683.25,0.0,['0.00 USD'],NO_TRIGGER,FILLED,NO_CONTINGENCY,,,,MY_GENERIC_ALGO,,O-20260308-233031-001-000-564,,c6ce02f2-cb0f-4c7b-85be-3e719cb8be02,1773012631092544043,1773012631092544043
BACKTESTER-001,OracleStrategy-000,MESM6.GLBX,GLBX-1-509,MESM6.GLBX-OracleStrategy-000,GLBX-001,GLBX-1-509,MARKET,BUY,1,GTC,False,False,1,TAKER,6683.25,0.0,['0.00 USD'],NO_TRIGGER,FILLED,NO_CONTINGENCY,,,,MY_GENERIC_ALGO,,O-20260308-233031-001-000-565,,1fcef4e1-c28d-4e00-aa56-7741ddd0cab0,1773012631092544043,1773012631092544043
BACKTESTER-001,OracleStrategy-000,MESM6.GLBX,GLBX-1-510,MESM6.GLBX-OracleStrategy-000,GLBX-001,GLBX-1-510,MARKET,SELL,1,GTC,True,False,1,TAKER,6683.0,0.0,['0.00 USD'],NO_TRIGGER,FILLED,NO_CONTINGENCY,,,,MY_GENERIC_ALGO,,O-20260308-233147-001-000-566,,39831e7c-aab1-4aff-b5b0-9f963e80729f,1773012707705700951,1773012707705700951
BACKTESTER-001,OracleStrategy-000,MESM6.GLBX,GLBX-1-511,MESM6.GLBX-OracleStrategy-000,GLBX-001,GLBX-1-511,MARKET,SELL,1,GTC,False,False,1,TAKER,6683.0,0.0,['0.00 USD'],NO_TRIGGER,FILLED,NO_CONTINGENCY,,,,MY_GENERIC_ALGO,,O-20260308-233147-001-000-567,,f3d45796-aa58-460f-9536-4fef05dfbb73,1773012707705700951,1773012707705700951
BACKTESTER-001,OracleStrategy-000,MESM6.GLBX,GLBX-1-512,MESM6.GLBX-OracleStrategy-000,GLBX-001,GLBX-1-512,MARKET,BUY,1,GTC,True,False,1,TAKER,6683.25,0.0,['0.00 USD'],NO_TRIGGER,FILLED,NO_CONTINGENCY,,,,MY_GENERIC_ALGO,,O-20260308-233149-001-000-568,,1ded4b50-ed93-48a4-971c-1e19235bc2a9,1773012709709694504,1773012709709694504
BACKTESTER-001,OracleStrategy-000,MESM6.GLBX,GLBX-1-513,MESM6.GLBX-OracleStrategy-000,GLBX-001,GLBX-1-513,MARKET,BUY,1,GTC,False,False,1,TAKER,6683.25,0.0,['0.00 USD'],NO_TRIGGER,FILLED,NO_CONTINGENCY,,,,MY_GENERIC_ALGO,,O-20260308-233149-001-000-569,,62c4144d-10c8-4ec8-b5ce-66081ed8a7c5,1773012709709694504,1773012709709694504
BACKTESTER-001,OracleStrategy-000,MESM6.GLBX,GLBX-1-514,MESM6.GLBX-OracleStrategy-000,GLBX-001,GLBX-1-514,MARKET,SELL,1,GTC,True,False,1,TAKER,6683.75,0.0,['0.00 USD'],NO_TRIGGER,FILLED,NO_CONTINGENCY,,,,MY_GENERIC_ALGO,,O-20260308-233209-001-000-570,,3c01877b-98be-401d-9ae8-bac0f334010b,1773012729587186030,1773012729587186030
BACKTESTER-001,OracleStrategy-000,MESM6.GLBX,GLBX-1-515,MESM6.GLBX-OracleStrategy-000,GLBX-001,GLBX-1-515,MARKET,SELL,1,GTC,False,False,1,TAKER,6683.75,0.0,['0.00 USD'],NO_TRIGGER,FILLED,NO_CONTINGENCY,,,,MY_GENERIC_ALGO,,O-20260308-233209-001-000-571,,1fb46819-2c31-45f0-9d58-1d69508f5df1,1773012729587186030,1773012729587186030
BACKTESTER-001,OracleStrategy-000,MESM6.GLBX,GLBX-1-516,MESM6.GLBX-OracleStrategy-000,GLBX-001,GLBX-1-516,MARKET,BUY,1,GTC,True,False,1,TAKER,6681.0,0.0,['0.00 USD'],NO_TRIGGER,FILLED,NO_CONTINGENCY,,,,MY_GENERIC_ALGO,,O-20260308-233230-001-000-572,,cf117665-b20e-4a9c-a6dc-a2ec2d069716,1773012750712196592,1773012750712196592
BACKTESTER-001,OracleStrategy-000,MESM6.GLBX,GLBX-1-517,MESM6.GLBX-OracleStrategy-000,GLBX-001,GLBX-1-517,MARKET,BUY,1,GTC,False,False,1,TAKER,6681.0,0.0,['0.00 USD'],NO_TRIGGER,FILLED,NO_CONTINGENCY,,,,MY_GENERIC_ALGO,,O-20260308-233230-001-000-573,,7b208b1b-7027-4b2a-923c-c2778da5a7b4,1773012750712196592,1773012750712196592
BACKTESTER-001,OracleStrategy-000,MESM6.GLBX,GLBX-1-518,MESM6.GLBX-OracleStrategy-000,GLBX-001,GLBX-1-518,MARKET,SELL,1,GTC,True,False,1,TAKER,6678.0,0.0,['0.00 USD'],NO_TRIGGER,FILLED,NO_CONTINGENCY,,,,MY_GENERIC_ALGO,,O-20260308-233303-001-000-574,,c829c967-9e37-4f2a-828b-197bfe01a2ff,1773012783772219117,1773012783772219117
BACKTESTER-001,OracleStrategy-000,MESM6.GLBX,,,,,MARKET,SELL,1,GTC,False,False,0,NO_LIQUIDITY_SIDE,,,,NO_TRIGGER,INITIALIZED,NO_CONTINGENCY,,,,MY_GENERIC_ALGO,,O-20260308-233303-001-000-575,,bbdb6c77-d33c-465f-9a18-fd6ac8a8e323,1773012783772219117,1773012783772219117
BACKTESTER-001,OracleStrategy-000,MESM6.GLBX,,,,,MARKET,BUY,1,GTC,False,False,0,NO_LIQUIDITY_SIDE,,,,NO_TRIGGER,INITIALIZED,NO_CONTINGENCY,,,,MY_GENERIC_ALGO,,O-20260308-233306-001-000-576,,daae460f-7e92-4551-97c7-daf3bf226905,1773012786852330306,1773012786852330306
BACKTESTER-001,OracleStrategy-000,MESM6.GLBX,GLBX-1-519,MESM6.GLBX-OracleStrategy-000,GLBX-001,GLBX-1-519,MARKET,SELL,1,GTC,False,False,1,TAKER,6679.5,0.0,['0.00 USD'],NO_TRIGGER,FILLED,NO_CONTINGENCY,,,,MY_GENERIC_ALGO,,O-20260308-233318-001-000-577,,d3e4b9aa-aef5-4d54-aaaa-784cb890673c,1773012798482379288,1773012798482379288
BACKTESTER-001,OracleStrategy-000,MESM6.GLBX,GLBX-1-520,MESM6.GLBX-OracleStrategy-000,GLBX-001,GLBX-1-520,MARKET,BUY,1,GTC,True,False,1,TAKER,6678.25,0.0,['0.00 USD'],NO_TRIGGER,FILLED,NO_CONTINGENCY,,,,MY_GENERIC_ALGO,,O-20260308-233339-001-000-578,,d82a3bfb-cf3b-465d-9aeb-56d52b21e9ae,1773012819031982574,1773012819031982574
BACKTESTER-001,OracleStrategy-000,MESM6.GLBX,GLBX-1-521,MESM6.GLBX-OracleStrategy-000,GLBX-001,GLBX-1-521,MARKET,BUY,1,GTC,False,False,1,TAKER,6678.25,0.0,['0.00 USD'],NO_TRIGGER,FILLED,NO_CONTINGENCY,,,,MY_GENERIC_ALGO,,O-20260308-233339-001-000-579,,a4a36989-dcd1-4216-8a9e-a935789f1b4a,1773012819031982574,1773012819031982574
BACKTESTER-001,OracleStrategy-000,MESM6.GLBX,GLBX-1-522,MESM6.GLBX-OracleStrategy-000,GLBX-001,GLBX-1-522,MARKET,SELL,1,GTC,True,False,1,TAKER,6679.75,0.0,['0.00 USD'],NO_TRIGGER,FILLED,NO_CONTINGENCY,,,,MY_GENERIC_ALGO,,O-20260308-233427-001-000-580,,79c16163-fc26-49ee-bc97-aee871e15908,1773012867754573883,1773012867754573883
BACKTESTER-001,OracleStrategy-000,MESM6.GLBX,GLBX-1-523,MESM6.GLBX-OracleStrategy-000,GLBX-001,GLBX-1-523,MARKET,SELL,1,GTC,False,False,1,TAKER,6679.75,0.0,['0.00 USD'],NO_TRIGGER,FILLED,NO_CONTINGENCY,,,,MY_GENERIC_ALGO,,O-20260308-233427-001-000-581,,e718175b-6974-4d44-ba57-25552715b2f2,1773012867754573883,1773012867754573883
BACKTESTER-001,OracleStrategy-000,MESM6.GLBX,GLBX-1-524,MESM6.GLBX-OracleStrategy-000,GLBX-001,GLBX-1-524,MARKET,BUY,1,GTC,True,False,1,TAKER,6679.25,0.0,['0.00 USD'],NO_TRIGGER,FILLED,NO_CONTINGENCY,,,,MY_GENERIC_ALGO,,O-20260308-233532-001-000-582,,3da61683-382d-4a6f-9795-fde91a6650c4,1773012932665604360,1773012932665604360
BACKTESTER-001,OracleStrategy-000,MESM6.GLBX,GLBX-1-525,MESM6.GLBX-OracleStrategy-000,GLBX-001,GLBX-1-525,MARKET,BUY,1,GTC,False,False,1,TAKER,6679.25,0.0,['0.00 USD'],NO_TRIGGER,FILLED,NO_CONTINGENCY,,,,MY_GENERIC_ALGO,,O-20260308-233532-001-000-583,,a3b4d48a-7618-4455-8d30-4539a908984b,1773012932665604360,1773012932665604360
BACKTESTER-001,OracleStrategy-000,MESM6.GLBX,GLBX-1-526,MESM6.GLBX-OracleStrategy-000,GLBX-001,GLBX-1-526,MARKET,SELL,1,GTC,True,False,1,TAKER,6679.25,0.0,['0.00 USD'],NO_TRIGGER,FILLED,NO_CONTINGENCY,,,,MY_GENERIC_ALGO,,O-20260308-233547-001-000-584,,77f168c1-ce39-4ea0-86bd-c3d960d43e3f,1773012947877457050,1773012947877457050
BACKTESTER-001,OracleStrategy-000,MESM6.GLBX,GLBX-1-527,MESM6.GLBX-OracleStrategy-000,GLBX-001,GLBX-1-527,MARKET,SELL,1,GTC,False,False,1,TAKER,6679.25,0.0,['0.00 USD'],NO_TRIGGER,FILLED,NO_CONTINGENCY,,,,MY_GENERIC_ALGO,,O-20260308-233547-001-000-585,,55f6d768-2e20-402f-9266-bebee6e8d21e,1773012947877457050,1773012947877457050
BACKTESTER-001,OracleStrategy-000,MESM6.GLBX,GLBX-1-528,MESM6.GLBX-OracleStrategy-000,GLBX-001,GLBX-1-528,MARKET,BUY,1,GTC,True,False,1,TAKER,6680.0,0.0,['0.00 USD'],NO_TRIGGER,FILLED,NO_CONTINGENCY,,,,MY_GENERIC_ALGO,,O-20260308-233558-001-000-586,,302fc54a-d686-4ec0-a866-9d2b68cad8b5,1773012958396706769,1773012958396706769
BACKTESTER-001,OracleStrategy-000,MESM6.GLBX,GLBX-1-529,MESM6.GLBX-OracleStrategy-000,GLBX-001,GLBX-1-529,MARKET,BUY,1,GTC,False,False,1,TAKER,6680.0,0.0,['0.00 USD'],NO_TRIGGER,FILLED,NO_CONTINGENCY,,,,MY_GENERIC_ALGO,,O-20260308-233558-001-000-587,,b5563fc6-5941-4536-8de6-e4ca233d83fa,1773012958396706769,1773012958396706769
BACKTESTER-001,OracleStrategy-000,MESM6.GLBX,GLBX-1-530,MESM6.GLBX-OracleStrategy-000,GLBX-001,GLBX-1-530,MARKET,SELL,1,GTC,True,False,1,TAKER,6679.75,0.0,['0.00 USD'],NO_TRIGGER,FILLED,NO_CONTINGENCY,,,,MY_GENERIC_ALGO,,O-20260308-233622-001-000-588,,665bc4cc-c6e2-429f-8551-58a94760bfc4,1773012982057157656,1773012982057157656
BACKTESTER-001,OracleStrategy-000,MESM6.GLBX,GLBX-1-531,MESM6.GLBX-OracleStrategy-000,GLBX-001,GLBX-1-531,MARKET,SELL,1,GTC,False,False,1,TAKER,6679.75,0.0,['0.00 USD'],NO_TRIGGER,FILLED,NO_CONTINGENCY,,,,MY_GENERIC_ALGO,,O-20260308-233622-001-000-589,,db89515d-574d-4139-826e-ecb44b653167,1773012982057157656,1773012982057157656
BACKTESTER-001,OracleStrategy-000,MESM6.GLBX,GLBX-1-532,MESM6.GLBX-OracleStrategy-000,GLBX-001,GLBX-1-532,MARKET,BUY,1,GTC,True,False,1,TAKER,6679.75,0.0,['0.00 USD'],NO_TRIGGER,FILLED,NO_CONTINGENCY,,,,MY_GENERIC_ALGO,,O-20260308-233641-001-000-590,,59b67714-b31d-46c4-ac26-a90718e385b1,1773013001032910407,1773013001032910407
BACKTESTER-001,OracleStrategy-000,MESM6.GLBX,GLBX-1-533,MESM6.GLBX-OracleStrategy-000,GLBX-001,GLBX-1-533,MARKET,BUY,1,GTC,False,False,1,TAKER,6679.75,0.0,['0.00 USD'],NO_TRIGGER,FILLED,NO_CONTINGENCY,,,,MY_GENERIC_ALGO,,O-20260308-233641-001-000-591,,f86374c2-817b-40d8-b56e-0017979d9294,1773013001032910407,1773013001032910407
BACKTESTER-001,OracleStrategy-000,MESM6.GLBX,GLBX-1-534,MESM6.GLBX-OracleStrategy-000,GLBX-001,GLBX-1-534,MARKET,SELL,1,GTC,True,False,1,TAKER,6679.75,0.0,['0.00 USD'],NO_TRIGGER,FILLED,NO_CONTINGENCY,,,,MY_GENERIC_ALGO,,O-20260308-233656-001-000-592,,1583ba57-8756-4157-9894-30c612f7a90f,1773013016209360971,1773013016209360971
BACKTESTER-001,OracleStrategy-000,MESM6.GLBX,GLBX-1-535,MESM6.GLBX-OracleStrategy-000,GLBX-001,GLBX-1-535,MARKET,SELL,1,GTC,False,False,1,TAKER,6679.75,0.0,['0.00 USD'],NO_TRIGGER,FILLED,NO_CONTINGENCY,,,,MY_GENERIC_ALGO,,O-20260308-233656-001-000-593,,230f89de-f5d8-432f-972b-9b8d5deb95a3,1773013016209360971,1773013016209360971
BACKTESTER-001,OracleStrategy-000,MESM6.GLBX,GLBX-1-536,MESM6.GLBX-OracleStrategy-000,GLBX-001,GLBX-1-536,MARKET,BUY,1,GTC,True,False,1,TAKER,6680.0,0.0,['0.00 USD'],NO_TRIGGER,FILLED,NO_CONTINGENCY,,,,MY_GENERIC_ALGO,,O-20260308-233704-001-000-594,,e5c21316-61ec-4966-97ba-bf9caa8d1f99,1773013024742350942,1773013024742350942
BACKTESTER-001,OracleStrategy-000,MESM6.GLBX,GLBX-1-537,MESM6.GLBX-OracleStrategy-000,GLBX-001,GLBX-1-537,MARKET,BUY,1,GTC,False,False,1,TAKER,6680.0,0.0,['0.00 USD'],NO_TRIGGER,FILLED,NO_CONTINGENCY,,,,MY_GENERIC_ALGO,,O-20260308-233704-001-000-595,,b0da83d9-b8f1-4537-8921-eca6ff8c9e8f,1773013024742350942,1773013024742350942
BACKTESTER-001,OracleStrategy-000,MESM6.GLBX,GLBX-1-538,MESM6.GLBX-OracleStrategy-000,GLBX-001,GLBX-1-538,MARKET,SELL,1,GTC,True,False,1,TAKER,6678.5,0.0,['0.00 USD'],NO_TRIGGER,FILLED,NO_CONTINGENCY,,,,MY_GENERIC_ALGO,,O-20260308-233721-001-000-596,,229954ef-fb87-413b-b256-7fd37b6238e7,1773013041532125559,1773013041532125559
BACKTESTER-001,OracleStrategy-000,MESM6.GLBX,GLBX-1-539,MESM6.GLBX-OracleStrategy-000,GLBX-001,GLBX-1-539,MARKET,SELL,1,GTC,False,False,1,TAKER,6678.5,0.0,['0.00 USD'],NO_TRIGGER,FILLED,NO_CONTINGENCY,,,,MY_GENERIC_ALGO,,O-20260308-233721-001-000-597,,244b6748-36e2-4f13-8078-423f20e4fc29,1773013041532125559,1773013041532125559
BACKTESTER-001,OracleStrategy-000,MESM6.GLBX,GLBX-1-540,MESM6.GLBX-OracleStrategy-000,GLBX-001,GLBX-1-540,MARKET,BUY,1,GTC,True,False,1,TAKER,6679.0,0.0,['0.00 USD'],NO_TRIGGER,FILLED,NO_CONTINGENCY,,,,MY_GENERIC_ALGO,,O-20260308-233739-001-000-598,,35858495-1988-49eb-b8dc-cb0babda502f,1773013059242199235,1773013059242199235
BACKTESTER-001,OracleStrategy-000,MESM6.GLBX,GLBX-1-541,MESM6.GLBX-OracleStrategy-000,GLBX-001,GLBX-1-541,MARKET,BUY,1,GTC,False,False,1,TAKER,6679.0,0.0,['0.00 USD'],NO_TRIGGER,FILLED,NO_CONTINGENCY,,,,MY_GENERIC_ALGO,,O-20260308-233739-001-000-599,,62146ed0-b5ff-4d63-9ebc-7b8a4b710b4c,1773013059242199235,1773013059242199235
BACKTESTER-001,OracleStrategy-000,MESM6.GLBX,GLBX-1-542,MESM6.GLBX-OracleStrategy-000,GLBX-001,GLBX-1-542,MARKET,SELL,1,GTC,True,False,1,TAKER,6678.25,0.0,['0.00 USD'],NO_TRIGGER,FILLED,NO_CONTINGENCY,,,,MY_GENERIC_ALGO,,O-20260308-233753-001-000-600,,e8b1f58b-8bde-4c5e-bd4b-1d446d88a0d7,1773013073472714229,1773013073472714229
BACKTESTER-001,OracleStrategy-000,MESM6.GLBX,GLBX-1-543,MESM6.GLBX-OracleStrategy-000,GLBX-001,GLBX-1-543,MARKET,SELL,1,GTC,False,False,1,TAKER,6678.25,0.0,['0.00 USD'],NO_TRIGGER,FILLED,NO_CONTINGENCY,,,,MY_GENERIC_ALGO,,O-20260308-233753-001-000-601,,70b197c3-0f40-4188-a6ae-5a5da3336733,1773013073472714229,1773013073472714229
BACKTESTER-001,OracleStrategy-000,MESM6.GLBX,GLBX-1-544,MESM6.GLBX-OracleStrategy-000,GLBX-001,GLBX-1-544,MARKET,BUY,1,GTC,True,False,1,TAKER,6674.75,0.0,['0.00 USD'],NO_TRIGGER,FILLED,NO_CONTINGENCY,,,,MY_GENERIC_ALGO,,O-20260308-233825-001-000-602,,6affe0e3-95d8-4f77-8a61-ca1c327f6676,1773013105646937082,1773013105646937082
BACKTESTER-001,OracleStrategy-000,MESM6.GLBX,GLBX-1-545,MESM6.GLBX-OracleStrategy-000,GLBX-001,GLBX-1-545,MARKET,BUY,1,GTC,False,False,1,TAKER,6674.75,0.0,['0.00 USD'],NO_TRIGGER,FILLED,NO_CONTINGENCY,,,,MY_GENERIC_ALGO,,O-20260308-233825-001-000-603,,2eba5e28-9ce8-423e-8322-2d5c30b0c383,1773013105646937082,1773013105646937082
BACKTESTER-001,OracleStrategy-000,MESM6.GLBX,GLBX-1-546,MESM6.GLBX-OracleStrategy-000,GLBX-001,GLBX-1-546,MARKET,SELL,1,GTC,True,False,1,TAKER,6677.5,0.0,['0.00 USD'],NO_TRIGGER,FILLED,NO_CONTINGENCY,,,,MY_GENERIC_ALGO,,O-20260308-233830-001-000-604,,2032e9af-4f21-48b6-89f2-f2958ea2f9e1,1773013110489925352,1773013110489925352
BACKTESTER-001,OracleStrategy-000,MESM6.GLBX,GLBX-1-547,MESM6.GLBX-OracleStrategy-000,GLBX-001,GLBX-1-547,MARKET,SELL,1,GTC,False,False,1,TAKER,6677.5,0.0,['0.00 USD'],NO_TRIGGER,FILLED,NO_CONTINGENCY,,,,MY_GENERIC_ALGO,,O-20260308-233830-001-000-605,,55b9f8c2-ba20-4e5a-b73f-c349227e053c,1773013110489925352,1773013110489925352
BACKTESTER-001,OracleStrategy-000,MESM6.GLBX,GLBX-1-548,MESM6.GLBX-OracleStrategy-000,GLBX-001,GLBX-1-548,MARKET,BUY,1,GTC,True,False,1,TAKER,6674.0,0.0,['0.00 USD'],NO_TRIGGER,FILLED,NO_CONTINGENCY,,,,MY_GENERIC_ALGO,,O-20260308-233930-001-000-606,,b8fe3ec7-186b-497d-bd20-777bb7ef2307,1773013170987523055,1773013170987523055
BACKTESTER-001,OracleStrategy-000,MESM6.GLBX,GLBX-1-549,MESM6.GLBX-OracleStrategy-000,GLBX-001,GLBX-1-549,MARKET,BUY,1,GTC,False,False,1,TAKER,6674.0,0.0,['0.00 USD'],NO_TRIGGER,FILLED,NO_CONTINGENCY,,,,MY_GENERIC_ALGO,,O-20260308-233930-001-000-607,,d2284d86-a263-41c7-b215-1b168597f5b3,1773013170987523055,1773013170987523055
BACKTESTER-001,OracleStrategy-000,MESM6.GLBX,GLBX-1-550,MESM6.GLBX-OracleStrategy-000,GLBX-001,GLBX-1-550,MARKET,SELL,1,GTC,True,False,1,TAKER,6675.25,0.0,['0.00 USD'],NO_TRIGGER,FILLED,NO_CONTINGENCY,,,,MY_GENERIC_ALGO,,O-20260308-234001-001-000-608,,a6a93bc6-951f-4581-8c46-f765a6573167,1773013201972845415,1773013201972845415
BACKTESTER-001,OracleStrategy-000,MESM6.GLBX,GLBX-1-551,MESM6.GLBX-OracleStrategy-000,GLBX-001,GLBX-1-551,MARKET,SELL,1,GTC,False,False,1,TAKER,6675.25,0.0,['0.00 USD'],NO_TRIGGER,FILLED,NO_CONTINGENCY,,,,MY_GENERIC_ALGO,,O-20260308-234001-001-000-609,,4d1e11b5-8356-4cfb-b02e-c2f0f8ef235b,1773013201972845415,1773013201972845415
BACKTESTER-001,OracleStrategy-000,MESM6.GLBX,GLBX-1-552,MESM6.GLBX-OracleStrategy-000,GLBX-001,GLBX-1-552,MARKET,BUY,1,GTC,True,False,1,TAKER,6673.75,0.0,['0.00 USD'],NO_TRIGGER,FILLED,NO_CONTINGENCY,,,,MY_GENERIC_ALGO,,O-20260308-234004-001-000-610,,85367a8c-8581-4edc-bb9b-eb8915f2fad9,1773013204009604227,1773013204009604227
BACKTESTER-001,OracleStrategy-000,MESM6.GLBX,,,,,MARKET,BUY,1,GTC,False,False,0,NO_LIQUIDITY_SIDE,,,,NO_TRIGGER,INITIALIZED,NO_CONTINGENCY,,,,MY_GENERIC_ALGO,,O-20260308-234004-001-000-611,,db5628a1-800e-4a03-85d1-3b546515db15,1773013204009604227,1773013204009604227
BACKTESTER-001,OracleStrategy-000,MESM6.GLBX,,,,,MARKET,BUY,1,GTC,False,False,0,NO_LIQUIDITY_SIDE,,,,NO_TRIGGER,INITIALIZED,NO_CONTINGENCY,,,,MY_GENERIC_ALGO,,O-20260308-234013-001-000-612,,dffbed5c-9415-4296-9c86-dfe5a1acc43d,1773013213022352427,1773013213022352427
BACKTESTER-001,OracleStrategy-000,MESM6.GLBX,GLBX-1-553,MESM6.GLBX-OracleStrategy-000,GLBX-001,GLBX-1-553,MARKET,SELL,1,GTC,False,False,1,TAKER,6675.5,0.0,['0.00 USD'],NO_TRIGGER,FILLED,NO_CONTINGENCY,,,,MY_GENERIC_ALGO,,O-20260308-234016-001-000-613,,7727a45e-bd41-4183-a528-1068efb718c2,1773013216097144837,1773013216097144837
BACKTESTER-001,OracleStrategy-000,MESM6.GLBX,GLBX-1-554,MESM6.GLBX-OracleStrategy-000,GLBX-001,GLBX-1-554,MARKET,BUY,1,GTC,True,False,1,TAKER,6674.75,0.0,['0.00 USD'],NO_TRIGGER,FILLED,NO_CONTINGENCY,,,,MY_GENERIC_ALGO,,O-20260308-234023-001-000-614,,f5c24237-0b69-4b97-9753-6beed93a9ce5,1773013223453814245,1773013223453814245
BACKTESTER-001,OracleStrategy-000,MESM6.GLBX,GLBX-1-555,MESM6.GLBX-OracleStrategy-000,GLBX-001,GLBX-1-555,MARKET,BUY,1,GTC,False,False,1,TAKER,6674.75,0.0,['0.00 USD'],NO_TRIGGER,FILLED,NO_CONTINGENCY,,,,MY_GENERIC_ALGO,,O-20260308-234023-001-000-615,,8d69d0e6-b646-491e-8ab3-0bd14930d0d2,1773013223453814245,1773013223453814245
BACKTESTER-001,OracleStrategy-000,MESM6.GLBX,GLBX-1-556,MESM6.GLBX-OracleStrategy-000,GLBX-001,GLBX-1-556,MARKET,SELL,1,GTC,True,False,1,TAKER,6675.0,0.0,['0.00 USD'],NO_TRIGGER,FILLED,NO_CONTINGENCY,,,,MY_GENERIC_ALGO,,O-20260308-234100-001-000-616,,7aab60a2-b75f-4ce7-a700-c133a94d2e06,1773013260678637640,1773013260678637640
BACKTESTER-001,OracleStrategy-000,MESM6.GLBX,GLBX-1-557,MESM6.GLBX-OracleStrategy-000,GLBX-001,GLBX-1-557,MARKET,SELL,1,GTC,False,False,1,TAKER,6675.0,0.0,['0.00 USD'],NO_TRIGGER,FILLED,NO_CONTINGENCY,,,,MY_GENERIC_ALGO,,O-20260308-234100-001-000-617,,38c3c495-0f25-4602-898e-6da22024a18f,1773013260678637640,1773013260678637640
BACKTESTER-001,OracleStrategy-000,MESM6.GLBX,GLBX-1-558,MESM6.GLBX-OracleStrategy-000,GLBX-001,GLBX-1-558,MARKET,BUY,1,GTC,True,False,1,TAKER,6675.0,0.0,['0.00 USD'],NO_TRIGGER,FILLED,NO_CONTINGENCY,,,,MY_GENERIC_ALGO,,O-20260308-234106-001-000-618,,9b023733-be80-48be-b57b-835c6e5f1b6f,1773013266066678498,1773013266066678498
BACKTESTER-001,OracleStrategy-000,MESM6.GLBX,GLBX-1-559,MESM6.GLBX-OracleStrategy-000,GLBX-001,GLBX-1-559,MARKET,BUY,1,GTC,False,False,1,TAKER,6675.0,0.0,['0.00 USD'],NO_TRIGGER,FILLED,NO_CONTINGENCY,,,,MY_GENERIC_ALGO,,O-20260308-234106-001-000-619,,94c51746-04f0-4dac-acf0-dc57fc47d2f5,1773013266066678498,1773013266066678498
BACKTESTER-001,OracleStrategy-000,MESM6.GLBX,GLBX-1-560,MESM6.GLBX-OracleStrategy-000,GLBX-001,GLBX-1-560,MARKET,SELL,1,GTC,True,False,1,TAKER,6677.25,0.0,['0.00 USD'],NO_TRIGGER,FILLED,NO_CONTINGENCY,,,,MY_GENERIC_ALGO,,O-20260308-234114-001-000-620,,f1e5d5ce-5d70-4f83-a0ef-844e8dff7ea5,1773013274202164563,1773013274202164563
BACKTESTER-001,OracleStrategy-000,MESM6.GLBX,GLBX-1-561,MESM6.GLBX-OracleStrategy-000,GLBX-001,GLBX-1-561,MARKET,SELL,1,GTC,False,False,1,TAKER,6677.25,0.0,['0.00 USD'],NO_TRIGGER,FILLED,NO_CONTINGENCY,,,,MY_GENERIC_ALGO,,O-20260308-234114-001-000-621,,c23fe69e-a773-44d2-857d-c9012eadb2a4,1773013274202164563,1773013274202164563
BACKTESTER-001,OracleStrategy-000,MESM6.GLBX,GLBX-1-562,MESM6.GLBX-OracleStrategy-000,GLBX-001,GLBX-1-562,MARKET,BUY,1,GTC,True,False,1,TAKER,6675.5,0.0,['0.00 USD'],NO_TRIGGER,FILLED,NO_CONTINGENCY,,,,MY_GENERIC_ALGO,,O-20260308-234145-001-000-622,,051836e9-96ea-4457-94eb-1446b0f4bd30,1773013305212469658,1773013305212469658
BACKTESTER-001,OracleStrategy-000,MESM6.GLBX,GLBX-1-563,MESM6.GLBX-OracleStrategy-000,GLBX-001,GLBX-1-563,MARKET,BUY,1,GTC,False,False,1,TAKER,6675.5,0.0,['0.00 USD'],NO_TRIGGER,FILLED,NO_CONTINGENCY,,,,MY_GENERIC_ALGO,,O-20260308-234145-001-000-623,,ddf2ec6c-79e2-473d-8bb0-eb959327a925,1773013305212469658,1773013305212469658
BACKTESTER-001,OracleStrategy-000,MESM6.GLBX,GLBX-1-564,MESM6.GLBX-OracleStrategy-000,GLBX-001,GLBX-1-564,MARKET,SELL,1,GTC,True,False,1,TAKER,6676.75,0.0,['0.00 USD'],NO_TRIGGER,FILLED,NO_CONTINGENCY,,,,MY_GENERIC_ALGO,,O-20260308-234238-001-000-624,,1c57cd8b-f48b-4abf-9a5d-703b6e515498,1773013358576469227,1773013358576469227
BACKTESTER-001,OracleStrategy-000,MESM6.GLBX,,,,,MARKET,SELL,1,GTC,False,False,0,NO_LIQUIDITY_SIDE,,,,NO_TRIGGER,INITIALIZED,NO_CONTINGENCY,,,,MY_GENERIC_ALGO,,O-20260308-234238-001-000-625,,9ac595a2-35f4-4fd7-a13c-7de6b52def91,1773013358576469227,1773013358576469227
BACKTESTER-001,OracleStrategy-000,MESM6.GLBX,,,,,MARKET,SELL,1,GTC,False,False,0,NO_LIQUIDITY_SIDE,,,,NO_TRIGGER,INITIALIZED,NO_CONTINGENCY,,,,MY_GENERIC_ALGO,,O-20260308-234322-001-000-626,,e6333849-a8fe-4511-a70c-49debd58129b,1773013402084350807,1773013402084350807
BACKTESTER-001,OracleStrategy-000,MESM6.GLBX,GLBX-1-565,MESM6.GLBX-OracleStrategy-000,GLBX-001,GLBX-1-565,MARKET,BUY,1,GTC,False,False,1,TAKER,6679.25,0.0,['0.00 USD'],NO_TRIGGER,FILLED,NO_CONTINGENCY,,,,MY_GENERIC_ALGO,,O-20260308-234349-001-000-627,,32ac70f2-fa60-4217-820e-11349a4c2ed5,1773013429992335851,1773013429992335851
BACKTESTER-001,OracleStrategy-000,MESM6.GLBX,GLBX-1-566,MESM6.GLBX-OracleStrategy-000,GLBX-001,GLBX-1-566,MARKET,SELL,1,GTC,True,False,1,TAKER,6679.0,0.0,['0.00 USD'],NO_TRIGGER,FILLED,NO_CONTINGENCY,,,,MY_GENERIC_ALGO,,O-20260308-234402-001-000-628,,ff6156b4-e9f7-40c2-91ea-ee95501f955b,1773013442170833199,1773013442170833199
BACKTESTER-001,OracleStrategy-000,MESM6.GLBX,GLBX-1-567,MESM6.GLBX-OracleStrategy-000,GLBX-001,GLBX-1-567,MARKET,SELL,1,GTC,False,False,1,TAKER,6679.0,0.0,['0.00 USD'],NO_TRIGGER,FILLED,NO_CONTINGENCY,,,,MY_GENERIC_ALGO,,O-20260308-234402-001-000-629,,eda4ff52-7e52-4dcc-ab7c-76c148a1d9c8,1773013442170833199,1773013442170833199
BACKTESTER-001,OracleStrategy-000,MESM6.GLBX,GLBX-1-568,MESM6.GLBX-OracleStrategy-000,GLBX-001,GLBX-1-568,MARKET,BUY,1,GTC,True,False,1,TAKER,6680.0,0.0,['0.00 USD'],NO_TRIGGER,FILLED,NO_CONTINGENCY,,,,MY_GENERIC_ALGO,,O-20260308-234415-001-000-630,,96f41bd7-b7a8-4db8-90cf-65aa95c1d0be,1773013455550325107,1773013455550325107
BACKTESTER-001,OracleStrategy-000,MESM6.GLBX,GLBX-1-569,MESM6.GLBX-OracleStrategy-000,GLBX-001,GLBX-1-569,MARKET,BUY,1,GTC,False,False,1,TAKER,6680.0,0.0,['0.00 USD'],NO_TRIGGER,FILLED,NO_CONTINGENCY,,,,MY_GENERIC_ALGO,,O-20260308-234415-001-000-631,,8461eaad-3860-41e9-8d80-10cb8a71bb32,1773013455550325107,1773013455550325107
BACKTESTER-001,OracleStrategy-000,MESM6.GLBX,GLBX-1-570,MESM6.GLBX-OracleStrategy-000,GLBX-001,GLBX-1-570,MARKET,SELL,1,GTC,True,False,1,TAKER,6678.5,0.0,['0.00 USD'],NO_TRIGGER,FILLED,NO_CONTINGENCY,,,,MY_GENERIC_ALGO,,O-20260308-234449-001-000-632,,270c6a12-0dfc-4ff1-9b34-4beae3ef47c8,1773013489094058642,1773013489094058642
BACKTESTER-001,OracleStrategy-000,MESM6.GLBX,GLBX-1-571,MESM6.GLBX-OracleStrategy-000,GLBX-001,GLBX-1-571,MARKET,SELL,1,GTC,False,False,1,TAKER,6678.5,0.0,['0.00 USD'],NO_TRIGGER,FILLED,NO_CONTINGENCY,,,,MY_GENERIC_ALGO,,O-20260308-234449-001-000-633,,192d07d6-c8b4-459f-b7e4-f1367949e29b,1773013489094058642,1773013489094058642
BACKTESTER-001,OracleStrategy-000,MESM6.GLBX,GLBX-1-572,MESM6.GLBX-OracleStrategy-000,GLBX-001,GLBX-1-572,MARKET,BUY,1,GTC,True,False,1,TAKER,6676.75,0.0,['0.00 USD'],NO_TRIGGER,FILLED,NO_CONTINGENCY,,,,MY_GENERIC_ALGO,,O-20260308-234605-001-000-634,,2c0fd2ab-fbe0-4a19-be62-2ca1c576b5b5,1773013565207776472,1773013565207776472
BACKTESTER-001,OracleStrategy-000,MESM6.GLBX,GLBX-1-573,MESM6.GLBX-OracleStrategy-000,GLBX-001,GLBX-1-573,MARKET,BUY,1,GTC,False,False,1,TAKER,6676.75,0.0,['0.00 USD'],NO_TRIGGER,FILLED,NO_CONTINGENCY,,,,MY_GENERIC_ALGO,,O-20260308-234605-001-000-635,,876870f4-c323-4c60-a8e9-8417e33ebdc1,1773013565207776472,1773013565207776472
BACKTESTER-001,OracleStrategy-000,MESM6.GLBX,GLBX-1-574,MESM6.GLBX-OracleStrategy-000,GLBX-001,GLBX-1-574,MARKET,SELL,1,GTC,True,False,1,TAKER,6675.5,0.0,['0.00 USD'],NO_TRIGGER,FILLED,NO_CONTINGENCY,,,,MY_GENERIC_ALGO,,O-20260308-234636-001-000-636,,a96dcbbe-3f1e-4253-9877-2fdf198505bb,1773013596761447779,1773013596761447779
BACKTESTER-001,OracleStrategy-000,MESM6.GLBX,GLBX-1-575,MESM6.GLBX-OracleStrategy-000,GLBX-001,GLBX-1-575,MARKET,SELL,1,GTC,False,False,1,TAKER,6675.5,0.0,['0.00 USD'],NO_TRIGGER,FILLED,NO_CONTINGENCY,,,,MY_GENERIC_ALGO,,O-20260308-234636-001-000-637,,bba71dd6-e174-4025-98c9-07de02feabc7,1773013596761447779,1773013596761447779
BACKTESTER-001,OracleStrategy-000,MESM6.GLBX,GLBX-1-576,MESM6.GLBX-OracleStrategy-000,GLBX-001,GLBX-1-576,MARKET,BUY,1,GTC,True,False,1,TAKER,6675.5,0.0,['0.00 USD'],NO_TRIGGER,FILLED,NO_CONTINGENCY,,,,MY_GENERIC_ALGO,,O-20260308-234638-001-000-638,,240ab551-5433-446a-b2b2-62b6a3e868ff,1773013598869921647,1773013598869921647
BACKTESTER-001,OracleStrategy-000,MESM6.GLBX,GLBX-1-577,MESM6.GLBX-OracleStrategy-000,GLBX-001,GLBX-1-577,MARKET,BUY,1,GTC,False,False,1,TAKER,6675.5,0.0,['0.00 USD'],NO_TRIGGER,FILLED,NO_CONTINGENCY,,,,MY_GENERIC_ALGO,,O-20260308-234638-001-000-639,,da8fe236-54ee-4857-8e05-6d053bbf22af,1773013598869921647,1773013598869921647
BACKTESTER-001,OracleStrategy-000,MESM6.GLBX,GLBX-1-578,MESM6.GLBX-OracleStrategy-000,GLBX-001,GLBX-1-578,MARKET,SELL,1,GTC,True,False,1,TAKER,6674.25,0.0,['0.00 USD'],NO_TRIGGER,FILLED,NO_CONTINGENCY,,,,MY_GENERIC_ALGO,,O-20260308-234649-001-000-640,,f2a86a81-aedf-40e2-93a0-1f93374a4b61,1773013609405687384,1773013609405687384
BACKTESTER-001,OracleStrategy-000,MESM6.GLBX,GLBX-1-579,MESM6.GLBX-OracleStrategy-000,GLBX-001,GLBX-1-579,MARKET,SELL,1,GTC,False,False,1,TAKER,6674.25,0.0,['0.00 USD'],NO_TRIGGER,FILLED,NO_CONTINGENCY,,,,MY_GENERIC_ALGO,,O-20260308-234649-001-000-641,,8e26e51f-7729-4c01-8ec8-3edde274835d,1773013609405687384,1773013609405687384
BACKTESTER-001,OracleStrategy-000,MESM6.GLBX,GLBX-1-580,MESM6.GLBX-OracleStrategy-000,GLBX-001,GLBX-1-580,MARKET,BUY,1,GTC,True,False,1,TAKER,6670.0,0.0,['0.00 USD'],NO_TRIGGER,FILLED,NO_CONTINGENCY,,,,MY_GENERIC_ALGO,,O-20260308-234849-001-000-642,,72fe7986-f4d2-4176-883f-8116c21168de,1773013729722622215,1773013729722622215
BACKTESTER-001,OracleStrategy-000,MESM6.GLBX,GLBX-1-581,MESM6.GLBX-OracleStrategy-000,GLBX-001,GLBX-1-581,MARKET,BUY,1,GTC,False,False,1,TAKER,6670.0,0.0,['0.00 USD'],NO_TRIGGER,FILLED,NO_CONTINGENCY,,,,MY_GENERIC_ALGO,,O-20260308-234849-001-000-643,,2826b6d9-70f9-4c3c-ab25-9ab8b2178ead,1773013729722622215,1773013729722622215
BACKTESTER-001,OracleStrategy-000,MESM6.GLBX,GLBX-1-582,MESM6.GLBX-OracleStrategy-000,GLBX-001,GLBX-1-582,MARKET,SELL,1,GTC,True,False,1,TAKER,6674.75,0.0,['0.00 USD'],NO_TRIGGER,FILLED,NO_CONTINGENCY,,,,MY_GENERIC_ALGO,,O-20260308-234923-001-000-644,,bfb7901a-7e1b-4369-b41c-81f095fbc678,1773013763182465235,1773013763182465235
BACKTESTER-001,OracleStrategy-000,MESM6.GLBX,GLBX-1-583,MESM6.GLBX-OracleStrategy-000,GLBX-001,GLBX-1-583,MARKET,SELL,1,GTC,False,False,1,TAKER,6674.75,0.0,['0.00 USD'],NO_TRIGGER,FILLED,NO_CONTINGENCY,,,,MY_GENERIC_ALGO,,O-20260308-234923-001-000-645,,49e3d72e-2dbe-40e0-9105-336d18d01d93,1773013763182465235,1773013763182465235
BACKTESTER-001,OracleStrategy-000,MESM6.GLBX,GLBX-1-584,MESM6.GLBX-OracleStrategy-000,GLBX-001,GLBX-1-584,MARKET,BUY,1,GTC,True,False,1,TAKER,6675.75,0.0,['0.00 USD'],NO_TRIGGER,FILLED,NO_CONTINGENCY,,,,MY_GENERIC_ALGO,,O-20260308-234934-001-000-646,,98b432d9-dc6a-441e-99cc-43d8ec2114d6,1773013774039803482,1773013774039803482
BACKTESTER-001,OracleStrategy-000,MESM6.GLBX,GLBX-1-585,MESM6.GLBX-OracleStrategy-000,GLBX-001,GLBX-1-585,MARKET,BUY,1,GTC,False,False,1,TAKER,6675.75,0.0,['0.00 USD'],NO_TRIGGER,FILLED,NO_CONTINGENCY,,,,MY_GENERIC_ALGO,,O-20260308-234934-001-000-647,,761b777f-9721-4a08-9ec1-06e76867f49b,1773013774039803482,1773013774039803482
BACKTESTER-001,OracleStrategy-000,MESM6.GLBX,GLBX-1-586,MESM6.GLBX-OracleStrategy-000,GLBX-001,GLBX-1-586,MARKET,SELL,1,GTC,True,False,1,TAKER,6673.75,0.0,['0.00 USD'],NO_TRIGGER,FILLED,NO_CONTINGENCY,,,,MY_GENERIC_ALGO,,O-20260308-234936-001-000-648,,4bb23280-f7c5-4b62-a267-676c8f1138ff,1773013776044411944,1773013776044411944
BACKTESTER-001,OracleStrategy-000,MESM6.GLBX,GLBX-1-587,MESM6.GLBX-OracleStrategy-000,GLBX-001,GLBX-1-587,MARKET,SELL,1,GTC,False,False,1,TAKER,6673.75,0.0,['0.00 USD'],NO_TRIGGER,FILLED,NO_CONTINGENCY,,,,MY_GENERIC_ALGO,,O-20260308-234936-001-000-649,,619bf591-4a8b-4b05-a4f5-fec31edbfa39,1773013776044411944,1773013776044411944
BACKTESTER-001,OracleStrategy-000,MESM6.GLBX,GLBX-1-588,MESM6.GLBX-OracleStrategy-000,GLBX-001,GLBX-1-588,MARKET,BUY,1,GTC,True,False,1,TAKER,6675.25,0.0,['0.00 USD'],NO_TRIGGER,FILLED,NO_CONTINGENCY,,,,MY_GENERIC_ALGO,,O-20260308-235005-001-000-650,,25ebd2a3-21b8-4a7e-b20f-bdc405cfd6a2,1773013805837402831,1773013805837402831
BACKTESTER-001,OracleStrategy-000,MESM6.GLBX,GLBX-1-589,MESM6.GLBX-OracleStrategy-000,GLBX-001,GLBX-1-589,MARKET,BUY,1,GTC,False,False,1,TAKER,6675.25,0.0,['0.00 USD'],NO_TRIGGER,FILLED,NO_CONTINGENCY,,,,MY_GENERIC_ALGO,,O-20260308-235005-001-000-651,,de413d35-03f1-4324-ad61-ca172ff19fc1,1773013805837402831,1773013805837402831
BACKTESTER-001,OracleStrategy-000,MESM6.GLBX,GLBX-1-590,MESM6.GLBX-OracleStrategy-000,GLBX-001,GLBX-1-590,MARKET,SELL,1,GTC,True,False,1,TAKER,6675.75,0.0,['0.00 USD'],NO_TRIGGER,FILLED,NO_CONTINGENCY,,,,MY_GENERIC_ALGO,,O-20260308-235009-001-000-652,,fc30d4f7-29f7-4406-90d6-9b54c24c7c2a,1773013809386959319,1773013809386959319
BACKTESTER-001,OracleStrategy-000,MESM6.GLBX,GLBX-1-591,MESM6.GLBX-OracleStrategy-000,GLBX-001,GLBX-1-591,MARKET,SELL,1,GTC,False,False,1,TAKER,6675.75,0.0,['0.00 USD'],NO_TRIGGER,FILLED,NO_CONTINGENCY,,,,MY_GENERIC_ALGO,,O-20260308-235009-001-000-653,,a30b6afd-63d0-405e-a8d7-ce492ae4d96e,1773013809386959319,1773013809386959319
BACKTESTER-001,OracleStrategy-000,MESM6.GLBX,GLBX-1-592,MESM6.GLBX-OracleStrategy-000,GLBX-001,GLBX-1-592,MARKET,BUY,1,GTC,True,False,1,TAKER,6678.0,0.0,['0.00 USD'],NO_TRIGGER,FILLED,NO_CONTINGENCY,,,,MY_GENERIC_ALGO,,O-20260308-235013-001-000-654,,b52d4dc1-b49a-47a5-92c5-e0cbc9f109e3,1773013813074497188,1773013813074497188
BACKTESTER-001,OracleStrategy-000,MESM6.GLBX,GLBX-1-593,MESM6.GLBX-OracleStrategy-000,GLBX-001,GLBX-1-593,MARKET,BUY,1,GTC,False,False,1,TAKER,6678.0,0.0,['0.00 USD'],NO_TRIGGER,FILLED,NO_CONTINGENCY,,,,MY_GENERIC_ALGO,,O-20260308-235013-001-000-655,,b4e0a2e1-3da9-4508-91a2-aaccb8b7bacd,1773013813074497188,1773013813074497188
BACKTESTER-001,OracleStrategy-000,MESM6.GLBX,GLBX-1-594,MESM6.GLBX-OracleStrategy-000,GLBX-001,GLBX-1-594,MARKET,SELL,1,GTC,True,False,1,TAKER,6677.5,0.0,['0.00 USD'],NO_TRIGGER,FILLED,NO_CONTINGENCY,,,,MY_GENERIC_ALGO,,O-20260308-235017-001-000-656,,a6fdf50d-7fb9-492f-9e4e-2adaea4d2989,1773013817985754767,1773013817985754767
BACKTESTER-001,OracleStrategy-000,MESM6.GLBX,GLBX-1-595,MESM6.GLBX-OracleStrategy-000,GLBX-001,GLBX-1-595,MARKET,SELL,1,GTC,False,False,1,TAKER,6677.5,0.0,['0.00 USD'],NO_TRIGGER,FILLED,NO_CONTINGENCY,,,,MY_GENERIC_ALGO,,O-20260308-235017-001-000-657,,757c0201-feaf-46c2-93d3-13bfed5537e8,1773013817985754767,1773013817985754767
BACKTESTER-001,OracleStrategy-000,MESM6.GLBX,GLBX-1-596,MESM6.GLBX-OracleStrategy-000,GLBX-001,GLBX-1-596,MARKET,BUY,1,GTC,True,False,1,TAKER,6678.5,0.0,['0.00 USD'],NO_TRIGGER,FILLED,NO_CONTINGENCY,,,,MY_GENERIC_ALGO,,O-20260308-235108-001-000-658,,fcf5a9e9-7b19-4cbf-94b4-27b0727fbbfb,1773013868711215517,1773013868711215517
BACKTESTER-001,OracleStrategy-000,MESM6.GLBX,GLBX-1-597,MESM6.GLBX-OracleStrategy-000,GLBX-001,GLBX-1-597,MARKET,BUY,1,GTC,False,False,1,TAKER,6678.5,0.0,['0.00 USD'],NO_TRIGGER,FILLED,NO_CONTINGENCY,,,,MY_GENERIC_ALGO,,O-20260308-235108-001-000-659,,0f3543d4-7c6c-4b91-9861-857f921d5af5,1773013868711215517,1773013868711215517
BACKTESTER-001,OracleStrategy-000,MESM6.GLBX,GLBX-1-598,MESM6.GLBX-OracleStrategy-000,GLBX-001,GLBX-1-598,MARKET,SELL,1,GTC,True,False,1,TAKER,6676.0,0.0,['0.00 USD'],NO_TRIGGER,FILLED,NO_CONTINGENCY,,,,MY_GENERIC_ALGO,,O-20260308-235116-001-000-660,,536d9b47-c1e0-40c9-be1d-4a22d1fdf0e6,1773013876174904837,1773013876174904837
BACKTESTER-001,OracleStrategy-000,MESM6.GLBX,GLBX-1-599,MESM6.GLBX-OracleStrategy-000,GLBX-001,GLBX-1-599,MARKET,SELL,1,GTC,False,False,1,TAKER,6676.0,0.0,['0.00 USD'],NO_TRIGGER,FILLED,NO_CONTINGENCY,,,,MY_GENERIC_ALGO,,O-20260308-235116-001-000-661,,691bd1a2-ef2a-41cb-9149-c43894592d1b,1773013876174904837,1773013876174904837
BACKTESTER-001,OracleStrategy-000,MESM6.GLBX,GLBX-1-600,MESM6.GLBX-OracleStrategy-000,GLBX-001,GLBX-1-600,MARKET,BUY,1,GTC,True,False,1,TAKER,6670.5,0.0,['0.00 USD'],NO_TRIGGER,FILLED,NO_CONTINGENCY,,,,MY_GENERIC_ALGO,,O-20260308-235342-001-000-662,,544616b3-2a00-4a84-b005-8a6dffcf055b,1773014022030540724,1773014022030540724
BACKTESTER-001,OracleStrategy-000,MESM6.GLBX,GLBX-1-601,MESM6.GLBX-OracleStrategy-000,GLBX-001,GLBX-1-601,MARKET,BUY,1,GTC,False,False,1,TAKER,6670.5,0.0,['0.00 USD'],NO_TRIGGER,FILLED,NO_CONTINGENCY,,,,MY_GENERIC_ALGO,,O-20260308-235342-001-000-663,,d4233681-527f-4cf2-9d92-f2e8a5b8b2cc,1773014022030540724,1773014022030540724
BACKTESTER-001,OracleStrategy-000,MESM6.GLBX,GLBX-1-602,MESM6.GLBX-OracleStrategy-000,GLBX-001,GLBX-1-602,MARKET,SELL,1,GTC,True,False,1,TAKER,6670.75,0.0,['0.00 USD'],NO_TRIGGER,FILLED,NO_CONTINGENCY,,,,MY_GENERIC_ALGO,,O-20260308-235344-001-000-664,,745c213b-612d-4c14-aa64-0429b005a2f0,1773014024876659455,1773014024876659455
BACKTESTER-001,OracleStrategy-000,MESM6.GLBX,GLBX-1-603,MESM6.GLBX-OracleStrategy-000,GLBX-001,GLBX-1-603,MARKET,SELL,1,GTC,False,False,1,TAKER,6670.75,0.0,['0.00 USD'],NO_TRIGGER,FILLED,NO_CONTINGENCY,,,,MY_GENERIC_ALGO,,O-20260308-235344-001-000-665,,c188ec7d-3585-4c43-81ce-acec7af57bb8,1773014024876659455,1773014024876659455
BACKTESTER-001,OracleStrategy-000,MESM6.GLBX,GLBX-1-604,MESM6.GLBX-OracleStrategy-000,GLBX-001,GLBX-1-604,MARKET,BUY,1,GTC,True,False,1,TAKER,6670.5,0.0,['0.00 USD'],NO_TRIGGER,FILLED,NO_CONTINGENCY,,,,MY_GENERIC_ALGO,,O-20260308-235356-001-000-666,,35558266-14d8-4831-909f-91a77a87a645,1773014036569296413,1773014036569296413
BACKTESTER-001,OracleStrategy-000,MESM6.GLBX,GLBX-1-605,MESM6.GLBX-OracleStrategy-000,GLBX-001,GLBX-1-605,MARKET,BUY,1,GTC,False,False,1,TAKER,6670.5,0.0,['0.00 USD'],NO_TRIGGER,FILLED,NO_CONTINGENCY,,,,MY_GENERIC_ALGO,,O-20260308-235356-001-000-667,,075b5417-9f96-4c87-9e1f-7ed576825f5d,1773014036569296413,1773014036569296413
BACKTESTER-001,OracleStrategy-000,MESM6.GLBX,GLBX-1-606,MESM6.GLBX-OracleStrategy-000,GLBX-001,GLBX-1-606,MARKET,SELL,1,GTC,True,False,1,TAKER,6673.25,0.0,['0.00 USD'],NO_TRIGGER,FILLED,NO_CONTINGENCY,,,,MY_GENERIC_ALGO,,O-20260308-235400-001-000-668,,74fbda06-50ee-4d6c-836e-cf193bb69ce0,1773014040056713826,1773014040056713826
BACKTESTER-001,OracleStrategy-000,MESM6.GLBX,GLBX-1-607,MESM6.GLBX-OracleStrategy-000,GLBX-001,GLBX-1-607,MARKET,SELL,1,GTC,False,False,1,TAKER,6673.25,0.0,['0.00 USD'],NO_TRIGGER,FILLED,NO_CONTINGENCY,,,,MY_GENERIC_ALGO,,O-20260308-235400-001-000-669,,2b3c9f24-98cf-4430-9e2b-349b6bc75e5e,1773014040056713826,1773014040056713826
BACKTESTER-001,OracleStrategy-000,MESM6.GLBX,GLBX-1-608,MESM6.GLBX-OracleStrategy-000,GLBX-001,GLBX-1-608,MARKET,BUY,1,GTC,True,False,1,TAKER,6674.0,0.0,['0.00 USD'],NO_TRIGGER,FILLED,NO_CONTINGENCY,,,,MY_GENERIC_ALGO,,O-20260308-235404-001-000-670,,52b23c2f-7319-4f6e-b268-13f8a6cb0f92,1773014044532157042,1773014044532157042
BACKTESTER-001,OracleStrategy-000,MESM6.GLBX,GLBX-1-609,MESM6.GLBX-OracleStrategy-000,GLBX-001,GLBX-1-609,MARKET,BUY,1,GTC,False,False,1,TAKER,6674.0,0.0,['0.00 USD'],NO_TRIGGER,FILLED,NO_CONTINGENCY,,,,MY_GENERIC_ALGO,,O-20260308-235404-001-000-671,,ccd781d9-14de-47e0-a15c-c15a7dd15139,1773014044532157042,1773014044532157042
BACKTESTER-001,OracleStrategy-000,MESM6.GLBX,GLBX-1-610,MESM6.GLBX-OracleStrategy-000,GLBX-001,GLBX-1-610,MARKET,SELL,1,GTC,True,False,1,TAKER,6673.0,0.0,['0.00 USD'],NO_TRIGGER,FILLED,NO_CONTINGENCY,,,,MY_GENERIC_ALGO,,O-20260308-235416-001-000-672,,6bce29fb-6985-4f6e-994a-e634117abf02,1773014056632774855,1773014056632774855
BACKTESTER-001,OracleStrategy-000,MESM6.GLBX,GLBX-1-611,MESM6.GLBX-OracleStrategy-000,GLBX-001,GLBX-1-611,MARKET,SELL,1,GTC,False,False,1,TAKER,6673.0,0.0,['0.00 USD'],NO_TRIGGER,FILLED,NO_CONTINGENCY,,,,MY_GENERIC_ALGO,,O-20260308-235416-001-000-673,,53c81d58-b166-4040-9fff-5bd46538ce32,1773014056632774855,1773014056632774855
BACKTESTER-001,OracleStrategy-000,MESM6.GLBX,GLBX-1-612,MESM6.GLBX-OracleStrategy-000,GLBX-001,GLBX-1-612,MARKET,BUY,1,GTC,True,False,1,TAKER,6673.0,0.0,['0.00 USD'],NO_TRIGGER,FILLED,NO_CONTINGENCY,,,,MY_GENERIC_ALGO,,O-20260308-235420-001-000-674,,f41f697e-01e3-450f-afd2-4e2c4722c495,1773014060942292760,1773014060942292760
BACKTESTER-001,OracleStrategy-000,MESM6.GLBX,GLBX-1-613,MESM6.GLBX-OracleStrategy-000,GLBX-001,GLBX-1-613,MARKET,BUY,1,GTC,False,False,1,TAKER,6673.0,0.0,['0.00 USD'],NO_TRIGGER,FILLED,NO_CONTINGENCY,,,,MY_GENERIC_ALGO,,O-20260308-235420-001-000-675,,e809679a-7bc1-4c07-91a8-945c15124b4e,1773014060942292760,1773014060942292760
BACKTESTER-001,OracleStrategy-000,MESM6.GLBX,GLBX-1-614,MESM6.GLBX-OracleStrategy-000,GLBX-001,GLBX-1-614,MARKET,SELL,1,GTC,True,False,1,TAKER,6671.75,0.0,['0.00 USD'],NO_TRIGGER,FILLED,NO_CONTINGENCY,,,,MY_GENERIC_ALGO,,O-20260308-235423-001-000-676,,018a8001-f619-4714-afe5-3b84b0473789,1773014063510327219,1773014063510327219
BACKTESTER-001,OracleStrategy-000,MESM6.GLBX,,,,,MARKET,SELL,1,GTC,False,False,0,NO_LIQUIDITY_SIDE,,,,NO_TRIGGER,INITIALIZED,NO_CONTINGENCY,,,,MY_GENERIC_ALGO,,O-20260308-235423-001-000-677,,cb4838fc-3de2-4a5d-9b56-51c1c128f59c,1773014063510327219,1773014063510327219
BACKTESTER-001,OracleStrategy-000,MESM6.GLBX,,,,,MARKET,SELL,1,GTC,False,False,0,NO_LIQUIDITY_SIDE,,,,NO_TRIGGER,INITIALIZED,NO_CONTINGENCY,,,,MY_GENERIC_ALGO,,O-20260308-235425-001-000-678,,92a042d4-27b2-47d7-b6cc-b9d2ac7506fa,1773014065035342994,1773014065035342994
BACKTESTER-001,OracleStrategy-000,MESM6.GLBX,GLBX-1-615,MESM6.GLBX-OracleStrategy-000,GLBX-001,GLBX-1-615,MARKET,BUY,1,GTC,False,False,1,TAKER,6672.5,0.0,['0.00 USD'],NO_TRIGGER,FILLED,NO_CONTINGENCY,,,,MY_GENERIC_ALGO,,O-20260308-235427-001-000-679,,1c800864-fe10-4b3a-9dfe-977273ce899e,1773014067838990013,1773014067838990013
BACKTESTER-001,OracleStrategy-000,MESM6.GLBX,GLBX-1-616,MESM6.GLBX-OracleStrategy-000,GLBX-001,GLBX-1-616,MARKET,SELL,1,GTC,True,False,1,TAKER,6674.25,0.0,['0.00 USD'],NO_TRIGGER,FILLED,NO_CONTINGENCY,,,,MY_GENERIC_ALGO,,O-20260308-235554-001-000-680,,cb1e3f32-89dd-4229-81fa-34eeb4aba9e5,1773014154173732846,1773014154173732846
BACKTESTER-001,OracleStrategy-000,MESM6.GLBX,GLBX-1-617,MESM6.GLBX-OracleStrategy-000,GLBX-001,GLBX-1-617,MARKET,SELL,1,GTC,False,False,1,TAKER,6674.25,0.0,['0.00 USD'],NO_TRIGGER,FILLED,NO_CONTINGENCY,,,,MY_GENERIC_ALGO,,O-20260308-235554-001-000-681,,c243eba4-fc61-4721-bc93-e764579323fe,1773014154173732846,1773014154173732846
BACKTESTER-001,OracleStrategy-000,MESM6.GLBX,GLBX-1-618,MESM6.GLBX-OracleStrategy-000,GLBX-001,GLBX-1-618,MARKET,BUY,1,GTC,True,False,1,TAKER,6675.25,0.0,['0.00 USD'],NO_TRIGGER,FILLED,NO_CONTINGENCY,,,,MY_GENERIC_ALGO,,O-20260308-235556-001-000-682,,dbe86b01-b53f-4e14-962c-da0d5333b584,1773014156626573683,1773014156626573683
BACKTESTER-001,OracleStrategy-000,MESM6.GLBX,,,,,MARKET,BUY,1,GTC,False,False,0,NO_LIQUIDITY_SIDE,,,,NO_TRIGGER,INITIALIZED,NO_CONTINGENCY,,,,MY_GENERIC_ALGO,,O-20260308-235556-001-000-683,,77fecf8f-a0e9-4639-89b5-25a9c8dbbe0a,1773014156626573683,1773014156626573683
BACKTESTER-001,OracleStrategy-000,MESM6.GLBX,,,,,MARKET,SELL,1,GTC,False,False,0,NO_LIQUIDITY_SIDE,,,,NO_TRIGGER,INITIALIZED,NO_CONTINGENCY,,,,MY_GENERIC_ALGO,,O-20260308-235600-001-000-684,,6f01942e-c0bb-4fbe-80de-da337c41396f,1773014160177749226,1773014160177749226
BACKTESTER-001,OracleStrategy-000,MESM6.GLBX,GLBX-1-619,MESM6.GLBX-OracleStrategy-000,GLBX-001,GLBX-1-619,MARKET,BUY,1,GTC,False,False,1,TAKER,6674.75,0.0,['0.00 USD'],NO_TRIGGER,FILLED,NO_CONTINGENCY,,,,MY_GENERIC_ALGO,,O-20260308-235606-001-000-685,,2220e189-0ab5-4d69-9f38-3bc767f8762e,1773014166405854639,1773014166405854639
BACKTESTER-001,OracleStrategy-000,MESM6.GLBX,GLBX-1-620,MESM6.GLBX-OracleStrategy-000,GLBX-001,GLBX-1-620,MARKET,SELL,1,GTC,True,False,1,TAKER,6675.75,0.0,['0.00 USD'],NO_TRIGGER,FILLED,NO_CONTINGENCY,,,,MY_GENERIC_ALGO,,O-20260308-235635-001-000-686,,d8e82cdd-b4b8-4d08-b595-3016786e6b34,1773014195756376698,1773014195756376698
BACKTESTER-001,OracleStrategy-000,MESM6.GLBX,GLBX-1-621,MESM6.GLBX-OracleStrategy-000,GLBX-001,GLBX-1-621,MARKET,SELL,1,GTC,False,False,1,TAKER,6675.75,0.0,['0.00 USD'],NO_TRIGGER,FILLED,NO_CONTINGENCY,,,,MY_GENERIC_ALGO,,O-20260308-235635-001-000-687,,b077ee4a-c37d-49e0-a06e-031ce1f98613,1773014195756376698,1773014195756376698
BACKTESTER-001,OracleStrategy-000,MESM6.GLBX,GLBX-1-622,MESM6.GLBX-OracleStrategy-000,GLBX-001,GLBX-1-622,MARKET,BUY,1,GTC,True,False,1,TAKER,6677.25,0.0,['0.00 USD'],NO_TRIGGER,FILLED,NO_CONTINGENCY,,,,MY_GENERIC_ALGO,,O-20260308-235651-001-000-688,,95778659-8eda-4448-91f3-05863336c309,1773014211837816128,1773014211837816128
BACKTESTER-001,OracleStrategy-000,MESM6.GLBX,GLBX-1-623,MESM6.GLBX-OracleStrategy-000,GLBX-001,GLBX-1-623,MARKET,BUY,1,GTC,False,False,1,TAKER,6677.25,0.0,['0.00 USD'],NO_TRIGGER,FILLED,NO_CONTINGENCY,,,,MY_GENERIC_ALGO,,O-20260308-235651-001-000-689,,6dfb52aa-22b9-4a79-add5-07fb74314d5c,1773014211837816128,1773014211837816128
BACKTESTER-001,OracleStrategy-000,MESM6.GLBX,GLBX-1-624,MESM6.GLBX-OracleStrategy-000,GLBX-001,GLBX-1-624,MARKET,SELL,1,GTC,True,False,1,TAKER,6678.75,0.0,['0.00 USD'],NO_TRIGGER,FILLED,NO_CONTINGENCY,,,,MY_GENERIC_ALGO,,O-20260308-235655-001-000-690,,9077a435-1ba2-4f42-a7de-5f5dddc0e5c3,1773014215388353920,1773014215388353920
BACKTESTER-001,OracleStrategy-000,MESM6.GLBX,GLBX-1-625,MESM6.GLBX-OracleStrategy-000,GLBX-001,GLBX-1-625,MARKET,SELL,1,GTC,False,False,1,TAKER,6678.75,0.0,['0.00 USD'],NO_TRIGGER,FILLED,NO_CONTINGENCY,,,,MY_GENERIC_ALGO,,O-20260308-235655-001-000-691,,2acd9039-70b3-43ad-9fdb-351ef4284888,1773014215388353920,1773014215388353920
BACKTESTER-001,OracleStrategy-000,MESM6.GLBX,GLBX-1-626,MESM6.GLBX-OracleStrategy-000,GLBX-001,GLBX-1-626,MARKET,BUY,1,GTC,True,False,1,TAKER,6672.0,0.0,['0.00 USD'],NO_TRIGGER,FILLED,NO_CONTINGENCY,,,,MY_GENERIC_ALGO,,O-20260308-235726-001-000-692,,e1a2ad41-9e53-41ba-a3bc-0c9bbca31621,1773014246805891371,1773014246805891371
BACKTESTER-001,OracleStrategy-000,MESM6.GLBX,GLBX-1-627,MESM6.GLBX-OracleStrategy-000,GLBX-001,GLBX-1-627,MARKET,BUY,1,GTC,False,False,1,TAKER,6672.0,0.0,['0.00 USD'],NO_TRIGGER,FILLED,NO_CONTINGENCY,,,,MY_GENERIC_ALGO,,O-20260308-235726-001-000-693,,bae988df-db16-46ee-b1f8-b27c74bc4fee,1773014246805891371,1773014246805891371
BACKTESTER-001,OracleStrategy-000,MESM6.GLBX,GLBX-1-628,MESM6.GLBX-OracleStrategy-000,GLBX-001,GLBX-1-628,MARKET,SELL,1,GTC,True,False,1,TAKER,6672.0,0.0,['0.00 USD'],NO_TRIGGER,FILLED,NO_CONTINGENCY,,,,MY_GENERIC_ALGO,,O-20260308-235727-001-000-694,,e2d786c8-f022-42ae-9cca-8c97bf06e66d,1773014247848523720,1773014247848523720
BACKTESTER-001,OracleStrategy-000,MESM6.GLBX,GLBX-1-629,MESM6.GLBX-OracleStrategy-000,GLBX-001,GLBX-1-629,MARKET,SELL,1,GTC,False,False,1,TAKER,6672.0,0.0,['0.00 USD'],NO_TRIGGER,FILLED,NO_CONTINGENCY,,,,MY_GENERIC_ALGO,,O-20260308-235727-001-000-695,,270a4688-43c6-42c3-b80e-0f90dd1105a9,1773014247848523720,1773014247848523720
BACKTESTER-001,OracleStrategy-000,MESM6.GLBX,GLBX-1-630,MESM6.GLBX-OracleStrategy-000,GLBX-001,GLBX-1-630,MARKET,BUY,1,GTC,True,False,1,TAKER,6670.75,0.0,['0.00 USD'],NO_TRIGGER,FILLED,NO_CONTINGENCY,,,,MY_GENERIC_ALGO,,O-20260308-235729-001-000-696,,b4f2ef22-3320-453c-9052-634f3070581c,1773014249954377366,1773014249954377366
BACKTESTER-001,OracleStrategy-000,MESM6.GLBX,GLBX-1-631,MESM6.GLBX-OracleStrategy-000,GLBX-001,GLBX-1-631,MARKET,BUY,1,GTC,False,False,1,TAKER,6670.75,0.0,['0.00 USD'],NO_TRIGGER,FILLED,NO_CONTINGENCY,,,,MY_GENERIC_ALGO,,O-20260308-235729-001-000-697,,4b0adef4-e2f2-4c05-8ccf-4f5186af2fc9,1773014249954377366,1773014249954377366
BACKTESTER-001,OracleStrategy-000,MESM6.GLBX,GLBX-1-632,MESM6.GLBX-OracleStrategy-000,GLBX-001,GLBX-1-632,MARKET,SELL,1,GTC,True,False,1,TAKER,6671.25,0.0,['0.00 USD'],NO_TRIGGER,FILLED,NO_CONTINGENCY,,,,MY_GENERIC_ALGO,,O-20260308-235811-001-000-698,,4d5f54d3-5766-4599-b9af-5511c31efbaa,1773014291533932794,1773014291533932794
BACKTESTER-001,OracleStrategy-000,MESM6.GLBX,GLBX-1-633,MESM6.GLBX-OracleStrategy-000,GLBX-001,GLBX-1-633,MARKET,SELL,1,GTC,False,False,1,TAKER,6671.25,0.0,['0.00 USD'],NO_TRIGGER,FILLED,NO_CONTINGENCY,,,,MY_GENERIC_ALGO,,O-20260308-235811-001-000-699,,6dc2faf9-579f-4d73-98aa-ced8ec89aaea,1773014291533932794,1773014291533932794
BACKTESTER-001,OracleStrategy-000,MESM6.GLBX,GLBX-1-634,MESM6.GLBX-OracleStrategy-000,GLBX-001,GLBX-1-634,MARKET,BUY,1,GTC,True,False,1,TAKER,6673.0,0.0,['0.00 USD'],NO_TRIGGER,FILLED,NO_CONTINGENCY,,,,MY_GENERIC_ALGO,,O-20260308-235825-001-000-700,,4dcb4323-9864-4d51-b2eb-c2a960ccd06d,1773014305164399455,1773014305164399455
BACKTESTER-001,OracleStrategy-000,MESM6.GLBX,GLBX-1-635,MESM6.GLBX-OracleStrategy-000,GLBX-001,GLBX-1-635,MARKET,BUY,1,GTC,False,False,1,TAKER,6673.0,0.0,['0.00 USD'],NO_TRIGGER,FILLED,NO_CONTINGENCY,,,,MY_GENERIC_ALGO,,O-20260308-235825-001-000-701,,315ab242-370e-46a2-9ea7-9132f1dfaa12,1773014305164399455,1773014305164399455
BACKTESTER-001,OracleStrategy-000,MESM6.GLBX,GLBX-1-636,MESM6.GLBX-OracleStrategy-000,GLBX-001,GLBX-1-636,MARKET,SELL,1,GTC,True,False,1,TAKER,6673.0,0.0,['0.00 USD'],NO_TRIGGER,FILLED,NO_CONTINGENCY,,,,MY_GENERIC_ALGO,,O-20260308-235844-001-000-702,,2fa86009-8b6a-4c8f-932b-ab15d5c60311,1773014324831609080,1773014324831609080
BACKTESTER-001,OracleStrategy-000,MESM6.GLBX,GLBX-1-637,MESM6.GLBX-OracleStrategy-000,GLBX-001,GLBX-1-637,MARKET,SELL,1,GTC,False,False,1,TAKER,6673.0,0.0,['0.00 USD'],NO_TRIGGER,FILLED,NO_CONTINGENCY,,,,MY_GENERIC_ALGO,,O-20260308-235844-001-000-703,,cbb0a7de-09cd-4812-86bb-5148a056f6ac,1773014324831609080,1773014324831609080
BACKTESTER-001,OracleStrategy-000,MESM6.GLBX,GLBX-1-638,MESM6.GLBX-OracleStrategy-000,GLBX-001,GLBX-1-638,MARKET,BUY,1,GTC,True,False,1,TAKER,6673.0,0.0,['0.00 USD'],NO_TRIGGER,FILLED,NO_CONTINGENCY,,,,MY_GENERIC_ALGO,,O-20260308-235851-001-000-704,,fa4d7823-5883-44de-8f8b-dc3f0beb6a5f,1773014331569842282,1773014331569842282
BACKTESTER-001,OracleStrategy-000,MESM6.GLBX,GLBX-1-639,MESM6.GLBX-OracleStrategy-000,GLBX-001,GLBX-1-639,MARKET,BUY,1,GTC,False,False,1,TAKER,6673.0,0.0,['0.00 USD'],NO_TRIGGER,FILLED,NO_CONTINGENCY,,,,MY_GENERIC_ALGO,,O-20260308-235851-001-000-705,,5022573b-0490-49fa-9a86-3c993956032e,1773014331569842282,1773014331569842282
BACKTESTER-001,OracleStrategy-000,MESM6.GLBX,GLBX-1-640,MESM6.GLBX-OracleStrategy-000,GLBX-001,GLBX-1-640,MARKET,SELL,1,GTC,True,False,1,TAKER,6674.75,0.0,['0.00 USD'],NO_TRIGGER,FILLED,NO_CONTINGENCY,,,,MY_GENERIC_ALGO,,O-20260308-235908-001-000-706,,63b2d2bb-8234-4787-9d2c-669340a1e8c8,1773014348204917370,1773014348204917370
BACKTESTER-001,OracleStrategy-000,MESM6.GLBX,GLBX-1-641,MESM6.GLBX-OracleStrategy-000,GLBX-001,GLBX-1-641,MARKET,SELL,1,GTC,False,False,1,TAKER,6674.75,0.0,['0.00 USD'],NO_TRIGGER,FILLED,NO_CONTINGENCY,,,,MY_GENERIC_ALGO,,O-20260308-235908-001-000-707,,75833743-86ac-4d47-b436-e260f5411e79,1773014348204917370,1773014348204917370
BACKTESTER-001,OracleStrategy-000,MESM6.GLBX,GLBX-1-642,MESM6.GLBX-OracleStrategy-000,GLBX-001,GLBX-1-642,MARKET,BUY,1,GTC,True,False,1,TAKER,6677.0,0.0,['0.00 USD'],NO_TRIGGER,FILLED,NO_CONTINGENCY,,,,MY_GENERIC_ALGO,,O-20260308-235959-001-000-708,,470098e5-b13d-48cf-bc33-e9bdaa21c705,1773014399269426645,1773014399269426645
