{
  "starting_balance": 1000000.0,
  "final_equity": 996933.6,
  "total_return_pct": -0.30664000000000236,
  "realized_pnl": -3066.4,
  "max_drawdown_pct": -0.30664000000000236,
  "sharpe_ratio": -366.6955661132138,
  "trade_count": 4754,
  "winners": 964,
  "losers": 3686,
  "win_rate": 0.20277660917122423,
  "long_count": 2388,
  "short_count": 2366,
  "order_count": 9508,
  "fill_count": 9508,
  "total_commissions": 0.0,
  "mean_slippage": 0.0,
  "max_abs_slippage": 0.0
}