{
  "starting_balance": 1000000.0,
  "final_equity": 1002010.75,
  "total_return_pct": 0.201075,
  "realized_pnl": 2010.75,
  "max_drawdown_pct": -0.0003499858255740643,
  "sharpe_ratio": 425.4933078229969,
  "trade_count": 3827,
  "winners": 2262,
  "losers": 862,
  "win_rate": 0.5910634962111314,
  "long_count": 1914,
  "short_count": 1913,
  "order_count": 7654,
  "fill_count": 7654,
  "total_commissions": 0.0,
  "mean_slippage": 0.0,
  "max_abs_slippage": 0.0
}