{
  "starting_balance": 1000000.0,
  "final_equity": 1002045.75,
  "total_return_pct": 0.20457499999999998,
  "realized_pnl": 2045.75,
  "max_drawdown_pct": -0.00017475939999605543,
  "sharpe_ratio": 581.3833254407213,
  "trade_count": 3062,
  "winners": 2244,
  "losers": 287,
  "win_rate": 0.7328543435662965,
  "long_count": 1565,
  "short_count": 1497,
  "order_count": 9185,
  "fill_count": 6123,
  "total_commissions": 0.0,
  "mean_slippage": 0.0,
  "max_abs_slippage": 0.0
}