trader_id,strategy_id,instrument_id,venue_order_id,position_id,account_id,last_trade_id,type,side,quantity,time_in_force,is_reduce_only,is_quote_quantity,filled_qty,liquidity_side,avg_px,slippage,commissions,emulation_trigger,status,contingency_type,order_list_id,linked_order_ids,parent_order_id,exec_algorithm_id,exec_algorithm_params,exec_spawn_id,tags,init_id,ts_init,ts_last
BACKTESTER-001,OracleStrategy-000,MESM6.GLBX,GLBX-1-001,MESM6.GLBX-OracleStrategy-000,GLBX-001,GLBX-1-001,MARKET,SELL,1,GTC,False,False,1,TAKER,6677.75,0.0,['0.00 USD'],NO_TRIGGER,FILLED,NO_CONTINGENCY,,,,MY_GENERIC_ALGO,,O-20260309-000001-001-000-1,,14b9ebbb-11de-45ed-9afa-c0b5c72618e7,2026-03-09 00:00:01.282957928+00:00,2026-03-09 00:00:01.282957928+00:00
BACKTESTER-001,OracleStrategy-000,MESM6.GLBX,GLBX-1-002,MESM6.GLBX-OracleStrategy-000,GLBX-001,GLBX-1-002,MARKET,BUY,1,GTC,True,False,1,TAKER,6678.0,0.0,['0.00 USD'],NO_TRIGGER,FILLED,NO_CONTINGENCY,,,,MY_GENERIC_ALGO,,O-20260309-000015-001-000-2,,ebb8f1a9-1256-4763-b7cc-1937b1ae53bf,2026-03-09 00:00:15.280431115+00:00,2026-03-09 00:00:15.280431115+00:00
BACKTESTER-001,OracleStrategy-000,MESM6.GLBX,GLBX-1-003,MESM6.GLBX-OracleStrategy-000,GLBX-001,GLBX-1-003,MARKET,BUY,1,GTC,False,False,1,TAKER,6678.0,0.0,['0.00 USD'],NO_TRIGGER,FILLED,NO_CONTINGENCY,,,,MY_GENERIC_ALGO,,O-20260309-000015-001-000-3,,77741a50-372d-4e0b-a4c0-ef77a23d2db8,2026-03-09 00:00:15.280431115+00:00,2026-03-09 00:00:15.280431115+00:00
BACKTESTER-001,OracleStrategy-000,MESM6.GLBX,GLBX-1-004,MESM6.GLBX-OracleStrategy-000,GLBX-001,GLBX-1-004,MARKET,SELL,1,GTC,True,False,1,TAKER,6678.75,0.0,['0.00 USD'],NO_TRIGGER,FILLED,NO_CONTINGENCY,,,,MY_GENERIC_ALGO,,O-20260309-000023-001-000-4,,41219182-25fa-40f5-9a63-8bec13c0f6a8,2026-03-09 00:00:23.440074335+00:00,2026-03-09 00:00:23.440074335+00:00
BACKTESTER-001,OracleStrategy-000,MESM6.GLBX,GLBX-1-005,MESM6.GLBX-OracleStrategy-000,GLBX-001,GLBX-1-005,MARKET,SELL,1,GTC,False,False,1,TAKER,6678.75,0.0,['0.00 USD'],NO_TRIGGER,FILLED,NO_CONTINGENCY,,,,MY_GENERIC_ALGO,,O-20260309-000023-001-000-5,,367098f5-4140-4006-b7d4-1587ffd7bb8a,2026-03-09 00:00:23.440074335+00:00,2026-03-09 00:00:23.440074335+00:00
BACKTESTER-001,OracleStrategy-000,MESM6.GLBX,GLBX-1-006,MESM6.GLBX-OracleStrategy-000,GLBX-001,GLBX-1-006,MARKET,BUY,1,GTC,True,False,1,TAKER,6677.0,0.0,['0.00 USD'],NO_TRIGGER,FILLED,NO_CONTINGENCY,,,,MY_GENERIC_ALGO,,O-20260309-000126-001-000-6,,d0e848e7-732f-44a8-932e-ef42402b2ce6,2026-03-09 00:01:26.476917741+00:00,2026-03-09 00:01:26.476917741+00:00
BACKTESTER-001,OracleStrategy-000,MESM6.GLBX,GLBX-1-007,MESM6.GLBX-OracleStrategy-000,GLBX-001,GLBX-1-007,MARKET,BUY,1,GTC,False,False,1,TAKER,6677.0,0.0,['0.00 USD'],NO_TRIGGER,FILLED,NO_CONTINGENCY,,,,MY_GENERIC_ALGO,,O-20260309-000126-001-000-7,,da6f79b3-9b74-418d-8666-4f209d29159f,2026-03-09 00:01:26.476917741+00:00,2026-03-09 00:01:26.476917741+00:00
BACKTESTER-001,OracleStrategy-000,MESM6.GLBX,GLBX-1-008,MESM6.GLBX-OracleStrategy-000,GLBX-001,GLBX-1-008,MARKET,SELL,1,GTC,True,False,1,TAKER,6676.5,0.0,['0.00 USD'],NO_TRIGGER,FILLED,NO_CONTINGENCY,,,,MY_GENERIC_ALGO,,O-20260309-000128-001-000-8,,aba1b8f0-4755-42c7-b4c6-27b8ec638132,2026-03-09 00:01:28.225630272+00:00,2026-03-09 00:01:28.225630272+00:00
BACKTESTER-001,OracleStrategy-000,MESM6.GLBX,GLBX-1-009,MESM6.GLBX-OracleStrategy-000,GLBX-001,GLBX-1-009,MARKET,SELL,1,GTC,False,False,1,TAKER,6676.5,0.0,['0.00 USD'],NO_TRIGGER,FILLED,NO_CONTINGENCY,,,,MY_GENERIC_ALGO,,O-20260309-000128-001-000-9,,795b3212-71eb-4cc6-8563-c8a9c24ab43f,2026-03-09 00:01:28.225630272+00:00,2026-03-09 00:01:28.225630272+00:00
BACKTESTER-001,OracleStrategy-000,MESM6.GLBX,GLBX-1-010,MESM6.GLBX-OracleStrategy-000,GLBX-001,GLBX-1-010,MARKET,BUY,1,GTC,True,False,1,TAKER,6676.25,0.0,['0.00 USD'],NO_TRIGGER,FILLED,NO_CONTINGENCY,,,,MY_GENERIC_ALGO,,O-20260309-000141-001-000-10,,4d35b47a-3f35-42e2-9174-8f5b1e038ac4,2026-03-09 00:01:41.237044098+00:00,2026-03-09 00:01:41.237044098+00:00
BACKTESTER-001,OracleStrategy-000,MESM6.GLBX,GLBX-1-011,MESM6.GLBX-OracleStrategy-000,GLBX-001,GLBX-1-011,MARKET,BUY,1,GTC,False,False,1,TAKER,6676.25,0.0,['0.00 USD'],NO_TRIGGER,FILLED,NO_CONTINGENCY,,,,MY_GENERIC_ALGO,,O-20260309-000141-001-000-11,,0d3f63bc-585e-44a3-997e-b3d0af2bed19,2026-03-09 00:01:41.237044098+00:00,2026-03-09 00:01:41.237044098+00:00
BACKTESTER-001,OracleStrategy-000,MESM6.GLBX,GLBX-1-012,MESM6.GLBX-OracleStrategy-000,GLBX-001,GLBX-1-012,MARKET,SELL,1,GTC,True,False,1,TAKER,6676.75,0.0,['0.00 USD'],NO_TRIGGER,FILLED,NO_CONTINGENCY,,,,MY_GENERIC_ALGO,,O-20260309-000227-001-000-12,,cdf231c2-aeeb-4f9f-a7a2-e88c3ec37609,2026-03-09 00:02:27.540805323+00:00,2026-03-09 00:02:27.540805323+00:00
BACKTESTER-001,OracleStrategy-000,MESM6.GLBX,GLBX-1-013,MESM6.GLBX-OracleStrategy-000,GLBX-001,GLBX-1-013,MARKET,SELL,1,GTC,False,False,1,TAKER,6676.75,0.0,['0.00 USD'],NO_TRIGGER,FILLED,NO_CONTINGENCY,,,,MY_GENERIC_ALGO,,O-20260309-000227-001-000-13,,6e379273-e6ae-4c10-bd9c-a1ea72509d3b,2026-03-09 00:02:27.540805323+00:00,2026-03-09 00:02:27.540805323+00:00
BACKTESTER-001,OracleStrategy-000,MESM6.GLBX,GLBX-1-014,MESM6.GLBX-OracleStrategy-000,GLBX-001,GLBX-1-014,MARKET,BUY,1,GTC,True,False,1,TAKER,6677.0,0.0,['0.00 USD'],NO_TRIGGER,FILLED,NO_CONTINGENCY,,,,MY_GENERIC_ALGO,,O-20260309-000343-001-000-14,,91406597-69cb-46ad-b0b9-f418b525ef5d,2026-03-09 00:03:43.224518320+00:00,2026-03-09 00:03:43.224518320+00:00
BACKTESTER-001,OracleStrategy-000,MESM6.GLBX,GLBX-1-015,MESM6.GLBX-OracleStrategy-000,GLBX-001,GLBX-1-015,MARKET,BUY,1,GTC,False,False,1,TAKER,6677.0,0.0,['0.00 USD'],NO_TRIGGER,FILLED,NO_CONTINGENCY,,,,MY_GENERIC_ALGO,,O-20260309-000343-001-000-15,,895005f1-986d-4a73-bf23-2df0fecc2e8d,2026-03-09 00:03:43.224518320+00:00,2026-03-09 00:03:43.224518320+00:00
BACKTESTER-001,OracleStrategy-000,MESM6.GLBX,GLBX-1-016,MESM6.GLBX-OracleStrategy-000,GLBX-001,GLBX-1-016,MARKET,SELL,1,GTC,True,False,1,TAKER,6682.0,0.0,['0.00 USD'],NO_TRIGGER,FILLED,NO_CONTINGENCY,,,,MY_GENERIC_ALGO,,O-20260309-000503-001-000-16,,d7d3b9ca-a9b7-4327-a0be-e7b2dfc473e0,2026-03-09 00:05:03.746989403+00:00,2026-03-09 00:05:03.746989403+00:00
BACKTESTER-001,OracleStrategy-000,MESM6.GLBX,GLBX-1-017,MESM6.GLBX-OracleStrategy-000,GLBX-001,GLBX-1-017,MARKET,SELL,1,GTC,False,False,1,TAKER,6682.0,0.0,['0.00 USD'],NO_TRIGGER,FILLED,NO_CONTINGENCY,,,,MY_GENERIC_ALGO,,O-20260309-000503-001-000-17,,378a7c02-b53b-4adb-89da-dcce74cf713a,2026-03-09 00:05:03.746989403+00:00,2026-03-09 00:05:03.746989403+00:00
BACKTESTER-001,OracleStrategy-000,MESM6.GLBX,GLBX-1-018,MESM6.GLBX-OracleStrategy-000,GLBX-001,GLBX-1-018,MARKET,BUY,1,GTC,True,False,1,TAKER,6681.75,0.0,['0.00 USD'],NO_TRIGGER,FILLED,NO_CONTINGENCY,,,,MY_GENERIC_ALGO,,O-20260309-000505-001-000-18,,8505a730-c338-4aa9-ad34-6c18eeeec13a,2026-03-09 00:05:05.935969527+00:00,2026-03-09 00:05:05.935969527+00:00
BACKTESTER-001,OracleStrategy-000,MESM6.GLBX,GLBX-1-019,MESM6.GLBX-OracleStrategy-000,GLBX-001,GLBX-1-019,MARKET,BUY,1,GTC,False,False,1,TAKER,6681.75,0.0,['0.00 USD'],NO_TRIGGER,FILLED,NO_CONTINGENCY,,,,MY_GENERIC_ALGO,,O-20260309-000505-001-000-19,,b47c930d-eedc-459b-abcd-44d3cd84bf10,2026-03-09 00:05:05.935969527+00:00,2026-03-09 00:05:05.935969527+00:00
BACKTESTER-001,OracleStrategy-000,MESM6.GLBX,GLBX-1-020,MESM6.GLBX-OracleStrategy-000,GLBX-001,GLBX-1-020,MARKET,SELL,1,GTC,True,False,1,TAKER,6686.0,0.0,['0.00 USD'],NO_TRIGGER,FILLED,NO_CONTINGENCY,,,,MY_GENERIC_ALGO,,O-20260309-000545-001-000-20,,545677a3-6a13-493f-a450-dcb0f71cf793,2026-03-09 00:05:45.509657584+00:00,2026-03-09 00:05:45.509657584+00:00
BACKTESTER-001,OracleStrategy-000,MESM6.GLBX,GLBX-1-021,MESM6.GLBX-OracleStrategy-000,GLBX-001,GLBX-1-021,MARKET,SELL,1,GTC,False,False,1,TAKER,6686.0,0.0,['0.00 USD'],NO_TRIGGER,FILLED,NO_CONTINGENCY,,,,MY_GENERIC_ALGO,,O-20260309-000545-001-000-21,,0afa3cce-7d36-4bcc-b4bf-784cb1f3afc5,2026-03-09 00:05:45.509657584+00:00,2026-03-09 00:05:45.509657584+00:00
BACKTESTER-001,OracleStrategy-000,MESM6.GLBX,GLBX-1-022,MESM6.GLBX-OracleStrategy-000,GLBX-001,GLBX-1-022,MARKET,BUY,1,GTC,True,False,1,TAKER,6685.0,0.0,['0.00 USD'],NO_TRIGGER,FILLED,NO_CONTINGENCY,,,,MY_GENERIC_ALGO,,O-20260309-000546-001-000-22,,d1aff21c-0c74-44af-82fd-3f544ac63afc,2026-03-09 00:05:46.573621017+00:00,2026-03-09 00:05:46.573621017+00:00
BACKTESTER-001,OracleStrategy-000,MESM6.GLBX,GLBX-1-023,MESM6.GLBX-OracleStrategy-000,GLBX-001,GLBX-1-023,MARKET,BUY,1,GTC,False,False,1,TAKER,6685.0,0.0,['0.00 USD'],NO_TRIGGER,FILLED,NO_CONTINGENCY,,,,MY_GENERIC_ALGO,,O-20260309-000546-001-000-23,,8a670298-bacc-4da4-9854-1eee34762295,2026-03-09 00:05:46.573621017+00:00,2026-03-09 00:05:46.573621017+00:00
BACKTESTER-001,OracleStrategy-000,MESM6.GLBX,GLBX-1-024,MESM6.GLBX-OracleStrategy-000,GLBX-001,GLBX-1-024,MARKET,SELL,1,GTC,True,False,1,TAKER,6686.25,0.0,['0.00 USD'],NO_TRIGGER,FILLED,NO_CONTINGENCY,,,,MY_GENERIC_ALGO,,O-20260309-000601-001-000-24,,01294b6a-8ddb-4f6d-b611-5979250b0756,2026-03-09 00:06:01.445235672+00:00,2026-03-09 00:06:01.445235672+00:00
BACKTESTER-001,OracleStrategy-000,MESM6.GLBX,GLBX-1-025,MESM6.GLBX-OracleStrategy-000,GLBX-001,GLBX-1-025,MARKET,SELL,1,GTC,False,False,1,TAKER,6686.25,0.0,['0.00 USD'],NO_TRIGGER,FILLED,NO_CONTINGENCY,,,,MY_GENERIC_ALGO,,O-20260309-000601-001-000-25,,edcf9cd5-1059-4157-93ab-6d969d8507a6,2026-03-09 00:06:01.445235672+00:00,2026-03-09 00:06:01.445235672+00:00
BACKTESTER-001,OracleStrategy-000,MESM6.GLBX,GLBX-1-026,MESM6.GLBX-OracleStrategy-000,GLBX-001,GLBX-1-026,MARKET,BUY,1,GTC,True,False,1,TAKER,6683.0,0.0,['0.00 USD'],NO_TRIGGER,FILLED,NO_CONTINGENCY,,,,MY_GENERIC_ALGO,,O-20260309-000638-001-000-26,,8b549da2-4a09-4e57-bc1a-d7cb95f9b811,2026-03-09 00:06:38.060991506+00:00,2026-03-09 00:06:38.060991506+00:00
BACKTESTER-001,OracleStrategy-000,MESM6.GLBX,GLBX-1-027,MESM6.GLBX-OracleStrategy-000,GLBX-001,GLBX-1-027,MARKET,BUY,1,GTC,False,False,1,TAKER,6683.0,0.0,['0.00 USD'],NO_TRIGGER,FILLED,NO_CONTINGENCY,,,,MY_GENERIC_ALGO,,O-20260309-000638-001-000-27,,3cb85eeb-829b-45b7-bf12-7ebbd7285c03,2026-03-09 00:06:38.060991506+00:00,2026-03-09 00:06:38.060991506+00:00
BACKTESTER-001,OracleStrategy-000,MESM6.GLBX,GLBX-1-028,MESM6.GLBX-OracleStrategy-000,GLBX-001,GLBX-1-028,MARKET,SELL,1,GTC,True,False,1,TAKER,6680.75,0.0,['0.00 USD'],NO_TRIGGER,FILLED,NO_CONTINGENCY,,,,MY_GENERIC_ALGO,,O-20260309-000735-001-000-28,,7f0bceaa-453b-44ae-8c19-f926c535993b,2026-03-09 00:07:35.004768101+00:00,2026-03-09 00:07:35.004768101+00:00
BACKTESTER-001,OracleStrategy-000,MESM6.GLBX,GLBX-1-029,MESM6.GLBX-OracleStrategy-000,GLBX-001,GLBX-1-029,MARKET,BUY,1,GTC,False,False,1,TAKER,6684.5,0.0,['0.00 USD'],NO_TRIGGER,FILLED,NO_CONTINGENCY,,,,MY_GENERIC_ALGO,,O-20260309-000845-001-000-37,,acdc0562-3d35-4fb6-874f-e830d58448c5,2026-03-09 00:08:45.509813810+00:00,2026-03-09 00:08:45.509813810+00:00
BACKTESTER-001,OracleStrategy-000,MESM6.GLBX,GLBX-1-030,MESM6.GLBX-OracleStrategy-000,GLBX-001,GLBX-1-030,MARKET,SELL,1,GTC,True,False,1,TAKER,6682.5,0.0,['0.00 USD'],NO_TRIGGER,FILLED,NO_CONTINGENCY,,,,MY_GENERIC_ALGO,,O-20260309-000940-001-000-38,,4c3c4ba9-544c-40e6-a4fc-27cb34bbafc4,2026-03-09 00:09:40.183983763+00:00,2026-03-09 00:09:40.183983763+00:00
BACKTESTER-001,OracleStrategy-000,MESM6.GLBX,GLBX-1-031,MESM6.GLBX-OracleStrategy-000,GLBX-001,GLBX-1-031,MARKET,SELL,1,GTC,False,False,1,TAKER,6682.5,0.0,['0.00 USD'],NO_TRIGGER,FILLED,NO_CONTINGENCY,,,,MY_GENERIC_ALGO,,O-20260309-000940-001-000-39,,8146e0da-d276-4c16-95e7-f6e600ab0f90,2026-03-09 00:09:40.183983763+00:00,2026-03-09 00:09:40.183983763+00:00
BACKTESTER-001,OracleStrategy-000,MESM6.GLBX,GLBX-1-032,MESM6.GLBX-OracleStrategy-000,GLBX-001,GLBX-1-032,MARKET,BUY,1,GTC,True,False,1,TAKER,6685.0,0.0,['0.00 USD'],NO_TRIGGER,FILLED,NO_CONTINGENCY,,,,MY_GENERIC_ALGO,,O-20260309-001023-001-000-40,,633be03a-44e9-4dbe-bcbf-605b14c8e1c8,2026-03-09 00:10:23.658696882+00:00,2026-03-09 00:10:23.658696882+00:00
BACKTESTER-001,OracleStrategy-000,MESM6.GLBX,GLBX-1-033,MESM6.GLBX-OracleStrategy-000,GLBX-001,GLBX-1-033,MARKET,BUY,1,GTC,False,False,1,TAKER,6685.0,0.0,['0.00 USD'],NO_TRIGGER,FILLED,NO_CONTINGENCY,,,,MY_GENERIC_ALGO,,O-20260309-001023-001-000-41,,c4970ba5-9b16-4816-aa55-5fd426b6ef3e,2026-03-09 00:10:23.658696882+00:00,2026-03-09 00:10:23.658696882+00:00
BACKTESTER-001,OracleStrategy-000,MESM6.GLBX,GLBX-1-034,MESM6.GLBX-OracleStrategy-000,GLBX-001,GLBX-1-034,MARKET,SELL,1,GTC,True,False,1,TAKER,6687.0,0.0,['0.00 USD'],NO_TRIGGER,FILLED,NO_CONTINGENCY,,,,MY_GENERIC_ALGO,,O-20260309-001101-001-000-42,,9f875a72-a54b-40f3-b1ca-53fc520152fd,2026-03-09 00:11:01.349504690+00:00,2026-03-09 00:11:01.349504690+00:00
BACKTESTER-001,OracleStrategy-000,MESM6.GLBX,GLBX-1-035,MESM6.GLBX-OracleStrategy-000,GLBX-001,GLBX-1-035,MARKET,SELL,1,GTC,False,False,1,TAKER,6687.0,0.0,['0.00 USD'],NO_TRIGGER,FILLED,NO_CONTINGENCY,,,,MY_GENERIC_ALGO,,O-20260309-001101-001-000-43,,ea43dfa2-391c-421a-914e-52786580d085,2026-03-09 00:11:01.349504690+00:00,2026-03-09 00:11:01.349504690+00:00
BACKTESTER-001,OracleStrategy-000,MESM6.GLBX,GLBX-1-036,MESM6.GLBX-OracleStrategy-000,GLBX-001,GLBX-1-036,MARKET,BUY,1,GTC,True,False,1,TAKER,6684.25,0.0,['0.00 USD'],NO_TRIGGER,FILLED,NO_CONTINGENCY,,,,MY_GENERIC_ALGO,,O-20260309-001151-001-000-44,,eca2eabf-99e9-46b0-b6ca-c2b00f484a33,2026-03-09 00:11:51.945340235+00:00,2026-03-09 00:11:51.945340235+00:00
BACKTESTER-001,OracleStrategy-000,MESM6.GLBX,GLBX-1-037,MESM6.GLBX-OracleStrategy-000,GLBX-001,GLBX-1-037,MARKET,BUY,1,GTC,False,False,1,TAKER,6684.25,0.0,['0.00 USD'],NO_TRIGGER,FILLED,NO_CONTINGENCY,,,,MY_GENERIC_ALGO,,O-20260309-001151-001-000-45,,aeadd6c8-c052-47eb-8ced-b4ef9d562932,2026-03-09 00:11:51.945340235+00:00,2026-03-09 00:11:51.945340235+00:00
BACKTESTER-001,OracleStrategy-000,MESM6.GLBX,GLBX-1-038,MESM6.GLBX-OracleStrategy-000,GLBX-001,GLBX-1-038,MARKET,SELL,1,GTC,True,False,1,TAKER,6682.5,0.0,['0.00 USD'],NO_TRIGGER,FILLED,NO_CONTINGENCY,,,,MY_GENERIC_ALGO,,O-20260309-001212-001-000-46,,c77b3d86-31d5-4fa4-b6b0-5001f2e7ebb7,2026-03-09 00:12:12.090070414+00:00,2026-03-09 00:12:12.090070414+00:00
BACKTESTER-001,OracleStrategy-000,MESM6.GLBX,GLBX-1-039,MESM6.GLBX-OracleStrategy-000,GLBX-001,GLBX-1-039,MARKET,SELL,1,GTC,False,False,1,TAKER,6683.0,0.0,['0.00 USD'],NO_TRIGGER,FILLED,NO_CONTINGENCY,,,,MY_GENERIC_ALGO,,O-20260309-003611-001-000-161,,c85aa0e7-c70e-4892-8923-8d28941497e2,2026-03-09 00:36:11.413861594+00:00,2026-03-09 00:36:11.413861594+00:00
BACKTESTER-001,OracleStrategy-000,MESM6.GLBX,GLBX-1-040,MESM6.GLBX-OracleStrategy-000,GLBX-001,GLBX-1-040,MARKET,BUY,1,GTC,True,False,1,TAKER,6682.5,0.0,['0.00 USD'],NO_TRIGGER,FILLED,NO_CONTINGENCY,,,,MY_GENERIC_ALGO,,O-20260309-003626-001-000-162,,bbd66b8c-1aed-434f-8f91-3c025254a201,2026-03-09 00:36:26.886871495+00:00,2026-03-09 00:36:26.886871495+00:00
BACKTESTER-001,OracleStrategy-000,MESM6.GLBX,GLBX-1-041,MESM6.GLBX-OracleStrategy-000,GLBX-001,GLBX-1-041,MARKET,BUY,1,GTC,False,False,1,TAKER,6682.5,0.0,['0.00 USD'],NO_TRIGGER,FILLED,NO_CONTINGENCY,,,,MY_GENERIC_ALGO,,O-20260309-003626-001-000-163,,526c1f15-6453-4d1f-8371-1b19e8b580e6,2026-03-09 00:36:26.886871495+00:00,2026-03-09 00:36:26.886871495+00:00
BACKTESTER-001,OracleStrategy-000,MESM6.GLBX,GLBX-1-042,MESM6.GLBX-OracleStrategy-000,GLBX-001,GLBX-1-042,MARKET,SELL,1,GTC,True,False,1,TAKER,6680.75,0.0,['0.00 USD'],NO_TRIGGER,FILLED,NO_CONTINGENCY,,,,MY_GENERIC_ALGO,,O-20260309-003711-001-000-164,,140a3bb3-1897-43ce-8c99-416b6caa0c59,2026-03-09 00:37:11.310558615+00:00,2026-03-09 00:37:11.310558615+00:00
BACKTESTER-001,OracleStrategy-000,MESM6.GLBX,GLBX-1-043,MESM6.GLBX-OracleStrategy-000,GLBX-001,GLBX-1-043,MARKET,SELL,1,GTC,False,False,1,TAKER,6680.75,0.0,['0.00 USD'],NO_TRIGGER,FILLED,NO_CONTINGENCY,,,,MY_GENERIC_ALGO,,O-20260309-003711-001-000-165,,f5fb5694-7db4-4ade-95df-0fd0b81333a3,2026-03-09 00:37:11.310558615+00:00,2026-03-09 00:37:11.310558615+00:00
BACKTESTER-001,OracleStrategy-000,MESM6.GLBX,GLBX-1-044,MESM6.GLBX-OracleStrategy-000,GLBX-001,GLBX-1-044,MARKET,BUY,1,GTC,True,False,1,TAKER,6679.25,0.0,['0.00 USD'],NO_TRIGGER,FILLED,NO_CONTINGENCY,,,,MY_GENERIC_ALGO,,O-20260309-003743-001-000-166,,96a90679-be0c-4a1e-abbd-aee4418770ba,2026-03-09 00:37:43.656868586+00:00,2026-03-09 00:37:43.656868586+00:00
BACKTESTER-001,OracleStrategy-000,MESM6.GLBX,GLBX-1-045,MESM6.GLBX-OracleStrategy-000,GLBX-001,GLBX-1-045,MARKET,BUY,1,GTC,False,False,1,TAKER,6679.25,0.0,['0.00 USD'],NO_TRIGGER,FILLED,NO_CONTINGENCY,,,,MY_GENERIC_ALGO,,O-20260309-003743-001-000-167,,9dfa830f-a64f-4b9e-a69d-210a3fffa611,2026-03-09 00:37:43.656868586+00:00,2026-03-09 00:37:43.656868586+00:00
BACKTESTER-001,OracleStrategy-000,MESM6.GLBX,GLBX-1-046,MESM6.GLBX-OracleStrategy-000,GLBX-001,GLBX-1-046,MARKET,SELL,1,GTC,True,False,1,TAKER,6679.0,0.0,['0.00 USD'],NO_TRIGGER,FILLED,NO_CONTINGENCY,,,,MY_GENERIC_ALGO,,O-20260309-003758-001-000-168,,8faec721-b65b-497a-bf72-40577bcdc504,2026-03-09 00:37:58.742116319+00:00,2026-03-09 00:37:58.742116319+00:00
BACKTESTER-001,OracleStrategy-000,MESM6.GLBX,GLBX-1-047,MESM6.GLBX-OracleStrategy-000,GLBX-001,GLBX-1-047,MARKET,SELL,1,GTC,False,False,1,TAKER,6679.0,0.0,['0.00 USD'],NO_TRIGGER,FILLED,NO_CONTINGENCY,,,,MY_GENERIC_ALGO,,O-20260309-003758-001-000-169,,23bf10f2-bc21-40ac-a00e-891687adec7d,2026-03-09 00:37:58.742116319+00:00,2026-03-09 00:37:58.742116319+00:00
BACKTESTER-001,OracleStrategy-000,MESM6.GLBX,GLBX-1-048,MESM6.GLBX-OracleStrategy-000,GLBX-001,GLBX-1-048,MARKET,BUY,1,GTC,True,False,1,TAKER,6679.75,0.0,['0.00 USD'],NO_TRIGGER,FILLED,NO_CONTINGENCY,,,,MY_GENERIC_ALGO,,O-20260309-003804-001-000-170,,27a6b146-33f7-4cd5-a8da-27a747155c88,2026-03-09 00:38:04.836679755+00:00,2026-03-09 00:38:04.836679755+00:00
BACKTESTER-001,OracleStrategy-000,MESM6.GLBX,GLBX-1-049,MESM6.GLBX-OracleStrategy-000,GLBX-001,GLBX-1-049,MARKET,BUY,1,GTC,False,False,1,TAKER,6679.75,0.0,['0.00 USD'],NO_TRIGGER,FILLED,NO_CONTINGENCY,,,,MY_GENERIC_ALGO,,O-20260309-003804-001-000-171,,c907f351-1a5f-4089-8a86-abe01f5ad8a1,2026-03-09 00:38:04.836679755+00:00,2026-03-09 00:38:04.836679755+00:00
BACKTESTER-001,OracleStrategy-000,MESM6.GLBX,GLBX-1-050,MESM6.GLBX-OracleStrategy-000,GLBX-001,GLBX-1-050,MARKET,SELL,1,GTC,True,False,1,TAKER,6678.75,0.0,['0.00 USD'],NO_TRIGGER,FILLED,NO_CONTINGENCY,,,,MY_GENERIC_ALGO,,O-20260309-003912-001-000-172,,79d2a3d8-aeea-4363-92b6-73c7ebc1fe22,2026-03-09 00:39:12.182813091+00:00,2026-03-09 00:39:12.182813091+00:00
BACKTESTER-001,OracleStrategy-000,MESM6.GLBX,GLBX-1-051,MESM6.GLBX-OracleStrategy-000,GLBX-001,GLBX-1-051,MARKET,SELL,1,GTC,False,False,1,TAKER,6678.75,0.0,['0.00 USD'],NO_TRIGGER,FILLED,NO_CONTINGENCY,,,,MY_GENERIC_ALGO,,O-20260309-003912-001-000-173,,6fec2943-538a-40be-8b2d-0a0735ff7fc2,2026-03-09 00:39:12.182813091+00:00,2026-03-09 00:39:12.182813091+00:00
BACKTESTER-001,OracleStrategy-000,MESM6.GLBX,GLBX-1-052,MESM6.GLBX-OracleStrategy-000,GLBX-001,GLBX-1-052,MARKET,BUY,1,GTC,True,False,1,TAKER,6675.25,0.0,['0.00 USD'],NO_TRIGGER,FILLED,NO_CONTINGENCY,,,,MY_GENERIC_ALGO,,O-20260309-003942-001-000-174,,42db6610-abed-4dd5-989b-7d13e130f6ea,2026-03-09 00:39:42.719342408+00:00,2026-03-09 00:39:42.719342408+00:00
BACKTESTER-001,OracleStrategy-000,MESM6.GLBX,GLBX-1-053,MESM6.GLBX-OracleStrategy-000,GLBX-001,GLBX-1-053,MARKET,BUY,1,GTC,False,False,1,TAKER,6675.25,0.0,['0.00 USD'],NO_TRIGGER,FILLED,NO_CONTINGENCY,,,,MY_GENERIC_ALGO,,O-20260309-003942-001-000-175,,538f6a46-5f69-4cc9-a95d-dbc05432eb25,2026-03-09 00:39:42.719342408+00:00,2026-03-09 00:39:42.719342408+00:00
BACKTESTER-001,OracleStrategy-000,MESM6.GLBX,GLBX-1-054,MESM6.GLBX-OracleStrategy-000,GLBX-001,GLBX-1-054,MARKET,SELL,1,GTC,True,False,1,TAKER,6675.25,0.0,['0.00 USD'],NO_TRIGGER,FILLED,NO_CONTINGENCY,,,,MY_GENERIC_ALGO,,O-20260309-003959-001-000-176,,0c4698a8-a5cb-4eb7-ae4b-76505332f000,2026-03-09 00:39:59.885923302+00:00,2026-03-09 00:39:59.885923302+00:00
BACKTESTER-001,OracleStrategy-000,MESM6.GLBX,GLBX-1-055,MESM6.GLBX-OracleStrategy-000,GLBX-001,GLBX-1-055,MARKET,SELL,1,GTC,False,False,1,TAKER,6675.25,0.0,['0.00 USD'],NO_TRIGGER,FILLED,NO_CONTINGENCY,,,,MY_GENERIC_ALGO,,O-20260309-003959-001-000-177,,c03f1468-60ef-4c9d-bb41-6a1b236e4f4f,2026-03-09 00:39:59.885923302+00:00,2026-03-09 00:39:59.885923302+00:00
BACKTESTER-001,OracleStrategy-000,MESM6.GLBX,GLBX-1-056,MESM6.GLBX-OracleStrategy-000,GLBX-001,GLBX-1-056,MARKET,BUY,1,GTC,True,False,1,TAKER,6675.0,0.0,['0.00 USD'],NO_TRIGGER,FILLED,NO_CONTINGENCY,,,,MY_GENERIC_ALGO,,O-20260309-004005-001-000-178,,07f82e49-ad0b-4e0d-aa73-ae3af10a37dd,2026-03-09 00:40:05.239829183+00:00,2026-03-09 00:40:05.239829183+00:00
BACKTESTER-001,OracleStrategy-000,MESM6.GLBX,GLBX-1-057,MESM6.GLBX-OracleStrategy-000,GLBX-001,GLBX-1-057,MARKET,BUY,1,GTC,False,False,1,TAKER,6675.0,0.0,['0.00 USD'],NO_TRIGGER,FILLED,NO_CONTINGENCY,,,,MY_GENERIC_ALGO,,O-20260309-004005-001-000-179,,0b6a5321-2281-4134-b0c4-4dada21e4746,2026-03-09 00:40:05.239829183+00:00,2026-03-09 00:40:05.239829183+00:00
BACKTESTER-001,OracleStrategy-000,MESM6.GLBX,GLBX-1-058,MESM6.GLBX-OracleStrategy-000,GLBX-001,GLBX-1-058,MARKET,SELL,1,GTC,True,False,1,TAKER,6674.0,0.0,['0.00 USD'],NO_TRIGGER,FILLED,NO_CONTINGENCY,,,,MY_GENERIC_ALGO,,O-20260309-004024-001-000-180,,ea7cb37b-0e13-4d5f-a687-7572c2f94b24,2026-03-09 00:40:24.164004277+00:00,2026-03-09 00:40:24.164004277+00:00
BACKTESTER-001,OracleStrategy-000,MESM6.GLBX,GLBX-1-059,MESM6.GLBX-OracleStrategy-000,GLBX-001,GLBX-1-059,MARKET,SELL,1,GTC,False,False,1,TAKER,6674.0,0.0,['0.00 USD'],NO_TRIGGER,FILLED,NO_CONTINGENCY,,,,MY_GENERIC_ALGO,,O-20260309-004024-001-000-181,,4e057ba5-ff6b-418a-8dd8-971daa013978,2026-03-09 00:40:24.164004277+00:00,2026-03-09 00:40:24.164004277+00:00
BACKTESTER-001,OracleStrategy-000,MESM6.GLBX,GLBX-1-060,MESM6.GLBX-OracleStrategy-000,GLBX-001,GLBX-1-060,MARKET,BUY,1,GTC,True,False,1,TAKER,6673.0,0.0,['0.00 USD'],NO_TRIGGER,FILLED,NO_CONTINGENCY,,,,MY_GENERIC_ALGO,,O-20260309-004033-001-000-182,,93d4b95b-fddc-4b11-8188-508720f73cad,2026-03-09 00:40:33.502969191+00:00,2026-03-09 00:40:33.502969191+00:00
BACKTESTER-001,OracleStrategy-000,MESM6.GLBX,GLBX-1-061,MESM6.GLBX-OracleStrategy-000,GLBX-001,GLBX-1-061,MARKET,BUY,1,GTC,False,False,1,TAKER,6673.0,0.0,['0.00 USD'],NO_TRIGGER,FILLED,NO_CONTINGENCY,,,,MY_GENERIC_ALGO,,O-20260309-004033-001-000-183,,a6294d78-ebe1-49bb-920f-29d487146d48,2026-03-09 00:40:33.502969191+00:00,2026-03-09 00:40:33.502969191+00:00
BACKTESTER-001,OracleStrategy-000,MESM6.GLBX,GLBX-1-062,MESM6.GLBX-OracleStrategy-000,GLBX-001,GLBX-1-062,MARKET,SELL,1,GTC,True,False,1,TAKER,6672.0,0.0,['0.00 USD'],NO_TRIGGER,FILLED,NO_CONTINGENCY,,,,MY_GENERIC_ALGO,,O-20260309-004042-001-000-184,,d4eec95a-b643-404e-9084-b2f11f64fd7a,2026-03-09 00:40:42.903846216+00:00,2026-03-09 00:40:42.903846216+00:00
BACKTESTER-001,OracleStrategy-000,MESM6.GLBX,GLBX-1-063,MESM6.GLBX-OracleStrategy-000,GLBX-001,GLBX-1-063,MARKET,SELL,1,GTC,False,False,1,TAKER,6672.0,0.0,['0.00 USD'],NO_TRIGGER,FILLED,NO_CONTINGENCY,,,,MY_GENERIC_ALGO,,O-20260309-004042-001-000-185,,6dc55d65-7e62-44b3-b758-2ab798359647,2026-03-09 00:40:42.903846216+00:00,2026-03-09 00:40:42.903846216+00:00
BACKTESTER-001,OracleStrategy-000,MESM6.GLBX,GLBX-1-064,MESM6.GLBX-OracleStrategy-000,GLBX-001,GLBX-1-064,MARKET,BUY,1,GTC,True,False,1,TAKER,6670.75,0.0,['0.00 USD'],NO_TRIGGER,FILLED,NO_CONTINGENCY,,,,MY_GENERIC_ALGO,,O-20260309-004234-001-000-186,,7773fc6f-0737-4b26-bc82-3b790b5b0622,2026-03-09 00:42:34.508592007+00:00,2026-03-09 00:42:34.508592007+00:00
BACKTESTER-001,OracleStrategy-000,MESM6.GLBX,GLBX-1-065,MESM6.GLBX-OracleStrategy-000,GLBX-001,GLBX-1-065,MARKET,BUY,1,GTC,False,False,1,TAKER,6670.75,0.0,['0.00 USD'],NO_TRIGGER,FILLED,NO_CONTINGENCY,,,,MY_GENERIC_ALGO,,O-20260309-004234-001-000-187,,45efed69-90a2-416c-afe4-3e711a25502e,2026-03-09 00:42:34.508592007+00:00,2026-03-09 00:42:34.508592007+00:00
BACKTESTER-001,OracleStrategy-000,MESM6.GLBX,GLBX-1-066,MESM6.GLBX-OracleStrategy-000,GLBX-001,GLBX-1-066,MARKET,SELL,1,GTC,True,False,1,TAKER,6670.25,0.0,['0.00 USD'],NO_TRIGGER,FILLED,NO_CONTINGENCY,,,,MY_GENERIC_ALGO,,O-20260309-004244-001-000-188,,adfed704-11ed-48dc-98cb-623150ba79b4,2026-03-09 00:42:44.018888314+00:00,2026-03-09 00:42:44.018888314+00:00
BACKTESTER-001,OracleStrategy-000,MESM6.GLBX,GLBX-1-067,MESM6.GLBX-OracleStrategy-000,GLBX-001,GLBX-1-067,MARKET,SELL,1,GTC,False,False,1,TAKER,6670.25,0.0,['0.00 USD'],NO_TRIGGER,FILLED,NO_CONTINGENCY,,,,MY_GENERIC_ALGO,,O-20260309-004244-001-000-189,,cfc863d3-6d5f-427a-b43b-e82947fd0d37,2026-03-09 00:42:44.018888314+00:00,2026-03-09 00:42:44.018888314+00:00
BACKTESTER-001,OracleStrategy-000,MESM6.GLBX,GLBX-1-068,MESM6.GLBX-OracleStrategy-000,GLBX-001,GLBX-1-068,MARKET,BUY,1,GTC,True,False,1,TAKER,6670.75,0.0,['0.00 USD'],NO_TRIGGER,FILLED,NO_CONTINGENCY,,,,MY_GENERIC_ALGO,,O-20260309-004255-001-000-190,,df675ab3-3626-4f04-87f3-64641344c217,2026-03-09 00:42:55.454066005+00:00,2026-03-09 00:42:55.454066005+00:00
BACKTESTER-001,OracleStrategy-000,MESM6.GLBX,GLBX-1-069,MESM6.GLBX-OracleStrategy-000,GLBX-001,GLBX-1-069,MARKET,BUY,1,GTC,False,False,1,TAKER,6670.75,0.0,['0.00 USD'],NO_TRIGGER,FILLED,NO_CONTINGENCY,,,,MY_GENERIC_ALGO,,O-20260309-004255-001-000-191,,a32168c6-7662-40c6-be34-4335dde97419,2026-03-09 00:42:55.454066005+00:00,2026-03-09 00:42:55.454066005+00:00
BACKTESTER-001,OracleStrategy-000,MESM6.GLBX,GLBX-1-070,MESM6.GLBX-OracleStrategy-000,GLBX-001,GLBX-1-070,MARKET,SELL,1,GTC,True,False,1,TAKER,6669.75,0.0,['0.00 USD'],NO_TRIGGER,FILLED,NO_CONTINGENCY,,,,MY_GENERIC_ALGO,,O-20260309-004303-001-000-192,,aa733f33-a748-4268-a7bc-be0d32706580,2026-03-09 00:43:03.416900427+00:00,2026-03-09 00:43:03.416900427+00:00
BACKTESTER-001,OracleStrategy-000,MESM6.GLBX,GLBX-1-071,MESM6.GLBX-OracleStrategy-000,GLBX-001,GLBX-1-071,MARKET,SELL,1,GTC,False,False,1,TAKER,6669.75,0.0,['0.00 USD'],NO_TRIGGER,FILLED,NO_CONTINGENCY,,,,MY_GENERIC_ALGO,,O-20260309-004303-001-000-193,,5b6af782-0706-4af6-be74-a179e0dae562,2026-03-09 00:43:03.416900427+00:00,2026-03-09 00:43:03.416900427+00:00
BACKTESTER-001,OracleStrategy-000,MESM6.GLBX,GLBX-1-072,MESM6.GLBX-OracleStrategy-000,GLBX-001,GLBX-1-072,MARKET,BUY,1,GTC,True,False,1,TAKER,6670.0,0.0,['0.00 USD'],NO_TRIGGER,FILLED,NO_CONTINGENCY,,,,MY_GENERIC_ALGO,,O-20260309-004306-001-000-194,,0bc1bfdd-26eb-46c4-87e2-c73dc4a08f20,2026-03-09 00:43:06.405871139+00:00,2026-03-09 00:43:06.405871139+00:00
BACKTESTER-001,OracleStrategy-000,MESM6.GLBX,GLBX-1-073,MESM6.GLBX-OracleStrategy-000,GLBX-001,GLBX-1-073,MARKET,BUY,1,GTC,False,False,1,TAKER,6670.0,0.0,['0.00 USD'],NO_TRIGGER,FILLED,NO_CONTINGENCY,,,,MY_GENERIC_ALGO,,O-20260309-004306-001-000-195,,c05c6f7d-f935-4911-9ee7-1b53fbad5769,2026-03-09 00:43:06.405871139+00:00,2026-03-09 00:43:06.405871139+00:00
BACKTESTER-001,OracleStrategy-000,MESM6.GLBX,GLBX-1-074,MESM6.GLBX-OracleStrategy-000,GLBX-001,GLBX-1-074,MARKET,SELL,1,GTC,True,False,1,TAKER,6668.5,0.0,['0.00 USD'],NO_TRIGGER,FILLED,NO_CONTINGENCY,,,,MY_GENERIC_ALGO,,O-20260309-004319-001-000-196,,97666890-3f3a-46e4-a4b5-53cd2f3c3119,2026-03-09 00:43:19.099777408+00:00,2026-03-09 00:43:19.099777408+00:00
BACKTESTER-001,OracleStrategy-000,MESM6.GLBX,GLBX-1-075,MESM6.GLBX-OracleStrategy-000,GLBX-001,GLBX-1-075,MARKET,SELL,1,GTC,False,False,1,TAKER,6668.5,0.0,['0.00 USD'],NO_TRIGGER,FILLED,NO_CONTINGENCY,,,,MY_GENERIC_ALGO,,O-20260309-004319-001-000-197,,4be5548a-fcf4-4d0d-b15b-7256ef7faf19,2026-03-09 00:43:19.099777408+00:00,2026-03-09 00:43:19.099777408+00:00
BACKTESTER-001,OracleStrategy-000,MESM6.GLBX,GLBX-1-076,MESM6.GLBX-OracleStrategy-000,GLBX-001,GLBX-1-076,MARKET,BUY,1,GTC,True,False,1,TAKER,6668.5,0.0,['0.00 USD'],NO_TRIGGER,FILLED,NO_CONTINGENCY,,,,MY_GENERIC_ALGO,,O-20260309-004326-001-000-198,,bb9bbe68-fe6d-44ee-86f2-d65151feb25b,2026-03-09 00:43:26.617765778+00:00,2026-03-09 00:43:26.617765778+00:00
BACKTESTER-001,OracleStrategy-000,MESM6.GLBX,GLBX-1-077,MESM6.GLBX-OracleStrategy-000,GLBX-001,GLBX-1-077,MARKET,BUY,1,GTC,False,False,1,TAKER,6668.5,0.0,['0.00 USD'],NO_TRIGGER,FILLED,NO_CONTINGENCY,,,,MY_GENERIC_ALGO,,O-20260309-004326-001-000-199,,b2ef1ab6-4dca-4cdd-b116-5a6a74a43c9c,2026-03-09 00:43:26.617765778+00:00,2026-03-09 00:43:26.617765778+00:00
BACKTESTER-001,OracleStrategy-000,MESM6.GLBX,GLBX-1-078,MESM6.GLBX-OracleStrategy-000,GLBX-001,GLBX-1-078,MARKET,SELL,1,GTC,True,False,1,TAKER,6668.0,0.0,['0.00 USD'],NO_TRIGGER,FILLED,NO_CONTINGENCY,,,,MY_GENERIC_ALGO,,O-20260309-004343-001-000-200,,6930edd6-66b8-42f5-8466-a332ccfe769c,2026-03-09 00:43:43.348890245+00:00,2026-03-09 00:43:43.348890245+00:00
BACKTESTER-001,OracleStrategy-000,MESM6.GLBX,GLBX-1-079,MESM6.GLBX-OracleStrategy-000,GLBX-001,GLBX-1-079,MARKET,SELL,1,GTC,False,False,1,TAKER,6668.0,0.0,['0.00 USD'],NO_TRIGGER,FILLED,NO_CONTINGENCY,,,,MY_GENERIC_ALGO,,O-20260309-004343-001-000-201,,ce2095bd-b4d1-4fd3-b71b-a32b67bb5846,2026-03-09 00:43:43.348890245+00:00,2026-03-09 00:43:43.348890245+00:00
BACKTESTER-001,OracleStrategy-000,MESM6.GLBX,GLBX-1-080,MESM6.GLBX-OracleStrategy-000,GLBX-001,GLBX-1-080,MARKET,BUY,1,GTC,True,False,1,TAKER,6669.0,0.0,['0.00 USD'],NO_TRIGGER,FILLED,NO_CONTINGENCY,,,,MY_GENERIC_ALGO,,O-20260309-004431-001-000-202,,854da925-a131-4e8a-9b02-5e9b734f8070,2026-03-09 00:44:31.641361123+00:00,2026-03-09 00:44:31.641361123+00:00
BACKTESTER-001,OracleStrategy-000,MESM6.GLBX,GLBX-1-081,MESM6.GLBX-OracleStrategy-000,GLBX-001,GLBX-1-081,MARKET,BUY,1,GTC,False,False,1,TAKER,6669.0,0.0,['0.00 USD'],NO_TRIGGER,FILLED,NO_CONTINGENCY,,,,MY_GENERIC_ALGO,,O-20260309-004431-001-000-203,,d4d2dab9-4c79-4602-8312-f78d15eb6606,2026-03-09 00:44:31.641361123+00:00,2026-03-09 00:44:31.641361123+00:00
BACKTESTER-001,OracleStrategy-000,MESM6.GLBX,GLBX-1-082,MESM6.GLBX-OracleStrategy-000,GLBX-001,GLBX-1-082,MARKET,SELL,1,GTC,True,False,1,TAKER,6667.25,0.0,['0.00 USD'],NO_TRIGGER,FILLED,NO_CONTINGENCY,,,,MY_GENERIC_ALGO,,O-20260309-004511-001-000-204,,c7d20e31-375e-4249-ae7a-2689cae8aecf,2026-03-09 00:45:11.029540847+00:00,2026-03-09 00:45:11.029540847+00:00
BACKTESTER-001,OracleStrategy-000,MESM6.GLBX,GLBX-1-083,MESM6.GLBX-OracleStrategy-000,GLBX-001,GLBX-1-083,MARKET,SELL,1,GTC,False,False,1,TAKER,6667.25,0.0,['0.00 USD'],NO_TRIGGER,FILLED,NO_CONTINGENCY,,,,MY_GENERIC_ALGO,,O-20260309-004511-001-000-205,,2ce7225a-7b54-454f-ac78-e40f4e206a58,2026-03-09 00:45:11.029540847+00:00,2026-03-09 00:45:11.029540847+00:00
BACKTESTER-001,OracleStrategy-000,MESM6.GLBX,GLBX-1-084,MESM6.GLBX-OracleStrategy-000,GLBX-001,GLBX-1-084,MARKET,BUY,1,GTC,True,False,1,TAKER,6666.5,0.0,['0.00 USD'],NO_TRIGGER,FILLED,NO_CONTINGENCY,,,,MY_GENERIC_ALGO,,O-20260309-004546-001-000-206,,458c6bc7-9742-4683-8fe3-8c1f56dfeffd,2026-03-09 00:45:46.215648074+00:00,2026-03-09 00:45:46.215648074+00:00
BACKTESTER-001,OracleStrategy-000,MESM6.GLBX,GLBX-1-085,MESM6.GLBX-OracleStrategy-000,GLBX-001,GLBX-1-085,MARKET,BUY,1,GTC,False,False,1,TAKER,6666.5,0.0,['0.00 USD'],NO_TRIGGER,FILLED,NO_CONTINGENCY,,,,MY_GENERIC_ALGO,,O-20260309-004546-001-000-207,,8db37877-bc4a-4728-9a4b-27f66b139330,2026-03-09 00:45:46.215648074+00:00,2026-03-09 00:45:46.215648074+00:00
BACKTESTER-001,OracleStrategy-000,MESM6.GLBX,GLBX-1-086,MESM6.GLBX-OracleStrategy-000,GLBX-001,GLBX-1-086,MARKET,SELL,1,GTC,True,False,1,TAKER,6668.75,0.0,['0.00 USD'],NO_TRIGGER,FILLED,NO_CONTINGENCY,,,,MY_GENERIC_ALGO,,O-20260309-004605-001-000-208,,59fd24a1-cf09-4fa3-bc2c-3377968b73bd,2026-03-09 00:46:05.516278179+00:00,2026-03-09 00:46:05.516278179+00:00
BACKTESTER-001,OracleStrategy-000,MESM6.GLBX,GLBX-1-087,MESM6.GLBX-OracleStrategy-000,GLBX-001,GLBX-1-087,MARKET,SELL,1,GTC,False,False,1,TAKER,6668.75,0.0,['0.00 USD'],NO_TRIGGER,FILLED,NO_CONTINGENCY,,,,MY_GENERIC_ALGO,,O-20260309-004605-001-000-209,,e1ab79b5-8ff9-46f3-8e70-68da366c6084,2026-03-09 00:46:05.516278179+00:00,2026-03-09 00:46:05.516278179+00:00
BACKTESTER-001,OracleStrategy-000,MESM6.GLBX,GLBX-1-088,MESM6.GLBX-OracleStrategy-000,GLBX-001,GLBX-1-088,MARKET,BUY,1,GTC,True,False,1,TAKER,6668.25,0.0,['0.00 USD'],NO_TRIGGER,FILLED,NO_CONTINGENCY,,,,MY_GENERIC_ALGO,,O-20260309-004727-001-000-210,,1078b3e9-5c4a-46fa-9d29-c18916920772,2026-03-09 00:47:27.155310380+00:00,2026-03-09 00:47:27.155310380+00:00
BACKTESTER-001,OracleStrategy-000,MESM6.GLBX,GLBX-1-089,MESM6.GLBX-OracleStrategy-000,GLBX-001,GLBX-1-089,MARKET,BUY,1,GTC,False,False,1,TAKER,6668.25,0.0,['0.00 USD'],NO_TRIGGER,FILLED,NO_CONTINGENCY,,,,MY_GENERIC_ALGO,,O-20260309-004727-001-000-211,,880483f8-250d-43bf-a54e-3568a50261da,2026-03-09 00:47:27.155310380+00:00,2026-03-09 00:47:27.155310380+00:00
BACKTESTER-001,OracleStrategy-000,MESM6.GLBX,GLBX-1-090,MESM6.GLBX-OracleStrategy-000,GLBX-001,GLBX-1-090,MARKET,SELL,1,GTC,True,False,1,TAKER,6665.75,0.0,['0.00 USD'],NO_TRIGGER,FILLED,NO_CONTINGENCY,,,,MY_GENERIC_ALGO,,O-20260309-004800-001-000-212,,1d50f303-11a5-4a8a-86f7-603517514166,2026-03-09 00:48:00.885608973+00:00,2026-03-09 00:48:00.885608973+00:00
BACKTESTER-001,OracleStrategy-000,MESM6.GLBX,GLBX-1-091,MESM6.GLBX-OracleStrategy-000,GLBX-001,GLBX-1-091,MARKET,BUY,1,GTC,False,False,1,TAKER,6668.0,0.0,['0.00 USD'],NO_TRIGGER,FILLED,NO_CONTINGENCY,,,,MY_GENERIC_ALGO,,O-20260309-004830-001-000-217,,d8bfff58-3dae-47ea-9d81-f28f5c676c28,2026-03-09 00:48:30.866384303+00:00,2026-03-09 00:48:30.866384303+00:00
BACKTESTER-001,OracleStrategy-000,MESM6.GLBX,GLBX-1-092,MESM6.GLBX-OracleStrategy-000,GLBX-001,GLBX-1-092,MARKET,SELL,1,GTC,True,False,1,TAKER,6667.0,0.0,['0.00 USD'],NO_TRIGGER,FILLED,NO_CONTINGENCY,,,,MY_GENERIC_ALGO,,O-20260309-004848-001-000-218,,c96220ac-f7b3-4a0d-b473-74b6111f501a,2026-03-09 00:48:48.029226091+00:00,2026-03-09 00:48:48.029226091+00:00
BACKTESTER-001,OracleStrategy-000,MESM6.GLBX,GLBX-1-093,MESM6.GLBX-OracleStrategy-000,GLBX-001,GLBX-1-093,MARKET,SELL,1,GTC,False,False,1,TAKER,6667.0,0.0,['0.00 USD'],NO_TRIGGER,FILLED,NO_CONTINGENCY,,,,MY_GENERIC_ALGO,,O-20260309-004848-001-000-219,,f89aa601-88a9-4d45-88bf-74d67e44c06c,2026-03-09 00:48:48.029226091+00:00,2026-03-09 00:48:48.029226091+00:00
BACKTESTER-001,OracleStrategy-000,MESM6.GLBX,GLBX-1-094,MESM6.GLBX-OracleStrategy-000,GLBX-001,GLBX-1-094,MARKET,BUY,1,GTC,True,False,1,TAKER,6669.0,0.0,['0.00 USD'],NO_TRIGGER,FILLED,NO_CONTINGENCY,,,,MY_GENERIC_ALGO,,O-20260309-004954-001-000-220,,f83700c3-dc7c-4295-a966-41cce31348a9,2026-03-09 00:49:54.333502+00:00,2026-03-09 00:49:54.333502+00:00
BACKTESTER-001,OracleStrategy-000,MESM6.GLBX,GLBX-1-095,MESM6.GLBX-OracleStrategy-000,GLBX-001,GLBX-1-095,MARKET,BUY,1,GTC,False,False,1,TAKER,6667.5,0.0,['0.00 USD'],NO_TRIGGER,FILLED,NO_CONTINGENCY,,,,MY_GENERIC_ALGO,,O-20260309-005053-001-000-225,,694b75bc-9d2a-4df6-bd24-3e29a2f4c282,2026-03-09 00:50:53.104595051+00:00,2026-03-09 00:50:53.104595051+00:00
BACKTESTER-001,OracleStrategy-000,MESM6.GLBX,GLBX-1-096,MESM6.GLBX-OracleStrategy-000,GLBX-001,GLBX-1-096,MARKET,SELL,1,GTC,True,False,1,TAKER,6667.75,0.0,['0.00 USD'],NO_TRIGGER,FILLED,NO_CONTINGENCY,,,,MY_GENERIC_ALGO,,O-20260309-005119-001-000-226,,3eaf3143-a972-4319-9228-92ca1b985b89,2026-03-09 00:51:19.856277477+00:00,2026-03-09 00:51:19.856277477+00:00
BACKTESTER-001,OracleStrategy-000,MESM6.GLBX,GLBX-1-097,MESM6.GLBX-OracleStrategy-000,GLBX-001,GLBX-1-097,MARKET,SELL,1,GTC,False,False,1,TAKER,6667.75,0.0,['0.00 USD'],NO_TRIGGER,FILLED,NO_CONTINGENCY,,,,MY_GENERIC_ALGO,,O-20260309-005119-001-000-227,,3f35191a-3ef9-4859-b260-39c29bc8636c,2026-03-09 00:51:19.856277477+00:00,2026-03-09 00:51:19.856277477+00:00
BACKTESTER-001,OracleStrategy-000,MESM6.GLBX,GLBX-1-098,MESM6.GLBX-OracleStrategy-000,GLBX-001,GLBX-1-098,MARKET,BUY,1,GTC,True,False,1,TAKER,6666.75,0.0,['0.00 USD'],NO_TRIGGER,FILLED,NO_CONTINGENCY,,,,MY_GENERIC_ALGO,,O-20260309-005235-001-000-228,,09c28892-dca8-4788-accb-66f84fc75b55,2026-03-09 00:52:35.590197303+00:00,2026-03-09 00:52:35.590197303+00:00
BACKTESTER-001,OracleStrategy-000,MESM6.GLBX,GLBX-1-099,MESM6.GLBX-OracleStrategy-000,GLBX-001,GLBX-1-099,MARKET,BUY,1,GTC,False,False,1,TAKER,6666.75,0.0,['0.00 USD'],NO_TRIGGER,FILLED,NO_CONTINGENCY,,,,MY_GENERIC_ALGO,,O-20260309-005235-001-000-229,,40a5a106-cb9f-473a-9326-aeb194771fc0,2026-03-09 00:52:35.590197303+00:00,2026-03-09 00:52:35.590197303+00:00
BACKTESTER-001,OracleStrategy-000,MESM6.GLBX,GLBX-1-100,MESM6.GLBX-OracleStrategy-000,GLBX-001,GLBX-1-100,MARKET,SELL,1,GTC,True,False,1,TAKER,6665.25,0.0,['0.00 USD'],NO_TRIGGER,FILLED,NO_CONTINGENCY,,,,MY_GENERIC_ALGO,,O-20260309-005355-001-000-230,,e337c6db-1652-432d-99a6-51a63e2c89b2,2026-03-09 00:53:55.331714303+00:00,2026-03-09 00:53:55.331714303+00:00
BACKTESTER-001,OracleStrategy-000,MESM6.GLBX,GLBX-1-101,MESM6.GLBX-OracleStrategy-000,GLBX-001,GLBX-1-101,MARKET,SELL,1,GTC,False,False,1,TAKER,6665.25,0.0,['0.00 USD'],NO_TRIGGER,FILLED,NO_CONTINGENCY,,,,MY_GENERIC_ALGO,,O-20260309-005355-001-000-231,,3cbd03ff-038b-476e-ad99-2f1fa160d213,2026-03-09 00:53:55.331714303+00:00,2026-03-09 00:53:55.331714303+00:00
BACKTESTER-001,OracleStrategy-000,MESM6.GLBX,GLBX-1-102,MESM6.GLBX-OracleStrategy-000,GLBX-001,GLBX-1-102,MARKET,BUY,1,GTC,True,False,1,TAKER,6666.75,0.0,['0.00 USD'],NO_TRIGGER,FILLED,NO_CONTINGENCY,,,,MY_GENERIC_ALGO,,O-20260309-005358-001-000-232,,52faf3c8-8c21-4e50-8d64-df8ecaac3234,2026-03-09 00:53:58.271327013+00:00,2026-03-09 00:53:58.271327013+00:00
BACKTESTER-001,OracleStrategy-000,MESM6.GLBX,GLBX-1-103,MESM6.GLBX-OracleStrategy-000,GLBX-001,GLBX-1-103,MARKET,BUY,1,GTC,False,False,1,TAKER,6666.75,0.0,['0.00 USD'],NO_TRIGGER,FILLED,NO_CONTINGENCY,,,,MY_GENERIC_ALGO,,O-20260309-005358-001-000-233,,f0411662-b3fe-4c72-8005-45285edaffe6,2026-03-09 00:53:58.271327013+00:00,2026-03-09 00:53:58.271327013+00:00
BACKTESTER-001,OracleStrategy-000,MESM6.GLBX,GLBX-1-104,MESM6.GLBX-OracleStrategy-000,GLBX-001,GLBX-1-104,MARKET,SELL,1,GTC,True,False,1,TAKER,6666.5,0.0,['0.00 USD'],NO_TRIGGER,FILLED,NO_CONTINGENCY,,,,MY_GENERIC_ALGO,,O-20260309-005400-001-000-234,,d1dd4312-e06e-480d-b36c-344c756ad57b,2026-03-09 00:54:00.097276477+00:00,2026-03-09 00:54:00.097276477+00:00
BACKTESTER-001,OracleStrategy-000,MESM6.GLBX,GLBX-1-105,MESM6.GLBX-OracleStrategy-000,GLBX-001,GLBX-1-105,MARKET,SELL,1,GTC,False,False,1,TAKER,6666.5,0.0,['0.00 USD'],NO_TRIGGER,FILLED,NO_CONTINGENCY,,,,MY_GENERIC_ALGO,,O-20260309-005400-001-000-235,,fc2db944-65df-4574-ad5e-00980cf60972,2026-03-09 00:54:00.097276477+00:00,2026-03-09 00:54:00.097276477+00:00
BACKTESTER-001,OracleStrategy-000,MESM6.GLBX,GLBX-1-106,MESM6.GLBX-OracleStrategy-000,GLBX-001,GLBX-1-106,MARKET,BUY,1,GTC,True,False,1,TAKER,6665.5,0.0,['0.00 USD'],NO_TRIGGER,FILLED,NO_CONTINGENCY,,,,MY_GENERIC_ALGO,,O-20260309-005424-001-000-236,,00be0fd8-9fbd-4012-a3b0-65fb5049c66f,2026-03-09 00:54:24.425834877+00:00,2026-03-09 00:54:24.425834877+00:00
BACKTESTER-001,OracleStrategy-000,MESM6.GLBX,GLBX-1-107,MESM6.GLBX-OracleStrategy-000,GLBX-001,GLBX-1-107,MARKET,BUY,1,GTC,False,False,1,TAKER,6665.5,0.0,['0.00 USD'],NO_TRIGGER,FILLED,NO_CONTINGENCY,,,,MY_GENERIC_ALGO,,O-20260309-005424-001-000-237,,ca5de31e-b296-480b-beb1-ca0cffe20fb7,2026-03-09 00:54:24.425834877+00:00,2026-03-09 00:54:24.425834877+00:00
BACKTESTER-001,OracleStrategy-000,MESM6.GLBX,GLBX-1-108,MESM6.GLBX-OracleStrategy-000,GLBX-001,GLBX-1-108,MARKET,SELL,1,GTC,True,False,1,TAKER,6664.0,0.0,['0.00 USD'],NO_TRIGGER,FILLED,NO_CONTINGENCY,,,,MY_GENERIC_ALGO,,O-20260309-005432-001-000-238,,40ba82e0-4699-485d-b3dc-9f9d020fc64b,2026-03-09 00:54:32.693098850+00:00,2026-03-09 00:54:32.693098850+00:00
BACKTESTER-001,OracleStrategy-000,MESM6.GLBX,GLBX-1-109,MESM6.GLBX-OracleStrategy-000,GLBX-001,GLBX-1-109,MARKET,SELL,1,GTC,False,False,1,TAKER,6664.0,0.0,['0.00 USD'],NO_TRIGGER,FILLED,NO_CONTINGENCY,,,,MY_GENERIC_ALGO,,O-20260309-005432-001-000-239,,2a8262eb-5de7-47f1-8e15-1e5bedee34c8,2026-03-09 00:54:32.693098850+00:00,2026-03-09 00:54:32.693098850+00:00
BACKTESTER-001,OracleStrategy-000,MESM6.GLBX,GLBX-1-110,MESM6.GLBX-OracleStrategy-000,GLBX-001,GLBX-1-110,MARKET,BUY,1,GTC,True,False,1,TAKER,6664.75,0.0,['0.00 USD'],NO_TRIGGER,FILLED,NO_CONTINGENCY,,,,MY_GENERIC_ALGO,,O-20260309-005440-001-000-240,,1b3d59b8-5e36-4a21-8beb-6c6e0c39c082,2026-03-09 00:54:40.336644658+00:00,2026-03-09 00:54:40.336644658+00:00
BACKTESTER-001,OracleStrategy-000,MESM6.GLBX,GLBX-1-111,MESM6.GLBX-OracleStrategy-000,GLBX-001,GLBX-1-111,MARKET,BUY,1,GTC,False,False,1,TAKER,6664.75,0.0,['0.00 USD'],NO_TRIGGER,FILLED,NO_CONTINGENCY,,,,MY_GENERIC_ALGO,,O-20260309-005440-001-000-241,,bc25100f-e88c-49a7-bbab-df215cbba832,2026-03-09 00:54:40.336644658+00:00,2026-03-09 00:54:40.336644658+00:00
BACKTESTER-001,OracleStrategy-000,MESM6.GLBX,GLBX-1-112,MESM6.GLBX-OracleStrategy-000,GLBX-001,GLBX-1-112,MARKET,SELL,1,GTC,True,False,1,TAKER,6663.0,0.0,['0.00 USD'],NO_TRIGGER,FILLED,NO_CONTINGENCY,,,,MY_GENERIC_ALGO,,O-20260309-005444-001-000-242,,a53aed11-52d9-42ab-bdbd-77bb0f5e76aa,2026-03-09 00:54:44.185663331+00:00,2026-03-09 00:54:44.185663331+00:00
BACKTESTER-001,OracleStrategy-000,MESM6.GLBX,GLBX-1-113,MESM6.GLBX-OracleStrategy-000,GLBX-001,GLBX-1-113,MARKET,BUY,1,GTC,False,False,1,TAKER,6662.75,0.0,['0.00 USD'],NO_TRIGGER,FILLED,NO_CONTINGENCY,,,,MY_GENERIC_ALGO,,O-20260309-005710-001-000-255,,9a74c9da-8323-487c-b4df-750864596ab7,2026-03-09 00:57:10.976650972+00:00,2026-03-09 00:57:10.976650972+00:00
BACKTESTER-001,OracleStrategy-000,MESM6.GLBX,GLBX-1-114,MESM6.GLBX-OracleStrategy-000,GLBX-001,GLBX-1-114,MARKET,SELL,1,GTC,True,False,1,TAKER,6665.0,0.0,['0.00 USD'],NO_TRIGGER,FILLED,NO_CONTINGENCY,,,,MY_GENERIC_ALGO,,O-20260309-005809-001-000-256,,ef14f95e-3e5a-4a32-bef6-dbec2f7b2d32,2026-03-09 00:58:09.789118301+00:00,2026-03-09 00:58:09.789118301+00:00
BACKTESTER-001,OracleStrategy-000,MESM6.GLBX,GLBX-1-115,MESM6.GLBX-OracleStrategy-000,GLBX-001,GLBX-1-115,MARKET,SELL,1,GTC,False,False,1,TAKER,6665.0,0.0,['0.00 USD'],NO_TRIGGER,FILLED,NO_CONTINGENCY,,,,MY_GENERIC_ALGO,,O-20260309-005809-001-000-257,,99892720-698e-4641-8aee-32744b1e3a16,2026-03-09 00:58:09.789118301+00:00,2026-03-09 00:58:09.789118301+00:00
BACKTESTER-001,OracleStrategy-000,MESM6.GLBX,GLBX-1-116,MESM6.GLBX-OracleStrategy-000,GLBX-001,GLBX-1-116,MARKET,BUY,1,GTC,True,False,1,TAKER,6665.5,0.0,['0.00 USD'],NO_TRIGGER,FILLED,NO_CONTINGENCY,,,,MY_GENERIC_ALGO,,O-20260309-005911-001-000-258,,f4b445f9-0cf2-44a5-9393-352f16b7e967,2026-03-09 00:59:11.066584904+00:00,2026-03-09 00:59:11.066584904+00:00
BACKTESTER-001,OracleStrategy-000,MESM6.GLBX,GLBX-1-117,MESM6.GLBX-OracleStrategy-000,GLBX-001,GLBX-1-117,MARKET,BUY,1,GTC,False,False,1,TAKER,6665.5,0.0,['0.00 USD'],NO_TRIGGER,FILLED,NO_CONTINGENCY,,,,MY_GENERIC_ALGO,,O-20260309-005911-001-000-259,,9622ec8a-6149-4081-8dd4-5931f84d9715,2026-03-09 00:59:11.066584904+00:00,2026-03-09 00:59:11.066584904+00:00
BACKTESTER-001,OracleStrategy-000,MESM6.GLBX,GLBX-1-118,MESM6.GLBX-OracleStrategy-000,GLBX-001,GLBX-1-118,MARKET,SELL,1,GTC,True,False,1,TAKER,6668.0,0.0,['0.00 USD'],NO_TRIGGER,FILLED,NO_CONTINGENCY,,,,MY_GENERIC_ALGO,,O-20260309-005951-001-000-260,,94224ddf-6510-4bf8-b95d-1ead1c249e09,2026-03-09 00:59:51.744654522+00:00,2026-03-09 00:59:51.744654522+00:00
BACKTESTER-001,OracleStrategy-000,MESM6.GLBX,GLBX-1-119,MESM6.GLBX-OracleStrategy-000,GLBX-001,GLBX-1-119,MARKET,SELL,1,GTC,False,False,1,TAKER,6668.0,0.0,['0.00 USD'],NO_TRIGGER,FILLED,NO_CONTINGENCY,,,,MY_GENERIC_ALGO,,O-20260309-005951-001-000-261,,48e86c9a-2256-4242-a062-6f5dd55fa5e0,2026-03-09 00:59:51.744654522+00:00,2026-03-09 00:59:51.744654522+00:00
BACKTESTER-001,OracleStrategy-000,MESM6.GLBX,GLBX-1-120,MESM6.GLBX-OracleStrategy-000,GLBX-001,GLBX-1-120,MARKET,BUY,1,GTC,True,False,1,TAKER,6669.0,0.0,['0.00 USD'],NO_TRIGGER,FILLED,NO_CONTINGENCY,,,,MY_GENERIC_ALGO,,O-20260309-010002-001-000-262,,69585cce-7a3c-4344-84f6-d8634ad77057,2026-03-09 01:00:02.339644403+00:00,2026-03-09 01:00:02.339644403+00:00
BACKTESTER-001,OracleStrategy-000,MESM6.GLBX,GLBX-1-121,MESM6.GLBX-OracleStrategy-000,GLBX-001,GLBX-1-121,MARKET,BUY,1,GTC,False,False,1,TAKER,6669.0,0.0,['0.00 USD'],NO_TRIGGER,FILLED,NO_CONTINGENCY,,,,MY_GENERIC_ALGO,,O-20260309-010002-001-000-263,,b3a139fb-fc4a-4740-bcca-1b9b92268581,2026-03-09 01:00:02.339644403+00:00,2026-03-09 01:00:02.339644403+00:00
BACKTESTER-001,OracleStrategy-000,MESM6.GLBX,GLBX-1-122,MESM6.GLBX-OracleStrategy-000,GLBX-001,GLBX-1-122,MARKET,SELL,1,GTC,True,False,1,TAKER,6668.0,0.0,['0.00 USD'],NO_TRIGGER,FILLED,NO_CONTINGENCY,,,,MY_GENERIC_ALGO,,O-20260309-010034-001-000-264,,9009ea30-2787-41fa-a18e-69e4900c4494,2026-03-09 01:00:34.420876231+00:00,2026-03-09 01:00:34.420876231+00:00
BACKTESTER-001,OracleStrategy-000,MESM6.GLBX,GLBX-1-123,MESM6.GLBX-OracleStrategy-000,GLBX-001,GLBX-1-123,MARKET,SELL,1,GTC,False,False,1,TAKER,6668.0,0.0,['0.00 USD'],NO_TRIGGER,FILLED,NO_CONTINGENCY,,,,MY_GENERIC_ALGO,,O-20260309-010034-001-000-265,,760ac9ae-0fe4-4eb1-8df9-fe063d3d5585,2026-03-09 01:00:34.420876231+00:00,2026-03-09 01:00:34.420876231+00:00
BACKTESTER-001,OracleStrategy-000,MESM6.GLBX,GLBX-1-124,MESM6.GLBX-OracleStrategy-000,GLBX-001,GLBX-1-124,MARKET,BUY,1,GTC,True,False,1,TAKER,6667.5,0.0,['0.00 USD'],NO_TRIGGER,FILLED,NO_CONTINGENCY,,,,MY_GENERIC_ALGO,,O-20260309-010043-001-000-266,,f1e4ce62-508e-4ace-8e18-10e37567f5d0,2026-03-09 01:00:43.901112378+00:00,2026-03-09 01:00:43.901112378+00:00
BACKTESTER-001,OracleStrategy-000,MESM6.GLBX,GLBX-1-125,MESM6.GLBX-OracleStrategy-000,GLBX-001,GLBX-1-125,MARKET,BUY,1,GTC,False,False,1,TAKER,6667.5,0.0,['0.00 USD'],NO_TRIGGER,FILLED,NO_CONTINGENCY,,,,MY_GENERIC_ALGO,,O-20260309-010043-001-000-267,,7fbc850f-222f-4ebf-872b-f9c785c2683d,2026-03-09 01:00:43.901112378+00:00,2026-03-09 01:00:43.901112378+00:00
BACKTESTER-001,OracleStrategy-000,MESM6.GLBX,GLBX-1-126,MESM6.GLBX-OracleStrategy-000,GLBX-001,GLBX-1-126,MARKET,SELL,1,GTC,True,False,1,TAKER,6667.0,0.0,['0.00 USD'],NO_TRIGGER,FILLED,NO_CONTINGENCY,,,,MY_GENERIC_ALGO,,O-20260309-010048-001-000-268,,57f89124-fbfc-49bc-9f92-221940875c96,2026-03-09 01:00:48.157709705+00:00,2026-03-09 01:00:48.157709705+00:00
BACKTESTER-001,OracleStrategy-000,MESM6.GLBX,GLBX-1-127,MESM6.GLBX-OracleStrategy-000,GLBX-001,GLBX-1-127,MARKET,SELL,1,GTC,False,False,1,TAKER,6667.0,0.0,['0.00 USD'],NO_TRIGGER,FILLED,NO_CONTINGENCY,,,,MY_GENERIC_ALGO,,O-20260309-010048-001-000-269,,7d091534-8032-48ed-8303-c64afc87d4cb,2026-03-09 01:00:48.157709705+00:00,2026-03-09 01:00:48.157709705+00:00
BACKTESTER-001,OracleStrategy-000,MESM6.GLBX,GLBX-1-128,MESM6.GLBX-OracleStrategy-000,GLBX-001,GLBX-1-128,MARKET,BUY,1,GTC,True,False,1,TAKER,6666.75,0.0,['0.00 USD'],NO_TRIGGER,FILLED,NO_CONTINGENCY,,,,MY_GENERIC_ALGO,,O-20260309-010055-001-000-270,,68e71c35-8421-4e39-b64d-69275217da3d,2026-03-09 01:00:55.160263491+00:00,2026-03-09 01:00:55.160263491+00:00
BACKTESTER-001,OracleStrategy-000,MESM6.GLBX,GLBX-1-129,MESM6.GLBX-OracleStrategy-000,GLBX-001,GLBX-1-129,MARKET,BUY,1,GTC,False,False,1,TAKER,6666.75,0.0,['0.00 USD'],NO_TRIGGER,FILLED,NO_CONTINGENCY,,,,MY_GENERIC_ALGO,,O-20260309-010055-001-000-271,,ac987e4d-8d24-44fb-8bea-b9c95c66a982,2026-03-09 01:00:55.160263491+00:00,2026-03-09 01:00:55.160263491+00:00
BACKTESTER-001,OracleStrategy-000,MESM6.GLBX,GLBX-1-130,MESM6.GLBX-OracleStrategy-000,GLBX-001,GLBX-1-130,MARKET,SELL,1,GTC,True,False,1,TAKER,6670.0,0.0,['0.00 USD'],NO_TRIGGER,FILLED,NO_CONTINGENCY,,,,MY_GENERIC_ALGO,,O-20260309-010134-001-000-272,,91a6434d-b555-47f5-9091-d3f15f7be030,2026-03-09 01:01:34.277157814+00:00,2026-03-09 01:01:34.277157814+00:00
BACKTESTER-001,OracleStrategy-000,MESM6.GLBX,GLBX-1-131,MESM6.GLBX-OracleStrategy-000,GLBX-001,GLBX-1-131,MARKET,SELL,1,GTC,False,False,1,TAKER,6670.0,0.0,['0.00 USD'],NO_TRIGGER,FILLED,NO_CONTINGENCY,,,,MY_GENERIC_ALGO,,O-20260309-010134-001-000-273,,d6627a07-74a0-40a5-9f7b-0bcf64885d02,2026-03-09 01:01:34.277157814+00:00,2026-03-09 01:01:34.277157814+00:00
BACKTESTER-001,OracleStrategy-000,MESM6.GLBX,GLBX-1-132,MESM6.GLBX-OracleStrategy-000,GLBX-001,GLBX-1-132,MARKET,BUY,1,GTC,True,False,1,TAKER,6670.0,0.0,['0.00 USD'],NO_TRIGGER,FILLED,NO_CONTINGENCY,,,,MY_GENERIC_ALGO,,O-20260309-010138-001-000-274,,c6d5f90c-2ed0-4bef-8f3a-d8325d1d52c7,2026-03-09 01:01:38.117519973+00:00,2026-03-09 01:01:38.117519973+00:00
BACKTESTER-001,OracleStrategy-000,MESM6.GLBX,GLBX-1-133,MESM6.GLBX-OracleStrategy-000,GLBX-001,GLBX-1-133,MARKET,BUY,1,GTC,False,False,1,TAKER,6670.0,0.0,['0.00 USD'],NO_TRIGGER,FILLED,NO_CONTINGENCY,,,,MY_GENERIC_ALGO,,O-20260309-010138-001-000-275,,4824fe46-462e-4367-bc3d-8a0de6a56501,2026-03-09 01:01:38.117519973+00:00,2026-03-09 01:01:38.117519973+00:00
BACKTESTER-001,OracleStrategy-000,MESM6.GLBX,GLBX-1-134,MESM6.GLBX-OracleStrategy-000,GLBX-001,GLBX-1-134,MARKET,SELL,1,GTC,True,False,1,TAKER,6669.25,0.0,['0.00 USD'],NO_TRIGGER,FILLED,NO_CONTINGENCY,,,,MY_GENERIC_ALGO,,O-20260309-010143-001-000-276,,7aeef416-4bb6-48f0-9abb-32074244b438,2026-03-09 01:01:43.628176959+00:00,2026-03-09 01:01:43.628176959+00:00
BACKTESTER-001,OracleStrategy-000,MESM6.GLBX,GLBX-1-135,MESM6.GLBX-OracleStrategy-000,GLBX-001,GLBX-1-135,MARKET,SELL,1,GTC,False,False,1,TAKER,6669.25,0.0,['0.00 USD'],NO_TRIGGER,FILLED,NO_CONTINGENCY,,,,MY_GENERIC_ALGO,,O-20260309-010143-001-000-277,,bc44e8bd-44e4-498b-869f-877d04c1c4a7,2026-03-09 01:01:43.628176959+00:00,2026-03-09 01:01:43.628176959+00:00
BACKTESTER-001,OracleStrategy-000,MESM6.GLBX,GLBX-1-136,MESM6.GLBX-OracleStrategy-000,GLBX-001,GLBX-1-136,MARKET,BUY,1,GTC,True,False,1,TAKER,6672.0,0.0,['0.00 USD'],NO_TRIGGER,FILLED,NO_CONTINGENCY,,,,MY_GENERIC_ALGO,,O-20260309-010229-001-000-278,,9de0ea89-6f94-4463-98a0-abd29332769d,2026-03-09 01:02:29.786726447+00:00,2026-03-09 01:02:29.786726447+00:00
BACKTESTER-001,OracleStrategy-000,MESM6.GLBX,GLBX-1-137,MESM6.GLBX-OracleStrategy-000,GLBX-001,GLBX-1-137,MARKET,BUY,1,GTC,False,False,1,TAKER,6672.0,0.0,['0.00 USD'],NO_TRIGGER,FILLED,NO_CONTINGENCY,,,,MY_GENERIC_ALGO,,O-20260309-010229-001-000-279,,f508c17c-bf02-48d9-8610-925ed955cdd8,2026-03-09 01:02:29.786726447+00:00,2026-03-09 01:02:29.786726447+00:00
BACKTESTER-001,OracleStrategy-000,MESM6.GLBX,GLBX-1-138,MESM6.GLBX-OracleStrategy-000,GLBX-001,GLBX-1-138,MARKET,SELL,1,GTC,True,False,1,TAKER,6668.0,0.0,['0.00 USD'],NO_TRIGGER,FILLED,NO_CONTINGENCY,,,,MY_GENERIC_ALGO,,O-20260309-010238-001-000-280,,fc2393bb-e884-46cf-9378-5a0699426d41,2026-03-09 01:02:38.563492448+00:00,2026-03-09 01:02:38.563492448+00:00
BACKTESTER-001,OracleStrategy-000,MESM6.GLBX,GLBX-1-139,MESM6.GLBX-OracleStrategy-000,GLBX-001,GLBX-1-139,MARKET,SELL,1,GTC,False,False,1,TAKER,6668.0,0.0,['0.00 USD'],NO_TRIGGER,FILLED,NO_CONTINGENCY,,,,MY_GENERIC_ALGO,,O-20260309-010238-001-000-281,,40eaa798-b87d-41fa-8d50-6f740655e580,2026-03-09 01:02:38.563492448+00:00,2026-03-09 01:02:38.563492448+00:00
BACKTESTER-001,OracleStrategy-000,MESM6.GLBX,GLBX-1-140,MESM6.GLBX-OracleStrategy-000,GLBX-001,GLBX-1-140,MARKET,BUY,1,GTC,True,False,1,TAKER,6671.0,0.0,['0.00 USD'],NO_TRIGGER,FILLED,NO_CONTINGENCY,,,,MY_GENERIC_ALGO,,O-20260309-010246-001-000-282,,e1317927-51c6-4e0b-8313-39318e19a6fc,2026-03-09 01:02:46.105993434+00:00,2026-03-09 01:02:46.105993434+00:00
BACKTESTER-001,OracleStrategy-000,MESM6.GLBX,GLBX-1-141,MESM6.GLBX-OracleStrategy-000,GLBX-001,GLBX-1-141,MARKET,BUY,1,GTC,False,False,1,TAKER,6671.0,0.0,['0.00 USD'],NO_TRIGGER,FILLED,NO_CONTINGENCY,,,,MY_GENERIC_ALGO,,O-20260309-010246-001-000-283,,9c9a5a60-4008-479c-a1d8-ca73df9ee3a0,2026-03-09 01:02:46.105993434+00:00,2026-03-09 01:02:46.105993434+00:00
BACKTESTER-001,OracleStrategy-000,MESM6.GLBX,GLBX-1-142,MESM6.GLBX-OracleStrategy-000,GLBX-001,GLBX-1-142,MARKET,SELL,1,GTC,True,False,1,TAKER,6670.0,0.0,['0.00 USD'],NO_TRIGGER,FILLED,NO_CONTINGENCY,,,,MY_GENERIC_ALGO,,O-20260309-010302-001-000-284,,befea664-6d43-4b26-bb00-0a9e2d22b032,2026-03-09 01:03:02.741978475+00:00,2026-03-09 01:03:02.741978475+00:00
BACKTESTER-001,OracleStrategy-000,MESM6.GLBX,GLBX-1-143,MESM6.GLBX-OracleStrategy-000,GLBX-001,GLBX-1-143,MARKET,SELL,1,GTC,False,False,1,TAKER,6670.0,0.0,['0.00 USD'],NO_TRIGGER,FILLED,NO_CONTINGENCY,,,,MY_GENERIC_ALGO,,O-20260309-010302-001-000-285,,c66c7641-28fc-44f1-91ba-4bc6634f3f79,2026-03-09 01:03:02.741978475+00:00,2026-03-09 01:03:02.741978475+00:00
BACKTESTER-001,OracleStrategy-000,MESM6.GLBX,GLBX-1-144,MESM6.GLBX-OracleStrategy-000,GLBX-001,GLBX-1-144,MARKET,BUY,1,GTC,True,False,1,TAKER,6668.25,0.0,['0.00 USD'],NO_TRIGGER,FILLED,NO_CONTINGENCY,,,,MY_GENERIC_ALGO,,O-20260309-010310-001-000-286,,01c4f556-8730-4499-877b-2d8570a1f3ec,2026-03-09 01:03:10.203355875+00:00,2026-03-09 01:03:10.203355875+00:00
BACKTESTER-001,OracleStrategy-000,MESM6.GLBX,GLBX-1-145,MESM6.GLBX-OracleStrategy-000,GLBX-001,GLBX-1-145,MARKET,BUY,1,GTC,False,False,1,TAKER,6668.25,0.0,['0.00 USD'],NO_TRIGGER,FILLED,NO_CONTINGENCY,,,,MY_GENERIC_ALGO,,O-20260309-010310-001-000-287,,3d98b72f-80c9-44e7-baf4-0755e41252ee,2026-03-09 01:03:10.203355875+00:00,2026-03-09 01:03:10.203355875+00:00
BACKTESTER-001,OracleStrategy-000,MESM6.GLBX,GLBX-1-146,MESM6.GLBX-OracleStrategy-000,GLBX-001,GLBX-1-146,MARKET,SELL,1,GTC,True,False,1,TAKER,6668.75,0.0,['0.00 USD'],NO_TRIGGER,FILLED,NO_CONTINGENCY,,,,MY_GENERIC_ALGO,,O-20260309-010319-001-000-288,,41b2ad7e-825d-419e-8c6f-0d497c014f38,2026-03-09 01:03:19.475999477+00:00,2026-03-09 01:03:19.475999477+00:00
BACKTESTER-001,OracleStrategy-000,MESM6.GLBX,GLBX-1-147,MESM6.GLBX-OracleStrategy-000,GLBX-001,GLBX-1-147,MARKET,SELL,1,GTC,False,False,1,TAKER,6668.75,0.0,['0.00 USD'],NO_TRIGGER,FILLED,NO_CONTINGENCY,,,,MY_GENERIC_ALGO,,O-20260309-010319-001-000-289,,242ec86b-18bc-44d1-a21f-18411303ef43,2026-03-09 01:03:19.475999477+00:00,2026-03-09 01:03:19.475999477+00:00
BACKTESTER-001,OracleStrategy-000,MESM6.GLBX,GLBX-1-148,MESM6.GLBX-OracleStrategy-000,GLBX-001,GLBX-1-148,MARKET,BUY,1,GTC,True,False,1,TAKER,6666.5,0.0,['0.00 USD'],NO_TRIGGER,FILLED,NO_CONTINGENCY,,,,MY_GENERIC_ALGO,,O-20260309-010337-001-000-290,,be3eff2b-063d-4345-a65e-627de64b0582,2026-03-09 01:03:37.118267586+00:00,2026-03-09 01:03:37.118267586+00:00
BACKTESTER-001,OracleStrategy-000,MESM6.GLBX,GLBX-1-149,MESM6.GLBX-OracleStrategy-000,GLBX-001,GLBX-1-149,MARKET,BUY,1,GTC,False,False,1,TAKER,6666.5,0.0,['0.00 USD'],NO_TRIGGER,FILLED,NO_CONTINGENCY,,,,MY_GENERIC_ALGO,,O-20260309-010337-001-000-291,,ea49be56-a4db-4d07-b514-e90215d86f36,2026-03-09 01:03:37.118267586+00:00,2026-03-09 01:03:37.118267586+00:00
BACKTESTER-001,OracleStrategy-000,MESM6.GLBX,GLBX-1-150,MESM6.GLBX-OracleStrategy-000,GLBX-001,GLBX-1-150,MARKET,SELL,1,GTC,True,False,1,TAKER,6666.0,0.0,['0.00 USD'],NO_TRIGGER,FILLED,NO_CONTINGENCY,,,,MY_GENERIC_ALGO,,O-20260309-010351-001-000-292,,b756bdbf-c629-4fd2-8c00-30efd7df89e2,2026-03-09 01:03:51.588372611+00:00,2026-03-09 01:03:51.588372611+00:00
BACKTESTER-001,OracleStrategy-000,MESM6.GLBX,GLBX-1-151,MESM6.GLBX-OracleStrategy-000,GLBX-001,GLBX-1-151,MARKET,SELL,1,GTC,False,False,1,TAKER,6666.0,0.0,['0.00 USD'],NO_TRIGGER,FILLED,NO_CONTINGENCY,,,,MY_GENERIC_ALGO,,O-20260309-010351-001-000-293,,53e711d2-e6ee-4d31-a715-a7bf7db683c7,2026-03-09 01:03:51.588372611+00:00,2026-03-09 01:03:51.588372611+00:00
BACKTESTER-001,OracleStrategy-000,MESM6.GLBX,GLBX-1-152,MESM6.GLBX-OracleStrategy-000,GLBX-001,GLBX-1-152,MARKET,BUY,1,GTC,True,False,1,TAKER,6666.5,0.0,['0.00 USD'],NO_TRIGGER,FILLED,NO_CONTINGENCY,,,,MY_GENERIC_ALGO,,O-20260309-010408-001-000-294,,c06f432a-6c98-48ad-a4c2-d9bcad522225,2026-03-09 01:04:08.165588991+00:00,2026-03-09 01:04:08.165588991+00:00
BACKTESTER-001,OracleStrategy-000,MESM6.GLBX,GLBX-1-153,MESM6.GLBX-OracleStrategy-000,GLBX-001,GLBX-1-153,MARKET,BUY,1,GTC,False,False,1,TAKER,6666.5,0.0,['0.00 USD'],NO_TRIGGER,FILLED,NO_CONTINGENCY,,,,MY_GENERIC_ALGO,,O-20260309-010408-001-000-295,,cfd2bd61-22a5-4052-bd3a-99b4e2ff277d,2026-03-09 01:04:08.165588991+00:00,2026-03-09 01:04:08.165588991+00:00
BACKTESTER-001,OracleStrategy-000,MESM6.GLBX,GLBX-1-154,MESM6.GLBX-OracleStrategy-000,GLBX-001,GLBX-1-154,MARKET,SELL,1,GTC,True,False,1,TAKER,6665.0,0.0,['0.00 USD'],NO_TRIGGER,FILLED,NO_CONTINGENCY,,,,MY_GENERIC_ALGO,,O-20260309-010536-001-000-296,,8eb05b15-c00e-41ed-82c6-cbc0647e2804,2026-03-09 01:05:36.811319634+00:00,2026-03-09 01:05:36.811319634+00:00
BACKTESTER-001,OracleStrategy-000,MESM6.GLBX,GLBX-1-155,MESM6.GLBX-OracleStrategy-000,GLBX-001,GLBX-1-155,MARKET,SELL,1,GTC,False,False,1,TAKER,6665.0,0.0,['0.00 USD'],NO_TRIGGER,FILLED,NO_CONTINGENCY,,,,MY_GENERIC_ALGO,,O-20260309-010536-001-000-297,,aecd89a9-a582-4556-b4be-deb00e5da300,2026-03-09 01:05:36.811319634+00:00,2026-03-09 01:05:36.811319634+00:00
BACKTESTER-001,OracleStrategy-000,MESM6.GLBX,GLBX-1-156,MESM6.GLBX-OracleStrategy-000,GLBX-001,GLBX-1-156,MARKET,BUY,1,GTC,True,False,1,TAKER,6664.5,0.0,['0.00 USD'],NO_TRIGGER,FILLED,NO_CONTINGENCY,,,,MY_GENERIC_ALGO,,O-20260309-010539-001-000-298,,a9bbaed3-12e6-4b3e-9d57-68f96994cdad,2026-03-09 01:05:39.188878019+00:00,2026-03-09 01:05:39.188878019+00:00
BACKTESTER-001,OracleStrategy-000,MESM6.GLBX,GLBX-1-157,MESM6.GLBX-OracleStrategy-000,GLBX-001,GLBX-1-157,MARKET,BUY,1,GTC,False,False,1,TAKER,6664.5,0.0,['0.00 USD'],NO_TRIGGER,FILLED,NO_CONTINGENCY,,,,MY_GENERIC_ALGO,,O-20260309-010539-001-000-299,,c1de9a0d-e09d-4c0b-b348-a3b611e577f3,2026-03-09 01:05:39.188878019+00:00,2026-03-09 01:05:39.188878019+00:00
BACKTESTER-001,OracleStrategy-000,MESM6.GLBX,GLBX-1-158,MESM6.GLBX-OracleStrategy-000,GLBX-001,GLBX-1-158,MARKET,SELL,1,GTC,True,False,1,TAKER,6663.75,0.0,['0.00 USD'],NO_TRIGGER,FILLED,NO_CONTINGENCY,,,,MY_GENERIC_ALGO,,O-20260309-010540-001-000-300,,be1b9e0b-c3e0-4066-bbf6-ad5f8f42caa3,2026-03-09 01:05:40.978973813+00:00,2026-03-09 01:05:40.978973813+00:00
BACKTESTER-001,OracleStrategy-000,MESM6.GLBX,GLBX-1-159,MESM6.GLBX-OracleStrategy-000,GLBX-001,GLBX-1-159,MARKET,SELL,1,GTC,False,False,1,TAKER,6663.75,0.0,['0.00 USD'],NO_TRIGGER,FILLED,NO_CONTINGENCY,,,,MY_GENERIC_ALGO,,O-20260309-010540-001-000-301,,21b05b6e-5d04-43fd-963b-ef49f59827bb,2026-03-09 01:05:40.978973813+00:00,2026-03-09 01:05:40.978973813+00:00
BACKTESTER-001,OracleStrategy-000,MESM6.GLBX,GLBX-1-160,MESM6.GLBX-OracleStrategy-000,GLBX-001,GLBX-1-160,MARKET,BUY,1,GTC,True,False,1,TAKER,6667.25,0.0,['0.00 USD'],NO_TRIGGER,FILLED,NO_CONTINGENCY,,,,MY_GENERIC_ALGO,,O-20260309-010558-001-000-302,,85919033-5cfe-4d2c-9b86-8bdfbdcfc72f,2026-03-09 01:05:58.965698535+00:00,2026-03-09 01:05:58.965698535+00:00
BACKTESTER-001,OracleStrategy-000,MESM6.GLBX,GLBX-1-161,MESM6.GLBX-OracleStrategy-000,GLBX-001,GLBX-1-161,MARKET,BUY,1,GTC,False,False,1,TAKER,6667.25,0.0,['0.00 USD'],NO_TRIGGER,FILLED,NO_CONTINGENCY,,,,MY_GENERIC_ALGO,,O-20260309-010558-001-000-303,,05efb22c-6769-4ebf-9637-b9af02e6e2c9,2026-03-09 01:05:58.965698535+00:00,2026-03-09 01:05:58.965698535+00:00
BACKTESTER-001,OracleStrategy-000,MESM6.GLBX,GLBX-1-162,MESM6.GLBX-OracleStrategy-000,GLBX-001,GLBX-1-162,MARKET,SELL,1,GTC,True,False,1,TAKER,6666.25,0.0,['0.00 USD'],NO_TRIGGER,FILLED,NO_CONTINGENCY,,,,MY_GENERIC_ALGO,,O-20260309-010626-001-000-304,,dd3d6f11-bf1e-444b-a453-2287745140ad,2026-03-09 01:06:26.795820746+00:00,2026-03-09 01:06:26.795820746+00:00
BACKTESTER-001,OracleStrategy-000,MESM6.GLBX,GLBX-1-163,MESM6.GLBX-OracleStrategy-000,GLBX-001,GLBX-1-163,MARKET,SELL,1,GTC,False,False,1,TAKER,6666.25,0.0,['0.00 USD'],NO_TRIGGER,FILLED,NO_CONTINGENCY,,,,MY_GENERIC_ALGO,,O-20260309-010626-001-000-305,,0ea5b687-7145-4a44-8ba7-4c84d6f7e63e,2026-03-09 01:06:26.795820746+00:00,2026-03-09 01:06:26.795820746+00:00
BACKTESTER-001,OracleStrategy-000,MESM6.GLBX,GLBX-1-164,MESM6.GLBX-OracleStrategy-000,GLBX-001,GLBX-1-164,MARKET,BUY,1,GTC,True,False,1,TAKER,6662.25,0.0,['0.00 USD'],NO_TRIGGER,FILLED,NO_CONTINGENCY,,,,MY_GENERIC_ALGO,,O-20260309-010755-001-000-306,,794c357b-bca2-4245-a1be-d8a4385aea02,2026-03-09 01:07:55.652072807+00:00,2026-03-09 01:07:55.652072807+00:00
BACKTESTER-001,OracleStrategy-000,MESM6.GLBX,GLBX-1-165,MESM6.GLBX-OracleStrategy-000,GLBX-001,GLBX-1-165,MARKET,BUY,1,GTC,False,False,1,TAKER,6662.25,0.0,['0.00 USD'],NO_TRIGGER,FILLED,NO_CONTINGENCY,,,,MY_GENERIC_ALGO,,O-20260309-010755-001-000-307,,f4119331-61b6-4525-bb5c-ff764b451388,2026-03-09 01:07:55.652072807+00:00,2026-03-09 01:07:55.652072807+00:00
BACKTESTER-001,OracleStrategy-000,MESM6.GLBX,GLBX-1-166,MESM6.GLBX-OracleStrategy-000,GLBX-001,GLBX-1-166,MARKET,SELL,1,GTC,True,False,1,TAKER,6662.25,0.0,['0.00 USD'],NO_TRIGGER,FILLED,NO_CONTINGENCY,,,,MY_GENERIC_ALGO,,O-20260309-010812-001-000-308,,14a5a864-7f3f-46bf-8eee-781fb40d6f70,2026-03-09 01:08:12.372358056+00:00,2026-03-09 01:08:12.372358056+00:00
BACKTESTER-001,OracleStrategy-000,MESM6.GLBX,GLBX-1-167,MESM6.GLBX-OracleStrategy-000,GLBX-001,GLBX-1-167,MARKET,SELL,1,GTC,False,False,1,TAKER,6662.25,0.0,['0.00 USD'],NO_TRIGGER,FILLED,NO_CONTINGENCY,,,,MY_GENERIC_ALGO,,O-20260309-010812-001-000-309,,e2e067e7-c6db-4868-8271-87f51f6d315b,2026-03-09 01:08:12.372358056+00:00,2026-03-09 01:08:12.372358056+00:00
BACKTESTER-001,OracleStrategy-000,MESM6.GLBX,GLBX-1-168,MESM6.GLBX-OracleStrategy-000,GLBX-001,GLBX-1-168,MARKET,BUY,1,GTC,True,False,1,TAKER,6663.25,0.0,['0.00 USD'],NO_TRIGGER,FILLED,NO_CONTINGENCY,,,,MY_GENERIC_ALGO,,O-20260309-010826-001-000-310,,e3596d2f-9899-4393-b3f9-213bd4bd4a33,2026-03-09 01:08:26.479048031+00:00,2026-03-09 01:08:26.479048031+00:00
BACKTESTER-001,OracleStrategy-000,MESM6.GLBX,GLBX-1-169,MESM6.GLBX-OracleStrategy-000,GLBX-001,GLBX-1-169,MARKET,BUY,1,GTC,False,False,1,TAKER,6663.25,0.0,['0.00 USD'],NO_TRIGGER,FILLED,NO_CONTINGENCY,,,,MY_GENERIC_ALGO,,O-20260309-010826-001-000-311,,419b90d6-31aa-4b2a-97c5-99f4cdbb5460,2026-03-09 01:08:26.479048031+00:00,2026-03-09 01:08:26.479048031+00:00
BACKTESTER-001,OracleStrategy-000,MESM6.GLBX,GLBX-1-170,MESM6.GLBX-OracleStrategy-000,GLBX-001,GLBX-1-170,MARKET,SELL,1,GTC,True,False,1,TAKER,6663.75,0.0,['0.00 USD'],NO_TRIGGER,FILLED,NO_CONTINGENCY,,,,MY_GENERIC_ALGO,,O-20260309-010921-001-000-312,,b5bff3af-2b43-4eea-b813-a8281d173d7a,2026-03-09 01:09:21.082713277+00:00,2026-03-09 01:09:21.082713277+00:00
BACKTESTER-001,OracleStrategy-000,MESM6.GLBX,GLBX-1-171,MESM6.GLBX-OracleStrategy-000,GLBX-001,GLBX-1-171,MARKET,SELL,1,GTC,False,False,1,TAKER,6663.75,0.0,['0.00 USD'],NO_TRIGGER,FILLED,NO_CONTINGENCY,,,,MY_GENERIC_ALGO,,O-20260309-010921-001-000-313,,ce617221-890a-45ff-8ea9-0bf53300d419,2026-03-09 01:09:21.082713277+00:00,2026-03-09 01:09:21.082713277+00:00
BACKTESTER-001,OracleStrategy-000,MESM6.GLBX,GLBX-1-172,MESM6.GLBX-OracleStrategy-000,GLBX-001,GLBX-1-172,MARKET,BUY,1,GTC,True,False,1,TAKER,6662.25,0.0,['0.00 USD'],NO_TRIGGER,FILLED,NO_CONTINGENCY,,,,MY_GENERIC_ALGO,,O-20260309-011008-001-000-314,,4f51d1aa-6b56-4c52-8a8a-16c9ca0ef8a8,2026-03-09 01:10:08.717610275+00:00,2026-03-09 01:10:08.717610275+00:00
BACKTESTER-001,OracleStrategy-000,MESM6.GLBX,GLBX-1-173,MESM6.GLBX-OracleStrategy-000,GLBX-001,GLBX-1-173,MARKET,BUY,1,GTC,False,False,1,TAKER,6657.0,0.0,['0.00 USD'],NO_TRIGGER,FILLED,NO_CONTINGENCY,,,,MY_GENERIC_ALGO,,O-20260309-011022-001-000-317,,e56c82d7-04c1-4685-8f37-2b806c4bbf61,2026-03-09 01:10:22.906957395+00:00,2026-03-09 01:10:22.906957395+00:00
BACKTESTER-001,OracleStrategy-000,MESM6.GLBX,GLBX-1-174,MESM6.GLBX-OracleStrategy-000,GLBX-001,GLBX-1-174,MARKET,SELL,1,GTC,True,False,1,TAKER,6657.75,0.0,['0.00 USD'],NO_TRIGGER,FILLED,NO_CONTINGENCY,,,,MY_GENERIC_ALGO,,O-20260309-011034-001-000-318,,54723f92-d47d-4ec8-b988-bb1f70baf8dc,2026-03-09 01:10:34.145246399+00:00,2026-03-09 01:10:34.145246399+00:00
BACKTESTER-001,OracleStrategy-000,MESM6.GLBX,GLBX-1-175,MESM6.GLBX-OracleStrategy-000,GLBX-001,GLBX-1-175,MARKET,SELL,1,GTC,False,False,1,TAKER,6657.75,0.0,['0.00 USD'],NO_TRIGGER,FILLED,NO_CONTINGENCY,,,,MY_GENERIC_ALGO,,O-20260309-011034-001-000-319,,51e5d051-bc90-4e23-9507-26bfc4cb38c1,2026-03-09 01:10:34.145246399+00:00,2026-03-09 01:10:34.145246399+00:00
BACKTESTER-001,OracleStrategy-000,MESM6.GLBX,GLBX-1-176,MESM6.GLBX-OracleStrategy-000,GLBX-001,GLBX-1-176,MARKET,BUY,1,GTC,True,False,1,TAKER,6657.25,0.0,['0.00 USD'],NO_TRIGGER,FILLED,NO_CONTINGENCY,,,,MY_GENERIC_ALGO,,O-20260309-011037-001-000-320,,5df667d4-f292-4c54-acda-e5ed6d472e16,2026-03-09 01:10:37.745597592+00:00,2026-03-09 01:10:37.745597592+00:00
BACKTESTER-001,OracleStrategy-000,MESM6.GLBX,GLBX-1-177,MESM6.GLBX-OracleStrategy-000,GLBX-001,GLBX-1-177,MARKET,BUY,1,GTC,False,False,1,TAKER,6657.25,0.0,['0.00 USD'],NO_TRIGGER,FILLED,NO_CONTINGENCY,,,,MY_GENERIC_ALGO,,O-20260309-011037-001-000-321,,4a86ab8c-2ed1-47dc-8bac-ce01597d19b9,2026-03-09 01:10:37.745597592+00:00,2026-03-09 01:10:37.745597592+00:00
BACKTESTER-001,OracleStrategy-000,MESM6.GLBX,GLBX-1-178,MESM6.GLBX-OracleStrategy-000,GLBX-001,GLBX-1-178,MARKET,SELL,1,GTC,True,False,1,TAKER,6655.75,0.0,['0.00 USD'],NO_TRIGGER,FILLED,NO_CONTINGENCY,,,,MY_GENERIC_ALGO,,O-20260309-011044-001-000-322,,c9c41dc7-2555-44e1-a898-8ed1bca31ace,2026-03-09 01:10:44.189100384+00:00,2026-03-09 01:10:44.189100384+00:00
BACKTESTER-001,OracleStrategy-000,MESM6.GLBX,GLBX-1-179,MESM6.GLBX-OracleStrategy-000,GLBX-001,GLBX-1-179,MARKET,SELL,1,GTC,False,False,1,TAKER,6655.75,0.0,['0.00 USD'],NO_TRIGGER,FILLED,NO_CONTINGENCY,,,,MY_GENERIC_ALGO,,O-20260309-011044-001-000-323,,94bbaa88-cbb0-4a78-ad00-1ffc71621ea1,2026-03-09 01:10:44.189100384+00:00,2026-03-09 01:10:44.189100384+00:00
BACKTESTER-001,OracleStrategy-000,MESM6.GLBX,GLBX-1-180,MESM6.GLBX-OracleStrategy-000,GLBX-001,GLBX-1-180,MARKET,BUY,1,GTC,True,False,1,TAKER,6656.5,0.0,['0.00 USD'],NO_TRIGGER,FILLED,NO_CONTINGENCY,,,,MY_GENERIC_ALGO,,O-20260309-011045-001-000-324,,a638706f-8758-4eea-ade5-e0a110111e0b,2026-03-09 01:10:45.408022426+00:00,2026-03-09 01:10:45.408022426+00:00
BACKTESTER-001,OracleStrategy-000,MESM6.GLBX,GLBX-1-181,MESM6.GLBX-OracleStrategy-000,GLBX-001,GLBX-1-181,MARKET,BUY,1,GTC,False,False,1,TAKER,6656.5,0.0,['0.00 USD'],NO_TRIGGER,FILLED,NO_CONTINGENCY,,,,MY_GENERIC_ALGO,,O-20260309-011045-001-000-325,,16f420ee-b669-4a02-a193-ef3081666534,2026-03-09 01:10:45.408022426+00:00,2026-03-09 01:10:45.408022426+00:00
BACKTESTER-001,OracleStrategy-000,MESM6.GLBX,GLBX-1-182,MESM6.GLBX-OracleStrategy-000,GLBX-001,GLBX-1-182,MARKET,SELL,1,GTC,True,False,1,TAKER,6655.25,0.0,['0.00 USD'],NO_TRIGGER,FILLED,NO_CONTINGENCY,,,,MY_GENERIC_ALGO,,O-20260309-011048-001-000-326,,9882ac4e-e449-4243-a6de-d34be064d1d1,2026-03-09 01:10:48.853325236+00:00,2026-03-09 01:10:48.853325236+00:00
BACKTESTER-001,OracleStrategy-000,MESM6.GLBX,GLBX-1-183,MESM6.GLBX-OracleStrategy-000,GLBX-001,GLBX-1-183,MARKET,SELL,1,GTC,False,False,1,TAKER,6655.25,0.0,['0.00 USD'],NO_TRIGGER,FILLED,NO_CONTINGENCY,,,,MY_GENERIC_ALGO,,O-20260309-011048-001-000-327,,f0c849d8-8a26-4052-b803-d85131745390,2026-03-09 01:10:48.853325236+00:00,2026-03-09 01:10:48.853325236+00:00
BACKTESTER-001,OracleStrategy-000,MESM6.GLBX,GLBX-1-184,MESM6.GLBX-OracleStrategy-000,GLBX-001,GLBX-1-184,MARKET,BUY,1,GTC,True,False,1,TAKER,6656.25,0.0,['0.00 USD'],NO_TRIGGER,FILLED,NO_CONTINGENCY,,,,MY_GENERIC_ALGO,,O-20260309-011100-001-000-328,,85f16d1a-b2a1-4aa5-9cd5-798d8867a925,2026-03-09 01:11:00.682647762+00:00,2026-03-09 01:11:00.682647762+00:00
BACKTESTER-001,OracleStrategy-000,MESM6.GLBX,GLBX-1-185,MESM6.GLBX-OracleStrategy-000,GLBX-001,GLBX-1-185,MARKET,BUY,1,GTC,False,False,1,TAKER,6656.25,0.0,['0.00 USD'],NO_TRIGGER,FILLED,NO_CONTINGENCY,,,,MY_GENERIC_ALGO,,O-20260309-011100-001-000-329,,c50508a2-a70f-43f7-908f-aaf1f9322fb6,2026-03-09 01:11:00.682647762+00:00,2026-03-09 01:11:00.682647762+00:00
BACKTESTER-001,OracleStrategy-000,MESM6.GLBX,GLBX-1-186,MESM6.GLBX-OracleStrategy-000,GLBX-001,GLBX-1-186,MARKET,SELL,1,GTC,True,False,1,TAKER,6662.0,0.0,['0.00 USD'],NO_TRIGGER,FILLED,NO_CONTINGENCY,,,,MY_GENERIC_ALGO,,O-20260309-011218-001-000-330,,7671405d-d233-42fa-aca7-ef2495b4ae45,2026-03-09 01:12:18.651609171+00:00,2026-03-09 01:12:18.651609171+00:00
BACKTESTER-001,OracleStrategy-000,MESM6.GLBX,GLBX-1-187,MESM6.GLBX-OracleStrategy-000,GLBX-001,GLBX-1-187,MARKET,SELL,1,GTC,False,False,1,TAKER,6662.0,0.0,['0.00 USD'],NO_TRIGGER,FILLED,NO_CONTINGENCY,,,,MY_GENERIC_ALGO,,O-20260309-011218-001-000-331,,dca01895-d060-49ba-af39-836e404d4441,2026-03-09 01:12:18.651609171+00:00,2026-03-09 01:12:18.651609171+00:00
BACKTESTER-001,OracleStrategy-000,MESM6.GLBX,GLBX-1-188,MESM6.GLBX-OracleStrategy-000,GLBX-001,GLBX-1-188,MARKET,BUY,1,GTC,True,False,1,TAKER,6663.0,0.0,['0.00 USD'],NO_TRIGGER,FILLED,NO_CONTINGENCY,,,,MY_GENERIC_ALGO,,O-20260309-011221-001-000-332,,ed779b92-b3f3-4b74-a129-b98a5880ea42,2026-03-09 01:12:21.851915331+00:00,2026-03-09 01:12:21.851915331+00:00
BACKTESTER-001,OracleStrategy-000,MESM6.GLBX,GLBX-1-189,MESM6.GLBX-OracleStrategy-000,GLBX-001,GLBX-1-189,MARKET,BUY,1,GTC,False,False,1,TAKER,6663.0,0.0,['0.00 USD'],NO_TRIGGER,FILLED,NO_CONTINGENCY,,,,MY_GENERIC_ALGO,,O-20260309-011221-001-000-333,,6df91ae5-3f47-4bb4-a96a-49f2038db524,2026-03-09 01:12:21.851915331+00:00,2026-03-09 01:12:21.851915331+00:00
BACKTESTER-001,OracleStrategy-000,MESM6.GLBX,GLBX-1-190,MESM6.GLBX-OracleStrategy-000,GLBX-001,GLBX-1-190,MARKET,SELL,1,GTC,True,False,1,TAKER,6662.75,0.0,['0.00 USD'],NO_TRIGGER,FILLED,NO_CONTINGENCY,,,,MY_GENERIC_ALGO,,O-20260309-011229-001-000-334,,587fdbfd-4094-4862-98a8-674bc6415aaf,2026-03-09 01:12:29.243108289+00:00,2026-03-09 01:12:29.243108289+00:00
BACKTESTER-001,OracleStrategy-000,MESM6.GLBX,GLBX-1-191,MESM6.GLBX-OracleStrategy-000,GLBX-001,GLBX-1-191,MARKET,SELL,1,GTC,False,False,1,TAKER,6662.75,0.0,['0.00 USD'],NO_TRIGGER,FILLED,NO_CONTINGENCY,,,,MY_GENERIC_ALGO,,O-20260309-011229-001-000-335,,742f6496-4d8e-47c2-a9d7-378fbdd9d24d,2026-03-09 01:12:29.243108289+00:00,2026-03-09 01:12:29.243108289+00:00
BACKTESTER-001,OracleStrategy-000,MESM6.GLBX,GLBX-1-192,MESM6.GLBX-OracleStrategy-000,GLBX-001,GLBX-1-192,MARKET,BUY,1,GTC,True,False,1,TAKER,6660.75,0.0,['0.00 USD'],NO_TRIGGER,FILLED,NO_CONTINGENCY,,,,MY_GENERIC_ALGO,,O-20260309-011416-001-000-336,,7e2f14b8-f7bb-4704-a438-ad3d9cd90a53,2026-03-09 01:14:16.882628935+00:00,2026-03-09 01:14:16.882628935+00:00
BACKTESTER-001,OracleStrategy-000,MESM6.GLBX,GLBX-1-193,MESM6.GLBX-OracleStrategy-000,GLBX-001,GLBX-1-193,MARKET,BUY,1,GTC,False,False,1,TAKER,6660.75,0.0,['0.00 USD'],NO_TRIGGER,FILLED,NO_CONTINGENCY,,,,MY_GENERIC_ALGO,,O-20260309-011416-001-000-337,,450c9e76-4257-4876-a970-dbed66612502,2026-03-09 01:14:16.882628935+00:00,2026-03-09 01:14:16.882628935+00:00
BACKTESTER-001,OracleStrategy-000,MESM6.GLBX,GLBX-1-194,MESM6.GLBX-OracleStrategy-000,GLBX-001,GLBX-1-194,MARKET,SELL,1,GTC,True,False,1,TAKER,6662.25,0.0,['0.00 USD'],NO_TRIGGER,FILLED,NO_CONTINGENCY,,,,MY_GENERIC_ALGO,,O-20260309-011546-001-000-338,,d68c56a2-503d-447e-8fb6-77b512c8f475,2026-03-09 01:15:46.152396077+00:00,2026-03-09 01:15:46.152396077+00:00
BACKTESTER-001,OracleStrategy-000,MESM6.GLBX,GLBX-1-195,MESM6.GLBX-OracleStrategy-000,GLBX-001,GLBX-1-195,MARKET,SELL,1,GTC,False,False,1,TAKER,6662.25,0.0,['0.00 USD'],NO_TRIGGER,FILLED,NO_CONTINGENCY,,,,MY_GENERIC_ALGO,,O-20260309-011546-001-000-339,,12ea0f16-f01a-4872-95c6-f850783fc84e,2026-03-09 01:15:46.152396077+00:00,2026-03-09 01:15:46.152396077+00:00
BACKTESTER-001,OracleStrategy-000,MESM6.GLBX,GLBX-1-196,MESM6.GLBX-OracleStrategy-000,GLBX-001,GLBX-1-196,MARKET,BUY,1,GTC,True,False,1,TAKER,6660.25,0.0,['0.00 USD'],NO_TRIGGER,FILLED,NO_CONTINGENCY,,,,MY_GENERIC_ALGO,,O-20260309-011552-001-000-340,,f88561cb-bc7d-4dfd-a532-27aa0b5ba724,2026-03-09 01:15:52.075671211+00:00,2026-03-09 01:15:52.075671211+00:00
BACKTESTER-001,OracleStrategy-000,MESM6.GLBX,GLBX-1-197,MESM6.GLBX-OracleStrategy-000,GLBX-001,GLBX-1-197,MARKET,BUY,1,GTC,False,False,1,TAKER,6660.25,0.0,['0.00 USD'],NO_TRIGGER,FILLED,NO_CONTINGENCY,,,,MY_GENERIC_ALGO,,O-20260309-011552-001-000-341,,451593e5-75dd-4b51-b890-0fcc6ef603b3,2026-03-09 01:15:52.075671211+00:00,2026-03-09 01:15:52.075671211+00:00
BACKTESTER-001,OracleStrategy-000,MESM6.GLBX,GLBX-1-198,MESM6.GLBX-OracleStrategy-000,GLBX-001,GLBX-1-198,MARKET,SELL,1,GTC,True,False,1,TAKER,6662.0,0.0,['0.00 USD'],NO_TRIGGER,FILLED,NO_CONTINGENCY,,,,MY_GENERIC_ALGO,,O-20260309-011609-001-000-342,,e82574d7-fcc6-4954-a4ff-2b9c5a7ebd3d,2026-03-09 01:16:09.089106566+00:00,2026-03-09 01:16:09.089106566+00:00
BACKTESTER-001,OracleStrategy-000,MESM6.GLBX,GLBX-1-199,MESM6.GLBX-OracleStrategy-000,GLBX-001,GLBX-1-199,MARKET,SELL,1,GTC,False,False,1,TAKER,6662.0,0.0,['0.00 USD'],NO_TRIGGER,FILLED,NO_CONTINGENCY,,,,MY_GENERIC_ALGO,,O-20260309-011609-001-000-343,,ebd40551-df69-4860-b190-8cb9192ea149,2026-03-09 01:16:09.089106566+00:00,2026-03-09 01:16:09.089106566+00:00
BACKTESTER-001,OracleStrategy-000,MESM6.GLBX,GLBX-1-200,MESM6.GLBX-OracleStrategy-000,GLBX-001,GLBX-1-200,MARKET,BUY,1,GTC,True,False,1,TAKER,6662.0,0.0,['0.00 USD'],NO_TRIGGER,FILLED,NO_CONTINGENCY,,,,MY_GENERIC_ALGO,,O-20260309-011633-001-000-344,,38574dae-1178-453b-ab74-8127ca9b5adc,2026-03-09 01:16:33.785487157+00:00,2026-03-09 01:16:33.785487157+00:00
BACKTESTER-001,OracleStrategy-000,MESM6.GLBX,GLBX-1-201,MESM6.GLBX-OracleStrategy-000,GLBX-001,GLBX-1-201,MARKET,BUY,1,GTC,False,False,1,TAKER,6662.0,0.0,['0.00 USD'],NO_TRIGGER,FILLED,NO_CONTINGENCY,,,,MY_GENERIC_ALGO,,O-20260309-011633-001-000-345,,1d678274-8bde-4585-90c0-4e5319c24b6d,2026-03-09 01:16:33.785487157+00:00,2026-03-09 01:16:33.785487157+00:00
BACKTESTER-001,OracleStrategy-000,MESM6.GLBX,GLBX-1-202,MESM6.GLBX-OracleStrategy-000,GLBX-001,GLBX-1-202,MARKET,SELL,1,GTC,True,False,1,TAKER,6661.25,0.0,['0.00 USD'],NO_TRIGGER,FILLED,NO_CONTINGENCY,,,,MY_GENERIC_ALGO,,O-20260309-011708-001-000-346,,fdc5cbc6-57cc-4cc0-8fb2-4eb8df46aac7,2026-03-09 01:17:08.833993173+00:00,2026-03-09 01:17:08.833993173+00:00
BACKTESTER-001,OracleStrategy-000,MESM6.GLBX,GLBX-1-203,MESM6.GLBX-OracleStrategy-000,GLBX-001,GLBX-1-203,MARKET,SELL,1,GTC,False,False,1,TAKER,6661.25,0.0,['0.00 USD'],NO_TRIGGER,FILLED,NO_CONTINGENCY,,,,MY_GENERIC_ALGO,,O-20260309-011708-001-000-347,,5b635fef-b883-4db4-ac42-6e3be61a31e0,2026-03-09 01:17:08.833993173+00:00,2026-03-09 01:17:08.833993173+00:00
BACKTESTER-001,OracleStrategy-000,MESM6.GLBX,GLBX-1-204,MESM6.GLBX-OracleStrategy-000,GLBX-001,GLBX-1-204,MARKET,BUY,1,GTC,True,False,1,TAKER,6661.25,0.0,['0.00 USD'],NO_TRIGGER,FILLED,NO_CONTINGENCY,,,,MY_GENERIC_ALGO,,O-20260309-011737-001-000-348,,3d39208a-258d-48ad-be69-3b3f586257d8,2026-03-09 01:17:37.874121215+00:00,2026-03-09 01:17:37.874121215+00:00
BACKTESTER-001,OracleStrategy-000,MESM6.GLBX,GLBX-1-205,MESM6.GLBX-OracleStrategy-000,GLBX-001,GLBX-1-205,MARKET,BUY,1,GTC,False,False,1,TAKER,6661.25,0.0,['0.00 USD'],NO_TRIGGER,FILLED,NO_CONTINGENCY,,,,MY_GENERIC_ALGO,,O-20260309-011737-001-000-349,,d1e0f84a-fad3-42b6-bf92-93f30165fb04,2026-03-09 01:17:37.874121215+00:00,2026-03-09 01:17:37.874121215+00:00
BACKTESTER-001,OracleStrategy-000,MESM6.GLBX,GLBX-1-206,MESM6.GLBX-OracleStrategy-000,GLBX-001,GLBX-1-206,MARKET,SELL,1,GTC,True,False,1,TAKER,6661.25,0.0,['0.00 USD'],NO_TRIGGER,FILLED,NO_CONTINGENCY,,,,MY_GENERIC_ALGO,,O-20260309-011751-001-000-350,,b7a605c2-1e17-470b-af86-9fd95b451d6d,2026-03-09 01:17:51.638837827+00:00,2026-03-09 01:17:51.638837827+00:00
BACKTESTER-001,OracleStrategy-000,MESM6.GLBX,GLBX-1-207,MESM6.GLBX-OracleStrategy-000,GLBX-001,GLBX-1-207,MARKET,SELL,1,GTC,False,False,1,TAKER,6661.25,0.0,['0.00 USD'],NO_TRIGGER,FILLED,NO_CONTINGENCY,,,,MY_GENERIC_ALGO,,O-20260309-011751-001-000-351,,d8328f42-9333-4040-9879-0f21799c8ec2,2026-03-09 01:17:51.638837827+00:00,2026-03-09 01:17:51.638837827+00:00
BACKTESTER-001,OracleStrategy-000,MESM6.GLBX,GLBX-1-208,MESM6.GLBX-OracleStrategy-000,GLBX-001,GLBX-1-208,MARKET,BUY,1,GTC,True,False,1,TAKER,6658.5,0.0,['0.00 USD'],NO_TRIGGER,FILLED,NO_CONTINGENCY,,,,MY_GENERIC_ALGO,,O-20260309-011936-001-000-352,,c5545c6d-f0f7-4a4b-9b31-d82451de135f,2026-03-09 01:19:36.225741632+00:00,2026-03-09 01:19:36.225741632+00:00
BACKTESTER-001,OracleStrategy-000,MESM6.GLBX,GLBX-1-209,MESM6.GLBX-OracleStrategy-000,GLBX-001,GLBX-1-209,MARKET,BUY,1,GTC,False,False,1,TAKER,6658.5,0.0,['0.00 USD'],NO_TRIGGER,FILLED,NO_CONTINGENCY,,,,MY_GENERIC_ALGO,,O-20260309-011936-001-000-353,,4d6fb35d-af9b-4fbf-8239-576b572ba91a,2026-03-09 01:19:36.225741632+00:00,2026-03-09 01:19:36.225741632+00:00
BACKTESTER-001,OracleStrategy-000,MESM6.GLBX,GLBX-1-210,MESM6.GLBX-OracleStrategy-000,GLBX-001,GLBX-1-210,MARKET,SELL,1,GTC,True,False,1,TAKER,6659.75,0.0,['0.00 USD'],NO_TRIGGER,FILLED,NO_CONTINGENCY,,,,MY_GENERIC_ALGO,,O-20260309-011943-001-000-354,,ad11cf1f-0918-4b10-bb7f-d521cd73e911,2026-03-09 01:19:43.696850018+00:00,2026-03-09 01:19:43.696850018+00:00
BACKTESTER-001,OracleStrategy-000,MESM6.GLBX,GLBX-1-211,MESM6.GLBX-OracleStrategy-000,GLBX-001,GLBX-1-211,MARKET,SELL,1,GTC,False,False,1,TAKER,6659.75,0.0,['0.00 USD'],NO_TRIGGER,FILLED,NO_CONTINGENCY,,,,MY_GENERIC_ALGO,,O-20260309-011943-001-000-355,,017bc61f-d280-4711-916c-aa4d5ced4e7c,2026-03-09 01:19:43.696850018+00:00,2026-03-09 01:19:43.696850018+00:00
BACKTESTER-001,OracleStrategy-000,MESM6.GLBX,GLBX-1-212,MESM6.GLBX-OracleStrategy-000,GLBX-001,GLBX-1-212,MARKET,BUY,1,GTC,True,False,1,TAKER,6658.0,0.0,['0.00 USD'],NO_TRIGGER,FILLED,NO_CONTINGENCY,,,,MY_GENERIC_ALGO,,O-20260309-011957-001-000-356,,e7beb6d3-6725-4aa2-89f7-ec60935b71ef,2026-03-09 01:19:57.706666690+00:00,2026-03-09 01:19:57.706666690+00:00
BACKTESTER-001,OracleStrategy-000,MESM6.GLBX,GLBX-1-213,MESM6.GLBX-OracleStrategy-000,GLBX-001,GLBX-1-213,MARKET,BUY,1,GTC,False,False,1,TAKER,6658.0,0.0,['0.00 USD'],NO_TRIGGER,FILLED,NO_CONTINGENCY,,,,MY_GENERIC_ALGO,,O-20260309-011957-001-000-357,,d0034d83-6c74-49f7-b9cb-77772269d188,2026-03-09 01:19:57.706666690+00:00,2026-03-09 01:19:57.706666690+00:00
BACKTESTER-001,OracleStrategy-000,MESM6.GLBX,GLBX-1-214,MESM6.GLBX-OracleStrategy-000,GLBX-001,GLBX-1-214,MARKET,SELL,1,GTC,True,False,1,TAKER,6656.75,0.0,['0.00 USD'],NO_TRIGGER,FILLED,NO_CONTINGENCY,,,,MY_GENERIC_ALGO,,O-20260309-012035-001-000-358,,cb0a47f0-af1a-47b6-9fe5-02cfdc5f03ce,2026-03-09 01:20:35.682332370+00:00,2026-03-09 01:20:35.682332370+00:00
BACKTESTER-001,OracleStrategy-000,MESM6.GLBX,GLBX-1-215,MESM6.GLBX-OracleStrategy-000,GLBX-001,GLBX-1-215,MARKET,SELL,1,GTC,False,False,1,TAKER,6656.75,0.0,['0.00 USD'],NO_TRIGGER,FILLED,NO_CONTINGENCY,,,,MY_GENERIC_ALGO,,O-20260309-012035-001-000-359,,e66f8376-94bd-45c4-89fe-4c98ece907b5,2026-03-09 01:20:35.682332370+00:00,2026-03-09 01:20:35.682332370+00:00
BACKTESTER-001,OracleStrategy-000,MESM6.GLBX,GLBX-1-216,MESM6.GLBX-OracleStrategy-000,GLBX-001,GLBX-1-216,MARKET,BUY,1,GTC,True,False,1,TAKER,6656.0,0.0,['0.00 USD'],NO_TRIGGER,FILLED,NO_CONTINGENCY,,,,MY_GENERIC_ALGO,,O-20260309-012050-001-000-360,,47723504-c5f9-47ff-92ea-d81d659b3dbe,2026-03-09 01:20:50.378112250+00:00,2026-03-09 01:20:50.378112250+00:00
BACKTESTER-001,OracleStrategy-000,MESM6.GLBX,GLBX-1-217,MESM6.GLBX-OracleStrategy-000,GLBX-001,GLBX-1-217,MARKET,BUY,1,GTC,False,False,1,TAKER,6656.0,0.0,['0.00 USD'],NO_TRIGGER,FILLED,NO_CONTINGENCY,,,,MY_GENERIC_ALGO,,O-20260309-012050-001-000-361,,981c8b0c-d24e-44cc-b48b-a16b8fc07a1a,2026-03-09 01:20:50.378112250+00:00,2026-03-09 01:20:50.378112250+00:00
BACKTESTER-001,OracleStrategy-000,MESM6.GLBX,GLBX-1-218,MESM6.GLBX-OracleStrategy-000,GLBX-001,GLBX-1-218,MARKET,SELL,1,GTC,True,False,1,TAKER,6655.5,0.0,['0.00 USD'],NO_TRIGGER,FILLED,NO_CONTINGENCY,,,,MY_GENERIC_ALGO,,O-20260309-012051-001-000-362,,dd65c0ff-1790-4de7-a282-8270cb8b71d0,2026-03-09 01:20:51.728048129+00:00,2026-03-09 01:20:51.728048129+00:00
BACKTESTER-001,OracleStrategy-000,MESM6.GLBX,GLBX-1-219,MESM6.GLBX-OracleStrategy-000,GLBX-001,GLBX-1-219,MARKET,SELL,1,GTC,False,False,1,TAKER,6655.5,0.0,['0.00 USD'],NO_TRIGGER,FILLED,NO_CONTINGENCY,,,,MY_GENERIC_ALGO,,O-20260309-012051-001-000-363,,eeeb3d79-a70d-4e70-bfa3-6b5fbc59c824,2026-03-09 01:20:51.728048129+00:00,2026-03-09 01:20:51.728048129+00:00
BACKTESTER-001,OracleStrategy-000,MESM6.GLBX,GLBX-1-220,MESM6.GLBX-OracleStrategy-000,GLBX-001,GLBX-1-220,MARKET,BUY,1,GTC,True,False,1,TAKER,6653.75,0.0,['0.00 USD'],NO_TRIGGER,FILLED,NO_CONTINGENCY,,,,MY_GENERIC_ALGO,,O-20260309-012123-001-000-364,,ff17a204-ba9e-48cf-bf90-8e25f526688e,2026-03-09 01:21:23.318350779+00:00,2026-03-09 01:21:23.318350779+00:00
BACKTESTER-001,OracleStrategy-000,MESM6.GLBX,GLBX-1-221,MESM6.GLBX-OracleStrategy-000,GLBX-001,GLBX-1-221,MARKET,BUY,1,GTC,False,False,1,TAKER,6653.75,0.0,['0.00 USD'],NO_TRIGGER,FILLED,NO_CONTINGENCY,,,,MY_GENERIC_ALGO,,O-20260309-012123-001-000-365,,8bd9241e-7b46-43e9-91a3-ead1ad7d73f7,2026-03-09 01:21:23.318350779+00:00,2026-03-09 01:21:23.318350779+00:00
BACKTESTER-001,OracleStrategy-000,MESM6.GLBX,GLBX-1-222,MESM6.GLBX-OracleStrategy-000,GLBX-001,GLBX-1-222,MARKET,SELL,1,GTC,True,False,1,TAKER,6656.5,0.0,['0.00 USD'],NO_TRIGGER,FILLED,NO_CONTINGENCY,,,,MY_GENERIC_ALGO,,O-20260309-012213-001-000-366,,9aa19299-8cb3-4cc2-9e6b-0540280e83a4,2026-03-09 01:22:13.380643248+00:00,2026-03-09 01:22:13.380643248+00:00
BACKTESTER-001,OracleStrategy-000,MESM6.GLBX,GLBX-1-223,MESM6.GLBX-OracleStrategy-000,GLBX-001,GLBX-1-223,MARKET,SELL,1,GTC,False,False,1,TAKER,6656.5,0.0,['0.00 USD'],NO_TRIGGER,FILLED,NO_CONTINGENCY,,,,MY_GENERIC_ALGO,,O-20260309-012213-001-000-367,,125f4585-a7dd-4acc-b0da-f3aa15c349f8,2026-03-09 01:22:13.380643248+00:00,2026-03-09 01:22:13.380643248+00:00
BACKTESTER-001,OracleStrategy-000,MESM6.GLBX,GLBX-1-224,MESM6.GLBX-OracleStrategy-000,GLBX-001,GLBX-1-224,MARKET,BUY,1,GTC,True,False,1,TAKER,6657.0,0.0,['0.00 USD'],NO_TRIGGER,FILLED,NO_CONTINGENCY,,,,MY_GENERIC_ALGO,,O-20260309-012219-001-000-368,,d7df79f7-666b-4c17-9364-2e3e51a21395,2026-03-09 01:22:19.521857423+00:00,2026-03-09 01:22:19.521857423+00:00
BACKTESTER-001,OracleStrategy-000,MESM6.GLBX,GLBX-1-225,MESM6.GLBX-OracleStrategy-000,GLBX-001,GLBX-1-225,MARKET,BUY,1,GTC,False,False,1,TAKER,6657.0,0.0,['0.00 USD'],NO_TRIGGER,FILLED,NO_CONTINGENCY,,,,MY_GENERIC_ALGO,,O-20260309-012219-001-000-369,,d77220e0-0653-4f30-b3da-cdd8b37f33c4,2026-03-09 01:22:19.521857423+00:00,2026-03-09 01:22:19.521857423+00:00
BACKTESTER-001,OracleStrategy-000,MESM6.GLBX,GLBX-1-226,MESM6.GLBX-OracleStrategy-000,GLBX-001,GLBX-1-226,MARKET,SELL,1,GTC,True,False,1,TAKER,6656.0,0.0,['0.00 USD'],NO_TRIGGER,FILLED,NO_CONTINGENCY,,,,MY_GENERIC_ALGO,,O-20260309-012225-001-000-370,,87222127-b483-4209-9dd1-19d568f336c9,2026-03-09 01:22:25.175584904+00:00,2026-03-09 01:22:25.175584904+00:00
BACKTESTER-001,OracleStrategy-000,MESM6.GLBX,GLBX-1-227,MESM6.GLBX-OracleStrategy-000,GLBX-001,GLBX-1-227,MARKET,SELL,1,GTC,False,False,1,TAKER,6656.0,0.0,['0.00 USD'],NO_TRIGGER,FILLED,NO_CONTINGENCY,,,,MY_GENERIC_ALGO,,O-20260309-012225-001-000-371,,d28027f3-18f2-44cc-8bb2-eb29b989a180,2026-03-09 01:22:25.175584904+00:00,2026-03-09 01:22:25.175584904+00:00
BACKTESTER-001,OracleStrategy-000,MESM6.GLBX,GLBX-1-228,MESM6.GLBX-OracleStrategy-000,GLBX-001,GLBX-1-228,MARKET,BUY,1,GTC,True,False,1,TAKER,6656.75,0.0,['0.00 USD'],NO_TRIGGER,FILLED,NO_CONTINGENCY,,,,MY_GENERIC_ALGO,,O-20260309-012336-001-000-372,,3ecabbc3-4e00-4d89-816c-92b09366f535,2026-03-09 01:23:36.955972689+00:00,2026-03-09 01:23:36.955972689+00:00
BACKTESTER-001,OracleStrategy-000,MESM6.GLBX,GLBX-1-229,MESM6.GLBX-OracleStrategy-000,GLBX-001,GLBX-1-229,MARKET,BUY,1,GTC,False,False,1,TAKER,6656.75,0.0,['0.00 USD'],NO_TRIGGER,FILLED,NO_CONTINGENCY,,,,MY_GENERIC_ALGO,,O-20260309-012336-001-000-373,,2817057b-4055-4a36-875c-d9c277032101,2026-03-09 01:23:36.955972689+00:00,2026-03-09 01:23:36.955972689+00:00
BACKTESTER-001,OracleStrategy-000,MESM6.GLBX,GLBX-1-230,MESM6.GLBX-OracleStrategy-000,GLBX-001,GLBX-1-230,MARKET,SELL,1,GTC,True,False,1,TAKER,6660.0,0.0,['0.00 USD'],NO_TRIGGER,FILLED,NO_CONTINGENCY,,,,MY_GENERIC_ALGO,,O-20260309-012441-001-000-374,,3dca7f18-379a-4391-958d-bb5f4fe67940,2026-03-09 01:24:41.536040929+00:00,2026-03-09 01:24:41.536040929+00:00
BACKTESTER-001,OracleStrategy-000,MESM6.GLBX,GLBX-1-231,MESM6.GLBX-OracleStrategy-000,GLBX-001,GLBX-1-231,MARKET,SELL,1,GTC,False,False,1,TAKER,6660.0,0.0,['0.00 USD'],NO_TRIGGER,FILLED,NO_CONTINGENCY,,,,MY_GENERIC_ALGO,,O-20260309-012441-001-000-375,,1cce0009-a33e-4951-a79e-dea268066449,2026-03-09 01:24:41.536040929+00:00,2026-03-09 01:24:41.536040929+00:00
BACKTESTER-001,OracleStrategy-000,MESM6.GLBX,GLBX-1-232,MESM6.GLBX-OracleStrategy-000,GLBX-001,GLBX-1-232,MARKET,BUY,1,GTC,True,False,1,TAKER,6660.0,0.0,['0.00 USD'],NO_TRIGGER,FILLED,NO_CONTINGENCY,,,,MY_GENERIC_ALGO,,O-20260309-012551-001-000-376,,ded30e5e-f887-484e-84f3-8b7772d473b3,2026-03-09 01:25:51.965315171+00:00,2026-03-09 01:25:51.965315171+00:00
BACKTESTER-001,OracleStrategy-000,MESM6.GLBX,GLBX-1-233,MESM6.GLBX-OracleStrategy-000,GLBX-001,GLBX-1-233,MARKET,BUY,1,GTC,False,False,1,TAKER,6660.0,0.0,['0.00 USD'],NO_TRIGGER,FILLED,NO_CONTINGENCY,,,,MY_GENERIC_ALGO,,O-20260309-012551-001-000-377,,40330e9c-8a86-496f-b649-e68cc2cf54de,2026-03-09 01:25:51.965315171+00:00,2026-03-09 01:25:51.965315171+00:00
BACKTESTER-001,OracleStrategy-000,MESM6.GLBX,GLBX-1-234,MESM6.GLBX-OracleStrategy-000,GLBX-001,GLBX-1-234,MARKET,SELL,1,GTC,True,False,1,TAKER,6658.75,0.0,['0.00 USD'],NO_TRIGGER,FILLED,NO_CONTINGENCY,,,,MY_GENERIC_ALGO,,O-20260309-012707-001-000-378,,533d4a75-c3e6-4033-9102-36929d88f55f,2026-03-09 01:27:07.804861635+00:00,2026-03-09 01:27:07.804861635+00:00
BACKTESTER-001,OracleStrategy-000,MESM6.GLBX,GLBX-1-235,MESM6.GLBX-OracleStrategy-000,GLBX-001,GLBX-1-235,MARKET,SELL,1,GTC,False,False,1,TAKER,6658.75,0.0,['0.00 USD'],NO_TRIGGER,FILLED,NO_CONTINGENCY,,,,MY_GENERIC_ALGO,,O-20260309-012707-001-000-379,,89989159-526c-41a5-8d8e-1176df48f2a0,2026-03-09 01:27:07.804861635+00:00,2026-03-09 01:27:07.804861635+00:00
BACKTESTER-001,OracleStrategy-000,MESM6.GLBX,GLBX-1-236,MESM6.GLBX-OracleStrategy-000,GLBX-001,GLBX-1-236,MARKET,BUY,1,GTC,True,False,1,TAKER,6657.5,0.0,['0.00 USD'],NO_TRIGGER,FILLED,NO_CONTINGENCY,,,,MY_GENERIC_ALGO,,O-20260309-012744-001-000-380,,633ae29e-88bf-4d17-a2e7-c7720b125e10,2026-03-09 01:27:44.799523810+00:00,2026-03-09 01:27:44.799523810+00:00
BACKTESTER-001,OracleStrategy-000,MESM6.GLBX,GLBX-1-237,MESM6.GLBX-OracleStrategy-000,GLBX-001,GLBX-1-237,MARKET,BUY,1,GTC,False,False,1,TAKER,6657.5,0.0,['0.00 USD'],NO_TRIGGER,FILLED,NO_CONTINGENCY,,,,MY_GENERIC_ALGO,,O-20260309-012744-001-000-381,,47098454-a181-4237-846b-3af930542a83,2026-03-09 01:27:44.799523810+00:00,2026-03-09 01:27:44.799523810+00:00
BACKTESTER-001,OracleStrategy-000,MESM6.GLBX,GLBX-1-238,MESM6.GLBX-OracleStrategy-000,GLBX-001,GLBX-1-238,MARKET,SELL,1,GTC,True,False,1,TAKER,6659.0,0.0,['0.00 USD'],NO_TRIGGER,FILLED,NO_CONTINGENCY,,,,MY_GENERIC_ALGO,,O-20260309-012827-001-000-382,,73c6c145-3154-455d-be11-22acc9dc3aae,2026-03-09 01:28:27.374209138+00:00,2026-03-09 01:28:27.374209138+00:00
BACKTESTER-001,OracleStrategy-000,MESM6.GLBX,GLBX-1-239,MESM6.GLBX-OracleStrategy-000,GLBX-001,GLBX-1-239,MARKET,SELL,1,GTC,False,False,1,TAKER,6659.0,0.0,['0.00 USD'],NO_TRIGGER,FILLED,NO_CONTINGENCY,,,,MY_GENERIC_ALGO,,O-20260309-012827-001-000-383,,25ce3060-ed5e-4f3c-bc43-6a5bcb8b4451,2026-03-09 01:28:27.374209138+00:00,2026-03-09 01:28:27.374209138+00:00
BACKTESTER-001,OracleStrategy-000,MESM6.GLBX,GLBX-1-240,MESM6.GLBX-OracleStrategy-000,GLBX-001,GLBX-1-240,MARKET,BUY,1,GTC,True,False,1,TAKER,6656.0,0.0,['0.00 USD'],NO_TRIGGER,FILLED,NO_CONTINGENCY,,,,MY_GENERIC_ALGO,,O-20260309-012941-001-000-384,,317109e6-904f-4a60-b39b-afc5585b43b2,2026-03-09 01:29:41.973352768+00:00,2026-03-09 01:29:41.973352768+00:00
BACKTESTER-001,OracleStrategy-000,MESM6.GLBX,GLBX-1-241,MESM6.GLBX-OracleStrategy-000,GLBX-001,GLBX-1-241,MARKET,BUY,1,GTC,False,False,1,TAKER,6656.0,0.0,['0.00 USD'],NO_TRIGGER,FILLED,NO_CONTINGENCY,,,,MY_GENERIC_ALGO,,O-20260309-012941-001-000-385,,6ef3a10e-43ca-404c-826b-6a21e9c45e99,2026-03-09 01:29:41.973352768+00:00,2026-03-09 01:29:41.973352768+00:00
BACKTESTER-001,OracleStrategy-000,MESM6.GLBX,GLBX-1-242,MESM6.GLBX-OracleStrategy-000,GLBX-001,GLBX-1-242,MARKET,SELL,1,GTC,True,False,1,TAKER,6652.25,0.0,['0.00 USD'],NO_TRIGGER,FILLED,NO_CONTINGENCY,,,,MY_GENERIC_ALGO,,O-20260309-013020-001-000-386,,701baacc-8d71-4690-a29d-881c8aa95c7f,2026-03-09 01:30:20.977297450+00:00,2026-03-09 01:30:20.977297450+00:00
BACKTESTER-001,OracleStrategy-000,MESM6.GLBX,GLBX-1-243,MESM6.GLBX-OracleStrategy-000,GLBX-001,GLBX-1-243,MARKET,SELL,1,GTC,False,False,1,TAKER,6654.75,0.0,['0.00 USD'],NO_TRIGGER,FILLED,NO_CONTINGENCY,,,,MY_GENERIC_ALGO,,O-20260309-013039-001-000-389,,ae1e33c4-d3b3-42de-b4ca-883219584495,2026-03-09 01:30:39.470684269+00:00,2026-03-09 01:30:39.470684269+00:00
BACKTESTER-001,OracleStrategy-000,MESM6.GLBX,GLBX-1-244,MESM6.GLBX-OracleStrategy-000,GLBX-001,GLBX-1-244,MARKET,BUY,1,GTC,True,False,1,TAKER,6654.75,0.0,['0.00 USD'],NO_TRIGGER,FILLED,NO_CONTINGENCY,,,,MY_GENERIC_ALGO,,O-20260309-013048-001-000-390,,1533098e-3311-463a-9ec6-f259ea017480,2026-03-09 01:30:48.233929488+00:00,2026-03-09 01:30:48.233929488+00:00
BACKTESTER-001,OracleStrategy-000,MESM6.GLBX,GLBX-1-245,MESM6.GLBX-OracleStrategy-000,GLBX-001,GLBX-1-245,MARKET,BUY,1,GTC,False,False,1,TAKER,6654.75,0.0,['0.00 USD'],NO_TRIGGER,FILLED,NO_CONTINGENCY,,,,MY_GENERIC_ALGO,,O-20260309-013048-001-000-391,,7a3cf998-928c-4c74-9f7c-dc7db5fbf75e,2026-03-09 01:30:48.233929488+00:00,2026-03-09 01:30:48.233929488+00:00
BACKTESTER-001,OracleStrategy-000,MESM6.GLBX,GLBX-1-246,MESM6.GLBX-OracleStrategy-000,GLBX-001,GLBX-1-246,MARKET,SELL,1,GTC,True,False,1,TAKER,6653.75,0.0,['0.00 USD'],NO_TRIGGER,FILLED,NO_CONTINGENCY,,,,MY_GENERIC_ALGO,,O-20260309-013101-001-000-392,,2828b7eb-9840-42b3-a999-8c65d097cec8,2026-03-09 01:31:01.003466151+00:00,2026-03-09 01:31:01.003466151+00:00
BACKTESTER-001,OracleStrategy-000,MESM6.GLBX,GLBX-1-247,MESM6.GLBX-OracleStrategy-000,GLBX-001,GLBX-1-247,MARKET,SELL,1,GTC,False,False,1,TAKER,6653.75,0.0,['0.00 USD'],NO_TRIGGER,FILLED,NO_CONTINGENCY,,,,MY_GENERIC_ALGO,,O-20260309-013101-001-000-393,,ede26b57-a571-420d-b83e-97acc2f6461f,2026-03-09 01:31:01.003466151+00:00,2026-03-09 01:31:01.003466151+00:00
BACKTESTER-001,OracleStrategy-000,MESM6.GLBX,GLBX-1-248,MESM6.GLBX-OracleStrategy-000,GLBX-001,GLBX-1-248,MARKET,BUY,1,GTC,True,False,1,TAKER,6653.75,0.0,['0.00 USD'],NO_TRIGGER,FILLED,NO_CONTINGENCY,,,,MY_GENERIC_ALGO,,O-20260309-013115-001-000-394,,f1fa769f-ff70-4d15-9217-433f832d3f5a,2026-03-09 01:31:15.210462128+00:00,2026-03-09 01:31:15.210462128+00:00
BACKTESTER-001,OracleStrategy-000,MESM6.GLBX,GLBX-1-249,MESM6.GLBX-OracleStrategy-000,GLBX-001,GLBX-1-249,MARKET,BUY,1,GTC,False,False,1,TAKER,6653.75,0.0,['0.00 USD'],NO_TRIGGER,FILLED,NO_CONTINGENCY,,,,MY_GENERIC_ALGO,,O-20260309-013115-001-000-395,,8637e016-746b-4e37-96c0-07f47c18d697,2026-03-09 01:31:15.210462128+00:00,2026-03-09 01:31:15.210462128+00:00
BACKTESTER-001,OracleStrategy-000,MESM6.GLBX,GLBX-1-250,MESM6.GLBX-OracleStrategy-000,GLBX-001,GLBX-1-250,MARKET,SELL,1,GTC,True,False,1,TAKER,6652.5,0.0,['0.00 USD'],NO_TRIGGER,FILLED,NO_CONTINGENCY,,,,MY_GENERIC_ALGO,,O-20260309-013116-001-000-396,,79b5f9d8-af75-4dd7-aa7f-b84ea64b8051,2026-03-09 01:31:16.680165229+00:00,2026-03-09 01:31:16.680165229+00:00
BACKTESTER-001,OracleStrategy-000,MESM6.GLBX,GLBX-1-251,MESM6.GLBX-OracleStrategy-000,GLBX-001,GLBX-1-251,MARKET,SELL,1,GTC,False,False,1,TAKER,6652.5,0.0,['0.00 USD'],NO_TRIGGER,FILLED,NO_CONTINGENCY,,,,MY_GENERIC_ALGO,,O-20260309-013116-001-000-397,,ea1b4732-7649-4e92-9098-95868d834889,2026-03-09 01:31:16.680165229+00:00,2026-03-09 01:31:16.680165229+00:00
BACKTESTER-001,OracleStrategy-000,MESM6.GLBX,GLBX-1-252,MESM6.GLBX-OracleStrategy-000,GLBX-001,GLBX-1-252,MARKET,BUY,1,GTC,True,False,1,TAKER,6653.25,0.0,['0.00 USD'],NO_TRIGGER,FILLED,NO_CONTINGENCY,,,,MY_GENERIC_ALGO,,O-20260309-013142-001-000-398,,4726de9e-3d37-423b-85b1-df59707a6a3e,2026-03-09 01:31:42.604106910+00:00,2026-03-09 01:31:42.604106910+00:00
BACKTESTER-001,OracleStrategy-000,MESM6.GLBX,GLBX-1-253,MESM6.GLBX-OracleStrategy-000,GLBX-001,GLBX-1-253,MARKET,BUY,1,GTC,False,False,1,TAKER,6653.25,0.0,['0.00 USD'],NO_TRIGGER,FILLED,NO_CONTINGENCY,,,,MY_GENERIC_ALGO,,O-20260309-013142-001-000-399,,7dce497f-9aba-4f4d-9d10-1828810145b2,2026-03-09 01:31:42.604106910+00:00,2026-03-09 01:31:42.604106910+00:00
BACKTESTER-001,OracleStrategy-000,MESM6.GLBX,GLBX-1-254,MESM6.GLBX-OracleStrategy-000,GLBX-001,GLBX-1-254,MARKET,SELL,1,GTC,True,False,1,TAKER,6654.0,0.0,['0.00 USD'],NO_TRIGGER,FILLED,NO_CONTINGENCY,,,,MY_GENERIC_ALGO,,O-20260309-013149-001-000-400,,554db0fe-26e0-459c-be5a-8804ccba43a9,2026-03-09 01:31:49.577788202+00:00,2026-03-09 01:31:49.577788202+00:00
BACKTESTER-001,OracleStrategy-000,MESM6.GLBX,GLBX-1-255,MESM6.GLBX-OracleStrategy-000,GLBX-001,GLBX-1-255,MARKET,SELL,1,GTC,False,False,1,TAKER,6654.0,0.0,['0.00 USD'],NO_TRIGGER,FILLED,NO_CONTINGENCY,,,,MY_GENERIC_ALGO,,O-20260309-013149-001-000-401,,6c4208be-d830-434c-9571-ac860c522a2d,2026-03-09 01:31:49.577788202+00:00,2026-03-09 01:31:49.577788202+00:00
BACKTESTER-001,OracleStrategy-000,MESM6.GLBX,GLBX-1-256,MESM6.GLBX-OracleStrategy-000,GLBX-001,GLBX-1-256,MARKET,BUY,1,GTC,True,False,1,TAKER,6652.75,0.0,['0.00 USD'],NO_TRIGGER,FILLED,NO_CONTINGENCY,,,,MY_GENERIC_ALGO,,O-20260309-013205-001-000-402,,6d02b66e-77c1-46f5-87ac-2c6ea853f4e2,2026-03-09 01:32:05.779218818+00:00,2026-03-09 01:32:05.779218818+00:00
BACKTESTER-001,OracleStrategy-000,MESM6.GLBX,GLBX-1-257,MESM6.GLBX-OracleStrategy-000,GLBX-001,GLBX-1-257,MARKET,BUY,1,GTC,False,False,1,TAKER,6652.75,0.0,['0.00 USD'],NO_TRIGGER,FILLED,NO_CONTINGENCY,,,,MY_GENERIC_ALGO,,O-20260309-013205-001-000-403,,bb45a60c-a50f-467e-b4cb-ce475a47c1df,2026-03-09 01:32:05.779218818+00:00,2026-03-09 01:32:05.779218818+00:00
BACKTESTER-001,OracleStrategy-000,MESM6.GLBX,GLBX-1-258,MESM6.GLBX-OracleStrategy-000,GLBX-001,GLBX-1-258,MARKET,SELL,1,GTC,True,False,1,TAKER,6652.5,0.0,['0.00 USD'],NO_TRIGGER,FILLED,NO_CONTINGENCY,,,,MY_GENERIC_ALGO,,O-20260309-013212-001-000-404,,1208f80d-2039-4257-9331-6850fe6ebec3,2026-03-09 01:32:12.224805610+00:00,2026-03-09 01:32:12.224805610+00:00
BACKTESTER-001,OracleStrategy-000,MESM6.GLBX,GLBX-1-259,MESM6.GLBX-OracleStrategy-000,GLBX-001,GLBX-1-259,MARKET,SELL,1,GTC,False,False,1,TAKER,6652.5,0.0,['0.00 USD'],NO_TRIGGER,FILLED,NO_CONTINGENCY,,,,MY_GENERIC_ALGO,,O-20260309-013212-001-000-405,,9e2d5f72-55bb-478f-93db-b32fef5e231a,2026-03-09 01:32:12.224805610+00:00,2026-03-09 01:32:12.224805610+00:00
BACKTESTER-001,OracleStrategy-000,MESM6.GLBX,GLBX-1-260,MESM6.GLBX-OracleStrategy-000,GLBX-001,GLBX-1-260,MARKET,BUY,1,GTC,True,False,1,TAKER,6655.0,0.0,['0.00 USD'],NO_TRIGGER,FILLED,NO_CONTINGENCY,,,,MY_GENERIC_ALGO,,O-20260309-013224-001-000-406,,38d127de-8503-4926-abac-c8253940deca,2026-03-09 01:32:24.665375072+00:00,2026-03-09 01:32:24.665375072+00:00
BACKTESTER-001,OracleStrategy-000,MESM6.GLBX,GLBX-1-261,MESM6.GLBX-OracleStrategy-000,GLBX-001,GLBX-1-261,MARKET,BUY,1,GTC,False,False,1,TAKER,6655.0,0.0,['0.00 USD'],NO_TRIGGER,FILLED,NO_CONTINGENCY,,,,MY_GENERIC_ALGO,,O-20260309-013224-001-000-407,,711b3977-ecc1-4546-ab13-cbb77067c76f,2026-03-09 01:32:24.665375072+00:00,2026-03-09 01:32:24.665375072+00:00
BACKTESTER-001,OracleStrategy-000,MESM6.GLBX,GLBX-1-262,MESM6.GLBX-OracleStrategy-000,GLBX-001,GLBX-1-262,MARKET,SELL,1,GTC,True,False,1,TAKER,6655.5,0.0,['0.00 USD'],NO_TRIGGER,FILLED,NO_CONTINGENCY,,,,MY_GENERIC_ALGO,,O-20260309-013231-001-000-408,,f3d5e52a-91af-4b20-b810-d1c1699fdaed,2026-03-09 01:32:31.649645422+00:00,2026-03-09 01:32:31.649645422+00:00
BACKTESTER-001,OracleStrategy-000,MESM6.GLBX,GLBX-1-263,MESM6.GLBX-OracleStrategy-000,GLBX-001,GLBX-1-263,MARKET,SELL,1,GTC,False,False,1,TAKER,6655.5,0.0,['0.00 USD'],NO_TRIGGER,FILLED,NO_CONTINGENCY,,,,MY_GENERIC_ALGO,,O-20260309-013231-001-000-409,,bf5bad3f-4f50-4f09-becb-d203235640fa,2026-03-09 01:32:31.649645422+00:00,2026-03-09 01:32:31.649645422+00:00
BACKTESTER-001,OracleStrategy-000,MESM6.GLBX,GLBX-1-264,MESM6.GLBX-OracleStrategy-000,GLBX-001,GLBX-1-264,MARKET,BUY,1,GTC,True,False,1,TAKER,6657.25,0.0,['0.00 USD'],NO_TRIGGER,FILLED,NO_CONTINGENCY,,,,MY_GENERIC_ALGO,,O-20260309-013254-001-000-410,,e6034b94-706c-4971-a085-e4bf77fa2745,2026-03-09 01:32:54.401537601+00:00,2026-03-09 01:32:54.401537601+00:00
BACKTESTER-001,OracleStrategy-000,MESM6.GLBX,GLBX-1-265,MESM6.GLBX-OracleStrategy-000,GLBX-001,GLBX-1-265,MARKET,SELL,1,GTC,False,False,1,TAKER,6655.5,0.0,['0.00 USD'],NO_TRIGGER,FILLED,NO_CONTINGENCY,,,,MY_GENERIC_ALGO,,O-20260309-013854-001-000-433,,2690caec-60f0-41c3-83b8-4154528fe97d,2026-03-09 01:38:54.322208931+00:00,2026-03-09 01:38:54.322208931+00:00
BACKTESTER-001,OracleStrategy-000,MESM6.GLBX,GLBX-1-266,MESM6.GLBX-OracleStrategy-000,GLBX-001,GLBX-1-266,MARKET,BUY,1,GTC,True,False,1,TAKER,6655.75,0.0,['0.00 USD'],NO_TRIGGER,FILLED,NO_CONTINGENCY,,,,MY_GENERIC_ALGO,,O-20260309-013911-001-000-434,,2d4467a5-2019-482b-ae33-448bbfe23b3f,2026-03-09 01:39:11.119261856+00:00,2026-03-09 01:39:11.119261856+00:00
BACKTESTER-001,OracleStrategy-000,MESM6.GLBX,GLBX-1-267,MESM6.GLBX-OracleStrategy-000,GLBX-001,GLBX-1-267,MARKET,BUY,1,GTC,False,False,1,TAKER,6655.75,0.0,['0.00 USD'],NO_TRIGGER,FILLED,NO_CONTINGENCY,,,,MY_GENERIC_ALGO,,O-20260309-013911-001-000-435,,9a7b4466-dae5-404e-8c7b-9ce02a670501,2026-03-09 01:39:11.119261856+00:00,2026-03-09 01:39:11.119261856+00:00
BACKTESTER-001,OracleStrategy-000,MESM6.GLBX,GLBX-1-268,MESM6.GLBX-OracleStrategy-000,GLBX-001,GLBX-1-268,MARKET,SELL,1,GTC,True,False,1,TAKER,6655.0,0.0,['0.00 USD'],NO_TRIGGER,FILLED,NO_CONTINGENCY,,,,MY_GENERIC_ALGO,,O-20260309-013932-001-000-436,,f20777ed-cfa5-4f68-8638-4f1a422ab94b,2026-03-09 01:39:32.793297266+00:00,2026-03-09 01:39:32.793297266+00:00
BACKTESTER-001,OracleStrategy-000,MESM6.GLBX,GLBX-1-269,MESM6.GLBX-OracleStrategy-000,GLBX-001,GLBX-1-269,MARKET,SELL,1,GTC,False,False,1,TAKER,6655.0,0.0,['0.00 USD'],NO_TRIGGER,FILLED,NO_CONTINGENCY,,,,MY_GENERIC_ALGO,,O-20260309-013932-001-000-437,,5db9a521-0110-4bad-962e-2a35946fce64,2026-03-09 01:39:32.793297266+00:00,2026-03-09 01:39:32.793297266+00:00
BACKTESTER-001,OracleStrategy-000,MESM6.GLBX,GLBX-1-270,MESM6.GLBX-OracleStrategy-000,GLBX-001,GLBX-1-270,MARKET,BUY,1,GTC,True,False,1,TAKER,6654.0,0.0,['0.00 USD'],NO_TRIGGER,FILLED,NO_CONTINGENCY,,,,MY_GENERIC_ALGO,,O-20260309-014002-001-000-438,,2bb75d64-8255-4cb4-8b73-2bff71f77c3d,2026-03-09 01:40:02.291032384+00:00,2026-03-09 01:40:02.291032384+00:00
BACKTESTER-001,OracleStrategy-000,MESM6.GLBX,GLBX-1-271,MESM6.GLBX-OracleStrategy-000,GLBX-001,GLBX-1-271,MARKET,BUY,1,GTC,False,False,1,TAKER,6654.0,0.0,['0.00 USD'],NO_TRIGGER,FILLED,NO_CONTINGENCY,,,,MY_GENERIC_ALGO,,O-20260309-014002-001-000-439,,8c0adcca-76b0-48c5-9a2e-3dc365ebd87f,2026-03-09 01:40:02.291032384+00:00,2026-03-09 01:40:02.291032384+00:00
BACKTESTER-001,OracleStrategy-000,MESM6.GLBX,GLBX-1-272,MESM6.GLBX-OracleStrategy-000,GLBX-001,GLBX-1-272,MARKET,SELL,1,GTC,True,False,1,TAKER,6653.5,0.0,['0.00 USD'],NO_TRIGGER,FILLED,NO_CONTINGENCY,,,,MY_GENERIC_ALGO,,O-20260309-014011-001-000-440,,b6d06fd4-387e-4fa8-a7ae-bc8c84229f79,2026-03-09 01:40:11.960537536+00:00,2026-03-09 01:40:11.960537536+00:00
BACKTESTER-001,OracleStrategy-000,MESM6.GLBX,GLBX-1-273,MESM6.GLBX-OracleStrategy-000,GLBX-001,GLBX-1-273,MARKET,SELL,1,GTC,False,False,1,TAKER,6653.5,0.0,['0.00 USD'],NO_TRIGGER,FILLED,NO_CONTINGENCY,,,,MY_GENERIC_ALGO,,O-20260309-014011-001-000-441,,7a474e1b-ecfb-40ed-b1f0-b7e6a208fd7a,2026-03-09 01:40:11.960537536+00:00,2026-03-09 01:40:11.960537536+00:00
BACKTESTER-001,OracleStrategy-000,MESM6.GLBX,GLBX-1-274,MESM6.GLBX-OracleStrategy-000,GLBX-001,GLBX-1-274,MARKET,BUY,1,GTC,True,False,1,TAKER,6655.75,0.0,['0.00 USD'],NO_TRIGGER,FILLED,NO_CONTINGENCY,,,,MY_GENERIC_ALGO,,O-20260309-014027-001-000-442,,87f2e5e6-d44c-4c02-a6ec-bb15e2bb688d,2026-03-09 01:40:27.117198715+00:00,2026-03-09 01:40:27.117198715+00:00
BACKTESTER-001,OracleStrategy-000,MESM6.GLBX,GLBX-1-275,MESM6.GLBX-OracleStrategy-000,GLBX-001,GLBX-1-275,MARKET,BUY,1,GTC,False,False,1,TAKER,6655.75,0.0,['0.00 USD'],NO_TRIGGER,FILLED,NO_CONTINGENCY,,,,MY_GENERIC_ALGO,,O-20260309-014027-001-000-443,,77b34878-dab9-41a6-a50f-3cf260041ca0,2026-03-09 01:40:27.117198715+00:00,2026-03-09 01:40:27.117198715+00:00
BACKTESTER-001,OracleStrategy-000,MESM6.GLBX,GLBX-1-276,MESM6.GLBX-OracleStrategy-000,GLBX-001,GLBX-1-276,MARKET,SELL,1,GTC,True,False,1,TAKER,6654.75,0.0,['0.00 USD'],NO_TRIGGER,FILLED,NO_CONTINGENCY,,,,MY_GENERIC_ALGO,,O-20260309-014036-001-000-444,,1fe92f08-fa3e-43d4-ada3-e18e5829ecc3,2026-03-09 01:40:36.988012410+00:00,2026-03-09 01:40:36.988012410+00:00
BACKTESTER-001,OracleStrategy-000,MESM6.GLBX,GLBX-1-277,MESM6.GLBX-OracleStrategy-000,GLBX-001,GLBX-1-277,MARKET,SELL,1,GTC,False,False,1,TAKER,6654.75,0.0,['0.00 USD'],NO_TRIGGER,FILLED,NO_CONTINGENCY,,,,MY_GENERIC_ALGO,,O-20260309-014036-001-000-445,,e66c3c9d-3fd5-4741-aff0-5c2d4b07e5be,2026-03-09 01:40:36.988012410+00:00,2026-03-09 01:40:36.988012410+00:00
BACKTESTER-001,OracleStrategy-000,MESM6.GLBX,GLBX-1-278,MESM6.GLBX-OracleStrategy-000,GLBX-001,GLBX-1-278,MARKET,BUY,1,GTC,True,False,1,TAKER,6653.0,0.0,['0.00 USD'],NO_TRIGGER,FILLED,NO_CONTINGENCY,,,,MY_GENERIC_ALGO,,O-20260309-014141-001-000-446,,0af6e60f-1101-491c-9523-6f8cd823baf7,2026-03-09 01:41:41.041778029+00:00,2026-03-09 01:41:41.041778029+00:00
BACKTESTER-001,OracleStrategy-000,MESM6.GLBX,GLBX-1-279,MESM6.GLBX-OracleStrategy-000,GLBX-001,GLBX-1-279,MARKET,BUY,1,GTC,False,False,1,TAKER,6653.0,0.0,['0.00 USD'],NO_TRIGGER,FILLED,NO_CONTINGENCY,,,,MY_GENERIC_ALGO,,O-20260309-014141-001-000-447,,29bba2f8-70b5-4dd3-9fd7-d3cf32b09fb4,2026-03-09 01:41:41.041778029+00:00,2026-03-09 01:41:41.041778029+00:00
BACKTESTER-001,OracleStrategy-000,MESM6.GLBX,GLBX-1-280,MESM6.GLBX-OracleStrategy-000,GLBX-001,GLBX-1-280,MARKET,SELL,1,GTC,True,False,1,TAKER,6652.25,0.0,['0.00 USD'],NO_TRIGGER,FILLED,NO_CONTINGENCY,,,,MY_GENERIC_ALGO,,O-20260309-014156-001-000-448,,6502f505-fff3-4aec-9ebb-5c55b989467e,2026-03-09 01:41:56.019448450+00:00,2026-03-09 01:41:56.019448450+00:00
BACKTESTER-001,OracleStrategy-000,MESM6.GLBX,GLBX-1-281,MESM6.GLBX-OracleStrategy-000,GLBX-001,GLBX-1-281,MARKET,SELL,1,GTC,False,False,1,TAKER,6652.25,0.0,['0.00 USD'],NO_TRIGGER,FILLED,NO_CONTINGENCY,,,,MY_GENERIC_ALGO,,O-20260309-014156-001-000-449,,d5283113-18af-4809-b23e-8eb9445b5978,2026-03-09 01:41:56.019448450+00:00,2026-03-09 01:41:56.019448450+00:00
BACKTESTER-001,OracleStrategy-000,MESM6.GLBX,GLBX-1-282,MESM6.GLBX-OracleStrategy-000,GLBX-001,GLBX-1-282,MARKET,BUY,1,GTC,True,False,1,TAKER,6651.0,0.0,['0.00 USD'],NO_TRIGGER,FILLED,NO_CONTINGENCY,,,,MY_GENERIC_ALGO,,O-20260309-014220-001-000-450,,0776e03a-db38-43a2-8321-7bd5112a076c,2026-03-09 01:42:20.673425376+00:00,2026-03-09 01:42:20.673425376+00:00
BACKTESTER-001,OracleStrategy-000,MESM6.GLBX,GLBX-1-283,MESM6.GLBX-OracleStrategy-000,GLBX-001,GLBX-1-283,MARKET,BUY,1,GTC,False,False,1,TAKER,6651.0,0.0,['0.00 USD'],NO_TRIGGER,FILLED,NO_CONTINGENCY,,,,MY_GENERIC_ALGO,,O-20260309-014220-001-000-451,,b535f3b4-d525-4295-8ba3-fc6f226575c8,2026-03-09 01:42:20.673425376+00:00,2026-03-09 01:42:20.673425376+00:00
BACKTESTER-001,OracleStrategy-000,MESM6.GLBX,GLBX-1-284,MESM6.GLBX-OracleStrategy-000,GLBX-001,GLBX-1-284,MARKET,SELL,1,GTC,True,False,1,TAKER,6652.25,0.0,['0.00 USD'],NO_TRIGGER,FILLED,NO_CONTINGENCY,,,,MY_GENERIC_ALGO,,O-20260309-014239-001-000-452,,2462dd5f-d1e6-4133-bf10-55947fae5212,2026-03-09 01:42:39.346124693+00:00,2026-03-09 01:42:39.346124693+00:00
BACKTESTER-001,OracleStrategy-000,MESM6.GLBX,GLBX-1-285,MESM6.GLBX-OracleStrategy-000,GLBX-001,GLBX-1-285,MARKET,SELL,1,GTC,False,False,1,TAKER,6652.25,0.0,['0.00 USD'],NO_TRIGGER,FILLED,NO_CONTINGENCY,,,,MY_GENERIC_ALGO,,O-20260309-014239-001-000-453,,6aafd802-15e0-4596-b3cd-5f6b30ead074,2026-03-09 01:42:39.346124693+00:00,2026-03-09 01:42:39.346124693+00:00
BACKTESTER-001,OracleStrategy-000,MESM6.GLBX,GLBX-1-286,MESM6.GLBX-OracleStrategy-000,GLBX-001,GLBX-1-286,MARKET,BUY,1,GTC,True,False,1,TAKER,6652.5,0.0,['0.00 USD'],NO_TRIGGER,FILLED,NO_CONTINGENCY,,,,MY_GENERIC_ALGO,,O-20260309-014250-001-000-454,,95ba4232-099d-47db-8a60-c652e30d4a8b,2026-03-09 01:42:50.799661194+00:00,2026-03-09 01:42:50.799661194+00:00
BACKTESTER-001,OracleStrategy-000,MESM6.GLBX,GLBX-1-287,MESM6.GLBX-OracleStrategy-000,GLBX-001,GLBX-1-287,MARKET,BUY,1,GTC,False,False,1,TAKER,6652.5,0.0,['0.00 USD'],NO_TRIGGER,FILLED,NO_CONTINGENCY,,,,MY_GENERIC_ALGO,,O-20260309-014250-001-000-455,,9e20ea0e-e2b0-467d-b255-70d63b29ef60,2026-03-09 01:42:50.799661194+00:00,2026-03-09 01:42:50.799661194+00:00
BACKTESTER-001,OracleStrategy-000,MESM6.GLBX,GLBX-1-288,MESM6.GLBX-OracleStrategy-000,GLBX-001,GLBX-1-288,MARKET,SELL,1,GTC,True,False,1,TAKER,6652.75,0.0,['0.00 USD'],NO_TRIGGER,FILLED,NO_CONTINGENCY,,,,MY_GENERIC_ALGO,,O-20260309-014257-001-000-456,,2e305d2f-846d-4da8-9334-da2f68c24a4f,2026-03-09 01:42:57.892834656+00:00,2026-03-09 01:42:57.892834656+00:00
BACKTESTER-001,OracleStrategy-000,MESM6.GLBX,GLBX-1-289,MESM6.GLBX-OracleStrategy-000,GLBX-001,GLBX-1-289,MARKET,SELL,1,GTC,False,False,1,TAKER,6652.75,0.0,['0.00 USD'],NO_TRIGGER,FILLED,NO_CONTINGENCY,,,,MY_GENERIC_ALGO,,O-20260309-014257-001-000-457,,95ccbd62-6a89-48f0-9b66-aaa0785485be,2026-03-09 01:42:57.892834656+00:00,2026-03-09 01:42:57.892834656+00:00
BACKTESTER-001,OracleStrategy-000,MESM6.GLBX,GLBX-1-290,MESM6.GLBX-OracleStrategy-000,GLBX-001,GLBX-1-290,MARKET,BUY,1,GTC,True,False,1,TAKER,6650.5,0.0,['0.00 USD'],NO_TRIGGER,FILLED,NO_CONTINGENCY,,,,MY_GENERIC_ALGO,,O-20260309-014353-001-000-458,,d06c0237-452b-4289-886c-c969ee9ad8b3,2026-03-09 01:43:53.872184672+00:00,2026-03-09 01:43:53.872184672+00:00
BACKTESTER-001,OracleStrategy-000,MESM6.GLBX,GLBX-1-291,MESM6.GLBX-OracleStrategy-000,GLBX-001,GLBX-1-291,MARKET,BUY,1,GTC,False,False,1,TAKER,6650.5,0.0,['0.00 USD'],NO_TRIGGER,FILLED,NO_CONTINGENCY,,,,MY_GENERIC_ALGO,,O-20260309-014353-001-000-459,,31bae503-1b85-4c1e-9959-c6c03cf3ec16,2026-03-09 01:43:53.872184672+00:00,2026-03-09 01:43:53.872184672+00:00
BACKTESTER-001,OracleStrategy-000,MESM6.GLBX,GLBX-1-292,MESM6.GLBX-OracleStrategy-000,GLBX-001,GLBX-1-292,MARKET,SELL,1,GTC,True,False,1,TAKER,6653.5,0.0,['0.00 USD'],NO_TRIGGER,FILLED,NO_CONTINGENCY,,,,MY_GENERIC_ALGO,,O-20260309-014519-001-000-460,,3d985b53-e667-4b73-9ea2-17fce6d483b7,2026-03-09 01:45:19.955150474+00:00,2026-03-09 01:45:19.955150474+00:00
BACKTESTER-001,OracleStrategy-000,MESM6.GLBX,GLBX-1-293,MESM6.GLBX-OracleStrategy-000,GLBX-001,GLBX-1-293,MARKET,SELL,1,GTC,False,False,1,TAKER,6653.5,0.0,['0.00 USD'],NO_TRIGGER,FILLED,NO_CONTINGENCY,,,,MY_GENERIC_ALGO,,O-20260309-014519-001-000-461,,3c6057d0-39f3-4846-9092-063bd829a80d,2026-03-09 01:45:19.955150474+00:00,2026-03-09 01:45:19.955150474+00:00
BACKTESTER-001,OracleStrategy-000,MESM6.GLBX,GLBX-1-294,MESM6.GLBX-OracleStrategy-000,GLBX-001,GLBX-1-294,MARKET,BUY,1,GTC,True,False,1,TAKER,6650.5,0.0,['0.00 USD'],NO_TRIGGER,FILLED,NO_CONTINGENCY,,,,MY_GENERIC_ALGO,,O-20260309-014547-001-000-462,,003b35af-e1fb-4402-a795-9b90cb6a1075,2026-03-09 01:45:47.238331037+00:00,2026-03-09 01:45:47.238331037+00:00
BACKTESTER-001,OracleStrategy-000,MESM6.GLBX,GLBX-1-295,MESM6.GLBX-OracleStrategy-000,GLBX-001,GLBX-1-295,MARKET,BUY,1,GTC,False,False,1,TAKER,6650.5,0.0,['0.00 USD'],NO_TRIGGER,FILLED,NO_CONTINGENCY,,,,MY_GENERIC_ALGO,,O-20260309-014547-001-000-463,,b91b8105-aeb9-42e2-9fce-84cff8fd539a,2026-03-09 01:45:47.238331037+00:00,2026-03-09 01:45:47.238331037+00:00
BACKTESTER-001,OracleStrategy-000,MESM6.GLBX,GLBX-1-296,MESM6.GLBX-OracleStrategy-000,GLBX-001,GLBX-1-296,MARKET,SELL,1,GTC,True,False,1,TAKER,6650.25,0.0,['0.00 USD'],NO_TRIGGER,FILLED,NO_CONTINGENCY,,,,MY_GENERIC_ALGO,,O-20260309-014707-001-000-464,,9ff4f8b6-7ae8-4e39-9cc5-24edf2de34d4,2026-03-09 01:47:07.594593735+00:00,2026-03-09 01:47:07.594593735+00:00
BACKTESTER-001,OracleStrategy-000,MESM6.GLBX,GLBX-1-297,MESM6.GLBX-OracleStrategy-000,GLBX-001,GLBX-1-297,MARKET,SELL,1,GTC,False,False,1,TAKER,6650.25,0.0,['0.00 USD'],NO_TRIGGER,FILLED,NO_CONTINGENCY,,,,MY_GENERIC_ALGO,,O-20260309-014707-001-000-465,,ce7641e1-61f9-4968-8cb9-fd67ecfa767a,2026-03-09 01:47:07.594593735+00:00,2026-03-09 01:47:07.594593735+00:00
BACKTESTER-001,OracleStrategy-000,MESM6.GLBX,GLBX-1-298,MESM6.GLBX-OracleStrategy-000,GLBX-001,GLBX-1-298,MARKET,BUY,1,GTC,True,False,1,TAKER,6649.0,0.0,['0.00 USD'],NO_TRIGGER,FILLED,NO_CONTINGENCY,,,,MY_GENERIC_ALGO,,O-20260309-014717-001-000-466,,210b95a1-1cd0-4919-b08f-d74a0a04fe42,2026-03-09 01:47:17.698675706+00:00,2026-03-09 01:47:17.698675706+00:00
BACKTESTER-001,OracleStrategy-000,MESM6.GLBX,GLBX-1-299,MESM6.GLBX-OracleStrategy-000,GLBX-001,GLBX-1-299,MARKET,BUY,1,GTC,False,False,1,TAKER,6649.0,0.0,['0.00 USD'],NO_TRIGGER,FILLED,NO_CONTINGENCY,,,,MY_GENERIC_ALGO,,O-20260309-014717-001-000-467,,0d755308-6b10-4e71-ab7b-614f332b1d28,2026-03-09 01:47:17.698675706+00:00,2026-03-09 01:47:17.698675706+00:00
BACKTESTER-001,OracleStrategy-000,MESM6.GLBX,GLBX-1-300,MESM6.GLBX-OracleStrategy-000,GLBX-001,GLBX-1-300,MARKET,SELL,1,GTC,True,False,1,TAKER,6648.25,0.0,['0.00 USD'],NO_TRIGGER,FILLED,NO_CONTINGENCY,,,,MY_GENERIC_ALGO,,O-20260309-014720-001-000-468,,cde7a946-b570-413e-a6f8-a35273ff1e34,2026-03-09 01:47:20.442373595+00:00,2026-03-09 01:47:20.442373595+00:00
BACKTESTER-001,OracleStrategy-000,MESM6.GLBX,GLBX-1-301,MESM6.GLBX-OracleStrategy-000,GLBX-001,GLBX-1-301,MARKET,SELL,1,GTC,False,False,1,TAKER,6648.25,0.0,['0.00 USD'],NO_TRIGGER,FILLED,NO_CONTINGENCY,,,,MY_GENERIC_ALGO,,O-20260309-014720-001-000-469,,a3380c32-696a-4ac6-9bb3-fe086db21ab9,2026-03-09 01:47:20.442373595+00:00,2026-03-09 01:47:20.442373595+00:00
BACKTESTER-001,OracleStrategy-000,MESM6.GLBX,GLBX-1-302,MESM6.GLBX-OracleStrategy-000,GLBX-001,GLBX-1-302,MARKET,BUY,1,GTC,True,False,1,TAKER,6646.5,0.0,['0.00 USD'],NO_TRIGGER,FILLED,NO_CONTINGENCY,,,,MY_GENERIC_ALGO,,O-20260309-014807-001-000-470,,018b0031-84e4-4982-befe-ea70cf62ad44,2026-03-09 01:48:07.373353505+00:00,2026-03-09 01:48:07.373353505+00:00
BACKTESTER-001,OracleStrategy-000,MESM6.GLBX,GLBX-1-303,MESM6.GLBX-OracleStrategy-000,GLBX-001,GLBX-1-303,MARKET,BUY,1,GTC,False,False,1,TAKER,6646.5,0.0,['0.00 USD'],NO_TRIGGER,FILLED,NO_CONTINGENCY,,,,MY_GENERIC_ALGO,,O-20260309-014807-001-000-471,,185c1fa8-3ce7-4321-9a5a-1e46ebb93e42,2026-03-09 01:48:07.373353505+00:00,2026-03-09 01:48:07.373353505+00:00
BACKTESTER-001,OracleStrategy-000,MESM6.GLBX,GLBX-1-304,MESM6.GLBX-OracleStrategy-000,GLBX-001,GLBX-1-304,MARKET,SELL,1,GTC,True,False,1,TAKER,6647.5,0.0,['0.00 USD'],NO_TRIGGER,FILLED,NO_CONTINGENCY,,,,MY_GENERIC_ALGO,,O-20260309-014850-001-000-472,,675fd999-6906-4d67-9c59-f0039d1f4655,2026-03-09 01:48:50.110972383+00:00,2026-03-09 01:48:50.110972383+00:00
BACKTESTER-001,OracleStrategy-000,MESM6.GLBX,GLBX-1-305,MESM6.GLBX-OracleStrategy-000,GLBX-001,GLBX-1-305,MARKET,SELL,1,GTC,False,False,1,TAKER,6647.5,0.0,['0.00 USD'],NO_TRIGGER,FILLED,NO_CONTINGENCY,,,,MY_GENERIC_ALGO,,O-20260309-014850-001-000-473,,40390c9f-6ef7-4b9b-afc9-a773818f6b28,2026-03-09 01:48:50.110972383+00:00,2026-03-09 01:48:50.110972383+00:00
BACKTESTER-001,OracleStrategy-000,MESM6.GLBX,GLBX-1-306,MESM6.GLBX-OracleStrategy-000,GLBX-001,GLBX-1-306,MARKET,BUY,1,GTC,True,False,1,TAKER,6646.0,0.0,['0.00 USD'],NO_TRIGGER,FILLED,NO_CONTINGENCY,,,,MY_GENERIC_ALGO,,O-20260309-014947-001-000-474,,1769fbbe-94f8-40d3-9865-8ed979095b86,2026-03-09 01:49:47.483666645+00:00,2026-03-09 01:49:47.483666645+00:00
BACKTESTER-001,OracleStrategy-000,MESM6.GLBX,GLBX-1-307,MESM6.GLBX-OracleStrategy-000,GLBX-001,GLBX-1-307,MARKET,BUY,1,GTC,False,False,1,TAKER,6646.0,0.0,['0.00 USD'],NO_TRIGGER,FILLED,NO_CONTINGENCY,,,,MY_GENERIC_ALGO,,O-20260309-014947-001-000-475,,d96f7c8f-202e-49c1-9a83-1b967c46537d,2026-03-09 01:49:47.483666645+00:00,2026-03-09 01:49:47.483666645+00:00
BACKTESTER-001,OracleStrategy-000,MESM6.GLBX,GLBX-1-308,MESM6.GLBX-OracleStrategy-000,GLBX-001,GLBX-1-308,MARKET,SELL,1,GTC,True,False,1,TAKER,6643.75,0.0,['0.00 USD'],NO_TRIGGER,FILLED,NO_CONTINGENCY,,,,MY_GENERIC_ALGO,,O-20260309-015010-001-000-476,,8bc02c67-68b4-4f65-b82d-f3d6fb5d36f5,2026-03-09 01:50:10.825822720+00:00,2026-03-09 01:50:10.825822720+00:00
BACKTESTER-001,OracleStrategy-000,MESM6.GLBX,GLBX-1-309,MESM6.GLBX-OracleStrategy-000,GLBX-001,GLBX-1-309,MARKET,SELL,1,GTC,False,False,1,TAKER,6644.0,0.0,['0.00 USD'],NO_TRIGGER,FILLED,NO_CONTINGENCY,,,,MY_GENERIC_ALGO,,O-20260309-015336-001-000-513,,80b33d8a-7d05-432e-a158-7a70a7a5bc04,2026-03-09 01:53:36.611658990+00:00,2026-03-09 01:53:36.611658990+00:00
BACKTESTER-001,OracleStrategy-000,MESM6.GLBX,GLBX-1-310,MESM6.GLBX-OracleStrategy-000,GLBX-001,GLBX-1-310,MARKET,BUY,1,GTC,True,False,1,TAKER,6644.75,0.0,['0.00 USD'],NO_TRIGGER,FILLED,NO_CONTINGENCY,,,,MY_GENERIC_ALGO,,O-20260309-015340-001-000-514,,df925a6d-1f08-4ef2-bed2-916e9dae0e02,2026-03-09 01:53:40.077027446+00:00,2026-03-09 01:53:40.077027446+00:00
BACKTESTER-001,OracleStrategy-000,MESM6.GLBX,GLBX-1-311,MESM6.GLBX-OracleStrategy-000,GLBX-001,GLBX-1-311,MARKET,BUY,1,GTC,False,False,1,TAKER,6644.75,0.0,['0.00 USD'],NO_TRIGGER,FILLED,NO_CONTINGENCY,,,,MY_GENERIC_ALGO,,O-20260309-015340-001-000-515,,37087a0a-fad6-4601-b22c-e80f1700fefe,2026-03-09 01:53:40.077027446+00:00,2026-03-09 01:53:40.077027446+00:00
BACKTESTER-001,OracleStrategy-000,MESM6.GLBX,GLBX-1-312,MESM6.GLBX-OracleStrategy-000,GLBX-001,GLBX-1-312,MARKET,SELL,1,GTC,True,False,1,TAKER,6644.5,0.0,['0.00 USD'],NO_TRIGGER,FILLED,NO_CONTINGENCY,,,,MY_GENERIC_ALGO,,O-20260309-015347-001-000-516,,f556fb7a-4637-485f-91c1-ffe0bf081f95,2026-03-09 01:53:47.564133183+00:00,2026-03-09 01:53:47.564133183+00:00
BACKTESTER-001,OracleStrategy-000,MESM6.GLBX,GLBX-1-313,MESM6.GLBX-OracleStrategy-000,GLBX-001,GLBX-1-313,MARKET,SELL,1,GTC,False,False,1,TAKER,6644.5,0.0,['0.00 USD'],NO_TRIGGER,FILLED,NO_CONTINGENCY,,,,MY_GENERIC_ALGO,,O-20260309-015347-001-000-517,,6d18fba6-52ab-4652-bc31-9cda66ec1fc5,2026-03-09 01:53:47.564133183+00:00,2026-03-09 01:53:47.564133183+00:00
BACKTESTER-001,OracleStrategy-000,MESM6.GLBX,GLBX-1-314,MESM6.GLBX-OracleStrategy-000,GLBX-001,GLBX-1-314,MARKET,BUY,1,GTC,True,False,1,TAKER,6644.5,0.0,['0.00 USD'],NO_TRIGGER,FILLED,NO_CONTINGENCY,,,,MY_GENERIC_ALGO,,O-20260309-015400-001-000-518,,b1d5efc3-44ce-422f-99bf-5da449d554ef,2026-03-09 01:54:00.446670764+00:00,2026-03-09 01:54:00.446670764+00:00
BACKTESTER-001,OracleStrategy-000,MESM6.GLBX,GLBX-1-315,MESM6.GLBX-OracleStrategy-000,GLBX-001,GLBX-1-315,MARKET,BUY,1,GTC,False,False,1,TAKER,6644.5,0.0,['0.00 USD'],NO_TRIGGER,FILLED,NO_CONTINGENCY,,,,MY_GENERIC_ALGO,,O-20260309-015400-001-000-519,,500be365-bfa2-43a7-bdc3-bab8c850a6f4,2026-03-09 01:54:00.446670764+00:00,2026-03-09 01:54:00.446670764+00:00
BACKTESTER-001,OracleStrategy-000,MESM6.GLBX,GLBX-1-316,MESM6.GLBX-OracleStrategy-000,GLBX-001,GLBX-1-316,MARKET,SELL,1,GTC,True,False,1,TAKER,6644.5,0.0,['0.00 USD'],NO_TRIGGER,FILLED,NO_CONTINGENCY,,,,MY_GENERIC_ALGO,,O-20260309-015426-001-000-520,,36cb7fe3-07f1-4935-93d2-0e68d75085a4,2026-03-09 01:54:26.203911301+00:00,2026-03-09 01:54:26.203911301+00:00
BACKTESTER-001,OracleStrategy-000,MESM6.GLBX,GLBX-1-317,MESM6.GLBX-OracleStrategy-000,GLBX-001,GLBX-1-317,MARKET,SELL,1,GTC,False,False,1,TAKER,6644.5,0.0,['0.00 USD'],NO_TRIGGER,FILLED,NO_CONTINGENCY,,,,MY_GENERIC_ALGO,,O-20260309-015426-001-000-521,,cd22827e-ed9e-4558-ab50-0f71c8b30303,2026-03-09 01:54:26.203911301+00:00,2026-03-09 01:54:26.203911301+00:00
BACKTESTER-001,OracleStrategy-000,MESM6.GLBX,GLBX-1-318,MESM6.GLBX-OracleStrategy-000,GLBX-001,GLBX-1-318,MARKET,BUY,1,GTC,True,False,1,TAKER,6645.5,0.0,['0.00 USD'],NO_TRIGGER,FILLED,NO_CONTINGENCY,,,,MY_GENERIC_ALGO,,O-20260309-015442-001-000-522,,cb84ee1f-420f-4586-8156-81df268a4c83,2026-03-09 01:54:42.875058451+00:00,2026-03-09 01:54:42.875058451+00:00
BACKTESTER-001,OracleStrategy-000,MESM6.GLBX,GLBX-1-319,MESM6.GLBX-OracleStrategy-000,GLBX-001,GLBX-1-319,MARKET,BUY,1,GTC,False,False,1,TAKER,6645.5,0.0,['0.00 USD'],NO_TRIGGER,FILLED,NO_CONTINGENCY,,,,MY_GENERIC_ALGO,,O-20260309-015442-001-000-523,,f8de7d3b-0dd6-40aa-8f88-570f4b341d9f,2026-03-09 01:54:42.875058451+00:00,2026-03-09 01:54:42.875058451+00:00
BACKTESTER-001,OracleStrategy-000,MESM6.GLBX,GLBX-1-320,MESM6.GLBX-OracleStrategy-000,GLBX-001,GLBX-1-320,MARKET,SELL,1,GTC,True,False,1,TAKER,6641.75,0.0,['0.00 USD'],NO_TRIGGER,FILLED,NO_CONTINGENCY,,,,MY_GENERIC_ALGO,,O-20260309-015507-001-000-524,,c6c016d5-cbe5-4ff9-81ef-174586e7a5f1,2026-03-09 01:55:07.584597061+00:00,2026-03-09 01:55:07.584597061+00:00
BACKTESTER-001,OracleStrategy-000,MESM6.GLBX,GLBX-1-321,MESM6.GLBX-OracleStrategy-000,GLBX-001,GLBX-1-321,MARKET,BUY,1,GTC,False,False,1,TAKER,6645.5,0.0,['0.00 USD'],NO_TRIGGER,FILLED,NO_CONTINGENCY,,,,MY_GENERIC_ALGO,,O-20260309-015521-001-000-527,,f37f62d3-dbce-429e-b901-96226c2520e1,2026-03-09 01:55:21.222970780+00:00,2026-03-09 01:55:21.222970780+00:00
BACKTESTER-001,OracleStrategy-000,MESM6.GLBX,GLBX-1-322,MESM6.GLBX-OracleStrategy-000,GLBX-001,GLBX-1-322,MARKET,SELL,1,GTC,True,False,1,TAKER,6645.75,0.0,['0.00 USD'],NO_TRIGGER,FILLED,NO_CONTINGENCY,,,,MY_GENERIC_ALGO,,O-20260309-015542-001-000-528,,1630b2a4-dd75-4b4c-b842-cae22cac4ad0,2026-03-09 01:55:42.180903279+00:00,2026-03-09 01:55:42.180903279+00:00
BACKTESTER-001,OracleStrategy-000,MESM6.GLBX,GLBX-1-323,MESM6.GLBX-OracleStrategy-000,GLBX-001,GLBX-1-323,MARKET,SELL,1,GTC,False,False,1,TAKER,6645.75,0.0,['0.00 USD'],NO_TRIGGER,FILLED,NO_CONTINGENCY,,,,MY_GENERIC_ALGO,,O-20260309-015542-001-000-529,,83dcf8b9-06bc-43bd-baff-5be710aa9211,2026-03-09 01:55:42.180903279+00:00,2026-03-09 01:55:42.180903279+00:00
BACKTESTER-001,OracleStrategy-000,MESM6.GLBX,GLBX-1-324,MESM6.GLBX-OracleStrategy-000,GLBX-001,GLBX-1-324,MARKET,BUY,1,GTC,True,False,1,TAKER,6644.75,0.0,['0.00 USD'],NO_TRIGGER,FILLED,NO_CONTINGENCY,,,,MY_GENERIC_ALGO,,O-20260309-015544-001-000-530,,e19e70c7-9bbd-47e0-a012-0771c36c35b9,2026-03-09 01:55:44.154555747+00:00,2026-03-09 01:55:44.154555747+00:00
BACKTESTER-001,OracleStrategy-000,MESM6.GLBX,GLBX-1-325,MESM6.GLBX-OracleStrategy-000,GLBX-001,GLBX-1-325,MARKET,BUY,1,GTC,False,False,1,TAKER,6644.75,0.0,['0.00 USD'],NO_TRIGGER,FILLED,NO_CONTINGENCY,,,,MY_GENERIC_ALGO,,O-20260309-015544-001-000-531,,23274047-7e49-4f7a-aecb-be4528c52b48,2026-03-09 01:55:44.154555747+00:00,2026-03-09 01:55:44.154555747+00:00
BACKTESTER-001,OracleStrategy-000,MESM6.GLBX,GLBX-1-326,MESM6.GLBX-OracleStrategy-000,GLBX-001,GLBX-1-326,MARKET,SELL,1,GTC,True,False,1,TAKER,6646.25,0.0,['0.00 USD'],NO_TRIGGER,FILLED,NO_CONTINGENCY,,,,MY_GENERIC_ALGO,,O-20260309-015555-001-000-532,,09d0aaab-593b-49d1-8c93-e46fb3fc7401,2026-03-09 01:55:55.263478951+00:00,2026-03-09 01:55:55.263478951+00:00
BACKTESTER-001,OracleStrategy-000,MESM6.GLBX,GLBX-1-327,MESM6.GLBX-OracleStrategy-000,GLBX-001,GLBX-1-327,MARKET,SELL,1,GTC,False,False,1,TAKER,6646.25,0.0,['0.00 USD'],NO_TRIGGER,FILLED,NO_CONTINGENCY,,,,MY_GENERIC_ALGO,,O-20260309-015555-001-000-533,,26cafb43-a63f-4707-8e68-54cf7a0bd7c0,2026-03-09 01:55:55.263478951+00:00,2026-03-09 01:55:55.263478951+00:00
BACKTESTER-001,OracleStrategy-000,MESM6.GLBX,GLBX-1-328,MESM6.GLBX-OracleStrategy-000,GLBX-001,GLBX-1-328,MARKET,BUY,1,GTC,True,False,1,TAKER,6645.75,0.0,['0.00 USD'],NO_TRIGGER,FILLED,NO_CONTINGENCY,,,,MY_GENERIC_ALGO,,O-20260309-015557-001-000-534,,91ede7f4-20d9-4782-b3b2-663bda2e08c6,2026-03-09 01:55:57.048381874+00:00,2026-03-09 01:55:57.048381874+00:00
BACKTESTER-001,OracleStrategy-000,MESM6.GLBX,GLBX-1-329,MESM6.GLBX-OracleStrategy-000,GLBX-001,GLBX-1-329,MARKET,BUY,1,GTC,False,False,1,TAKER,6645.75,0.0,['0.00 USD'],NO_TRIGGER,FILLED,NO_CONTINGENCY,,,,MY_GENERIC_ALGO,,O-20260309-015557-001-000-535,,2ac07950-f151-4f46-9ecb-17cc53b55f2e,2026-03-09 01:55:57.048381874+00:00,2026-03-09 01:55:57.048381874+00:00
BACKTESTER-001,OracleStrategy-000,MESM6.GLBX,GLBX-1-330,MESM6.GLBX-OracleStrategy-000,GLBX-001,GLBX-1-330,MARKET,SELL,1,GTC,True,False,1,TAKER,6647.75,0.0,['0.00 USD'],NO_TRIGGER,FILLED,NO_CONTINGENCY,,,,MY_GENERIC_ALGO,,O-20260309-015615-001-000-536,,60c3ab26-06b6-469f-804a-53d6ae0b09c2,2026-03-09 01:56:15.336724773+00:00,2026-03-09 01:56:15.336724773+00:00
BACKTESTER-001,OracleStrategy-000,MESM6.GLBX,GLBX-1-331,MESM6.GLBX-OracleStrategy-000,GLBX-001,GLBX-1-331,MARKET,SELL,1,GTC,False,False,1,TAKER,6647.75,0.0,['0.00 USD'],NO_TRIGGER,FILLED,NO_CONTINGENCY,,,,MY_GENERIC_ALGO,,O-20260309-015615-001-000-537,,247836ad-295a-4a33-9dcf-ded4bc85a5f0,2026-03-09 01:56:15.336724773+00:00,2026-03-09 01:56:15.336724773+00:00
BACKTESTER-001,OracleStrategy-000,MESM6.GLBX,GLBX-1-332,MESM6.GLBX-OracleStrategy-000,GLBX-001,GLBX-1-332,MARKET,BUY,1,GTC,True,False,1,TAKER,6645.25,0.0,['0.00 USD'],NO_TRIGGER,FILLED,NO_CONTINGENCY,,,,MY_GENERIC_ALGO,,O-20260309-015645-001-000-538,,03691faa-0770-494f-bbce-069736eb52e2,2026-03-09 01:56:45.939232011+00:00,2026-03-09 01:56:45.939232011+00:00
BACKTESTER-001,OracleStrategy-000,MESM6.GLBX,GLBX-1-333,MESM6.GLBX-OracleStrategy-000,GLBX-001,GLBX-1-333,MARKET,BUY,1,GTC,False,False,1,TAKER,6645.25,0.0,['0.00 USD'],NO_TRIGGER,FILLED,NO_CONTINGENCY,,,,MY_GENERIC_ALGO,,O-20260309-015645-001-000-539,,b4ddc28f-0573-412d-b1d4-922ce5bf8ad5,2026-03-09 01:56:45.939232011+00:00,2026-03-09 01:56:45.939232011+00:00
BACKTESTER-001,OracleStrategy-000,MESM6.GLBX,GLBX-1-334,MESM6.GLBX-OracleStrategy-000,GLBX-001,GLBX-1-334,MARKET,SELL,1,GTC,True,False,1,TAKER,6644.0,0.0,['0.00 USD'],NO_TRIGGER,FILLED,NO_CONTINGENCY,,,,MY_GENERIC_ALGO,,O-20260309-015647-001-000-540,,6c44d34e-e172-4ab5-ab9e-2b1694a4a48d,2026-03-09 01:56:47.967672595+00:00,2026-03-09 01:56:47.967672595+00:00
BACKTESTER-001,OracleStrategy-000,MESM6.GLBX,GLBX-1-335,MESM6.GLBX-OracleStrategy-000,GLBX-001,GLBX-1-335,MARKET,SELL,1,GTC,False,False,1,TAKER,6644.0,0.0,['0.00 USD'],NO_TRIGGER,FILLED,NO_CONTINGENCY,,,,MY_GENERIC_ALGO,,O-20260309-015647-001-000-541,,6c1b51c5-00dc-41b0-8fda-dcd21ffa934c,2026-03-09 01:56:47.967672595+00:00,2026-03-09 01:56:47.967672595+00:00
BACKTESTER-001,OracleStrategy-000,MESM6.GLBX,GLBX-1-336,MESM6.GLBX-OracleStrategy-000,GLBX-001,GLBX-1-336,MARKET,BUY,1,GTC,True,False,1,TAKER,6644.0,0.0,['0.00 USD'],NO_TRIGGER,FILLED,NO_CONTINGENCY,,,,MY_GENERIC_ALGO,,O-20260309-015704-001-000-542,,682829c0-110d-493a-9f56-817c8154949d,2026-03-09 01:57:04.782881623+00:00,2026-03-09 01:57:04.782881623+00:00
BACKTESTER-001,OracleStrategy-000,MESM6.GLBX,GLBX-1-337,MESM6.GLBX-OracleStrategy-000,GLBX-001,GLBX-1-337,MARKET,BUY,1,GTC,False,False,1,TAKER,6644.0,0.0,['0.00 USD'],NO_TRIGGER,FILLED,NO_CONTINGENCY,,,,MY_GENERIC_ALGO,,O-20260309-015704-001-000-543,,19d25ebb-10c3-4d55-9b54-64955b0a8c4e,2026-03-09 01:57:04.782881623+00:00,2026-03-09 01:57:04.782881623+00:00
BACKTESTER-001,OracleStrategy-000,MESM6.GLBX,GLBX-1-338,MESM6.GLBX-OracleStrategy-000,GLBX-001,GLBX-1-338,MARKET,SELL,1,GTC,True,False,1,TAKER,6641.0,0.0,['0.00 USD'],NO_TRIGGER,FILLED,NO_CONTINGENCY,,,,MY_GENERIC_ALGO,,O-20260309-015729-001-000-544,,8dbf077d-5018-4af9-9379-11504c2936ff,2026-03-09 01:57:29.352496500+00:00,2026-03-09 01:57:29.352496500+00:00
BACKTESTER-001,OracleStrategy-000,MESM6.GLBX,GLBX-1-339,MESM6.GLBX-OracleStrategy-000,GLBX-001,GLBX-1-339,MARKET,SELL,1,GTC,False,False,1,TAKER,6642.5,0.0,['0.00 USD'],NO_TRIGGER,FILLED,NO_CONTINGENCY,,,,MY_GENERIC_ALGO,,O-20260309-015839-001-000-547,,1e318360-acc6-4d5b-b429-d57123f97cfa,2026-03-09 01:58:39.206545690+00:00,2026-03-09 01:58:39.206545690+00:00
BACKTESTER-001,OracleStrategy-000,MESM6.GLBX,GLBX-1-340,MESM6.GLBX-OracleStrategy-000,GLBX-001,GLBX-1-340,MARKET,BUY,1,GTC,True,False,1,TAKER,6638.75,0.0,['0.00 USD'],NO_TRIGGER,FILLED,NO_CONTINGENCY,,,,MY_GENERIC_ALGO,,O-20260309-015941-001-000-548,,cbb46091-c91c-46f3-80e7-15a7d313315a,2026-03-09 01:59:41.904618776+00:00,2026-03-09 01:59:41.904618776+00:00
BACKTESTER-001,OracleStrategy-000,MESM6.GLBX,GLBX-1-341,MESM6.GLBX-OracleStrategy-000,GLBX-001,GLBX-1-341,MARKET,BUY,1,GTC,False,False,1,TAKER,6638.5,0.0,['0.00 USD'],NO_TRIGGER,FILLED,NO_CONTINGENCY,,,,MY_GENERIC_ALGO,,O-20260309-015959-001-000-551,,bea436ee-c0d0-48e7-92c9-6c85455d1d47,2026-03-09 01:59:59.046663028+00:00,2026-03-09 01:59:59.046663028+00:00
BACKTESTER-001,OracleStrategy-000,MESM6.GLBX,GLBX-1-342,MESM6.GLBX-OracleStrategy-000,GLBX-001,GLBX-1-342,MARKET,SELL,1,GTC,True,False,1,TAKER,6639.0,0.0,['0.00 USD'],NO_TRIGGER,FILLED,NO_CONTINGENCY,,,,MY_GENERIC_ALGO,,O-20260309-020007-001-000-552,,414f1b40-2c6c-4f90-9763-b41353b0e5bd,2026-03-09 02:00:07.798691473+00:00,2026-03-09 02:00:07.798691473+00:00
BACKTESTER-001,OracleStrategy-000,MESM6.GLBX,GLBX-1-343,MESM6.GLBX-OracleStrategy-000,GLBX-001,GLBX-1-343,MARKET,SELL,1,GTC,False,False,1,TAKER,6639.0,0.0,['0.00 USD'],NO_TRIGGER,FILLED,NO_CONTINGENCY,,,,MY_GENERIC_ALGO,,O-20260309-020007-001-000-553,,383fa52d-208e-4a77-a4f1-62794b2e5e54,2026-03-09 02:00:07.798691473+00:00,2026-03-09 02:00:07.798691473+00:00
BACKTESTER-001,OracleStrategy-000,MESM6.GLBX,GLBX-1-344,MESM6.GLBX-OracleStrategy-000,GLBX-001,GLBX-1-344,MARKET,BUY,1,GTC,True,False,1,TAKER,6640.25,0.0,['0.00 USD'],NO_TRIGGER,FILLED,NO_CONTINGENCY,,,,MY_GENERIC_ALGO,,O-20260309-020047-001-000-554,,778ef338-2346-438a-a377-b41d0b8309ec,2026-03-09 02:00:47.182371821+00:00,2026-03-09 02:00:47.182371821+00:00
BACKTESTER-001,OracleStrategy-000,MESM6.GLBX,GLBX-1-345,MESM6.GLBX-OracleStrategy-000,GLBX-001,GLBX-1-345,MARKET,BUY,1,GTC,False,False,1,TAKER,6640.25,0.0,['0.00 USD'],NO_TRIGGER,FILLED,NO_CONTINGENCY,,,,MY_GENERIC_ALGO,,O-20260309-020047-001-000-555,,c3523aab-857d-4289-85c8-21ba64f7acd8,2026-03-09 02:00:47.182371821+00:00,2026-03-09 02:00:47.182371821+00:00
BACKTESTER-001,OracleStrategy-000,MESM6.GLBX,GLBX-1-346,MESM6.GLBX-OracleStrategy-000,GLBX-001,GLBX-1-346,MARKET,SELL,1,GTC,True,False,1,TAKER,6640.25,0.0,['0.00 USD'],NO_TRIGGER,FILLED,NO_CONTINGENCY,,,,MY_GENERIC_ALGO,,O-20260309-020048-001-000-556,,c3d88bd8-6498-4cc7-8162-188751138bf1,2026-03-09 02:00:48.542710077+00:00,2026-03-09 02:00:48.542710077+00:00
BACKTESTER-001,OracleStrategy-000,MESM6.GLBX,GLBX-1-347,MESM6.GLBX-OracleStrategy-000,GLBX-001,GLBX-1-347,MARKET,SELL,1,GTC,False,False,1,TAKER,6640.25,0.0,['0.00 USD'],NO_TRIGGER,FILLED,NO_CONTINGENCY,,,,MY_GENERIC_ALGO,,O-20260309-020048-001-000-557,,5a9b5fef-5d30-49ae-bc85-e8e476ae1ae3,2026-03-09 02:00:48.542710077+00:00,2026-03-09 02:00:48.542710077+00:00
BACKTESTER-001,OracleStrategy-000,MESM6.GLBX,GLBX-1-348,MESM6.GLBX-OracleStrategy-000,GLBX-001,GLBX-1-348,MARKET,BUY,1,GTC,True,False,1,TAKER,6641.25,0.0,['0.00 USD'],NO_TRIGGER,FILLED,NO_CONTINGENCY,,,,MY_GENERIC_ALGO,,O-20260309-020107-001-000-558,,ac816492-f3b4-4862-839b-607846bb2edf,2026-03-09 02:01:07.270956416+00:00,2026-03-09 02:01:07.270956416+00:00
BACKTESTER-001,OracleStrategy-000,MESM6.GLBX,GLBX-1-349,MESM6.GLBX-OracleStrategy-000,GLBX-001,GLBX-1-349,MARKET,BUY,1,GTC,False,False,1,TAKER,6641.25,0.0,['0.00 USD'],NO_TRIGGER,FILLED,NO_CONTINGENCY,,,,MY_GENERIC_ALGO,,O-20260309-020107-001-000-559,,746c833a-a824-40a0-a2df-a9e7f0402a3d,2026-03-09 02:01:07.270956416+00:00,2026-03-09 02:01:07.270956416+00:00
BACKTESTER-001,OracleStrategy-000,MESM6.GLBX,GLBX-1-350,MESM6.GLBX-OracleStrategy-000,GLBX-001,GLBX-1-350,MARKET,SELL,1,GTC,True,False,1,TAKER,6645.5,0.0,['0.00 USD'],NO_TRIGGER,FILLED,NO_CONTINGENCY,,,,MY_GENERIC_ALGO,,O-20260309-020147-001-000-560,,c3653bac-40b5-4504-bc9f-f6e1f80301dd,2026-03-09 02:01:47.714930059+00:00,2026-03-09 02:01:47.714930059+00:00
BACKTESTER-001,OracleStrategy-000,MESM6.GLBX,GLBX-1-351,MESM6.GLBX-OracleStrategy-000,GLBX-001,GLBX-1-351,MARKET,SELL,1,GTC,False,False,1,TAKER,6645.5,0.0,['0.00 USD'],NO_TRIGGER,FILLED,NO_CONTINGENCY,,,,MY_GENERIC_ALGO,,O-20260309-020147-001-000-561,,2c3589d9-3ff3-4dc8-a359-ea4b5b570696,2026-03-09 02:01:47.714930059+00:00,2026-03-09 02:01:47.714930059+00:00
BACKTESTER-001,OracleStrategy-000,MESM6.GLBX,GLBX-1-352,MESM6.GLBX-OracleStrategy-000,GLBX-001,GLBX-1-352,MARKET,BUY,1,GTC,True,False,1,TAKER,6646.0,0.0,['0.00 USD'],NO_TRIGGER,FILLED,NO_CONTINGENCY,,,,MY_GENERIC_ALGO,,O-20260309-020222-001-000-562,,23efc1c5-f1c9-475b-a574-e0cd90a3090b,2026-03-09 02:02:22.875108530+00:00,2026-03-09 02:02:22.875108530+00:00
BACKTESTER-001,OracleStrategy-000,MESM6.GLBX,GLBX-1-353,MESM6.GLBX-OracleStrategy-000,GLBX-001,GLBX-1-353,MARKET,BUY,1,GTC,False,False,1,TAKER,6646.0,0.0,['0.00 USD'],NO_TRIGGER,FILLED,NO_CONTINGENCY,,,,MY_GENERIC_ALGO,,O-20260309-020222-001-000-563,,54323f12-1222-4523-8aef-4aac9e56dd59,2026-03-09 02:02:22.875108530+00:00,2026-03-09 02:02:22.875108530+00:00
BACKTESTER-001,OracleStrategy-000,MESM6.GLBX,GLBX-1-354,MESM6.GLBX-OracleStrategy-000,GLBX-001,GLBX-1-354,MARKET,SELL,1,GTC,True,False,1,TAKER,6644.75,0.0,['0.00 USD'],NO_TRIGGER,FILLED,NO_CONTINGENCY,,,,MY_GENERIC_ALGO,,O-20260309-020235-001-000-564,,d322984c-80a2-48b3-80fa-925ba3520561,2026-03-09 02:02:35.221281050+00:00,2026-03-09 02:02:35.221281050+00:00
BACKTESTER-001,OracleStrategy-000,MESM6.GLBX,GLBX-1-355,MESM6.GLBX-OracleStrategy-000,GLBX-001,GLBX-1-355,MARKET,SELL,1,GTC,False,False,1,TAKER,6644.75,0.0,['0.00 USD'],NO_TRIGGER,FILLED,NO_CONTINGENCY,,,,MY_GENERIC_ALGO,,O-20260309-020235-001-000-565,,8199e6d1-4517-40b0-9854-b8a113e08344,2026-03-09 02:02:35.221281050+00:00,2026-03-09 02:02:35.221281050+00:00
BACKTESTER-001,OracleStrategy-000,MESM6.GLBX,GLBX-1-356,MESM6.GLBX-OracleStrategy-000,GLBX-001,GLBX-1-356,MARKET,BUY,1,GTC,True,False,1,TAKER,6644.5,0.0,['0.00 USD'],NO_TRIGGER,FILLED,NO_CONTINGENCY,,,,MY_GENERIC_ALGO,,O-20260309-020258-001-000-566,,9115a82c-b46c-4412-8d01-0d0e45b676f8,2026-03-09 02:02:58.398643447+00:00,2026-03-09 02:02:58.398643447+00:00
BACKTESTER-001,OracleStrategy-000,MESM6.GLBX,GLBX-1-357,MESM6.GLBX-OracleStrategy-000,GLBX-001,GLBX-1-357,MARKET,BUY,1,GTC,False,False,1,TAKER,6644.5,0.0,['0.00 USD'],NO_TRIGGER,FILLED,NO_CONTINGENCY,,,,MY_GENERIC_ALGO,,O-20260309-020258-001-000-567,,2622a7f6-79c3-4d0a-ab51-5b2943081d42,2026-03-09 02:02:58.398643447+00:00,2026-03-09 02:02:58.398643447+00:00
BACKTESTER-001,OracleStrategy-000,MESM6.GLBX,GLBX-1-358,MESM6.GLBX-OracleStrategy-000,GLBX-001,GLBX-1-358,MARKET,SELL,1,GTC,True,False,1,TAKER,6643.5,0.0,['0.00 USD'],NO_TRIGGER,FILLED,NO_CONTINGENCY,,,,MY_GENERIC_ALGO,,O-20260309-020318-001-000-568,,3ab01e7c-dae9-46fe-aa92-72c799b07fed,2026-03-09 02:03:18.351447466+00:00,2026-03-09 02:03:18.351447466+00:00
BACKTESTER-001,OracleStrategy-000,MESM6.GLBX,GLBX-1-359,MESM6.GLBX-OracleStrategy-000,GLBX-001,GLBX-1-359,MARKET,SELL,1,GTC,False,False,1,TAKER,6643.5,0.0,['0.00 USD'],NO_TRIGGER,FILLED,NO_CONTINGENCY,,,,MY_GENERIC_ALGO,,O-20260309-020318-001-000-569,,5c7a5478-3eaa-4f05-998b-40e96fb81151,2026-03-09 02:03:18.351447466+00:00,2026-03-09 02:03:18.351447466+00:00
BACKTESTER-001,OracleStrategy-000,MESM6.GLBX,GLBX-1-360,MESM6.GLBX-OracleStrategy-000,GLBX-001,GLBX-1-360,MARKET,BUY,1,GTC,True,False,1,TAKER,6641.5,0.0,['0.00 USD'],NO_TRIGGER,FILLED,NO_CONTINGENCY,,,,MY_GENERIC_ALGO,,O-20260309-020437-001-000-570,,7a30318c-547d-46a5-9e23-caf1a788afc4,2026-03-09 02:04:37.881837557+00:00,2026-03-09 02:04:37.881837557+00:00
BACKTESTER-001,OracleStrategy-000,MESM6.GLBX,GLBX-1-361,MESM6.GLBX-OracleStrategy-000,GLBX-001,GLBX-1-361,MARKET,BUY,1,GTC,False,False,1,TAKER,6641.5,0.0,['0.00 USD'],NO_TRIGGER,FILLED,NO_CONTINGENCY,,,,MY_GENERIC_ALGO,,O-20260309-020437-001-000-571,,a1bf3ef0-6fd4-40ea-8674-9e857fc74d54,2026-03-09 02:04:37.881837557+00:00,2026-03-09 02:04:37.881837557+00:00
BACKTESTER-001,OracleStrategy-000,MESM6.GLBX,GLBX-1-362,MESM6.GLBX-OracleStrategy-000,GLBX-001,GLBX-1-362,MARKET,SELL,1,GTC,True,False,1,TAKER,6642.5,0.0,['0.00 USD'],NO_TRIGGER,FILLED,NO_CONTINGENCY,,,,MY_GENERIC_ALGO,,O-20260309-020555-001-000-572,,05bd5ca6-0334-448d-98d2-eb6e88d4ceb5,2026-03-09 02:05:55.691801770+00:00,2026-03-09 02:05:55.691801770+00:00
BACKTESTER-001,OracleStrategy-000,MESM6.GLBX,GLBX-1-363,MESM6.GLBX-OracleStrategy-000,GLBX-001,GLBX-1-363,MARKET,SELL,1,GTC,False,False,1,TAKER,6642.5,0.0,['0.00 USD'],NO_TRIGGER,FILLED,NO_CONTINGENCY,,,,MY_GENERIC_ALGO,,O-20260309-020555-001-000-573,,510f4491-3f2c-4d03-b7a6-a10077357658,2026-03-09 02:05:55.691801770+00:00,2026-03-09 02:05:55.691801770+00:00
BACKTESTER-001,OracleStrategy-000,MESM6.GLBX,GLBX-1-364,MESM6.GLBX-OracleStrategy-000,GLBX-001,GLBX-1-364,MARKET,BUY,1,GTC,True,False,1,TAKER,6639.25,0.0,['0.00 USD'],NO_TRIGGER,FILLED,NO_CONTINGENCY,,,,MY_GENERIC_ALGO,,O-20260309-020710-001-000-574,,70b81c43-2c1d-48da-9314-c03b02ae1775,2026-03-09 02:07:10.602662282+00:00,2026-03-09 02:07:10.602662282+00:00
BACKTESTER-001,OracleStrategy-000,MESM6.GLBX,GLBX-1-365,MESM6.GLBX-OracleStrategy-000,GLBX-001,GLBX-1-365,MARKET,BUY,1,GTC,False,False,1,TAKER,6639.25,0.0,['0.00 USD'],NO_TRIGGER,FILLED,NO_CONTINGENCY,,,,MY_GENERIC_ALGO,,O-20260309-020710-001-000-575,,0a8bb85b-f8d2-4ec4-a7e5-24fb4e97d597,2026-03-09 02:07:10.602662282+00:00,2026-03-09 02:07:10.602662282+00:00
BACKTESTER-001,OracleStrategy-000,MESM6.GLBX,GLBX-1-366,MESM6.GLBX-OracleStrategy-000,GLBX-001,GLBX-1-366,MARKET,SELL,1,GTC,True,False,1,TAKER,6640.5,0.0,['0.00 USD'],NO_TRIGGER,FILLED,NO_CONTINGENCY,,,,MY_GENERIC_ALGO,,O-20260309-020723-001-000-576,,a28c97d2-cc2e-44ed-a562-827666e56472,2026-03-09 02:07:23.134468587+00:00,2026-03-09 02:07:23.134468587+00:00
BACKTESTER-001,OracleStrategy-000,MESM6.GLBX,GLBX-1-367,MESM6.GLBX-OracleStrategy-000,GLBX-001,GLBX-1-367,MARKET,SELL,1,GTC,False,False,1,TAKER,6640.5,0.0,['0.00 USD'],NO_TRIGGER,FILLED,NO_CONTINGENCY,,,,MY_GENERIC_ALGO,,O-20260309-020723-001-000-577,,335c7f1f-cad9-4320-8f6c-b5f43b3a6ea6,2026-03-09 02:07:23.134468587+00:00,2026-03-09 02:07:23.134468587+00:00
BACKTESTER-001,OracleStrategy-000,MESM6.GLBX,GLBX-1-368,MESM6.GLBX-OracleStrategy-000,GLBX-001,GLBX-1-368,MARKET,BUY,1,GTC,True,False,1,TAKER,6642.25,0.0,['0.00 USD'],NO_TRIGGER,FILLED,NO_CONTINGENCY,,,,MY_GENERIC_ALGO,,O-20260309-020833-001-000-578,,a966f108-29b7-456e-89f7-8cef6d80c94f,2026-03-09 02:08:33.009260634+00:00,2026-03-09 02:08:33.009260634+00:00
BACKTESTER-001,OracleStrategy-000,MESM6.GLBX,GLBX-1-369,MESM6.GLBX-OracleStrategy-000,GLBX-001,GLBX-1-369,MARKET,BUY,1,GTC,False,False,1,TAKER,6642.25,0.0,['0.00 USD'],NO_TRIGGER,FILLED,NO_CONTINGENCY,,,,MY_GENERIC_ALGO,,O-20260309-020833-001-000-579,,83b9eb37-0ab5-4532-9b78-7bbe634614b1,2026-03-09 02:08:33.009260634+00:00,2026-03-09 02:08:33.009260634+00:00
BACKTESTER-001,OracleStrategy-000,MESM6.GLBX,GLBX-1-370,MESM6.GLBX-OracleStrategy-000,GLBX-001,GLBX-1-370,MARKET,SELL,1,GTC,True,False,1,TAKER,6643.5,0.0,['0.00 USD'],NO_TRIGGER,FILLED,NO_CONTINGENCY,,,,MY_GENERIC_ALGO,,O-20260309-020921-001-000-580,,1d1dc6b2-2625-4971-9250-9e00f65fdd45,2026-03-09 02:09:21.722420147+00:00,2026-03-09 02:09:21.722420147+00:00
BACKTESTER-001,OracleStrategy-000,MESM6.GLBX,GLBX-1-371,MESM6.GLBX-OracleStrategy-000,GLBX-001,GLBX-1-371,MARKET,SELL,1,GTC,False,False,1,TAKER,6643.5,0.0,['0.00 USD'],NO_TRIGGER,FILLED,NO_CONTINGENCY,,,,MY_GENERIC_ALGO,,O-20260309-020921-001-000-581,,b8d394f0-98ba-4408-bb10-24786c805173,2026-03-09 02:09:21.722420147+00:00,2026-03-09 02:09:21.722420147+00:00
BACKTESTER-001,OracleStrategy-000,MESM6.GLBX,GLBX-1-372,MESM6.GLBX-OracleStrategy-000,GLBX-001,GLBX-1-372,MARKET,BUY,1,GTC,True,False,1,TAKER,6642.5,0.0,['0.00 USD'],NO_TRIGGER,FILLED,NO_CONTINGENCY,,,,MY_GENERIC_ALGO,,O-20260309-020930-001-000-582,,80ff20a1-fc16-4d15-a263-6945844e4f3c,2026-03-09 02:09:30.587177371+00:00,2026-03-09 02:09:30.587177371+00:00
BACKTESTER-001,OracleStrategy-000,MESM6.GLBX,GLBX-1-373,MESM6.GLBX-OracleStrategy-000,GLBX-001,GLBX-1-373,MARKET,BUY,1,GTC,False,False,1,TAKER,6642.5,0.0,['0.00 USD'],NO_TRIGGER,FILLED,NO_CONTINGENCY,,,,MY_GENERIC_ALGO,,O-20260309-020930-001-000-583,,3edd3da8-81b9-448e-9b2c-9d85051108d9,2026-03-09 02:09:30.587177371+00:00,2026-03-09 02:09:30.587177371+00:00
BACKTESTER-001,OracleStrategy-000,MESM6.GLBX,GLBX-1-374,MESM6.GLBX-OracleStrategy-000,GLBX-001,GLBX-1-374,MARKET,SELL,1,GTC,True,False,1,TAKER,6640.75,0.0,['0.00 USD'],NO_TRIGGER,FILLED,NO_CONTINGENCY,,,,MY_GENERIC_ALGO,,O-20260309-020939-001-000-584,,23620a56-9762-4488-b999-90f1a9ea64f7,2026-03-09 02:09:39.924111229+00:00,2026-03-09 02:09:39.924111229+00:00
BACKTESTER-001,OracleStrategy-000,MESM6.GLBX,GLBX-1-375,MESM6.GLBX-OracleStrategy-000,GLBX-001,GLBX-1-375,MARKET,SELL,1,GTC,False,False,1,TAKER,6640.75,0.0,['0.00 USD'],NO_TRIGGER,FILLED,NO_CONTINGENCY,,,,MY_GENERIC_ALGO,,O-20260309-020939-001-000-585,,2663a3ad-b736-4683-ab43-748c4ee40df4,2026-03-09 02:09:39.924111229+00:00,2026-03-09 02:09:39.924111229+00:00
BACKTESTER-001,OracleStrategy-000,MESM6.GLBX,GLBX-1-376,MESM6.GLBX-OracleStrategy-000,GLBX-001,GLBX-1-376,MARKET,BUY,1,GTC,True,False,1,TAKER,6640.25,0.0,['0.00 USD'],NO_TRIGGER,FILLED,NO_CONTINGENCY,,,,MY_GENERIC_ALGO,,O-20260309-020942-001-000-586,,f2112c46-dfe2-4acc-a397-6d19aaa56c31,2026-03-09 02:09:42.036886667+00:00,2026-03-09 02:09:42.036886667+00:00
BACKTESTER-001,OracleStrategy-000,MESM6.GLBX,GLBX-1-377,MESM6.GLBX-OracleStrategy-000,GLBX-001,GLBX-1-377,MARKET,BUY,1,GTC,False,False,1,TAKER,6640.25,0.0,['0.00 USD'],NO_TRIGGER,FILLED,NO_CONTINGENCY,,,,MY_GENERIC_ALGO,,O-20260309-020942-001-000-587,,c0fa3a48-40a0-4c5a-8898-b743231df132,2026-03-09 02:09:42.036886667+00:00,2026-03-09 02:09:42.036886667+00:00
BACKTESTER-001,OracleStrategy-000,MESM6.GLBX,GLBX-1-378,MESM6.GLBX-OracleStrategy-000,GLBX-001,GLBX-1-378,MARKET,SELL,1,GTC,True,False,1,TAKER,6647.0,0.0,['0.00 USD'],NO_TRIGGER,FILLED,NO_CONTINGENCY,,,,MY_GENERIC_ALGO,,O-20260309-021130-001-000-588,,d5547af0-5b35-4f28-9e93-3b12288aa5aa,2026-03-09 02:11:30.508196963+00:00,2026-03-09 02:11:30.508196963+00:00
BACKTESTER-001,OracleStrategy-000,MESM6.GLBX,GLBX-1-379,MESM6.GLBX-OracleStrategy-000,GLBX-001,GLBX-1-379,MARKET,SELL,1,GTC,False,False,1,TAKER,6647.0,0.0,['0.00 USD'],NO_TRIGGER,FILLED,NO_CONTINGENCY,,,,MY_GENERIC_ALGO,,O-20260309-021130-001-000-589,,26dd3acb-7c7c-44b7-a5f4-cbc6074a1d18,2026-03-09 02:11:30.508196963+00:00,2026-03-09 02:11:30.508196963+00:00
BACKTESTER-001,OracleStrategy-000,MESM6.GLBX,GLBX-1-380,MESM6.GLBX-OracleStrategy-000,GLBX-001,GLBX-1-380,MARKET,BUY,1,GTC,True,False,1,TAKER,6642.75,0.0,['0.00 USD'],NO_TRIGGER,FILLED,NO_CONTINGENCY,,,,MY_GENERIC_ALGO,,O-20260309-021226-001-000-590,,473277f7-2e00-45dc-b632-9b1cc54aea88,2026-03-09 02:12:26.799651758+00:00,2026-03-09 02:12:26.799651758+00:00
BACKTESTER-001,OracleStrategy-000,MESM6.GLBX,GLBX-1-381,MESM6.GLBX-OracleStrategy-000,GLBX-001,GLBX-1-381,MARKET,BUY,1,GTC,False,False,1,TAKER,6642.75,0.0,['0.00 USD'],NO_TRIGGER,FILLED,NO_CONTINGENCY,,,,MY_GENERIC_ALGO,,O-20260309-021226-001-000-591,,61df4309-5df3-4458-8007-6468e997d9ca,2026-03-09 02:12:26.799651758+00:00,2026-03-09 02:12:26.799651758+00:00
BACKTESTER-001,OracleStrategy-000,MESM6.GLBX,GLBX-1-382,MESM6.GLBX-OracleStrategy-000,GLBX-001,GLBX-1-382,MARKET,SELL,1,GTC,True,False,1,TAKER,6643.5,0.0,['0.00 USD'],NO_TRIGGER,FILLED,NO_CONTINGENCY,,,,MY_GENERIC_ALGO,,O-20260309-021252-001-000-592,,fcbf6013-da17-495e-85df-50df0adc754e,2026-03-09 02:12:52.707378410+00:00,2026-03-09 02:12:52.707378410+00:00
BACKTESTER-001,OracleStrategy-000,MESM6.GLBX,GLBX-1-383,MESM6.GLBX-OracleStrategy-000,GLBX-001,GLBX-1-383,MARKET,SELL,1,GTC,False,False,1,TAKER,6643.5,0.0,['0.00 USD'],NO_TRIGGER,FILLED,NO_CONTINGENCY,,,,MY_GENERIC_ALGO,,O-20260309-021252-001-000-593,,3a90a3fd-f275-4880-9971-11757fd6ab74,2026-03-09 02:12:52.707378410+00:00,2026-03-09 02:12:52.707378410+00:00
BACKTESTER-001,OracleStrategy-000,MESM6.GLBX,GLBX-1-384,MESM6.GLBX-OracleStrategy-000,GLBX-001,GLBX-1-384,MARKET,BUY,1,GTC,True,False,1,TAKER,6639.0,0.0,['0.00 USD'],NO_TRIGGER,FILLED,NO_CONTINGENCY,,,,MY_GENERIC_ALGO,,O-20260309-021424-001-000-594,,a5b28788-b3ca-4eaa-ac66-77c396b4325e,2026-03-09 02:14:24.302102128+00:00,2026-03-09 02:14:24.302102128+00:00
BACKTESTER-001,OracleStrategy-000,MESM6.GLBX,GLBX-1-385,MESM6.GLBX-OracleStrategy-000,GLBX-001,GLBX-1-385,MARKET,BUY,1,GTC,False,False,1,TAKER,6639.0,0.0,['0.00 USD'],NO_TRIGGER,FILLED,NO_CONTINGENCY,,,,MY_GENERIC_ALGO,,O-20260309-021424-001-000-595,,48843d1e-f36a-4458-ad47-7fc7b3936669,2026-03-09 02:14:24.302102128+00:00,2026-03-09 02:14:24.302102128+00:00
BACKTESTER-001,OracleStrategy-000,MESM6.GLBX,GLBX-1-386,MESM6.GLBX-OracleStrategy-000,GLBX-001,GLBX-1-386,MARKET,SELL,1,GTC,True,False,1,TAKER,6639.0,0.0,['0.00 USD'],NO_TRIGGER,FILLED,NO_CONTINGENCY,,,,MY_GENERIC_ALGO,,O-20260309-021432-001-000-596,,41714509-837c-4d72-b616-c720a69d5deb,2026-03-09 02:14:32.587361442+00:00,2026-03-09 02:14:32.587361442+00:00
BACKTESTER-001,OracleStrategy-000,MESM6.GLBX,GLBX-1-387,MESM6.GLBX-OracleStrategy-000,GLBX-001,GLBX-1-387,MARKET,SELL,1,GTC,False,False,1,TAKER,6639.0,0.0,['0.00 USD'],NO_TRIGGER,FILLED,NO_CONTINGENCY,,,,MY_GENERIC_ALGO,,O-20260309-021432-001-000-597,,b3635815-afa9-4b25-a8b6-7adc32fa91d5,2026-03-09 02:14:32.587361442+00:00,2026-03-09 02:14:32.587361442+00:00
BACKTESTER-001,OracleStrategy-000,MESM6.GLBX,GLBX-1-388,MESM6.GLBX-OracleStrategy-000,GLBX-001,GLBX-1-388,MARKET,BUY,1,GTC,True,False,1,TAKER,6638.0,0.0,['0.00 USD'],NO_TRIGGER,FILLED,NO_CONTINGENCY,,,,MY_GENERIC_ALGO,,O-20260309-021515-001-000-598,,8580fe6b-bae0-4243-ad4f-e6fb29eb8027,2026-03-09 02:15:15.348764543+00:00,2026-03-09 02:15:15.348764543+00:00
BACKTESTER-001,OracleStrategy-000,MESM6.GLBX,GLBX-1-389,MESM6.GLBX-OracleStrategy-000,GLBX-001,GLBX-1-389,MARKET,BUY,1,GTC,False,False,1,TAKER,6638.0,0.0,['0.00 USD'],NO_TRIGGER,FILLED,NO_CONTINGENCY,,,,MY_GENERIC_ALGO,,O-20260309-021515-001-000-599,,482ba413-89c0-482f-819a-d44e2cf00590,2026-03-09 02:15:15.348764543+00:00,2026-03-09 02:15:15.348764543+00:00
BACKTESTER-001,OracleStrategy-000,MESM6.GLBX,GLBX-1-390,MESM6.GLBX-OracleStrategy-000,GLBX-001,GLBX-1-390,MARKET,SELL,1,GTC,True,False,1,TAKER,6636.0,0.0,['0.00 USD'],NO_TRIGGER,FILLED,NO_CONTINGENCY,,,,MY_GENERIC_ALGO,,O-20260309-021536-001-000-600,,4e89677c-cad1-4591-9c10-cd99324b7d2a,2026-03-09 02:15:36.476499562+00:00,2026-03-09 02:15:36.476499562+00:00
BACKTESTER-001,OracleStrategy-000,MESM6.GLBX,GLBX-1-391,MESM6.GLBX-OracleStrategy-000,GLBX-001,GLBX-1-391,MARKET,BUY,1,GTC,False,False,1,TAKER,6636.25,0.0,['0.00 USD'],NO_TRIGGER,FILLED,NO_CONTINGENCY,,,,MY_GENERIC_ALGO,,O-20260309-021539-001-000-603,,6d178885-8a20-485f-98b9-1af030b6c2eb,2026-03-09 02:15:39.091237277+00:00,2026-03-09 02:15:39.091237277+00:00
BACKTESTER-001,OracleStrategy-000,MESM6.GLBX,GLBX-1-392,MESM6.GLBX-OracleStrategy-000,GLBX-001,GLBX-1-392,MARKET,SELL,1,GTC,True,False,1,TAKER,6637.0,0.0,['0.00 USD'],NO_TRIGGER,FILLED,NO_CONTINGENCY,,,,MY_GENERIC_ALGO,,O-20260309-021558-001-000-604,,cd96eaef-a5fc-4d9d-aca2-9d0998472ed2,2026-03-09 02:15:58.672877712+00:00,2026-03-09 02:15:58.672877712+00:00
BACKTESTER-001,OracleStrategy-000,MESM6.GLBX,GLBX-1-393,MESM6.GLBX-OracleStrategy-000,GLBX-001,GLBX-1-393,MARKET,SELL,1,GTC,False,False,1,TAKER,6637.0,0.0,['0.00 USD'],NO_TRIGGER,FILLED,NO_CONTINGENCY,,,,MY_GENERIC_ALGO,,O-20260309-021558-001-000-605,,a1efffa9-ab2a-4df8-939b-4a0b4c6e138a,2026-03-09 02:15:58.672877712+00:00,2026-03-09 02:15:58.672877712+00:00
BACKTESTER-001,OracleStrategy-000,MESM6.GLBX,GLBX-1-394,MESM6.GLBX-OracleStrategy-000,GLBX-001,GLBX-1-394,MARKET,BUY,1,GTC,True,False,1,TAKER,6635.0,0.0,['0.00 USD'],NO_TRIGGER,FILLED,NO_CONTINGENCY,,,,MY_GENERIC_ALGO,,O-20260309-021750-001-000-606,,1c1e7c08-0827-4536-9596-8e2b682ebf68,2026-03-09 02:17:50.969678018+00:00,2026-03-09 02:17:50.969678018+00:00
BACKTESTER-001,OracleStrategy-000,MESM6.GLBX,GLBX-1-395,MESM6.GLBX-OracleStrategy-000,GLBX-001,GLBX-1-395,MARKET,BUY,1,GTC,False,False,1,TAKER,6635.0,0.0,['0.00 USD'],NO_TRIGGER,FILLED,NO_CONTINGENCY,,,,MY_GENERIC_ALGO,,O-20260309-021750-001-000-607,,e672c775-7832-4591-9201-a550d27ec218,2026-03-09 02:17:50.969678018+00:00,2026-03-09 02:17:50.969678018+00:00
BACKTESTER-001,OracleStrategy-000,MESM6.GLBX,GLBX-1-396,MESM6.GLBX-OracleStrategy-000,GLBX-001,GLBX-1-396,MARKET,SELL,1,GTC,True,False,1,TAKER,6632.75,0.0,['0.00 USD'],NO_TRIGGER,FILLED,NO_CONTINGENCY,,,,MY_GENERIC_ALGO,,O-20260309-021803-001-000-608,,b7298d4d-5eb6-426b-bb6d-c8b26ccfa5b7,2026-03-09 02:18:03.474852914+00:00,2026-03-09 02:18:03.474852914+00:00
BACKTESTER-001,OracleStrategy-000,MESM6.GLBX,GLBX-1-397,MESM6.GLBX-OracleStrategy-000,GLBX-001,GLBX-1-397,MARKET,SELL,1,GTC,False,False,1,TAKER,6632.75,0.0,['0.00 USD'],NO_TRIGGER,FILLED,NO_CONTINGENCY,,,,MY_GENERIC_ALGO,,O-20260309-021803-001-000-609,,49623adf-95a1-4b62-9154-f22321757558,2026-03-09 02:18:03.474852914+00:00,2026-03-09 02:18:03.474852914+00:00
BACKTESTER-001,OracleStrategy-000,MESM6.GLBX,GLBX-1-398,MESM6.GLBX-OracleStrategy-000,GLBX-001,GLBX-1-398,MARKET,BUY,1,GTC,True,False,1,TAKER,6633.75,0.0,['0.00 USD'],NO_TRIGGER,FILLED,NO_CONTINGENCY,,,,MY_GENERIC_ALGO,,O-20260309-021851-001-000-610,,539c0ef2-55d9-4bb3-badd-1d5fb4c2989f,2026-03-09 02:18:51.283247303+00:00,2026-03-09 02:18:51.283247303+00:00
BACKTESTER-001,OracleStrategy-000,MESM6.GLBX,GLBX-1-399,MESM6.GLBX-OracleStrategy-000,GLBX-001,GLBX-1-399,MARKET,BUY,1,GTC,False,False,1,TAKER,6633.75,0.0,['0.00 USD'],NO_TRIGGER,FILLED,NO_CONTINGENCY,,,,MY_GENERIC_ALGO,,O-20260309-021851-001-000-611,,65d409ce-def4-4357-8321-c676eba4b4e4,2026-03-09 02:18:51.283247303+00:00,2026-03-09 02:18:51.283247303+00:00
BACKTESTER-001,OracleStrategy-000,MESM6.GLBX,GLBX-1-400,MESM6.GLBX-OracleStrategy-000,GLBX-001,GLBX-1-400,MARKET,SELL,1,GTC,True,False,1,TAKER,6633.75,0.0,['0.00 USD'],NO_TRIGGER,FILLED,NO_CONTINGENCY,,,,MY_GENERIC_ALGO,,O-20260309-021900-001-000-612,,f67619bc-91b2-4f05-8407-ef5951af41dd,2026-03-09 02:19:00.074058936+00:00,2026-03-09 02:19:00.074058936+00:00
BACKTESTER-001,OracleStrategy-000,MESM6.GLBX,GLBX-1-401,MESM6.GLBX-OracleStrategy-000,GLBX-001,GLBX-1-401,MARKET,SELL,1,GTC,False,False,1,TAKER,6633.75,0.0,['0.00 USD'],NO_TRIGGER,FILLED,NO_CONTINGENCY,,,,MY_GENERIC_ALGO,,O-20260309-021900-001-000-613,,86c6b22d-2ab4-43f0-ace3-cf64cab68f31,2026-03-09 02:19:00.074058936+00:00,2026-03-09 02:19:00.074058936+00:00
BACKTESTER-001,OracleStrategy-000,MESM6.GLBX,GLBX-1-402,MESM6.GLBX-OracleStrategy-000,GLBX-001,GLBX-1-402,MARKET,BUY,1,GTC,True,False,1,TAKER,6632.0,0.0,['0.00 USD'],NO_TRIGGER,FILLED,NO_CONTINGENCY,,,,MY_GENERIC_ALGO,,O-20260309-021908-001-000-614,,6c74a494-cbbd-4c75-9ac1-e11d8eee8fa1,2026-03-09 02:19:08.828087290+00:00,2026-03-09 02:19:08.828087290+00:00
BACKTESTER-001,OracleStrategy-000,MESM6.GLBX,GLBX-1-403,MESM6.GLBX-OracleStrategy-000,GLBX-001,GLBX-1-403,MARKET,BUY,1,GTC,False,False,1,TAKER,6632.0,0.0,['0.00 USD'],NO_TRIGGER,FILLED,NO_CONTINGENCY,,,,MY_GENERIC_ALGO,,O-20260309-021908-001-000-615,,43c95679-ab0b-4c0e-a1d5-f79b06bf6325,2026-03-09 02:19:08.828087290+00:00,2026-03-09 02:19:08.828087290+00:00
BACKTESTER-001,OracleStrategy-000,MESM6.GLBX,GLBX-1-404,MESM6.GLBX-OracleStrategy-000,GLBX-001,GLBX-1-404,MARKET,SELL,1,GTC,True,False,1,TAKER,6633.25,0.0,['0.00 USD'],NO_TRIGGER,FILLED,NO_CONTINGENCY,,,,MY_GENERIC_ALGO,,O-20260309-021917-001-000-616,,ec2c3c10-8f49-4380-91f3-8baa462b960a,2026-03-09 02:19:17.029762035+00:00,2026-03-09 02:19:17.029762035+00:00
BACKTESTER-001,OracleStrategy-000,MESM6.GLBX,GLBX-1-405,MESM6.GLBX-OracleStrategy-000,GLBX-001,GLBX-1-405,MARKET,SELL,1,GTC,False,False,1,TAKER,6633.25,0.0,['0.00 USD'],NO_TRIGGER,FILLED,NO_CONTINGENCY,,,,MY_GENERIC_ALGO,,O-20260309-021917-001-000-617,,2591ab17-a31a-4143-86b8-d6c3dbe0f952,2026-03-09 02:19:17.029762035+00:00,2026-03-09 02:19:17.029762035+00:00
BACKTESTER-001,OracleStrategy-000,MESM6.GLBX,GLBX-1-406,MESM6.GLBX-OracleStrategy-000,GLBX-001,GLBX-1-406,MARKET,BUY,1,GTC,True,False,1,TAKER,6633.5,0.0,['0.00 USD'],NO_TRIGGER,FILLED,NO_CONTINGENCY,,,,MY_GENERIC_ALGO,,O-20260309-021925-001-000-618,,7fbf489a-a72d-48c6-8740-fcfa43184ecc,2026-03-09 02:19:25.350318475+00:00,2026-03-09 02:19:25.350318475+00:00
BACKTESTER-001,OracleStrategy-000,MESM6.GLBX,GLBX-1-407,MESM6.GLBX-OracleStrategy-000,GLBX-001,GLBX-1-407,MARKET,BUY,1,GTC,False,False,1,TAKER,6633.5,0.0,['0.00 USD'],NO_TRIGGER,FILLED,NO_CONTINGENCY,,,,MY_GENERIC_ALGO,,O-20260309-021925-001-000-619,,25268c9c-5cf7-4300-9f34-1f0fd93c0074,2026-03-09 02:19:25.350318475+00:00,2026-03-09 02:19:25.350318475+00:00
BACKTESTER-001,OracleStrategy-000,MESM6.GLBX,GLBX-1-408,MESM6.GLBX-OracleStrategy-000,GLBX-001,GLBX-1-408,MARKET,SELL,1,GTC,True,False,1,TAKER,6633.0,0.0,['0.00 USD'],NO_TRIGGER,FILLED,NO_CONTINGENCY,,,,MY_GENERIC_ALGO,,O-20260309-022116-001-000-620,,704a7b1f-0694-4eb1-9645-d7a76fc6f869,2026-03-09 02:21:16.244617448+00:00,2026-03-09 02:21:16.244617448+00:00
BACKTESTER-001,OracleStrategy-000,MESM6.GLBX,GLBX-1-409,MESM6.GLBX-OracleStrategy-000,GLBX-001,GLBX-1-409,MARKET,SELL,1,GTC,False,False,1,TAKER,6633.0,0.0,['0.00 USD'],NO_TRIGGER,FILLED,NO_CONTINGENCY,,,,MY_GENERIC_ALGO,,O-20260309-022116-001-000-621,,f785f702-c720-404b-ac08-39bc3b3336d6,2026-03-09 02:21:16.244617448+00:00,2026-03-09 02:21:16.244617448+00:00
BACKTESTER-001,OracleStrategy-000,MESM6.GLBX,GLBX-1-410,MESM6.GLBX-OracleStrategy-000,GLBX-001,GLBX-1-410,MARKET,BUY,1,GTC,True,False,1,TAKER,6633.25,0.0,['0.00 USD'],NO_TRIGGER,FILLED,NO_CONTINGENCY,,,,MY_GENERIC_ALGO,,O-20260309-022123-001-000-622,,e3b02aa4-737c-4828-9a3f-1e4e515b7ba3,2026-03-09 02:21:23.383373181+00:00,2026-03-09 02:21:23.383373181+00:00
BACKTESTER-001,OracleStrategy-000,MESM6.GLBX,GLBX-1-411,MESM6.GLBX-OracleStrategy-000,GLBX-001,GLBX-1-411,MARKET,BUY,1,GTC,False,False,1,TAKER,6633.25,0.0,['0.00 USD'],NO_TRIGGER,FILLED,NO_CONTINGENCY,,,,MY_GENERIC_ALGO,,O-20260309-022123-001-000-623,,1b19e0f6-6afd-4ef2-94b0-715ce7a8d599,2026-03-09 02:21:23.383373181+00:00,2026-03-09 02:21:23.383373181+00:00
BACKTESTER-001,OracleStrategy-000,MESM6.GLBX,GLBX-1-412,MESM6.GLBX-OracleStrategy-000,GLBX-001,GLBX-1-412,MARKET,SELL,1,GTC,True,False,1,TAKER,6634.5,0.0,['0.00 USD'],NO_TRIGGER,FILLED,NO_CONTINGENCY,,,,MY_GENERIC_ALGO,,O-20260309-022129-001-000-624,,224cf7f3-2d82-4014-b4df-dbe33390e0df,2026-03-09 02:21:29.293823034+00:00,2026-03-09 02:21:29.293823034+00:00
BACKTESTER-001,OracleStrategy-000,MESM6.GLBX,GLBX-1-413,MESM6.GLBX-OracleStrategy-000,GLBX-001,GLBX-1-413,MARKET,SELL,1,GTC,False,False,1,TAKER,6634.5,0.0,['0.00 USD'],NO_TRIGGER,FILLED,NO_CONTINGENCY,,,,MY_GENERIC_ALGO,,O-20260309-022129-001-000-625,,fc501b06-e5c4-489a-9687-6ffefb2e0294,2026-03-09 02:21:29.293823034+00:00,2026-03-09 02:21:29.293823034+00:00
BACKTESTER-001,OracleStrategy-000,MESM6.GLBX,GLBX-1-414,MESM6.GLBX-OracleStrategy-000,GLBX-001,GLBX-1-414,MARKET,BUY,1,GTC,True,False,1,TAKER,6635.75,0.0,['0.00 USD'],NO_TRIGGER,FILLED,NO_CONTINGENCY,,,,MY_GENERIC_ALGO,,O-20260309-022135-001-000-626,,7d79d648-712c-4d69-a3a6-ad1ebd8a159b,2026-03-09 02:21:35.541434019+00:00,2026-03-09 02:21:35.541434019+00:00
BACKTESTER-001,OracleStrategy-000,MESM6.GLBX,GLBX-1-415,MESM6.GLBX-OracleStrategy-000,GLBX-001,GLBX-1-415,MARKET,BUY,1,GTC,False,False,1,TAKER,6635.75,0.0,['0.00 USD'],NO_TRIGGER,FILLED,NO_CONTINGENCY,,,,MY_GENERIC_ALGO,,O-20260309-022135-001-000-627,,75b3f203-9951-4b37-abec-34ab3af6524d,2026-03-09 02:21:35.541434019+00:00,2026-03-09 02:21:35.541434019+00:00
BACKTESTER-001,OracleStrategy-000,MESM6.GLBX,GLBX-1-416,MESM6.GLBX-OracleStrategy-000,GLBX-001,GLBX-1-416,MARKET,SELL,1,GTC,True,False,1,TAKER,6637.5,0.0,['0.00 USD'],NO_TRIGGER,FILLED,NO_CONTINGENCY,,,,MY_GENERIC_ALGO,,O-20260309-022139-001-000-628,,52beeb37-233f-42a4-98b0-260ee4e3479f,2026-03-09 02:21:39.538178754+00:00,2026-03-09 02:21:39.538178754+00:00
BACKTESTER-001,OracleStrategy-000,MESM6.GLBX,GLBX-1-417,MESM6.GLBX-OracleStrategy-000,GLBX-001,GLBX-1-417,MARKET,SELL,1,GTC,False,False,1,TAKER,6637.5,0.0,['0.00 USD'],NO_TRIGGER,FILLED,NO_CONTINGENCY,,,,MY_GENERIC_ALGO,,O-20260309-022139-001-000-629,,447bdb76-76ef-4880-92ee-85f3f7f24404,2026-03-09 02:21:39.538178754+00:00,2026-03-09 02:21:39.538178754+00:00
BACKTESTER-001,OracleStrategy-000,MESM6.GLBX,GLBX-1-418,MESM6.GLBX-OracleStrategy-000,GLBX-001,GLBX-1-418,MARKET,BUY,1,GTC,True,False,1,TAKER,6637.75,0.0,['0.00 USD'],NO_TRIGGER,FILLED,NO_CONTINGENCY,,,,MY_GENERIC_ALGO,,O-20260309-022142-001-000-630,,f5858ce1-fe58-42c0-85c3-0c19bd27ca3e,2026-03-09 02:21:42.199383291+00:00,2026-03-09 02:21:42.199383291+00:00
BACKTESTER-001,OracleStrategy-000,MESM6.GLBX,GLBX-1-419,MESM6.GLBX-OracleStrategy-000,GLBX-001,GLBX-1-419,MARKET,BUY,1,GTC,False,False,1,TAKER,6637.75,0.0,['0.00 USD'],NO_TRIGGER,FILLED,NO_CONTINGENCY,,,,MY_GENERIC_ALGO,,O-20260309-022142-001-000-631,,4eaece4d-cbe9-4d89-a622-470d4d27afc5,2026-03-09 02:21:42.199383291+00:00,2026-03-09 02:21:42.199383291+00:00
BACKTESTER-001,OracleStrategy-000,MESM6.GLBX,GLBX-1-420,MESM6.GLBX-OracleStrategy-000,GLBX-001,GLBX-1-420,MARKET,SELL,1,GTC,True,False,1,TAKER,6640.0,0.0,['0.00 USD'],NO_TRIGGER,FILLED,NO_CONTINGENCY,,,,MY_GENERIC_ALGO,,O-20260309-022233-001-000-632,,362d38e0-e205-4430-b52b-267865a3c8fe,2026-03-09 02:22:33.612756603+00:00,2026-03-09 02:22:33.612756603+00:00
BACKTESTER-001,OracleStrategy-000,MESM6.GLBX,GLBX-1-421,MESM6.GLBX-OracleStrategy-000,GLBX-001,GLBX-1-421,MARKET,SELL,1,GTC,False,False,1,TAKER,6640.0,0.0,['0.00 USD'],NO_TRIGGER,FILLED,NO_CONTINGENCY,,,,MY_GENERIC_ALGO,,O-20260309-022233-001-000-633,,666e7a90-5577-412c-8acf-f4639e16d9bf,2026-03-09 02:22:33.612756603+00:00,2026-03-09 02:22:33.612756603+00:00
BACKTESTER-001,OracleStrategy-000,MESM6.GLBX,GLBX-1-422,MESM6.GLBX-OracleStrategy-000,GLBX-001,GLBX-1-422,MARKET,BUY,1,GTC,True,False,1,TAKER,6640.0,0.0,['0.00 USD'],NO_TRIGGER,FILLED,NO_CONTINGENCY,,,,MY_GENERIC_ALGO,,O-20260309-022243-001-000-634,,e9e9280a-9697-4f8b-8c46-ebbd41041ec7,2026-03-09 02:22:43.314606104+00:00,2026-03-09 02:22:43.314606104+00:00
BACKTESTER-001,OracleStrategy-000,MESM6.GLBX,GLBX-1-423,MESM6.GLBX-OracleStrategy-000,GLBX-001,GLBX-1-423,MARKET,BUY,1,GTC,False,False,1,TAKER,6640.0,0.0,['0.00 USD'],NO_TRIGGER,FILLED,NO_CONTINGENCY,,,,MY_GENERIC_ALGO,,O-20260309-022243-001-000-635,,1a4c1f76-876c-4942-a3ae-8e5fe51466f3,2026-03-09 02:22:43.314606104+00:00,2026-03-09 02:22:43.314606104+00:00
BACKTESTER-001,OracleStrategy-000,MESM6.GLBX,GLBX-1-424,MESM6.GLBX-OracleStrategy-000,GLBX-001,GLBX-1-424,MARKET,SELL,1,GTC,True,False,1,TAKER,6642.25,0.0,['0.00 USD'],NO_TRIGGER,FILLED,NO_CONTINGENCY,,,,MY_GENERIC_ALGO,,O-20260309-022314-001-000-636,,d9e8731e-0838-4932-880b-1b90b961d373,2026-03-09 02:23:14.918038618+00:00,2026-03-09 02:23:14.918038618+00:00
BACKTESTER-001,OracleStrategy-000,MESM6.GLBX,GLBX-1-425,MESM6.GLBX-OracleStrategy-000,GLBX-001,GLBX-1-425,MARKET,SELL,1,GTC,False,False,1,TAKER,6642.25,0.0,['0.00 USD'],NO_TRIGGER,FILLED,NO_CONTINGENCY,,,,MY_GENERIC_ALGO,,O-20260309-022314-001-000-637,,0fc38bc6-133f-4640-b9a5-556c9aeffe7f,2026-03-09 02:23:14.918038618+00:00,2026-03-09 02:23:14.918038618+00:00
BACKTESTER-001,OracleStrategy-000,MESM6.GLBX,GLBX-1-426,MESM6.GLBX-OracleStrategy-000,GLBX-001,GLBX-1-426,MARKET,BUY,1,GTC,True,False,1,TAKER,6642.5,0.0,['0.00 USD'],NO_TRIGGER,FILLED,NO_CONTINGENCY,,,,MY_GENERIC_ALGO,,O-20260309-022321-001-000-638,,25d16d7f-5ef4-427c-a73b-69216c8c5543,2026-03-09 02:23:21.438442631+00:00,2026-03-09 02:23:21.438442631+00:00
BACKTESTER-001,OracleStrategy-000,MESM6.GLBX,GLBX-1-427,MESM6.GLBX-OracleStrategy-000,GLBX-001,GLBX-1-427,MARKET,BUY,1,GTC,False,False,1,TAKER,6642.5,0.0,['0.00 USD'],NO_TRIGGER,FILLED,NO_CONTINGENCY,,,,MY_GENERIC_ALGO,,O-20260309-022321-001-000-639,,4aac1721-1259-4225-b0ba-e213fafb9faf,2026-03-09 02:23:21.438442631+00:00,2026-03-09 02:23:21.438442631+00:00
BACKTESTER-001,OracleStrategy-000,MESM6.GLBX,GLBX-1-428,MESM6.GLBX-OracleStrategy-000,GLBX-001,GLBX-1-428,MARKET,SELL,1,GTC,True,False,1,TAKER,6642.25,0.0,['0.00 USD'],NO_TRIGGER,FILLED,NO_CONTINGENCY,,,,MY_GENERIC_ALGO,,O-20260309-022325-001-000-640,,3fd8d12e-26b6-4827-9e79-920d84d33b9f,2026-03-09 02:23:25.459589210+00:00,2026-03-09 02:23:25.459589210+00:00
BACKTESTER-001,OracleStrategy-000,MESM6.GLBX,GLBX-1-429,MESM6.GLBX-OracleStrategy-000,GLBX-001,GLBX-1-429,MARKET,SELL,1,GTC,False,False,1,TAKER,6642.25,0.0,['0.00 USD'],NO_TRIGGER,FILLED,NO_CONTINGENCY,,,,MY_GENERIC_ALGO,,O-20260309-022325-001-000-641,,686441d1-be85-4eb8-933b-e76c68f67f76,2026-03-09 02:23:25.459589210+00:00,2026-03-09 02:23:25.459589210+00:00
BACKTESTER-001,OracleStrategy-000,MESM6.GLBX,GLBX-1-430,MESM6.GLBX-OracleStrategy-000,GLBX-001,GLBX-1-430,MARKET,BUY,1,GTC,True,False,1,TAKER,6643.75,0.0,['0.00 USD'],NO_TRIGGER,FILLED,NO_CONTINGENCY,,,,MY_GENERIC_ALGO,,O-20260309-022337-001-000-642,,01b19501-7d7c-45f6-aebd-fe2da27ecf48,2026-03-09 02:23:37.105529290+00:00,2026-03-09 02:23:37.105529290+00:00
BACKTESTER-001,OracleStrategy-000,MESM6.GLBX,GLBX-1-431,MESM6.GLBX-OracleStrategy-000,GLBX-001,GLBX-1-431,MARKET,BUY,1,GTC,False,False,1,TAKER,6643.75,0.0,['0.00 USD'],NO_TRIGGER,FILLED,NO_CONTINGENCY,,,,MY_GENERIC_ALGO,,O-20260309-022337-001-000-643,,c02c6264-c8a9-458f-b77e-2a3c77cb516f,2026-03-09 02:23:37.105529290+00:00,2026-03-09 02:23:37.105529290+00:00
BACKTESTER-001,OracleStrategy-000,MESM6.GLBX,GLBX-1-432,MESM6.GLBX-OracleStrategy-000,GLBX-001,GLBX-1-432,MARKET,SELL,1,GTC,True,False,1,TAKER,6642.0,0.0,['0.00 USD'],NO_TRIGGER,FILLED,NO_CONTINGENCY,,,,MY_GENERIC_ALGO,,O-20260309-022341-001-000-644,,865ccf7f-0a6b-43f3-b395-8d0ea33d26eb,2026-03-09 02:23:41.373991530+00:00,2026-03-09 02:23:41.373991530+00:00
BACKTESTER-001,OracleStrategy-000,MESM6.GLBX,GLBX-1-433,MESM6.GLBX-OracleStrategy-000,GLBX-001,GLBX-1-433,MARKET,SELL,1,GTC,False,False,1,TAKER,6642.0,0.0,['0.00 USD'],NO_TRIGGER,FILLED,NO_CONTINGENCY,,,,MY_GENERIC_ALGO,,O-20260309-022341-001-000-645,,24394b80-8c24-43c5-8823-505080823f67,2026-03-09 02:23:41.373991530+00:00,2026-03-09 02:23:41.373991530+00:00
BACKTESTER-001,OracleStrategy-000,MESM6.GLBX,GLBX-1-434,MESM6.GLBX-OracleStrategy-000,GLBX-001,GLBX-1-434,MARKET,BUY,1,GTC,True,False,1,TAKER,6644.0,0.0,['0.00 USD'],NO_TRIGGER,FILLED,NO_CONTINGENCY,,,,MY_GENERIC_ALGO,,O-20260309-022345-001-000-646,,afc3c2c9-829e-434d-ac21-36aa27d1cd7b,2026-03-09 02:23:45.262429667+00:00,2026-03-09 02:23:45.262429667+00:00
BACKTESTER-001,OracleStrategy-000,MESM6.GLBX,GLBX-1-435,MESM6.GLBX-OracleStrategy-000,GLBX-001,GLBX-1-435,MARKET,BUY,1,GTC,False,False,1,TAKER,6644.0,0.0,['0.00 USD'],NO_TRIGGER,FILLED,NO_CONTINGENCY,,,,MY_GENERIC_ALGO,,O-20260309-022345-001-000-647,,55c3d8b7-c790-402e-9eb4-6e16b37c1995,2026-03-09 02:23:45.262429667+00:00,2026-03-09 02:23:45.262429667+00:00
BACKTESTER-001,OracleStrategy-000,MESM6.GLBX,GLBX-1-436,MESM6.GLBX-OracleStrategy-000,GLBX-001,GLBX-1-436,MARKET,SELL,1,GTC,True,False,1,TAKER,6643.0,0.0,['0.00 USD'],NO_TRIGGER,FILLED,NO_CONTINGENCY,,,,MY_GENERIC_ALGO,,O-20260309-022357-001-000-648,,c9fd3f7b-933f-4e2b-a5fb-f3985f756369,2026-03-09 02:23:57.136894907+00:00,2026-03-09 02:23:57.136894907+00:00
BACKTESTER-001,OracleStrategy-000,MESM6.GLBX,GLBX-1-437,MESM6.GLBX-OracleStrategy-000,GLBX-001,GLBX-1-437,MARKET,SELL,1,GTC,False,False,1,TAKER,6643.0,0.0,['0.00 USD'],NO_TRIGGER,FILLED,NO_CONTINGENCY,,,,MY_GENERIC_ALGO,,O-20260309-022357-001-000-649,,f14b6cd3-7661-4e1b-86f6-bb9636289040,2026-03-09 02:23:57.136894907+00:00,2026-03-09 02:23:57.136894907+00:00
BACKTESTER-001,OracleStrategy-000,MESM6.GLBX,GLBX-1-438,MESM6.GLBX-OracleStrategy-000,GLBX-001,GLBX-1-438,MARKET,BUY,1,GTC,True,False,1,TAKER,6644.0,0.0,['0.00 USD'],NO_TRIGGER,FILLED,NO_CONTINGENCY,,,,MY_GENERIC_ALGO,,O-20260309-022458-001-000-650,,8fc1abeb-9bec-4594-81a1-bb3fe59f8b79,2026-03-09 02:24:58.755170571+00:00,2026-03-09 02:24:58.755170571+00:00
BACKTESTER-001,OracleStrategy-000,MESM6.GLBX,GLBX-1-439,MESM6.GLBX-OracleStrategy-000,GLBX-001,GLBX-1-439,MARKET,BUY,1,GTC,False,False,1,TAKER,6644.0,0.0,['0.00 USD'],NO_TRIGGER,FILLED,NO_CONTINGENCY,,,,MY_GENERIC_ALGO,,O-20260309-022458-001-000-651,,1a754b0e-e33c-4341-8177-beeb664652ae,2026-03-09 02:24:58.755170571+00:00,2026-03-09 02:24:58.755170571+00:00
BACKTESTER-001,OracleStrategy-000,MESM6.GLBX,GLBX-1-440,MESM6.GLBX-OracleStrategy-000,GLBX-001,GLBX-1-440,MARKET,SELL,1,GTC,True,False,1,TAKER,6642.25,0.0,['0.00 USD'],NO_TRIGGER,FILLED,NO_CONTINGENCY,,,,MY_GENERIC_ALGO,,O-20260309-022511-001-000-652,,6facf7e5-a0a6-4771-b9a9-0042d05b3dc1,2026-03-09 02:25:11.764156383+00:00,2026-03-09 02:25:11.764156383+00:00
BACKTESTER-001,OracleStrategy-000,MESM6.GLBX,GLBX-1-441,MESM6.GLBX-OracleStrategy-000,GLBX-001,GLBX-1-441,MARKET,BUY,1,GTC,False,False,1,TAKER,6641.75,0.0,['0.00 USD'],NO_TRIGGER,FILLED,NO_CONTINGENCY,,,,MY_GENERIC_ALGO,,O-20260309-022648-001-000-661,,bf66165f-85ec-43d2-84a3-0d4dd2e8b7ee,2026-03-09 02:26:48.430069782+00:00,2026-03-09 02:26:48.430069782+00:00
BACKTESTER-001,OracleStrategy-000,MESM6.GLBX,GLBX-1-442,MESM6.GLBX-OracleStrategy-000,GLBX-001,GLBX-1-442,MARKET,SELL,1,GTC,True,False,1,TAKER,6642.5,0.0,['0.00 USD'],NO_TRIGGER,FILLED,NO_CONTINGENCY,,,,MY_GENERIC_ALGO,,O-20260309-022653-001-000-662,,92fefb06-a26d-4e8a-897e-b8ff0056e827,2026-03-09 02:26:53.773351688+00:00,2026-03-09 02:26:53.773351688+00:00
BACKTESTER-001,OracleStrategy-000,MESM6.GLBX,GLBX-1-443,MESM6.GLBX-OracleStrategy-000,GLBX-001,GLBX-1-443,MARKET,SELL,1,GTC,False,False,1,TAKER,6642.5,0.0,['0.00 USD'],NO_TRIGGER,FILLED,NO_CONTINGENCY,,,,MY_GENERIC_ALGO,,O-20260309-022653-001-000-663,,c6bfadfd-65ca-45e8-b7fe-26db6625bc13,2026-03-09 02:26:53.773351688+00:00,2026-03-09 02:26:53.773351688+00:00
BACKTESTER-001,OracleStrategy-000,MESM6.GLBX,GLBX-1-444,MESM6.GLBX-OracleStrategy-000,GLBX-001,GLBX-1-444,MARKET,BUY,1,GTC,True,False,1,TAKER,6641.5,0.0,['0.00 USD'],NO_TRIGGER,FILLED,NO_CONTINGENCY,,,,MY_GENERIC_ALGO,,O-20260309-022752-001-000-664,,c4ce7ead-88de-4a6c-8f44-474d4e827b92,2026-03-09 02:27:52.696966366+00:00,2026-03-09 02:27:52.696966366+00:00
BACKTESTER-001,OracleStrategy-000,MESM6.GLBX,GLBX-1-445,MESM6.GLBX-OracleStrategy-000,GLBX-001,GLBX-1-445,MARKET,BUY,1,GTC,False,False,1,TAKER,6641.5,0.0,['0.00 USD'],NO_TRIGGER,FILLED,NO_CONTINGENCY,,,,MY_GENERIC_ALGO,,O-20260309-022752-001-000-665,,6f5e4415-fa4b-41f3-b656-5c2a2fdd2f31,2026-03-09 02:27:52.696966366+00:00,2026-03-09 02:27:52.696966366+00:00
BACKTESTER-001,OracleStrategy-000,MESM6.GLBX,GLBX-1-446,MESM6.GLBX-OracleStrategy-000,GLBX-001,GLBX-1-446,MARKET,SELL,1,GTC,True,False,1,TAKER,6644.75,0.0,['0.00 USD'],NO_TRIGGER,FILLED,NO_CONTINGENCY,,,,MY_GENERIC_ALGO,,O-20260309-022851-001-000-666,,3d469d3f-bdf5-47d3-8ba8-b9768f1c46e8,2026-03-09 02:28:51.575505831+00:00,2026-03-09 02:28:51.575505831+00:00
BACKTESTER-001,OracleStrategy-000,MESM6.GLBX,GLBX-1-447,MESM6.GLBX-OracleStrategy-000,GLBX-001,GLBX-1-447,MARKET,SELL,1,GTC,False,False,1,TAKER,6644.75,0.0,['0.00 USD'],NO_TRIGGER,FILLED,NO_CONTINGENCY,,,,MY_GENERIC_ALGO,,O-20260309-022851-001-000-667,,8686a60a-5678-47f6-9472-14d1581cea2c,2026-03-09 02:28:51.575505831+00:00,2026-03-09 02:28:51.575505831+00:00
BACKTESTER-001,OracleStrategy-000,MESM6.GLBX,GLBX-1-448,MESM6.GLBX-OracleStrategy-000,GLBX-001,GLBX-1-448,MARKET,BUY,1,GTC,True,False,1,TAKER,6645.75,0.0,['0.00 USD'],NO_TRIGGER,FILLED,NO_CONTINGENCY,,,,MY_GENERIC_ALGO,,O-20260309-022916-001-000-668,,4ffcbd2b-5b9c-499f-a956-b8817e69f727,2026-03-09 02:29:16.957798738+00:00,2026-03-09 02:29:16.957798738+00:00
BACKTESTER-001,OracleStrategy-000,MESM6.GLBX,GLBX-1-449,MESM6.GLBX-OracleStrategy-000,GLBX-001,GLBX-1-449,MARKET,BUY,1,GTC,False,False,1,TAKER,6645.75,0.0,['0.00 USD'],NO_TRIGGER,FILLED,NO_CONTINGENCY,,,,MY_GENERIC_ALGO,,O-20260309-022916-001-000-669,,210ab79e-baa3-40b6-be5b-6189c0f189c0,2026-03-09 02:29:16.957798738+00:00,2026-03-09 02:29:16.957798738+00:00
BACKTESTER-001,OracleStrategy-000,MESM6.GLBX,GLBX-1-450,MESM6.GLBX-OracleStrategy-000,GLBX-001,GLBX-1-450,MARKET,SELL,1,GTC,True,False,1,TAKER,6645.75,0.0,['0.00 USD'],NO_TRIGGER,FILLED,NO_CONTINGENCY,,,,MY_GENERIC_ALGO,,O-20260309-022920-001-000-670,,8c265596-1e9a-43ae-93d4-ff3a36a91bba,2026-03-09 02:29:20.084192429+00:00,2026-03-09 02:29:20.084192429+00:00
BACKTESTER-001,OracleStrategy-000,MESM6.GLBX,GLBX-1-451,MESM6.GLBX-OracleStrategy-000,GLBX-001,GLBX-1-451,MARKET,SELL,1,GTC,False,False,1,TAKER,6645.75,0.0,['0.00 USD'],NO_TRIGGER,FILLED,NO_CONTINGENCY,,,,MY_GENERIC_ALGO,,O-20260309-022920-001-000-671,,33e2e89d-eb8c-4524-ac19-6c65427d0871,2026-03-09 02:29:20.084192429+00:00,2026-03-09 02:29:20.084192429+00:00
BACKTESTER-001,OracleStrategy-000,MESM6.GLBX,GLBX-1-452,MESM6.GLBX-OracleStrategy-000,GLBX-001,GLBX-1-452,MARKET,BUY,1,GTC,True,False,1,TAKER,6642.25,0.0,['0.00 USD'],NO_TRIGGER,FILLED,NO_CONTINGENCY,,,,MY_GENERIC_ALGO,,O-20260309-022948-001-000-672,,6243d762-c395-4e70-9230-d3d25a301b4e,2026-03-09 02:29:48.610676399+00:00,2026-03-09 02:29:48.610676399+00:00
BACKTESTER-001,OracleStrategy-000,MESM6.GLBX,GLBX-1-453,MESM6.GLBX-OracleStrategy-000,GLBX-001,GLBX-1-453,MARKET,BUY,1,GTC,False,False,1,TAKER,6642.25,0.0,['0.00 USD'],NO_TRIGGER,FILLED,NO_CONTINGENCY,,,,MY_GENERIC_ALGO,,O-20260309-022948-001-000-673,,1fa18edf-655b-4dec-8dc2-495d4e6804fe,2026-03-09 02:29:48.610676399+00:00,2026-03-09 02:29:48.610676399+00:00
BACKTESTER-001,OracleStrategy-000,MESM6.GLBX,GLBX-1-454,MESM6.GLBX-OracleStrategy-000,GLBX-001,GLBX-1-454,MARKET,SELL,1,GTC,True,False,1,TAKER,6643.5,0.0,['0.00 USD'],NO_TRIGGER,FILLED,NO_CONTINGENCY,,,,MY_GENERIC_ALGO,,O-20260309-022953-001-000-674,,de8ba7ba-b78b-4f27-9ab3-d5c371abe605,2026-03-09 02:29:53.553360595+00:00,2026-03-09 02:29:53.553360595+00:00
BACKTESTER-001,OracleStrategy-000,MESM6.GLBX,GLBX-1-455,MESM6.GLBX-OracleStrategy-000,GLBX-001,GLBX-1-455,MARKET,SELL,1,GTC,False,False,1,TAKER,6643.5,0.0,['0.00 USD'],NO_TRIGGER,FILLED,NO_CONTINGENCY,,,,MY_GENERIC_ALGO,,O-20260309-022953-001-000-675,,91702874-2add-4225-97c8-87088cd3a36b,2026-03-09 02:29:53.553360595+00:00,2026-03-09 02:29:53.553360595+00:00
BACKTESTER-001,OracleStrategy-000,MESM6.GLBX,GLBX-1-456,MESM6.GLBX-OracleStrategy-000,GLBX-001,GLBX-1-456,MARKET,BUY,1,GTC,True,False,1,TAKER,6641.0,0.0,['0.00 USD'],NO_TRIGGER,FILLED,NO_CONTINGENCY,,,,MY_GENERIC_ALGO,,O-20260309-023036-001-000-676,,e405b451-b770-4030-bf16-0c5e1ee4e8bd,2026-03-09 02:30:36.445035119+00:00,2026-03-09 02:30:36.445035119+00:00
BACKTESTER-001,OracleStrategy-000,MESM6.GLBX,GLBX-1-457,MESM6.GLBX-OracleStrategy-000,GLBX-001,GLBX-1-457,MARKET,BUY,1,GTC,False,False,1,TAKER,6637.5,0.0,['0.00 USD'],NO_TRIGGER,FILLED,NO_CONTINGENCY,,,,MY_GENERIC_ALGO,,O-20260309-023117-001-000-679,,c60d09e4-d3fa-4151-a465-d857da2bd2dd,2026-03-09 02:31:17.338534970+00:00,2026-03-09 02:31:17.338534970+00:00
BACKTESTER-001,OracleStrategy-000,MESM6.GLBX,GLBX-1-458,MESM6.GLBX-OracleStrategy-000,GLBX-001,GLBX-1-458,MARKET,SELL,1,GTC,True,False,1,TAKER,6636.5,0.0,['0.00 USD'],NO_TRIGGER,FILLED,NO_CONTINGENCY,,,,MY_GENERIC_ALGO,,O-20260309-023141-001-000-680,,75c62d20-6f01-4037-ba90-c2e1f59b5f91,2026-03-09 02:31:41.197315004+00:00,2026-03-09 02:31:41.197315004+00:00
BACKTESTER-001,OracleStrategy-000,MESM6.GLBX,GLBX-1-459,MESM6.GLBX-OracleStrategy-000,GLBX-001,GLBX-1-459,MARKET,SELL,1,GTC,False,False,1,TAKER,6636.5,0.0,['0.00 USD'],NO_TRIGGER,FILLED,NO_CONTINGENCY,,,,MY_GENERIC_ALGO,,O-20260309-023141-001-000-681,,527c2356-e249-4ea8-8ef2-5dbf4b03355b,2026-03-09 02:31:41.197315004+00:00,2026-03-09 02:31:41.197315004+00:00
BACKTESTER-001,OracleStrategy-000,MESM6.GLBX,GLBX-1-460,MESM6.GLBX-OracleStrategy-000,GLBX-001,GLBX-1-460,MARKET,BUY,1,GTC,True,False,1,TAKER,6640.75,0.0,['0.00 USD'],NO_TRIGGER,FILLED,NO_CONTINGENCY,,,,MY_GENERIC_ALGO,,O-20260309-023243-001-000-682,,59288d9d-8bcc-4a8b-a9de-39ca2b4fb04d,2026-03-09 02:32:43.251065576+00:00,2026-03-09 02:32:43.251065576+00:00
BACKTESTER-001,OracleStrategy-000,MESM6.GLBX,GLBX-1-461,MESM6.GLBX-OracleStrategy-000,GLBX-001,GLBX-1-461,MARKET,BUY,1,GTC,False,False,1,TAKER,6639.0,0.0,['0.00 USD'],NO_TRIGGER,FILLED,NO_CONTINGENCY,,,,MY_GENERIC_ALGO,,O-20260309-023414-001-000-687,,1bf9e869-d0ad-439f-843b-ae555454da45,2026-03-09 02:34:14.760810624+00:00,2026-03-09 02:34:14.760810624+00:00
BACKTESTER-001,OracleStrategy-000,MESM6.GLBX,GLBX-1-462,MESM6.GLBX-OracleStrategy-000,GLBX-001,GLBX-1-462,MARKET,SELL,1,GTC,True,False,1,TAKER,6640.0,0.0,['0.00 USD'],NO_TRIGGER,FILLED,NO_CONTINGENCY,,,,MY_GENERIC_ALGO,,O-20260309-023444-001-000-688,,7b1ef281-5dcc-46e1-ab85-d9cc8d2618d2,2026-03-09 02:34:44.565249959+00:00,2026-03-09 02:34:44.565249959+00:00
BACKTESTER-001,OracleStrategy-000,MESM6.GLBX,GLBX-1-463,MESM6.GLBX-OracleStrategy-000,GLBX-001,GLBX-1-463,MARKET,SELL,1,GTC,False,False,1,TAKER,6640.0,0.0,['0.00 USD'],NO_TRIGGER,FILLED,NO_CONTINGENCY,,,,MY_GENERIC_ALGO,,O-20260309-023444-001-000-689,,e1b4bca4-0701-4855-a59e-1286e6292224,2026-03-09 02:34:44.565249959+00:00,2026-03-09 02:34:44.565249959+00:00
BACKTESTER-001,OracleStrategy-000,MESM6.GLBX,GLBX-1-464,MESM6.GLBX-OracleStrategy-000,GLBX-001,GLBX-1-464,MARKET,BUY,1,GTC,True,False,1,TAKER,6642.0,0.0,['0.00 USD'],NO_TRIGGER,FILLED,NO_CONTINGENCY,,,,MY_GENERIC_ALGO,,O-20260309-023528-001-000-690,,86b49bf4-335a-4ca0-9420-f8ce62274d3f,2026-03-09 02:35:28.865698944+00:00,2026-03-09 02:35:28.865698944+00:00
BACKTESTER-001,OracleStrategy-000,MESM6.GLBX,GLBX-1-465,MESM6.GLBX-OracleStrategy-000,GLBX-001,GLBX-1-465,MARKET,BUY,1,GTC,False,False,1,TAKER,6642.0,0.0,['0.00 USD'],NO_TRIGGER,FILLED,NO_CONTINGENCY,,,,MY_GENERIC_ALGO,,O-20260309-023528-001-000-691,,339e0e5d-ce2b-46e6-858b-3bba00a95cbb,2026-03-09 02:35:28.865698944+00:00,2026-03-09 02:35:28.865698944+00:00
BACKTESTER-001,OracleStrategy-000,MESM6.GLBX,GLBX-1-466,MESM6.GLBX-OracleStrategy-000,GLBX-001,GLBX-1-466,MARKET,SELL,1,GTC,True,False,1,TAKER,6641.25,0.0,['0.00 USD'],NO_TRIGGER,FILLED,NO_CONTINGENCY,,,,MY_GENERIC_ALGO,,O-20260309-023555-001-000-692,,e7a8d159-8173-4c2f-aa01-dc5a5bc7da24,2026-03-09 02:35:55.586785674+00:00,2026-03-09 02:35:55.586785674+00:00
BACKTESTER-001,OracleStrategy-000,MESM6.GLBX,GLBX-1-467,MESM6.GLBX-OracleStrategy-000,GLBX-001,GLBX-1-467,MARKET,SELL,1,GTC,False,False,1,TAKER,6641.25,0.0,['0.00 USD'],NO_TRIGGER,FILLED,NO_CONTINGENCY,,,,MY_GENERIC_ALGO,,O-20260309-023555-001-000-693,,9b1b2d07-f330-4e3d-9d0e-d40b7ea2dfe0,2026-03-09 02:35:55.586785674+00:00,2026-03-09 02:35:55.586785674+00:00
BACKTESTER-001,OracleStrategy-000,MESM6.GLBX,GLBX-1-468,MESM6.GLBX-OracleStrategy-000,GLBX-001,GLBX-1-468,MARKET,BUY,1,GTC,True,False,1,TAKER,6642.75,0.0,['0.00 USD'],NO_TRIGGER,FILLED,NO_CONTINGENCY,,,,MY_GENERIC_ALGO,,O-20260309-023611-001-000-694,,85374123-f7f2-4ff3-9710-54e021350081,2026-03-09 02:36:11.160171651+00:00,2026-03-09 02:36:11.160171651+00:00
BACKTESTER-001,OracleStrategy-000,MESM6.GLBX,GLBX-1-469,MESM6.GLBX-OracleStrategy-000,GLBX-001,GLBX-1-469,MARKET,BUY,1,GTC,False,False,1,TAKER,6642.75,0.0,['0.00 USD'],NO_TRIGGER,FILLED,NO_CONTINGENCY,,,,MY_GENERIC_ALGO,,O-20260309-023611-001-000-695,,733633a8-cd63-419c-accf-9c909d9ff128,2026-03-09 02:36:11.160171651+00:00,2026-03-09 02:36:11.160171651+00:00
BACKTESTER-001,OracleStrategy-000,MESM6.GLBX,GLBX-1-470,MESM6.GLBX-OracleStrategy-000,GLBX-001,GLBX-1-470,MARKET,SELL,1,GTC,True,False,1,TAKER,6645.25,0.0,['0.00 USD'],NO_TRIGGER,FILLED,NO_CONTINGENCY,,,,MY_GENERIC_ALGO,,O-20260309-023645-001-000-696,,efae8cc7-2fe3-4da6-80a2-c65c4235fdc1,2026-03-09 02:36:45.780976322+00:00,2026-03-09 02:36:45.780976322+00:00
BACKTESTER-001,OracleStrategy-000,MESM6.GLBX,GLBX-1-471,MESM6.GLBX-OracleStrategy-000,GLBX-001,GLBX-1-471,MARKET,SELL,1,GTC,False,False,1,TAKER,6645.25,0.0,['0.00 USD'],NO_TRIGGER,FILLED,NO_CONTINGENCY,,,,MY_GENERIC_ALGO,,O-20260309-023645-001-000-697,,431765ed-b154-4f86-81ef-fdcc7f26dccf,2026-03-09 02:36:45.780976322+00:00,2026-03-09 02:36:45.780976322+00:00
BACKTESTER-001,OracleStrategy-000,MESM6.GLBX,GLBX-1-472,MESM6.GLBX-OracleStrategy-000,GLBX-001,GLBX-1-472,MARKET,BUY,1,GTC,True,False,1,TAKER,6647.0,0.0,['0.00 USD'],NO_TRIGGER,FILLED,NO_CONTINGENCY,,,,MY_GENERIC_ALGO,,O-20260309-023654-001-000-698,,a933f88c-91cb-4d5f-8682-a3cc41c91a15,2026-03-09 02:36:54.368424619+00:00,2026-03-09 02:36:54.368424619+00:00
BACKTESTER-001,OracleStrategy-000,MESM6.GLBX,GLBX-1-473,MESM6.GLBX-OracleStrategy-000,GLBX-001,GLBX-1-473,MARKET,BUY,1,GTC,False,False,1,TAKER,6647.0,0.0,['0.00 USD'],NO_TRIGGER,FILLED,NO_CONTINGENCY,,,,MY_GENERIC_ALGO,,O-20260309-023654-001-000-699,,d2293d20-6915-435d-9e18-d3bdf6e1e37f,2026-03-09 02:36:54.368424619+00:00,2026-03-09 02:36:54.368424619+00:00
BACKTESTER-001,OracleStrategy-000,MESM6.GLBX,GLBX-1-474,MESM6.GLBX-OracleStrategy-000,GLBX-001,GLBX-1-474,MARKET,SELL,1,GTC,True,False,1,TAKER,6647.5,0.0,['0.00 USD'],NO_TRIGGER,FILLED,NO_CONTINGENCY,,,,MY_GENERIC_ALGO,,O-20260309-023657-001-000-700,,ef4f0099-a759-47d7-b864-9816db2f3cab,2026-03-09 02:36:57.297971685+00:00,2026-03-09 02:36:57.297971685+00:00
BACKTESTER-001,OracleStrategy-000,MESM6.GLBX,GLBX-1-475,MESM6.GLBX-OracleStrategy-000,GLBX-001,GLBX-1-475,MARKET,SELL,1,GTC,False,False,1,TAKER,6647.5,0.0,['0.00 USD'],NO_TRIGGER,FILLED,NO_CONTINGENCY,,,,MY_GENERIC_ALGO,,O-20260309-023657-001-000-701,,6b50eb9f-2655-42cf-9c23-6de4d54244fe,2026-03-09 02:36:57.297971685+00:00,2026-03-09 02:36:57.297971685+00:00
BACKTESTER-001,OracleStrategy-000,MESM6.GLBX,GLBX-1-476,MESM6.GLBX-OracleStrategy-000,GLBX-001,GLBX-1-476,MARKET,BUY,1,GTC,True,False,1,TAKER,6645.25,0.0,['0.00 USD'],NO_TRIGGER,FILLED,NO_CONTINGENCY,,,,MY_GENERIC_ALGO,,O-20260309-023842-001-000-702,,a142f28b-0bf1-4d93-b362-b73f1827cf02,2026-03-09 02:38:42.386326687+00:00,2026-03-09 02:38:42.386326687+00:00
BACKTESTER-001,OracleStrategy-000,MESM6.GLBX,GLBX-1-477,MESM6.GLBX-OracleStrategy-000,GLBX-001,GLBX-1-477,MARKET,BUY,1,GTC,False,False,1,TAKER,6645.25,0.0,['0.00 USD'],NO_TRIGGER,FILLED,NO_CONTINGENCY,,,,MY_GENERIC_ALGO,,O-20260309-023842-001-000-703,,a40f1954-ba69-46a9-8d16-3f9708e771e9,2026-03-09 02:38:42.386326687+00:00,2026-03-09 02:38:42.386326687+00:00
BACKTESTER-001,OracleStrategy-000,MESM6.GLBX,GLBX-1-478,MESM6.GLBX-OracleStrategy-000,GLBX-001,GLBX-1-478,MARKET,SELL,1,GTC,True,False,1,TAKER,6648.75,0.0,['0.00 USD'],NO_TRIGGER,FILLED,NO_CONTINGENCY,,,,MY_GENERIC_ALGO,,O-20260309-023910-001-000-704,,9f1c233b-7aa8-4e8b-8e52-8fbac80b0760,2026-03-09 02:39:10.026069464+00:00,2026-03-09 02:39:10.026069464+00:00
BACKTESTER-001,OracleStrategy-000,MESM6.GLBX,GLBX-1-479,MESM6.GLBX-OracleStrategy-000,GLBX-001,GLBX-1-479,MARKET,SELL,1,GTC,False,False,1,TAKER,6648.75,0.0,['0.00 USD'],NO_TRIGGER,FILLED,NO_CONTINGENCY,,,,MY_GENERIC_ALGO,,O-20260309-023910-001-000-705,,9fea2386-ff11-4936-aaca-658a146fc813,2026-03-09 02:39:10.026069464+00:00,2026-03-09 02:39:10.026069464+00:00
BACKTESTER-001,OracleStrategy-000,MESM6.GLBX,GLBX-1-480,MESM6.GLBX-OracleStrategy-000,GLBX-001,GLBX-1-480,MARKET,BUY,1,GTC,True,False,1,TAKER,6648.25,0.0,['0.00 USD'],NO_TRIGGER,FILLED,NO_CONTINGENCY,,,,MY_GENERIC_ALGO,,O-20260309-024039-001-000-706,,188894ae-4c8a-4b1e-9e43-facc9966bbf0,2026-03-09 02:40:39.109084967+00:00,2026-03-09 02:40:39.109084967+00:00
BACKTESTER-001,OracleStrategy-000,MESM6.GLBX,GLBX-1-481,MESM6.GLBX-OracleStrategy-000,GLBX-001,GLBX-1-481,MARKET,BUY,1,GTC,False,False,1,TAKER,6648.25,0.0,['0.00 USD'],NO_TRIGGER,FILLED,NO_CONTINGENCY,,,,MY_GENERIC_ALGO,,O-20260309-024039-001-000-707,,c67b23dd-295c-4ce2-bc06-afc7b99e06fe,2026-03-09 02:40:39.109084967+00:00,2026-03-09 02:40:39.109084967+00:00
BACKTESTER-001,OracleStrategy-000,MESM6.GLBX,GLBX-1-482,MESM6.GLBX-OracleStrategy-000,GLBX-001,GLBX-1-482,MARKET,SELL,1,GTC,True,False,1,TAKER,6647.75,0.0,['0.00 USD'],NO_TRIGGER,FILLED,NO_CONTINGENCY,,,,MY_GENERIC_ALGO,,O-20260309-024055-001-000-708,,9f904d4f-7aaf-4fb5-96df-964d74bb90be,2026-03-09 02:40:55.648336605+00:00,2026-03-09 02:40:55.648336605+00:00
BACKTESTER-001,OracleStrategy-000,MESM6.GLBX,GLBX-1-483,MESM6.GLBX-OracleStrategy-000,GLBX-001,GLBX-1-483,MARKET,SELL,1,GTC,False,False,1,TAKER,6647.75,0.0,['0.00 USD'],NO_TRIGGER,FILLED,NO_CONTINGENCY,,,,MY_GENERIC_ALGO,,O-20260309-024055-001-000-709,,86a73a5d-22e7-4de8-8612-52c1a657da8f,2026-03-09 02:40:55.648336605+00:00,2026-03-09 02:40:55.648336605+00:00
BACKTESTER-001,OracleStrategy-000,MESM6.GLBX,GLBX-1-484,MESM6.GLBX-OracleStrategy-000,GLBX-001,GLBX-1-484,MARKET,BUY,1,GTC,True,False,1,TAKER,6649.75,0.0,['0.00 USD'],NO_TRIGGER,FILLED,NO_CONTINGENCY,,,,MY_GENERIC_ALGO,,O-20260309-024137-001-000-710,,b52a6131-377d-455f-a3f5-4079f957deb6,2026-03-09 02:41:37.566344920+00:00,2026-03-09 02:41:37.566344920+00:00
BACKTESTER-001,OracleStrategy-000,MESM6.GLBX,GLBX-1-485,MESM6.GLBX-OracleStrategy-000,GLBX-001,GLBX-1-485,MARKET,SELL,1,GTC,False,False,1,TAKER,6650.0,0.0,['0.00 USD'],NO_TRIGGER,FILLED,NO_CONTINGENCY,,,,MY_GENERIC_ALGO,,O-20260309-024156-001-000-715,,3cc151a3-2d6d-42f7-ac6c-24297b0c7f77,2026-03-09 02:41:56.030134250+00:00,2026-03-09 02:41:56.030134250+00:00
BACKTESTER-001,OracleStrategy-000,MESM6.GLBX,GLBX-1-486,MESM6.GLBX-OracleStrategy-000,GLBX-001,GLBX-1-486,MARKET,BUY,1,GTC,True,False,1,TAKER,6651.0,0.0,['0.00 USD'],NO_TRIGGER,FILLED,NO_CONTINGENCY,,,,MY_GENERIC_ALGO,,O-20260309-024226-001-000-716,,cda664c1-c3e0-48af-a5d7-2ced7766607c,2026-03-09 02:42:26.248109162+00:00,2026-03-09 02:42:26.248109162+00:00
BACKTESTER-001,OracleStrategy-000,MESM6.GLBX,GLBX-1-487,MESM6.GLBX-OracleStrategy-000,GLBX-001,GLBX-1-487,MARKET,BUY,1,GTC,False,False,1,TAKER,6651.0,0.0,['0.00 USD'],NO_TRIGGER,FILLED,NO_CONTINGENCY,,,,MY_GENERIC_ALGO,,O-20260309-024226-001-000-717,,a35a7941-9f22-499b-a021-5f55658ad68f,2026-03-09 02:42:26.248109162+00:00,2026-03-09 02:42:26.248109162+00:00
BACKTESTER-001,OracleStrategy-000,MESM6.GLBX,GLBX-1-488,MESM6.GLBX-OracleStrategy-000,GLBX-001,GLBX-1-488,MARKET,SELL,1,GTC,True,False,1,TAKER,6650.75,0.0,['0.00 USD'],NO_TRIGGER,FILLED,NO_CONTINGENCY,,,,MY_GENERIC_ALGO,,O-20260309-024228-001-000-718,,3e477871-f627-4162-9a32-59c0b20fa6ed,2026-03-09 02:42:28.621167874+00:00,2026-03-09 02:42:28.621167874+00:00
BACKTESTER-001,OracleStrategy-000,MESM6.GLBX,GLBX-1-489,MESM6.GLBX-OracleStrategy-000,GLBX-001,GLBX-1-489,MARKET,SELL,1,GTC,False,False,1,TAKER,6650.75,0.0,['0.00 USD'],NO_TRIGGER,FILLED,NO_CONTINGENCY,,,,MY_GENERIC_ALGO,,O-20260309-024228-001-000-719,,9d247c0c-50fb-4528-b0a7-f6e94ac54b1d,2026-03-09 02:42:28.621167874+00:00,2026-03-09 02:42:28.621167874+00:00
BACKTESTER-001,OracleStrategy-000,MESM6.GLBX,GLBX-1-490,MESM6.GLBX-OracleStrategy-000,GLBX-001,GLBX-1-490,MARKET,BUY,1,GTC,True,False,1,TAKER,6649.75,0.0,['0.00 USD'],NO_TRIGGER,FILLED,NO_CONTINGENCY,,,,MY_GENERIC_ALGO,,O-20260309-024348-001-000-720,,22103bd5-1df5-4ed1-b5d8-1250ba44fed1,2026-03-09 02:43:48.974430487+00:00,2026-03-09 02:43:48.974430487+00:00
BACKTESTER-001,OracleStrategy-000,MESM6.GLBX,GLBX-1-491,MESM6.GLBX-OracleStrategy-000,GLBX-001,GLBX-1-491,MARKET,BUY,1,GTC,False,False,1,TAKER,6649.75,0.0,['0.00 USD'],NO_TRIGGER,FILLED,NO_CONTINGENCY,,,,MY_GENERIC_ALGO,,O-20260309-024348-001-000-721,,91379dfd-b458-4cfc-ac9f-7e19eb405880,2026-03-09 02:43:48.974430487+00:00,2026-03-09 02:43:48.974430487+00:00
BACKTESTER-001,OracleStrategy-000,MESM6.GLBX,GLBX-1-492,MESM6.GLBX-OracleStrategy-000,GLBX-001,GLBX-1-492,MARKET,SELL,1,GTC,True,False,1,TAKER,6649.25,0.0,['0.00 USD'],NO_TRIGGER,FILLED,NO_CONTINGENCY,,,,MY_GENERIC_ALGO,,O-20260309-024401-001-000-722,,fb7b1a82-e81b-40c1-9755-14e9223b0e98,2026-03-09 02:44:01.116933522+00:00,2026-03-09 02:44:01.116933522+00:00
BACKTESTER-001,OracleStrategy-000,MESM6.GLBX,GLBX-1-493,MESM6.GLBX-OracleStrategy-000,GLBX-001,GLBX-1-493,MARKET,SELL,1,GTC,False,False,1,TAKER,6649.25,0.0,['0.00 USD'],NO_TRIGGER,FILLED,NO_CONTINGENCY,,,,MY_GENERIC_ALGO,,O-20260309-024401-001-000-723,,1e6d223d-abee-4ad1-b1ab-cf2a0c710211,2026-03-09 02:44:01.116933522+00:00,2026-03-09 02:44:01.116933522+00:00
BACKTESTER-001,OracleStrategy-000,MESM6.GLBX,GLBX-1-494,MESM6.GLBX-OracleStrategy-000,GLBX-001,GLBX-1-494,MARKET,BUY,1,GTC,True,False,1,TAKER,6650.0,0.0,['0.00 USD'],NO_TRIGGER,FILLED,NO_CONTINGENCY,,,,MY_GENERIC_ALGO,,O-20260309-024410-001-000-724,,d663ec10-ce2f-4e03-b467-61bbd2ebf8be,2026-03-09 02:44:10.567325781+00:00,2026-03-09 02:44:10.567325781+00:00
BACKTESTER-001,OracleStrategy-000,MESM6.GLBX,GLBX-1-495,MESM6.GLBX-OracleStrategy-000,GLBX-001,GLBX-1-495,MARKET,BUY,1,GTC,False,False,1,TAKER,6650.0,0.0,['0.00 USD'],NO_TRIGGER,FILLED,NO_CONTINGENCY,,,,MY_GENERIC_ALGO,,O-20260309-024410-001-000-725,,67bc0baa-bb90-451f-819e-0a5b7e9e913d,2026-03-09 02:44:10.567325781+00:00,2026-03-09 02:44:10.567325781+00:00
BACKTESTER-001,OracleStrategy-000,MESM6.GLBX,GLBX-1-496,MESM6.GLBX-OracleStrategy-000,GLBX-001,GLBX-1-496,MARKET,SELL,1,GTC,True,False,1,TAKER,6649.75,0.0,['0.00 USD'],NO_TRIGGER,FILLED,NO_CONTINGENCY,,,,MY_GENERIC_ALGO,,O-20260309-024412-001-000-726,,6b27a801-04dd-44bd-a4a9-0e426316fc35,2026-03-09 02:44:12.608529983+00:00,2026-03-09 02:44:12.608529983+00:00
BACKTESTER-001,OracleStrategy-000,MESM6.GLBX,GLBX-1-497,MESM6.GLBX-OracleStrategy-000,GLBX-001,GLBX-1-497,MARKET,SELL,1,GTC,False,False,1,TAKER,6649.75,0.0,['0.00 USD'],NO_TRIGGER,FILLED,NO_CONTINGENCY,,,,MY_GENERIC_ALGO,,O-20260309-024412-001-000-727,,b581916b-a11c-4bde-becb-93e6b7ea1e6d,2026-03-09 02:44:12.608529983+00:00,2026-03-09 02:44:12.608529983+00:00
BACKTESTER-001,OracleStrategy-000,MESM6.GLBX,GLBX-1-498,MESM6.GLBX-OracleStrategy-000,GLBX-001,GLBX-1-498,MARKET,BUY,1,GTC,True,False,1,TAKER,6649.0,0.0,['0.00 USD'],NO_TRIGGER,FILLED,NO_CONTINGENCY,,,,MY_GENERIC_ALGO,,O-20260309-024428-001-000-728,,2611ba4d-c238-486b-a567-abc5afdacabb,2026-03-09 02:44:28.093713474+00:00,2026-03-09 02:44:28.093713474+00:00
BACKTESTER-001,OracleStrategy-000,MESM6.GLBX,GLBX-1-499,MESM6.GLBX-OracleStrategy-000,GLBX-001,GLBX-1-499,MARKET,BUY,1,GTC,False,False,1,TAKER,6649.0,0.0,['0.00 USD'],NO_TRIGGER,FILLED,NO_CONTINGENCY,,,,MY_GENERIC_ALGO,,O-20260309-024428-001-000-729,,9a8bd9f9-7973-49bd-9fa0-e76ec3f8bd4e,2026-03-09 02:44:28.093713474+00:00,2026-03-09 02:44:28.093713474+00:00
BACKTESTER-001,OracleStrategy-000,MESM6.GLBX,GLBX-1-500,MESM6.GLBX-OracleStrategy-000,GLBX-001,GLBX-1-500,MARKET,SELL,1,GTC,True,False,1,TAKER,6650.5,0.0,['0.00 USD'],NO_TRIGGER,FILLED,NO_CONTINGENCY,,,,MY_GENERIC_ALGO,,O-20260309-024445-001-000-730,,0d033103-5a33-4168-87ea-43e19d148113,2026-03-09 02:44:45.933533840+00:00,2026-03-09 02:44:45.933533840+00:00
BACKTESTER-001,OracleStrategy-000,MESM6.GLBX,GLBX-1-501,MESM6.GLBX-OracleStrategy-000,GLBX-001,GLBX-1-501,MARKET,SELL,1,GTC,False,False,1,TAKER,6650.5,0.0,['0.00 USD'],NO_TRIGGER,FILLED,NO_CONTINGENCY,,,,MY_GENERIC_ALGO,,O-20260309-024445-001-000-731,,9ac5134a-a136-41ad-988c-9626407b9c4f,2026-03-09 02:44:45.933533840+00:00,2026-03-09 02:44:45.933533840+00:00
BACKTESTER-001,OracleStrategy-000,MESM6.GLBX,GLBX-1-502,MESM6.GLBX-OracleStrategy-000,GLBX-001,GLBX-1-502,MARKET,BUY,1,GTC,True,False,1,TAKER,6651.75,0.0,['0.00 USD'],NO_TRIGGER,FILLED,NO_CONTINGENCY,,,,MY_GENERIC_ALGO,,O-20260309-024503-001-000-732,,b23348a7-eec8-4f56-93c0-bea6ccd0f573,2026-03-09 02:45:03.168451416+00:00,2026-03-09 02:45:03.168451416+00:00
BACKTESTER-001,OracleStrategy-000,MESM6.GLBX,GLBX-1-503,MESM6.GLBX-OracleStrategy-000,GLBX-001,GLBX-1-503,MARKET,BUY,1,GTC,False,False,1,TAKER,6651.75,0.0,['0.00 USD'],NO_TRIGGER,FILLED,NO_CONTINGENCY,,,,MY_GENERIC_ALGO,,O-20260309-024503-001-000-733,,506f2570-a7ec-40c5-b98f-2856d6b1a511,2026-03-09 02:45:03.168451416+00:00,2026-03-09 02:45:03.168451416+00:00
BACKTESTER-001,OracleStrategy-000,MESM6.GLBX,GLBX-1-504,MESM6.GLBX-OracleStrategy-000,GLBX-001,GLBX-1-504,MARKET,SELL,1,GTC,True,False,1,TAKER,6649.5,0.0,['0.00 USD'],NO_TRIGGER,FILLED,NO_CONTINGENCY,,,,MY_GENERIC_ALGO,,O-20260309-024531-001-000-734,,ba85e243-268d-463c-81e3-15392e09f01a,2026-03-09 02:45:31.696267733+00:00,2026-03-09 02:45:31.696267733+00:00
BACKTESTER-001,OracleStrategy-000,MESM6.GLBX,GLBX-1-505,MESM6.GLBX-OracleStrategy-000,GLBX-001,GLBX-1-505,MARKET,SELL,1,GTC,False,False,1,TAKER,6649.5,0.0,['0.00 USD'],NO_TRIGGER,FILLED,NO_CONTINGENCY,,,,MY_GENERIC_ALGO,,O-20260309-024531-001-000-735,,56c46d9d-bc1b-4622-b17c-16e44656250c,2026-03-09 02:45:31.696267733+00:00,2026-03-09 02:45:31.696267733+00:00
BACKTESTER-001,OracleStrategy-000,MESM6.GLBX,GLBX-1-506,MESM6.GLBX-OracleStrategy-000,GLBX-001,GLBX-1-506,MARKET,BUY,1,GTC,True,False,1,TAKER,6650.0,0.0,['0.00 USD'],NO_TRIGGER,FILLED,NO_CONTINGENCY,,,,MY_GENERIC_ALGO,,O-20260309-024609-001-000-736,,bf513003-7923-41e6-9ee7-889a8c6ff302,2026-03-09 02:46:09.811113693+00:00,2026-03-09 02:46:09.811113693+00:00
BACKTESTER-001,OracleStrategy-000,MESM6.GLBX,GLBX-1-507,MESM6.GLBX-OracleStrategy-000,GLBX-001,GLBX-1-507,MARKET,BUY,1,GTC,False,False,1,TAKER,6650.0,0.0,['0.00 USD'],NO_TRIGGER,FILLED,NO_CONTINGENCY,,,,MY_GENERIC_ALGO,,O-20260309-024609-001-000-737,,b5e96b46-1baa-4f4c-ac9a-65a75590be2a,2026-03-09 02:46:09.811113693+00:00,2026-03-09 02:46:09.811113693+00:00
BACKTESTER-001,OracleStrategy-000,MESM6.GLBX,GLBX-1-508,MESM6.GLBX-OracleStrategy-000,GLBX-001,GLBX-1-508,MARKET,SELL,1,GTC,True,False,1,TAKER,6649.25,0.0,['0.00 USD'],NO_TRIGGER,FILLED,NO_CONTINGENCY,,,,MY_GENERIC_ALGO,,O-20260309-024625-001-000-738,,f785bfef-e592-447c-b079-e01f7fe3623d,2026-03-09 02:46:25.769002864+00:00,2026-03-09 02:46:25.769002864+00:00
BACKTESTER-001,OracleStrategy-000,MESM6.GLBX,GLBX-1-509,MESM6.GLBX-OracleStrategy-000,GLBX-001,GLBX-1-509,MARKET,SELL,1,GTC,False,False,1,TAKER,6649.25,0.0,['0.00 USD'],NO_TRIGGER,FILLED,NO_CONTINGENCY,,,,MY_GENERIC_ALGO,,O-20260309-024625-001-000-739,,dc4b82a4-8358-4b66-8348-1f3d960a9740,2026-03-09 02:46:25.769002864+00:00,2026-03-09 02:46:25.769002864+00:00
BACKTESTER-001,OracleStrategy-000,MESM6.GLBX,GLBX-1-510,MESM6.GLBX-OracleStrategy-000,GLBX-001,GLBX-1-510,MARKET,BUY,1,GTC,True,False,1,TAKER,6650.5,0.0,['0.00 USD'],NO_TRIGGER,FILLED,NO_CONTINGENCY,,,,MY_GENERIC_ALGO,,O-20260309-024629-001-000-740,,614bfbe4-c122-4220-809d-6b0529f6a701,2026-03-09 02:46:29.207806665+00:00,2026-03-09 02:46:29.207806665+00:00
BACKTESTER-001,OracleStrategy-000,MESM6.GLBX,GLBX-1-511,MESM6.GLBX-OracleStrategy-000,GLBX-001,GLBX-1-511,MARKET,BUY,1,GTC,False,False,1,TAKER,6650.5,0.0,['0.00 USD'],NO_TRIGGER,FILLED,NO_CONTINGENCY,,,,MY_GENERIC_ALGO,,O-20260309-024629-001-000-741,,77ebde7d-e81f-4147-8198-a70a7060498b,2026-03-09 02:46:29.207806665+00:00,2026-03-09 02:46:29.207806665+00:00
BACKTESTER-001,OracleStrategy-000,MESM6.GLBX,GLBX-1-512,MESM6.GLBX-OracleStrategy-000,GLBX-001,GLBX-1-512,MARKET,SELL,1,GTC,True,False,1,TAKER,6648.75,0.0,['0.00 USD'],NO_TRIGGER,FILLED,NO_CONTINGENCY,,,,MY_GENERIC_ALGO,,O-20260309-024631-001-000-742,,80dae1fa-2352-4a22-8927-f15089b7bf32,2026-03-09 02:46:31.535826503+00:00,2026-03-09 02:46:31.535826503+00:00
BACKTESTER-001,OracleStrategy-000,MESM6.GLBX,GLBX-1-513,MESM6.GLBX-OracleStrategy-000,GLBX-001,GLBX-1-513,MARKET,SELL,1,GTC,False,False,1,TAKER,6648.75,0.0,['0.00 USD'],NO_TRIGGER,FILLED,NO_CONTINGENCY,,,,MY_GENERIC_ALGO,,O-20260309-024631-001-000-743,,b75ce10e-6b80-4fe4-90c8-058fd8e1fd57,2026-03-09 02:46:31.535826503+00:00,2026-03-09 02:46:31.535826503+00:00
BACKTESTER-001,OracleStrategy-000,MESM6.GLBX,GLBX-1-514,MESM6.GLBX-OracleStrategy-000,GLBX-001,GLBX-1-514,MARKET,BUY,1,GTC,True,False,1,TAKER,6650.0,0.0,['0.00 USD'],NO_TRIGGER,FILLED,NO_CONTINGENCY,,,,MY_GENERIC_ALGO,,O-20260309-024635-001-000-744,,c22069d7-c87e-4a74-9ddd-73086935b96a,2026-03-09 02:46:35.413946877+00:00,2026-03-09 02:46:35.413946877+00:00
BACKTESTER-001,OracleStrategy-000,MESM6.GLBX,GLBX-1-515,MESM6.GLBX-OracleStrategy-000,GLBX-001,GLBX-1-515,MARKET,BUY,1,GTC,False,False,1,TAKER,6650.0,0.0,['0.00 USD'],NO_TRIGGER,FILLED,NO_CONTINGENCY,,,,MY_GENERIC_ALGO,,O-20260309-024635-001-000-745,,95d0e8b2-1a74-424a-b60e-15160a0aab86,2026-03-09 02:46:35.413946877+00:00,2026-03-09 02:46:35.413946877+00:00
BACKTESTER-001,OracleStrategy-000,MESM6.GLBX,GLBX-1-516,MESM6.GLBX-OracleStrategy-000,GLBX-001,GLBX-1-516,MARKET,SELL,1,GTC,True,False,1,TAKER,6650.75,0.0,['0.00 USD'],NO_TRIGGER,FILLED,NO_CONTINGENCY,,,,MY_GENERIC_ALGO,,O-20260309-024734-001-000-746,,f882e8ab-1a10-43fc-b3a7-0f7d22783af4,2026-03-09 02:47:34.083866507+00:00,2026-03-09 02:47:34.083866507+00:00
BACKTESTER-001,OracleStrategy-000,MESM6.GLBX,GLBX-1-517,MESM6.GLBX-OracleStrategy-000,GLBX-001,GLBX-1-517,MARKET,SELL,1,GTC,False,False,1,TAKER,6650.75,0.0,['0.00 USD'],NO_TRIGGER,FILLED,NO_CONTINGENCY,,,,MY_GENERIC_ALGO,,O-20260309-024734-001-000-747,,81c6a236-5578-4604-b6a7-f1062e4b327a,2026-03-09 02:47:34.083866507+00:00,2026-03-09 02:47:34.083866507+00:00
BACKTESTER-001,OracleStrategy-000,MESM6.GLBX,GLBX-1-518,MESM6.GLBX-OracleStrategy-000,GLBX-001,GLBX-1-518,MARKET,BUY,1,GTC,True,False,1,TAKER,6648.0,0.0,['0.00 USD'],NO_TRIGGER,FILLED,NO_CONTINGENCY,,,,MY_GENERIC_ALGO,,O-20260309-024806-001-000-748,,c4cee8c8-e2d4-4bd9-bea2-22f4ffd143a4,2026-03-09 02:48:06.788079354+00:00,2026-03-09 02:48:06.788079354+00:00
BACKTESTER-001,OracleStrategy-000,MESM6.GLBX,GLBX-1-519,MESM6.GLBX-OracleStrategy-000,GLBX-001,GLBX-1-519,MARKET,BUY,1,GTC,False,False,1,TAKER,6648.0,0.0,['0.00 USD'],NO_TRIGGER,FILLED,NO_CONTINGENCY,,,,MY_GENERIC_ALGO,,O-20260309-024806-001-000-749,,562622eb-1c41-4ea3-bd0f-6b805144a09e,2026-03-09 02:48:06.788079354+00:00,2026-03-09 02:48:06.788079354+00:00
BACKTESTER-001,OracleStrategy-000,MESM6.GLBX,GLBX-1-520,MESM6.GLBX-OracleStrategy-000,GLBX-001,GLBX-1-520,MARKET,SELL,1,GTC,True,False,1,TAKER,6650.75,0.0,['0.00 USD'],NO_TRIGGER,FILLED,NO_CONTINGENCY,,,,MY_GENERIC_ALGO,,O-20260309-024924-001-000-750,,91ba8571-584b-4c0c-8939-829d81b07110,2026-03-09 02:49:24.311054275+00:00,2026-03-09 02:49:24.311054275+00:00
BACKTESTER-001,OracleStrategy-000,MESM6.GLBX,GLBX-1-521,MESM6.GLBX-OracleStrategy-000,GLBX-001,GLBX-1-521,MARKET,SELL,1,GTC,False,False,1,TAKER,6650.75,0.0,['0.00 USD'],NO_TRIGGER,FILLED,NO_CONTINGENCY,,,,MY_GENERIC_ALGO,,O-20260309-024924-001-000-751,,20fe593a-2b77-4aed-ab15-5015646cc460,2026-03-09 02:49:24.311054275+00:00,2026-03-09 02:49:24.311054275+00:00
BACKTESTER-001,OracleStrategy-000,MESM6.GLBX,GLBX-1-522,MESM6.GLBX-OracleStrategy-000,GLBX-001,GLBX-1-522,MARKET,BUY,1,GTC,True,False,1,TAKER,6650.5,0.0,['0.00 USD'],NO_TRIGGER,FILLED,NO_CONTINGENCY,,,,MY_GENERIC_ALGO,,O-20260309-024947-001-000-752,,d121e27d-8efb-463f-a352-cdfa933f42f9,2026-03-09 02:49:47.522581271+00:00,2026-03-09 02:49:47.522581271+00:00
BACKTESTER-001,OracleStrategy-000,MESM6.GLBX,GLBX-1-523,MESM6.GLBX-OracleStrategy-000,GLBX-001,GLBX-1-523,MARKET,BUY,1,GTC,False,False,1,TAKER,6650.5,0.0,['0.00 USD'],NO_TRIGGER,FILLED,NO_CONTINGENCY,,,,MY_GENERIC_ALGO,,O-20260309-024947-001-000-753,,2a4015a7-2995-4de6-b93f-052aec542291,2026-03-09 02:49:47.522581271+00:00,2026-03-09 02:49:47.522581271+00:00
BACKTESTER-001,OracleStrategy-000,MESM6.GLBX,GLBX-1-524,MESM6.GLBX-OracleStrategy-000,GLBX-001,GLBX-1-524,MARKET,SELL,1,GTC,True,False,1,TAKER,6652.25,0.0,['0.00 USD'],NO_TRIGGER,FILLED,NO_CONTINGENCY,,,,MY_GENERIC_ALGO,,O-20260309-025016-001-000-754,,3f7ef88d-f894-4322-9fb7-f963362b1268,2026-03-09 02:50:16.961522993+00:00,2026-03-09 02:50:16.961522993+00:00
BACKTESTER-001,OracleStrategy-000,MESM6.GLBX,GLBX-1-525,MESM6.GLBX-OracleStrategy-000,GLBX-001,GLBX-1-525,MARKET,SELL,1,GTC,False,False,1,TAKER,6652.25,0.0,['0.00 USD'],NO_TRIGGER,FILLED,NO_CONTINGENCY,,,,MY_GENERIC_ALGO,,O-20260309-025016-001-000-755,,69b319af-47db-459c-bac3-70686c01798f,2026-03-09 02:50:16.961522993+00:00,2026-03-09 02:50:16.961522993+00:00
BACKTESTER-001,OracleStrategy-000,MESM6.GLBX,GLBX-1-526,MESM6.GLBX-OracleStrategy-000,GLBX-001,GLBX-1-526,MARKET,BUY,1,GTC,True,False,1,TAKER,6652.0,0.0,['0.00 USD'],NO_TRIGGER,FILLED,NO_CONTINGENCY,,,,MY_GENERIC_ALGO,,O-20260309-025103-001-000-756,,be365fb2-2a15-4080-9755-22de5dea9a29,2026-03-09 02:51:03.345171244+00:00,2026-03-09 02:51:03.345171244+00:00
BACKTESTER-001,OracleStrategy-000,MESM6.GLBX,GLBX-1-527,MESM6.GLBX-OracleStrategy-000,GLBX-001,GLBX-1-527,MARKET,BUY,1,GTC,False,False,1,TAKER,6652.0,0.0,['0.00 USD'],NO_TRIGGER,FILLED,NO_CONTINGENCY,,,,MY_GENERIC_ALGO,,O-20260309-025103-001-000-757,,01cd8e12-bad1-4f87-9418-196b23387fa6,2026-03-09 02:51:03.345171244+00:00,2026-03-09 02:51:03.345171244+00:00
BACKTESTER-001,OracleStrategy-000,MESM6.GLBX,GLBX-1-528,MESM6.GLBX-OracleStrategy-000,GLBX-001,GLBX-1-528,MARKET,SELL,1,GTC,True,False,1,TAKER,6653.0,0.0,['0.00 USD'],NO_TRIGGER,FILLED,NO_CONTINGENCY,,,,MY_GENERIC_ALGO,,O-20260309-025354-001-000-758,,aa3d5d6c-a1d1-4432-8de0-7748063c3e3e,2026-03-09 02:53:54.744575091+00:00,2026-03-09 02:53:54.744575091+00:00
BACKTESTER-001,OracleStrategy-000,MESM6.GLBX,GLBX-1-529,MESM6.GLBX-OracleStrategy-000,GLBX-001,GLBX-1-529,MARKET,SELL,1,GTC,False,False,1,TAKER,6653.0,0.0,['0.00 USD'],NO_TRIGGER,FILLED,NO_CONTINGENCY,,,,MY_GENERIC_ALGO,,O-20260309-025354-001-000-759,,8aba6ad9-ac17-4064-bae3-a0ec23d4f5a3,2026-03-09 02:53:54.744575091+00:00,2026-03-09 02:53:54.744575091+00:00
BACKTESTER-001,OracleStrategy-000,MESM6.GLBX,GLBX-1-530,MESM6.GLBX-OracleStrategy-000,GLBX-001,GLBX-1-530,MARKET,BUY,1,GTC,True,False,1,TAKER,6653.5,0.0,['0.00 USD'],NO_TRIGGER,FILLED,NO_CONTINGENCY,,,,MY_GENERIC_ALGO,,O-20260309-025417-001-000-760,,2bdd1f38-7f72-4658-8dd6-1ffd9a11973f,2026-03-09 02:54:17.533965898+00:00,2026-03-09 02:54:17.533965898+00:00
BACKTESTER-001,OracleStrategy-000,MESM6.GLBX,GLBX-1-531,MESM6.GLBX-OracleStrategy-000,GLBX-001,GLBX-1-531,MARKET,BUY,1,GTC,False,False,1,TAKER,6653.5,0.0,['0.00 USD'],NO_TRIGGER,FILLED,NO_CONTINGENCY,,,,MY_GENERIC_ALGO,,O-20260309-025417-001-000-761,,aac697e4-338b-408a-a13d-113f2a85e525,2026-03-09 02:54:17.533965898+00:00,2026-03-09 02:54:17.533965898+00:00
BACKTESTER-001,OracleStrategy-000,MESM6.GLBX,GLBX-1-532,MESM6.GLBX-OracleStrategy-000,GLBX-001,GLBX-1-532,MARKET,SELL,1,GTC,True,False,1,TAKER,6656.5,0.0,['0.00 USD'],NO_TRIGGER,FILLED,NO_CONTINGENCY,,,,MY_GENERIC_ALGO,,O-20260309-025528-001-000-762,,e6d0abc7-ea87-4c1b-a766-a0ab35a7e6e8,2026-03-09 02:55:28.192923759+00:00,2026-03-09 02:55:28.192923759+00:00
BACKTESTER-001,OracleStrategy-000,MESM6.GLBX,GLBX-1-533,MESM6.GLBX-OracleStrategy-000,GLBX-001,GLBX-1-533,MARKET,SELL,1,GTC,False,False,1,TAKER,6656.5,0.0,['0.00 USD'],NO_TRIGGER,FILLED,NO_CONTINGENCY,,,,MY_GENERIC_ALGO,,O-20260309-025528-001-000-763,,099b5647-632d-431d-9064-3844650aea8c,2026-03-09 02:55:28.192923759+00:00,2026-03-09 02:55:28.192923759+00:00
BACKTESTER-001,OracleStrategy-000,MESM6.GLBX,GLBX-1-534,MESM6.GLBX-OracleStrategy-000,GLBX-001,GLBX-1-534,MARKET,BUY,1,GTC,True,False,1,TAKER,6655.25,0.0,['0.00 USD'],NO_TRIGGER,FILLED,NO_CONTINGENCY,,,,MY_GENERIC_ALGO,,O-20260309-025619-001-000-764,,000715c7-7fce-4635-864c-9c07b57d9bf6,2026-03-09 02:56:19.190285786+00:00,2026-03-09 02:56:19.190285786+00:00
BACKTESTER-001,OracleStrategy-000,MESM6.GLBX,GLBX-1-535,MESM6.GLBX-OracleStrategy-000,GLBX-001,GLBX-1-535,MARKET,BUY,1,GTC,False,False,1,TAKER,6655.25,0.0,['0.00 USD'],NO_TRIGGER,FILLED,NO_CONTINGENCY,,,,MY_GENERIC_ALGO,,O-20260309-025619-001-000-765,,b0705bc0-346a-4380-ad4f-76403fd14353,2026-03-09 02:56:19.190285786+00:00,2026-03-09 02:56:19.190285786+00:00
BACKTESTER-001,OracleStrategy-000,MESM6.GLBX,GLBX-1-536,MESM6.GLBX-OracleStrategy-000,GLBX-001,GLBX-1-536,MARKET,SELL,1,GTC,True,False,1,TAKER,6658.75,0.0,['0.00 USD'],NO_TRIGGER,FILLED,NO_CONTINGENCY,,,,MY_GENERIC_ALGO,,O-20260309-025650-001-000-766,,43947d5a-2119-4be7-adf1-c8980ff5e37a,2026-03-09 02:56:50.021569682+00:00,2026-03-09 02:56:50.021569682+00:00
BACKTESTER-001,OracleStrategy-000,MESM6.GLBX,GLBX-1-537,MESM6.GLBX-OracleStrategy-000,GLBX-001,GLBX-1-537,MARKET,SELL,1,GTC,False,False,1,TAKER,6658.75,0.0,['0.00 USD'],NO_TRIGGER,FILLED,NO_CONTINGENCY,,,,MY_GENERIC_ALGO,,O-20260309-025650-001-000-767,,586a0b04-293c-4d55-8ecc-95db8d1b8d25,2026-03-09 02:56:50.021569682+00:00,2026-03-09 02:56:50.021569682+00:00
BACKTESTER-001,OracleStrategy-000,MESM6.GLBX,GLBX-1-538,MESM6.GLBX-OracleStrategy-000,GLBX-001,GLBX-1-538,MARKET,BUY,1,GTC,True,False,1,TAKER,6654.75,0.0,['0.00 USD'],NO_TRIGGER,FILLED,NO_CONTINGENCY,,,,MY_GENERIC_ALGO,,O-20260309-025718-001-000-768,,a38d667d-79b2-4a84-a985-d28b204c1147,2026-03-09 02:57:18.841673302+00:00,2026-03-09 02:57:18.841673302+00:00
BACKTESTER-001,OracleStrategy-000,MESM6.GLBX,GLBX-1-539,MESM6.GLBX-OracleStrategy-000,GLBX-001,GLBX-1-539,MARKET,BUY,1,GTC,False,False,1,TAKER,6654.75,0.0,['0.00 USD'],NO_TRIGGER,FILLED,NO_CONTINGENCY,,,,MY_GENERIC_ALGO,,O-20260309-025718-001-000-769,,d81e24cd-a72e-48a1-95e1-804ce0dd24e0,2026-03-09 02:57:18.841673302+00:00,2026-03-09 02:57:18.841673302+00:00
BACKTESTER-001,OracleStrategy-000,MESM6.GLBX,GLBX-1-540,MESM6.GLBX-OracleStrategy-000,GLBX-001,GLBX-1-540,MARKET,SELL,1,GTC,True,False,1,TAKER,6654.75,0.0,['0.00 USD'],NO_TRIGGER,FILLED,NO_CONTINGENCY,,,,MY_GENERIC_ALGO,,O-20260309-025721-001-000-770,,d7525ece-7398-4c7d-b4f4-6a2b83a6e79a,2026-03-09 02:57:21.333987803+00:00,2026-03-09 02:57:21.333987803+00:00
BACKTESTER-001,OracleStrategy-000,MESM6.GLBX,GLBX-1-541,MESM6.GLBX-OracleStrategy-000,GLBX-001,GLBX-1-541,MARKET,SELL,1,GTC,False,False,1,TAKER,6654.75,0.0,['0.00 USD'],NO_TRIGGER,FILLED,NO_CONTINGENCY,,,,MY_GENERIC_ALGO,,O-20260309-025721-001-000-771,,96d3c092-9fa9-4396-a803-1365a08e026f,2026-03-09 02:57:21.333987803+00:00,2026-03-09 02:57:21.333987803+00:00
BACKTESTER-001,OracleStrategy-000,MESM6.GLBX,GLBX-1-542,MESM6.GLBX-OracleStrategy-000,GLBX-001,GLBX-1-542,MARKET,BUY,1,GTC,True,False,1,TAKER,6653.25,0.0,['0.00 USD'],NO_TRIGGER,FILLED,NO_CONTINGENCY,,,,MY_GENERIC_ALGO,,O-20260309-025729-001-000-772,,d39bf41c-1241-44e7-87bd-16d28f019b1d,2026-03-09 02:57:29.354448543+00:00,2026-03-09 02:57:29.354448543+00:00
BACKTESTER-001,OracleStrategy-000,MESM6.GLBX,GLBX-1-543,MESM6.GLBX-OracleStrategy-000,GLBX-001,GLBX-1-543,MARKET,BUY,1,GTC,False,False,1,TAKER,6653.25,0.0,['0.00 USD'],NO_TRIGGER,FILLED,NO_CONTINGENCY,,,,MY_GENERIC_ALGO,,O-20260309-025729-001-000-773,,22681442-8f56-46d8-9a91-3cb2d2ba4437,2026-03-09 02:57:29.354448543+00:00,2026-03-09 02:57:29.354448543+00:00
BACKTESTER-001,OracleStrategy-000,MESM6.GLBX,GLBX-1-544,MESM6.GLBX-OracleStrategy-000,GLBX-001,GLBX-1-544,MARKET,SELL,1,GTC,True,False,1,TAKER,6654.0,0.0,['0.00 USD'],NO_TRIGGER,FILLED,NO_CONTINGENCY,,,,MY_GENERIC_ALGO,,O-20260309-025739-001-000-774,,770fe38d-53e4-49ed-9131-b70bf9a7d8f6,2026-03-09 02:57:39.084443218+00:00,2026-03-09 02:57:39.084443218+00:00
BACKTESTER-001,OracleStrategy-000,MESM6.GLBX,GLBX-1-545,MESM6.GLBX-OracleStrategy-000,GLBX-001,GLBX-1-545,MARKET,SELL,1,GTC,False,False,1,TAKER,6654.0,0.0,['0.00 USD'],NO_TRIGGER,FILLED,NO_CONTINGENCY,,,,MY_GENERIC_ALGO,,O-20260309-025739-001-000-775,,3d8e53a8-8392-40d6-9576-a7cc4a1698d1,2026-03-09 02:57:39.084443218+00:00,2026-03-09 02:57:39.084443218+00:00
BACKTESTER-001,OracleStrategy-000,MESM6.GLBX,GLBX-1-546,MESM6.GLBX-OracleStrategy-000,GLBX-001,GLBX-1-546,MARKET,BUY,1,GTC,True,False,1,TAKER,6652.75,0.0,['0.00 USD'],NO_TRIGGER,FILLED,NO_CONTINGENCY,,,,MY_GENERIC_ALGO,,O-20260309-025836-001-000-776,,9d6d2e9e-579a-405d-ae3c-45f07fec4022,2026-03-09 02:58:36.709648362+00:00,2026-03-09 02:58:36.709648362+00:00
BACKTESTER-001,OracleStrategy-000,MESM6.GLBX,GLBX-1-547,MESM6.GLBX-OracleStrategy-000,GLBX-001,GLBX-1-547,MARKET,BUY,1,GTC,False,False,1,TAKER,6652.75,0.0,['0.00 USD'],NO_TRIGGER,FILLED,NO_CONTINGENCY,,,,MY_GENERIC_ALGO,,O-20260309-025836-001-000-777,,9c515644-8f02-4e3f-a06e-05e7685c3102,2026-03-09 02:58:36.709648362+00:00,2026-03-09 02:58:36.709648362+00:00
BACKTESTER-001,OracleStrategy-000,MESM6.GLBX,GLBX-1-548,MESM6.GLBX-OracleStrategy-000,GLBX-001,GLBX-1-548,MARKET,SELL,1,GTC,True,False,1,TAKER,6653.5,0.0,['0.00 USD'],NO_TRIGGER,FILLED,NO_CONTINGENCY,,,,MY_GENERIC_ALGO,,O-20260309-025913-001-000-778,,7c87975c-4277-4734-af8f-e25b5670b252,2026-03-09 02:59:13.715753884+00:00,2026-03-09 02:59:13.715753884+00:00
BACKTESTER-001,OracleStrategy-000,MESM6.GLBX,GLBX-1-549,MESM6.GLBX-OracleStrategy-000,GLBX-001,GLBX-1-549,MARKET,SELL,1,GTC,False,False,1,TAKER,6653.5,0.0,['0.00 USD'],NO_TRIGGER,FILLED,NO_CONTINGENCY,,,,MY_GENERIC_ALGO,,O-20260309-025913-001-000-779,,5e38f4f0-1ecc-44ac-84bb-1cf1aa475c0b,2026-03-09 02:59:13.715753884+00:00,2026-03-09 02:59:13.715753884+00:00
BACKTESTER-001,OracleStrategy-000,MESM6.GLBX,GLBX-1-550,MESM6.GLBX-OracleStrategy-000,GLBX-001,GLBX-1-550,MARKET,BUY,1,GTC,True,False,1,TAKER,6652.5,0.0,['0.00 USD'],NO_TRIGGER,FILLED,NO_CONTINGENCY,,,,MY_GENERIC_ALGO,,O-20260309-025937-001-000-780,,ff83fae6-d6d6-4c10-8b31-a4d6895b9988,2026-03-09 02:59:37.304868024+00:00,2026-03-09 02:59:37.304868024+00:00
BACKTESTER-001,OracleStrategy-000,MESM6.GLBX,GLBX-1-551,MESM6.GLBX-OracleStrategy-000,GLBX-001,GLBX-1-551,MARKET,BUY,1,GTC,False,False,1,TAKER,6652.5,0.0,['0.00 USD'],NO_TRIGGER,FILLED,NO_CONTINGENCY,,,,MY_GENERIC_ALGO,,O-20260309-025937-001-000-781,,74537c3d-d166-4aa3-8063-765f5d95035a,2026-03-09 02:59:37.304868024+00:00,2026-03-09 02:59:37.304868024+00:00
BACKTESTER-001,OracleStrategy-000,MESM6.GLBX,GLBX-1-552,MESM6.GLBX-OracleStrategy-000,GLBX-001,GLBX-1-552,MARKET,SELL,1,GTC,True,False,1,TAKER,6651.5,0.0,['0.00 USD'],NO_TRIGGER,FILLED,NO_CONTINGENCY,,,,MY_GENERIC_ALGO,,O-20260309-030001-001-000-782,,6ae6def7-3aec-407d-a8be-40c7f023a5f8,2026-03-09 03:00:01.469982738+00:00,2026-03-09 03:00:01.469982738+00:00
BACKTESTER-001,OracleStrategy-000,MESM6.GLBX,GLBX-1-553,MESM6.GLBX-OracleStrategy-000,GLBX-001,GLBX-1-553,MARKET,SELL,1,GTC,False,False,1,TAKER,6651.5,0.0,['0.00 USD'],NO_TRIGGER,FILLED,NO_CONTINGENCY,,,,MY_GENERIC_ALGO,,O-20260309-030001-001-000-783,,f6617ffa-76e3-4e88-be08-2bf2f49497c9,2026-03-09 03:00:01.469982738+00:00,2026-03-09 03:00:01.469982738+00:00
BACKTESTER-001,OracleStrategy-000,MESM6.GLBX,GLBX-1-554,MESM6.GLBX-OracleStrategy-000,GLBX-001,GLBX-1-554,MARKET,BUY,1,GTC,True,False,1,TAKER,6651.5,0.0,['0.00 USD'],NO_TRIGGER,FILLED,NO_CONTINGENCY,,,,MY_GENERIC_ALGO,,O-20260309-030010-001-000-784,,bb622e71-5d4e-4d6c-9d25-949fcfdc7240,2026-03-09 03:00:10.813526626+00:00,2026-03-09 03:00:10.813526626+00:00
BACKTESTER-001,OracleStrategy-000,MESM6.GLBX,GLBX-1-555,MESM6.GLBX-OracleStrategy-000,GLBX-001,GLBX-1-555,MARKET,BUY,1,GTC,False,False,1,TAKER,6651.5,0.0,['0.00 USD'],NO_TRIGGER,FILLED,NO_CONTINGENCY,,,,MY_GENERIC_ALGO,,O-20260309-030010-001-000-785,,2649a5de-eac5-4bdf-9d9c-c0bacd379fe3,2026-03-09 03:00:10.813526626+00:00,2026-03-09 03:00:10.813526626+00:00
BACKTESTER-001,OracleStrategy-000,MESM6.GLBX,GLBX-1-556,MESM6.GLBX-OracleStrategy-000,GLBX-001,GLBX-1-556,MARKET,SELL,1,GTC,True,False,1,TAKER,6652.5,0.0,['0.00 USD'],NO_TRIGGER,FILLED,NO_CONTINGENCY,,,,MY_GENERIC_ALGO,,O-20260309-030015-001-000-786,,b7991f33-3d70-4664-b8be-bcecc560df1d,2026-03-09 03:00:15.563373193+00:00,2026-03-09 03:00:15.563373193+00:00
BACKTESTER-001,OracleStrategy-000,MESM6.GLBX,GLBX-1-557,MESM6.GLBX-OracleStrategy-000,GLBX-001,GLBX-1-557,MARKET,SELL,1,GTC,False,False,1,TAKER,6652.5,0.0,['0.00 USD'],NO_TRIGGER,FILLED,NO_CONTINGENCY,,,,MY_GENERIC_ALGO,,O-20260309-030015-001-000-787,,f326da79-613f-4ac0-b2c8-b0c6ef7ba069,2026-03-09 03:00:15.563373193+00:00,2026-03-09 03:00:15.563373193+00:00
BACKTESTER-001,OracleStrategy-000,MESM6.GLBX,GLBX-1-558,MESM6.GLBX-OracleStrategy-000,GLBX-001,GLBX-1-558,MARKET,BUY,1,GTC,True,False,1,TAKER,6652.0,0.0,['0.00 USD'],NO_TRIGGER,FILLED,NO_CONTINGENCY,,,,MY_GENERIC_ALGO,,O-20260309-030022-001-000-788,,849fdda0-54f6-4184-98ad-f70b4e41450c,2026-03-09 03:00:22.484456986+00:00,2026-03-09 03:00:22.484456986+00:00
BACKTESTER-001,OracleStrategy-000,MESM6.GLBX,GLBX-1-559,MESM6.GLBX-OracleStrategy-000,GLBX-001,GLBX-1-559,MARKET,BUY,1,GTC,False,False,1,TAKER,6652.0,0.0,['0.00 USD'],NO_TRIGGER,FILLED,NO_CONTINGENCY,,,,MY_GENERIC_ALGO,,O-20260309-030022-001-000-789,,0265d1a5-ba08-4dbf-bea0-e0afcf6af815,2026-03-09 03:00:22.484456986+00:00,2026-03-09 03:00:22.484456986+00:00
BACKTESTER-001,OracleStrategy-000,MESM6.GLBX,GLBX-1-560,MESM6.GLBX-OracleStrategy-000,GLBX-001,GLBX-1-560,MARKET,SELL,1,GTC,True,False,1,TAKER,6653.25,0.0,['0.00 USD'],NO_TRIGGER,FILLED,NO_CONTINGENCY,,,,MY_GENERIC_ALGO,,O-20260309-030026-001-000-790,,3ea40c13-c41b-409a-8d8f-6d895b08100a,2026-03-09 03:00:26.469933528+00:00,2026-03-09 03:00:26.469933528+00:00
BACKTESTER-001,OracleStrategy-000,MESM6.GLBX,GLBX-1-561,MESM6.GLBX-OracleStrategy-000,GLBX-001,GLBX-1-561,MARKET,SELL,1,GTC,False,False,1,TAKER,6653.25,0.0,['0.00 USD'],NO_TRIGGER,FILLED,NO_CONTINGENCY,,,,MY_GENERIC_ALGO,,O-20260309-030026-001-000-791,,0fc48873-580f-4b7d-9707-2fd6f8f8e59c,2026-03-09 03:00:26.469933528+00:00,2026-03-09 03:00:26.469933528+00:00
BACKTESTER-001,OracleStrategy-000,MESM6.GLBX,GLBX-1-562,MESM6.GLBX-OracleStrategy-000,GLBX-001,GLBX-1-562,MARKET,BUY,1,GTC,True,False,1,TAKER,6655.0,0.0,['0.00 USD'],NO_TRIGGER,FILLED,NO_CONTINGENCY,,,,MY_GENERIC_ALGO,,O-20260309-030310-001-000-792,,35b61ee4-8754-4714-ad09-2764b597a068,2026-03-09 03:03:10.442192727+00:00,2026-03-09 03:03:10.442192727+00:00
BACKTESTER-001,OracleStrategy-000,MESM6.GLBX,GLBX-1-563,MESM6.GLBX-OracleStrategy-000,GLBX-001,GLBX-1-563,MARKET,BUY,1,GTC,False,False,1,TAKER,6655.0,0.0,['0.00 USD'],NO_TRIGGER,FILLED,NO_CONTINGENCY,,,,MY_GENERIC_ALGO,,O-20260309-030310-001-000-793,,920bae70-fba3-4787-be2d-01703f350e77,2026-03-09 03:03:10.442192727+00:00,2026-03-09 03:03:10.442192727+00:00
BACKTESTER-001,OracleStrategy-000,MESM6.GLBX,GLBX-1-564,MESM6.GLBX-OracleStrategy-000,GLBX-001,GLBX-1-564,MARKET,SELL,1,GTC,True,False,1,TAKER,6654.75,0.0,['0.00 USD'],NO_TRIGGER,FILLED,NO_CONTINGENCY,,,,MY_GENERIC_ALGO,,O-20260309-030330-001-000-794,,a06c6ebc-4469-49c8-91d4-70887846fc41,2026-03-09 03:03:30.908655981+00:00,2026-03-09 03:03:30.908655981+00:00
BACKTESTER-001,OracleStrategy-000,MESM6.GLBX,GLBX-1-565,MESM6.GLBX-OracleStrategy-000,GLBX-001,GLBX-1-565,MARKET,SELL,1,GTC,False,False,1,TAKER,6654.75,0.0,['0.00 USD'],NO_TRIGGER,FILLED,NO_CONTINGENCY,,,,MY_GENERIC_ALGO,,O-20260309-030330-001-000-795,,802f4282-6e20-4a42-92ab-5d8fab78f166,2026-03-09 03:03:30.908655981+00:00,2026-03-09 03:03:30.908655981+00:00
BACKTESTER-001,OracleStrategy-000,MESM6.GLBX,GLBX-1-566,MESM6.GLBX-OracleStrategy-000,GLBX-001,GLBX-1-566,MARKET,BUY,1,GTC,True,False,1,TAKER,6654.75,0.0,['0.00 USD'],NO_TRIGGER,FILLED,NO_CONTINGENCY,,,,MY_GENERIC_ALGO,,O-20260309-030421-001-000-796,,e4a49372-b7c2-4088-b64d-09631cdf2689,2026-03-09 03:04:21.906456336+00:00,2026-03-09 03:04:21.906456336+00:00
BACKTESTER-001,OracleStrategy-000,MESM6.GLBX,GLBX-1-567,MESM6.GLBX-OracleStrategy-000,GLBX-001,GLBX-1-567,MARKET,BUY,1,GTC,False,False,1,TAKER,6654.75,0.0,['0.00 USD'],NO_TRIGGER,FILLED,NO_CONTINGENCY,,,,MY_GENERIC_ALGO,,O-20260309-030421-001-000-797,,215db3d6-a2d8-4f2e-930e-01349d3f4cc9,2026-03-09 03:04:21.906456336+00:00,2026-03-09 03:04:21.906456336+00:00
BACKTESTER-001,OracleStrategy-000,MESM6.GLBX,GLBX-1-568,MESM6.GLBX-OracleStrategy-000,GLBX-001,GLBX-1-568,MARKET,SELL,1,GTC,True,False,1,TAKER,6654.5,0.0,['0.00 USD'],NO_TRIGGER,FILLED,NO_CONTINGENCY,,,,MY_GENERIC_ALGO,,O-20260309-030626-001-000-798,,8d7898b6-eb6d-4b79-b84b-c0b58325a00f,2026-03-09 03:06:26.785546925+00:00,2026-03-09 03:06:26.785546925+00:00
BACKTESTER-001,OracleStrategy-000,MESM6.GLBX,GLBX-1-569,MESM6.GLBX-OracleStrategy-000,GLBX-001,GLBX-1-569,MARKET,SELL,1,GTC,False,False,1,TAKER,6654.5,0.0,['0.00 USD'],NO_TRIGGER,FILLED,NO_CONTINGENCY,,,,MY_GENERIC_ALGO,,O-20260309-030626-001-000-799,,952c893a-2c06-4564-ac81-6964c4c67961,2026-03-09 03:06:26.785546925+00:00,2026-03-09 03:06:26.785546925+00:00
BACKTESTER-001,OracleStrategy-000,MESM6.GLBX,GLBX-1-570,MESM6.GLBX-OracleStrategy-000,GLBX-001,GLBX-1-570,MARKET,BUY,1,GTC,True,False,1,TAKER,6655.25,0.0,['0.00 USD'],NO_TRIGGER,FILLED,NO_CONTINGENCY,,,,MY_GENERIC_ALGO,,O-20260309-030707-001-000-800,,d01dc6a7-dfc4-4ce2-a108-3f7a0af9d2ef,2026-03-09 03:07:07.002625579+00:00,2026-03-09 03:07:07.002625579+00:00
BACKTESTER-001,OracleStrategy-000,MESM6.GLBX,GLBX-1-571,MESM6.GLBX-OracleStrategy-000,GLBX-001,GLBX-1-571,MARKET,BUY,1,GTC,False,False,1,TAKER,6655.25,0.0,['0.00 USD'],NO_TRIGGER,FILLED,NO_CONTINGENCY,,,,MY_GENERIC_ALGO,,O-20260309-030707-001-000-801,,70329b94-ce9d-429c-800f-57de55beceaf,2026-03-09 03:07:07.002625579+00:00,2026-03-09 03:07:07.002625579+00:00
BACKTESTER-001,OracleStrategy-000,MESM6.GLBX,GLBX-1-572,MESM6.GLBX-OracleStrategy-000,GLBX-001,GLBX-1-572,MARKET,SELL,1,GTC,True,False,1,TAKER,6655.0,0.0,['0.00 USD'],NO_TRIGGER,FILLED,NO_CONTINGENCY,,,,MY_GENERIC_ALGO,,O-20260309-030709-001-000-802,,f4380327-41b7-4ff2-be2f-1808eb7ca28a,2026-03-09 03:07:09.027377066+00:00,2026-03-09 03:07:09.027377066+00:00
BACKTESTER-001,OracleStrategy-000,MESM6.GLBX,GLBX-1-573,MESM6.GLBX-OracleStrategy-000,GLBX-001,GLBX-1-573,MARKET,SELL,1,GTC,False,False,1,TAKER,6655.0,0.0,['0.00 USD'],NO_TRIGGER,FILLED,NO_CONTINGENCY,,,,MY_GENERIC_ALGO,,O-20260309-030709-001-000-803,,6538b5df-340f-40d2-aa80-06a0d287e74e,2026-03-09 03:07:09.027377066+00:00,2026-03-09 03:07:09.027377066+00:00
BACKTESTER-001,OracleStrategy-000,MESM6.GLBX,GLBX-1-574,MESM6.GLBX-OracleStrategy-000,GLBX-001,GLBX-1-574,MARKET,BUY,1,GTC,True,False,1,TAKER,6655.75,0.0,['0.00 USD'],NO_TRIGGER,FILLED,NO_CONTINGENCY,,,,MY_GENERIC_ALGO,,O-20260309-030712-001-000-804,,4de3f650-42e8-4977-a271-d04c6500d338,2026-03-09 03:07:12.333456029+00:00,2026-03-09 03:07:12.333456029+00:00
BACKTESTER-001,OracleStrategy-000,MESM6.GLBX,GLBX-1-575,MESM6.GLBX-OracleStrategy-000,GLBX-001,GLBX-1-575,MARKET,BUY,1,GTC,False,False,1,TAKER,6655.75,0.0,['0.00 USD'],NO_TRIGGER,FILLED,NO_CONTINGENCY,,,,MY_GENERIC_ALGO,,O-20260309-030712-001-000-805,,7b6dad04-97af-4e30-93fa-f5f1eb53c264,2026-03-09 03:07:12.333456029+00:00,2026-03-09 03:07:12.333456029+00:00
BACKTESTER-001,OracleStrategy-000,MESM6.GLBX,GLBX-1-576,MESM6.GLBX-OracleStrategy-000,GLBX-001,GLBX-1-576,MARKET,SELL,1,GTC,True,False,1,TAKER,6655.25,0.0,['0.00 USD'],NO_TRIGGER,FILLED,NO_CONTINGENCY,,,,MY_GENERIC_ALGO,,O-20260309-030723-001-000-806,,57224152-7f19-4f8b-b3da-55d961acbbad,2026-03-09 03:07:23.683788600+00:00,2026-03-09 03:07:23.683788600+00:00
BACKTESTER-001,OracleStrategy-000,MESM6.GLBX,GLBX-1-577,MESM6.GLBX-OracleStrategy-000,GLBX-001,GLBX-1-577,MARKET,SELL,1,GTC,False,False,1,TAKER,6655.25,0.0,['0.00 USD'],NO_TRIGGER,FILLED,NO_CONTINGENCY,,,,MY_GENERIC_ALGO,,O-20260309-030723-001-000-807,,460cdb8b-3271-4b2a-96b3-57d4f8be633d,2026-03-09 03:07:23.683788600+00:00,2026-03-09 03:07:23.683788600+00:00
BACKTESTER-001,OracleStrategy-000,MESM6.GLBX,GLBX-1-578,MESM6.GLBX-OracleStrategy-000,GLBX-001,GLBX-1-578,MARKET,BUY,1,GTC,True,False,1,TAKER,6656.0,0.0,['0.00 USD'],NO_TRIGGER,FILLED,NO_CONTINGENCY,,,,MY_GENERIC_ALGO,,O-20260309-030751-001-000-808,,00838197-7b51-4cfa-ab67-aae188e9ac68,2026-03-09 03:07:51.868098312+00:00,2026-03-09 03:07:51.868098312+00:00
BACKTESTER-001,OracleStrategy-000,MESM6.GLBX,GLBX-1-579,MESM6.GLBX-OracleStrategy-000,GLBX-001,GLBX-1-579,MARKET,BUY,1,GTC,False,False,1,TAKER,6656.0,0.0,['0.00 USD'],NO_TRIGGER,FILLED,NO_CONTINGENCY,,,,MY_GENERIC_ALGO,,O-20260309-030751-001-000-809,,0e129860-0792-451f-85f2-05577996d2b6,2026-03-09 03:07:51.868098312+00:00,2026-03-09 03:07:51.868098312+00:00
BACKTESTER-001,OracleStrategy-000,MESM6.GLBX,GLBX-1-580,MESM6.GLBX-OracleStrategy-000,GLBX-001,GLBX-1-580,MARKET,SELL,1,GTC,True,False,1,TAKER,6656.25,0.0,['0.00 USD'],NO_TRIGGER,FILLED,NO_CONTINGENCY,,,,MY_GENERIC_ALGO,,O-20260309-030756-001-000-810,,8ba73290-2dd7-4644-85f2-2358d069946a,2026-03-09 03:07:56.052404797+00:00,2026-03-09 03:07:56.052404797+00:00
BACKTESTER-001,OracleStrategy-000,MESM6.GLBX,GLBX-1-581,MESM6.GLBX-OracleStrategy-000,GLBX-001,GLBX-1-581,MARKET,SELL,1,GTC,False,False,1,TAKER,6656.25,0.0,['0.00 USD'],NO_TRIGGER,FILLED,NO_CONTINGENCY,,,,MY_GENERIC_ALGO,,O-20260309-030756-001-000-811,,3ea0e968-5908-4b16-8f13-41a205c65db4,2026-03-09 03:07:56.052404797+00:00,2026-03-09 03:07:56.052404797+00:00
BACKTESTER-001,OracleStrategy-000,MESM6.GLBX,GLBX-1-582,MESM6.GLBX-OracleStrategy-000,GLBX-001,GLBX-1-582,MARKET,BUY,1,GTC,True,False,1,TAKER,6656.0,0.0,['0.00 USD'],NO_TRIGGER,FILLED,NO_CONTINGENCY,,,,MY_GENERIC_ALGO,,O-20260309-030824-001-000-812,,ee48bb32-2f6f-46cf-8982-936f1685e9ca,2026-03-09 03:08:24.508927647+00:00,2026-03-09 03:08:24.508927647+00:00
BACKTESTER-001,OracleStrategy-000,MESM6.GLBX,GLBX-1-583,MESM6.GLBX-OracleStrategy-000,GLBX-001,GLBX-1-583,MARKET,SELL,1,GTC,False,False,1,TAKER,6658.0,0.0,['0.00 USD'],NO_TRIGGER,FILLED,NO_CONTINGENCY,,,,MY_GENERIC_ALGO,,O-20260309-030918-001-000-815,,60fda638-a2de-4de3-8185-56a5b1c37677,2026-03-09 03:09:18.904676245+00:00,2026-03-09 03:09:18.904676245+00:00
BACKTESTER-001,OracleStrategy-000,MESM6.GLBX,GLBX-1-584,MESM6.GLBX-OracleStrategy-000,GLBX-001,GLBX-1-584,MARKET,BUY,1,GTC,True,False,1,TAKER,6656.25,0.0,['0.00 USD'],NO_TRIGGER,FILLED,NO_CONTINGENCY,,,,MY_GENERIC_ALGO,,O-20260309-030928-001-000-816,,8eba00a4-13b3-4e88-a43f-44cb38395763,2026-03-09 03:09:28.067669474+00:00,2026-03-09 03:09:28.067669474+00:00
BACKTESTER-001,OracleStrategy-000,MESM6.GLBX,GLBX-1-585,MESM6.GLBX-OracleStrategy-000,GLBX-001,GLBX-1-585,MARKET,BUY,1,GTC,False,False,1,TAKER,6656.25,0.0,['0.00 USD'],NO_TRIGGER,FILLED,NO_CONTINGENCY,,,,MY_GENERIC_ALGO,,O-20260309-030928-001-000-817,,c1575ee1-6203-4918-9063-9ea0ea8d3cec,2026-03-09 03:09:28.067669474+00:00,2026-03-09 03:09:28.067669474+00:00
BACKTESTER-001,OracleStrategy-000,MESM6.GLBX,GLBX-1-586,MESM6.GLBX-OracleStrategy-000,GLBX-001,GLBX-1-586,MARKET,SELL,1,GTC,True,False,1,TAKER,6655.75,0.0,['0.00 USD'],NO_TRIGGER,FILLED,NO_CONTINGENCY,,,,MY_GENERIC_ALGO,,O-20260309-030958-001-000-818,,04d4c85d-5c75-4b1f-a002-df0130df070a,2026-03-09 03:09:58.522414875+00:00,2026-03-09 03:09:58.522414875+00:00
BACKTESTER-001,OracleStrategy-000,MESM6.GLBX,GLBX-1-587,MESM6.GLBX-OracleStrategy-000,GLBX-001,GLBX-1-587,MARKET,SELL,1,GTC,False,False,1,TAKER,6655.75,0.0,['0.00 USD'],NO_TRIGGER,FILLED,NO_CONTINGENCY,,,,MY_GENERIC_ALGO,,O-20260309-030958-001-000-819,,ef0d554a-820c-4fd6-95e8-c0d0b39e5af7,2026-03-09 03:09:58.522414875+00:00,2026-03-09 03:09:58.522414875+00:00
BACKTESTER-001,OracleStrategy-000,MESM6.GLBX,GLBX-1-588,MESM6.GLBX-OracleStrategy-000,GLBX-001,GLBX-1-588,MARKET,BUY,1,GTC,True,False,1,TAKER,6656.75,0.0,['0.00 USD'],NO_TRIGGER,FILLED,NO_CONTINGENCY,,,,MY_GENERIC_ALGO,,O-20260309-031138-001-000-820,,8b2ed7e5-683a-4a06-8f2d-ccb368ec2766,2026-03-09 03:11:38.525632432+00:00,2026-03-09 03:11:38.525632432+00:00
BACKTESTER-001,OracleStrategy-000,MESM6.GLBX,GLBX-1-589,MESM6.GLBX-OracleStrategy-000,GLBX-001,GLBX-1-589,MARKET,BUY,1,GTC,False,False,1,TAKER,6656.75,0.0,['0.00 USD'],NO_TRIGGER,FILLED,NO_CONTINGENCY,,,,MY_GENERIC_ALGO,,O-20260309-031138-001-000-821,,c38f534c-d41c-4fc7-be05-c3263c0dcefe,2026-03-09 03:11:38.525632432+00:00,2026-03-09 03:11:38.525632432+00:00
BACKTESTER-001,OracleStrategy-000,MESM6.GLBX,GLBX-1-590,MESM6.GLBX-OracleStrategy-000,GLBX-001,GLBX-1-590,MARKET,SELL,1,GTC,True,False,1,TAKER,6654.75,0.0,['0.00 USD'],NO_TRIGGER,FILLED,NO_CONTINGENCY,,,,MY_GENERIC_ALGO,,O-20260309-031219-001-000-822,,442b88bc-9b84-40dd-971b-f0b7cee3c304,2026-03-09 03:12:19.664521234+00:00,2026-03-09 03:12:19.664521234+00:00
BACKTESTER-001,OracleStrategy-000,MESM6.GLBX,GLBX-1-591,MESM6.GLBX-OracleStrategy-000,GLBX-001,GLBX-1-591,MARKET,SELL,1,GTC,False,False,1,TAKER,6654.75,0.0,['0.00 USD'],NO_TRIGGER,FILLED,NO_CONTINGENCY,,,,MY_GENERIC_ALGO,,O-20260309-031219-001-000-823,,6369d38e-3217-4ae8-b054-12e665ec9561,2026-03-09 03:12:19.664521234+00:00,2026-03-09 03:12:19.664521234+00:00
BACKTESTER-001,OracleStrategy-000,MESM6.GLBX,GLBX-1-592,MESM6.GLBX-OracleStrategy-000,GLBX-001,GLBX-1-592,MARKET,BUY,1,GTC,True,False,1,TAKER,6656.5,0.0,['0.00 USD'],NO_TRIGGER,FILLED,NO_CONTINGENCY,,,,MY_GENERIC_ALGO,,O-20260309-031231-001-000-824,,62180e2f-90ea-4c04-8be5-c7d69faac7f2,2026-03-09 03:12:31.790130893+00:00,2026-03-09 03:12:31.790130893+00:00
BACKTESTER-001,OracleStrategy-000,MESM6.GLBX,GLBX-1-593,MESM6.GLBX-OracleStrategy-000,GLBX-001,GLBX-1-593,MARKET,BUY,1,GTC,False,False,1,TAKER,6656.5,0.0,['0.00 USD'],NO_TRIGGER,FILLED,NO_CONTINGENCY,,,,MY_GENERIC_ALGO,,O-20260309-031231-001-000-825,,c3dd3b57-79eb-40e2-b613-fa7319130282,2026-03-09 03:12:31.790130893+00:00,2026-03-09 03:12:31.790130893+00:00
BACKTESTER-001,OracleStrategy-000,MESM6.GLBX,GLBX-1-594,MESM6.GLBX-OracleStrategy-000,GLBX-001,GLBX-1-594,MARKET,SELL,1,GTC,True,False,1,TAKER,6655.5,0.0,['0.00 USD'],NO_TRIGGER,FILLED,NO_CONTINGENCY,,,,MY_GENERIC_ALGO,,O-20260309-031433-001-000-826,,b14976a8-fc12-4e42-9a6f-2b7bcfdfdc65,2026-03-09 03:14:33.554480117+00:00,2026-03-09 03:14:33.554480117+00:00
BACKTESTER-001,OracleStrategy-000,MESM6.GLBX,GLBX-1-595,MESM6.GLBX-OracleStrategy-000,GLBX-001,GLBX-1-595,MARKET,SELL,1,GTC,False,False,1,TAKER,6655.5,0.0,['0.00 USD'],NO_TRIGGER,FILLED,NO_CONTINGENCY,,,,MY_GENERIC_ALGO,,O-20260309-031433-001-000-827,,96ad9d7e-1904-46c1-bc13-793de6d9937f,2026-03-09 03:14:33.554480117+00:00,2026-03-09 03:14:33.554480117+00:00
BACKTESTER-001,OracleStrategy-000,MESM6.GLBX,GLBX-1-596,MESM6.GLBX-OracleStrategy-000,GLBX-001,GLBX-1-596,MARKET,BUY,1,GTC,True,False,1,TAKER,6657.25,0.0,['0.00 USD'],NO_TRIGGER,FILLED,NO_CONTINGENCY,,,,MY_GENERIC_ALGO,,O-20260309-031441-001-000-828,,07fd180c-24cd-498a-a7c8-5f3a3eb00b45,2026-03-09 03:14:41.704657213+00:00,2026-03-09 03:14:41.704657213+00:00
BACKTESTER-001,OracleStrategy-000,MESM6.GLBX,GLBX-1-597,MESM6.GLBX-OracleStrategy-000,GLBX-001,GLBX-1-597,MARKET,BUY,1,GTC,False,False,1,TAKER,6657.25,0.0,['0.00 USD'],NO_TRIGGER,FILLED,NO_CONTINGENCY,,,,MY_GENERIC_ALGO,,O-20260309-031441-001-000-829,,e2a067e7-ea61-4348-8bfb-231821a91680,2026-03-09 03:14:41.704657213+00:00,2026-03-09 03:14:41.704657213+00:00
BACKTESTER-001,OracleStrategy-000,MESM6.GLBX,GLBX-1-598,MESM6.GLBX-OracleStrategy-000,GLBX-001,GLBX-1-598,MARKET,SELL,1,GTC,True,False,1,TAKER,6658.25,0.0,['0.00 USD'],NO_TRIGGER,FILLED,NO_CONTINGENCY,,,,MY_GENERIC_ALGO,,O-20260309-031500-001-000-830,,76872ca0-8b03-4898-a476-4fc33d3ba407,2026-03-09 03:15:00.721947064+00:00,2026-03-09 03:15:00.721947064+00:00
BACKTESTER-001,OracleStrategy-000,MESM6.GLBX,GLBX-1-599,MESM6.GLBX-OracleStrategy-000,GLBX-001,GLBX-1-599,MARKET,SELL,1,GTC,False,False,1,TAKER,6658.25,0.0,['0.00 USD'],NO_TRIGGER,FILLED,NO_CONTINGENCY,,,,MY_GENERIC_ALGO,,O-20260309-031500-001-000-831,,13b083ed-aff9-4895-80e9-f93ad1f0b90c,2026-03-09 03:15:00.721947064+00:00,2026-03-09 03:15:00.721947064+00:00
BACKTESTER-001,OracleStrategy-000,MESM6.GLBX,GLBX-1-600,MESM6.GLBX-OracleStrategy-000,GLBX-001,GLBX-1-600,MARKET,BUY,1,GTC,True,False,1,TAKER,6657.75,0.0,['0.00 USD'],NO_TRIGGER,FILLED,NO_CONTINGENCY,,,,MY_GENERIC_ALGO,,O-20260309-031549-001-000-832,,2d3154af-2fca-4e6a-ac10-f2f0295d68c1,2026-03-09 03:15:49.267684566+00:00,2026-03-09 03:15:49.267684566+00:00
BACKTESTER-001,OracleStrategy-000,MESM6.GLBX,GLBX-1-601,MESM6.GLBX-OracleStrategy-000,GLBX-001,GLBX-1-601,MARKET,BUY,1,GTC,False,False,1,TAKER,6657.75,0.0,['0.00 USD'],NO_TRIGGER,FILLED,NO_CONTINGENCY,,,,MY_GENERIC_ALGO,,O-20260309-031549-001-000-833,,16fd86c0-cff6-4104-857e-0f32f1d0805b,2026-03-09 03:15:49.267684566+00:00,2026-03-09 03:15:49.267684566+00:00
BACKTESTER-001,OracleStrategy-000,MESM6.GLBX,GLBX-1-602,MESM6.GLBX-OracleStrategy-000,GLBX-001,GLBX-1-602,MARKET,SELL,1,GTC,True,False,1,TAKER,6657.75,0.0,['0.00 USD'],NO_TRIGGER,FILLED,NO_CONTINGENCY,,,,MY_GENERIC_ALGO,,O-20260309-031609-001-000-834,,03faa3d4-3371-4d77-93fe-f3d03d21de26,2026-03-09 03:16:09.792142346+00:00,2026-03-09 03:16:09.792142346+00:00
BACKTESTER-001,OracleStrategy-000,MESM6.GLBX,GLBX-1-603,MESM6.GLBX-OracleStrategy-000,GLBX-001,GLBX-1-603,MARKET,SELL,1,GTC,False,False,1,TAKER,6657.75,0.0,['0.00 USD'],NO_TRIGGER,FILLED,NO_CONTINGENCY,,,,MY_GENERIC_ALGO,,O-20260309-031609-001-000-835,,8e16ab15-738e-4957-8390-551dc7a1058c,2026-03-09 03:16:09.792142346+00:00,2026-03-09 03:16:09.792142346+00:00
BACKTESTER-001,OracleStrategy-000,MESM6.GLBX,GLBX-1-604,MESM6.GLBX-OracleStrategy-000,GLBX-001,GLBX-1-604,MARKET,BUY,1,GTC,True,False,1,TAKER,6658.75,0.0,['0.00 USD'],NO_TRIGGER,FILLED,NO_CONTINGENCY,,,,MY_GENERIC_ALGO,,O-20260309-031632-001-000-836,,867d936a-ebb9-4850-9fb4-d37e1478b221,2026-03-09 03:16:32.900305426+00:00,2026-03-09 03:16:32.900305426+00:00
BACKTESTER-001,OracleStrategy-000,MESM6.GLBX,GLBX-1-605,MESM6.GLBX-OracleStrategy-000,GLBX-001,GLBX-1-605,MARKET,BUY,1,GTC,False,False,1,TAKER,6658.75,0.0,['0.00 USD'],NO_TRIGGER,FILLED,NO_CONTINGENCY,,,,MY_GENERIC_ALGO,,O-20260309-031632-001-000-837,,84e4f9b8-2f3e-4f47-be72-e5a52a345981,2026-03-09 03:16:32.900305426+00:00,2026-03-09 03:16:32.900305426+00:00
BACKTESTER-001,OracleStrategy-000,MESM6.GLBX,GLBX-1-606,MESM6.GLBX-OracleStrategy-000,GLBX-001,GLBX-1-606,MARKET,SELL,1,GTC,True,False,1,TAKER,6658.25,0.0,['0.00 USD'],NO_TRIGGER,FILLED,NO_CONTINGENCY,,,,MY_GENERIC_ALGO,,O-20260309-031757-001-000-838,,659cffef-f3a8-4aea-9150-9ed79793eae9,2026-03-09 03:17:57.283164944+00:00,2026-03-09 03:17:57.283164944+00:00
BACKTESTER-001,OracleStrategy-000,MESM6.GLBX,GLBX-1-607,MESM6.GLBX-OracleStrategy-000,GLBX-001,GLBX-1-607,MARKET,BUY,1,GTC,False,False,1,TAKER,6656.25,0.0,['0.00 USD'],NO_TRIGGER,FILLED,NO_CONTINGENCY,,,,MY_GENERIC_ALGO,,O-20260309-031956-001-000-847,,82a032b8-a764-4f6c-acad-3ba4261eefb0,2026-03-09 03:19:56.939321842+00:00,2026-03-09 03:19:56.939321842+00:00
BACKTESTER-001,OracleStrategy-000,MESM6.GLBX,GLBX-1-608,MESM6.GLBX-OracleStrategy-000,GLBX-001,GLBX-1-608,MARKET,SELL,1,GTC,True,False,1,TAKER,6656.0,0.0,['0.00 USD'],NO_TRIGGER,FILLED,NO_CONTINGENCY,,,,MY_GENERIC_ALGO,,O-20260309-032012-001-000-848,,735d124f-58db-44bb-9010-2796a261a4b2,2026-03-09 03:20:12.753223295+00:00,2026-03-09 03:20:12.753223295+00:00
BACKTESTER-001,OracleStrategy-000,MESM6.GLBX,GLBX-1-609,MESM6.GLBX-OracleStrategy-000,GLBX-001,GLBX-1-609,MARKET,SELL,1,GTC,False,False,1,TAKER,6656.0,0.0,['0.00 USD'],NO_TRIGGER,FILLED,NO_CONTINGENCY,,,,MY_GENERIC_ALGO,,O-20260309-032012-001-000-849,,2066670a-168a-4d44-8df7-e1d9682845b9,2026-03-09 03:20:12.753223295+00:00,2026-03-09 03:20:12.753223295+00:00
BACKTESTER-001,OracleStrategy-000,MESM6.GLBX,GLBX-1-610,MESM6.GLBX-OracleStrategy-000,GLBX-001,GLBX-1-610,MARKET,BUY,1,GTC,True,False,1,TAKER,6658.0,0.0,['0.00 USD'],NO_TRIGGER,FILLED,NO_CONTINGENCY,,,,MY_GENERIC_ALGO,,O-20260309-032018-001-000-850,,6acc3e26-e0c1-487f-85dc-124a79b25a2a,2026-03-09 03:20:18.539531375+00:00,2026-03-09 03:20:18.539531375+00:00
BACKTESTER-001,OracleStrategy-000,MESM6.GLBX,GLBX-1-611,MESM6.GLBX-OracleStrategy-000,GLBX-001,GLBX-1-611,MARKET,BUY,1,GTC,False,False,1,TAKER,6658.0,0.0,['0.00 USD'],NO_TRIGGER,FILLED,NO_CONTINGENCY,,,,MY_GENERIC_ALGO,,O-20260309-032018-001-000-851,,1aedd398-9813-4c9f-a346-7819e6660974,2026-03-09 03:20:18.539531375+00:00,2026-03-09 03:20:18.539531375+00:00
BACKTESTER-001,OracleStrategy-000,MESM6.GLBX,GLBX-1-612,MESM6.GLBX-OracleStrategy-000,GLBX-001,GLBX-1-612,MARKET,SELL,1,GTC,True,False,1,TAKER,6658.5,0.0,['0.00 USD'],NO_TRIGGER,FILLED,NO_CONTINGENCY,,,,MY_GENERIC_ALGO,,O-20260309-032243-001-000-852,,9785e6b8-20d8-4cc2-a3e9-71d8e04299df,2026-03-09 03:22:43.303712225+00:00,2026-03-09 03:22:43.303712225+00:00
BACKTESTER-001,OracleStrategy-000,MESM6.GLBX,GLBX-1-613,MESM6.GLBX-OracleStrategy-000,GLBX-001,GLBX-1-613,MARKET,SELL,1,GTC,False,False,1,TAKER,6658.5,0.0,['0.00 USD'],NO_TRIGGER,FILLED,NO_CONTINGENCY,,,,MY_GENERIC_ALGO,,O-20260309-032243-001-000-853,,0b61baf7-8fac-4e9d-ac6e-14f41adc95f9,2026-03-09 03:22:43.303712225+00:00,2026-03-09 03:22:43.303712225+00:00
BACKTESTER-001,OracleStrategy-000,MESM6.GLBX,GLBX-1-614,MESM6.GLBX-OracleStrategy-000,GLBX-001,GLBX-1-614,MARKET,BUY,1,GTC,True,False,1,TAKER,6657.0,0.0,['0.00 USD'],NO_TRIGGER,FILLED,NO_CONTINGENCY,,,,MY_GENERIC_ALGO,,O-20260309-032326-001-000-854,,ed11869a-d142-418c-b8db-29a0b147bf79,2026-03-09 03:23:26.753026210+00:00,2026-03-09 03:23:26.753026210+00:00
BACKTESTER-001,OracleStrategy-000,MESM6.GLBX,GLBX-1-615,MESM6.GLBX-OracleStrategy-000,GLBX-001,GLBX-1-615,MARKET,BUY,1,GTC,False,False,1,TAKER,6657.0,0.0,['0.00 USD'],NO_TRIGGER,FILLED,NO_CONTINGENCY,,,,MY_GENERIC_ALGO,,O-20260309-032326-001-000-855,,0ded52ea-5571-45d4-b79e-99a997629b31,2026-03-09 03:23:26.753026210+00:00,2026-03-09 03:23:26.753026210+00:00
BACKTESTER-001,OracleStrategy-000,MESM6.GLBX,GLBX-1-616,MESM6.GLBX-OracleStrategy-000,GLBX-001,GLBX-1-616,MARKET,SELL,1,GTC,True,False,1,TAKER,6655.5,0.0,['0.00 USD'],NO_TRIGGER,FILLED,NO_CONTINGENCY,,,,MY_GENERIC_ALGO,,O-20260309-032336-001-000-856,,9046f60c-e80b-44b4-ab36-fe430bc07423,2026-03-09 03:23:36.578685375+00:00,2026-03-09 03:23:36.578685375+00:00
BACKTESTER-001,OracleStrategy-000,MESM6.GLBX,GLBX-1-617,MESM6.GLBX-OracleStrategy-000,GLBX-001,GLBX-1-617,MARKET,SELL,1,GTC,False,False,1,TAKER,6655.5,0.0,['0.00 USD'],NO_TRIGGER,FILLED,NO_CONTINGENCY,,,,MY_GENERIC_ALGO,,O-20260309-032336-001-000-857,,1b337358-e507-49c3-afb9-5e2ad0a6bf8a,2026-03-09 03:23:36.578685375+00:00,2026-03-09 03:23:36.578685375+00:00
BACKTESTER-001,OracleStrategy-000,MESM6.GLBX,GLBX-1-618,MESM6.GLBX-OracleStrategy-000,GLBX-001,GLBX-1-618,MARKET,BUY,1,GTC,True,False,1,TAKER,6655.0,0.0,['0.00 USD'],NO_TRIGGER,FILLED,NO_CONTINGENCY,,,,MY_GENERIC_ALGO,,O-20260309-032349-001-000-858,,f2873d57-2b17-417d-9867-3a5efd5be5de,2026-03-09 03:23:49.741400271+00:00,2026-03-09 03:23:49.741400271+00:00
BACKTESTER-001,OracleStrategy-000,MESM6.GLBX,GLBX-1-619,MESM6.GLBX-OracleStrategy-000,GLBX-001,GLBX-1-619,MARKET,BUY,1,GTC,False,False,1,TAKER,6655.0,0.0,['0.00 USD'],NO_TRIGGER,FILLED,NO_CONTINGENCY,,,,MY_GENERIC_ALGO,,O-20260309-032349-001-000-859,,411ed5f4-5cc3-4d99-bf2e-ab906fe6b05c,2026-03-09 03:23:49.741400271+00:00,2026-03-09 03:23:49.741400271+00:00
BACKTESTER-001,OracleStrategy-000,MESM6.GLBX,GLBX-1-620,MESM6.GLBX-OracleStrategy-000,GLBX-001,GLBX-1-620,MARKET,SELL,1,GTC,True,False,1,TAKER,6655.0,0.0,['0.00 USD'],NO_TRIGGER,FILLED,NO_CONTINGENCY,,,,MY_GENERIC_ALGO,,O-20260309-032353-001-000-860,,02d7a317-329f-489d-be10-5f295220214b,2026-03-09 03:23:53.299626784+00:00,2026-03-09 03:23:53.299626784+00:00
BACKTESTER-001,OracleStrategy-000,MESM6.GLBX,GLBX-1-621,MESM6.GLBX-OracleStrategy-000,GLBX-001,GLBX-1-621,MARKET,SELL,1,GTC,False,False,1,TAKER,6655.0,0.0,['0.00 USD'],NO_TRIGGER,FILLED,NO_CONTINGENCY,,,,MY_GENERIC_ALGO,,O-20260309-032353-001-000-861,,20db03b9-7235-4c9a-90bb-3368e72d9ae8,2026-03-09 03:23:53.299626784+00:00,2026-03-09 03:23:53.299626784+00:00
BACKTESTER-001,OracleStrategy-000,MESM6.GLBX,GLBX-1-622,MESM6.GLBX-OracleStrategy-000,GLBX-001,GLBX-1-622,MARKET,BUY,1,GTC,True,False,1,TAKER,6656.0,0.0,['0.00 USD'],NO_TRIGGER,FILLED,NO_CONTINGENCY,,,,MY_GENERIC_ALGO,,O-20260309-032455-001-000-862,,5d76a0ed-cbc1-4d19-b1cc-19e9787f4eda,2026-03-09 03:24:55.509895189+00:00,2026-03-09 03:24:55.509895189+00:00
BACKTESTER-001,OracleStrategy-000,MESM6.GLBX,GLBX-1-623,MESM6.GLBX-OracleStrategy-000,GLBX-001,GLBX-1-623,MARKET,BUY,1,GTC,False,False,1,TAKER,6656.0,0.0,['0.00 USD'],NO_TRIGGER,FILLED,NO_CONTINGENCY,,,,MY_GENERIC_ALGO,,O-20260309-032455-001-000-863,,2db3d0b3-38b3-49a8-aa66-d9453ead2dff,2026-03-09 03:24:55.509895189+00:00,2026-03-09 03:24:55.509895189+00:00
BACKTESTER-001,OracleStrategy-000,MESM6.GLBX,GLBX-1-624,MESM6.GLBX-OracleStrategy-000,GLBX-001,GLBX-1-624,MARKET,SELL,1,GTC,True,False,1,TAKER,6654.25,0.0,['0.00 USD'],NO_TRIGGER,FILLED,NO_CONTINGENCY,,,,MY_GENERIC_ALGO,,O-20260309-032458-001-000-864,,7f5f5ca9-c25c-4497-96ab-18d8d26d413f,2026-03-09 03:24:58.239050990+00:00,2026-03-09 03:24:58.239050990+00:00
BACKTESTER-001,OracleStrategy-000,MESM6.GLBX,GLBX-1-625,MESM6.GLBX-OracleStrategy-000,GLBX-001,GLBX-1-625,MARKET,SELL,1,GTC,False,False,1,TAKER,6653.5,0.0,['0.00 USD'],NO_TRIGGER,FILLED,NO_CONTINGENCY,,,,MY_GENERIC_ALGO,,O-20260309-032728-001-000-867,,b46e5723-86c2-4278-a0f1-c58c18ac339b,2026-03-09 03:27:28.321154973+00:00,2026-03-09 03:27:28.321154973+00:00
BACKTESTER-001,OracleStrategy-000,MESM6.GLBX,GLBX-1-626,MESM6.GLBX-OracleStrategy-000,GLBX-001,GLBX-1-626,MARKET,BUY,1,GTC,True,False,1,TAKER,6653.25,0.0,['0.00 USD'],NO_TRIGGER,FILLED,NO_CONTINGENCY,,,,MY_GENERIC_ALGO,,O-20260309-032915-001-000-868,,2020ea3a-fd94-4cc2-9620-c629918b6182,2026-03-09 03:29:15.547758818+00:00,2026-03-09 03:29:15.547758818+00:00
BACKTESTER-001,OracleStrategy-000,MESM6.GLBX,GLBX-1-627,MESM6.GLBX-OracleStrategy-000,GLBX-001,GLBX-1-627,MARKET,BUY,1,GTC,False,False,1,TAKER,6653.25,0.0,['0.00 USD'],NO_TRIGGER,FILLED,NO_CONTINGENCY,,,,MY_GENERIC_ALGO,,O-20260309-032915-001-000-869,,8bc8dc48-ff5c-4db4-ab05-c28519964759,2026-03-09 03:29:15.547758818+00:00,2026-03-09 03:29:15.547758818+00:00
BACKTESTER-001,OracleStrategy-000,MESM6.GLBX,GLBX-1-628,MESM6.GLBX-OracleStrategy-000,GLBX-001,GLBX-1-628,MARKET,SELL,1,GTC,True,False,1,TAKER,6654.25,0.0,['0.00 USD'],NO_TRIGGER,FILLED,NO_CONTINGENCY,,,,MY_GENERIC_ALGO,,O-20260309-033027-001-000-870,,e6d8ce18-6f76-4c6f-bcd0-e88ff3dfe4bf,2026-03-09 03:30:27.110345305+00:00,2026-03-09 03:30:27.110345305+00:00
BACKTESTER-001,OracleStrategy-000,MESM6.GLBX,GLBX-1-629,MESM6.GLBX-OracleStrategy-000,GLBX-001,GLBX-1-629,MARKET,SELL,1,GTC,False,False,1,TAKER,6654.25,0.0,['0.00 USD'],NO_TRIGGER,FILLED,NO_CONTINGENCY,,,,MY_GENERIC_ALGO,,O-20260309-033027-001-000-871,,2df85782-29b2-4f92-becf-6ecf265bcbd9,2026-03-09 03:30:27.110345305+00:00,2026-03-09 03:30:27.110345305+00:00
BACKTESTER-001,OracleStrategy-000,MESM6.GLBX,GLBX-1-630,MESM6.GLBX-OracleStrategy-000,GLBX-001,GLBX-1-630,MARKET,BUY,1,GTC,True,False,1,TAKER,6651.75,0.0,['0.00 USD'],NO_TRIGGER,FILLED,NO_CONTINGENCY,,,,MY_GENERIC_ALGO,,O-20260309-033048-001-000-872,,f1f2c7f6-e7d4-4a6c-98b8-71465988aee7,2026-03-09 03:30:48.116579815+00:00,2026-03-09 03:30:48.116579815+00:00
BACKTESTER-001,OracleStrategy-000,MESM6.GLBX,GLBX-1-631,MESM6.GLBX-OracleStrategy-000,GLBX-001,GLBX-1-631,MARKET,BUY,1,GTC,False,False,1,TAKER,6651.75,0.0,['0.00 USD'],NO_TRIGGER,FILLED,NO_CONTINGENCY,,,,MY_GENERIC_ALGO,,O-20260309-033048-001-000-873,,7168f02c-9111-45d0-8c05-69ab7e915142,2026-03-09 03:30:48.116579815+00:00,2026-03-09 03:30:48.116579815+00:00
BACKTESTER-001,OracleStrategy-000,MESM6.GLBX,GLBX-1-632,MESM6.GLBX-OracleStrategy-000,GLBX-001,GLBX-1-632,MARKET,SELL,1,GTC,True,False,1,TAKER,6655.0,0.0,['0.00 USD'],NO_TRIGGER,FILLED,NO_CONTINGENCY,,,,MY_GENERIC_ALGO,,O-20260309-033132-001-000-874,,c6363d6e-7ef4-4ca2-a1b4-ee032dc0638e,2026-03-09 03:31:32.567725167+00:00,2026-03-09 03:31:32.567725167+00:00
BACKTESTER-001,OracleStrategy-000,MESM6.GLBX,GLBX-1-633,MESM6.GLBX-OracleStrategy-000,GLBX-001,GLBX-1-633,MARKET,SELL,1,GTC,False,False,1,TAKER,6655.0,0.0,['0.00 USD'],NO_TRIGGER,FILLED,NO_CONTINGENCY,,,,MY_GENERIC_ALGO,,O-20260309-033132-001-000-875,,ad4a5ed0-689a-4625-b438-dd433ed2c5bf,2026-03-09 03:31:32.567725167+00:00,2026-03-09 03:31:32.567725167+00:00
BACKTESTER-001,OracleStrategy-000,MESM6.GLBX,GLBX-1-634,MESM6.GLBX-OracleStrategy-000,GLBX-001,GLBX-1-634,MARKET,BUY,1,GTC,True,False,1,TAKER,6658.25,0.0,['0.00 USD'],NO_TRIGGER,FILLED,NO_CONTINGENCY,,,,MY_GENERIC_ALGO,,O-20260309-033300-001-000-876,,90151705-a5cd-4095-b685-067f4d989a93,2026-03-09 03:33:00.948744189+00:00,2026-03-09 03:33:00.948744189+00:00
BACKTESTER-001,OracleStrategy-000,MESM6.GLBX,GLBX-1-635,MESM6.GLBX-OracleStrategy-000,GLBX-001,GLBX-1-635,MARKET,BUY,1,GTC,False,False,1,TAKER,6656.75,0.0,['0.00 USD'],NO_TRIGGER,FILLED,NO_CONTINGENCY,,,,MY_GENERIC_ALGO,,O-20260309-034018-001-000-887,,8620949f-c148-44a5-96ac-cd6860b9c1c3,2026-03-09 03:40:18.199282623+00:00,2026-03-09 03:40:18.199282623+00:00
BACKTESTER-001,OracleStrategy-000,MESM6.GLBX,GLBX-1-636,MESM6.GLBX-OracleStrategy-000,GLBX-001,GLBX-1-636,MARKET,SELL,1,GTC,True,False,1,TAKER,6651.75,0.0,['0.00 USD'],NO_TRIGGER,FILLED,NO_CONTINGENCY,,,,MY_GENERIC_ALGO,,O-20260309-034310-001-000-888,,5fc4f740-f333-47c3-9c48-f045ac724fce,2026-03-09 03:43:10.759440156+00:00,2026-03-09 03:43:10.759440156+00:00
BACKTESTER-001,OracleStrategy-000,MESM6.GLBX,GLBX-1-637,MESM6.GLBX-OracleStrategy-000,GLBX-001,GLBX-1-637,MARKET,SELL,1,GTC,False,False,1,TAKER,6656.25,0.0,['0.00 USD'],NO_TRIGGER,FILLED,NO_CONTINGENCY,,,,MY_GENERIC_ALGO,,O-20260309-035348-001-000-899,,bb178f97-79bf-4a89-b5a2-161c4190c225,2026-03-09 03:53:48.268215704+00:00,2026-03-09 03:53:48.268215704+00:00
BACKTESTER-001,OracleStrategy-000,MESM6.GLBX,GLBX-1-638,MESM6.GLBX-OracleStrategy-000,GLBX-001,GLBX-1-638,MARKET,BUY,1,GTC,True,False,1,TAKER,6657.75,0.0,['0.00 USD'],NO_TRIGGER,FILLED,NO_CONTINGENCY,,,,MY_GENERIC_ALGO,,O-20260309-035410-001-000-900,,a00a06e2-2a58-42d9-861d-3730188eae33,2026-03-09 03:54:10.093674973+00:00,2026-03-09 03:54:10.093674973+00:00
BACKTESTER-001,OracleStrategy-000,MESM6.GLBX,GLBX-1-639,MESM6.GLBX-OracleStrategy-000,GLBX-001,GLBX-1-639,MARKET,BUY,1,GTC,False,False,1,TAKER,6657.75,0.0,['0.00 USD'],NO_TRIGGER,FILLED,NO_CONTINGENCY,,,,MY_GENERIC_ALGO,,O-20260309-035410-001-000-901,,99b0e230-4c24-4b20-902a-5d0ffd4257e0,2026-03-09 03:54:10.093674973+00:00,2026-03-09 03:54:10.093674973+00:00
BACKTESTER-001,OracleStrategy-000,MESM6.GLBX,GLBX-1-640,MESM6.GLBX-OracleStrategy-000,GLBX-001,GLBX-1-640,MARKET,SELL,1,GTC,True,False,1,TAKER,6655.0,0.0,['0.00 USD'],NO_TRIGGER,FILLED,NO_CONTINGENCY,,,,MY_GENERIC_ALGO,,O-20260309-035433-001-000-902,,05fb241f-88e4-4bc5-b26f-3c58183332d2,2026-03-09 03:54:33.692718691+00:00,2026-03-09 03:54:33.692718691+00:00
BACKTESTER-001,OracleStrategy-000,MESM6.GLBX,GLBX-1-641,MESM6.GLBX-OracleStrategy-000,GLBX-001,GLBX-1-641,MARKET,SELL,1,GTC,False,False,1,TAKER,6655.0,0.0,['0.00 USD'],NO_TRIGGER,FILLED,NO_CONTINGENCY,,,,MY_GENERIC_ALGO,,O-20260309-035433-001-000-903,,406b2e11-2510-4b7f-bab2-2054ed7699e7,2026-03-09 03:54:33.692718691+00:00,2026-03-09 03:54:33.692718691+00:00
BACKTESTER-001,OracleStrategy-000,MESM6.GLBX,GLBX-1-642,MESM6.GLBX-OracleStrategy-000,GLBX-001,GLBX-1-642,MARKET,BUY,1,GTC,True,False,1,TAKER,6655.25,0.0,['0.00 USD'],NO_TRIGGER,FILLED,NO_CONTINGENCY,,,,MY_GENERIC_ALGO,,O-20260309-035436-001-000-904,,2f562a50-0520-4ba1-92f6-89912d382544,2026-03-09 03:54:36.198803331+00:00,2026-03-09 03:54:36.198803331+00:00
BACKTESTER-001,OracleStrategy-000,MESM6.GLBX,GLBX-1-643,MESM6.GLBX-OracleStrategy-000,GLBX-001,GLBX-1-643,MARKET,BUY,1,GTC,False,False,1,TAKER,6655.25,0.0,['0.00 USD'],NO_TRIGGER,FILLED,NO_CONTINGENCY,,,,MY_GENERIC_ALGO,,O-20260309-035436-001-000-905,,34610286-d7f1-4edb-8d7f-32bf5bd55b32,2026-03-09 03:54:36.198803331+00:00,2026-03-09 03:54:36.198803331+00:00
BACKTESTER-001,OracleStrategy-000,MESM6.GLBX,GLBX-1-644,MESM6.GLBX-OracleStrategy-000,GLBX-001,GLBX-1-644,MARKET,SELL,1,GTC,True,False,1,TAKER,6658.0,0.0,['0.00 USD'],NO_TRIGGER,FILLED,NO_CONTINGENCY,,,,MY_GENERIC_ALGO,,O-20260309-035732-001-000-906,,ef8e8c15-dcd0-4ec7-a297-fd0edea921a6,2026-03-09 03:57:32.949716211+00:00,2026-03-09 03:57:32.949716211+00:00
BACKTESTER-001,OracleStrategy-000,MESM6.GLBX,GLBX-1-645,MESM6.GLBX-OracleStrategy-000,GLBX-001,GLBX-1-645,MARKET,SELL,1,GTC,False,False,1,TAKER,6658.0,0.0,['0.00 USD'],NO_TRIGGER,FILLED,NO_CONTINGENCY,,,,MY_GENERIC_ALGO,,O-20260309-035732-001-000-907,,7a690a22-60bc-4857-8cd0-8b0b999338d5,2026-03-09 03:57:32.949716211+00:00,2026-03-09 03:57:32.949716211+00:00
BACKTESTER-001,OracleStrategy-000,MESM6.GLBX,GLBX-1-646,MESM6.GLBX-OracleStrategy-000,GLBX-001,GLBX-1-646,MARKET,BUY,1,GTC,True,False,1,TAKER,6658.5,0.0,['0.00 USD'],NO_TRIGGER,FILLED,NO_CONTINGENCY,,,,MY_GENERIC_ALGO,,O-20260309-035851-001-000-908,,6fbf73ca-caed-48d0-a917-a93138cfccd8,2026-03-09 03:58:51.194853178+00:00,2026-03-09 03:58:51.194853178+00:00
BACKTESTER-001,OracleStrategy-000,MESM6.GLBX,GLBX-1-647,MESM6.GLBX-OracleStrategy-000,GLBX-001,GLBX-1-647,MARKET,BUY,1,GTC,False,False,1,TAKER,6658.5,0.0,['0.00 USD'],NO_TRIGGER,FILLED,NO_CONTINGENCY,,,,MY_GENERIC_ALGO,,O-20260309-035851-001-000-909,,5fba9975-fa0b-472b-8d55-e061d66a7cd0,2026-03-09 03:58:51.194853178+00:00,2026-03-09 03:58:51.194853178+00:00
BACKTESTER-001,OracleStrategy-000,MESM6.GLBX,GLBX-1-648,MESM6.GLBX-OracleStrategy-000,GLBX-001,GLBX-1-648,MARKET,SELL,1,GTC,True,False,1,TAKER,6657.75,0.0,['0.00 USD'],NO_TRIGGER,FILLED,NO_CONTINGENCY,,,,MY_GENERIC_ALGO,,O-20260309-035854-001-000-910,,7a068a8f-d438-4b28-8cb6-0336538db243,2026-03-09 03:58:54.563808341+00:00,2026-03-09 03:58:54.563808341+00:00
BACKTESTER-001,OracleStrategy-000,MESM6.GLBX,GLBX-1-649,MESM6.GLBX-OracleStrategy-000,GLBX-001,GLBX-1-649,MARKET,SELL,1,GTC,False,False,1,TAKER,6657.75,0.0,['0.00 USD'],NO_TRIGGER,FILLED,NO_CONTINGENCY,,,,MY_GENERIC_ALGO,,O-20260309-035854-001-000-911,,f16ff2d5-5918-4183-8cc4-bf1bb8ff9789,2026-03-09 03:58:54.563808341+00:00,2026-03-09 03:58:54.563808341+00:00
BACKTESTER-001,OracleStrategy-000,MESM6.GLBX,GLBX-1-650,MESM6.GLBX-OracleStrategy-000,GLBX-001,GLBX-1-650,MARKET,BUY,1,GTC,True,False,1,TAKER,6658.75,0.0,['0.00 USD'],NO_TRIGGER,FILLED,NO_CONTINGENCY,,,,MY_GENERIC_ALGO,,O-20260309-040117-001-000-912,,12c77f38-8e08-419f-8367-6030647ba082,2026-03-09 04:01:17.020394616+00:00,2026-03-09 04:01:17.020394616+00:00
BACKTESTER-001,OracleStrategy-000,MESM6.GLBX,GLBX-1-651,MESM6.GLBX-OracleStrategy-000,GLBX-001,GLBX-1-651,MARKET,BUY,1,GTC,False,False,1,TAKER,6658.75,0.0,['0.00 USD'],NO_TRIGGER,FILLED,NO_CONTINGENCY,,,,MY_GENERIC_ALGO,,O-20260309-040117-001-000-913,,c0a89f22-e10f-4e49-a5e8-98851f309732,2026-03-09 04:01:17.020394616+00:00,2026-03-09 04:01:17.020394616+00:00
BACKTESTER-001,OracleStrategy-000,MESM6.GLBX,GLBX-1-652,MESM6.GLBX-OracleStrategy-000,GLBX-001,GLBX-1-652,MARKET,SELL,1,GTC,True,False,1,TAKER,6664.0,0.0,['0.00 USD'],NO_TRIGGER,FILLED,NO_CONTINGENCY,,,,MY_GENERIC_ALGO,,O-20260309-040216-001-000-914,,3fd9be26-fb81-40f6-867e-61f4de0a5013,2026-03-09 04:02:16.693197744+00:00,2026-03-09 04:02:16.693197744+00:00
BACKTESTER-001,OracleStrategy-000,MESM6.GLBX,GLBX-1-653,MESM6.GLBX-OracleStrategy-000,GLBX-001,GLBX-1-653,MARKET,SELL,1,GTC,False,False,1,TAKER,6664.0,0.0,['0.00 USD'],NO_TRIGGER,FILLED,NO_CONTINGENCY,,,,MY_GENERIC_ALGO,,O-20260309-040216-001-000-915,,c331c089-db96-4e77-b000-52766d5c4294,2026-03-09 04:02:16.693197744+00:00,2026-03-09 04:02:16.693197744+00:00
BACKTESTER-001,OracleStrategy-000,MESM6.GLBX,GLBX-1-654,MESM6.GLBX-OracleStrategy-000,GLBX-001,GLBX-1-654,MARKET,BUY,1,GTC,True,False,1,TAKER,6665.75,0.0,['0.00 USD'],NO_TRIGGER,FILLED,NO_CONTINGENCY,,,,MY_GENERIC_ALGO,,O-20260309-040225-001-000-916,,5c7780cc-dce9-42dc-8bf3-92910b03622e,2026-03-09 04:02:25.600553423+00:00,2026-03-09 04:02:25.600553423+00:00
BACKTESTER-001,OracleStrategy-000,MESM6.GLBX,GLBX-1-655,MESM6.GLBX-OracleStrategy-000,GLBX-001,GLBX-1-655,MARKET,BUY,1,GTC,False,False,1,TAKER,6665.75,0.0,['0.00 USD'],NO_TRIGGER,FILLED,NO_CONTINGENCY,,,,MY_GENERIC_ALGO,,O-20260309-040225-001-000-917,,3d46e73a-de72-4f62-9b04-b27aa80fb1b8,2026-03-09 04:02:25.600553423+00:00,2026-03-09 04:02:25.600553423+00:00
BACKTESTER-001,OracleStrategy-000,MESM6.GLBX,GLBX-1-656,MESM6.GLBX-OracleStrategy-000,GLBX-001,GLBX-1-656,MARKET,SELL,1,GTC,True,False,1,TAKER,6666.0,0.0,['0.00 USD'],NO_TRIGGER,FILLED,NO_CONTINGENCY,,,,MY_GENERIC_ALGO,,O-20260309-040227-001-000-918,,b6e46a24-1b21-44d6-850b-4fd7e935a647,2026-03-09 04:02:27.511339533+00:00,2026-03-09 04:02:27.511339533+00:00
BACKTESTER-001,OracleStrategy-000,MESM6.GLBX,GLBX-1-657,MESM6.GLBX-OracleStrategy-000,GLBX-001,GLBX-1-657,MARKET,SELL,1,GTC,False,False,1,TAKER,6666.0,0.0,['0.00 USD'],NO_TRIGGER,FILLED,NO_CONTINGENCY,,,,MY_GENERIC_ALGO,,O-20260309-040227-001-000-919,,fbbe6282-850a-4e54-97d0-a504a347f0c2,2026-03-09 04:02:27.511339533+00:00,2026-03-09 04:02:27.511339533+00:00
BACKTESTER-001,OracleStrategy-000,MESM6.GLBX,GLBX-1-658,MESM6.GLBX-OracleStrategy-000,GLBX-001,GLBX-1-658,MARKET,BUY,1,GTC,True,False,1,TAKER,6663.5,0.0,['0.00 USD'],NO_TRIGGER,FILLED,NO_CONTINGENCY,,,,MY_GENERIC_ALGO,,O-20260309-040339-001-000-920,,4b1d1e29-1f1d-4783-8dd0-ee222937b02f,2026-03-09 04:03:39.088324301+00:00,2026-03-09 04:03:39.088324301+00:00
BACKTESTER-001,OracleStrategy-000,MESM6.GLBX,GLBX-1-659,MESM6.GLBX-OracleStrategy-000,GLBX-001,GLBX-1-659,MARKET,BUY,1,GTC,False,False,1,TAKER,6663.5,0.0,['0.00 USD'],NO_TRIGGER,FILLED,NO_CONTINGENCY,,,,MY_GENERIC_ALGO,,O-20260309-040339-001-000-921,,39b4666f-ca8b-4a29-86a6-97b2058ea260,2026-03-09 04:03:39.088324301+00:00,2026-03-09 04:03:39.088324301+00:00
BACKTESTER-001,OracleStrategy-000,MESM6.GLBX,GLBX-1-660,MESM6.GLBX-OracleStrategy-000,GLBX-001,GLBX-1-660,MARKET,SELL,1,GTC,True,False,1,TAKER,6665.75,0.0,['0.00 USD'],NO_TRIGGER,FILLED,NO_CONTINGENCY,,,,MY_GENERIC_ALGO,,O-20260309-040702-001-000-922,,1f143ab5-2063-487a-b20d-f09f92aa7d68,2026-03-09 04:07:02.946660510+00:00,2026-03-09 04:07:02.946660510+00:00
BACKTESTER-001,OracleStrategy-000,MESM6.GLBX,GLBX-1-661,MESM6.GLBX-OracleStrategy-000,GLBX-001,GLBX-1-661,MARKET,SELL,1,GTC,False,False,1,TAKER,6665.75,0.0,['0.00 USD'],NO_TRIGGER,FILLED,NO_CONTINGENCY,,,,MY_GENERIC_ALGO,,O-20260309-040702-001-000-923,,fd44a5e9-bdb4-4112-a587-48516ec83a2d,2026-03-09 04:07:02.946660510+00:00,2026-03-09 04:07:02.946660510+00:00
BACKTESTER-001,OracleStrategy-000,MESM6.GLBX,GLBX-1-662,MESM6.GLBX-OracleStrategy-000,GLBX-001,GLBX-1-662,MARKET,BUY,1,GTC,True,False,1,TAKER,6668.0,0.0,['0.00 USD'],NO_TRIGGER,FILLED,NO_CONTINGENCY,,,,MY_GENERIC_ALGO,,O-20260309-040830-001-000-924,,e1399491-aa9b-49e6-8c2b-66fdd4562875,2026-03-09 04:08:30.123289656+00:00,2026-03-09 04:08:30.123289656+00:00
BACKTESTER-001,OracleStrategy-000,MESM6.GLBX,GLBX-1-663,MESM6.GLBX-OracleStrategy-000,GLBX-001,GLBX-1-663,MARKET,BUY,1,GTC,False,False,1,TAKER,6668.0,0.0,['0.00 USD'],NO_TRIGGER,FILLED,NO_CONTINGENCY,,,,MY_GENERIC_ALGO,,O-20260309-040830-001-000-925,,a4735f51-3d89-4039-8a75-58dd58596147,2026-03-09 04:08:30.123289656+00:00,2026-03-09 04:08:30.123289656+00:00
BACKTESTER-001,OracleStrategy-000,MESM6.GLBX,GLBX-1-664,MESM6.GLBX-OracleStrategy-000,GLBX-001,GLBX-1-664,MARKET,SELL,1,GTC,True,False,1,TAKER,6666.5,0.0,['0.00 USD'],NO_TRIGGER,FILLED,NO_CONTINGENCY,,,,MY_GENERIC_ALGO,,O-20260309-040848-001-000-926,,81257054-8c44-4aeb-8edf-7ef766d67cab,2026-03-09 04:08:48.392231260+00:00,2026-03-09 04:08:48.392231260+00:00
BACKTESTER-001,OracleStrategy-000,MESM6.GLBX,GLBX-1-665,MESM6.GLBX-OracleStrategy-000,GLBX-001,GLBX-1-665,MARKET,SELL,1,GTC,False,False,1,TAKER,6666.5,0.0,['0.00 USD'],NO_TRIGGER,FILLED,NO_CONTINGENCY,,,,MY_GENERIC_ALGO,,O-20260309-040848-001-000-927,,800de717-c514-41d7-8b52-4314dd0fc455,2026-03-09 04:08:48.392231260+00:00,2026-03-09 04:08:48.392231260+00:00
BACKTESTER-001,OracleStrategy-000,MESM6.GLBX,GLBX-1-666,MESM6.GLBX-OracleStrategy-000,GLBX-001,GLBX-1-666,MARKET,BUY,1,GTC,True,False,1,TAKER,6663.25,0.0,['0.00 USD'],NO_TRIGGER,FILLED,NO_CONTINGENCY,,,,MY_GENERIC_ALGO,,O-20260309-041451-001-000-928,,3ff98c31-0ce4-4ee3-9136-3e519ff851ca,2026-03-09 04:14:51.531283599+00:00,2026-03-09 04:14:51.531283599+00:00
BACKTESTER-001,OracleStrategy-000,MESM6.GLBX,GLBX-1-667,MESM6.GLBX-OracleStrategy-000,GLBX-001,GLBX-1-667,MARKET,BUY,1,GTC,False,False,1,TAKER,6663.25,0.0,['0.00 USD'],NO_TRIGGER,FILLED,NO_CONTINGENCY,,,,MY_GENERIC_ALGO,,O-20260309-041451-001-000-929,,1c2ba062-a14a-47e2-93a8-29fb02de4fae,2026-03-09 04:14:51.531283599+00:00,2026-03-09 04:14:51.531283599+00:00
BACKTESTER-001,OracleStrategy-000,MESM6.GLBX,GLBX-1-668,MESM6.GLBX-OracleStrategy-000,GLBX-001,GLBX-1-668,MARKET,SELL,1,GTC,True,False,1,TAKER,6661.75,0.0,['0.00 USD'],NO_TRIGGER,FILLED,NO_CONTINGENCY,,,,MY_GENERIC_ALGO,,O-20260309-041503-001-000-930,,2795d148-5793-4001-b757-a3398dc30cb1,2026-03-09 04:15:03.246522197+00:00,2026-03-09 04:15:03.246522197+00:00
BACKTESTER-001,OracleStrategy-000,MESM6.GLBX,GLBX-1-669,MESM6.GLBX-OracleStrategy-000,GLBX-001,GLBX-1-669,MARKET,SELL,1,GTC,False,False,1,TAKER,6661.75,0.0,['0.00 USD'],NO_TRIGGER,FILLED,NO_CONTINGENCY,,,,MY_GENERIC_ALGO,,O-20260309-041503-001-000-931,,cbb459be-71d0-42fa-b8ab-419b2a53196d,2026-03-09 04:15:03.246522197+00:00,2026-03-09 04:15:03.246522197+00:00
BACKTESTER-001,OracleStrategy-000,MESM6.GLBX,GLBX-1-670,MESM6.GLBX-OracleStrategy-000,GLBX-001,GLBX-1-670,MARKET,BUY,1,GTC,True,False,1,TAKER,6661.25,0.0,['0.00 USD'],NO_TRIGGER,FILLED,NO_CONTINGENCY,,,,MY_GENERIC_ALGO,,O-20260309-041613-001-000-932,,0c7c0b82-b369-4e07-84fe-1b474e2f2ea9,2026-03-09 04:16:13.691088962+00:00,2026-03-09 04:16:13.691088962+00:00
BACKTESTER-001,OracleStrategy-000,MESM6.GLBX,GLBX-1-671,MESM6.GLBX-OracleStrategy-000,GLBX-001,GLBX-1-671,MARKET,BUY,1,GTC,False,False,1,TAKER,6661.25,0.0,['0.00 USD'],NO_TRIGGER,FILLED,NO_CONTINGENCY,,,,MY_GENERIC_ALGO,,O-20260309-041613-001-000-933,,4ff5f1d6-a11c-42fb-bdb7-309c9fd1e03c,2026-03-09 04:16:13.691088962+00:00,2026-03-09 04:16:13.691088962+00:00
BACKTESTER-001,OracleStrategy-000,MESM6.GLBX,GLBX-1-672,MESM6.GLBX-OracleStrategy-000,GLBX-001,GLBX-1-672,MARKET,SELL,1,GTC,True,False,1,TAKER,6660.25,0.0,['0.00 USD'],NO_TRIGGER,FILLED,NO_CONTINGENCY,,,,MY_GENERIC_ALGO,,O-20260309-041628-001-000-934,,177b6d94-3ba3-4592-9693-7540713af892,2026-03-09 04:16:28.481905651+00:00,2026-03-09 04:16:28.481905651+00:00
BACKTESTER-001,OracleStrategy-000,MESM6.GLBX,GLBX-1-673,MESM6.GLBX-OracleStrategy-000,GLBX-001,GLBX-1-673,MARKET,SELL,1,GTC,False,False,1,TAKER,6660.25,0.0,['0.00 USD'],NO_TRIGGER,FILLED,NO_CONTINGENCY,,,,MY_GENERIC_ALGO,,O-20260309-041628-001-000-935,,e1de25fe-45be-4b0a-8d40-d277c8d95ba5,2026-03-09 04:16:28.481905651+00:00,2026-03-09 04:16:28.481905651+00:00
BACKTESTER-001,OracleStrategy-000,MESM6.GLBX,GLBX-1-674,MESM6.GLBX-OracleStrategy-000,GLBX-001,GLBX-1-674,MARKET,BUY,1,GTC,True,False,1,TAKER,6661.0,0.0,['0.00 USD'],NO_TRIGGER,FILLED,NO_CONTINGENCY,,,,MY_GENERIC_ALGO,,O-20260309-041642-001-000-936,,31e9052c-45b9-4cd0-935d-760c9c22f02e,2026-03-09 04:16:42.977423357+00:00,2026-03-09 04:16:42.977423357+00:00
BACKTESTER-001,OracleStrategy-000,MESM6.GLBX,GLBX-1-675,MESM6.GLBX-OracleStrategy-000,GLBX-001,GLBX-1-675,MARKET,BUY,1,GTC,False,False,1,TAKER,6661.0,0.0,['0.00 USD'],NO_TRIGGER,FILLED,NO_CONTINGENCY,,,,MY_GENERIC_ALGO,,O-20260309-041642-001-000-937,,29400db3-faaa-4def-a477-90957e90e56a,2026-03-09 04:16:42.977423357+00:00,2026-03-09 04:16:42.977423357+00:00
BACKTESTER-001,OracleStrategy-000,MESM6.GLBX,GLBX-1-676,MESM6.GLBX-OracleStrategy-000,GLBX-001,GLBX-1-676,MARKET,SELL,1,GTC,True,False,1,TAKER,6661.0,0.0,['0.00 USD'],NO_TRIGGER,FILLED,NO_CONTINGENCY,,,,MY_GENERIC_ALGO,,O-20260309-041730-001-000-938,,cb1b8398-3d40-43be-b5a9-5e10a2623828,2026-03-09 04:17:30.607477642+00:00,2026-03-09 04:17:30.607477642+00:00
BACKTESTER-001,OracleStrategy-000,MESM6.GLBX,GLBX-1-677,MESM6.GLBX-OracleStrategy-000,GLBX-001,GLBX-1-677,MARKET,SELL,1,GTC,False,False,1,TAKER,6661.0,0.0,['0.00 USD'],NO_TRIGGER,FILLED,NO_CONTINGENCY,,,,MY_GENERIC_ALGO,,O-20260309-041730-001-000-939,,7d92acc1-e0e3-4457-9598-00406be003d5,2026-03-09 04:17:30.607477642+00:00,2026-03-09 04:17:30.607477642+00:00
BACKTESTER-001,OracleStrategy-000,MESM6.GLBX,GLBX-1-678,MESM6.GLBX-OracleStrategy-000,GLBX-001,GLBX-1-678,MARKET,BUY,1,GTC,True,False,1,TAKER,6661.0,0.0,['0.00 USD'],NO_TRIGGER,FILLED,NO_CONTINGENCY,,,,MY_GENERIC_ALGO,,O-20260309-041740-001-000-940,,6365b518-9361-43a1-b0f6-2839e63b53d7,2026-03-09 04:17:40.993669530+00:00,2026-03-09 04:17:40.993669530+00:00
BACKTESTER-001,OracleStrategy-000,MESM6.GLBX,GLBX-1-679,MESM6.GLBX-OracleStrategy-000,GLBX-001,GLBX-1-679,MARKET,BUY,1,GTC,False,False,1,TAKER,6661.0,0.0,['0.00 USD'],NO_TRIGGER,FILLED,NO_CONTINGENCY,,,,MY_GENERIC_ALGO,,O-20260309-041740-001-000-941,,10890f25-4b22-4df0-9c64-b9fe027988e8,2026-03-09 04:17:40.993669530+00:00,2026-03-09 04:17:40.993669530+00:00
BACKTESTER-001,OracleStrategy-000,MESM6.GLBX,GLBX-1-680,MESM6.GLBX-OracleStrategy-000,GLBX-001,GLBX-1-680,MARKET,SELL,1,GTC,True,False,1,TAKER,6661.0,0.0,['0.00 USD'],NO_TRIGGER,FILLED,NO_CONTINGENCY,,,,MY_GENERIC_ALGO,,O-20260309-041825-001-000-942,,e3fb3031-6cbb-43d7-9701-ce45ac83f8e4,2026-03-09 04:18:25.125635779+00:00,2026-03-09 04:18:25.125635779+00:00
BACKTESTER-001,OracleStrategy-000,MESM6.GLBX,GLBX-1-681,MESM6.GLBX-OracleStrategy-000,GLBX-001,GLBX-1-681,MARKET,SELL,1,GTC,False,False,1,TAKER,6661.0,0.0,['0.00 USD'],NO_TRIGGER,FILLED,NO_CONTINGENCY,,,,MY_GENERIC_ALGO,,O-20260309-041825-001-000-943,,5f57a5aa-888d-4be1-8d1f-a0dc6aa98a44,2026-03-09 04:18:25.125635779+00:00,2026-03-09 04:18:25.125635779+00:00
BACKTESTER-001,OracleStrategy-000,MESM6.GLBX,GLBX-1-682,MESM6.GLBX-OracleStrategy-000,GLBX-001,GLBX-1-682,MARKET,BUY,1,GTC,True,False,1,TAKER,6661.5,0.0,['0.00 USD'],NO_TRIGGER,FILLED,NO_CONTINGENCY,,,,MY_GENERIC_ALGO,,O-20260309-041902-001-000-944,,5098d3ee-d858-431d-9aa0-e61cb0f88a0c,2026-03-09 04:19:02.442673075+00:00,2026-03-09 04:19:02.442673075+00:00
BACKTESTER-001,OracleStrategy-000,MESM6.GLBX,GLBX-1-683,MESM6.GLBX-OracleStrategy-000,GLBX-001,GLBX-1-683,MARKET,BUY,1,GTC,False,False,1,TAKER,6661.5,0.0,['0.00 USD'],NO_TRIGGER,FILLED,NO_CONTINGENCY,,,,MY_GENERIC_ALGO,,O-20260309-041902-001-000-945,,f0f5a2d7-f878-4ad5-bc67-8d1bd086ac1e,2026-03-09 04:19:02.442673075+00:00,2026-03-09 04:19:02.442673075+00:00
BACKTESTER-001,OracleStrategy-000,MESM6.GLBX,GLBX-1-684,MESM6.GLBX-OracleStrategy-000,GLBX-001,GLBX-1-684,MARKET,SELL,1,GTC,True,False,1,TAKER,6662.25,0.0,['0.00 USD'],NO_TRIGGER,FILLED,NO_CONTINGENCY,,,,MY_GENERIC_ALGO,,O-20260309-042034-001-000-946,,e69e9ec7-6b39-4e9e-ac8f-3fae5d08c1fd,2026-03-09 04:20:34.241119924+00:00,2026-03-09 04:20:34.241119924+00:00
BACKTESTER-001,OracleStrategy-000,MESM6.GLBX,GLBX-1-685,MESM6.GLBX-OracleStrategy-000,GLBX-001,GLBX-1-685,MARKET,SELL,1,GTC,False,False,1,TAKER,6662.25,0.0,['0.00 USD'],NO_TRIGGER,FILLED,NO_CONTINGENCY,,,,MY_GENERIC_ALGO,,O-20260309-042034-001-000-947,,516b23e4-9596-4cad-bf6e-82e0375168a5,2026-03-09 04:20:34.241119924+00:00,2026-03-09 04:20:34.241119924+00:00
BACKTESTER-001,OracleStrategy-000,MESM6.GLBX,GLBX-1-686,MESM6.GLBX-OracleStrategy-000,GLBX-001,GLBX-1-686,MARKET,BUY,1,GTC,True,False,1,TAKER,6663.25,0.0,['0.00 USD'],NO_TRIGGER,FILLED,NO_CONTINGENCY,,,,MY_GENERIC_ALGO,,O-20260309-042200-001-000-948,,70b55470-f9fb-4d90-9998-46a34d838b11,2026-03-09 04:22:00.012363439+00:00,2026-03-09 04:22:00.012363439+00:00
BACKTESTER-001,OracleStrategy-000,MESM6.GLBX,GLBX-1-687,MESM6.GLBX-OracleStrategy-000,GLBX-001,GLBX-1-687,MARKET,BUY,1,GTC,False,False,1,TAKER,6663.25,0.0,['0.00 USD'],NO_TRIGGER,FILLED,NO_CONTINGENCY,,,,MY_GENERIC_ALGO,,O-20260309-042200-001-000-949,,6a3434a9-34c9-4048-93c2-8b56f53d46f0,2026-03-09 04:22:00.012363439+00:00,2026-03-09 04:22:00.012363439+00:00
BACKTESTER-001,OracleStrategy-000,MESM6.GLBX,GLBX-1-688,MESM6.GLBX-OracleStrategy-000,GLBX-001,GLBX-1-688,MARKET,SELL,1,GTC,True,False,1,TAKER,6662.25,0.0,['0.00 USD'],NO_TRIGGER,FILLED,NO_CONTINGENCY,,,,MY_GENERIC_ALGO,,O-20260309-042230-001-000-950,,b7766493-e375-41fc-a011-e8336725db5e,2026-03-09 04:22:30.799857106+00:00,2026-03-09 04:22:30.799857106+00:00
BACKTESTER-001,OracleStrategy-000,MESM6.GLBX,GLBX-1-689,MESM6.GLBX-OracleStrategy-000,GLBX-001,GLBX-1-689,MARKET,SELL,1,GTC,False,False,1,TAKER,6662.25,0.0,['0.00 USD'],NO_TRIGGER,FILLED,NO_CONTINGENCY,,,,MY_GENERIC_ALGO,,O-20260309-042230-001-000-951,,db73c15d-c04e-403a-9e85-bf26d32dfffd,2026-03-09 04:22:30.799857106+00:00,2026-03-09 04:22:30.799857106+00:00
BACKTESTER-001,OracleStrategy-000,MESM6.GLBX,GLBX-1-690,MESM6.GLBX-OracleStrategy-000,GLBX-001,GLBX-1-690,MARKET,BUY,1,GTC,True,False,1,TAKER,6663.25,0.0,['0.00 USD'],NO_TRIGGER,FILLED,NO_CONTINGENCY,,,,MY_GENERIC_ALGO,,O-20260309-042255-001-000-952,,4969bc74-58b7-4ae2-8795-f6efaaa55311,2026-03-09 04:22:55.532307826+00:00,2026-03-09 04:22:55.532307826+00:00
BACKTESTER-001,OracleStrategy-000,MESM6.GLBX,GLBX-1-691,MESM6.GLBX-OracleStrategy-000,GLBX-001,GLBX-1-691,MARKET,BUY,1,GTC,False,False,1,TAKER,6663.25,0.0,['0.00 USD'],NO_TRIGGER,FILLED,NO_CONTINGENCY,,,,MY_GENERIC_ALGO,,O-20260309-042255-001-000-953,,db714f0e-9d26-4b79-968e-ffa16b3c05b1,2026-03-09 04:22:55.532307826+00:00,2026-03-09 04:22:55.532307826+00:00
BACKTESTER-001,OracleStrategy-000,MESM6.GLBX,GLBX-1-692,MESM6.GLBX-OracleStrategy-000,GLBX-001,GLBX-1-692,MARKET,SELL,1,GTC,True,False,1,TAKER,6663.25,0.0,['0.00 USD'],NO_TRIGGER,FILLED,NO_CONTINGENCY,,,,MY_GENERIC_ALGO,,O-20260309-042441-001-000-954,,196346fe-732d-4bfe-85ae-79d088a06844,2026-03-09 04:24:41.447112050+00:00,2026-03-09 04:24:41.447112050+00:00
BACKTESTER-001,OracleStrategy-000,MESM6.GLBX,GLBX-1-693,MESM6.GLBX-OracleStrategy-000,GLBX-001,GLBX-1-693,MARKET,SELL,1,GTC,False,False,1,TAKER,6665.75,0.0,['0.00 USD'],NO_TRIGGER,FILLED,NO_CONTINGENCY,,,,MY_GENERIC_ALGO,,O-20260309-042646-001-000-957,,c4d2f300-6531-4f77-a05a-93d5f0fde228,2026-03-09 04:26:46.563998568+00:00,2026-03-09 04:26:46.563998568+00:00
BACKTESTER-001,OracleStrategy-000,MESM6.GLBX,GLBX-1-694,MESM6.GLBX-OracleStrategy-000,GLBX-001,GLBX-1-694,MARKET,BUY,1,GTC,True,False,1,TAKER,6666.75,0.0,['0.00 USD'],NO_TRIGGER,FILLED,NO_CONTINGENCY,,,,MY_GENERIC_ALGO,,O-20260309-042910-001-000-958,,49dd4393-1a07-42f1-b612-fa8c0233b5b4,2026-03-09 04:29:10.617811790+00:00,2026-03-09 04:29:10.617811790+00:00
BACKTESTER-001,OracleStrategy-000,MESM6.GLBX,GLBX-1-695,MESM6.GLBX-OracleStrategy-000,GLBX-001,GLBX-1-695,MARKET,BUY,1,GTC,False,False,1,TAKER,6666.75,0.0,['0.00 USD'],NO_TRIGGER,FILLED,NO_CONTINGENCY,,,,MY_GENERIC_ALGO,,O-20260309-042910-001-000-959,,5359084d-247c-43d4-a215-12289e9b4b00,2026-03-09 04:29:10.617811790+00:00,2026-03-09 04:29:10.617811790+00:00
BACKTESTER-001,OracleStrategy-000,MESM6.GLBX,GLBX-1-696,MESM6.GLBX-OracleStrategy-000,GLBX-001,GLBX-1-696,MARKET,SELL,1,GTC,True,False,1,TAKER,6666.25,0.0,['0.00 USD'],NO_TRIGGER,FILLED,NO_CONTINGENCY,,,,MY_GENERIC_ALGO,,O-20260309-042944-001-000-960,,ff741f36-ad84-4bcc-b7b6-164d2d438afa,2026-03-09 04:29:44.125548928+00:00,2026-03-09 04:29:44.125548928+00:00
BACKTESTER-001,OracleStrategy-000,MESM6.GLBX,GLBX-1-697,MESM6.GLBX-OracleStrategy-000,GLBX-001,GLBX-1-697,MARKET,SELL,1,GTC,False,False,1,TAKER,6666.0,0.0,['0.00 USD'],NO_TRIGGER,FILLED,NO_CONTINGENCY,,,,MY_GENERIC_ALGO,,O-20260309-043024-001-000-963,,519b98e2-6abc-4fc3-a345-df768d339b8d,2026-03-09 04:30:24.104052218+00:00,2026-03-09 04:30:24.104052218+00:00
BACKTESTER-001,OracleStrategy-000,MESM6.GLBX,GLBX-1-698,MESM6.GLBX-OracleStrategy-000,GLBX-001,GLBX-1-698,MARKET,BUY,1,GTC,True,False,1,TAKER,6667.25,0.0,['0.00 USD'],NO_TRIGGER,FILLED,NO_CONTINGENCY,,,,MY_GENERIC_ALGO,,O-20260309-043330-001-000-964,,87f34338-7350-4cf7-a79d-5264f3643074,2026-03-09 04:33:30.770333610+00:00,2026-03-09 04:33:30.770333610+00:00
BACKTESTER-001,OracleStrategy-000,MESM6.GLBX,GLBX-1-699,MESM6.GLBX-OracleStrategy-000,GLBX-001,GLBX-1-699,MARKET,BUY,1,GTC,False,False,1,TAKER,6666.5,0.0,['0.00 USD'],NO_TRIGGER,FILLED,NO_CONTINGENCY,,,,MY_GENERIC_ALGO,,O-20260309-043352-001-000-967,,3ac3e552-88c8-474b-9301-c71818110b17,2026-03-09 04:33:52.960243239+00:00,2026-03-09 04:33:52.960243239+00:00
BACKTESTER-001,OracleStrategy-000,MESM6.GLBX,GLBX-1-700,MESM6.GLBX-OracleStrategy-000,GLBX-001,GLBX-1-700,MARKET,SELL,1,GTC,True,False,1,TAKER,6666.5,0.0,['0.00 USD'],NO_TRIGGER,FILLED,NO_CONTINGENCY,,,,MY_GENERIC_ALGO,,O-20260309-043415-001-000-968,,058ceb30-7f03-41ae-b30e-6dd6c4be4550,2026-03-09 04:34:15.299740423+00:00,2026-03-09 04:34:15.299740423+00:00
BACKTESTER-001,OracleStrategy-000,MESM6.GLBX,GLBX-1-701,MESM6.GLBX-OracleStrategy-000,GLBX-001,GLBX-1-701,MARKET,SELL,1,GTC,False,False,1,TAKER,6666.5,0.0,['0.00 USD'],NO_TRIGGER,FILLED,NO_CONTINGENCY,,,,MY_GENERIC_ALGO,,O-20260309-043415-001-000-969,,aa15c645-5c1f-4e95-8ace-978d7b5e9500,2026-03-09 04:34:15.299740423+00:00,2026-03-09 04:34:15.299740423+00:00
BACKTESTER-001,OracleStrategy-000,MESM6.GLBX,GLBX-1-702,MESM6.GLBX-OracleStrategy-000,GLBX-001,GLBX-1-702,MARKET,BUY,1,GTC,True,False,1,TAKER,6668.75,0.0,['0.00 USD'],NO_TRIGGER,FILLED,NO_CONTINGENCY,,,,MY_GENERIC_ALGO,,O-20260309-043517-001-000-970,,191bbc03-54d2-419d-afa1-8a49ce3d660e,2026-03-09 04:35:17.720421967+00:00,2026-03-09 04:35:17.720421967+00:00
BACKTESTER-001,OracleStrategy-000,MESM6.GLBX,GLBX-1-703,MESM6.GLBX-OracleStrategy-000,GLBX-001,GLBX-1-703,MARKET,BUY,1,GTC,False,False,1,TAKER,6668.75,0.0,['0.00 USD'],NO_TRIGGER,FILLED,NO_CONTINGENCY,,,,MY_GENERIC_ALGO,,O-20260309-043517-001-000-971,,df2aefa8-7a60-45d5-bc04-055af2603d10,2026-03-09 04:35:17.720421967+00:00,2026-03-09 04:35:17.720421967+00:00
BACKTESTER-001,OracleStrategy-000,MESM6.GLBX,GLBX-1-704,MESM6.GLBX-OracleStrategy-000,GLBX-001,GLBX-1-704,MARKET,SELL,1,GTC,True,False,1,TAKER,6668.25,0.0,['0.00 USD'],NO_TRIGGER,FILLED,NO_CONTINGENCY,,,,MY_GENERIC_ALGO,,O-20260309-043518-001-000-972,,9d630bea-fb71-446e-aff3-598267c470c7,2026-03-09 04:35:18.830953587+00:00,2026-03-09 04:35:18.830953587+00:00
BACKTESTER-001,OracleStrategy-000,MESM6.GLBX,GLBX-1-705,MESM6.GLBX-OracleStrategy-000,GLBX-001,GLBX-1-705,MARKET,SELL,1,GTC,False,False,1,TAKER,6668.25,0.0,['0.00 USD'],NO_TRIGGER,FILLED,NO_CONTINGENCY,,,,MY_GENERIC_ALGO,,O-20260309-043518-001-000-973,,d20e0298-b387-4e5e-98d4-8c0f04f329c8,2026-03-09 04:35:18.830953587+00:00,2026-03-09 04:35:18.830953587+00:00
BACKTESTER-001,OracleStrategy-000,MESM6.GLBX,GLBX-1-706,MESM6.GLBX-OracleStrategy-000,GLBX-001,GLBX-1-706,MARKET,BUY,1,GTC,True,False,1,TAKER,6667.75,0.0,['0.00 USD'],NO_TRIGGER,FILLED,NO_CONTINGENCY,,,,MY_GENERIC_ALGO,,O-20260309-043635-001-000-974,,5cd239a2-cac5-47ee-9275-aab0d1c98b9a,2026-03-09 04:36:35.309321247+00:00,2026-03-09 04:36:35.309321247+00:00
BACKTESTER-001,OracleStrategy-000,MESM6.GLBX,GLBX-1-707,MESM6.GLBX-OracleStrategy-000,GLBX-001,GLBX-1-707,MARKET,BUY,1,GTC,False,False,1,TAKER,6667.75,0.0,['0.00 USD'],NO_TRIGGER,FILLED,NO_CONTINGENCY,,,,MY_GENERIC_ALGO,,O-20260309-043635-001-000-975,,0dd51121-a27a-40b3-89ec-5c12285280f6,2026-03-09 04:36:35.309321247+00:00,2026-03-09 04:36:35.309321247+00:00
BACKTESTER-001,OracleStrategy-000,MESM6.GLBX,GLBX-1-708,MESM6.GLBX-OracleStrategy-000,GLBX-001,GLBX-1-708,MARKET,SELL,1,GTC,True,False,1,TAKER,6667.5,0.0,['0.00 USD'],NO_TRIGGER,FILLED,NO_CONTINGENCY,,,,MY_GENERIC_ALGO,,O-20260309-043652-001-000-976,,2ef0db49-e402-45aa-a6ee-5729d9cacda9,2026-03-09 04:36:52.954514519+00:00,2026-03-09 04:36:52.954514519+00:00
BACKTESTER-001,OracleStrategy-000,MESM6.GLBX,GLBX-1-709,MESM6.GLBX-OracleStrategy-000,GLBX-001,GLBX-1-709,MARKET,SELL,1,GTC,False,False,1,TAKER,6667.5,0.0,['0.00 USD'],NO_TRIGGER,FILLED,NO_CONTINGENCY,,,,MY_GENERIC_ALGO,,O-20260309-043652-001-000-977,,8ee046ea-eb00-4eb6-b6c1-c58a0f86a200,2026-03-09 04:36:52.954514519+00:00,2026-03-09 04:36:52.954514519+00:00
BACKTESTER-001,OracleStrategy-000,MESM6.GLBX,GLBX-1-710,MESM6.GLBX-OracleStrategy-000,GLBX-001,GLBX-1-710,MARKET,BUY,1,GTC,True,False,1,TAKER,6665.0,0.0,['0.00 USD'],NO_TRIGGER,FILLED,NO_CONTINGENCY,,,,MY_GENERIC_ALGO,,O-20260309-043731-001-000-978,,0ed39316-60a3-49bd-8159-09fb6d8a3423,2026-03-09 04:37:31.318864883+00:00,2026-03-09 04:37:31.318864883+00:00
BACKTESTER-001,OracleStrategy-000,MESM6.GLBX,GLBX-1-711,MESM6.GLBX-OracleStrategy-000,GLBX-001,GLBX-1-711,MARKET,BUY,1,GTC,False,False,1,TAKER,6665.0,0.0,['0.00 USD'],NO_TRIGGER,FILLED,NO_CONTINGENCY,,,,MY_GENERIC_ALGO,,O-20260309-043731-001-000-979,,dbbabe87-f94d-433d-b071-ee08ebe159fa,2026-03-09 04:37:31.318864883+00:00,2026-03-09 04:37:31.318864883+00:00
BACKTESTER-001,OracleStrategy-000,MESM6.GLBX,GLBX-1-712,MESM6.GLBX-OracleStrategy-000,GLBX-001,GLBX-1-712,MARKET,SELL,1,GTC,True,False,1,TAKER,6664.5,0.0,['0.00 USD'],NO_TRIGGER,FILLED,NO_CONTINGENCY,,,,MY_GENERIC_ALGO,,O-20260309-043752-001-000-980,,21e0e905-dfd9-4416-9557-9c28f1c7093d,2026-03-09 04:37:52.074911751+00:00,2026-03-09 04:37:52.074911751+00:00
BACKTESTER-001,OracleStrategy-000,MESM6.GLBX,GLBX-1-713,MESM6.GLBX-OracleStrategy-000,GLBX-001,GLBX-1-713,MARKET,SELL,1,GTC,False,False,1,TAKER,6664.5,0.0,['0.00 USD'],NO_TRIGGER,FILLED,NO_CONTINGENCY,,,,MY_GENERIC_ALGO,,O-20260309-043752-001-000-981,,4b5ef1e6-4f06-4784-b3b5-f3042ee59185,2026-03-09 04:37:52.074911751+00:00,2026-03-09 04:37:52.074911751+00:00
BACKTESTER-001,OracleStrategy-000,MESM6.GLBX,GLBX-1-714,MESM6.GLBX-OracleStrategy-000,GLBX-001,GLBX-1-714,MARKET,BUY,1,GTC,True,False,1,TAKER,6665.0,0.0,['0.00 USD'],NO_TRIGGER,FILLED,NO_CONTINGENCY,,,,MY_GENERIC_ALGO,,O-20260309-043829-001-000-982,,fcfba38d-5391-48c3-83ec-57dd229a2c94,2026-03-09 04:38:29.714018343+00:00,2026-03-09 04:38:29.714018343+00:00
BACKTESTER-001,OracleStrategy-000,MESM6.GLBX,GLBX-1-715,MESM6.GLBX-OracleStrategy-000,GLBX-001,GLBX-1-715,MARKET,BUY,1,GTC,False,False,1,TAKER,6665.0,0.0,['0.00 USD'],NO_TRIGGER,FILLED,NO_CONTINGENCY,,,,MY_GENERIC_ALGO,,O-20260309-043829-001-000-983,,dc1b2014-6ccf-4bd7-889a-5326f782ff9f,2026-03-09 04:38:29.714018343+00:00,2026-03-09 04:38:29.714018343+00:00
BACKTESTER-001,OracleStrategy-000,MESM6.GLBX,GLBX-1-716,MESM6.GLBX-OracleStrategy-000,GLBX-001,GLBX-1-716,MARKET,SELL,1,GTC,True,False,1,TAKER,6664.25,0.0,['0.00 USD'],NO_TRIGGER,FILLED,NO_CONTINGENCY,,,,MY_GENERIC_ALGO,,O-20260309-043913-001-000-984,,cf3a9307-bef6-40f0-bb7b-e22b83f2c82d,2026-03-09 04:39:13.374463616+00:00,2026-03-09 04:39:13.374463616+00:00
BACKTESTER-001,OracleStrategy-000,MESM6.GLBX,GLBX-1-717,MESM6.GLBX-OracleStrategy-000,GLBX-001,GLBX-1-717,MARKET,SELL,1,GTC,False,False,1,TAKER,6664.25,0.0,['0.00 USD'],NO_TRIGGER,FILLED,NO_CONTINGENCY,,,,MY_GENERIC_ALGO,,O-20260309-043913-001-000-985,,96a55e7a-0f3f-4b11-9934-8772917a9308,2026-03-09 04:39:13.374463616+00:00,2026-03-09 04:39:13.374463616+00:00
BACKTESTER-001,OracleStrategy-000,MESM6.GLBX,GLBX-1-718,MESM6.GLBX-OracleStrategy-000,GLBX-001,GLBX-1-718,MARKET,BUY,1,GTC,True,False,1,TAKER,6665.5,0.0,['0.00 USD'],NO_TRIGGER,FILLED,NO_CONTINGENCY,,,,MY_GENERIC_ALGO,,O-20260309-044128-001-000-986,,5af6ce3a-0054-4e5f-82a8-1b8e00444230,2026-03-09 04:41:28.063435195+00:00,2026-03-09 04:41:28.063435195+00:00
BACKTESTER-001,OracleStrategy-000,MESM6.GLBX,GLBX-1-719,MESM6.GLBX-OracleStrategy-000,GLBX-001,GLBX-1-719,MARKET,BUY,1,GTC,False,False,1,TAKER,6665.5,0.0,['0.00 USD'],NO_TRIGGER,FILLED,NO_CONTINGENCY,,,,MY_GENERIC_ALGO,,O-20260309-044128-001-000-987,,f935e284-3923-4905-8b9b-b82bdcba5248,2026-03-09 04:41:28.063435195+00:00,2026-03-09 04:41:28.063435195+00:00
BACKTESTER-001,OracleStrategy-000,MESM6.GLBX,GLBX-1-720,MESM6.GLBX-OracleStrategy-000,GLBX-001,GLBX-1-720,MARKET,SELL,1,GTC,True,False,1,TAKER,6665.0,0.0,['0.00 USD'],NO_TRIGGER,FILLED,NO_CONTINGENCY,,,,MY_GENERIC_ALGO,,O-20260309-044322-001-000-988,,c24060b1-51db-4fb3-bf15-8fdde1250ba8,2026-03-09 04:43:22.173959602+00:00,2026-03-09 04:43:22.173959602+00:00
BACKTESTER-001,OracleStrategy-000,MESM6.GLBX,GLBX-1-721,MESM6.GLBX-OracleStrategy-000,GLBX-001,GLBX-1-721,MARKET,SELL,1,GTC,False,False,1,TAKER,6665.0,0.0,['0.00 USD'],NO_TRIGGER,FILLED,NO_CONTINGENCY,,,,MY_GENERIC_ALGO,,O-20260309-044322-001-000-989,,1c6d9977-5f30-4b41-82b2-6386e56896c4,2026-03-09 04:43:22.173959602+00:00,2026-03-09 04:43:22.173959602+00:00
BACKTESTER-001,OracleStrategy-000,MESM6.GLBX,GLBX-1-722,MESM6.GLBX-OracleStrategy-000,GLBX-001,GLBX-1-722,MARKET,BUY,1,GTC,True,False,1,TAKER,6663.75,0.0,['0.00 USD'],NO_TRIGGER,FILLED,NO_CONTINGENCY,,,,MY_GENERIC_ALGO,,O-20260309-044328-001-000-990,,6e25a68c-d2b9-44fa-8760-a0c88a81cbcb,2026-03-09 04:43:28.983750892+00:00,2026-03-09 04:43:28.983750892+00:00
BACKTESTER-001,OracleStrategy-000,MESM6.GLBX,GLBX-1-723,MESM6.GLBX-OracleStrategy-000,GLBX-001,GLBX-1-723,MARKET,BUY,1,GTC,False,False,1,TAKER,6663.75,0.0,['0.00 USD'],NO_TRIGGER,FILLED,NO_CONTINGENCY,,,,MY_GENERIC_ALGO,,O-20260309-044328-001-000-991,,03f42de8-0f21-4550-9e88-af79eed836d5,2026-03-09 04:43:28.983750892+00:00,2026-03-09 04:43:28.983750892+00:00
BACKTESTER-001,OracleStrategy-000,MESM6.GLBX,GLBX-1-724,MESM6.GLBX-OracleStrategy-000,GLBX-001,GLBX-1-724,MARKET,SELL,1,GTC,True,False,1,TAKER,6663.25,0.0,['0.00 USD'],NO_TRIGGER,FILLED,NO_CONTINGENCY,,,,MY_GENERIC_ALGO,,O-20260309-044413-001-000-992,,e0077057-aec2-4cb4-8649-4249b74f18c3,2026-03-09 04:44:13.705781626+00:00,2026-03-09 04:44:13.705781626+00:00
BACKTESTER-001,OracleStrategy-000,MESM6.GLBX,GLBX-1-725,MESM6.GLBX-OracleStrategy-000,GLBX-001,GLBX-1-725,MARKET,SELL,1,GTC,False,False,1,TAKER,6663.25,0.0,['0.00 USD'],NO_TRIGGER,FILLED,NO_CONTINGENCY,,,,MY_GENERIC_ALGO,,O-20260309-044413-001-000-993,,355d5c0f-e7d5-45c5-bcf8-da9c1492272f,2026-03-09 04:44:13.705781626+00:00,2026-03-09 04:44:13.705781626+00:00
BACKTESTER-001,OracleStrategy-000,MESM6.GLBX,GLBX-1-726,MESM6.GLBX-OracleStrategy-000,GLBX-001,GLBX-1-726,MARKET,BUY,1,GTC,True,False,1,TAKER,6662.0,0.0,['0.00 USD'],NO_TRIGGER,FILLED,NO_CONTINGENCY,,,,MY_GENERIC_ALGO,,O-20260309-044520-001-000-994,,bdfc387d-da69-40ef-9ffe-0ab2dac27741,2026-03-09 04:45:20.243968063+00:00,2026-03-09 04:45:20.243968063+00:00
BACKTESTER-001,OracleStrategy-000,MESM6.GLBX,GLBX-1-727,MESM6.GLBX-OracleStrategy-000,GLBX-001,GLBX-1-727,MARKET,BUY,1,GTC,False,False,1,TAKER,6662.0,0.0,['0.00 USD'],NO_TRIGGER,FILLED,NO_CONTINGENCY,,,,MY_GENERIC_ALGO,,O-20260309-044520-001-000-995,,5842afd8-a39f-4537-af7a-74467795d566,2026-03-09 04:45:20.243968063+00:00,2026-03-09 04:45:20.243968063+00:00
BACKTESTER-001,OracleStrategy-000,MESM6.GLBX,GLBX-1-728,MESM6.GLBX-OracleStrategy-000,GLBX-001,GLBX-1-728,MARKET,SELL,1,GTC,True,False,1,TAKER,6661.5,0.0,['0.00 USD'],NO_TRIGGER,FILLED,NO_CONTINGENCY,,,,MY_GENERIC_ALGO,,O-20260309-044602-001-000-996,,d22f0850-a5d7-45dd-ae13-997ecf9e686e,2026-03-09 04:46:02.880276282+00:00,2026-03-09 04:46:02.880276282+00:00
BACKTESTER-001,OracleStrategy-000,MESM6.GLBX,GLBX-1-729,MESM6.GLBX-OracleStrategy-000,GLBX-001,GLBX-1-729,MARKET,SELL,1,GTC,False,False,1,TAKER,6661.5,0.0,['0.00 USD'],NO_TRIGGER,FILLED,NO_CONTINGENCY,,,,MY_GENERIC_ALGO,,O-20260309-044602-001-000-997,,6818f791-ee8a-4e1a-92f6-1035862e39fd,2026-03-09 04:46:02.880276282+00:00,2026-03-09 04:46:02.880276282+00:00
BACKTESTER-001,OracleStrategy-000,MESM6.GLBX,GLBX-1-730,MESM6.GLBX-OracleStrategy-000,GLBX-001,GLBX-1-730,MARKET,BUY,1,GTC,True,False,1,TAKER,6660.75,0.0,['0.00 USD'],NO_TRIGGER,FILLED,NO_CONTINGENCY,,,,MY_GENERIC_ALGO,,O-20260309-044933-001-000-998,,c06df34f-3b9e-46b7-ad5e-88ad2378aa5e,2026-03-09 04:49:33.556541283+00:00,2026-03-09 04:49:33.556541283+00:00
BACKTESTER-001,OracleStrategy-000,MESM6.GLBX,GLBX-1-731,MESM6.GLBX-OracleStrategy-000,GLBX-001,GLBX-1-731,MARKET,BUY,1,GTC,False,False,1,TAKER,6660.75,0.0,['0.00 USD'],NO_TRIGGER,FILLED,NO_CONTINGENCY,,,,MY_GENERIC_ALGO,,O-20260309-044933-001-000-999,,d6567b8d-290a-4742-87db-c2022c8389a5,2026-03-09 04:49:33.556541283+00:00,2026-03-09 04:49:33.556541283+00:00
BACKTESTER-001,OracleStrategy-000,MESM6.GLBX,GLBX-1-732,MESM6.GLBX-OracleStrategy-000,GLBX-001,GLBX-1-732,MARKET,SELL,1,GTC,True,False,1,TAKER,6660.75,0.0,['0.00 USD'],NO_TRIGGER,FILLED,NO_CONTINGENCY,,,,MY_GENERIC_ALGO,,O-20260309-045118-001-000-1000,,7a4f1bc1-4bb9-4ea9-b750-2f94edd6480f,2026-03-09 04:51:18.609795399+00:00,2026-03-09 04:51:18.609795399+00:00
BACKTESTER-001,OracleStrategy-000,MESM6.GLBX,GLBX-1-733,MESM6.GLBX-OracleStrategy-000,GLBX-001,GLBX-1-733,MARKET,SELL,1,GTC,False,False,1,TAKER,6660.75,0.0,['0.00 USD'],NO_TRIGGER,FILLED,NO_CONTINGENCY,,,,MY_GENERIC_ALGO,,O-20260309-045118-001-000-1001,,9d92fa43-904a-4665-8ce9-603713f8cb43,2026-03-09 04:51:18.609795399+00:00,2026-03-09 04:51:18.609795399+00:00
BACKTESTER-001,OracleStrategy-000,MESM6.GLBX,GLBX-1-734,MESM6.GLBX-OracleStrategy-000,GLBX-001,GLBX-1-734,MARKET,BUY,1,GTC,True,False,1,TAKER,6660.0,0.0,['0.00 USD'],NO_TRIGGER,FILLED,NO_CONTINGENCY,,,,MY_GENERIC_ALGO,,O-20260309-045227-001-000-1002,,017735be-57c0-425b-beaf-ab74f729ec3c,2026-03-09 04:52:27.343331725+00:00,2026-03-09 04:52:27.343331725+00:00
BACKTESTER-001,OracleStrategy-000,MESM6.GLBX,GLBX-1-735,MESM6.GLBX-OracleStrategy-000,GLBX-001,GLBX-1-735,MARKET,BUY,1,GTC,False,False,1,TAKER,6660.0,0.0,['0.00 USD'],NO_TRIGGER,FILLED,NO_CONTINGENCY,,,,MY_GENERIC_ALGO,,O-20260309-045227-001-000-1003,,dcc622c1-e835-4ba6-aa5a-5148c5ecff6b,2026-03-09 04:52:27.343331725+00:00,2026-03-09 04:52:27.343331725+00:00
BACKTESTER-001,OracleStrategy-000,MESM6.GLBX,GLBX-1-736,MESM6.GLBX-OracleStrategy-000,GLBX-001,GLBX-1-736,MARKET,SELL,1,GTC,True,False,1,TAKER,6659.75,0.0,['0.00 USD'],NO_TRIGGER,FILLED,NO_CONTINGENCY,,,,MY_GENERIC_ALGO,,O-20260309-045240-001-000-1004,,5396aae6-362a-47c2-90a2-18bbe465988a,2026-03-09 04:52:40.776016951+00:00,2026-03-09 04:52:40.776016951+00:00
BACKTESTER-001,OracleStrategy-000,MESM6.GLBX,GLBX-1-737,MESM6.GLBX-OracleStrategy-000,GLBX-001,GLBX-1-737,MARKET,SELL,1,GTC,False,False,1,TAKER,6659.75,0.0,['0.00 USD'],NO_TRIGGER,FILLED,NO_CONTINGENCY,,,,MY_GENERIC_ALGO,,O-20260309-045240-001-000-1005,,172eae5e-c709-4a54-9f40-e985baa6169c,2026-03-09 04:52:40.776016951+00:00,2026-03-09 04:52:40.776016951+00:00
BACKTESTER-001,OracleStrategy-000,MESM6.GLBX,GLBX-1-738,MESM6.GLBX-OracleStrategy-000,GLBX-001,GLBX-1-738,MARKET,BUY,1,GTC,True,False,1,TAKER,6659.75,0.0,['0.00 USD'],NO_TRIGGER,FILLED,NO_CONTINGENCY,,,,MY_GENERIC_ALGO,,O-20260309-045321-001-000-1006,,8b35e4b3-3517-4d86-a09f-93a3a169ed63,2026-03-09 04:53:21.122580109+00:00,2026-03-09 04:53:21.122580109+00:00
BACKTESTER-001,OracleStrategy-000,MESM6.GLBX,GLBX-1-739,MESM6.GLBX-OracleStrategy-000,GLBX-001,GLBX-1-739,MARKET,BUY,1,GTC,False,False,1,TAKER,6659.75,0.0,['0.00 USD'],NO_TRIGGER,FILLED,NO_CONTINGENCY,,,,MY_GENERIC_ALGO,,O-20260309-045321-001-000-1007,,79f86caf-6d3c-474f-86da-8c40e520b92f,2026-03-09 04:53:21.122580109+00:00,2026-03-09 04:53:21.122580109+00:00
BACKTESTER-001,OracleStrategy-000,MESM6.GLBX,GLBX-1-740,MESM6.GLBX-OracleStrategy-000,GLBX-001,GLBX-1-740,MARKET,SELL,1,GTC,True,False,1,TAKER,6661.75,0.0,['0.00 USD'],NO_TRIGGER,FILLED,NO_CONTINGENCY,,,,MY_GENERIC_ALGO,,O-20260309-045401-001-000-1008,,648305ea-293a-41bf-a1e0-e4bd3cc327d3,2026-03-09 04:54:01.573068863+00:00,2026-03-09 04:54:01.573068863+00:00
BACKTESTER-001,OracleStrategy-000,MESM6.GLBX,GLBX-1-741,MESM6.GLBX-OracleStrategy-000,GLBX-001,GLBX-1-741,MARKET,SELL,1,GTC,False,False,1,TAKER,6661.75,0.0,['0.00 USD'],NO_TRIGGER,FILLED,NO_CONTINGENCY,,,,MY_GENERIC_ALGO,,O-20260309-045401-001-000-1009,,aa269f10-c9b8-4173-b267-9097346998c5,2026-03-09 04:54:01.573068863+00:00,2026-03-09 04:54:01.573068863+00:00
BACKTESTER-001,OracleStrategy-000,MESM6.GLBX,GLBX-1-742,MESM6.GLBX-OracleStrategy-000,GLBX-001,GLBX-1-742,MARKET,BUY,1,GTC,True,False,1,TAKER,6662.0,0.0,['0.00 USD'],NO_TRIGGER,FILLED,NO_CONTINGENCY,,,,MY_GENERIC_ALGO,,O-20260309-045455-001-000-1010,,3b352c50-0143-42a4-bea7-3dcd6a7ac2f5,2026-03-09 04:54:55.428034773+00:00,2026-03-09 04:54:55.428034773+00:00
BACKTESTER-001,OracleStrategy-000,MESM6.GLBX,GLBX-1-743,MESM6.GLBX-OracleStrategy-000,GLBX-001,GLBX-1-743,MARKET,BUY,1,GTC,False,False,1,TAKER,6662.0,0.0,['0.00 USD'],NO_TRIGGER,FILLED,NO_CONTINGENCY,,,,MY_GENERIC_ALGO,,O-20260309-045455-001-000-1011,,972ae5d5-fc26-4d2d-83ba-62ce2d7b5d33,2026-03-09 04:54:55.428034773+00:00,2026-03-09 04:54:55.428034773+00:00
BACKTESTER-001,OracleStrategy-000,MESM6.GLBX,GLBX-1-744,MESM6.GLBX-OracleStrategy-000,GLBX-001,GLBX-1-744,MARKET,SELL,1,GTC,True,False,1,TAKER,6664.25,0.0,['0.00 USD'],NO_TRIGGER,FILLED,NO_CONTINGENCY,,,,MY_GENERIC_ALGO,,O-20260309-045806-001-000-1012,,4e2556a2-75ba-46c6-b66e-f6bc28b017f1,2026-03-09 04:58:06.894737256+00:00,2026-03-09 04:58:06.894737256+00:00
BACKTESTER-001,OracleStrategy-000,MESM6.GLBX,GLBX-1-745,MESM6.GLBX-OracleStrategy-000,GLBX-001,GLBX-1-745,MARKET,SELL,1,GTC,False,False,1,TAKER,6664.25,0.0,['0.00 USD'],NO_TRIGGER,FILLED,NO_CONTINGENCY,,,,MY_GENERIC_ALGO,,O-20260309-045806-001-000-1013,,9fa1894f-ac76-4e36-93fd-07766e559a4b,2026-03-09 04:58:06.894737256+00:00,2026-03-09 04:58:06.894737256+00:00
BACKTESTER-001,OracleStrategy-000,MESM6.GLBX,GLBX-1-746,MESM6.GLBX-OracleStrategy-000,GLBX-001,GLBX-1-746,MARKET,BUY,1,GTC,True,False,1,TAKER,6662.5,0.0,['0.00 USD'],NO_TRIGGER,FILLED,NO_CONTINGENCY,,,,MY_GENERIC_ALGO,,O-20260309-045827-001-000-1014,,e700506a-5618-469f-b695-2e713955b81b,2026-03-09 04:58:27.697386687+00:00,2026-03-09 04:58:27.697386687+00:00
BACKTESTER-001,OracleStrategy-000,MESM6.GLBX,GLBX-1-747,MESM6.GLBX-OracleStrategy-000,GLBX-001,GLBX-1-747,MARKET,BUY,1,GTC,False,False,1,TAKER,6662.5,0.0,['0.00 USD'],NO_TRIGGER,FILLED,NO_CONTINGENCY,,,,MY_GENERIC_ALGO,,O-20260309-045827-001-000-1015,,07c7c614-b3cf-443f-98aa-76391527d7c3,2026-03-09 04:58:27.697386687+00:00,2026-03-09 04:58:27.697386687+00:00
BACKTESTER-001,OracleStrategy-000,MESM6.GLBX,GLBX-1-748,MESM6.GLBX-OracleStrategy-000,GLBX-001,GLBX-1-748,MARKET,SELL,1,GTC,True,False,1,TAKER,6666.0,0.0,['0.00 USD'],NO_TRIGGER,FILLED,NO_CONTINGENCY,,,,MY_GENERIC_ALGO,,O-20260309-050529-001-000-1016,,b69119fd-2157-47c6-9013-27fdc0977a45,2026-03-09 05:05:29.739543126+00:00,2026-03-09 05:05:29.739543126+00:00
BACKTESTER-001,OracleStrategy-000,MESM6.GLBX,GLBX-1-749,MESM6.GLBX-OracleStrategy-000,GLBX-001,GLBX-1-749,MARKET,SELL,1,GTC,False,False,1,TAKER,6666.0,0.0,['0.00 USD'],NO_TRIGGER,FILLED,NO_CONTINGENCY,,,,MY_GENERIC_ALGO,,O-20260309-050529-001-000-1017,,ec155742-315e-4f7c-92c0-a38db75778b2,2026-03-09 05:05:29.739543126+00:00,2026-03-09 05:05:29.739543126+00:00
BACKTESTER-001,OracleStrategy-000,MESM6.GLBX,GLBX-1-750,MESM6.GLBX-OracleStrategy-000,GLBX-001,GLBX-1-750,MARKET,BUY,1,GTC,True,False,1,TAKER,6668.25,0.0,['0.00 USD'],NO_TRIGGER,FILLED,NO_CONTINGENCY,,,,MY_GENERIC_ALGO,,O-20260309-050545-001-000-1018,,090ce6a3-3007-44db-a8d7-f9f65999c7c6,2026-03-09 05:05:45.717559534+00:00,2026-03-09 05:05:45.717559534+00:00
BACKTESTER-001,OracleStrategy-000,MESM6.GLBX,GLBX-1-751,MESM6.GLBX-OracleStrategy-000,GLBX-001,GLBX-1-751,MARKET,BUY,1,GTC,False,False,1,TAKER,6668.25,0.0,['0.00 USD'],NO_TRIGGER,FILLED,NO_CONTINGENCY,,,,MY_GENERIC_ALGO,,O-20260309-050554-001-000-1021,,6436b3ec-63ec-4ddd-875e-3fe95c9a6bd0,2026-03-09 05:05:54.680216725+00:00,2026-03-09 05:05:54.680216725+00:00
BACKTESTER-001,OracleStrategy-000,MESM6.GLBX,GLBX-1-752,MESM6.GLBX-OracleStrategy-000,GLBX-001,GLBX-1-752,MARKET,SELL,1,GTC,True,False,1,TAKER,6669.5,0.0,['0.00 USD'],NO_TRIGGER,FILLED,NO_CONTINGENCY,,,,MY_GENERIC_ALGO,,O-20260309-050646-001-000-1022,,c3f8c70f-1ce1-4329-b459-3564fab2be67,2026-03-09 05:06:46.685237114+00:00,2026-03-09 05:06:46.685237114+00:00
BACKTESTER-001,OracleStrategy-000,MESM6.GLBX,GLBX-1-753,MESM6.GLBX-OracleStrategy-000,GLBX-001,GLBX-1-753,MARKET,SELL,1,GTC,False,False,1,TAKER,6669.5,0.0,['0.00 USD'],NO_TRIGGER,FILLED,NO_CONTINGENCY,,,,MY_GENERIC_ALGO,,O-20260309-050646-001-000-1023,,34918c62-0ad3-414d-8242-ff5bfd24b21d,2026-03-09 05:06:46.685237114+00:00,2026-03-09 05:06:46.685237114+00:00
BACKTESTER-001,OracleStrategy-000,MESM6.GLBX,GLBX-1-754,MESM6.GLBX-OracleStrategy-000,GLBX-001,GLBX-1-754,MARKET,BUY,1,GTC,True,False,1,TAKER,6669.75,0.0,['0.00 USD'],NO_TRIGGER,FILLED,NO_CONTINGENCY,,,,MY_GENERIC_ALGO,,O-20260309-050648-001-000-1024,,d8a325ea-26fb-4fce-a10d-73352c871bde,2026-03-09 05:06:48.348753207+00:00,2026-03-09 05:06:48.348753207+00:00
BACKTESTER-001,OracleStrategy-000,MESM6.GLBX,GLBX-1-755,MESM6.GLBX-OracleStrategy-000,GLBX-001,GLBX-1-755,MARKET,BUY,1,GTC,False,False,1,TAKER,6669.75,0.0,['0.00 USD'],NO_TRIGGER,FILLED,NO_CONTINGENCY,,,,MY_GENERIC_ALGO,,O-20260309-050648-001-000-1025,,af819b02-285f-4404-a259-f22a06f8e35d,2026-03-09 05:06:48.348753207+00:00,2026-03-09 05:06:48.348753207+00:00
BACKTESTER-001,OracleStrategy-000,MESM6.GLBX,GLBX-1-756,MESM6.GLBX-OracleStrategy-000,GLBX-001,GLBX-1-756,MARKET,SELL,1,GTC,True,False,1,TAKER,6669.0,0.0,['0.00 USD'],NO_TRIGGER,FILLED,NO_CONTINGENCY,,,,MY_GENERIC_ALGO,,O-20260309-050712-001-000-1026,,503bc4e5-613a-4183-b253-f0b3db438e0e,2026-03-09 05:07:12.163249570+00:00,2026-03-09 05:07:12.163249570+00:00
BACKTESTER-001,OracleStrategy-000,MESM6.GLBX,GLBX-1-757,MESM6.GLBX-OracleStrategy-000,GLBX-001,GLBX-1-757,MARKET,SELL,1,GTC,False,False,1,TAKER,6669.0,0.0,['0.00 USD'],NO_TRIGGER,FILLED,NO_CONTINGENCY,,,,MY_GENERIC_ALGO,,O-20260309-050712-001-000-1027,,8818a447-2465-4b0f-bb83-f4604dd7ef83,2026-03-09 05:07:12.163249570+00:00,2026-03-09 05:07:12.163249570+00:00
BACKTESTER-001,OracleStrategy-000,MESM6.GLBX,GLBX-1-758,MESM6.GLBX-OracleStrategy-000,GLBX-001,GLBX-1-758,MARKET,BUY,1,GTC,True,False,1,TAKER,6667.5,0.0,['0.00 USD'],NO_TRIGGER,FILLED,NO_CONTINGENCY,,,,MY_GENERIC_ALGO,,O-20260309-050944-001-000-1028,,5a96881d-af6d-4874-911f-96678e155e08,2026-03-09 05:09:44.832059421+00:00,2026-03-09 05:09:44.832059421+00:00
BACKTESTER-001,OracleStrategy-000,MESM6.GLBX,GLBX-1-759,MESM6.GLBX-OracleStrategy-000,GLBX-001,GLBX-1-759,MARKET,BUY,1,GTC,False,False,1,TAKER,6667.5,0.0,['0.00 USD'],NO_TRIGGER,FILLED,NO_CONTINGENCY,,,,MY_GENERIC_ALGO,,O-20260309-050944-001-000-1029,,8f15f0bc-d203-47ff-892c-65266023d91b,2026-03-09 05:09:44.832059421+00:00,2026-03-09 05:09:44.832059421+00:00
BACKTESTER-001,OracleStrategy-000,MESM6.GLBX,GLBX-1-760,MESM6.GLBX-OracleStrategy-000,GLBX-001,GLBX-1-760,MARKET,SELL,1,GTC,True,False,1,TAKER,6667.25,0.0,['0.00 USD'],NO_TRIGGER,FILLED,NO_CONTINGENCY,,,,MY_GENERIC_ALGO,,O-20260309-050946-001-000-1030,,445cc877-4371-4dac-a323-62314168f836,2026-03-09 05:09:46.339837938+00:00,2026-03-09 05:09:46.339837938+00:00
BACKTESTER-001,OracleStrategy-000,MESM6.GLBX,GLBX-1-761,MESM6.GLBX-OracleStrategy-000,GLBX-001,GLBX-1-761,MARKET,SELL,1,GTC,False,False,1,TAKER,6667.25,0.0,['0.00 USD'],NO_TRIGGER,FILLED,NO_CONTINGENCY,,,,MY_GENERIC_ALGO,,O-20260309-050946-001-000-1031,,a3e326f1-54cc-449d-8eaa-71ac49c32380,2026-03-09 05:09:46.339837938+00:00,2026-03-09 05:09:46.339837938+00:00
BACKTESTER-001,OracleStrategy-000,MESM6.GLBX,GLBX-1-762,MESM6.GLBX-OracleStrategy-000,GLBX-001,GLBX-1-762,MARKET,BUY,1,GTC,True,False,1,TAKER,6668.25,0.0,['0.00 USD'],NO_TRIGGER,FILLED,NO_CONTINGENCY,,,,MY_GENERIC_ALGO,,O-20260309-051024-001-000-1032,,c2f60fd0-f17e-4929-935f-2c7a6afc607f,2026-03-09 05:10:24.893502115+00:00,2026-03-09 05:10:24.893502115+00:00
BACKTESTER-001,OracleStrategy-000,MESM6.GLBX,GLBX-1-763,MESM6.GLBX-OracleStrategy-000,GLBX-001,GLBX-1-763,MARKET,BUY,1,GTC,False,False,1,TAKER,6668.25,0.0,['0.00 USD'],NO_TRIGGER,FILLED,NO_CONTINGENCY,,,,MY_GENERIC_ALGO,,O-20260309-051024-001-000-1033,,dc6127fc-64cf-4c67-a6b6-ad4d60fb974b,2026-03-09 05:10:24.893502115+00:00,2026-03-09 05:10:24.893502115+00:00
BACKTESTER-001,OracleStrategy-000,MESM6.GLBX,GLBX-1-764,MESM6.GLBX-OracleStrategy-000,GLBX-001,GLBX-1-764,MARKET,SELL,1,GTC,True,False,1,TAKER,6668.0,0.0,['0.00 USD'],NO_TRIGGER,FILLED,NO_CONTINGENCY,,,,MY_GENERIC_ALGO,,O-20260309-051031-001-000-1034,,af34a446-08ff-4dd2-8ae4-483748ce3512,2026-03-09 05:10:31.629999063+00:00,2026-03-09 05:10:31.629999063+00:00
BACKTESTER-001,OracleStrategy-000,MESM6.GLBX,GLBX-1-765,MESM6.GLBX-OracleStrategy-000,GLBX-001,GLBX-1-765,MARKET,SELL,1,GTC,False,False,1,TAKER,6668.0,0.0,['0.00 USD'],NO_TRIGGER,FILLED,NO_CONTINGENCY,,,,MY_GENERIC_ALGO,,O-20260309-051031-001-000-1035,,38ccc09b-dcfd-4fb2-b0a3-4c919ae10841,2026-03-09 05:10:31.629999063+00:00,2026-03-09 05:10:31.629999063+00:00
BACKTESTER-001,OracleStrategy-000,MESM6.GLBX,GLBX-1-766,MESM6.GLBX-OracleStrategy-000,GLBX-001,GLBX-1-766,MARKET,BUY,1,GTC,True,False,1,TAKER,6668.0,0.0,['0.00 USD'],NO_TRIGGER,FILLED,NO_CONTINGENCY,,,,MY_GENERIC_ALGO,,O-20260309-051040-001-000-1036,,5db80e39-4c26-452b-a815-5f6683bd0170,2026-03-09 05:10:40.512343733+00:00,2026-03-09 05:10:40.512343733+00:00
BACKTESTER-001,OracleStrategy-000,MESM6.GLBX,GLBX-1-767,MESM6.GLBX-OracleStrategy-000,GLBX-001,GLBX-1-767,MARKET,BUY,1,GTC,False,False,1,TAKER,6668.0,0.0,['0.00 USD'],NO_TRIGGER,FILLED,NO_CONTINGENCY,,,,MY_GENERIC_ALGO,,O-20260309-051040-001-000-1037,,68a712d2-4ac6-461e-aa12-9d8047ed7e85,2026-03-09 05:10:40.512343733+00:00,2026-03-09 05:10:40.512343733+00:00
BACKTESTER-001,OracleStrategy-000,MESM6.GLBX,GLBX-1-768,MESM6.GLBX-OracleStrategy-000,GLBX-001,GLBX-1-768,MARKET,SELL,1,GTC,True,False,1,TAKER,6667.5,0.0,['0.00 USD'],NO_TRIGGER,FILLED,NO_CONTINGENCY,,,,MY_GENERIC_ALGO,,O-20260309-051059-001-000-1038,,74072a02-8775-4a55-9e52-270deff9ddbf,2026-03-09 05:10:59.528204242+00:00,2026-03-09 05:10:59.528204242+00:00
BACKTESTER-001,OracleStrategy-000,MESM6.GLBX,GLBX-1-769,MESM6.GLBX-OracleStrategy-000,GLBX-001,GLBX-1-769,MARKET,SELL,1,GTC,False,False,1,TAKER,6667.25,0.0,['0.00 USD'],NO_TRIGGER,FILLED,NO_CONTINGENCY,,,,MY_GENERIC_ALGO,,O-20260309-051348-001-000-1041,,665f7ff7-9e44-4906-bb1c-933a66f4068e,2026-03-09 05:13:48.430369816+00:00,2026-03-09 05:13:48.430369816+00:00
BACKTESTER-001,OracleStrategy-000,MESM6.GLBX,GLBX-1-770,MESM6.GLBX-OracleStrategy-000,GLBX-001,GLBX-1-770,MARKET,BUY,1,GTC,True,False,1,TAKER,6665.5,0.0,['0.00 USD'],NO_TRIGGER,FILLED,NO_CONTINGENCY,,,,MY_GENERIC_ALGO,,O-20260309-051541-001-000-1042,,d1f7652c-b7ad-451c-ad23-de688b4edc30,2026-03-09 05:15:41.876855403+00:00,2026-03-09 05:15:41.876855403+00:00
BACKTESTER-001,OracleStrategy-000,MESM6.GLBX,GLBX-1-771,MESM6.GLBX-OracleStrategy-000,GLBX-001,GLBX-1-771,MARKET,BUY,1,GTC,False,False,1,TAKER,6665.5,0.0,['0.00 USD'],NO_TRIGGER,FILLED,NO_CONTINGENCY,,,,MY_GENERIC_ALGO,,O-20260309-051541-001-000-1043,,4c938974-d19b-4293-8566-e0674972e270,2026-03-09 05:15:41.876855403+00:00,2026-03-09 05:15:41.876855403+00:00
BACKTESTER-001,OracleStrategy-000,MESM6.GLBX,GLBX-1-772,MESM6.GLBX-OracleStrategy-000,GLBX-001,GLBX-1-772,MARKET,SELL,1,GTC,True,False,1,TAKER,6665.0,0.0,['0.00 USD'],NO_TRIGGER,FILLED,NO_CONTINGENCY,,,,MY_GENERIC_ALGO,,O-20260309-051556-001-000-1044,,d60ad43d-7a05-4c5e-9ca0-73ef4a57aeb7,2026-03-09 05:15:56.376547954+00:00,2026-03-09 05:15:56.376547954+00:00
BACKTESTER-001,OracleStrategy-000,MESM6.GLBX,GLBX-1-773,MESM6.GLBX-OracleStrategy-000,GLBX-001,GLBX-1-773,MARKET,SELL,1,GTC,False,False,1,TAKER,6665.0,0.0,['0.00 USD'],NO_TRIGGER,FILLED,NO_CONTINGENCY,,,,MY_GENERIC_ALGO,,O-20260309-051556-001-000-1045,,41ebe279-4357-4751-b6aa-ad400004253a,2026-03-09 05:15:56.376547954+00:00,2026-03-09 05:15:56.376547954+00:00
BACKTESTER-001,OracleStrategy-000,MESM6.GLBX,GLBX-1-774,MESM6.GLBX-OracleStrategy-000,GLBX-001,GLBX-1-774,MARKET,BUY,1,GTC,True,False,1,TAKER,6665.5,0.0,['0.00 USD'],NO_TRIGGER,FILLED,NO_CONTINGENCY,,,,MY_GENERIC_ALGO,,O-20260309-051605-001-000-1046,,9fee444e-741f-4ddb-8b04-7164dbf82dbb,2026-03-09 05:16:05.177693880+00:00,2026-03-09 05:16:05.177693880+00:00
BACKTESTER-001,OracleStrategy-000,MESM6.GLBX,GLBX-1-775,MESM6.GLBX-OracleStrategy-000,GLBX-001,GLBX-1-775,MARKET,BUY,1,GTC,False,False,1,TAKER,6665.5,0.0,['0.00 USD'],NO_TRIGGER,FILLED,NO_CONTINGENCY,,,,MY_GENERIC_ALGO,,O-20260309-051605-001-000-1047,,c965bb83-3d6e-4416-8a02-957082fd3937,2026-03-09 05:16:05.177693880+00:00,2026-03-09 05:16:05.177693880+00:00
BACKTESTER-001,OracleStrategy-000,MESM6.GLBX,GLBX-1-776,MESM6.GLBX-OracleStrategy-000,GLBX-001,GLBX-1-776,MARKET,SELL,1,GTC,True,False,1,TAKER,6669.5,0.0,['0.00 USD'],NO_TRIGGER,FILLED,NO_CONTINGENCY,,,,MY_GENERIC_ALGO,,O-20260309-052051-001-000-1048,,7686f816-9dd3-426b-a8ec-a25614349e69,2026-03-09 05:20:51.400849800+00:00,2026-03-09 05:20:51.400849800+00:00
BACKTESTER-001,OracleStrategy-000,MESM6.GLBX,GLBX-1-777,MESM6.GLBX-OracleStrategy-000,GLBX-001,GLBX-1-777,MARKET,SELL,1,GTC,False,False,1,TAKER,6669.5,0.0,['0.00 USD'],NO_TRIGGER,FILLED,NO_CONTINGENCY,,,,MY_GENERIC_ALGO,,O-20260309-052051-001-000-1049,,25d12f38-6c81-4abb-bc74-7f40424eaaf1,2026-03-09 05:20:51.400849800+00:00,2026-03-09 05:20:51.400849800+00:00
BACKTESTER-001,OracleStrategy-000,MESM6.GLBX,GLBX-1-778,MESM6.GLBX-OracleStrategy-000,GLBX-001,GLBX-1-778,MARKET,BUY,1,GTC,True,False,1,TAKER,6670.0,0.0,['0.00 USD'],NO_TRIGGER,FILLED,NO_CONTINGENCY,,,,MY_GENERIC_ALGO,,O-20260309-052056-001-000-1050,,9a685d32-0d1d-48f1-936f-d1f24dfdb4ad,2026-03-09 05:20:56.625019983+00:00,2026-03-09 05:20:56.625019983+00:00
BACKTESTER-001,OracleStrategy-000,MESM6.GLBX,GLBX-1-779,MESM6.GLBX-OracleStrategy-000,GLBX-001,GLBX-1-779,MARKET,BUY,1,GTC,False,False,1,TAKER,6670.0,0.0,['0.00 USD'],NO_TRIGGER,FILLED,NO_CONTINGENCY,,,,MY_GENERIC_ALGO,,O-20260309-052056-001-000-1051,,87cbe9ab-0cb9-4355-ac55-ccecaf5a584c,2026-03-09 05:20:56.625019983+00:00,2026-03-09 05:20:56.625019983+00:00
BACKTESTER-001,OracleStrategy-000,MESM6.GLBX,GLBX-1-780,MESM6.GLBX-OracleStrategy-000,GLBX-001,GLBX-1-780,MARKET,SELL,1,GTC,True,False,1,TAKER,6672.5,0.0,['0.00 USD'],NO_TRIGGER,FILLED,NO_CONTINGENCY,,,,MY_GENERIC_ALGO,,O-20260309-052103-001-000-1052,,1618598e-22f1-43e2-a486-481fab730ffa,2026-03-09 05:21:03.942256216+00:00,2026-03-09 05:21:03.942256216+00:00
BACKTESTER-001,OracleStrategy-000,MESM6.GLBX,GLBX-1-781,MESM6.GLBX-OracleStrategy-000,GLBX-001,GLBX-1-781,MARKET,SELL,1,GTC,False,False,1,TAKER,6672.5,0.0,['0.00 USD'],NO_TRIGGER,FILLED,NO_CONTINGENCY,,,,MY_GENERIC_ALGO,,O-20260309-052103-001-000-1053,,ce389607-8bc8-4cd4-856a-cc731217d9b8,2026-03-09 05:21:03.942256216+00:00,2026-03-09 05:21:03.942256216+00:00
BACKTESTER-001,OracleStrategy-000,MESM6.GLBX,GLBX-1-782,MESM6.GLBX-OracleStrategy-000,GLBX-001,GLBX-1-782,MARKET,BUY,1,GTC,True,False,1,TAKER,6672.75,0.0,['0.00 USD'],NO_TRIGGER,FILLED,NO_CONTINGENCY,,,,MY_GENERIC_ALGO,,O-20260309-052107-001-000-1054,,038fc4f3-39c4-439a-bc76-e9f67b1136d4,2026-03-09 05:21:07.240262498+00:00,2026-03-09 05:21:07.240262498+00:00
BACKTESTER-001,OracleStrategy-000,MESM6.GLBX,GLBX-1-783,MESM6.GLBX-OracleStrategy-000,GLBX-001,GLBX-1-783,MARKET,BUY,1,GTC,False,False,1,TAKER,6672.75,0.0,['0.00 USD'],NO_TRIGGER,FILLED,NO_CONTINGENCY,,,,MY_GENERIC_ALGO,,O-20260309-052107-001-000-1055,,3ceb875f-d087-48c0-8411-c67aca93fdac,2026-03-09 05:21:07.240262498+00:00,2026-03-09 05:21:07.240262498+00:00
BACKTESTER-001,OracleStrategy-000,MESM6.GLBX,GLBX-1-784,MESM6.GLBX-OracleStrategy-000,GLBX-001,GLBX-1-784,MARKET,SELL,1,GTC,True,False,1,TAKER,6671.25,0.0,['0.00 USD'],NO_TRIGGER,FILLED,NO_CONTINGENCY,,,,MY_GENERIC_ALGO,,O-20260309-052127-001-000-1056,,2c5bdd39-abe7-42fd-b8a0-2470e8f84e6c,2026-03-09 05:21:27.068592316+00:00,2026-03-09 05:21:27.068592316+00:00
BACKTESTER-001,OracleStrategy-000,MESM6.GLBX,GLBX-1-785,MESM6.GLBX-OracleStrategy-000,GLBX-001,GLBX-1-785,MARKET,SELL,1,GTC,False,False,1,TAKER,6671.25,0.0,['0.00 USD'],NO_TRIGGER,FILLED,NO_CONTINGENCY,,,,MY_GENERIC_ALGO,,O-20260309-052127-001-000-1057,,6451f1c7-67be-4392-a199-55159497b306,2026-03-09 05:21:27.068592316+00:00,2026-03-09 05:21:27.068592316+00:00
BACKTESTER-001,OracleStrategy-000,MESM6.GLBX,GLBX-1-786,MESM6.GLBX-OracleStrategy-000,GLBX-001,GLBX-1-786,MARKET,BUY,1,GTC,True,False,1,TAKER,6676.5,0.0,['0.00 USD'],NO_TRIGGER,FILLED,NO_CONTINGENCY,,,,MY_GENERIC_ALGO,,O-20260309-052132-001-000-1058,,09366096-b095-4ec4-8994-784fe8744b72,2026-03-09 05:21:32.415126792+00:00,2026-03-09 05:21:32.415126792+00:00
BACKTESTER-001,OracleStrategy-000,MESM6.GLBX,GLBX-1-787,MESM6.GLBX-OracleStrategy-000,GLBX-001,GLBX-1-787,MARKET,SELL,1,GTC,False,False,1,TAKER,6674.25,0.0,['0.00 USD'],NO_TRIGGER,FILLED,NO_CONTINGENCY,,,,MY_GENERIC_ALGO,,O-20260309-070505-001-000-1397,,b717358e-48de-4d4c-8f2d-e37ebc279b3b,2026-03-09 07:05:05.673773134+00:00,2026-03-09 07:05:05.673773134+00:00
BACKTESTER-001,OracleStrategy-000,MESM6.GLBX,GLBX-1-788,MESM6.GLBX-OracleStrategy-000,GLBX-001,GLBX-1-788,MARKET,BUY,1,GTC,True,False,1,TAKER,6682.0,0.0,['0.00 USD'],NO_TRIGGER,FILLED,NO_CONTINGENCY,,,,MY_GENERIC_ALGO,,O-20260309-070653-001-000-1398,,4bddac6b-d72f-4405-9791-346664a19ca0,2026-03-09 07:06:53.417804063+00:00,2026-03-09 07:06:53.417804063+00:00
