{
  "starting_balance": 1000000.0,
  "final_equity": 1002244.0,
  "total_return_pct": 0.2244,
  "realized_pnl": 2244.0,
  "max_drawdown_pct": -0.0003742139635695222,
  "sharpe_ratio": 344.9707720650699,
  "trade_count": 967,
  "winners": 822,
  "losers": 97,
  "win_rate": 0.8500517063081696,
  "long_count": 483,
  "short_count": 484,
  "order_count": 1934,
  "fill_count": 1934,
  "total_commissions": 0.0,
  "mean_slippage": 0.0,
  "max_abs_slippage": 0.0
}