{
  "starting_balance": 1000000.0,
  "final_equity": 1001774.25,
  "total_return_pct": 0.177425,
  "realized_pnl": 1774.25,
  "max_drawdown_pct": -0.00044922463827433846,
  "sharpe_ratio": 482.6269981728237,
  "trade_count": 4168,
  "winners": 2427,
  "losers": 816,
  "win_rate": 0.5822936660268714,
  "long_count": 2084,
  "short_count": 2084,
  "order_count": 8337,
  "fill_count": 8337,
  "total_commissions": 0.0,
  "mean_slippage": 0.0,
  "max_abs_slippage": 0.0
}