{
  "starting_balance": 1000000.0,
  "final_equity": 999926.8,
  "total_return_pct": -0.007319999999995344,
  "realized_pnl": -73.2,
  "max_drawdown_pct": -0.012379407026408091,
  "sharpe_ratio": -15.732572564748052,
  "trade_count": 69,
  "winners": 20,
  "losers": 48,
  "win_rate": 0.2898550724637681,
  "long_count": 35,
  "short_count": 34,
  "order_count": 138,
  "fill_count": 138,
  "total_commissions": 0.0,
  "mean_slippage": 0.0,
  "max_abs_slippage": 0.0
}