{
  "starting_balance": 1000000.0,
  "final_equity": 1002172.74,
  "total_return_pct": 0.21727399999999908,
  "realized_pnl": 2172.74,
  "max_drawdown_pct": -0.000599463336442683,
  "sharpe_ratio": 361.1291674954752,
  "trade_count": 1668,
  "winners": 1212,
  "losers": 298,
  "win_rate": 0.7266187050359713,
  "long_count": 834,
  "short_count": 834,
  "order_count": 3337,
  "fill_count": 3337,
  "total_commissions": 0.0,
  "mean_slippage": 0.0,
  "max_abs_slippage": 0.0
}