{
  "starting_balance": 1000000.0,
  "final_equity": 1000393.25,
  "total_return_pct": 0.039325,
  "realized_pnl": 393.25,
  "max_drawdown_pct": -0.0002499653797948984,
  "sharpe_ratio": 150.459847457227,
  "trade_count": 139,
  "winners": 114,
  "losers": 17,
  "win_rate": 0.8201438848920863,
  "long_count": 69,
  "short_count": 70,
  "order_count": 289,
  "fill_count": 278,
  "total_commissions": 0.0,
  "mean_slippage": 0.0,
  "max_abs_slippage": 0.0
}