{
  "starting_balance": 1000000.0,
  "final_equity": 1002533.0,
  "total_return_pct": 0.2533,
  "realized_pnl": 2533.0,
  "max_drawdown_pct": -0.0008238186440644116,
  "sharpe_ratio": 333.6579590425315,
  "trade_count": 1194,
  "winners": 902,
  "losers": 223,
  "win_rate": 0.7554438860971524,
  "long_count": 597,
  "short_count": 597,
  "order_count": 2389,
  "fill_count": 2389,
  "total_commissions": 0.0,
  "mean_slippage": 0.0,
  "max_abs_slippage": 0.0
}