trader_id,strategy_id,instrument_id,venue_order_id,position_id,account_id,last_trade_id,type,side,quantity,time_in_force,is_reduce_only,is_quote_quantity,filled_qty,liquidity_side,avg_px,slippage,commissions,emulation_trigger,status,contingency_type,order_list_id,linked_order_ids,parent_order_id,exec_algorithm_id,exec_algorithm_params,exec_spawn_id,tags,init_id,ts_init,ts_last
BACKTESTER-001,OracleStrategy-000,MESM6.GLBX,GLBX-1-001,MESM6.GLBX-OracleStrategy-000,GLBX-001,GLBX-1-001,MARKET,SELL,1,GTC,False,False,1,TAKER,6745.0,0.0,['0.00 USD'],NO_TRIGGER,FILLED,NO_CONTINGENCY,,,,MY_GENERIC_ALGO,,O-20260308-220000-001-000-1,,9af55698-3560-4611-8785-319ce6dd5bd1,2026-03-08 22:00:00.136210549+00:00,2026-03-08 22:00:00.136210549+00:00
BACKTESTER-001,OracleStrategy-000,MESM6.GLBX,GLBX-1-002,MESM6.GLBX-OracleStrategy-000,GLBX-001,GLBX-1-002,MARKET,BUY,1,GTC,True,False,1,TAKER,6720.0,0.0,['0.00 USD'],NO_TRIGGER,FILLED,NO_CONTINGENCY,,,,MY_GENERIC_ALGO,,O-20260308-220040-001-000-2,,cc311e5e-772e-45ae-80e8-6f57123aadc1,2026-03-08 22:00:40.372954511+00:00,2026-03-08 22:00:40.372954511+00:00
BACKTESTER-001,OracleStrategy-000,MESM6.GLBX,GLBX-1-003,MESM6.GLBX-OracleStrategy-000,GLBX-001,GLBX-1-003,MARKET,BUY,1,GTC,False,False,1,TAKER,6720.0,0.0,['0.00 USD'],NO_TRIGGER,FILLED,NO_CONTINGENCY,,,,MY_GENERIC_ALGO,,O-20260308-220040-001-000-3,,28ad0c1f-000e-4ba5-97f6-f9daafcc2d03,2026-03-08 22:00:40.372954511+00:00,2026-03-08 22:00:40.372954511+00:00
BACKTESTER-001,OracleStrategy-000,MESM6.GLBX,GLBX-1-004,MESM6.GLBX-OracleStrategy-000,GLBX-001,GLBX-1-004,MARKET,SELL,1,GTC,True,False,1,TAKER,6720.0,0.0,['0.00 USD'],NO_TRIGGER,FILLED,NO_CONTINGENCY,,,,MY_GENERIC_ALGO,,O-20260308-220043-001-000-4,,e5c4d76f-3274-49eb-91b1-1b3f2ceae471,2026-03-08 22:00:43.544532484+00:00,2026-03-08 22:00:43.544532484+00:00
BACKTESTER-001,OracleStrategy-000,MESM6.GLBX,GLBX-1-005,MESM6.GLBX-OracleStrategy-000,GLBX-001,GLBX-1-005,MARKET,SELL,1,GTC,False,False,1,TAKER,6720.0,0.0,['0.00 USD'],NO_TRIGGER,FILLED,NO_CONTINGENCY,,,,MY_GENERIC_ALGO,,O-20260308-220043-001-000-5,,935a9c12-d1ce-488b-a302-3c546e4b92ae,2026-03-08 22:00:43.544532484+00:00,2026-03-08 22:00:43.544532484+00:00
BACKTESTER-001,OracleStrategy-000,MESM6.GLBX,GLBX-1-006,MESM6.GLBX-OracleStrategy-000,GLBX-001,GLBX-1-006,MARKET,BUY,1,GTC,True,False,1,TAKER,6711.0,0.0,['0.00 USD'],NO_TRIGGER,FILLED,NO_CONTINGENCY,,,,MY_GENERIC_ALGO,,O-20260308-220121-001-000-6,,3fc6dadd-a159-4373-accb-55ca6dd80033,2026-03-08 22:01:21.642410037+00:00,2026-03-08 22:01:21.642410037+00:00
BACKTESTER-001,OracleStrategy-000,MESM6.GLBX,GLBX-1-007,MESM6.GLBX-OracleStrategy-000,GLBX-001,GLBX-1-007,MARKET,BUY,1,GTC,False,False,1,TAKER,6711.0,0.0,['0.00 USD'],NO_TRIGGER,FILLED,NO_CONTINGENCY,,,,MY_GENERIC_ALGO,,O-20260308-220121-001-000-7,,246cc5ba-f11c-4b9d-955e-210e307ca360,2026-03-08 22:01:21.642410037+00:00,2026-03-08 22:01:21.642410037+00:00
BACKTESTER-001,OracleStrategy-000,MESM6.GLBX,GLBX-1-008,MESM6.GLBX-OracleStrategy-000,GLBX-001,GLBX-1-008,MARKET,SELL,1,GTC,True,False,1,TAKER,6708.5,0.0,['0.00 USD'],NO_TRIGGER,FILLED,NO_CONTINGENCY,,,,MY_GENERIC_ALGO,,O-20260308-220124-001-000-8,,4cb44dcf-a7f4-449b-9150-334fe57c9435,2026-03-08 22:01:24.270974314+00:00,2026-03-08 22:01:24.270974314+00:00
BACKTESTER-001,OracleStrategy-000,MESM6.GLBX,GLBX-1-009,MESM6.GLBX-OracleStrategy-000,GLBX-001,GLBX-1-009,MARKET,SELL,1,GTC,False,False,1,TAKER,6708.5,0.0,['0.00 USD'],NO_TRIGGER,FILLED,NO_CONTINGENCY,,,,MY_GENERIC_ALGO,,O-20260308-220124-001-000-9,,09834e86-af21-45c8-a5f2-31e0ab33e072,2026-03-08 22:01:24.270974314+00:00,2026-03-08 22:01:24.270974314+00:00
BACKTESTER-001,OracleStrategy-000,MESM6.GLBX,GLBX-1-010,MESM6.GLBX-OracleStrategy-000,GLBX-001,GLBX-1-010,MARKET,BUY,1,GTC,True,False,1,TAKER,6697.0,0.0,['0.00 USD'],NO_TRIGGER,FILLED,NO_CONTINGENCY,,,,MY_GENERIC_ALGO,,O-20260308-220207-001-000-10,,d7f8ff9e-cfc8-40ce-bf51-2ede691c027e,2026-03-08 22:02:07.565296856+00:00,2026-03-08 22:02:07.565296856+00:00
BACKTESTER-001,OracleStrategy-000,MESM6.GLBX,GLBX-1-011,MESM6.GLBX-OracleStrategy-000,GLBX-001,GLBX-1-011,MARKET,BUY,1,GTC,False,False,1,TAKER,6697.0,0.0,['0.00 USD'],NO_TRIGGER,FILLED,NO_CONTINGENCY,,,,MY_GENERIC_ALGO,,O-20260308-220207-001-000-11,,05b907f1-65bf-446a-9ec9-a125c9133ad0,2026-03-08 22:02:07.565296856+00:00,2026-03-08 22:02:07.565296856+00:00
BACKTESTER-001,OracleStrategy-000,MESM6.GLBX,GLBX-1-012,MESM6.GLBX-OracleStrategy-000,GLBX-001,GLBX-1-012,MARKET,SELL,1,GTC,True,False,1,TAKER,6697.75,0.0,['0.00 USD'],NO_TRIGGER,FILLED,NO_CONTINGENCY,,,,MY_GENERIC_ALGO,,O-20260308-220217-001-000-12,,1e8da992-0c63-4ecf-b72f-e52718f86aee,2026-03-08 22:02:17.413527063+00:00,2026-03-08 22:02:17.413527063+00:00
BACKTESTER-001,OracleStrategy-000,MESM6.GLBX,GLBX-1-013,MESM6.GLBX-OracleStrategy-000,GLBX-001,GLBX-1-013,MARKET,SELL,1,GTC,False,False,1,TAKER,6697.75,0.0,['0.00 USD'],NO_TRIGGER,FILLED,NO_CONTINGENCY,,,,MY_GENERIC_ALGO,,O-20260308-220217-001-000-13,,805dc5ec-cbba-43b2-9368-ec8ff263f8e5,2026-03-08 22:02:17.413527063+00:00,2026-03-08 22:02:17.413527063+00:00
BACKTESTER-001,OracleStrategy-000,MESM6.GLBX,GLBX-1-014,MESM6.GLBX-OracleStrategy-000,GLBX-001,GLBX-1-014,MARKET,BUY,1,GTC,True,False,1,TAKER,6696.25,0.0,['0.00 USD'],NO_TRIGGER,FILLED,NO_CONTINGENCY,,,,MY_GENERIC_ALGO,,O-20260308-220241-001-000-14,,d166ee93-b663-44ef-98d7-663974d59e2f,2026-03-08 22:02:41.213193896+00:00,2026-03-08 22:02:41.213193896+00:00
BACKTESTER-001,OracleStrategy-000,MESM6.GLBX,GLBX-1-015,MESM6.GLBX-OracleStrategy-000,GLBX-001,GLBX-1-015,MARKET,BUY,1,GTC,False,False,1,TAKER,6696.25,0.0,['0.00 USD'],NO_TRIGGER,FILLED,NO_CONTINGENCY,,,,MY_GENERIC_ALGO,,O-20260308-220241-001-000-15,,8436d227-cfe6-4637-8105-492f4c6437fe,2026-03-08 22:02:41.213193896+00:00,2026-03-08 22:02:41.213193896+00:00
BACKTESTER-001,OracleStrategy-000,MESM6.GLBX,GLBX-1-016,MESM6.GLBX-OracleStrategy-000,GLBX-001,GLBX-1-016,MARKET,SELL,1,GTC,True,False,1,TAKER,6698.0,0.0,['0.00 USD'],NO_TRIGGER,FILLED,NO_CONTINGENCY,,,,MY_GENERIC_ALGO,,O-20260308-220245-001-000-16,,f4294304-c820-477e-b1eb-b9195f313ac1,2026-03-08 22:02:45.586807037+00:00,2026-03-08 22:02:45.586807037+00:00
BACKTESTER-001,OracleStrategy-000,MESM6.GLBX,GLBX-1-017,MESM6.GLBX-OracleStrategy-000,GLBX-001,GLBX-1-017,MARKET,SELL,1,GTC,False,False,1,TAKER,6698.0,0.0,['0.00 USD'],NO_TRIGGER,FILLED,NO_CONTINGENCY,,,,MY_GENERIC_ALGO,,O-20260308-220245-001-000-17,,c4f83d4f-694b-4d3a-8fe6-687c0b56bea6,2026-03-08 22:02:45.586807037+00:00,2026-03-08 22:02:45.586807037+00:00
BACKTESTER-001,OracleStrategy-000,MESM6.GLBX,GLBX-1-018,MESM6.GLBX-OracleStrategy-000,GLBX-001,GLBX-1-018,MARKET,BUY,1,GTC,True,False,1,TAKER,6695.0,0.0,['0.00 USD'],NO_TRIGGER,FILLED,NO_CONTINGENCY,,,,MY_GENERIC_ALGO,,O-20260308-220251-001-000-18,,b6015749-7c42-45f7-9a44-48dbe3af5042,2026-03-08 22:02:51.160079784+00:00,2026-03-08 22:02:51.160079784+00:00
BACKTESTER-001,OracleStrategy-000,MESM6.GLBX,GLBX-1-019,MESM6.GLBX-OracleStrategy-000,GLBX-001,GLBX-1-019,MARKET,BUY,1,GTC,False,False,1,TAKER,6695.0,0.0,['0.00 USD'],NO_TRIGGER,FILLED,NO_CONTINGENCY,,,,MY_GENERIC_ALGO,,O-20260308-220251-001-000-19,,0f325de2-be6c-4e8f-a366-80721b82fc88,2026-03-08 22:02:51.160079784+00:00,2026-03-08 22:02:51.160079784+00:00
BACKTESTER-001,OracleStrategy-000,MESM6.GLBX,GLBX-1-020,MESM6.GLBX-OracleStrategy-000,GLBX-001,GLBX-1-020,MARKET,SELL,1,GTC,True,False,1,TAKER,6699.5,0.0,['0.00 USD'],NO_TRIGGER,FILLED,NO_CONTINGENCY,,,,MY_GENERIC_ALGO,,O-20260308-220330-001-000-20,,c5ecee18-3fe0-4934-8c16-a894b07bb03b,2026-03-08 22:03:30.702788291+00:00,2026-03-08 22:03:30.702788291+00:00
BACKTESTER-001,OracleStrategy-000,MESM6.GLBX,GLBX-1-021,MESM6.GLBX-OracleStrategy-000,GLBX-001,GLBX-1-021,MARKET,SELL,1,GTC,False,False,1,TAKER,6699.5,0.0,['0.00 USD'],NO_TRIGGER,FILLED,NO_CONTINGENCY,,,,MY_GENERIC_ALGO,,O-20260308-220330-001-000-21,,ff343cf2-1f75-432a-a3fb-9cd26cf4f131,2026-03-08 22:03:30.702788291+00:00,2026-03-08 22:03:30.702788291+00:00
BACKTESTER-001,OracleStrategy-000,MESM6.GLBX,GLBX-1-022,MESM6.GLBX-OracleStrategy-000,GLBX-001,GLBX-1-022,MARKET,BUY,1,GTC,True,False,1,TAKER,6701.25,0.0,['0.00 USD'],NO_TRIGGER,FILLED,NO_CONTINGENCY,,,,MY_GENERIC_ALGO,,O-20260308-220333-001-000-22,,22b4357d-aba9-48ea-986b-55143a436263,2026-03-08 22:03:33.796182672+00:00,2026-03-08 22:03:33.796182672+00:00
BACKTESTER-001,OracleStrategy-000,MESM6.GLBX,GLBX-1-023,MESM6.GLBX-OracleStrategy-000,GLBX-001,GLBX-1-023,MARKET,BUY,1,GTC,False,False,1,TAKER,6701.25,0.0,['0.00 USD'],NO_TRIGGER,FILLED,NO_CONTINGENCY,,,,MY_GENERIC_ALGO,,O-20260308-220333-001-000-23,,b392b1b5-f474-4f0f-b2a2-0d8079a5ea07,2026-03-08 22:03:33.796182672+00:00,2026-03-08 22:03:33.796182672+00:00
BACKTESTER-001,OracleStrategy-000,MESM6.GLBX,GLBX-1-024,MESM6.GLBX-OracleStrategy-000,GLBX-001,GLBX-1-024,MARKET,SELL,1,GTC,True,False,1,TAKER,6703.0,0.0,['0.00 USD'],NO_TRIGGER,FILLED,NO_CONTINGENCY,,,,MY_GENERIC_ALGO,,O-20260308-220338-001-000-24,,890ae289-98c4-4740-862d-e98f848a4435,2026-03-08 22:03:38.616748022+00:00,2026-03-08 22:03:38.616748022+00:00
BACKTESTER-001,OracleStrategy-000,MESM6.GLBX,GLBX-1-025,MESM6.GLBX-OracleStrategy-000,GLBX-001,GLBX-1-025,MARKET,SELL,1,GTC,False,False,1,TAKER,6703.0,0.0,['0.00 USD'],NO_TRIGGER,FILLED,NO_CONTINGENCY,,,,MY_GENERIC_ALGO,,O-20260308-220338-001-000-25,,ca615162-abf8-472e-8db9-608c3fbccea6,2026-03-08 22:03:38.616748022+00:00,2026-03-08 22:03:38.616748022+00:00
BACKTESTER-001,OracleStrategy-000,MESM6.GLBX,GLBX-1-026,MESM6.GLBX-OracleStrategy-000,GLBX-001,GLBX-1-026,MARKET,BUY,1,GTC,True,False,1,TAKER,6702.5,0.0,['0.00 USD'],NO_TRIGGER,FILLED,NO_CONTINGENCY,,,,MY_GENERIC_ALGO,,O-20260308-220339-001-000-26,,e169a796-6f91-47ce-9ba6-3ad861733779,2026-03-08 22:03:39.894842613+00:00,2026-03-08 22:03:39.894842613+00:00
BACKTESTER-001,OracleStrategy-000,MESM6.GLBX,GLBX-1-027,MESM6.GLBX-OracleStrategy-000,GLBX-001,GLBX-1-027,MARKET,BUY,1,GTC,False,False,1,TAKER,6702.5,0.0,['0.00 USD'],NO_TRIGGER,FILLED,NO_CONTINGENCY,,,,MY_GENERIC_ALGO,,O-20260308-220339-001-000-27,,ecd09972-b026-4a37-b6d7-9224e7c74840,2026-03-08 22:03:39.894842613+00:00,2026-03-08 22:03:39.894842613+00:00
BACKTESTER-001,OracleStrategy-000,MESM6.GLBX,GLBX-1-028,MESM6.GLBX-OracleStrategy-000,GLBX-001,GLBX-1-028,MARKET,SELL,1,GTC,True,False,1,TAKER,6702.5,0.0,['0.00 USD'],NO_TRIGGER,FILLED,NO_CONTINGENCY,,,,MY_GENERIC_ALGO,,O-20260308-220357-001-000-28,,ebbaeaaa-f67c-432d-8755-6ea042d1bd07,2026-03-08 22:03:57.737283339+00:00,2026-03-08 22:03:57.737283339+00:00
BACKTESTER-001,OracleStrategy-000,MESM6.GLBX,GLBX-1-029,MESM6.GLBX-OracleStrategy-000,GLBX-001,GLBX-1-029,MARKET,SELL,1,GTC,False,False,1,TAKER,6702.5,0.0,['0.00 USD'],NO_TRIGGER,FILLED,NO_CONTINGENCY,,,,MY_GENERIC_ALGO,,O-20260308-220357-001-000-29,,33e2d843-ecec-4ad7-aa69-4f64f91e8d84,2026-03-08 22:03:57.737283339+00:00,2026-03-08 22:03:57.737283339+00:00
BACKTESTER-001,OracleStrategy-000,MESM6.GLBX,GLBX-1-030,MESM6.GLBX-OracleStrategy-000,GLBX-001,GLBX-1-030,MARKET,BUY,1,GTC,True,False,1,TAKER,6702.5,0.0,['0.00 USD'],NO_TRIGGER,FILLED,NO_CONTINGENCY,,,,MY_GENERIC_ALGO,,O-20260308-220417-001-000-30,,0059f7c4-7cc0-4859-a5ec-753970b0e6dc,2026-03-08 22:04:17.770426699+00:00,2026-03-08 22:04:17.770426699+00:00
BACKTESTER-001,OracleStrategy-000,MESM6.GLBX,GLBX-1-031,MESM6.GLBX-OracleStrategy-000,GLBX-001,GLBX-1-031,MARKET,BUY,1,GTC,False,False,1,TAKER,6702.5,0.0,['0.00 USD'],NO_TRIGGER,FILLED,NO_CONTINGENCY,,,,MY_GENERIC_ALGO,,O-20260308-220417-001-000-31,,2f7c8b39-a31a-4c16-bbbf-e4d81a11984d,2026-03-08 22:04:17.770426699+00:00,2026-03-08 22:04:17.770426699+00:00
BACKTESTER-001,OracleStrategy-000,MESM6.GLBX,GLBX-1-032,MESM6.GLBX-OracleStrategy-000,GLBX-001,GLBX-1-032,MARKET,SELL,1,GTC,True,False,1,TAKER,6700.75,0.0,['0.00 USD'],NO_TRIGGER,FILLED,NO_CONTINGENCY,,,,MY_GENERIC_ALGO,,O-20260308-220418-001-000-32,,37349ee4-8a80-4c7d-aefb-e9e9059edfd5,2026-03-08 22:04:18.921533951+00:00,2026-03-08 22:04:18.921533951+00:00
BACKTESTER-001,OracleStrategy-000,MESM6.GLBX,GLBX-1-033,MESM6.GLBX-OracleStrategy-000,GLBX-001,GLBX-1-033,MARKET,SELL,1,GTC,False,False,1,TAKER,6700.75,0.0,['0.00 USD'],NO_TRIGGER,FILLED,NO_CONTINGENCY,,,,MY_GENERIC_ALGO,,O-20260308-220418-001-000-33,,20f0346b-b8d0-47a3-afce-1dd9c25cec3d,2026-03-08 22:04:18.921533951+00:00,2026-03-08 22:04:18.921533951+00:00
BACKTESTER-001,OracleStrategy-000,MESM6.GLBX,GLBX-1-034,MESM6.GLBX-OracleStrategy-000,GLBX-001,GLBX-1-034,MARKET,BUY,1,GTC,True,False,1,TAKER,6695.25,0.0,['0.00 USD'],NO_TRIGGER,FILLED,NO_CONTINGENCY,,,,MY_GENERIC_ALGO,,O-20260308-220431-001-000-34,,83263960-dd6b-4f45-8cbf-535b8d24dc48,2026-03-08 22:04:31.799008707+00:00,2026-03-08 22:04:31.799008707+00:00
BACKTESTER-001,OracleStrategy-000,MESM6.GLBX,GLBX-1-035,MESM6.GLBX-OracleStrategy-000,GLBX-001,GLBX-1-035,MARKET,BUY,1,GTC,False,False,1,TAKER,6695.25,0.0,['0.00 USD'],NO_TRIGGER,FILLED,NO_CONTINGENCY,,,,MY_GENERIC_ALGO,,O-20260308-220431-001-000-35,,97b4cde8-ecc6-41b6-b5dc-cbc9441ba408,2026-03-08 22:04:31.799008707+00:00,2026-03-08 22:04:31.799008707+00:00
BACKTESTER-001,OracleStrategy-000,MESM6.GLBX,GLBX-1-036,MESM6.GLBX-OracleStrategy-000,GLBX-001,GLBX-1-036,MARKET,SELL,1,GTC,True,False,1,TAKER,6699.0,0.0,['0.00 USD'],NO_TRIGGER,FILLED,NO_CONTINGENCY,,,,MY_GENERIC_ALGO,,O-20260308-220447-001-000-36,,3d2c1227-38ae-43e6-9fec-861627956ae4,2026-03-08 22:04:47.450960355+00:00,2026-03-08 22:04:47.450960355+00:00
BACKTESTER-001,OracleStrategy-000,MESM6.GLBX,GLBX-1-037,MESM6.GLBX-OracleStrategy-000,GLBX-001,GLBX-1-037,MARKET,SELL,1,GTC,False,False,1,TAKER,6699.0,0.0,['0.00 USD'],NO_TRIGGER,FILLED,NO_CONTINGENCY,,,,MY_GENERIC_ALGO,,O-20260308-220447-001-000-37,,a50a2252-543a-476a-a0bf-35ef6e950058,2026-03-08 22:04:47.450960355+00:00,2026-03-08 22:04:47.450960355+00:00
BACKTESTER-001,OracleStrategy-000,MESM6.GLBX,GLBX-1-038,MESM6.GLBX-OracleStrategy-000,GLBX-001,GLBX-1-038,MARKET,BUY,1,GTC,True,False,1,TAKER,6689.0,0.0,['0.00 USD'],NO_TRIGGER,FILLED,NO_CONTINGENCY,,,,MY_GENERIC_ALGO,,O-20260308-220520-001-000-38,,0a03184a-c299-4ab9-b6de-73d74c503807,2026-03-08 22:05:20.672755643+00:00,2026-03-08 22:05:20.672755643+00:00
BACKTESTER-001,OracleStrategy-000,MESM6.GLBX,GLBX-1-039,MESM6.GLBX-OracleStrategy-000,GLBX-001,GLBX-1-039,MARKET,BUY,1,GTC,False,False,1,TAKER,6689.0,0.0,['0.00 USD'],NO_TRIGGER,FILLED,NO_CONTINGENCY,,,,MY_GENERIC_ALGO,,O-20260308-220520-001-000-39,,7f907a9e-dfa2-45fb-8e09-c66cf430f5f6,2026-03-08 22:05:20.672755643+00:00,2026-03-08 22:05:20.672755643+00:00
BACKTESTER-001,OracleStrategy-000,MESM6.GLBX,GLBX-1-040,MESM6.GLBX-OracleStrategy-000,GLBX-001,GLBX-1-040,MARKET,SELL,1,GTC,True,False,1,TAKER,6687.75,0.0,['0.00 USD'],NO_TRIGGER,FILLED,NO_CONTINGENCY,,,,MY_GENERIC_ALGO,,O-20260308-220521-001-000-40,,61227b5d-252b-43b2-8459-a2d65df04fbc,2026-03-08 22:05:21.838041397+00:00,2026-03-08 22:05:21.838041397+00:00
BACKTESTER-001,OracleStrategy-000,MESM6.GLBX,GLBX-1-041,MESM6.GLBX-OracleStrategy-000,GLBX-001,GLBX-1-041,MARKET,SELL,1,GTC,False,False,1,TAKER,6687.75,0.0,['0.00 USD'],NO_TRIGGER,FILLED,NO_CONTINGENCY,,,,MY_GENERIC_ALGO,,O-20260308-220521-001-000-41,,d04f6640-3c04-429f-ac3c-06cc4880ff79,2026-03-08 22:05:21.838041397+00:00,2026-03-08 22:05:21.838041397+00:00
BACKTESTER-001,OracleStrategy-000,MESM6.GLBX,GLBX-1-042,MESM6.GLBX-OracleStrategy-000,GLBX-001,GLBX-1-042,MARKET,BUY,1,GTC,True,False,1,TAKER,6686.0,0.0,['0.00 USD'],NO_TRIGGER,FILLED,NO_CONTINGENCY,,,,MY_GENERIC_ALGO,,O-20260308-220527-001-000-42,,5715f8b1-e186-4e6b-8dbc-61b05c0a98d9,2026-03-08 22:05:27.450625877+00:00,2026-03-08 22:05:27.450625877+00:00
BACKTESTER-001,OracleStrategy-000,MESM6.GLBX,GLBX-1-043,MESM6.GLBX-OracleStrategy-000,GLBX-001,GLBX-1-043,MARKET,BUY,1,GTC,False,False,1,TAKER,6686.0,0.0,['0.00 USD'],NO_TRIGGER,FILLED,NO_CONTINGENCY,,,,MY_GENERIC_ALGO,,O-20260308-220527-001-000-43,,ca3e6f09-f44f-452a-82b9-2284bafb2197,2026-03-08 22:05:27.450625877+00:00,2026-03-08 22:05:27.450625877+00:00
BACKTESTER-001,OracleStrategy-000,MESM6.GLBX,GLBX-1-044,MESM6.GLBX-OracleStrategy-000,GLBX-001,GLBX-1-044,MARKET,SELL,1,GTC,True,False,1,TAKER,6684.75,0.0,['0.00 USD'],NO_TRIGGER,FILLED,NO_CONTINGENCY,,,,MY_GENERIC_ALGO,,O-20260308-220536-001-000-44,,9214e8a2-c275-45bc-85ba-7025a7dcce20,2026-03-08 22:05:36.899160089+00:00,2026-03-08 22:05:36.899160089+00:00
BACKTESTER-001,OracleStrategy-000,MESM6.GLBX,GLBX-1-045,MESM6.GLBX-OracleStrategy-000,GLBX-001,GLBX-1-045,MARKET,SELL,1,GTC,False,False,1,TAKER,6684.75,0.0,['0.00 USD'],NO_TRIGGER,FILLED,NO_CONTINGENCY,,,,MY_GENERIC_ALGO,,O-20260308-220536-001-000-45,,16d6c782-371c-4e24-b01c-3e0e17b95e91,2026-03-08 22:05:36.899160089+00:00,2026-03-08 22:05:36.899160089+00:00
BACKTESTER-001,OracleStrategy-000,MESM6.GLBX,GLBX-1-046,MESM6.GLBX-OracleStrategy-000,GLBX-001,GLBX-1-046,MARKET,BUY,1,GTC,True,False,1,TAKER,6685.5,0.0,['0.00 USD'],NO_TRIGGER,FILLED,NO_CONTINGENCY,,,,MY_GENERIC_ALGO,,O-20260308-220552-001-000-46,,0a14c95c-a4db-4348-8b53-9010180c27d6,2026-03-08 22:05:52.587402346+00:00,2026-03-08 22:05:52.587402346+00:00
BACKTESTER-001,OracleStrategy-000,MESM6.GLBX,GLBX-1-047,MESM6.GLBX-OracleStrategy-000,GLBX-001,GLBX-1-047,MARKET,BUY,1,GTC,False,False,1,TAKER,6685.75,0.0,['0.00 USD'],NO_TRIGGER,FILLED,NO_CONTINGENCY,,,,MY_GENERIC_ALGO,,O-20260308-220553-001-000-48,,f3936aa6-6054-49eb-8f13-c7caad800bea,2026-03-08 22:05:53.774567627+00:00,2026-03-08 22:05:53.774567627+00:00
BACKTESTER-001,OracleStrategy-000,MESM6.GLBX,GLBX-1-048,MESM6.GLBX-OracleStrategy-000,GLBX-001,GLBX-1-048,MARKET,SELL,1,GTC,True,False,1,TAKER,6688.25,0.0,['0.00 USD'],NO_TRIGGER,FILLED,NO_CONTINGENCY,,,,MY_GENERIC_ALGO,,O-20260308-220557-001-000-49,,b00a4441-fffc-47f4-a6bb-725ea0afa1d1,2026-03-08 22:05:57.912930971+00:00,2026-03-08 22:05:57.912930971+00:00
BACKTESTER-001,OracleStrategy-000,MESM6.GLBX,GLBX-1-049,MESM6.GLBX-OracleStrategy-000,GLBX-001,GLBX-1-049,MARKET,SELL,1,GTC,False,False,1,TAKER,6688.25,0.0,['0.00 USD'],NO_TRIGGER,FILLED,NO_CONTINGENCY,,,,MY_GENERIC_ALGO,,O-20260308-220557-001-000-50,,1fff81f6-0326-4b6f-a6a3-6f0335526f88,2026-03-08 22:05:57.912930971+00:00,2026-03-08 22:05:57.912930971+00:00
BACKTESTER-001,OracleStrategy-000,MESM6.GLBX,GLBX-1-050,MESM6.GLBX-OracleStrategy-000,GLBX-001,GLBX-1-050,MARKET,BUY,1,GTC,True,False,1,TAKER,6684.5,0.0,['0.00 USD'],NO_TRIGGER,FILLED,NO_CONTINGENCY,,,,MY_GENERIC_ALGO,,O-20260308-220623-001-000-51,,5f66ff21-7829-4825-a639-67ba78cdca0f,2026-03-08 22:06:23.617088584+00:00,2026-03-08 22:06:23.617088584+00:00
BACKTESTER-001,OracleStrategy-000,MESM6.GLBX,GLBX-1-051,MESM6.GLBX-OracleStrategy-000,GLBX-001,GLBX-1-051,MARKET,BUY,1,GTC,False,False,1,TAKER,6684.5,0.0,['0.00 USD'],NO_TRIGGER,FILLED,NO_CONTINGENCY,,,,MY_GENERIC_ALGO,,O-20260308-220623-001-000-52,,f67bc3b0-fffe-4cb6-970d-f138f3d5943d,2026-03-08 22:06:23.617088584+00:00,2026-03-08 22:06:23.617088584+00:00
BACKTESTER-001,OracleStrategy-000,MESM6.GLBX,GLBX-1-052,MESM6.GLBX-OracleStrategy-000,GLBX-001,GLBX-1-052,MARKET,SELL,1,GTC,True,False,1,TAKER,6684.75,0.0,['0.00 USD'],NO_TRIGGER,FILLED,NO_CONTINGENCY,,,,MY_GENERIC_ALGO,,O-20260308-220630-001-000-53,,08a1f930-6d0c-4a00-9402-575885851429,2026-03-08 22:06:30.831709572+00:00,2026-03-08 22:06:30.831709572+00:00
BACKTESTER-001,OracleStrategy-000,MESM6.GLBX,GLBX-1-053,MESM6.GLBX-OracleStrategy-000,GLBX-001,GLBX-1-053,MARKET,SELL,1,GTC,False,False,1,TAKER,6684.75,0.0,['0.00 USD'],NO_TRIGGER,FILLED,NO_CONTINGENCY,,,,MY_GENERIC_ALGO,,O-20260308-220630-001-000-54,,d22851a3-c780-4a43-9020-2e35b3743cd3,2026-03-08 22:06:30.831709572+00:00,2026-03-08 22:06:30.831709572+00:00
BACKTESTER-001,OracleStrategy-000,MESM6.GLBX,GLBX-1-054,MESM6.GLBX-OracleStrategy-000,GLBX-001,GLBX-1-054,MARKET,BUY,1,GTC,True,False,1,TAKER,6683.0,0.0,['0.00 USD'],NO_TRIGGER,FILLED,NO_CONTINGENCY,,,,MY_GENERIC_ALGO,,O-20260308-220634-001-000-55,,3ccdcf91-cd8a-4b62-87d8-4e2184aa0616,2026-03-08 22:06:34.847163527+00:00,2026-03-08 22:06:34.847163527+00:00
BACKTESTER-001,OracleStrategy-000,MESM6.GLBX,GLBX-1-055,MESM6.GLBX-OracleStrategy-000,GLBX-001,GLBX-1-055,MARKET,BUY,1,GTC,False,False,1,TAKER,6683.0,0.0,['0.00 USD'],NO_TRIGGER,FILLED,NO_CONTINGENCY,,,,MY_GENERIC_ALGO,,O-20260308-220634-001-000-56,,e7ae8a1b-e19f-4a7b-ac2d-78644bf934e4,2026-03-08 22:06:34.847163527+00:00,2026-03-08 22:06:34.847163527+00:00
BACKTESTER-001,OracleStrategy-000,MESM6.GLBX,GLBX-1-056,MESM6.GLBX-OracleStrategy-000,GLBX-001,GLBX-1-056,MARKET,SELL,1,GTC,True,False,1,TAKER,6681.75,0.0,['0.00 USD'],NO_TRIGGER,FILLED,NO_CONTINGENCY,,,,MY_GENERIC_ALGO,,O-20260308-220638-001-000-57,,366b6dc7-b835-448c-ab3c-155eca6d5637,2026-03-08 22:06:38.617316387+00:00,2026-03-08 22:06:38.617316387+00:00
BACKTESTER-001,OracleStrategy-000,MESM6.GLBX,GLBX-1-057,MESM6.GLBX-OracleStrategy-000,GLBX-001,GLBX-1-057,MARKET,SELL,1,GTC,False,False,1,TAKER,6681.75,0.0,['0.00 USD'],NO_TRIGGER,FILLED,NO_CONTINGENCY,,,,MY_GENERIC_ALGO,,O-20260308-220638-001-000-58,,fd70b19b-422a-4c36-b920-b4b085d8ad61,2026-03-08 22:06:38.617316387+00:00,2026-03-08 22:06:38.617316387+00:00
BACKTESTER-001,OracleStrategy-000,MESM6.GLBX,GLBX-1-058,MESM6.GLBX-OracleStrategy-000,GLBX-001,GLBX-1-058,MARKET,BUY,1,GTC,True,False,1,TAKER,6681.25,0.0,['0.00 USD'],NO_TRIGGER,FILLED,NO_CONTINGENCY,,,,MY_GENERIC_ALGO,,O-20260308-220640-001-000-59,,90e08aa5-8e56-426e-8524-5049a405bc19,2026-03-08 22:06:40.981714431+00:00,2026-03-08 22:06:40.981714431+00:00
BACKTESTER-001,OracleStrategy-000,MESM6.GLBX,GLBX-1-059,MESM6.GLBX-OracleStrategy-000,GLBX-001,GLBX-1-059,MARKET,BUY,1,GTC,False,False,1,TAKER,6681.25,0.0,['0.00 USD'],NO_TRIGGER,FILLED,NO_CONTINGENCY,,,,MY_GENERIC_ALGO,,O-20260308-220640-001-000-60,,7e1ab8fa-ad85-46af-83cd-65ec8ff0b950,2026-03-08 22:06:40.981714431+00:00,2026-03-08 22:06:40.981714431+00:00
BACKTESTER-001,OracleStrategy-000,MESM6.GLBX,GLBX-1-060,MESM6.GLBX-OracleStrategy-000,GLBX-001,GLBX-1-060,MARKET,SELL,1,GTC,True,False,1,TAKER,6681.0,0.0,['0.00 USD'],NO_TRIGGER,FILLED,NO_CONTINGENCY,,,,MY_GENERIC_ALGO,,O-20260308-220643-001-000-61,,4cc78d6c-8722-48a7-8e8f-4033d99fdb99,2026-03-08 22:06:43.474451595+00:00,2026-03-08 22:06:43.474451595+00:00
BACKTESTER-001,OracleStrategy-000,MESM6.GLBX,GLBX-1-061,MESM6.GLBX-OracleStrategy-000,GLBX-001,GLBX-1-061,MARKET,SELL,1,GTC,False,False,1,TAKER,6681.0,0.0,['0.00 USD'],NO_TRIGGER,FILLED,NO_CONTINGENCY,,,,MY_GENERIC_ALGO,,O-20260308-220643-001-000-62,,3c35ccfe-bd6b-4c87-9620-40b5bc99fec7,2026-03-08 22:06:43.474451595+00:00,2026-03-08 22:06:43.474451595+00:00
BACKTESTER-001,OracleStrategy-000,MESM6.GLBX,GLBX-1-062,MESM6.GLBX-OracleStrategy-000,GLBX-001,GLBX-1-062,MARKET,BUY,1,GTC,True,False,1,TAKER,6677.5,0.0,['0.00 USD'],NO_TRIGGER,FILLED,NO_CONTINGENCY,,,,MY_GENERIC_ALGO,,O-20260308-220649-001-000-63,,05f9039b-5d16-42ea-a9b5-fa8e382bcba1,2026-03-08 22:06:49.915777289+00:00,2026-03-08 22:06:49.915777289+00:00
BACKTESTER-001,OracleStrategy-000,MESM6.GLBX,GLBX-1-063,MESM6.GLBX-OracleStrategy-000,GLBX-001,GLBX-1-063,MARKET,BUY,1,GTC,False,False,1,TAKER,6677.5,0.0,['0.00 USD'],NO_TRIGGER,FILLED,NO_CONTINGENCY,,,,MY_GENERIC_ALGO,,O-20260308-220649-001-000-64,,df2600e9-06fc-47fb-9f0d-3a6f726b0a54,2026-03-08 22:06:49.915777289+00:00,2026-03-08 22:06:49.915777289+00:00
BACKTESTER-001,OracleStrategy-000,MESM6.GLBX,GLBX-1-064,MESM6.GLBX-OracleStrategy-000,GLBX-001,GLBX-1-064,MARKET,SELL,1,GTC,True,False,1,TAKER,6689.0,0.0,['0.00 USD'],NO_TRIGGER,FILLED,NO_CONTINGENCY,,,,MY_GENERIC_ALGO,,O-20260308-220717-001-000-65,,c5ae8a08-e7d6-47ed-9706-3496911134e4,2026-03-08 22:07:17.308895248+00:00,2026-03-08 22:07:17.308895248+00:00
BACKTESTER-001,OracleStrategy-000,MESM6.GLBX,GLBX-1-065,MESM6.GLBX-OracleStrategy-000,GLBX-001,GLBX-1-065,MARKET,SELL,1,GTC,False,False,1,TAKER,6689.0,0.0,['0.00 USD'],NO_TRIGGER,FILLED,NO_CONTINGENCY,,,,MY_GENERIC_ALGO,,O-20260308-220717-001-000-66,,ff2add6e-ecc8-42e0-ad1f-246e4f063c1d,2026-03-08 22:07:17.308895248+00:00,2026-03-08 22:07:17.308895248+00:00
BACKTESTER-001,OracleStrategy-000,MESM6.GLBX,GLBX-1-066,MESM6.GLBX-OracleStrategy-000,GLBX-001,GLBX-1-066,MARKET,BUY,1,GTC,True,False,1,TAKER,6688.5,0.0,['0.00 USD'],NO_TRIGGER,FILLED,NO_CONTINGENCY,,,,MY_GENERIC_ALGO,,O-20260308-220718-001-000-67,,48de203d-a648-4540-bd89-72e72313f3d9,2026-03-08 22:07:18.848923754+00:00,2026-03-08 22:07:18.848923754+00:00
BACKTESTER-001,OracleStrategy-000,MESM6.GLBX,GLBX-1-067,MESM6.GLBX-OracleStrategy-000,GLBX-001,GLBX-1-067,MARKET,BUY,1,GTC,False,False,1,TAKER,6688.5,0.0,['0.00 USD'],NO_TRIGGER,FILLED,NO_CONTINGENCY,,,,MY_GENERIC_ALGO,,O-20260308-220718-001-000-68,,7a8623cd-a46d-4d2e-a687-f04fa41aaf5c,2026-03-08 22:07:18.848923754+00:00,2026-03-08 22:07:18.848923754+00:00
BACKTESTER-001,OracleStrategy-000,MESM6.GLBX,GLBX-1-068,MESM6.GLBX-OracleStrategy-000,GLBX-001,GLBX-1-068,MARKET,SELL,1,GTC,True,False,1,TAKER,6687.0,0.0,['0.00 USD'],NO_TRIGGER,FILLED,NO_CONTINGENCY,,,,MY_GENERIC_ALGO,,O-20260308-220734-001-000-69,,ca81d511-f59e-4590-b2b2-a2c31f789699,2026-03-08 22:07:34.028013525+00:00,2026-03-08 22:07:34.028013525+00:00
BACKTESTER-001,OracleStrategy-000,MESM6.GLBX,GLBX-1-069,MESM6.GLBX-OracleStrategy-000,GLBX-001,GLBX-1-069,MARKET,SELL,1,GTC,False,False,1,TAKER,6687.0,0.0,['0.00 USD'],NO_TRIGGER,FILLED,NO_CONTINGENCY,,,,MY_GENERIC_ALGO,,O-20260308-220734-001-000-70,,e219bac3-e2ec-48b8-a886-170e1227812a,2026-03-08 22:07:34.028013525+00:00,2026-03-08 22:07:34.028013525+00:00
BACKTESTER-001,OracleStrategy-000,MESM6.GLBX,GLBX-1-070,MESM6.GLBX-OracleStrategy-000,GLBX-001,GLBX-1-070,MARKET,BUY,1,GTC,True,False,1,TAKER,6690.5,0.0,['0.00 USD'],NO_TRIGGER,FILLED,NO_CONTINGENCY,,,,MY_GENERIC_ALGO,,O-20260308-220748-001-000-71,,12c6adf4-976d-4aeb-84a0-189dbe3d0333,2026-03-08 22:07:48.714067354+00:00,2026-03-08 22:07:48.714067354+00:00
BACKTESTER-001,OracleStrategy-000,MESM6.GLBX,GLBX-1-071,MESM6.GLBX-OracleStrategy-000,GLBX-001,GLBX-1-071,MARKET,BUY,1,GTC,False,False,1,TAKER,6690.5,0.0,['0.00 USD'],NO_TRIGGER,FILLED,NO_CONTINGENCY,,,,MY_GENERIC_ALGO,,O-20260308-220748-001-000-72,,76f8aa7c-5f36-4feb-991f-a1a5ee228c63,2026-03-08 22:07:48.714067354+00:00,2026-03-08 22:07:48.714067354+00:00
BACKTESTER-001,OracleStrategy-000,MESM6.GLBX,GLBX-1-072,MESM6.GLBX-OracleStrategy-000,GLBX-001,GLBX-1-072,MARKET,SELL,1,GTC,True,False,1,TAKER,6688.5,0.0,['0.00 USD'],NO_TRIGGER,FILLED,NO_CONTINGENCY,,,,MY_GENERIC_ALGO,,O-20260308-220752-001-000-73,,99bd1991-8cf6-4d33-a828-a5e199e5f5a3,2026-03-08 22:07:52.747677669+00:00,2026-03-08 22:07:52.747677669+00:00
BACKTESTER-001,OracleStrategy-000,MESM6.GLBX,GLBX-1-073,MESM6.GLBX-OracleStrategy-000,GLBX-001,GLBX-1-073,MARKET,SELL,1,GTC,False,False,1,TAKER,6688.5,0.0,['0.00 USD'],NO_TRIGGER,FILLED,NO_CONTINGENCY,,,,MY_GENERIC_ALGO,,O-20260308-220752-001-000-74,,edc22717-8907-4496-adf5-4092654ab1e5,2026-03-08 22:07:52.747677669+00:00,2026-03-08 22:07:52.747677669+00:00
BACKTESTER-001,OracleStrategy-000,MESM6.GLBX,GLBX-1-074,MESM6.GLBX-OracleStrategy-000,GLBX-001,GLBX-1-074,MARKET,BUY,1,GTC,True,False,1,TAKER,6681.5,0.0,['0.00 USD'],NO_TRIGGER,FILLED,NO_CONTINGENCY,,,,MY_GENERIC_ALGO,,O-20260308-220823-001-000-75,,d00ba3cb-79c4-43c4-8759-c81030e50f46,2026-03-08 22:08:23.016090441+00:00,2026-03-08 22:08:23.016090441+00:00
BACKTESTER-001,OracleStrategy-000,MESM6.GLBX,GLBX-1-075,MESM6.GLBX-OracleStrategy-000,GLBX-001,GLBX-1-075,MARKET,BUY,1,GTC,False,False,1,TAKER,6681.5,0.0,['0.00 USD'],NO_TRIGGER,FILLED,NO_CONTINGENCY,,,,MY_GENERIC_ALGO,,O-20260308-220823-001-000-76,,a88bbf7f-cf26-43d3-9f24-e90daecc73b8,2026-03-08 22:08:23.016090441+00:00,2026-03-08 22:08:23.016090441+00:00
BACKTESTER-001,OracleStrategy-000,MESM6.GLBX,GLBX-1-076,MESM6.GLBX-OracleStrategy-000,GLBX-001,GLBX-1-076,MARKET,SELL,1,GTC,True,False,1,TAKER,6680.25,0.0,['0.00 USD'],NO_TRIGGER,FILLED,NO_CONTINGENCY,,,,MY_GENERIC_ALGO,,O-20260308-220839-001-000-77,,30d26db7-09d8-46b8-b97b-5b461e7aa2ba,2026-03-08 22:08:39.809312072+00:00,2026-03-08 22:08:39.809312072+00:00
BACKTESTER-001,OracleStrategy-000,MESM6.GLBX,GLBX-1-077,MESM6.GLBX-OracleStrategy-000,GLBX-001,GLBX-1-077,MARKET,SELL,1,GTC,False,False,1,TAKER,6680.25,0.0,['0.00 USD'],NO_TRIGGER,FILLED,NO_CONTINGENCY,,,,MY_GENERIC_ALGO,,O-20260308-220839-001-000-78,,a211ab36-37a2-4b3a-b3a6-1eef91fe1443,2026-03-08 22:08:39.809312072+00:00,2026-03-08 22:08:39.809312072+00:00
BACKTESTER-001,OracleStrategy-000,MESM6.GLBX,GLBX-1-078,MESM6.GLBX-OracleStrategy-000,GLBX-001,GLBX-1-078,MARKET,BUY,1,GTC,True,False,1,TAKER,6676.75,0.0,['0.00 USD'],NO_TRIGGER,FILLED,NO_CONTINGENCY,,,,MY_GENERIC_ALGO,,O-20260308-220855-001-000-79,,64142da3-0972-429c-9572-84848457ffad,2026-03-08 22:08:55.411551495+00:00,2026-03-08 22:08:55.411551495+00:00
BACKTESTER-001,OracleStrategy-000,MESM6.GLBX,GLBX-1-079,MESM6.GLBX-OracleStrategy-000,GLBX-001,GLBX-1-079,MARKET,BUY,1,GTC,False,False,1,TAKER,6676.75,0.0,['0.00 USD'],NO_TRIGGER,FILLED,NO_CONTINGENCY,,,,MY_GENERIC_ALGO,,O-20260308-220855-001-000-80,,8a146019-460b-4759-8401-db97dc6cddd5,2026-03-08 22:08:55.411551495+00:00,2026-03-08 22:08:55.411551495+00:00
BACKTESTER-001,OracleStrategy-000,MESM6.GLBX,GLBX-1-080,MESM6.GLBX-OracleStrategy-000,GLBX-001,GLBX-1-080,MARKET,SELL,1,GTC,True,False,1,TAKER,6678.25,0.0,['0.00 USD'],NO_TRIGGER,FILLED,NO_CONTINGENCY,,,,MY_GENERIC_ALGO,,O-20260308-220903-001-000-81,,f9e328eb-36ca-4b43-b22e-4d7179de7ab9,2026-03-08 22:09:03.706494357+00:00,2026-03-08 22:09:03.706494357+00:00
BACKTESTER-001,OracleStrategy-000,MESM6.GLBX,GLBX-1-081,MESM6.GLBX-OracleStrategy-000,GLBX-001,GLBX-1-081,MARKET,SELL,1,GTC,False,False,1,TAKER,6678.25,0.0,['0.00 USD'],NO_TRIGGER,FILLED,NO_CONTINGENCY,,,,MY_GENERIC_ALGO,,O-20260308-220903-001-000-82,,2dbe5db1-197d-4465-bca8-95e8b4aa608e,2026-03-08 22:09:03.706494357+00:00,2026-03-08 22:09:03.706494357+00:00
BACKTESTER-001,OracleStrategy-000,MESM6.GLBX,GLBX-1-082,MESM6.GLBX-OracleStrategy-000,GLBX-001,GLBX-1-082,MARKET,BUY,1,GTC,True,False,1,TAKER,6673.5,0.0,['0.00 USD'],NO_TRIGGER,FILLED,NO_CONTINGENCY,,,,MY_GENERIC_ALGO,,O-20260308-220917-001-000-83,,af66603d-d0cc-484e-952d-d7212e0d6149,2026-03-08 22:09:17.069366323+00:00,2026-03-08 22:09:17.069366323+00:00
BACKTESTER-001,OracleStrategy-000,MESM6.GLBX,GLBX-1-083,MESM6.GLBX-OracleStrategy-000,GLBX-001,GLBX-1-083,MARKET,BUY,1,GTC,False,False,1,TAKER,6673.5,0.0,['0.00 USD'],NO_TRIGGER,FILLED,NO_CONTINGENCY,,,,MY_GENERIC_ALGO,,O-20260308-220917-001-000-84,,39313ed9-9481-4e7e-93e8-43b391d90136,2026-03-08 22:09:17.069366323+00:00,2026-03-08 22:09:17.069366323+00:00
BACKTESTER-001,OracleStrategy-000,MESM6.GLBX,GLBX-1-084,MESM6.GLBX-OracleStrategy-000,GLBX-001,GLBX-1-084,MARKET,SELL,1,GTC,True,False,1,TAKER,6671.75,0.0,['0.00 USD'],NO_TRIGGER,FILLED,NO_CONTINGENCY,,,,MY_GENERIC_ALGO,,O-20260308-220923-001-000-85,,f2412d7e-225e-4d91-a8ad-06ec1585089e,2026-03-08 22:09:23.000641543+00:00,2026-03-08 22:09:23.000641543+00:00
BACKTESTER-001,OracleStrategy-000,MESM6.GLBX,GLBX-1-085,MESM6.GLBX-OracleStrategy-000,GLBX-001,GLBX-1-085,MARKET,SELL,1,GTC,False,False,1,TAKER,6671.75,0.0,['0.00 USD'],NO_TRIGGER,FILLED,NO_CONTINGENCY,,,,MY_GENERIC_ALGO,,O-20260308-220923-001-000-86,,dd1119f8-a061-45ca-8a38-c559376dd13e,2026-03-08 22:09:23.000641543+00:00,2026-03-08 22:09:23.000641543+00:00
BACKTESTER-001,OracleStrategy-000,MESM6.GLBX,GLBX-1-086,MESM6.GLBX-OracleStrategy-000,GLBX-001,GLBX-1-086,MARKET,BUY,1,GTC,True,False,1,TAKER,6670.75,0.0,['0.00 USD'],NO_TRIGGER,FILLED,NO_CONTINGENCY,,,,MY_GENERIC_ALGO,,O-20260308-220926-001-000-87,,2b48a9ac-d1b8-4321-b17b-9d75938012d4,2026-03-08 22:09:26.057937967+00:00,2026-03-08 22:09:26.057937967+00:00
BACKTESTER-001,OracleStrategy-000,MESM6.GLBX,GLBX-1-087,MESM6.GLBX-OracleStrategy-000,GLBX-001,GLBX-1-087,MARKET,BUY,1,GTC,False,False,1,TAKER,6670.75,0.0,['0.00 USD'],NO_TRIGGER,FILLED,NO_CONTINGENCY,,,,MY_GENERIC_ALGO,,O-20260308-220926-001-000-88,,ff4623bd-c42f-4e80-83c1-692d1765592c,2026-03-08 22:09:26.057937967+00:00,2026-03-08 22:09:26.057937967+00:00
BACKTESTER-001,OracleStrategy-000,MESM6.GLBX,GLBX-1-088,MESM6.GLBX-OracleStrategy-000,GLBX-001,GLBX-1-088,MARKET,SELL,1,GTC,True,False,1,TAKER,6670.5,0.0,['0.00 USD'],NO_TRIGGER,FILLED,NO_CONTINGENCY,,,,MY_GENERIC_ALGO,,O-20260308-220928-001-000-89,,6394f36c-2e62-4973-ac1d-31d8c9d2eee3,2026-03-08 22:09:28.874500498+00:00,2026-03-08 22:09:28.874500498+00:00
BACKTESTER-001,OracleStrategy-000,MESM6.GLBX,GLBX-1-089,MESM6.GLBX-OracleStrategy-000,GLBX-001,GLBX-1-089,MARKET,SELL,1,GTC,False,False,1,TAKER,6670.5,0.0,['0.00 USD'],NO_TRIGGER,FILLED,NO_CONTINGENCY,,,,MY_GENERIC_ALGO,,O-20260308-220928-001-000-90,,84cd07dc-0130-434e-9ade-049dec0429c2,2026-03-08 22:09:28.874500498+00:00,2026-03-08 22:09:28.874500498+00:00
BACKTESTER-001,OracleStrategy-000,MESM6.GLBX,GLBX-1-090,MESM6.GLBX-OracleStrategy-000,GLBX-001,GLBX-1-090,MARKET,BUY,1,GTC,True,False,1,TAKER,6670.5,0.0,['0.00 USD'],NO_TRIGGER,FILLED,NO_CONTINGENCY,,,,MY_GENERIC_ALGO,,O-20260308-220930-001-000-91,,931ffa42-fd08-40be-9256-c9b9559fa34b,2026-03-08 22:09:30.034441867+00:00,2026-03-08 22:09:30.034441867+00:00
BACKTESTER-001,OracleStrategy-000,MESM6.GLBX,GLBX-1-091,MESM6.GLBX-OracleStrategy-000,GLBX-001,GLBX-1-091,MARKET,BUY,1,GTC,False,False,1,TAKER,6670.5,0.0,['0.00 USD'],NO_TRIGGER,FILLED,NO_CONTINGENCY,,,,MY_GENERIC_ALGO,,O-20260308-220930-001-000-92,,3df49854-13c5-4c86-9798-940fb5073e8d,2026-03-08 22:09:30.034441867+00:00,2026-03-08 22:09:30.034441867+00:00
BACKTESTER-001,OracleStrategy-000,MESM6.GLBX,GLBX-1-092,MESM6.GLBX-OracleStrategy-000,GLBX-001,GLBX-1-092,MARKET,SELL,1,GTC,True,False,1,TAKER,6680.0,0.0,['0.00 USD'],NO_TRIGGER,FILLED,NO_CONTINGENCY,,,,MY_GENERIC_ALGO,,O-20260308-221010-001-000-93,,959406c3-b89a-4ed8-920e-2d464faddbf5,2026-03-08 22:10:10.430977611+00:00,2026-03-08 22:10:10.430977611+00:00
BACKTESTER-001,OracleStrategy-000,MESM6.GLBX,GLBX-1-093,MESM6.GLBX-OracleStrategy-000,GLBX-001,GLBX-1-093,MARKET,SELL,1,GTC,False,False,1,TAKER,6680.0,0.0,['0.00 USD'],NO_TRIGGER,FILLED,NO_CONTINGENCY,,,,MY_GENERIC_ALGO,,O-20260308-221010-001-000-94,,6ef9a27f-f936-4db1-b88b-99e9268edafe,2026-03-08 22:10:10.430977611+00:00,2026-03-08 22:10:10.430977611+00:00
BACKTESTER-001,OracleStrategy-000,MESM6.GLBX,GLBX-1-094,MESM6.GLBX-OracleStrategy-000,GLBX-001,GLBX-1-094,MARKET,BUY,1,GTC,True,False,1,TAKER,6682.5,0.0,['0.00 USD'],NO_TRIGGER,FILLED,NO_CONTINGENCY,,,,MY_GENERIC_ALGO,,O-20260308-221012-001-000-95,,e3c9104f-0a66-41a3-b184-4c78268db0e8,2026-03-08 22:10:12.352934411+00:00,2026-03-08 22:10:12.352934411+00:00
BACKTESTER-001,OracleStrategy-000,MESM6.GLBX,GLBX-1-095,MESM6.GLBX-OracleStrategy-000,GLBX-001,GLBX-1-095,MARKET,BUY,1,GTC,False,False,1,TAKER,6682.5,0.0,['0.00 USD'],NO_TRIGGER,FILLED,NO_CONTINGENCY,,,,MY_GENERIC_ALGO,,O-20260308-221012-001-000-96,,d8cf9224-8776-46f9-a7e3-5bfdb1eaeb83,2026-03-08 22:10:12.352934411+00:00,2026-03-08 22:10:12.352934411+00:00
BACKTESTER-001,OracleStrategy-000,MESM6.GLBX,GLBX-1-096,MESM6.GLBX-OracleStrategy-000,GLBX-001,GLBX-1-096,MARKET,SELL,1,GTC,True,False,1,TAKER,6682.0,0.0,['0.00 USD'],NO_TRIGGER,FILLED,NO_CONTINGENCY,,,,MY_GENERIC_ALGO,,O-20260308-221033-001-000-97,,e9ee7399-0e82-4f92-95c2-d7d9247a4229,2026-03-08 22:10:33.966652085+00:00,2026-03-08 22:10:33.966652085+00:00
BACKTESTER-001,OracleStrategy-000,MESM6.GLBX,GLBX-1-097,MESM6.GLBX-OracleStrategy-000,GLBX-001,GLBX-1-097,MARKET,SELL,1,GTC,False,False,1,TAKER,6682.0,0.0,['0.00 USD'],NO_TRIGGER,FILLED,NO_CONTINGENCY,,,,MY_GENERIC_ALGO,,O-20260308-221033-001-000-98,,214a4971-3ab4-4b8c-93b8-bbff37e15837,2026-03-08 22:10:33.966652085+00:00,2026-03-08 22:10:33.966652085+00:00
BACKTESTER-001,OracleStrategy-000,MESM6.GLBX,GLBX-1-099,MESM6.GLBX-OracleStrategy-000,GLBX-001,GLBX-1-099,MARKET,BUY,1,GTC,False,False,1,TAKER,6684.0,0.0,['0.00 USD'],NO_TRIGGER,FILLED,NO_CONTINGENCY,,,,MY_GENERIC_ALGO,,O-20260308-221058-001-000-100,,fc922b9a-7090-4bad-baac-424d9da668fb,2026-03-08 22:10:58.875395549+00:00,2026-03-08 22:10:58.875395549+00:00
BACKTESTER-001,OracleStrategy-000,MESM6.GLBX,GLBX-1-098,MESM6.GLBX-OracleStrategy-000,GLBX-001,GLBX-1-098,MARKET,BUY,1,GTC,True,False,1,TAKER,6684.0,0.0,['0.00 USD'],NO_TRIGGER,FILLED,NO_CONTINGENCY,,,,MY_GENERIC_ALGO,,O-20260308-221058-001-000-99,,e59f1afb-5bb5-4788-827f-a976328d5571,2026-03-08 22:10:58.875395549+00:00,2026-03-08 22:10:58.875395549+00:00
BACKTESTER-001,OracleStrategy-000,MESM6.GLBX,GLBX-1-100,MESM6.GLBX-OracleStrategy-000,GLBX-001,GLBX-1-100,MARKET,SELL,1,GTC,True,False,1,TAKER,6682.0,0.0,['0.00 USD'],NO_TRIGGER,FILLED,NO_CONTINGENCY,,,,MY_GENERIC_ALGO,,O-20260308-221104-001-000-101,,2037f359-0c91-4676-ad0d-37f0b75eb454,2026-03-08 22:11:04.851237757+00:00,2026-03-08 22:11:04.851237757+00:00
BACKTESTER-001,OracleStrategy-000,MESM6.GLBX,GLBX-1-101,MESM6.GLBX-OracleStrategy-000,GLBX-001,GLBX-1-101,MARKET,SELL,1,GTC,False,False,1,TAKER,6682.0,0.0,['0.00 USD'],NO_TRIGGER,FILLED,NO_CONTINGENCY,,,,MY_GENERIC_ALGO,,O-20260308-221104-001-000-102,,1bfc2ef8-885f-41eb-ad5f-709a3c41e789,2026-03-08 22:11:04.851237757+00:00,2026-03-08 22:11:04.851237757+00:00
BACKTESTER-001,OracleStrategy-000,MESM6.GLBX,GLBX-1-102,MESM6.GLBX-OracleStrategy-000,GLBX-001,GLBX-1-102,MARKET,BUY,1,GTC,True,False,1,TAKER,6677.25,0.0,['0.00 USD'],NO_TRIGGER,FILLED,NO_CONTINGENCY,,,,MY_GENERIC_ALGO,,O-20260308-221105-001-000-103,,312104b9-bcec-47c8-85e2-e26aff269563,2026-03-08 22:11:05.852709659+00:00,2026-03-08 22:11:05.852709659+00:00
BACKTESTER-001,OracleStrategy-000,MESM6.GLBX,GLBX-1-103,MESM6.GLBX-OracleStrategy-000,GLBX-001,GLBX-1-103,MARKET,BUY,1,GTC,False,False,1,TAKER,6677.25,0.0,['0.00 USD'],NO_TRIGGER,FILLED,NO_CONTINGENCY,,,,MY_GENERIC_ALGO,,O-20260308-221105-001-000-104,,f2db5abe-b5c9-431e-8614-d504d3768787,2026-03-08 22:11:05.852709659+00:00,2026-03-08 22:11:05.852709659+00:00
BACKTESTER-001,OracleStrategy-000,MESM6.GLBX,GLBX-1-104,MESM6.GLBX-OracleStrategy-000,GLBX-001,GLBX-1-104,MARKET,SELL,1,GTC,True,False,1,TAKER,6678.75,0.0,['0.00 USD'],NO_TRIGGER,FILLED,NO_CONTINGENCY,,,,MY_GENERIC_ALGO,,O-20260308-221107-001-000-105,,096ecbcf-0201-4955-94f2-f8499f59fca9,2026-03-08 22:11:07.108595448+00:00,2026-03-08 22:11:07.108595448+00:00
BACKTESTER-001,OracleStrategy-000,MESM6.GLBX,GLBX-1-105,MESM6.GLBX-OracleStrategy-000,GLBX-001,GLBX-1-105,MARKET,SELL,1,GTC,False,False,1,TAKER,6678.75,0.0,['0.00 USD'],NO_TRIGGER,FILLED,NO_CONTINGENCY,,,,MY_GENERIC_ALGO,,O-20260308-221107-001-000-106,,d021e35b-2d30-4aeb-a8d2-63c9d6428bf5,2026-03-08 22:11:07.108595448+00:00,2026-03-08 22:11:07.108595448+00:00
BACKTESTER-001,OracleStrategy-000,MESM6.GLBX,GLBX-1-106,MESM6.GLBX-OracleStrategy-000,GLBX-001,GLBX-1-106,MARKET,BUY,1,GTC,True,False,1,TAKER,6680.5,0.0,['0.00 USD'],NO_TRIGGER,FILLED,NO_CONTINGENCY,,,,MY_GENERIC_ALGO,,O-20260308-221113-001-000-107,,34cf4969-d83b-48a5-901e-662df95a4434,2026-03-08 22:11:13.360012682+00:00,2026-03-08 22:11:13.360012682+00:00
BACKTESTER-001,OracleStrategy-000,MESM6.GLBX,GLBX-1-107,MESM6.GLBX-OracleStrategy-000,GLBX-001,GLBX-1-107,MARKET,BUY,1,GTC,False,False,1,TAKER,6680.5,0.0,['0.00 USD'],NO_TRIGGER,FILLED,NO_CONTINGENCY,,,,MY_GENERIC_ALGO,,O-20260308-221113-001-000-108,,4656de87-65a2-4fda-943b-d35c5b44f29a,2026-03-08 22:11:13.360012682+00:00,2026-03-08 22:11:13.360012682+00:00
BACKTESTER-001,OracleStrategy-000,MESM6.GLBX,GLBX-1-108,MESM6.GLBX-OracleStrategy-000,GLBX-001,GLBX-1-108,MARKET,SELL,1,GTC,True,False,1,TAKER,6680.0,0.0,['0.00 USD'],NO_TRIGGER,FILLED,NO_CONTINGENCY,,,,MY_GENERIC_ALGO,,O-20260308-221114-001-000-109,,aa3b946a-c42b-48b1-9a51-c24a831809cc,2026-03-08 22:11:14.679412256+00:00,2026-03-08 22:11:14.679412256+00:00
BACKTESTER-001,OracleStrategy-000,MESM6.GLBX,GLBX-1-109,MESM6.GLBX-OracleStrategy-000,GLBX-001,GLBX-1-109,MARKET,SELL,1,GTC,False,False,1,TAKER,6680.0,0.0,['0.00 USD'],NO_TRIGGER,FILLED,NO_CONTINGENCY,,,,MY_GENERIC_ALGO,,O-20260308-221114-001-000-110,,8eb197a5-6f47-4349-8bcd-b48d28d1fec1,2026-03-08 22:11:14.679412256+00:00,2026-03-08 22:11:14.679412256+00:00
BACKTESTER-001,OracleStrategy-000,MESM6.GLBX,GLBX-1-110,MESM6.GLBX-OracleStrategy-000,GLBX-001,GLBX-1-110,MARKET,BUY,1,GTC,True,False,1,TAKER,6678.0,0.0,['0.00 USD'],NO_TRIGGER,FILLED,NO_CONTINGENCY,,,,MY_GENERIC_ALGO,,O-20260308-221125-001-000-111,,62f5424f-4f00-4fc9-83e8-39f48bb34933,2026-03-08 22:11:25.310552493+00:00,2026-03-08 22:11:25.310552493+00:00
BACKTESTER-001,OracleStrategy-000,MESM6.GLBX,GLBX-1-111,MESM6.GLBX-OracleStrategy-000,GLBX-001,GLBX-1-111,MARKET,BUY,1,GTC,False,False,1,TAKER,6678.0,0.0,['0.00 USD'],NO_TRIGGER,FILLED,NO_CONTINGENCY,,,,MY_GENERIC_ALGO,,O-20260308-221125-001-000-112,,94c99bfb-0f8c-4855-9f45-c3eabceb04e3,2026-03-08 22:11:25.310552493+00:00,2026-03-08 22:11:25.310552493+00:00
BACKTESTER-001,OracleStrategy-000,MESM6.GLBX,GLBX-1-112,MESM6.GLBX-OracleStrategy-000,GLBX-001,GLBX-1-112,MARKET,SELL,1,GTC,True,False,1,TAKER,6680.25,0.0,['0.00 USD'],NO_TRIGGER,FILLED,NO_CONTINGENCY,,,,MY_GENERIC_ALGO,,O-20260308-221131-001-000-113,,03e95ad9-7bd3-46e4-be3e-fe96ad611415,2026-03-08 22:11:31.166319759+00:00,2026-03-08 22:11:31.166319759+00:00
BACKTESTER-001,OracleStrategy-000,MESM6.GLBX,GLBX-1-113,MESM6.GLBX-OracleStrategy-000,GLBX-001,GLBX-1-113,MARKET,SELL,1,GTC,False,False,1,TAKER,6680.25,0.0,['0.00 USD'],NO_TRIGGER,FILLED,NO_CONTINGENCY,,,,MY_GENERIC_ALGO,,O-20260308-221131-001-000-114,,b6f31a79-b220-495b-81d0-bc50f96c13aa,2026-03-08 22:11:31.166319759+00:00,2026-03-08 22:11:31.166319759+00:00
BACKTESTER-001,OracleStrategy-000,MESM6.GLBX,GLBX-1-114,MESM6.GLBX-OracleStrategy-000,GLBX-001,GLBX-1-114,MARKET,BUY,1,GTC,True,False,1,TAKER,6679.5,0.0,['0.00 USD'],NO_TRIGGER,FILLED,NO_CONTINGENCY,,,,MY_GENERIC_ALGO,,O-20260308-221146-001-000-115,,7263f365-e3c2-402d-8663-9358120d373d,2026-03-08 22:11:46.534671626+00:00,2026-03-08 22:11:46.534671626+00:00
BACKTESTER-001,OracleStrategy-000,MESM6.GLBX,GLBX-1-115,MESM6.GLBX-OracleStrategy-000,GLBX-001,GLBX-1-115,MARKET,BUY,1,GTC,False,False,1,TAKER,6679.5,0.0,['0.00 USD'],NO_TRIGGER,FILLED,NO_CONTINGENCY,,,,MY_GENERIC_ALGO,,O-20260308-221146-001-000-116,,140bab62-9eca-4617-9971-25c27dfab82f,2026-03-08 22:11:46.534671626+00:00,2026-03-08 22:11:46.534671626+00:00
BACKTESTER-001,OracleStrategy-000,MESM6.GLBX,GLBX-1-116,MESM6.GLBX-OracleStrategy-000,GLBX-001,GLBX-1-116,MARKET,SELL,1,GTC,True,False,1,TAKER,6679.0,0.0,['0.00 USD'],NO_TRIGGER,FILLED,NO_CONTINGENCY,,,,MY_GENERIC_ALGO,,O-20260308-221151-001-000-117,,9001c052-0bb3-4e09-9c75-da0e3060d9ec,2026-03-08 22:11:51.828553611+00:00,2026-03-08 22:11:51.828553611+00:00
BACKTESTER-001,OracleStrategy-000,MESM6.GLBX,GLBX-1-117,MESM6.GLBX-OracleStrategy-000,GLBX-001,GLBX-1-117,MARKET,SELL,1,GTC,False,False,1,TAKER,6679.0,0.0,['0.00 USD'],NO_TRIGGER,FILLED,NO_CONTINGENCY,,,,MY_GENERIC_ALGO,,O-20260308-221151-001-000-118,,fa2f5789-6c34-407c-b4d6-b6e579bf32dd,2026-03-08 22:11:51.828553611+00:00,2026-03-08 22:11:51.828553611+00:00
BACKTESTER-001,OracleStrategy-000,MESM6.GLBX,GLBX-1-118,MESM6.GLBX-OracleStrategy-000,GLBX-001,GLBX-1-118,MARKET,BUY,1,GTC,True,False,1,TAKER,6677.75,0.0,['0.00 USD'],NO_TRIGGER,FILLED,NO_CONTINGENCY,,,,MY_GENERIC_ALGO,,O-20260308-221155-001-000-119,,0a833f69-df30-4dfc-9ff7-ce40245510bc,2026-03-08 22:11:55.613286965+00:00,2026-03-08 22:11:55.613286965+00:00
BACKTESTER-001,OracleStrategy-000,MESM6.GLBX,GLBX-1-119,MESM6.GLBX-OracleStrategy-000,GLBX-001,GLBX-1-119,MARKET,BUY,1,GTC,False,False,1,TAKER,6677.75,0.0,['0.00 USD'],NO_TRIGGER,FILLED,NO_CONTINGENCY,,,,MY_GENERIC_ALGO,,O-20260308-221155-001-000-120,,9ff6a7ac-7e30-4768-9c51-f6b793847876,2026-03-08 22:11:55.613286965+00:00,2026-03-08 22:11:55.613286965+00:00
BACKTESTER-001,OracleStrategy-000,MESM6.GLBX,GLBX-1-120,MESM6.GLBX-OracleStrategy-000,GLBX-001,GLBX-1-120,MARKET,SELL,1,GTC,True,False,1,TAKER,6678.5,0.0,['0.00 USD'],NO_TRIGGER,FILLED,NO_CONTINGENCY,,,,MY_GENERIC_ALGO,,O-20260308-221220-001-000-121,,b598540c-1cdb-4f6f-8978-eff314dc2d4d,2026-03-08 22:12:20.606960923+00:00,2026-03-08 22:12:20.606960923+00:00
BACKTESTER-001,OracleStrategy-000,MESM6.GLBX,GLBX-1-121,MESM6.GLBX-OracleStrategy-000,GLBX-001,GLBX-1-121,MARKET,SELL,1,GTC,False,False,1,TAKER,6678.5,0.0,['0.00 USD'],NO_TRIGGER,FILLED,NO_CONTINGENCY,,,,MY_GENERIC_ALGO,,O-20260308-221220-001-000-122,,53cc6031-dbab-4c98-b8e4-98445a000b76,2026-03-08 22:12:20.606960923+00:00,2026-03-08 22:12:20.606960923+00:00
BACKTESTER-001,OracleStrategy-000,MESM6.GLBX,GLBX-1-122,MESM6.GLBX-OracleStrategy-000,GLBX-001,GLBX-1-122,MARKET,BUY,1,GTC,True,False,1,TAKER,6681.0,0.0,['0.00 USD'],NO_TRIGGER,FILLED,NO_CONTINGENCY,,,,MY_GENERIC_ALGO,,O-20260308-221236-001-000-123,,a914852b-b358-48c9-a57c-e59365814694,2026-03-08 22:12:36.595547383+00:00,2026-03-08 22:12:36.595547383+00:00
BACKTESTER-001,OracleStrategy-000,MESM6.GLBX,GLBX-1-123,MESM6.GLBX-OracleStrategy-000,GLBX-001,GLBX-1-123,MARKET,BUY,1,GTC,False,False,1,TAKER,6681.0,0.0,['0.00 USD'],NO_TRIGGER,FILLED,NO_CONTINGENCY,,,,MY_GENERIC_ALGO,,O-20260308-221236-001-000-124,,f5128720-a3c6-47b8-a32f-5fab2c2ced2e,2026-03-08 22:12:36.595547383+00:00,2026-03-08 22:12:36.595547383+00:00
BACKTESTER-001,OracleStrategy-000,MESM6.GLBX,GLBX-1-124,MESM6.GLBX-OracleStrategy-000,GLBX-001,GLBX-1-124,MARKET,SELL,1,GTC,True,False,1,TAKER,6680.25,0.0,['0.00 USD'],NO_TRIGGER,FILLED,NO_CONTINGENCY,,,,MY_GENERIC_ALGO,,O-20260308-221239-001-000-125,,04c93f52-2664-4e00-955a-b36401a8080f,2026-03-08 22:12:39.924388936+00:00,2026-03-08 22:12:39.924388936+00:00
BACKTESTER-001,OracleStrategy-000,MESM6.GLBX,GLBX-1-125,MESM6.GLBX-OracleStrategy-000,GLBX-001,GLBX-1-125,MARKET,SELL,1,GTC,False,False,1,TAKER,6680.25,0.0,['0.00 USD'],NO_TRIGGER,FILLED,NO_CONTINGENCY,,,,MY_GENERIC_ALGO,,O-20260308-221239-001-000-126,,a5821ea9-c2d0-4339-9bab-177b76b49b68,2026-03-08 22:12:39.924388936+00:00,2026-03-08 22:12:39.924388936+00:00
BACKTESTER-001,OracleStrategy-000,MESM6.GLBX,GLBX-1-126,MESM6.GLBX-OracleStrategy-000,GLBX-001,GLBX-1-126,MARKET,BUY,1,GTC,True,False,1,TAKER,6681.0,0.0,['0.00 USD'],NO_TRIGGER,FILLED,NO_CONTINGENCY,,,,MY_GENERIC_ALGO,,O-20260308-221304-001-000-127,,4aa91629-64a1-4756-90b4-42c735e49c45,2026-03-08 22:13:04.140026202+00:00,2026-03-08 22:13:04.140026202+00:00
BACKTESTER-001,OracleStrategy-000,MESM6.GLBX,GLBX-1-127,MESM6.GLBX-OracleStrategy-000,GLBX-001,GLBX-1-127,MARKET,BUY,1,GTC,False,False,1,TAKER,6681.0,0.0,['0.00 USD'],NO_TRIGGER,FILLED,NO_CONTINGENCY,,,,MY_GENERIC_ALGO,,O-20260308-221304-001-000-128,,555067e6-eb7d-4908-8c24-cc4451442b0a,2026-03-08 22:13:04.140026202+00:00,2026-03-08 22:13:04.140026202+00:00
BACKTESTER-001,OracleStrategy-000,MESM6.GLBX,GLBX-1-128,MESM6.GLBX-OracleStrategy-000,GLBX-001,GLBX-1-128,MARKET,SELL,1,GTC,True,False,1,TAKER,6680.25,0.0,['0.00 USD'],NO_TRIGGER,FILLED,NO_CONTINGENCY,,,,MY_GENERIC_ALGO,,O-20260308-221306-001-000-129,,13e767a7-aa3d-46ad-8742-ab532f15a2e3,2026-03-08 22:13:06.411328399+00:00,2026-03-08 22:13:06.411328399+00:00
BACKTESTER-001,OracleStrategy-000,MESM6.GLBX,GLBX-1-129,MESM6.GLBX-OracleStrategy-000,GLBX-001,GLBX-1-129,MARKET,SELL,1,GTC,False,False,1,TAKER,6680.25,0.0,['0.00 USD'],NO_TRIGGER,FILLED,NO_CONTINGENCY,,,,MY_GENERIC_ALGO,,O-20260308-221306-001-000-130,,bd95620c-602f-4e8f-aff7-32cda05de539,2026-03-08 22:13:06.411328399+00:00,2026-03-08 22:13:06.411328399+00:00
BACKTESTER-001,OracleStrategy-000,MESM6.GLBX,GLBX-1-130,MESM6.GLBX-OracleStrategy-000,GLBX-001,GLBX-1-130,MARKET,BUY,1,GTC,True,False,1,TAKER,6681.75,0.0,['0.00 USD'],NO_TRIGGER,FILLED,NO_CONTINGENCY,,,,MY_GENERIC_ALGO,,O-20260308-221325-001-000-131,,32f9d53f-c643-468d-b85b-43ffd1fecf3b,2026-03-08 22:13:25.193784189+00:00,2026-03-08 22:13:25.193784189+00:00
BACKTESTER-001,OracleStrategy-000,MESM6.GLBX,GLBX-1-131,MESM6.GLBX-OracleStrategy-000,GLBX-001,GLBX-1-131,MARKET,BUY,1,GTC,False,False,1,TAKER,6681.75,0.0,['0.00 USD'],NO_TRIGGER,FILLED,NO_CONTINGENCY,,,,MY_GENERIC_ALGO,,O-20260308-221325-001-000-132,,2057546e-ceb5-4c41-9d5e-469a338ffaa4,2026-03-08 22:13:25.193784189+00:00,2026-03-08 22:13:25.193784189+00:00
BACKTESTER-001,OracleStrategy-000,MESM6.GLBX,GLBX-1-132,MESM6.GLBX-OracleStrategy-000,GLBX-001,GLBX-1-132,MARKET,SELL,1,GTC,True,False,1,TAKER,6682.25,0.0,['0.00 USD'],NO_TRIGGER,FILLED,NO_CONTINGENCY,,,,MY_GENERIC_ALGO,,O-20260308-221332-001-000-133,,9a027abc-25c8-4656-9eff-d805662cbf31,2026-03-08 22:13:32.056105923+00:00,2026-03-08 22:13:32.056105923+00:00
BACKTESTER-001,OracleStrategy-000,MESM6.GLBX,GLBX-1-133,MESM6.GLBX-OracleStrategy-000,GLBX-001,GLBX-1-133,MARKET,SELL,1,GTC,False,False,1,TAKER,6682.25,0.0,['0.00 USD'],NO_TRIGGER,FILLED,NO_CONTINGENCY,,,,MY_GENERIC_ALGO,,O-20260308-221332-001-000-134,,c3443f67-1aef-4143-8c22-10648a458b8d,2026-03-08 22:13:32.056105923+00:00,2026-03-08 22:13:32.056105923+00:00
BACKTESTER-001,OracleStrategy-000,MESM6.GLBX,GLBX-1-134,MESM6.GLBX-OracleStrategy-000,GLBX-001,GLBX-1-134,MARKET,BUY,1,GTC,True,False,1,TAKER,6680.25,0.0,['0.00 USD'],NO_TRIGGER,FILLED,NO_CONTINGENCY,,,,MY_GENERIC_ALGO,,O-20260308-221336-001-000-135,,422e61e3-44fc-4cbd-af64-0341f6530b6a,2026-03-08 22:13:36.252080019+00:00,2026-03-08 22:13:36.252080019+00:00
BACKTESTER-001,OracleStrategy-000,MESM6.GLBX,GLBX-1-135,MESM6.GLBX-OracleStrategy-000,GLBX-001,GLBX-1-135,MARKET,BUY,1,GTC,False,False,1,TAKER,6680.25,0.0,['0.00 USD'],NO_TRIGGER,FILLED,NO_CONTINGENCY,,,,MY_GENERIC_ALGO,,O-20260308-221336-001-000-136,,8e14be43-8ae0-4b5a-81ea-10ee6f13b9a8,2026-03-08 22:13:36.252080019+00:00,2026-03-08 22:13:36.252080019+00:00
BACKTESTER-001,OracleStrategy-000,MESM6.GLBX,GLBX-1-136,MESM6.GLBX-OracleStrategy-000,GLBX-001,GLBX-1-136,MARKET,SELL,1,GTC,True,False,1,TAKER,6680.5,0.0,['0.00 USD'],NO_TRIGGER,FILLED,NO_CONTINGENCY,,,,MY_GENERIC_ALGO,,O-20260308-221338-001-000-137,,a6a22a7c-d3c9-471d-b5af-65f3e8f3b39c,2026-03-08 22:13:38.987781738+00:00,2026-03-08 22:13:38.987781738+00:00
BACKTESTER-001,OracleStrategy-000,MESM6.GLBX,GLBX-1-137,MESM6.GLBX-OracleStrategy-000,GLBX-001,GLBX-1-137,MARKET,SELL,1,GTC,False,False,1,TAKER,6680.5,0.0,['0.00 USD'],NO_TRIGGER,FILLED,NO_CONTINGENCY,,,,MY_GENERIC_ALGO,,O-20260308-221338-001-000-138,,261a52b4-31d6-46c7-9f17-e990698b3102,2026-03-08 22:13:38.987781738+00:00,2026-03-08 22:13:38.987781738+00:00
BACKTESTER-001,OracleStrategy-000,MESM6.GLBX,GLBX-1-138,MESM6.GLBX-OracleStrategy-000,GLBX-001,GLBX-1-138,MARKET,BUY,1,GTC,True,False,1,TAKER,6678.75,0.0,['0.00 USD'],NO_TRIGGER,FILLED,NO_CONTINGENCY,,,,MY_GENERIC_ALGO,,O-20260308-221353-001-000-139,,b45fd058-7bf6-4cd1-bb14-00ebc4945391,2026-03-08 22:13:53.555443570+00:00,2026-03-08 22:13:53.555443570+00:00
BACKTESTER-001,OracleStrategy-000,MESM6.GLBX,GLBX-1-139,MESM6.GLBX-OracleStrategy-000,GLBX-001,GLBX-1-139,MARKET,BUY,1,GTC,False,False,1,TAKER,6678.75,0.0,['0.00 USD'],NO_TRIGGER,FILLED,NO_CONTINGENCY,,,,MY_GENERIC_ALGO,,O-20260308-221353-001-000-140,,3ec9f3a0-7cbd-4cfe-8914-9f837bdf7664,2026-03-08 22:13:53.555443570+00:00,2026-03-08 22:13:53.555443570+00:00
BACKTESTER-001,OracleStrategy-000,MESM6.GLBX,GLBX-1-140,MESM6.GLBX-OracleStrategy-000,GLBX-001,GLBX-1-140,MARKET,SELL,1,GTC,True,False,1,TAKER,6678.25,0.0,['0.00 USD'],NO_TRIGGER,FILLED,NO_CONTINGENCY,,,,MY_GENERIC_ALGO,,O-20260308-221406-001-000-141,,1146726e-d5e5-4106-861a-1a9265c4e3c8,2026-03-08 22:14:06.280886914+00:00,2026-03-08 22:14:06.280886914+00:00
BACKTESTER-001,OracleStrategy-000,MESM6.GLBX,GLBX-1-141,MESM6.GLBX-OracleStrategy-000,GLBX-001,GLBX-1-141,MARKET,SELL,1,GTC,False,False,1,TAKER,6678.25,0.0,['0.00 USD'],NO_TRIGGER,FILLED,NO_CONTINGENCY,,,,MY_GENERIC_ALGO,,O-20260308-221406-001-000-142,,e50c7a04-dbb2-4a22-b1b0-d4621a7a04f6,2026-03-08 22:14:06.280886914+00:00,2026-03-08 22:14:06.280886914+00:00
BACKTESTER-001,OracleStrategy-000,MESM6.GLBX,GLBX-1-142,MESM6.GLBX-OracleStrategy-000,GLBX-001,GLBX-1-142,MARKET,BUY,1,GTC,True,False,1,TAKER,6680.0,0.0,['0.00 USD'],NO_TRIGGER,FILLED,NO_CONTINGENCY,,,,MY_GENERIC_ALGO,,O-20260308-221413-001-000-143,,3685e318-02c3-440a-b0bf-3ff759e60344,2026-03-08 22:14:13.169005210+00:00,2026-03-08 22:14:13.169005210+00:00
BACKTESTER-001,OracleStrategy-000,MESM6.GLBX,GLBX-1-143,MESM6.GLBX-OracleStrategy-000,GLBX-001,GLBX-1-143,MARKET,BUY,1,GTC,False,False,1,TAKER,6680.0,0.0,['0.00 USD'],NO_TRIGGER,FILLED,NO_CONTINGENCY,,,,MY_GENERIC_ALGO,,O-20260308-221413-001-000-144,,8f658bab-f0c4-4b10-9250-6552153bfea5,2026-03-08 22:14:13.169005210+00:00,2026-03-08 22:14:13.169005210+00:00
BACKTESTER-001,OracleStrategy-000,MESM6.GLBX,GLBX-1-144,MESM6.GLBX-OracleStrategy-000,GLBX-001,GLBX-1-144,MARKET,SELL,1,GTC,True,False,1,TAKER,6679.25,0.0,['0.00 USD'],NO_TRIGGER,FILLED,NO_CONTINGENCY,,,,MY_GENERIC_ALGO,,O-20260308-221424-001-000-145,,fa4aa4b7-bd2b-4889-9c6b-65b6888c7351,2026-03-08 22:14:24.575823848+00:00,2026-03-08 22:14:24.575823848+00:00
BACKTESTER-001,OracleStrategy-000,MESM6.GLBX,GLBX-1-145,MESM6.GLBX-OracleStrategy-000,GLBX-001,GLBX-1-145,MARKET,SELL,1,GTC,False,False,1,TAKER,6679.25,0.0,['0.00 USD'],NO_TRIGGER,FILLED,NO_CONTINGENCY,,,,MY_GENERIC_ALGO,,O-20260308-221424-001-000-146,,5cb24bb6-d42c-4fae-b1d2-62591d1964f6,2026-03-08 22:14:24.575823848+00:00,2026-03-08 22:14:24.575823848+00:00
BACKTESTER-001,OracleStrategy-000,MESM6.GLBX,GLBX-1-146,MESM6.GLBX-OracleStrategy-000,GLBX-001,GLBX-1-146,MARKET,BUY,1,GTC,True,False,1,TAKER,6673.75,0.0,['0.00 USD'],NO_TRIGGER,FILLED,NO_CONTINGENCY,,,,MY_GENERIC_ALGO,,O-20260308-221439-001-000-147,,4d15e25c-1851-4e1e-a1e8-7d9781047026,2026-03-08 22:14:39.037369067+00:00,2026-03-08 22:14:39.037369067+00:00
BACKTESTER-001,OracleStrategy-000,MESM6.GLBX,GLBX-1-147,MESM6.GLBX-OracleStrategy-000,GLBX-001,GLBX-1-147,MARKET,BUY,1,GTC,False,False,1,TAKER,6673.75,0.0,['0.00 USD'],NO_TRIGGER,FILLED,NO_CONTINGENCY,,,,MY_GENERIC_ALGO,,O-20260308-221439-001-000-148,,5a4b6078-b822-4992-a266-eff14c49b63f,2026-03-08 22:14:39.037369067+00:00,2026-03-08 22:14:39.037369067+00:00
BACKTESTER-001,OracleStrategy-000,MESM6.GLBX,GLBX-1-148,MESM6.GLBX-OracleStrategy-000,GLBX-001,GLBX-1-148,MARKET,SELL,1,GTC,True,False,1,TAKER,6672.5,0.0,['0.00 USD'],NO_TRIGGER,FILLED,NO_CONTINGENCY,,,,MY_GENERIC_ALGO,,O-20260308-221442-001-000-149,,6c97d573-1193-496a-acef-51653ae5afaa,2026-03-08 22:14:42.611930911+00:00,2026-03-08 22:14:42.611930911+00:00
BACKTESTER-001,OracleStrategy-000,MESM6.GLBX,GLBX-1-149,MESM6.GLBX-OracleStrategy-000,GLBX-001,GLBX-1-149,MARKET,SELL,1,GTC,False,False,1,TAKER,6672.5,0.0,['0.00 USD'],NO_TRIGGER,FILLED,NO_CONTINGENCY,,,,MY_GENERIC_ALGO,,O-20260308-221442-001-000-150,,73309f3d-a985-46cf-b31a-2c8403fb1fe4,2026-03-08 22:14:42.611930911+00:00,2026-03-08 22:14:42.611930911+00:00
BACKTESTER-001,OracleStrategy-000,MESM6.GLBX,GLBX-1-150,MESM6.GLBX-OracleStrategy-000,GLBX-001,GLBX-1-150,MARKET,BUY,1,GTC,True,False,1,TAKER,6675.0,0.0,['0.00 USD'],NO_TRIGGER,FILLED,NO_CONTINGENCY,,,,MY_GENERIC_ALGO,,O-20260308-221508-001-000-151,,82eb79b5-910d-4d94-9f04-20b060831ca3,2026-03-08 22:15:08.458162141+00:00,2026-03-08 22:15:08.458162141+00:00
BACKTESTER-001,OracleStrategy-000,MESM6.GLBX,GLBX-1-151,MESM6.GLBX-OracleStrategy-000,GLBX-001,GLBX-1-151,MARKET,BUY,1,GTC,False,False,1,TAKER,6675.0,0.0,['0.00 USD'],NO_TRIGGER,FILLED,NO_CONTINGENCY,,,,MY_GENERIC_ALGO,,O-20260308-221508-001-000-152,,8e8216fe-32d6-4382-9cf5-3012bb378d35,2026-03-08 22:15:08.458162141+00:00,2026-03-08 22:15:08.458162141+00:00
BACKTESTER-001,OracleStrategy-000,MESM6.GLBX,GLBX-1-152,MESM6.GLBX-OracleStrategy-000,GLBX-001,GLBX-1-152,MARKET,SELL,1,GTC,True,False,1,TAKER,6676.5,0.0,['0.00 USD'],NO_TRIGGER,FILLED,NO_CONTINGENCY,,,,MY_GENERIC_ALGO,,O-20260308-221526-001-000-153,,67ab614c-44e5-42d7-aab6-f4479661e958,2026-03-08 22:15:26.387389627+00:00,2026-03-08 22:15:26.387389627+00:00
BACKTESTER-001,OracleStrategy-000,MESM6.GLBX,GLBX-1-153,MESM6.GLBX-OracleStrategy-000,GLBX-001,GLBX-1-153,MARKET,SELL,1,GTC,False,False,1,TAKER,6676.5,0.0,['0.00 USD'],NO_TRIGGER,FILLED,NO_CONTINGENCY,,,,MY_GENERIC_ALGO,,O-20260308-221526-001-000-154,,05965009-aa92-4373-b94d-4adee6b3da13,2026-03-08 22:15:26.387389627+00:00,2026-03-08 22:15:26.387389627+00:00
BACKTESTER-001,OracleStrategy-000,MESM6.GLBX,GLBX-1-154,MESM6.GLBX-OracleStrategy-000,GLBX-001,GLBX-1-154,MARKET,BUY,1,GTC,True,False,1,TAKER,6680.0,0.0,['0.00 USD'],NO_TRIGGER,FILLED,NO_CONTINGENCY,,,,MY_GENERIC_ALGO,,O-20260308-221556-001-000-155,,22222f43-5c07-4c24-90c8-cda545cc4f48,2026-03-08 22:15:56.973836356+00:00,2026-03-08 22:15:56.973836356+00:00
BACKTESTER-001,OracleStrategy-000,MESM6.GLBX,GLBX-1-155,MESM6.GLBX-OracleStrategy-000,GLBX-001,GLBX-1-155,MARKET,BUY,1,GTC,False,False,1,TAKER,6680.0,0.0,['0.00 USD'],NO_TRIGGER,FILLED,NO_CONTINGENCY,,,,MY_GENERIC_ALGO,,O-20260308-221556-001-000-156,,77605b2e-d358-456e-a459-335351efdde3,2026-03-08 22:15:56.973836356+00:00,2026-03-08 22:15:56.973836356+00:00
BACKTESTER-001,OracleStrategy-000,MESM6.GLBX,GLBX-1-156,MESM6.GLBX-OracleStrategy-000,GLBX-001,GLBX-1-156,MARKET,SELL,1,GTC,True,False,1,TAKER,6681.5,0.0,['0.00 USD'],NO_TRIGGER,FILLED,NO_CONTINGENCY,,,,MY_GENERIC_ALGO,,O-20260308-221611-001-000-157,,4fef8bda-8665-4b2a-9a7a-24a3d8ce86d0,2026-03-08 22:16:11.809371083+00:00,2026-03-08 22:16:11.809371083+00:00
BACKTESTER-001,OracleStrategy-000,MESM6.GLBX,GLBX-1-157,MESM6.GLBX-OracleStrategy-000,GLBX-001,GLBX-1-157,MARKET,SELL,1,GTC,False,False,1,TAKER,6681.5,0.0,['0.00 USD'],NO_TRIGGER,FILLED,NO_CONTINGENCY,,,,MY_GENERIC_ALGO,,O-20260308-221611-001-000-158,,e338e45a-c1e5-4586-844e-46b063b27994,2026-03-08 22:16:11.809371083+00:00,2026-03-08 22:16:11.809371083+00:00
BACKTESTER-001,OracleStrategy-000,MESM6.GLBX,GLBX-1-158,MESM6.GLBX-OracleStrategy-000,GLBX-001,GLBX-1-158,MARKET,BUY,1,GTC,True,False,1,TAKER,6682.0,0.0,['0.00 USD'],NO_TRIGGER,FILLED,NO_CONTINGENCY,,,,MY_GENERIC_ALGO,,O-20260308-221615-001-000-159,,0c1e71f6-3604-43ae-ba70-7e0908a36f95,2026-03-08 22:16:15.156340853+00:00,2026-03-08 22:16:15.156340853+00:00
BACKTESTER-001,OracleStrategy-000,MESM6.GLBX,GLBX-1-159,MESM6.GLBX-OracleStrategy-000,GLBX-001,GLBX-1-159,MARKET,BUY,1,GTC,False,False,1,TAKER,6682.0,0.0,['0.00 USD'],NO_TRIGGER,FILLED,NO_CONTINGENCY,,,,MY_GENERIC_ALGO,,O-20260308-221615-001-000-160,,a5226a8e-c6e5-4e74-8e7f-d6355cc38efd,2026-03-08 22:16:15.156340853+00:00,2026-03-08 22:16:15.156340853+00:00
BACKTESTER-001,OracleStrategy-000,MESM6.GLBX,GLBX-1-160,MESM6.GLBX-OracleStrategy-000,GLBX-001,GLBX-1-160,MARKET,SELL,1,GTC,True,False,1,TAKER,6681.75,0.0,['0.00 USD'],NO_TRIGGER,FILLED,NO_CONTINGENCY,,,,MY_GENERIC_ALGO,,O-20260308-221618-001-000-161,,85c59229-f939-49ee-b1b4-1e59f92ab165,2026-03-08 22:16:18.977488067+00:00,2026-03-08 22:16:18.977488067+00:00
BACKTESTER-001,OracleStrategy-000,MESM6.GLBX,GLBX-1-161,MESM6.GLBX-OracleStrategy-000,GLBX-001,GLBX-1-161,MARKET,SELL,1,GTC,False,False,1,TAKER,6681.75,0.0,['0.00 USD'],NO_TRIGGER,FILLED,NO_CONTINGENCY,,,,MY_GENERIC_ALGO,,O-20260308-221618-001-000-162,,8b052387-40f5-4a19-91f2-4420d88ca97f,2026-03-08 22:16:18.977488067+00:00,2026-03-08 22:16:18.977488067+00:00
BACKTESTER-001,OracleStrategy-000,MESM6.GLBX,GLBX-1-162,MESM6.GLBX-OracleStrategy-000,GLBX-001,GLBX-1-162,MARKET,BUY,1,GTC,True,False,1,TAKER,6680.75,0.0,['0.00 USD'],NO_TRIGGER,FILLED,NO_CONTINGENCY,,,,MY_GENERIC_ALGO,,O-20260308-221629-001-000-163,,2e982c9c-d3c1-4ba4-9b44-4da74dee24dc,2026-03-08 22:16:29.679424605+00:00,2026-03-08 22:16:29.679424605+00:00
BACKTESTER-001,OracleStrategy-000,MESM6.GLBX,GLBX-1-163,MESM6.GLBX-OracleStrategy-000,GLBX-001,GLBX-1-163,MARKET,BUY,1,GTC,False,False,1,TAKER,6680.75,0.0,['0.00 USD'],NO_TRIGGER,FILLED,NO_CONTINGENCY,,,,MY_GENERIC_ALGO,,O-20260308-221629-001-000-164,,6f7e599b-81ab-4156-8aba-8ac05e028e8d,2026-03-08 22:16:29.679424605+00:00,2026-03-08 22:16:29.679424605+00:00
BACKTESTER-001,OracleStrategy-000,MESM6.GLBX,GLBX-1-164,MESM6.GLBX-OracleStrategy-000,GLBX-001,GLBX-1-164,MARKET,SELL,1,GTC,True,False,1,TAKER,6684.0,0.0,['0.00 USD'],NO_TRIGGER,FILLED,NO_CONTINGENCY,,,,MY_GENERIC_ALGO,,O-20260308-221705-001-000-165,,f98792d1-61bf-46b6-bacd-16450f9f20ad,2026-03-08 22:17:05.470709456+00:00,2026-03-08 22:17:05.470709456+00:00
BACKTESTER-001,OracleStrategy-000,MESM6.GLBX,GLBX-1-165,MESM6.GLBX-OracleStrategy-000,GLBX-001,GLBX-1-165,MARKET,SELL,1,GTC,False,False,1,TAKER,6684.0,0.0,['0.00 USD'],NO_TRIGGER,FILLED,NO_CONTINGENCY,,,,MY_GENERIC_ALGO,,O-20260308-221705-001-000-166,,7fd3cd96-3a3a-4de3-a609-b7eaea4201f2,2026-03-08 22:17:05.470709456+00:00,2026-03-08 22:17:05.470709456+00:00
BACKTESTER-001,OracleStrategy-000,MESM6.GLBX,GLBX-1-166,MESM6.GLBX-OracleStrategy-000,GLBX-001,GLBX-1-166,MARKET,BUY,1,GTC,True,False,1,TAKER,6684.75,0.0,['0.00 USD'],NO_TRIGGER,FILLED,NO_CONTINGENCY,,,,MY_GENERIC_ALGO,,O-20260308-221708-001-000-167,,ca6e434a-ba51-49f5-9e73-3f000282dd4a,2026-03-08 22:17:08.995810891+00:00,2026-03-08 22:17:08.995810891+00:00
BACKTESTER-001,OracleStrategy-000,MESM6.GLBX,GLBX-1-167,MESM6.GLBX-OracleStrategy-000,GLBX-001,GLBX-1-167,MARKET,BUY,1,GTC,False,False,1,TAKER,6684.75,0.0,['0.00 USD'],NO_TRIGGER,FILLED,NO_CONTINGENCY,,,,MY_GENERIC_ALGO,,O-20260308-221708-001-000-168,,2324ba7b-784a-4d2c-816d-41c8d5873e3a,2026-03-08 22:17:08.995810891+00:00,2026-03-08 22:17:08.995810891+00:00
BACKTESTER-001,OracleStrategy-000,MESM6.GLBX,GLBX-1-168,MESM6.GLBX-OracleStrategy-000,GLBX-001,GLBX-1-168,MARKET,SELL,1,GTC,True,False,1,TAKER,6683.75,0.0,['0.00 USD'],NO_TRIGGER,FILLED,NO_CONTINGENCY,,,,MY_GENERIC_ALGO,,O-20260308-221711-001-000-169,,c733a017-a5df-4772-a266-819534dd4a2c,2026-03-08 22:17:11.985464903+00:00,2026-03-08 22:17:11.985464903+00:00
BACKTESTER-001,OracleStrategy-000,MESM6.GLBX,GLBX-1-169,MESM6.GLBX-OracleStrategy-000,GLBX-001,GLBX-1-169,MARKET,SELL,1,GTC,False,False,1,TAKER,6683.75,0.0,['0.00 USD'],NO_TRIGGER,FILLED,NO_CONTINGENCY,,,,MY_GENERIC_ALGO,,O-20260308-221711-001-000-170,,faf5314a-bbdf-4125-bbd4-3d649551afa2,2026-03-08 22:17:11.985464903+00:00,2026-03-08 22:17:11.985464903+00:00
BACKTESTER-001,OracleStrategy-000,MESM6.GLBX,GLBX-1-170,MESM6.GLBX-OracleStrategy-000,GLBX-001,GLBX-1-170,MARKET,BUY,1,GTC,True,False,1,TAKER,6685.25,0.0,['0.00 USD'],NO_TRIGGER,FILLED,NO_CONTINGENCY,,,,MY_GENERIC_ALGO,,O-20260308-221722-001-000-171,,c8ce43a7-3c87-41bc-a2c6-7c773742572a,2026-03-08 22:17:22.644388261+00:00,2026-03-08 22:17:22.644388261+00:00
BACKTESTER-001,OracleStrategy-000,MESM6.GLBX,GLBX-1-171,MESM6.GLBX-OracleStrategy-000,GLBX-001,GLBX-1-171,MARKET,BUY,1,GTC,False,False,1,TAKER,6685.25,0.0,['0.00 USD'],NO_TRIGGER,FILLED,NO_CONTINGENCY,,,,MY_GENERIC_ALGO,,O-20260308-221722-001-000-172,,5c373af9-9f00-4dd4-afe1-b403958e4bdf,2026-03-08 22:17:22.644388261+00:00,2026-03-08 22:17:22.644388261+00:00
BACKTESTER-001,OracleStrategy-000,MESM6.GLBX,GLBX-1-172,MESM6.GLBX-OracleStrategy-000,GLBX-001,GLBX-1-172,MARKET,SELL,1,GTC,True,False,1,TAKER,6684.25,0.0,['0.00 USD'],NO_TRIGGER,FILLED,NO_CONTINGENCY,,,,MY_GENERIC_ALGO,,O-20260308-221731-001-000-173,,30b6a76b-f66e-4c8c-bbb2-0e2b60765c32,2026-03-08 22:17:31.809771179+00:00,2026-03-08 22:17:31.809771179+00:00
BACKTESTER-001,OracleStrategy-000,MESM6.GLBX,GLBX-1-173,MESM6.GLBX-OracleStrategy-000,GLBX-001,GLBX-1-173,MARKET,SELL,1,GTC,False,False,1,TAKER,6684.25,0.0,['0.00 USD'],NO_TRIGGER,FILLED,NO_CONTINGENCY,,,,MY_GENERIC_ALGO,,O-20260308-221731-001-000-174,,bef84f86-66ee-4b37-9024-2e681b2e0304,2026-03-08 22:17:31.809771179+00:00,2026-03-08 22:17:31.809771179+00:00
BACKTESTER-001,OracleStrategy-000,MESM6.GLBX,GLBX-1-174,MESM6.GLBX-OracleStrategy-000,GLBX-001,GLBX-1-174,MARKET,BUY,1,GTC,True,False,1,TAKER,6684.75,0.0,['0.00 USD'],NO_TRIGGER,FILLED,NO_CONTINGENCY,,,,MY_GENERIC_ALGO,,O-20260308-221804-001-000-175,,e7f86516-857d-49aa-a49e-19d1d63a2f82,2026-03-08 22:18:04.127558093+00:00,2026-03-08 22:18:04.127558093+00:00
BACKTESTER-001,OracleStrategy-000,MESM6.GLBX,GLBX-1-175,MESM6.GLBX-OracleStrategy-000,GLBX-001,GLBX-1-175,MARKET,BUY,1,GTC,False,False,1,TAKER,6684.75,0.0,['0.00 USD'],NO_TRIGGER,FILLED,NO_CONTINGENCY,,,,MY_GENERIC_ALGO,,O-20260308-221804-001-000-176,,d9413d74-8869-411a-adae-3eb98795f36e,2026-03-08 22:18:04.127558093+00:00,2026-03-08 22:18:04.127558093+00:00
BACKTESTER-001,OracleStrategy-000,MESM6.GLBX,GLBX-1-176,MESM6.GLBX-OracleStrategy-000,GLBX-001,GLBX-1-176,MARKET,SELL,1,GTC,True,False,1,TAKER,6681.75,0.0,['0.00 USD'],NO_TRIGGER,FILLED,NO_CONTINGENCY,,,,MY_GENERIC_ALGO,,O-20260308-221822-001-000-177,,72396890-04f3-4d02-b196-c7483f2a5822,2026-03-08 22:18:22.824278858+00:00,2026-03-08 22:18:22.824278858+00:00
BACKTESTER-001,OracleStrategy-000,MESM6.GLBX,GLBX-1-177,MESM6.GLBX-OracleStrategy-000,GLBX-001,GLBX-1-177,MARKET,SELL,1,GTC,False,False,1,TAKER,6681.75,0.0,['0.00 USD'],NO_TRIGGER,FILLED,NO_CONTINGENCY,,,,MY_GENERIC_ALGO,,O-20260308-221822-001-000-178,,2a653d98-9170-4b20-97aa-7b680bf7c969,2026-03-08 22:18:22.824278858+00:00,2026-03-08 22:18:22.824278858+00:00
BACKTESTER-001,OracleStrategy-000,MESM6.GLBX,GLBX-1-178,MESM6.GLBX-OracleStrategy-000,GLBX-001,GLBX-1-178,MARKET,BUY,1,GTC,True,False,1,TAKER,6683.0,0.0,['0.00 USD'],NO_TRIGGER,FILLED,NO_CONTINGENCY,,,,MY_GENERIC_ALGO,,O-20260308-221824-001-000-179,,88b8a45f-4f43-4ab0-949a-6e0223a12473,2026-03-08 22:18:24.584768667+00:00,2026-03-08 22:18:24.584768667+00:00
BACKTESTER-001,OracleStrategy-000,MESM6.GLBX,GLBX-1-179,MESM6.GLBX-OracleStrategy-000,GLBX-001,GLBX-1-179,MARKET,BUY,1,GTC,False,False,1,TAKER,6683.0,0.0,['0.00 USD'],NO_TRIGGER,FILLED,NO_CONTINGENCY,,,,MY_GENERIC_ALGO,,O-20260308-221824-001-000-180,,e70fcefc-b9b2-4129-b9f6-089a8277f104,2026-03-08 22:18:24.584768667+00:00,2026-03-08 22:18:24.584768667+00:00
BACKTESTER-001,OracleStrategy-000,MESM6.GLBX,GLBX-1-180,MESM6.GLBX-OracleStrategy-000,GLBX-001,GLBX-1-180,MARKET,SELL,1,GTC,True,False,1,TAKER,6684.0,0.0,['0.00 USD'],NO_TRIGGER,FILLED,NO_CONTINGENCY,,,,MY_GENERIC_ALGO,,O-20260308-221846-001-000-181,,a730493f-f92e-4118-b82d-030c6eecead4,2026-03-08 22:18:46.771348096+00:00,2026-03-08 22:18:46.771348096+00:00
BACKTESTER-001,OracleStrategy-000,MESM6.GLBX,GLBX-1-181,MESM6.GLBX-OracleStrategy-000,GLBX-001,GLBX-1-181,MARKET,SELL,1,GTC,False,False,1,TAKER,6684.0,0.0,['0.00 USD'],NO_TRIGGER,FILLED,NO_CONTINGENCY,,,,MY_GENERIC_ALGO,,O-20260308-221846-001-000-182,,6b3ae4c6-f317-4bbc-aba5-98a5035bb386,2026-03-08 22:18:46.771348096+00:00,2026-03-08 22:18:46.771348096+00:00
BACKTESTER-001,OracleStrategy-000,MESM6.GLBX,GLBX-1-182,MESM6.GLBX-OracleStrategy-000,GLBX-001,GLBX-1-182,MARKET,BUY,1,GTC,True,False,1,TAKER,6683.0,0.0,['0.00 USD'],NO_TRIGGER,FILLED,NO_CONTINGENCY,,,,MY_GENERIC_ALGO,,O-20260308-221848-001-000-183,,b2047f6c-d73b-4beb-ac16-585029396eb8,2026-03-08 22:18:48.483518434+00:00,2026-03-08 22:18:48.483518434+00:00
BACKTESTER-001,OracleStrategy-000,MESM6.GLBX,GLBX-1-183,MESM6.GLBX-OracleStrategy-000,GLBX-001,GLBX-1-183,MARKET,BUY,1,GTC,False,False,1,TAKER,6683.0,0.0,['0.00 USD'],NO_TRIGGER,FILLED,NO_CONTINGENCY,,,,MY_GENERIC_ALGO,,O-20260308-221848-001-000-184,,0a7325e1-9efe-4274-877d-c380bf8cf06b,2026-03-08 22:18:48.483518434+00:00,2026-03-08 22:18:48.483518434+00:00
BACKTESTER-001,OracleStrategy-000,MESM6.GLBX,GLBX-1-184,MESM6.GLBX-OracleStrategy-000,GLBX-001,GLBX-1-184,MARKET,SELL,1,GTC,True,False,1,TAKER,6683.0,0.0,['0.00 USD'],NO_TRIGGER,FILLED,NO_CONTINGENCY,,,,MY_GENERIC_ALGO,,O-20260308-221850-001-000-185,,72846d30-2524-4070-8842-9f50843a1fea,2026-03-08 22:18:50.863781474+00:00,2026-03-08 22:18:50.863781474+00:00
BACKTESTER-001,OracleStrategy-000,MESM6.GLBX,GLBX-1-185,MESM6.GLBX-OracleStrategy-000,GLBX-001,GLBX-1-185,MARKET,SELL,1,GTC,False,False,1,TAKER,6683.0,0.0,['0.00 USD'],NO_TRIGGER,FILLED,NO_CONTINGENCY,,,,MY_GENERIC_ALGO,,O-20260308-221850-001-000-186,,c40dfaa9-fa46-4deb-98ce-70945fd8968c,2026-03-08 22:18:50.863781474+00:00,2026-03-08 22:18:50.863781474+00:00
BACKTESTER-001,OracleStrategy-000,MESM6.GLBX,GLBX-1-186,MESM6.GLBX-OracleStrategy-000,GLBX-001,GLBX-1-186,MARKET,BUY,1,GTC,True,False,1,TAKER,6684.0,0.0,['0.00 USD'],NO_TRIGGER,FILLED,NO_CONTINGENCY,,,,MY_GENERIC_ALGO,,O-20260308-221915-001-000-187,,2301cad2-1b14-4f18-927f-91a4e367d3e4,2026-03-08 22:19:15.185229104+00:00,2026-03-08 22:19:15.185229104+00:00
BACKTESTER-001,OracleStrategy-000,MESM6.GLBX,GLBX-1-187,MESM6.GLBX-OracleStrategy-000,GLBX-001,GLBX-1-187,MARKET,BUY,1,GTC,False,False,1,TAKER,6684.0,0.0,['0.00 USD'],NO_TRIGGER,FILLED,NO_CONTINGENCY,,,,MY_GENERIC_ALGO,,O-20260308-221915-001-000-188,,aeba807c-dc69-41a8-af05-9622eeccc82f,2026-03-08 22:19:15.185229104+00:00,2026-03-08 22:19:15.185229104+00:00
BACKTESTER-001,OracleStrategy-000,MESM6.GLBX,GLBX-1-188,MESM6.GLBX-OracleStrategy-000,GLBX-001,GLBX-1-188,MARKET,SELL,1,GTC,True,False,1,TAKER,6684.5,0.0,['0.00 USD'],NO_TRIGGER,FILLED,NO_CONTINGENCY,,,,MY_GENERIC_ALGO,,O-20260308-221922-001-000-189,,513a3b7a-2027-4572-b128-0b5bc783a145,2026-03-08 22:19:22.847149464+00:00,2026-03-08 22:19:22.847149464+00:00
BACKTESTER-001,OracleStrategy-000,MESM6.GLBX,GLBX-1-189,MESM6.GLBX-OracleStrategy-000,GLBX-001,GLBX-1-189,MARKET,SELL,1,GTC,False,False,1,TAKER,6684.5,0.0,['0.00 USD'],NO_TRIGGER,FILLED,NO_CONTINGENCY,,,,MY_GENERIC_ALGO,,O-20260308-221922-001-000-190,,dcc62004-f7f7-49c8-b3f1-e61950880c2a,2026-03-08 22:19:22.847149464+00:00,2026-03-08 22:19:22.847149464+00:00
BACKTESTER-001,OracleStrategy-000,MESM6.GLBX,GLBX-1-190,MESM6.GLBX-OracleStrategy-000,GLBX-001,GLBX-1-190,MARKET,BUY,1,GTC,True,False,1,TAKER,6684.25,0.0,['0.00 USD'],NO_TRIGGER,FILLED,NO_CONTINGENCY,,,,MY_GENERIC_ALGO,,O-20260308-221931-001-000-191,,af9c316d-a966-4d7d-bc8c-81524fecb221,2026-03-08 22:19:31.789848363+00:00,2026-03-08 22:19:31.789848363+00:00
BACKTESTER-001,OracleStrategy-000,MESM6.GLBX,GLBX-1-191,MESM6.GLBX-OracleStrategy-000,GLBX-001,GLBX-1-191,MARKET,BUY,1,GTC,False,False,1,TAKER,6684.25,0.0,['0.00 USD'],NO_TRIGGER,FILLED,NO_CONTINGENCY,,,,MY_GENERIC_ALGO,,O-20260308-221931-001-000-192,,4423d4ab-3542-4934-8d5c-68425e2250b4,2026-03-08 22:19:31.789848363+00:00,2026-03-08 22:19:31.789848363+00:00
BACKTESTER-001,OracleStrategy-000,MESM6.GLBX,GLBX-1-192,MESM6.GLBX-OracleStrategy-000,GLBX-001,GLBX-1-192,MARKET,SELL,1,GTC,True,False,1,TAKER,6685.0,0.0,['0.00 USD'],NO_TRIGGER,FILLED,NO_CONTINGENCY,,,,MY_GENERIC_ALGO,,O-20260308-222008-001-000-193,,d7ea7dfb-2830-4b46-a2b9-e55e0552c1d7,2026-03-08 22:20:08.359356232+00:00,2026-03-08 22:20:08.359356232+00:00
BACKTESTER-001,OracleStrategy-000,MESM6.GLBX,GLBX-1-193,MESM6.GLBX-OracleStrategy-000,GLBX-001,GLBX-1-193,MARKET,SELL,1,GTC,False,False,1,TAKER,6685.0,0.0,['0.00 USD'],NO_TRIGGER,FILLED,NO_CONTINGENCY,,,,MY_GENERIC_ALGO,,O-20260308-222008-001-000-194,,46bbc590-06b1-4952-a24d-37b757468daf,2026-03-08 22:20:08.359356232+00:00,2026-03-08 22:20:08.359356232+00:00
BACKTESTER-001,OracleStrategy-000,MESM6.GLBX,GLBX-1-194,MESM6.GLBX-OracleStrategy-000,GLBX-001,GLBX-1-194,MARKET,BUY,1,GTC,True,False,1,TAKER,6686.25,0.0,['0.00 USD'],NO_TRIGGER,FILLED,NO_CONTINGENCY,,,,MY_GENERIC_ALGO,,O-20260308-222021-001-000-195,,490ba8ba-8dec-4ab3-b4ca-1ea35eef1d36,2026-03-08 22:20:21.089405919+00:00,2026-03-08 22:20:21.089405919+00:00
BACKTESTER-001,OracleStrategy-000,MESM6.GLBX,GLBX-1-195,MESM6.GLBX-OracleStrategy-000,GLBX-001,GLBX-1-195,MARKET,BUY,1,GTC,False,False,1,TAKER,6686.25,0.0,['0.00 USD'],NO_TRIGGER,FILLED,NO_CONTINGENCY,,,,MY_GENERIC_ALGO,,O-20260308-222021-001-000-196,,28556d7d-4123-440e-bdb5-37b647afcc30,2026-03-08 22:20:21.089405919+00:00,2026-03-08 22:20:21.089405919+00:00
BACKTESTER-001,OracleStrategy-000,MESM6.GLBX,GLBX-1-196,MESM6.GLBX-OracleStrategy-000,GLBX-001,GLBX-1-196,MARKET,SELL,1,GTC,True,False,1,TAKER,6686.75,0.0,['0.00 USD'],NO_TRIGGER,FILLED,NO_CONTINGENCY,,,,MY_GENERIC_ALGO,,O-20260308-222024-001-000-197,,15403c64-8abf-43d0-8650-55c332fddde7,2026-03-08 22:20:24.662803951+00:00,2026-03-08 22:20:24.662803951+00:00
BACKTESTER-001,OracleStrategy-000,MESM6.GLBX,GLBX-1-197,MESM6.GLBX-OracleStrategy-000,GLBX-001,GLBX-1-197,MARKET,SELL,1,GTC,False,False,1,TAKER,6686.75,0.0,['0.00 USD'],NO_TRIGGER,FILLED,NO_CONTINGENCY,,,,MY_GENERIC_ALGO,,O-20260308-222024-001-000-198,,44684c95-3370-4019-a87c-fb52ccf0d57f,2026-03-08 22:20:24.662803951+00:00,2026-03-08 22:20:24.662803951+00:00
BACKTESTER-001,OracleStrategy-000,MESM6.GLBX,GLBX-1-198,MESM6.GLBX-OracleStrategy-000,GLBX-001,GLBX-1-198,MARKET,BUY,1,GTC,True,False,1,TAKER,6687.75,0.0,['0.00 USD'],NO_TRIGGER,FILLED,NO_CONTINGENCY,,,,MY_GENERIC_ALGO,,O-20260308-222028-001-000-199,,9cacab42-3072-4c54-a992-04310426e00f,2026-03-08 22:20:28.222032682+00:00,2026-03-08 22:20:28.222032682+00:00
BACKTESTER-001,OracleStrategy-000,MESM6.GLBX,GLBX-1-199,MESM6.GLBX-OracleStrategy-000,GLBX-001,GLBX-1-199,MARKET,BUY,1,GTC,False,False,1,TAKER,6687.75,0.0,['0.00 USD'],NO_TRIGGER,FILLED,NO_CONTINGENCY,,,,MY_GENERIC_ALGO,,O-20260308-222028-001-000-200,,671f00cf-167c-43b2-8ce8-7ccb4c5e9905,2026-03-08 22:20:28.222032682+00:00,2026-03-08 22:20:28.222032682+00:00
BACKTESTER-001,OracleStrategy-000,MESM6.GLBX,GLBX-1-200,MESM6.GLBX-OracleStrategy-000,GLBX-001,GLBX-1-200,MARKET,SELL,1,GTC,True,False,1,TAKER,6692.0,0.0,['0.00 USD'],NO_TRIGGER,FILLED,NO_CONTINGENCY,,,,MY_GENERIC_ALGO,,O-20260308-222035-001-000-201,,9bcc6998-40cd-44c6-8cd7-215df8f81047,2026-03-08 22:20:35.111645470+00:00,2026-03-08 22:20:35.111645470+00:00
BACKTESTER-001,OracleStrategy-000,MESM6.GLBX,GLBX-1-201,MESM6.GLBX-OracleStrategy-000,GLBX-001,GLBX-1-201,MARKET,SELL,1,GTC,False,False,1,TAKER,6692.0,0.0,['0.00 USD'],NO_TRIGGER,FILLED,NO_CONTINGENCY,,,,MY_GENERIC_ALGO,,O-20260308-222035-001-000-202,,93158851-75d9-4b5c-82b9-e98beadf1d10,2026-03-08 22:20:35.111645470+00:00,2026-03-08 22:20:35.111645470+00:00
BACKTESTER-001,OracleStrategy-000,MESM6.GLBX,GLBX-1-202,MESM6.GLBX-OracleStrategy-000,GLBX-001,GLBX-1-202,MARKET,BUY,1,GTC,True,False,1,TAKER,6688.0,0.0,['0.00 USD'],NO_TRIGGER,FILLED,NO_CONTINGENCY,,,,MY_GENERIC_ALGO,,O-20260308-222038-001-000-203,,05ae3e83-d46a-430b-a2d4-d589f00d9545,2026-03-08 22:20:38.377386490+00:00,2026-03-08 22:20:38.377386490+00:00
BACKTESTER-001,OracleStrategy-000,MESM6.GLBX,GLBX-1-203,MESM6.GLBX-OracleStrategy-000,GLBX-001,GLBX-1-203,MARKET,BUY,1,GTC,False,False,1,TAKER,6688.0,0.0,['0.00 USD'],NO_TRIGGER,FILLED,NO_CONTINGENCY,,,,MY_GENERIC_ALGO,,O-20260308-222038-001-000-204,,e4f7bd68-758f-4292-a615-772ef430ae39,2026-03-08 22:20:38.377386490+00:00,2026-03-08 22:20:38.377386490+00:00
BACKTESTER-001,OracleStrategy-000,MESM6.GLBX,GLBX-1-204,MESM6.GLBX-OracleStrategy-000,GLBX-001,GLBX-1-204,MARKET,SELL,1,GTC,True,False,1,TAKER,6686.25,0.0,['0.00 USD'],NO_TRIGGER,FILLED,NO_CONTINGENCY,,,,MY_GENERIC_ALGO,,O-20260308-222043-001-000-205,,2cc486db-82ae-4f1f-9e30-adf0455daf3e,2026-03-08 22:20:43.572321008+00:00,2026-03-08 22:20:43.572321008+00:00
BACKTESTER-001,OracleStrategy-000,MESM6.GLBX,GLBX-1-205,MESM6.GLBX-OracleStrategy-000,GLBX-001,GLBX-1-205,MARKET,SELL,1,GTC,False,False,1,TAKER,6686.25,0.0,['0.00 USD'],NO_TRIGGER,FILLED,NO_CONTINGENCY,,,,MY_GENERIC_ALGO,,O-20260308-222043-001-000-206,,4115f23c-4dfe-4a55-bdaa-a63ea8c60801,2026-03-08 22:20:43.572321008+00:00,2026-03-08 22:20:43.572321008+00:00
BACKTESTER-001,OracleStrategy-000,MESM6.GLBX,GLBX-1-206,MESM6.GLBX-OracleStrategy-000,GLBX-001,GLBX-1-206,MARKET,BUY,1,GTC,True,False,1,TAKER,6686.5,0.0,['0.00 USD'],NO_TRIGGER,FILLED,NO_CONTINGENCY,,,,MY_GENERIC_ALGO,,O-20260308-222057-001-000-207,,6b8ea68c-c170-438d-8dcb-b1cc35e4c1fa,2026-03-08 22:20:57.668330156+00:00,2026-03-08 22:20:57.668330156+00:00
BACKTESTER-001,OracleStrategy-000,MESM6.GLBX,GLBX-1-207,MESM6.GLBX-OracleStrategy-000,GLBX-001,GLBX-1-207,MARKET,BUY,1,GTC,False,False,1,TAKER,6686.5,0.0,['0.00 USD'],NO_TRIGGER,FILLED,NO_CONTINGENCY,,,,MY_GENERIC_ALGO,,O-20260308-222057-001-000-208,,c22a54f5-a127-440a-945b-d632916bc171,2026-03-08 22:20:57.668330156+00:00,2026-03-08 22:20:57.668330156+00:00
BACKTESTER-001,OracleStrategy-000,MESM6.GLBX,GLBX-1-208,MESM6.GLBX-OracleStrategy-000,GLBX-001,GLBX-1-208,MARKET,SELL,1,GTC,True,False,1,TAKER,6687.0,0.0,['0.00 USD'],NO_TRIGGER,FILLED,NO_CONTINGENCY,,,,MY_GENERIC_ALGO,,O-20260308-222102-001-000-209,,0c1864c9-0b25-4f72-bec7-56983c8a4b24,2026-03-08 22:21:02.592598407+00:00,2026-03-08 22:21:02.592598407+00:00
BACKTESTER-001,OracleStrategy-000,MESM6.GLBX,GLBX-1-209,MESM6.GLBX-OracleStrategy-000,GLBX-001,GLBX-1-209,MARKET,SELL,1,GTC,False,False,1,TAKER,6687.0,0.0,['0.00 USD'],NO_TRIGGER,FILLED,NO_CONTINGENCY,,,,MY_GENERIC_ALGO,,O-20260308-222102-001-000-210,,4e47ab7d-91b1-46e0-a4f6-b427f0de3744,2026-03-08 22:21:02.592598407+00:00,2026-03-08 22:21:02.592598407+00:00
BACKTESTER-001,OracleStrategy-000,MESM6.GLBX,GLBX-1-210,MESM6.GLBX-OracleStrategy-000,GLBX-001,GLBX-1-210,MARKET,BUY,1,GTC,True,False,1,TAKER,6692.0,0.0,['0.00 USD'],NO_TRIGGER,FILLED,NO_CONTINGENCY,,,,MY_GENERIC_ALGO,,O-20260308-222104-001-000-211,,73446c63-925e-46ec-af8c-ec0e1ac7fecc,2026-03-08 22:21:04.202620706+00:00,2026-03-08 22:21:04.202620706+00:00
BACKTESTER-001,OracleStrategy-000,MESM6.GLBX,GLBX-1-211,MESM6.GLBX-OracleStrategy-000,GLBX-001,GLBX-1-211,MARKET,BUY,1,GTC,False,False,1,TAKER,6692.0,0.0,['0.00 USD'],NO_TRIGGER,FILLED,NO_CONTINGENCY,,,,MY_GENERIC_ALGO,,O-20260308-222104-001-000-212,,bb967f64-ab60-4646-ac2a-219797bfd8a2,2026-03-08 22:21:04.202620706+00:00,2026-03-08 22:21:04.202620706+00:00
BACKTESTER-001,OracleStrategy-000,MESM6.GLBX,GLBX-1-212,MESM6.GLBX-OracleStrategy-000,GLBX-001,GLBX-1-212,MARKET,SELL,1,GTC,True,False,1,TAKER,6688.0,0.0,['0.00 USD'],NO_TRIGGER,FILLED,NO_CONTINGENCY,,,,MY_GENERIC_ALGO,,O-20260308-222106-001-000-213,,3fd69b63-21c3-4925-a93e-490af74ea235,2026-03-08 22:21:06.960119349+00:00,2026-03-08 22:21:06.960119349+00:00
BACKTESTER-001,OracleStrategy-000,MESM6.GLBX,GLBX-1-213,MESM6.GLBX-OracleStrategy-000,GLBX-001,GLBX-1-213,MARKET,SELL,1,GTC,False,False,1,TAKER,6688.0,0.0,['0.00 USD'],NO_TRIGGER,FILLED,NO_CONTINGENCY,,,,MY_GENERIC_ALGO,,O-20260308-222106-001-000-214,,f0493115-2ba6-486d-b290-bf94f5331905,2026-03-08 22:21:06.960119349+00:00,2026-03-08 22:21:06.960119349+00:00
BACKTESTER-001,OracleStrategy-000,MESM6.GLBX,GLBX-1-214,MESM6.GLBX-OracleStrategy-000,GLBX-001,GLBX-1-214,MARKET,BUY,1,GTC,True,False,1,TAKER,6686.75,0.0,['0.00 USD'],NO_TRIGGER,FILLED,NO_CONTINGENCY,,,,MY_GENERIC_ALGO,,O-20260308-222109-001-000-215,,dcc6f784-ad84-4e94-879e-3b0050df9a56,2026-03-08 22:21:09.835084069+00:00,2026-03-08 22:21:09.835084069+00:00
BACKTESTER-001,OracleStrategy-000,MESM6.GLBX,GLBX-1-215,MESM6.GLBX-OracleStrategy-000,GLBX-001,GLBX-1-215,MARKET,BUY,1,GTC,False,False,1,TAKER,6686.75,0.0,['0.00 USD'],NO_TRIGGER,FILLED,NO_CONTINGENCY,,,,MY_GENERIC_ALGO,,O-20260308-222109-001-000-216,,068a6a4d-3cdf-4735-8a49-4c0ce98df05d,2026-03-08 22:21:09.835084069+00:00,2026-03-08 22:21:09.835084069+00:00
BACKTESTER-001,OracleStrategy-000,MESM6.GLBX,GLBX-1-216,MESM6.GLBX-OracleStrategy-000,GLBX-001,GLBX-1-216,MARKET,SELL,1,GTC,True,False,1,TAKER,6686.5,0.0,['0.00 USD'],NO_TRIGGER,FILLED,NO_CONTINGENCY,,,,MY_GENERIC_ALGO,,O-20260308-222129-001-000-217,,81bd9963-8cf3-43fb-beb6-ef587ff4c54c,2026-03-08 22:21:29.913255823+00:00,2026-03-08 22:21:29.913255823+00:00
BACKTESTER-001,OracleStrategy-000,MESM6.GLBX,GLBX-1-217,MESM6.GLBX-OracleStrategy-000,GLBX-001,GLBX-1-217,MARKET,SELL,1,GTC,False,False,1,TAKER,6686.5,0.0,['0.00 USD'],NO_TRIGGER,FILLED,NO_CONTINGENCY,,,,MY_GENERIC_ALGO,,O-20260308-222129-001-000-218,,25038d76-6557-431f-84e2-2aef4ea9d9b1,2026-03-08 22:21:29.913255823+00:00,2026-03-08 22:21:29.913255823+00:00
BACKTESTER-001,OracleStrategy-000,MESM6.GLBX,GLBX-1-218,MESM6.GLBX-OracleStrategy-000,GLBX-001,GLBX-1-218,MARKET,BUY,1,GTC,True,False,1,TAKER,6688.25,0.0,['0.00 USD'],NO_TRIGGER,FILLED,NO_CONTINGENCY,,,,MY_GENERIC_ALGO,,O-20260308-222204-001-000-219,,3647c924-3e98-49e9-93dc-80bc32c85f64,2026-03-08 22:22:04.710914834+00:00,2026-03-08 22:22:04.710914834+00:00
BACKTESTER-001,OracleStrategy-000,MESM6.GLBX,GLBX-1-219,MESM6.GLBX-OracleStrategy-000,GLBX-001,GLBX-1-219,MARKET,BUY,1,GTC,False,False,1,TAKER,6688.25,0.0,['0.00 USD'],NO_TRIGGER,FILLED,NO_CONTINGENCY,,,,MY_GENERIC_ALGO,,O-20260308-222204-001-000-220,,d9a6cd4a-6d34-43d8-ae04-1bf6e636aa1d,2026-03-08 22:22:04.710914834+00:00,2026-03-08 22:22:04.710914834+00:00
BACKTESTER-001,OracleStrategy-000,MESM6.GLBX,GLBX-1-220,MESM6.GLBX-OracleStrategy-000,GLBX-001,GLBX-1-220,MARKET,SELL,1,GTC,True,False,1,TAKER,6686.0,0.0,['0.00 USD'],NO_TRIGGER,FILLED,NO_CONTINGENCY,,,,MY_GENERIC_ALGO,,O-20260308-222216-001-000-221,,9640c40a-ea1e-44f9-ae3f-452b1f7b5337,2026-03-08 22:22:16.736305693+00:00,2026-03-08 22:22:16.736305693+00:00
BACKTESTER-001,OracleStrategy-000,MESM6.GLBX,GLBX-1-221,MESM6.GLBX-OracleStrategy-000,GLBX-001,GLBX-1-221,MARKET,SELL,1,GTC,False,False,1,TAKER,6686.0,0.0,['0.00 USD'],NO_TRIGGER,FILLED,NO_CONTINGENCY,,,,MY_GENERIC_ALGO,,O-20260308-222216-001-000-222,,7e12113b-c6fc-4cdb-8b17-cf16e9c42ae9,2026-03-08 22:22:16.736305693+00:00,2026-03-08 22:22:16.736305693+00:00
BACKTESTER-001,OracleStrategy-000,MESM6.GLBX,GLBX-1-222,MESM6.GLBX-OracleStrategy-000,GLBX-001,GLBX-1-222,MARKET,BUY,1,GTC,True,False,1,TAKER,6685.5,0.0,['0.00 USD'],NO_TRIGGER,FILLED,NO_CONTINGENCY,,,,MY_GENERIC_ALGO,,O-20260308-222223-001-000-223,,25d03467-5467-433a-a408-5ceccfed3db3,2026-03-08 22:22:23.437566888+00:00,2026-03-08 22:22:23.437566888+00:00
BACKTESTER-001,OracleStrategy-000,MESM6.GLBX,GLBX-1-223,MESM6.GLBX-OracleStrategy-000,GLBX-001,GLBX-1-223,MARKET,BUY,1,GTC,False,False,1,TAKER,6685.5,0.0,['0.00 USD'],NO_TRIGGER,FILLED,NO_CONTINGENCY,,,,MY_GENERIC_ALGO,,O-20260308-222223-001-000-224,,7c334d05-ff95-46e0-a58b-6eac1d7ecbf7,2026-03-08 22:22:23.437566888+00:00,2026-03-08 22:22:23.437566888+00:00
BACKTESTER-001,OracleStrategy-000,MESM6.GLBX,GLBX-1-224,MESM6.GLBX-OracleStrategy-000,GLBX-001,GLBX-1-224,MARKET,SELL,1,GTC,True,False,1,TAKER,6685.0,0.0,['0.00 USD'],NO_TRIGGER,FILLED,NO_CONTINGENCY,,,,MY_GENERIC_ALGO,,O-20260308-222237-001-000-225,,b2bec0c0-6025-40f9-8dce-88c3b31e6ecb,2026-03-08 22:22:37.135892755+00:00,2026-03-08 22:22:37.135892755+00:00
BACKTESTER-001,OracleStrategy-000,MESM6.GLBX,GLBX-1-225,MESM6.GLBX-OracleStrategy-000,GLBX-001,GLBX-1-225,MARKET,SELL,1,GTC,False,False,1,TAKER,6685.0,0.0,['0.00 USD'],NO_TRIGGER,FILLED,NO_CONTINGENCY,,,,MY_GENERIC_ALGO,,O-20260308-222237-001-000-226,,01500edf-6e53-4176-9b0d-a36d5b241cf2,2026-03-08 22:22:37.135892755+00:00,2026-03-08 22:22:37.135892755+00:00
BACKTESTER-001,OracleStrategy-000,MESM6.GLBX,GLBX-1-226,MESM6.GLBX-OracleStrategy-000,GLBX-001,GLBX-1-226,MARKET,BUY,1,GTC,True,False,1,TAKER,6684.75,0.0,['0.00 USD'],NO_TRIGGER,FILLED,NO_CONTINGENCY,,,,MY_GENERIC_ALGO,,O-20260308-222256-001-000-227,,f3374063-b793-4b75-a4d9-63dda59df5a3,2026-03-08 22:22:56.304257738+00:00,2026-03-08 22:22:56.304257738+00:00
BACKTESTER-001,OracleStrategy-000,MESM6.GLBX,GLBX-1-227,MESM6.GLBX-OracleStrategy-000,GLBX-001,GLBX-1-227,MARKET,BUY,1,GTC,False,False,1,TAKER,6684.75,0.0,['0.00 USD'],NO_TRIGGER,FILLED,NO_CONTINGENCY,,,,MY_GENERIC_ALGO,,O-20260308-222256-001-000-228,,033dd998-31d2-4763-a974-fdf3495ff5b4,2026-03-08 22:22:56.304257738+00:00,2026-03-08 22:22:56.304257738+00:00
BACKTESTER-001,OracleStrategy-000,MESM6.GLBX,GLBX-1-228,MESM6.GLBX-OracleStrategy-000,GLBX-001,GLBX-1-228,MARKET,SELL,1,GTC,True,False,1,TAKER,6683.75,0.0,['0.00 USD'],NO_TRIGGER,FILLED,NO_CONTINGENCY,,,,MY_GENERIC_ALGO,,O-20260308-222305-001-000-229,,23215638-c37d-4eb8-98d9-0346c385866c,2026-03-08 22:23:05.410091213+00:00,2026-03-08 22:23:05.410091213+00:00
BACKTESTER-001,OracleStrategy-000,MESM6.GLBX,GLBX-1-229,MESM6.GLBX-OracleStrategy-000,GLBX-001,GLBX-1-229,MARKET,SELL,1,GTC,False,False,1,TAKER,6683.75,0.0,['0.00 USD'],NO_TRIGGER,FILLED,NO_CONTINGENCY,,,,MY_GENERIC_ALGO,,O-20260308-222305-001-000-230,,995d223a-e9c1-4ee4-b3ba-c31bb0a3aa0b,2026-03-08 22:23:05.410091213+00:00,2026-03-08 22:23:05.410091213+00:00
BACKTESTER-001,OracleStrategy-000,MESM6.GLBX,GLBX-1-230,MESM6.GLBX-OracleStrategy-000,GLBX-001,GLBX-1-230,MARKET,BUY,1,GTC,True,False,1,TAKER,6677.25,0.0,['0.00 USD'],NO_TRIGGER,FILLED,NO_CONTINGENCY,,,,MY_GENERIC_ALGO,,O-20260308-222424-001-000-231,,4625bc67-8b47-4324-bc55-06a7ac624a5a,2026-03-08 22:24:24.824441305+00:00,2026-03-08 22:24:24.824441305+00:00
BACKTESTER-001,OracleStrategy-000,MESM6.GLBX,GLBX-1-231,MESM6.GLBX-OracleStrategy-000,GLBX-001,GLBX-1-231,MARKET,BUY,1,GTC,False,False,1,TAKER,6677.25,0.0,['0.00 USD'],NO_TRIGGER,FILLED,NO_CONTINGENCY,,,,MY_GENERIC_ALGO,,O-20260308-222424-001-000-232,,5b08910b-43ff-4e8b-8678-e7d2dad46b33,2026-03-08 22:24:24.824441305+00:00,2026-03-08 22:24:24.824441305+00:00
BACKTESTER-001,OracleStrategy-000,MESM6.GLBX,GLBX-1-232,MESM6.GLBX-OracleStrategy-000,GLBX-001,GLBX-1-232,MARKET,SELL,1,GTC,True,False,1,TAKER,6677.25,0.0,['0.00 USD'],NO_TRIGGER,FILLED,NO_CONTINGENCY,,,,MY_GENERIC_ALGO,,O-20260308-222447-001-000-233,,09fdd5cb-673e-4bbf-9a2e-712b411f95da,2026-03-08 22:24:47.558978289+00:00,2026-03-08 22:24:47.558978289+00:00
BACKTESTER-001,OracleStrategy-000,MESM6.GLBX,GLBX-1-233,MESM6.GLBX-OracleStrategy-000,GLBX-001,GLBX-1-233,MARKET,SELL,1,GTC,False,False,1,TAKER,6677.25,0.0,['0.00 USD'],NO_TRIGGER,FILLED,NO_CONTINGENCY,,,,MY_GENERIC_ALGO,,O-20260308-222447-001-000-234,,f34940eb-73ca-4942-a5b2-07d26c435fba,2026-03-08 22:24:47.558978289+00:00,2026-03-08 22:24:47.558978289+00:00
BACKTESTER-001,OracleStrategy-000,MESM6.GLBX,GLBX-1-234,MESM6.GLBX-OracleStrategy-000,GLBX-001,GLBX-1-234,MARKET,BUY,1,GTC,True,False,1,TAKER,6679.0,0.0,['0.00 USD'],NO_TRIGGER,FILLED,NO_CONTINGENCY,,,,MY_GENERIC_ALGO,,O-20260308-222455-001-000-235,,b0bcafe8-a88e-4ae3-b425-efa711e24539,2026-03-08 22:24:55.510952898+00:00,2026-03-08 22:24:55.510952898+00:00
BACKTESTER-001,OracleStrategy-000,MESM6.GLBX,GLBX-1-235,MESM6.GLBX-OracleStrategy-000,GLBX-001,GLBX-1-235,MARKET,BUY,1,GTC,False,False,1,TAKER,6679.0,0.0,['0.00 USD'],NO_TRIGGER,FILLED,NO_CONTINGENCY,,,,MY_GENERIC_ALGO,,O-20260308-222455-001-000-236,,10d2c6af-6562-4f40-8b7c-cc50cb9ca7b5,2026-03-08 22:24:55.510952898+00:00,2026-03-08 22:24:55.510952898+00:00
BACKTESTER-001,OracleStrategy-000,MESM6.GLBX,GLBX-1-236,MESM6.GLBX-OracleStrategy-000,GLBX-001,GLBX-1-236,MARKET,SELL,1,GTC,True,False,1,TAKER,6678.5,0.0,['0.00 USD'],NO_TRIGGER,FILLED,NO_CONTINGENCY,,,,MY_GENERIC_ALGO,,O-20260308-222501-001-000-237,,040779d1-a49a-4561-b9cf-a85e5f282ac0,2026-03-08 22:25:01.038484024+00:00,2026-03-08 22:25:01.038484024+00:00
BACKTESTER-001,OracleStrategy-000,MESM6.GLBX,GLBX-1-237,MESM6.GLBX-OracleStrategy-000,GLBX-001,GLBX-1-237,MARKET,SELL,1,GTC,False,False,1,TAKER,6678.5,0.0,['0.00 USD'],NO_TRIGGER,FILLED,NO_CONTINGENCY,,,,MY_GENERIC_ALGO,,O-20260308-222501-001-000-238,,cb148e4e-5a3b-4541-8953-ec8a005a474d,2026-03-08 22:25:01.038484024+00:00,2026-03-08 22:25:01.038484024+00:00
BACKTESTER-001,OracleStrategy-000,MESM6.GLBX,GLBX-1-238,MESM6.GLBX-OracleStrategy-000,GLBX-001,GLBX-1-238,MARKET,BUY,1,GTC,True,False,1,TAKER,6680.75,0.0,['0.00 USD'],NO_TRIGGER,FILLED,NO_CONTINGENCY,,,,MY_GENERIC_ALGO,,O-20260308-222516-001-000-239,,61146424-9b51-4e2e-ba78-0a41208af5a2,2026-03-08 22:25:16.948380250+00:00,2026-03-08 22:25:16.948380250+00:00
BACKTESTER-001,OracleStrategy-000,MESM6.GLBX,GLBX-1-239,MESM6.GLBX-OracleStrategy-000,GLBX-001,GLBX-1-239,MARKET,BUY,1,GTC,False,False,1,TAKER,6680.75,0.0,['0.00 USD'],NO_TRIGGER,FILLED,NO_CONTINGENCY,,,,MY_GENERIC_ALGO,,O-20260308-222516-001-000-240,,50b290df-6ee5-4170-af5b-ee10ff9266ff,2026-03-08 22:25:16.948380250+00:00,2026-03-08 22:25:16.948380250+00:00
BACKTESTER-001,OracleStrategy-000,MESM6.GLBX,GLBX-1-240,MESM6.GLBX-OracleStrategy-000,GLBX-001,GLBX-1-240,MARKET,SELL,1,GTC,True,False,1,TAKER,6680.25,0.0,['0.00 USD'],NO_TRIGGER,FILLED,NO_CONTINGENCY,,,,MY_GENERIC_ALGO,,O-20260308-222520-001-000-241,,577044bd-0ec4-4c66-9c5f-81465b7dcb4a,2026-03-08 22:25:20.372967723+00:00,2026-03-08 22:25:20.372967723+00:00
BACKTESTER-001,OracleStrategy-000,MESM6.GLBX,GLBX-1-241,MESM6.GLBX-OracleStrategy-000,GLBX-001,GLBX-1-241,MARKET,SELL,1,GTC,False,False,1,TAKER,6680.25,0.0,['0.00 USD'],NO_TRIGGER,FILLED,NO_CONTINGENCY,,,,MY_GENERIC_ALGO,,O-20260308-222520-001-000-242,,7c80bd4d-2cd9-44cd-bac6-b822d855809a,2026-03-08 22:25:20.372967723+00:00,2026-03-08 22:25:20.372967723+00:00
BACKTESTER-001,OracleStrategy-000,MESM6.GLBX,GLBX-1-242,MESM6.GLBX-OracleStrategy-000,GLBX-001,GLBX-1-242,MARKET,BUY,1,GTC,True,False,1,TAKER,6678.25,0.0,['0.00 USD'],NO_TRIGGER,FILLED,NO_CONTINGENCY,,,,MY_GENERIC_ALGO,,O-20260308-222542-001-000-243,,273009d1-bcc4-4892-80da-f3a9702ddf04,2026-03-08 22:25:42.560633314+00:00,2026-03-08 22:25:42.560633314+00:00
BACKTESTER-001,OracleStrategy-000,MESM6.GLBX,GLBX-1-243,MESM6.GLBX-OracleStrategy-000,GLBX-001,GLBX-1-243,MARKET,BUY,1,GTC,False,False,1,TAKER,6678.25,0.0,['0.00 USD'],NO_TRIGGER,FILLED,NO_CONTINGENCY,,,,MY_GENERIC_ALGO,,O-20260308-222542-001-000-244,,8590932e-d658-4a42-97e2-32f4481a9fc7,2026-03-08 22:25:42.560633314+00:00,2026-03-08 22:25:42.560633314+00:00
BACKTESTER-001,OracleStrategy-000,MESM6.GLBX,GLBX-1-244,MESM6.GLBX-OracleStrategy-000,GLBX-001,GLBX-1-244,MARKET,SELL,1,GTC,True,False,1,TAKER,6676.75,0.0,['0.00 USD'],NO_TRIGGER,FILLED,NO_CONTINGENCY,,,,MY_GENERIC_ALGO,,O-20260308-222543-001-000-245,,5b5db1d7-ae42-47a0-a015-5fade5f0a4ff,2026-03-08 22:25:43.644395269+00:00,2026-03-08 22:25:43.644395269+00:00
BACKTESTER-001,OracleStrategy-000,MESM6.GLBX,GLBX-1-245,MESM6.GLBX-OracleStrategy-000,GLBX-001,GLBX-1-245,MARKET,SELL,1,GTC,False,False,1,TAKER,6676.75,0.0,['0.00 USD'],NO_TRIGGER,FILLED,NO_CONTINGENCY,,,,MY_GENERIC_ALGO,,O-20260308-222543-001-000-246,,2e84f432-588e-4da8-a2a7-eed20f9d1854,2026-03-08 22:25:43.644395269+00:00,2026-03-08 22:25:43.644395269+00:00
BACKTESTER-001,OracleStrategy-000,MESM6.GLBX,GLBX-1-246,MESM6.GLBX-OracleStrategy-000,GLBX-001,GLBX-1-246,MARKET,BUY,1,GTC,True,False,1,TAKER,6676.25,0.0,['0.00 USD'],NO_TRIGGER,FILLED,NO_CONTINGENCY,,,,MY_GENERIC_ALGO,,O-20260308-222548-001-000-247,,75ecb69c-6328-4c3f-99e0-37c5b30a5277,2026-03-08 22:25:48.288101101+00:00,2026-03-08 22:25:48.288101101+00:00
BACKTESTER-001,OracleStrategy-000,MESM6.GLBX,GLBX-1-247,MESM6.GLBX-OracleStrategy-000,GLBX-001,GLBX-1-247,MARKET,BUY,1,GTC,False,False,1,TAKER,6676.25,0.0,['0.00 USD'],NO_TRIGGER,FILLED,NO_CONTINGENCY,,,,MY_GENERIC_ALGO,,O-20260308-222548-001-000-248,,d052b51d-8759-45c3-830b-6e834dec1cc0,2026-03-08 22:25:48.288101101+00:00,2026-03-08 22:25:48.288101101+00:00
BACKTESTER-001,OracleStrategy-000,MESM6.GLBX,GLBX-1-248,MESM6.GLBX-OracleStrategy-000,GLBX-001,GLBX-1-248,MARKET,SELL,1,GTC,True,False,1,TAKER,6676.5,0.0,['0.00 USD'],NO_TRIGGER,FILLED,NO_CONTINGENCY,,,,MY_GENERIC_ALGO,,O-20260308-222625-001-000-249,,c86bfc9d-c0c4-45b6-914b-8a94ebfeb597,2026-03-08 22:26:25.575297570+00:00,2026-03-08 22:26:25.575297570+00:00
BACKTESTER-001,OracleStrategy-000,MESM6.GLBX,GLBX-1-249,MESM6.GLBX-OracleStrategy-000,GLBX-001,GLBX-1-249,MARKET,SELL,1,GTC,False,False,1,TAKER,6676.5,0.0,['0.00 USD'],NO_TRIGGER,FILLED,NO_CONTINGENCY,,,,MY_GENERIC_ALGO,,O-20260308-222625-001-000-250,,2a810b69-a064-4570-a2bc-559ea691b90c,2026-03-08 22:26:25.575297570+00:00,2026-03-08 22:26:25.575297570+00:00
BACKTESTER-001,OracleStrategy-000,MESM6.GLBX,GLBX-1-250,MESM6.GLBX-OracleStrategy-000,GLBX-001,GLBX-1-250,MARKET,BUY,1,GTC,True,False,1,TAKER,6676.25,0.0,['0.00 USD'],NO_TRIGGER,FILLED,NO_CONTINGENCY,,,,MY_GENERIC_ALGO,,O-20260308-222629-001-000-251,,eef90043-6196-4aaa-ad0b-47f1e510a531,2026-03-08 22:26:29.014607157+00:00,2026-03-08 22:26:29.014607157+00:00
BACKTESTER-001,OracleStrategy-000,MESM6.GLBX,GLBX-1-251,MESM6.GLBX-OracleStrategy-000,GLBX-001,GLBX-1-251,MARKET,BUY,1,GTC,False,False,1,TAKER,6676.25,0.0,['0.00 USD'],NO_TRIGGER,FILLED,NO_CONTINGENCY,,,,MY_GENERIC_ALGO,,O-20260308-222629-001-000-252,,67739994-0b2b-49b1-9bb5-5936d7654305,2026-03-08 22:26:29.014607157+00:00,2026-03-08 22:26:29.014607157+00:00
BACKTESTER-001,OracleStrategy-000,MESM6.GLBX,GLBX-1-252,MESM6.GLBX-OracleStrategy-000,GLBX-001,GLBX-1-252,MARKET,SELL,1,GTC,True,False,1,TAKER,6675.0,0.0,['0.00 USD'],NO_TRIGGER,FILLED,NO_CONTINGENCY,,,,MY_GENERIC_ALGO,,O-20260308-222637-001-000-253,,6ba813fe-dcf0-4241-b721-cb14d488d18e,2026-03-08 22:26:37.085225323+00:00,2026-03-08 22:26:37.085225323+00:00
BACKTESTER-001,OracleStrategy-000,MESM6.GLBX,GLBX-1-253,MESM6.GLBX-OracleStrategy-000,GLBX-001,GLBX-1-253,MARKET,SELL,1,GTC,False,False,1,TAKER,6675.0,0.0,['0.00 USD'],NO_TRIGGER,FILLED,NO_CONTINGENCY,,,,MY_GENERIC_ALGO,,O-20260308-222637-001-000-254,,b2bf87cd-1543-49ac-9827-309c182b6bf0,2026-03-08 22:26:37.085225323+00:00,2026-03-08 22:26:37.085225323+00:00
BACKTESTER-001,OracleStrategy-000,MESM6.GLBX,GLBX-1-254,MESM6.GLBX-OracleStrategy-000,GLBX-001,GLBX-1-254,MARKET,BUY,1,GTC,True,False,1,TAKER,6675.0,0.0,['0.00 USD'],NO_TRIGGER,FILLED,NO_CONTINGENCY,,,,MY_GENERIC_ALGO,,O-20260308-222642-001-000-255,,1a2aa1ee-3d2d-4fe4-9ea5-5e3cbf163a45,2026-03-08 22:26:42.780422864+00:00,2026-03-08 22:26:42.780422864+00:00
BACKTESTER-001,OracleStrategy-000,MESM6.GLBX,GLBX-1-255,MESM6.GLBX-OracleStrategy-000,GLBX-001,GLBX-1-255,MARKET,BUY,1,GTC,False,False,1,TAKER,6675.0,0.0,['0.00 USD'],NO_TRIGGER,FILLED,NO_CONTINGENCY,,,,MY_GENERIC_ALGO,,O-20260308-222642-001-000-256,,eb1ef494-e7de-4b96-97dd-a513dc08bed6,2026-03-08 22:26:42.780422864+00:00,2026-03-08 22:26:42.780422864+00:00
BACKTESTER-001,OracleStrategy-000,MESM6.GLBX,GLBX-1-256,MESM6.GLBX-OracleStrategy-000,GLBX-001,GLBX-1-256,MARKET,SELL,1,GTC,True,False,1,TAKER,6675.75,0.0,['0.00 USD'],NO_TRIGGER,FILLED,NO_CONTINGENCY,,,,MY_GENERIC_ALGO,,O-20260308-222652-001-000-257,,87108043-d76a-455f-8f5c-1f3cfae1656c,2026-03-08 22:26:52.702072045+00:00,2026-03-08 22:26:52.702072045+00:00
BACKTESTER-001,OracleStrategy-000,MESM6.GLBX,GLBX-1-257,MESM6.GLBX-OracleStrategy-000,GLBX-001,GLBX-1-257,MARKET,SELL,1,GTC,False,False,1,TAKER,6675.75,0.0,['0.00 USD'],NO_TRIGGER,FILLED,NO_CONTINGENCY,,,,MY_GENERIC_ALGO,,O-20260308-222652-001-000-258,,2733baf0-7aa7-474e-b6bc-0a56fbc46049,2026-03-08 22:26:52.702072045+00:00,2026-03-08 22:26:52.702072045+00:00
BACKTESTER-001,OracleStrategy-000,MESM6.GLBX,GLBX-1-258,MESM6.GLBX-OracleStrategy-000,GLBX-001,GLBX-1-258,MARKET,BUY,1,GTC,True,False,1,TAKER,6676.0,0.0,['0.00 USD'],NO_TRIGGER,FILLED,NO_CONTINGENCY,,,,MY_GENERIC_ALGO,,O-20260308-222700-001-000-259,,37ed08ef-b81c-4e57-a84d-63759bbe8f13,2026-03-08 22:27:00.259652477+00:00,2026-03-08 22:27:00.259652477+00:00
BACKTESTER-001,OracleStrategy-000,MESM6.GLBX,GLBX-1-259,MESM6.GLBX-OracleStrategy-000,GLBX-001,GLBX-1-259,MARKET,BUY,1,GTC,False,False,1,TAKER,6676.0,0.0,['0.00 USD'],NO_TRIGGER,FILLED,NO_CONTINGENCY,,,,MY_GENERIC_ALGO,,O-20260308-222700-001-000-260,,0b3448fa-ee66-4ee0-bab3-16bd29835e83,2026-03-08 22:27:00.259652477+00:00,2026-03-08 22:27:00.259652477+00:00
BACKTESTER-001,OracleStrategy-000,MESM6.GLBX,GLBX-1-260,MESM6.GLBX-OracleStrategy-000,GLBX-001,GLBX-1-260,MARKET,SELL,1,GTC,True,False,1,TAKER,6675.0,0.0,['0.00 USD'],NO_TRIGGER,FILLED,NO_CONTINGENCY,,,,MY_GENERIC_ALGO,,O-20260308-222703-001-000-261,,397efe9c-6bf7-4718-8b3e-c093e56b0655,2026-03-08 22:27:03.908932054+00:00,2026-03-08 22:27:03.908932054+00:00
BACKTESTER-001,OracleStrategy-000,MESM6.GLBX,GLBX-1-261,MESM6.GLBX-OracleStrategy-000,GLBX-001,GLBX-1-261,MARKET,SELL,1,GTC,False,False,1,TAKER,6675.0,0.0,['0.00 USD'],NO_TRIGGER,FILLED,NO_CONTINGENCY,,,,MY_GENERIC_ALGO,,O-20260308-222703-001-000-262,,94c54bf6-b0f1-48b4-974f-2ea5197ab454,2026-03-08 22:27:03.908932054+00:00,2026-03-08 22:27:03.908932054+00:00
BACKTESTER-001,OracleStrategy-000,MESM6.GLBX,GLBX-1-262,MESM6.GLBX-OracleStrategy-000,GLBX-001,GLBX-1-262,MARKET,BUY,1,GTC,True,False,1,TAKER,6674.75,0.0,['0.00 USD'],NO_TRIGGER,FILLED,NO_CONTINGENCY,,,,MY_GENERIC_ALGO,,O-20260308-222737-001-000-263,,63f65152-cf13-4a87-a1ea-bb029e335706,2026-03-08 22:27:37.324230949+00:00,2026-03-08 22:27:37.324230949+00:00
BACKTESTER-001,OracleStrategy-000,MESM6.GLBX,GLBX-1-263,MESM6.GLBX-OracleStrategy-000,GLBX-001,GLBX-1-263,MARKET,BUY,1,GTC,False,False,1,TAKER,6674.75,0.0,['0.00 USD'],NO_TRIGGER,FILLED,NO_CONTINGENCY,,,,MY_GENERIC_ALGO,,O-20260308-222737-001-000-264,,3c964290-ab71-4ab1-93d8-c96e8c9c037e,2026-03-08 22:27:37.324230949+00:00,2026-03-08 22:27:37.324230949+00:00
BACKTESTER-001,OracleStrategy-000,MESM6.GLBX,GLBX-1-264,MESM6.GLBX-OracleStrategy-000,GLBX-001,GLBX-1-264,MARKET,SELL,1,GTC,True,False,1,TAKER,6673.25,0.0,['0.00 USD'],NO_TRIGGER,FILLED,NO_CONTINGENCY,,,,MY_GENERIC_ALGO,,O-20260308-222740-001-000-265,,4ec79013-9917-4a2f-9cdc-ec6799b77e85,2026-03-08 22:27:40.401323701+00:00,2026-03-08 22:27:40.401323701+00:00
BACKTESTER-001,OracleStrategy-000,MESM6.GLBX,GLBX-1-265,MESM6.GLBX-OracleStrategy-000,GLBX-001,GLBX-1-265,MARKET,SELL,1,GTC,False,False,1,TAKER,6673.25,0.0,['0.00 USD'],NO_TRIGGER,FILLED,NO_CONTINGENCY,,,,MY_GENERIC_ALGO,,O-20260308-222740-001-000-266,,a431f395-299e-4bcb-8018-30540bf99910,2026-03-08 22:27:40.401323701+00:00,2026-03-08 22:27:40.401323701+00:00
BACKTESTER-001,OracleStrategy-000,MESM6.GLBX,GLBX-1-266,MESM6.GLBX-OracleStrategy-000,GLBX-001,GLBX-1-266,MARKET,BUY,1,GTC,True,False,1,TAKER,6673.0,0.0,['0.00 USD'],NO_TRIGGER,FILLED,NO_CONTINGENCY,,,,MY_GENERIC_ALGO,,O-20260308-222743-001-000-267,,69296ddd-f769-4d1e-ab4d-0ebc13dff2a6,2026-03-08 22:27:43.605846026+00:00,2026-03-08 22:27:43.605846026+00:00
BACKTESTER-001,OracleStrategy-000,MESM6.GLBX,GLBX-1-267,MESM6.GLBX-OracleStrategy-000,GLBX-001,GLBX-1-267,MARKET,BUY,1,GTC,False,False,1,TAKER,6673.0,0.0,['0.00 USD'],NO_TRIGGER,FILLED,NO_CONTINGENCY,,,,MY_GENERIC_ALGO,,O-20260308-222743-001-000-268,,e12eae2b-7af2-40cd-a45f-ea34bc9f0597,2026-03-08 22:27:43.605846026+00:00,2026-03-08 22:27:43.605846026+00:00
BACKTESTER-001,OracleStrategy-000,MESM6.GLBX,GLBX-1-268,MESM6.GLBX-OracleStrategy-000,GLBX-001,GLBX-1-268,MARKET,SELL,1,GTC,True,False,1,TAKER,6672.75,0.0,['0.00 USD'],NO_TRIGGER,FILLED,NO_CONTINGENCY,,,,MY_GENERIC_ALGO,,O-20260308-222747-001-000-269,,15b8573b-048f-48f0-9341-5260ab104292,2026-03-08 22:27:47.043217172+00:00,2026-03-08 22:27:47.043217172+00:00
BACKTESTER-001,OracleStrategy-000,MESM6.GLBX,GLBX-1-269,MESM6.GLBX-OracleStrategy-000,GLBX-001,GLBX-1-269,MARKET,SELL,1,GTC,False,False,1,TAKER,6672.75,0.0,['0.00 USD'],NO_TRIGGER,FILLED,NO_CONTINGENCY,,,,MY_GENERIC_ALGO,,O-20260308-222747-001-000-270,,3d54f175-ec6c-42a0-8d82-2fa19120fa99,2026-03-08 22:27:47.043217172+00:00,2026-03-08 22:27:47.043217172+00:00
BACKTESTER-001,OracleStrategy-000,MESM6.GLBX,GLBX-1-270,MESM6.GLBX-OracleStrategy-000,GLBX-001,GLBX-1-270,MARKET,BUY,1,GTC,True,False,1,TAKER,6671.75,0.0,['0.00 USD'],NO_TRIGGER,FILLED,NO_CONTINGENCY,,,,MY_GENERIC_ALGO,,O-20260308-222752-001-000-271,,99fad84d-7c37-429c-ba3d-b6eb57d401a0,2026-03-08 22:27:52.663442277+00:00,2026-03-08 22:27:52.663442277+00:00
BACKTESTER-001,OracleStrategy-000,MESM6.GLBX,GLBX-1-271,MESM6.GLBX-OracleStrategy-000,GLBX-001,GLBX-1-271,MARKET,BUY,1,GTC,False,False,1,TAKER,6671.75,0.0,['0.00 USD'],NO_TRIGGER,FILLED,NO_CONTINGENCY,,,,MY_GENERIC_ALGO,,O-20260308-222752-001-000-272,,62889c52-13e5-44a2-9725-5bd59aa3a676,2026-03-08 22:27:52.663442277+00:00,2026-03-08 22:27:52.663442277+00:00
BACKTESTER-001,OracleStrategy-000,MESM6.GLBX,GLBX-1-272,MESM6.GLBX-OracleStrategy-000,GLBX-001,GLBX-1-272,MARKET,SELL,1,GTC,True,False,1,TAKER,6674.0,0.0,['0.00 USD'],NO_TRIGGER,FILLED,NO_CONTINGENCY,,,,MY_GENERIC_ALGO,,O-20260308-222757-001-000-273,,14f04a5b-2fbe-49ef-82ce-1f18559a1953,2026-03-08 22:27:57.519772571+00:00,2026-03-08 22:27:57.519772571+00:00
BACKTESTER-001,OracleStrategy-000,MESM6.GLBX,GLBX-1-273,MESM6.GLBX-OracleStrategy-000,GLBX-001,GLBX-1-273,MARKET,SELL,1,GTC,False,False,1,TAKER,6674.0,0.0,['0.00 USD'],NO_TRIGGER,FILLED,NO_CONTINGENCY,,,,MY_GENERIC_ALGO,,O-20260308-222757-001-000-274,,76d57f90-016c-4d3f-a8ca-c84678046415,2026-03-08 22:27:57.519772571+00:00,2026-03-08 22:27:57.519772571+00:00
BACKTESTER-001,OracleStrategy-000,MESM6.GLBX,GLBX-1-274,MESM6.GLBX-OracleStrategy-000,GLBX-001,GLBX-1-274,MARKET,BUY,1,GTC,True,False,1,TAKER,6674.0,0.0,['0.00 USD'],NO_TRIGGER,FILLED,NO_CONTINGENCY,,,,MY_GENERIC_ALGO,,O-20260308-222801-001-000-275,,ad9f8f11-5163-4a47-bd1d-5a1b6d66731f,2026-03-08 22:28:01.649581089+00:00,2026-03-08 22:28:01.649581089+00:00
BACKTESTER-001,OracleStrategy-000,MESM6.GLBX,GLBX-1-275,MESM6.GLBX-OracleStrategy-000,GLBX-001,GLBX-1-275,MARKET,BUY,1,GTC,False,False,1,TAKER,6674.0,0.0,['0.00 USD'],NO_TRIGGER,FILLED,NO_CONTINGENCY,,,,MY_GENERIC_ALGO,,O-20260308-222801-001-000-276,,545b33c1-a42a-41b1-904e-2097d6449f5a,2026-03-08 22:28:01.649581089+00:00,2026-03-08 22:28:01.649581089+00:00
BACKTESTER-001,OracleStrategy-000,MESM6.GLBX,GLBX-1-276,MESM6.GLBX-OracleStrategy-000,GLBX-001,GLBX-1-276,MARKET,SELL,1,GTC,True,False,1,TAKER,6678.0,0.0,['0.00 USD'],NO_TRIGGER,FILLED,NO_CONTINGENCY,,,,MY_GENERIC_ALGO,,O-20260308-222839-001-000-277,,86ecfbaf-765d-41bf-a932-b08485622602,2026-03-08 22:28:39.908827029+00:00,2026-03-08 22:28:39.908827029+00:00
BACKTESTER-001,OracleStrategy-000,MESM6.GLBX,GLBX-1-277,MESM6.GLBX-OracleStrategy-000,GLBX-001,GLBX-1-277,MARKET,SELL,1,GTC,False,False,1,TAKER,6678.0,0.0,['0.00 USD'],NO_TRIGGER,FILLED,NO_CONTINGENCY,,,,MY_GENERIC_ALGO,,O-20260308-222839-001-000-278,,6e8549d0-7041-4032-9af3-3c3946d8837e,2026-03-08 22:28:39.908827029+00:00,2026-03-08 22:28:39.908827029+00:00
BACKTESTER-001,OracleStrategy-000,MESM6.GLBX,GLBX-1-278,MESM6.GLBX-OracleStrategy-000,GLBX-001,GLBX-1-278,MARKET,BUY,1,GTC,True,False,1,TAKER,6676.75,0.0,['0.00 USD'],NO_TRIGGER,FILLED,NO_CONTINGENCY,,,,MY_GENERIC_ALGO,,O-20260308-222847-001-000-279,,334b4028-4c6c-4bdd-b31c-0166c3299908,2026-03-08 22:28:47.002741304+00:00,2026-03-08 22:28:47.002741304+00:00
BACKTESTER-001,OracleStrategy-000,MESM6.GLBX,GLBX-1-279,MESM6.GLBX-OracleStrategy-000,GLBX-001,GLBX-1-279,MARKET,BUY,1,GTC,False,False,1,TAKER,6676.75,0.0,['0.00 USD'],NO_TRIGGER,FILLED,NO_CONTINGENCY,,,,MY_GENERIC_ALGO,,O-20260308-222847-001-000-280,,ecf38956-650f-48ab-9b77-bad4476ec908,2026-03-08 22:28:47.002741304+00:00,2026-03-08 22:28:47.002741304+00:00
BACKTESTER-001,OracleStrategy-000,MESM6.GLBX,GLBX-1-280,MESM6.GLBX-OracleStrategy-000,GLBX-001,GLBX-1-280,MARKET,SELL,1,GTC,True,False,1,TAKER,6679.25,0.0,['0.00 USD'],NO_TRIGGER,FILLED,NO_CONTINGENCY,,,,MY_GENERIC_ALGO,,O-20260308-222914-001-000-281,,c0ab8ef6-200c-4483-8d71-a365b6ebc20e,2026-03-08 22:29:14.532894384+00:00,2026-03-08 22:29:14.532894384+00:00
BACKTESTER-001,OracleStrategy-000,MESM6.GLBX,GLBX-1-281,MESM6.GLBX-OracleStrategy-000,GLBX-001,GLBX-1-281,MARKET,SELL,1,GTC,False,False,1,TAKER,6679.25,0.0,['0.00 USD'],NO_TRIGGER,FILLED,NO_CONTINGENCY,,,,MY_GENERIC_ALGO,,O-20260308-222914-001-000-282,,f2fd69bb-acdd-40a1-bc5b-115a2236fd86,2026-03-08 22:29:14.532894384+00:00,2026-03-08 22:29:14.532894384+00:00
BACKTESTER-001,OracleStrategy-000,MESM6.GLBX,GLBX-1-282,MESM6.GLBX-OracleStrategy-000,GLBX-001,GLBX-1-282,MARKET,BUY,1,GTC,True,False,1,TAKER,6680.5,0.0,['0.00 USD'],NO_TRIGGER,FILLED,NO_CONTINGENCY,,,,MY_GENERIC_ALGO,,O-20260308-222921-001-000-283,,ec5a6b0f-e790-432c-8fa3-2e4f7c0313ba,2026-03-08 22:29:21.636670770+00:00,2026-03-08 22:29:21.636670770+00:00
BACKTESTER-001,OracleStrategy-000,MESM6.GLBX,GLBX-1-283,MESM6.GLBX-OracleStrategy-000,GLBX-001,GLBX-1-283,MARKET,BUY,1,GTC,False,False,1,TAKER,6680.5,0.0,['0.00 USD'],NO_TRIGGER,FILLED,NO_CONTINGENCY,,,,MY_GENERIC_ALGO,,O-20260308-222921-001-000-284,,2d4a07cc-5c38-44cc-b8d8-2724f0a6385d,2026-03-08 22:29:21.636670770+00:00,2026-03-08 22:29:21.636670770+00:00
BACKTESTER-001,OracleStrategy-000,MESM6.GLBX,GLBX-1-284,MESM6.GLBX-OracleStrategy-000,GLBX-001,GLBX-1-284,MARKET,SELL,1,GTC,True,False,1,TAKER,6682.5,0.0,['0.00 USD'],NO_TRIGGER,FILLED,NO_CONTINGENCY,,,,MY_GENERIC_ALGO,,O-20260308-223003-001-000-285,,524aa299-70f4-4412-be14-ba32b744690b,2026-03-08 22:30:03.570036560+00:00,2026-03-08 22:30:03.570036560+00:00
BACKTESTER-001,OracleStrategy-000,MESM6.GLBX,GLBX-1-285,MESM6.GLBX-OracleStrategy-000,GLBX-001,GLBX-1-285,MARKET,SELL,1,GTC,False,False,1,TAKER,6682.5,0.0,['0.00 USD'],NO_TRIGGER,FILLED,NO_CONTINGENCY,,,,MY_GENERIC_ALGO,,O-20260308-223003-001-000-286,,5452cc70-24e6-4580-8718-447aad68da67,2026-03-08 22:30:03.570036560+00:00,2026-03-08 22:30:03.570036560+00:00
BACKTESTER-001,OracleStrategy-000,MESM6.GLBX,GLBX-1-286,MESM6.GLBX-OracleStrategy-000,GLBX-001,GLBX-1-286,MARKET,BUY,1,GTC,True,False,1,TAKER,6681.75,0.0,['0.00 USD'],NO_TRIGGER,FILLED,NO_CONTINGENCY,,,,MY_GENERIC_ALGO,,O-20260308-223004-001-000-287,,a64a923e-a61a-4759-be4a-7a6eb391d9dd,2026-03-08 22:30:04.773173965+00:00,2026-03-08 22:30:04.773173965+00:00
BACKTESTER-001,OracleStrategy-000,MESM6.GLBX,GLBX-1-287,MESM6.GLBX-OracleStrategy-000,GLBX-001,GLBX-1-287,MARKET,BUY,1,GTC,False,False,1,TAKER,6681.75,0.0,['0.00 USD'],NO_TRIGGER,FILLED,NO_CONTINGENCY,,,,MY_GENERIC_ALGO,,O-20260308-223004-001-000-288,,ed513d26-b2f3-49f3-9b01-358663637cf4,2026-03-08 22:30:04.773173965+00:00,2026-03-08 22:30:04.773173965+00:00
BACKTESTER-001,OracleStrategy-000,MESM6.GLBX,GLBX-1-288,MESM6.GLBX-OracleStrategy-000,GLBX-001,GLBX-1-288,MARKET,SELL,1,GTC,True,False,1,TAKER,6682.75,0.0,['0.00 USD'],NO_TRIGGER,FILLED,NO_CONTINGENCY,,,,MY_GENERIC_ALGO,,O-20260308-223054-001-000-289,,9a76a8d5-d401-49f8-a11d-25f6a22a480b,2026-03-08 22:30:54.511612181+00:00,2026-03-08 22:30:54.511612181+00:00
BACKTESTER-001,OracleStrategy-000,MESM6.GLBX,GLBX-1-289,MESM6.GLBX-OracleStrategy-000,GLBX-001,GLBX-1-289,MARKET,SELL,1,GTC,False,False,1,TAKER,6682.75,0.0,['0.00 USD'],NO_TRIGGER,FILLED,NO_CONTINGENCY,,,,MY_GENERIC_ALGO,,O-20260308-223054-001-000-290,,008246d2-90af-4410-83ef-706eb8ec5b58,2026-03-08 22:30:54.511612181+00:00,2026-03-08 22:30:54.511612181+00:00
BACKTESTER-001,OracleStrategy-000,MESM6.GLBX,GLBX-1-290,MESM6.GLBX-OracleStrategy-000,GLBX-001,GLBX-1-290,MARKET,BUY,1,GTC,True,False,1,TAKER,6683.0,0.0,['0.00 USD'],NO_TRIGGER,FILLED,NO_CONTINGENCY,,,,MY_GENERIC_ALGO,,O-20260308-223101-001-000-291,,e89efcfe-f0aa-4210-9215-340bd036f22a,2026-03-08 22:31:01.681602245+00:00,2026-03-08 22:31:01.681602245+00:00
BACKTESTER-001,OracleStrategy-000,MESM6.GLBX,GLBX-1-291,MESM6.GLBX-OracleStrategy-000,GLBX-001,GLBX-1-291,MARKET,BUY,1,GTC,False,False,1,TAKER,6683.0,0.0,['0.00 USD'],NO_TRIGGER,FILLED,NO_CONTINGENCY,,,,MY_GENERIC_ALGO,,O-20260308-223101-001-000-292,,795207c2-434b-4036-8510-c6212f0786e9,2026-03-08 22:31:01.681602245+00:00,2026-03-08 22:31:01.681602245+00:00
BACKTESTER-001,OracleStrategy-000,MESM6.GLBX,GLBX-1-292,MESM6.GLBX-OracleStrategy-000,GLBX-001,GLBX-1-292,MARKET,SELL,1,GTC,True,False,1,TAKER,6682.5,0.0,['0.00 USD'],NO_TRIGGER,FILLED,NO_CONTINGENCY,,,,MY_GENERIC_ALGO,,O-20260308-223131-001-000-293,,118df378-c1e3-4031-8c33-65a9763d4983,2026-03-08 22:31:31.184415500+00:00,2026-03-08 22:31:31.184415500+00:00
BACKTESTER-001,OracleStrategy-000,MESM6.GLBX,GLBX-1-293,MESM6.GLBX-OracleStrategy-000,GLBX-001,GLBX-1-293,MARKET,SELL,1,GTC,False,False,1,TAKER,6682.5,0.0,['0.00 USD'],NO_TRIGGER,FILLED,NO_CONTINGENCY,,,,MY_GENERIC_ALGO,,O-20260308-223131-001-000-294,,d9361635-71c1-4d29-8a37-541a2d1b466c,2026-03-08 22:31:31.184415500+00:00,2026-03-08 22:31:31.184415500+00:00
BACKTESTER-001,OracleStrategy-000,MESM6.GLBX,GLBX-1-294,MESM6.GLBX-OracleStrategy-000,GLBX-001,GLBX-1-294,MARKET,BUY,1,GTC,True,False,1,TAKER,6683.25,0.0,['0.00 USD'],NO_TRIGGER,FILLED,NO_CONTINGENCY,,,,MY_GENERIC_ALGO,,O-20260308-223139-001-000-295,,edfdf2fd-36c1-4fc2-8b6a-093a72af4681,2026-03-08 22:31:39.712221392+00:00,2026-03-08 22:31:39.712221392+00:00
BACKTESTER-001,OracleStrategy-000,MESM6.GLBX,GLBX-1-295,MESM6.GLBX-OracleStrategy-000,GLBX-001,GLBX-1-295,MARKET,BUY,1,GTC,False,False,1,TAKER,6683.25,0.0,['0.00 USD'],NO_TRIGGER,FILLED,NO_CONTINGENCY,,,,MY_GENERIC_ALGO,,O-20260308-223139-001-000-296,,2a4a3610-b0dd-4c3a-b83f-6abff8935417,2026-03-08 22:31:39.712221392+00:00,2026-03-08 22:31:39.712221392+00:00
BACKTESTER-001,OracleStrategy-000,MESM6.GLBX,GLBX-1-296,MESM6.GLBX-OracleStrategy-000,GLBX-001,GLBX-1-296,MARKET,SELL,1,GTC,True,False,1,TAKER,6682.5,0.0,['0.00 USD'],NO_TRIGGER,FILLED,NO_CONTINGENCY,,,,MY_GENERIC_ALGO,,O-20260308-223150-001-000-297,,0ae87a38-6901-4b3a-8db8-72eadf5de6fd,2026-03-08 22:31:50.838014536+00:00,2026-03-08 22:31:50.838014536+00:00
BACKTESTER-001,OracleStrategy-000,MESM6.GLBX,GLBX-1-297,MESM6.GLBX-OracleStrategy-000,GLBX-001,GLBX-1-297,MARKET,SELL,1,GTC,False,False,1,TAKER,6682.5,0.0,['0.00 USD'],NO_TRIGGER,FILLED,NO_CONTINGENCY,,,,MY_GENERIC_ALGO,,O-20260308-223150-001-000-298,,3b859d47-fd9f-4e56-af25-e47e21c740c7,2026-03-08 22:31:50.838014536+00:00,2026-03-08 22:31:50.838014536+00:00
BACKTESTER-001,OracleStrategy-000,MESM6.GLBX,GLBX-1-298,MESM6.GLBX-OracleStrategy-000,GLBX-001,GLBX-1-298,MARKET,BUY,1,GTC,True,False,1,TAKER,6683.25,0.0,['0.00 USD'],NO_TRIGGER,FILLED,NO_CONTINGENCY,,,,MY_GENERIC_ALGO,,O-20260308-223231-001-000-299,,9648eefd-b880-4caa-a666-1678a151d430,2026-03-08 22:32:31.179617085+00:00,2026-03-08 22:32:31.179617085+00:00
BACKTESTER-001,OracleStrategy-000,MESM6.GLBX,GLBX-1-299,MESM6.GLBX-OracleStrategy-000,GLBX-001,GLBX-1-299,MARKET,BUY,1,GTC,False,False,1,TAKER,6683.25,0.0,['0.00 USD'],NO_TRIGGER,FILLED,NO_CONTINGENCY,,,,MY_GENERIC_ALGO,,O-20260308-223231-001-000-300,,76c26cf6-87f7-48a6-af53-d75ba399dde7,2026-03-08 22:32:31.179617085+00:00,2026-03-08 22:32:31.179617085+00:00
BACKTESTER-001,OracleStrategy-000,MESM6.GLBX,GLBX-1-300,MESM6.GLBX-OracleStrategy-000,GLBX-001,GLBX-1-300,MARKET,SELL,1,GTC,True,False,1,TAKER,6683.0,0.0,['0.00 USD'],NO_TRIGGER,FILLED,NO_CONTINGENCY,,,,MY_GENERIC_ALGO,,O-20260308-223238-001-000-301,,0224a9b1-f4dc-48e9-a24f-7db1233039f8,2026-03-08 22:32:38.898400145+00:00,2026-03-08 22:32:38.898400145+00:00
BACKTESTER-001,OracleStrategy-000,MESM6.GLBX,GLBX-1-301,MESM6.GLBX-OracleStrategy-000,GLBX-001,GLBX-1-301,MARKET,SELL,1,GTC,False,False,1,TAKER,6683.0,0.0,['0.00 USD'],NO_TRIGGER,FILLED,NO_CONTINGENCY,,,,MY_GENERIC_ALGO,,O-20260308-223238-001-000-302,,31130abf-ff64-4156-8053-03f93e1848ac,2026-03-08 22:32:38.898400145+00:00,2026-03-08 22:32:38.898400145+00:00
BACKTESTER-001,OracleStrategy-000,MESM6.GLBX,GLBX-1-302,MESM6.GLBX-OracleStrategy-000,GLBX-001,GLBX-1-302,MARKET,BUY,1,GTC,True,False,1,TAKER,6682.75,0.0,['0.00 USD'],NO_TRIGGER,FILLED,NO_CONTINGENCY,,,,MY_GENERIC_ALGO,,O-20260308-223242-001-000-303,,d129eaff-c00b-41d1-b5a1-9e33507867cb,2026-03-08 22:32:42.847291055+00:00,2026-03-08 22:32:42.847291055+00:00
BACKTESTER-001,OracleStrategy-000,MESM6.GLBX,GLBX-1-303,MESM6.GLBX-OracleStrategy-000,GLBX-001,GLBX-1-303,MARKET,BUY,1,GTC,False,False,1,TAKER,6682.75,0.0,['0.00 USD'],NO_TRIGGER,FILLED,NO_CONTINGENCY,,,,MY_GENERIC_ALGO,,O-20260308-223242-001-000-304,,55067a0e-6bca-4390-9db4-c15e1ebdb956,2026-03-08 22:32:42.847291055+00:00,2026-03-08 22:32:42.847291055+00:00
BACKTESTER-001,OracleStrategy-000,MESM6.GLBX,GLBX-1-304,MESM6.GLBX-OracleStrategy-000,GLBX-001,GLBX-1-304,MARKET,SELL,1,GTC,True,False,1,TAKER,6683.75,0.0,['0.00 USD'],NO_TRIGGER,FILLED,NO_CONTINGENCY,,,,MY_GENERIC_ALGO,,O-20260308-223249-001-000-305,,13f0ed28-ec12-4e0b-ad7e-8d1b5815c060,2026-03-08 22:32:49.706159130+00:00,2026-03-08 22:32:49.706159130+00:00
BACKTESTER-001,OracleStrategy-000,MESM6.GLBX,GLBX-1-305,MESM6.GLBX-OracleStrategy-000,GLBX-001,GLBX-1-305,MARKET,SELL,1,GTC,False,False,1,TAKER,6683.75,0.0,['0.00 USD'],NO_TRIGGER,FILLED,NO_CONTINGENCY,,,,MY_GENERIC_ALGO,,O-20260308-223249-001-000-306,,ed2cffe7-eab8-406a-b508-594a9ad010b7,2026-03-08 22:32:49.706159130+00:00,2026-03-08 22:32:49.706159130+00:00
BACKTESTER-001,OracleStrategy-000,MESM6.GLBX,GLBX-1-306,MESM6.GLBX-OracleStrategy-000,GLBX-001,GLBX-1-306,MARKET,BUY,1,GTC,True,False,1,TAKER,6683.5,0.0,['0.00 USD'],NO_TRIGGER,FILLED,NO_CONTINGENCY,,,,MY_GENERIC_ALGO,,O-20260308-223258-001-000-307,,fed080a4-3470-4437-8e1c-f07de0fd0ba8,2026-03-08 22:32:58.522434776+00:00,2026-03-08 22:32:58.522434776+00:00
BACKTESTER-001,OracleStrategy-000,MESM6.GLBX,GLBX-1-307,MESM6.GLBX-OracleStrategy-000,GLBX-001,GLBX-1-307,MARKET,BUY,1,GTC,False,False,1,TAKER,6683.5,0.0,['0.00 USD'],NO_TRIGGER,FILLED,NO_CONTINGENCY,,,,MY_GENERIC_ALGO,,O-20260308-223258-001-000-308,,d6f4b021-25ea-4c45-8c15-72459f2dc712,2026-03-08 22:32:58.522434776+00:00,2026-03-08 22:32:58.522434776+00:00
BACKTESTER-001,OracleStrategy-000,MESM6.GLBX,GLBX-1-308,MESM6.GLBX-OracleStrategy-000,GLBX-001,GLBX-1-308,MARKET,SELL,1,GTC,True,False,1,TAKER,6684.25,0.0,['0.00 USD'],NO_TRIGGER,FILLED,NO_CONTINGENCY,,,,MY_GENERIC_ALGO,,O-20260308-223300-001-000-309,,1c4c7adc-9080-4bac-9485-99396a57b3e9,2026-03-08 22:33:00.110882450+00:00,2026-03-08 22:33:00.110882450+00:00
BACKTESTER-001,OracleStrategy-000,MESM6.GLBX,GLBX-1-309,MESM6.GLBX-OracleStrategy-000,GLBX-001,GLBX-1-309,MARKET,SELL,1,GTC,False,False,1,TAKER,6684.25,0.0,['0.00 USD'],NO_TRIGGER,FILLED,NO_CONTINGENCY,,,,MY_GENERIC_ALGO,,O-20260308-223300-001-000-310,,4f4f7c22-4244-4c3a-a69f-afb2f72e13ed,2026-03-08 22:33:00.110882450+00:00,2026-03-08 22:33:00.110882450+00:00
BACKTESTER-001,OracleStrategy-000,MESM6.GLBX,GLBX-1-310,MESM6.GLBX-OracleStrategy-000,GLBX-001,GLBX-1-310,MARKET,BUY,1,GTC,True,False,1,TAKER,6686.0,0.0,['0.00 USD'],NO_TRIGGER,FILLED,NO_CONTINGENCY,,,,MY_GENERIC_ALGO,,O-20260308-223305-001-000-311,,ba1f8b0e-1dbe-4603-af81-0e43c1cd7478,2026-03-08 22:33:05.885651647+00:00,2026-03-08 22:33:05.885651647+00:00
BACKTESTER-001,OracleStrategy-000,MESM6.GLBX,GLBX-1-311,MESM6.GLBX-OracleStrategy-000,GLBX-001,GLBX-1-311,MARKET,BUY,1,GTC,False,False,1,TAKER,6686.0,0.0,['0.00 USD'],NO_TRIGGER,FILLED,NO_CONTINGENCY,,,,MY_GENERIC_ALGO,,O-20260308-223305-001-000-312,,d6774bdd-0fbe-4bb8-8e1c-72bec6f16189,2026-03-08 22:33:05.885651647+00:00,2026-03-08 22:33:05.885651647+00:00
BACKTESTER-001,OracleStrategy-000,MESM6.GLBX,GLBX-1-312,MESM6.GLBX-OracleStrategy-000,GLBX-001,GLBX-1-312,MARKET,SELL,1,GTC,True,False,1,TAKER,6685.5,0.0,['0.00 USD'],NO_TRIGGER,FILLED,NO_CONTINGENCY,,,,MY_GENERIC_ALGO,,O-20260308-223310-001-000-313,,9d9120c8-0fbf-4d43-bccc-78175c6bdd51,2026-03-08 22:33:10.185359835+00:00,2026-03-08 22:33:10.185359835+00:00
BACKTESTER-001,OracleStrategy-000,MESM6.GLBX,GLBX-1-313,MESM6.GLBX-OracleStrategy-000,GLBX-001,GLBX-1-313,MARKET,SELL,1,GTC,False,False,1,TAKER,6685.5,0.0,['0.00 USD'],NO_TRIGGER,FILLED,NO_CONTINGENCY,,,,MY_GENERIC_ALGO,,O-20260308-223310-001-000-314,,faa8ad97-7f6a-4e2d-b823-616d02abd13e,2026-03-08 22:33:10.185359835+00:00,2026-03-08 22:33:10.185359835+00:00
BACKTESTER-001,OracleStrategy-000,MESM6.GLBX,GLBX-1-314,MESM6.GLBX-OracleStrategy-000,GLBX-001,GLBX-1-314,MARKET,BUY,1,GTC,True,False,1,TAKER,6686.5,0.0,['0.00 USD'],NO_TRIGGER,FILLED,NO_CONTINGENCY,,,,MY_GENERIC_ALGO,,O-20260308-223339-001-000-315,,7824f6ac-afb1-4074-836b-7115eab5844b,2026-03-08 22:33:39.944381643+00:00,2026-03-08 22:33:39.944381643+00:00
BACKTESTER-001,OracleStrategy-000,MESM6.GLBX,GLBX-1-315,MESM6.GLBX-OracleStrategy-000,GLBX-001,GLBX-1-315,MARKET,BUY,1,GTC,False,False,1,TAKER,6686.5,0.0,['0.00 USD'],NO_TRIGGER,FILLED,NO_CONTINGENCY,,,,MY_GENERIC_ALGO,,O-20260308-223339-001-000-316,,19bae41b-1dfe-4cae-891d-f78ed11a30aa,2026-03-08 22:33:39.944381643+00:00,2026-03-08 22:33:39.944381643+00:00
BACKTESTER-001,OracleStrategy-000,MESM6.GLBX,GLBX-1-316,MESM6.GLBX-OracleStrategy-000,GLBX-001,GLBX-1-316,MARKET,SELL,1,GTC,True,False,1,TAKER,6686.75,0.0,['0.00 USD'],NO_TRIGGER,FILLED,NO_CONTINGENCY,,,,MY_GENERIC_ALGO,,O-20260308-223359-001-000-317,,5289d7e0-ad6c-4728-83fb-5a64a921476e,2026-03-08 22:33:59.852168742+00:00,2026-03-08 22:33:59.852168742+00:00
BACKTESTER-001,OracleStrategy-000,MESM6.GLBX,GLBX-1-317,MESM6.GLBX-OracleStrategy-000,GLBX-001,GLBX-1-317,MARKET,SELL,1,GTC,False,False,1,TAKER,6686.75,0.0,['0.00 USD'],NO_TRIGGER,FILLED,NO_CONTINGENCY,,,,MY_GENERIC_ALGO,,O-20260308-223359-001-000-318,,4746e6d4-fae2-4bde-a42c-17046ff26d3c,2026-03-08 22:33:59.852168742+00:00,2026-03-08 22:33:59.852168742+00:00
BACKTESTER-001,OracleStrategy-000,MESM6.GLBX,GLBX-1-318,MESM6.GLBX-OracleStrategy-000,GLBX-001,GLBX-1-318,MARKET,BUY,1,GTC,True,False,1,TAKER,6686.5,0.0,['0.00 USD'],NO_TRIGGER,FILLED,NO_CONTINGENCY,,,,MY_GENERIC_ALGO,,O-20260308-223407-001-000-319,,83c72a69-9cfd-40af-86d4-19addf4be4eb,2026-03-08 22:34:07.720502912+00:00,2026-03-08 22:34:07.720502912+00:00
BACKTESTER-001,OracleStrategy-000,MESM6.GLBX,GLBX-1-319,MESM6.GLBX-OracleStrategy-000,GLBX-001,GLBX-1-319,MARKET,BUY,1,GTC,False,False,1,TAKER,6686.5,0.0,['0.00 USD'],NO_TRIGGER,FILLED,NO_CONTINGENCY,,,,MY_GENERIC_ALGO,,O-20260308-223407-001-000-320,,57e76563-30fe-420d-9a0d-4ee2d0866df4,2026-03-08 22:34:07.720502912+00:00,2026-03-08 22:34:07.720502912+00:00
BACKTESTER-001,OracleStrategy-000,MESM6.GLBX,GLBX-1-320,MESM6.GLBX-OracleStrategy-000,GLBX-001,GLBX-1-320,MARKET,SELL,1,GTC,True,False,1,TAKER,6687.0,0.0,['0.00 USD'],NO_TRIGGER,FILLED,NO_CONTINGENCY,,,,MY_GENERIC_ALGO,,O-20260308-223418-001-000-321,,77151673-f06c-4165-b292-9845f2233e9b,2026-03-08 22:34:18.934309650+00:00,2026-03-08 22:34:18.934309650+00:00
BACKTESTER-001,OracleStrategy-000,MESM6.GLBX,GLBX-1-321,MESM6.GLBX-OracleStrategy-000,GLBX-001,GLBX-1-321,MARKET,SELL,1,GTC,False,False,1,TAKER,6687.0,0.0,['0.00 USD'],NO_TRIGGER,FILLED,NO_CONTINGENCY,,,,MY_GENERIC_ALGO,,O-20260308-223418-001-000-322,,31912e65-1aad-4c1e-9ee9-cccaaf169cfa,2026-03-08 22:34:18.934309650+00:00,2026-03-08 22:34:18.934309650+00:00
BACKTESTER-001,OracleStrategy-000,MESM6.GLBX,GLBX-1-322,MESM6.GLBX-OracleStrategy-000,GLBX-001,GLBX-1-322,MARKET,BUY,1,GTC,True,False,1,TAKER,6686.75,0.0,['0.00 USD'],NO_TRIGGER,FILLED,NO_CONTINGENCY,,,,MY_GENERIC_ALGO,,O-20260308-223423-001-000-323,,bcc1e96f-2df5-4689-a941-4765b9381972,2026-03-08 22:34:23.263460994+00:00,2026-03-08 22:34:23.263460994+00:00
BACKTESTER-001,OracleStrategy-000,MESM6.GLBX,GLBX-1-323,MESM6.GLBX-OracleStrategy-000,GLBX-001,GLBX-1-323,MARKET,BUY,1,GTC,False,False,1,TAKER,6686.75,0.0,['0.00 USD'],NO_TRIGGER,FILLED,NO_CONTINGENCY,,,,MY_GENERIC_ALGO,,O-20260308-223423-001-000-324,,5e6ba842-43fa-4760-9dfc-f88be7cb1e6c,2026-03-08 22:34:23.263460994+00:00,2026-03-08 22:34:23.263460994+00:00
BACKTESTER-001,OracleStrategy-000,MESM6.GLBX,GLBX-1-324,MESM6.GLBX-OracleStrategy-000,GLBX-001,GLBX-1-324,MARKET,SELL,1,GTC,True,False,1,TAKER,6686.5,0.0,['0.00 USD'],NO_TRIGGER,FILLED,NO_CONTINGENCY,,,,MY_GENERIC_ALGO,,O-20260308-223434-001-000-325,,a5a6142f-4b03-4bd0-a6e4-00b11834b285,2026-03-08 22:34:34.840949139+00:00,2026-03-08 22:34:34.840949139+00:00
BACKTESTER-001,OracleStrategy-000,MESM6.GLBX,GLBX-1-325,MESM6.GLBX-OracleStrategy-000,GLBX-001,GLBX-1-325,MARKET,SELL,1,GTC,False,False,1,TAKER,6686.5,0.0,['0.00 USD'],NO_TRIGGER,FILLED,NO_CONTINGENCY,,,,MY_GENERIC_ALGO,,O-20260308-223434-001-000-326,,807d081b-78ec-48ef-8263-67bf64b23a11,2026-03-08 22:34:34.840949139+00:00,2026-03-08 22:34:34.840949139+00:00
BACKTESTER-001,OracleStrategy-000,MESM6.GLBX,GLBX-1-326,MESM6.GLBX-OracleStrategy-000,GLBX-001,GLBX-1-326,MARKET,BUY,1,GTC,True,False,1,TAKER,6686.75,0.0,['0.00 USD'],NO_TRIGGER,FILLED,NO_CONTINGENCY,,,,MY_GENERIC_ALGO,,O-20260308-223454-001-000-327,,498c1b58-097a-4bbb-99c0-177aecd7219f,2026-03-08 22:34:54.739812637+00:00,2026-03-08 22:34:54.739812637+00:00
BACKTESTER-001,OracleStrategy-000,MESM6.GLBX,GLBX-1-327,MESM6.GLBX-OracleStrategy-000,GLBX-001,GLBX-1-327,MARKET,BUY,1,GTC,False,False,1,TAKER,6686.75,0.0,['0.00 USD'],NO_TRIGGER,FILLED,NO_CONTINGENCY,,,,MY_GENERIC_ALGO,,O-20260308-223454-001-000-328,,ed2bc4f3-c329-4047-bd7c-f1a92d4345b2,2026-03-08 22:34:54.739812637+00:00,2026-03-08 22:34:54.739812637+00:00
BACKTESTER-001,OracleStrategy-000,MESM6.GLBX,GLBX-1-328,MESM6.GLBX-OracleStrategy-000,GLBX-001,GLBX-1-328,MARKET,SELL,1,GTC,True,False,1,TAKER,6685.5,0.0,['0.00 USD'],NO_TRIGGER,FILLED,NO_CONTINGENCY,,,,MY_GENERIC_ALGO,,O-20260308-223516-001-000-329,,892fbc83-d14c-416e-ae0c-63b2ed8809c5,2026-03-08 22:35:16.047955983+00:00,2026-03-08 22:35:16.047955983+00:00
BACKTESTER-001,OracleStrategy-000,MESM6.GLBX,GLBX-1-329,MESM6.GLBX-OracleStrategy-000,GLBX-001,GLBX-1-329,MARKET,SELL,1,GTC,False,False,1,TAKER,6685.5,0.0,['0.00 USD'],NO_TRIGGER,FILLED,NO_CONTINGENCY,,,,MY_GENERIC_ALGO,,O-20260308-223516-001-000-330,,333d87b5-3efa-4731-b260-36c41f9aef22,2026-03-08 22:35:16.047955983+00:00,2026-03-08 22:35:16.047955983+00:00
BACKTESTER-001,OracleStrategy-000,MESM6.GLBX,GLBX-1-330,MESM6.GLBX-OracleStrategy-000,GLBX-001,GLBX-1-330,MARKET,BUY,1,GTC,True,False,1,TAKER,6687.25,0.0,['0.00 USD'],NO_TRIGGER,FILLED,NO_CONTINGENCY,,,,MY_GENERIC_ALGO,,O-20260308-223556-001-000-331,,065ff197-a799-4714-a240-884066d0827c,2026-03-08 22:35:56.819279667+00:00,2026-03-08 22:35:56.819279667+00:00
BACKTESTER-001,OracleStrategy-000,MESM6.GLBX,GLBX-1-331,MESM6.GLBX-OracleStrategy-000,GLBX-001,GLBX-1-331,MARKET,BUY,1,GTC,False,False,1,TAKER,6687.25,0.0,['0.00 USD'],NO_TRIGGER,FILLED,NO_CONTINGENCY,,,,MY_GENERIC_ALGO,,O-20260308-223556-001-000-332,,231e707d-8c6d-41d1-9806-302807125798,2026-03-08 22:35:56.819279667+00:00,2026-03-08 22:35:56.819279667+00:00
BACKTESTER-001,OracleStrategy-000,MESM6.GLBX,GLBX-1-332,MESM6.GLBX-OracleStrategy-000,GLBX-001,GLBX-1-332,MARKET,SELL,1,GTC,True,False,1,TAKER,6686.5,0.0,['0.00 USD'],NO_TRIGGER,FILLED,NO_CONTINGENCY,,,,MY_GENERIC_ALGO,,O-20260308-223601-001-000-333,,27b8863f-9fe3-4bfb-a824-740fcefd1c8a,2026-03-08 22:36:01.854635640+00:00,2026-03-08 22:36:01.854635640+00:00
BACKTESTER-001,OracleStrategy-000,MESM6.GLBX,GLBX-1-333,MESM6.GLBX-OracleStrategy-000,GLBX-001,GLBX-1-333,MARKET,SELL,1,GTC,False,False,1,TAKER,6686.5,0.0,['0.00 USD'],NO_TRIGGER,FILLED,NO_CONTINGENCY,,,,MY_GENERIC_ALGO,,O-20260308-223601-001-000-334,,da5fdece-6bba-4a5d-83f7-9a4a3159a9d0,2026-03-08 22:36:01.854635640+00:00,2026-03-08 22:36:01.854635640+00:00
BACKTESTER-001,OracleStrategy-000,MESM6.GLBX,GLBX-1-334,MESM6.GLBX-OracleStrategy-000,GLBX-001,GLBX-1-334,MARKET,BUY,1,GTC,True,False,1,TAKER,6687.5,0.0,['0.00 USD'],NO_TRIGGER,FILLED,NO_CONTINGENCY,,,,MY_GENERIC_ALGO,,O-20260308-223610-001-000-335,,cb9ebc3e-1a9a-488d-a3b8-132cbcea9375,2026-03-08 22:36:10.356615371+00:00,2026-03-08 22:36:10.356615371+00:00
BACKTESTER-001,OracleStrategy-000,MESM6.GLBX,GLBX-1-335,MESM6.GLBX-OracleStrategy-000,GLBX-001,GLBX-1-335,MARKET,BUY,1,GTC,False,False,1,TAKER,6687.5,0.0,['0.00 USD'],NO_TRIGGER,FILLED,NO_CONTINGENCY,,,,MY_GENERIC_ALGO,,O-20260308-223610-001-000-336,,0bfc539c-5fef-45a2-978f-1b302ccec8f4,2026-03-08 22:36:10.356615371+00:00,2026-03-08 22:36:10.356615371+00:00
BACKTESTER-001,OracleStrategy-000,MESM6.GLBX,GLBX-1-336,MESM6.GLBX-OracleStrategy-000,GLBX-001,GLBX-1-336,MARKET,SELL,1,GTC,True,False,1,TAKER,6689.25,0.0,['0.00 USD'],NO_TRIGGER,FILLED,NO_CONTINGENCY,,,,MY_GENERIC_ALGO,,O-20260308-223624-001-000-337,,7a32650d-5078-4042-92f7-21a1510d9d13,2026-03-08 22:36:24.366094015+00:00,2026-03-08 22:36:24.366094015+00:00
BACKTESTER-001,OracleStrategy-000,MESM6.GLBX,GLBX-1-337,MESM6.GLBX-OracleStrategy-000,GLBX-001,GLBX-1-337,MARKET,SELL,1,GTC,False,False,1,TAKER,6689.25,0.0,['0.00 USD'],NO_TRIGGER,FILLED,NO_CONTINGENCY,,,,MY_GENERIC_ALGO,,O-20260308-223624-001-000-338,,9f81b14e-46a8-4e39-939f-bb527ff304ff,2026-03-08 22:36:24.366094015+00:00,2026-03-08 22:36:24.366094015+00:00
BACKTESTER-001,OracleStrategy-000,MESM6.GLBX,GLBX-1-338,MESM6.GLBX-OracleStrategy-000,GLBX-001,GLBX-1-338,MARKET,BUY,1,GTC,True,False,1,TAKER,6688.75,0.0,['0.00 USD'],NO_TRIGGER,FILLED,NO_CONTINGENCY,,,,MY_GENERIC_ALGO,,O-20260308-223641-001-000-339,,56c2683d-e794-4c46-aea2-fb1d2805b40b,2026-03-08 22:36:41.573204170+00:00,2026-03-08 22:36:41.573204170+00:00
BACKTESTER-001,OracleStrategy-000,MESM6.GLBX,GLBX-1-339,MESM6.GLBX-OracleStrategy-000,GLBX-001,GLBX-1-339,MARKET,BUY,1,GTC,False,False,1,TAKER,6688.75,0.0,['0.00 USD'],NO_TRIGGER,FILLED,NO_CONTINGENCY,,,,MY_GENERIC_ALGO,,O-20260308-223641-001-000-340,,3a1eefb2-8cbd-4fbb-863f-0419e4f2de8a,2026-03-08 22:36:41.573204170+00:00,2026-03-08 22:36:41.573204170+00:00
BACKTESTER-001,OracleStrategy-000,MESM6.GLBX,GLBX-1-340,MESM6.GLBX-OracleStrategy-000,GLBX-001,GLBX-1-340,MARKET,SELL,1,GTC,True,False,1,TAKER,6688.25,0.0,['0.00 USD'],NO_TRIGGER,FILLED,NO_CONTINGENCY,,,,MY_GENERIC_ALGO,,O-20260308-223643-001-000-341,,607340c0-aa4a-4f54-879e-15a2729b0e45,2026-03-08 22:36:43.608544795+00:00,2026-03-08 22:36:43.608544795+00:00
BACKTESTER-001,OracleStrategy-000,MESM6.GLBX,GLBX-1-341,MESM6.GLBX-OracleStrategy-000,GLBX-001,GLBX-1-341,MARKET,SELL,1,GTC,False,False,1,TAKER,6688.25,0.0,['0.00 USD'],NO_TRIGGER,FILLED,NO_CONTINGENCY,,,,MY_GENERIC_ALGO,,O-20260308-223643-001-000-342,,d24f4f11-d8c6-4201-8e57-06a71f04f67b,2026-03-08 22:36:43.608544795+00:00,2026-03-08 22:36:43.608544795+00:00
BACKTESTER-001,OracleStrategy-000,MESM6.GLBX,GLBX-1-342,MESM6.GLBX-OracleStrategy-000,GLBX-001,GLBX-1-342,MARKET,BUY,1,GTC,True,False,1,TAKER,6688.0,0.0,['0.00 USD'],NO_TRIGGER,FILLED,NO_CONTINGENCY,,,,MY_GENERIC_ALGO,,O-20260308-223702-001-000-343,,812cfa11-9f8a-4e87-af48-e58b43455c5d,2026-03-08 22:37:02.462724083+00:00,2026-03-08 22:37:02.462724083+00:00
BACKTESTER-001,OracleStrategy-000,MESM6.GLBX,GLBX-1-343,MESM6.GLBX-OracleStrategy-000,GLBX-001,GLBX-1-343,MARKET,BUY,1,GTC,False,False,1,TAKER,6688.0,0.0,['0.00 USD'],NO_TRIGGER,FILLED,NO_CONTINGENCY,,,,MY_GENERIC_ALGO,,O-20260308-223702-001-000-344,,f672963f-03b4-4f22-b12c-eb8812c6588a,2026-03-08 22:37:02.462724083+00:00,2026-03-08 22:37:02.462724083+00:00
BACKTESTER-001,OracleStrategy-000,MESM6.GLBX,GLBX-1-344,MESM6.GLBX-OracleStrategy-000,GLBX-001,GLBX-1-344,MARKET,SELL,1,GTC,True,False,1,TAKER,6687.0,0.0,['0.00 USD'],NO_TRIGGER,FILLED,NO_CONTINGENCY,,,,MY_GENERIC_ALGO,,O-20260308-223710-001-000-345,,53da2144-f3d4-47cf-ab9a-72894e0cf971,2026-03-08 22:37:10.330196984+00:00,2026-03-08 22:37:10.330196984+00:00
BACKTESTER-001,OracleStrategy-000,MESM6.GLBX,GLBX-1-345,MESM6.GLBX-OracleStrategy-000,GLBX-001,GLBX-1-345,MARKET,SELL,1,GTC,False,False,1,TAKER,6687.0,0.0,['0.00 USD'],NO_TRIGGER,FILLED,NO_CONTINGENCY,,,,MY_GENERIC_ALGO,,O-20260308-223710-001-000-346,,12d469a0-e42e-4b42-b751-85b7e0f3241c,2026-03-08 22:37:10.330196984+00:00,2026-03-08 22:37:10.330196984+00:00
BACKTESTER-001,OracleStrategy-000,MESM6.GLBX,GLBX-1-346,MESM6.GLBX-OracleStrategy-000,GLBX-001,GLBX-1-346,MARKET,BUY,1,GTC,True,False,1,TAKER,6687.0,0.0,['0.00 USD'],NO_TRIGGER,FILLED,NO_CONTINGENCY,,,,MY_GENERIC_ALGO,,O-20260308-223805-001-000-347,,5d40eace-08ed-409a-b3c3-3ced5447d769,2026-03-08 22:38:05.844122210+00:00,2026-03-08 22:38:05.844122210+00:00
BACKTESTER-001,OracleStrategy-000,MESM6.GLBX,GLBX-1-347,MESM6.GLBX-OracleStrategy-000,GLBX-001,GLBX-1-347,MARKET,BUY,1,GTC,False,False,1,TAKER,6687.0,0.0,['0.00 USD'],NO_TRIGGER,FILLED,NO_CONTINGENCY,,,,MY_GENERIC_ALGO,,O-20260308-223805-001-000-348,,d11d6beb-63ac-404c-8fcc-600227d69dc8,2026-03-08 22:38:05.844122210+00:00,2026-03-08 22:38:05.844122210+00:00
BACKTESTER-001,OracleStrategy-000,MESM6.GLBX,GLBX-1-348,MESM6.GLBX-OracleStrategy-000,GLBX-001,GLBX-1-348,MARKET,SELL,1,GTC,True,False,1,TAKER,6686.0,0.0,['0.00 USD'],NO_TRIGGER,FILLED,NO_CONTINGENCY,,,,MY_GENERIC_ALGO,,O-20260308-223847-001-000-349,,af66cc17-f6a4-46af-836a-407002c81ee5,2026-03-08 22:38:47.009297704+00:00,2026-03-08 22:38:47.009297704+00:00
BACKTESTER-001,OracleStrategy-000,MESM6.GLBX,GLBX-1-349,MESM6.GLBX-OracleStrategy-000,GLBX-001,GLBX-1-349,MARKET,SELL,1,GTC,False,False,1,TAKER,6686.0,0.0,['0.00 USD'],NO_TRIGGER,FILLED,NO_CONTINGENCY,,,,MY_GENERIC_ALGO,,O-20260308-223847-001-000-350,,7215a8f6-937c-46aa-9b28-541f467b7020,2026-03-08 22:38:47.009297704+00:00,2026-03-08 22:38:47.009297704+00:00
BACKTESTER-001,OracleStrategy-000,MESM6.GLBX,GLBX-1-350,MESM6.GLBX-OracleStrategy-000,GLBX-001,GLBX-1-350,MARKET,BUY,1,GTC,True,False,1,TAKER,6685.0,0.0,['0.00 USD'],NO_TRIGGER,FILLED,NO_CONTINGENCY,,,,MY_GENERIC_ALGO,,O-20260308-223901-001-000-351,,efdf6116-1c81-4fea-97c3-fcb1c54f55d7,2026-03-08 22:39:01.216475691+00:00,2026-03-08 22:39:01.216475691+00:00
BACKTESTER-001,OracleStrategy-000,MESM6.GLBX,GLBX-1-351,MESM6.GLBX-OracleStrategy-000,GLBX-001,GLBX-1-351,MARKET,BUY,1,GTC,False,False,1,TAKER,6685.0,0.0,['0.00 USD'],NO_TRIGGER,FILLED,NO_CONTINGENCY,,,,MY_GENERIC_ALGO,,O-20260308-223901-001-000-352,,00845298-f5c5-4d7a-85ee-abbaad136e9a,2026-03-08 22:39:01.216475691+00:00,2026-03-08 22:39:01.216475691+00:00
BACKTESTER-001,OracleStrategy-000,MESM6.GLBX,GLBX-1-352,MESM6.GLBX-OracleStrategy-000,GLBX-001,GLBX-1-352,MARKET,SELL,1,GTC,True,False,1,TAKER,6684.5,0.0,['0.00 USD'],NO_TRIGGER,FILLED,NO_CONTINGENCY,,,,MY_GENERIC_ALGO,,O-20260308-223907-001-000-353,,c2d3f19e-3257-4908-b86e-447c09d6d14f,2026-03-08 22:39:07.974665549+00:00,2026-03-08 22:39:07.974665549+00:00
BACKTESTER-001,OracleStrategy-000,MESM6.GLBX,GLBX-1-353,MESM6.GLBX-OracleStrategy-000,GLBX-001,GLBX-1-353,MARKET,SELL,1,GTC,False,False,1,TAKER,6684.5,0.0,['0.00 USD'],NO_TRIGGER,FILLED,NO_CONTINGENCY,,,,MY_GENERIC_ALGO,,O-20260308-223907-001-000-354,,90b6dd40-cced-4b16-9dfa-88ec336e6893,2026-03-08 22:39:07.974665549+00:00,2026-03-08 22:39:07.974665549+00:00
BACKTESTER-001,OracleStrategy-000,MESM6.GLBX,GLBX-1-354,MESM6.GLBX-OracleStrategy-000,GLBX-001,GLBX-1-354,MARKET,BUY,1,GTC,True,False,1,TAKER,6688.25,0.0,['0.00 USD'],NO_TRIGGER,FILLED,NO_CONTINGENCY,,,,MY_GENERIC_ALGO,,O-20260308-223941-001-000-355,,d8ca8ca8-a651-4ad8-b262-5abf168d36b6,2026-03-08 22:39:41.817635800+00:00,2026-03-08 22:39:41.817635800+00:00
BACKTESTER-001,OracleStrategy-000,MESM6.GLBX,GLBX-1-355,MESM6.GLBX-OracleStrategy-000,GLBX-001,GLBX-1-355,MARKET,BUY,1,GTC,False,False,1,TAKER,6688.25,0.0,['0.00 USD'],NO_TRIGGER,FILLED,NO_CONTINGENCY,,,,MY_GENERIC_ALGO,,O-20260308-223941-001-000-356,,45e67764-c348-4cfa-93c7-ff54ffe1e319,2026-03-08 22:39:41.817635800+00:00,2026-03-08 22:39:41.817635800+00:00
BACKTESTER-001,OracleStrategy-000,MESM6.GLBX,GLBX-1-356,MESM6.GLBX-OracleStrategy-000,GLBX-001,GLBX-1-356,MARKET,SELL,1,GTC,True,False,1,TAKER,6686.5,0.0,['0.00 USD'],NO_TRIGGER,FILLED,NO_CONTINGENCY,,,,MY_GENERIC_ALGO,,O-20260308-224042-001-000-357,,27f3bbbf-c9db-42ee-b174-8581eade2f8c,2026-03-08 22:40:42.963542450+00:00,2026-03-08 22:40:42.963542450+00:00
BACKTESTER-001,OracleStrategy-000,MESM6.GLBX,GLBX-1-357,MESM6.GLBX-OracleStrategy-000,GLBX-001,GLBX-1-357,MARKET,SELL,1,GTC,False,False,1,TAKER,6686.5,0.0,['0.00 USD'],NO_TRIGGER,FILLED,NO_CONTINGENCY,,,,MY_GENERIC_ALGO,,O-20260308-224042-001-000-358,,f71bc30b-250e-42e6-8336-35ff41c7c9d0,2026-03-08 22:40:42.963542450+00:00,2026-03-08 22:40:42.963542450+00:00
BACKTESTER-001,OracleStrategy-000,MESM6.GLBX,GLBX-1-358,MESM6.GLBX-OracleStrategy-000,GLBX-001,GLBX-1-358,MARKET,BUY,1,GTC,True,False,1,TAKER,6686.0,0.0,['0.00 USD'],NO_TRIGGER,FILLED,NO_CONTINGENCY,,,,MY_GENERIC_ALGO,,O-20260308-224054-001-000-359,,f364ac82-54bb-4973-89ed-4c0487b8d1f9,2026-03-08 22:40:54.965330079+00:00,2026-03-08 22:40:54.965330079+00:00
BACKTESTER-001,OracleStrategy-000,MESM6.GLBX,GLBX-1-359,MESM6.GLBX-OracleStrategy-000,GLBX-001,GLBX-1-359,MARKET,BUY,1,GTC,False,False,1,TAKER,6686.0,0.0,['0.00 USD'],NO_TRIGGER,FILLED,NO_CONTINGENCY,,,,MY_GENERIC_ALGO,,O-20260308-224054-001-000-360,,18988f6f-90ca-4902-9a48-b8e8c48c04dc,2026-03-08 22:40:54.965330079+00:00,2026-03-08 22:40:54.965330079+00:00
BACKTESTER-001,OracleStrategy-000,MESM6.GLBX,GLBX-1-360,MESM6.GLBX-OracleStrategy-000,GLBX-001,GLBX-1-360,MARKET,SELL,1,GTC,True,False,1,TAKER,6685.75,0.0,['0.00 USD'],NO_TRIGGER,FILLED,NO_CONTINGENCY,,,,MY_GENERIC_ALGO,,O-20260308-224056-001-000-361,,96b850df-3583-4d5e-ae97-f152ee3817b1,2026-03-08 22:40:56.204979458+00:00,2026-03-08 22:40:56.204979458+00:00
BACKTESTER-001,OracleStrategy-000,MESM6.GLBX,GLBX-1-361,MESM6.GLBX-OracleStrategy-000,GLBX-001,GLBX-1-361,MARKET,SELL,1,GTC,False,False,1,TAKER,6685.75,0.0,['0.00 USD'],NO_TRIGGER,FILLED,NO_CONTINGENCY,,,,MY_GENERIC_ALGO,,O-20260308-224056-001-000-362,,ef4d9670-7012-4955-ab2a-b6a2e3e3ef1c,2026-03-08 22:40:56.204979458+00:00,2026-03-08 22:40:56.204979458+00:00
BACKTESTER-001,OracleStrategy-000,MESM6.GLBX,GLBX-1-362,MESM6.GLBX-OracleStrategy-000,GLBX-001,GLBX-1-362,MARKET,BUY,1,GTC,True,False,1,TAKER,6684.75,0.0,['0.00 USD'],NO_TRIGGER,FILLED,NO_CONTINGENCY,,,,MY_GENERIC_ALGO,,O-20260308-224121-001-000-363,,3f55eb3b-a057-45a9-910b-9635812d5c45,2026-03-08 22:41:21.309552976+00:00,2026-03-08 22:41:21.309552976+00:00
BACKTESTER-001,OracleStrategy-000,MESM6.GLBX,GLBX-1-363,MESM6.GLBX-OracleStrategy-000,GLBX-001,GLBX-1-363,MARKET,BUY,1,GTC,False,False,1,TAKER,6684.75,0.0,['0.00 USD'],NO_TRIGGER,FILLED,NO_CONTINGENCY,,,,MY_GENERIC_ALGO,,O-20260308-224121-001-000-364,,4db6a463-4060-4c92-9795-cf78ca78448f,2026-03-08 22:41:21.309552976+00:00,2026-03-08 22:41:21.309552976+00:00
BACKTESTER-001,OracleStrategy-000,MESM6.GLBX,GLBX-1-364,MESM6.GLBX-OracleStrategy-000,GLBX-001,GLBX-1-364,MARKET,SELL,1,GTC,True,False,1,TAKER,6685.0,0.0,['0.00 USD'],NO_TRIGGER,FILLED,NO_CONTINGENCY,,,,MY_GENERIC_ALGO,,O-20260308-224144-001-000-365,,56a206f3-4400-4d47-8523-742327fb80ea,2026-03-08 22:41:44.194192848+00:00,2026-03-08 22:41:44.194192848+00:00
BACKTESTER-001,OracleStrategy-000,MESM6.GLBX,GLBX-1-365,MESM6.GLBX-OracleStrategy-000,GLBX-001,GLBX-1-365,MARKET,SELL,1,GTC,False,False,1,TAKER,6685.0,0.0,['0.00 USD'],NO_TRIGGER,FILLED,NO_CONTINGENCY,,,,MY_GENERIC_ALGO,,O-20260308-224144-001-000-366,,51929234-0deb-4bb8-b653-1cefa9a4af6d,2026-03-08 22:41:44.194192848+00:00,2026-03-08 22:41:44.194192848+00:00
BACKTESTER-001,OracleStrategy-000,MESM6.GLBX,GLBX-1-366,MESM6.GLBX-OracleStrategy-000,GLBX-001,GLBX-1-366,MARKET,BUY,1,GTC,True,False,1,TAKER,6682.5,0.0,['0.00 USD'],NO_TRIGGER,FILLED,NO_CONTINGENCY,,,,MY_GENERIC_ALGO,,O-20260308-224226-001-000-367,,8e2377b2-8fa7-495d-9d01-5d888eaf5d4c,2026-03-08 22:42:26.222452933+00:00,2026-03-08 22:42:26.222452933+00:00
BACKTESTER-001,OracleStrategy-000,MESM6.GLBX,GLBX-1-367,MESM6.GLBX-OracleStrategy-000,GLBX-001,GLBX-1-367,MARKET,BUY,1,GTC,False,False,1,TAKER,6682.5,0.0,['0.00 USD'],NO_TRIGGER,FILLED,NO_CONTINGENCY,,,,MY_GENERIC_ALGO,,O-20260308-224226-001-000-368,,1c726e23-14f8-4445-97c7-95024ec2e173,2026-03-08 22:42:26.222452933+00:00,2026-03-08 22:42:26.222452933+00:00
BACKTESTER-001,OracleStrategy-000,MESM6.GLBX,GLBX-1-368,MESM6.GLBX-OracleStrategy-000,GLBX-001,GLBX-1-368,MARKET,SELL,1,GTC,True,False,1,TAKER,6686.0,0.0,['0.00 USD'],NO_TRIGGER,FILLED,NO_CONTINGENCY,,,,MY_GENERIC_ALGO,,O-20260308-224335-001-000-369,,bde981e3-c216-4d60-8366-2e6f534e6fd9,2026-03-08 22:43:35.658749048+00:00,2026-03-08 22:43:35.658749048+00:00
BACKTESTER-001,OracleStrategy-000,MESM6.GLBX,GLBX-1-369,MESM6.GLBX-OracleStrategy-000,GLBX-001,GLBX-1-369,MARKET,SELL,1,GTC,False,False,1,TAKER,6686.0,0.0,['0.00 USD'],NO_TRIGGER,FILLED,NO_CONTINGENCY,,,,MY_GENERIC_ALGO,,O-20260308-224335-001-000-370,,935d875e-2bf5-4527-abf0-692ad2b425b3,2026-03-08 22:43:35.658749048+00:00,2026-03-08 22:43:35.658749048+00:00
BACKTESTER-001,OracleStrategy-000,MESM6.GLBX,GLBX-1-370,MESM6.GLBX-OracleStrategy-000,GLBX-001,GLBX-1-370,MARKET,BUY,1,GTC,True,False,1,TAKER,6682.5,0.0,['0.00 USD'],NO_TRIGGER,FILLED,NO_CONTINGENCY,,,,MY_GENERIC_ALGO,,O-20260308-224422-001-000-371,,aeebf980-0570-4ed6-90b1-952365c7130e,2026-03-08 22:44:22.061705061+00:00,2026-03-08 22:44:22.061705061+00:00
BACKTESTER-001,OracleStrategy-000,MESM6.GLBX,GLBX-1-371,MESM6.GLBX-OracleStrategy-000,GLBX-001,GLBX-1-371,MARKET,BUY,1,GTC,False,False,1,TAKER,6682.5,0.0,['0.00 USD'],NO_TRIGGER,FILLED,NO_CONTINGENCY,,,,MY_GENERIC_ALGO,,O-20260308-224422-001-000-372,,dcbf7e7b-786d-4816-94c3-8a773364b9f6,2026-03-08 22:44:22.061705061+00:00,2026-03-08 22:44:22.061705061+00:00
BACKTESTER-001,OracleStrategy-000,MESM6.GLBX,GLBX-1-372,MESM6.GLBX-OracleStrategy-000,GLBX-001,GLBX-1-372,MARKET,SELL,1,GTC,True,False,1,TAKER,6681.25,0.0,['0.00 USD'],NO_TRIGGER,FILLED,NO_CONTINGENCY,,,,MY_GENERIC_ALGO,,O-20260308-224455-001-000-373,,967164bf-2a7f-4234-8a6c-358e5b7f4951,2026-03-08 22:44:55.633598618+00:00,2026-03-08 22:44:55.633598618+00:00
BACKTESTER-001,OracleStrategy-000,MESM6.GLBX,GLBX-1-373,MESM6.GLBX-OracleStrategy-000,GLBX-001,GLBX-1-373,MARKET,SELL,1,GTC,False,False,1,TAKER,6681.25,0.0,['0.00 USD'],NO_TRIGGER,FILLED,NO_CONTINGENCY,,,,MY_GENERIC_ALGO,,O-20260308-224455-001-000-374,,d0617aca-f9f7-41ba-b675-b5e7390603a2,2026-03-08 22:44:55.633598618+00:00,2026-03-08 22:44:55.633598618+00:00
BACKTESTER-001,OracleStrategy-000,MESM6.GLBX,GLBX-1-374,MESM6.GLBX-OracleStrategy-000,GLBX-001,GLBX-1-374,MARKET,BUY,1,GTC,True,False,1,TAKER,6688.75,0.0,['0.00 USD'],NO_TRIGGER,FILLED,NO_CONTINGENCY,,,,MY_GENERIC_ALGO,,O-20260308-224555-001-000-375,,733f0954-ba8d-4d5f-a719-87899dfc9c5d,2026-03-08 22:45:55.583865728+00:00,2026-03-08 22:45:55.583865728+00:00
BACKTESTER-001,OracleStrategy-000,MESM6.GLBX,GLBX-1-375,MESM6.GLBX-OracleStrategy-000,GLBX-001,GLBX-1-375,MARKET,BUY,1,GTC,False,False,1,TAKER,6688.75,0.0,['0.00 USD'],NO_TRIGGER,FILLED,NO_CONTINGENCY,,,,MY_GENERIC_ALGO,,O-20260308-224555-001-000-376,,451826b7-b00d-4cbe-b01c-cc97c9691909,2026-03-08 22:45:55.583865728+00:00,2026-03-08 22:45:55.583865728+00:00
BACKTESTER-001,OracleStrategy-000,MESM6.GLBX,GLBX-1-376,MESM6.GLBX-OracleStrategy-000,GLBX-001,GLBX-1-376,MARKET,SELL,1,GTC,True,False,1,TAKER,6688.25,0.0,['0.00 USD'],NO_TRIGGER,FILLED,NO_CONTINGENCY,,,,MY_GENERIC_ALGO,,O-20260308-224619-001-000-377,,ad09c5bf-96ac-4af7-b6c1-7a71d02e9262,2026-03-08 22:46:19.544408488+00:00,2026-03-08 22:46:19.544408488+00:00
BACKTESTER-001,OracleStrategy-000,MESM6.GLBX,GLBX-1-377,MESM6.GLBX-OracleStrategy-000,GLBX-001,GLBX-1-377,MARKET,SELL,1,GTC,False,False,1,TAKER,6688.25,0.0,['0.00 USD'],NO_TRIGGER,FILLED,NO_CONTINGENCY,,,,MY_GENERIC_ALGO,,O-20260308-224619-001-000-378,,0f8a038b-c465-4a17-9221-a06e71beb160,2026-03-08 22:46:19.544408488+00:00,2026-03-08 22:46:19.544408488+00:00
BACKTESTER-001,OracleStrategy-000,MESM6.GLBX,GLBX-1-378,MESM6.GLBX-OracleStrategy-000,GLBX-001,GLBX-1-378,MARKET,BUY,1,GTC,True,False,1,TAKER,6687.75,0.0,['0.00 USD'],NO_TRIGGER,FILLED,NO_CONTINGENCY,,,,MY_GENERIC_ALGO,,O-20260308-224621-001-000-379,,57cb5b41-46f5-4a20-a840-598cc9aad9b0,2026-03-08 22:46:21.825025461+00:00,2026-03-08 22:46:21.825025461+00:00
BACKTESTER-001,OracleStrategy-000,MESM6.GLBX,GLBX-1-379,MESM6.GLBX-OracleStrategy-000,GLBX-001,GLBX-1-379,MARKET,BUY,1,GTC,False,False,1,TAKER,6687.75,0.0,['0.00 USD'],NO_TRIGGER,FILLED,NO_CONTINGENCY,,,,MY_GENERIC_ALGO,,O-20260308-224621-001-000-380,,fa829995-7fbf-41c7-b75b-d07867f885dc,2026-03-08 22:46:21.825025461+00:00,2026-03-08 22:46:21.825025461+00:00
BACKTESTER-001,OracleStrategy-000,MESM6.GLBX,GLBX-1-380,MESM6.GLBX-OracleStrategy-000,GLBX-001,GLBX-1-380,MARKET,SELL,1,GTC,True,False,1,TAKER,6688.5,0.0,['0.00 USD'],NO_TRIGGER,FILLED,NO_CONTINGENCY,,,,MY_GENERIC_ALGO,,O-20260308-224631-001-000-381,,28aa7a34-3d49-4729-a2c9-439b2eb5a29d,2026-03-08 22:46:31.570720003+00:00,2026-03-08 22:46:31.570720003+00:00
BACKTESTER-001,OracleStrategy-000,MESM6.GLBX,GLBX-1-381,MESM6.GLBX-OracleStrategy-000,GLBX-001,GLBX-1-381,MARKET,SELL,1,GTC,False,False,1,TAKER,6688.5,0.0,['0.00 USD'],NO_TRIGGER,FILLED,NO_CONTINGENCY,,,,MY_GENERIC_ALGO,,O-20260308-224631-001-000-382,,c004569b-95eb-4536-b423-d9b2a8cdb2a9,2026-03-08 22:46:31.570720003+00:00,2026-03-08 22:46:31.570720003+00:00
BACKTESTER-001,OracleStrategy-000,MESM6.GLBX,GLBX-1-382,MESM6.GLBX-OracleStrategy-000,GLBX-001,GLBX-1-382,MARKET,BUY,1,GTC,True,False,1,TAKER,6688.25,0.0,['0.00 USD'],NO_TRIGGER,FILLED,NO_CONTINGENCY,,,,MY_GENERIC_ALGO,,O-20260308-224742-001-000-383,,1b0af2f4-1e7a-44f3-8dd9-ac149b5323c6,2026-03-08 22:47:42.873851839+00:00,2026-03-08 22:47:42.873851839+00:00
BACKTESTER-001,OracleStrategy-000,MESM6.GLBX,GLBX-1-383,MESM6.GLBX-OracleStrategy-000,GLBX-001,GLBX-1-383,MARKET,BUY,1,GTC,False,False,1,TAKER,6688.25,0.0,['0.00 USD'],NO_TRIGGER,FILLED,NO_CONTINGENCY,,,,MY_GENERIC_ALGO,,O-20260308-224742-001-000-384,,c4c94a0f-f8cc-4d31-9d98-4c0c9a39b4fc,2026-03-08 22:47:42.873851839+00:00,2026-03-08 22:47:42.873851839+00:00
BACKTESTER-001,OracleStrategy-000,MESM6.GLBX,GLBX-1-384,MESM6.GLBX-OracleStrategy-000,GLBX-001,GLBX-1-384,MARKET,SELL,1,GTC,True,False,1,TAKER,6689.5,0.0,['0.00 USD'],NO_TRIGGER,FILLED,NO_CONTINGENCY,,,,MY_GENERIC_ALGO,,O-20260308-224826-001-000-385,,c33e0461-0295-4906-a18a-a3bdedf16852,2026-03-08 22:48:26.324776315+00:00,2026-03-08 22:48:26.324776315+00:00
BACKTESTER-001,OracleStrategy-000,MESM6.GLBX,GLBX-1-385,MESM6.GLBX-OracleStrategy-000,GLBX-001,GLBX-1-385,MARKET,SELL,1,GTC,False,False,1,TAKER,6689.5,0.0,['0.00 USD'],NO_TRIGGER,FILLED,NO_CONTINGENCY,,,,MY_GENERIC_ALGO,,O-20260308-224826-001-000-386,,77c053b2-bc9c-43f7-9f68-1bbfabd87229,2026-03-08 22:48:26.324776315+00:00,2026-03-08 22:48:26.324776315+00:00
BACKTESTER-001,OracleStrategy-000,MESM6.GLBX,GLBX-1-386,MESM6.GLBX-OracleStrategy-000,GLBX-001,GLBX-1-386,MARKET,BUY,1,GTC,True,False,1,TAKER,6689.0,0.0,['0.00 USD'],NO_TRIGGER,FILLED,NO_CONTINGENCY,,,,MY_GENERIC_ALGO,,O-20260308-224840-001-000-387,,ccf3e6af-e016-4857-afea-efe43cd15330,2026-03-08 22:48:40.110210511+00:00,2026-03-08 22:48:40.110210511+00:00
BACKTESTER-001,OracleStrategy-000,MESM6.GLBX,GLBX-1-387,MESM6.GLBX-OracleStrategy-000,GLBX-001,GLBX-1-387,MARKET,BUY,1,GTC,False,False,1,TAKER,6689.0,0.0,['0.00 USD'],NO_TRIGGER,FILLED,NO_CONTINGENCY,,,,MY_GENERIC_ALGO,,O-20260308-224840-001-000-388,,a36bfd2b-a5e5-4177-98c0-528f5a1183d0,2026-03-08 22:48:40.110210511+00:00,2026-03-08 22:48:40.110210511+00:00
BACKTESTER-001,OracleStrategy-000,MESM6.GLBX,GLBX-1-388,MESM6.GLBX-OracleStrategy-000,GLBX-001,GLBX-1-388,MARKET,SELL,1,GTC,True,False,1,TAKER,6690.0,0.0,['0.00 USD'],NO_TRIGGER,FILLED,NO_CONTINGENCY,,,,MY_GENERIC_ALGO,,O-20260308-224841-001-000-389,,bb69e253-2d92-4318-a85e-2ae743cd2a13,2026-03-08 22:48:41.441692250+00:00,2026-03-08 22:48:41.441692250+00:00
BACKTESTER-001,OracleStrategy-000,MESM6.GLBX,GLBX-1-389,MESM6.GLBX-OracleStrategy-000,GLBX-001,GLBX-1-389,MARKET,SELL,1,GTC,False,False,1,TAKER,6690.0,0.0,['0.00 USD'],NO_TRIGGER,FILLED,NO_CONTINGENCY,,,,MY_GENERIC_ALGO,,O-20260308-224841-001-000-390,,97646bb1-f9c7-42a8-b514-e5806276b395,2026-03-08 22:48:41.441692250+00:00,2026-03-08 22:48:41.441692250+00:00
BACKTESTER-001,OracleStrategy-000,MESM6.GLBX,GLBX-1-390,MESM6.GLBX-OracleStrategy-000,GLBX-001,GLBX-1-390,MARKET,BUY,1,GTC,True,False,1,TAKER,6690.0,0.0,['0.00 USD'],NO_TRIGGER,FILLED,NO_CONTINGENCY,,,,MY_GENERIC_ALGO,,O-20260308-224903-001-000-391,,32c75513-e5c9-48e5-8be6-b4dfb73ee965,2026-03-08 22:49:03.067252951+00:00,2026-03-08 22:49:03.067252951+00:00
BACKTESTER-001,OracleStrategy-000,MESM6.GLBX,GLBX-1-391,MESM6.GLBX-OracleStrategy-000,GLBX-001,GLBX-1-391,MARKET,BUY,1,GTC,False,False,1,TAKER,6690.0,0.0,['0.00 USD'],NO_TRIGGER,FILLED,NO_CONTINGENCY,,,,MY_GENERIC_ALGO,,O-20260308-224903-001-000-392,,9f7b3121-9308-40b4-bcbf-da83d736ac12,2026-03-08 22:49:03.067252951+00:00,2026-03-08 22:49:03.067252951+00:00
BACKTESTER-001,OracleStrategy-000,MESM6.GLBX,GLBX-1-392,MESM6.GLBX-OracleStrategy-000,GLBX-001,GLBX-1-392,MARKET,SELL,1,GTC,True,False,1,TAKER,6690.5,0.0,['0.00 USD'],NO_TRIGGER,FILLED,NO_CONTINGENCY,,,,MY_GENERIC_ALGO,,O-20260308-224907-001-000-393,,4c07d826-0faf-4e5b-88de-e7aa9761cf65,2026-03-08 22:49:07.210109351+00:00,2026-03-08 22:49:07.210109351+00:00
BACKTESTER-001,OracleStrategy-000,MESM6.GLBX,GLBX-1-393,MESM6.GLBX-OracleStrategy-000,GLBX-001,GLBX-1-393,MARKET,SELL,1,GTC,False,False,1,TAKER,6690.5,0.0,['0.00 USD'],NO_TRIGGER,FILLED,NO_CONTINGENCY,,,,MY_GENERIC_ALGO,,O-20260308-224907-001-000-394,,a2ca2bf4-d6da-450f-acc5-648dc0397929,2026-03-08 22:49:07.210109351+00:00,2026-03-08 22:49:07.210109351+00:00
BACKTESTER-001,OracleStrategy-000,MESM6.GLBX,GLBX-1-394,MESM6.GLBX-OracleStrategy-000,GLBX-001,GLBX-1-394,MARKET,BUY,1,GTC,True,False,1,TAKER,6689.25,0.0,['0.00 USD'],NO_TRIGGER,FILLED,NO_CONTINGENCY,,,,MY_GENERIC_ALGO,,O-20260308-224931-001-000-395,,b0d1f22d-715f-41ca-9a5d-b5191f0e4f36,2026-03-08 22:49:31.601506096+00:00,2026-03-08 22:49:31.601506096+00:00
BACKTESTER-001,OracleStrategy-000,MESM6.GLBX,GLBX-1-395,MESM6.GLBX-OracleStrategy-000,GLBX-001,GLBX-1-395,MARKET,BUY,1,GTC,False,False,1,TAKER,6689.25,0.0,['0.00 USD'],NO_TRIGGER,FILLED,NO_CONTINGENCY,,,,MY_GENERIC_ALGO,,O-20260308-224931-001-000-396,,ad981182-c864-4a1d-8281-182dac3715ff,2026-03-08 22:49:31.601506096+00:00,2026-03-08 22:49:31.601506096+00:00
BACKTESTER-001,OracleStrategy-000,MESM6.GLBX,GLBX-1-396,MESM6.GLBX-OracleStrategy-000,GLBX-001,GLBX-1-396,MARKET,SELL,1,GTC,True,False,1,TAKER,6688.25,0.0,['0.00 USD'],NO_TRIGGER,FILLED,NO_CONTINGENCY,,,,MY_GENERIC_ALGO,,O-20260308-224943-001-000-397,,7131b5af-16f0-4be8-b9d9-51f62e06d572,2026-03-08 22:49:43.041084571+00:00,2026-03-08 22:49:43.041084571+00:00
BACKTESTER-001,OracleStrategy-000,MESM6.GLBX,GLBX-1-397,MESM6.GLBX-OracleStrategy-000,GLBX-001,GLBX-1-397,MARKET,SELL,1,GTC,False,False,1,TAKER,6688.25,0.0,['0.00 USD'],NO_TRIGGER,FILLED,NO_CONTINGENCY,,,,MY_GENERIC_ALGO,,O-20260308-224943-001-000-398,,7cc510e9-d62c-470e-be18-c5f83a5da26b,2026-03-08 22:49:43.041084571+00:00,2026-03-08 22:49:43.041084571+00:00
BACKTESTER-001,OracleStrategy-000,MESM6.GLBX,GLBX-1-398,MESM6.GLBX-OracleStrategy-000,GLBX-001,GLBX-1-398,MARKET,BUY,1,GTC,True,False,1,TAKER,6686.25,0.0,['0.00 USD'],NO_TRIGGER,FILLED,NO_CONTINGENCY,,,,MY_GENERIC_ALGO,,O-20260308-225127-001-000-399,,3140f483-0349-49a3-b5a3-4a18cdfd6055,2026-03-08 22:51:27.694579584+00:00,2026-03-08 22:51:27.694579584+00:00
BACKTESTER-001,OracleStrategy-000,MESM6.GLBX,GLBX-1-399,MESM6.GLBX-OracleStrategy-000,GLBX-001,GLBX-1-399,MARKET,BUY,1,GTC,False,False,1,TAKER,6686.25,0.0,['0.00 USD'],NO_TRIGGER,FILLED,NO_CONTINGENCY,,,,MY_GENERIC_ALGO,,O-20260308-225127-001-000-400,,23fb7d88-9048-4967-9214-5d4a50957a70,2026-03-08 22:51:27.694579584+00:00,2026-03-08 22:51:27.694579584+00:00
BACKTESTER-001,OracleStrategy-000,MESM6.GLBX,GLBX-1-400,MESM6.GLBX-OracleStrategy-000,GLBX-001,GLBX-1-400,MARKET,SELL,1,GTC,True,False,1,TAKER,6684.25,0.0,['0.00 USD'],NO_TRIGGER,FILLED,NO_CONTINGENCY,,,,MY_GENERIC_ALGO,,O-20260308-225246-001-000-401,,19549cdc-7161-4ad1-8827-4d1341d60707,2026-03-08 22:52:46.402007547+00:00,2026-03-08 22:52:46.402007547+00:00
BACKTESTER-001,OracleStrategy-000,MESM6.GLBX,GLBX-1-401,MESM6.GLBX-OracleStrategy-000,GLBX-001,GLBX-1-401,MARKET,SELL,1,GTC,False,False,1,TAKER,6684.25,0.0,['0.00 USD'],NO_TRIGGER,FILLED,NO_CONTINGENCY,,,,MY_GENERIC_ALGO,,O-20260308-225246-001-000-402,,b73d7447-07f1-44a5-b5e3-d06dbb041ad3,2026-03-08 22:52:46.402007547+00:00,2026-03-08 22:52:46.402007547+00:00
BACKTESTER-001,OracleStrategy-000,MESM6.GLBX,GLBX-1-402,MESM6.GLBX-OracleStrategy-000,GLBX-001,GLBX-1-402,MARKET,BUY,1,GTC,True,False,1,TAKER,6684.25,0.0,['0.00 USD'],NO_TRIGGER,FILLED,NO_CONTINGENCY,,,,MY_GENERIC_ALGO,,O-20260308-225247-001-000-403,,22b793f8-263f-480a-863b-9be1eb15029f,2026-03-08 22:52:47.535466688+00:00,2026-03-08 22:52:47.535466688+00:00
BACKTESTER-001,OracleStrategy-000,MESM6.GLBX,GLBX-1-403,MESM6.GLBX-OracleStrategy-000,GLBX-001,GLBX-1-403,MARKET,BUY,1,GTC,False,False,1,TAKER,6684.25,0.0,['0.00 USD'],NO_TRIGGER,FILLED,NO_CONTINGENCY,,,,MY_GENERIC_ALGO,,O-20260308-225247-001-000-404,,f765a1aa-f0a9-4b8e-bcea-f8f456586fe1,2026-03-08 22:52:47.535466688+00:00,2026-03-08 22:52:47.535466688+00:00
BACKTESTER-001,OracleStrategy-000,MESM6.GLBX,GLBX-1-404,MESM6.GLBX-OracleStrategy-000,GLBX-001,GLBX-1-404,MARKET,SELL,1,GTC,True,False,1,TAKER,6687.5,0.0,['0.00 USD'],NO_TRIGGER,FILLED,NO_CONTINGENCY,,,,MY_GENERIC_ALGO,,O-20260308-225321-001-000-405,,0e6d762f-cd2c-4538-b3c6-6c047c138539,2026-03-08 22:53:21.526510405+00:00,2026-03-08 22:53:21.526510405+00:00
BACKTESTER-001,OracleStrategy-000,MESM6.GLBX,GLBX-1-405,MESM6.GLBX-OracleStrategy-000,GLBX-001,GLBX-1-405,MARKET,SELL,1,GTC,False,False,1,TAKER,6687.5,0.0,['0.00 USD'],NO_TRIGGER,FILLED,NO_CONTINGENCY,,,,MY_GENERIC_ALGO,,O-20260308-225321-001-000-406,,f5ef81f1-a9ea-49bc-830d-9a9250b8f688,2026-03-08 22:53:21.526510405+00:00,2026-03-08 22:53:21.526510405+00:00
BACKTESTER-001,OracleStrategy-000,MESM6.GLBX,GLBX-1-406,MESM6.GLBX-OracleStrategy-000,GLBX-001,GLBX-1-406,MARKET,BUY,1,GTC,True,False,1,TAKER,6686.25,0.0,['0.00 USD'],NO_TRIGGER,FILLED,NO_CONTINGENCY,,,,MY_GENERIC_ALGO,,O-20260308-225339-001-000-407,,16a65b4f-ec83-4fcb-89ec-a8a59b9ed88c,2026-03-08 22:53:39.991394704+00:00,2026-03-08 22:53:39.991394704+00:00
BACKTESTER-001,OracleStrategy-000,MESM6.GLBX,GLBX-1-407,MESM6.GLBX-OracleStrategy-000,GLBX-001,GLBX-1-407,MARKET,BUY,1,GTC,False,False,1,TAKER,6686.25,0.0,['0.00 USD'],NO_TRIGGER,FILLED,NO_CONTINGENCY,,,,MY_GENERIC_ALGO,,O-20260308-225339-001-000-408,,41f1b075-5366-4e01-ba15-72a6b8d2f6ae,2026-03-08 22:53:39.991394704+00:00,2026-03-08 22:53:39.991394704+00:00
BACKTESTER-001,OracleStrategy-000,MESM6.GLBX,GLBX-1-408,MESM6.GLBX-OracleStrategy-000,GLBX-001,GLBX-1-408,MARKET,SELL,1,GTC,True,False,1,TAKER,6685.5,0.0,['0.00 USD'],NO_TRIGGER,FILLED,NO_CONTINGENCY,,,,MY_GENERIC_ALGO,,O-20260308-225346-001-000-409,,79a94464-7b19-4d4d-b2bd-f0a22294008f,2026-03-08 22:53:46.477184770+00:00,2026-03-08 22:53:46.477184770+00:00
BACKTESTER-001,OracleStrategy-000,MESM6.GLBX,GLBX-1-409,MESM6.GLBX-OracleStrategy-000,GLBX-001,GLBX-1-409,MARKET,SELL,1,GTC,False,False,1,TAKER,6685.5,0.0,['0.00 USD'],NO_TRIGGER,FILLED,NO_CONTINGENCY,,,,MY_GENERIC_ALGO,,O-20260308-225346-001-000-410,,91c5d55d-e86c-4bb4-abe1-bb4970651944,2026-03-08 22:53:46.477184770+00:00,2026-03-08 22:53:46.477184770+00:00
BACKTESTER-001,OracleStrategy-000,MESM6.GLBX,GLBX-1-410,MESM6.GLBX-OracleStrategy-000,GLBX-001,GLBX-1-410,MARKET,BUY,1,GTC,True,False,1,TAKER,6685.0,0.0,['0.00 USD'],NO_TRIGGER,FILLED,NO_CONTINGENCY,,,,MY_GENERIC_ALGO,,O-20260308-225351-001-000-411,,f7f5eba1-d306-4ee5-9604-381761cdafc0,2026-03-08 22:53:51.472853261+00:00,2026-03-08 22:53:51.472853261+00:00
BACKTESTER-001,OracleStrategy-000,MESM6.GLBX,GLBX-1-411,MESM6.GLBX-OracleStrategy-000,GLBX-001,GLBX-1-411,MARKET,BUY,1,GTC,False,False,1,TAKER,6685.0,0.0,['0.00 USD'],NO_TRIGGER,FILLED,NO_CONTINGENCY,,,,MY_GENERIC_ALGO,,O-20260308-225351-001-000-412,,d239536f-0f11-453a-a504-6df13dfe1dd1,2026-03-08 22:53:51.472853261+00:00,2026-03-08 22:53:51.472853261+00:00
BACKTESTER-001,OracleStrategy-000,MESM6.GLBX,GLBX-1-412,MESM6.GLBX-OracleStrategy-000,GLBX-001,GLBX-1-412,MARKET,SELL,1,GTC,True,False,1,TAKER,6688.5,0.0,['0.00 USD'],NO_TRIGGER,FILLED,NO_CONTINGENCY,,,,MY_GENERIC_ALGO,,O-20260308-225419-001-000-413,,8a34bfe4-57e2-4e1f-9b40-b4a3b3b286f2,2026-03-08 22:54:19.377962131+00:00,2026-03-08 22:54:19.377962131+00:00
BACKTESTER-001,OracleStrategy-000,MESM6.GLBX,GLBX-1-413,MESM6.GLBX-OracleStrategy-000,GLBX-001,GLBX-1-413,MARKET,SELL,1,GTC,False,False,1,TAKER,6688.5,0.0,['0.00 USD'],NO_TRIGGER,FILLED,NO_CONTINGENCY,,,,MY_GENERIC_ALGO,,O-20260308-225419-001-000-414,,15aeb7ad-31f9-4eb6-8945-338eeb24d205,2026-03-08 22:54:19.377962131+00:00,2026-03-08 22:54:19.377962131+00:00
BACKTESTER-001,OracleStrategy-000,MESM6.GLBX,GLBX-1-414,MESM6.GLBX-OracleStrategy-000,GLBX-001,GLBX-1-414,MARKET,BUY,1,GTC,True,False,1,TAKER,6686.25,0.0,['0.00 USD'],NO_TRIGGER,FILLED,NO_CONTINGENCY,,,,MY_GENERIC_ALGO,,O-20260308-225451-001-000-415,,0063f732-cf46-41d6-8fe1-51868f0abc78,2026-03-08 22:54:51.932607520+00:00,2026-03-08 22:54:51.932607520+00:00
BACKTESTER-001,OracleStrategy-000,MESM6.GLBX,GLBX-1-415,MESM6.GLBX-OracleStrategy-000,GLBX-001,GLBX-1-415,MARKET,BUY,1,GTC,False,False,1,TAKER,6686.25,0.0,['0.00 USD'],NO_TRIGGER,FILLED,NO_CONTINGENCY,,,,MY_GENERIC_ALGO,,O-20260308-225451-001-000-416,,816eb631-9ee4-499f-9ea2-da94b8cc397a,2026-03-08 22:54:51.932607520+00:00,2026-03-08 22:54:51.932607520+00:00
BACKTESTER-001,OracleStrategy-000,MESM6.GLBX,GLBX-1-416,MESM6.GLBX-OracleStrategy-000,GLBX-001,GLBX-1-416,MARKET,SELL,1,GTC,True,False,1,TAKER,6688.75,0.0,['0.00 USD'],NO_TRIGGER,FILLED,NO_CONTINGENCY,,,,MY_GENERIC_ALGO,,O-20260308-225510-001-000-417,,74e25a99-4639-445b-83ff-b6aec9b030be,2026-03-08 22:55:10.113903779+00:00,2026-03-08 22:55:10.113903779+00:00
BACKTESTER-001,OracleStrategy-000,MESM6.GLBX,GLBX-1-417,MESM6.GLBX-OracleStrategy-000,GLBX-001,GLBX-1-417,MARKET,SELL,1,GTC,False,False,1,TAKER,6688.75,0.0,['0.00 USD'],NO_TRIGGER,FILLED,NO_CONTINGENCY,,,,MY_GENERIC_ALGO,,O-20260308-225510-001-000-418,,34de68eb-4e79-4e4a-b186-04716e9ba130,2026-03-08 22:55:10.113903779+00:00,2026-03-08 22:55:10.113903779+00:00
BACKTESTER-001,OracleStrategy-000,MESM6.GLBX,GLBX-1-418,MESM6.GLBX-OracleStrategy-000,GLBX-001,GLBX-1-418,MARKET,BUY,1,GTC,True,False,1,TAKER,6686.25,0.0,['0.00 USD'],NO_TRIGGER,FILLED,NO_CONTINGENCY,,,,MY_GENERIC_ALGO,,O-20260308-225629-001-000-419,,fd227ce9-4b6a-4377-b802-a90ec2e640bb,2026-03-08 22:56:29.833486727+00:00,2026-03-08 22:56:29.833486727+00:00
BACKTESTER-001,OracleStrategy-000,MESM6.GLBX,GLBX-1-419,MESM6.GLBX-OracleStrategy-000,GLBX-001,GLBX-1-419,MARKET,BUY,1,GTC,False,False,1,TAKER,6686.25,0.0,['0.00 USD'],NO_TRIGGER,FILLED,NO_CONTINGENCY,,,,MY_GENERIC_ALGO,,O-20260308-225629-001-000-420,,ed53df39-fc6f-4a29-92f2-112764c34342,2026-03-08 22:56:29.833486727+00:00,2026-03-08 22:56:29.833486727+00:00
BACKTESTER-001,OracleStrategy-000,MESM6.GLBX,GLBX-1-420,MESM6.GLBX-OracleStrategy-000,GLBX-001,GLBX-1-420,MARKET,SELL,1,GTC,True,False,1,TAKER,6686.75,0.0,['0.00 USD'],NO_TRIGGER,FILLED,NO_CONTINGENCY,,,,MY_GENERIC_ALGO,,O-20260308-225634-001-000-421,,150bfc88-e5fe-41e2-b9ef-1ca33c46221a,2026-03-08 22:56:34.981532891+00:00,2026-03-08 22:56:34.981532891+00:00
BACKTESTER-001,OracleStrategy-000,MESM6.GLBX,GLBX-1-421,MESM6.GLBX-OracleStrategy-000,GLBX-001,GLBX-1-421,MARKET,SELL,1,GTC,False,False,1,TAKER,6686.75,0.0,['0.00 USD'],NO_TRIGGER,FILLED,NO_CONTINGENCY,,,,MY_GENERIC_ALGO,,O-20260308-225634-001-000-422,,37400fe3-3a3a-4b32-87bf-88a4970eef9a,2026-03-08 22:56:34.981532891+00:00,2026-03-08 22:56:34.981532891+00:00
BACKTESTER-001,OracleStrategy-000,MESM6.GLBX,GLBX-1-422,MESM6.GLBX-OracleStrategy-000,GLBX-001,GLBX-1-422,MARKET,BUY,1,GTC,True,False,1,TAKER,6685.0,0.0,['0.00 USD'],NO_TRIGGER,FILLED,NO_CONTINGENCY,,,,MY_GENERIC_ALGO,,O-20260308-225738-001-000-423,,a74e0607-65e6-4bba-aa4c-5995273e3b8f,2026-03-08 22:57:38.236324255+00:00,2026-03-08 22:57:38.236324255+00:00
BACKTESTER-001,OracleStrategy-000,MESM6.GLBX,GLBX-1-423,MESM6.GLBX-OracleStrategy-000,GLBX-001,GLBX-1-423,MARKET,BUY,1,GTC,False,False,1,TAKER,6685.0,0.0,['0.00 USD'],NO_TRIGGER,FILLED,NO_CONTINGENCY,,,,MY_GENERIC_ALGO,,O-20260308-225738-001-000-424,,1d59595c-2666-49af-ba9c-402184293fa1,2026-03-08 22:57:38.236324255+00:00,2026-03-08 22:57:38.236324255+00:00
BACKTESTER-001,OracleStrategy-000,MESM6.GLBX,GLBX-1-424,MESM6.GLBX-OracleStrategy-000,GLBX-001,GLBX-1-424,MARKET,SELL,1,GTC,True,False,1,TAKER,6684.0,0.0,['0.00 USD'],NO_TRIGGER,FILLED,NO_CONTINGENCY,,,,MY_GENERIC_ALGO,,O-20260308-225847-001-000-425,,745e2792-41fe-41b8-8411-b2f34f96130a,2026-03-08 22:58:47.218678892+00:00,2026-03-08 22:58:47.218678892+00:00
BACKTESTER-001,OracleStrategy-000,MESM6.GLBX,GLBX-1-425,MESM6.GLBX-OracleStrategy-000,GLBX-001,GLBX-1-425,MARKET,SELL,1,GTC,False,False,1,TAKER,6684.0,0.0,['0.00 USD'],NO_TRIGGER,FILLED,NO_CONTINGENCY,,,,MY_GENERIC_ALGO,,O-20260308-225847-001-000-426,,679c8632-bb6f-481f-bcc5-bbe2bc7167da,2026-03-08 22:58:47.218678892+00:00,2026-03-08 22:58:47.218678892+00:00
BACKTESTER-001,OracleStrategy-000,MESM6.GLBX,GLBX-1-426,MESM6.GLBX-OracleStrategy-000,GLBX-001,GLBX-1-426,MARKET,BUY,1,GTC,True,False,1,TAKER,6684.75,0.0,['0.00 USD'],NO_TRIGGER,FILLED,NO_CONTINGENCY,,,,MY_GENERIC_ALGO,,O-20260308-225906-001-000-427,,70a23ce8-f109-426e-9eef-211135f94ef1,2026-03-08 22:59:06.188824728+00:00,2026-03-08 22:59:06.188824728+00:00
BACKTESTER-001,OracleStrategy-000,MESM6.GLBX,GLBX-1-427,MESM6.GLBX-OracleStrategy-000,GLBX-001,GLBX-1-427,MARKET,BUY,1,GTC,False,False,1,TAKER,6684.75,0.0,['0.00 USD'],NO_TRIGGER,FILLED,NO_CONTINGENCY,,,,MY_GENERIC_ALGO,,O-20260308-225906-001-000-428,,4b8402f8-617e-45b9-a771-506b49994c1b,2026-03-08 22:59:06.188824728+00:00,2026-03-08 22:59:06.188824728+00:00
BACKTESTER-001,OracleStrategy-000,MESM6.GLBX,GLBX-1-428,MESM6.GLBX-OracleStrategy-000,GLBX-001,GLBX-1-428,MARKET,SELL,1,GTC,True,False,1,TAKER,6692.0,0.0,['0.00 USD'],NO_TRIGGER,FILLED,NO_CONTINGENCY,,,,MY_GENERIC_ALGO,,O-20260308-230010-001-000-429,,f0778602-8d72-40e1-b173-c45a8e1f751e,2026-03-08 23:00:10.449335552+00:00,2026-03-08 23:00:10.449335552+00:00
BACKTESTER-001,OracleStrategy-000,MESM6.GLBX,GLBX-1-429,MESM6.GLBX-OracleStrategy-000,GLBX-001,GLBX-1-429,MARKET,SELL,1,GTC,False,False,1,TAKER,6692.0,0.0,['0.00 USD'],NO_TRIGGER,FILLED,NO_CONTINGENCY,,,,MY_GENERIC_ALGO,,O-20260308-230010-001-000-430,,613b7b79-bb6f-4153-bfd5-9ea030df3f09,2026-03-08 23:00:10.449335552+00:00,2026-03-08 23:00:10.449335552+00:00
BACKTESTER-001,OracleStrategy-000,MESM6.GLBX,GLBX-1-430,MESM6.GLBX-OracleStrategy-000,GLBX-001,GLBX-1-430,MARKET,BUY,1,GTC,True,False,1,TAKER,6693.75,0.0,['0.00 USD'],NO_TRIGGER,FILLED,NO_CONTINGENCY,,,,MY_GENERIC_ALGO,,O-20260308-230016-001-000-431,,fe66339d-749d-432f-9344-3af334cd5eb9,2026-03-08 23:00:16.529674368+00:00,2026-03-08 23:00:16.529674368+00:00
BACKTESTER-001,OracleStrategy-000,MESM6.GLBX,GLBX-1-431,MESM6.GLBX-OracleStrategy-000,GLBX-001,GLBX-1-431,MARKET,BUY,1,GTC,False,False,1,TAKER,6693.75,0.0,['0.00 USD'],NO_TRIGGER,FILLED,NO_CONTINGENCY,,,,MY_GENERIC_ALGO,,O-20260308-230016-001-000-432,,49c1ef22-9107-4b52-9fb6-6495b66b2f49,2026-03-08 23:00:16.529674368+00:00,2026-03-08 23:00:16.529674368+00:00
BACKTESTER-001,OracleStrategy-000,MESM6.GLBX,GLBX-1-432,MESM6.GLBX-OracleStrategy-000,GLBX-001,GLBX-1-432,MARKET,SELL,1,GTC,True,False,1,TAKER,6694.75,0.0,['0.00 USD'],NO_TRIGGER,FILLED,NO_CONTINGENCY,,,,MY_GENERIC_ALGO,,O-20260308-230023-001-000-433,,f0ff05d1-d5a9-4108-b6ba-f2ad93493007,2026-03-08 23:00:23.389858680+00:00,2026-03-08 23:00:23.389858680+00:00
BACKTESTER-001,OracleStrategy-000,MESM6.GLBX,GLBX-1-433,MESM6.GLBX-OracleStrategy-000,GLBX-001,GLBX-1-433,MARKET,SELL,1,GTC,False,False,1,TAKER,6694.75,0.0,['0.00 USD'],NO_TRIGGER,FILLED,NO_CONTINGENCY,,,,MY_GENERIC_ALGO,,O-20260308-230023-001-000-434,,c7e34114-68e0-42c0-9584-5ad5d2aab569,2026-03-08 23:00:23.389858680+00:00,2026-03-08 23:00:23.389858680+00:00
BACKTESTER-001,OracleStrategy-000,MESM6.GLBX,GLBX-1-434,MESM6.GLBX-OracleStrategy-000,GLBX-001,GLBX-1-434,MARKET,BUY,1,GTC,True,False,1,TAKER,6691.75,0.0,['0.00 USD'],NO_TRIGGER,FILLED,NO_CONTINGENCY,,,,MY_GENERIC_ALGO,,O-20260308-230042-001-000-435,,a2460b40-3e80-46dc-b7f8-8e9f2583eb74,2026-03-08 23:00:42.706578259+00:00,2026-03-08 23:00:42.706578259+00:00
BACKTESTER-001,OracleStrategy-000,MESM6.GLBX,GLBX-1-435,MESM6.GLBX-OracleStrategy-000,GLBX-001,GLBX-1-435,MARKET,BUY,1,GTC,False,False,1,TAKER,6691.75,0.0,['0.00 USD'],NO_TRIGGER,FILLED,NO_CONTINGENCY,,,,MY_GENERIC_ALGO,,O-20260308-230042-001-000-436,,6b412c6d-6739-4e71-9720-3e2dc8c605f7,2026-03-08 23:00:42.706578259+00:00,2026-03-08 23:00:42.706578259+00:00
BACKTESTER-001,OracleStrategy-000,MESM6.GLBX,GLBX-1-436,MESM6.GLBX-OracleStrategy-000,GLBX-001,GLBX-1-436,MARKET,SELL,1,GTC,True,False,1,TAKER,6692.5,0.0,['0.00 USD'],NO_TRIGGER,FILLED,NO_CONTINGENCY,,,,MY_GENERIC_ALGO,,O-20260308-230045-001-000-437,,43dfd02c-a2a4-4832-8734-e514696cb5ad,2026-03-08 23:00:45.539320020+00:00,2026-03-08 23:00:45.539320020+00:00
BACKTESTER-001,OracleStrategy-000,MESM6.GLBX,GLBX-1-437,MESM6.GLBX-OracleStrategy-000,GLBX-001,GLBX-1-437,MARKET,SELL,1,GTC,False,False,1,TAKER,6692.5,0.0,['0.00 USD'],NO_TRIGGER,FILLED,NO_CONTINGENCY,,,,MY_GENERIC_ALGO,,O-20260308-230045-001-000-438,,8a944691-065d-4981-b167-001439377b00,2026-03-08 23:00:45.539320020+00:00,2026-03-08 23:00:45.539320020+00:00
BACKTESTER-001,OracleStrategy-000,MESM6.GLBX,GLBX-1-438,MESM6.GLBX-OracleStrategy-000,GLBX-001,GLBX-1-438,MARKET,BUY,1,GTC,True,False,1,TAKER,6692.0,0.0,['0.00 USD'],NO_TRIGGER,FILLED,NO_CONTINGENCY,,,,MY_GENERIC_ALGO,,O-20260308-230047-001-000-439,,6e912a90-0fea-4678-9ec0-045b6b4460d5,2026-03-08 23:00:47.529199053+00:00,2026-03-08 23:00:47.529199053+00:00
BACKTESTER-001,OracleStrategy-000,MESM6.GLBX,GLBX-1-439,MESM6.GLBX-OracleStrategy-000,GLBX-001,GLBX-1-439,MARKET,BUY,1,GTC,False,False,1,TAKER,6692.0,0.0,['0.00 USD'],NO_TRIGGER,FILLED,NO_CONTINGENCY,,,,MY_GENERIC_ALGO,,O-20260308-230047-001-000-440,,e7dbd543-3baa-443b-863e-5f269985a582,2026-03-08 23:00:47.529199053+00:00,2026-03-08 23:00:47.529199053+00:00
BACKTESTER-001,OracleStrategy-000,MESM6.GLBX,GLBX-1-440,MESM6.GLBX-OracleStrategy-000,GLBX-001,GLBX-1-440,MARKET,SELL,1,GTC,True,False,1,TAKER,6690.0,0.0,['0.00 USD'],NO_TRIGGER,FILLED,NO_CONTINGENCY,,,,MY_GENERIC_ALGO,,O-20260308-230059-001-000-441,,5372c9ed-bd1e-4724-a440-8b191c1cdbc9,2026-03-08 23:00:59.224407858+00:00,2026-03-08 23:00:59.224407858+00:00
BACKTESTER-001,OracleStrategy-000,MESM6.GLBX,GLBX-1-441,MESM6.GLBX-OracleStrategy-000,GLBX-001,GLBX-1-441,MARKET,SELL,1,GTC,False,False,1,TAKER,6690.0,0.0,['0.00 USD'],NO_TRIGGER,FILLED,NO_CONTINGENCY,,,,MY_GENERIC_ALGO,,O-20260308-230059-001-000-442,,40810bf6-5e17-4b21-83f3-d1c8f171e013,2026-03-08 23:00:59.224407858+00:00,2026-03-08 23:00:59.224407858+00:00
BACKTESTER-001,OracleStrategy-000,MESM6.GLBX,GLBX-1-442,MESM6.GLBX-OracleStrategy-000,GLBX-001,GLBX-1-442,MARKET,BUY,1,GTC,True,False,1,TAKER,6692.0,0.0,['0.00 USD'],NO_TRIGGER,FILLED,NO_CONTINGENCY,,,,MY_GENERIC_ALGO,,O-20260308-230101-001-000-443,,d44e11f6-b039-4bc4-b002-103a38b479c9,2026-03-08 23:01:01.164365546+00:00,2026-03-08 23:01:01.164365546+00:00
BACKTESTER-001,OracleStrategy-000,MESM6.GLBX,GLBX-1-443,MESM6.GLBX-OracleStrategy-000,GLBX-001,GLBX-1-443,MARKET,BUY,1,GTC,False,False,1,TAKER,6692.0,0.0,['0.00 USD'],NO_TRIGGER,FILLED,NO_CONTINGENCY,,,,MY_GENERIC_ALGO,,O-20260308-230101-001-000-444,,eea57939-c350-40b0-a547-58c4c9928f9b,2026-03-08 23:01:01.164365546+00:00,2026-03-08 23:01:01.164365546+00:00
BACKTESTER-001,OracleStrategy-000,MESM6.GLBX,GLBX-1-444,MESM6.GLBX-OracleStrategy-000,GLBX-001,GLBX-1-444,MARKET,SELL,1,GTC,True,False,1,TAKER,6691.5,0.0,['0.00 USD'],NO_TRIGGER,FILLED,NO_CONTINGENCY,,,,MY_GENERIC_ALGO,,O-20260308-230110-001-000-445,,13368107-ef20-4ad4-a50b-9e219fdf7a97,2026-03-08 23:01:10.022265254+00:00,2026-03-08 23:01:10.022265254+00:00
BACKTESTER-001,OracleStrategy-000,MESM6.GLBX,GLBX-1-445,MESM6.GLBX-OracleStrategy-000,GLBX-001,GLBX-1-445,MARKET,SELL,1,GTC,False,False,1,TAKER,6691.5,0.0,['0.00 USD'],NO_TRIGGER,FILLED,NO_CONTINGENCY,,,,MY_GENERIC_ALGO,,O-20260308-230110-001-000-446,,37d90056-c274-4102-b40c-5e77417a7052,2026-03-08 23:01:10.022265254+00:00,2026-03-08 23:01:10.022265254+00:00
BACKTESTER-001,OracleStrategy-000,MESM6.GLBX,GLBX-1-446,MESM6.GLBX-OracleStrategy-000,GLBX-001,GLBX-1-446,MARKET,BUY,1,GTC,True,False,1,TAKER,6691.25,0.0,['0.00 USD'],NO_TRIGGER,FILLED,NO_CONTINGENCY,,,,MY_GENERIC_ALGO,,O-20260308-230137-001-000-447,,75a24214-59f3-4c8b-aee9-6dfded300fc8,2026-03-08 23:01:37.385673903+00:00,2026-03-08 23:01:37.385673903+00:00
BACKTESTER-001,OracleStrategy-000,MESM6.GLBX,GLBX-1-447,MESM6.GLBX-OracleStrategy-000,GLBX-001,GLBX-1-447,MARKET,BUY,1,GTC,False,False,1,TAKER,6691.25,0.0,['0.00 USD'],NO_TRIGGER,FILLED,NO_CONTINGENCY,,,,MY_GENERIC_ALGO,,O-20260308-230137-001-000-448,,1f7e460f-d612-4fba-960e-90768cc0b6b4,2026-03-08 23:01:37.385673903+00:00,2026-03-08 23:01:37.385673903+00:00
BACKTESTER-001,OracleStrategy-000,MESM6.GLBX,GLBX-1-448,MESM6.GLBX-OracleStrategy-000,GLBX-001,GLBX-1-448,MARKET,SELL,1,GTC,True,False,1,TAKER,6688.5,0.0,['0.00 USD'],NO_TRIGGER,FILLED,NO_CONTINGENCY,,,,MY_GENERIC_ALGO,,O-20260308-230208-001-000-449,,e2f61815-b811-49ed-9559-ac2a18c023a5,2026-03-08 23:02:08.767360637+00:00,2026-03-08 23:02:08.767360637+00:00
BACKTESTER-001,OracleStrategy-000,MESM6.GLBX,GLBX-1-449,MESM6.GLBX-OracleStrategy-000,GLBX-001,GLBX-1-449,MARKET,SELL,1,GTC,False,False,1,TAKER,6688.5,0.0,['0.00 USD'],NO_TRIGGER,FILLED,NO_CONTINGENCY,,,,MY_GENERIC_ALGO,,O-20260308-230208-001-000-450,,a709437a-4549-46c0-b896-f5df64bc50c2,2026-03-08 23:02:08.767360637+00:00,2026-03-08 23:02:08.767360637+00:00
BACKTESTER-001,OracleStrategy-000,MESM6.GLBX,GLBX-1-450,MESM6.GLBX-OracleStrategy-000,GLBX-001,GLBX-1-450,MARKET,BUY,1,GTC,True,False,1,TAKER,6688.5,0.0,['0.00 USD'],NO_TRIGGER,FILLED,NO_CONTINGENCY,,,,MY_GENERIC_ALGO,,O-20260308-230259-001-000-451,,bf60b535-f021-44a2-92b2-3b8bc070aa02,2026-03-08 23:02:59.515555450+00:00,2026-03-08 23:02:59.515555450+00:00
BACKTESTER-001,OracleStrategy-000,MESM6.GLBX,GLBX-1-451,MESM6.GLBX-OracleStrategy-000,GLBX-001,GLBX-1-451,MARKET,BUY,1,GTC,False,False,1,TAKER,6688.5,0.0,['0.00 USD'],NO_TRIGGER,FILLED,NO_CONTINGENCY,,,,MY_GENERIC_ALGO,,O-20260308-230259-001-000-452,,f6b46cb8-cc98-47b9-8290-30f4157fafe9,2026-03-08 23:02:59.515555450+00:00,2026-03-08 23:02:59.515555450+00:00
BACKTESTER-001,OracleStrategy-000,MESM6.GLBX,GLBX-1-452,MESM6.GLBX-OracleStrategy-000,GLBX-001,GLBX-1-452,MARKET,SELL,1,GTC,True,False,1,TAKER,6688.25,0.0,['0.00 USD'],NO_TRIGGER,FILLED,NO_CONTINGENCY,,,,MY_GENERIC_ALGO,,O-20260308-230325-001-000-453,,c6808936-d478-4312-b1aa-50d90abad3f5,2026-03-08 23:03:25.137361099+00:00,2026-03-08 23:03:25.137361099+00:00
BACKTESTER-001,OracleStrategy-000,MESM6.GLBX,GLBX-1-453,MESM6.GLBX-OracleStrategy-000,GLBX-001,GLBX-1-453,MARKET,SELL,1,GTC,False,False,1,TAKER,6688.25,0.0,['0.00 USD'],NO_TRIGGER,FILLED,NO_CONTINGENCY,,,,MY_GENERIC_ALGO,,O-20260308-230325-001-000-454,,5e7afffe-9273-48b4-937f-68f83ecd313e,2026-03-08 23:03:25.137361099+00:00,2026-03-08 23:03:25.137361099+00:00
BACKTESTER-001,OracleStrategy-000,MESM6.GLBX,GLBX-1-454,MESM6.GLBX-OracleStrategy-000,GLBX-001,GLBX-1-454,MARKET,BUY,1,GTC,True,False,1,TAKER,6692.5,0.0,['0.00 USD'],NO_TRIGGER,FILLED,NO_CONTINGENCY,,,,MY_GENERIC_ALGO,,O-20260308-230410-001-000-455,,481ff448-fbd8-49d5-96ed-da15118c7087,2026-03-08 23:04:10.678023310+00:00,2026-03-08 23:04:10.678023310+00:00
BACKTESTER-001,OracleStrategy-000,MESM6.GLBX,GLBX-1-455,MESM6.GLBX-OracleStrategy-000,GLBX-001,GLBX-1-455,MARKET,BUY,1,GTC,False,False,1,TAKER,6692.5,0.0,['0.00 USD'],NO_TRIGGER,FILLED,NO_CONTINGENCY,,,,MY_GENERIC_ALGO,,O-20260308-230410-001-000-456,,285d39a1-b36e-4ff0-bb63-a3a0697705f1,2026-03-08 23:04:10.678023310+00:00,2026-03-08 23:04:10.678023310+00:00
BACKTESTER-001,OracleStrategy-000,MESM6.GLBX,GLBX-1-456,MESM6.GLBX-OracleStrategy-000,GLBX-001,GLBX-1-456,MARKET,SELL,1,GTC,True,False,1,TAKER,6692.0,0.0,['0.00 USD'],NO_TRIGGER,FILLED,NO_CONTINGENCY,,,,MY_GENERIC_ALGO,,O-20260308-230422-001-000-457,,fd6974f5-12ea-48fe-8eba-2320984ad36a,2026-03-08 23:04:22.498297527+00:00,2026-03-08 23:04:22.498297527+00:00
BACKTESTER-001,OracleStrategy-000,MESM6.GLBX,GLBX-1-457,MESM6.GLBX-OracleStrategy-000,GLBX-001,GLBX-1-457,MARKET,SELL,1,GTC,False,False,1,TAKER,6692.0,0.0,['0.00 USD'],NO_TRIGGER,FILLED,NO_CONTINGENCY,,,,MY_GENERIC_ALGO,,O-20260308-230422-001-000-458,,42d487a4-eff8-4622-8df4-3c320c2df77e,2026-03-08 23:04:22.498297527+00:00,2026-03-08 23:04:22.498297527+00:00
BACKTESTER-001,OracleStrategy-000,MESM6.GLBX,GLBX-1-458,MESM6.GLBX-OracleStrategy-000,GLBX-001,GLBX-1-458,MARKET,BUY,1,GTC,True,False,1,TAKER,6692.0,0.0,['0.00 USD'],NO_TRIGGER,FILLED,NO_CONTINGENCY,,,,MY_GENERIC_ALGO,,O-20260308-230425-001-000-459,,42ca0b18-8151-40ed-bb5b-e8a5fbeec117,2026-03-08 23:04:25.630441946+00:00,2026-03-08 23:04:25.630441946+00:00
BACKTESTER-001,OracleStrategy-000,MESM6.GLBX,GLBX-1-459,MESM6.GLBX-OracleStrategy-000,GLBX-001,GLBX-1-459,MARKET,BUY,1,GTC,False,False,1,TAKER,6692.0,0.0,['0.00 USD'],NO_TRIGGER,FILLED,NO_CONTINGENCY,,,,MY_GENERIC_ALGO,,O-20260308-230425-001-000-460,,924d1be5-059d-48c7-abfa-f8877476e5d0,2026-03-08 23:04:25.630441946+00:00,2026-03-08 23:04:25.630441946+00:00
BACKTESTER-001,OracleStrategy-000,MESM6.GLBX,GLBX-1-460,MESM6.GLBX-OracleStrategy-000,GLBX-001,GLBX-1-460,MARKET,SELL,1,GTC,True,False,1,TAKER,6691.0,0.0,['0.00 USD'],NO_TRIGGER,FILLED,NO_CONTINGENCY,,,,MY_GENERIC_ALGO,,O-20260308-230433-001-000-461,,3c7afa6c-9ed9-40ea-8570-5687f1504372,2026-03-08 23:04:33.036130968+00:00,2026-03-08 23:04:33.036130968+00:00
BACKTESTER-001,OracleStrategy-000,MESM6.GLBX,GLBX-1-461,MESM6.GLBX-OracleStrategy-000,GLBX-001,GLBX-1-461,MARKET,SELL,1,GTC,False,False,1,TAKER,6691.0,0.0,['0.00 USD'],NO_TRIGGER,FILLED,NO_CONTINGENCY,,,,MY_GENERIC_ALGO,,O-20260308-230433-001-000-462,,485d7486-9bfe-4d02-a3cd-0a30951a324b,2026-03-08 23:04:33.036130968+00:00,2026-03-08 23:04:33.036130968+00:00
BACKTESTER-001,OracleStrategy-000,MESM6.GLBX,GLBX-1-462,MESM6.GLBX-OracleStrategy-000,GLBX-001,GLBX-1-462,MARKET,BUY,1,GTC,True,False,1,TAKER,6690.25,0.0,['0.00 USD'],NO_TRIGGER,FILLED,NO_CONTINGENCY,,,,MY_GENERIC_ALGO,,O-20260308-230454-001-000-463,,dd979367-cf13-47f3-a5d5-401aee3b7830,2026-03-08 23:04:54.587562055+00:00,2026-03-08 23:04:54.587562055+00:00
BACKTESTER-001,OracleStrategy-000,MESM6.GLBX,GLBX-1-463,MESM6.GLBX-OracleStrategy-000,GLBX-001,GLBX-1-463,MARKET,BUY,1,GTC,False,False,1,TAKER,6690.25,0.0,['0.00 USD'],NO_TRIGGER,FILLED,NO_CONTINGENCY,,,,MY_GENERIC_ALGO,,O-20260308-230454-001-000-464,,8bba7cf5-ca54-4f9d-a260-4ad19052d80e,2026-03-08 23:04:54.587562055+00:00,2026-03-08 23:04:54.587562055+00:00
BACKTESTER-001,OracleStrategy-000,MESM6.GLBX,GLBX-1-464,MESM6.GLBX-OracleStrategy-000,GLBX-001,GLBX-1-464,MARKET,SELL,1,GTC,True,False,1,TAKER,6690.0,0.0,['0.00 USD'],NO_TRIGGER,FILLED,NO_CONTINGENCY,,,,MY_GENERIC_ALGO,,O-20260308-230551-001-000-465,,4fb6ce01-2f77-43d5-99d7-5f3d00e8661d,2026-03-08 23:05:51.844479466+00:00,2026-03-08 23:05:51.844479466+00:00
BACKTESTER-001,OracleStrategy-000,MESM6.GLBX,GLBX-1-465,MESM6.GLBX-OracleStrategy-000,GLBX-001,GLBX-1-465,MARKET,SELL,1,GTC,False,False,1,TAKER,6690.0,0.0,['0.00 USD'],NO_TRIGGER,FILLED,NO_CONTINGENCY,,,,MY_GENERIC_ALGO,,O-20260308-230551-001-000-466,,b330c873-3718-4056-90aa-298cd0276e26,2026-03-08 23:05:51.844479466+00:00,2026-03-08 23:05:51.844479466+00:00
BACKTESTER-001,OracleStrategy-000,MESM6.GLBX,GLBX-1-466,MESM6.GLBX-OracleStrategy-000,GLBX-001,GLBX-1-466,MARKET,BUY,1,GTC,True,False,1,TAKER,6690.0,0.0,['0.00 USD'],NO_TRIGGER,FILLED,NO_CONTINGENCY,,,,MY_GENERIC_ALGO,,O-20260308-230617-001-000-467,,35cc1392-a2f7-43d6-b4f6-f6650e174226,2026-03-08 23:06:17.277501877+00:00,2026-03-08 23:06:17.277501877+00:00
BACKTESTER-001,OracleStrategy-000,MESM6.GLBX,GLBX-1-467,MESM6.GLBX-OracleStrategy-000,GLBX-001,GLBX-1-467,MARKET,BUY,1,GTC,False,False,1,TAKER,6690.0,0.0,['0.00 USD'],NO_TRIGGER,FILLED,NO_CONTINGENCY,,,,MY_GENERIC_ALGO,,O-20260308-230617-001-000-468,,cb7fb316-1f10-4424-9bd3-ccf62b80d006,2026-03-08 23:06:17.277501877+00:00,2026-03-08 23:06:17.277501877+00:00
BACKTESTER-001,OracleStrategy-000,MESM6.GLBX,GLBX-1-468,MESM6.GLBX-OracleStrategy-000,GLBX-001,GLBX-1-468,MARKET,SELL,1,GTC,True,False,1,TAKER,6689.75,0.0,['0.00 USD'],NO_TRIGGER,FILLED,NO_CONTINGENCY,,,,MY_GENERIC_ALGO,,O-20260308-230624-001-000-469,,e1033119-39bf-4805-b116-354f0311aad1,2026-03-08 23:06:24.918662779+00:00,2026-03-08 23:06:24.918662779+00:00
BACKTESTER-001,OracleStrategy-000,MESM6.GLBX,GLBX-1-469,MESM6.GLBX-OracleStrategy-000,GLBX-001,GLBX-1-469,MARKET,SELL,1,GTC,False,False,1,TAKER,6689.75,0.0,['0.00 USD'],NO_TRIGGER,FILLED,NO_CONTINGENCY,,,,MY_GENERIC_ALGO,,O-20260308-230624-001-000-470,,b1388292-316b-4e63-8421-97888330ecfd,2026-03-08 23:06:24.918662779+00:00,2026-03-08 23:06:24.918662779+00:00
BACKTESTER-001,OracleStrategy-000,MESM6.GLBX,GLBX-1-470,MESM6.GLBX-OracleStrategy-000,GLBX-001,GLBX-1-470,MARKET,BUY,1,GTC,True,False,1,TAKER,6686.0,0.0,['0.00 USD'],NO_TRIGGER,FILLED,NO_CONTINGENCY,,,,MY_GENERIC_ALGO,,O-20260308-230652-001-000-471,,b1813d09-c20c-4c96-9233-9bd0c591bc62,2026-03-08 23:06:52.346481536+00:00,2026-03-08 23:06:52.346481536+00:00
BACKTESTER-001,OracleStrategy-000,MESM6.GLBX,GLBX-1-471,MESM6.GLBX-OracleStrategy-000,GLBX-001,GLBX-1-471,MARKET,BUY,1,GTC,False,False,1,TAKER,6686.0,0.0,['0.00 USD'],NO_TRIGGER,FILLED,NO_CONTINGENCY,,,,MY_GENERIC_ALGO,,O-20260308-230652-001-000-472,,f81a44fc-ee96-4652-9d6b-b0fe83eb4cad,2026-03-08 23:06:52.346481536+00:00,2026-03-08 23:06:52.346481536+00:00
BACKTESTER-001,OracleStrategy-000,MESM6.GLBX,GLBX-1-472,MESM6.GLBX-OracleStrategy-000,GLBX-001,GLBX-1-472,MARKET,SELL,1,GTC,True,False,1,TAKER,6684.75,0.0,['0.00 USD'],NO_TRIGGER,FILLED,NO_CONTINGENCY,,,,MY_GENERIC_ALGO,,O-20260308-230745-001-000-473,,ab4a813e-1b29-40f6-bdd5-c2f08a001225,2026-03-08 23:07:45.397604867+00:00,2026-03-08 23:07:45.397604867+00:00
BACKTESTER-001,OracleStrategy-000,MESM6.GLBX,GLBX-1-473,MESM6.GLBX-OracleStrategy-000,GLBX-001,GLBX-1-473,MARKET,SELL,1,GTC,False,False,1,TAKER,6684.75,0.0,['0.00 USD'],NO_TRIGGER,FILLED,NO_CONTINGENCY,,,,MY_GENERIC_ALGO,,O-20260308-230745-001-000-474,,0830289f-7940-4a63-8216-6d32cc7ed09a,2026-03-08 23:07:45.397604867+00:00,2026-03-08 23:07:45.397604867+00:00
BACKTESTER-001,OracleStrategy-000,MESM6.GLBX,GLBX-1-474,MESM6.GLBX-OracleStrategy-000,GLBX-001,GLBX-1-474,MARKET,BUY,1,GTC,True,False,1,TAKER,6688.25,0.0,['0.00 USD'],NO_TRIGGER,FILLED,NO_CONTINGENCY,,,,MY_GENERIC_ALGO,,O-20260308-230814-001-000-475,,654f6025-ea88-4cfc-9f89-2ad625e0773c,2026-03-08 23:08:14.425409820+00:00,2026-03-08 23:08:14.425409820+00:00
BACKTESTER-001,OracleStrategy-000,MESM6.GLBX,GLBX-1-475,MESM6.GLBX-OracleStrategy-000,GLBX-001,GLBX-1-475,MARKET,SELL,1,GTC,False,False,1,TAKER,6682.5,0.0,['0.00 USD'],NO_TRIGGER,FILLED,NO_CONTINGENCY,,,,MY_GENERIC_ALGO,,O-20260308-230917-001-000-477,,d9b73310-e1f8-40d8-aded-dfc43222b679,2026-03-08 23:09:17.346365440+00:00,2026-03-08 23:09:17.346365440+00:00
BACKTESTER-001,OracleStrategy-000,MESM6.GLBX,GLBX-1-476,MESM6.GLBX-OracleStrategy-000,GLBX-001,GLBX-1-476,MARKET,BUY,1,GTC,True,False,1,TAKER,6680.25,0.0,['0.00 USD'],NO_TRIGGER,FILLED,NO_CONTINGENCY,,,,MY_GENERIC_ALGO,,O-20260308-230939-001-000-478,,0b61cd03-bd66-497b-8e68-5a8cea792cf3,2026-03-08 23:09:39.321358019+00:00,2026-03-08 23:09:39.321358019+00:00
BACKTESTER-001,OracleStrategy-000,MESM6.GLBX,GLBX-1-477,MESM6.GLBX-OracleStrategy-000,GLBX-001,GLBX-1-477,MARKET,SELL,1,GTC,False,False,1,TAKER,6678.75,0.0,['0.00 USD'],NO_TRIGGER,FILLED,NO_CONTINGENCY,,,,MY_GENERIC_ALGO,,O-20260308-230944-001-000-480,,f539282f-009f-4146-a7f5-7153815b1ee1,2026-03-08 23:09:44.899699999+00:00,2026-03-08 23:09:44.899699999+00:00
BACKTESTER-001,OracleStrategy-000,MESM6.GLBX,GLBX-1-478,MESM6.GLBX-OracleStrategy-000,GLBX-001,GLBX-1-478,MARKET,BUY,1,GTC,True,False,1,TAKER,6681.0,0.0,['0.00 USD'],NO_TRIGGER,FILLED,NO_CONTINGENCY,,,,MY_GENERIC_ALGO,,O-20260308-231002-001-000-481,,9808f342-ef72-4e5d-859b-873c48646fe2,2026-03-08 23:10:02.472434549+00:00,2026-03-08 23:10:02.472434549+00:00
BACKTESTER-001,OracleStrategy-000,MESM6.GLBX,GLBX-1-479,MESM6.GLBX-OracleStrategy-000,GLBX-001,GLBX-1-479,MARKET,BUY,1,GTC,False,False,1,TAKER,6681.0,0.0,['0.00 USD'],NO_TRIGGER,FILLED,NO_CONTINGENCY,,,,MY_GENERIC_ALGO,,O-20260308-231002-001-000-482,,7b4c8760-db07-4e09-a76a-da6b8aa4f801,2026-03-08 23:10:02.472434549+00:00,2026-03-08 23:10:02.472434549+00:00
BACKTESTER-001,OracleStrategy-000,MESM6.GLBX,GLBX-1-480,MESM6.GLBX-OracleStrategy-000,GLBX-001,GLBX-1-480,MARKET,SELL,1,GTC,True,False,1,TAKER,6679.0,0.0,['0.00 USD'],NO_TRIGGER,FILLED,NO_CONTINGENCY,,,,MY_GENERIC_ALGO,,O-20260308-231004-001-000-483,,aa8a5589-edee-4dd0-b31b-d08e963559e0,2026-03-08 23:10:04.142699642+00:00,2026-03-08 23:10:04.142699642+00:00
BACKTESTER-001,OracleStrategy-000,MESM6.GLBX,GLBX-1-481,MESM6.GLBX-OracleStrategy-000,GLBX-001,GLBX-1-481,MARKET,SELL,1,GTC,False,False,1,TAKER,6679.0,0.0,['0.00 USD'],NO_TRIGGER,FILLED,NO_CONTINGENCY,,,,MY_GENERIC_ALGO,,O-20260308-231004-001-000-484,,e3f30029-31fd-4e3f-a94f-4574ca5c3628,2026-03-08 23:10:04.142699642+00:00,2026-03-08 23:10:04.142699642+00:00
BACKTESTER-001,OracleStrategy-000,MESM6.GLBX,GLBX-1-482,MESM6.GLBX-OracleStrategy-000,GLBX-001,GLBX-1-482,MARKET,BUY,1,GTC,True,False,1,TAKER,6679.75,0.0,['0.00 USD'],NO_TRIGGER,FILLED,NO_CONTINGENCY,,,,MY_GENERIC_ALGO,,O-20260308-231029-001-000-485,,13b96d30-4e38-4d6f-982d-a60223265489,2026-03-08 23:10:29.100762872+00:00,2026-03-08 23:10:29.100762872+00:00
BACKTESTER-001,OracleStrategy-000,MESM6.GLBX,GLBX-1-483,MESM6.GLBX-OracleStrategy-000,GLBX-001,GLBX-1-483,MARKET,BUY,1,GTC,False,False,1,TAKER,6679.75,0.0,['0.00 USD'],NO_TRIGGER,FILLED,NO_CONTINGENCY,,,,MY_GENERIC_ALGO,,O-20260308-231029-001-000-486,,b38df482-ef0f-4790-a5f4-e56b41857731,2026-03-08 23:10:29.100762872+00:00,2026-03-08 23:10:29.100762872+00:00
BACKTESTER-001,OracleStrategy-000,MESM6.GLBX,GLBX-1-484,MESM6.GLBX-OracleStrategy-000,GLBX-001,GLBX-1-484,MARKET,SELL,1,GTC,True,False,1,TAKER,6680.0,0.0,['0.00 USD'],NO_TRIGGER,FILLED,NO_CONTINGENCY,,,,MY_GENERIC_ALGO,,O-20260308-231035-001-000-487,,7ae0f072-543e-4783-adf0-aac9f946bef9,2026-03-08 23:10:35.934749778+00:00,2026-03-08 23:10:35.934749778+00:00
BACKTESTER-001,OracleStrategy-000,MESM6.GLBX,GLBX-1-485,MESM6.GLBX-OracleStrategy-000,GLBX-001,GLBX-1-485,MARKET,SELL,1,GTC,False,False,1,TAKER,6680.0,0.0,['0.00 USD'],NO_TRIGGER,FILLED,NO_CONTINGENCY,,,,MY_GENERIC_ALGO,,O-20260308-231035-001-000-488,,c06aabdc-247f-4c71-ae1b-415b8424b2b1,2026-03-08 23:10:35.934749778+00:00,2026-03-08 23:10:35.934749778+00:00
BACKTESTER-001,OracleStrategy-000,MESM6.GLBX,GLBX-1-486,MESM6.GLBX-OracleStrategy-000,GLBX-001,GLBX-1-486,MARKET,BUY,1,GTC,True,False,1,TAKER,6678.0,0.0,['0.00 USD'],NO_TRIGGER,FILLED,NO_CONTINGENCY,,,,MY_GENERIC_ALGO,,O-20260308-231042-001-000-489,,5ab20453-b973-42a7-938b-3545025e0cdb,2026-03-08 23:10:42.050033864+00:00,2026-03-08 23:10:42.050033864+00:00
BACKTESTER-001,OracleStrategy-000,MESM6.GLBX,GLBX-1-487,MESM6.GLBX-OracleStrategy-000,GLBX-001,GLBX-1-487,MARKET,BUY,1,GTC,False,False,1,TAKER,6678.0,0.0,['0.00 USD'],NO_TRIGGER,FILLED,NO_CONTINGENCY,,,,MY_GENERIC_ALGO,,O-20260308-231042-001-000-490,,4d41a247-a977-4ddb-9b58-379d6ccf0ddb,2026-03-08 23:10:42.050033864+00:00,2026-03-08 23:10:42.050033864+00:00
BACKTESTER-001,OracleStrategy-000,MESM6.GLBX,GLBX-1-488,MESM6.GLBX-OracleStrategy-000,GLBX-001,GLBX-1-488,MARKET,SELL,1,GTC,True,False,1,TAKER,6680.75,0.0,['0.00 USD'],NO_TRIGGER,FILLED,NO_CONTINGENCY,,,,MY_GENERIC_ALGO,,O-20260308-231048-001-000-491,,a53292e5-202c-4c0e-8da4-f379bd66ebf2,2026-03-08 23:10:48.488622661+00:00,2026-03-08 23:10:48.488622661+00:00
BACKTESTER-001,OracleStrategy-000,MESM6.GLBX,GLBX-1-489,MESM6.GLBX-OracleStrategy-000,GLBX-001,GLBX-1-489,MARKET,SELL,1,GTC,False,False,1,TAKER,6680.75,0.0,['0.00 USD'],NO_TRIGGER,FILLED,NO_CONTINGENCY,,,,MY_GENERIC_ALGO,,O-20260308-231048-001-000-492,,dcacfeba-f5dc-4a53-97f4-983b77865c10,2026-03-08 23:10:48.488622661+00:00,2026-03-08 23:10:48.488622661+00:00
BACKTESTER-001,OracleStrategy-000,MESM6.GLBX,GLBX-1-490,MESM6.GLBX-OracleStrategy-000,GLBX-001,GLBX-1-490,MARKET,BUY,1,GTC,True,False,1,TAKER,6680.0,0.0,['0.00 USD'],NO_TRIGGER,FILLED,NO_CONTINGENCY,,,,MY_GENERIC_ALGO,,O-20260308-231050-001-000-493,,0354ecdc-be4c-42e6-ab55-458e8f799280,2026-03-08 23:10:50.024191632+00:00,2026-03-08 23:10:50.024191632+00:00
BACKTESTER-001,OracleStrategy-000,MESM6.GLBX,GLBX-1-491,MESM6.GLBX-OracleStrategy-000,GLBX-001,GLBX-1-491,MARKET,BUY,1,GTC,False,False,1,TAKER,6680.0,0.0,['0.00 USD'],NO_TRIGGER,FILLED,NO_CONTINGENCY,,,,MY_GENERIC_ALGO,,O-20260308-231050-001-000-494,,6bf466d3-353f-4b1b-b5a7-3b8a93acd301,2026-03-08 23:10:50.024191632+00:00,2026-03-08 23:10:50.024191632+00:00
BACKTESTER-001,OracleStrategy-000,MESM6.GLBX,GLBX-1-492,MESM6.GLBX-OracleStrategy-000,GLBX-001,GLBX-1-492,MARKET,SELL,1,GTC,True,False,1,TAKER,6678.75,0.0,['0.00 USD'],NO_TRIGGER,FILLED,NO_CONTINGENCY,,,,MY_GENERIC_ALGO,,O-20260308-231056-001-000-495,,84a487de-7af3-4feb-af51-74b3abcd66f8,2026-03-08 23:10:56.243062289+00:00,2026-03-08 23:10:56.243062289+00:00
BACKTESTER-001,OracleStrategy-000,MESM6.GLBX,GLBX-1-493,MESM6.GLBX-OracleStrategy-000,GLBX-001,GLBX-1-493,MARKET,SELL,1,GTC,False,False,1,TAKER,6678.75,0.0,['0.00 USD'],NO_TRIGGER,FILLED,NO_CONTINGENCY,,,,MY_GENERIC_ALGO,,O-20260308-231056-001-000-496,,a9bbe9d1-0e45-4475-b5bd-eb1215497745,2026-03-08 23:10:56.243062289+00:00,2026-03-08 23:10:56.243062289+00:00
BACKTESTER-001,OracleStrategy-000,MESM6.GLBX,GLBX-1-494,MESM6.GLBX-OracleStrategy-000,GLBX-001,GLBX-1-494,MARKET,BUY,1,GTC,True,False,1,TAKER,6678.75,0.0,['0.00 USD'],NO_TRIGGER,FILLED,NO_CONTINGENCY,,,,MY_GENERIC_ALGO,,O-20260308-231104-001-000-497,,4c82c89b-a8f7-4aa5-abe8-0f99ae559cc2,2026-03-08 23:11:04.065116960+00:00,2026-03-08 23:11:04.065116960+00:00
BACKTESTER-001,OracleStrategy-000,MESM6.GLBX,GLBX-1-495,MESM6.GLBX-OracleStrategy-000,GLBX-001,GLBX-1-495,MARKET,BUY,1,GTC,False,False,1,TAKER,6678.75,0.0,['0.00 USD'],NO_TRIGGER,FILLED,NO_CONTINGENCY,,,,MY_GENERIC_ALGO,,O-20260308-231104-001-000-498,,a0b92c93-e618-421b-8f1b-e7d7c32bb575,2026-03-08 23:11:04.065116960+00:00,2026-03-08 23:11:04.065116960+00:00
BACKTESTER-001,OracleStrategy-000,MESM6.GLBX,GLBX-1-496,MESM6.GLBX-OracleStrategy-000,GLBX-001,GLBX-1-496,MARKET,SELL,1,GTC,True,False,1,TAKER,6681.5,0.0,['0.00 USD'],NO_TRIGGER,FILLED,NO_CONTINGENCY,,,,MY_GENERIC_ALGO,,O-20260308-231138-001-000-499,,f54feb21-6dec-4ab2-94ef-cac5bdd0c6c4,2026-03-08 23:11:38.374888089+00:00,2026-03-08 23:11:38.374888089+00:00
BACKTESTER-001,OracleStrategy-000,MESM6.GLBX,GLBX-1-497,MESM6.GLBX-OracleStrategy-000,GLBX-001,GLBX-1-497,MARKET,SELL,1,GTC,False,False,1,TAKER,6681.5,0.0,['0.00 USD'],NO_TRIGGER,FILLED,NO_CONTINGENCY,,,,MY_GENERIC_ALGO,,O-20260308-231138-001-000-500,,285afe71-9fc8-4eda-94bc-3932a4aebfa2,2026-03-08 23:11:38.374888089+00:00,2026-03-08 23:11:38.374888089+00:00
BACKTESTER-001,OracleStrategy-000,MESM6.GLBX,GLBX-1-498,MESM6.GLBX-OracleStrategy-000,GLBX-001,GLBX-1-498,MARKET,BUY,1,GTC,True,False,1,TAKER,6678.5,0.0,['0.00 USD'],NO_TRIGGER,FILLED,NO_CONTINGENCY,,,,MY_GENERIC_ALGO,,O-20260308-231230-001-000-501,,df74e4e7-7975-4037-bbd5-85f81bd74a37,2026-03-08 23:12:30.086323234+00:00,2026-03-08 23:12:30.086323234+00:00
BACKTESTER-001,OracleStrategy-000,MESM6.GLBX,GLBX-1-499,MESM6.GLBX-OracleStrategy-000,GLBX-001,GLBX-1-499,MARKET,BUY,1,GTC,False,False,1,TAKER,6678.5,0.0,['0.00 USD'],NO_TRIGGER,FILLED,NO_CONTINGENCY,,,,MY_GENERIC_ALGO,,O-20260308-231230-001-000-502,,65595b2f-4381-40f0-ad1b-c2f40452f5fd,2026-03-08 23:12:30.086323234+00:00,2026-03-08 23:12:30.086323234+00:00
BACKTESTER-001,OracleStrategy-000,MESM6.GLBX,GLBX-1-500,MESM6.GLBX-OracleStrategy-000,GLBX-001,GLBX-1-500,MARKET,SELL,1,GTC,True,False,1,TAKER,6679.5,0.0,['0.00 USD'],NO_TRIGGER,FILLED,NO_CONTINGENCY,,,,MY_GENERIC_ALGO,,O-20260308-231303-001-000-503,,8be5615e-b38d-4d8d-a027-f7ef8da33a5f,2026-03-08 23:13:03.746979792+00:00,2026-03-08 23:13:03.746979792+00:00
BACKTESTER-001,OracleStrategy-000,MESM6.GLBX,GLBX-1-501,MESM6.GLBX-OracleStrategy-000,GLBX-001,GLBX-1-501,MARKET,SELL,1,GTC,False,False,1,TAKER,6679.5,0.0,['0.00 USD'],NO_TRIGGER,FILLED,NO_CONTINGENCY,,,,MY_GENERIC_ALGO,,O-20260308-231303-001-000-504,,7ce41038-45b3-40ea-9c05-c6e7aed03e9d,2026-03-08 23:13:03.746979792+00:00,2026-03-08 23:13:03.746979792+00:00
BACKTESTER-001,OracleStrategy-000,MESM6.GLBX,GLBX-1-502,MESM6.GLBX-OracleStrategy-000,GLBX-001,GLBX-1-502,MARKET,BUY,1,GTC,True,False,1,TAKER,6679.75,0.0,['0.00 USD'],NO_TRIGGER,FILLED,NO_CONTINGENCY,,,,MY_GENERIC_ALGO,,O-20260308-231312-001-000-505,,28bf9d0a-ddfe-4d0b-b1d9-338b7aba98ea,2026-03-08 23:13:12.182773728+00:00,2026-03-08 23:13:12.182773728+00:00
BACKTESTER-001,OracleStrategy-000,MESM6.GLBX,GLBX-1-503,MESM6.GLBX-OracleStrategy-000,GLBX-001,GLBX-1-503,MARKET,BUY,1,GTC,False,False,1,TAKER,6679.75,0.0,['0.00 USD'],NO_TRIGGER,FILLED,NO_CONTINGENCY,,,,MY_GENERIC_ALGO,,O-20260308-231312-001-000-506,,8462761e-90cb-4fcc-a0d5-868838b46365,2026-03-08 23:13:12.182773728+00:00,2026-03-08 23:13:12.182773728+00:00
BACKTESTER-001,OracleStrategy-000,MESM6.GLBX,GLBX-1-504,MESM6.GLBX-OracleStrategy-000,GLBX-001,GLBX-1-504,MARKET,SELL,1,GTC,True,False,1,TAKER,6678.0,0.0,['0.00 USD'],NO_TRIGGER,FILLED,NO_CONTINGENCY,,,,MY_GENERIC_ALGO,,O-20260308-231334-001-000-507,,c8d0679c-a45b-435e-8d1c-ab878e190078,2026-03-08 23:13:34.460214245+00:00,2026-03-08 23:13:34.460214245+00:00
BACKTESTER-001,OracleStrategy-000,MESM6.GLBX,GLBX-1-505,MESM6.GLBX-OracleStrategy-000,GLBX-001,GLBX-1-505,MARKET,SELL,1,GTC,False,False,1,TAKER,6678.0,0.0,['0.00 USD'],NO_TRIGGER,FILLED,NO_CONTINGENCY,,,,MY_GENERIC_ALGO,,O-20260308-231334-001-000-508,,0eb32ef4-8f0f-4683-9655-0d6e85915ca1,2026-03-08 23:13:34.460214245+00:00,2026-03-08 23:13:34.460214245+00:00
BACKTESTER-001,OracleStrategy-000,MESM6.GLBX,GLBX-1-506,MESM6.GLBX-OracleStrategy-000,GLBX-001,GLBX-1-506,MARKET,BUY,1,GTC,True,False,1,TAKER,6680.75,0.0,['0.00 USD'],NO_TRIGGER,FILLED,NO_CONTINGENCY,,,,MY_GENERIC_ALGO,,O-20260308-231502-001-000-509,,b61ed3bb-f54f-4f90-ac8d-5bca942ffc8f,2026-03-08 23:15:02.744464301+00:00,2026-03-08 23:15:02.744464301+00:00
BACKTESTER-001,OracleStrategy-000,MESM6.GLBX,GLBX-1-507,MESM6.GLBX-OracleStrategy-000,GLBX-001,GLBX-1-507,MARKET,BUY,1,GTC,False,False,1,TAKER,6680.75,0.0,['0.00 USD'],NO_TRIGGER,FILLED,NO_CONTINGENCY,,,,MY_GENERIC_ALGO,,O-20260308-231502-001-000-510,,d6efc694-d328-4a64-97b7-42b5c9ac0e2d,2026-03-08 23:15:02.744464301+00:00,2026-03-08 23:15:02.744464301+00:00
BACKTESTER-001,OracleStrategy-000,MESM6.GLBX,GLBX-1-508,MESM6.GLBX-OracleStrategy-000,GLBX-001,GLBX-1-508,MARKET,SELL,1,GTC,True,False,1,TAKER,6680.0,0.0,['0.00 USD'],NO_TRIGGER,FILLED,NO_CONTINGENCY,,,,MY_GENERIC_ALGO,,O-20260308-231516-001-000-511,,eccafc76-9a1d-40c0-98de-328b83cbec42,2026-03-08 23:15:16.242294552+00:00,2026-03-08 23:15:16.242294552+00:00
BACKTESTER-001,OracleStrategy-000,MESM6.GLBX,GLBX-1-509,MESM6.GLBX-OracleStrategy-000,GLBX-001,GLBX-1-509,MARKET,SELL,1,GTC,False,False,1,TAKER,6680.0,0.0,['0.00 USD'],NO_TRIGGER,FILLED,NO_CONTINGENCY,,,,MY_GENERIC_ALGO,,O-20260308-231516-001-000-512,,b9fef3af-8c70-4611-914b-817267216790,2026-03-08 23:15:16.242294552+00:00,2026-03-08 23:15:16.242294552+00:00
BACKTESTER-001,OracleStrategy-000,MESM6.GLBX,GLBX-1-510,MESM6.GLBX-OracleStrategy-000,GLBX-001,GLBX-1-510,MARKET,BUY,1,GTC,True,False,1,TAKER,6680.5,0.0,['0.00 USD'],NO_TRIGGER,FILLED,NO_CONTINGENCY,,,,MY_GENERIC_ALGO,,O-20260308-231551-001-000-513,,aa3a89f7-3cf2-415a-bcf3-5a646447d31e,2026-03-08 23:15:51.768551523+00:00,2026-03-08 23:15:51.768551523+00:00
BACKTESTER-001,OracleStrategy-000,MESM6.GLBX,GLBX-1-511,MESM6.GLBX-OracleStrategy-000,GLBX-001,GLBX-1-511,MARKET,BUY,1,GTC,False,False,1,TAKER,6680.5,0.0,['0.00 USD'],NO_TRIGGER,FILLED,NO_CONTINGENCY,,,,MY_GENERIC_ALGO,,O-20260308-231551-001-000-514,,b4944c9b-4a7d-44eb-8652-db96bc4955f0,2026-03-08 23:15:51.768551523+00:00,2026-03-08 23:15:51.768551523+00:00
BACKTESTER-001,OracleStrategy-000,MESM6.GLBX,GLBX-1-512,MESM6.GLBX-OracleStrategy-000,GLBX-001,GLBX-1-512,MARKET,SELL,1,GTC,True,False,1,TAKER,6682.25,0.0,['0.00 USD'],NO_TRIGGER,FILLED,NO_CONTINGENCY,,,,MY_GENERIC_ALGO,,O-20260308-231628-001-000-515,,c4ff0920-8b12-4b4c-9f62-f30edf1cb79d,2026-03-08 23:16:28.854466843+00:00,2026-03-08 23:16:28.854466843+00:00
BACKTESTER-001,OracleStrategy-000,MESM6.GLBX,GLBX-1-513,MESM6.GLBX-OracleStrategy-000,GLBX-001,GLBX-1-513,MARKET,SELL,1,GTC,False,False,1,TAKER,6682.25,0.0,['0.00 USD'],NO_TRIGGER,FILLED,NO_CONTINGENCY,,,,MY_GENERIC_ALGO,,O-20260308-231628-001-000-516,,fe0b6ebd-440b-463d-b244-c9176b40a45d,2026-03-08 23:16:28.854466843+00:00,2026-03-08 23:16:28.854466843+00:00
BACKTESTER-001,OracleStrategy-000,MESM6.GLBX,GLBX-1-514,MESM6.GLBX-OracleStrategy-000,GLBX-001,GLBX-1-514,MARKET,BUY,1,GTC,True,False,1,TAKER,6683.5,0.0,['0.00 USD'],NO_TRIGGER,FILLED,NO_CONTINGENCY,,,,MY_GENERIC_ALGO,,O-20260308-231709-001-000-517,,376f4849-ff24-4719-9051-bf5715cad6f7,2026-03-08 23:17:09.788696936+00:00,2026-03-08 23:17:09.788696936+00:00
BACKTESTER-001,OracleStrategy-000,MESM6.GLBX,GLBX-1-515,MESM6.GLBX-OracleStrategy-000,GLBX-001,GLBX-1-515,MARKET,BUY,1,GTC,False,False,1,TAKER,6683.5,0.0,['0.00 USD'],NO_TRIGGER,FILLED,NO_CONTINGENCY,,,,MY_GENERIC_ALGO,,O-20260308-231709-001-000-518,,0fa1c045-18d9-4fef-a96c-03582f0c2f33,2026-03-08 23:17:09.788696936+00:00,2026-03-08 23:17:09.788696936+00:00
BACKTESTER-001,OracleStrategy-000,MESM6.GLBX,GLBX-1-516,MESM6.GLBX-OracleStrategy-000,GLBX-001,GLBX-1-516,MARKET,SELL,1,GTC,True,False,1,TAKER,6683.75,0.0,['0.00 USD'],NO_TRIGGER,FILLED,NO_CONTINGENCY,,,,MY_GENERIC_ALGO,,O-20260308-231757-001-000-519,,e3609c01-0314-4156-81c4-ff41902bdcdd,2026-03-08 23:17:57.941459973+00:00,2026-03-08 23:17:57.941459973+00:00
BACKTESTER-001,OracleStrategy-000,MESM6.GLBX,GLBX-1-517,MESM6.GLBX-OracleStrategy-000,GLBX-001,GLBX-1-517,MARKET,SELL,1,GTC,False,False,1,TAKER,6683.75,0.0,['0.00 USD'],NO_TRIGGER,FILLED,NO_CONTINGENCY,,,,MY_GENERIC_ALGO,,O-20260308-231757-001-000-520,,cb90905f-f4a1-423d-9add-b2eb7572c82c,2026-03-08 23:17:57.941459973+00:00,2026-03-08 23:17:57.941459973+00:00
BACKTESTER-001,OracleStrategy-000,MESM6.GLBX,GLBX-1-518,MESM6.GLBX-OracleStrategy-000,GLBX-001,GLBX-1-518,MARKET,BUY,1,GTC,True,False,1,TAKER,6684.0,0.0,['0.00 USD'],NO_TRIGGER,FILLED,NO_CONTINGENCY,,,,MY_GENERIC_ALGO,,O-20260308-231800-001-000-521,,ca2339d1-ce7e-4a31-837c-d82e3e870b4f,2026-03-08 23:18:00.053955095+00:00,2026-03-08 23:18:00.053955095+00:00
BACKTESTER-001,OracleStrategy-000,MESM6.GLBX,GLBX-1-519,MESM6.GLBX-OracleStrategy-000,GLBX-001,GLBX-1-519,MARKET,BUY,1,GTC,False,False,1,TAKER,6684.0,0.0,['0.00 USD'],NO_TRIGGER,FILLED,NO_CONTINGENCY,,,,MY_GENERIC_ALGO,,O-20260308-231800-001-000-522,,ebff2f2f-5962-4c47-a073-ebbdeedd7ce9,2026-03-08 23:18:00.053955095+00:00,2026-03-08 23:18:00.053955095+00:00
BACKTESTER-001,OracleStrategy-000,MESM6.GLBX,GLBX-1-520,MESM6.GLBX-OracleStrategy-000,GLBX-001,GLBX-1-520,MARKET,SELL,1,GTC,True,False,1,TAKER,6684.25,0.0,['0.00 USD'],NO_TRIGGER,FILLED,NO_CONTINGENCY,,,,MY_GENERIC_ALGO,,O-20260308-231905-001-000-523,,aeacd62b-1e75-42bc-9c92-a8ef2622d9a2,2026-03-08 23:19:05.514889264+00:00,2026-03-08 23:19:05.514889264+00:00
BACKTESTER-001,OracleStrategy-000,MESM6.GLBX,GLBX-1-521,MESM6.GLBX-OracleStrategy-000,GLBX-001,GLBX-1-521,MARKET,SELL,1,GTC,False,False,1,TAKER,6684.25,0.0,['0.00 USD'],NO_TRIGGER,FILLED,NO_CONTINGENCY,,,,MY_GENERIC_ALGO,,O-20260308-231905-001-000-524,,16dbc673-7944-4067-9082-77ea9c97c7fa,2026-03-08 23:19:05.514889264+00:00,2026-03-08 23:19:05.514889264+00:00
BACKTESTER-001,OracleStrategy-000,MESM6.GLBX,GLBX-1-522,MESM6.GLBX-OracleStrategy-000,GLBX-001,GLBX-1-522,MARKET,BUY,1,GTC,True,False,1,TAKER,6685.0,0.0,['0.00 USD'],NO_TRIGGER,FILLED,NO_CONTINGENCY,,,,MY_GENERIC_ALGO,,O-20260308-231949-001-000-525,,8b92fc27-3205-489f-b5b6-3ab955d20a18,2026-03-08 23:19:49.253008699+00:00,2026-03-08 23:19:49.253008699+00:00
BACKTESTER-001,OracleStrategy-000,MESM6.GLBX,GLBX-1-523,MESM6.GLBX-OracleStrategy-000,GLBX-001,GLBX-1-523,MARKET,BUY,1,GTC,False,False,1,TAKER,6685.0,0.0,['0.00 USD'],NO_TRIGGER,FILLED,NO_CONTINGENCY,,,,MY_GENERIC_ALGO,,O-20260308-231949-001-000-526,,03238032-e471-4a84-93a5-945524d39d26,2026-03-08 23:19:49.253008699+00:00,2026-03-08 23:19:49.253008699+00:00
BACKTESTER-001,OracleStrategy-000,MESM6.GLBX,GLBX-1-524,MESM6.GLBX-OracleStrategy-000,GLBX-001,GLBX-1-524,MARKET,SELL,1,GTC,True,False,1,TAKER,6685.25,0.0,['0.00 USD'],NO_TRIGGER,FILLED,NO_CONTINGENCY,,,,MY_GENERIC_ALGO,,O-20260308-232108-001-000-527,,3155bdbf-7a1e-468b-baca-52c1a8df9eb5,2026-03-08 23:21:08.009104659+00:00,2026-03-08 23:21:08.009104659+00:00
BACKTESTER-001,OracleStrategy-000,MESM6.GLBX,GLBX-1-525,MESM6.GLBX-OracleStrategy-000,GLBX-001,GLBX-1-525,MARKET,SELL,1,GTC,False,False,1,TAKER,6685.25,0.0,['0.00 USD'],NO_TRIGGER,FILLED,NO_CONTINGENCY,,,,MY_GENERIC_ALGO,,O-20260308-232108-001-000-528,,a75f2b2d-0447-4e55-afa9-444c73731263,2026-03-08 23:21:08.009104659+00:00,2026-03-08 23:21:08.009104659+00:00
BACKTESTER-001,OracleStrategy-000,MESM6.GLBX,GLBX-1-526,MESM6.GLBX-OracleStrategy-000,GLBX-001,GLBX-1-526,MARKET,BUY,1,GTC,True,False,1,TAKER,6685.25,0.0,['0.00 USD'],NO_TRIGGER,FILLED,NO_CONTINGENCY,,,,MY_GENERIC_ALGO,,O-20260308-232326-001-000-529,,80a2d193-75f2-423f-a56a-9b991ab6bfad,2026-03-08 23:23:26.527679064+00:00,2026-03-08 23:23:26.527679064+00:00
BACKTESTER-001,OracleStrategy-000,MESM6.GLBX,GLBX-1-527,MESM6.GLBX-OracleStrategy-000,GLBX-001,GLBX-1-527,MARKET,BUY,1,GTC,False,False,1,TAKER,6685.25,0.0,['0.00 USD'],NO_TRIGGER,FILLED,NO_CONTINGENCY,,,,MY_GENERIC_ALGO,,O-20260308-232326-001-000-530,,f4561d5e-d542-41c5-ae63-e2d63f663897,2026-03-08 23:23:26.527679064+00:00,2026-03-08 23:23:26.527679064+00:00
BACKTESTER-001,OracleStrategy-000,MESM6.GLBX,GLBX-1-528,MESM6.GLBX-OracleStrategy-000,GLBX-001,GLBX-1-528,MARKET,SELL,1,GTC,True,False,1,TAKER,6685.25,0.0,['0.00 USD'],NO_TRIGGER,FILLED,NO_CONTINGENCY,,,,MY_GENERIC_ALGO,,O-20260308-232403-001-000-531,,3438f109-570d-4f60-a1c1-c8c1734ea45b,2026-03-08 23:24:03.010174267+00:00,2026-03-08 23:24:03.010174267+00:00
BACKTESTER-001,OracleStrategy-000,MESM6.GLBX,GLBX-1-529,MESM6.GLBX-OracleStrategy-000,GLBX-001,GLBX-1-529,MARKET,SELL,1,GTC,False,False,1,TAKER,6685.25,0.0,['0.00 USD'],NO_TRIGGER,FILLED,NO_CONTINGENCY,,,,MY_GENERIC_ALGO,,O-20260308-232403-001-000-532,,c1923abd-d6e2-4d6f-ba43-e7bb3c5ee247,2026-03-08 23:24:03.010174267+00:00,2026-03-08 23:24:03.010174267+00:00
BACKTESTER-001,OracleStrategy-000,MESM6.GLBX,GLBX-1-530,MESM6.GLBX-OracleStrategy-000,GLBX-001,GLBX-1-530,MARKET,BUY,1,GTC,True,False,1,TAKER,6685.0,0.0,['0.00 USD'],NO_TRIGGER,FILLED,NO_CONTINGENCY,,,,MY_GENERIC_ALGO,,O-20260308-232424-001-000-533,,17999740-b397-48ac-8050-574421cd1cb5,2026-03-08 23:24:24.839189915+00:00,2026-03-08 23:24:24.839189915+00:00
BACKTESTER-001,OracleStrategy-000,MESM6.GLBX,GLBX-1-531,MESM6.GLBX-OracleStrategy-000,GLBX-001,GLBX-1-531,MARKET,BUY,1,GTC,False,False,1,TAKER,6685.0,0.0,['0.00 USD'],NO_TRIGGER,FILLED,NO_CONTINGENCY,,,,MY_GENERIC_ALGO,,O-20260308-232424-001-000-534,,8cb8f353-4c6d-43e9-85ad-172fba30da66,2026-03-08 23:24:24.839189915+00:00,2026-03-08 23:24:24.839189915+00:00
BACKTESTER-001,OracleStrategy-000,MESM6.GLBX,GLBX-1-532,MESM6.GLBX-OracleStrategy-000,GLBX-001,GLBX-1-532,MARKET,SELL,1,GTC,True,False,1,TAKER,6684.0,0.0,['0.00 USD'],NO_TRIGGER,FILLED,NO_CONTINGENCY,,,,MY_GENERIC_ALGO,,O-20260308-232431-001-000-535,,d9d793c7-59f5-423f-bf84-ddb77bcd15f2,2026-03-08 23:24:31.563558706+00:00,2026-03-08 23:24:31.563558706+00:00
BACKTESTER-001,OracleStrategy-000,MESM6.GLBX,GLBX-1-533,MESM6.GLBX-OracleStrategy-000,GLBX-001,GLBX-1-533,MARKET,SELL,1,GTC,False,False,1,TAKER,6684.0,0.0,['0.00 USD'],NO_TRIGGER,FILLED,NO_CONTINGENCY,,,,MY_GENERIC_ALGO,,O-20260308-232431-001-000-536,,4b02db2d-3c13-4fb0-a776-5ee8b281d714,2026-03-08 23:24:31.563558706+00:00,2026-03-08 23:24:31.563558706+00:00
BACKTESTER-001,OracleStrategy-000,MESM6.GLBX,GLBX-1-534,MESM6.GLBX-OracleStrategy-000,GLBX-001,GLBX-1-534,MARKET,BUY,1,GTC,True,False,1,TAKER,6684.0,0.0,['0.00 USD'],NO_TRIGGER,FILLED,NO_CONTINGENCY,,,,MY_GENERIC_ALGO,,O-20260308-232500-001-000-537,,88f35bf7-6a5e-4a62-87ef-19160bccdb7d,2026-03-08 23:25:00.380797693+00:00,2026-03-08 23:25:00.380797693+00:00
BACKTESTER-001,OracleStrategy-000,MESM6.GLBX,GLBX-1-535,MESM6.GLBX-OracleStrategy-000,GLBX-001,GLBX-1-535,MARKET,BUY,1,GTC,False,False,1,TAKER,6684.0,0.0,['0.00 USD'],NO_TRIGGER,FILLED,NO_CONTINGENCY,,,,MY_GENERIC_ALGO,,O-20260308-232500-001-000-538,,baf9628b-da33-4ed6-a780-738919cc6b86,2026-03-08 23:25:00.380797693+00:00,2026-03-08 23:25:00.380797693+00:00
BACKTESTER-001,OracleStrategy-000,MESM6.GLBX,GLBX-1-536,MESM6.GLBX-OracleStrategy-000,GLBX-001,GLBX-1-536,MARKET,SELL,1,GTC,True,False,1,TAKER,6682.0,0.0,['0.00 USD'],NO_TRIGGER,FILLED,NO_CONTINGENCY,,,,MY_GENERIC_ALGO,,O-20260308-232530-001-000-539,,960e72e1-811c-446c-8feb-cc0cecfed5ea,2026-03-08 23:25:30.826558288+00:00,2026-03-08 23:25:30.826558288+00:00
BACKTESTER-001,OracleStrategy-000,MESM6.GLBX,GLBX-1-537,MESM6.GLBX-OracleStrategy-000,GLBX-001,GLBX-1-537,MARKET,SELL,1,GTC,False,False,1,TAKER,6682.0,0.0,['0.00 USD'],NO_TRIGGER,FILLED,NO_CONTINGENCY,,,,MY_GENERIC_ALGO,,O-20260308-232530-001-000-540,,303fd93d-187e-4cd2-bf44-7becaa97d158,2026-03-08 23:25:30.826558288+00:00,2026-03-08 23:25:30.826558288+00:00
BACKTESTER-001,OracleStrategy-000,MESM6.GLBX,GLBX-1-538,MESM6.GLBX-OracleStrategy-000,GLBX-001,GLBX-1-538,MARKET,BUY,1,GTC,True,False,1,TAKER,6683.5,0.0,['0.00 USD'],NO_TRIGGER,FILLED,NO_CONTINGENCY,,,,MY_GENERIC_ALGO,,O-20260308-232608-001-000-541,,3d67d704-96cd-4b98-a775-68ad74e8e7b5,2026-03-08 23:26:08.968035467+00:00,2026-03-08 23:26:08.968035467+00:00
BACKTESTER-001,OracleStrategy-000,MESM6.GLBX,GLBX-1-539,MESM6.GLBX-OracleStrategy-000,GLBX-001,GLBX-1-539,MARKET,BUY,1,GTC,False,False,1,TAKER,6683.5,0.0,['0.00 USD'],NO_TRIGGER,FILLED,NO_CONTINGENCY,,,,MY_GENERIC_ALGO,,O-20260308-232608-001-000-542,,fb801b8f-1df4-4c13-b088-614f0cacaaa1,2026-03-08 23:26:08.968035467+00:00,2026-03-08 23:26:08.968035467+00:00
BACKTESTER-001,OracleStrategy-000,MESM6.GLBX,GLBX-1-540,MESM6.GLBX-OracleStrategy-000,GLBX-001,GLBX-1-540,MARKET,SELL,1,GTC,True,False,1,TAKER,6683.0,0.0,['0.00 USD'],NO_TRIGGER,FILLED,NO_CONTINGENCY,,,,MY_GENERIC_ALGO,,O-20260308-232619-001-000-543,,2b5bf52e-1888-48fb-ad98-89c150da3d5a,2026-03-08 23:26:19.918149527+00:00,2026-03-08 23:26:19.918149527+00:00
BACKTESTER-001,OracleStrategy-000,MESM6.GLBX,GLBX-1-541,MESM6.GLBX-OracleStrategy-000,GLBX-001,GLBX-1-541,MARKET,SELL,1,GTC,False,False,1,TAKER,6683.0,0.0,['0.00 USD'],NO_TRIGGER,FILLED,NO_CONTINGENCY,,,,MY_GENERIC_ALGO,,O-20260308-232619-001-000-544,,9435c0f7-78ee-41e3-9965-f127ab772a5a,2026-03-08 23:26:19.918149527+00:00,2026-03-08 23:26:19.918149527+00:00
BACKTESTER-001,OracleStrategy-000,MESM6.GLBX,GLBX-1-542,MESM6.GLBX-OracleStrategy-000,GLBX-001,GLBX-1-542,MARKET,BUY,1,GTC,True,False,1,TAKER,6683.25,0.0,['0.00 USD'],NO_TRIGGER,FILLED,NO_CONTINGENCY,,,,MY_GENERIC_ALGO,,O-20260308-232653-001-000-545,,d8b3f355-137c-4b6a-a8d1-93a6f8821a8f,2026-03-08 23:26:53.635605947+00:00,2026-03-08 23:26:53.635605947+00:00
BACKTESTER-001,OracleStrategy-000,MESM6.GLBX,GLBX-1-543,MESM6.GLBX-OracleStrategy-000,GLBX-001,GLBX-1-543,MARKET,BUY,1,GTC,False,False,1,TAKER,6683.25,0.0,['0.00 USD'],NO_TRIGGER,FILLED,NO_CONTINGENCY,,,,MY_GENERIC_ALGO,,O-20260308-232653-001-000-546,,88b8b66c-9705-44e2-a5a3-e9cf37c38a33,2026-03-08 23:26:53.635605947+00:00,2026-03-08 23:26:53.635605947+00:00
BACKTESTER-001,OracleStrategy-000,MESM6.GLBX,GLBX-1-544,MESM6.GLBX-OracleStrategy-000,GLBX-001,GLBX-1-544,MARKET,SELL,1,GTC,True,False,1,TAKER,6682.5,0.0,['0.00 USD'],NO_TRIGGER,FILLED,NO_CONTINGENCY,,,,MY_GENERIC_ALGO,,O-20260308-232701-001-000-547,,e237b5f8-c5cb-409f-9514-f242050b4dfc,2026-03-08 23:27:01.111527631+00:00,2026-03-08 23:27:01.111527631+00:00
BACKTESTER-001,OracleStrategy-000,MESM6.GLBX,GLBX-1-545,MESM6.GLBX-OracleStrategy-000,GLBX-001,GLBX-1-545,MARKET,SELL,1,GTC,False,False,1,TAKER,6682.5,0.0,['0.00 USD'],NO_TRIGGER,FILLED,NO_CONTINGENCY,,,,MY_GENERIC_ALGO,,O-20260308-232701-001-000-548,,d865459b-dd14-4507-b83a-3dc25562a7c0,2026-03-08 23:27:01.111527631+00:00,2026-03-08 23:27:01.111527631+00:00
BACKTESTER-001,OracleStrategy-000,MESM6.GLBX,GLBX-1-546,MESM6.GLBX-OracleStrategy-000,GLBX-001,GLBX-1-546,MARKET,BUY,1,GTC,True,False,1,TAKER,6681.0,0.0,['0.00 USD'],NO_TRIGGER,FILLED,NO_CONTINGENCY,,,,MY_GENERIC_ALGO,,O-20260308-232747-001-000-549,,12dc0658-8afd-4c01-98df-98d71201761d,2026-03-08 23:27:47.260663013+00:00,2026-03-08 23:27:47.260663013+00:00
BACKTESTER-001,OracleStrategy-000,MESM6.GLBX,GLBX-1-547,MESM6.GLBX-OracleStrategy-000,GLBX-001,GLBX-1-547,MARKET,BUY,1,GTC,False,False,1,TAKER,6681.0,0.0,['0.00 USD'],NO_TRIGGER,FILLED,NO_CONTINGENCY,,,,MY_GENERIC_ALGO,,O-20260308-232747-001-000-550,,9de9e96c-a0b4-4b78-9040-3e24f0fc1737,2026-03-08 23:27:47.260663013+00:00,2026-03-08 23:27:47.260663013+00:00
BACKTESTER-001,OracleStrategy-000,MESM6.GLBX,GLBX-1-548,MESM6.GLBX-OracleStrategy-000,GLBX-001,GLBX-1-548,MARKET,SELL,1,GTC,True,False,1,TAKER,6684.25,0.0,['0.00 USD'],NO_TRIGGER,FILLED,NO_CONTINGENCY,,,,MY_GENERIC_ALGO,,O-20260308-233003-001-000-551,,13459152-b870-482f-bdd6-2f24b359de04,2026-03-08 23:30:03.429852127+00:00,2026-03-08 23:30:03.429852127+00:00
BACKTESTER-001,OracleStrategy-000,MESM6.GLBX,GLBX-1-549,MESM6.GLBX-OracleStrategy-000,GLBX-001,GLBX-1-549,MARKET,SELL,1,GTC,False,False,1,TAKER,6684.25,0.0,['0.00 USD'],NO_TRIGGER,FILLED,NO_CONTINGENCY,,,,MY_GENERIC_ALGO,,O-20260308-233003-001-000-552,,1ce40525-5a9d-4ccf-9754-b725fa798f74,2026-03-08 23:30:03.429852127+00:00,2026-03-08 23:30:03.429852127+00:00
BACKTESTER-001,OracleStrategy-000,MESM6.GLBX,GLBX-1-550,MESM6.GLBX-OracleStrategy-000,GLBX-001,GLBX-1-550,MARKET,BUY,1,GTC,True,False,1,TAKER,6683.25,0.0,['0.00 USD'],NO_TRIGGER,FILLED,NO_CONTINGENCY,,,,MY_GENERIC_ALGO,,O-20260308-233031-001-000-553,,ac13528e-c1a2-4d07-a624-d72b6d8ed167,2026-03-08 23:30:31.092544043+00:00,2026-03-08 23:30:31.092544043+00:00
BACKTESTER-001,OracleStrategy-000,MESM6.GLBX,GLBX-1-551,MESM6.GLBX-OracleStrategy-000,GLBX-001,GLBX-1-551,MARKET,BUY,1,GTC,False,False,1,TAKER,6683.25,0.0,['0.00 USD'],NO_TRIGGER,FILLED,NO_CONTINGENCY,,,,MY_GENERIC_ALGO,,O-20260308-233031-001-000-554,,1d8975ef-3833-4819-aea7-1453048cfe48,2026-03-08 23:30:31.092544043+00:00,2026-03-08 23:30:31.092544043+00:00
BACKTESTER-001,OracleStrategy-000,MESM6.GLBX,GLBX-1-552,MESM6.GLBX-OracleStrategy-000,GLBX-001,GLBX-1-552,MARKET,SELL,1,GTC,True,False,1,TAKER,6683.0,0.0,['0.00 USD'],NO_TRIGGER,FILLED,NO_CONTINGENCY,,,,MY_GENERIC_ALGO,,O-20260308-233147-001-000-555,,acfef777-f2c2-4f35-9199-4f1399867dd7,2026-03-08 23:31:47.705700951+00:00,2026-03-08 23:31:47.705700951+00:00
BACKTESTER-001,OracleStrategy-000,MESM6.GLBX,GLBX-1-553,MESM6.GLBX-OracleStrategy-000,GLBX-001,GLBX-1-553,MARKET,SELL,1,GTC,False,False,1,TAKER,6683.0,0.0,['0.00 USD'],NO_TRIGGER,FILLED,NO_CONTINGENCY,,,,MY_GENERIC_ALGO,,O-20260308-233147-001-000-556,,c4e20bfa-1b09-42e1-99af-197a5c4f5990,2026-03-08 23:31:47.705700951+00:00,2026-03-08 23:31:47.705700951+00:00
BACKTESTER-001,OracleStrategy-000,MESM6.GLBX,GLBX-1-554,MESM6.GLBX-OracleStrategy-000,GLBX-001,GLBX-1-554,MARKET,BUY,1,GTC,True,False,1,TAKER,6683.25,0.0,['0.00 USD'],NO_TRIGGER,FILLED,NO_CONTINGENCY,,,,MY_GENERIC_ALGO,,O-20260308-233149-001-000-557,,22c805b2-3cf9-4940-b6d7-6d46e8593b57,2026-03-08 23:31:49.709694504+00:00,2026-03-08 23:31:49.709694504+00:00
BACKTESTER-001,OracleStrategy-000,MESM6.GLBX,GLBX-1-555,MESM6.GLBX-OracleStrategy-000,GLBX-001,GLBX-1-555,MARKET,BUY,1,GTC,False,False,1,TAKER,6683.25,0.0,['0.00 USD'],NO_TRIGGER,FILLED,NO_CONTINGENCY,,,,MY_GENERIC_ALGO,,O-20260308-233149-001-000-558,,901991b4-9613-4784-a199-7b24a94df137,2026-03-08 23:31:49.709694504+00:00,2026-03-08 23:31:49.709694504+00:00
BACKTESTER-001,OracleStrategy-000,MESM6.GLBX,GLBX-1-556,MESM6.GLBX-OracleStrategy-000,GLBX-001,GLBX-1-556,MARKET,SELL,1,GTC,True,False,1,TAKER,6683.75,0.0,['0.00 USD'],NO_TRIGGER,FILLED,NO_CONTINGENCY,,,,MY_GENERIC_ALGO,,O-20260308-233209-001-000-559,,2c8e8b3c-085c-44d2-82fe-80305698960e,2026-03-08 23:32:09.587186030+00:00,2026-03-08 23:32:09.587186030+00:00
BACKTESTER-001,OracleStrategy-000,MESM6.GLBX,GLBX-1-557,MESM6.GLBX-OracleStrategy-000,GLBX-001,GLBX-1-557,MARKET,SELL,1,GTC,False,False,1,TAKER,6683.75,0.0,['0.00 USD'],NO_TRIGGER,FILLED,NO_CONTINGENCY,,,,MY_GENERIC_ALGO,,O-20260308-233209-001-000-560,,db11a283-2325-40d4-b6e2-6beeacf6a662,2026-03-08 23:32:09.587186030+00:00,2026-03-08 23:32:09.587186030+00:00
BACKTESTER-001,OracleStrategy-000,MESM6.GLBX,GLBX-1-558,MESM6.GLBX-OracleStrategy-000,GLBX-001,GLBX-1-558,MARKET,BUY,1,GTC,True,False,1,TAKER,6681.0,0.0,['0.00 USD'],NO_TRIGGER,FILLED,NO_CONTINGENCY,,,,MY_GENERIC_ALGO,,O-20260308-233230-001-000-561,,e332e865-332e-4644-a2d4-9fd9465a2ce1,2026-03-08 23:32:30.712196592+00:00,2026-03-08 23:32:30.712196592+00:00
BACKTESTER-001,OracleStrategy-000,MESM6.GLBX,GLBX-1-559,MESM6.GLBX-OracleStrategy-000,GLBX-001,GLBX-1-559,MARKET,BUY,1,GTC,False,False,1,TAKER,6681.0,0.0,['0.00 USD'],NO_TRIGGER,FILLED,NO_CONTINGENCY,,,,MY_GENERIC_ALGO,,O-20260308-233230-001-000-562,,08a21595-5a2f-4ef0-81e4-ce9b08880b88,2026-03-08 23:32:30.712196592+00:00,2026-03-08 23:32:30.712196592+00:00
BACKTESTER-001,OracleStrategy-000,MESM6.GLBX,GLBX-1-560,MESM6.GLBX-OracleStrategy-000,GLBX-001,GLBX-1-560,MARKET,SELL,1,GTC,True,False,1,TAKER,6678.0,0.0,['0.00 USD'],NO_TRIGGER,FILLED,NO_CONTINGENCY,,,,MY_GENERIC_ALGO,,O-20260308-233303-001-000-563,,ab86e84f-1f6e-4a27-a635-3de0685af22d,2026-03-08 23:33:03.772219117+00:00,2026-03-08 23:33:03.772219117+00:00
BACKTESTER-001,OracleStrategy-000,MESM6.GLBX,GLBX-1-561,MESM6.GLBX-OracleStrategy-000,GLBX-001,GLBX-1-561,MARKET,SELL,1,GTC,False,False,1,TAKER,6678.0,0.0,['0.00 USD'],NO_TRIGGER,FILLED,NO_CONTINGENCY,,,,MY_GENERIC_ALGO,,O-20260308-233303-001-000-564,,2c18c23a-eade-49a0-ad73-79faf24a1474,2026-03-08 23:33:03.772219117+00:00,2026-03-08 23:33:03.772219117+00:00
BACKTESTER-001,OracleStrategy-000,MESM6.GLBX,GLBX-1-562,MESM6.GLBX-OracleStrategy-000,GLBX-001,GLBX-1-562,MARKET,BUY,1,GTC,True,False,1,TAKER,6678.25,0.0,['0.00 USD'],NO_TRIGGER,FILLED,NO_CONTINGENCY,,,,MY_GENERIC_ALGO,,O-20260308-233306-001-000-565,,86044ec9-409e-4038-8ede-6d706494425f,2026-03-08 23:33:06.852330306+00:00,2026-03-08 23:33:06.852330306+00:00
BACKTESTER-001,OracleStrategy-000,MESM6.GLBX,GLBX-1-563,MESM6.GLBX-OracleStrategy-000,GLBX-001,GLBX-1-563,MARKET,BUY,1,GTC,False,False,1,TAKER,6678.25,0.0,['0.00 USD'],NO_TRIGGER,FILLED,NO_CONTINGENCY,,,,MY_GENERIC_ALGO,,O-20260308-233306-001-000-566,,250053b6-b500-41b4-a2fe-fc9c35f9f5bf,2026-03-08 23:33:06.852330306+00:00,2026-03-08 23:33:06.852330306+00:00
BACKTESTER-001,OracleStrategy-000,MESM6.GLBX,GLBX-1-564,MESM6.GLBX-OracleStrategy-000,GLBX-001,GLBX-1-564,MARKET,SELL,1,GTC,True,False,1,TAKER,6679.5,0.0,['0.00 USD'],NO_TRIGGER,FILLED,NO_CONTINGENCY,,,,MY_GENERIC_ALGO,,O-20260308-233318-001-000-567,,dd0ad09b-d409-4baa-a31d-4151b4c6ea08,2026-03-08 23:33:18.482379288+00:00,2026-03-08 23:33:18.482379288+00:00
BACKTESTER-001,OracleStrategy-000,MESM6.GLBX,GLBX-1-565,MESM6.GLBX-OracleStrategy-000,GLBX-001,GLBX-1-565,MARKET,SELL,1,GTC,False,False,1,TAKER,6679.5,0.0,['0.00 USD'],NO_TRIGGER,FILLED,NO_CONTINGENCY,,,,MY_GENERIC_ALGO,,O-20260308-233318-001-000-568,,9f6f191d-0c6c-4d1d-8b5a-b6f604562c3c,2026-03-08 23:33:18.482379288+00:00,2026-03-08 23:33:18.482379288+00:00
BACKTESTER-001,OracleStrategy-000,MESM6.GLBX,GLBX-1-566,MESM6.GLBX-OracleStrategy-000,GLBX-001,GLBX-1-566,MARKET,BUY,1,GTC,True,False,1,TAKER,6678.25,0.0,['0.00 USD'],NO_TRIGGER,FILLED,NO_CONTINGENCY,,,,MY_GENERIC_ALGO,,O-20260308-233339-001-000-569,,5d99e0aa-fc4f-4521-a9fe-c56fb5c15e9e,2026-03-08 23:33:39.031982574+00:00,2026-03-08 23:33:39.031982574+00:00
BACKTESTER-001,OracleStrategy-000,MESM6.GLBX,GLBX-1-567,MESM6.GLBX-OracleStrategy-000,GLBX-001,GLBX-1-567,MARKET,BUY,1,GTC,False,False,1,TAKER,6678.25,0.0,['0.00 USD'],NO_TRIGGER,FILLED,NO_CONTINGENCY,,,,MY_GENERIC_ALGO,,O-20260308-233339-001-000-570,,509f7b3d-cb0c-458d-b957-0a8e28de2ea5,2026-03-08 23:33:39.031982574+00:00,2026-03-08 23:33:39.031982574+00:00
BACKTESTER-001,OracleStrategy-000,MESM6.GLBX,GLBX-1-568,MESM6.GLBX-OracleStrategy-000,GLBX-001,GLBX-1-568,MARKET,SELL,1,GTC,True,False,1,TAKER,6679.75,0.0,['0.00 USD'],NO_TRIGGER,FILLED,NO_CONTINGENCY,,,,MY_GENERIC_ALGO,,O-20260308-233427-001-000-571,,712f7de7-abd7-4c1d-b99a-24d6b4a4f392,2026-03-08 23:34:27.754573883+00:00,2026-03-08 23:34:27.754573883+00:00
BACKTESTER-001,OracleStrategy-000,MESM6.GLBX,GLBX-1-569,MESM6.GLBX-OracleStrategy-000,GLBX-001,GLBX-1-569,MARKET,SELL,1,GTC,False,False,1,TAKER,6679.75,0.0,['0.00 USD'],NO_TRIGGER,FILLED,NO_CONTINGENCY,,,,MY_GENERIC_ALGO,,O-20260308-233427-001-000-572,,19fef8eb-c3ce-403e-8869-5f1b9d559bb5,2026-03-08 23:34:27.754573883+00:00,2026-03-08 23:34:27.754573883+00:00
BACKTESTER-001,OracleStrategy-000,MESM6.GLBX,GLBX-1-570,MESM6.GLBX-OracleStrategy-000,GLBX-001,GLBX-1-570,MARKET,BUY,1,GTC,True,False,1,TAKER,6679.25,0.0,['0.00 USD'],NO_TRIGGER,FILLED,NO_CONTINGENCY,,,,MY_GENERIC_ALGO,,O-20260308-233532-001-000-573,,8dc3520e-3130-4b2c-b8e9-a53f17f4a9a9,2026-03-08 23:35:32.665604360+00:00,2026-03-08 23:35:32.665604360+00:00
BACKTESTER-001,OracleStrategy-000,MESM6.GLBX,GLBX-1-571,MESM6.GLBX-OracleStrategy-000,GLBX-001,GLBX-1-571,MARKET,BUY,1,GTC,False,False,1,TAKER,6679.25,0.0,['0.00 USD'],NO_TRIGGER,FILLED,NO_CONTINGENCY,,,,MY_GENERIC_ALGO,,O-20260308-233532-001-000-574,,6164f559-ddcc-48be-a08e-2e8e41c6fb49,2026-03-08 23:35:32.665604360+00:00,2026-03-08 23:35:32.665604360+00:00
BACKTESTER-001,OracleStrategy-000,MESM6.GLBX,GLBX-1-572,MESM6.GLBX-OracleStrategy-000,GLBX-001,GLBX-1-572,MARKET,SELL,1,GTC,True,False,1,TAKER,6679.25,0.0,['0.00 USD'],NO_TRIGGER,FILLED,NO_CONTINGENCY,,,,MY_GENERIC_ALGO,,O-20260308-233547-001-000-575,,9d232c7c-6608-4822-aef0-0a4bb36ad5e4,2026-03-08 23:35:47.877457050+00:00,2026-03-08 23:35:47.877457050+00:00
BACKTESTER-001,OracleStrategy-000,MESM6.GLBX,GLBX-1-573,MESM6.GLBX-OracleStrategy-000,GLBX-001,GLBX-1-573,MARKET,SELL,1,GTC,False,False,1,TAKER,6679.25,0.0,['0.00 USD'],NO_TRIGGER,FILLED,NO_CONTINGENCY,,,,MY_GENERIC_ALGO,,O-20260308-233547-001-000-576,,cd55cf52-efea-4ef7-9144-eda190e9e51b,2026-03-08 23:35:47.877457050+00:00,2026-03-08 23:35:47.877457050+00:00
BACKTESTER-001,OracleStrategy-000,MESM6.GLBX,GLBX-1-574,MESM6.GLBX-OracleStrategy-000,GLBX-001,GLBX-1-574,MARKET,BUY,1,GTC,True,False,1,TAKER,6680.0,0.0,['0.00 USD'],NO_TRIGGER,FILLED,NO_CONTINGENCY,,,,MY_GENERIC_ALGO,,O-20260308-233558-001-000-577,,e7371c60-b6ba-4362-83d4-112293d26f1c,2026-03-08 23:35:58.396706769+00:00,2026-03-08 23:35:58.396706769+00:00
BACKTESTER-001,OracleStrategy-000,MESM6.GLBX,GLBX-1-575,MESM6.GLBX-OracleStrategy-000,GLBX-001,GLBX-1-575,MARKET,BUY,1,GTC,False,False,1,TAKER,6680.0,0.0,['0.00 USD'],NO_TRIGGER,FILLED,NO_CONTINGENCY,,,,MY_GENERIC_ALGO,,O-20260308-233558-001-000-578,,eca23b2c-a64a-498d-8179-c9b37820507a,2026-03-08 23:35:58.396706769+00:00,2026-03-08 23:35:58.396706769+00:00
BACKTESTER-001,OracleStrategy-000,MESM6.GLBX,GLBX-1-576,MESM6.GLBX-OracleStrategy-000,GLBX-001,GLBX-1-576,MARKET,SELL,1,GTC,True,False,1,TAKER,6679.75,0.0,['0.00 USD'],NO_TRIGGER,FILLED,NO_CONTINGENCY,,,,MY_GENERIC_ALGO,,O-20260308-233622-001-000-579,,79a6edef-6457-4ce3-8960-e36631594b7c,2026-03-08 23:36:22.057157656+00:00,2026-03-08 23:36:22.057157656+00:00
BACKTESTER-001,OracleStrategy-000,MESM6.GLBX,GLBX-1-577,MESM6.GLBX-OracleStrategy-000,GLBX-001,GLBX-1-577,MARKET,SELL,1,GTC,False,False,1,TAKER,6679.75,0.0,['0.00 USD'],NO_TRIGGER,FILLED,NO_CONTINGENCY,,,,MY_GENERIC_ALGO,,O-20260308-233622-001-000-580,,4ca06224-0ec1-430a-ab07-aee5def79991,2026-03-08 23:36:22.057157656+00:00,2026-03-08 23:36:22.057157656+00:00
BACKTESTER-001,OracleStrategy-000,MESM6.GLBX,GLBX-1-578,MESM6.GLBX-OracleStrategy-000,GLBX-001,GLBX-1-578,MARKET,BUY,1,GTC,True,False,1,TAKER,6679.75,0.0,['0.00 USD'],NO_TRIGGER,FILLED,NO_CONTINGENCY,,,,MY_GENERIC_ALGO,,O-20260308-233641-001-000-581,,a6ede75c-b6bf-48da-bef4-3e9837f3f2ed,2026-03-08 23:36:41.032910407+00:00,2026-03-08 23:36:41.032910407+00:00
BACKTESTER-001,OracleStrategy-000,MESM6.GLBX,GLBX-1-579,MESM6.GLBX-OracleStrategy-000,GLBX-001,GLBX-1-579,MARKET,BUY,1,GTC,False,False,1,TAKER,6679.75,0.0,['0.00 USD'],NO_TRIGGER,FILLED,NO_CONTINGENCY,,,,MY_GENERIC_ALGO,,O-20260308-233641-001-000-582,,a791aa3c-9e47-41ac-b977-8491c1798e30,2026-03-08 23:36:41.032910407+00:00,2026-03-08 23:36:41.032910407+00:00
BACKTESTER-001,OracleStrategy-000,MESM6.GLBX,GLBX-1-580,MESM6.GLBX-OracleStrategy-000,GLBX-001,GLBX-1-580,MARKET,SELL,1,GTC,True,False,1,TAKER,6679.75,0.0,['0.00 USD'],NO_TRIGGER,FILLED,NO_CONTINGENCY,,,,MY_GENERIC_ALGO,,O-20260308-233656-001-000-583,,ff6e0072-760b-4534-8535-463082f870aa,2026-03-08 23:36:56.209360971+00:00,2026-03-08 23:36:56.209360971+00:00
BACKTESTER-001,OracleStrategy-000,MESM6.GLBX,GLBX-1-581,MESM6.GLBX-OracleStrategy-000,GLBX-001,GLBX-1-581,MARKET,SELL,1,GTC,False,False,1,TAKER,6679.75,0.0,['0.00 USD'],NO_TRIGGER,FILLED,NO_CONTINGENCY,,,,MY_GENERIC_ALGO,,O-20260308-233656-001-000-584,,b4b07f30-03a7-426f-8981-8e44614bfe9b,2026-03-08 23:36:56.209360971+00:00,2026-03-08 23:36:56.209360971+00:00
BACKTESTER-001,OracleStrategy-000,MESM6.GLBX,GLBX-1-582,MESM6.GLBX-OracleStrategy-000,GLBX-001,GLBX-1-582,MARKET,BUY,1,GTC,True,False,1,TAKER,6680.0,0.0,['0.00 USD'],NO_TRIGGER,FILLED,NO_CONTINGENCY,,,,MY_GENERIC_ALGO,,O-20260308-233704-001-000-585,,b8b69198-40ad-4871-a358-0915fd24fb4c,2026-03-08 23:37:04.742350942+00:00,2026-03-08 23:37:04.742350942+00:00
BACKTESTER-001,OracleStrategy-000,MESM6.GLBX,GLBX-1-583,MESM6.GLBX-OracleStrategy-000,GLBX-001,GLBX-1-583,MARKET,BUY,1,GTC,False,False,1,TAKER,6680.0,0.0,['0.00 USD'],NO_TRIGGER,FILLED,NO_CONTINGENCY,,,,MY_GENERIC_ALGO,,O-20260308-233704-001-000-586,,a7094709-1ba5-4437-a631-fd34d7d6e4fe,2026-03-08 23:37:04.742350942+00:00,2026-03-08 23:37:04.742350942+00:00
BACKTESTER-001,OracleStrategy-000,MESM6.GLBX,GLBX-1-584,MESM6.GLBX-OracleStrategy-000,GLBX-001,GLBX-1-584,MARKET,SELL,1,GTC,True,False,1,TAKER,6678.5,0.0,['0.00 USD'],NO_TRIGGER,FILLED,NO_CONTINGENCY,,,,MY_GENERIC_ALGO,,O-20260308-233721-001-000-587,,ae3453e0-2973-4801-8620-f45f0e3108c0,2026-03-08 23:37:21.532125559+00:00,2026-03-08 23:37:21.532125559+00:00
BACKTESTER-001,OracleStrategy-000,MESM6.GLBX,GLBX-1-585,MESM6.GLBX-OracleStrategy-000,GLBX-001,GLBX-1-585,MARKET,SELL,1,GTC,False,False,1,TAKER,6678.5,0.0,['0.00 USD'],NO_TRIGGER,FILLED,NO_CONTINGENCY,,,,MY_GENERIC_ALGO,,O-20260308-233721-001-000-588,,bf82656b-6cca-447d-bb65-98e91e3dfa4b,2026-03-08 23:37:21.532125559+00:00,2026-03-08 23:37:21.532125559+00:00
BACKTESTER-001,OracleStrategy-000,MESM6.GLBX,GLBX-1-586,MESM6.GLBX-OracleStrategy-000,GLBX-001,GLBX-1-586,MARKET,BUY,1,GTC,True,False,1,TAKER,6679.0,0.0,['0.00 USD'],NO_TRIGGER,FILLED,NO_CONTINGENCY,,,,MY_GENERIC_ALGO,,O-20260308-233739-001-000-589,,e2a5c408-841d-4743-9d28-d44f155f598e,2026-03-08 23:37:39.242199235+00:00,2026-03-08 23:37:39.242199235+00:00
BACKTESTER-001,OracleStrategy-000,MESM6.GLBX,GLBX-1-587,MESM6.GLBX-OracleStrategy-000,GLBX-001,GLBX-1-587,MARKET,BUY,1,GTC,False,False,1,TAKER,6679.0,0.0,['0.00 USD'],NO_TRIGGER,FILLED,NO_CONTINGENCY,,,,MY_GENERIC_ALGO,,O-20260308-233739-001-000-590,,3c160187-0070-411e-a6cb-72adb5ae0dc0,2026-03-08 23:37:39.242199235+00:00,2026-03-08 23:37:39.242199235+00:00
BACKTESTER-001,OracleStrategy-000,MESM6.GLBX,GLBX-1-588,MESM6.GLBX-OracleStrategy-000,GLBX-001,GLBX-1-588,MARKET,SELL,1,GTC,True,False,1,TAKER,6678.25,0.0,['0.00 USD'],NO_TRIGGER,FILLED,NO_CONTINGENCY,,,,MY_GENERIC_ALGO,,O-20260308-233753-001-000-591,,24f1c32b-58aa-46bc-930c-f4c864bf0938,2026-03-08 23:37:53.472714229+00:00,2026-03-08 23:37:53.472714229+00:00
BACKTESTER-001,OracleStrategy-000,MESM6.GLBX,GLBX-1-589,MESM6.GLBX-OracleStrategy-000,GLBX-001,GLBX-1-589,MARKET,SELL,1,GTC,False,False,1,TAKER,6678.25,0.0,['0.00 USD'],NO_TRIGGER,FILLED,NO_CONTINGENCY,,,,MY_GENERIC_ALGO,,O-20260308-233753-001-000-592,,1b209063-51ee-44b5-b6a8-356fcc8e078b,2026-03-08 23:37:53.472714229+00:00,2026-03-08 23:37:53.472714229+00:00
BACKTESTER-001,OracleStrategy-000,MESM6.GLBX,GLBX-1-590,MESM6.GLBX-OracleStrategy-000,GLBX-001,GLBX-1-590,MARKET,BUY,1,GTC,True,False,1,TAKER,6674.75,0.0,['0.00 USD'],NO_TRIGGER,FILLED,NO_CONTINGENCY,,,,MY_GENERIC_ALGO,,O-20260308-233825-001-000-593,,36f32c49-39e0-4df1-9d4e-d27c849ef415,2026-03-08 23:38:25.646937082+00:00,2026-03-08 23:38:25.646937082+00:00
BACKTESTER-001,OracleStrategy-000,MESM6.GLBX,GLBX-1-591,MESM6.GLBX-OracleStrategy-000,GLBX-001,GLBX-1-591,MARKET,BUY,1,GTC,False,False,1,TAKER,6674.75,0.0,['0.00 USD'],NO_TRIGGER,FILLED,NO_CONTINGENCY,,,,MY_GENERIC_ALGO,,O-20260308-233825-001-000-594,,4ec250cc-0c80-48b9-9996-1b6a3bd2a31d,2026-03-08 23:38:25.646937082+00:00,2026-03-08 23:38:25.646937082+00:00
BACKTESTER-001,OracleStrategy-000,MESM6.GLBX,GLBX-1-592,MESM6.GLBX-OracleStrategy-000,GLBX-001,GLBX-1-592,MARKET,SELL,1,GTC,True,False,1,TAKER,6677.5,0.0,['0.00 USD'],NO_TRIGGER,FILLED,NO_CONTINGENCY,,,,MY_GENERIC_ALGO,,O-20260308-233830-001-000-595,,27fa3b55-e381-40b4-9ba8-72819e01cc1d,2026-03-08 23:38:30.489925352+00:00,2026-03-08 23:38:30.489925352+00:00
BACKTESTER-001,OracleStrategy-000,MESM6.GLBX,GLBX-1-593,MESM6.GLBX-OracleStrategy-000,GLBX-001,GLBX-1-593,MARKET,SELL,1,GTC,False,False,1,TAKER,6677.5,0.0,['0.00 USD'],NO_TRIGGER,FILLED,NO_CONTINGENCY,,,,MY_GENERIC_ALGO,,O-20260308-233830-001-000-596,,8a4a94e7-1e08-48a4-ba87-efb4eb53b018,2026-03-08 23:38:30.489925352+00:00,2026-03-08 23:38:30.489925352+00:00
BACKTESTER-001,OracleStrategy-000,MESM6.GLBX,GLBX-1-594,MESM6.GLBX-OracleStrategy-000,GLBX-001,GLBX-1-594,MARKET,BUY,1,GTC,True,False,1,TAKER,6674.0,0.0,['0.00 USD'],NO_TRIGGER,FILLED,NO_CONTINGENCY,,,,MY_GENERIC_ALGO,,O-20260308-233930-001-000-597,,24020a1b-901b-45ee-b157-66ba81b9568e,2026-03-08 23:39:30.987523055+00:00,2026-03-08 23:39:30.987523055+00:00
BACKTESTER-001,OracleStrategy-000,MESM6.GLBX,GLBX-1-595,MESM6.GLBX-OracleStrategy-000,GLBX-001,GLBX-1-595,MARKET,BUY,1,GTC,False,False,1,TAKER,6674.0,0.0,['0.00 USD'],NO_TRIGGER,FILLED,NO_CONTINGENCY,,,,MY_GENERIC_ALGO,,O-20260308-233930-001-000-598,,a23c2f57-73b6-4af5-abb5-80c5456d4513,2026-03-08 23:39:30.987523055+00:00,2026-03-08 23:39:30.987523055+00:00
BACKTESTER-001,OracleStrategy-000,MESM6.GLBX,GLBX-1-596,MESM6.GLBX-OracleStrategy-000,GLBX-001,GLBX-1-596,MARKET,SELL,1,GTC,True,False,1,TAKER,6675.25,0.0,['0.00 USD'],NO_TRIGGER,FILLED,NO_CONTINGENCY,,,,MY_GENERIC_ALGO,,O-20260308-234001-001-000-599,,636db0fb-2da1-47e0-b2ff-4a4a242fe2c1,2026-03-08 23:40:01.972845415+00:00,2026-03-08 23:40:01.972845415+00:00
BACKTESTER-001,OracleStrategy-000,MESM6.GLBX,GLBX-1-597,MESM6.GLBX-OracleStrategy-000,GLBX-001,GLBX-1-597,MARKET,SELL,1,GTC,False,False,1,TAKER,6675.25,0.0,['0.00 USD'],NO_TRIGGER,FILLED,NO_CONTINGENCY,,,,MY_GENERIC_ALGO,,O-20260308-234001-001-000-600,,9113d3ee-004c-461b-928c-705ebf892c16,2026-03-08 23:40:01.972845415+00:00,2026-03-08 23:40:01.972845415+00:00
BACKTESTER-001,OracleStrategy-000,MESM6.GLBX,GLBX-1-598,MESM6.GLBX-OracleStrategy-000,GLBX-001,GLBX-1-598,MARKET,BUY,1,GTC,True,False,1,TAKER,6673.75,0.0,['0.00 USD'],NO_TRIGGER,FILLED,NO_CONTINGENCY,,,,MY_GENERIC_ALGO,,O-20260308-234004-001-000-601,,03982931-3116-4d2f-9ef2-e219474a56ab,2026-03-08 23:40:04.009604227+00:00,2026-03-08 23:40:04.009604227+00:00
BACKTESTER-001,OracleStrategy-000,MESM6.GLBX,GLBX-1-599,MESM6.GLBX-OracleStrategy-000,GLBX-001,GLBX-1-599,MARKET,BUY,1,GTC,False,False,1,TAKER,6673.75,0.0,['0.00 USD'],NO_TRIGGER,FILLED,NO_CONTINGENCY,,,,MY_GENERIC_ALGO,,O-20260308-234004-001-000-602,,c958523c-6885-40aa-87a9-05be06a59883,2026-03-08 23:40:04.009604227+00:00,2026-03-08 23:40:04.009604227+00:00
BACKTESTER-001,OracleStrategy-000,MESM6.GLBX,GLBX-1-600,MESM6.GLBX-OracleStrategy-000,GLBX-001,GLBX-1-600,MARKET,SELL,1,GTC,True,False,1,TAKER,6675.5,0.0,['0.00 USD'],NO_TRIGGER,FILLED,NO_CONTINGENCY,,,,MY_GENERIC_ALGO,,O-20260308-234016-001-000-603,,5b68594e-a935-4508-8b06-ffcf7b1ebbfb,2026-03-08 23:40:16.097144837+00:00,2026-03-08 23:40:16.097144837+00:00
BACKTESTER-001,OracleStrategy-000,MESM6.GLBX,GLBX-1-601,MESM6.GLBX-OracleStrategy-000,GLBX-001,GLBX-1-601,MARKET,SELL,1,GTC,False,False,1,TAKER,6675.5,0.0,['0.00 USD'],NO_TRIGGER,FILLED,NO_CONTINGENCY,,,,MY_GENERIC_ALGO,,O-20260308-234016-001-000-604,,ad25a332-feec-4f60-a947-61d94e2e2d5e,2026-03-08 23:40:16.097144837+00:00,2026-03-08 23:40:16.097144837+00:00
BACKTESTER-001,OracleStrategy-000,MESM6.GLBX,GLBX-1-602,MESM6.GLBX-OracleStrategy-000,GLBX-001,GLBX-1-602,MARKET,BUY,1,GTC,True,False,1,TAKER,6674.75,0.0,['0.00 USD'],NO_TRIGGER,FILLED,NO_CONTINGENCY,,,,MY_GENERIC_ALGO,,O-20260308-234023-001-000-605,,67bb2121-ddd3-41cd-8a84-6de36934ad35,2026-03-08 23:40:23.453814245+00:00,2026-03-08 23:40:23.453814245+00:00
BACKTESTER-001,OracleStrategy-000,MESM6.GLBX,GLBX-1-603,MESM6.GLBX-OracleStrategy-000,GLBX-001,GLBX-1-603,MARKET,BUY,1,GTC,False,False,1,TAKER,6674.75,0.0,['0.00 USD'],NO_TRIGGER,FILLED,NO_CONTINGENCY,,,,MY_GENERIC_ALGO,,O-20260308-234023-001-000-606,,24c74e17-3b7e-4d74-9930-aee19f2ff6b0,2026-03-08 23:40:23.453814245+00:00,2026-03-08 23:40:23.453814245+00:00
BACKTESTER-001,OracleStrategy-000,MESM6.GLBX,GLBX-1-604,MESM6.GLBX-OracleStrategy-000,GLBX-001,GLBX-1-604,MARKET,SELL,1,GTC,True,False,1,TAKER,6675.0,0.0,['0.00 USD'],NO_TRIGGER,FILLED,NO_CONTINGENCY,,,,MY_GENERIC_ALGO,,O-20260308-234100-001-000-607,,c7890081-7b86-47e4-b230-9e2614ca602b,2026-03-08 23:41:00.678637640+00:00,2026-03-08 23:41:00.678637640+00:00
BACKTESTER-001,OracleStrategy-000,MESM6.GLBX,GLBX-1-605,MESM6.GLBX-OracleStrategy-000,GLBX-001,GLBX-1-605,MARKET,SELL,1,GTC,False,False,1,TAKER,6675.0,0.0,['0.00 USD'],NO_TRIGGER,FILLED,NO_CONTINGENCY,,,,MY_GENERIC_ALGO,,O-20260308-234100-001-000-608,,18877563-36cd-4598-80aa-9531ae76cb1b,2026-03-08 23:41:00.678637640+00:00,2026-03-08 23:41:00.678637640+00:00
BACKTESTER-001,OracleStrategy-000,MESM6.GLBX,GLBX-1-606,MESM6.GLBX-OracleStrategy-000,GLBX-001,GLBX-1-606,MARKET,BUY,1,GTC,True,False,1,TAKER,6675.0,0.0,['0.00 USD'],NO_TRIGGER,FILLED,NO_CONTINGENCY,,,,MY_GENERIC_ALGO,,O-20260308-234106-001-000-609,,c8883c88-d7f4-4b01-9581-9d1a77f0c143,2026-03-08 23:41:06.066678498+00:00,2026-03-08 23:41:06.066678498+00:00
BACKTESTER-001,OracleStrategy-000,MESM6.GLBX,GLBX-1-607,MESM6.GLBX-OracleStrategy-000,GLBX-001,GLBX-1-607,MARKET,BUY,1,GTC,False,False,1,TAKER,6675.0,0.0,['0.00 USD'],NO_TRIGGER,FILLED,NO_CONTINGENCY,,,,MY_GENERIC_ALGO,,O-20260308-234106-001-000-610,,16f580bf-c846-4ec0-b13f-b60216d4e1d4,2026-03-08 23:41:06.066678498+00:00,2026-03-08 23:41:06.066678498+00:00
BACKTESTER-001,OracleStrategy-000,MESM6.GLBX,GLBX-1-608,MESM6.GLBX-OracleStrategy-000,GLBX-001,GLBX-1-608,MARKET,SELL,1,GTC,True,False,1,TAKER,6677.25,0.0,['0.00 USD'],NO_TRIGGER,FILLED,NO_CONTINGENCY,,,,MY_GENERIC_ALGO,,O-20260308-234114-001-000-611,,90cc36ae-2a81-4f61-928b-2cf3a9dae82b,2026-03-08 23:41:14.202164563+00:00,2026-03-08 23:41:14.202164563+00:00
BACKTESTER-001,OracleStrategy-000,MESM6.GLBX,GLBX-1-609,MESM6.GLBX-OracleStrategy-000,GLBX-001,GLBX-1-609,MARKET,SELL,1,GTC,False,False,1,TAKER,6677.25,0.0,['0.00 USD'],NO_TRIGGER,FILLED,NO_CONTINGENCY,,,,MY_GENERIC_ALGO,,O-20260308-234114-001-000-612,,7058c780-2f09-490d-869c-495ff7b66d22,2026-03-08 23:41:14.202164563+00:00,2026-03-08 23:41:14.202164563+00:00
BACKTESTER-001,OracleStrategy-000,MESM6.GLBX,GLBX-1-610,MESM6.GLBX-OracleStrategy-000,GLBX-001,GLBX-1-610,MARKET,BUY,1,GTC,True,False,1,TAKER,6675.5,0.0,['0.00 USD'],NO_TRIGGER,FILLED,NO_CONTINGENCY,,,,MY_GENERIC_ALGO,,O-20260308-234145-001-000-613,,98031fa5-8cd2-4428-b5ba-55434c38d3df,2026-03-08 23:41:45.212469658+00:00,2026-03-08 23:41:45.212469658+00:00
BACKTESTER-001,OracleStrategy-000,MESM6.GLBX,GLBX-1-611,MESM6.GLBX-OracleStrategy-000,GLBX-001,GLBX-1-611,MARKET,BUY,1,GTC,False,False,1,TAKER,6675.5,0.0,['0.00 USD'],NO_TRIGGER,FILLED,NO_CONTINGENCY,,,,MY_GENERIC_ALGO,,O-20260308-234145-001-000-614,,b0cb30b7-8087-42f2-94ea-b7419a25c8c4,2026-03-08 23:41:45.212469658+00:00,2026-03-08 23:41:45.212469658+00:00
BACKTESTER-001,OracleStrategy-000,MESM6.GLBX,GLBX-1-612,MESM6.GLBX-OracleStrategy-000,GLBX-001,GLBX-1-612,MARKET,SELL,1,GTC,True,False,1,TAKER,6676.75,0.0,['0.00 USD'],NO_TRIGGER,FILLED,NO_CONTINGENCY,,,,MY_GENERIC_ALGO,,O-20260308-234238-001-000-615,,2c3ded3f-1eee-40e0-b929-89c208b42649,2026-03-08 23:42:38.576469227+00:00,2026-03-08 23:42:38.576469227+00:00
BACKTESTER-001,OracleStrategy-000,MESM6.GLBX,GLBX-1-613,MESM6.GLBX-OracleStrategy-000,GLBX-001,GLBX-1-613,MARKET,SELL,1,GTC,False,False,1,TAKER,6676.75,0.0,['0.00 USD'],NO_TRIGGER,FILLED,NO_CONTINGENCY,,,,MY_GENERIC_ALGO,,O-20260308-234238-001-000-616,,e01296e0-a1c9-40c9-81f8-53a749bb36f4,2026-03-08 23:42:38.576469227+00:00,2026-03-08 23:42:38.576469227+00:00
BACKTESTER-001,OracleStrategy-000,MESM6.GLBX,GLBX-1-614,MESM6.GLBX-OracleStrategy-000,GLBX-001,GLBX-1-614,MARKET,BUY,1,GTC,True,False,1,TAKER,6679.25,0.0,['0.00 USD'],NO_TRIGGER,FILLED,NO_CONTINGENCY,,,,MY_GENERIC_ALGO,,O-20260308-234349-001-000-617,,c6847719-6341-4892-92f7-2ce47e487f22,2026-03-08 23:43:49.992335851+00:00,2026-03-08 23:43:49.992335851+00:00
BACKTESTER-001,OracleStrategy-000,MESM6.GLBX,GLBX-1-615,MESM6.GLBX-OracleStrategy-000,GLBX-001,GLBX-1-615,MARKET,BUY,1,GTC,False,False,1,TAKER,6679.25,0.0,['0.00 USD'],NO_TRIGGER,FILLED,NO_CONTINGENCY,,,,MY_GENERIC_ALGO,,O-20260308-234349-001-000-618,,9d302f01-2a3b-4725-83c9-c3a44846b910,2026-03-08 23:43:49.992335851+00:00,2026-03-08 23:43:49.992335851+00:00
BACKTESTER-001,OracleStrategy-000,MESM6.GLBX,GLBX-1-616,MESM6.GLBX-OracleStrategy-000,GLBX-001,GLBX-1-616,MARKET,SELL,1,GTC,True,False,1,TAKER,6679.0,0.0,['0.00 USD'],NO_TRIGGER,FILLED,NO_CONTINGENCY,,,,MY_GENERIC_ALGO,,O-20260308-234402-001-000-619,,d3e52fc1-c20a-4be7-8d24-d3e935a4d9ea,2026-03-08 23:44:02.170833199+00:00,2026-03-08 23:44:02.170833199+00:00
BACKTESTER-001,OracleStrategy-000,MESM6.GLBX,GLBX-1-617,MESM6.GLBX-OracleStrategy-000,GLBX-001,GLBX-1-617,MARKET,SELL,1,GTC,False,False,1,TAKER,6679.0,0.0,['0.00 USD'],NO_TRIGGER,FILLED,NO_CONTINGENCY,,,,MY_GENERIC_ALGO,,O-20260308-234402-001-000-620,,ba85a1ad-5e59-435d-b146-5cb2c235c4ab,2026-03-08 23:44:02.170833199+00:00,2026-03-08 23:44:02.170833199+00:00
BACKTESTER-001,OracleStrategy-000,MESM6.GLBX,GLBX-1-618,MESM6.GLBX-OracleStrategy-000,GLBX-001,GLBX-1-618,MARKET,BUY,1,GTC,True,False,1,TAKER,6680.0,0.0,['0.00 USD'],NO_TRIGGER,FILLED,NO_CONTINGENCY,,,,MY_GENERIC_ALGO,,O-20260308-234415-001-000-621,,f19a5459-0fe2-437c-b5b6-a2e868040551,2026-03-08 23:44:15.550325107+00:00,2026-03-08 23:44:15.550325107+00:00
BACKTESTER-001,OracleStrategy-000,MESM6.GLBX,GLBX-1-619,MESM6.GLBX-OracleStrategy-000,GLBX-001,GLBX-1-619,MARKET,BUY,1,GTC,False,False,1,TAKER,6680.0,0.0,['0.00 USD'],NO_TRIGGER,FILLED,NO_CONTINGENCY,,,,MY_GENERIC_ALGO,,O-20260308-234415-001-000-622,,5870f3f7-6d8a-4d88-9e2c-a44cd673cb83,2026-03-08 23:44:15.550325107+00:00,2026-03-08 23:44:15.550325107+00:00
BACKTESTER-001,OracleStrategy-000,MESM6.GLBX,GLBX-1-620,MESM6.GLBX-OracleStrategy-000,GLBX-001,GLBX-1-620,MARKET,SELL,1,GTC,True,False,1,TAKER,6678.5,0.0,['0.00 USD'],NO_TRIGGER,FILLED,NO_CONTINGENCY,,,,MY_GENERIC_ALGO,,O-20260308-234449-001-000-623,,a065a735-592c-403c-aa93-29447da41f43,2026-03-08 23:44:49.094058642+00:00,2026-03-08 23:44:49.094058642+00:00
BACKTESTER-001,OracleStrategy-000,MESM6.GLBX,GLBX-1-621,MESM6.GLBX-OracleStrategy-000,GLBX-001,GLBX-1-621,MARKET,SELL,1,GTC,False,False,1,TAKER,6678.5,0.0,['0.00 USD'],NO_TRIGGER,FILLED,NO_CONTINGENCY,,,,MY_GENERIC_ALGO,,O-20260308-234449-001-000-624,,65e2ef5c-1013-4243-a4dd-e0c982cb4d8c,2026-03-08 23:44:49.094058642+00:00,2026-03-08 23:44:49.094058642+00:00
BACKTESTER-001,OracleStrategy-000,MESM6.GLBX,GLBX-1-622,MESM6.GLBX-OracleStrategy-000,GLBX-001,GLBX-1-622,MARKET,BUY,1,GTC,True,False,1,TAKER,6676.75,0.0,['0.00 USD'],NO_TRIGGER,FILLED,NO_CONTINGENCY,,,,MY_GENERIC_ALGO,,O-20260308-234605-001-000-625,,67c9f2a9-912e-41c5-bb9d-6bd6e5d6b961,2026-03-08 23:46:05.207776472+00:00,2026-03-08 23:46:05.207776472+00:00
BACKTESTER-001,OracleStrategy-000,MESM6.GLBX,GLBX-1-623,MESM6.GLBX-OracleStrategy-000,GLBX-001,GLBX-1-623,MARKET,BUY,1,GTC,False,False,1,TAKER,6676.75,0.0,['0.00 USD'],NO_TRIGGER,FILLED,NO_CONTINGENCY,,,,MY_GENERIC_ALGO,,O-20260308-234605-001-000-626,,b881a695-2886-4b5b-8f39-526e9e68d8ec,2026-03-08 23:46:05.207776472+00:00,2026-03-08 23:46:05.207776472+00:00
BACKTESTER-001,OracleStrategy-000,MESM6.GLBX,GLBX-1-624,MESM6.GLBX-OracleStrategy-000,GLBX-001,GLBX-1-624,MARKET,SELL,1,GTC,True,False,1,TAKER,6675.5,0.0,['0.00 USD'],NO_TRIGGER,FILLED,NO_CONTINGENCY,,,,MY_GENERIC_ALGO,,O-20260308-234636-001-000-627,,c4d4d0c0-57b7-46e5-9e78-c06fd841b8ec,2026-03-08 23:46:36.761447779+00:00,2026-03-08 23:46:36.761447779+00:00
BACKTESTER-001,OracleStrategy-000,MESM6.GLBX,GLBX-1-625,MESM6.GLBX-OracleStrategy-000,GLBX-001,GLBX-1-625,MARKET,SELL,1,GTC,False,False,1,TAKER,6675.5,0.0,['0.00 USD'],NO_TRIGGER,FILLED,NO_CONTINGENCY,,,,MY_GENERIC_ALGO,,O-20260308-234636-001-000-628,,aa23383a-90ef-40a7-89d6-39c6351431f6,2026-03-08 23:46:36.761447779+00:00,2026-03-08 23:46:36.761447779+00:00
BACKTESTER-001,OracleStrategy-000,MESM6.GLBX,GLBX-1-626,MESM6.GLBX-OracleStrategy-000,GLBX-001,GLBX-1-626,MARKET,BUY,1,GTC,True,False,1,TAKER,6675.5,0.0,['0.00 USD'],NO_TRIGGER,FILLED,NO_CONTINGENCY,,,,MY_GENERIC_ALGO,,O-20260308-234638-001-000-629,,2fb801e1-5778-4593-ae6c-4687ea6d71b1,2026-03-08 23:46:38.869921647+00:00,2026-03-08 23:46:38.869921647+00:00
BACKTESTER-001,OracleStrategy-000,MESM6.GLBX,GLBX-1-627,MESM6.GLBX-OracleStrategy-000,GLBX-001,GLBX-1-627,MARKET,BUY,1,GTC,False,False,1,TAKER,6675.5,0.0,['0.00 USD'],NO_TRIGGER,FILLED,NO_CONTINGENCY,,,,MY_GENERIC_ALGO,,O-20260308-234638-001-000-630,,fbddd573-80f8-43bf-b1e8-5568e415af49,2026-03-08 23:46:38.869921647+00:00,2026-03-08 23:46:38.869921647+00:00
BACKTESTER-001,OracleStrategy-000,MESM6.GLBX,GLBX-1-628,MESM6.GLBX-OracleStrategy-000,GLBX-001,GLBX-1-628,MARKET,SELL,1,GTC,True,False,1,TAKER,6674.25,0.0,['0.00 USD'],NO_TRIGGER,FILLED,NO_CONTINGENCY,,,,MY_GENERIC_ALGO,,O-20260308-234649-001-000-631,,f19ba590-cf11-4d47-a0d0-b577112b979d,2026-03-08 23:46:49.405687384+00:00,2026-03-08 23:46:49.405687384+00:00
BACKTESTER-001,OracleStrategy-000,MESM6.GLBX,GLBX-1-629,MESM6.GLBX-OracleStrategy-000,GLBX-001,GLBX-1-629,MARKET,SELL,1,GTC,False,False,1,TAKER,6674.25,0.0,['0.00 USD'],NO_TRIGGER,FILLED,NO_CONTINGENCY,,,,MY_GENERIC_ALGO,,O-20260308-234649-001-000-632,,6e2a4e1c-65eb-476f-a774-7392a300d63f,2026-03-08 23:46:49.405687384+00:00,2026-03-08 23:46:49.405687384+00:00
BACKTESTER-001,OracleStrategy-000,MESM6.GLBX,GLBX-1-630,MESM6.GLBX-OracleStrategy-000,GLBX-001,GLBX-1-630,MARKET,BUY,1,GTC,True,False,1,TAKER,6670.0,0.0,['0.00 USD'],NO_TRIGGER,FILLED,NO_CONTINGENCY,,,,MY_GENERIC_ALGO,,O-20260308-234849-001-000-633,,acf00125-6fb9-4197-a139-9a2b7b989ef1,2026-03-08 23:48:49.722622215+00:00,2026-03-08 23:48:49.722622215+00:00
BACKTESTER-001,OracleStrategy-000,MESM6.GLBX,GLBX-1-631,MESM6.GLBX-OracleStrategy-000,GLBX-001,GLBX-1-631,MARKET,BUY,1,GTC,False,False,1,TAKER,6670.0,0.0,['0.00 USD'],NO_TRIGGER,FILLED,NO_CONTINGENCY,,,,MY_GENERIC_ALGO,,O-20260308-234849-001-000-634,,7225b1a7-b4fe-4c80-b32b-982a23dc264a,2026-03-08 23:48:49.722622215+00:00,2026-03-08 23:48:49.722622215+00:00
BACKTESTER-001,OracleStrategy-000,MESM6.GLBX,GLBX-1-632,MESM6.GLBX-OracleStrategy-000,GLBX-001,GLBX-1-632,MARKET,SELL,1,GTC,True,False,1,TAKER,6674.75,0.0,['0.00 USD'],NO_TRIGGER,FILLED,NO_CONTINGENCY,,,,MY_GENERIC_ALGO,,O-20260308-234923-001-000-635,,ba387ce1-9515-458b-b57a-a4e5d0e0985d,2026-03-08 23:49:23.182465235+00:00,2026-03-08 23:49:23.182465235+00:00
BACKTESTER-001,OracleStrategy-000,MESM6.GLBX,GLBX-1-633,MESM6.GLBX-OracleStrategy-000,GLBX-001,GLBX-1-633,MARKET,SELL,1,GTC,False,False,1,TAKER,6674.75,0.0,['0.00 USD'],NO_TRIGGER,FILLED,NO_CONTINGENCY,,,,MY_GENERIC_ALGO,,O-20260308-234923-001-000-636,,ae7b7aed-3bb2-49e6-9a1a-4499dcf2217c,2026-03-08 23:49:23.182465235+00:00,2026-03-08 23:49:23.182465235+00:00
BACKTESTER-001,OracleStrategy-000,MESM6.GLBX,GLBX-1-634,MESM6.GLBX-OracleStrategy-000,GLBX-001,GLBX-1-634,MARKET,BUY,1,GTC,True,False,1,TAKER,6675.75,0.0,['0.00 USD'],NO_TRIGGER,FILLED,NO_CONTINGENCY,,,,MY_GENERIC_ALGO,,O-20260308-234934-001-000-637,,1cde82cc-94cb-4229-9a42-b1389b67371d,2026-03-08 23:49:34.039803482+00:00,2026-03-08 23:49:34.039803482+00:00
BACKTESTER-001,OracleStrategy-000,MESM6.GLBX,GLBX-1-635,MESM6.GLBX-OracleStrategy-000,GLBX-001,GLBX-1-635,MARKET,BUY,1,GTC,False,False,1,TAKER,6675.75,0.0,['0.00 USD'],NO_TRIGGER,FILLED,NO_CONTINGENCY,,,,MY_GENERIC_ALGO,,O-20260308-234934-001-000-638,,34d92a88-b5fb-478f-a29e-cd1cfbbb6e38,2026-03-08 23:49:34.039803482+00:00,2026-03-08 23:49:34.039803482+00:00
BACKTESTER-001,OracleStrategy-000,MESM6.GLBX,GLBX-1-636,MESM6.GLBX-OracleStrategy-000,GLBX-001,GLBX-1-636,MARKET,SELL,1,GTC,True,False,1,TAKER,6673.75,0.0,['0.00 USD'],NO_TRIGGER,FILLED,NO_CONTINGENCY,,,,MY_GENERIC_ALGO,,O-20260308-234936-001-000-639,,d83696e2-3c72-46ec-aafa-2ad3a64ab3af,2026-03-08 23:49:36.044411944+00:00,2026-03-08 23:49:36.044411944+00:00
BACKTESTER-001,OracleStrategy-000,MESM6.GLBX,GLBX-1-637,MESM6.GLBX-OracleStrategy-000,GLBX-001,GLBX-1-637,MARKET,SELL,1,GTC,False,False,1,TAKER,6673.75,0.0,['0.00 USD'],NO_TRIGGER,FILLED,NO_CONTINGENCY,,,,MY_GENERIC_ALGO,,O-20260308-234936-001-000-640,,c4828580-bade-43c1-96ef-468997d599f0,2026-03-08 23:49:36.044411944+00:00,2026-03-08 23:49:36.044411944+00:00
BACKTESTER-001,OracleStrategy-000,MESM6.GLBX,GLBX-1-638,MESM6.GLBX-OracleStrategy-000,GLBX-001,GLBX-1-638,MARKET,BUY,1,GTC,True,False,1,TAKER,6675.25,0.0,['0.00 USD'],NO_TRIGGER,FILLED,NO_CONTINGENCY,,,,MY_GENERIC_ALGO,,O-20260308-235005-001-000-641,,879729ec-80b7-47dc-92b9-44096f694c87,2026-03-08 23:50:05.837402831+00:00,2026-03-08 23:50:05.837402831+00:00
BACKTESTER-001,OracleStrategy-000,MESM6.GLBX,GLBX-1-639,MESM6.GLBX-OracleStrategy-000,GLBX-001,GLBX-1-639,MARKET,BUY,1,GTC,False,False,1,TAKER,6675.25,0.0,['0.00 USD'],NO_TRIGGER,FILLED,NO_CONTINGENCY,,,,MY_GENERIC_ALGO,,O-20260308-235005-001-000-642,,120125f4-1153-4eaa-9fa2-3aab7ac15bb3,2026-03-08 23:50:05.837402831+00:00,2026-03-08 23:50:05.837402831+00:00
BACKTESTER-001,OracleStrategy-000,MESM6.GLBX,GLBX-1-640,MESM6.GLBX-OracleStrategy-000,GLBX-001,GLBX-1-640,MARKET,SELL,1,GTC,True,False,1,TAKER,6675.75,0.0,['0.00 USD'],NO_TRIGGER,FILLED,NO_CONTINGENCY,,,,MY_GENERIC_ALGO,,O-20260308-235009-001-000-643,,d2c07084-73cf-49b9-b7d3-16ce0c03fb08,2026-03-08 23:50:09.386959319+00:00,2026-03-08 23:50:09.386959319+00:00
BACKTESTER-001,OracleStrategy-000,MESM6.GLBX,GLBX-1-641,MESM6.GLBX-OracleStrategy-000,GLBX-001,GLBX-1-641,MARKET,SELL,1,GTC,False,False,1,TAKER,6675.75,0.0,['0.00 USD'],NO_TRIGGER,FILLED,NO_CONTINGENCY,,,,MY_GENERIC_ALGO,,O-20260308-235009-001-000-644,,9297be9d-c60f-408d-9543-e115adca8ed1,2026-03-08 23:50:09.386959319+00:00,2026-03-08 23:50:09.386959319+00:00
BACKTESTER-001,OracleStrategy-000,MESM6.GLBX,GLBX-1-642,MESM6.GLBX-OracleStrategy-000,GLBX-001,GLBX-1-642,MARKET,BUY,1,GTC,True,False,1,TAKER,6678.0,0.0,['0.00 USD'],NO_TRIGGER,FILLED,NO_CONTINGENCY,,,,MY_GENERIC_ALGO,,O-20260308-235013-001-000-645,,b4214b3b-94e2-4a61-9abf-6850842b711f,2026-03-08 23:50:13.074497188+00:00,2026-03-08 23:50:13.074497188+00:00
BACKTESTER-001,OracleStrategy-000,MESM6.GLBX,GLBX-1-643,MESM6.GLBX-OracleStrategy-000,GLBX-001,GLBX-1-643,MARKET,BUY,1,GTC,False,False,1,TAKER,6678.0,0.0,['0.00 USD'],NO_TRIGGER,FILLED,NO_CONTINGENCY,,,,MY_GENERIC_ALGO,,O-20260308-235013-001-000-646,,8b96c2d1-8abd-4b02-94e3-f09610363a5e,2026-03-08 23:50:13.074497188+00:00,2026-03-08 23:50:13.074497188+00:00
BACKTESTER-001,OracleStrategy-000,MESM6.GLBX,GLBX-1-644,MESM6.GLBX-OracleStrategy-000,GLBX-001,GLBX-1-644,MARKET,SELL,1,GTC,True,False,1,TAKER,6677.5,0.0,['0.00 USD'],NO_TRIGGER,FILLED,NO_CONTINGENCY,,,,MY_GENERIC_ALGO,,O-20260308-235017-001-000-647,,5833b4d5-da94-4b4d-b2ce-7b171be9f100,2026-03-08 23:50:17.985754767+00:00,2026-03-08 23:50:17.985754767+00:00
BACKTESTER-001,OracleStrategy-000,MESM6.GLBX,GLBX-1-645,MESM6.GLBX-OracleStrategy-000,GLBX-001,GLBX-1-645,MARKET,SELL,1,GTC,False,False,1,TAKER,6677.5,0.0,['0.00 USD'],NO_TRIGGER,FILLED,NO_CONTINGENCY,,,,MY_GENERIC_ALGO,,O-20260308-235017-001-000-648,,007bdb86-82ec-4f90-999f-c5a0c956a2af,2026-03-08 23:50:17.985754767+00:00,2026-03-08 23:50:17.985754767+00:00
BACKTESTER-001,OracleStrategy-000,MESM6.GLBX,GLBX-1-646,MESM6.GLBX-OracleStrategy-000,GLBX-001,GLBX-1-646,MARKET,BUY,1,GTC,True,False,1,TAKER,6678.5,0.0,['0.00 USD'],NO_TRIGGER,FILLED,NO_CONTINGENCY,,,,MY_GENERIC_ALGO,,O-20260308-235108-001-000-649,,fa5a2618-4ab3-4cb2-9f9b-5f463ac25d51,2026-03-08 23:51:08.711215517+00:00,2026-03-08 23:51:08.711215517+00:00
BACKTESTER-001,OracleStrategy-000,MESM6.GLBX,GLBX-1-647,MESM6.GLBX-OracleStrategy-000,GLBX-001,GLBX-1-647,MARKET,BUY,1,GTC,False,False,1,TAKER,6678.5,0.0,['0.00 USD'],NO_TRIGGER,FILLED,NO_CONTINGENCY,,,,MY_GENERIC_ALGO,,O-20260308-235108-001-000-650,,7cb70989-8323-4dda-a6fc-ccf4391af0a9,2026-03-08 23:51:08.711215517+00:00,2026-03-08 23:51:08.711215517+00:00
BACKTESTER-001,OracleStrategy-000,MESM6.GLBX,GLBX-1-648,MESM6.GLBX-OracleStrategy-000,GLBX-001,GLBX-1-648,MARKET,SELL,1,GTC,True,False,1,TAKER,6676.0,0.0,['0.00 USD'],NO_TRIGGER,FILLED,NO_CONTINGENCY,,,,MY_GENERIC_ALGO,,O-20260308-235116-001-000-651,,d1771740-02e6-44d5-89a8-331ad7ebf9f9,2026-03-08 23:51:16.174904837+00:00,2026-03-08 23:51:16.174904837+00:00
BACKTESTER-001,OracleStrategy-000,MESM6.GLBX,GLBX-1-649,MESM6.GLBX-OracleStrategy-000,GLBX-001,GLBX-1-649,MARKET,SELL,1,GTC,False,False,1,TAKER,6676.0,0.0,['0.00 USD'],NO_TRIGGER,FILLED,NO_CONTINGENCY,,,,MY_GENERIC_ALGO,,O-20260308-235116-001-000-652,,b89f7b0a-6345-4e53-ba7d-b2e73376fb0c,2026-03-08 23:51:16.174904837+00:00,2026-03-08 23:51:16.174904837+00:00
BACKTESTER-001,OracleStrategy-000,MESM6.GLBX,GLBX-1-650,MESM6.GLBX-OracleStrategy-000,GLBX-001,GLBX-1-650,MARKET,BUY,1,GTC,True,False,1,TAKER,6670.5,0.0,['0.00 USD'],NO_TRIGGER,FILLED,NO_CONTINGENCY,,,,MY_GENERIC_ALGO,,O-20260308-235342-001-000-653,,dbabdf30-a1ff-43ae-b9e6-98716873a82c,2026-03-08 23:53:42.030540724+00:00,2026-03-08 23:53:42.030540724+00:00
BACKTESTER-001,OracleStrategy-000,MESM6.GLBX,GLBX-1-651,MESM6.GLBX-OracleStrategy-000,GLBX-001,GLBX-1-651,MARKET,BUY,1,GTC,False,False,1,TAKER,6670.5,0.0,['0.00 USD'],NO_TRIGGER,FILLED,NO_CONTINGENCY,,,,MY_GENERIC_ALGO,,O-20260308-235342-001-000-654,,134d059c-2662-4bb2-85d7-d76401dce86a,2026-03-08 23:53:42.030540724+00:00,2026-03-08 23:53:42.030540724+00:00
BACKTESTER-001,OracleStrategy-000,MESM6.GLBX,GLBX-1-652,MESM6.GLBX-OracleStrategy-000,GLBX-001,GLBX-1-652,MARKET,SELL,1,GTC,True,False,1,TAKER,6670.75,0.0,['0.00 USD'],NO_TRIGGER,FILLED,NO_CONTINGENCY,,,,MY_GENERIC_ALGO,,O-20260308-235344-001-000-655,,40790b67-a759-4dfb-95dd-c1e08fe28394,2026-03-08 23:53:44.876659455+00:00,2026-03-08 23:53:44.876659455+00:00
BACKTESTER-001,OracleStrategy-000,MESM6.GLBX,GLBX-1-653,MESM6.GLBX-OracleStrategy-000,GLBX-001,GLBX-1-653,MARKET,SELL,1,GTC,False,False,1,TAKER,6670.75,0.0,['0.00 USD'],NO_TRIGGER,FILLED,NO_CONTINGENCY,,,,MY_GENERIC_ALGO,,O-20260308-235344-001-000-656,,51951a2c-3840-4a9c-8798-67b1868d2107,2026-03-08 23:53:44.876659455+00:00,2026-03-08 23:53:44.876659455+00:00
BACKTESTER-001,OracleStrategy-000,MESM6.GLBX,GLBX-1-654,MESM6.GLBX-OracleStrategy-000,GLBX-001,GLBX-1-654,MARKET,BUY,1,GTC,True,False,1,TAKER,6670.5,0.0,['0.00 USD'],NO_TRIGGER,FILLED,NO_CONTINGENCY,,,,MY_GENERIC_ALGO,,O-20260308-235356-001-000-657,,0b9b5e35-b1ef-44c2-b8d7-26ac11749c30,2026-03-08 23:53:56.569296413+00:00,2026-03-08 23:53:56.569296413+00:00
BACKTESTER-001,OracleStrategy-000,MESM6.GLBX,GLBX-1-655,MESM6.GLBX-OracleStrategy-000,GLBX-001,GLBX-1-655,MARKET,BUY,1,GTC,False,False,1,TAKER,6670.5,0.0,['0.00 USD'],NO_TRIGGER,FILLED,NO_CONTINGENCY,,,,MY_GENERIC_ALGO,,O-20260308-235356-001-000-658,,5bdca3ba-3015-431a-86dc-4511aa370312,2026-03-08 23:53:56.569296413+00:00,2026-03-08 23:53:56.569296413+00:00
BACKTESTER-001,OracleStrategy-000,MESM6.GLBX,GLBX-1-656,MESM6.GLBX-OracleStrategy-000,GLBX-001,GLBX-1-656,MARKET,SELL,1,GTC,True,False,1,TAKER,6673.25,0.0,['0.00 USD'],NO_TRIGGER,FILLED,NO_CONTINGENCY,,,,MY_GENERIC_ALGO,,O-20260308-235400-001-000-659,,89eb662c-bf88-4f3e-8266-884729e3bfae,2026-03-08 23:54:00.056713826+00:00,2026-03-08 23:54:00.056713826+00:00
BACKTESTER-001,OracleStrategy-000,MESM6.GLBX,GLBX-1-657,MESM6.GLBX-OracleStrategy-000,GLBX-001,GLBX-1-657,MARKET,SELL,1,GTC,False,False,1,TAKER,6673.25,0.0,['0.00 USD'],NO_TRIGGER,FILLED,NO_CONTINGENCY,,,,MY_GENERIC_ALGO,,O-20260308-235400-001-000-660,,48ac0ab3-b3b9-4b6c-a3d8-318dc6e62998,2026-03-08 23:54:00.056713826+00:00,2026-03-08 23:54:00.056713826+00:00
BACKTESTER-001,OracleStrategy-000,MESM6.GLBX,GLBX-1-658,MESM6.GLBX-OracleStrategy-000,GLBX-001,GLBX-1-658,MARKET,BUY,1,GTC,True,False,1,TAKER,6674.0,0.0,['0.00 USD'],NO_TRIGGER,FILLED,NO_CONTINGENCY,,,,MY_GENERIC_ALGO,,O-20260308-235404-001-000-661,,0d2c579b-a236-42d8-b41b-3c83b4d73b9c,2026-03-08 23:54:04.532157042+00:00,2026-03-08 23:54:04.532157042+00:00
BACKTESTER-001,OracleStrategy-000,MESM6.GLBX,GLBX-1-659,MESM6.GLBX-OracleStrategy-000,GLBX-001,GLBX-1-659,MARKET,BUY,1,GTC,False,False,1,TAKER,6674.0,0.0,['0.00 USD'],NO_TRIGGER,FILLED,NO_CONTINGENCY,,,,MY_GENERIC_ALGO,,O-20260308-235404-001-000-662,,8767c8fe-a396-4ec6-bb4e-f4d399ce6199,2026-03-08 23:54:04.532157042+00:00,2026-03-08 23:54:04.532157042+00:00
BACKTESTER-001,OracleStrategy-000,MESM6.GLBX,GLBX-1-660,MESM6.GLBX-OracleStrategy-000,GLBX-001,GLBX-1-660,MARKET,SELL,1,GTC,True,False,1,TAKER,6673.0,0.0,['0.00 USD'],NO_TRIGGER,FILLED,NO_CONTINGENCY,,,,MY_GENERIC_ALGO,,O-20260308-235416-001-000-663,,13e78444-290b-4f42-a067-a6c09810ddcb,2026-03-08 23:54:16.632774855+00:00,2026-03-08 23:54:16.632774855+00:00
BACKTESTER-001,OracleStrategy-000,MESM6.GLBX,GLBX-1-661,MESM6.GLBX-OracleStrategy-000,GLBX-001,GLBX-1-661,MARKET,SELL,1,GTC,False,False,1,TAKER,6673.0,0.0,['0.00 USD'],NO_TRIGGER,FILLED,NO_CONTINGENCY,,,,MY_GENERIC_ALGO,,O-20260308-235416-001-000-664,,99bfdf41-c366-4400-8b06-d70387623289,2026-03-08 23:54:16.632774855+00:00,2026-03-08 23:54:16.632774855+00:00
BACKTESTER-001,OracleStrategy-000,MESM6.GLBX,GLBX-1-662,MESM6.GLBX-OracleStrategy-000,GLBX-001,GLBX-1-662,MARKET,BUY,1,GTC,True,False,1,TAKER,6673.0,0.0,['0.00 USD'],NO_TRIGGER,FILLED,NO_CONTINGENCY,,,,MY_GENERIC_ALGO,,O-20260308-235420-001-000-665,,03c89496-b67a-4832-a6a7-1f7f9c836c80,2026-03-08 23:54:20.942292760+00:00,2026-03-08 23:54:20.942292760+00:00
BACKTESTER-001,OracleStrategy-000,MESM6.GLBX,GLBX-1-663,MESM6.GLBX-OracleStrategy-000,GLBX-001,GLBX-1-663,MARKET,BUY,1,GTC,False,False,1,TAKER,6673.0,0.0,['0.00 USD'],NO_TRIGGER,FILLED,NO_CONTINGENCY,,,,MY_GENERIC_ALGO,,O-20260308-235420-001-000-666,,d6e124ee-985d-418b-94ea-f246e7b38c01,2026-03-08 23:54:20.942292760+00:00,2026-03-08 23:54:20.942292760+00:00
BACKTESTER-001,OracleStrategy-000,MESM6.GLBX,GLBX-1-664,MESM6.GLBX-OracleStrategy-000,GLBX-001,GLBX-1-664,MARKET,SELL,1,GTC,True,False,1,TAKER,6671.75,0.0,['0.00 USD'],NO_TRIGGER,FILLED,NO_CONTINGENCY,,,,MY_GENERIC_ALGO,,O-20260308-235423-001-000-667,,d1958a29-9858-480f-a864-4f612b4e9983,2026-03-08 23:54:23.510327219+00:00,2026-03-08 23:54:23.510327219+00:00
BACKTESTER-001,OracleStrategy-000,MESM6.GLBX,GLBX-1-665,MESM6.GLBX-OracleStrategy-000,GLBX-001,GLBX-1-665,MARKET,SELL,1,GTC,False,False,1,TAKER,6671.75,0.0,['0.00 USD'],NO_TRIGGER,FILLED,NO_CONTINGENCY,,,,MY_GENERIC_ALGO,,O-20260308-235423-001-000-668,,338b0070-069b-41b9-9211-eac570531066,2026-03-08 23:54:23.510327219+00:00,2026-03-08 23:54:23.510327219+00:00
BACKTESTER-001,OracleStrategy-000,MESM6.GLBX,GLBX-1-666,MESM6.GLBX-OracleStrategy-000,GLBX-001,GLBX-1-666,MARKET,BUY,1,GTC,True,False,1,TAKER,6672.5,0.0,['0.00 USD'],NO_TRIGGER,FILLED,NO_CONTINGENCY,,,,MY_GENERIC_ALGO,,O-20260308-235427-001-000-669,,d597be2a-8acc-457b-a022-39f34af7732e,2026-03-08 23:54:27.838990013+00:00,2026-03-08 23:54:27.838990013+00:00
BACKTESTER-001,OracleStrategy-000,MESM6.GLBX,GLBX-1-667,MESM6.GLBX-OracleStrategy-000,GLBX-001,GLBX-1-667,MARKET,BUY,1,GTC,False,False,1,TAKER,6672.5,0.0,['0.00 USD'],NO_TRIGGER,FILLED,NO_CONTINGENCY,,,,MY_GENERIC_ALGO,,O-20260308-235427-001-000-670,,072c4177-cea3-4234-8811-7d95a172a565,2026-03-08 23:54:27.838990013+00:00,2026-03-08 23:54:27.838990013+00:00
BACKTESTER-001,OracleStrategy-000,MESM6.GLBX,GLBX-1-668,MESM6.GLBX-OracleStrategy-000,GLBX-001,GLBX-1-668,MARKET,SELL,1,GTC,True,False,1,TAKER,6674.25,0.0,['0.00 USD'],NO_TRIGGER,FILLED,NO_CONTINGENCY,,,,MY_GENERIC_ALGO,,O-20260308-235554-001-000-671,,98733504-7dac-4452-892c-facd92fd49a4,2026-03-08 23:55:54.173732846+00:00,2026-03-08 23:55:54.173732846+00:00
BACKTESTER-001,OracleStrategy-000,MESM6.GLBX,GLBX-1-669,MESM6.GLBX-OracleStrategy-000,GLBX-001,GLBX-1-669,MARKET,SELL,1,GTC,False,False,1,TAKER,6674.25,0.0,['0.00 USD'],NO_TRIGGER,FILLED,NO_CONTINGENCY,,,,MY_GENERIC_ALGO,,O-20260308-235554-001-000-672,,dcfbe4ff-ec57-4623-b20d-19338c228fe9,2026-03-08 23:55:54.173732846+00:00,2026-03-08 23:55:54.173732846+00:00
BACKTESTER-001,OracleStrategy-000,MESM6.GLBX,GLBX-1-670,MESM6.GLBX-OracleStrategy-000,GLBX-001,GLBX-1-670,MARKET,BUY,1,GTC,True,False,1,TAKER,6675.25,0.0,['0.00 USD'],NO_TRIGGER,FILLED,NO_CONTINGENCY,,,,MY_GENERIC_ALGO,,O-20260308-235556-001-000-673,,05089f20-3737-4d95-a648-5d59c15d4f5b,2026-03-08 23:55:56.626573683+00:00,2026-03-08 23:55:56.626573683+00:00
BACKTESTER-001,OracleStrategy-000,MESM6.GLBX,GLBX-1-671,MESM6.GLBX-OracleStrategy-000,GLBX-001,GLBX-1-671,MARKET,BUY,1,GTC,False,False,1,TAKER,6675.25,0.0,['0.00 USD'],NO_TRIGGER,FILLED,NO_CONTINGENCY,,,,MY_GENERIC_ALGO,,O-20260308-235556-001-000-674,,98ece205-d944-4cb5-b3b4-08f8236beafa,2026-03-08 23:55:56.626573683+00:00,2026-03-08 23:55:56.626573683+00:00
BACKTESTER-001,OracleStrategy-000,MESM6.GLBX,GLBX-1-672,MESM6.GLBX-OracleStrategy-000,GLBX-001,GLBX-1-672,MARKET,SELL,1,GTC,True,False,1,TAKER,6674.5,0.0,['0.00 USD'],NO_TRIGGER,FILLED,NO_CONTINGENCY,,,,MY_GENERIC_ALGO,,O-20260308-235600-001-000-675,,33870e54-3fb1-4b0c-ae6e-acc5b9cd33bf,2026-03-08 23:56:00.177749226+00:00,2026-03-08 23:56:00.177749226+00:00
BACKTESTER-001,OracleStrategy-000,MESM6.GLBX,GLBX-1-673,MESM6.GLBX-OracleStrategy-000,GLBX-001,GLBX-1-673,MARKET,SELL,1,GTC,False,False,1,TAKER,6674.5,0.0,['0.00 USD'],NO_TRIGGER,FILLED,NO_CONTINGENCY,,,,MY_GENERIC_ALGO,,O-20260308-235600-001-000-676,,b11ee28e-3521-45db-a0b6-da8c8bbc9de0,2026-03-08 23:56:00.177749226+00:00,2026-03-08 23:56:00.177749226+00:00
BACKTESTER-001,OracleStrategy-000,MESM6.GLBX,GLBX-1-674,MESM6.GLBX-OracleStrategy-000,GLBX-001,GLBX-1-674,MARKET,BUY,1,GTC,True,False,1,TAKER,6674.75,0.0,['0.00 USD'],NO_TRIGGER,FILLED,NO_CONTINGENCY,,,,MY_GENERIC_ALGO,,O-20260308-235606-001-000-677,,0c5c5f2d-f421-43e2-a535-f189ff6d9a69,2026-03-08 23:56:06.405854639+00:00,2026-03-08 23:56:06.405854639+00:00
BACKTESTER-001,OracleStrategy-000,MESM6.GLBX,GLBX-1-675,MESM6.GLBX-OracleStrategy-000,GLBX-001,GLBX-1-675,MARKET,BUY,1,GTC,False,False,1,TAKER,6674.75,0.0,['0.00 USD'],NO_TRIGGER,FILLED,NO_CONTINGENCY,,,,MY_GENERIC_ALGO,,O-20260308-235606-001-000-678,,c82e6291-4a9c-4c21-b311-1561b8c4b6f9,2026-03-08 23:56:06.405854639+00:00,2026-03-08 23:56:06.405854639+00:00
BACKTESTER-001,OracleStrategy-000,MESM6.GLBX,GLBX-1-676,MESM6.GLBX-OracleStrategy-000,GLBX-001,GLBX-1-676,MARKET,SELL,1,GTC,True,False,1,TAKER,6675.75,0.0,['0.00 USD'],NO_TRIGGER,FILLED,NO_CONTINGENCY,,,,MY_GENERIC_ALGO,,O-20260308-235635-001-000-679,,218201fb-ad4c-45ff-9d4d-5550c7d5448d,2026-03-08 23:56:35.756376698+00:00,2026-03-08 23:56:35.756376698+00:00
BACKTESTER-001,OracleStrategy-000,MESM6.GLBX,GLBX-1-677,MESM6.GLBX-OracleStrategy-000,GLBX-001,GLBX-1-677,MARKET,SELL,1,GTC,False,False,1,TAKER,6675.75,0.0,['0.00 USD'],NO_TRIGGER,FILLED,NO_CONTINGENCY,,,,MY_GENERIC_ALGO,,O-20260308-235635-001-000-680,,b281b9e8-a4f7-4fe5-b7f4-506ef21f82c1,2026-03-08 23:56:35.756376698+00:00,2026-03-08 23:56:35.756376698+00:00
BACKTESTER-001,OracleStrategy-000,MESM6.GLBX,GLBX-1-678,MESM6.GLBX-OracleStrategy-000,GLBX-001,GLBX-1-678,MARKET,BUY,1,GTC,True,False,1,TAKER,6677.25,0.0,['0.00 USD'],NO_TRIGGER,FILLED,NO_CONTINGENCY,,,,MY_GENERIC_ALGO,,O-20260308-235651-001-000-681,,6a58dce0-e57d-403d-8722-386b2717ffc8,2026-03-08 23:56:51.837816128+00:00,2026-03-08 23:56:51.837816128+00:00
BACKTESTER-001,OracleStrategy-000,MESM6.GLBX,GLBX-1-679,MESM6.GLBX-OracleStrategy-000,GLBX-001,GLBX-1-679,MARKET,BUY,1,GTC,False,False,1,TAKER,6677.25,0.0,['0.00 USD'],NO_TRIGGER,FILLED,NO_CONTINGENCY,,,,MY_GENERIC_ALGO,,O-20260308-235651-001-000-682,,5d2a6ddf-cef9-475a-9f71-a6e85001619f,2026-03-08 23:56:51.837816128+00:00,2026-03-08 23:56:51.837816128+00:00
BACKTESTER-001,OracleStrategy-000,MESM6.GLBX,GLBX-1-680,MESM6.GLBX-OracleStrategy-000,GLBX-001,GLBX-1-680,MARKET,SELL,1,GTC,True,False,1,TAKER,6678.75,0.0,['0.00 USD'],NO_TRIGGER,FILLED,NO_CONTINGENCY,,,,MY_GENERIC_ALGO,,O-20260308-235655-001-000-683,,bb999299-418d-4f6a-9054-ca1b0c1a7577,2026-03-08 23:56:55.388353920+00:00,2026-03-08 23:56:55.388353920+00:00
BACKTESTER-001,OracleStrategy-000,MESM6.GLBX,GLBX-1-681,MESM6.GLBX-OracleStrategy-000,GLBX-001,GLBX-1-681,MARKET,SELL,1,GTC,False,False,1,TAKER,6678.75,0.0,['0.00 USD'],NO_TRIGGER,FILLED,NO_CONTINGENCY,,,,MY_GENERIC_ALGO,,O-20260308-235655-001-000-684,,da9ae081-1d77-4edb-8b35-9ad7ea0decb1,2026-03-08 23:56:55.388353920+00:00,2026-03-08 23:56:55.388353920+00:00
BACKTESTER-001,OracleStrategy-000,MESM6.GLBX,GLBX-1-682,MESM6.GLBX-OracleStrategy-000,GLBX-001,GLBX-1-682,MARKET,BUY,1,GTC,True,False,1,TAKER,6672.0,0.0,['0.00 USD'],NO_TRIGGER,FILLED,NO_CONTINGENCY,,,,MY_GENERIC_ALGO,,O-20260308-235726-001-000-685,,6de74b9d-8fc7-44f1-ab02-37983cb64a59,2026-03-08 23:57:26.805891371+00:00,2026-03-08 23:57:26.805891371+00:00
BACKTESTER-001,OracleStrategy-000,MESM6.GLBX,GLBX-1-683,MESM6.GLBX-OracleStrategy-000,GLBX-001,GLBX-1-683,MARKET,BUY,1,GTC,False,False,1,TAKER,6672.0,0.0,['0.00 USD'],NO_TRIGGER,FILLED,NO_CONTINGENCY,,,,MY_GENERIC_ALGO,,O-20260308-235726-001-000-686,,0bca0771-6ed3-4b59-b2be-0291bb22711e,2026-03-08 23:57:26.805891371+00:00,2026-03-08 23:57:26.805891371+00:00
BACKTESTER-001,OracleStrategy-000,MESM6.GLBX,GLBX-1-684,MESM6.GLBX-OracleStrategy-000,GLBX-001,GLBX-1-684,MARKET,SELL,1,GTC,True,False,1,TAKER,6672.0,0.0,['0.00 USD'],NO_TRIGGER,FILLED,NO_CONTINGENCY,,,,MY_GENERIC_ALGO,,O-20260308-235727-001-000-687,,f8d4501c-9b26-4892-9587-cfed3cfd5608,2026-03-08 23:57:27.848523720+00:00,2026-03-08 23:57:27.848523720+00:00
BACKTESTER-001,OracleStrategy-000,MESM6.GLBX,GLBX-1-685,MESM6.GLBX-OracleStrategy-000,GLBX-001,GLBX-1-685,MARKET,SELL,1,GTC,False,False,1,TAKER,6672.0,0.0,['0.00 USD'],NO_TRIGGER,FILLED,NO_CONTINGENCY,,,,MY_GENERIC_ALGO,,O-20260308-235727-001-000-688,,2b4748c0-b688-4328-903b-1709d3a228e1,2026-03-08 23:57:27.848523720+00:00,2026-03-08 23:57:27.848523720+00:00
BACKTESTER-001,OracleStrategy-000,MESM6.GLBX,GLBX-1-686,MESM6.GLBX-OracleStrategy-000,GLBX-001,GLBX-1-686,MARKET,BUY,1,GTC,True,False,1,TAKER,6670.75,0.0,['0.00 USD'],NO_TRIGGER,FILLED,NO_CONTINGENCY,,,,MY_GENERIC_ALGO,,O-20260308-235729-001-000-689,,2d1c3add-6916-47c5-b40c-31068afc14c2,2026-03-08 23:57:29.954377366+00:00,2026-03-08 23:57:29.954377366+00:00
BACKTESTER-001,OracleStrategy-000,MESM6.GLBX,GLBX-1-687,MESM6.GLBX-OracleStrategy-000,GLBX-001,GLBX-1-687,MARKET,BUY,1,GTC,False,False,1,TAKER,6670.75,0.0,['0.00 USD'],NO_TRIGGER,FILLED,NO_CONTINGENCY,,,,MY_GENERIC_ALGO,,O-20260308-235729-001-000-690,,5a496aec-fcc4-4853-8e27-323cc7211f6b,2026-03-08 23:57:29.954377366+00:00,2026-03-08 23:57:29.954377366+00:00
BACKTESTER-001,OracleStrategy-000,MESM6.GLBX,GLBX-1-688,MESM6.GLBX-OracleStrategy-000,GLBX-001,GLBX-1-688,MARKET,SELL,1,GTC,True,False,1,TAKER,6671.25,0.0,['0.00 USD'],NO_TRIGGER,FILLED,NO_CONTINGENCY,,,,MY_GENERIC_ALGO,,O-20260308-235811-001-000-691,,ad8d678d-f1f3-409a-9718-53304405912f,2026-03-08 23:58:11.533932794+00:00,2026-03-08 23:58:11.533932794+00:00
BACKTESTER-001,OracleStrategy-000,MESM6.GLBX,GLBX-1-689,MESM6.GLBX-OracleStrategy-000,GLBX-001,GLBX-1-689,MARKET,SELL,1,GTC,False,False,1,TAKER,6671.25,0.0,['0.00 USD'],NO_TRIGGER,FILLED,NO_CONTINGENCY,,,,MY_GENERIC_ALGO,,O-20260308-235811-001-000-692,,08164d77-e90d-4b59-b3e3-ba5b2cb4d555,2026-03-08 23:58:11.533932794+00:00,2026-03-08 23:58:11.533932794+00:00
BACKTESTER-001,OracleStrategy-000,MESM6.GLBX,GLBX-1-690,MESM6.GLBX-OracleStrategy-000,GLBX-001,GLBX-1-690,MARKET,BUY,1,GTC,True,False,1,TAKER,6673.0,0.0,['0.00 USD'],NO_TRIGGER,FILLED,NO_CONTINGENCY,,,,MY_GENERIC_ALGO,,O-20260308-235825-001-000-693,,d346a855-0712-4057-8231-6a91fc410d0b,2026-03-08 23:58:25.164399455+00:00,2026-03-08 23:58:25.164399455+00:00
BACKTESTER-001,OracleStrategy-000,MESM6.GLBX,GLBX-1-691,MESM6.GLBX-OracleStrategy-000,GLBX-001,GLBX-1-691,MARKET,BUY,1,GTC,False,False,1,TAKER,6673.0,0.0,['0.00 USD'],NO_TRIGGER,FILLED,NO_CONTINGENCY,,,,MY_GENERIC_ALGO,,O-20260308-235825-001-000-694,,6bc4491f-5cc9-45a4-a5d1-191c4f57a6ed,2026-03-08 23:58:25.164399455+00:00,2026-03-08 23:58:25.164399455+00:00
BACKTESTER-001,OracleStrategy-000,MESM6.GLBX,GLBX-1-692,MESM6.GLBX-OracleStrategy-000,GLBX-001,GLBX-1-692,MARKET,SELL,1,GTC,True,False,1,TAKER,6673.0,0.0,['0.00 USD'],NO_TRIGGER,FILLED,NO_CONTINGENCY,,,,MY_GENERIC_ALGO,,O-20260308-235844-001-000-695,,cf1b8875-71c3-4470-95ca-62ce5fe5a1d8,2026-03-08 23:58:44.831609080+00:00,2026-03-08 23:58:44.831609080+00:00
BACKTESTER-001,OracleStrategy-000,MESM6.GLBX,GLBX-1-693,MESM6.GLBX-OracleStrategy-000,GLBX-001,GLBX-1-693,MARKET,SELL,1,GTC,False,False,1,TAKER,6673.0,0.0,['0.00 USD'],NO_TRIGGER,FILLED,NO_CONTINGENCY,,,,MY_GENERIC_ALGO,,O-20260308-235844-001-000-696,,24c092c3-000f-49fb-a023-ea141947970b,2026-03-08 23:58:44.831609080+00:00,2026-03-08 23:58:44.831609080+00:00
BACKTESTER-001,OracleStrategy-000,MESM6.GLBX,GLBX-1-694,MESM6.GLBX-OracleStrategy-000,GLBX-001,GLBX-1-694,MARKET,BUY,1,GTC,True,False,1,TAKER,6673.0,0.0,['0.00 USD'],NO_TRIGGER,FILLED,NO_CONTINGENCY,,,,MY_GENERIC_ALGO,,O-20260308-235851-001-000-697,,2a0293be-5969-491e-8510-6c15b15fe566,2026-03-08 23:58:51.569842282+00:00,2026-03-08 23:58:51.569842282+00:00
BACKTESTER-001,OracleStrategy-000,MESM6.GLBX,GLBX-1-695,MESM6.GLBX-OracleStrategy-000,GLBX-001,GLBX-1-695,MARKET,BUY,1,GTC,False,False,1,TAKER,6673.0,0.0,['0.00 USD'],NO_TRIGGER,FILLED,NO_CONTINGENCY,,,,MY_GENERIC_ALGO,,O-20260308-235851-001-000-698,,9b5898d4-5fa1-4836-a7c6-fcd2a392aacd,2026-03-08 23:58:51.569842282+00:00,2026-03-08 23:58:51.569842282+00:00
BACKTESTER-001,OracleStrategy-000,MESM6.GLBX,GLBX-1-696,MESM6.GLBX-OracleStrategy-000,GLBX-001,GLBX-1-696,MARKET,SELL,1,GTC,True,False,1,TAKER,6674.75,0.0,['0.00 USD'],NO_TRIGGER,FILLED,NO_CONTINGENCY,,,,MY_GENERIC_ALGO,,O-20260308-235908-001-000-699,,48150404-ecda-4a35-93c5-9303b8a8f6b7,2026-03-08 23:59:08.204917370+00:00,2026-03-08 23:59:08.204917370+00:00
BACKTESTER-001,OracleStrategy-000,MESM6.GLBX,GLBX-1-697,MESM6.GLBX-OracleStrategy-000,GLBX-001,GLBX-1-697,MARKET,SELL,1,GTC,False,False,1,TAKER,6674.75,0.0,['0.00 USD'],NO_TRIGGER,FILLED,NO_CONTINGENCY,,,,MY_GENERIC_ALGO,,O-20260308-235908-001-000-700,,07fa4635-5e48-4c40-a87a-50ac15bf604d,2026-03-08 23:59:08.204917370+00:00,2026-03-08 23:59:08.204917370+00:00
BACKTESTER-001,OracleStrategy-000,MESM6.GLBX,GLBX-1-698,MESM6.GLBX-OracleStrategy-000,GLBX-001,GLBX-1-698,MARKET,BUY,1,GTC,True,False,1,TAKER,6677.0,0.0,['0.00 USD'],NO_TRIGGER,FILLED,NO_CONTINGENCY,,,,MY_GENERIC_ALGO,,O-20260308-235959-001-000-701,,a83da64e-81fd-44a8-9fa7-d5533cec8de0,2026-03-08 23:59:59.269426645+00:00,2026-03-08 23:59:59.269426645+00:00
