trader_id,strategy_id,instrument_id,venue_order_id,position_id,account_id,last_trade_id,type,side,quantity,time_in_force,is_reduce_only,is_quote_quantity,filled_qty,liquidity_side,avg_px,slippage,commissions,emulation_trigger,status,contingency_type,order_list_id,linked_order_ids,parent_order_id,exec_algorithm_id,exec_algorithm_params,exec_spawn_id,tags,init_id,ts_init,ts_last
BACKTESTER-001,OracleStrategy-000,MESM6.GLBX,GLBX-1-001,MESM6.GLBX-OracleStrategy-000,GLBX-001,GLBX-1-001,MARKET,SELL,1,GTC,False,False,1,TAKER,6745.0,0.0,['0.00 USD'],NO_TRIGGER,FILLED,NO_CONTINGENCY,,,,MY_GENERIC_ALGO,,O-20260308-220000-001-000-1,,a5a0ae2e-7c60-4432-a903-931a465db209,2026-03-08 22:00:00.136210549+00:00,2026-03-08 22:00:00.136210549+00:00
BACKTESTER-001,OracleStrategy-000,MESM6.GLBX,GLBX-1-002,MESM6.GLBX-OracleStrategy-000,GLBX-001,GLBX-1-002,MARKET,BUY,1,GTC,True,False,1,TAKER,6720.0,0.0,['0.00 USD'],NO_TRIGGER,FILLED,NO_CONTINGENCY,,,,MY_GENERIC_ALGO,,O-20260308-220040-001-000-2,,b6ec6715-af8b-4357-8b4c-4ef27f8ba15f,2026-03-08 22:00:40.372954511+00:00,2026-03-08 22:00:40.372954511+00:00
BACKTESTER-001,OracleStrategy-000,MESM6.GLBX,GLBX-1-003,MESM6.GLBX-OracleStrategy-000,GLBX-001,GLBX-1-003,MARKET,BUY,1,GTC,False,False,1,TAKER,6720.0,0.0,['0.00 USD'],NO_TRIGGER,FILLED,NO_CONTINGENCY,,,,MY_GENERIC_ALGO,,O-20260308-220040-001-000-3,,6e67c982-cb75-4c0e-bc8f-30460bd15b02,2026-03-08 22:00:40.372954511+00:00,2026-03-08 22:00:40.372954511+00:00
BACKTESTER-001,OracleStrategy-000,MESM6.GLBX,GLBX-1-004,MESM6.GLBX-OracleStrategy-000,GLBX-001,GLBX-1-004,MARKET,SELL,1,GTC,True,False,1,TAKER,6720.0,0.0,['0.00 USD'],NO_TRIGGER,FILLED,NO_CONTINGENCY,,,,MY_GENERIC_ALGO,,O-20260308-220043-001-000-4,,edb0b329-a4e9-4052-b4f2-a7babcf319b5,2026-03-08 22:00:43.544532484+00:00,2026-03-08 22:00:43.544532484+00:00
BACKTESTER-001,OracleStrategy-000,MESM6.GLBX,GLBX-1-005,MESM6.GLBX-OracleStrategy-000,GLBX-001,GLBX-1-005,MARKET,SELL,1,GTC,False,False,1,TAKER,6720.0,0.0,['0.00 USD'],NO_TRIGGER,FILLED,NO_CONTINGENCY,,,,MY_GENERIC_ALGO,,O-20260308-220043-001-000-5,,fd58c6d3-f1ee-4d97-a69b-71b68c5e97ea,2026-03-08 22:00:43.544532484+00:00,2026-03-08 22:00:43.544532484+00:00
BACKTESTER-001,OracleStrategy-000,MESM6.GLBX,GLBX-1-006,MESM6.GLBX-OracleStrategy-000,GLBX-001,GLBX-1-006,MARKET,BUY,1,GTC,True,False,1,TAKER,6711.0,0.0,['0.00 USD'],NO_TRIGGER,FILLED,NO_CONTINGENCY,,,,MY_GENERIC_ALGO,,O-20260308-220121-001-000-6,,cbc30df4-f438-4a7f-b67d-7856b4dcb377,2026-03-08 22:01:21.642410037+00:00,2026-03-08 22:01:21.642410037+00:00
BACKTESTER-001,OracleStrategy-000,MESM6.GLBX,GLBX-1-007,MESM6.GLBX-OracleStrategy-000,GLBX-001,GLBX-1-007,MARKET,BUY,1,GTC,False,False,1,TAKER,6711.0,0.0,['0.00 USD'],NO_TRIGGER,FILLED,NO_CONTINGENCY,,,,MY_GENERIC_ALGO,,O-20260308-220121-001-000-7,,9e8b9644-aec5-4fb8-a64e-601456adc4e2,2026-03-08 22:01:21.642410037+00:00,2026-03-08 22:01:21.642410037+00:00
BACKTESTER-001,OracleStrategy-000,MESM6.GLBX,GLBX-1-008,MESM6.GLBX-OracleStrategy-000,GLBX-001,GLBX-1-008,MARKET,SELL,1,GTC,True,False,1,TAKER,6708.5,0.0,['0.00 USD'],NO_TRIGGER,FILLED,NO_CONTINGENCY,,,,MY_GENERIC_ALGO,,O-20260308-220124-001-000-8,,fe78ed58-b696-4af2-bf2e-a6b89f7b0a0c,2026-03-08 22:01:24.270974314+00:00,2026-03-08 22:01:24.270974314+00:00
BACKTESTER-001,OracleStrategy-000,MESM6.GLBX,GLBX-1-009,MESM6.GLBX-OracleStrategy-000,GLBX-001,GLBX-1-009,MARKET,SELL,1,GTC,False,False,1,TAKER,6702.0,0.0,['0.00 USD'],NO_TRIGGER,FILLED,NO_CONTINGENCY,,,,MY_GENERIC_ALGO,,O-20260308-220126-001-000-10,,84f23e93-0823-47dd-97b4-62b83b66e371,2026-03-08 22:01:26.820633479+00:00,2026-03-08 22:01:26.820633479+00:00
BACKTESTER-001,OracleStrategy-000,MESM6.GLBX,GLBX-1-010,MESM6.GLBX-OracleStrategy-000,GLBX-001,GLBX-1-010,MARKET,BUY,1,GTC,True,False,1,TAKER,6697.0,0.0,['0.00 USD'],NO_TRIGGER,FILLED,NO_CONTINGENCY,,,,MY_GENERIC_ALGO,,O-20260308-220207-001-000-11,,38fdb877-0d99-439d-a355-7c2270f54943,2026-03-08 22:02:07.565296856+00:00,2026-03-08 22:02:07.565296856+00:00
BACKTESTER-001,OracleStrategy-000,MESM6.GLBX,GLBX-1-011,MESM6.GLBX-OracleStrategy-000,GLBX-001,GLBX-1-011,MARKET,BUY,1,GTC,False,False,1,TAKER,6697.0,0.0,['0.00 USD'],NO_TRIGGER,FILLED,NO_CONTINGENCY,,,,MY_GENERIC_ALGO,,O-20260308-220207-001-000-12,,3fbfd0c1-7461-416e-bbd8-1dc4d186f3a1,2026-03-08 22:02:07.565296856+00:00,2026-03-08 22:02:07.565296856+00:00
BACKTESTER-001,OracleStrategy-000,MESM6.GLBX,GLBX-1-012,MESM6.GLBX-OracleStrategy-000,GLBX-001,GLBX-1-012,MARKET,SELL,1,GTC,True,False,1,TAKER,6697.75,0.0,['0.00 USD'],NO_TRIGGER,FILLED,NO_CONTINGENCY,,,,MY_GENERIC_ALGO,,O-20260308-220217-001-000-13,,baa0bc61-f7b0-4827-ab38-1023bfe7c98e,2026-03-08 22:02:17.413527063+00:00,2026-03-08 22:02:17.413527063+00:00
BACKTESTER-001,OracleStrategy-000,MESM6.GLBX,GLBX-1-013,MESM6.GLBX-OracleStrategy-000,GLBX-001,GLBX-1-013,MARKET,SELL,1,GTC,False,False,1,TAKER,6696.0,0.0,['0.00 USD'],NO_TRIGGER,FILLED,NO_CONTINGENCY,,,,MY_GENERIC_ALGO,,O-20260308-220223-001-000-15,,5ff23a85-8db3-4e77-8f04-2f74596f19e8,2026-03-08 22:02:23.998780586+00:00,2026-03-08 22:02:23.998780586+00:00
BACKTESTER-001,OracleStrategy-000,MESM6.GLBX,GLBX-1-014,MESM6.GLBX-OracleStrategy-000,GLBX-001,GLBX-1-014,MARKET,BUY,1,GTC,True,False,1,TAKER,6696.25,0.0,['0.00 USD'],NO_TRIGGER,FILLED,NO_CONTINGENCY,,,,MY_GENERIC_ALGO,,O-20260308-220241-001-000-16,,fae8b83f-217b-4546-b9c4-7b6497b4bcc7,2026-03-08 22:02:41.213193896+00:00,2026-03-08 22:02:41.213193896+00:00
BACKTESTER-001,OracleStrategy-000,MESM6.GLBX,GLBX-1-015,MESM6.GLBX-OracleStrategy-000,GLBX-001,GLBX-1-015,MARKET,SELL,1,GTC,False,False,1,TAKER,6698.0,0.0,['0.00 USD'],NO_TRIGGER,FILLED,NO_CONTINGENCY,,,,MY_GENERIC_ALGO,,O-20260308-220245-001-000-18,,4a5f8f73-66ec-45f3-98c6-e8211f23f3a3,2026-03-08 22:02:45.586807037+00:00,2026-03-08 22:02:45.586807037+00:00
BACKTESTER-001,OracleStrategy-000,MESM6.GLBX,GLBX-1-016,MESM6.GLBX-OracleStrategy-000,GLBX-001,GLBX-1-016,MARKET,BUY,1,GTC,True,False,1,TAKER,6695.0,0.0,['0.00 USD'],NO_TRIGGER,FILLED,NO_CONTINGENCY,,,,MY_GENERIC_ALGO,,O-20260308-220251-001-000-19,,4e0e14a4-c978-4049-8cbf-10b48e0977ed,2026-03-08 22:02:51.160079784+00:00,2026-03-08 22:02:51.160079784+00:00
BACKTESTER-001,OracleStrategy-000,MESM6.GLBX,GLBX-1-017,MESM6.GLBX-OracleStrategy-000,GLBX-001,GLBX-1-017,MARKET,BUY,1,GTC,False,False,1,TAKER,6699.25,0.0,['0.00 USD'],NO_TRIGGER,FILLED,NO_CONTINGENCY,,,,MY_GENERIC_ALGO,,O-20260308-220254-001-000-21,,39fbd4cd-6988-461f-b2ba-911dde4dfb98,2026-03-08 22:02:54.720651898+00:00,2026-03-08 22:02:54.720651898+00:00
BACKTESTER-001,OracleStrategy-000,MESM6.GLBX,GLBX-1-018,MESM6.GLBX-OracleStrategy-000,GLBX-001,GLBX-1-018,MARKET,SELL,1,GTC,True,False,1,TAKER,6699.5,0.0,['0.00 USD'],NO_TRIGGER,FILLED,NO_CONTINGENCY,,,,MY_GENERIC_ALGO,,O-20260308-220330-001-000-22,,9c13c8b6-d4cf-464f-b903-975c70470782,2026-03-08 22:03:30.702788291+00:00,2026-03-08 22:03:30.702788291+00:00
BACKTESTER-001,OracleStrategy-000,MESM6.GLBX,GLBX-1-019,MESM6.GLBX-OracleStrategy-000,GLBX-001,GLBX-1-019,MARKET,SELL,1,GTC,False,False,1,TAKER,6699.5,0.0,['0.00 USD'],NO_TRIGGER,FILLED,NO_CONTINGENCY,,,,MY_GENERIC_ALGO,,O-20260308-220330-001-000-23,,4ff73f3f-e75b-4a0d-9189-a21d87012cb6,2026-03-08 22:03:30.702788291+00:00,2026-03-08 22:03:30.702788291+00:00
BACKTESTER-001,OracleStrategy-000,MESM6.GLBX,GLBX-1-020,MESM6.GLBX-OracleStrategy-000,GLBX-001,GLBX-1-020,MARKET,BUY,1,GTC,True,False,1,TAKER,6701.25,0.0,['0.00 USD'],NO_TRIGGER,FILLED,NO_CONTINGENCY,,,,MY_GENERIC_ALGO,,O-20260308-220333-001-000-24,,fd08d652-19e5-4fdc-898c-cc306c26e617,2026-03-08 22:03:33.796182672+00:00,2026-03-08 22:03:33.796182672+00:00
BACKTESTER-001,OracleStrategy-000,MESM6.GLBX,GLBX-1-021,MESM6.GLBX-OracleStrategy-000,GLBX-001,GLBX-1-021,MARKET,BUY,1,GTC,False,False,1,TAKER,6701.25,0.0,['0.00 USD'],NO_TRIGGER,FILLED,NO_CONTINGENCY,,,,MY_GENERIC_ALGO,,O-20260308-220333-001-000-25,,e2855063-3c5d-4718-a0c9-fe8571841d3e,2026-03-08 22:03:33.796182672+00:00,2026-03-08 22:03:33.796182672+00:00
BACKTESTER-001,OracleStrategy-000,MESM6.GLBX,GLBX-1-022,MESM6.GLBX-OracleStrategy-000,GLBX-001,GLBX-1-022,MARKET,SELL,1,GTC,True,False,1,TAKER,6703.0,0.0,['0.00 USD'],NO_TRIGGER,FILLED,NO_CONTINGENCY,,,,MY_GENERIC_ALGO,,O-20260308-220338-001-000-26,,f5559049-ffcd-41e3-a999-ac7e059480f1,2026-03-08 22:03:38.616748022+00:00,2026-03-08 22:03:38.616748022+00:00
BACKTESTER-001,OracleStrategy-000,MESM6.GLBX,GLBX-1-023,MESM6.GLBX-OracleStrategy-000,GLBX-001,GLBX-1-023,MARKET,SELL,1,GTC,False,False,1,TAKER,6703.0,0.0,['0.00 USD'],NO_TRIGGER,FILLED,NO_CONTINGENCY,,,,MY_GENERIC_ALGO,,O-20260308-220338-001-000-27,,46c74e49-2d1b-4f9e-aaea-b9ae3163bfd2,2026-03-08 22:03:38.616748022+00:00,2026-03-08 22:03:38.616748022+00:00
BACKTESTER-001,OracleStrategy-000,MESM6.GLBX,GLBX-1-024,MESM6.GLBX-OracleStrategy-000,GLBX-001,GLBX-1-024,MARKET,BUY,1,GTC,True,False,1,TAKER,6702.5,0.0,['0.00 USD'],NO_TRIGGER,FILLED,NO_CONTINGENCY,,,,MY_GENERIC_ALGO,,O-20260308-220339-001-000-28,,41d8c0be-33bc-42ca-b23e-823b7e8a96e2,2026-03-08 22:03:39.894842613+00:00,2026-03-08 22:03:39.894842613+00:00
BACKTESTER-001,OracleStrategy-000,MESM6.GLBX,GLBX-1-025,MESM6.GLBX-OracleStrategy-000,GLBX-001,GLBX-1-025,MARKET,BUY,1,GTC,False,False,1,TAKER,6702.5,0.0,['0.00 USD'],NO_TRIGGER,FILLED,NO_CONTINGENCY,,,,MY_GENERIC_ALGO,,O-20260308-220339-001-000-29,,6d3e539a-341c-4551-9ea5-3f64fa92b88d,2026-03-08 22:03:39.894842613+00:00,2026-03-08 22:03:39.894842613+00:00
BACKTESTER-001,OracleStrategy-000,MESM6.GLBX,GLBX-1-026,MESM6.GLBX-OracleStrategy-000,GLBX-001,GLBX-1-026,MARKET,SELL,1,GTC,True,False,1,TAKER,6702.5,0.0,['0.00 USD'],NO_TRIGGER,FILLED,NO_CONTINGENCY,,,,MY_GENERIC_ALGO,,O-20260308-220357-001-000-30,,6d551a5d-9bd4-48e7-8b09-ea667d92d8ce,2026-03-08 22:03:57.737283339+00:00,2026-03-08 22:03:57.737283339+00:00
BACKTESTER-001,OracleStrategy-000,MESM6.GLBX,GLBX-1-027,MESM6.GLBX-OracleStrategy-000,GLBX-001,GLBX-1-027,MARKET,SELL,1,GTC,False,False,1,TAKER,6702.5,0.0,['0.00 USD'],NO_TRIGGER,FILLED,NO_CONTINGENCY,,,,MY_GENERIC_ALGO,,O-20260308-220357-001-000-31,,0c23ddc5-0fad-4bd5-a23f-7bfed13c908a,2026-03-08 22:03:57.737283339+00:00,2026-03-08 22:03:57.737283339+00:00
BACKTESTER-001,OracleStrategy-000,MESM6.GLBX,GLBX-1-028,MESM6.GLBX-OracleStrategy-000,GLBX-001,GLBX-1-028,MARKET,BUY,1,GTC,True,False,1,TAKER,6702.5,0.0,['0.00 USD'],NO_TRIGGER,FILLED,NO_CONTINGENCY,,,,MY_GENERIC_ALGO,,O-20260308-220417-001-000-32,,e2411abb-9399-4040-83b7-0ecdab1fb506,2026-03-08 22:04:17.770426699+00:00,2026-03-08 22:04:17.770426699+00:00
BACKTESTER-001,OracleStrategy-000,MESM6.GLBX,GLBX-1-029,MESM6.GLBX-OracleStrategy-000,GLBX-001,GLBX-1-029,MARKET,BUY,1,GTC,False,False,1,TAKER,6702.5,0.0,['0.00 USD'],NO_TRIGGER,FILLED,NO_CONTINGENCY,,,,MY_GENERIC_ALGO,,O-20260308-220417-001-000-33,,f74de42c-b358-4942-9653-f814614c3f5b,2026-03-08 22:04:17.770426699+00:00,2026-03-08 22:04:17.770426699+00:00
BACKTESTER-001,OracleStrategy-000,MESM6.GLBX,GLBX-1-030,MESM6.GLBX-OracleStrategy-000,GLBX-001,GLBX-1-030,MARKET,SELL,1,GTC,True,False,1,TAKER,6700.75,0.0,['0.00 USD'],NO_TRIGGER,FILLED,NO_CONTINGENCY,,,,MY_GENERIC_ALGO,,O-20260308-220418-001-000-34,,811f576c-e559-42d0-8f1f-44f9e4340f73,2026-03-08 22:04:18.921533951+00:00,2026-03-08 22:04:18.921533951+00:00
BACKTESTER-001,OracleStrategy-000,MESM6.GLBX,GLBX-1-031,MESM6.GLBX-OracleStrategy-000,GLBX-001,GLBX-1-031,MARKET,SELL,1,GTC,False,False,1,TAKER,6700.75,0.0,['0.00 USD'],NO_TRIGGER,FILLED,NO_CONTINGENCY,,,,MY_GENERIC_ALGO,,O-20260308-220418-001-000-35,,b0a49ae1-199f-4bee-938d-e3bf59334f34,2026-03-08 22:04:18.921533951+00:00,2026-03-08 22:04:18.921533951+00:00
BACKTESTER-001,OracleStrategy-000,MESM6.GLBX,GLBX-1-032,MESM6.GLBX-OracleStrategy-000,GLBX-001,GLBX-1-032,MARKET,BUY,1,GTC,True,False,1,TAKER,6695.25,0.0,['0.00 USD'],NO_TRIGGER,FILLED,NO_CONTINGENCY,,,,MY_GENERIC_ALGO,,O-20260308-220431-001-000-36,,0807b860-faf5-458f-8cfa-d8a6cedf14b7,2026-03-08 22:04:31.799008707+00:00,2026-03-08 22:04:31.799008707+00:00
BACKTESTER-001,OracleStrategy-000,MESM6.GLBX,GLBX-1-033,MESM6.GLBX-OracleStrategy-000,GLBX-001,GLBX-1-033,MARKET,BUY,1,GTC,False,False,1,TAKER,6695.25,0.0,['0.00 USD'],NO_TRIGGER,FILLED,NO_CONTINGENCY,,,,MY_GENERIC_ALGO,,O-20260308-220431-001-000-37,,409b2d89-68bf-46fb-ae8d-0fbe299cec75,2026-03-08 22:04:31.799008707+00:00,2026-03-08 22:04:31.799008707+00:00
BACKTESTER-001,OracleStrategy-000,MESM6.GLBX,GLBX-1-034,MESM6.GLBX-OracleStrategy-000,GLBX-001,GLBX-1-034,MARKET,SELL,1,GTC,True,False,1,TAKER,6699.0,0.0,['0.00 USD'],NO_TRIGGER,FILLED,NO_CONTINGENCY,,,,MY_GENERIC_ALGO,,O-20260308-220447-001-000-38,,0791d0d5-e513-42d0-aecf-216a463c8a45,2026-03-08 22:04:47.450960355+00:00,2026-03-08 22:04:47.450960355+00:00
BACKTESTER-001,OracleStrategy-000,MESM6.GLBX,GLBX-1-035,MESM6.GLBX-OracleStrategy-000,GLBX-001,GLBX-1-035,MARKET,SELL,1,GTC,False,False,1,TAKER,6699.0,0.0,['0.00 USD'],NO_TRIGGER,FILLED,NO_CONTINGENCY,,,,MY_GENERIC_ALGO,,O-20260308-220447-001-000-39,,fccca115-2756-49ce-a290-ada5332004c1,2026-03-08 22:04:47.450960355+00:00,2026-03-08 22:04:47.450960355+00:00
BACKTESTER-001,OracleStrategy-000,MESM6.GLBX,GLBX-1-036,MESM6.GLBX-OracleStrategy-000,GLBX-001,GLBX-1-036,MARKET,BUY,1,GTC,True,False,1,TAKER,6689.0,0.0,['0.00 USD'],NO_TRIGGER,FILLED,NO_CONTINGENCY,,,,MY_GENERIC_ALGO,,O-20260308-220520-001-000-40,,5990377b-2764-43c6-a247-3690a8f79166,2026-03-08 22:05:20.672755643+00:00,2026-03-08 22:05:20.672755643+00:00
BACKTESTER-001,OracleStrategy-000,MESM6.GLBX,GLBX-1-037,MESM6.GLBX-OracleStrategy-000,GLBX-001,GLBX-1-037,MARKET,BUY,1,GTC,False,False,1,TAKER,6689.0,0.0,['0.00 USD'],NO_TRIGGER,FILLED,NO_CONTINGENCY,,,,MY_GENERIC_ALGO,,O-20260308-220520-001-000-41,,84df59c7-3b65-4eaf-8715-52f4f08dec82,2026-03-08 22:05:20.672755643+00:00,2026-03-08 22:05:20.672755643+00:00
BACKTESTER-001,OracleStrategy-000,MESM6.GLBX,GLBX-1-038,MESM6.GLBX-OracleStrategy-000,GLBX-001,GLBX-1-038,MARKET,SELL,1,GTC,True,False,1,TAKER,6687.75,0.0,['0.00 USD'],NO_TRIGGER,FILLED,NO_CONTINGENCY,,,,MY_GENERIC_ALGO,,O-20260308-220521-001-000-42,,20a7fcb2-23d7-4c45-916f-4a6f4d162d7e,2026-03-08 22:05:21.838041397+00:00,2026-03-08 22:05:21.838041397+00:00
BACKTESTER-001,OracleStrategy-000,MESM6.GLBX,GLBX-1-039,MESM6.GLBX-OracleStrategy-000,GLBX-001,GLBX-1-039,MARKET,BUY,1,GTC,False,False,1,TAKER,6686.0,0.0,['0.00 USD'],NO_TRIGGER,FILLED,NO_CONTINGENCY,,,,MY_GENERIC_ALGO,,O-20260308-220527-001-000-44,,76d83012-fdd8-400a-a935-4c0738b998c5,2026-03-08 22:05:27.450625877+00:00,2026-03-08 22:05:27.450625877+00:00
BACKTESTER-001,OracleStrategy-000,MESM6.GLBX,GLBX-1-040,MESM6.GLBX-OracleStrategy-000,GLBX-001,GLBX-1-040,MARKET,SELL,1,GTC,True,False,1,TAKER,6684.75,0.0,['0.00 USD'],NO_TRIGGER,FILLED,NO_CONTINGENCY,,,,MY_GENERIC_ALGO,,O-20260308-220536-001-000-45,,ceea5f06-b733-47c4-b4d9-a6b4b624ec81,2026-03-08 22:05:36.899160089+00:00,2026-03-08 22:05:36.899160089+00:00
BACKTESTER-001,OracleStrategy-000,MESM6.GLBX,GLBX-1-041,MESM6.GLBX-OracleStrategy-000,GLBX-001,GLBX-1-041,MARKET,SELL,1,GTC,False,False,1,TAKER,6684.75,0.0,['0.00 USD'],NO_TRIGGER,FILLED,NO_CONTINGENCY,,,,MY_GENERIC_ALGO,,O-20260308-220536-001-000-46,,250c9931-66a3-47dc-af35-fce3d87cc182,2026-03-08 22:05:36.899160089+00:00,2026-03-08 22:05:36.899160089+00:00
BACKTESTER-001,OracleStrategy-000,MESM6.GLBX,GLBX-1-042,MESM6.GLBX-OracleStrategy-000,GLBX-001,GLBX-1-042,MARKET,BUY,1,GTC,True,False,1,TAKER,6685.5,0.0,['0.00 USD'],NO_TRIGGER,FILLED,NO_CONTINGENCY,,,,MY_GENERIC_ALGO,,O-20260308-220552-001-000-47,,e47d11f6-278e-4ec1-add8-2908403cad47,2026-03-08 22:05:52.587402346+00:00,2026-03-08 22:05:52.587402346+00:00
BACKTESTER-001,OracleStrategy-000,MESM6.GLBX,GLBX-1-043,MESM6.GLBX-OracleStrategy-000,GLBX-001,GLBX-1-043,MARKET,BUY,1,GTC,False,False,1,TAKER,6685.75,0.0,['0.00 USD'],NO_TRIGGER,FILLED,NO_CONTINGENCY,,,,MY_GENERIC_ALGO,,O-20260308-220553-001-000-49,,a92a2f15-2936-4ce4-8adb-44b3e7349a8e,2026-03-08 22:05:53.774567627+00:00,2026-03-08 22:05:53.774567627+00:00
BACKTESTER-001,OracleStrategy-000,MESM6.GLBX,GLBX-1-044,MESM6.GLBX-OracleStrategy-000,GLBX-001,GLBX-1-044,MARKET,SELL,1,GTC,True,False,1,TAKER,6688.25,0.0,['0.00 USD'],NO_TRIGGER,FILLED,NO_CONTINGENCY,,,,MY_GENERIC_ALGO,,O-20260308-220557-001-000-50,,c8beb512-07db-44ae-8a0c-65a7bd8115f8,2026-03-08 22:05:57.912930971+00:00,2026-03-08 22:05:57.912930971+00:00
BACKTESTER-001,OracleStrategy-000,MESM6.GLBX,GLBX-1-045,MESM6.GLBX-OracleStrategy-000,GLBX-001,GLBX-1-045,MARKET,SELL,1,GTC,False,False,1,TAKER,6688.25,0.0,['0.00 USD'],NO_TRIGGER,FILLED,NO_CONTINGENCY,,,,MY_GENERIC_ALGO,,O-20260308-220557-001-000-51,,a27848aa-456d-4c9a-b3f0-db3358d4bb46,2026-03-08 22:05:57.912930971+00:00,2026-03-08 22:05:57.912930971+00:00
BACKTESTER-001,OracleStrategy-000,MESM6.GLBX,GLBX-1-046,MESM6.GLBX-OracleStrategy-000,GLBX-001,GLBX-1-046,MARKET,BUY,1,GTC,True,False,1,TAKER,6684.5,0.0,['0.00 USD'],NO_TRIGGER,FILLED,NO_CONTINGENCY,,,,MY_GENERIC_ALGO,,O-20260308-220623-001-000-52,,09b1a810-273d-4583-8ca3-009f4cf62c80,2026-03-08 22:06:23.617088584+00:00,2026-03-08 22:06:23.617088584+00:00
BACKTESTER-001,OracleStrategy-000,MESM6.GLBX,GLBX-1-047,MESM6.GLBX-OracleStrategy-000,GLBX-001,GLBX-1-047,MARKET,BUY,1,GTC,False,False,1,TAKER,6684.5,0.0,['0.00 USD'],NO_TRIGGER,FILLED,NO_CONTINGENCY,,,,MY_GENERIC_ALGO,,O-20260308-220623-001-000-53,,c5894c29-82a0-4c1c-be27-bee788a95861,2026-03-08 22:06:23.617088584+00:00,2026-03-08 22:06:23.617088584+00:00
BACKTESTER-001,OracleStrategy-000,MESM6.GLBX,GLBX-1-048,MESM6.GLBX-OracleStrategy-000,GLBX-001,GLBX-1-048,MARKET,SELL,1,GTC,True,False,1,TAKER,6684.75,0.0,['0.00 USD'],NO_TRIGGER,FILLED,NO_CONTINGENCY,,,,MY_GENERIC_ALGO,,O-20260308-220630-001-000-54,,ae3edbdd-de04-4d14-b2c1-21f654468abd,2026-03-08 22:06:30.831709572+00:00,2026-03-08 22:06:30.831709572+00:00
BACKTESTER-001,OracleStrategy-000,MESM6.GLBX,GLBX-1-049,MESM6.GLBX-OracleStrategy-000,GLBX-001,GLBX-1-049,MARKET,SELL,1,GTC,False,False,1,TAKER,6684.75,0.0,['0.00 USD'],NO_TRIGGER,FILLED,NO_CONTINGENCY,,,,MY_GENERIC_ALGO,,O-20260308-220630-001-000-55,,0c13b1f0-b1e5-4651-87fc-71832550b17d,2026-03-08 22:06:30.831709572+00:00,2026-03-08 22:06:30.831709572+00:00
BACKTESTER-001,OracleStrategy-000,MESM6.GLBX,GLBX-1-050,MESM6.GLBX-OracleStrategy-000,GLBX-001,GLBX-1-050,MARKET,BUY,1,GTC,True,False,1,TAKER,6683.0,0.0,['0.00 USD'],NO_TRIGGER,FILLED,NO_CONTINGENCY,,,,MY_GENERIC_ALGO,,O-20260308-220634-001-000-56,,9aeb81cc-3517-40d1-882d-e747a7202eae,2026-03-08 22:06:34.847163527+00:00,2026-03-08 22:06:34.847163527+00:00
BACKTESTER-001,OracleStrategy-000,MESM6.GLBX,GLBX-1-051,MESM6.GLBX-OracleStrategy-000,GLBX-001,GLBX-1-051,MARKET,BUY,1,GTC,False,False,1,TAKER,6683.0,0.0,['0.00 USD'],NO_TRIGGER,FILLED,NO_CONTINGENCY,,,,MY_GENERIC_ALGO,,O-20260308-220634-001-000-57,,a19520a7-2b8a-4f76-af2e-05c4650ffd5e,2026-03-08 22:06:34.847163527+00:00,2026-03-08 22:06:34.847163527+00:00
BACKTESTER-001,OracleStrategy-000,MESM6.GLBX,GLBX-1-052,MESM6.GLBX-OracleStrategy-000,GLBX-001,GLBX-1-052,MARKET,SELL,1,GTC,True,False,1,TAKER,6681.75,0.0,['0.00 USD'],NO_TRIGGER,FILLED,NO_CONTINGENCY,,,,MY_GENERIC_ALGO,,O-20260308-220638-001-000-58,,ac0d2463-0a21-4f04-be3a-d95860c1705a,2026-03-08 22:06:38.617316387+00:00,2026-03-08 22:06:38.617316387+00:00
BACKTESTER-001,OracleStrategy-000,MESM6.GLBX,GLBX-1-053,MESM6.GLBX-OracleStrategy-000,GLBX-001,GLBX-1-053,MARKET,BUY,1,GTC,False,False,1,TAKER,6681.25,0.0,['0.00 USD'],NO_TRIGGER,FILLED,NO_CONTINGENCY,,,,MY_GENERIC_ALGO,,O-20260308-220640-001-000-60,,a234db7f-2937-4395-bbfe-e7fc3f255e5e,2026-03-08 22:06:40.981714431+00:00,2026-03-08 22:06:40.981714431+00:00
BACKTESTER-001,OracleStrategy-000,MESM6.GLBX,GLBX-1-054,MESM6.GLBX-OracleStrategy-000,GLBX-001,GLBX-1-054,MARKET,SELL,1,GTC,True,False,1,TAKER,6681.0,0.0,['0.00 USD'],NO_TRIGGER,FILLED,NO_CONTINGENCY,,,,MY_GENERIC_ALGO,,O-20260308-220643-001-000-61,,067d1a02-2087-4aa7-bcde-2c9df7a28a5e,2026-03-08 22:06:43.474451595+00:00,2026-03-08 22:06:43.474451595+00:00
BACKTESTER-001,OracleStrategy-000,MESM6.GLBX,GLBX-1-055,MESM6.GLBX-OracleStrategy-000,GLBX-001,GLBX-1-055,MARKET,SELL,1,GTC,False,False,1,TAKER,6681.0,0.0,['0.00 USD'],NO_TRIGGER,FILLED,NO_CONTINGENCY,,,,MY_GENERIC_ALGO,,O-20260308-220643-001-000-62,,8524424b-9772-4f8a-991f-de2e9d3cc13d,2026-03-08 22:06:43.474451595+00:00,2026-03-08 22:06:43.474451595+00:00
BACKTESTER-001,OracleStrategy-000,MESM6.GLBX,GLBX-1-056,MESM6.GLBX-OracleStrategy-000,GLBX-001,GLBX-1-056,MARKET,BUY,1,GTC,True,False,1,TAKER,6677.5,0.0,['0.00 USD'],NO_TRIGGER,FILLED,NO_CONTINGENCY,,,,MY_GENERIC_ALGO,,O-20260308-220649-001-000-63,,46711a18-4e75-4967-86d9-9d607c476463,2026-03-08 22:06:49.915777289+00:00,2026-03-08 22:06:49.915777289+00:00
BACKTESTER-001,OracleStrategy-000,MESM6.GLBX,GLBX-1-057,MESM6.GLBX-OracleStrategy-000,GLBX-001,GLBX-1-057,MARKET,BUY,1,GTC,False,False,1,TAKER,6677.5,0.0,['0.00 USD'],NO_TRIGGER,FILLED,NO_CONTINGENCY,,,,MY_GENERIC_ALGO,,O-20260308-220649-001-000-64,,6474282c-82ad-4f5f-af97-3777f717dbbf,2026-03-08 22:06:49.915777289+00:00,2026-03-08 22:06:49.915777289+00:00
BACKTESTER-001,OracleStrategy-000,MESM6.GLBX,GLBX-1-058,MESM6.GLBX-OracleStrategy-000,GLBX-001,GLBX-1-058,MARKET,SELL,1,GTC,True,False,1,TAKER,6689.0,0.0,['0.00 USD'],NO_TRIGGER,FILLED,NO_CONTINGENCY,,,,MY_GENERIC_ALGO,,O-20260308-220717-001-000-65,,475b2ca4-3457-4ce7-bf16-4ae3a5c6f569,2026-03-08 22:07:17.308895248+00:00,2026-03-08 22:07:17.308895248+00:00
BACKTESTER-001,OracleStrategy-000,MESM6.GLBX,GLBX-1-059,MESM6.GLBX-OracleStrategy-000,GLBX-001,GLBX-1-059,MARKET,SELL,1,GTC,False,False,1,TAKER,6689.0,0.0,['0.00 USD'],NO_TRIGGER,FILLED,NO_CONTINGENCY,,,,MY_GENERIC_ALGO,,O-20260308-220717-001-000-66,,20cd5e2b-48e8-4a28-8687-117c8e4224a7,2026-03-08 22:07:17.308895248+00:00,2026-03-08 22:07:17.308895248+00:00
BACKTESTER-001,OracleStrategy-000,MESM6.GLBX,GLBX-1-060,MESM6.GLBX-OracleStrategy-000,GLBX-001,GLBX-1-060,MARKET,BUY,1,GTC,True,False,1,TAKER,6688.5,0.0,['0.00 USD'],NO_TRIGGER,FILLED,NO_CONTINGENCY,,,,MY_GENERIC_ALGO,,O-20260308-220718-001-000-67,,8087f214-cbfe-4634-a338-851a99720178,2026-03-08 22:07:18.848923754+00:00,2026-03-08 22:07:18.848923754+00:00
BACKTESTER-001,OracleStrategy-000,MESM6.GLBX,GLBX-1-061,MESM6.GLBX-OracleStrategy-000,GLBX-001,GLBX-1-061,MARKET,BUY,1,GTC,False,False,1,TAKER,6688.5,0.0,['0.00 USD'],NO_TRIGGER,FILLED,NO_CONTINGENCY,,,,MY_GENERIC_ALGO,,O-20260308-220718-001-000-68,,d01747e2-ee69-4517-aac1-2d05b8a16779,2026-03-08 22:07:18.848923754+00:00,2026-03-08 22:07:18.848923754+00:00
BACKTESTER-001,OracleStrategy-000,MESM6.GLBX,GLBX-1-062,MESM6.GLBX-OracleStrategy-000,GLBX-001,GLBX-1-062,MARKET,SELL,1,GTC,True,False,1,TAKER,6687.0,0.0,['0.00 USD'],NO_TRIGGER,FILLED,NO_CONTINGENCY,,,,MY_GENERIC_ALGO,,O-20260308-220734-001-000-69,,7b14c575-12e5-4560-bc86-3bdcaff4ea41,2026-03-08 22:07:34.028013525+00:00,2026-03-08 22:07:34.028013525+00:00
BACKTESTER-001,OracleStrategy-000,MESM6.GLBX,GLBX-1-063,MESM6.GLBX-OracleStrategy-000,GLBX-001,GLBX-1-063,MARKET,SELL,1,GTC,False,False,1,TAKER,6687.5,0.0,['0.00 USD'],NO_TRIGGER,FILLED,NO_CONTINGENCY,,,,MY_GENERIC_ALGO,,O-20260308-220737-001-000-71,,e727c8dd-9879-4ffb-b44a-5bc7171c9cbf,2026-03-08 22:07:37.722397928+00:00,2026-03-08 22:07:37.722397928+00:00
BACKTESTER-001,OracleStrategy-000,MESM6.GLBX,GLBX-1-064,MESM6.GLBX-OracleStrategy-000,GLBX-001,GLBX-1-064,MARKET,BUY,1,GTC,True,False,1,TAKER,6690.5,0.0,['0.00 USD'],NO_TRIGGER,FILLED,NO_CONTINGENCY,,,,MY_GENERIC_ALGO,,O-20260308-220748-001-000-72,,7bb3d038-e66a-4ead-839a-918f5491f26f,2026-03-08 22:07:48.714067354+00:00,2026-03-08 22:07:48.714067354+00:00
BACKTESTER-001,OracleStrategy-000,MESM6.GLBX,GLBX-1-065,MESM6.GLBX-OracleStrategy-000,GLBX-001,GLBX-1-065,MARKET,SELL,1,GTC,False,False,1,TAKER,6688.5,0.0,['0.00 USD'],NO_TRIGGER,FILLED,NO_CONTINGENCY,,,,MY_GENERIC_ALGO,,O-20260308-220752-001-000-74,,88736e9e-e877-4d16-b2b0-5c962afb94f2,2026-03-08 22:07:52.747677669+00:00,2026-03-08 22:07:52.747677669+00:00
BACKTESTER-001,OracleStrategy-000,MESM6.GLBX,GLBX-1-066,MESM6.GLBX-OracleStrategy-000,GLBX-001,GLBX-1-066,MARKET,BUY,1,GTC,True,False,1,TAKER,6681.5,0.0,['0.00 USD'],NO_TRIGGER,FILLED,NO_CONTINGENCY,,,,MY_GENERIC_ALGO,,O-20260308-220823-001-000-75,,e7905912-1308-4d98-9605-5d8110c44610,2026-03-08 22:08:23.016090441+00:00,2026-03-08 22:08:23.016090441+00:00
BACKTESTER-001,OracleStrategy-000,MESM6.GLBX,GLBX-1-067,MESM6.GLBX-OracleStrategy-000,GLBX-001,GLBX-1-067,MARKET,BUY,1,GTC,False,False,1,TAKER,6681.5,0.0,['0.00 USD'],NO_TRIGGER,FILLED,NO_CONTINGENCY,,,,MY_GENERIC_ALGO,,O-20260308-220823-001-000-76,,b657d355-b22e-45f5-878f-684f444d33d5,2026-03-08 22:08:23.016090441+00:00,2026-03-08 22:08:23.016090441+00:00
BACKTESTER-001,OracleStrategy-000,MESM6.GLBX,GLBX-1-068,MESM6.GLBX-OracleStrategy-000,GLBX-001,GLBX-1-068,MARKET,SELL,1,GTC,True,False,1,TAKER,6680.25,0.0,['0.00 USD'],NO_TRIGGER,FILLED,NO_CONTINGENCY,,,,MY_GENERIC_ALGO,,O-20260308-220839-001-000-77,,303b1cf7-2417-4ef4-b639-57007cc7f929,2026-03-08 22:08:39.809312072+00:00,2026-03-08 22:08:39.809312072+00:00
BACKTESTER-001,OracleStrategy-000,MESM6.GLBX,GLBX-1-069,MESM6.GLBX-OracleStrategy-000,GLBX-001,GLBX-1-069,MARKET,SELL,1,GTC,False,False,1,TAKER,6680.25,0.0,['0.00 USD'],NO_TRIGGER,FILLED,NO_CONTINGENCY,,,,MY_GENERIC_ALGO,,O-20260308-220839-001-000-78,,758d6145-dcdb-4ec0-a300-2bc6f713a332,2026-03-08 22:08:39.809312072+00:00,2026-03-08 22:08:39.809312072+00:00
BACKTESTER-001,OracleStrategy-000,MESM6.GLBX,GLBX-1-070,MESM6.GLBX-OracleStrategy-000,GLBX-001,GLBX-1-070,MARKET,BUY,1,GTC,True,False,1,TAKER,6676.75,0.0,['0.00 USD'],NO_TRIGGER,FILLED,NO_CONTINGENCY,,,,MY_GENERIC_ALGO,,O-20260308-220855-001-000-79,,c41909cd-4c8c-4c85-8eab-3f565f0af778,2026-03-08 22:08:55.411551495+00:00,2026-03-08 22:08:55.411551495+00:00
BACKTESTER-001,OracleStrategy-000,MESM6.GLBX,GLBX-1-071,MESM6.GLBX-OracleStrategy-000,GLBX-001,GLBX-1-071,MARKET,BUY,1,GTC,False,False,1,TAKER,6676.75,0.0,['0.00 USD'],NO_TRIGGER,FILLED,NO_CONTINGENCY,,,,MY_GENERIC_ALGO,,O-20260308-220855-001-000-80,,38aaa89a-f83f-48d1-8ff1-a5900af9cc64,2026-03-08 22:08:55.411551495+00:00,2026-03-08 22:08:55.411551495+00:00
BACKTESTER-001,OracleStrategy-000,MESM6.GLBX,GLBX-1-072,MESM6.GLBX-OracleStrategy-000,GLBX-001,GLBX-1-072,MARKET,SELL,1,GTC,True,False,1,TAKER,6678.25,0.0,['0.00 USD'],NO_TRIGGER,FILLED,NO_CONTINGENCY,,,,MY_GENERIC_ALGO,,O-20260308-220903-001-000-81,,87d8b94d-cdd3-49a2-a706-88d29b21bd22,2026-03-08 22:09:03.706494357+00:00,2026-03-08 22:09:03.706494357+00:00
BACKTESTER-001,OracleStrategy-000,MESM6.GLBX,GLBX-1-073,MESM6.GLBX-OracleStrategy-000,GLBX-001,GLBX-1-073,MARKET,SELL,1,GTC,False,False,1,TAKER,6678.25,0.0,['0.00 USD'],NO_TRIGGER,FILLED,NO_CONTINGENCY,,,,MY_GENERIC_ALGO,,O-20260308-220903-001-000-82,,0b144c66-8c3c-4719-9801-5da811c8d66f,2026-03-08 22:09:03.706494357+00:00,2026-03-08 22:09:03.706494357+00:00
BACKTESTER-001,OracleStrategy-000,MESM6.GLBX,GLBX-1-074,MESM6.GLBX-OracleStrategy-000,GLBX-001,GLBX-1-074,MARKET,BUY,1,GTC,True,False,1,TAKER,6673.5,0.0,['0.00 USD'],NO_TRIGGER,FILLED,NO_CONTINGENCY,,,,MY_GENERIC_ALGO,,O-20260308-220917-001-000-83,,af1ebce9-ce8a-4616-8064-5d93f476f496,2026-03-08 22:09:17.069366323+00:00,2026-03-08 22:09:17.069366323+00:00
BACKTESTER-001,OracleStrategy-000,MESM6.GLBX,GLBX-1-075,MESM6.GLBX-OracleStrategy-000,GLBX-001,GLBX-1-075,MARKET,BUY,1,GTC,False,False,1,TAKER,6673.5,0.0,['0.00 USD'],NO_TRIGGER,FILLED,NO_CONTINGENCY,,,,MY_GENERIC_ALGO,,O-20260308-220917-001-000-84,,d385e7cc-3d1a-4664-bca4-960e94af9c9a,2026-03-08 22:09:17.069366323+00:00,2026-03-08 22:09:17.069366323+00:00
BACKTESTER-001,OracleStrategy-000,MESM6.GLBX,GLBX-1-076,MESM6.GLBX-OracleStrategy-000,GLBX-001,GLBX-1-076,MARKET,SELL,1,GTC,True,False,1,TAKER,6671.75,0.0,['0.00 USD'],NO_TRIGGER,FILLED,NO_CONTINGENCY,,,,MY_GENERIC_ALGO,,O-20260308-220923-001-000-85,,0bd8f2d7-c981-41bd-9f45-de6cfd64d1f2,2026-03-08 22:09:23.000641543+00:00,2026-03-08 22:09:23.000641543+00:00
BACKTESTER-001,OracleStrategy-000,MESM6.GLBX,GLBX-1-077,MESM6.GLBX-OracleStrategy-000,GLBX-001,GLBX-1-077,MARKET,BUY,1,GTC,False,False,1,TAKER,6670.75,0.0,['0.00 USD'],NO_TRIGGER,FILLED,NO_CONTINGENCY,,,,MY_GENERIC_ALGO,,O-20260308-220926-001-000-87,,18c2668e-2c9c-47ea-b75e-854de80a588d,2026-03-08 22:09:26.057937967+00:00,2026-03-08 22:09:26.057937967+00:00
BACKTESTER-001,OracleStrategy-000,MESM6.GLBX,GLBX-1-078,MESM6.GLBX-OracleStrategy-000,GLBX-001,GLBX-1-078,MARKET,SELL,1,GTC,True,False,1,TAKER,6670.5,0.0,['0.00 USD'],NO_TRIGGER,FILLED,NO_CONTINGENCY,,,,MY_GENERIC_ALGO,,O-20260308-220928-001-000-88,,8d10a466-dc4f-4c51-87f7-15439513f3ba,2026-03-08 22:09:28.874500498+00:00,2026-03-08 22:09:28.874500498+00:00
BACKTESTER-001,OracleStrategy-000,MESM6.GLBX,GLBX-1-079,MESM6.GLBX-OracleStrategy-000,GLBX-001,GLBX-1-079,MARKET,SELL,1,GTC,False,False,1,TAKER,6670.5,0.0,['0.00 USD'],NO_TRIGGER,FILLED,NO_CONTINGENCY,,,,MY_GENERIC_ALGO,,O-20260308-220928-001-000-89,,e26e8fde-f0bc-48dd-9a11-12d1de1593f3,2026-03-08 22:09:28.874500498+00:00,2026-03-08 22:09:28.874500498+00:00
BACKTESTER-001,OracleStrategy-000,MESM6.GLBX,GLBX-1-080,MESM6.GLBX-OracleStrategy-000,GLBX-001,GLBX-1-080,MARKET,BUY,1,GTC,True,False,1,TAKER,6670.5,0.0,['0.00 USD'],NO_TRIGGER,FILLED,NO_CONTINGENCY,,,,MY_GENERIC_ALGO,,O-20260308-220930-001-000-90,,972d3f9a-b68d-4644-b54e-febf012258ff,2026-03-08 22:09:30.034441867+00:00,2026-03-08 22:09:30.034441867+00:00
BACKTESTER-001,OracleStrategy-000,MESM6.GLBX,GLBX-1-081,MESM6.GLBX-OracleStrategy-000,GLBX-001,GLBX-1-081,MARKET,BUY,1,GTC,False,False,1,TAKER,6668.5,0.0,['0.00 USD'],NO_TRIGGER,FILLED,NO_CONTINGENCY,,,,MY_GENERIC_ALGO,,O-20260308-220933-001-000-92,,8b7627ad-50b5-488c-9479-063ac2e63742,2026-03-08 22:09:33.278224751+00:00,2026-03-08 22:09:33.278224751+00:00
BACKTESTER-001,OracleStrategy-000,MESM6.GLBX,GLBX-1-082,MESM6.GLBX-OracleStrategy-000,GLBX-001,GLBX-1-082,MARKET,SELL,1,GTC,True,False,1,TAKER,6680.0,0.0,['0.00 USD'],NO_TRIGGER,FILLED,NO_CONTINGENCY,,,,MY_GENERIC_ALGO,,O-20260308-221010-001-000-93,,443d63e5-6c95-4498-8c93-208fb27fa268,2026-03-08 22:10:10.430977611+00:00,2026-03-08 22:10:10.430977611+00:00
BACKTESTER-001,OracleStrategy-000,MESM6.GLBX,GLBX-1-083,MESM6.GLBX-OracleStrategy-000,GLBX-001,GLBX-1-083,MARKET,SELL,1,GTC,False,False,1,TAKER,6680.0,0.0,['0.00 USD'],NO_TRIGGER,FILLED,NO_CONTINGENCY,,,,MY_GENERIC_ALGO,,O-20260308-221010-001-000-94,,033df14e-0b3b-4e4d-bb27-52bb28b61c30,2026-03-08 22:10:10.430977611+00:00,2026-03-08 22:10:10.430977611+00:00
BACKTESTER-001,OracleStrategy-000,MESM6.GLBX,GLBX-1-084,MESM6.GLBX-OracleStrategy-000,GLBX-001,GLBX-1-084,MARKET,BUY,1,GTC,True,False,1,TAKER,6682.5,0.0,['0.00 USD'],NO_TRIGGER,FILLED,NO_CONTINGENCY,,,,MY_GENERIC_ALGO,,O-20260308-221012-001-000-95,,9a4d4276-1d66-41f4-b62c-2d5b8ec0b73a,2026-03-08 22:10:12.352934411+00:00,2026-03-08 22:10:12.352934411+00:00
BACKTESTER-001,OracleStrategy-000,MESM6.GLBX,GLBX-1-085,MESM6.GLBX-OracleStrategy-000,GLBX-001,GLBX-1-085,MARKET,BUY,1,GTC,False,False,1,TAKER,6682.5,0.0,['0.00 USD'],NO_TRIGGER,FILLED,NO_CONTINGENCY,,,,MY_GENERIC_ALGO,,O-20260308-221012-001-000-96,,7ccf22df-b64b-455d-be3f-415ba6595c0b,2026-03-08 22:10:12.352934411+00:00,2026-03-08 22:10:12.352934411+00:00
BACKTESTER-001,OracleStrategy-000,MESM6.GLBX,GLBX-1-086,MESM6.GLBX-OracleStrategy-000,GLBX-001,GLBX-1-086,MARKET,SELL,1,GTC,True,False,1,TAKER,6682.0,0.0,['0.00 USD'],NO_TRIGGER,FILLED,NO_CONTINGENCY,,,,MY_GENERIC_ALGO,,O-20260308-221033-001-000-97,,6aca7d9c-1bdf-4e8b-9e32-a18dd102e344,2026-03-08 22:10:33.966652085+00:00,2026-03-08 22:10:33.966652085+00:00
BACKTESTER-001,OracleStrategy-000,MESM6.GLBX,GLBX-1-087,MESM6.GLBX-OracleStrategy-000,GLBX-001,GLBX-1-087,MARKET,SELL,1,GTC,False,False,1,TAKER,6682.0,0.0,['0.00 USD'],NO_TRIGGER,FILLED,NO_CONTINGENCY,,,,MY_GENERIC_ALGO,,O-20260308-221033-001-000-98,,eefddf93-77af-4548-afa8-79eb6104da5d,2026-03-08 22:10:33.966652085+00:00,2026-03-08 22:10:33.966652085+00:00
BACKTESTER-001,OracleStrategy-000,MESM6.GLBX,GLBX-1-088,MESM6.GLBX-OracleStrategy-000,GLBX-001,GLBX-1-088,MARKET,BUY,1,GTC,True,False,1,TAKER,6684.0,0.0,['0.00 USD'],NO_TRIGGER,FILLED,NO_CONTINGENCY,,,,MY_GENERIC_ALGO,,O-20260308-221058-001-000-99,,cb264236-8276-4e06-8993-8c578d4c25b6,2026-03-08 22:10:58.875395549+00:00,2026-03-08 22:10:58.875395549+00:00
BACKTESTER-001,OracleStrategy-000,MESM6.GLBX,GLBX-1-089,MESM6.GLBX-OracleStrategy-000,GLBX-001,GLBX-1-089,MARKET,SELL,1,GTC,False,False,1,TAKER,6682.0,0.0,['0.00 USD'],NO_TRIGGER,FILLED,NO_CONTINGENCY,,,,MY_GENERIC_ALGO,,O-20260308-221104-001-000-101,,cc08d02d-b1e6-4d2d-9246-eac353004763,2026-03-08 22:11:04.851237757+00:00,2026-03-08 22:11:04.851237757+00:00
BACKTESTER-001,OracleStrategy-000,MESM6.GLBX,GLBX-1-090,MESM6.GLBX-OracleStrategy-000,GLBX-001,GLBX-1-090,MARKET,BUY,1,GTC,True,False,1,TAKER,6677.25,0.0,['0.00 USD'],NO_TRIGGER,FILLED,NO_CONTINGENCY,,,,MY_GENERIC_ALGO,,O-20260308-221105-001-000-102,,718c776d-72ad-4842-a7cb-53135eda7f16,2026-03-08 22:11:05.852709659+00:00,2026-03-08 22:11:05.852709659+00:00
BACKTESTER-001,OracleStrategy-000,MESM6.GLBX,GLBX-1-091,MESM6.GLBX-OracleStrategy-000,GLBX-001,GLBX-1-091,MARKET,BUY,1,GTC,False,False,1,TAKER,6677.25,0.0,['0.00 USD'],NO_TRIGGER,FILLED,NO_CONTINGENCY,,,,MY_GENERIC_ALGO,,O-20260308-221105-001-000-103,,35a8885c-9843-4e3f-b9f1-0c3983634100,2026-03-08 22:11:05.852709659+00:00,2026-03-08 22:11:05.852709659+00:00
BACKTESTER-001,OracleStrategy-000,MESM6.GLBX,GLBX-1-092,MESM6.GLBX-OracleStrategy-000,GLBX-001,GLBX-1-092,MARKET,SELL,1,GTC,True,False,1,TAKER,6678.75,0.0,['0.00 USD'],NO_TRIGGER,FILLED,NO_CONTINGENCY,,,,MY_GENERIC_ALGO,,O-20260308-221107-001-000-104,,bf2d0fbb-c3b4-40f3-bb46-d73ab9b554b6,2026-03-08 22:11:07.108595448+00:00,2026-03-08 22:11:07.108595448+00:00
BACKTESTER-001,OracleStrategy-000,MESM6.GLBX,GLBX-1-093,MESM6.GLBX-OracleStrategy-000,GLBX-001,GLBX-1-093,MARKET,SELL,1,GTC,False,False,1,TAKER,6678.75,0.0,['0.00 USD'],NO_TRIGGER,FILLED,NO_CONTINGENCY,,,,MY_GENERIC_ALGO,,O-20260308-221107-001-000-105,,dd51cfcc-def0-4886-b5c1-a524e516af76,2026-03-08 22:11:07.108595448+00:00,2026-03-08 22:11:07.108595448+00:00
BACKTESTER-001,OracleStrategy-000,MESM6.GLBX,GLBX-1-094,MESM6.GLBX-OracleStrategy-000,GLBX-001,GLBX-1-094,MARKET,BUY,1,GTC,True,False,1,TAKER,6680.5,0.0,['0.00 USD'],NO_TRIGGER,FILLED,NO_CONTINGENCY,,,,MY_GENERIC_ALGO,,O-20260308-221113-001-000-106,,dab2d06e-8afa-4e60-a22a-82a36bd290b1,2026-03-08 22:11:13.360012682+00:00,2026-03-08 22:11:13.360012682+00:00
BACKTESTER-001,OracleStrategy-000,MESM6.GLBX,GLBX-1-095,MESM6.GLBX-OracleStrategy-000,GLBX-001,GLBX-1-095,MARKET,BUY,1,GTC,False,False,1,TAKER,6680.5,0.0,['0.00 USD'],NO_TRIGGER,FILLED,NO_CONTINGENCY,,,,MY_GENERIC_ALGO,,O-20260308-221113-001-000-107,,6572a11a-6d1c-4696-9bad-f03318e704ed,2026-03-08 22:11:13.360012682+00:00,2026-03-08 22:11:13.360012682+00:00
BACKTESTER-001,OracleStrategy-000,MESM6.GLBX,GLBX-1-096,MESM6.GLBX-OracleStrategy-000,GLBX-001,GLBX-1-096,MARKET,SELL,1,GTC,True,False,1,TAKER,6680.0,0.0,['0.00 USD'],NO_TRIGGER,FILLED,NO_CONTINGENCY,,,,MY_GENERIC_ALGO,,O-20260308-221114-001-000-108,,774d6f98-7258-4058-9f85-4475b463e292,2026-03-08 22:11:14.679412256+00:00,2026-03-08 22:11:14.679412256+00:00
BACKTESTER-001,OracleStrategy-000,MESM6.GLBX,GLBX-1-097,MESM6.GLBX-OracleStrategy-000,GLBX-001,GLBX-1-097,MARKET,SELL,1,GTC,False,False,1,TAKER,6680.0,0.0,['0.00 USD'],NO_TRIGGER,FILLED,NO_CONTINGENCY,,,,MY_GENERIC_ALGO,,O-20260308-221114-001-000-109,,56fbd356-0665-4f99-90e6-62bfdba197b2,2026-03-08 22:11:14.679412256+00:00,2026-03-08 22:11:14.679412256+00:00
BACKTESTER-001,OracleStrategy-000,MESM6.GLBX,GLBX-1-098,MESM6.GLBX-OracleStrategy-000,GLBX-001,GLBX-1-098,MARKET,BUY,1,GTC,True,False,1,TAKER,6678.0,0.0,['0.00 USD'],NO_TRIGGER,FILLED,NO_CONTINGENCY,,,,MY_GENERIC_ALGO,,O-20260308-221125-001-000-110,,38d9adc5-d7df-4536-a512-fd1c7975ca61,2026-03-08 22:11:25.310552493+00:00,2026-03-08 22:11:25.310552493+00:00
BACKTESTER-001,OracleStrategy-000,MESM6.GLBX,GLBX-1-099,MESM6.GLBX-OracleStrategy-000,GLBX-001,GLBX-1-099,MARKET,BUY,1,GTC,False,False,1,TAKER,6678.0,0.0,['0.00 USD'],NO_TRIGGER,FILLED,NO_CONTINGENCY,,,,MY_GENERIC_ALGO,,O-20260308-221125-001-000-111,,301313bf-1e86-47e5-9f4e-d5ba531eddba,2026-03-08 22:11:25.310552493+00:00,2026-03-08 22:11:25.310552493+00:00
BACKTESTER-001,OracleStrategy-000,MESM6.GLBX,GLBX-1-100,MESM6.GLBX-OracleStrategy-000,GLBX-001,GLBX-1-100,MARKET,SELL,1,GTC,True,False,1,TAKER,6680.25,0.0,['0.00 USD'],NO_TRIGGER,FILLED,NO_CONTINGENCY,,,,MY_GENERIC_ALGO,,O-20260308-221131-001-000-112,,b45d8bfb-c85d-46d7-8ff6-3c43cbadf6b6,2026-03-08 22:11:31.166319759+00:00,2026-03-08 22:11:31.166319759+00:00
BACKTESTER-001,OracleStrategy-000,MESM6.GLBX,GLBX-1-101,MESM6.GLBX-OracleStrategy-000,GLBX-001,GLBX-1-101,MARKET,SELL,1,GTC,False,False,1,TAKER,6680.25,0.0,['0.00 USD'],NO_TRIGGER,FILLED,NO_CONTINGENCY,,,,MY_GENERIC_ALGO,,O-20260308-221131-001-000-113,,f6562c85-0274-4288-8510-ed403fe64fc6,2026-03-08 22:11:31.166319759+00:00,2026-03-08 22:11:31.166319759+00:00
BACKTESTER-001,OracleStrategy-000,MESM6.GLBX,GLBX-1-102,MESM6.GLBX-OracleStrategy-000,GLBX-001,GLBX-1-102,MARKET,BUY,1,GTC,True,False,1,TAKER,6679.5,0.0,['0.00 USD'],NO_TRIGGER,FILLED,NO_CONTINGENCY,,,,MY_GENERIC_ALGO,,O-20260308-221146-001-000-114,,d95f5ca9-503e-41cb-9f00-ab28a47fbaa0,2026-03-08 22:11:46.534671626+00:00,2026-03-08 22:11:46.534671626+00:00
BACKTESTER-001,OracleStrategy-000,MESM6.GLBX,GLBX-1-103,MESM6.GLBX-OracleStrategy-000,GLBX-001,GLBX-1-103,MARKET,BUY,1,GTC,False,False,1,TAKER,6679.5,0.0,['0.00 USD'],NO_TRIGGER,FILLED,NO_CONTINGENCY,,,,MY_GENERIC_ALGO,,O-20260308-221146-001-000-115,,c2746db2-6db9-40ce-bfcf-b920e8f57434,2026-03-08 22:11:46.534671626+00:00,2026-03-08 22:11:46.534671626+00:00
BACKTESTER-001,OracleStrategy-000,MESM6.GLBX,GLBX-1-104,MESM6.GLBX-OracleStrategy-000,GLBX-001,GLBX-1-104,MARKET,SELL,1,GTC,True,False,1,TAKER,6679.0,0.0,['0.00 USD'],NO_TRIGGER,FILLED,NO_CONTINGENCY,,,,MY_GENERIC_ALGO,,O-20260308-221151-001-000-116,,0c853ce7-d59d-46de-840c-ab36b9072777,2026-03-08 22:11:51.828553611+00:00,2026-03-08 22:11:51.828553611+00:00
BACKTESTER-001,OracleStrategy-000,MESM6.GLBX,GLBX-1-105,MESM6.GLBX-OracleStrategy-000,GLBX-001,GLBX-1-105,MARKET,SELL,1,GTC,False,False,1,TAKER,6679.0,0.0,['0.00 USD'],NO_TRIGGER,FILLED,NO_CONTINGENCY,,,,MY_GENERIC_ALGO,,O-20260308-221151-001-000-117,,68ce0d97-6e09-4320-b71b-d4f3653c84eb,2026-03-08 22:11:51.828553611+00:00,2026-03-08 22:11:51.828553611+00:00
BACKTESTER-001,OracleStrategy-000,MESM6.GLBX,GLBX-1-106,MESM6.GLBX-OracleStrategy-000,GLBX-001,GLBX-1-106,MARKET,BUY,1,GTC,True,False,1,TAKER,6677.75,0.0,['0.00 USD'],NO_TRIGGER,FILLED,NO_CONTINGENCY,,,,MY_GENERIC_ALGO,,O-20260308-221155-001-000-118,,82bf4b96-93e0-43df-ab0e-17b18d556db3,2026-03-08 22:11:55.613286965+00:00,2026-03-08 22:11:55.613286965+00:00
BACKTESTER-001,OracleStrategy-000,MESM6.GLBX,GLBX-1-107,MESM6.GLBX-OracleStrategy-000,GLBX-001,GLBX-1-107,MARKET,BUY,1,GTC,False,False,1,TAKER,6677.75,0.0,['0.00 USD'],NO_TRIGGER,FILLED,NO_CONTINGENCY,,,,MY_GENERIC_ALGO,,O-20260308-221155-001-000-119,,d72f49cf-6664-42cd-b553-618caab9b9be,2026-03-08 22:11:55.613286965+00:00,2026-03-08 22:11:55.613286965+00:00
BACKTESTER-001,OracleStrategy-000,MESM6.GLBX,GLBX-1-108,MESM6.GLBX-OracleStrategy-000,GLBX-001,GLBX-1-108,MARKET,SELL,1,GTC,True,False,1,TAKER,6678.5,0.0,['0.00 USD'],NO_TRIGGER,FILLED,NO_CONTINGENCY,,,,MY_GENERIC_ALGO,,O-20260308-221220-001-000-120,,f6038088-7764-4d62-83d1-77b0867efcd9,2026-03-08 22:12:20.606960923+00:00,2026-03-08 22:12:20.606960923+00:00
BACKTESTER-001,OracleStrategy-000,MESM6.GLBX,GLBX-1-109,MESM6.GLBX-OracleStrategy-000,GLBX-001,GLBX-1-109,MARKET,SELL,1,GTC,False,False,1,TAKER,6678.5,0.0,['0.00 USD'],NO_TRIGGER,FILLED,NO_CONTINGENCY,,,,MY_GENERIC_ALGO,,O-20260308-221220-001-000-121,,9f551934-6a4e-4f61-bb4b-6a95ef85b09a,2026-03-08 22:12:20.606960923+00:00,2026-03-08 22:12:20.606960923+00:00
BACKTESTER-001,OracleStrategy-000,MESM6.GLBX,GLBX-1-110,MESM6.GLBX-OracleStrategy-000,GLBX-001,GLBX-1-110,MARKET,BUY,1,GTC,True,False,1,TAKER,6681.0,0.0,['0.00 USD'],NO_TRIGGER,FILLED,NO_CONTINGENCY,,,,MY_GENERIC_ALGO,,O-20260308-221236-001-000-122,,3e2d8a07-086e-40eb-9bb5-6e3425b6535a,2026-03-08 22:12:36.595547383+00:00,2026-03-08 22:12:36.595547383+00:00
BACKTESTER-001,OracleStrategy-000,MESM6.GLBX,GLBX-1-111,MESM6.GLBX-OracleStrategy-000,GLBX-001,GLBX-1-111,MARKET,BUY,1,GTC,False,False,1,TAKER,6682.0,0.0,['0.00 USD'],NO_TRIGGER,FILLED,NO_CONTINGENCY,,,,MY_GENERIC_ALGO,,O-20260308-221237-001-000-124,,b40fd34a-f0c0-40a4-9414-17e401c5d72c,2026-03-08 22:12:37.814869943+00:00,2026-03-08 22:12:37.814869943+00:00
BACKTESTER-001,OracleStrategy-000,MESM6.GLBX,GLBX-1-112,MESM6.GLBX-OracleStrategy-000,GLBX-001,GLBX-1-112,MARKET,SELL,1,GTC,True,False,1,TAKER,6680.25,0.0,['0.00 USD'],NO_TRIGGER,FILLED,NO_CONTINGENCY,,,,MY_GENERIC_ALGO,,O-20260308-221239-001-000-125,,aef9563d-03da-49b7-b3fe-b3f42a99fa47,2026-03-08 22:12:39.924388936+00:00,2026-03-08 22:12:39.924388936+00:00
BACKTESTER-001,OracleStrategy-000,MESM6.GLBX,GLBX-1-113,MESM6.GLBX-OracleStrategy-000,GLBX-001,GLBX-1-113,MARKET,SELL,1,GTC,False,False,1,TAKER,6680.25,0.0,['0.00 USD'],NO_TRIGGER,FILLED,NO_CONTINGENCY,,,,MY_GENERIC_ALGO,,O-20260308-221239-001-000-126,,497c6d79-04d9-4a1e-8f1c-8bf78004fded,2026-03-08 22:12:39.924388936+00:00,2026-03-08 22:12:39.924388936+00:00
BACKTESTER-001,OracleStrategy-000,MESM6.GLBX,GLBX-1-114,MESM6.GLBX-OracleStrategy-000,GLBX-001,GLBX-1-114,MARKET,BUY,1,GTC,True,False,1,TAKER,6681.0,0.0,['0.00 USD'],NO_TRIGGER,FILLED,NO_CONTINGENCY,,,,MY_GENERIC_ALGO,,O-20260308-221304-001-000-127,,c3e4071c-d5bb-4330-9811-74849d56d2e3,2026-03-08 22:13:04.140026202+00:00,2026-03-08 22:13:04.140026202+00:00
BACKTESTER-001,OracleStrategy-000,MESM6.GLBX,GLBX-1-115,MESM6.GLBX-OracleStrategy-000,GLBX-001,GLBX-1-115,MARKET,BUY,1,GTC,False,False,1,TAKER,6681.0,0.0,['0.00 USD'],NO_TRIGGER,FILLED,NO_CONTINGENCY,,,,MY_GENERIC_ALGO,,O-20260308-221304-001-000-128,,d9bc62f9-2ad0-452a-8c6c-11a43de2dcc2,2026-03-08 22:13:04.140026202+00:00,2026-03-08 22:13:04.140026202+00:00
BACKTESTER-001,OracleStrategy-000,MESM6.GLBX,GLBX-1-116,MESM6.GLBX-OracleStrategy-000,GLBX-001,GLBX-1-116,MARKET,SELL,1,GTC,True,False,1,TAKER,6680.25,0.0,['0.00 USD'],NO_TRIGGER,FILLED,NO_CONTINGENCY,,,,MY_GENERIC_ALGO,,O-20260308-221306-001-000-129,,9c048f2a-2ce7-4528-864a-801c864d0de0,2026-03-08 22:13:06.411328399+00:00,2026-03-08 22:13:06.411328399+00:00
BACKTESTER-001,OracleStrategy-000,MESM6.GLBX,GLBX-1-117,MESM6.GLBX-OracleStrategy-000,GLBX-001,GLBX-1-117,MARKET,SELL,1,GTC,False,False,1,TAKER,6680.25,0.0,['0.00 USD'],NO_TRIGGER,FILLED,NO_CONTINGENCY,,,,MY_GENERIC_ALGO,,O-20260308-221306-001-000-130,,efc3983e-40dd-4368-b050-482d7df4286a,2026-03-08 22:13:06.411328399+00:00,2026-03-08 22:13:06.411328399+00:00
BACKTESTER-001,OracleStrategy-000,MESM6.GLBX,GLBX-1-118,MESM6.GLBX-OracleStrategy-000,GLBX-001,GLBX-1-118,MARKET,BUY,1,GTC,True,False,1,TAKER,6681.75,0.0,['0.00 USD'],NO_TRIGGER,FILLED,NO_CONTINGENCY,,,,MY_GENERIC_ALGO,,O-20260308-221325-001-000-131,,7520cc59-6664-4dcc-9fcc-90622235243a,2026-03-08 22:13:25.193784189+00:00,2026-03-08 22:13:25.193784189+00:00
BACKTESTER-001,OracleStrategy-000,MESM6.GLBX,GLBX-1-119,MESM6.GLBX-OracleStrategy-000,GLBX-001,GLBX-1-119,MARKET,BUY,1,GTC,False,False,1,TAKER,6681.75,0.0,['0.00 USD'],NO_TRIGGER,FILLED,NO_CONTINGENCY,,,,MY_GENERIC_ALGO,,O-20260308-221325-001-000-132,,279185a3-0672-4b5c-b565-744364ecebf9,2026-03-08 22:13:25.193784189+00:00,2026-03-08 22:13:25.193784189+00:00
BACKTESTER-001,OracleStrategy-000,MESM6.GLBX,GLBX-1-120,MESM6.GLBX-OracleStrategy-000,GLBX-001,GLBX-1-120,MARKET,SELL,1,GTC,True,False,1,TAKER,6682.25,0.0,['0.00 USD'],NO_TRIGGER,FILLED,NO_CONTINGENCY,,,,MY_GENERIC_ALGO,,O-20260308-221332-001-000-133,,c6d8e7b2-7bb5-449f-8bff-6e5d1db4a18e,2026-03-08 22:13:32.056105923+00:00,2026-03-08 22:13:32.056105923+00:00
BACKTESTER-001,OracleStrategy-000,MESM6.GLBX,GLBX-1-121,MESM6.GLBX-OracleStrategy-000,GLBX-001,GLBX-1-121,MARKET,SELL,1,GTC,False,False,1,TAKER,6682.25,0.0,['0.00 USD'],NO_TRIGGER,FILLED,NO_CONTINGENCY,,,,MY_GENERIC_ALGO,,O-20260308-221332-001-000-134,,d4c0cf39-7680-45da-8ee1-562139ca30d3,2026-03-08 22:13:32.056105923+00:00,2026-03-08 22:13:32.056105923+00:00
BACKTESTER-001,OracleStrategy-000,MESM6.GLBX,GLBX-1-122,MESM6.GLBX-OracleStrategy-000,GLBX-001,GLBX-1-122,MARKET,BUY,1,GTC,True,False,1,TAKER,6680.25,0.0,['0.00 USD'],NO_TRIGGER,FILLED,NO_CONTINGENCY,,,,MY_GENERIC_ALGO,,O-20260308-221336-001-000-135,,5539b0a8-6d9c-49a6-9259-f2126ee45c35,2026-03-08 22:13:36.252080019+00:00,2026-03-08 22:13:36.252080019+00:00
BACKTESTER-001,OracleStrategy-000,MESM6.GLBX,GLBX-1-123,MESM6.GLBX-OracleStrategy-000,GLBX-001,GLBX-1-123,MARKET,BUY,1,GTC,False,False,1,TAKER,6680.25,0.0,['0.00 USD'],NO_TRIGGER,FILLED,NO_CONTINGENCY,,,,MY_GENERIC_ALGO,,O-20260308-221336-001-000-136,,394481b1-3417-4d8c-b02d-cf8395cb0591,2026-03-08 22:13:36.252080019+00:00,2026-03-08 22:13:36.252080019+00:00
BACKTESTER-001,OracleStrategy-000,MESM6.GLBX,GLBX-1-124,MESM6.GLBX-OracleStrategy-000,GLBX-001,GLBX-1-124,MARKET,SELL,1,GTC,True,False,1,TAKER,6680.5,0.0,['0.00 USD'],NO_TRIGGER,FILLED,NO_CONTINGENCY,,,,MY_GENERIC_ALGO,,O-20260308-221338-001-000-137,,35478909-b091-4c0e-8313-e8b0daef87d8,2026-03-08 22:13:38.987781738+00:00,2026-03-08 22:13:38.987781738+00:00
BACKTESTER-001,OracleStrategy-000,MESM6.GLBX,GLBX-1-125,MESM6.GLBX-OracleStrategy-000,GLBX-001,GLBX-1-125,MARKET,SELL,1,GTC,False,False,1,TAKER,6680.5,0.0,['0.00 USD'],NO_TRIGGER,FILLED,NO_CONTINGENCY,,,,MY_GENERIC_ALGO,,O-20260308-221338-001-000-138,,7c147493-925b-439f-9e31-98d5e9866c96,2026-03-08 22:13:38.987781738+00:00,2026-03-08 22:13:38.987781738+00:00
BACKTESTER-001,OracleStrategy-000,MESM6.GLBX,GLBX-1-126,MESM6.GLBX-OracleStrategy-000,GLBX-001,GLBX-1-126,MARKET,BUY,1,GTC,True,False,1,TAKER,6678.75,0.0,['0.00 USD'],NO_TRIGGER,FILLED,NO_CONTINGENCY,,,,MY_GENERIC_ALGO,,O-20260308-221353-001-000-139,,2f2ccab5-be28-4262-a472-406b17f843de,2026-03-08 22:13:53.555443570+00:00,2026-03-08 22:13:53.555443570+00:00
BACKTESTER-001,OracleStrategy-000,MESM6.GLBX,GLBX-1-127,MESM6.GLBX-OracleStrategy-000,GLBX-001,GLBX-1-127,MARKET,BUY,1,GTC,False,False,1,TAKER,6678.75,0.0,['0.00 USD'],NO_TRIGGER,FILLED,NO_CONTINGENCY,,,,MY_GENERIC_ALGO,,O-20260308-221353-001-000-140,,d8416a64-d111-418f-8b4b-1d5662778239,2026-03-08 22:13:53.555443570+00:00,2026-03-08 22:13:53.555443570+00:00
BACKTESTER-001,OracleStrategy-000,MESM6.GLBX,GLBX-1-128,MESM6.GLBX-OracleStrategy-000,GLBX-001,GLBX-1-128,MARKET,SELL,1,GTC,True,False,1,TAKER,6678.25,0.0,['0.00 USD'],NO_TRIGGER,FILLED,NO_CONTINGENCY,,,,MY_GENERIC_ALGO,,O-20260308-221406-001-000-141,,ce0f057e-ced3-423d-8cd9-6646faa3f8fc,2026-03-08 22:14:06.280886914+00:00,2026-03-08 22:14:06.280886914+00:00
BACKTESTER-001,OracleStrategy-000,MESM6.GLBX,GLBX-1-129,MESM6.GLBX-OracleStrategy-000,GLBX-001,GLBX-1-129,MARKET,SELL,1,GTC,False,False,1,TAKER,6678.25,0.0,['0.00 USD'],NO_TRIGGER,FILLED,NO_CONTINGENCY,,,,MY_GENERIC_ALGO,,O-20260308-221406-001-000-142,,1932a5ea-7fce-40ad-81a1-4e43f83a69ab,2026-03-08 22:14:06.280886914+00:00,2026-03-08 22:14:06.280886914+00:00
BACKTESTER-001,OracleStrategy-000,MESM6.GLBX,GLBX-1-130,MESM6.GLBX-OracleStrategy-000,GLBX-001,GLBX-1-130,MARKET,BUY,1,GTC,True,False,1,TAKER,6680.0,0.0,['0.00 USD'],NO_TRIGGER,FILLED,NO_CONTINGENCY,,,,MY_GENERIC_ALGO,,O-20260308-221413-001-000-143,,1d64ebf7-a3cf-44d9-8f71-5f42648bb9d7,2026-03-08 22:14:13.169005210+00:00,2026-03-08 22:14:13.169005210+00:00
BACKTESTER-001,OracleStrategy-000,MESM6.GLBX,GLBX-1-131,MESM6.GLBX-OracleStrategy-000,GLBX-001,GLBX-1-131,MARKET,BUY,1,GTC,False,False,1,TAKER,6681.25,0.0,['0.00 USD'],NO_TRIGGER,FILLED,NO_CONTINGENCY,,,,MY_GENERIC_ALGO,,O-20260308-221417-001-000-145,,c64d0c36-d9f0-439b-893a-dbf4c8761e72,2026-03-08 22:14:17.112001391+00:00,2026-03-08 22:14:17.112001391+00:00
BACKTESTER-001,OracleStrategy-000,MESM6.GLBX,GLBX-1-132,MESM6.GLBX-OracleStrategy-000,GLBX-001,GLBX-1-132,MARKET,SELL,1,GTC,True,False,1,TAKER,6679.25,0.0,['0.00 USD'],NO_TRIGGER,FILLED,NO_CONTINGENCY,,,,MY_GENERIC_ALGO,,O-20260308-221424-001-000-146,,511babc8-24ef-48f0-8d0a-f3aa702e92be,2026-03-08 22:14:24.575823848+00:00,2026-03-08 22:14:24.575823848+00:00
BACKTESTER-001,OracleStrategy-000,MESM6.GLBX,GLBX-1-133,MESM6.GLBX-OracleStrategy-000,GLBX-001,GLBX-1-133,MARKET,SELL,1,GTC,False,False,1,TAKER,6679.25,0.0,['0.00 USD'],NO_TRIGGER,FILLED,NO_CONTINGENCY,,,,MY_GENERIC_ALGO,,O-20260308-221424-001-000-147,,28be3879-57ac-43d5-ade8-92bbec1c74b7,2026-03-08 22:14:24.575823848+00:00,2026-03-08 22:14:24.575823848+00:00
BACKTESTER-001,OracleStrategy-000,MESM6.GLBX,GLBX-1-134,MESM6.GLBX-OracleStrategy-000,GLBX-001,GLBX-1-134,MARKET,BUY,1,GTC,True,False,1,TAKER,6673.75,0.0,['0.00 USD'],NO_TRIGGER,FILLED,NO_CONTINGENCY,,,,MY_GENERIC_ALGO,,O-20260308-221439-001-000-148,,4104bec7-9602-496b-8822-76de263e8fe6,2026-03-08 22:14:39.037369067+00:00,2026-03-08 22:14:39.037369067+00:00
BACKTESTER-001,OracleStrategy-000,MESM6.GLBX,GLBX-1-135,MESM6.GLBX-OracleStrategy-000,GLBX-001,GLBX-1-135,MARKET,BUY,1,GTC,False,False,1,TAKER,6673.75,0.0,['0.00 USD'],NO_TRIGGER,FILLED,NO_CONTINGENCY,,,,MY_GENERIC_ALGO,,O-20260308-221439-001-000-149,,0d80c0bc-97f4-41e4-bf55-b1405a8fd93f,2026-03-08 22:14:39.037369067+00:00,2026-03-08 22:14:39.037369067+00:00
BACKTESTER-001,OracleStrategy-000,MESM6.GLBX,GLBX-1-136,MESM6.GLBX-OracleStrategy-000,GLBX-001,GLBX-1-136,MARKET,SELL,1,GTC,True,False,1,TAKER,6672.5,0.0,['0.00 USD'],NO_TRIGGER,FILLED,NO_CONTINGENCY,,,,MY_GENERIC_ALGO,,O-20260308-221442-001-000-150,,d43ea2e4-9fd3-4d98-ba30-dca0d5cd40bf,2026-03-08 22:14:42.611930911+00:00,2026-03-08 22:14:42.611930911+00:00
BACKTESTER-001,OracleStrategy-000,MESM6.GLBX,GLBX-1-137,MESM6.GLBX-OracleStrategy-000,GLBX-001,GLBX-1-137,MARKET,SELL,1,GTC,False,False,1,TAKER,6677.0,0.0,['0.00 USD'],NO_TRIGGER,FILLED,NO_CONTINGENCY,,,,MY_GENERIC_ALGO,,O-20260308-221456-001-000-152,,9c5652be-7767-4e05-9ee1-dedcae29082b,2026-03-08 22:14:56.496398031+00:00,2026-03-08 22:14:56.496398031+00:00
BACKTESTER-001,OracleStrategy-000,MESM6.GLBX,GLBX-1-138,MESM6.GLBX-OracleStrategy-000,GLBX-001,GLBX-1-138,MARKET,BUY,1,GTC,True,False,1,TAKER,6675.0,0.0,['0.00 USD'],NO_TRIGGER,FILLED,NO_CONTINGENCY,,,,MY_GENERIC_ALGO,,O-20260308-221508-001-000-153,,e324ae76-62b2-4612-8cc5-3f0cb4cb70d7,2026-03-08 22:15:08.458162141+00:00,2026-03-08 22:15:08.458162141+00:00
BACKTESTER-001,OracleStrategy-000,MESM6.GLBX,GLBX-1-139,MESM6.GLBX-OracleStrategy-000,GLBX-001,GLBX-1-139,MARKET,BUY,1,GTC,False,False,1,TAKER,6675.0,0.0,['0.00 USD'],NO_TRIGGER,FILLED,NO_CONTINGENCY,,,,MY_GENERIC_ALGO,,O-20260308-221508-001-000-154,,d8d8f6e5-365a-4359-8aca-fdc8d8f4adee,2026-03-08 22:15:08.458162141+00:00,2026-03-08 22:15:08.458162141+00:00
BACKTESTER-001,OracleStrategy-000,MESM6.GLBX,GLBX-1-140,MESM6.GLBX-OracleStrategy-000,GLBX-001,GLBX-1-140,MARKET,SELL,1,GTC,True,False,1,TAKER,6676.5,0.0,['0.00 USD'],NO_TRIGGER,FILLED,NO_CONTINGENCY,,,,MY_GENERIC_ALGO,,O-20260308-221526-001-000-155,,d8a82964-355d-4196-8eef-8216e47b2fbb,2026-03-08 22:15:26.387389627+00:00,2026-03-08 22:15:26.387389627+00:00
BACKTESTER-001,OracleStrategy-000,MESM6.GLBX,GLBX-1-141,MESM6.GLBX-OracleStrategy-000,GLBX-001,GLBX-1-141,MARKET,SELL,1,GTC,False,False,1,TAKER,6676.5,0.0,['0.00 USD'],NO_TRIGGER,FILLED,NO_CONTINGENCY,,,,MY_GENERIC_ALGO,,O-20260308-221526-001-000-156,,f2d7d347-aa9b-4e57-9bb5-2fda1e42b010,2026-03-08 22:15:26.387389627+00:00,2026-03-08 22:15:26.387389627+00:00
BACKTESTER-001,OracleStrategy-000,MESM6.GLBX,GLBX-1-142,MESM6.GLBX-OracleStrategy-000,GLBX-001,GLBX-1-142,MARKET,BUY,1,GTC,True,False,1,TAKER,6680.0,0.0,['0.00 USD'],NO_TRIGGER,FILLED,NO_CONTINGENCY,,,,MY_GENERIC_ALGO,,O-20260308-221556-001-000-157,,d408e9c0-191b-42f2-907d-28cb494c9026,2026-03-08 22:15:56.973836356+00:00,2026-03-08 22:15:56.973836356+00:00
BACKTESTER-001,OracleStrategy-000,MESM6.GLBX,GLBX-1-143,MESM6.GLBX-OracleStrategy-000,GLBX-001,GLBX-1-143,MARKET,BUY,1,GTC,False,False,1,TAKER,6680.0,0.0,['0.00 USD'],NO_TRIGGER,FILLED,NO_CONTINGENCY,,,,MY_GENERIC_ALGO,,O-20260308-221556-001-000-158,,e27a0260-007a-4819-b445-c4440baa813d,2026-03-08 22:15:56.973836356+00:00,2026-03-08 22:15:56.973836356+00:00
BACKTESTER-001,OracleStrategy-000,MESM6.GLBX,GLBX-1-144,MESM6.GLBX-OracleStrategy-000,GLBX-001,GLBX-1-144,MARKET,SELL,1,GTC,True,False,1,TAKER,6681.5,0.0,['0.00 USD'],NO_TRIGGER,FILLED,NO_CONTINGENCY,,,,MY_GENERIC_ALGO,,O-20260308-221611-001-000-159,,0757cf0a-6e61-47e5-9082-f62daf933636,2026-03-08 22:16:11.809371083+00:00,2026-03-08 22:16:11.809371083+00:00
BACKTESTER-001,OracleStrategy-000,MESM6.GLBX,GLBX-1-145,MESM6.GLBX-OracleStrategy-000,GLBX-001,GLBX-1-145,MARKET,SELL,1,GTC,False,False,1,TAKER,6681.5,0.0,['0.00 USD'],NO_TRIGGER,FILLED,NO_CONTINGENCY,,,,MY_GENERIC_ALGO,,O-20260308-221611-001-000-160,,dc220627-e749-43bb-828c-729fc2ff945f,2026-03-08 22:16:11.809371083+00:00,2026-03-08 22:16:11.809371083+00:00
BACKTESTER-001,OracleStrategy-000,MESM6.GLBX,GLBX-1-146,MESM6.GLBX-OracleStrategy-000,GLBX-001,GLBX-1-146,MARKET,BUY,1,GTC,True,False,1,TAKER,6682.0,0.0,['0.00 USD'],NO_TRIGGER,FILLED,NO_CONTINGENCY,,,,MY_GENERIC_ALGO,,O-20260308-221615-001-000-161,,720241c5-5efa-456c-a431-064aa5910634,2026-03-08 22:16:15.156340853+00:00,2026-03-08 22:16:15.156340853+00:00
BACKTESTER-001,OracleStrategy-000,MESM6.GLBX,GLBX-1-147,MESM6.GLBX-OracleStrategy-000,GLBX-001,GLBX-1-147,MARKET,BUY,1,GTC,False,False,1,TAKER,6682.0,0.0,['0.00 USD'],NO_TRIGGER,FILLED,NO_CONTINGENCY,,,,MY_GENERIC_ALGO,,O-20260308-221615-001-000-162,,1b95b346-8ba8-4731-b7fb-978d23374837,2026-03-08 22:16:15.156340853+00:00,2026-03-08 22:16:15.156340853+00:00
BACKTESTER-001,OracleStrategy-000,MESM6.GLBX,GLBX-1-148,MESM6.GLBX-OracleStrategy-000,GLBX-001,GLBX-1-148,MARKET,SELL,1,GTC,True,False,1,TAKER,6681.75,0.0,['0.00 USD'],NO_TRIGGER,FILLED,NO_CONTINGENCY,,,,MY_GENERIC_ALGO,,O-20260308-221618-001-000-163,,9c6fbf47-68f8-412e-bb34-c3f650d0052d,2026-03-08 22:16:18.977488067+00:00,2026-03-08 22:16:18.977488067+00:00
BACKTESTER-001,OracleStrategy-000,MESM6.GLBX,GLBX-1-149,MESM6.GLBX-OracleStrategy-000,GLBX-001,GLBX-1-149,MARKET,SELL,1,GTC,False,False,1,TAKER,6681.75,0.0,['0.00 USD'],NO_TRIGGER,FILLED,NO_CONTINGENCY,,,,MY_GENERIC_ALGO,,O-20260308-221618-001-000-164,,3adc5a51-05b4-405e-81c9-e666f4cef954,2026-03-08 22:16:18.977488067+00:00,2026-03-08 22:16:18.977488067+00:00
BACKTESTER-001,OracleStrategy-000,MESM6.GLBX,GLBX-1-150,MESM6.GLBX-OracleStrategy-000,GLBX-001,GLBX-1-150,MARKET,BUY,1,GTC,True,False,1,TAKER,6680.75,0.0,['0.00 USD'],NO_TRIGGER,FILLED,NO_CONTINGENCY,,,,MY_GENERIC_ALGO,,O-20260308-221629-001-000-165,,c8653e62-f4f0-425c-ac47-cdc9796847e8,2026-03-08 22:16:29.679424605+00:00,2026-03-08 22:16:29.679424605+00:00
BACKTESTER-001,OracleStrategy-000,MESM6.GLBX,GLBX-1-151,MESM6.GLBX-OracleStrategy-000,GLBX-001,GLBX-1-151,MARKET,BUY,1,GTC,False,False,1,TAKER,6680.75,0.0,['0.00 USD'],NO_TRIGGER,FILLED,NO_CONTINGENCY,,,,MY_GENERIC_ALGO,,O-20260308-221629-001-000-166,,369bb4cd-2edf-44ec-887f-258d6087026b,2026-03-08 22:16:29.679424605+00:00,2026-03-08 22:16:29.679424605+00:00
BACKTESTER-001,OracleStrategy-000,MESM6.GLBX,GLBX-1-152,MESM6.GLBX-OracleStrategy-000,GLBX-001,GLBX-1-152,MARKET,SELL,1,GTC,True,False,1,TAKER,6684.0,0.0,['0.00 USD'],NO_TRIGGER,FILLED,NO_CONTINGENCY,,,,MY_GENERIC_ALGO,,O-20260308-221705-001-000-167,,a2a10fb8-6b8a-429a-b3c9-145175e385d6,2026-03-08 22:17:05.470709456+00:00,2026-03-08 22:17:05.470709456+00:00
BACKTESTER-001,OracleStrategy-000,MESM6.GLBX,GLBX-1-153,MESM6.GLBX-OracleStrategy-000,GLBX-001,GLBX-1-153,MARKET,SELL,1,GTC,False,False,1,TAKER,6684.0,0.0,['0.00 USD'],NO_TRIGGER,FILLED,NO_CONTINGENCY,,,,MY_GENERIC_ALGO,,O-20260308-221705-001-000-168,,e2092c59-c35f-46c3-8dd5-25c99f824da6,2026-03-08 22:17:05.470709456+00:00,2026-03-08 22:17:05.470709456+00:00
BACKTESTER-001,OracleStrategy-000,MESM6.GLBX,GLBX-1-154,MESM6.GLBX-OracleStrategy-000,GLBX-001,GLBX-1-154,MARKET,BUY,1,GTC,True,False,1,TAKER,6684.75,0.0,['0.00 USD'],NO_TRIGGER,FILLED,NO_CONTINGENCY,,,,MY_GENERIC_ALGO,,O-20260308-221708-001-000-169,,b3bc8166-2aa6-43d3-af7c-de66e5fc0c16,2026-03-08 22:17:08.995810891+00:00,2026-03-08 22:17:08.995810891+00:00
BACKTESTER-001,OracleStrategy-000,MESM6.GLBX,GLBX-1-155,MESM6.GLBX-OracleStrategy-000,GLBX-001,GLBX-1-155,MARKET,BUY,1,GTC,False,False,1,TAKER,6684.75,0.0,['0.00 USD'],NO_TRIGGER,FILLED,NO_CONTINGENCY,,,,MY_GENERIC_ALGO,,O-20260308-221708-001-000-170,,dd5d5eea-d0fc-4586-b788-9b2a3d1ce64a,2026-03-08 22:17:08.995810891+00:00,2026-03-08 22:17:08.995810891+00:00
BACKTESTER-001,OracleStrategy-000,MESM6.GLBX,GLBX-1-156,MESM6.GLBX-OracleStrategy-000,GLBX-001,GLBX-1-156,MARKET,SELL,1,GTC,True,False,1,TAKER,6683.75,0.0,['0.00 USD'],NO_TRIGGER,FILLED,NO_CONTINGENCY,,,,MY_GENERIC_ALGO,,O-20260308-221711-001-000-171,,c6cf11fa-5beb-4374-af02-74cee009014d,2026-03-08 22:17:11.985464903+00:00,2026-03-08 22:17:11.985464903+00:00
BACKTESTER-001,OracleStrategy-000,MESM6.GLBX,GLBX-1-157,MESM6.GLBX-OracleStrategy-000,GLBX-001,GLBX-1-157,MARKET,SELL,1,GTC,False,False,1,TAKER,6683.75,0.0,['0.00 USD'],NO_TRIGGER,FILLED,NO_CONTINGENCY,,,,MY_GENERIC_ALGO,,O-20260308-221711-001-000-172,,d17c46bf-42c7-4f5f-a2b8-3133799a114f,2026-03-08 22:17:11.985464903+00:00,2026-03-08 22:17:11.985464903+00:00
BACKTESTER-001,OracleStrategy-000,MESM6.GLBX,GLBX-1-158,MESM6.GLBX-OracleStrategy-000,GLBX-001,GLBX-1-158,MARKET,BUY,1,GTC,True,False,1,TAKER,6685.25,0.0,['0.00 USD'],NO_TRIGGER,FILLED,NO_CONTINGENCY,,,,MY_GENERIC_ALGO,,O-20260308-221722-001-000-173,,d302de7f-6c14-4259-a635-bea9f6f9defd,2026-03-08 22:17:22.644388261+00:00,2026-03-08 22:17:22.644388261+00:00
BACKTESTER-001,OracleStrategy-000,MESM6.GLBX,GLBX-1-159,MESM6.GLBX-OracleStrategy-000,GLBX-001,GLBX-1-159,MARKET,BUY,1,GTC,False,False,1,TAKER,6685.25,0.0,['0.00 USD'],NO_TRIGGER,FILLED,NO_CONTINGENCY,,,,MY_GENERIC_ALGO,,O-20260308-221722-001-000-174,,4003678c-cf13-497a-80da-2610eb618783,2026-03-08 22:17:22.644388261+00:00,2026-03-08 22:17:22.644388261+00:00
BACKTESTER-001,OracleStrategy-000,MESM6.GLBX,GLBX-1-160,MESM6.GLBX-OracleStrategy-000,GLBX-001,GLBX-1-160,MARKET,SELL,1,GTC,True,False,1,TAKER,6684.25,0.0,['0.00 USD'],NO_TRIGGER,FILLED,NO_CONTINGENCY,,,,MY_GENERIC_ALGO,,O-20260308-221731-001-000-175,,479d403a-6a44-4cbc-9373-4074bd878899,2026-03-08 22:17:31.809771179+00:00,2026-03-08 22:17:31.809771179+00:00
BACKTESTER-001,OracleStrategy-000,MESM6.GLBX,GLBX-1-161,MESM6.GLBX-OracleStrategy-000,GLBX-001,GLBX-1-161,MARKET,SELL,1,GTC,False,False,1,TAKER,6684.25,0.0,['0.00 USD'],NO_TRIGGER,FILLED,NO_CONTINGENCY,,,,MY_GENERIC_ALGO,,O-20260308-221731-001-000-176,,4fc949d6-283f-40bc-be78-4a17dfbad747,2026-03-08 22:17:31.809771179+00:00,2026-03-08 22:17:31.809771179+00:00
BACKTESTER-001,OracleStrategy-000,MESM6.GLBX,GLBX-1-162,MESM6.GLBX-OracleStrategy-000,GLBX-001,GLBX-1-162,MARKET,BUY,1,GTC,True,False,1,TAKER,6684.75,0.0,['0.00 USD'],NO_TRIGGER,FILLED,NO_CONTINGENCY,,,,MY_GENERIC_ALGO,,O-20260308-221804-001-000-177,,cd93821c-de32-4892-9142-8e181776bad3,2026-03-08 22:18:04.127558093+00:00,2026-03-08 22:18:04.127558093+00:00
BACKTESTER-001,OracleStrategy-000,MESM6.GLBX,GLBX-1-163,MESM6.GLBX-OracleStrategy-000,GLBX-001,GLBX-1-163,MARKET,BUY,1,GTC,False,False,1,TAKER,6684.75,0.0,['0.00 USD'],NO_TRIGGER,FILLED,NO_CONTINGENCY,,,,MY_GENERIC_ALGO,,O-20260308-221804-001-000-178,,14503eb5-b844-421f-8a85-d48acf22d14e,2026-03-08 22:18:04.127558093+00:00,2026-03-08 22:18:04.127558093+00:00
BACKTESTER-001,OracleStrategy-000,MESM6.GLBX,GLBX-1-164,MESM6.GLBX-OracleStrategy-000,GLBX-001,GLBX-1-164,MARKET,SELL,1,GTC,True,False,1,TAKER,6681.75,0.0,['0.00 USD'],NO_TRIGGER,FILLED,NO_CONTINGENCY,,,,MY_GENERIC_ALGO,,O-20260308-221822-001-000-179,,15b7aee9-bb4e-4544-8628-2384ca9761cb,2026-03-08 22:18:22.824278858+00:00,2026-03-08 22:18:22.824278858+00:00
BACKTESTER-001,OracleStrategy-000,MESM6.GLBX,GLBX-1-165,MESM6.GLBX-OracleStrategy-000,GLBX-001,GLBX-1-165,MARKET,BUY,1,GTC,False,False,1,TAKER,6683.0,0.0,['0.00 USD'],NO_TRIGGER,FILLED,NO_CONTINGENCY,,,,MY_GENERIC_ALGO,,O-20260308-221824-001-000-181,,cb1c5579-9500-4f6a-b3dc-e62229d5cd32,2026-03-08 22:18:24.584768667+00:00,2026-03-08 22:18:24.584768667+00:00
BACKTESTER-001,OracleStrategy-000,MESM6.GLBX,GLBX-1-166,MESM6.GLBX-OracleStrategy-000,GLBX-001,GLBX-1-166,MARKET,SELL,1,GTC,True,False,1,TAKER,6684.0,0.0,['0.00 USD'],NO_TRIGGER,FILLED,NO_CONTINGENCY,,,,MY_GENERIC_ALGO,,O-20260308-221846-001-000-182,,5ca6d7c8-4aa2-49bb-aaee-b4b6117ce642,2026-03-08 22:18:46.771348096+00:00,2026-03-08 22:18:46.771348096+00:00
BACKTESTER-001,OracleStrategy-000,MESM6.GLBX,GLBX-1-167,MESM6.GLBX-OracleStrategy-000,GLBX-001,GLBX-1-167,MARKET,SELL,1,GTC,False,False,1,TAKER,6684.0,0.0,['0.00 USD'],NO_TRIGGER,FILLED,NO_CONTINGENCY,,,,MY_GENERIC_ALGO,,O-20260308-221846-001-000-183,,3df0d027-4752-4199-a038-3726f15ba83c,2026-03-08 22:18:46.771348096+00:00,2026-03-08 22:18:46.771348096+00:00
BACKTESTER-001,OracleStrategy-000,MESM6.GLBX,GLBX-1-168,MESM6.GLBX-OracleStrategy-000,GLBX-001,GLBX-1-168,MARKET,BUY,1,GTC,True,False,1,TAKER,6683.0,0.0,['0.00 USD'],NO_TRIGGER,FILLED,NO_CONTINGENCY,,,,MY_GENERIC_ALGO,,O-20260308-221848-001-000-184,,3d92e4b3-9fd8-4b20-93c0-2acd51486e07,2026-03-08 22:18:48.483518434+00:00,2026-03-08 22:18:48.483518434+00:00
BACKTESTER-001,OracleStrategy-000,MESM6.GLBX,GLBX-1-169,MESM6.GLBX-OracleStrategy-000,GLBX-001,GLBX-1-169,MARKET,BUY,1,GTC,False,False,1,TAKER,6683.0,0.0,['0.00 USD'],NO_TRIGGER,FILLED,NO_CONTINGENCY,,,,MY_GENERIC_ALGO,,O-20260308-221848-001-000-185,,afc72cfa-fc49-4c05-a1cf-f7478c2abdf1,2026-03-08 22:18:48.483518434+00:00,2026-03-08 22:18:48.483518434+00:00
BACKTESTER-001,OracleStrategy-000,MESM6.GLBX,GLBX-1-170,MESM6.GLBX-OracleStrategy-000,GLBX-001,GLBX-1-170,MARKET,SELL,1,GTC,True,False,1,TAKER,6683.0,0.0,['0.00 USD'],NO_TRIGGER,FILLED,NO_CONTINGENCY,,,,MY_GENERIC_ALGO,,O-20260308-221850-001-000-186,,13f83497-59de-46d5-8eac-fd4c8fd404a3,2026-03-08 22:18:50.863781474+00:00,2026-03-08 22:18:50.863781474+00:00
BACKTESTER-001,OracleStrategy-000,MESM6.GLBX,GLBX-1-171,MESM6.GLBX-OracleStrategy-000,GLBX-001,GLBX-1-171,MARKET,SELL,1,GTC,False,False,1,TAKER,6683.0,0.0,['0.00 USD'],NO_TRIGGER,FILLED,NO_CONTINGENCY,,,,MY_GENERIC_ALGO,,O-20260308-221850-001-000-187,,6bea09db-054f-487d-a690-99141774da10,2026-03-08 22:18:50.863781474+00:00,2026-03-08 22:18:50.863781474+00:00
BACKTESTER-001,OracleStrategy-000,MESM6.GLBX,GLBX-1-172,MESM6.GLBX-OracleStrategy-000,GLBX-001,GLBX-1-172,MARKET,BUY,1,GTC,True,False,1,TAKER,6684.0,0.0,['0.00 USD'],NO_TRIGGER,FILLED,NO_CONTINGENCY,,,,MY_GENERIC_ALGO,,O-20260308-221915-001-000-188,,48e4e720-f6ed-451d-9c5c-483ea1e81e02,2026-03-08 22:19:15.185229104+00:00,2026-03-08 22:19:15.185229104+00:00
BACKTESTER-001,OracleStrategy-000,MESM6.GLBX,GLBX-1-173,MESM6.GLBX-OracleStrategy-000,GLBX-001,GLBX-1-173,MARKET,BUY,1,GTC,False,False,1,TAKER,6684.0,0.0,['0.00 USD'],NO_TRIGGER,FILLED,NO_CONTINGENCY,,,,MY_GENERIC_ALGO,,O-20260308-221915-001-000-189,,3aec43e9-d57b-4e4d-9d58-23cb293d336b,2026-03-08 22:19:15.185229104+00:00,2026-03-08 22:19:15.185229104+00:00
BACKTESTER-001,OracleStrategy-000,MESM6.GLBX,GLBX-1-174,MESM6.GLBX-OracleStrategy-000,GLBX-001,GLBX-1-174,MARKET,SELL,1,GTC,True,False,1,TAKER,6684.5,0.0,['0.00 USD'],NO_TRIGGER,FILLED,NO_CONTINGENCY,,,,MY_GENERIC_ALGO,,O-20260308-221922-001-000-190,,2d038a21-7a6a-4939-841a-5eb9ac608d4d,2026-03-08 22:19:22.847149464+00:00,2026-03-08 22:19:22.847149464+00:00
BACKTESTER-001,OracleStrategy-000,MESM6.GLBX,GLBX-1-175,MESM6.GLBX-OracleStrategy-000,GLBX-001,GLBX-1-175,MARKET,SELL,1,GTC,False,False,1,TAKER,6684.5,0.0,['0.00 USD'],NO_TRIGGER,FILLED,NO_CONTINGENCY,,,,MY_GENERIC_ALGO,,O-20260308-221922-001-000-191,,f83eeaa9-c1da-41a0-ab67-a08fa4ab5249,2026-03-08 22:19:22.847149464+00:00,2026-03-08 22:19:22.847149464+00:00
BACKTESTER-001,OracleStrategy-000,MESM6.GLBX,GLBX-1-176,MESM6.GLBX-OracleStrategy-000,GLBX-001,GLBX-1-176,MARKET,BUY,1,GTC,True,False,1,TAKER,6684.25,0.0,['0.00 USD'],NO_TRIGGER,FILLED,NO_CONTINGENCY,,,,MY_GENERIC_ALGO,,O-20260308-221931-001-000-192,,22a7dd17-d291-4ea1-8097-7172df8d55dd,2026-03-08 22:19:31.789848363+00:00,2026-03-08 22:19:31.789848363+00:00
BACKTESTER-001,OracleStrategy-000,MESM6.GLBX,GLBX-1-177,MESM6.GLBX-OracleStrategy-000,GLBX-001,GLBX-1-177,MARKET,BUY,1,GTC,False,False,1,TAKER,6684.25,0.0,['0.00 USD'],NO_TRIGGER,FILLED,NO_CONTINGENCY,,,,MY_GENERIC_ALGO,,O-20260308-221931-001-000-193,,36e25ab5-51a3-42d9-9d39-3d7808f3de08,2026-03-08 22:19:31.789848363+00:00,2026-03-08 22:19:31.789848363+00:00
BACKTESTER-001,OracleStrategy-000,MESM6.GLBX,GLBX-1-178,MESM6.GLBX-OracleStrategy-000,GLBX-001,GLBX-1-178,MARKET,SELL,1,GTC,True,False,1,TAKER,6685.0,0.0,['0.00 USD'],NO_TRIGGER,FILLED,NO_CONTINGENCY,,,,MY_GENERIC_ALGO,,O-20260308-222008-001-000-194,,951ce32b-01ce-40f2-a8e1-c452c6984c81,2026-03-08 22:20:08.359356232+00:00,2026-03-08 22:20:08.359356232+00:00
BACKTESTER-001,OracleStrategy-000,MESM6.GLBX,GLBX-1-179,MESM6.GLBX-OracleStrategy-000,GLBX-001,GLBX-1-179,MARKET,SELL,1,GTC,False,False,1,TAKER,6685.0,0.0,['0.00 USD'],NO_TRIGGER,FILLED,NO_CONTINGENCY,,,,MY_GENERIC_ALGO,,O-20260308-222008-001-000-195,,85c7af3b-50fd-4306-967b-460d97425449,2026-03-08 22:20:08.359356232+00:00,2026-03-08 22:20:08.359356232+00:00
BACKTESTER-001,OracleStrategy-000,MESM6.GLBX,GLBX-1-180,MESM6.GLBX-OracleStrategy-000,GLBX-001,GLBX-1-180,MARKET,BUY,1,GTC,True,False,1,TAKER,6686.25,0.0,['0.00 USD'],NO_TRIGGER,FILLED,NO_CONTINGENCY,,,,MY_GENERIC_ALGO,,O-20260308-222021-001-000-196,,284e8b86-71b0-4f2f-9158-8292f46d6a7c,2026-03-08 22:20:21.089405919+00:00,2026-03-08 22:20:21.089405919+00:00
BACKTESTER-001,OracleStrategy-000,MESM6.GLBX,GLBX-1-181,MESM6.GLBX-OracleStrategy-000,GLBX-001,GLBX-1-181,MARKET,BUY,1,GTC,False,False,1,TAKER,6686.25,0.0,['0.00 USD'],NO_TRIGGER,FILLED,NO_CONTINGENCY,,,,MY_GENERIC_ALGO,,O-20260308-222021-001-000-197,,7a935f8f-2c93-487d-8b26-fb181afded39,2026-03-08 22:20:21.089405919+00:00,2026-03-08 22:20:21.089405919+00:00
BACKTESTER-001,OracleStrategy-000,MESM6.GLBX,GLBX-1-182,MESM6.GLBX-OracleStrategy-000,GLBX-001,GLBX-1-182,MARKET,SELL,1,GTC,True,False,1,TAKER,6686.75,0.0,['0.00 USD'],NO_TRIGGER,FILLED,NO_CONTINGENCY,,,,MY_GENERIC_ALGO,,O-20260308-222024-001-000-198,,a2dfd574-5a6f-4134-93fd-3bf9cc839cc0,2026-03-08 22:20:24.662803951+00:00,2026-03-08 22:20:24.662803951+00:00
BACKTESTER-001,OracleStrategy-000,MESM6.GLBX,GLBX-1-183,MESM6.GLBX-OracleStrategy-000,GLBX-001,GLBX-1-183,MARKET,SELL,1,GTC,False,False,1,TAKER,6686.75,0.0,['0.00 USD'],NO_TRIGGER,FILLED,NO_CONTINGENCY,,,,MY_GENERIC_ALGO,,O-20260308-222024-001-000-199,,101a8604-f130-4b8c-b2e4-1df37a2f5df6,2026-03-08 22:20:24.662803951+00:00,2026-03-08 22:20:24.662803951+00:00
BACKTESTER-001,OracleStrategy-000,MESM6.GLBX,GLBX-1-184,MESM6.GLBX-OracleStrategy-000,GLBX-001,GLBX-1-184,MARKET,BUY,1,GTC,True,False,1,TAKER,6687.75,0.0,['0.00 USD'],NO_TRIGGER,FILLED,NO_CONTINGENCY,,,,MY_GENERIC_ALGO,,O-20260308-222028-001-000-200,,9d891489-d251-44e0-8c64-c4abcde71b96,2026-03-08 22:20:28.222032682+00:00,2026-03-08 22:20:28.222032682+00:00
BACKTESTER-001,OracleStrategy-000,MESM6.GLBX,GLBX-1-185,MESM6.GLBX-OracleStrategy-000,GLBX-001,GLBX-1-185,MARKET,BUY,1,GTC,False,False,1,TAKER,6687.75,0.0,['0.00 USD'],NO_TRIGGER,FILLED,NO_CONTINGENCY,,,,MY_GENERIC_ALGO,,O-20260308-222028-001-000-201,,5c1ba4dd-9f40-48a6-9bea-82ad723a53e8,2026-03-08 22:20:28.222032682+00:00,2026-03-08 22:20:28.222032682+00:00
BACKTESTER-001,OracleStrategy-000,MESM6.GLBX,GLBX-1-186,MESM6.GLBX-OracleStrategy-000,GLBX-001,GLBX-1-186,MARKET,SELL,1,GTC,True,False,1,TAKER,6692.0,0.0,['0.00 USD'],NO_TRIGGER,FILLED,NO_CONTINGENCY,,,,MY_GENERIC_ALGO,,O-20260308-222035-001-000-202,,1ee3f4fa-963e-4d39-96e7-95bcdb17950f,2026-03-08 22:20:35.111645470+00:00,2026-03-08 22:20:35.111645470+00:00
BACKTESTER-001,OracleStrategy-000,MESM6.GLBX,GLBX-1-187,MESM6.GLBX-OracleStrategy-000,GLBX-001,GLBX-1-187,MARKET,SELL,1,GTC,False,False,1,TAKER,6692.0,0.0,['0.00 USD'],NO_TRIGGER,FILLED,NO_CONTINGENCY,,,,MY_GENERIC_ALGO,,O-20260308-222035-001-000-203,,0a5b3f36-a467-414d-94db-807d999d68f2,2026-03-08 22:20:35.111645470+00:00,2026-03-08 22:20:35.111645470+00:00
BACKTESTER-001,OracleStrategy-000,MESM6.GLBX,GLBX-1-188,MESM6.GLBX-OracleStrategy-000,GLBX-001,GLBX-1-188,MARKET,BUY,1,GTC,True,False,1,TAKER,6688.0,0.0,['0.00 USD'],NO_TRIGGER,FILLED,NO_CONTINGENCY,,,,MY_GENERIC_ALGO,,O-20260308-222038-001-000-204,,cec301b1-84d6-40b4-90ba-c2f72955aaec,2026-03-08 22:20:38.377386490+00:00,2026-03-08 22:20:38.377386490+00:00
BACKTESTER-001,OracleStrategy-000,MESM6.GLBX,GLBX-1-189,MESM6.GLBX-OracleStrategy-000,GLBX-001,GLBX-1-189,MARKET,BUY,1,GTC,False,False,1,TAKER,6688.0,0.0,['0.00 USD'],NO_TRIGGER,FILLED,NO_CONTINGENCY,,,,MY_GENERIC_ALGO,,O-20260308-222038-001-000-205,,16557ebe-82ca-454d-9bfe-d996a57f896b,2026-03-08 22:20:38.377386490+00:00,2026-03-08 22:20:38.377386490+00:00
BACKTESTER-001,OracleStrategy-000,MESM6.GLBX,GLBX-1-190,MESM6.GLBX-OracleStrategy-000,GLBX-001,GLBX-1-190,MARKET,SELL,1,GTC,True,False,1,TAKER,6686.25,0.0,['0.00 USD'],NO_TRIGGER,FILLED,NO_CONTINGENCY,,,,MY_GENERIC_ALGO,,O-20260308-222043-001-000-206,,a084d9a5-6d12-4094-8a61-1e1b062d9463,2026-03-08 22:20:43.572321008+00:00,2026-03-08 22:20:43.572321008+00:00
BACKTESTER-001,OracleStrategy-000,MESM6.GLBX,GLBX-1-191,MESM6.GLBX-OracleStrategy-000,GLBX-001,GLBX-1-191,MARKET,SELL,1,GTC,False,False,1,TAKER,6686.25,0.0,['0.00 USD'],NO_TRIGGER,FILLED,NO_CONTINGENCY,,,,MY_GENERIC_ALGO,,O-20260308-222043-001-000-207,,d3797da0-95d2-4d6e-a5b4-10df6b9c494c,2026-03-08 22:20:43.572321008+00:00,2026-03-08 22:20:43.572321008+00:00
BACKTESTER-001,OracleStrategy-000,MESM6.GLBX,GLBX-1-192,MESM6.GLBX-OracleStrategy-000,GLBX-001,GLBX-1-192,MARKET,BUY,1,GTC,True,False,1,TAKER,6686.5,0.0,['0.00 USD'],NO_TRIGGER,FILLED,NO_CONTINGENCY,,,,MY_GENERIC_ALGO,,O-20260308-222057-001-000-208,,1d639d09-098b-42ef-a5ab-0b2bcb371e6c,2026-03-08 22:20:57.668330156+00:00,2026-03-08 22:20:57.668330156+00:00
BACKTESTER-001,OracleStrategy-000,MESM6.GLBX,GLBX-1-193,MESM6.GLBX-OracleStrategy-000,GLBX-001,GLBX-1-193,MARKET,BUY,1,GTC,False,False,1,TAKER,6686.5,0.0,['0.00 USD'],NO_TRIGGER,FILLED,NO_CONTINGENCY,,,,MY_GENERIC_ALGO,,O-20260308-222057-001-000-209,,0c0d16b0-e5b8-4991-a32e-5f10ed0f5522,2026-03-08 22:20:57.668330156+00:00,2026-03-08 22:20:57.668330156+00:00
BACKTESTER-001,OracleStrategy-000,MESM6.GLBX,GLBX-1-194,MESM6.GLBX-OracleStrategy-000,GLBX-001,GLBX-1-194,MARKET,SELL,1,GTC,True,False,1,TAKER,6687.0,0.0,['0.00 USD'],NO_TRIGGER,FILLED,NO_CONTINGENCY,,,,MY_GENERIC_ALGO,,O-20260308-222102-001-000-210,,4af7a1f3-f705-493a-a582-58d0b8cd76ab,2026-03-08 22:21:02.592598407+00:00,2026-03-08 22:21:02.592598407+00:00
BACKTESTER-001,OracleStrategy-000,MESM6.GLBX,GLBX-1-195,MESM6.GLBX-OracleStrategy-000,GLBX-001,GLBX-1-195,MARKET,SELL,1,GTC,False,False,1,TAKER,6687.0,0.0,['0.00 USD'],NO_TRIGGER,FILLED,NO_CONTINGENCY,,,,MY_GENERIC_ALGO,,O-20260308-222102-001-000-211,,68def70e-d6b1-409a-889f-9b980f473d5d,2026-03-08 22:21:02.592598407+00:00,2026-03-08 22:21:02.592598407+00:00
BACKTESTER-001,OracleStrategy-000,MESM6.GLBX,GLBX-1-196,MESM6.GLBX-OracleStrategy-000,GLBX-001,GLBX-1-196,MARKET,BUY,1,GTC,True,False,1,TAKER,6692.0,0.0,['0.00 USD'],NO_TRIGGER,FILLED,NO_CONTINGENCY,,,,MY_GENERIC_ALGO,,O-20260308-222104-001-000-212,,a21da1a1-63fe-49ae-855d-b4d2c6316725,2026-03-08 22:21:04.202620706+00:00,2026-03-08 22:21:04.202620706+00:00
BACKTESTER-001,OracleStrategy-000,MESM6.GLBX,GLBX-1-197,MESM6.GLBX-OracleStrategy-000,GLBX-001,GLBX-1-197,MARKET,BUY,1,GTC,False,False,1,TAKER,6692.0,0.0,['0.00 USD'],NO_TRIGGER,FILLED,NO_CONTINGENCY,,,,MY_GENERIC_ALGO,,O-20260308-222104-001-000-213,,846cb67f-3859-4882-b9bb-26963268e866,2026-03-08 22:21:04.202620706+00:00,2026-03-08 22:21:04.202620706+00:00
BACKTESTER-001,OracleStrategy-000,MESM6.GLBX,GLBX-1-198,MESM6.GLBX-OracleStrategy-000,GLBX-001,GLBX-1-198,MARKET,SELL,1,GTC,True,False,1,TAKER,6688.0,0.0,['0.00 USD'],NO_TRIGGER,FILLED,NO_CONTINGENCY,,,,MY_GENERIC_ALGO,,O-20260308-222106-001-000-214,,227b531c-fca9-4271-a1e0-b18325c832e7,2026-03-08 22:21:06.960119349+00:00,2026-03-08 22:21:06.960119349+00:00
BACKTESTER-001,OracleStrategy-000,MESM6.GLBX,GLBX-1-199,MESM6.GLBX-OracleStrategy-000,GLBX-001,GLBX-1-199,MARKET,SELL,1,GTC,False,False,1,TAKER,6688.0,0.0,['0.00 USD'],NO_TRIGGER,FILLED,NO_CONTINGENCY,,,,MY_GENERIC_ALGO,,O-20260308-222106-001-000-215,,445642db-971c-4300-ad34-036186e575fb,2026-03-08 22:21:06.960119349+00:00,2026-03-08 22:21:06.960119349+00:00
BACKTESTER-001,OracleStrategy-000,MESM6.GLBX,GLBX-1-200,MESM6.GLBX-OracleStrategy-000,GLBX-001,GLBX-1-200,MARKET,BUY,1,GTC,True,False,1,TAKER,6686.75,0.0,['0.00 USD'],NO_TRIGGER,FILLED,NO_CONTINGENCY,,,,MY_GENERIC_ALGO,,O-20260308-222109-001-000-216,,54b7f5be-5c01-41aa-aedb-bdc02da7fc6e,2026-03-08 22:21:09.835084069+00:00,2026-03-08 22:21:09.835084069+00:00
BACKTESTER-001,OracleStrategy-000,MESM6.GLBX,GLBX-1-201,MESM6.GLBX-OracleStrategy-000,GLBX-001,GLBX-1-201,MARKET,BUY,1,GTC,False,False,1,TAKER,6686.75,0.0,['0.00 USD'],NO_TRIGGER,FILLED,NO_CONTINGENCY,,,,MY_GENERIC_ALGO,,O-20260308-222109-001-000-217,,5bfe5d7f-bb50-49fe-8e1d-9dcfcc9cac67,2026-03-08 22:21:09.835084069+00:00,2026-03-08 22:21:09.835084069+00:00
BACKTESTER-001,OracleStrategy-000,MESM6.GLBX,GLBX-1-202,MESM6.GLBX-OracleStrategy-000,GLBX-001,GLBX-1-202,MARKET,SELL,1,GTC,True,False,1,TAKER,6686.5,0.0,['0.00 USD'],NO_TRIGGER,FILLED,NO_CONTINGENCY,,,,MY_GENERIC_ALGO,,O-20260308-222129-001-000-218,,c472eaee-678b-4416-87ca-6e3ec76d69e7,2026-03-08 22:21:29.913255823+00:00,2026-03-08 22:21:29.913255823+00:00
BACKTESTER-001,OracleStrategy-000,MESM6.GLBX,GLBX-1-203,MESM6.GLBX-OracleStrategy-000,GLBX-001,GLBX-1-203,MARKET,SELL,1,GTC,False,False,1,TAKER,6686.5,0.0,['0.00 USD'],NO_TRIGGER,FILLED,NO_CONTINGENCY,,,,MY_GENERIC_ALGO,,O-20260308-222129-001-000-219,,d7c40514-ea9c-4740-b848-c70af3351787,2026-03-08 22:21:29.913255823+00:00,2026-03-08 22:21:29.913255823+00:00
BACKTESTER-001,OracleStrategy-000,MESM6.GLBX,GLBX-1-204,MESM6.GLBX-OracleStrategy-000,GLBX-001,GLBX-1-204,MARKET,BUY,1,GTC,True,False,1,TAKER,6688.25,0.0,['0.00 USD'],NO_TRIGGER,FILLED,NO_CONTINGENCY,,,,MY_GENERIC_ALGO,,O-20260308-222204-001-000-220,,0b2528a2-87f5-49d3-b46b-0ba0c53f9f8d,2026-03-08 22:22:04.710914834+00:00,2026-03-08 22:22:04.710914834+00:00
BACKTESTER-001,OracleStrategy-000,MESM6.GLBX,GLBX-1-205,MESM6.GLBX-OracleStrategy-000,GLBX-001,GLBX-1-205,MARKET,BUY,1,GTC,False,False,1,TAKER,6688.25,0.0,['0.00 USD'],NO_TRIGGER,FILLED,NO_CONTINGENCY,,,,MY_GENERIC_ALGO,,O-20260308-222204-001-000-221,,905acb5a-4181-4507-a4b2-70cb5c43bca5,2026-03-08 22:22:04.710914834+00:00,2026-03-08 22:22:04.710914834+00:00
BACKTESTER-001,OracleStrategy-000,MESM6.GLBX,GLBX-1-206,MESM6.GLBX-OracleStrategy-000,GLBX-001,GLBX-1-206,MARKET,SELL,1,GTC,True,False,1,TAKER,6686.0,0.0,['0.00 USD'],NO_TRIGGER,FILLED,NO_CONTINGENCY,,,,MY_GENERIC_ALGO,,O-20260308-222216-001-000-222,,9355098c-c2dd-4a5e-a37f-3cee256fbe37,2026-03-08 22:22:16.736305693+00:00,2026-03-08 22:22:16.736305693+00:00
BACKTESTER-001,OracleStrategy-000,MESM6.GLBX,GLBX-1-207,MESM6.GLBX-OracleStrategy-000,GLBX-001,GLBX-1-207,MARKET,SELL,1,GTC,False,False,1,TAKER,6686.0,0.0,['0.00 USD'],NO_TRIGGER,FILLED,NO_CONTINGENCY,,,,MY_GENERIC_ALGO,,O-20260308-222216-001-000-223,,576e5bfa-6183-4fba-880c-415d4cd8e92d,2026-03-08 22:22:16.736305693+00:00,2026-03-08 22:22:16.736305693+00:00
BACKTESTER-001,OracleStrategy-000,MESM6.GLBX,GLBX-1-208,MESM6.GLBX-OracleStrategy-000,GLBX-001,GLBX-1-208,MARKET,BUY,1,GTC,True,False,1,TAKER,6685.5,0.0,['0.00 USD'],NO_TRIGGER,FILLED,NO_CONTINGENCY,,,,MY_GENERIC_ALGO,,O-20260308-222223-001-000-224,,1489dc48-6faa-4cb2-ac06-6954f7764ee8,2026-03-08 22:22:23.437566888+00:00,2026-03-08 22:22:23.437566888+00:00
BACKTESTER-001,OracleStrategy-000,MESM6.GLBX,GLBX-1-209,MESM6.GLBX-OracleStrategy-000,GLBX-001,GLBX-1-209,MARKET,BUY,1,GTC,False,False,1,TAKER,6685.5,0.0,['0.00 USD'],NO_TRIGGER,FILLED,NO_CONTINGENCY,,,,MY_GENERIC_ALGO,,O-20260308-222223-001-000-225,,c89f95ba-5d5c-4463-bd83-433615681a99,2026-03-08 22:22:23.437566888+00:00,2026-03-08 22:22:23.437566888+00:00
BACKTESTER-001,OracleStrategy-000,MESM6.GLBX,GLBX-1-210,MESM6.GLBX-OracleStrategy-000,GLBX-001,GLBX-1-210,MARKET,SELL,1,GTC,True,False,1,TAKER,6685.0,0.0,['0.00 USD'],NO_TRIGGER,FILLED,NO_CONTINGENCY,,,,MY_GENERIC_ALGO,,O-20260308-222237-001-000-226,,925a8154-b19a-4f26-9b9f-7d220d78cfd2,2026-03-08 22:22:37.135892755+00:00,2026-03-08 22:22:37.135892755+00:00
BACKTESTER-001,OracleStrategy-000,MESM6.GLBX,GLBX-1-211,MESM6.GLBX-OracleStrategy-000,GLBX-001,GLBX-1-211,MARKET,SELL,1,GTC,False,False,1,TAKER,6685.0,0.0,['0.00 USD'],NO_TRIGGER,FILLED,NO_CONTINGENCY,,,,MY_GENERIC_ALGO,,O-20260308-222237-001-000-227,,4a683a45-4752-48ab-975b-e938f2c259f8,2026-03-08 22:22:37.135892755+00:00,2026-03-08 22:22:37.135892755+00:00
BACKTESTER-001,OracleStrategy-000,MESM6.GLBX,GLBX-1-212,MESM6.GLBX-OracleStrategy-000,GLBX-001,GLBX-1-212,MARKET,BUY,1,GTC,True,False,1,TAKER,6684.75,0.0,['0.00 USD'],NO_TRIGGER,FILLED,NO_CONTINGENCY,,,,MY_GENERIC_ALGO,,O-20260308-222256-001-000-228,,fe43c840-5024-4953-b533-594c6f09103e,2026-03-08 22:22:56.304257738+00:00,2026-03-08 22:22:56.304257738+00:00
BACKTESTER-001,OracleStrategy-000,MESM6.GLBX,GLBX-1-213,MESM6.GLBX-OracleStrategy-000,GLBX-001,GLBX-1-213,MARKET,BUY,1,GTC,False,False,1,TAKER,6684.75,0.0,['0.00 USD'],NO_TRIGGER,FILLED,NO_CONTINGENCY,,,,MY_GENERIC_ALGO,,O-20260308-222256-001-000-229,,b85a6052-2ada-469e-984f-00293b9caa70,2026-03-08 22:22:56.304257738+00:00,2026-03-08 22:22:56.304257738+00:00
BACKTESTER-001,OracleStrategy-000,MESM6.GLBX,GLBX-1-214,MESM6.GLBX-OracleStrategy-000,GLBX-001,GLBX-1-214,MARKET,SELL,1,GTC,True,False,1,TAKER,6683.75,0.0,['0.00 USD'],NO_TRIGGER,FILLED,NO_CONTINGENCY,,,,MY_GENERIC_ALGO,,O-20260308-222305-001-000-230,,b2370fe9-ac12-4b5d-b176-5cc077159280,2026-03-08 22:23:05.410091213+00:00,2026-03-08 22:23:05.410091213+00:00
BACKTESTER-001,OracleStrategy-000,MESM6.GLBX,GLBX-1-215,MESM6.GLBX-OracleStrategy-000,GLBX-001,GLBX-1-215,MARKET,SELL,1,GTC,False,False,1,TAKER,6683.75,0.0,['0.00 USD'],NO_TRIGGER,FILLED,NO_CONTINGENCY,,,,MY_GENERIC_ALGO,,O-20260308-222305-001-000-231,,c772e415-9898-49ef-9fac-084d6c971305,2026-03-08 22:23:05.410091213+00:00,2026-03-08 22:23:05.410091213+00:00
BACKTESTER-001,OracleStrategy-000,MESM6.GLBX,GLBX-1-216,MESM6.GLBX-OracleStrategy-000,GLBX-001,GLBX-1-216,MARKET,BUY,1,GTC,True,False,1,TAKER,6677.25,0.0,['0.00 USD'],NO_TRIGGER,FILLED,NO_CONTINGENCY,,,,MY_GENERIC_ALGO,,O-20260308-222424-001-000-232,,5c4466f1-abc0-417e-aeba-0959cd23c454,2026-03-08 22:24:24.824441305+00:00,2026-03-08 22:24:24.824441305+00:00
BACKTESTER-001,OracleStrategy-000,MESM6.GLBX,GLBX-1-217,MESM6.GLBX-OracleStrategy-000,GLBX-001,GLBX-1-217,MARKET,BUY,1,GTC,False,False,1,TAKER,6677.25,0.0,['0.00 USD'],NO_TRIGGER,FILLED,NO_CONTINGENCY,,,,MY_GENERIC_ALGO,,O-20260308-222424-001-000-233,,d1e1b5d4-a090-47e9-887d-db0ce0995ab9,2026-03-08 22:24:24.824441305+00:00,2026-03-08 22:24:24.824441305+00:00
BACKTESTER-001,OracleStrategy-000,MESM6.GLBX,GLBX-1-218,MESM6.GLBX-OracleStrategy-000,GLBX-001,GLBX-1-218,MARKET,SELL,1,GTC,True,False,1,TAKER,6677.25,0.0,['0.00 USD'],NO_TRIGGER,FILLED,NO_CONTINGENCY,,,,MY_GENERIC_ALGO,,O-20260308-222447-001-000-234,,0c5484d3-3223-4339-a05a-098f4113387b,2026-03-08 22:24:47.558978289+00:00,2026-03-08 22:24:47.558978289+00:00
BACKTESTER-001,OracleStrategy-000,MESM6.GLBX,GLBX-1-219,MESM6.GLBX-OracleStrategy-000,GLBX-001,GLBX-1-219,MARKET,SELL,1,GTC,False,False,1,TAKER,6677.25,0.0,['0.00 USD'],NO_TRIGGER,FILLED,NO_CONTINGENCY,,,,MY_GENERIC_ALGO,,O-20260308-222447-001-000-235,,ca213699-dbe6-4d6d-b67e-308a49d70e3a,2026-03-08 22:24:47.558978289+00:00,2026-03-08 22:24:47.558978289+00:00
BACKTESTER-001,OracleStrategy-000,MESM6.GLBX,GLBX-1-220,MESM6.GLBX-OracleStrategy-000,GLBX-001,GLBX-1-220,MARKET,BUY,1,GTC,True,False,1,TAKER,6679.0,0.0,['0.00 USD'],NO_TRIGGER,FILLED,NO_CONTINGENCY,,,,MY_GENERIC_ALGO,,O-20260308-222455-001-000-236,,58b0f8d5-b251-4c0c-90cd-378fdd70e482,2026-03-08 22:24:55.510952898+00:00,2026-03-08 22:24:55.510952898+00:00
BACKTESTER-001,OracleStrategy-000,MESM6.GLBX,GLBX-1-221,MESM6.GLBX-OracleStrategy-000,GLBX-001,GLBX-1-221,MARKET,SELL,1,GTC,False,False,1,TAKER,6678.5,0.0,['0.00 USD'],NO_TRIGGER,FILLED,NO_CONTINGENCY,,,,MY_GENERIC_ALGO,,O-20260308-222501-001-000-238,,93a86e2f-8daa-44c4-8440-4dfa661796ac,2026-03-08 22:25:01.038484024+00:00,2026-03-08 22:25:01.038484024+00:00
BACKTESTER-001,OracleStrategy-000,MESM6.GLBX,GLBX-1-222,MESM6.GLBX-OracleStrategy-000,GLBX-001,GLBX-1-222,MARKET,BUY,1,GTC,True,False,1,TAKER,6680.75,0.0,['0.00 USD'],NO_TRIGGER,FILLED,NO_CONTINGENCY,,,,MY_GENERIC_ALGO,,O-20260308-222516-001-000-239,,3a9ae358-f387-42ac-9dec-b9cdee262edd,2026-03-08 22:25:16.948380250+00:00,2026-03-08 22:25:16.948380250+00:00
BACKTESTER-001,OracleStrategy-000,MESM6.GLBX,GLBX-1-223,MESM6.GLBX-OracleStrategy-000,GLBX-001,GLBX-1-223,MARKET,BUY,1,GTC,False,False,1,TAKER,6680.75,0.0,['0.00 USD'],NO_TRIGGER,FILLED,NO_CONTINGENCY,,,,MY_GENERIC_ALGO,,O-20260308-222516-001-000-240,,981d415c-84e4-43f3-92b4-7b61c807744e,2026-03-08 22:25:16.948380250+00:00,2026-03-08 22:25:16.948380250+00:00
BACKTESTER-001,OracleStrategy-000,MESM6.GLBX,GLBX-1-224,MESM6.GLBX-OracleStrategy-000,GLBX-001,GLBX-1-224,MARKET,SELL,1,GTC,True,False,1,TAKER,6680.25,0.0,['0.00 USD'],NO_TRIGGER,FILLED,NO_CONTINGENCY,,,,MY_GENERIC_ALGO,,O-20260308-222520-001-000-241,,4f609818-ec32-44e6-970f-755468d5522b,2026-03-08 22:25:20.372967723+00:00,2026-03-08 22:25:20.372967723+00:00
BACKTESTER-001,OracleStrategy-000,MESM6.GLBX,GLBX-1-225,MESM6.GLBX-OracleStrategy-000,GLBX-001,GLBX-1-225,MARKET,SELL,1,GTC,False,False,1,TAKER,6680.25,0.0,['0.00 USD'],NO_TRIGGER,FILLED,NO_CONTINGENCY,,,,MY_GENERIC_ALGO,,O-20260308-222520-001-000-242,,b38504a7-7cd6-48d4-99a1-264b0d743720,2026-03-08 22:25:20.372967723+00:00,2026-03-08 22:25:20.372967723+00:00
BACKTESTER-001,OracleStrategy-000,MESM6.GLBX,GLBX-1-226,MESM6.GLBX-OracleStrategy-000,GLBX-001,GLBX-1-226,MARKET,BUY,1,GTC,True,False,1,TAKER,6678.25,0.0,['0.00 USD'],NO_TRIGGER,FILLED,NO_CONTINGENCY,,,,MY_GENERIC_ALGO,,O-20260308-222542-001-000-243,,df54243b-ae5b-4eb0-b080-b9adf8814b7b,2026-03-08 22:25:42.560633314+00:00,2026-03-08 22:25:42.560633314+00:00
BACKTESTER-001,OracleStrategy-000,MESM6.GLBX,GLBX-1-227,MESM6.GLBX-OracleStrategy-000,GLBX-001,GLBX-1-227,MARKET,BUY,1,GTC,False,False,1,TAKER,6678.25,0.0,['0.00 USD'],NO_TRIGGER,FILLED,NO_CONTINGENCY,,,,MY_GENERIC_ALGO,,O-20260308-222542-001-000-244,,96784444-b4e7-4571-b0b0-29ee1353de07,2026-03-08 22:25:42.560633314+00:00,2026-03-08 22:25:42.560633314+00:00
BACKTESTER-001,OracleStrategy-000,MESM6.GLBX,GLBX-1-228,MESM6.GLBX-OracleStrategy-000,GLBX-001,GLBX-1-228,MARKET,SELL,1,GTC,True,False,1,TAKER,6676.75,0.0,['0.00 USD'],NO_TRIGGER,FILLED,NO_CONTINGENCY,,,,MY_GENERIC_ALGO,,O-20260308-222543-001-000-245,,b933707f-ad1f-4664-bd4d-5b898e15574b,2026-03-08 22:25:43.644395269+00:00,2026-03-08 22:25:43.644395269+00:00
BACKTESTER-001,OracleStrategy-000,MESM6.GLBX,GLBX-1-229,MESM6.GLBX-OracleStrategy-000,GLBX-001,GLBX-1-229,MARKET,SELL,1,GTC,False,False,1,TAKER,6676.75,0.0,['0.00 USD'],NO_TRIGGER,FILLED,NO_CONTINGENCY,,,,MY_GENERIC_ALGO,,O-20260308-222543-001-000-246,,87868fb5-454e-40c7-879e-f254f244f2bc,2026-03-08 22:25:43.644395269+00:00,2026-03-08 22:25:43.644395269+00:00
BACKTESTER-001,OracleStrategy-000,MESM6.GLBX,GLBX-1-230,MESM6.GLBX-OracleStrategy-000,GLBX-001,GLBX-1-230,MARKET,BUY,1,GTC,True,False,1,TAKER,6676.25,0.0,['0.00 USD'],NO_TRIGGER,FILLED,NO_CONTINGENCY,,,,MY_GENERIC_ALGO,,O-20260308-222548-001-000-247,,5f69af0b-1b72-476d-b29a-3f5051a0097d,2026-03-08 22:25:48.288101101+00:00,2026-03-08 22:25:48.288101101+00:00
BACKTESTER-001,OracleStrategy-000,MESM6.GLBX,GLBX-1-231,MESM6.GLBX-OracleStrategy-000,GLBX-001,GLBX-1-231,MARKET,BUY,1,GTC,False,False,1,TAKER,6676.25,0.0,['0.00 USD'],NO_TRIGGER,FILLED,NO_CONTINGENCY,,,,MY_GENERIC_ALGO,,O-20260308-222548-001-000-248,,d86c9733-fdca-4b54-a0d7-7a6db99cabd7,2026-03-08 22:25:48.288101101+00:00,2026-03-08 22:25:48.288101101+00:00
BACKTESTER-001,OracleStrategy-000,MESM6.GLBX,GLBX-1-232,MESM6.GLBX-OracleStrategy-000,GLBX-001,GLBX-1-232,MARKET,SELL,1,GTC,True,False,1,TAKER,6676.5,0.0,['0.00 USD'],NO_TRIGGER,FILLED,NO_CONTINGENCY,,,,MY_GENERIC_ALGO,,O-20260308-222625-001-000-249,,1df62c02-bd6d-4278-bc8f-c02b615dc86d,2026-03-08 22:26:25.575297570+00:00,2026-03-08 22:26:25.575297570+00:00
BACKTESTER-001,OracleStrategy-000,MESM6.GLBX,GLBX-1-233,MESM6.GLBX-OracleStrategy-000,GLBX-001,GLBX-1-233,MARKET,SELL,1,GTC,False,False,1,TAKER,6676.5,0.0,['0.00 USD'],NO_TRIGGER,FILLED,NO_CONTINGENCY,,,,MY_GENERIC_ALGO,,O-20260308-222625-001-000-250,,0ed6e0b5-8075-437b-ae67-44b7e0f40723,2026-03-08 22:26:25.575297570+00:00,2026-03-08 22:26:25.575297570+00:00
BACKTESTER-001,OracleStrategy-000,MESM6.GLBX,GLBX-1-234,MESM6.GLBX-OracleStrategy-000,GLBX-001,GLBX-1-234,MARKET,BUY,1,GTC,True,False,1,TAKER,6676.25,0.0,['0.00 USD'],NO_TRIGGER,FILLED,NO_CONTINGENCY,,,,MY_GENERIC_ALGO,,O-20260308-222629-001-000-251,,a45f4547-bf08-4d2e-beab-06aed9abead9,2026-03-08 22:26:29.014607157+00:00,2026-03-08 22:26:29.014607157+00:00
BACKTESTER-001,OracleStrategy-000,MESM6.GLBX,GLBX-1-235,MESM6.GLBX-OracleStrategy-000,GLBX-001,GLBX-1-235,MARKET,BUY,1,GTC,False,False,1,TAKER,6676.25,0.0,['0.00 USD'],NO_TRIGGER,FILLED,NO_CONTINGENCY,,,,MY_GENERIC_ALGO,,O-20260308-222629-001-000-252,,8ef6ba1d-44b2-4694-ab19-749b6bbaf664,2026-03-08 22:26:29.014607157+00:00,2026-03-08 22:26:29.014607157+00:00
BACKTESTER-001,OracleStrategy-000,MESM6.GLBX,GLBX-1-236,MESM6.GLBX-OracleStrategy-000,GLBX-001,GLBX-1-236,MARKET,SELL,1,GTC,True,False,1,TAKER,6675.0,0.0,['0.00 USD'],NO_TRIGGER,FILLED,NO_CONTINGENCY,,,,MY_GENERIC_ALGO,,O-20260308-222637-001-000-253,,73ea96e3-bf9a-4940-8da1-d587fe433575,2026-03-08 22:26:37.085225323+00:00,2026-03-08 22:26:37.085225323+00:00
BACKTESTER-001,OracleStrategy-000,MESM6.GLBX,GLBX-1-237,MESM6.GLBX-OracleStrategy-000,GLBX-001,GLBX-1-237,MARKET,SELL,1,GTC,False,False,1,TAKER,6675.0,0.0,['0.00 USD'],NO_TRIGGER,FILLED,NO_CONTINGENCY,,,,MY_GENERIC_ALGO,,O-20260308-222637-001-000-254,,905e8aee-e6de-4847-92bd-56fe516a33ec,2026-03-08 22:26:37.085225323+00:00,2026-03-08 22:26:37.085225323+00:00
BACKTESTER-001,OracleStrategy-000,MESM6.GLBX,GLBX-1-238,MESM6.GLBX-OracleStrategy-000,GLBX-001,GLBX-1-238,MARKET,BUY,1,GTC,True,False,1,TAKER,6675.0,0.0,['0.00 USD'],NO_TRIGGER,FILLED,NO_CONTINGENCY,,,,MY_GENERIC_ALGO,,O-20260308-222642-001-000-255,,1727115b-0522-4cb3-9ace-ae3060c41dbb,2026-03-08 22:26:42.780422864+00:00,2026-03-08 22:26:42.780422864+00:00
BACKTESTER-001,OracleStrategy-000,MESM6.GLBX,GLBX-1-239,MESM6.GLBX-OracleStrategy-000,GLBX-001,GLBX-1-239,MARKET,BUY,1,GTC,False,False,1,TAKER,6675.0,0.0,['0.00 USD'],NO_TRIGGER,FILLED,NO_CONTINGENCY,,,,MY_GENERIC_ALGO,,O-20260308-222642-001-000-256,,bac92857-3298-40b4-b3fd-1b1ecadbe257,2026-03-08 22:26:42.780422864+00:00,2026-03-08 22:26:42.780422864+00:00
BACKTESTER-001,OracleStrategy-000,MESM6.GLBX,GLBX-1-240,MESM6.GLBX-OracleStrategy-000,GLBX-001,GLBX-1-240,MARKET,SELL,1,GTC,True,False,1,TAKER,6675.75,0.0,['0.00 USD'],NO_TRIGGER,FILLED,NO_CONTINGENCY,,,,MY_GENERIC_ALGO,,O-20260308-222652-001-000-257,,3b3e0853-b7e0-40f3-8fdd-21520f45bee2,2026-03-08 22:26:52.702072045+00:00,2026-03-08 22:26:52.702072045+00:00
BACKTESTER-001,OracleStrategy-000,MESM6.GLBX,GLBX-1-241,MESM6.GLBX-OracleStrategy-000,GLBX-001,GLBX-1-241,MARKET,SELL,1,GTC,False,False,1,TAKER,6675.75,0.0,['0.00 USD'],NO_TRIGGER,FILLED,NO_CONTINGENCY,,,,MY_GENERIC_ALGO,,O-20260308-222652-001-000-258,,26726f01-ad13-4b16-84a2-ed6552f0007f,2026-03-08 22:26:52.702072045+00:00,2026-03-08 22:26:52.702072045+00:00
BACKTESTER-001,OracleStrategy-000,MESM6.GLBX,GLBX-1-242,MESM6.GLBX-OracleStrategy-000,GLBX-001,GLBX-1-242,MARKET,BUY,1,GTC,True,False,1,TAKER,6676.0,0.0,['0.00 USD'],NO_TRIGGER,FILLED,NO_CONTINGENCY,,,,MY_GENERIC_ALGO,,O-20260308-222700-001-000-259,,9b806411-e391-4d01-ab08-f0d9cd455e13,2026-03-08 22:27:00.259652477+00:00,2026-03-08 22:27:00.259652477+00:00
BACKTESTER-001,OracleStrategy-000,MESM6.GLBX,GLBX-1-243,MESM6.GLBX-OracleStrategy-000,GLBX-001,GLBX-1-243,MARKET,BUY,1,GTC,False,False,1,TAKER,6676.0,0.0,['0.00 USD'],NO_TRIGGER,FILLED,NO_CONTINGENCY,,,,MY_GENERIC_ALGO,,O-20260308-222700-001-000-260,,1a91280d-a2c6-4487-8299-d62ec1842598,2026-03-08 22:27:00.259652477+00:00,2026-03-08 22:27:00.259652477+00:00
BACKTESTER-001,OracleStrategy-000,MESM6.GLBX,GLBX-1-244,MESM6.GLBX-OracleStrategy-000,GLBX-001,GLBX-1-244,MARKET,SELL,1,GTC,True,False,1,TAKER,6675.0,0.0,['0.00 USD'],NO_TRIGGER,FILLED,NO_CONTINGENCY,,,,MY_GENERIC_ALGO,,O-20260308-222703-001-000-261,,82873407-c8d3-46e1-97ee-cd7ab8897715,2026-03-08 22:27:03.908932054+00:00,2026-03-08 22:27:03.908932054+00:00
BACKTESTER-001,OracleStrategy-000,MESM6.GLBX,GLBX-1-245,MESM6.GLBX-OracleStrategy-000,GLBX-001,GLBX-1-245,MARKET,SELL,1,GTC,False,False,1,TAKER,6675.0,0.0,['0.00 USD'],NO_TRIGGER,FILLED,NO_CONTINGENCY,,,,MY_GENERIC_ALGO,,O-20260308-222703-001-000-262,,94e5e5e2-c0e6-468e-b00a-261c120feb5e,2026-03-08 22:27:03.908932054+00:00,2026-03-08 22:27:03.908932054+00:00
BACKTESTER-001,OracleStrategy-000,MESM6.GLBX,GLBX-1-246,MESM6.GLBX-OracleStrategy-000,GLBX-001,GLBX-1-246,MARKET,BUY,1,GTC,True,False,1,TAKER,6674.75,0.0,['0.00 USD'],NO_TRIGGER,FILLED,NO_CONTINGENCY,,,,MY_GENERIC_ALGO,,O-20260308-222737-001-000-263,,3712b620-301c-4183-b790-afe8797407ab,2026-03-08 22:27:37.324230949+00:00,2026-03-08 22:27:37.324230949+00:00
BACKTESTER-001,OracleStrategy-000,MESM6.GLBX,GLBX-1-247,MESM6.GLBX-OracleStrategy-000,GLBX-001,GLBX-1-247,MARKET,BUY,1,GTC,False,False,1,TAKER,6674.75,0.0,['0.00 USD'],NO_TRIGGER,FILLED,NO_CONTINGENCY,,,,MY_GENERIC_ALGO,,O-20260308-222737-001-000-264,,264e9321-1980-4afa-951e-d8dae59b9a27,2026-03-08 22:27:37.324230949+00:00,2026-03-08 22:27:37.324230949+00:00
BACKTESTER-001,OracleStrategy-000,MESM6.GLBX,GLBX-1-248,MESM6.GLBX-OracleStrategy-000,GLBX-001,GLBX-1-248,MARKET,SELL,1,GTC,True,False,1,TAKER,6673.25,0.0,['0.00 USD'],NO_TRIGGER,FILLED,NO_CONTINGENCY,,,,MY_GENERIC_ALGO,,O-20260308-222740-001-000-265,,94bb012d-1260-4a78-846f-c242b2e75006,2026-03-08 22:27:40.401323701+00:00,2026-03-08 22:27:40.401323701+00:00
BACKTESTER-001,OracleStrategy-000,MESM6.GLBX,GLBX-1-249,MESM6.GLBX-OracleStrategy-000,GLBX-001,GLBX-1-249,MARKET,SELL,1,GTC,False,False,1,TAKER,6673.25,0.0,['0.00 USD'],NO_TRIGGER,FILLED,NO_CONTINGENCY,,,,MY_GENERIC_ALGO,,O-20260308-222740-001-000-266,,cf520af0-b717-4be1-9a49-7462cbaa5efc,2026-03-08 22:27:40.401323701+00:00,2026-03-08 22:27:40.401323701+00:00
BACKTESTER-001,OracleStrategy-000,MESM6.GLBX,GLBX-1-250,MESM6.GLBX-OracleStrategy-000,GLBX-001,GLBX-1-250,MARKET,BUY,1,GTC,True,False,1,TAKER,6673.0,0.0,['0.00 USD'],NO_TRIGGER,FILLED,NO_CONTINGENCY,,,,MY_GENERIC_ALGO,,O-20260308-222743-001-000-267,,28079f72-215e-4425-81ef-815b7bb6a393,2026-03-08 22:27:43.605846026+00:00,2026-03-08 22:27:43.605846026+00:00
BACKTESTER-001,OracleStrategy-000,MESM6.GLBX,GLBX-1-251,MESM6.GLBX-OracleStrategy-000,GLBX-001,GLBX-1-251,MARKET,BUY,1,GTC,False,False,1,TAKER,6673.0,0.0,['0.00 USD'],NO_TRIGGER,FILLED,NO_CONTINGENCY,,,,MY_GENERIC_ALGO,,O-20260308-222743-001-000-268,,cb25bf9a-405a-4d98-b048-d0b178579437,2026-03-08 22:27:43.605846026+00:00,2026-03-08 22:27:43.605846026+00:00
BACKTESTER-001,OracleStrategy-000,MESM6.GLBX,GLBX-1-252,MESM6.GLBX-OracleStrategy-000,GLBX-001,GLBX-1-252,MARKET,SELL,1,GTC,True,False,1,TAKER,6672.75,0.0,['0.00 USD'],NO_TRIGGER,FILLED,NO_CONTINGENCY,,,,MY_GENERIC_ALGO,,O-20260308-222747-001-000-269,,b54f2ff3-be67-4b80-b4f3-23a7b13d7751,2026-03-08 22:27:47.043217172+00:00,2026-03-08 22:27:47.043217172+00:00
BACKTESTER-001,OracleStrategy-000,MESM6.GLBX,GLBX-1-253,MESM6.GLBX-OracleStrategy-000,GLBX-001,GLBX-1-253,MARKET,SELL,1,GTC,False,False,1,TAKER,6672.75,0.0,['0.00 USD'],NO_TRIGGER,FILLED,NO_CONTINGENCY,,,,MY_GENERIC_ALGO,,O-20260308-222747-001-000-270,,dff7d8b6-a4f0-4f8d-9da9-aeba2bcaaa51,2026-03-08 22:27:47.043217172+00:00,2026-03-08 22:27:47.043217172+00:00
BACKTESTER-001,OracleStrategy-000,MESM6.GLBX,GLBX-1-254,MESM6.GLBX-OracleStrategy-000,GLBX-001,GLBX-1-254,MARKET,BUY,1,GTC,True,False,1,TAKER,6671.75,0.0,['0.00 USD'],NO_TRIGGER,FILLED,NO_CONTINGENCY,,,,MY_GENERIC_ALGO,,O-20260308-222752-001-000-271,,c45245ac-6047-4126-bcad-76529f8a718b,2026-03-08 22:27:52.663442277+00:00,2026-03-08 22:27:52.663442277+00:00
BACKTESTER-001,OracleStrategy-000,MESM6.GLBX,GLBX-1-255,MESM6.GLBX-OracleStrategy-000,GLBX-001,GLBX-1-255,MARKET,BUY,1,GTC,False,False,1,TAKER,6671.75,0.0,['0.00 USD'],NO_TRIGGER,FILLED,NO_CONTINGENCY,,,,MY_GENERIC_ALGO,,O-20260308-222752-001-000-272,,7a0cd19b-0615-401c-a134-94f2eb391de8,2026-03-08 22:27:52.663442277+00:00,2026-03-08 22:27:52.663442277+00:00
BACKTESTER-001,OracleStrategy-000,MESM6.GLBX,GLBX-1-256,MESM6.GLBX-OracleStrategy-000,GLBX-001,GLBX-1-256,MARKET,SELL,1,GTC,True,False,1,TAKER,6674.0,0.0,['0.00 USD'],NO_TRIGGER,FILLED,NO_CONTINGENCY,,,,MY_GENERIC_ALGO,,O-20260308-222757-001-000-273,,ecac6d8c-2d61-4969-9995-ca945e435161,2026-03-08 22:27:57.519772571+00:00,2026-03-08 22:27:57.519772571+00:00
BACKTESTER-001,OracleStrategy-000,MESM6.GLBX,GLBX-1-257,MESM6.GLBX-OracleStrategy-000,GLBX-001,GLBX-1-257,MARKET,SELL,1,GTC,False,False,1,TAKER,6674.0,0.0,['0.00 USD'],NO_TRIGGER,FILLED,NO_CONTINGENCY,,,,MY_GENERIC_ALGO,,O-20260308-222757-001-000-274,,f2b029d5-9069-4cf0-b907-97442f683e49,2026-03-08 22:27:57.519772571+00:00,2026-03-08 22:27:57.519772571+00:00
BACKTESTER-001,OracleStrategy-000,MESM6.GLBX,GLBX-1-258,MESM6.GLBX-OracleStrategy-000,GLBX-001,GLBX-1-258,MARKET,BUY,1,GTC,True,False,1,TAKER,6674.0,0.0,['0.00 USD'],NO_TRIGGER,FILLED,NO_CONTINGENCY,,,,MY_GENERIC_ALGO,,O-20260308-222801-001-000-275,,585c4c7f-e739-4a76-8791-f02feab4ab8d,2026-03-08 22:28:01.649581089+00:00,2026-03-08 22:28:01.649581089+00:00
BACKTESTER-001,OracleStrategy-000,MESM6.GLBX,GLBX-1-259,MESM6.GLBX-OracleStrategy-000,GLBX-001,GLBX-1-259,MARKET,BUY,1,GTC,False,False,1,TAKER,6674.0,0.0,['0.00 USD'],NO_TRIGGER,FILLED,NO_CONTINGENCY,,,,MY_GENERIC_ALGO,,O-20260308-222801-001-000-276,,31b4f281-057b-4f7c-b89b-7faa23f52c15,2026-03-08 22:28:01.649581089+00:00,2026-03-08 22:28:01.649581089+00:00
BACKTESTER-001,OracleStrategy-000,MESM6.GLBX,GLBX-1-260,MESM6.GLBX-OracleStrategy-000,GLBX-001,GLBX-1-260,MARKET,SELL,1,GTC,True,False,1,TAKER,6678.0,0.0,['0.00 USD'],NO_TRIGGER,FILLED,NO_CONTINGENCY,,,,MY_GENERIC_ALGO,,O-20260308-222839-001-000-277,,d843f526-f321-49bb-92df-006b18edc1b0,2026-03-08 22:28:39.908827029+00:00,2026-03-08 22:28:39.908827029+00:00
BACKTESTER-001,OracleStrategy-000,MESM6.GLBX,GLBX-1-261,MESM6.GLBX-OracleStrategy-000,GLBX-001,GLBX-1-261,MARKET,SELL,1,GTC,False,False,1,TAKER,6678.0,0.0,['0.00 USD'],NO_TRIGGER,FILLED,NO_CONTINGENCY,,,,MY_GENERIC_ALGO,,O-20260308-222839-001-000-278,,d71a869b-3357-41f2-8541-c83ae0ac93fe,2026-03-08 22:28:39.908827029+00:00,2026-03-08 22:28:39.908827029+00:00
BACKTESTER-001,OracleStrategy-000,MESM6.GLBX,GLBX-1-262,MESM6.GLBX-OracleStrategy-000,GLBX-001,GLBX-1-262,MARKET,BUY,1,GTC,True,False,1,TAKER,6676.75,0.0,['0.00 USD'],NO_TRIGGER,FILLED,NO_CONTINGENCY,,,,MY_GENERIC_ALGO,,O-20260308-222847-001-000-279,,615b035b-bffa-41b2-bbbd-f8f4b7972410,2026-03-08 22:28:47.002741304+00:00,2026-03-08 22:28:47.002741304+00:00
BACKTESTER-001,OracleStrategy-000,MESM6.GLBX,GLBX-1-263,MESM6.GLBX-OracleStrategy-000,GLBX-001,GLBX-1-263,MARKET,BUY,1,GTC,False,False,1,TAKER,6676.75,0.0,['0.00 USD'],NO_TRIGGER,FILLED,NO_CONTINGENCY,,,,MY_GENERIC_ALGO,,O-20260308-222847-001-000-280,,fd376f2f-86aa-49fb-87c2-44945f9ab49f,2026-03-08 22:28:47.002741304+00:00,2026-03-08 22:28:47.002741304+00:00
BACKTESTER-001,OracleStrategy-000,MESM6.GLBX,GLBX-1-264,MESM6.GLBX-OracleStrategy-000,GLBX-001,GLBX-1-264,MARKET,SELL,1,GTC,True,False,1,TAKER,6679.25,0.0,['0.00 USD'],NO_TRIGGER,FILLED,NO_CONTINGENCY,,,,MY_GENERIC_ALGO,,O-20260308-222914-001-000-281,,13a18f0c-c27e-41b2-b526-fd7c7c430e94,2026-03-08 22:29:14.532894384+00:00,2026-03-08 22:29:14.532894384+00:00
BACKTESTER-001,OracleStrategy-000,MESM6.GLBX,GLBX-1-265,MESM6.GLBX-OracleStrategy-000,GLBX-001,GLBX-1-265,MARKET,SELL,1,GTC,False,False,1,TAKER,6679.25,0.0,['0.00 USD'],NO_TRIGGER,FILLED,NO_CONTINGENCY,,,,MY_GENERIC_ALGO,,O-20260308-222914-001-000-282,,e5452154-4639-4da6-8549-7d68acd62c67,2026-03-08 22:29:14.532894384+00:00,2026-03-08 22:29:14.532894384+00:00
BACKTESTER-001,OracleStrategy-000,MESM6.GLBX,GLBX-1-266,MESM6.GLBX-OracleStrategy-000,GLBX-001,GLBX-1-266,MARKET,BUY,1,GTC,True,False,1,TAKER,6680.5,0.0,['0.00 USD'],NO_TRIGGER,FILLED,NO_CONTINGENCY,,,,MY_GENERIC_ALGO,,O-20260308-222921-001-000-283,,1b8f3268-e357-42cb-ae5a-b108fba85e4d,2026-03-08 22:29:21.636670770+00:00,2026-03-08 22:29:21.636670770+00:00
BACKTESTER-001,OracleStrategy-000,MESM6.GLBX,GLBX-1-267,MESM6.GLBX-OracleStrategy-000,GLBX-001,GLBX-1-267,MARKET,BUY,1,GTC,False,False,1,TAKER,6680.75,0.0,['0.00 USD'],NO_TRIGGER,FILLED,NO_CONTINGENCY,,,,MY_GENERIC_ALGO,,O-20260308-222937-001-000-285,,da7a38da-03b7-444f-9f87-8077db7cc91d,2026-03-08 22:29:37.932027083+00:00,2026-03-08 22:29:37.932027083+00:00
BACKTESTER-001,OracleStrategy-000,MESM6.GLBX,GLBX-1-268,MESM6.GLBX-OracleStrategy-000,GLBX-001,GLBX-1-268,MARKET,SELL,1,GTC,True,False,1,TAKER,6682.5,0.0,['0.00 USD'],NO_TRIGGER,FILLED,NO_CONTINGENCY,,,,MY_GENERIC_ALGO,,O-20260308-223003-001-000-286,,45f0376b-e66c-4957-be6a-a300e4e054f8,2026-03-08 22:30:03.570036560+00:00,2026-03-08 22:30:03.570036560+00:00
BACKTESTER-001,OracleStrategy-000,MESM6.GLBX,GLBX-1-269,MESM6.GLBX-OracleStrategy-000,GLBX-001,GLBX-1-269,MARKET,SELL,1,GTC,False,False,1,TAKER,6682.5,0.0,['0.00 USD'],NO_TRIGGER,FILLED,NO_CONTINGENCY,,,,MY_GENERIC_ALGO,,O-20260308-223003-001-000-287,,678de8f4-40dc-4a1c-b5e5-da4dc0dd0915,2026-03-08 22:30:03.570036560+00:00,2026-03-08 22:30:03.570036560+00:00
BACKTESTER-001,OracleStrategy-000,MESM6.GLBX,GLBX-1-270,MESM6.GLBX-OracleStrategy-000,GLBX-001,GLBX-1-270,MARKET,BUY,1,GTC,True,False,1,TAKER,6681.75,0.0,['0.00 USD'],NO_TRIGGER,FILLED,NO_CONTINGENCY,,,,MY_GENERIC_ALGO,,O-20260308-223004-001-000-288,,66adeb08-3f8b-434b-aa45-53357e12b7d4,2026-03-08 22:30:04.773173965+00:00,2026-03-08 22:30:04.773173965+00:00
BACKTESTER-001,OracleStrategy-000,MESM6.GLBX,GLBX-1-271,MESM6.GLBX-OracleStrategy-000,GLBX-001,GLBX-1-271,MARKET,BUY,1,GTC,False,False,1,TAKER,6681.75,0.0,['0.00 USD'],NO_TRIGGER,FILLED,NO_CONTINGENCY,,,,MY_GENERIC_ALGO,,O-20260308-223004-001-000-289,,7d1f7b33-4fd4-4351-802c-35cf162a8d4a,2026-03-08 22:30:04.773173965+00:00,2026-03-08 22:30:04.773173965+00:00
BACKTESTER-001,OracleStrategy-000,MESM6.GLBX,GLBX-1-272,MESM6.GLBX-OracleStrategy-000,GLBX-001,GLBX-1-272,MARKET,SELL,1,GTC,True,False,1,TAKER,6682.75,0.0,['0.00 USD'],NO_TRIGGER,FILLED,NO_CONTINGENCY,,,,MY_GENERIC_ALGO,,O-20260308-223054-001-000-290,,556e885d-aabe-4516-be70-2dea4df6a7d7,2026-03-08 22:30:54.511612181+00:00,2026-03-08 22:30:54.511612181+00:00
BACKTESTER-001,OracleStrategy-000,MESM6.GLBX,GLBX-1-273,MESM6.GLBX-OracleStrategy-000,GLBX-001,GLBX-1-273,MARKET,SELL,1,GTC,False,False,1,TAKER,6682.75,0.0,['0.00 USD'],NO_TRIGGER,FILLED,NO_CONTINGENCY,,,,MY_GENERIC_ALGO,,O-20260308-223054-001-000-291,,0ab6b2ce-ffdd-49cb-b929-857432a61d7c,2026-03-08 22:30:54.511612181+00:00,2026-03-08 22:30:54.511612181+00:00
BACKTESTER-001,OracleStrategy-000,MESM6.GLBX,GLBX-1-274,MESM6.GLBX-OracleStrategy-000,GLBX-001,GLBX-1-274,MARKET,BUY,1,GTC,True,False,1,TAKER,6683.0,0.0,['0.00 USD'],NO_TRIGGER,FILLED,NO_CONTINGENCY,,,,MY_GENERIC_ALGO,,O-20260308-223101-001-000-292,,b1afaf81-ef87-4e49-865b-28030a64bc32,2026-03-08 22:31:01.681602245+00:00,2026-03-08 22:31:01.681602245+00:00
BACKTESTER-001,OracleStrategy-000,MESM6.GLBX,GLBX-1-275,MESM6.GLBX-OracleStrategy-000,GLBX-001,GLBX-1-275,MARKET,BUY,1,GTC,False,False,1,TAKER,6683.0,0.0,['0.00 USD'],NO_TRIGGER,FILLED,NO_CONTINGENCY,,,,MY_GENERIC_ALGO,,O-20260308-223101-001-000-293,,7dfe36a4-963e-43c5-8259-6166c90c42b2,2026-03-08 22:31:01.681602245+00:00,2026-03-08 22:31:01.681602245+00:00
BACKTESTER-001,OracleStrategy-000,MESM6.GLBX,GLBX-1-276,MESM6.GLBX-OracleStrategy-000,GLBX-001,GLBX-1-276,MARKET,SELL,1,GTC,True,False,1,TAKER,6682.5,0.0,['0.00 USD'],NO_TRIGGER,FILLED,NO_CONTINGENCY,,,,MY_GENERIC_ALGO,,O-20260308-223131-001-000-294,,3b7fbbcb-5812-48b8-80bb-6e0607e9bdc3,2026-03-08 22:31:31.184415500+00:00,2026-03-08 22:31:31.184415500+00:00
BACKTESTER-001,OracleStrategy-000,MESM6.GLBX,GLBX-1-277,MESM6.GLBX-OracleStrategy-000,GLBX-001,GLBX-1-277,MARKET,SELL,1,GTC,False,False,1,TAKER,6682.5,0.0,['0.00 USD'],NO_TRIGGER,FILLED,NO_CONTINGENCY,,,,MY_GENERIC_ALGO,,O-20260308-223131-001-000-295,,984dac76-1cf1-43ef-bcd5-4a6bf4df2c77,2026-03-08 22:31:31.184415500+00:00,2026-03-08 22:31:31.184415500+00:00
BACKTESTER-001,OracleStrategy-000,MESM6.GLBX,GLBX-1-278,MESM6.GLBX-OracleStrategy-000,GLBX-001,GLBX-1-278,MARKET,BUY,1,GTC,True,False,1,TAKER,6683.25,0.0,['0.00 USD'],NO_TRIGGER,FILLED,NO_CONTINGENCY,,,,MY_GENERIC_ALGO,,O-20260308-223139-001-000-296,,6cb322d4-5d64-47ad-b4da-a8bd819c8770,2026-03-08 22:31:39.712221392+00:00,2026-03-08 22:31:39.712221392+00:00
BACKTESTER-001,OracleStrategy-000,MESM6.GLBX,GLBX-1-279,MESM6.GLBX-OracleStrategy-000,GLBX-001,GLBX-1-279,MARKET,BUY,1,GTC,False,False,1,TAKER,6683.25,0.0,['0.00 USD'],NO_TRIGGER,FILLED,NO_CONTINGENCY,,,,MY_GENERIC_ALGO,,O-20260308-223139-001-000-297,,373c86ff-5fba-4529-bb11-468b6ce019cb,2026-03-08 22:31:39.712221392+00:00,2026-03-08 22:31:39.712221392+00:00
BACKTESTER-001,OracleStrategy-000,MESM6.GLBX,GLBX-1-280,MESM6.GLBX-OracleStrategy-000,GLBX-001,GLBX-1-280,MARKET,SELL,1,GTC,True,False,1,TAKER,6682.5,0.0,['0.00 USD'],NO_TRIGGER,FILLED,NO_CONTINGENCY,,,,MY_GENERIC_ALGO,,O-20260308-223150-001-000-298,,1aabbf45-31fe-4b98-9b85-c2c5eafc2039,2026-03-08 22:31:50.838014536+00:00,2026-03-08 22:31:50.838014536+00:00
BACKTESTER-001,OracleStrategy-000,MESM6.GLBX,GLBX-1-281,MESM6.GLBX-OracleStrategy-000,GLBX-001,GLBX-1-281,MARKET,SELL,1,GTC,False,False,1,TAKER,6682.5,0.0,['0.00 USD'],NO_TRIGGER,FILLED,NO_CONTINGENCY,,,,MY_GENERIC_ALGO,,O-20260308-223150-001-000-299,,10988346-5846-472a-87d0-515aab03d534,2026-03-08 22:31:50.838014536+00:00,2026-03-08 22:31:50.838014536+00:00
BACKTESTER-001,OracleStrategy-000,MESM6.GLBX,GLBX-1-282,MESM6.GLBX-OracleStrategy-000,GLBX-001,GLBX-1-282,MARKET,BUY,1,GTC,True,False,1,TAKER,6683.25,0.0,['0.00 USD'],NO_TRIGGER,FILLED,NO_CONTINGENCY,,,,MY_GENERIC_ALGO,,O-20260308-223231-001-000-300,,262ee3b2-3407-4528-8884-d435f16d0072,2026-03-08 22:32:31.179617085+00:00,2026-03-08 22:32:31.179617085+00:00
BACKTESTER-001,OracleStrategy-000,MESM6.GLBX,GLBX-1-283,MESM6.GLBX-OracleStrategy-000,GLBX-001,GLBX-1-283,MARKET,BUY,1,GTC,False,False,1,TAKER,6683.25,0.0,['0.00 USD'],NO_TRIGGER,FILLED,NO_CONTINGENCY,,,,MY_GENERIC_ALGO,,O-20260308-223231-001-000-301,,11d5c369-28cd-4089-8da1-647f21e328e7,2026-03-08 22:32:31.179617085+00:00,2026-03-08 22:32:31.179617085+00:00
BACKTESTER-001,OracleStrategy-000,MESM6.GLBX,GLBX-1-284,MESM6.GLBX-OracleStrategy-000,GLBX-001,GLBX-1-284,MARKET,SELL,1,GTC,True,False,1,TAKER,6683.0,0.0,['0.00 USD'],NO_TRIGGER,FILLED,NO_CONTINGENCY,,,,MY_GENERIC_ALGO,,O-20260308-223238-001-000-302,,67cc3d84-6f1f-4441-bb4e-8f655de13e21,2026-03-08 22:32:38.898400145+00:00,2026-03-08 22:32:38.898400145+00:00
BACKTESTER-001,OracleStrategy-000,MESM6.GLBX,GLBX-1-285,MESM6.GLBX-OracleStrategy-000,GLBX-001,GLBX-1-285,MARKET,SELL,1,GTC,False,False,1,TAKER,6683.0,0.0,['0.00 USD'],NO_TRIGGER,FILLED,NO_CONTINGENCY,,,,MY_GENERIC_ALGO,,O-20260308-223238-001-000-303,,719694b8-b9cb-4ba6-8f2b-2e2a11897101,2026-03-08 22:32:38.898400145+00:00,2026-03-08 22:32:38.898400145+00:00
BACKTESTER-001,OracleStrategy-000,MESM6.GLBX,GLBX-1-286,MESM6.GLBX-OracleStrategy-000,GLBX-001,GLBX-1-286,MARKET,BUY,1,GTC,True,False,1,TAKER,6682.75,0.0,['0.00 USD'],NO_TRIGGER,FILLED,NO_CONTINGENCY,,,,MY_GENERIC_ALGO,,O-20260308-223242-001-000-304,,28673599-070e-430a-a94f-0bb50e49c3cb,2026-03-08 22:32:42.847291055+00:00,2026-03-08 22:32:42.847291055+00:00
BACKTESTER-001,OracleStrategy-000,MESM6.GLBX,GLBX-1-287,MESM6.GLBX-OracleStrategy-000,GLBX-001,GLBX-1-287,MARKET,BUY,1,GTC,False,False,1,TAKER,6682.75,0.0,['0.00 USD'],NO_TRIGGER,FILLED,NO_CONTINGENCY,,,,MY_GENERIC_ALGO,,O-20260308-223242-001-000-305,,d62eb0b2-ce65-4352-b292-8e65097b7a31,2026-03-08 22:32:42.847291055+00:00,2026-03-08 22:32:42.847291055+00:00
BACKTESTER-001,OracleStrategy-000,MESM6.GLBX,GLBX-1-288,MESM6.GLBX-OracleStrategy-000,GLBX-001,GLBX-1-288,MARKET,SELL,1,GTC,True,False,1,TAKER,6683.75,0.0,['0.00 USD'],NO_TRIGGER,FILLED,NO_CONTINGENCY,,,,MY_GENERIC_ALGO,,O-20260308-223249-001-000-306,,799aff05-3885-4173-a8e2-52a1f936c3f7,2026-03-08 22:32:49.706159130+00:00,2026-03-08 22:32:49.706159130+00:00
BACKTESTER-001,OracleStrategy-000,MESM6.GLBX,GLBX-1-289,MESM6.GLBX-OracleStrategy-000,GLBX-001,GLBX-1-289,MARKET,SELL,1,GTC,False,False,1,TAKER,6683.75,0.0,['0.00 USD'],NO_TRIGGER,FILLED,NO_CONTINGENCY,,,,MY_GENERIC_ALGO,,O-20260308-223249-001-000-307,,6e08dbaf-58d2-4b35-a2a7-d21148644a2d,2026-03-08 22:32:49.706159130+00:00,2026-03-08 22:32:49.706159130+00:00
BACKTESTER-001,OracleStrategy-000,MESM6.GLBX,GLBX-1-290,MESM6.GLBX-OracleStrategy-000,GLBX-001,GLBX-1-290,MARKET,BUY,1,GTC,True,False,1,TAKER,6683.5,0.0,['0.00 USD'],NO_TRIGGER,FILLED,NO_CONTINGENCY,,,,MY_GENERIC_ALGO,,O-20260308-223258-001-000-308,,d1f66a8f-14c2-4dbb-a7d5-9b866fbca3f3,2026-03-08 22:32:58.522434776+00:00,2026-03-08 22:32:58.522434776+00:00
BACKTESTER-001,OracleStrategy-000,MESM6.GLBX,GLBX-1-291,MESM6.GLBX-OracleStrategy-000,GLBX-001,GLBX-1-291,MARKET,BUY,1,GTC,False,False,1,TAKER,6683.5,0.0,['0.00 USD'],NO_TRIGGER,FILLED,NO_CONTINGENCY,,,,MY_GENERIC_ALGO,,O-20260308-223258-001-000-309,,d5ed9081-3323-4487-ad17-b7a223f67fd1,2026-03-08 22:32:58.522434776+00:00,2026-03-08 22:32:58.522434776+00:00
BACKTESTER-001,OracleStrategy-000,MESM6.GLBX,GLBX-1-292,MESM6.GLBX-OracleStrategy-000,GLBX-001,GLBX-1-292,MARKET,SELL,1,GTC,True,False,1,TAKER,6684.25,0.0,['0.00 USD'],NO_TRIGGER,FILLED,NO_CONTINGENCY,,,,MY_GENERIC_ALGO,,O-20260308-223300-001-000-310,,8a6b6686-eb6a-4bf1-898c-d21816916661,2026-03-08 22:33:00.110882450+00:00,2026-03-08 22:33:00.110882450+00:00
BACKTESTER-001,OracleStrategy-000,MESM6.GLBX,GLBX-1-293,MESM6.GLBX-OracleStrategy-000,GLBX-001,GLBX-1-293,MARKET,SELL,1,GTC,False,False,1,TAKER,6684.25,0.0,['0.00 USD'],NO_TRIGGER,FILLED,NO_CONTINGENCY,,,,MY_GENERIC_ALGO,,O-20260308-223300-001-000-311,,964cbd7a-80b8-49ea-9083-0492b8203fc0,2026-03-08 22:33:00.110882450+00:00,2026-03-08 22:33:00.110882450+00:00
BACKTESTER-001,OracleStrategy-000,MESM6.GLBX,GLBX-1-294,MESM6.GLBX-OracleStrategy-000,GLBX-001,GLBX-1-294,MARKET,BUY,1,GTC,True,False,1,TAKER,6686.0,0.0,['0.00 USD'],NO_TRIGGER,FILLED,NO_CONTINGENCY,,,,MY_GENERIC_ALGO,,O-20260308-223305-001-000-312,,55cffc97-70a5-4314-85b3-14290ca255f7,2026-03-08 22:33:05.885651647+00:00,2026-03-08 22:33:05.885651647+00:00
BACKTESTER-001,OracleStrategy-000,MESM6.GLBX,GLBX-1-295,MESM6.GLBX-OracleStrategy-000,GLBX-001,GLBX-1-295,MARKET,BUY,1,GTC,False,False,1,TAKER,6686.0,0.0,['0.00 USD'],NO_TRIGGER,FILLED,NO_CONTINGENCY,,,,MY_GENERIC_ALGO,,O-20260308-223305-001-000-313,,4c0f060b-67fc-4e4e-adff-8ecd75f3525e,2026-03-08 22:33:05.885651647+00:00,2026-03-08 22:33:05.885651647+00:00
BACKTESTER-001,OracleStrategy-000,MESM6.GLBX,GLBX-1-296,MESM6.GLBX-OracleStrategy-000,GLBX-001,GLBX-1-296,MARKET,SELL,1,GTC,True,False,1,TAKER,6685.5,0.0,['0.00 USD'],NO_TRIGGER,FILLED,NO_CONTINGENCY,,,,MY_GENERIC_ALGO,,O-20260308-223310-001-000-314,,07422158-87f9-4ac7-8839-1dbb406b88cd,2026-03-08 22:33:10.185359835+00:00,2026-03-08 22:33:10.185359835+00:00
BACKTESTER-001,OracleStrategy-000,MESM6.GLBX,GLBX-1-297,MESM6.GLBX-OracleStrategy-000,GLBX-001,GLBX-1-297,MARKET,SELL,1,GTC,False,False,1,TAKER,6685.5,0.0,['0.00 USD'],NO_TRIGGER,FILLED,NO_CONTINGENCY,,,,MY_GENERIC_ALGO,,O-20260308-223310-001-000-315,,ad75dd1f-317d-4d5d-9dad-95c9f35fe22c,2026-03-08 22:33:10.185359835+00:00,2026-03-08 22:33:10.185359835+00:00
BACKTESTER-001,OracleStrategy-000,MESM6.GLBX,GLBX-1-298,MESM6.GLBX-OracleStrategy-000,GLBX-001,GLBX-1-298,MARKET,BUY,1,GTC,True,False,1,TAKER,6686.5,0.0,['0.00 USD'],NO_TRIGGER,FILLED,NO_CONTINGENCY,,,,MY_GENERIC_ALGO,,O-20260308-223339-001-000-316,,afd4657f-63dd-4599-81a8-1fc0abd1a5c5,2026-03-08 22:33:39.944381643+00:00,2026-03-08 22:33:39.944381643+00:00
BACKTESTER-001,OracleStrategy-000,MESM6.GLBX,GLBX-1-299,MESM6.GLBX-OracleStrategy-000,GLBX-001,GLBX-1-299,MARKET,BUY,1,GTC,False,False,1,TAKER,6686.5,0.0,['0.00 USD'],NO_TRIGGER,FILLED,NO_CONTINGENCY,,,,MY_GENERIC_ALGO,,O-20260308-223339-001-000-317,,bf03064e-3c47-4dde-a009-55c83f68b3a6,2026-03-08 22:33:39.944381643+00:00,2026-03-08 22:33:39.944381643+00:00
BACKTESTER-001,OracleStrategy-000,MESM6.GLBX,GLBX-1-300,MESM6.GLBX-OracleStrategy-000,GLBX-001,GLBX-1-300,MARKET,SELL,1,GTC,True,False,1,TAKER,6686.75,0.0,['0.00 USD'],NO_TRIGGER,FILLED,NO_CONTINGENCY,,,,MY_GENERIC_ALGO,,O-20260308-223359-001-000-318,,33990a93-d96d-491a-bba0-1e4ed53eb9da,2026-03-08 22:33:59.852168742+00:00,2026-03-08 22:33:59.852168742+00:00
BACKTESTER-001,OracleStrategy-000,MESM6.GLBX,GLBX-1-301,MESM6.GLBX-OracleStrategy-000,GLBX-001,GLBX-1-301,MARKET,SELL,1,GTC,False,False,1,TAKER,6686.75,0.0,['0.00 USD'],NO_TRIGGER,FILLED,NO_CONTINGENCY,,,,MY_GENERIC_ALGO,,O-20260308-223359-001-000-319,,dd0867f0-01e7-4931-ae71-d051dd18def8,2026-03-08 22:33:59.852168742+00:00,2026-03-08 22:33:59.852168742+00:00
BACKTESTER-001,OracleStrategy-000,MESM6.GLBX,GLBX-1-302,MESM6.GLBX-OracleStrategy-000,GLBX-001,GLBX-1-302,MARKET,BUY,1,GTC,True,False,1,TAKER,6686.5,0.0,['0.00 USD'],NO_TRIGGER,FILLED,NO_CONTINGENCY,,,,MY_GENERIC_ALGO,,O-20260308-223407-001-000-320,,b431c609-15e2-46da-bbf1-1a1ae62bd11a,2026-03-08 22:34:07.720502912+00:00,2026-03-08 22:34:07.720502912+00:00
BACKTESTER-001,OracleStrategy-000,MESM6.GLBX,GLBX-1-303,MESM6.GLBX-OracleStrategy-000,GLBX-001,GLBX-1-303,MARKET,BUY,1,GTC,False,False,1,TAKER,6686.5,0.0,['0.00 USD'],NO_TRIGGER,FILLED,NO_CONTINGENCY,,,,MY_GENERIC_ALGO,,O-20260308-223407-001-000-321,,6b48468a-ddc0-472c-87be-07e5d1bfddbd,2026-03-08 22:34:07.720502912+00:00,2026-03-08 22:34:07.720502912+00:00
BACKTESTER-001,OracleStrategy-000,MESM6.GLBX,GLBX-1-304,MESM6.GLBX-OracleStrategy-000,GLBX-001,GLBX-1-304,MARKET,SELL,1,GTC,True,False,1,TAKER,6687.0,0.0,['0.00 USD'],NO_TRIGGER,FILLED,NO_CONTINGENCY,,,,MY_GENERIC_ALGO,,O-20260308-223418-001-000-322,,3a7dba4d-6eac-407d-b75c-775fc9800fe8,2026-03-08 22:34:18.934309650+00:00,2026-03-08 22:34:18.934309650+00:00
BACKTESTER-001,OracleStrategy-000,MESM6.GLBX,GLBX-1-305,MESM6.GLBX-OracleStrategy-000,GLBX-001,GLBX-1-305,MARKET,SELL,1,GTC,False,False,1,TAKER,6687.0,0.0,['0.00 USD'],NO_TRIGGER,FILLED,NO_CONTINGENCY,,,,MY_GENERIC_ALGO,,O-20260308-223418-001-000-323,,2a034980-44b1-4f40-aefb-6fc5d13ba3dd,2026-03-08 22:34:18.934309650+00:00,2026-03-08 22:34:18.934309650+00:00
BACKTESTER-001,OracleStrategy-000,MESM6.GLBX,GLBX-1-306,MESM6.GLBX-OracleStrategy-000,GLBX-001,GLBX-1-306,MARKET,BUY,1,GTC,True,False,1,TAKER,6686.75,0.0,['0.00 USD'],NO_TRIGGER,FILLED,NO_CONTINGENCY,,,,MY_GENERIC_ALGO,,O-20260308-223423-001-000-324,,4cc3cf11-37d5-4b75-aa43-0bc922f31328,2026-03-08 22:34:23.263460994+00:00,2026-03-08 22:34:23.263460994+00:00
BACKTESTER-001,OracleStrategy-000,MESM6.GLBX,GLBX-1-307,MESM6.GLBX-OracleStrategy-000,GLBX-001,GLBX-1-307,MARKET,BUY,1,GTC,False,False,1,TAKER,6686.75,0.0,['0.00 USD'],NO_TRIGGER,FILLED,NO_CONTINGENCY,,,,MY_GENERIC_ALGO,,O-20260308-223423-001-000-325,,6c0ed5ac-ffab-449f-bbfa-dadf4f8f0cca,2026-03-08 22:34:23.263460994+00:00,2026-03-08 22:34:23.263460994+00:00
BACKTESTER-001,OracleStrategy-000,MESM6.GLBX,GLBX-1-308,MESM6.GLBX-OracleStrategy-000,GLBX-001,GLBX-1-308,MARKET,SELL,1,GTC,True,False,1,TAKER,6686.5,0.0,['0.00 USD'],NO_TRIGGER,FILLED,NO_CONTINGENCY,,,,MY_GENERIC_ALGO,,O-20260308-223434-001-000-326,,9c5764fc-00c6-49f7-a38c-d0b6c2a80663,2026-03-08 22:34:34.840949139+00:00,2026-03-08 22:34:34.840949139+00:00
BACKTESTER-001,OracleStrategy-000,MESM6.GLBX,GLBX-1-309,MESM6.GLBX-OracleStrategy-000,GLBX-001,GLBX-1-309,MARKET,SELL,1,GTC,False,False,1,TAKER,6686.5,0.0,['0.00 USD'],NO_TRIGGER,FILLED,NO_CONTINGENCY,,,,MY_GENERIC_ALGO,,O-20260308-223434-001-000-327,,abe4586c-f33e-463e-91dd-eb15b24a4f01,2026-03-08 22:34:34.840949139+00:00,2026-03-08 22:34:34.840949139+00:00
BACKTESTER-001,OracleStrategy-000,MESM6.GLBX,GLBX-1-310,MESM6.GLBX-OracleStrategy-000,GLBX-001,GLBX-1-310,MARKET,BUY,1,GTC,True,False,1,TAKER,6686.75,0.0,['0.00 USD'],NO_TRIGGER,FILLED,NO_CONTINGENCY,,,,MY_GENERIC_ALGO,,O-20260308-223454-001-000-328,,ce37145a-ff1c-4e0c-a233-90f415b4506d,2026-03-08 22:34:54.739812637+00:00,2026-03-08 22:34:54.739812637+00:00
BACKTESTER-001,OracleStrategy-000,MESM6.GLBX,GLBX-1-311,MESM6.GLBX-OracleStrategy-000,GLBX-001,GLBX-1-311,MARKET,BUY,1,GTC,False,False,1,TAKER,6686.75,0.0,['0.00 USD'],NO_TRIGGER,FILLED,NO_CONTINGENCY,,,,MY_GENERIC_ALGO,,O-20260308-223454-001-000-329,,f28de1cf-a75f-40b5-9059-e38ec2668d88,2026-03-08 22:34:54.739812637+00:00,2026-03-08 22:34:54.739812637+00:00
BACKTESTER-001,OracleStrategy-000,MESM6.GLBX,GLBX-1-312,MESM6.GLBX-OracleStrategy-000,GLBX-001,GLBX-1-312,MARKET,SELL,1,GTC,True,False,1,TAKER,6685.5,0.0,['0.00 USD'],NO_TRIGGER,FILLED,NO_CONTINGENCY,,,,MY_GENERIC_ALGO,,O-20260308-223516-001-000-330,,922aeeab-95e3-4ed9-9fcf-e7b7d93c92d6,2026-03-08 22:35:16.047955983+00:00,2026-03-08 22:35:16.047955983+00:00
BACKTESTER-001,OracleStrategy-000,MESM6.GLBX,GLBX-1-313,MESM6.GLBX-OracleStrategy-000,GLBX-001,GLBX-1-313,MARKET,SELL,1,GTC,False,False,1,TAKER,6685.5,0.0,['0.00 USD'],NO_TRIGGER,FILLED,NO_CONTINGENCY,,,,MY_GENERIC_ALGO,,O-20260308-223516-001-000-331,,84098552-9acf-4cf2-a7f4-89c60701fea7,2026-03-08 22:35:16.047955983+00:00,2026-03-08 22:35:16.047955983+00:00
BACKTESTER-001,OracleStrategy-000,MESM6.GLBX,GLBX-1-314,MESM6.GLBX-OracleStrategy-000,GLBX-001,GLBX-1-314,MARKET,BUY,1,GTC,True,False,1,TAKER,6687.25,0.0,['0.00 USD'],NO_TRIGGER,FILLED,NO_CONTINGENCY,,,,MY_GENERIC_ALGO,,O-20260308-223556-001-000-332,,e8707537-bd1f-46ff-a07e-ddb2cdccada2,2026-03-08 22:35:56.819279667+00:00,2026-03-08 22:35:56.819279667+00:00
BACKTESTER-001,OracleStrategy-000,MESM6.GLBX,GLBX-1-315,MESM6.GLBX-OracleStrategy-000,GLBX-001,GLBX-1-315,MARKET,BUY,1,GTC,False,False,1,TAKER,6687.25,0.0,['0.00 USD'],NO_TRIGGER,FILLED,NO_CONTINGENCY,,,,MY_GENERIC_ALGO,,O-20260308-223556-001-000-333,,b1d7e9db-b3b4-44d9-b030-4b2882da5465,2026-03-08 22:35:56.819279667+00:00,2026-03-08 22:35:56.819279667+00:00
BACKTESTER-001,OracleStrategy-000,MESM6.GLBX,GLBX-1-316,MESM6.GLBX-OracleStrategy-000,GLBX-001,GLBX-1-316,MARKET,SELL,1,GTC,True,False,1,TAKER,6686.5,0.0,['0.00 USD'],NO_TRIGGER,FILLED,NO_CONTINGENCY,,,,MY_GENERIC_ALGO,,O-20260308-223601-001-000-334,,056ac9fd-117c-44da-845c-9ff1a0155197,2026-03-08 22:36:01.854635640+00:00,2026-03-08 22:36:01.854635640+00:00
BACKTESTER-001,OracleStrategy-000,MESM6.GLBX,GLBX-1-317,MESM6.GLBX-OracleStrategy-000,GLBX-001,GLBX-1-317,MARKET,SELL,1,GTC,False,False,1,TAKER,6686.5,0.0,['0.00 USD'],NO_TRIGGER,FILLED,NO_CONTINGENCY,,,,MY_GENERIC_ALGO,,O-20260308-223601-001-000-335,,75964e9e-79d6-498b-82cb-f296f0357eb0,2026-03-08 22:36:01.854635640+00:00,2026-03-08 22:36:01.854635640+00:00
BACKTESTER-001,OracleStrategy-000,MESM6.GLBX,GLBX-1-318,MESM6.GLBX-OracleStrategy-000,GLBX-001,GLBX-1-318,MARKET,BUY,1,GTC,True,False,1,TAKER,6687.5,0.0,['0.00 USD'],NO_TRIGGER,FILLED,NO_CONTINGENCY,,,,MY_GENERIC_ALGO,,O-20260308-223610-001-000-336,,36be23af-f855-44a6-a1da-5609c06b7fa1,2026-03-08 22:36:10.356615371+00:00,2026-03-08 22:36:10.356615371+00:00
BACKTESTER-001,OracleStrategy-000,MESM6.GLBX,GLBX-1-319,MESM6.GLBX-OracleStrategy-000,GLBX-001,GLBX-1-319,MARKET,BUY,1,GTC,False,False,1,TAKER,6687.5,0.0,['0.00 USD'],NO_TRIGGER,FILLED,NO_CONTINGENCY,,,,MY_GENERIC_ALGO,,O-20260308-223610-001-000-337,,1afb05f0-16aa-44b7-b118-eec0b3aef040,2026-03-08 22:36:10.356615371+00:00,2026-03-08 22:36:10.356615371+00:00
BACKTESTER-001,OracleStrategy-000,MESM6.GLBX,GLBX-1-320,MESM6.GLBX-OracleStrategy-000,GLBX-001,GLBX-1-320,MARKET,SELL,1,GTC,True,False,1,TAKER,6689.25,0.0,['0.00 USD'],NO_TRIGGER,FILLED,NO_CONTINGENCY,,,,MY_GENERIC_ALGO,,O-20260308-223624-001-000-338,,6bbfc4f5-78cb-4b7b-bf5a-c19bf27d8c37,2026-03-08 22:36:24.366094015+00:00,2026-03-08 22:36:24.366094015+00:00
BACKTESTER-001,OracleStrategy-000,MESM6.GLBX,GLBX-1-321,MESM6.GLBX-OracleStrategy-000,GLBX-001,GLBX-1-321,MARKET,SELL,1,GTC,False,False,1,TAKER,6689.25,0.0,['0.00 USD'],NO_TRIGGER,FILLED,NO_CONTINGENCY,,,,MY_GENERIC_ALGO,,O-20260308-223624-001-000-339,,ddc510ce-c58c-42fb-bc2f-22f72d88f87f,2026-03-08 22:36:24.366094015+00:00,2026-03-08 22:36:24.366094015+00:00
BACKTESTER-001,OracleStrategy-000,MESM6.GLBX,GLBX-1-322,MESM6.GLBX-OracleStrategy-000,GLBX-001,GLBX-1-322,MARKET,BUY,1,GTC,True,False,1,TAKER,6688.75,0.0,['0.00 USD'],NO_TRIGGER,FILLED,NO_CONTINGENCY,,,,MY_GENERIC_ALGO,,O-20260308-223641-001-000-340,,9b0842d6-dc22-44d5-ba08-f7e815dee3dd,2026-03-08 22:36:41.573204170+00:00,2026-03-08 22:36:41.573204170+00:00
BACKTESTER-001,OracleStrategy-000,MESM6.GLBX,GLBX-1-323,MESM6.GLBX-OracleStrategy-000,GLBX-001,GLBX-1-323,MARKET,BUY,1,GTC,False,False,1,TAKER,6688.75,0.0,['0.00 USD'],NO_TRIGGER,FILLED,NO_CONTINGENCY,,,,MY_GENERIC_ALGO,,O-20260308-223641-001-000-341,,3547edff-8150-4862-8cd1-c907c29c193c,2026-03-08 22:36:41.573204170+00:00,2026-03-08 22:36:41.573204170+00:00
BACKTESTER-001,OracleStrategy-000,MESM6.GLBX,GLBX-1-324,MESM6.GLBX-OracleStrategy-000,GLBX-001,GLBX-1-324,MARKET,SELL,1,GTC,True,False,1,TAKER,6688.25,0.0,['0.00 USD'],NO_TRIGGER,FILLED,NO_CONTINGENCY,,,,MY_GENERIC_ALGO,,O-20260308-223643-001-000-342,,4b50f6ac-a742-4658-a655-c33ec1a7ed00,2026-03-08 22:36:43.608544795+00:00,2026-03-08 22:36:43.608544795+00:00
BACKTESTER-001,OracleStrategy-000,MESM6.GLBX,GLBX-1-325,MESM6.GLBX-OracleStrategy-000,GLBX-001,GLBX-1-325,MARKET,SELL,1,GTC,False,False,1,TAKER,6688.25,0.0,['0.00 USD'],NO_TRIGGER,FILLED,NO_CONTINGENCY,,,,MY_GENERIC_ALGO,,O-20260308-223643-001-000-343,,f46b4e7a-695a-4273-8d41-07ae9068aff2,2026-03-08 22:36:43.608544795+00:00,2026-03-08 22:36:43.608544795+00:00
BACKTESTER-001,OracleStrategy-000,MESM6.GLBX,GLBX-1-326,MESM6.GLBX-OracleStrategy-000,GLBX-001,GLBX-1-326,MARKET,BUY,1,GTC,True,False,1,TAKER,6688.0,0.0,['0.00 USD'],NO_TRIGGER,FILLED,NO_CONTINGENCY,,,,MY_GENERIC_ALGO,,O-20260308-223702-001-000-344,,bdaaccd6-3b89-4bdf-95ec-cb7294527673,2026-03-08 22:37:02.462724083+00:00,2026-03-08 22:37:02.462724083+00:00
BACKTESTER-001,OracleStrategy-000,MESM6.GLBX,GLBX-1-327,MESM6.GLBX-OracleStrategy-000,GLBX-001,GLBX-1-327,MARKET,BUY,1,GTC,False,False,1,TAKER,6688.0,0.0,['0.00 USD'],NO_TRIGGER,FILLED,NO_CONTINGENCY,,,,MY_GENERIC_ALGO,,O-20260308-223702-001-000-345,,68e0e7b9-cb13-4329-ba99-49d0f365d78d,2026-03-08 22:37:02.462724083+00:00,2026-03-08 22:37:02.462724083+00:00
BACKTESTER-001,OracleStrategy-000,MESM6.GLBX,GLBX-1-328,MESM6.GLBX-OracleStrategy-000,GLBX-001,GLBX-1-328,MARKET,SELL,1,GTC,True,False,1,TAKER,6687.0,0.0,['0.00 USD'],NO_TRIGGER,FILLED,NO_CONTINGENCY,,,,MY_GENERIC_ALGO,,O-20260308-223710-001-000-346,,30101336-ea27-44ef-bcdd-ebc800ddf0c6,2026-03-08 22:37:10.330196984+00:00,2026-03-08 22:37:10.330196984+00:00
BACKTESTER-001,OracleStrategy-000,MESM6.GLBX,GLBX-1-329,MESM6.GLBX-OracleStrategy-000,GLBX-001,GLBX-1-329,MARKET,SELL,1,GTC,False,False,1,TAKER,6687.0,0.0,['0.00 USD'],NO_TRIGGER,FILLED,NO_CONTINGENCY,,,,MY_GENERIC_ALGO,,O-20260308-223710-001-000-347,,2002571e-0cbf-4469-81dc-10a586632f6e,2026-03-08 22:37:10.330196984+00:00,2026-03-08 22:37:10.330196984+00:00
BACKTESTER-001,OracleStrategy-000,MESM6.GLBX,GLBX-1-330,MESM6.GLBX-OracleStrategy-000,GLBX-001,GLBX-1-330,MARKET,BUY,1,GTC,True,False,1,TAKER,6687.0,0.0,['0.00 USD'],NO_TRIGGER,FILLED,NO_CONTINGENCY,,,,MY_GENERIC_ALGO,,O-20260308-223805-001-000-348,,e9cb132c-3437-49d3-a522-1a620f4522c4,2026-03-08 22:38:05.844122210+00:00,2026-03-08 22:38:05.844122210+00:00
BACKTESTER-001,OracleStrategy-000,MESM6.GLBX,GLBX-1-331,MESM6.GLBX-OracleStrategy-000,GLBX-001,GLBX-1-331,MARKET,BUY,1,GTC,False,False,1,TAKER,6687.0,0.0,['0.00 USD'],NO_TRIGGER,FILLED,NO_CONTINGENCY,,,,MY_GENERIC_ALGO,,O-20260308-223805-001-000-349,,e998937b-1d1c-449d-a445-b5f63fa060d2,2026-03-08 22:38:05.844122210+00:00,2026-03-08 22:38:05.844122210+00:00
BACKTESTER-001,OracleStrategy-000,MESM6.GLBX,GLBX-1-332,MESM6.GLBX-OracleStrategy-000,GLBX-001,GLBX-1-332,MARKET,SELL,1,GTC,True,False,1,TAKER,6686.0,0.0,['0.00 USD'],NO_TRIGGER,FILLED,NO_CONTINGENCY,,,,MY_GENERIC_ALGO,,O-20260308-223847-001-000-350,,598539b0-760f-4ede-8580-5421fe14d15e,2026-03-08 22:38:47.009297704+00:00,2026-03-08 22:38:47.009297704+00:00
BACKTESTER-001,OracleStrategy-000,MESM6.GLBX,GLBX-1-333,MESM6.GLBX-OracleStrategy-000,GLBX-001,GLBX-1-333,MARKET,SELL,1,GTC,False,False,1,TAKER,6686.0,0.0,['0.00 USD'],NO_TRIGGER,FILLED,NO_CONTINGENCY,,,,MY_GENERIC_ALGO,,O-20260308-223847-001-000-351,,af1f0c1b-62fb-42eb-8fbd-1084f896406f,2026-03-08 22:38:47.009297704+00:00,2026-03-08 22:38:47.009297704+00:00
BACKTESTER-001,OracleStrategy-000,MESM6.GLBX,GLBX-1-334,MESM6.GLBX-OracleStrategy-000,GLBX-001,GLBX-1-334,MARKET,BUY,1,GTC,True,False,1,TAKER,6685.0,0.0,['0.00 USD'],NO_TRIGGER,FILLED,NO_CONTINGENCY,,,,MY_GENERIC_ALGO,,O-20260308-223901-001-000-352,,89626877-fa2d-4c96-8270-415c3c58616c,2026-03-08 22:39:01.216475691+00:00,2026-03-08 22:39:01.216475691+00:00
BACKTESTER-001,OracleStrategy-000,MESM6.GLBX,GLBX-1-335,MESM6.GLBX-OracleStrategy-000,GLBX-001,GLBX-1-335,MARKET,BUY,1,GTC,False,False,1,TAKER,6685.0,0.0,['0.00 USD'],NO_TRIGGER,FILLED,NO_CONTINGENCY,,,,MY_GENERIC_ALGO,,O-20260308-223901-001-000-353,,cc67f5a3-c751-44f0-8a10-f859e2f1f132,2026-03-08 22:39:01.216475691+00:00,2026-03-08 22:39:01.216475691+00:00
BACKTESTER-001,OracleStrategy-000,MESM6.GLBX,GLBX-1-336,MESM6.GLBX-OracleStrategy-000,GLBX-001,GLBX-1-336,MARKET,SELL,1,GTC,True,False,1,TAKER,6684.5,0.0,['0.00 USD'],NO_TRIGGER,FILLED,NO_CONTINGENCY,,,,MY_GENERIC_ALGO,,O-20260308-223907-001-000-354,,db448f43-399e-4e91-aa2d-8f9d0b11c7e2,2026-03-08 22:39:07.974665549+00:00,2026-03-08 22:39:07.974665549+00:00
BACKTESTER-001,OracleStrategy-000,MESM6.GLBX,GLBX-1-337,MESM6.GLBX-OracleStrategy-000,GLBX-001,GLBX-1-337,MARKET,SELL,1,GTC,False,False,1,TAKER,6684.5,0.0,['0.00 USD'],NO_TRIGGER,FILLED,NO_CONTINGENCY,,,,MY_GENERIC_ALGO,,O-20260308-223907-001-000-355,,023ff906-df30-48ce-9766-1b970c20e42f,2026-03-08 22:39:07.974665549+00:00,2026-03-08 22:39:07.974665549+00:00
BACKTESTER-001,OracleStrategy-000,MESM6.GLBX,GLBX-1-338,MESM6.GLBX-OracleStrategy-000,GLBX-001,GLBX-1-338,MARKET,BUY,1,GTC,True,False,1,TAKER,6688.25,0.0,['0.00 USD'],NO_TRIGGER,FILLED,NO_CONTINGENCY,,,,MY_GENERIC_ALGO,,O-20260308-223941-001-000-356,,3ec9f057-5cfb-4c04-86f1-2588e0d1b4f2,2026-03-08 22:39:41.817635800+00:00,2026-03-08 22:39:41.817635800+00:00
BACKTESTER-001,OracleStrategy-000,MESM6.GLBX,GLBX-1-339,MESM6.GLBX-OracleStrategy-000,GLBX-001,GLBX-1-339,MARKET,BUY,1,GTC,False,False,1,TAKER,6685.25,0.0,['0.00 USD'],NO_TRIGGER,FILLED,NO_CONTINGENCY,,,,MY_GENERIC_ALGO,,O-20260308-224012-001-000-358,,d021057d-05dd-4bf8-9ccc-2911095eaf82,2026-03-08 22:40:12.275126057+00:00,2026-03-08 22:40:12.275126057+00:00
BACKTESTER-001,OracleStrategy-000,MESM6.GLBX,GLBX-1-340,MESM6.GLBX-OracleStrategy-000,GLBX-001,GLBX-1-340,MARKET,SELL,1,GTC,True,False,1,TAKER,6686.5,0.0,['0.00 USD'],NO_TRIGGER,FILLED,NO_CONTINGENCY,,,,MY_GENERIC_ALGO,,O-20260308-224042-001-000-359,,0300a9bf-6ae6-4ff1-bf7b-ecd46e5d4549,2026-03-08 22:40:42.963542450+00:00,2026-03-08 22:40:42.963542450+00:00
BACKTESTER-001,OracleStrategy-000,MESM6.GLBX,GLBX-1-341,MESM6.GLBX-OracleStrategy-000,GLBX-001,GLBX-1-341,MARKET,SELL,1,GTC,False,False,1,TAKER,6686.5,0.0,['0.00 USD'],NO_TRIGGER,FILLED,NO_CONTINGENCY,,,,MY_GENERIC_ALGO,,O-20260308-224042-001-000-360,,3fdc5e79-b778-4a62-abb6-7f1c5cf996e7,2026-03-08 22:40:42.963542450+00:00,2026-03-08 22:40:42.963542450+00:00
BACKTESTER-001,OracleStrategy-000,MESM6.GLBX,GLBX-1-342,MESM6.GLBX-OracleStrategy-000,GLBX-001,GLBX-1-342,MARKET,BUY,1,GTC,True,False,1,TAKER,6686.0,0.0,['0.00 USD'],NO_TRIGGER,FILLED,NO_CONTINGENCY,,,,MY_GENERIC_ALGO,,O-20260308-224054-001-000-361,,4918680d-b68b-4f35-8f44-4fc014545e76,2026-03-08 22:40:54.965330079+00:00,2026-03-08 22:40:54.965330079+00:00
BACKTESTER-001,OracleStrategy-000,MESM6.GLBX,GLBX-1-343,MESM6.GLBX-OracleStrategy-000,GLBX-001,GLBX-1-343,MARKET,BUY,1,GTC,False,False,1,TAKER,6686.0,0.0,['0.00 USD'],NO_TRIGGER,FILLED,NO_CONTINGENCY,,,,MY_GENERIC_ALGO,,O-20260308-224054-001-000-362,,288f9284-591d-4123-9793-ed86435fc61d,2026-03-08 22:40:54.965330079+00:00,2026-03-08 22:40:54.965330079+00:00
BACKTESTER-001,OracleStrategy-000,MESM6.GLBX,GLBX-1-344,MESM6.GLBX-OracleStrategy-000,GLBX-001,GLBX-1-344,MARKET,SELL,1,GTC,True,False,1,TAKER,6685.75,0.0,['0.00 USD'],NO_TRIGGER,FILLED,NO_CONTINGENCY,,,,MY_GENERIC_ALGO,,O-20260308-224056-001-000-363,,d421c9a5-1a7f-484d-bc71-f2f26342434e,2026-03-08 22:40:56.204979458+00:00,2026-03-08 22:40:56.204979458+00:00
BACKTESTER-001,OracleStrategy-000,MESM6.GLBX,GLBX-1-345,MESM6.GLBX-OracleStrategy-000,GLBX-001,GLBX-1-345,MARKET,SELL,1,GTC,False,False,1,TAKER,6685.75,0.0,['0.00 USD'],NO_TRIGGER,FILLED,NO_CONTINGENCY,,,,MY_GENERIC_ALGO,,O-20260308-224056-001-000-364,,ef8a8ebc-8dc4-4cff-8d54-c16f5172fa29,2026-03-08 22:40:56.204979458+00:00,2026-03-08 22:40:56.204979458+00:00
BACKTESTER-001,OracleStrategy-000,MESM6.GLBX,GLBX-1-346,MESM6.GLBX-OracleStrategy-000,GLBX-001,GLBX-1-346,MARKET,BUY,1,GTC,True,False,1,TAKER,6684.75,0.0,['0.00 USD'],NO_TRIGGER,FILLED,NO_CONTINGENCY,,,,MY_GENERIC_ALGO,,O-20260308-224121-001-000-365,,e89293fe-6acf-4706-963f-4e6871b039d9,2026-03-08 22:41:21.309552976+00:00,2026-03-08 22:41:21.309552976+00:00
BACKTESTER-001,OracleStrategy-000,MESM6.GLBX,GLBX-1-347,MESM6.GLBX-OracleStrategy-000,GLBX-001,GLBX-1-347,MARKET,BUY,1,GTC,False,False,1,TAKER,6684.75,0.0,['0.00 USD'],NO_TRIGGER,FILLED,NO_CONTINGENCY,,,,MY_GENERIC_ALGO,,O-20260308-224121-001-000-366,,0e9d6df9-a395-4564-a273-2394ba0f6d9b,2026-03-08 22:41:21.309552976+00:00,2026-03-08 22:41:21.309552976+00:00
BACKTESTER-001,OracleStrategy-000,MESM6.GLBX,GLBX-1-348,MESM6.GLBX-OracleStrategy-000,GLBX-001,GLBX-1-348,MARKET,SELL,1,GTC,True,False,1,TAKER,6685.0,0.0,['0.00 USD'],NO_TRIGGER,FILLED,NO_CONTINGENCY,,,,MY_GENERIC_ALGO,,O-20260308-224144-001-000-367,,01358412-2fbb-4116-be17-dbc11d1b849a,2026-03-08 22:41:44.194192848+00:00,2026-03-08 22:41:44.194192848+00:00
BACKTESTER-001,OracleStrategy-000,MESM6.GLBX,GLBX-1-349,MESM6.GLBX-OracleStrategy-000,GLBX-001,GLBX-1-349,MARKET,SELL,1,GTC,False,False,1,TAKER,6685.0,0.0,['0.00 USD'],NO_TRIGGER,FILLED,NO_CONTINGENCY,,,,MY_GENERIC_ALGO,,O-20260308-224144-001-000-368,,94b9eb3d-9658-49fe-a686-0c67824b1a73,2026-03-08 22:41:44.194192848+00:00,2026-03-08 22:41:44.194192848+00:00
BACKTESTER-001,OracleStrategy-000,MESM6.GLBX,GLBX-1-350,MESM6.GLBX-OracleStrategy-000,GLBX-001,GLBX-1-350,MARKET,BUY,1,GTC,True,False,1,TAKER,6682.5,0.0,['0.00 USD'],NO_TRIGGER,FILLED,NO_CONTINGENCY,,,,MY_GENERIC_ALGO,,O-20260308-224226-001-000-369,,87e28f71-bf1c-4f89-8835-27eb5d397b67,2026-03-08 22:42:26.222452933+00:00,2026-03-08 22:42:26.222452933+00:00
BACKTESTER-001,OracleStrategy-000,MESM6.GLBX,GLBX-1-351,MESM6.GLBX-OracleStrategy-000,GLBX-001,GLBX-1-351,MARKET,BUY,1,GTC,False,False,1,TAKER,6682.5,0.0,['0.00 USD'],NO_TRIGGER,FILLED,NO_CONTINGENCY,,,,MY_GENERIC_ALGO,,O-20260308-224226-001-000-370,,740760e6-da3e-4e98-9e01-776febb785d3,2026-03-08 22:42:26.222452933+00:00,2026-03-08 22:42:26.222452933+00:00
BACKTESTER-001,OracleStrategy-000,MESM6.GLBX,GLBX-1-352,MESM6.GLBX-OracleStrategy-000,GLBX-001,GLBX-1-352,MARKET,SELL,1,GTC,True,False,1,TAKER,6686.0,0.0,['0.00 USD'],NO_TRIGGER,FILLED,NO_CONTINGENCY,,,,MY_GENERIC_ALGO,,O-20260308-224335-001-000-371,,01f783eb-676d-4db8-a40a-37ec42c8134e,2026-03-08 22:43:35.658749048+00:00,2026-03-08 22:43:35.658749048+00:00
BACKTESTER-001,OracleStrategy-000,MESM6.GLBX,GLBX-1-353,MESM6.GLBX-OracleStrategy-000,GLBX-001,GLBX-1-353,MARKET,SELL,1,GTC,False,False,1,TAKER,6686.0,0.0,['0.00 USD'],NO_TRIGGER,FILLED,NO_CONTINGENCY,,,,MY_GENERIC_ALGO,,O-20260308-224335-001-000-372,,320b390b-3467-4d9b-ba3d-8a5933e73f51,2026-03-08 22:43:35.658749048+00:00,2026-03-08 22:43:35.658749048+00:00
BACKTESTER-001,OracleStrategy-000,MESM6.GLBX,GLBX-1-354,MESM6.GLBX-OracleStrategy-000,GLBX-001,GLBX-1-354,MARKET,BUY,1,GTC,True,False,1,TAKER,6682.5,0.0,['0.00 USD'],NO_TRIGGER,FILLED,NO_CONTINGENCY,,,,MY_GENERIC_ALGO,,O-20260308-224422-001-000-373,,b33d1cb5-5057-4a3f-88d2-fbd6e96705be,2026-03-08 22:44:22.061705061+00:00,2026-03-08 22:44:22.061705061+00:00
BACKTESTER-001,OracleStrategy-000,MESM6.GLBX,GLBX-1-355,MESM6.GLBX-OracleStrategy-000,GLBX-001,GLBX-1-355,MARKET,BUY,1,GTC,False,False,1,TAKER,6682.5,0.0,['0.00 USD'],NO_TRIGGER,FILLED,NO_CONTINGENCY,,,,MY_GENERIC_ALGO,,O-20260308-224422-001-000-374,,d0aac7d5-87fb-41a1-826d-0d9f15d6f134,2026-03-08 22:44:22.061705061+00:00,2026-03-08 22:44:22.061705061+00:00
BACKTESTER-001,OracleStrategy-000,MESM6.GLBX,GLBX-1-356,MESM6.GLBX-OracleStrategy-000,GLBX-001,GLBX-1-356,MARKET,SELL,1,GTC,True,False,1,TAKER,6681.25,0.0,['0.00 USD'],NO_TRIGGER,FILLED,NO_CONTINGENCY,,,,MY_GENERIC_ALGO,,O-20260308-224455-001-000-375,,203fb2a0-940c-4890-872c-067766debb9f,2026-03-08 22:44:55.633598618+00:00,2026-03-08 22:44:55.633598618+00:00
BACKTESTER-001,OracleStrategy-000,MESM6.GLBX,GLBX-1-357,MESM6.GLBX-OracleStrategy-000,GLBX-001,GLBX-1-357,MARKET,SELL,1,GTC,False,False,1,TAKER,6681.25,0.0,['0.00 USD'],NO_TRIGGER,FILLED,NO_CONTINGENCY,,,,MY_GENERIC_ALGO,,O-20260308-224455-001-000-376,,46db8a82-a9c3-456d-9154-754871b68aab,2026-03-08 22:44:55.633598618+00:00,2026-03-08 22:44:55.633598618+00:00
BACKTESTER-001,OracleStrategy-000,MESM6.GLBX,GLBX-1-358,MESM6.GLBX-OracleStrategy-000,GLBX-001,GLBX-1-358,MARKET,BUY,1,GTC,True,False,1,TAKER,6688.75,0.0,['0.00 USD'],NO_TRIGGER,FILLED,NO_CONTINGENCY,,,,MY_GENERIC_ALGO,,O-20260308-224555-001-000-377,,1e2293ec-48ec-4ffa-93f4-46b98681f864,2026-03-08 22:45:55.583865728+00:00,2026-03-08 22:45:55.583865728+00:00
BACKTESTER-001,OracleStrategy-000,MESM6.GLBX,GLBX-1-359,MESM6.GLBX-OracleStrategy-000,GLBX-001,GLBX-1-359,MARKET,BUY,1,GTC,False,False,1,TAKER,6689.0,0.0,['0.00 USD'],NO_TRIGGER,FILLED,NO_CONTINGENCY,,,,MY_GENERIC_ALGO,,O-20260308-224607-001-000-379,,85c6350c-0944-4dd2-b832-4b0449edd26a,2026-03-08 22:46:07.170107269+00:00,2026-03-08 22:46:07.170107269+00:00
BACKTESTER-001,OracleStrategy-000,MESM6.GLBX,GLBX-1-360,MESM6.GLBX-OracleStrategy-000,GLBX-001,GLBX-1-360,MARKET,SELL,1,GTC,True,False,1,TAKER,6688.25,0.0,['0.00 USD'],NO_TRIGGER,FILLED,NO_CONTINGENCY,,,,MY_GENERIC_ALGO,,O-20260308-224619-001-000-380,,0d83d653-30f5-4b92-b65c-53a06213b160,2026-03-08 22:46:19.544408488+00:00,2026-03-08 22:46:19.544408488+00:00
BACKTESTER-001,OracleStrategy-000,MESM6.GLBX,GLBX-1-361,MESM6.GLBX-OracleStrategy-000,GLBX-001,GLBX-1-361,MARKET,SELL,1,GTC,False,False,1,TAKER,6688.25,0.0,['0.00 USD'],NO_TRIGGER,FILLED,NO_CONTINGENCY,,,,MY_GENERIC_ALGO,,O-20260308-224619-001-000-381,,7e9cbcaf-f2d1-4241-883f-333bcecf62c2,2026-03-08 22:46:19.544408488+00:00,2026-03-08 22:46:19.544408488+00:00
BACKTESTER-001,OracleStrategy-000,MESM6.GLBX,GLBX-1-362,MESM6.GLBX-OracleStrategy-000,GLBX-001,GLBX-1-362,MARKET,BUY,1,GTC,True,False,1,TAKER,6687.75,0.0,['0.00 USD'],NO_TRIGGER,FILLED,NO_CONTINGENCY,,,,MY_GENERIC_ALGO,,O-20260308-224621-001-000-382,,38c257d7-2429-4ea7-866d-bbc987099c58,2026-03-08 22:46:21.825025461+00:00,2026-03-08 22:46:21.825025461+00:00
BACKTESTER-001,OracleStrategy-000,MESM6.GLBX,GLBX-1-363,MESM6.GLBX-OracleStrategy-000,GLBX-001,GLBX-1-363,MARKET,BUY,1,GTC,False,False,1,TAKER,6687.75,0.0,['0.00 USD'],NO_TRIGGER,FILLED,NO_CONTINGENCY,,,,MY_GENERIC_ALGO,,O-20260308-224621-001-000-383,,8f1ecd67-43b2-4b3e-adc3-207310010e2d,2026-03-08 22:46:21.825025461+00:00,2026-03-08 22:46:21.825025461+00:00
BACKTESTER-001,OracleStrategy-000,MESM6.GLBX,GLBX-1-364,MESM6.GLBX-OracleStrategy-000,GLBX-001,GLBX-1-364,MARKET,SELL,1,GTC,True,False,1,TAKER,6688.5,0.0,['0.00 USD'],NO_TRIGGER,FILLED,NO_CONTINGENCY,,,,MY_GENERIC_ALGO,,O-20260308-224631-001-000-384,,8e6bc631-cc07-42b2-9a87-3b342e03a2b0,2026-03-08 22:46:31.570720003+00:00,2026-03-08 22:46:31.570720003+00:00
BACKTESTER-001,OracleStrategy-000,MESM6.GLBX,GLBX-1-365,MESM6.GLBX-OracleStrategy-000,GLBX-001,GLBX-1-365,MARKET,SELL,1,GTC,False,False,1,TAKER,6688.5,0.0,['0.00 USD'],NO_TRIGGER,FILLED,NO_CONTINGENCY,,,,MY_GENERIC_ALGO,,O-20260308-224631-001-000-385,,68ec862f-f672-4527-afe5-7a5154c1fb41,2026-03-08 22:46:31.570720003+00:00,2026-03-08 22:46:31.570720003+00:00
BACKTESTER-001,OracleStrategy-000,MESM6.GLBX,GLBX-1-366,MESM6.GLBX-OracleStrategy-000,GLBX-001,GLBX-1-366,MARKET,BUY,1,GTC,True,False,1,TAKER,6688.25,0.0,['0.00 USD'],NO_TRIGGER,FILLED,NO_CONTINGENCY,,,,MY_GENERIC_ALGO,,O-20260308-224742-001-000-386,,aca9b17c-face-4d9e-aeb0-205b29975e02,2026-03-08 22:47:42.873851839+00:00,2026-03-08 22:47:42.873851839+00:00
BACKTESTER-001,OracleStrategy-000,MESM6.GLBX,GLBX-1-367,MESM6.GLBX-OracleStrategy-000,GLBX-001,GLBX-1-367,MARKET,BUY,1,GTC,False,False,1,TAKER,6688.25,0.0,['0.00 USD'],NO_TRIGGER,FILLED,NO_CONTINGENCY,,,,MY_GENERIC_ALGO,,O-20260308-224742-001-000-387,,87969496-8221-4af0-843f-89464b4f747a,2026-03-08 22:47:42.873851839+00:00,2026-03-08 22:47:42.873851839+00:00
BACKTESTER-001,OracleStrategy-000,MESM6.GLBX,GLBX-1-368,MESM6.GLBX-OracleStrategy-000,GLBX-001,GLBX-1-368,MARKET,SELL,1,GTC,True,False,1,TAKER,6689.5,0.0,['0.00 USD'],NO_TRIGGER,FILLED,NO_CONTINGENCY,,,,MY_GENERIC_ALGO,,O-20260308-224826-001-000-388,,450e288a-6c8e-4917-8d34-b9cb8b2a39ce,2026-03-08 22:48:26.324776315+00:00,2026-03-08 22:48:26.324776315+00:00
BACKTESTER-001,OracleStrategy-000,MESM6.GLBX,GLBX-1-369,MESM6.GLBX-OracleStrategy-000,GLBX-001,GLBX-1-369,MARKET,SELL,1,GTC,False,False,1,TAKER,6689.5,0.0,['0.00 USD'],NO_TRIGGER,FILLED,NO_CONTINGENCY,,,,MY_GENERIC_ALGO,,O-20260308-224826-001-000-389,,cb1ccc66-b4b6-4612-b693-2712bb52fa9e,2026-03-08 22:48:26.324776315+00:00,2026-03-08 22:48:26.324776315+00:00
BACKTESTER-001,OracleStrategy-000,MESM6.GLBX,GLBX-1-370,MESM6.GLBX-OracleStrategy-000,GLBX-001,GLBX-1-370,MARKET,BUY,1,GTC,True,False,1,TAKER,6689.0,0.0,['0.00 USD'],NO_TRIGGER,FILLED,NO_CONTINGENCY,,,,MY_GENERIC_ALGO,,O-20260308-224840-001-000-390,,bf9904a2-d34f-4705-956d-9c07426c9a9c,2026-03-08 22:48:40.110210511+00:00,2026-03-08 22:48:40.110210511+00:00
BACKTESTER-001,OracleStrategy-000,MESM6.GLBX,GLBX-1-371,MESM6.GLBX-OracleStrategy-000,GLBX-001,GLBX-1-371,MARKET,BUY,1,GTC,False,False,1,TAKER,6689.0,0.0,['0.00 USD'],NO_TRIGGER,FILLED,NO_CONTINGENCY,,,,MY_GENERIC_ALGO,,O-20260308-224840-001-000-391,,7764b980-f480-4325-b31e-7c6aa7d9fada,2026-03-08 22:48:40.110210511+00:00,2026-03-08 22:48:40.110210511+00:00
BACKTESTER-001,OracleStrategy-000,MESM6.GLBX,GLBX-1-372,MESM6.GLBX-OracleStrategy-000,GLBX-001,GLBX-1-372,MARKET,SELL,1,GTC,True,False,1,TAKER,6690.0,0.0,['0.00 USD'],NO_TRIGGER,FILLED,NO_CONTINGENCY,,,,MY_GENERIC_ALGO,,O-20260308-224841-001-000-392,,94fa24e9-5130-4ec5-b4bb-95128f7b35c5,2026-03-08 22:48:41.441692250+00:00,2026-03-08 22:48:41.441692250+00:00
BACKTESTER-001,OracleStrategy-000,MESM6.GLBX,GLBX-1-373,MESM6.GLBX-OracleStrategy-000,GLBX-001,GLBX-1-373,MARKET,SELL,1,GTC,False,False,1,TAKER,6690.0,0.0,['0.00 USD'],NO_TRIGGER,FILLED,NO_CONTINGENCY,,,,MY_GENERIC_ALGO,,O-20260308-224841-001-000-393,,20dd9dc3-7eb4-4c21-9413-4eff3b0c9569,2026-03-08 22:48:41.441692250+00:00,2026-03-08 22:48:41.441692250+00:00
BACKTESTER-001,OracleStrategy-000,MESM6.GLBX,GLBX-1-374,MESM6.GLBX-OracleStrategy-000,GLBX-001,GLBX-1-374,MARKET,BUY,1,GTC,True,False,1,TAKER,6690.0,0.0,['0.00 USD'],NO_TRIGGER,FILLED,NO_CONTINGENCY,,,,MY_GENERIC_ALGO,,O-20260308-224903-001-000-394,,519cf43f-ce74-424e-bf2e-71e5ddf49326,2026-03-08 22:49:03.067252951+00:00,2026-03-08 22:49:03.067252951+00:00
BACKTESTER-001,OracleStrategy-000,MESM6.GLBX,GLBX-1-375,MESM6.GLBX-OracleStrategy-000,GLBX-001,GLBX-1-375,MARKET,BUY,1,GTC,False,False,1,TAKER,6690.0,0.0,['0.00 USD'],NO_TRIGGER,FILLED,NO_CONTINGENCY,,,,MY_GENERIC_ALGO,,O-20260308-224903-001-000-395,,c872a8cd-f230-4533-b387-181761998a19,2026-03-08 22:49:03.067252951+00:00,2026-03-08 22:49:03.067252951+00:00
BACKTESTER-001,OracleStrategy-000,MESM6.GLBX,GLBX-1-376,MESM6.GLBX-OracleStrategy-000,GLBX-001,GLBX-1-376,MARKET,SELL,1,GTC,True,False,1,TAKER,6690.5,0.0,['0.00 USD'],NO_TRIGGER,FILLED,NO_CONTINGENCY,,,,MY_GENERIC_ALGO,,O-20260308-224907-001-000-396,,d6c97bb5-5790-4f24-b0b4-56b4df310870,2026-03-08 22:49:07.210109351+00:00,2026-03-08 22:49:07.210109351+00:00
BACKTESTER-001,OracleStrategy-000,MESM6.GLBX,GLBX-1-377,MESM6.GLBX-OracleStrategy-000,GLBX-001,GLBX-1-377,MARKET,SELL,1,GTC,False,False,1,TAKER,6690.5,0.0,['0.00 USD'],NO_TRIGGER,FILLED,NO_CONTINGENCY,,,,MY_GENERIC_ALGO,,O-20260308-224907-001-000-397,,909bbcdd-1dc0-4004-ba17-6019f9e75b0d,2026-03-08 22:49:07.210109351+00:00,2026-03-08 22:49:07.210109351+00:00
BACKTESTER-001,OracleStrategy-000,MESM6.GLBX,GLBX-1-378,MESM6.GLBX-OracleStrategy-000,GLBX-001,GLBX-1-378,MARKET,BUY,1,GTC,True,False,1,TAKER,6689.25,0.0,['0.00 USD'],NO_TRIGGER,FILLED,NO_CONTINGENCY,,,,MY_GENERIC_ALGO,,O-20260308-224931-001-000-398,,051c9281-e4a8-486c-b28d-f448396e96bb,2026-03-08 22:49:31.601506096+00:00,2026-03-08 22:49:31.601506096+00:00
BACKTESTER-001,OracleStrategy-000,MESM6.GLBX,GLBX-1-379,MESM6.GLBX-OracleStrategy-000,GLBX-001,GLBX-1-379,MARKET,BUY,1,GTC,False,False,1,TAKER,6689.25,0.0,['0.00 USD'],NO_TRIGGER,FILLED,NO_CONTINGENCY,,,,MY_GENERIC_ALGO,,O-20260308-224931-001-000-399,,a22899a5-1996-4242-a922-5a3beb3144b1,2026-03-08 22:49:31.601506096+00:00,2026-03-08 22:49:31.601506096+00:00
BACKTESTER-001,OracleStrategy-000,MESM6.GLBX,GLBX-1-380,MESM6.GLBX-OracleStrategy-000,GLBX-001,GLBX-1-380,MARKET,SELL,1,GTC,True,False,1,TAKER,6688.25,0.0,['0.00 USD'],NO_TRIGGER,FILLED,NO_CONTINGENCY,,,,MY_GENERIC_ALGO,,O-20260308-224943-001-000-400,,fb009de2-9089-4111-ac78-5cd88fbf90dd,2026-03-08 22:49:43.041084571+00:00,2026-03-08 22:49:43.041084571+00:00
BACKTESTER-001,OracleStrategy-000,MESM6.GLBX,GLBX-1-381,MESM6.GLBX-OracleStrategy-000,GLBX-001,GLBX-1-381,MARKET,SELL,1,GTC,False,False,1,TAKER,6688.25,0.0,['0.00 USD'],NO_TRIGGER,FILLED,NO_CONTINGENCY,,,,MY_GENERIC_ALGO,,O-20260308-224943-001-000-401,,455e176e-bb55-41a2-b2ce-62b815b60e91,2026-03-08 22:49:43.041084571+00:00,2026-03-08 22:49:43.041084571+00:00
BACKTESTER-001,OracleStrategy-000,MESM6.GLBX,GLBX-1-382,MESM6.GLBX-OracleStrategy-000,GLBX-001,GLBX-1-382,MARKET,BUY,1,GTC,True,False,1,TAKER,6686.25,0.0,['0.00 USD'],NO_TRIGGER,FILLED,NO_CONTINGENCY,,,,MY_GENERIC_ALGO,,O-20260308-225127-001-000-402,,8e6dc7a0-04af-47e3-b365-70c474a4978b,2026-03-08 22:51:27.694579584+00:00,2026-03-08 22:51:27.694579584+00:00
BACKTESTER-001,OracleStrategy-000,MESM6.GLBX,GLBX-1-383,MESM6.GLBX-OracleStrategy-000,GLBX-001,GLBX-1-383,MARKET,BUY,1,GTC,False,False,1,TAKER,6686.25,0.0,['0.00 USD'],NO_TRIGGER,FILLED,NO_CONTINGENCY,,,,MY_GENERIC_ALGO,,O-20260308-225127-001-000-403,,320ebaa2-f6ee-4661-9e5a-ac711a31066d,2026-03-08 22:51:27.694579584+00:00,2026-03-08 22:51:27.694579584+00:00
BACKTESTER-001,OracleStrategy-000,MESM6.GLBX,GLBX-1-384,MESM6.GLBX-OracleStrategy-000,GLBX-001,GLBX-1-384,MARKET,SELL,1,GTC,True,False,1,TAKER,6684.25,0.0,['0.00 USD'],NO_TRIGGER,FILLED,NO_CONTINGENCY,,,,MY_GENERIC_ALGO,,O-20260308-225246-001-000-404,,785aacd3-ac66-4291-b6fa-dd96775b243f,2026-03-08 22:52:46.402007547+00:00,2026-03-08 22:52:46.402007547+00:00
BACKTESTER-001,OracleStrategy-000,MESM6.GLBX,GLBX-1-385,MESM6.GLBX-OracleStrategy-000,GLBX-001,GLBX-1-385,MARKET,BUY,1,GTC,False,False,1,TAKER,6684.25,0.0,['0.00 USD'],NO_TRIGGER,FILLED,NO_CONTINGENCY,,,,MY_GENERIC_ALGO,,O-20260308-225247-001-000-406,,1900e8f7-5615-489e-960e-9d861c13d4cd,2026-03-08 22:52:47.535466688+00:00,2026-03-08 22:52:47.535466688+00:00
BACKTESTER-001,OracleStrategy-000,MESM6.GLBX,GLBX-1-386,MESM6.GLBX-OracleStrategy-000,GLBX-001,GLBX-1-386,MARKET,SELL,1,GTC,True,False,1,TAKER,6687.5,0.0,['0.00 USD'],NO_TRIGGER,FILLED,NO_CONTINGENCY,,,,MY_GENERIC_ALGO,,O-20260308-225321-001-000-407,,4058cd53-0e70-46aa-93ae-2c9b999478bd,2026-03-08 22:53:21.526510405+00:00,2026-03-08 22:53:21.526510405+00:00
BACKTESTER-001,OracleStrategy-000,MESM6.GLBX,GLBX-1-387,MESM6.GLBX-OracleStrategy-000,GLBX-001,GLBX-1-387,MARKET,SELL,1,GTC,False,False,1,TAKER,6687.5,0.0,['0.00 USD'],NO_TRIGGER,FILLED,NO_CONTINGENCY,,,,MY_GENERIC_ALGO,,O-20260308-225321-001-000-408,,98d183de-c28e-4bf0-a117-821b83a8224a,2026-03-08 22:53:21.526510405+00:00,2026-03-08 22:53:21.526510405+00:00
BACKTESTER-001,OracleStrategy-000,MESM6.GLBX,GLBX-1-388,MESM6.GLBX-OracleStrategy-000,GLBX-001,GLBX-1-388,MARKET,BUY,1,GTC,True,False,1,TAKER,6686.25,0.0,['0.00 USD'],NO_TRIGGER,FILLED,NO_CONTINGENCY,,,,MY_GENERIC_ALGO,,O-20260308-225339-001-000-409,,1281cc27-c5f9-481b-b8fb-9a4cb3f5569b,2026-03-08 22:53:39.991394704+00:00,2026-03-08 22:53:39.991394704+00:00
BACKTESTER-001,OracleStrategy-000,MESM6.GLBX,GLBX-1-389,MESM6.GLBX-OracleStrategy-000,GLBX-001,GLBX-1-389,MARKET,BUY,1,GTC,False,False,1,TAKER,6686.25,0.0,['0.00 USD'],NO_TRIGGER,FILLED,NO_CONTINGENCY,,,,MY_GENERIC_ALGO,,O-20260308-225339-001-000-410,,e3a7d4c7-299a-43b5-9d03-615c7f3c6e39,2026-03-08 22:53:39.991394704+00:00,2026-03-08 22:53:39.991394704+00:00
BACKTESTER-001,OracleStrategy-000,MESM6.GLBX,GLBX-1-390,MESM6.GLBX-OracleStrategy-000,GLBX-001,GLBX-1-390,MARKET,SELL,1,GTC,True,False,1,TAKER,6685.5,0.0,['0.00 USD'],NO_TRIGGER,FILLED,NO_CONTINGENCY,,,,MY_GENERIC_ALGO,,O-20260308-225346-001-000-411,,d287937b-4987-4d58-a41e-b026c98d053e,2026-03-08 22:53:46.477184770+00:00,2026-03-08 22:53:46.477184770+00:00
BACKTESTER-001,OracleStrategy-000,MESM6.GLBX,GLBX-1-391,MESM6.GLBX-OracleStrategy-000,GLBX-001,GLBX-1-391,MARKET,SELL,1,GTC,False,False,1,TAKER,6685.5,0.0,['0.00 USD'],NO_TRIGGER,FILLED,NO_CONTINGENCY,,,,MY_GENERIC_ALGO,,O-20260308-225346-001-000-412,,badf7235-5a79-4901-b5d6-5111237eb2a3,2026-03-08 22:53:46.477184770+00:00,2026-03-08 22:53:46.477184770+00:00
BACKTESTER-001,OracleStrategy-000,MESM6.GLBX,GLBX-1-392,MESM6.GLBX-OracleStrategy-000,GLBX-001,GLBX-1-392,MARKET,BUY,1,GTC,True,False,1,TAKER,6685.0,0.0,['0.00 USD'],NO_TRIGGER,FILLED,NO_CONTINGENCY,,,,MY_GENERIC_ALGO,,O-20260308-225351-001-000-413,,a12a4369-81a9-4f81-a49b-c87623118bf3,2026-03-08 22:53:51.472853261+00:00,2026-03-08 22:53:51.472853261+00:00
BACKTESTER-001,OracleStrategy-000,MESM6.GLBX,GLBX-1-393,MESM6.GLBX-OracleStrategy-000,GLBX-001,GLBX-1-393,MARKET,BUY,1,GTC,False,False,1,TAKER,6685.0,0.0,['0.00 USD'],NO_TRIGGER,FILLED,NO_CONTINGENCY,,,,MY_GENERIC_ALGO,,O-20260308-225351-001-000-414,,33ae4299-dfcf-4981-a009-3423330b2d42,2026-03-08 22:53:51.472853261+00:00,2026-03-08 22:53:51.472853261+00:00
BACKTESTER-001,OracleStrategy-000,MESM6.GLBX,GLBX-1-394,MESM6.GLBX-OracleStrategy-000,GLBX-001,GLBX-1-394,MARKET,SELL,1,GTC,True,False,1,TAKER,6688.5,0.0,['0.00 USD'],NO_TRIGGER,FILLED,NO_CONTINGENCY,,,,MY_GENERIC_ALGO,,O-20260308-225419-001-000-415,,7a966ef1-b7b0-470e-9da8-1681a33be78d,2026-03-08 22:54:19.377962131+00:00,2026-03-08 22:54:19.377962131+00:00
BACKTESTER-001,OracleStrategy-000,MESM6.GLBX,GLBX-1-395,MESM6.GLBX-OracleStrategy-000,GLBX-001,GLBX-1-395,MARKET,SELL,1,GTC,False,False,1,TAKER,6688.5,0.0,['0.00 USD'],NO_TRIGGER,FILLED,NO_CONTINGENCY,,,,MY_GENERIC_ALGO,,O-20260308-225419-001-000-416,,ed80dd6e-eb11-4ccb-a79d-c26c34b1c8d7,2026-03-08 22:54:19.377962131+00:00,2026-03-08 22:54:19.377962131+00:00
BACKTESTER-001,OracleStrategy-000,MESM6.GLBX,GLBX-1-396,MESM6.GLBX-OracleStrategy-000,GLBX-001,GLBX-1-396,MARKET,BUY,1,GTC,True,False,1,TAKER,6686.25,0.0,['0.00 USD'],NO_TRIGGER,FILLED,NO_CONTINGENCY,,,,MY_GENERIC_ALGO,,O-20260308-225451-001-000-417,,5d97e3a6-222b-4c98-813c-9b28a8285fe4,2026-03-08 22:54:51.932607520+00:00,2026-03-08 22:54:51.932607520+00:00
BACKTESTER-001,OracleStrategy-000,MESM6.GLBX,GLBX-1-397,MESM6.GLBX-OracleStrategy-000,GLBX-001,GLBX-1-397,MARKET,BUY,1,GTC,False,False,1,TAKER,6688.25,0.0,['0.00 USD'],NO_TRIGGER,FILLED,NO_CONTINGENCY,,,,MY_GENERIC_ALGO,,O-20260308-225456-001-000-419,,11ba1a67-0722-4918-8095-578ba715b9bc,2026-03-08 22:54:56.066789931+00:00,2026-03-08 22:54:56.066789931+00:00
BACKTESTER-001,OracleStrategy-000,MESM6.GLBX,GLBX-1-398,MESM6.GLBX-OracleStrategy-000,GLBX-001,GLBX-1-398,MARKET,SELL,1,GTC,True,False,1,TAKER,6688.75,0.0,['0.00 USD'],NO_TRIGGER,FILLED,NO_CONTINGENCY,,,,MY_GENERIC_ALGO,,O-20260308-225510-001-000-420,,ef8a1a78-fb76-436b-ad06-b76f5d9b59a6,2026-03-08 22:55:10.113903779+00:00,2026-03-08 22:55:10.113903779+00:00
BACKTESTER-001,OracleStrategy-000,MESM6.GLBX,GLBX-1-399,MESM6.GLBX-OracleStrategy-000,GLBX-001,GLBX-1-399,MARKET,SELL,1,GTC,False,False,1,TAKER,6688.75,0.0,['0.00 USD'],NO_TRIGGER,FILLED,NO_CONTINGENCY,,,,MY_GENERIC_ALGO,,O-20260308-225510-001-000-421,,cd7ff031-27af-492b-a704-ccefde5454ac,2026-03-08 22:55:10.113903779+00:00,2026-03-08 22:55:10.113903779+00:00
BACKTESTER-001,OracleStrategy-000,MESM6.GLBX,GLBX-1-400,MESM6.GLBX-OracleStrategy-000,GLBX-001,GLBX-1-400,MARKET,BUY,1,GTC,True,False,1,TAKER,6686.25,0.0,['0.00 USD'],NO_TRIGGER,FILLED,NO_CONTINGENCY,,,,MY_GENERIC_ALGO,,O-20260308-225629-001-000-422,,f2a9023a-cb16-45e2-ad84-2799d1471b91,2026-03-08 22:56:29.833486727+00:00,2026-03-08 22:56:29.833486727+00:00
BACKTESTER-001,OracleStrategy-000,MESM6.GLBX,GLBX-1-401,MESM6.GLBX-OracleStrategy-000,GLBX-001,GLBX-1-401,MARKET,BUY,1,GTC,False,False,1,TAKER,6686.25,0.0,['0.00 USD'],NO_TRIGGER,FILLED,NO_CONTINGENCY,,,,MY_GENERIC_ALGO,,O-20260308-225629-001-000-423,,b9c046d4-ef4a-435f-8cd4-24785d143c37,2026-03-08 22:56:29.833486727+00:00,2026-03-08 22:56:29.833486727+00:00
BACKTESTER-001,OracleStrategy-000,MESM6.GLBX,GLBX-1-402,MESM6.GLBX-OracleStrategy-000,GLBX-001,GLBX-1-402,MARKET,SELL,1,GTC,True,False,1,TAKER,6686.75,0.0,['0.00 USD'],NO_TRIGGER,FILLED,NO_CONTINGENCY,,,,MY_GENERIC_ALGO,,O-20260308-225634-001-000-424,,056fc8f3-d92e-413e-87ab-ec90177a0870,2026-03-08 22:56:34.981532891+00:00,2026-03-08 22:56:34.981532891+00:00
BACKTESTER-001,OracleStrategy-000,MESM6.GLBX,GLBX-1-403,MESM6.GLBX-OracleStrategy-000,GLBX-001,GLBX-1-403,MARKET,SELL,1,GTC,False,False,1,TAKER,6686.75,0.0,['0.00 USD'],NO_TRIGGER,FILLED,NO_CONTINGENCY,,,,MY_GENERIC_ALGO,,O-20260308-225634-001-000-425,,2001f8de-7f13-4b95-b595-01663cd526d3,2026-03-08 22:56:34.981532891+00:00,2026-03-08 22:56:34.981532891+00:00
BACKTESTER-001,OracleStrategy-000,MESM6.GLBX,GLBX-1-404,MESM6.GLBX-OracleStrategy-000,GLBX-001,GLBX-1-404,MARKET,BUY,1,GTC,True,False,1,TAKER,6685.0,0.0,['0.00 USD'],NO_TRIGGER,FILLED,NO_CONTINGENCY,,,,MY_GENERIC_ALGO,,O-20260308-225738-001-000-426,,a1861745-ecc1-44b6-8f58-0f948c0e0acb,2026-03-08 22:57:38.236324255+00:00,2026-03-08 22:57:38.236324255+00:00
BACKTESTER-001,OracleStrategy-000,MESM6.GLBX,GLBX-1-405,MESM6.GLBX-OracleStrategy-000,GLBX-001,GLBX-1-405,MARKET,BUY,1,GTC,False,False,1,TAKER,6685.0,0.0,['0.00 USD'],NO_TRIGGER,FILLED,NO_CONTINGENCY,,,,MY_GENERIC_ALGO,,O-20260308-225738-001-000-427,,5e07cbbc-7343-4eeb-9b56-53eca3aa87df,2026-03-08 22:57:38.236324255+00:00,2026-03-08 22:57:38.236324255+00:00
BACKTESTER-001,OracleStrategy-000,MESM6.GLBX,GLBX-1-406,MESM6.GLBX-OracleStrategy-000,GLBX-001,GLBX-1-406,MARKET,SELL,1,GTC,True,False,1,TAKER,6684.0,0.0,['0.00 USD'],NO_TRIGGER,FILLED,NO_CONTINGENCY,,,,MY_GENERIC_ALGO,,O-20260308-225847-001-000-428,,aaed7b3a-3b85-4038-a906-aac3d36a3d88,2026-03-08 22:58:47.218678892+00:00,2026-03-08 22:58:47.218678892+00:00
BACKTESTER-001,OracleStrategy-000,MESM6.GLBX,GLBX-1-407,MESM6.GLBX-OracleStrategy-000,GLBX-001,GLBX-1-407,MARKET,BUY,1,GTC,False,False,1,TAKER,6684.75,0.0,['0.00 USD'],NO_TRIGGER,FILLED,NO_CONTINGENCY,,,,MY_GENERIC_ALGO,,O-20260308-225906-001-000-430,,430aebd1-6d69-4a5b-b0a8-1290c6eb7d39,2026-03-08 22:59:06.188824728+00:00,2026-03-08 22:59:06.188824728+00:00
BACKTESTER-001,OracleStrategy-000,MESM6.GLBX,GLBX-1-408,MESM6.GLBX-OracleStrategy-000,GLBX-001,GLBX-1-408,MARKET,SELL,1,GTC,True,False,1,TAKER,6692.0,0.0,['0.00 USD'],NO_TRIGGER,FILLED,NO_CONTINGENCY,,,,MY_GENERIC_ALGO,,O-20260308-230010-001-000-431,,d7b97c5c-1d2b-4198-8771-b9da3dfbeccc,2026-03-08 23:00:10.449335552+00:00,2026-03-08 23:00:10.449335552+00:00
BACKTESTER-001,OracleStrategy-000,MESM6.GLBX,GLBX-1-409,MESM6.GLBX-OracleStrategy-000,GLBX-001,GLBX-1-409,MARKET,SELL,1,GTC,False,False,1,TAKER,6692.0,0.0,['0.00 USD'],NO_TRIGGER,FILLED,NO_CONTINGENCY,,,,MY_GENERIC_ALGO,,O-20260308-230010-001-000-432,,6076f6ea-4930-4ea4-beaf-1a8f3b67cfb6,2026-03-08 23:00:10.449335552+00:00,2026-03-08 23:00:10.449335552+00:00
BACKTESTER-001,OracleStrategy-000,MESM6.GLBX,GLBX-1-410,MESM6.GLBX-OracleStrategy-000,GLBX-001,GLBX-1-410,MARKET,BUY,1,GTC,True,False,1,TAKER,6693.75,0.0,['0.00 USD'],NO_TRIGGER,FILLED,NO_CONTINGENCY,,,,MY_GENERIC_ALGO,,O-20260308-230016-001-000-433,,8e898419-4f33-49c1-9823-a36bddc602ec,2026-03-08 23:00:16.529674368+00:00,2026-03-08 23:00:16.529674368+00:00
BACKTESTER-001,OracleStrategy-000,MESM6.GLBX,GLBX-1-411,MESM6.GLBX-OracleStrategy-000,GLBX-001,GLBX-1-411,MARKET,BUY,1,GTC,False,False,1,TAKER,6693.75,0.0,['0.00 USD'],NO_TRIGGER,FILLED,NO_CONTINGENCY,,,,MY_GENERIC_ALGO,,O-20260308-230016-001-000-434,,ee4dcbc9-79b3-4645-96f1-bbae88eb1f35,2026-03-08 23:00:16.529674368+00:00,2026-03-08 23:00:16.529674368+00:00
BACKTESTER-001,OracleStrategy-000,MESM6.GLBX,GLBX-1-412,MESM6.GLBX-OracleStrategy-000,GLBX-001,GLBX-1-412,MARKET,SELL,1,GTC,True,False,1,TAKER,6694.75,0.0,['0.00 USD'],NO_TRIGGER,FILLED,NO_CONTINGENCY,,,,MY_GENERIC_ALGO,,O-20260308-230023-001-000-435,,2b87da65-d8d4-41e0-b37a-95836288fd99,2026-03-08 23:00:23.389858680+00:00,2026-03-08 23:00:23.389858680+00:00
BACKTESTER-001,OracleStrategy-000,MESM6.GLBX,GLBX-1-413,MESM6.GLBX-OracleStrategy-000,GLBX-001,GLBX-1-413,MARKET,SELL,1,GTC,False,False,1,TAKER,6694.75,0.0,['0.00 USD'],NO_TRIGGER,FILLED,NO_CONTINGENCY,,,,MY_GENERIC_ALGO,,O-20260308-230023-001-000-436,,e220a8f7-6b65-476b-bfe9-6838a76d3c72,2026-03-08 23:00:23.389858680+00:00,2026-03-08 23:00:23.389858680+00:00
BACKTESTER-001,OracleStrategy-000,MESM6.GLBX,GLBX-1-414,MESM6.GLBX-OracleStrategy-000,GLBX-001,GLBX-1-414,MARKET,BUY,1,GTC,True,False,1,TAKER,6691.75,0.0,['0.00 USD'],NO_TRIGGER,FILLED,NO_CONTINGENCY,,,,MY_GENERIC_ALGO,,O-20260308-230042-001-000-437,,c4560866-a541-4187-bc9b-2c435584ef5b,2026-03-08 23:00:42.706578259+00:00,2026-03-08 23:00:42.706578259+00:00
BACKTESTER-001,OracleStrategy-000,MESM6.GLBX,GLBX-1-415,MESM6.GLBX-OracleStrategy-000,GLBX-001,GLBX-1-415,MARKET,BUY,1,GTC,False,False,1,TAKER,6691.75,0.0,['0.00 USD'],NO_TRIGGER,FILLED,NO_CONTINGENCY,,,,MY_GENERIC_ALGO,,O-20260308-230042-001-000-438,,fd151d95-8d44-4776-8783-a70e1203d48e,2026-03-08 23:00:42.706578259+00:00,2026-03-08 23:00:42.706578259+00:00
BACKTESTER-001,OracleStrategy-000,MESM6.GLBX,GLBX-1-416,MESM6.GLBX-OracleStrategy-000,GLBX-001,GLBX-1-416,MARKET,SELL,1,GTC,True,False,1,TAKER,6692.5,0.0,['0.00 USD'],NO_TRIGGER,FILLED,NO_CONTINGENCY,,,,MY_GENERIC_ALGO,,O-20260308-230045-001-000-439,,5a9c5d9e-7ff4-44bf-b5ed-7c648254c0ca,2026-03-08 23:00:45.539320020+00:00,2026-03-08 23:00:45.539320020+00:00
BACKTESTER-001,OracleStrategy-000,MESM6.GLBX,GLBX-1-417,MESM6.GLBX-OracleStrategy-000,GLBX-001,GLBX-1-417,MARKET,SELL,1,GTC,False,False,1,TAKER,6692.5,0.0,['0.00 USD'],NO_TRIGGER,FILLED,NO_CONTINGENCY,,,,MY_GENERIC_ALGO,,O-20260308-230045-001-000-440,,6eb95f92-6b2e-421f-8449-34dcd58e575c,2026-03-08 23:00:45.539320020+00:00,2026-03-08 23:00:45.539320020+00:00
BACKTESTER-001,OracleStrategy-000,MESM6.GLBX,GLBX-1-418,MESM6.GLBX-OracleStrategy-000,GLBX-001,GLBX-1-418,MARKET,BUY,1,GTC,True,False,1,TAKER,6692.0,0.0,['0.00 USD'],NO_TRIGGER,FILLED,NO_CONTINGENCY,,,,MY_GENERIC_ALGO,,O-20260308-230047-001-000-441,,a6ea1865-685e-4b21-957e-8541e8b4662c,2026-03-08 23:00:47.529199053+00:00,2026-03-08 23:00:47.529199053+00:00
BACKTESTER-001,OracleStrategy-000,MESM6.GLBX,GLBX-1-419,MESM6.GLBX-OracleStrategy-000,GLBX-001,GLBX-1-419,MARKET,BUY,1,GTC,False,False,1,TAKER,6692.0,0.0,['0.00 USD'],NO_TRIGGER,FILLED,NO_CONTINGENCY,,,,MY_GENERIC_ALGO,,O-20260308-230047-001-000-442,,bc45cb32-c2c2-468e-9798-401a60e8936e,2026-03-08 23:00:47.529199053+00:00,2026-03-08 23:00:47.529199053+00:00
BACKTESTER-001,OracleStrategy-000,MESM6.GLBX,GLBX-1-420,MESM6.GLBX-OracleStrategy-000,GLBX-001,GLBX-1-420,MARKET,SELL,1,GTC,True,False,1,TAKER,6690.0,0.0,['0.00 USD'],NO_TRIGGER,FILLED,NO_CONTINGENCY,,,,MY_GENERIC_ALGO,,O-20260308-230059-001-000-443,,98b5bacc-408e-461c-84e3-431398228f7a,2026-03-08 23:00:59.224407858+00:00,2026-03-08 23:00:59.224407858+00:00
BACKTESTER-001,OracleStrategy-000,MESM6.GLBX,GLBX-1-421,MESM6.GLBX-OracleStrategy-000,GLBX-001,GLBX-1-421,MARKET,SELL,1,GTC,False,False,1,TAKER,6690.0,0.0,['0.00 USD'],NO_TRIGGER,FILLED,NO_CONTINGENCY,,,,MY_GENERIC_ALGO,,O-20260308-230059-001-000-444,,fa211faa-e2fb-4b74-bd45-2e815fc3c100,2026-03-08 23:00:59.224407858+00:00,2026-03-08 23:00:59.224407858+00:00
BACKTESTER-001,OracleStrategy-000,MESM6.GLBX,GLBX-1-422,MESM6.GLBX-OracleStrategy-000,GLBX-001,GLBX-1-422,MARKET,BUY,1,GTC,True,False,1,TAKER,6692.0,0.0,['0.00 USD'],NO_TRIGGER,FILLED,NO_CONTINGENCY,,,,MY_GENERIC_ALGO,,O-20260308-230101-001-000-445,,2eb94b3a-c519-4256-b36f-6da84cf23a25,2026-03-08 23:01:01.164365546+00:00,2026-03-08 23:01:01.164365546+00:00
BACKTESTER-001,OracleStrategy-000,MESM6.GLBX,GLBX-1-423,MESM6.GLBX-OracleStrategy-000,GLBX-001,GLBX-1-423,MARKET,BUY,1,GTC,False,False,1,TAKER,6692.0,0.0,['0.00 USD'],NO_TRIGGER,FILLED,NO_CONTINGENCY,,,,MY_GENERIC_ALGO,,O-20260308-230101-001-000-446,,cc9adaf7-25eb-48b1-99f2-9642dbb87045,2026-03-08 23:01:01.164365546+00:00,2026-03-08 23:01:01.164365546+00:00
BACKTESTER-001,OracleStrategy-000,MESM6.GLBX,GLBX-1-424,MESM6.GLBX-OracleStrategy-000,GLBX-001,GLBX-1-424,MARKET,SELL,1,GTC,True,False,1,TAKER,6691.5,0.0,['0.00 USD'],NO_TRIGGER,FILLED,NO_CONTINGENCY,,,,MY_GENERIC_ALGO,,O-20260308-230110-001-000-447,,ffa963d3-f180-4dd9-b277-0fec55c5f580,2026-03-08 23:01:10.022265254+00:00,2026-03-08 23:01:10.022265254+00:00
BACKTESTER-001,OracleStrategy-000,MESM6.GLBX,GLBX-1-425,MESM6.GLBX-OracleStrategy-000,GLBX-001,GLBX-1-425,MARKET,SELL,1,GTC,False,False,1,TAKER,6691.5,0.0,['0.00 USD'],NO_TRIGGER,FILLED,NO_CONTINGENCY,,,,MY_GENERIC_ALGO,,O-20260308-230110-001-000-448,,53757a22-c91a-482d-80d9-4594c01a6a19,2026-03-08 23:01:10.022265254+00:00,2026-03-08 23:01:10.022265254+00:00
BACKTESTER-001,OracleStrategy-000,MESM6.GLBX,GLBX-1-426,MESM6.GLBX-OracleStrategy-000,GLBX-001,GLBX-1-426,MARKET,BUY,1,GTC,True,False,1,TAKER,6691.25,0.0,['0.00 USD'],NO_TRIGGER,FILLED,NO_CONTINGENCY,,,,MY_GENERIC_ALGO,,O-20260308-230137-001-000-449,,9d5595f6-8498-4679-8c8a-94f3e15dd13a,2026-03-08 23:01:37.385673903+00:00,2026-03-08 23:01:37.385673903+00:00
BACKTESTER-001,OracleStrategy-000,MESM6.GLBX,GLBX-1-427,MESM6.GLBX-OracleStrategy-000,GLBX-001,GLBX-1-427,MARKET,BUY,1,GTC,False,False,1,TAKER,6691.25,0.0,['0.00 USD'],NO_TRIGGER,FILLED,NO_CONTINGENCY,,,,MY_GENERIC_ALGO,,O-20260308-230137-001-000-450,,b592c8aa-2185-4abe-816c-81e403bf9a47,2026-03-08 23:01:37.385673903+00:00,2026-03-08 23:01:37.385673903+00:00
BACKTESTER-001,OracleStrategy-000,MESM6.GLBX,GLBX-1-428,MESM6.GLBX-OracleStrategy-000,GLBX-001,GLBX-1-428,MARKET,SELL,1,GTC,True,False,1,TAKER,6688.5,0.0,['0.00 USD'],NO_TRIGGER,FILLED,NO_CONTINGENCY,,,,MY_GENERIC_ALGO,,O-20260308-230208-001-000-451,,05113576-e5b2-4406-9005-1190e74f13c3,2026-03-08 23:02:08.767360637+00:00,2026-03-08 23:02:08.767360637+00:00
BACKTESTER-001,OracleStrategy-000,MESM6.GLBX,GLBX-1-429,MESM6.GLBX-OracleStrategy-000,GLBX-001,GLBX-1-429,MARKET,SELL,1,GTC,False,False,1,TAKER,6688.5,0.0,['0.00 USD'],NO_TRIGGER,FILLED,NO_CONTINGENCY,,,,MY_GENERIC_ALGO,,O-20260308-230208-001-000-452,,030f08a8-90bc-4299-906c-39ac949698ce,2026-03-08 23:02:08.767360637+00:00,2026-03-08 23:02:08.767360637+00:00
BACKTESTER-001,OracleStrategy-000,MESM6.GLBX,GLBX-1-430,MESM6.GLBX-OracleStrategy-000,GLBX-001,GLBX-1-430,MARKET,BUY,1,GTC,True,False,1,TAKER,6688.5,0.0,['0.00 USD'],NO_TRIGGER,FILLED,NO_CONTINGENCY,,,,MY_GENERIC_ALGO,,O-20260308-230259-001-000-453,,a104b2b0-683b-44ce-b5ef-bb2c490a9e1f,2026-03-08 23:02:59.515555450+00:00,2026-03-08 23:02:59.515555450+00:00
BACKTESTER-001,OracleStrategy-000,MESM6.GLBX,GLBX-1-431,MESM6.GLBX-OracleStrategy-000,GLBX-001,GLBX-1-431,MARKET,BUY,1,GTC,False,False,1,TAKER,6688.5,0.0,['0.00 USD'],NO_TRIGGER,FILLED,NO_CONTINGENCY,,,,MY_GENERIC_ALGO,,O-20260308-230259-001-000-454,,c7511d16-97ba-4eb5-a1ec-cde1b2e2af82,2026-03-08 23:02:59.515555450+00:00,2026-03-08 23:02:59.515555450+00:00
BACKTESTER-001,OracleStrategy-000,MESM6.GLBX,GLBX-1-432,MESM6.GLBX-OracleStrategy-000,GLBX-001,GLBX-1-432,MARKET,SELL,1,GTC,True,False,1,TAKER,6688.25,0.0,['0.00 USD'],NO_TRIGGER,FILLED,NO_CONTINGENCY,,,,MY_GENERIC_ALGO,,O-20260308-230325-001-000-455,,31200d65-6fda-4da0-89cf-7392281a340d,2026-03-08 23:03:25.137361099+00:00,2026-03-08 23:03:25.137361099+00:00
BACKTESTER-001,OracleStrategy-000,MESM6.GLBX,GLBX-1-433,MESM6.GLBX-OracleStrategy-000,GLBX-001,GLBX-1-433,MARKET,SELL,1,GTC,False,False,1,TAKER,6688.25,0.0,['0.00 USD'],NO_TRIGGER,FILLED,NO_CONTINGENCY,,,,MY_GENERIC_ALGO,,O-20260308-230325-001-000-456,,520147ac-1462-4eeb-9e4d-972410692daa,2026-03-08 23:03:25.137361099+00:00,2026-03-08 23:03:25.137361099+00:00
BACKTESTER-001,OracleStrategy-000,MESM6.GLBX,GLBX-1-434,MESM6.GLBX-OracleStrategy-000,GLBX-001,GLBX-1-434,MARKET,BUY,1,GTC,True,False,1,TAKER,6692.5,0.0,['0.00 USD'],NO_TRIGGER,FILLED,NO_CONTINGENCY,,,,MY_GENERIC_ALGO,,O-20260308-230410-001-000-457,,bf7fed59-8cad-4571-82b0-7ddc6fcbc63f,2026-03-08 23:04:10.678023310+00:00,2026-03-08 23:04:10.678023310+00:00
BACKTESTER-001,OracleStrategy-000,MESM6.GLBX,GLBX-1-435,MESM6.GLBX-OracleStrategy-000,GLBX-001,GLBX-1-435,MARKET,SELL,1,GTC,False,False,1,TAKER,6692.0,0.0,['0.00 USD'],NO_TRIGGER,FILLED,NO_CONTINGENCY,,,,MY_GENERIC_ALGO,,O-20260308-230422-001-000-459,,144c33e4-91f8-4fc1-8a5f-1a468b3426e0,2026-03-08 23:04:22.498297527+00:00,2026-03-08 23:04:22.498297527+00:00
BACKTESTER-001,OracleStrategy-000,MESM6.GLBX,GLBX-1-436,MESM6.GLBX-OracleStrategy-000,GLBX-001,GLBX-1-436,MARKET,BUY,1,GTC,True,False,1,TAKER,6692.0,0.0,['0.00 USD'],NO_TRIGGER,FILLED,NO_CONTINGENCY,,,,MY_GENERIC_ALGO,,O-20260308-230425-001-000-460,,156fe345-0bb9-4456-bfb7-a3deb14564ff,2026-03-08 23:04:25.630441946+00:00,2026-03-08 23:04:25.630441946+00:00
BACKTESTER-001,OracleStrategy-000,MESM6.GLBX,GLBX-1-437,MESM6.GLBX-OracleStrategy-000,GLBX-001,GLBX-1-437,MARKET,BUY,1,GTC,False,False,1,TAKER,6692.0,0.0,['0.00 USD'],NO_TRIGGER,FILLED,NO_CONTINGENCY,,,,MY_GENERIC_ALGO,,O-20260308-230425-001-000-461,,1a719bbe-3771-43a4-9a69-e11e6ff5a967,2026-03-08 23:04:25.630441946+00:00,2026-03-08 23:04:25.630441946+00:00
BACKTESTER-001,OracleStrategy-000,MESM6.GLBX,GLBX-1-438,MESM6.GLBX-OracleStrategy-000,GLBX-001,GLBX-1-438,MARKET,SELL,1,GTC,True,False,1,TAKER,6691.0,0.0,['0.00 USD'],NO_TRIGGER,FILLED,NO_CONTINGENCY,,,,MY_GENERIC_ALGO,,O-20260308-230433-001-000-462,,4503005c-0dac-4c80-87df-81cd95cdaadc,2026-03-08 23:04:33.036130968+00:00,2026-03-08 23:04:33.036130968+00:00
BACKTESTER-001,OracleStrategy-000,MESM6.GLBX,GLBX-1-439,MESM6.GLBX-OracleStrategy-000,GLBX-001,GLBX-1-439,MARKET,SELL,1,GTC,False,False,1,TAKER,6691.0,0.0,['0.00 USD'],NO_TRIGGER,FILLED,NO_CONTINGENCY,,,,MY_GENERIC_ALGO,,O-20260308-230433-001-000-463,,c1bbd6cf-dbe3-4f02-a996-985bb8ded4d6,2026-03-08 23:04:33.036130968+00:00,2026-03-08 23:04:33.036130968+00:00
BACKTESTER-001,OracleStrategy-000,MESM6.GLBX,GLBX-1-440,MESM6.GLBX-OracleStrategy-000,GLBX-001,GLBX-1-440,MARKET,BUY,1,GTC,True,False,1,TAKER,6690.25,0.0,['0.00 USD'],NO_TRIGGER,FILLED,NO_CONTINGENCY,,,,MY_GENERIC_ALGO,,O-20260308-230454-001-000-464,,f135016e-9a5a-40bd-8dab-89fdcfca6760,2026-03-08 23:04:54.587562055+00:00,2026-03-08 23:04:54.587562055+00:00
BACKTESTER-001,OracleStrategy-000,MESM6.GLBX,GLBX-1-441,MESM6.GLBX-OracleStrategy-000,GLBX-001,GLBX-1-441,MARKET,BUY,1,GTC,False,False,1,TAKER,6690.25,0.0,['0.00 USD'],NO_TRIGGER,FILLED,NO_CONTINGENCY,,,,MY_GENERIC_ALGO,,O-20260308-230454-001-000-465,,e592991e-862e-4f99-b4ae-3d7f224fbc45,2026-03-08 23:04:54.587562055+00:00,2026-03-08 23:04:54.587562055+00:00
BACKTESTER-001,OracleStrategy-000,MESM6.GLBX,GLBX-1-442,MESM6.GLBX-OracleStrategy-000,GLBX-001,GLBX-1-442,MARKET,SELL,1,GTC,True,False,1,TAKER,6690.0,0.0,['0.00 USD'],NO_TRIGGER,FILLED,NO_CONTINGENCY,,,,MY_GENERIC_ALGO,,O-20260308-230551-001-000-466,,57e5bfc7-4678-4c8f-be5d-dfdf6ad9069e,2026-03-08 23:05:51.844479466+00:00,2026-03-08 23:05:51.844479466+00:00
BACKTESTER-001,OracleStrategy-000,MESM6.GLBX,GLBX-1-443,MESM6.GLBX-OracleStrategy-000,GLBX-001,GLBX-1-443,MARKET,SELL,1,GTC,False,False,1,TAKER,6690.0,0.0,['0.00 USD'],NO_TRIGGER,FILLED,NO_CONTINGENCY,,,,MY_GENERIC_ALGO,,O-20260308-230551-001-000-467,,ae81cbbb-55e4-4de7-b501-3d2a3becc05c,2026-03-08 23:05:51.844479466+00:00,2026-03-08 23:05:51.844479466+00:00
BACKTESTER-001,OracleStrategy-000,MESM6.GLBX,GLBX-1-444,MESM6.GLBX-OracleStrategy-000,GLBX-001,GLBX-1-444,MARKET,BUY,1,GTC,True,False,1,TAKER,6690.0,0.0,['0.00 USD'],NO_TRIGGER,FILLED,NO_CONTINGENCY,,,,MY_GENERIC_ALGO,,O-20260308-230617-001-000-468,,c4816469-f735-4574-953d-411be9b8c00a,2026-03-08 23:06:17.277501877+00:00,2026-03-08 23:06:17.277501877+00:00
BACKTESTER-001,OracleStrategy-000,MESM6.GLBX,GLBX-1-445,MESM6.GLBX-OracleStrategy-000,GLBX-001,GLBX-1-445,MARKET,BUY,1,GTC,False,False,1,TAKER,6690.0,0.0,['0.00 USD'],NO_TRIGGER,FILLED,NO_CONTINGENCY,,,,MY_GENERIC_ALGO,,O-20260308-230617-001-000-469,,47df77c1-111a-4059-87dd-8e874017d26d,2026-03-08 23:06:17.277501877+00:00,2026-03-08 23:06:17.277501877+00:00
BACKTESTER-001,OracleStrategy-000,MESM6.GLBX,GLBX-1-446,MESM6.GLBX-OracleStrategy-000,GLBX-001,GLBX-1-446,MARKET,SELL,1,GTC,True,False,1,TAKER,6689.75,0.0,['0.00 USD'],NO_TRIGGER,FILLED,NO_CONTINGENCY,,,,MY_GENERIC_ALGO,,O-20260308-230624-001-000-470,,c211ac9c-2e6d-4095-ace1-0ea0e8b83794,2026-03-08 23:06:24.918662779+00:00,2026-03-08 23:06:24.918662779+00:00
BACKTESTER-001,OracleStrategy-000,MESM6.GLBX,GLBX-1-447,MESM6.GLBX-OracleStrategy-000,GLBX-001,GLBX-1-447,MARKET,SELL,1,GTC,False,False,1,TAKER,6689.75,0.0,['0.00 USD'],NO_TRIGGER,FILLED,NO_CONTINGENCY,,,,MY_GENERIC_ALGO,,O-20260308-230624-001-000-471,,4e5e8196-59ef-406d-96ad-0da925b6448e,2026-03-08 23:06:24.918662779+00:00,2026-03-08 23:06:24.918662779+00:00
BACKTESTER-001,OracleStrategy-000,MESM6.GLBX,GLBX-1-448,MESM6.GLBX-OracleStrategy-000,GLBX-001,GLBX-1-448,MARKET,BUY,1,GTC,True,False,1,TAKER,6686.0,0.0,['0.00 USD'],NO_TRIGGER,FILLED,NO_CONTINGENCY,,,,MY_GENERIC_ALGO,,O-20260308-230652-001-000-472,,bac7d123-ff9c-4543-b581-5a9586bdae3b,2026-03-08 23:06:52.346481536+00:00,2026-03-08 23:06:52.346481536+00:00
BACKTESTER-001,OracleStrategy-000,MESM6.GLBX,GLBX-1-449,MESM6.GLBX-OracleStrategy-000,GLBX-001,GLBX-1-449,MARKET,BUY,1,GTC,False,False,1,TAKER,6686.0,0.0,['0.00 USD'],NO_TRIGGER,FILLED,NO_CONTINGENCY,,,,MY_GENERIC_ALGO,,O-20260308-230652-001-000-473,,58c78947-682b-4e42-bbed-51e199bf1e3f,2026-03-08 23:06:52.346481536+00:00,2026-03-08 23:06:52.346481536+00:00
BACKTESTER-001,OracleStrategy-000,MESM6.GLBX,GLBX-1-450,MESM6.GLBX-OracleStrategy-000,GLBX-001,GLBX-1-450,MARKET,SELL,1,GTC,True,False,1,TAKER,6684.75,0.0,['0.00 USD'],NO_TRIGGER,FILLED,NO_CONTINGENCY,,,,MY_GENERIC_ALGO,,O-20260308-230745-001-000-474,,46a30a8f-cedf-4a1f-9cbb-aa44b463f960,2026-03-08 23:07:45.397604867+00:00,2026-03-08 23:07:45.397604867+00:00
BACKTESTER-001,OracleStrategy-000,MESM6.GLBX,GLBX-1-451,MESM6.GLBX-OracleStrategy-000,GLBX-001,GLBX-1-451,MARKET,SELL,1,GTC,False,False,1,TAKER,6684.75,0.0,['0.00 USD'],NO_TRIGGER,FILLED,NO_CONTINGENCY,,,,MY_GENERIC_ALGO,,O-20260308-230745-001-000-475,,69aa90e8-835d-4a02-80ed-2f93fba90c02,2026-03-08 23:07:45.397604867+00:00,2026-03-08 23:07:45.397604867+00:00
BACKTESTER-001,OracleStrategy-000,MESM6.GLBX,GLBX-1-452,MESM6.GLBX-OracleStrategy-000,GLBX-001,GLBX-1-452,MARKET,BUY,1,GTC,True,False,1,TAKER,6688.25,0.0,['0.00 USD'],NO_TRIGGER,FILLED,NO_CONTINGENCY,,,,MY_GENERIC_ALGO,,O-20260308-230814-001-000-476,,ec5f4879-f9b1-4c42-97ae-ffad3ea40eac,2026-03-08 23:08:14.425409820+00:00,2026-03-08 23:08:14.425409820+00:00
BACKTESTER-001,OracleStrategy-000,MESM6.GLBX,GLBX-1-453,MESM6.GLBX-OracleStrategy-000,GLBX-001,GLBX-1-453,MARKET,SELL,1,GTC,False,False,1,TAKER,6682.5,0.0,['0.00 USD'],NO_TRIGGER,FILLED,NO_CONTINGENCY,,,,MY_GENERIC_ALGO,,O-20260308-230917-001-000-478,,bc39c60f-5e6a-4dbf-84b9-1f5cf8f09e3c,2026-03-08 23:09:17.346365440+00:00,2026-03-08 23:09:17.346365440+00:00
BACKTESTER-001,OracleStrategy-000,MESM6.GLBX,GLBX-1-454,MESM6.GLBX-OracleStrategy-000,GLBX-001,GLBX-1-454,MARKET,BUY,1,GTC,True,False,1,TAKER,6680.25,0.0,['0.00 USD'],NO_TRIGGER,FILLED,NO_CONTINGENCY,,,,MY_GENERIC_ALGO,,O-20260308-230939-001-000-479,,ca1875f0-fefd-41cd-a2a4-a69d253749cc,2026-03-08 23:09:39.321358019+00:00,2026-03-08 23:09:39.321358019+00:00
BACKTESTER-001,OracleStrategy-000,MESM6.GLBX,GLBX-1-455,MESM6.GLBX-OracleStrategy-000,GLBX-001,GLBX-1-455,MARKET,SELL,1,GTC,False,False,1,TAKER,6678.75,0.0,['0.00 USD'],NO_TRIGGER,FILLED,NO_CONTINGENCY,,,,MY_GENERIC_ALGO,,O-20260308-230944-001-000-481,,7eb418d2-260c-42ed-95e0-fbca715abef7,2026-03-08 23:09:44.899699999+00:00,2026-03-08 23:09:44.899699999+00:00
BACKTESTER-001,OracleStrategy-000,MESM6.GLBX,GLBX-1-456,MESM6.GLBX-OracleStrategy-000,GLBX-001,GLBX-1-456,MARKET,BUY,1,GTC,True,False,1,TAKER,6681.0,0.0,['0.00 USD'],NO_TRIGGER,FILLED,NO_CONTINGENCY,,,,MY_GENERIC_ALGO,,O-20260308-231002-001-000-482,,a28f8d82-6326-4512-a347-a805e11da2ea,2026-03-08 23:10:02.472434549+00:00,2026-03-08 23:10:02.472434549+00:00
BACKTESTER-001,OracleStrategy-000,MESM6.GLBX,GLBX-1-457,MESM6.GLBX-OracleStrategy-000,GLBX-001,GLBX-1-457,MARKET,BUY,1,GTC,False,False,1,TAKER,6681.0,0.0,['0.00 USD'],NO_TRIGGER,FILLED,NO_CONTINGENCY,,,,MY_GENERIC_ALGO,,O-20260308-231002-001-000-483,,b1ea42db-a0c3-42ef-8b49-1585be60b4c2,2026-03-08 23:10:02.472434549+00:00,2026-03-08 23:10:02.472434549+00:00
BACKTESTER-001,OracleStrategy-000,MESM6.GLBX,GLBX-1-458,MESM6.GLBX-OracleStrategy-000,GLBX-001,GLBX-1-458,MARKET,SELL,1,GTC,True,False,1,TAKER,6679.0,0.0,['0.00 USD'],NO_TRIGGER,FILLED,NO_CONTINGENCY,,,,MY_GENERIC_ALGO,,O-20260308-231004-001-000-484,,360d3c00-3bba-4b55-ab38-e1d1c6f2e570,2026-03-08 23:10:04.142699642+00:00,2026-03-08 23:10:04.142699642+00:00
BACKTESTER-001,OracleStrategy-000,MESM6.GLBX,GLBX-1-459,MESM6.GLBX-OracleStrategy-000,GLBX-001,GLBX-1-459,MARKET,SELL,1,GTC,False,False,1,TAKER,6679.0,0.0,['0.00 USD'],NO_TRIGGER,FILLED,NO_CONTINGENCY,,,,MY_GENERIC_ALGO,,O-20260308-231004-001-000-485,,512b3a41-8f51-4453-9cc7-35835d415fec,2026-03-08 23:10:04.142699642+00:00,2026-03-08 23:10:04.142699642+00:00
BACKTESTER-001,OracleStrategy-000,MESM6.GLBX,GLBX-1-460,MESM6.GLBX-OracleStrategy-000,GLBX-001,GLBX-1-460,MARKET,BUY,1,GTC,True,False,1,TAKER,6679.75,0.0,['0.00 USD'],NO_TRIGGER,FILLED,NO_CONTINGENCY,,,,MY_GENERIC_ALGO,,O-20260308-231029-001-000-486,,5b06f17d-d1de-442e-a88e-3aa9a514da88,2026-03-08 23:10:29.100762872+00:00,2026-03-08 23:10:29.100762872+00:00
BACKTESTER-001,OracleStrategy-000,MESM6.GLBX,GLBX-1-461,MESM6.GLBX-OracleStrategy-000,GLBX-001,GLBX-1-461,MARKET,BUY,1,GTC,False,False,1,TAKER,6679.75,0.0,['0.00 USD'],NO_TRIGGER,FILLED,NO_CONTINGENCY,,,,MY_GENERIC_ALGO,,O-20260308-231029-001-000-487,,9159637a-8e4c-4430-ae9e-1313c4dc6cfa,2026-03-08 23:10:29.100762872+00:00,2026-03-08 23:10:29.100762872+00:00
BACKTESTER-001,OracleStrategy-000,MESM6.GLBX,GLBX-1-462,MESM6.GLBX-OracleStrategy-000,GLBX-001,GLBX-1-462,MARKET,SELL,1,GTC,True,False,1,TAKER,6680.0,0.0,['0.00 USD'],NO_TRIGGER,FILLED,NO_CONTINGENCY,,,,MY_GENERIC_ALGO,,O-20260308-231035-001-000-488,,453460ac-d3c2-49fe-9533-4ceb60e31b9a,2026-03-08 23:10:35.934749778+00:00,2026-03-08 23:10:35.934749778+00:00
BACKTESTER-001,OracleStrategy-000,MESM6.GLBX,GLBX-1-463,MESM6.GLBX-OracleStrategy-000,GLBX-001,GLBX-1-463,MARKET,SELL,1,GTC,False,False,1,TAKER,6680.0,0.0,['0.00 USD'],NO_TRIGGER,FILLED,NO_CONTINGENCY,,,,MY_GENERIC_ALGO,,O-20260308-231035-001-000-489,,452a0f09-7b7c-4b79-bb18-9909a23baecb,2026-03-08 23:10:35.934749778+00:00,2026-03-08 23:10:35.934749778+00:00
BACKTESTER-001,OracleStrategy-000,MESM6.GLBX,GLBX-1-464,MESM6.GLBX-OracleStrategy-000,GLBX-001,GLBX-1-464,MARKET,BUY,1,GTC,True,False,1,TAKER,6678.0,0.0,['0.00 USD'],NO_TRIGGER,FILLED,NO_CONTINGENCY,,,,MY_GENERIC_ALGO,,O-20260308-231042-001-000-490,,c99cd1f2-c9c8-4e45-8c12-b51298ec1457,2026-03-08 23:10:42.050033864+00:00,2026-03-08 23:10:42.050033864+00:00
BACKTESTER-001,OracleStrategy-000,MESM6.GLBX,GLBX-1-465,MESM6.GLBX-OracleStrategy-000,GLBX-001,GLBX-1-465,MARKET,BUY,1,GTC,False,False,1,TAKER,6678.0,0.0,['0.00 USD'],NO_TRIGGER,FILLED,NO_CONTINGENCY,,,,MY_GENERIC_ALGO,,O-20260308-231042-001-000-491,,eff0f592-1f81-4824-b2b4-eacf496bccd6,2026-03-08 23:10:42.050033864+00:00,2026-03-08 23:10:42.050033864+00:00
BACKTESTER-001,OracleStrategy-000,MESM6.GLBX,GLBX-1-466,MESM6.GLBX-OracleStrategy-000,GLBX-001,GLBX-1-466,MARKET,SELL,1,GTC,True,False,1,TAKER,6680.75,0.0,['0.00 USD'],NO_TRIGGER,FILLED,NO_CONTINGENCY,,,,MY_GENERIC_ALGO,,O-20260308-231048-001-000-492,,9715c216-26dd-4458-a69c-aee5fd4450d8,2026-03-08 23:10:48.488622661+00:00,2026-03-08 23:10:48.488622661+00:00
BACKTESTER-001,OracleStrategy-000,MESM6.GLBX,GLBX-1-467,MESM6.GLBX-OracleStrategy-000,GLBX-001,GLBX-1-467,MARKET,SELL,1,GTC,False,False,1,TAKER,6680.75,0.0,['0.00 USD'],NO_TRIGGER,FILLED,NO_CONTINGENCY,,,,MY_GENERIC_ALGO,,O-20260308-231048-001-000-493,,35ee70ad-fb77-466f-9ec1-452b1519690a,2026-03-08 23:10:48.488622661+00:00,2026-03-08 23:10:48.488622661+00:00
BACKTESTER-001,OracleStrategy-000,MESM6.GLBX,GLBX-1-468,MESM6.GLBX-OracleStrategy-000,GLBX-001,GLBX-1-468,MARKET,BUY,1,GTC,True,False,1,TAKER,6680.0,0.0,['0.00 USD'],NO_TRIGGER,FILLED,NO_CONTINGENCY,,,,MY_GENERIC_ALGO,,O-20260308-231050-001-000-494,,a685b987-da2b-4f6b-83c3-630e0866856e,2026-03-08 23:10:50.024191632+00:00,2026-03-08 23:10:50.024191632+00:00
BACKTESTER-001,OracleStrategy-000,MESM6.GLBX,GLBX-1-469,MESM6.GLBX-OracleStrategy-000,GLBX-001,GLBX-1-469,MARKET,SELL,1,GTC,False,False,1,TAKER,6678.75,0.0,['0.00 USD'],NO_TRIGGER,FILLED,NO_CONTINGENCY,,,,MY_GENERIC_ALGO,,O-20260308-231056-001-000-496,,dd1749de-21c2-4ba7-ab12-1e8920e8254b,2026-03-08 23:10:56.243062289+00:00,2026-03-08 23:10:56.243062289+00:00
BACKTESTER-001,OracleStrategy-000,MESM6.GLBX,GLBX-1-470,MESM6.GLBX-OracleStrategy-000,GLBX-001,GLBX-1-470,MARKET,BUY,1,GTC,True,False,1,TAKER,6678.75,0.0,['0.00 USD'],NO_TRIGGER,FILLED,NO_CONTINGENCY,,,,MY_GENERIC_ALGO,,O-20260308-231104-001-000-497,,7b150f13-d349-4fc7-926f-abc6728492d0,2026-03-08 23:11:04.065116960+00:00,2026-03-08 23:11:04.065116960+00:00
BACKTESTER-001,OracleStrategy-000,MESM6.GLBX,GLBX-1-471,MESM6.GLBX-OracleStrategy-000,GLBX-001,GLBX-1-471,MARKET,BUY,1,GTC,False,False,1,TAKER,6678.75,0.0,['0.00 USD'],NO_TRIGGER,FILLED,NO_CONTINGENCY,,,,MY_GENERIC_ALGO,,O-20260308-231104-001-000-498,,e41a3aa0-c175-4d25-8462-2c383421951a,2026-03-08 23:11:04.065116960+00:00,2026-03-08 23:11:04.065116960+00:00
BACKTESTER-001,OracleStrategy-000,MESM6.GLBX,GLBX-1-472,MESM6.GLBX-OracleStrategy-000,GLBX-001,GLBX-1-472,MARKET,SELL,1,GTC,True,False,1,TAKER,6681.5,0.0,['0.00 USD'],NO_TRIGGER,FILLED,NO_CONTINGENCY,,,,MY_GENERIC_ALGO,,O-20260308-231138-001-000-499,,ab9b42cc-f0ee-4aac-860d-59c7fe1e3f3c,2026-03-08 23:11:38.374888089+00:00,2026-03-08 23:11:38.374888089+00:00
BACKTESTER-001,OracleStrategy-000,MESM6.GLBX,GLBX-1-473,MESM6.GLBX-OracleStrategy-000,GLBX-001,GLBX-1-473,MARKET,SELL,1,GTC,False,False,1,TAKER,6681.5,0.0,['0.00 USD'],NO_TRIGGER,FILLED,NO_CONTINGENCY,,,,MY_GENERIC_ALGO,,O-20260308-231138-001-000-500,,4add0e72-3425-453e-b5a3-6bb5522a6333,2026-03-08 23:11:38.374888089+00:00,2026-03-08 23:11:38.374888089+00:00
BACKTESTER-001,OracleStrategy-000,MESM6.GLBX,GLBX-1-474,MESM6.GLBX-OracleStrategy-000,GLBX-001,GLBX-1-474,MARKET,BUY,1,GTC,True,False,1,TAKER,6678.5,0.0,['0.00 USD'],NO_TRIGGER,FILLED,NO_CONTINGENCY,,,,MY_GENERIC_ALGO,,O-20260308-231230-001-000-501,,f3ad41c3-a6d1-4b84-b51f-fd30a2b010f8,2026-03-08 23:12:30.086323234+00:00,2026-03-08 23:12:30.086323234+00:00
BACKTESTER-001,OracleStrategy-000,MESM6.GLBX,GLBX-1-475,MESM6.GLBX-OracleStrategy-000,GLBX-001,GLBX-1-475,MARKET,BUY,1,GTC,False,False,1,TAKER,6678.5,0.0,['0.00 USD'],NO_TRIGGER,FILLED,NO_CONTINGENCY,,,,MY_GENERIC_ALGO,,O-20260308-231230-001-000-502,,acdb029a-1b9a-4c78-b58d-b460c2418069,2026-03-08 23:12:30.086323234+00:00,2026-03-08 23:12:30.086323234+00:00
BACKTESTER-001,OracleStrategy-000,MESM6.GLBX,GLBX-1-476,MESM6.GLBX-OracleStrategy-000,GLBX-001,GLBX-1-476,MARKET,SELL,1,GTC,True,False,1,TAKER,6679.5,0.0,['0.00 USD'],NO_TRIGGER,FILLED,NO_CONTINGENCY,,,,MY_GENERIC_ALGO,,O-20260308-231303-001-000-503,,6e948b34-975f-4010-b78e-7b1091605f4d,2026-03-08 23:13:03.746979792+00:00,2026-03-08 23:13:03.746979792+00:00
BACKTESTER-001,OracleStrategy-000,MESM6.GLBX,GLBX-1-477,MESM6.GLBX-OracleStrategy-000,GLBX-001,GLBX-1-477,MARKET,SELL,1,GTC,False,False,1,TAKER,6679.5,0.0,['0.00 USD'],NO_TRIGGER,FILLED,NO_CONTINGENCY,,,,MY_GENERIC_ALGO,,O-20260308-231303-001-000-504,,3af4fdaa-b83d-452a-9445-98521765ee1c,2026-03-08 23:13:03.746979792+00:00,2026-03-08 23:13:03.746979792+00:00
BACKTESTER-001,OracleStrategy-000,MESM6.GLBX,GLBX-1-478,MESM6.GLBX-OracleStrategy-000,GLBX-001,GLBX-1-478,MARKET,BUY,1,GTC,True,False,1,TAKER,6679.75,0.0,['0.00 USD'],NO_TRIGGER,FILLED,NO_CONTINGENCY,,,,MY_GENERIC_ALGO,,O-20260308-231312-001-000-505,,238e80c5-6cfd-405e-9b10-ed41f6206c85,2026-03-08 23:13:12.182773728+00:00,2026-03-08 23:13:12.182773728+00:00
BACKTESTER-001,OracleStrategy-000,MESM6.GLBX,GLBX-1-479,MESM6.GLBX-OracleStrategy-000,GLBX-001,GLBX-1-479,MARKET,BUY,1,GTC,False,False,1,TAKER,6679.75,0.0,['0.00 USD'],NO_TRIGGER,FILLED,NO_CONTINGENCY,,,,MY_GENERIC_ALGO,,O-20260308-231312-001-000-506,,91a5ce6b-6b53-40f7-a01b-f5948e285802,2026-03-08 23:13:12.182773728+00:00,2026-03-08 23:13:12.182773728+00:00
BACKTESTER-001,OracleStrategy-000,MESM6.GLBX,GLBX-1-480,MESM6.GLBX-OracleStrategy-000,GLBX-001,GLBX-1-480,MARKET,SELL,1,GTC,True,False,1,TAKER,6678.0,0.0,['0.00 USD'],NO_TRIGGER,FILLED,NO_CONTINGENCY,,,,MY_GENERIC_ALGO,,O-20260308-231334-001-000-507,,9178ceb0-9d76-4128-a6e5-0ddd91cef19d,2026-03-08 23:13:34.460214245+00:00,2026-03-08 23:13:34.460214245+00:00
BACKTESTER-001,OracleStrategy-000,MESM6.GLBX,GLBX-1-481,MESM6.GLBX-OracleStrategy-000,GLBX-001,GLBX-1-481,MARKET,SELL,1,GTC,False,False,1,TAKER,6678.0,0.0,['0.00 USD'],NO_TRIGGER,FILLED,NO_CONTINGENCY,,,,MY_GENERIC_ALGO,,O-20260308-231334-001-000-508,,5ea2d0ba-4105-4500-8f4d-da3e74d53227,2026-03-08 23:13:34.460214245+00:00,2026-03-08 23:13:34.460214245+00:00
BACKTESTER-001,OracleStrategy-000,MESM6.GLBX,GLBX-1-482,MESM6.GLBX-OracleStrategy-000,GLBX-001,GLBX-1-482,MARKET,BUY,1,GTC,True,False,1,TAKER,6680.75,0.0,['0.00 USD'],NO_TRIGGER,FILLED,NO_CONTINGENCY,,,,MY_GENERIC_ALGO,,O-20260308-231502-001-000-509,,72032162-f0c8-4ff0-b763-481ed57be488,2026-03-08 23:15:02.744464301+00:00,2026-03-08 23:15:02.744464301+00:00
BACKTESTER-001,OracleStrategy-000,MESM6.GLBX,GLBX-1-483,MESM6.GLBX-OracleStrategy-000,GLBX-001,GLBX-1-483,MARKET,BUY,1,GTC,False,False,1,TAKER,6680.75,0.0,['0.00 USD'],NO_TRIGGER,FILLED,NO_CONTINGENCY,,,,MY_GENERIC_ALGO,,O-20260308-231502-001-000-510,,afb47b3b-9ed1-4054-b042-a0e20c898f8b,2026-03-08 23:15:02.744464301+00:00,2026-03-08 23:15:02.744464301+00:00
BACKTESTER-001,OracleStrategy-000,MESM6.GLBX,GLBX-1-484,MESM6.GLBX-OracleStrategy-000,GLBX-001,GLBX-1-484,MARKET,SELL,1,GTC,True,False,1,TAKER,6680.0,0.0,['0.00 USD'],NO_TRIGGER,FILLED,NO_CONTINGENCY,,,,MY_GENERIC_ALGO,,O-20260308-231516-001-000-511,,0ee935bf-72aa-4fb6-9d96-ecc32d16ebb3,2026-03-08 23:15:16.242294552+00:00,2026-03-08 23:15:16.242294552+00:00
BACKTESTER-001,OracleStrategy-000,MESM6.GLBX,GLBX-1-485,MESM6.GLBX-OracleStrategy-000,GLBX-001,GLBX-1-485,MARKET,SELL,1,GTC,False,False,1,TAKER,6680.0,0.0,['0.00 USD'],NO_TRIGGER,FILLED,NO_CONTINGENCY,,,,MY_GENERIC_ALGO,,O-20260308-231516-001-000-512,,a9153de2-4cfc-4610-9dfc-fb38135faa21,2026-03-08 23:15:16.242294552+00:00,2026-03-08 23:15:16.242294552+00:00
BACKTESTER-001,OracleStrategy-000,MESM6.GLBX,GLBX-1-486,MESM6.GLBX-OracleStrategy-000,GLBX-001,GLBX-1-486,MARKET,BUY,1,GTC,True,False,1,TAKER,6680.5,0.0,['0.00 USD'],NO_TRIGGER,FILLED,NO_CONTINGENCY,,,,MY_GENERIC_ALGO,,O-20260308-231551-001-000-513,,421cfeda-5b2f-4c0c-bdb7-24e14e5e1005,2026-03-08 23:15:51.768551523+00:00,2026-03-08 23:15:51.768551523+00:00
BACKTESTER-001,OracleStrategy-000,MESM6.GLBX,GLBX-1-487,MESM6.GLBX-OracleStrategy-000,GLBX-001,GLBX-1-487,MARKET,BUY,1,GTC,False,False,1,TAKER,6680.5,0.0,['0.00 USD'],NO_TRIGGER,FILLED,NO_CONTINGENCY,,,,MY_GENERIC_ALGO,,O-20260308-231551-001-000-514,,72de4a0f-27cc-40bd-a2f1-7d195759f3ea,2026-03-08 23:15:51.768551523+00:00,2026-03-08 23:15:51.768551523+00:00
BACKTESTER-001,OracleStrategy-000,MESM6.GLBX,GLBX-1-488,MESM6.GLBX-OracleStrategy-000,GLBX-001,GLBX-1-488,MARKET,SELL,1,GTC,True,False,1,TAKER,6682.25,0.0,['0.00 USD'],NO_TRIGGER,FILLED,NO_CONTINGENCY,,,,MY_GENERIC_ALGO,,O-20260308-231628-001-000-515,,d77d9a39-491f-4e04-a172-b3a18fa80247,2026-03-08 23:16:28.854466843+00:00,2026-03-08 23:16:28.854466843+00:00
BACKTESTER-001,OracleStrategy-000,MESM6.GLBX,GLBX-1-489,MESM6.GLBX-OracleStrategy-000,GLBX-001,GLBX-1-489,MARKET,SELL,1,GTC,False,False,1,TAKER,6682.25,0.0,['0.00 USD'],NO_TRIGGER,FILLED,NO_CONTINGENCY,,,,MY_GENERIC_ALGO,,O-20260308-231628-001-000-516,,f01e527c-62e5-497f-a816-fc0acd7baa44,2026-03-08 23:16:28.854466843+00:00,2026-03-08 23:16:28.854466843+00:00
BACKTESTER-001,OracleStrategy-000,MESM6.GLBX,GLBX-1-490,MESM6.GLBX-OracleStrategy-000,GLBX-001,GLBX-1-490,MARKET,BUY,1,GTC,True,False,1,TAKER,6683.5,0.0,['0.00 USD'],NO_TRIGGER,FILLED,NO_CONTINGENCY,,,,MY_GENERIC_ALGO,,O-20260308-231709-001-000-517,,5383e265-bc69-463e-ab12-764ec0da0577,2026-03-08 23:17:09.788696936+00:00,2026-03-08 23:17:09.788696936+00:00
BACKTESTER-001,OracleStrategy-000,MESM6.GLBX,GLBX-1-491,MESM6.GLBX-OracleStrategy-000,GLBX-001,GLBX-1-491,MARKET,BUY,1,GTC,False,False,1,TAKER,6683.5,0.0,['0.00 USD'],NO_TRIGGER,FILLED,NO_CONTINGENCY,,,,MY_GENERIC_ALGO,,O-20260308-231709-001-000-518,,f75e1058-768d-413c-a29c-b237b15aeeb2,2026-03-08 23:17:09.788696936+00:00,2026-03-08 23:17:09.788696936+00:00
BACKTESTER-001,OracleStrategy-000,MESM6.GLBX,GLBX-1-492,MESM6.GLBX-OracleStrategy-000,GLBX-001,GLBX-1-492,MARKET,SELL,1,GTC,True,False,1,TAKER,6683.75,0.0,['0.00 USD'],NO_TRIGGER,FILLED,NO_CONTINGENCY,,,,MY_GENERIC_ALGO,,O-20260308-231757-001-000-519,,68cc0c3d-c4db-4071-8d12-18920b90451d,2026-03-08 23:17:57.941459973+00:00,2026-03-08 23:17:57.941459973+00:00
BACKTESTER-001,OracleStrategy-000,MESM6.GLBX,GLBX-1-493,MESM6.GLBX-OracleStrategy-000,GLBX-001,GLBX-1-493,MARKET,SELL,1,GTC,False,False,1,TAKER,6683.75,0.0,['0.00 USD'],NO_TRIGGER,FILLED,NO_CONTINGENCY,,,,MY_GENERIC_ALGO,,O-20260308-231757-001-000-520,,a25a3c9b-f076-45bb-a0b8-b8b240539a94,2026-03-08 23:17:57.941459973+00:00,2026-03-08 23:17:57.941459973+00:00
BACKTESTER-001,OracleStrategy-000,MESM6.GLBX,GLBX-1-494,MESM6.GLBX-OracleStrategy-000,GLBX-001,GLBX-1-494,MARKET,BUY,1,GTC,True,False,1,TAKER,6684.0,0.0,['0.00 USD'],NO_TRIGGER,FILLED,NO_CONTINGENCY,,,,MY_GENERIC_ALGO,,O-20260308-231800-001-000-521,,dbc374ec-c10c-4a85-ac95-ef2e59d4bf17,2026-03-08 23:18:00.053955095+00:00,2026-03-08 23:18:00.053955095+00:00
BACKTESTER-001,OracleStrategy-000,MESM6.GLBX,GLBX-1-495,MESM6.GLBX-OracleStrategy-000,GLBX-001,GLBX-1-495,MARKET,BUY,1,GTC,False,False,1,TAKER,6684.0,0.0,['0.00 USD'],NO_TRIGGER,FILLED,NO_CONTINGENCY,,,,MY_GENERIC_ALGO,,O-20260308-231800-001-000-522,,46ad436f-b2a1-4c50-a85c-b004fcde4ca2,2026-03-08 23:18:00.053955095+00:00,2026-03-08 23:18:00.053955095+00:00
BACKTESTER-001,OracleStrategy-000,MESM6.GLBX,GLBX-1-496,MESM6.GLBX-OracleStrategy-000,GLBX-001,GLBX-1-496,MARKET,SELL,1,GTC,True,False,1,TAKER,6684.25,0.0,['0.00 USD'],NO_TRIGGER,FILLED,NO_CONTINGENCY,,,,MY_GENERIC_ALGO,,O-20260308-231905-001-000-523,,96b4fc79-ded2-435d-a0d0-6d0ed736b1b3,2026-03-08 23:19:05.514889264+00:00,2026-03-08 23:19:05.514889264+00:00
BACKTESTER-001,OracleStrategy-000,MESM6.GLBX,GLBX-1-497,MESM6.GLBX-OracleStrategy-000,GLBX-001,GLBX-1-497,MARKET,SELL,1,GTC,False,False,1,TAKER,6684.25,0.0,['0.00 USD'],NO_TRIGGER,FILLED,NO_CONTINGENCY,,,,MY_GENERIC_ALGO,,O-20260308-231905-001-000-524,,49bac259-acd7-487b-a26a-5c8782fdbca0,2026-03-08 23:19:05.514889264+00:00,2026-03-08 23:19:05.514889264+00:00
BACKTESTER-001,OracleStrategy-000,MESM6.GLBX,GLBX-1-498,MESM6.GLBX-OracleStrategy-000,GLBX-001,GLBX-1-498,MARKET,BUY,1,GTC,True,False,1,TAKER,6685.0,0.0,['0.00 USD'],NO_TRIGGER,FILLED,NO_CONTINGENCY,,,,MY_GENERIC_ALGO,,O-20260308-231949-001-000-525,,100c3971-5c4f-4428-82a8-d188296bb0c8,2026-03-08 23:19:49.253008699+00:00,2026-03-08 23:19:49.253008699+00:00
BACKTESTER-001,OracleStrategy-000,MESM6.GLBX,GLBX-1-499,MESM6.GLBX-OracleStrategy-000,GLBX-001,GLBX-1-499,MARKET,BUY,1,GTC,False,False,1,TAKER,6685.0,0.0,['0.00 USD'],NO_TRIGGER,FILLED,NO_CONTINGENCY,,,,MY_GENERIC_ALGO,,O-20260308-231949-001-000-526,,16bc2d13-8e43-4838-b1ff-09bc93a8c448,2026-03-08 23:19:49.253008699+00:00,2026-03-08 23:19:49.253008699+00:00
BACKTESTER-001,OracleStrategy-000,MESM6.GLBX,GLBX-1-500,MESM6.GLBX-OracleStrategy-000,GLBX-001,GLBX-1-500,MARKET,SELL,1,GTC,True,False,1,TAKER,6685.25,0.0,['0.00 USD'],NO_TRIGGER,FILLED,NO_CONTINGENCY,,,,MY_GENERIC_ALGO,,O-20260308-232108-001-000-527,,aadd7c9f-156f-4ab8-a5c9-4c2f4c5aefa1,2026-03-08 23:21:08.009104659+00:00,2026-03-08 23:21:08.009104659+00:00
BACKTESTER-001,OracleStrategy-000,MESM6.GLBX,GLBX-1-501,MESM6.GLBX-OracleStrategy-000,GLBX-001,GLBX-1-501,MARKET,SELL,1,GTC,False,False,1,TAKER,6685.25,0.0,['0.00 USD'],NO_TRIGGER,FILLED,NO_CONTINGENCY,,,,MY_GENERIC_ALGO,,O-20260308-232108-001-000-528,,934c5880-304e-4a77-b652-8a5385b9ef11,2026-03-08 23:21:08.009104659+00:00,2026-03-08 23:21:08.009104659+00:00
BACKTESTER-001,OracleStrategy-000,MESM6.GLBX,GLBX-1-502,MESM6.GLBX-OracleStrategy-000,GLBX-001,GLBX-1-502,MARKET,BUY,1,GTC,True,False,1,TAKER,6685.25,0.0,['0.00 USD'],NO_TRIGGER,FILLED,NO_CONTINGENCY,,,,MY_GENERIC_ALGO,,O-20260308-232326-001-000-529,,3b405074-f122-4542-a0ee-eea5cf53910e,2026-03-08 23:23:26.527679064+00:00,2026-03-08 23:23:26.527679064+00:00
BACKTESTER-001,OracleStrategy-000,MESM6.GLBX,GLBX-1-503,MESM6.GLBX-OracleStrategy-000,GLBX-001,GLBX-1-503,MARKET,BUY,1,GTC,False,False,1,TAKER,6685.25,0.0,['0.00 USD'],NO_TRIGGER,FILLED,NO_CONTINGENCY,,,,MY_GENERIC_ALGO,,O-20260308-232326-001-000-530,,49b2933b-f8d8-4210-bca1-a41aabb7a473,2026-03-08 23:23:26.527679064+00:00,2026-03-08 23:23:26.527679064+00:00
BACKTESTER-001,OracleStrategy-000,MESM6.GLBX,GLBX-1-504,MESM6.GLBX-OracleStrategy-000,GLBX-001,GLBX-1-504,MARKET,SELL,1,GTC,True,False,1,TAKER,6685.25,0.0,['0.00 USD'],NO_TRIGGER,FILLED,NO_CONTINGENCY,,,,MY_GENERIC_ALGO,,O-20260308-232403-001-000-531,,4c974752-0fa7-4d0b-b90b-2a88c00217f3,2026-03-08 23:24:03.010174267+00:00,2026-03-08 23:24:03.010174267+00:00
BACKTESTER-001,OracleStrategy-000,MESM6.GLBX,GLBX-1-505,MESM6.GLBX-OracleStrategy-000,GLBX-001,GLBX-1-505,MARKET,SELL,1,GTC,False,False,1,TAKER,6685.25,0.0,['0.00 USD'],NO_TRIGGER,FILLED,NO_CONTINGENCY,,,,MY_GENERIC_ALGO,,O-20260308-232403-001-000-532,,2b4fb1b5-5fec-4f8f-aed5-0e745f0012d2,2026-03-08 23:24:03.010174267+00:00,2026-03-08 23:24:03.010174267+00:00
BACKTESTER-001,OracleStrategy-000,MESM6.GLBX,GLBX-1-506,MESM6.GLBX-OracleStrategy-000,GLBX-001,GLBX-1-506,MARKET,BUY,1,GTC,True,False,1,TAKER,6685.0,0.0,['0.00 USD'],NO_TRIGGER,FILLED,NO_CONTINGENCY,,,,MY_GENERIC_ALGO,,O-20260308-232424-001-000-533,,522838bc-eba0-454a-a217-74e2fb4da9d0,2026-03-08 23:24:24.839189915+00:00,2026-03-08 23:24:24.839189915+00:00
BACKTESTER-001,OracleStrategy-000,MESM6.GLBX,GLBX-1-507,MESM6.GLBX-OracleStrategy-000,GLBX-001,GLBX-1-507,MARKET,BUY,1,GTC,False,False,1,TAKER,6685.0,0.0,['0.00 USD'],NO_TRIGGER,FILLED,NO_CONTINGENCY,,,,MY_GENERIC_ALGO,,O-20260308-232424-001-000-534,,9c5ab318-fcd4-44d8-9ecd-93054d26a604,2026-03-08 23:24:24.839189915+00:00,2026-03-08 23:24:24.839189915+00:00
BACKTESTER-001,OracleStrategy-000,MESM6.GLBX,GLBX-1-508,MESM6.GLBX-OracleStrategy-000,GLBX-001,GLBX-1-508,MARKET,SELL,1,GTC,True,False,1,TAKER,6684.0,0.0,['0.00 USD'],NO_TRIGGER,FILLED,NO_CONTINGENCY,,,,MY_GENERIC_ALGO,,O-20260308-232431-001-000-535,,41436bec-daa8-49d9-a4e5-c3a5385fd006,2026-03-08 23:24:31.563558706+00:00,2026-03-08 23:24:31.563558706+00:00
BACKTESTER-001,OracleStrategy-000,MESM6.GLBX,GLBX-1-509,MESM6.GLBX-OracleStrategy-000,GLBX-001,GLBX-1-509,MARKET,SELL,1,GTC,False,False,1,TAKER,6684.0,0.0,['0.00 USD'],NO_TRIGGER,FILLED,NO_CONTINGENCY,,,,MY_GENERIC_ALGO,,O-20260308-232431-001-000-536,,3adbe31b-ac0a-46e5-8f3c-990ccf67eed4,2026-03-08 23:24:31.563558706+00:00,2026-03-08 23:24:31.563558706+00:00
BACKTESTER-001,OracleStrategy-000,MESM6.GLBX,GLBX-1-510,MESM6.GLBX-OracleStrategy-000,GLBX-001,GLBX-1-510,MARKET,BUY,1,GTC,True,False,1,TAKER,6684.0,0.0,['0.00 USD'],NO_TRIGGER,FILLED,NO_CONTINGENCY,,,,MY_GENERIC_ALGO,,O-20260308-232500-001-000-537,,0db4ebfc-b109-40ca-8c69-53ac2bd0d308,2026-03-08 23:25:00.380797693+00:00,2026-03-08 23:25:00.380797693+00:00
BACKTESTER-001,OracleStrategy-000,MESM6.GLBX,GLBX-1-511,MESM6.GLBX-OracleStrategy-000,GLBX-001,GLBX-1-511,MARKET,BUY,1,GTC,False,False,1,TAKER,6684.0,0.0,['0.00 USD'],NO_TRIGGER,FILLED,NO_CONTINGENCY,,,,MY_GENERIC_ALGO,,O-20260308-232500-001-000-538,,9492d7f5-c903-4d86-ab84-f8735d1dd277,2026-03-08 23:25:00.380797693+00:00,2026-03-08 23:25:00.380797693+00:00
BACKTESTER-001,OracleStrategy-000,MESM6.GLBX,GLBX-1-512,MESM6.GLBX-OracleStrategy-000,GLBX-001,GLBX-1-512,MARKET,SELL,1,GTC,True,False,1,TAKER,6682.0,0.0,['0.00 USD'],NO_TRIGGER,FILLED,NO_CONTINGENCY,,,,MY_GENERIC_ALGO,,O-20260308-232530-001-000-539,,a822402e-89f0-4467-946a-8224228e9de8,2026-03-08 23:25:30.826558288+00:00,2026-03-08 23:25:30.826558288+00:00
BACKTESTER-001,OracleStrategy-000,MESM6.GLBX,GLBX-1-513,MESM6.GLBX-OracleStrategy-000,GLBX-001,GLBX-1-513,MARKET,SELL,1,GTC,False,False,1,TAKER,6683.75,0.0,['0.00 USD'],NO_TRIGGER,FILLED,NO_CONTINGENCY,,,,MY_GENERIC_ALGO,,O-20260308-232534-001-000-541,,141289a3-8396-47ab-8e45-6688c303a987,2026-03-08 23:25:34.271204803+00:00,2026-03-08 23:25:34.271204803+00:00
BACKTESTER-001,OracleStrategy-000,MESM6.GLBX,GLBX-1-514,MESM6.GLBX-OracleStrategy-000,GLBX-001,GLBX-1-514,MARKET,BUY,1,GTC,True,False,1,TAKER,6683.5,0.0,['0.00 USD'],NO_TRIGGER,FILLED,NO_CONTINGENCY,,,,MY_GENERIC_ALGO,,O-20260308-232608-001-000-542,,1c836375-a426-4047-abcf-b325a07ab774,2026-03-08 23:26:08.968035467+00:00,2026-03-08 23:26:08.968035467+00:00
BACKTESTER-001,OracleStrategy-000,MESM6.GLBX,GLBX-1-515,MESM6.GLBX-OracleStrategy-000,GLBX-001,GLBX-1-515,MARKET,BUY,1,GTC,False,False,1,TAKER,6683.5,0.0,['0.00 USD'],NO_TRIGGER,FILLED,NO_CONTINGENCY,,,,MY_GENERIC_ALGO,,O-20260308-232608-001-000-543,,ed8b5f90-4af2-4b7e-b8fb-bf53d77bb9c9,2026-03-08 23:26:08.968035467+00:00,2026-03-08 23:26:08.968035467+00:00
BACKTESTER-001,OracleStrategy-000,MESM6.GLBX,GLBX-1-516,MESM6.GLBX-OracleStrategy-000,GLBX-001,GLBX-1-516,MARKET,SELL,1,GTC,True,False,1,TAKER,6683.0,0.0,['0.00 USD'],NO_TRIGGER,FILLED,NO_CONTINGENCY,,,,MY_GENERIC_ALGO,,O-20260308-232619-001-000-544,,2fd36cf0-c2d1-4b43-8ccc-49425c2c51de,2026-03-08 23:26:19.918149527+00:00,2026-03-08 23:26:19.918149527+00:00
BACKTESTER-001,OracleStrategy-000,MESM6.GLBX,GLBX-1-517,MESM6.GLBX-OracleStrategy-000,GLBX-001,GLBX-1-517,MARKET,SELL,1,GTC,False,False,1,TAKER,6683.0,0.0,['0.00 USD'],NO_TRIGGER,FILLED,NO_CONTINGENCY,,,,MY_GENERIC_ALGO,,O-20260308-232619-001-000-545,,4ca5055f-9dfb-4d67-bf19-b53ad0a2c5aa,2026-03-08 23:26:19.918149527+00:00,2026-03-08 23:26:19.918149527+00:00
BACKTESTER-001,OracleStrategy-000,MESM6.GLBX,GLBX-1-518,MESM6.GLBX-OracleStrategy-000,GLBX-001,GLBX-1-518,MARKET,BUY,1,GTC,True,False,1,TAKER,6683.25,0.0,['0.00 USD'],NO_TRIGGER,FILLED,NO_CONTINGENCY,,,,MY_GENERIC_ALGO,,O-20260308-232653-001-000-546,,3a81cc70-c445-4922-8dc1-9f1d01c7be96,2026-03-08 23:26:53.635605947+00:00,2026-03-08 23:26:53.635605947+00:00
BACKTESTER-001,OracleStrategy-000,MESM6.GLBX,GLBX-1-519,MESM6.GLBX-OracleStrategy-000,GLBX-001,GLBX-1-519,MARKET,SELL,1,GTC,False,False,1,TAKER,6682.5,0.0,['0.00 USD'],NO_TRIGGER,FILLED,NO_CONTINGENCY,,,,MY_GENERIC_ALGO,,O-20260308-232701-001-000-548,,d2a177c8-f7a8-4663-a686-30edacaaf98b,2026-03-08 23:27:01.111527631+00:00,2026-03-08 23:27:01.111527631+00:00
BACKTESTER-001,OracleStrategy-000,MESM6.GLBX,GLBX-1-520,MESM6.GLBX-OracleStrategy-000,GLBX-001,GLBX-1-520,MARKET,BUY,1,GTC,True,False,1,TAKER,6681.0,0.0,['0.00 USD'],NO_TRIGGER,FILLED,NO_CONTINGENCY,,,,MY_GENERIC_ALGO,,O-20260308-232747-001-000-549,,8a67a4b8-238e-45a6-955e-b31a98c86657,2026-03-08 23:27:47.260663013+00:00,2026-03-08 23:27:47.260663013+00:00
BACKTESTER-001,OracleStrategy-000,MESM6.GLBX,GLBX-1-521,MESM6.GLBX-OracleStrategy-000,GLBX-001,GLBX-1-521,MARKET,BUY,1,GTC,False,False,1,TAKER,6681.0,0.0,['0.00 USD'],NO_TRIGGER,FILLED,NO_CONTINGENCY,,,,MY_GENERIC_ALGO,,O-20260308-232747-001-000-550,,067cb6e2-cae2-447d-adf0-362cb4122dc0,2026-03-08 23:27:47.260663013+00:00,2026-03-08 23:27:47.260663013+00:00
BACKTESTER-001,OracleStrategy-000,MESM6.GLBX,GLBX-1-522,MESM6.GLBX-OracleStrategy-000,GLBX-001,GLBX-1-522,MARKET,SELL,1,GTC,True,False,1,TAKER,6684.25,0.0,['0.00 USD'],NO_TRIGGER,FILLED,NO_CONTINGENCY,,,,MY_GENERIC_ALGO,,O-20260308-233003-001-000-551,,0c64db59-6155-40c5-85f1-848537a0e7ba,2026-03-08 23:30:03.429852127+00:00,2026-03-08 23:30:03.429852127+00:00
BACKTESTER-001,OracleStrategy-000,MESM6.GLBX,GLBX-1-523,MESM6.GLBX-OracleStrategy-000,GLBX-001,GLBX-1-523,MARKET,SELL,1,GTC,False,False,1,TAKER,6684.25,0.0,['0.00 USD'],NO_TRIGGER,FILLED,NO_CONTINGENCY,,,,MY_GENERIC_ALGO,,O-20260308-233003-001-000-552,,bcaf314c-ea3a-4ac0-a9f6-8f5b6e9e1fd8,2026-03-08 23:30:03.429852127+00:00,2026-03-08 23:30:03.429852127+00:00
BACKTESTER-001,OracleStrategy-000,MESM6.GLBX,GLBX-1-524,MESM6.GLBX-OracleStrategy-000,GLBX-001,GLBX-1-524,MARKET,BUY,1,GTC,True,False,1,TAKER,6683.25,0.0,['0.00 USD'],NO_TRIGGER,FILLED,NO_CONTINGENCY,,,,MY_GENERIC_ALGO,,O-20260308-233031-001-000-553,,11d1cc5d-aa2d-43a5-aeb8-8eea61c59038,2026-03-08 23:30:31.092544043+00:00,2026-03-08 23:30:31.092544043+00:00
BACKTESTER-001,OracleStrategy-000,MESM6.GLBX,GLBX-1-525,MESM6.GLBX-OracleStrategy-000,GLBX-001,GLBX-1-525,MARKET,BUY,1,GTC,False,False,1,TAKER,6683.25,0.0,['0.00 USD'],NO_TRIGGER,FILLED,NO_CONTINGENCY,,,,MY_GENERIC_ALGO,,O-20260308-233031-001-000-554,,5fcc2175-97d1-440c-aa8a-d7bf6e0ea859,2026-03-08 23:30:31.092544043+00:00,2026-03-08 23:30:31.092544043+00:00
BACKTESTER-001,OracleStrategy-000,MESM6.GLBX,GLBX-1-526,MESM6.GLBX-OracleStrategy-000,GLBX-001,GLBX-1-526,MARKET,SELL,1,GTC,True,False,1,TAKER,6683.0,0.0,['0.00 USD'],NO_TRIGGER,FILLED,NO_CONTINGENCY,,,,MY_GENERIC_ALGO,,O-20260308-233147-001-000-555,,06a4ae24-c1e2-4990-8369-cd01482db54e,2026-03-08 23:31:47.705700951+00:00,2026-03-08 23:31:47.705700951+00:00
BACKTESTER-001,OracleStrategy-000,MESM6.GLBX,GLBX-1-527,MESM6.GLBX-OracleStrategy-000,GLBX-001,GLBX-1-527,MARKET,SELL,1,GTC,False,False,1,TAKER,6683.0,0.0,['0.00 USD'],NO_TRIGGER,FILLED,NO_CONTINGENCY,,,,MY_GENERIC_ALGO,,O-20260308-233147-001-000-556,,e095ab04-fc7d-4aa9-a8fc-8b6acaed26f5,2026-03-08 23:31:47.705700951+00:00,2026-03-08 23:31:47.705700951+00:00
BACKTESTER-001,OracleStrategy-000,MESM6.GLBX,GLBX-1-528,MESM6.GLBX-OracleStrategy-000,GLBX-001,GLBX-1-528,MARKET,BUY,1,GTC,True,False,1,TAKER,6683.25,0.0,['0.00 USD'],NO_TRIGGER,FILLED,NO_CONTINGENCY,,,,MY_GENERIC_ALGO,,O-20260308-233149-001-000-557,,f9b23c89-519a-4b5a-961a-ea7f3ab44394,2026-03-08 23:31:49.709694504+00:00,2026-03-08 23:31:49.709694504+00:00
BACKTESTER-001,OracleStrategy-000,MESM6.GLBX,GLBX-1-529,MESM6.GLBX-OracleStrategy-000,GLBX-001,GLBX-1-529,MARKET,BUY,1,GTC,False,False,1,TAKER,6683.25,0.0,['0.00 USD'],NO_TRIGGER,FILLED,NO_CONTINGENCY,,,,MY_GENERIC_ALGO,,O-20260308-233149-001-000-558,,658d1614-3699-4c28-a6d8-ffc80f9d9729,2026-03-08 23:31:49.709694504+00:00,2026-03-08 23:31:49.709694504+00:00
BACKTESTER-001,OracleStrategy-000,MESM6.GLBX,GLBX-1-530,MESM6.GLBX-OracleStrategy-000,GLBX-001,GLBX-1-530,MARKET,SELL,1,GTC,True,False,1,TAKER,6683.75,0.0,['0.00 USD'],NO_TRIGGER,FILLED,NO_CONTINGENCY,,,,MY_GENERIC_ALGO,,O-20260308-233209-001-000-559,,877fb39d-81e9-4950-9ef2-6508d9c04f62,2026-03-08 23:32:09.587186030+00:00,2026-03-08 23:32:09.587186030+00:00
BACKTESTER-001,OracleStrategy-000,MESM6.GLBX,GLBX-1-531,MESM6.GLBX-OracleStrategy-000,GLBX-001,GLBX-1-531,MARKET,SELL,1,GTC,False,False,1,TAKER,6683.75,0.0,['0.00 USD'],NO_TRIGGER,FILLED,NO_CONTINGENCY,,,,MY_GENERIC_ALGO,,O-20260308-233209-001-000-560,,525416e7-3b9f-4dde-9f31-8f3867c2e175,2026-03-08 23:32:09.587186030+00:00,2026-03-08 23:32:09.587186030+00:00
BACKTESTER-001,OracleStrategy-000,MESM6.GLBX,GLBX-1-532,MESM6.GLBX-OracleStrategy-000,GLBX-001,GLBX-1-532,MARKET,BUY,1,GTC,True,False,1,TAKER,6681.0,0.0,['0.00 USD'],NO_TRIGGER,FILLED,NO_CONTINGENCY,,,,MY_GENERIC_ALGO,,O-20260308-233230-001-000-561,,9b69d33a-bc4d-408d-a0c8-3b3a25625571,2026-03-08 23:32:30.712196592+00:00,2026-03-08 23:32:30.712196592+00:00
BACKTESTER-001,OracleStrategy-000,MESM6.GLBX,GLBX-1-533,MESM6.GLBX-OracleStrategy-000,GLBX-001,GLBX-1-533,MARKET,BUY,1,GTC,False,False,1,TAKER,6681.0,0.0,['0.00 USD'],NO_TRIGGER,FILLED,NO_CONTINGENCY,,,,MY_GENERIC_ALGO,,O-20260308-233230-001-000-562,,e495d5df-68fe-44d4-b4f6-dd347cb64960,2026-03-08 23:32:30.712196592+00:00,2026-03-08 23:32:30.712196592+00:00
BACKTESTER-001,OracleStrategy-000,MESM6.GLBX,GLBX-1-534,MESM6.GLBX-OracleStrategy-000,GLBX-001,GLBX-1-534,MARKET,SELL,1,GTC,True,False,1,TAKER,6678.0,0.0,['0.00 USD'],NO_TRIGGER,FILLED,NO_CONTINGENCY,,,,MY_GENERIC_ALGO,,O-20260308-233303-001-000-563,,f56d6c26-eed5-4d41-b20d-0167c3bf3e4b,2026-03-08 23:33:03.772219117+00:00,2026-03-08 23:33:03.772219117+00:00
BACKTESTER-001,OracleStrategy-000,MESM6.GLBX,GLBX-1-535,MESM6.GLBX-OracleStrategy-000,GLBX-001,GLBX-1-535,MARKET,BUY,1,GTC,False,False,1,TAKER,6678.25,0.0,['0.00 USD'],NO_TRIGGER,FILLED,NO_CONTINGENCY,,,,MY_GENERIC_ALGO,,O-20260308-233306-001-000-565,,0d6321c8-86fd-4157-8a8d-2fafdca53c1b,2026-03-08 23:33:06.852330306+00:00,2026-03-08 23:33:06.852330306+00:00
BACKTESTER-001,OracleStrategy-000,MESM6.GLBX,GLBX-1-536,MESM6.GLBX-OracleStrategy-000,GLBX-001,GLBX-1-536,MARKET,SELL,1,GTC,True,False,1,TAKER,6679.5,0.0,['0.00 USD'],NO_TRIGGER,FILLED,NO_CONTINGENCY,,,,MY_GENERIC_ALGO,,O-20260308-233318-001-000-566,,92638b61-c7e7-4256-be9d-0bf4fc77e150,2026-03-08 23:33:18.482379288+00:00,2026-03-08 23:33:18.482379288+00:00
BACKTESTER-001,OracleStrategy-000,MESM6.GLBX,GLBX-1-537,MESM6.GLBX-OracleStrategy-000,GLBX-001,GLBX-1-537,MARKET,SELL,1,GTC,False,False,1,TAKER,6679.5,0.0,['0.00 USD'],NO_TRIGGER,FILLED,NO_CONTINGENCY,,,,MY_GENERIC_ALGO,,O-20260308-233318-001-000-567,,67392e31-4295-47ee-9ff0-fa14424e7183,2026-03-08 23:33:18.482379288+00:00,2026-03-08 23:33:18.482379288+00:00
BACKTESTER-001,OracleStrategy-000,MESM6.GLBX,GLBX-1-538,MESM6.GLBX-OracleStrategy-000,GLBX-001,GLBX-1-538,MARKET,BUY,1,GTC,True,False,1,TAKER,6678.25,0.0,['0.00 USD'],NO_TRIGGER,FILLED,NO_CONTINGENCY,,,,MY_GENERIC_ALGO,,O-20260308-233339-001-000-568,,8a9d18be-9fee-434d-9c5a-f279e87ca189,2026-03-08 23:33:39.031982574+00:00,2026-03-08 23:33:39.031982574+00:00
BACKTESTER-001,OracleStrategy-000,MESM6.GLBX,GLBX-1-539,MESM6.GLBX-OracleStrategy-000,GLBX-001,GLBX-1-539,MARKET,BUY,1,GTC,False,False,1,TAKER,6678.25,0.0,['0.00 USD'],NO_TRIGGER,FILLED,NO_CONTINGENCY,,,,MY_GENERIC_ALGO,,O-20260308-233339-001-000-569,,814abbd0-804c-46ab-a011-d8cdb88ee87d,2026-03-08 23:33:39.031982574+00:00,2026-03-08 23:33:39.031982574+00:00
BACKTESTER-001,OracleStrategy-000,MESM6.GLBX,GLBX-1-540,MESM6.GLBX-OracleStrategy-000,GLBX-001,GLBX-1-540,MARKET,SELL,1,GTC,True,False,1,TAKER,6679.75,0.0,['0.00 USD'],NO_TRIGGER,FILLED,NO_CONTINGENCY,,,,MY_GENERIC_ALGO,,O-20260308-233427-001-000-570,,0fdabcf2-7a97-4a27-857b-8db381885160,2026-03-08 23:34:27.754573883+00:00,2026-03-08 23:34:27.754573883+00:00
BACKTESTER-001,OracleStrategy-000,MESM6.GLBX,GLBX-1-541,MESM6.GLBX-OracleStrategy-000,GLBX-001,GLBX-1-541,MARKET,SELL,1,GTC,False,False,1,TAKER,6679.75,0.0,['0.00 USD'],NO_TRIGGER,FILLED,NO_CONTINGENCY,,,,MY_GENERIC_ALGO,,O-20260308-233427-001-000-571,,38f25bb0-0461-4f39-9dd6-b2d06d30dd6f,2026-03-08 23:34:27.754573883+00:00,2026-03-08 23:34:27.754573883+00:00
BACKTESTER-001,OracleStrategy-000,MESM6.GLBX,GLBX-1-542,MESM6.GLBX-OracleStrategy-000,GLBX-001,GLBX-1-542,MARKET,BUY,1,GTC,True,False,1,TAKER,6679.25,0.0,['0.00 USD'],NO_TRIGGER,FILLED,NO_CONTINGENCY,,,,MY_GENERIC_ALGO,,O-20260308-233532-001-000-572,,60770416-f578-4c39-b80e-bbe3276111ec,2026-03-08 23:35:32.665604360+00:00,2026-03-08 23:35:32.665604360+00:00
BACKTESTER-001,OracleStrategy-000,MESM6.GLBX,GLBX-1-543,MESM6.GLBX-OracleStrategy-000,GLBX-001,GLBX-1-543,MARKET,BUY,1,GTC,False,False,1,TAKER,6679.25,0.0,['0.00 USD'],NO_TRIGGER,FILLED,NO_CONTINGENCY,,,,MY_GENERIC_ALGO,,O-20260308-233532-001-000-573,,8b672d84-827a-4a91-8954-b7bddcab7c11,2026-03-08 23:35:32.665604360+00:00,2026-03-08 23:35:32.665604360+00:00
BACKTESTER-001,OracleStrategy-000,MESM6.GLBX,GLBX-1-544,MESM6.GLBX-OracleStrategy-000,GLBX-001,GLBX-1-544,MARKET,SELL,1,GTC,True,False,1,TAKER,6679.25,0.0,['0.00 USD'],NO_TRIGGER,FILLED,NO_CONTINGENCY,,,,MY_GENERIC_ALGO,,O-20260308-233547-001-000-574,,a463023d-5558-4a16-99ba-83c86d197c96,2026-03-08 23:35:47.877457050+00:00,2026-03-08 23:35:47.877457050+00:00
BACKTESTER-001,OracleStrategy-000,MESM6.GLBX,GLBX-1-545,MESM6.GLBX-OracleStrategy-000,GLBX-001,GLBX-1-545,MARKET,SELL,1,GTC,False,False,1,TAKER,6679.25,0.0,['0.00 USD'],NO_TRIGGER,FILLED,NO_CONTINGENCY,,,,MY_GENERIC_ALGO,,O-20260308-233547-001-000-575,,90d6b200-7001-4206-9c6c-80bd719a929a,2026-03-08 23:35:47.877457050+00:00,2026-03-08 23:35:47.877457050+00:00
BACKTESTER-001,OracleStrategy-000,MESM6.GLBX,GLBX-1-546,MESM6.GLBX-OracleStrategy-000,GLBX-001,GLBX-1-546,MARKET,BUY,1,GTC,True,False,1,TAKER,6680.0,0.0,['0.00 USD'],NO_TRIGGER,FILLED,NO_CONTINGENCY,,,,MY_GENERIC_ALGO,,O-20260308-233558-001-000-576,,e7e63b8c-d8b8-4cbf-bebc-00ccd9da9872,2026-03-08 23:35:58.396706769+00:00,2026-03-08 23:35:58.396706769+00:00
BACKTESTER-001,OracleStrategy-000,MESM6.GLBX,GLBX-1-547,MESM6.GLBX-OracleStrategy-000,GLBX-001,GLBX-1-547,MARKET,BUY,1,GTC,False,False,1,TAKER,6680.0,0.0,['0.00 USD'],NO_TRIGGER,FILLED,NO_CONTINGENCY,,,,MY_GENERIC_ALGO,,O-20260308-233558-001-000-577,,5d1e0d04-ed25-4906-a670-60a4be2b0626,2026-03-08 23:35:58.396706769+00:00,2026-03-08 23:35:58.396706769+00:00
BACKTESTER-001,OracleStrategy-000,MESM6.GLBX,GLBX-1-548,MESM6.GLBX-OracleStrategy-000,GLBX-001,GLBX-1-548,MARKET,SELL,1,GTC,True,False,1,TAKER,6679.75,0.0,['0.00 USD'],NO_TRIGGER,FILLED,NO_CONTINGENCY,,,,MY_GENERIC_ALGO,,O-20260308-233622-001-000-578,,56aa3116-0873-4997-b887-6cd22c278262,2026-03-08 23:36:22.057157656+00:00,2026-03-08 23:36:22.057157656+00:00
BACKTESTER-001,OracleStrategy-000,MESM6.GLBX,GLBX-1-549,MESM6.GLBX-OracleStrategy-000,GLBX-001,GLBX-1-549,MARKET,SELL,1,GTC,False,False,1,TAKER,6679.75,0.0,['0.00 USD'],NO_TRIGGER,FILLED,NO_CONTINGENCY,,,,MY_GENERIC_ALGO,,O-20260308-233622-001-000-579,,dd20f868-15d7-4c28-838d-180fd36cba54,2026-03-08 23:36:22.057157656+00:00,2026-03-08 23:36:22.057157656+00:00
BACKTESTER-001,OracleStrategy-000,MESM6.GLBX,GLBX-1-550,MESM6.GLBX-OracleStrategy-000,GLBX-001,GLBX-1-550,MARKET,BUY,1,GTC,True,False,1,TAKER,6679.75,0.0,['0.00 USD'],NO_TRIGGER,FILLED,NO_CONTINGENCY,,,,MY_GENERIC_ALGO,,O-20260308-233641-001-000-580,,ca0242d7-6b51-4a56-a942-aa65acf19c4e,2026-03-08 23:36:41.032910407+00:00,2026-03-08 23:36:41.032910407+00:00
BACKTESTER-001,OracleStrategy-000,MESM6.GLBX,GLBX-1-551,MESM6.GLBX-OracleStrategy-000,GLBX-001,GLBX-1-551,MARKET,BUY,1,GTC,False,False,1,TAKER,6679.75,0.0,['0.00 USD'],NO_TRIGGER,FILLED,NO_CONTINGENCY,,,,MY_GENERIC_ALGO,,O-20260308-233641-001-000-581,,e9654939-6822-450b-84a3-8edf7889e153,2026-03-08 23:36:41.032910407+00:00,2026-03-08 23:36:41.032910407+00:00
BACKTESTER-001,OracleStrategy-000,MESM6.GLBX,GLBX-1-552,MESM6.GLBX-OracleStrategy-000,GLBX-001,GLBX-1-552,MARKET,SELL,1,GTC,True,False,1,TAKER,6679.75,0.0,['0.00 USD'],NO_TRIGGER,FILLED,NO_CONTINGENCY,,,,MY_GENERIC_ALGO,,O-20260308-233656-001-000-582,,4f7ca137-5116-457f-a9a8-fa60b63b7f7e,2026-03-08 23:36:56.209360971+00:00,2026-03-08 23:36:56.209360971+00:00
BACKTESTER-001,OracleStrategy-000,MESM6.GLBX,GLBX-1-553,MESM6.GLBX-OracleStrategy-000,GLBX-001,GLBX-1-553,MARKET,SELL,1,GTC,False,False,1,TAKER,6679.75,0.0,['0.00 USD'],NO_TRIGGER,FILLED,NO_CONTINGENCY,,,,MY_GENERIC_ALGO,,O-20260308-233656-001-000-583,,6bed74f7-022f-4f5f-aca5-93cecb0bb0ef,2026-03-08 23:36:56.209360971+00:00,2026-03-08 23:36:56.209360971+00:00
BACKTESTER-001,OracleStrategy-000,MESM6.GLBX,GLBX-1-554,MESM6.GLBX-OracleStrategy-000,GLBX-001,GLBX-1-554,MARKET,BUY,1,GTC,True,False,1,TAKER,6680.0,0.0,['0.00 USD'],NO_TRIGGER,FILLED,NO_CONTINGENCY,,,,MY_GENERIC_ALGO,,O-20260308-233704-001-000-584,,c773c70c-e45d-42d3-8357-38a4b2137a36,2026-03-08 23:37:04.742350942+00:00,2026-03-08 23:37:04.742350942+00:00
BACKTESTER-001,OracleStrategy-000,MESM6.GLBX,GLBX-1-555,MESM6.GLBX-OracleStrategy-000,GLBX-001,GLBX-1-555,MARKET,BUY,1,GTC,False,False,1,TAKER,6680.0,0.0,['0.00 USD'],NO_TRIGGER,FILLED,NO_CONTINGENCY,,,,MY_GENERIC_ALGO,,O-20260308-233704-001-000-585,,380d5b12-9402-4842-8cd0-ebe1089f17eb,2026-03-08 23:37:04.742350942+00:00,2026-03-08 23:37:04.742350942+00:00
BACKTESTER-001,OracleStrategy-000,MESM6.GLBX,GLBX-1-556,MESM6.GLBX-OracleStrategy-000,GLBX-001,GLBX-1-556,MARKET,SELL,1,GTC,True,False,1,TAKER,6678.5,0.0,['0.00 USD'],NO_TRIGGER,FILLED,NO_CONTINGENCY,,,,MY_GENERIC_ALGO,,O-20260308-233721-001-000-586,,24fd815c-a3fe-4fd8-bc51-e9d742965f56,2026-03-08 23:37:21.532125559+00:00,2026-03-08 23:37:21.532125559+00:00
BACKTESTER-001,OracleStrategy-000,MESM6.GLBX,GLBX-1-557,MESM6.GLBX-OracleStrategy-000,GLBX-001,GLBX-1-557,MARKET,SELL,1,GTC,False,False,1,TAKER,6678.5,0.0,['0.00 USD'],NO_TRIGGER,FILLED,NO_CONTINGENCY,,,,MY_GENERIC_ALGO,,O-20260308-233721-001-000-587,,3d174fab-882f-4a18-a694-d1205055b1fe,2026-03-08 23:37:21.532125559+00:00,2026-03-08 23:37:21.532125559+00:00
BACKTESTER-001,OracleStrategy-000,MESM6.GLBX,GLBX-1-558,MESM6.GLBX-OracleStrategy-000,GLBX-001,GLBX-1-558,MARKET,BUY,1,GTC,True,False,1,TAKER,6679.0,0.0,['0.00 USD'],NO_TRIGGER,FILLED,NO_CONTINGENCY,,,,MY_GENERIC_ALGO,,O-20260308-233739-001-000-588,,19865884-c835-4b75-8dc4-cefa87f73eb9,2026-03-08 23:37:39.242199235+00:00,2026-03-08 23:37:39.242199235+00:00
BACKTESTER-001,OracleStrategy-000,MESM6.GLBX,GLBX-1-559,MESM6.GLBX-OracleStrategy-000,GLBX-001,GLBX-1-559,MARKET,BUY,1,GTC,False,False,1,TAKER,6679.0,0.0,['0.00 USD'],NO_TRIGGER,FILLED,NO_CONTINGENCY,,,,MY_GENERIC_ALGO,,O-20260308-233739-001-000-589,,fc596eae-c7f0-436f-bc0e-9431959b44dd,2026-03-08 23:37:39.242199235+00:00,2026-03-08 23:37:39.242199235+00:00
BACKTESTER-001,OracleStrategy-000,MESM6.GLBX,GLBX-1-560,MESM6.GLBX-OracleStrategy-000,GLBX-001,GLBX-1-560,MARKET,SELL,1,GTC,True,False,1,TAKER,6678.25,0.0,['0.00 USD'],NO_TRIGGER,FILLED,NO_CONTINGENCY,,,,MY_GENERIC_ALGO,,O-20260308-233753-001-000-590,,5554404e-c10d-4d17-82ec-c1cd5f8f46e2,2026-03-08 23:37:53.472714229+00:00,2026-03-08 23:37:53.472714229+00:00
BACKTESTER-001,OracleStrategy-000,MESM6.GLBX,GLBX-1-561,MESM6.GLBX-OracleStrategy-000,GLBX-001,GLBX-1-561,MARKET,SELL,1,GTC,False,False,1,TAKER,6678.25,0.0,['0.00 USD'],NO_TRIGGER,FILLED,NO_CONTINGENCY,,,,MY_GENERIC_ALGO,,O-20260308-233753-001-000-591,,1670c948-a158-4ccd-bb06-8ba70cf75240,2026-03-08 23:37:53.472714229+00:00,2026-03-08 23:37:53.472714229+00:00
BACKTESTER-001,OracleStrategy-000,MESM6.GLBX,GLBX-1-562,MESM6.GLBX-OracleStrategy-000,GLBX-001,GLBX-1-562,MARKET,BUY,1,GTC,True,False,1,TAKER,6674.75,0.0,['0.00 USD'],NO_TRIGGER,FILLED,NO_CONTINGENCY,,,,MY_GENERIC_ALGO,,O-20260308-233825-001-000-592,,260e9974-6b96-4956-a85f-22d6974f2f5c,2026-03-08 23:38:25.646937082+00:00,2026-03-08 23:38:25.646937082+00:00
BACKTESTER-001,OracleStrategy-000,MESM6.GLBX,GLBX-1-563,MESM6.GLBX-OracleStrategy-000,GLBX-001,GLBX-1-563,MARKET,BUY,1,GTC,False,False,1,TAKER,6674.75,0.0,['0.00 USD'],NO_TRIGGER,FILLED,NO_CONTINGENCY,,,,MY_GENERIC_ALGO,,O-20260308-233825-001-000-593,,0e39aa0d-13a9-41cb-9d96-a4da150f7ede,2026-03-08 23:38:25.646937082+00:00,2026-03-08 23:38:25.646937082+00:00
BACKTESTER-001,OracleStrategy-000,MESM6.GLBX,GLBX-1-564,MESM6.GLBX-OracleStrategy-000,GLBX-001,GLBX-1-564,MARKET,SELL,1,GTC,True,False,1,TAKER,6677.5,0.0,['0.00 USD'],NO_TRIGGER,FILLED,NO_CONTINGENCY,,,,MY_GENERIC_ALGO,,O-20260308-233830-001-000-594,,05f0e2ca-8d3a-46a9-b925-d3a42e7bf438,2026-03-08 23:38:30.489925352+00:00,2026-03-08 23:38:30.489925352+00:00
BACKTESTER-001,OracleStrategy-000,MESM6.GLBX,GLBX-1-565,MESM6.GLBX-OracleStrategy-000,GLBX-001,GLBX-1-565,MARKET,SELL,1,GTC,False,False,1,TAKER,6677.5,0.0,['0.00 USD'],NO_TRIGGER,FILLED,NO_CONTINGENCY,,,,MY_GENERIC_ALGO,,O-20260308-233830-001-000-595,,04fe3879-283e-4da8-ad97-db6935885891,2026-03-08 23:38:30.489925352+00:00,2026-03-08 23:38:30.489925352+00:00
BACKTESTER-001,OracleStrategy-000,MESM6.GLBX,GLBX-1-566,MESM6.GLBX-OracleStrategy-000,GLBX-001,GLBX-1-566,MARKET,BUY,1,GTC,True,False,1,TAKER,6674.0,0.0,['0.00 USD'],NO_TRIGGER,FILLED,NO_CONTINGENCY,,,,MY_GENERIC_ALGO,,O-20260308-233930-001-000-596,,94d974a5-77ca-4da5-afe3-74168e96672d,2026-03-08 23:39:30.987523055+00:00,2026-03-08 23:39:30.987523055+00:00
BACKTESTER-001,OracleStrategy-000,MESM6.GLBX,GLBX-1-567,MESM6.GLBX-OracleStrategy-000,GLBX-001,GLBX-1-567,MARKET,BUY,1,GTC,False,False,1,TAKER,6674.0,0.0,['0.00 USD'],NO_TRIGGER,FILLED,NO_CONTINGENCY,,,,MY_GENERIC_ALGO,,O-20260308-233930-001-000-597,,5373b22f-e1b2-43b8-b82b-6c617b2af6d1,2026-03-08 23:39:30.987523055+00:00,2026-03-08 23:39:30.987523055+00:00
BACKTESTER-001,OracleStrategy-000,MESM6.GLBX,GLBX-1-568,MESM6.GLBX-OracleStrategy-000,GLBX-001,GLBX-1-568,MARKET,SELL,1,GTC,True,False,1,TAKER,6675.25,0.0,['0.00 USD'],NO_TRIGGER,FILLED,NO_CONTINGENCY,,,,MY_GENERIC_ALGO,,O-20260308-234001-001-000-598,,1f058952-1608-4a71-b9b2-d1e03a420d80,2026-03-08 23:40:01.972845415+00:00,2026-03-08 23:40:01.972845415+00:00
BACKTESTER-001,OracleStrategy-000,MESM6.GLBX,GLBX-1-569,MESM6.GLBX-OracleStrategy-000,GLBX-001,GLBX-1-569,MARKET,SELL,1,GTC,False,False,1,TAKER,6675.25,0.0,['0.00 USD'],NO_TRIGGER,FILLED,NO_CONTINGENCY,,,,MY_GENERIC_ALGO,,O-20260308-234001-001-000-599,,1309f496-8f28-4bb0-a3db-5878b55a22da,2026-03-08 23:40:01.972845415+00:00,2026-03-08 23:40:01.972845415+00:00
BACKTESTER-001,OracleStrategy-000,MESM6.GLBX,GLBX-1-570,MESM6.GLBX-OracleStrategy-000,GLBX-001,GLBX-1-570,MARKET,BUY,1,GTC,True,False,1,TAKER,6673.75,0.0,['0.00 USD'],NO_TRIGGER,FILLED,NO_CONTINGENCY,,,,MY_GENERIC_ALGO,,O-20260308-234004-001-000-600,,e094cfff-91c2-4484-b183-22c8d8348b86,2026-03-08 23:40:04.009604227+00:00,2026-03-08 23:40:04.009604227+00:00
BACKTESTER-001,OracleStrategy-000,MESM6.GLBX,GLBX-1-571,MESM6.GLBX-OracleStrategy-000,GLBX-001,GLBX-1-571,MARKET,BUY,1,GTC,False,False,1,TAKER,6675.0,0.0,['0.00 USD'],NO_TRIGGER,FILLED,NO_CONTINGENCY,,,,MY_GENERIC_ALGO,,O-20260308-234013-001-000-602,,72e86484-7668-4910-bfb7-394fa3a9eecc,2026-03-08 23:40:13.022352427+00:00,2026-03-08 23:40:13.022352427+00:00
BACKTESTER-001,OracleStrategy-000,MESM6.GLBX,GLBX-1-572,MESM6.GLBX-OracleStrategy-000,GLBX-001,GLBX-1-572,MARKET,SELL,1,GTC,True,False,1,TAKER,6675.5,0.0,['0.00 USD'],NO_TRIGGER,FILLED,NO_CONTINGENCY,,,,MY_GENERIC_ALGO,,O-20260308-234016-001-000-603,,9ac732d3-5b92-476b-91e5-1e821cae0a21,2026-03-08 23:40:16.097144837+00:00,2026-03-08 23:40:16.097144837+00:00
BACKTESTER-001,OracleStrategy-000,MESM6.GLBX,GLBX-1-573,MESM6.GLBX-OracleStrategy-000,GLBX-001,GLBX-1-573,MARKET,BUY,1,GTC,False,False,1,TAKER,6674.75,0.0,['0.00 USD'],NO_TRIGGER,FILLED,NO_CONTINGENCY,,,,MY_GENERIC_ALGO,,O-20260308-234023-001-000-605,,c7164b90-951d-42f9-a290-984a12e30d9d,2026-03-08 23:40:23.453814245+00:00,2026-03-08 23:40:23.453814245+00:00
BACKTESTER-001,OracleStrategy-000,MESM6.GLBX,GLBX-1-574,MESM6.GLBX-OracleStrategy-000,GLBX-001,GLBX-1-574,MARKET,SELL,1,GTC,True,False,1,TAKER,6675.0,0.0,['0.00 USD'],NO_TRIGGER,FILLED,NO_CONTINGENCY,,,,MY_GENERIC_ALGO,,O-20260308-234100-001-000-606,,131e0cfb-eabd-484e-9ed9-fd82819242d5,2026-03-08 23:41:00.678637640+00:00,2026-03-08 23:41:00.678637640+00:00
BACKTESTER-001,OracleStrategy-000,MESM6.GLBX,GLBX-1-575,MESM6.GLBX-OracleStrategy-000,GLBX-001,GLBX-1-575,MARKET,SELL,1,GTC,False,False,1,TAKER,6675.0,0.0,['0.00 USD'],NO_TRIGGER,FILLED,NO_CONTINGENCY,,,,MY_GENERIC_ALGO,,O-20260308-234100-001-000-607,,539e5672-23a7-4acf-86f7-006e2183d433,2026-03-08 23:41:00.678637640+00:00,2026-03-08 23:41:00.678637640+00:00
BACKTESTER-001,OracleStrategy-000,MESM6.GLBX,GLBX-1-576,MESM6.GLBX-OracleStrategy-000,GLBX-001,GLBX-1-576,MARKET,BUY,1,GTC,True,False,1,TAKER,6675.0,0.0,['0.00 USD'],NO_TRIGGER,FILLED,NO_CONTINGENCY,,,,MY_GENERIC_ALGO,,O-20260308-234106-001-000-608,,af41047d-c2d1-42d4-9bdd-ac357fca8653,2026-03-08 23:41:06.066678498+00:00,2026-03-08 23:41:06.066678498+00:00
BACKTESTER-001,OracleStrategy-000,MESM6.GLBX,GLBX-1-577,MESM6.GLBX-OracleStrategy-000,GLBX-001,GLBX-1-577,MARKET,BUY,1,GTC,False,False,1,TAKER,6675.0,0.0,['0.00 USD'],NO_TRIGGER,FILLED,NO_CONTINGENCY,,,,MY_GENERIC_ALGO,,O-20260308-234106-001-000-609,,60f130dd-6ce6-4ec1-aa28-a595e09134bd,2026-03-08 23:41:06.066678498+00:00,2026-03-08 23:41:06.066678498+00:00
BACKTESTER-001,OracleStrategy-000,MESM6.GLBX,GLBX-1-578,MESM6.GLBX-OracleStrategy-000,GLBX-001,GLBX-1-578,MARKET,SELL,1,GTC,True,False,1,TAKER,6677.25,0.0,['0.00 USD'],NO_TRIGGER,FILLED,NO_CONTINGENCY,,,,MY_GENERIC_ALGO,,O-20260308-234114-001-000-610,,de89fe6d-c4df-4cd9-83d4-f54e8654345f,2026-03-08 23:41:14.202164563+00:00,2026-03-08 23:41:14.202164563+00:00
BACKTESTER-001,OracleStrategy-000,MESM6.GLBX,GLBX-1-579,MESM6.GLBX-OracleStrategy-000,GLBX-001,GLBX-1-579,MARKET,SELL,1,GTC,False,False,1,TAKER,6677.25,0.0,['0.00 USD'],NO_TRIGGER,FILLED,NO_CONTINGENCY,,,,MY_GENERIC_ALGO,,O-20260308-234114-001-000-611,,30d29627-77d0-41b6-8cac-66a08cc46616,2026-03-08 23:41:14.202164563+00:00,2026-03-08 23:41:14.202164563+00:00
BACKTESTER-001,OracleStrategy-000,MESM6.GLBX,GLBX-1-580,MESM6.GLBX-OracleStrategy-000,GLBX-001,GLBX-1-580,MARKET,BUY,1,GTC,True,False,1,TAKER,6675.5,0.0,['0.00 USD'],NO_TRIGGER,FILLED,NO_CONTINGENCY,,,,MY_GENERIC_ALGO,,O-20260308-234145-001-000-612,,f3242383-a3f8-4fb2-9f0f-9109f16e6ecf,2026-03-08 23:41:45.212469658+00:00,2026-03-08 23:41:45.212469658+00:00
BACKTESTER-001,OracleStrategy-000,MESM6.GLBX,GLBX-1-581,MESM6.GLBX-OracleStrategy-000,GLBX-001,GLBX-1-581,MARKET,BUY,1,GTC,False,False,1,TAKER,6675.5,0.0,['0.00 USD'],NO_TRIGGER,FILLED,NO_CONTINGENCY,,,,MY_GENERIC_ALGO,,O-20260308-234145-001-000-613,,3f4b3d5d-1a08-4e60-b902-a1eadcf622f9,2026-03-08 23:41:45.212469658+00:00,2026-03-08 23:41:45.212469658+00:00
BACKTESTER-001,OracleStrategy-000,MESM6.GLBX,GLBX-1-582,MESM6.GLBX-OracleStrategy-000,GLBX-001,GLBX-1-582,MARKET,SELL,1,GTC,True,False,1,TAKER,6676.75,0.0,['0.00 USD'],NO_TRIGGER,FILLED,NO_CONTINGENCY,,,,MY_GENERIC_ALGO,,O-20260308-234238-001-000-614,,b44bcf0e-6119-4348-8439-8affbecbf55c,2026-03-08 23:42:38.576469227+00:00,2026-03-08 23:42:38.576469227+00:00
BACKTESTER-001,OracleStrategy-000,MESM6.GLBX,GLBX-1-583,MESM6.GLBX-OracleStrategy-000,GLBX-001,GLBX-1-583,MARKET,SELL,1,GTC,False,False,1,TAKER,6679.0,0.0,['0.00 USD'],NO_TRIGGER,FILLED,NO_CONTINGENCY,,,,MY_GENERIC_ALGO,,O-20260308-234322-001-000-616,,69e829f6-c17e-4576-b48e-f00f8a6fe525,2026-03-08 23:43:22.084350807+00:00,2026-03-08 23:43:22.084350807+00:00
BACKTESTER-001,OracleStrategy-000,MESM6.GLBX,GLBX-1-584,MESM6.GLBX-OracleStrategy-000,GLBX-001,GLBX-1-584,MARKET,BUY,1,GTC,True,False,1,TAKER,6679.25,0.0,['0.00 USD'],NO_TRIGGER,FILLED,NO_CONTINGENCY,,,,MY_GENERIC_ALGO,,O-20260308-234349-001-000-617,,168e7ca8-fac0-49f0-83a9-e6019732c452,2026-03-08 23:43:49.992335851+00:00,2026-03-08 23:43:49.992335851+00:00
BACKTESTER-001,OracleStrategy-000,MESM6.GLBX,GLBX-1-585,MESM6.GLBX-OracleStrategy-000,GLBX-001,GLBX-1-585,MARKET,BUY,1,GTC,False,False,1,TAKER,6679.25,0.0,['0.00 USD'],NO_TRIGGER,FILLED,NO_CONTINGENCY,,,,MY_GENERIC_ALGO,,O-20260308-234349-001-000-618,,d1e088ce-d7f4-44ac-b7a6-8896db421d52,2026-03-08 23:43:49.992335851+00:00,2026-03-08 23:43:49.992335851+00:00
BACKTESTER-001,OracleStrategy-000,MESM6.GLBX,GLBX-1-586,MESM6.GLBX-OracleStrategy-000,GLBX-001,GLBX-1-586,MARKET,SELL,1,GTC,True,False,1,TAKER,6679.0,0.0,['0.00 USD'],NO_TRIGGER,FILLED,NO_CONTINGENCY,,,,MY_GENERIC_ALGO,,O-20260308-234402-001-000-619,,0de2b49f-8f92-436e-b4cb-99f4eed2b8e2,2026-03-08 23:44:02.170833199+00:00,2026-03-08 23:44:02.170833199+00:00
BACKTESTER-001,OracleStrategy-000,MESM6.GLBX,GLBX-1-587,MESM6.GLBX-OracleStrategy-000,GLBX-001,GLBX-1-587,MARKET,SELL,1,GTC,False,False,1,TAKER,6679.0,0.0,['0.00 USD'],NO_TRIGGER,FILLED,NO_CONTINGENCY,,,,MY_GENERIC_ALGO,,O-20260308-234402-001-000-620,,f7ccc93d-e681-4be6-9a39-095e5d0b219c,2026-03-08 23:44:02.170833199+00:00,2026-03-08 23:44:02.170833199+00:00
BACKTESTER-001,OracleStrategy-000,MESM6.GLBX,GLBX-1-588,MESM6.GLBX-OracleStrategy-000,GLBX-001,GLBX-1-588,MARKET,BUY,1,GTC,True,False,1,TAKER,6680.0,0.0,['0.00 USD'],NO_TRIGGER,FILLED,NO_CONTINGENCY,,,,MY_GENERIC_ALGO,,O-20260308-234415-001-000-621,,299ccfd1-c389-4a29-8121-d734e8c9bb63,2026-03-08 23:44:15.550325107+00:00,2026-03-08 23:44:15.550325107+00:00
BACKTESTER-001,OracleStrategy-000,MESM6.GLBX,GLBX-1-589,MESM6.GLBX-OracleStrategy-000,GLBX-001,GLBX-1-589,MARKET,BUY,1,GTC,False,False,1,TAKER,6680.0,0.0,['0.00 USD'],NO_TRIGGER,FILLED,NO_CONTINGENCY,,,,MY_GENERIC_ALGO,,O-20260308-234415-001-000-622,,df05e075-15a9-44f8-ac2d-b307d77449da,2026-03-08 23:44:15.550325107+00:00,2026-03-08 23:44:15.550325107+00:00
BACKTESTER-001,OracleStrategy-000,MESM6.GLBX,GLBX-1-590,MESM6.GLBX-OracleStrategy-000,GLBX-001,GLBX-1-590,MARKET,SELL,1,GTC,True,False,1,TAKER,6678.5,0.0,['0.00 USD'],NO_TRIGGER,FILLED,NO_CONTINGENCY,,,,MY_GENERIC_ALGO,,O-20260308-234449-001-000-623,,3ddf78af-d547-4399-a489-09d727e52b32,2026-03-08 23:44:49.094058642+00:00,2026-03-08 23:44:49.094058642+00:00
BACKTESTER-001,OracleStrategy-000,MESM6.GLBX,GLBX-1-591,MESM6.GLBX-OracleStrategy-000,GLBX-001,GLBX-1-591,MARKET,SELL,1,GTC,False,False,1,TAKER,6678.5,0.0,['0.00 USD'],NO_TRIGGER,FILLED,NO_CONTINGENCY,,,,MY_GENERIC_ALGO,,O-20260308-234449-001-000-624,,315ecfbb-1c82-4978-ae21-6a186514d691,2026-03-08 23:44:49.094058642+00:00,2026-03-08 23:44:49.094058642+00:00
BACKTESTER-001,OracleStrategy-000,MESM6.GLBX,GLBX-1-592,MESM6.GLBX-OracleStrategy-000,GLBX-001,GLBX-1-592,MARKET,BUY,1,GTC,True,False,1,TAKER,6676.75,0.0,['0.00 USD'],NO_TRIGGER,FILLED,NO_CONTINGENCY,,,,MY_GENERIC_ALGO,,O-20260308-234605-001-000-625,,495563f5-4cbf-4a3c-973a-5f10cb3b7414,2026-03-08 23:46:05.207776472+00:00,2026-03-08 23:46:05.207776472+00:00
BACKTESTER-001,OracleStrategy-000,MESM6.GLBX,GLBX-1-593,MESM6.GLBX-OracleStrategy-000,GLBX-001,GLBX-1-593,MARKET,BUY,1,GTC,False,False,1,TAKER,6676.75,0.0,['0.00 USD'],NO_TRIGGER,FILLED,NO_CONTINGENCY,,,,MY_GENERIC_ALGO,,O-20260308-234605-001-000-626,,f8292c17-3809-43c3-acf0-0c39cff12340,2026-03-08 23:46:05.207776472+00:00,2026-03-08 23:46:05.207776472+00:00
BACKTESTER-001,OracleStrategy-000,MESM6.GLBX,GLBX-1-594,MESM6.GLBX-OracleStrategy-000,GLBX-001,GLBX-1-594,MARKET,SELL,1,GTC,True,False,1,TAKER,6675.5,0.0,['0.00 USD'],NO_TRIGGER,FILLED,NO_CONTINGENCY,,,,MY_GENERIC_ALGO,,O-20260308-234636-001-000-627,,3fef4665-d9b3-42f5-b71c-d3fc0dc95328,2026-03-08 23:46:36.761447779+00:00,2026-03-08 23:46:36.761447779+00:00
BACKTESTER-001,OracleStrategy-000,MESM6.GLBX,GLBX-1-595,MESM6.GLBX-OracleStrategy-000,GLBX-001,GLBX-1-595,MARKET,SELL,1,GTC,False,False,1,TAKER,6675.5,0.0,['0.00 USD'],NO_TRIGGER,FILLED,NO_CONTINGENCY,,,,MY_GENERIC_ALGO,,O-20260308-234636-001-000-628,,00ed441a-9448-4b2f-b9d8-6f8af771d1aa,2026-03-08 23:46:36.761447779+00:00,2026-03-08 23:46:36.761447779+00:00
BACKTESTER-001,OracleStrategy-000,MESM6.GLBX,GLBX-1-596,MESM6.GLBX-OracleStrategy-000,GLBX-001,GLBX-1-596,MARKET,BUY,1,GTC,True,False,1,TAKER,6675.5,0.0,['0.00 USD'],NO_TRIGGER,FILLED,NO_CONTINGENCY,,,,MY_GENERIC_ALGO,,O-20260308-234638-001-000-629,,036722af-1271-4b06-809d-1d8c1b20ab94,2026-03-08 23:46:38.869921647+00:00,2026-03-08 23:46:38.869921647+00:00
BACKTESTER-001,OracleStrategy-000,MESM6.GLBX,GLBX-1-597,MESM6.GLBX-OracleStrategy-000,GLBX-001,GLBX-1-597,MARKET,BUY,1,GTC,False,False,1,TAKER,6675.5,0.0,['0.00 USD'],NO_TRIGGER,FILLED,NO_CONTINGENCY,,,,MY_GENERIC_ALGO,,O-20260308-234638-001-000-630,,7e049dc6-aab4-4df3-9670-b30a13b5e4ad,2026-03-08 23:46:38.869921647+00:00,2026-03-08 23:46:38.869921647+00:00
BACKTESTER-001,OracleStrategy-000,MESM6.GLBX,GLBX-1-598,MESM6.GLBX-OracleStrategy-000,GLBX-001,GLBX-1-598,MARKET,SELL,1,GTC,True,False,1,TAKER,6674.25,0.0,['0.00 USD'],NO_TRIGGER,FILLED,NO_CONTINGENCY,,,,MY_GENERIC_ALGO,,O-20260308-234649-001-000-631,,f89c1f78-aaa8-49e7-b975-30f21f582496,2026-03-08 23:46:49.405687384+00:00,2026-03-08 23:46:49.405687384+00:00
BACKTESTER-001,OracleStrategy-000,MESM6.GLBX,GLBX-1-599,MESM6.GLBX-OracleStrategy-000,GLBX-001,GLBX-1-599,MARKET,SELL,1,GTC,False,False,1,TAKER,6674.25,0.0,['0.00 USD'],NO_TRIGGER,FILLED,NO_CONTINGENCY,,,,MY_GENERIC_ALGO,,O-20260308-234649-001-000-632,,e5cacaac-7f8e-4e7e-8b1c-919c80e9c574,2026-03-08 23:46:49.405687384+00:00,2026-03-08 23:46:49.405687384+00:00
BACKTESTER-001,OracleStrategy-000,MESM6.GLBX,GLBX-1-600,MESM6.GLBX-OracleStrategy-000,GLBX-001,GLBX-1-600,MARKET,BUY,1,GTC,True,False,1,TAKER,6670.0,0.0,['0.00 USD'],NO_TRIGGER,FILLED,NO_CONTINGENCY,,,,MY_GENERIC_ALGO,,O-20260308-234849-001-000-633,,ee376121-5b9b-4bac-aa36-68cac5137bec,2026-03-08 23:48:49.722622215+00:00,2026-03-08 23:48:49.722622215+00:00
BACKTESTER-001,OracleStrategy-000,MESM6.GLBX,GLBX-1-601,MESM6.GLBX-OracleStrategy-000,GLBX-001,GLBX-1-601,MARKET,BUY,1,GTC,False,False,1,TAKER,6670.0,0.0,['0.00 USD'],NO_TRIGGER,FILLED,NO_CONTINGENCY,,,,MY_GENERIC_ALGO,,O-20260308-234849-001-000-634,,4c4f83ec-1656-4d5f-947e-b0da09938e64,2026-03-08 23:48:49.722622215+00:00,2026-03-08 23:48:49.722622215+00:00
BACKTESTER-001,OracleStrategy-000,MESM6.GLBX,GLBX-1-602,MESM6.GLBX-OracleStrategy-000,GLBX-001,GLBX-1-602,MARKET,SELL,1,GTC,True,False,1,TAKER,6674.75,0.0,['0.00 USD'],NO_TRIGGER,FILLED,NO_CONTINGENCY,,,,MY_GENERIC_ALGO,,O-20260308-234923-001-000-635,,006fe875-778f-4358-8fc3-f810ec3ea3ca,2026-03-08 23:49:23.182465235+00:00,2026-03-08 23:49:23.182465235+00:00
BACKTESTER-001,OracleStrategy-000,MESM6.GLBX,GLBX-1-603,MESM6.GLBX-OracleStrategy-000,GLBX-001,GLBX-1-603,MARKET,SELL,1,GTC,False,False,1,TAKER,6674.75,0.0,['0.00 USD'],NO_TRIGGER,FILLED,NO_CONTINGENCY,,,,MY_GENERIC_ALGO,,O-20260308-234923-001-000-636,,67db334f-25b5-4ce9-bfde-2f4899a75a52,2026-03-08 23:49:23.182465235+00:00,2026-03-08 23:49:23.182465235+00:00
BACKTESTER-001,OracleStrategy-000,MESM6.GLBX,GLBX-1-604,MESM6.GLBX-OracleStrategy-000,GLBX-001,GLBX-1-604,MARKET,BUY,1,GTC,True,False,1,TAKER,6675.75,0.0,['0.00 USD'],NO_TRIGGER,FILLED,NO_CONTINGENCY,,,,MY_GENERIC_ALGO,,O-20260308-234934-001-000-637,,6a9ed2fd-4d49-4567-a3b0-640cb22d9985,2026-03-08 23:49:34.039803482+00:00,2026-03-08 23:49:34.039803482+00:00
BACKTESTER-001,OracleStrategy-000,MESM6.GLBX,GLBX-1-605,MESM6.GLBX-OracleStrategy-000,GLBX-001,GLBX-1-605,MARKET,BUY,1,GTC,False,False,1,TAKER,6675.75,0.0,['0.00 USD'],NO_TRIGGER,FILLED,NO_CONTINGENCY,,,,MY_GENERIC_ALGO,,O-20260308-234934-001-000-638,,cc27c22a-d0ee-4572-b67e-bdbb6623409e,2026-03-08 23:49:34.039803482+00:00,2026-03-08 23:49:34.039803482+00:00
BACKTESTER-001,OracleStrategy-000,MESM6.GLBX,GLBX-1-606,MESM6.GLBX-OracleStrategy-000,GLBX-001,GLBX-1-606,MARKET,SELL,1,GTC,True,False,1,TAKER,6673.75,0.0,['0.00 USD'],NO_TRIGGER,FILLED,NO_CONTINGENCY,,,,MY_GENERIC_ALGO,,O-20260308-234936-001-000-639,,b99b790e-04b1-472d-94b6-757e2721492b,2026-03-08 23:49:36.044411944+00:00,2026-03-08 23:49:36.044411944+00:00
BACKTESTER-001,OracleStrategy-000,MESM6.GLBX,GLBX-1-607,MESM6.GLBX-OracleStrategy-000,GLBX-001,GLBX-1-607,MARKET,SELL,1,GTC,False,False,1,TAKER,6673.75,0.0,['0.00 USD'],NO_TRIGGER,FILLED,NO_CONTINGENCY,,,,MY_GENERIC_ALGO,,O-20260308-234936-001-000-640,,8919b285-6aac-47e9-b598-6a0417b49395,2026-03-08 23:49:36.044411944+00:00,2026-03-08 23:49:36.044411944+00:00
BACKTESTER-001,OracleStrategy-000,MESM6.GLBX,GLBX-1-608,MESM6.GLBX-OracleStrategy-000,GLBX-001,GLBX-1-608,MARKET,BUY,1,GTC,True,False,1,TAKER,6675.25,0.0,['0.00 USD'],NO_TRIGGER,FILLED,NO_CONTINGENCY,,,,MY_GENERIC_ALGO,,O-20260308-235005-001-000-641,,1a4a077a-8843-45d0-9002-14f4ce92b7d8,2026-03-08 23:50:05.837402831+00:00,2026-03-08 23:50:05.837402831+00:00
BACKTESTER-001,OracleStrategy-000,MESM6.GLBX,GLBX-1-609,MESM6.GLBX-OracleStrategy-000,GLBX-001,GLBX-1-609,MARKET,BUY,1,GTC,False,False,1,TAKER,6675.25,0.0,['0.00 USD'],NO_TRIGGER,FILLED,NO_CONTINGENCY,,,,MY_GENERIC_ALGO,,O-20260308-235005-001-000-642,,73e71fc2-0168-49db-b70c-2fc98fff3945,2026-03-08 23:50:05.837402831+00:00,2026-03-08 23:50:05.837402831+00:00
BACKTESTER-001,OracleStrategy-000,MESM6.GLBX,GLBX-1-610,MESM6.GLBX-OracleStrategy-000,GLBX-001,GLBX-1-610,MARKET,SELL,1,GTC,True,False,1,TAKER,6675.75,0.0,['0.00 USD'],NO_TRIGGER,FILLED,NO_CONTINGENCY,,,,MY_GENERIC_ALGO,,O-20260308-235009-001-000-643,,247ddf52-ca5c-4a8f-91fe-fe208fa5fb7b,2026-03-08 23:50:09.386959319+00:00,2026-03-08 23:50:09.386959319+00:00
BACKTESTER-001,OracleStrategy-000,MESM6.GLBX,GLBX-1-611,MESM6.GLBX-OracleStrategy-000,GLBX-001,GLBX-1-611,MARKET,SELL,1,GTC,False,False,1,TAKER,6675.75,0.0,['0.00 USD'],NO_TRIGGER,FILLED,NO_CONTINGENCY,,,,MY_GENERIC_ALGO,,O-20260308-235009-001-000-644,,990c0125-fe56-4731-a050-91a67bbad4b1,2026-03-08 23:50:09.386959319+00:00,2026-03-08 23:50:09.386959319+00:00
BACKTESTER-001,OracleStrategy-000,MESM6.GLBX,GLBX-1-612,MESM6.GLBX-OracleStrategy-000,GLBX-001,GLBX-1-612,MARKET,BUY,1,GTC,True,False,1,TAKER,6678.0,0.0,['0.00 USD'],NO_TRIGGER,FILLED,NO_CONTINGENCY,,,,MY_GENERIC_ALGO,,O-20260308-235013-001-000-645,,805cb9e7-4157-4a91-b550-3542897c3094,2026-03-08 23:50:13.074497188+00:00,2026-03-08 23:50:13.074497188+00:00
BACKTESTER-001,OracleStrategy-000,MESM6.GLBX,GLBX-1-613,MESM6.GLBX-OracleStrategy-000,GLBX-001,GLBX-1-613,MARKET,BUY,1,GTC,False,False,1,TAKER,6678.0,0.0,['0.00 USD'],NO_TRIGGER,FILLED,NO_CONTINGENCY,,,,MY_GENERIC_ALGO,,O-20260308-235013-001-000-646,,5d14dc1e-ac9b-4274-ad2f-8126daf0f53e,2026-03-08 23:50:13.074497188+00:00,2026-03-08 23:50:13.074497188+00:00
BACKTESTER-001,OracleStrategy-000,MESM6.GLBX,GLBX-1-614,MESM6.GLBX-OracleStrategy-000,GLBX-001,GLBX-1-614,MARKET,SELL,1,GTC,True,False,1,TAKER,6677.5,0.0,['0.00 USD'],NO_TRIGGER,FILLED,NO_CONTINGENCY,,,,MY_GENERIC_ALGO,,O-20260308-235017-001-000-647,,0fc9353f-7ac1-4653-99c2-5abf8acfc7bd,2026-03-08 23:50:17.985754767+00:00,2026-03-08 23:50:17.985754767+00:00
BACKTESTER-001,OracleStrategy-000,MESM6.GLBX,GLBX-1-615,MESM6.GLBX-OracleStrategy-000,GLBX-001,GLBX-1-615,MARKET,SELL,1,GTC,False,False,1,TAKER,6677.5,0.0,['0.00 USD'],NO_TRIGGER,FILLED,NO_CONTINGENCY,,,,MY_GENERIC_ALGO,,O-20260308-235017-001-000-648,,688be701-76b0-4147-8ad5-598b8f7a4f94,2026-03-08 23:50:17.985754767+00:00,2026-03-08 23:50:17.985754767+00:00
BACKTESTER-001,OracleStrategy-000,MESM6.GLBX,GLBX-1-616,MESM6.GLBX-OracleStrategy-000,GLBX-001,GLBX-1-616,MARKET,BUY,1,GTC,True,False,1,TAKER,6678.5,0.0,['0.00 USD'],NO_TRIGGER,FILLED,NO_CONTINGENCY,,,,MY_GENERIC_ALGO,,O-20260308-235108-001-000-649,,a062995e-020d-4e04-b472-56dc1306ce9e,2026-03-08 23:51:08.711215517+00:00,2026-03-08 23:51:08.711215517+00:00
BACKTESTER-001,OracleStrategy-000,MESM6.GLBX,GLBX-1-617,MESM6.GLBX-OracleStrategy-000,GLBX-001,GLBX-1-617,MARKET,BUY,1,GTC,False,False,1,TAKER,6678.5,0.0,['0.00 USD'],NO_TRIGGER,FILLED,NO_CONTINGENCY,,,,MY_GENERIC_ALGO,,O-20260308-235108-001-000-650,,4535bf60-baeb-4fe7-a2bc-413e795fdb0f,2026-03-08 23:51:08.711215517+00:00,2026-03-08 23:51:08.711215517+00:00
BACKTESTER-001,OracleStrategy-000,MESM6.GLBX,GLBX-1-618,MESM6.GLBX-OracleStrategy-000,GLBX-001,GLBX-1-618,MARKET,SELL,1,GTC,True,False,1,TAKER,6676.0,0.0,['0.00 USD'],NO_TRIGGER,FILLED,NO_CONTINGENCY,,,,MY_GENERIC_ALGO,,O-20260308-235116-001-000-651,,1c257c4a-ee56-4e1d-a0d1-ff729e330007,2026-03-08 23:51:16.174904837+00:00,2026-03-08 23:51:16.174904837+00:00
BACKTESTER-001,OracleStrategy-000,MESM6.GLBX,GLBX-1-619,MESM6.GLBX-OracleStrategy-000,GLBX-001,GLBX-1-619,MARKET,SELL,1,GTC,False,False,1,TAKER,6676.0,0.0,['0.00 USD'],NO_TRIGGER,FILLED,NO_CONTINGENCY,,,,MY_GENERIC_ALGO,,O-20260308-235116-001-000-652,,306c1cf8-5a5e-4072-b59a-2859a2e68b34,2026-03-08 23:51:16.174904837+00:00,2026-03-08 23:51:16.174904837+00:00
BACKTESTER-001,OracleStrategy-000,MESM6.GLBX,GLBX-1-620,MESM6.GLBX-OracleStrategy-000,GLBX-001,GLBX-1-620,MARKET,BUY,1,GTC,True,False,1,TAKER,6670.5,0.0,['0.00 USD'],NO_TRIGGER,FILLED,NO_CONTINGENCY,,,,MY_GENERIC_ALGO,,O-20260308-235342-001-000-653,,8dfca308-84d1-4f64-b650-d10363d695b8,2026-03-08 23:53:42.030540724+00:00,2026-03-08 23:53:42.030540724+00:00
BACKTESTER-001,OracleStrategy-000,MESM6.GLBX,GLBX-1-621,MESM6.GLBX-OracleStrategy-000,GLBX-001,GLBX-1-621,MARKET,BUY,1,GTC,False,False,1,TAKER,6670.5,0.0,['0.00 USD'],NO_TRIGGER,FILLED,NO_CONTINGENCY,,,,MY_GENERIC_ALGO,,O-20260308-235342-001-000-654,,8ff7755f-7dce-4bb7-a05d-d130185dc654,2026-03-08 23:53:42.030540724+00:00,2026-03-08 23:53:42.030540724+00:00
BACKTESTER-001,OracleStrategy-000,MESM6.GLBX,GLBX-1-622,MESM6.GLBX-OracleStrategy-000,GLBX-001,GLBX-1-622,MARKET,SELL,1,GTC,True,False,1,TAKER,6670.75,0.0,['0.00 USD'],NO_TRIGGER,FILLED,NO_CONTINGENCY,,,,MY_GENERIC_ALGO,,O-20260308-235344-001-000-655,,c3ee0584-23ea-4edb-a550-4e897023fb6a,2026-03-08 23:53:44.876659455+00:00,2026-03-08 23:53:44.876659455+00:00
BACKTESTER-001,OracleStrategy-000,MESM6.GLBX,GLBX-1-623,MESM6.GLBX-OracleStrategy-000,GLBX-001,GLBX-1-623,MARKET,SELL,1,GTC,False,False,1,TAKER,6670.75,0.0,['0.00 USD'],NO_TRIGGER,FILLED,NO_CONTINGENCY,,,,MY_GENERIC_ALGO,,O-20260308-235344-001-000-656,,1b846e84-3bf7-4f2b-989f-06b8adde0307,2026-03-08 23:53:44.876659455+00:00,2026-03-08 23:53:44.876659455+00:00
BACKTESTER-001,OracleStrategy-000,MESM6.GLBX,GLBX-1-624,MESM6.GLBX-OracleStrategy-000,GLBX-001,GLBX-1-624,MARKET,BUY,1,GTC,True,False,1,TAKER,6670.5,0.0,['0.00 USD'],NO_TRIGGER,FILLED,NO_CONTINGENCY,,,,MY_GENERIC_ALGO,,O-20260308-235356-001-000-657,,d2e39f7b-909d-43f8-bcdb-984da6cf9bc2,2026-03-08 23:53:56.569296413+00:00,2026-03-08 23:53:56.569296413+00:00
BACKTESTER-001,OracleStrategy-000,MESM6.GLBX,GLBX-1-625,MESM6.GLBX-OracleStrategy-000,GLBX-001,GLBX-1-625,MARKET,BUY,1,GTC,False,False,1,TAKER,6670.5,0.0,['0.00 USD'],NO_TRIGGER,FILLED,NO_CONTINGENCY,,,,MY_GENERIC_ALGO,,O-20260308-235356-001-000-658,,2c400937-f1ca-46b6-9444-844a0e1f646a,2026-03-08 23:53:56.569296413+00:00,2026-03-08 23:53:56.569296413+00:00
BACKTESTER-001,OracleStrategy-000,MESM6.GLBX,GLBX-1-626,MESM6.GLBX-OracleStrategy-000,GLBX-001,GLBX-1-626,MARKET,SELL,1,GTC,True,False,1,TAKER,6673.25,0.0,['0.00 USD'],NO_TRIGGER,FILLED,NO_CONTINGENCY,,,,MY_GENERIC_ALGO,,O-20260308-235400-001-000-659,,5474ee2d-23d5-4154-b940-4f1a0e944333,2026-03-08 23:54:00.056713826+00:00,2026-03-08 23:54:00.056713826+00:00
BACKTESTER-001,OracleStrategy-000,MESM6.GLBX,GLBX-1-627,MESM6.GLBX-OracleStrategy-000,GLBX-001,GLBX-1-627,MARKET,SELL,1,GTC,False,False,1,TAKER,6673.25,0.0,['0.00 USD'],NO_TRIGGER,FILLED,NO_CONTINGENCY,,,,MY_GENERIC_ALGO,,O-20260308-235400-001-000-660,,003082c9-43f1-4a43-bbf5-0be3d4c4a9b5,2026-03-08 23:54:00.056713826+00:00,2026-03-08 23:54:00.056713826+00:00
BACKTESTER-001,OracleStrategy-000,MESM6.GLBX,GLBX-1-628,MESM6.GLBX-OracleStrategy-000,GLBX-001,GLBX-1-628,MARKET,BUY,1,GTC,True,False,1,TAKER,6674.0,0.0,['0.00 USD'],NO_TRIGGER,FILLED,NO_CONTINGENCY,,,,MY_GENERIC_ALGO,,O-20260308-235404-001-000-661,,38320e9d-fe9e-481c-9403-137cf6b1bfea,2026-03-08 23:54:04.532157042+00:00,2026-03-08 23:54:04.532157042+00:00
BACKTESTER-001,OracleStrategy-000,MESM6.GLBX,GLBX-1-629,MESM6.GLBX-OracleStrategy-000,GLBX-001,GLBX-1-629,MARKET,BUY,1,GTC,False,False,1,TAKER,6674.0,0.0,['0.00 USD'],NO_TRIGGER,FILLED,NO_CONTINGENCY,,,,MY_GENERIC_ALGO,,O-20260308-235404-001-000-662,,89cdfdcb-e2b8-48bb-ac2a-a8e12e994323,2026-03-08 23:54:04.532157042+00:00,2026-03-08 23:54:04.532157042+00:00
BACKTESTER-001,OracleStrategy-000,MESM6.GLBX,GLBX-1-630,MESM6.GLBX-OracleStrategy-000,GLBX-001,GLBX-1-630,MARKET,SELL,1,GTC,True,False,1,TAKER,6673.0,0.0,['0.00 USD'],NO_TRIGGER,FILLED,NO_CONTINGENCY,,,,MY_GENERIC_ALGO,,O-20260308-235416-001-000-663,,4860ee33-0b3c-461a-8783-3506ef55fad2,2026-03-08 23:54:16.632774855+00:00,2026-03-08 23:54:16.632774855+00:00
BACKTESTER-001,OracleStrategy-000,MESM6.GLBX,GLBX-1-631,MESM6.GLBX-OracleStrategy-000,GLBX-001,GLBX-1-631,MARKET,SELL,1,GTC,False,False,1,TAKER,6673.0,0.0,['0.00 USD'],NO_TRIGGER,FILLED,NO_CONTINGENCY,,,,MY_GENERIC_ALGO,,O-20260308-235416-001-000-664,,10d37cdb-579a-408c-a64c-de6a0663e1fe,2026-03-08 23:54:16.632774855+00:00,2026-03-08 23:54:16.632774855+00:00
BACKTESTER-001,OracleStrategy-000,MESM6.GLBX,GLBX-1-632,MESM6.GLBX-OracleStrategy-000,GLBX-001,GLBX-1-632,MARKET,BUY,1,GTC,True,False,1,TAKER,6673.0,0.0,['0.00 USD'],NO_TRIGGER,FILLED,NO_CONTINGENCY,,,,MY_GENERIC_ALGO,,O-20260308-235420-001-000-665,,fde7b708-bceb-4ee3-913b-d8e39432d8d4,2026-03-08 23:54:20.942292760+00:00,2026-03-08 23:54:20.942292760+00:00
BACKTESTER-001,OracleStrategy-000,MESM6.GLBX,GLBX-1-633,MESM6.GLBX-OracleStrategy-000,GLBX-001,GLBX-1-633,MARKET,BUY,1,GTC,False,False,1,TAKER,6673.0,0.0,['0.00 USD'],NO_TRIGGER,FILLED,NO_CONTINGENCY,,,,MY_GENERIC_ALGO,,O-20260308-235420-001-000-666,,491e9572-92f3-4315-b1d8-ec56656303e7,2026-03-08 23:54:20.942292760+00:00,2026-03-08 23:54:20.942292760+00:00
BACKTESTER-001,OracleStrategy-000,MESM6.GLBX,GLBX-1-634,MESM6.GLBX-OracleStrategy-000,GLBX-001,GLBX-1-634,MARKET,SELL,1,GTC,True,False,1,TAKER,6671.75,0.0,['0.00 USD'],NO_TRIGGER,FILLED,NO_CONTINGENCY,,,,MY_GENERIC_ALGO,,O-20260308-235423-001-000-667,,201501e5-536e-48e8-b5c6-df83c1059670,2026-03-08 23:54:23.510327219+00:00,2026-03-08 23:54:23.510327219+00:00
BACKTESTER-001,OracleStrategy-000,MESM6.GLBX,GLBX-1-635,MESM6.GLBX-OracleStrategy-000,GLBX-001,GLBX-1-635,MARKET,SELL,1,GTC,False,False,1,TAKER,6672.25,0.0,['0.00 USD'],NO_TRIGGER,FILLED,NO_CONTINGENCY,,,,MY_GENERIC_ALGO,,O-20260308-235425-001-000-669,,b0170759-f42f-4251-923e-cb2588cc9511,2026-03-08 23:54:25.035342994+00:00,2026-03-08 23:54:25.035342994+00:00
BACKTESTER-001,OracleStrategy-000,MESM6.GLBX,GLBX-1-636,MESM6.GLBX-OracleStrategy-000,GLBX-001,GLBX-1-636,MARKET,BUY,1,GTC,True,False,1,TAKER,6672.5,0.0,['0.00 USD'],NO_TRIGGER,FILLED,NO_CONTINGENCY,,,,MY_GENERIC_ALGO,,O-20260308-235427-001-000-670,,a0e73274-8a06-4a0c-83d6-7f3b5eebc706,2026-03-08 23:54:27.838990013+00:00,2026-03-08 23:54:27.838990013+00:00
BACKTESTER-001,OracleStrategy-000,MESM6.GLBX,GLBX-1-637,MESM6.GLBX-OracleStrategy-000,GLBX-001,GLBX-1-637,MARKET,BUY,1,GTC,False,False,1,TAKER,6672.5,0.0,['0.00 USD'],NO_TRIGGER,FILLED,NO_CONTINGENCY,,,,MY_GENERIC_ALGO,,O-20260308-235427-001-000-671,,ba9e8cb0-45dd-4d8e-951e-6de98567728b,2026-03-08 23:54:27.838990013+00:00,2026-03-08 23:54:27.838990013+00:00
BACKTESTER-001,OracleStrategy-000,MESM6.GLBX,GLBX-1-638,MESM6.GLBX-OracleStrategy-000,GLBX-001,GLBX-1-638,MARKET,SELL,1,GTC,True,False,1,TAKER,6674.25,0.0,['0.00 USD'],NO_TRIGGER,FILLED,NO_CONTINGENCY,,,,MY_GENERIC_ALGO,,O-20260308-235554-001-000-672,,68e7e32b-84a3-4f0a-a908-8391e3c919b2,2026-03-08 23:55:54.173732846+00:00,2026-03-08 23:55:54.173732846+00:00
BACKTESTER-001,OracleStrategy-000,MESM6.GLBX,GLBX-1-639,MESM6.GLBX-OracleStrategy-000,GLBX-001,GLBX-1-639,MARKET,SELL,1,GTC,False,False,1,TAKER,6674.25,0.0,['0.00 USD'],NO_TRIGGER,FILLED,NO_CONTINGENCY,,,,MY_GENERIC_ALGO,,O-20260308-235554-001-000-673,,758fd0b5-46d7-409f-bc34-fff9c0563bd2,2026-03-08 23:55:54.173732846+00:00,2026-03-08 23:55:54.173732846+00:00
BACKTESTER-001,OracleStrategy-000,MESM6.GLBX,GLBX-1-640,MESM6.GLBX-OracleStrategy-000,GLBX-001,GLBX-1-640,MARKET,BUY,1,GTC,True,False,1,TAKER,6675.25,0.0,['0.00 USD'],NO_TRIGGER,FILLED,NO_CONTINGENCY,,,,MY_GENERIC_ALGO,,O-20260308-235556-001-000-674,,97810237-73b8-41a0-a6b0-a2c6115816cb,2026-03-08 23:55:56.626573683+00:00,2026-03-08 23:55:56.626573683+00:00
BACKTESTER-001,OracleStrategy-000,MESM6.GLBX,GLBX-1-641,MESM6.GLBX-OracleStrategy-000,GLBX-001,GLBX-1-641,MARKET,SELL,1,GTC,False,False,1,TAKER,6674.5,0.0,['0.00 USD'],NO_TRIGGER,FILLED,NO_CONTINGENCY,,,,MY_GENERIC_ALGO,,O-20260308-235600-001-000-676,,ce7948e4-541d-4d02-a6b6-373d30377d06,2026-03-08 23:56:00.177749226+00:00,2026-03-08 23:56:00.177749226+00:00
BACKTESTER-001,OracleStrategy-000,MESM6.GLBX,GLBX-1-642,MESM6.GLBX-OracleStrategy-000,GLBX-001,GLBX-1-642,MARKET,BUY,1,GTC,True,False,1,TAKER,6674.75,0.0,['0.00 USD'],NO_TRIGGER,FILLED,NO_CONTINGENCY,,,,MY_GENERIC_ALGO,,O-20260308-235606-001-000-677,,8fc5c678-c99d-4ea5-837a-6b868bd94d47,2026-03-08 23:56:06.405854639+00:00,2026-03-08 23:56:06.405854639+00:00
BACKTESTER-001,OracleStrategy-000,MESM6.GLBX,GLBX-1-643,MESM6.GLBX-OracleStrategy-000,GLBX-001,GLBX-1-643,MARKET,BUY,1,GTC,False,False,1,TAKER,6674.75,0.0,['0.00 USD'],NO_TRIGGER,FILLED,NO_CONTINGENCY,,,,MY_GENERIC_ALGO,,O-20260308-235606-001-000-678,,e206ce4e-af51-4f03-8228-882566fc106d,2026-03-08 23:56:06.405854639+00:00,2026-03-08 23:56:06.405854639+00:00
BACKTESTER-001,OracleStrategy-000,MESM6.GLBX,GLBX-1-644,MESM6.GLBX-OracleStrategy-000,GLBX-001,GLBX-1-644,MARKET,SELL,1,GTC,True,False,1,TAKER,6675.75,0.0,['0.00 USD'],NO_TRIGGER,FILLED,NO_CONTINGENCY,,,,MY_GENERIC_ALGO,,O-20260308-235635-001-000-679,,f6bd29d6-e76b-4103-b57e-2de273da10d3,2026-03-08 23:56:35.756376698+00:00,2026-03-08 23:56:35.756376698+00:00
BACKTESTER-001,OracleStrategy-000,MESM6.GLBX,GLBX-1-645,MESM6.GLBX-OracleStrategy-000,GLBX-001,GLBX-1-645,MARKET,SELL,1,GTC,False,False,1,TAKER,6675.75,0.0,['0.00 USD'],NO_TRIGGER,FILLED,NO_CONTINGENCY,,,,MY_GENERIC_ALGO,,O-20260308-235635-001-000-680,,42b62122-d992-4c49-ad5a-d2420c8aaadd,2026-03-08 23:56:35.756376698+00:00,2026-03-08 23:56:35.756376698+00:00
BACKTESTER-001,OracleStrategy-000,MESM6.GLBX,GLBX-1-646,MESM6.GLBX-OracleStrategy-000,GLBX-001,GLBX-1-646,MARKET,BUY,1,GTC,True,False,1,TAKER,6677.25,0.0,['0.00 USD'],NO_TRIGGER,FILLED,NO_CONTINGENCY,,,,MY_GENERIC_ALGO,,O-20260308-235651-001-000-681,,1be36699-a5cb-4dda-96ce-1dce9a666a25,2026-03-08 23:56:51.837816128+00:00,2026-03-08 23:56:51.837816128+00:00
BACKTESTER-001,OracleStrategy-000,MESM6.GLBX,GLBX-1-647,MESM6.GLBX-OracleStrategy-000,GLBX-001,GLBX-1-647,MARKET,BUY,1,GTC,False,False,1,TAKER,6677.25,0.0,['0.00 USD'],NO_TRIGGER,FILLED,NO_CONTINGENCY,,,,MY_GENERIC_ALGO,,O-20260308-235651-001-000-682,,cad5e27e-d124-4cdf-89b5-db97039513ab,2026-03-08 23:56:51.837816128+00:00,2026-03-08 23:56:51.837816128+00:00
BACKTESTER-001,OracleStrategy-000,MESM6.GLBX,GLBX-1-648,MESM6.GLBX-OracleStrategy-000,GLBX-001,GLBX-1-648,MARKET,SELL,1,GTC,True,False,1,TAKER,6678.75,0.0,['0.00 USD'],NO_TRIGGER,FILLED,NO_CONTINGENCY,,,,MY_GENERIC_ALGO,,O-20260308-235655-001-000-683,,51b959c6-aaeb-4675-852c-77367ec3257d,2026-03-08 23:56:55.388353920+00:00,2026-03-08 23:56:55.388353920+00:00
BACKTESTER-001,OracleStrategy-000,MESM6.GLBX,GLBX-1-649,MESM6.GLBX-OracleStrategy-000,GLBX-001,GLBX-1-649,MARKET,SELL,1,GTC,False,False,1,TAKER,6678.75,0.0,['0.00 USD'],NO_TRIGGER,FILLED,NO_CONTINGENCY,,,,MY_GENERIC_ALGO,,O-20260308-235655-001-000-684,,968757f0-c0f8-4233-946b-352842e62a4f,2026-03-08 23:56:55.388353920+00:00,2026-03-08 23:56:55.388353920+00:00
BACKTESTER-001,OracleStrategy-000,MESM6.GLBX,GLBX-1-650,MESM6.GLBX-OracleStrategy-000,GLBX-001,GLBX-1-650,MARKET,BUY,1,GTC,True,False,1,TAKER,6672.0,0.0,['0.00 USD'],NO_TRIGGER,FILLED,NO_CONTINGENCY,,,,MY_GENERIC_ALGO,,O-20260308-235726-001-000-685,,7753ecd9-0210-462e-b5c4-fc28793782c6,2026-03-08 23:57:26.805891371+00:00,2026-03-08 23:57:26.805891371+00:00
BACKTESTER-001,OracleStrategy-000,MESM6.GLBX,GLBX-1-651,MESM6.GLBX-OracleStrategy-000,GLBX-001,GLBX-1-651,MARKET,BUY,1,GTC,False,False,1,TAKER,6672.0,0.0,['0.00 USD'],NO_TRIGGER,FILLED,NO_CONTINGENCY,,,,MY_GENERIC_ALGO,,O-20260308-235726-001-000-686,,9b16bdc5-7375-4627-9b41-35978bd5893f,2026-03-08 23:57:26.805891371+00:00,2026-03-08 23:57:26.805891371+00:00
BACKTESTER-001,OracleStrategy-000,MESM6.GLBX,GLBX-1-652,MESM6.GLBX-OracleStrategy-000,GLBX-001,GLBX-1-652,MARKET,SELL,1,GTC,True,False,1,TAKER,6672.0,0.0,['0.00 USD'],NO_TRIGGER,FILLED,NO_CONTINGENCY,,,,MY_GENERIC_ALGO,,O-20260308-235727-001-000-687,,d357ebe3-b4ab-41bf-bb00-a89f1b55c320,2026-03-08 23:57:27.848523720+00:00,2026-03-08 23:57:27.848523720+00:00
BACKTESTER-001,OracleStrategy-000,MESM6.GLBX,GLBX-1-653,MESM6.GLBX-OracleStrategy-000,GLBX-001,GLBX-1-653,MARKET,SELL,1,GTC,False,False,1,TAKER,6672.0,0.0,['0.00 USD'],NO_TRIGGER,FILLED,NO_CONTINGENCY,,,,MY_GENERIC_ALGO,,O-20260308-235727-001-000-688,,6d8e1051-1f8e-4f19-a903-1af6b6a5ad8d,2026-03-08 23:57:27.848523720+00:00,2026-03-08 23:57:27.848523720+00:00
BACKTESTER-001,OracleStrategy-000,MESM6.GLBX,GLBX-1-654,MESM6.GLBX-OracleStrategy-000,GLBX-001,GLBX-1-654,MARKET,BUY,1,GTC,True,False,1,TAKER,6670.75,0.0,['0.00 USD'],NO_TRIGGER,FILLED,NO_CONTINGENCY,,,,MY_GENERIC_ALGO,,O-20260308-235729-001-000-689,,5d88ee58-9771-4041-9713-b8cef7f17947,2026-03-08 23:57:29.954377366+00:00,2026-03-08 23:57:29.954377366+00:00
BACKTESTER-001,OracleStrategy-000,MESM6.GLBX,GLBX-1-655,MESM6.GLBX-OracleStrategy-000,GLBX-001,GLBX-1-655,MARKET,BUY,1,GTC,False,False,1,TAKER,6670.75,0.0,['0.00 USD'],NO_TRIGGER,FILLED,NO_CONTINGENCY,,,,MY_GENERIC_ALGO,,O-20260308-235729-001-000-690,,7346bb67-fe5d-4fac-97c1-233908953d43,2026-03-08 23:57:29.954377366+00:00,2026-03-08 23:57:29.954377366+00:00
BACKTESTER-001,OracleStrategy-000,MESM6.GLBX,GLBX-1-656,MESM6.GLBX-OracleStrategy-000,GLBX-001,GLBX-1-656,MARKET,SELL,1,GTC,True,False,1,TAKER,6671.25,0.0,['0.00 USD'],NO_TRIGGER,FILLED,NO_CONTINGENCY,,,,MY_GENERIC_ALGO,,O-20260308-235811-001-000-691,,3a8ecc1e-122d-4985-8cc1-20ec8190f4fe,2026-03-08 23:58:11.533932794+00:00,2026-03-08 23:58:11.533932794+00:00
BACKTESTER-001,OracleStrategy-000,MESM6.GLBX,GLBX-1-657,MESM6.GLBX-OracleStrategy-000,GLBX-001,GLBX-1-657,MARKET,SELL,1,GTC,False,False,1,TAKER,6671.25,0.0,['0.00 USD'],NO_TRIGGER,FILLED,NO_CONTINGENCY,,,,MY_GENERIC_ALGO,,O-20260308-235811-001-000-692,,720b180d-ec50-41f1-bdb6-a1ddcb50fc4a,2026-03-08 23:58:11.533932794+00:00,2026-03-08 23:58:11.533932794+00:00
BACKTESTER-001,OracleStrategy-000,MESM6.GLBX,GLBX-1-658,MESM6.GLBX-OracleStrategy-000,GLBX-001,GLBX-1-658,MARKET,BUY,1,GTC,True,False,1,TAKER,6673.0,0.0,['0.00 USD'],NO_TRIGGER,FILLED,NO_CONTINGENCY,,,,MY_GENERIC_ALGO,,O-20260308-235825-001-000-693,,2e5f3236-ecf9-4034-b540-4789b9be4142,2026-03-08 23:58:25.164399455+00:00,2026-03-08 23:58:25.164399455+00:00
BACKTESTER-001,OracleStrategy-000,MESM6.GLBX,GLBX-1-659,MESM6.GLBX-OracleStrategy-000,GLBX-001,GLBX-1-659,MARKET,BUY,1,GTC,False,False,1,TAKER,6673.0,0.0,['0.00 USD'],NO_TRIGGER,FILLED,NO_CONTINGENCY,,,,MY_GENERIC_ALGO,,O-20260308-235825-001-000-694,,86814740-d473-49cb-b805-76a3f5b9a873,2026-03-08 23:58:25.164399455+00:00,2026-03-08 23:58:25.164399455+00:00
BACKTESTER-001,OracleStrategy-000,MESM6.GLBX,GLBX-1-660,MESM6.GLBX-OracleStrategy-000,GLBX-001,GLBX-1-660,MARKET,SELL,1,GTC,True,False,1,TAKER,6673.0,0.0,['0.00 USD'],NO_TRIGGER,FILLED,NO_CONTINGENCY,,,,MY_GENERIC_ALGO,,O-20260308-235844-001-000-695,,bf143418-c9dc-479a-b07e-f6f0dbfb6dea,2026-03-08 23:58:44.831609080+00:00,2026-03-08 23:58:44.831609080+00:00
BACKTESTER-001,OracleStrategy-000,MESM6.GLBX,GLBX-1-661,MESM6.GLBX-OracleStrategy-000,GLBX-001,GLBX-1-661,MARKET,SELL,1,GTC,False,False,1,TAKER,6673.0,0.0,['0.00 USD'],NO_TRIGGER,FILLED,NO_CONTINGENCY,,,,MY_GENERIC_ALGO,,O-20260308-235844-001-000-696,,44b2be7b-74e7-456d-a174-2d999f2b544d,2026-03-08 23:58:44.831609080+00:00,2026-03-08 23:58:44.831609080+00:00
BACKTESTER-001,OracleStrategy-000,MESM6.GLBX,GLBX-1-662,MESM6.GLBX-OracleStrategy-000,GLBX-001,GLBX-1-662,MARKET,BUY,1,GTC,True,False,1,TAKER,6673.0,0.0,['0.00 USD'],NO_TRIGGER,FILLED,NO_CONTINGENCY,,,,MY_GENERIC_ALGO,,O-20260308-235851-001-000-697,,3d78df7e-29cb-49cd-b93a-25c5e7def4a7,2026-03-08 23:58:51.569842282+00:00,2026-03-08 23:58:51.569842282+00:00
BACKTESTER-001,OracleStrategy-000,MESM6.GLBX,GLBX-1-663,MESM6.GLBX-OracleStrategy-000,GLBX-001,GLBX-1-663,MARKET,BUY,1,GTC,False,False,1,TAKER,6673.0,0.0,['0.00 USD'],NO_TRIGGER,FILLED,NO_CONTINGENCY,,,,MY_GENERIC_ALGO,,O-20260308-235851-001-000-698,,4621ec57-d6f5-4c9a-bd11-a23802b76ce8,2026-03-08 23:58:51.569842282+00:00,2026-03-08 23:58:51.569842282+00:00
BACKTESTER-001,OracleStrategy-000,MESM6.GLBX,GLBX-1-664,MESM6.GLBX-OracleStrategy-000,GLBX-001,GLBX-1-664,MARKET,SELL,1,GTC,True,False,1,TAKER,6674.75,0.0,['0.00 USD'],NO_TRIGGER,FILLED,NO_CONTINGENCY,,,,MY_GENERIC_ALGO,,O-20260308-235908-001-000-699,,8cc96c83-86fd-421e-a6b4-d3d014c408a1,2026-03-08 23:59:08.204917370+00:00,2026-03-08 23:59:08.204917370+00:00
BACKTESTER-001,OracleStrategy-000,MESM6.GLBX,GLBX-1-665,MESM6.GLBX-OracleStrategy-000,GLBX-001,GLBX-1-665,MARKET,SELL,1,GTC,False,False,1,TAKER,6674.75,0.0,['0.00 USD'],NO_TRIGGER,FILLED,NO_CONTINGENCY,,,,MY_GENERIC_ALGO,,O-20260308-235908-001-000-700,,c150ff8c-5462-4b74-95f8-e02d16e2f875,2026-03-08 23:59:08.204917370+00:00,2026-03-08 23:59:08.204917370+00:00
BACKTESTER-001,OracleStrategy-000,MESM6.GLBX,GLBX-1-666,MESM6.GLBX-OracleStrategy-000,GLBX-001,GLBX-1-666,MARKET,BUY,1,GTC,True,False,1,TAKER,6677.0,0.0,['0.00 USD'],NO_TRIGGER,FILLED,NO_CONTINGENCY,,,,MY_GENERIC_ALGO,,O-20260308-235959-001-000-701,,ca72c222-6937-4d1b-99ef-f0bf5be31286,2026-03-08 23:59:59.269426645+00:00,2026-03-08 23:59:59.269426645+00:00
