trader_id,strategy_id,instrument_id,account_id,opening_order_id,closing_order_id,entry,side,quantity,peak_qty,ts_init,ts_opened,ts_last,ts_closed,duration_ns,avg_px_open,avg_px_close,commissions,realized_return,realized_pnl,is_snapshot
BACKTESTER-001,OracleStrategy-000,MESM6.GLBX,GLBX-001,O-20260308-220000-001-000-1,O-20260308-220040-001-000-2,SELL,FLAT,0,1,1773007200136210549,2026-03-08 22:00:00.136210549+00:00,1773007240372954511,2026-03-08 22:00:40.372954511+00:00,40236743962,6745.0,6720.0,['0.00 USD'],0.00371,25.00 USD,True
BACKTESTER-001,OracleStrategy-000,MESM6.GLBX,GLBX-001,O-20260308-220040-001-000-3,O-20260308-220043-001-000-4,BUY,FLAT,0,1,1773007240372954511,2026-03-08 22:00:40.372954511+00:00,1773007243544532484,2026-03-08 22:00:43.544532484+00:00,3171577973,6720.0,6720.0,['0.00 USD'],0.0,0.00 USD,True
BACKTESTER-001,OracleStrategy-000,MESM6.GLBX,GLBX-001,O-20260308-220043-001-000-5,O-20260308-220121-001-000-6,SELL,FLAT,0,1,1773007243544532484,2026-03-08 22:00:43.544532484+00:00,1773007281642410037,2026-03-08 22:01:21.642410037+00:00,38097877553,6720.0,6711.0,['0.00 USD'],0.00134,9.00 USD,True
BACKTESTER-001,OracleStrategy-000,MESM6.GLBX,GLBX-001,O-20260308-220121-001-000-7,O-20260308-220124-001-000-8,BUY,FLAT,0,1,1773007281642410037,2026-03-08 22:01:21.642410037+00:00,1773007284270974314,2026-03-08 22:01:24.270974314+00:00,2628564277,6711.0,6708.5,['0.00 USD'],-0.00037,-2.50 USD,True
BACKTESTER-001,OracleStrategy-000,MESM6.GLBX,GLBX-001,O-20260308-220126-001-000-10,O-20260308-220207-001-000-11,SELL,FLAT,0,1,1773007286820633479,2026-03-08 22:01:26.820633479+00:00,1773007327565296856,2026-03-08 22:02:07.565296856+00:00,40744663377,6702.0,6697.0,['0.00 USD'],0.00075,5.00 USD,True
BACKTESTER-001,OracleStrategy-000,MESM6.GLBX,GLBX-001,O-20260308-220207-001-000-12,O-20260308-220217-001-000-13,BUY,FLAT,0,1,1773007327565296856,2026-03-08 22:02:07.565296856+00:00,1773007337413527063,2026-03-08 22:02:17.413527063+00:00,9848230207,6697.0,6697.75,['0.00 USD'],0.00011,0.75 USD,True
BACKTESTER-001,OracleStrategy-000,MESM6.GLBX,GLBX-001,O-20260308-220223-001-000-15,O-20260308-220241-001-000-16,SELL,FLAT,0,1,1773007343998780586,2026-03-08 22:02:23.998780586+00:00,1773007361213193896,2026-03-08 22:02:41.213193896+00:00,17214413310,6696.0,6696.25,['0.00 USD'],-4e-05,-0.25 USD,True
BACKTESTER-001,OracleStrategy-000,MESM6.GLBX,GLBX-001,O-20260308-220245-001-000-18,O-20260308-220251-001-000-19,SELL,FLAT,0,1,1773007365586807037,2026-03-08 22:02:45.586807037+00:00,1773007371160079784,2026-03-08 22:02:51.160079784+00:00,5573272747,6698.0,6695.0,['0.00 USD'],0.00045,3.00 USD,True
BACKTESTER-001,OracleStrategy-000,MESM6.GLBX,GLBX-001,O-20260308-220254-001-000-21,O-20260308-220330-001-000-22,BUY,FLAT,0,1,1773007374720651898,2026-03-08 22:02:54.720651898+00:00,1773007410702788291,2026-03-08 22:03:30.702788291+00:00,35982136393,6699.25,6699.5,['0.00 USD'],4e-05,0.25 USD,True
BACKTESTER-001,OracleStrategy-000,MESM6.GLBX,GLBX-001,O-20260308-220330-001-000-23,O-20260308-220333-001-000-24,SELL,FLAT,0,1,1773007410702788291,2026-03-08 22:03:30.702788291+00:00,1773007413796182672,2026-03-08 22:03:33.796182672+00:00,3093394381,6699.5,6701.25,['0.00 USD'],-0.00026,-1.75 USD,True
BACKTESTER-001,OracleStrategy-000,MESM6.GLBX,GLBX-001,O-20260308-220333-001-000-25,O-20260308-220338-001-000-26,BUY,FLAT,0,1,1773007413796182672,2026-03-08 22:03:33.796182672+00:00,1773007418616748022,2026-03-08 22:03:38.616748022+00:00,4820565350,6701.25,6703.0,['0.00 USD'],0.00026,1.75 USD,True
BACKTESTER-001,OracleStrategy-000,MESM6.GLBX,GLBX-001,O-20260308-220338-001-000-27,O-20260308-220339-001-000-28,SELL,FLAT,0,1,1773007418616748022,2026-03-08 22:03:38.616748022+00:00,1773007419894842613,2026-03-08 22:03:39.894842613+00:00,1278094591,6703.0,6702.5,['0.00 USD'],7e-05,0.50 USD,True
BACKTESTER-001,OracleStrategy-000,MESM6.GLBX,GLBX-001,O-20260308-220339-001-000-29,O-20260308-220357-001-000-30,BUY,FLAT,0,1,1773007419894842613,2026-03-08 22:03:39.894842613+00:00,1773007437737283339,2026-03-08 22:03:57.737283339+00:00,17842440726,6702.5,6702.5,['0.00 USD'],0.0,0.00 USD,True
BACKTESTER-001,OracleStrategy-000,MESM6.GLBX,GLBX-001,O-20260308-220357-001-000-31,O-20260308-220417-001-000-32,SELL,FLAT,0,1,1773007437737283339,2026-03-08 22:03:57.737283339+00:00,1773007457770426699,2026-03-08 22:04:17.770426699+00:00,20033143360,6702.5,6702.5,['0.00 USD'],0.0,0.00 USD,True
BACKTESTER-001,OracleStrategy-000,MESM6.GLBX,GLBX-001,O-20260308-220417-001-000-33,O-20260308-220418-001-000-34,BUY,FLAT,0,1,1773007457770426699,2026-03-08 22:04:17.770426699+00:00,1773007458921533951,2026-03-08 22:04:18.921533951+00:00,1151107252,6702.5,6700.75,['0.00 USD'],-0.00026,-1.75 USD,True
BACKTESTER-001,OracleStrategy-000,MESM6.GLBX,GLBX-001,O-20260308-220418-001-000-35,O-20260308-220431-001-000-36,SELL,FLAT,0,1,1773007458921533951,2026-03-08 22:04:18.921533951+00:00,1773007471799008707,2026-03-08 22:04:31.799008707+00:00,12877474756,6700.75,6695.25,['0.00 USD'],0.00082,5.50 USD,True
BACKTESTER-001,OracleStrategy-000,MESM6.GLBX,GLBX-001,O-20260308-220431-001-000-37,O-20260308-220447-001-000-38,BUY,FLAT,0,1,1773007471799008707,2026-03-08 22:04:31.799008707+00:00,1773007487450960355,2026-03-08 22:04:47.450960355+00:00,15651951648,6695.25,6699.0,['0.00 USD'],0.00056,3.75 USD,True
BACKTESTER-001,OracleStrategy-000,MESM6.GLBX,GLBX-001,O-20260308-220447-001-000-39,O-20260308-220520-001-000-40,SELL,FLAT,0,1,1773007487450960355,2026-03-08 22:04:47.450960355+00:00,1773007520672755643,2026-03-08 22:05:20.672755643+00:00,33221795288,6699.0,6689.0,['0.00 USD'],0.00149,10.00 USD,True
BACKTESTER-001,OracleStrategy-000,MESM6.GLBX,GLBX-001,O-20260308-220520-001-000-41,O-20260308-220521-001-000-42,BUY,FLAT,0,1,1773007520672755643,2026-03-08 22:05:20.672755643+00:00,1773007521838041397,2026-03-08 22:05:21.838041397+00:00,1165285754,6689.0,6687.75,['0.00 USD'],-0.00019,-1.25 USD,True
BACKTESTER-001,OracleStrategy-000,MESM6.GLBX,GLBX-001,O-20260308-220527-001-000-44,O-20260308-220536-001-000-45,BUY,FLAT,0,1,1773007527450625877,2026-03-08 22:05:27.450625877+00:00,1773007536899160089,2026-03-08 22:05:36.899160089+00:00,9448534212,6686.0,6684.75,['0.00 USD'],-0.00019,-1.25 USD,True
BACKTESTER-001,OracleStrategy-000,MESM6.GLBX,GLBX-001,O-20260308-220536-001-000-46,O-20260308-220552-001-000-47,SELL,FLAT,0,1,1773007536899160089,2026-03-08 22:05:36.899160089+00:00,1773007552587402346,2026-03-08 22:05:52.587402346+00:00,15688242257,6684.75,6685.5,['0.00 USD'],-0.00011,-0.75 USD,True
BACKTESTER-001,OracleStrategy-000,MESM6.GLBX,GLBX-001,O-20260308-220553-001-000-49,O-20260308-220557-001-000-50,BUY,FLAT,0,1,1773007553774567627,2026-03-08 22:05:53.774567627+00:00,1773007557912930971,2026-03-08 22:05:57.912930971+00:00,4138363344,6685.75,6688.25,['0.00 USD'],0.00037,2.50 USD,True
BACKTESTER-001,OracleStrategy-000,MESM6.GLBX,GLBX-001,O-20260308-220557-001-000-51,O-20260308-220623-001-000-52,SELL,FLAT,0,1,1773007557912930971,2026-03-08 22:05:57.912930971+00:00,1773007583617088584,2026-03-08 22:06:23.617088584+00:00,25704157613,6688.25,6684.5,['0.00 USD'],0.00056,3.75 USD,True
BACKTESTER-001,OracleStrategy-000,MESM6.GLBX,GLBX-001,O-20260308-220623-001-000-53,O-20260308-220630-001-000-54,BUY,FLAT,0,1,1773007583617088584,2026-03-08 22:06:23.617088584+00:00,1773007590831709572,2026-03-08 22:06:30.831709572+00:00,7214620988,6684.5,6684.75,['0.00 USD'],4e-05,0.25 USD,True
BACKTESTER-001,OracleStrategy-000,MESM6.GLBX,GLBX-001,O-20260308-220630-001-000-55,O-20260308-220634-001-000-56,SELL,FLAT,0,1,1773007590831709572,2026-03-08 22:06:30.831709572+00:00,1773007594847163527,2026-03-08 22:06:34.847163527+00:00,4015453955,6684.75,6683.0,['0.00 USD'],0.00026,1.75 USD,True
BACKTESTER-001,OracleStrategy-000,MESM6.GLBX,GLBX-001,O-20260308-220634-001-000-57,O-20260308-220638-001-000-58,BUY,FLAT,0,1,1773007594847163527,2026-03-08 22:06:34.847163527+00:00,1773007598617316387,2026-03-08 22:06:38.617316387+00:00,3770152860,6683.0,6681.75,['0.00 USD'],-0.00019,-1.25 USD,True
BACKTESTER-001,OracleStrategy-000,MESM6.GLBX,GLBX-001,O-20260308-220640-001-000-60,O-20260308-220643-001-000-61,BUY,FLAT,0,1,1773007600981714431,2026-03-08 22:06:40.981714431+00:00,1773007603474451595,2026-03-08 22:06:43.474451595+00:00,2492737164,6681.25,6681.0,['0.00 USD'],-4e-05,-0.25 USD,True
BACKTESTER-001,OracleStrategy-000,MESM6.GLBX,GLBX-001,O-20260308-220643-001-000-62,O-20260308-220649-001-000-63,SELL,FLAT,0,1,1773007603474451595,2026-03-08 22:06:43.474451595+00:00,1773007609915777289,2026-03-08 22:06:49.915777289+00:00,6441325694,6681.0,6677.5,['0.00 USD'],0.00052,3.50 USD,True
BACKTESTER-001,OracleStrategy-000,MESM6.GLBX,GLBX-001,O-20260308-220649-001-000-64,O-20260308-220717-001-000-65,BUY,FLAT,0,1,1773007609915777289,2026-03-08 22:06:49.915777289+00:00,1773007637308895248,2026-03-08 22:07:17.308895248+00:00,27393117959,6677.5,6689.0,['0.00 USD'],0.00172,11.50 USD,True
BACKTESTER-001,OracleStrategy-000,MESM6.GLBX,GLBX-001,O-20260308-220717-001-000-66,O-20260308-220718-001-000-67,SELL,FLAT,0,1,1773007637308895248,2026-03-08 22:07:17.308895248+00:00,1773007638848923754,2026-03-08 22:07:18.848923754+00:00,1540028506,6689.0,6688.5,['0.00 USD'],7e-05,0.50 USD,True
BACKTESTER-001,OracleStrategy-000,MESM6.GLBX,GLBX-001,O-20260308-220718-001-000-68,O-20260308-220734-001-000-69,BUY,FLAT,0,1,1773007638848923754,2026-03-08 22:07:18.848923754+00:00,1773007654028013525,2026-03-08 22:07:34.028013525+00:00,15179089771,6688.5,6687.0,['0.00 USD'],-0.00022,-1.50 USD,True
BACKTESTER-001,OracleStrategy-000,MESM6.GLBX,GLBX-001,O-20260308-220737-001-000-71,O-20260308-220748-001-000-72,SELL,FLAT,0,1,1773007657722397928,2026-03-08 22:07:37.722397928+00:00,1773007668714067354,2026-03-08 22:07:48.714067354+00:00,10991669426,6687.5,6690.5,['0.00 USD'],-0.00045,-3.00 USD,True
BACKTESTER-001,OracleStrategy-000,MESM6.GLBX,GLBX-001,O-20260308-220752-001-000-74,O-20260308-220823-001-000-75,SELL,FLAT,0,1,1773007672747677669,2026-03-08 22:07:52.747677669+00:00,1773007703016090441,2026-03-08 22:08:23.016090441+00:00,30268412772,6688.5,6681.5,['0.00 USD'],0.00105,7.00 USD,True
BACKTESTER-001,OracleStrategy-000,MESM6.GLBX,GLBX-001,O-20260308-220823-001-000-76,O-20260308-220839-001-000-77,BUY,FLAT,0,1,1773007703016090441,2026-03-08 22:08:23.016090441+00:00,1773007719809312072,2026-03-08 22:08:39.809312072+00:00,16793221631,6681.5,6680.25,['0.00 USD'],-0.00019,-1.25 USD,True
BACKTESTER-001,OracleStrategy-000,MESM6.GLBX,GLBX-001,O-20260308-220839-001-000-78,O-20260308-220855-001-000-79,SELL,FLAT,0,1,1773007719809312072,2026-03-08 22:08:39.809312072+00:00,1773007735411551495,2026-03-08 22:08:55.411551495+00:00,15602239423,6680.25,6676.75,['0.00 USD'],0.00052,3.50 USD,True
BACKTESTER-001,OracleStrategy-000,MESM6.GLBX,GLBX-001,O-20260308-220855-001-000-80,O-20260308-220903-001-000-81,BUY,FLAT,0,1,1773007735411551495,2026-03-08 22:08:55.411551495+00:00,1773007743706494357,2026-03-08 22:09:03.706494357+00:00,8294942862,6676.75,6678.25,['0.00 USD'],0.00022,1.50 USD,True
BACKTESTER-001,OracleStrategy-000,MESM6.GLBX,GLBX-001,O-20260308-220903-001-000-82,O-20260308-220917-001-000-83,SELL,FLAT,0,1,1773007743706494357,2026-03-08 22:09:03.706494357+00:00,1773007757069366323,2026-03-08 22:09:17.069366323+00:00,13362871966,6678.25,6673.5,['0.00 USD'],0.00071,4.75 USD,True
BACKTESTER-001,OracleStrategy-000,MESM6.GLBX,GLBX-001,O-20260308-220917-001-000-84,O-20260308-220923-001-000-85,BUY,FLAT,0,1,1773007757069366323,2026-03-08 22:09:17.069366323+00:00,1773007763000641543,2026-03-08 22:09:23.000641543+00:00,5931275220,6673.5,6671.75,['0.00 USD'],-0.00026,-1.75 USD,True
BACKTESTER-001,OracleStrategy-000,MESM6.GLBX,GLBX-001,O-20260308-220926-001-000-87,O-20260308-220928-001-000-88,BUY,FLAT,0,1,1773007766057937967,2026-03-08 22:09:26.057937967+00:00,1773007768874500498,2026-03-08 22:09:28.874500498+00:00,2816562531,6670.75,6670.5,['0.00 USD'],-4e-05,-0.25 USD,True
BACKTESTER-001,OracleStrategy-000,MESM6.GLBX,GLBX-001,O-20260308-220928-001-000-89,O-20260308-220930-001-000-90,SELL,FLAT,0,1,1773007768874500498,2026-03-08 22:09:28.874500498+00:00,1773007770034441867,2026-03-08 22:09:30.034441867+00:00,1159941369,6670.5,6670.5,['0.00 USD'],0.0,0.00 USD,True
BACKTESTER-001,OracleStrategy-000,MESM6.GLBX,GLBX-001,O-20260308-220933-001-000-92,O-20260308-221010-001-000-93,BUY,FLAT,0,1,1773007773278224751,2026-03-08 22:09:33.278224751+00:00,1773007810430977611,2026-03-08 22:10:10.430977611+00:00,37152752860,6668.5,6680.0,['0.00 USD'],0.00172,11.50 USD,True
BACKTESTER-001,OracleStrategy-000,MESM6.GLBX,GLBX-001,O-20260308-221010-001-000-94,O-20260308-221012-001-000-95,SELL,FLAT,0,1,1773007810430977611,2026-03-08 22:10:10.430977611+00:00,1773007812352934411,2026-03-08 22:10:12.352934411+00:00,1921956800,6680.0,6682.5,['0.00 USD'],-0.00037,-2.50 USD,True
BACKTESTER-001,OracleStrategy-000,MESM6.GLBX,GLBX-001,O-20260308-221012-001-000-96,O-20260308-221033-001-000-97,BUY,FLAT,0,1,1773007812352934411,2026-03-08 22:10:12.352934411+00:00,1773007833966652085,2026-03-08 22:10:33.966652085+00:00,21613717674,6682.5,6682.0,['0.00 USD'],-7e-05,-0.50 USD,True
BACKTESTER-001,OracleStrategy-000,MESM6.GLBX,GLBX-001,O-20260308-221033-001-000-98,O-20260308-221058-001-000-99,SELL,FLAT,0,1,1773007833966652085,2026-03-08 22:10:33.966652085+00:00,1773007858875395549,2026-03-08 22:10:58.875395549+00:00,24908743464,6682.0,6684.0,['0.00 USD'],-0.0003,-2.00 USD,True
BACKTESTER-001,OracleStrategy-000,MESM6.GLBX,GLBX-001,O-20260308-221104-001-000-101,O-20260308-221105-001-000-102,SELL,FLAT,0,1,1773007864851237757,2026-03-08 22:11:04.851237757+00:00,1773007865852709659,2026-03-08 22:11:05.852709659+00:00,1001471902,6682.0,6677.25,['0.00 USD'],0.00071,4.75 USD,True
BACKTESTER-001,OracleStrategy-000,MESM6.GLBX,GLBX-001,O-20260308-221105-001-000-103,O-20260308-221107-001-000-104,BUY,FLAT,0,1,1773007865852709659,2026-03-08 22:11:05.852709659+00:00,1773007867108595448,2026-03-08 22:11:07.108595448+00:00,1255885789,6677.25,6678.75,['0.00 USD'],0.00022,1.50 USD,True
BACKTESTER-001,OracleStrategy-000,MESM6.GLBX,GLBX-001,O-20260308-221107-001-000-105,O-20260308-221113-001-000-106,SELL,FLAT,0,1,1773007867108595448,2026-03-08 22:11:07.108595448+00:00,1773007873360012682,2026-03-08 22:11:13.360012682+00:00,6251417234,6678.75,6680.5,['0.00 USD'],-0.00026,-1.75 USD,True
BACKTESTER-001,OracleStrategy-000,MESM6.GLBX,GLBX-001,O-20260308-221113-001-000-107,O-20260308-221114-001-000-108,BUY,FLAT,0,1,1773007873360012682,2026-03-08 22:11:13.360012682+00:00,1773007874679412256,2026-03-08 22:11:14.679412256+00:00,1319399574,6680.5,6680.0,['0.00 USD'],-7e-05,-0.50 USD,True
BACKTESTER-001,OracleStrategy-000,MESM6.GLBX,GLBX-001,O-20260308-221114-001-000-109,O-20260308-221125-001-000-110,SELL,FLAT,0,1,1773007874679412256,2026-03-08 22:11:14.679412256+00:00,1773007885310552493,2026-03-08 22:11:25.310552493+00:00,10631140237,6680.0,6678.0,['0.00 USD'],0.0003,2.00 USD,True
BACKTESTER-001,OracleStrategy-000,MESM6.GLBX,GLBX-001,O-20260308-221125-001-000-111,O-20260308-221131-001-000-112,BUY,FLAT,0,1,1773007885310552493,2026-03-08 22:11:25.310552493+00:00,1773007891166319759,2026-03-08 22:11:31.166319759+00:00,5855767266,6678.0,6680.25,['0.00 USD'],0.00034,2.25 USD,True
BACKTESTER-001,OracleStrategy-000,MESM6.GLBX,GLBX-001,O-20260308-221131-001-000-113,O-20260308-221146-001-000-114,SELL,FLAT,0,1,1773007891166319759,2026-03-08 22:11:31.166319759+00:00,1773007906534671626,2026-03-08 22:11:46.534671626+00:00,15368351867,6680.25,6679.5,['0.00 USD'],0.00011,0.75 USD,True
BACKTESTER-001,OracleStrategy-000,MESM6.GLBX,GLBX-001,O-20260308-221146-001-000-115,O-20260308-221151-001-000-116,BUY,FLAT,0,1,1773007906534671626,2026-03-08 22:11:46.534671626+00:00,1773007911828553611,2026-03-08 22:11:51.828553611+00:00,5293881985,6679.5,6679.0,['0.00 USD'],-7e-05,-0.50 USD,True
BACKTESTER-001,OracleStrategy-000,MESM6.GLBX,GLBX-001,O-20260308-221151-001-000-117,O-20260308-221155-001-000-118,SELL,FLAT,0,1,1773007911828553611,2026-03-08 22:11:51.828553611+00:00,1773007915613286965,2026-03-08 22:11:55.613286965+00:00,3784733354,6679.0,6677.75,['0.00 USD'],0.00019,1.25 USD,True
BACKTESTER-001,OracleStrategy-000,MESM6.GLBX,GLBX-001,O-20260308-221155-001-000-119,O-20260308-221220-001-000-120,BUY,FLAT,0,1,1773007915613286965,2026-03-08 22:11:55.613286965+00:00,1773007940606960923,2026-03-08 22:12:20.606960923+00:00,24993673958,6677.75,6678.5,['0.00 USD'],0.00011,0.75 USD,True
BACKTESTER-001,OracleStrategy-000,MESM6.GLBX,GLBX-001,O-20260308-221220-001-000-121,O-20260308-221236-001-000-122,SELL,FLAT,0,1,1773007940606960923,2026-03-08 22:12:20.606960923+00:00,1773007956595547383,2026-03-08 22:12:36.595547383+00:00,15988586460,6678.5,6681.0,['0.00 USD'],-0.00037,-2.50 USD,True
BACKTESTER-001,OracleStrategy-000,MESM6.GLBX,GLBX-001,O-20260308-221237-001-000-124,O-20260308-221239-001-000-125,BUY,FLAT,0,1,1773007957814869943,2026-03-08 22:12:37.814869943+00:00,1773007959924388936,2026-03-08 22:12:39.924388936+00:00,2109518993,6682.0,6680.25,['0.00 USD'],-0.00026,-1.75 USD,True
BACKTESTER-001,OracleStrategy-000,MESM6.GLBX,GLBX-001,O-20260308-221239-001-000-126,O-20260308-221304-001-000-127,SELL,FLAT,0,1,1773007959924388936,2026-03-08 22:12:39.924388936+00:00,1773007984140026202,2026-03-08 22:13:04.140026202+00:00,24215637266,6680.25,6681.0,['0.00 USD'],-0.00011,-0.75 USD,True
BACKTESTER-001,OracleStrategy-000,MESM6.GLBX,GLBX-001,O-20260308-221304-001-000-128,O-20260308-221306-001-000-129,BUY,FLAT,0,1,1773007984140026202,2026-03-08 22:13:04.140026202+00:00,1773007986411328399,2026-03-08 22:13:06.411328399+00:00,2271302197,6681.0,6680.25,['0.00 USD'],-0.00011,-0.75 USD,True
BACKTESTER-001,OracleStrategy-000,MESM6.GLBX,GLBX-001,O-20260308-221306-001-000-130,O-20260308-221325-001-000-131,SELL,FLAT,0,1,1773007986411328399,2026-03-08 22:13:06.411328399+00:00,1773008005193784189,2026-03-08 22:13:25.193784189+00:00,18782455790,6680.25,6681.75,['0.00 USD'],-0.00022,-1.50 USD,True
BACKTESTER-001,OracleStrategy-000,MESM6.GLBX,GLBX-001,O-20260308-221325-001-000-132,O-20260308-221332-001-000-133,BUY,FLAT,0,1,1773008005193784189,2026-03-08 22:13:25.193784189+00:00,1773008012056105923,2026-03-08 22:13:32.056105923+00:00,6862321734,6681.75,6682.25,['0.00 USD'],7e-05,0.50 USD,True
BACKTESTER-001,OracleStrategy-000,MESM6.GLBX,GLBX-001,O-20260308-221332-001-000-134,O-20260308-221336-001-000-135,SELL,FLAT,0,1,1773008012056105923,2026-03-08 22:13:32.056105923+00:00,1773008016252080019,2026-03-08 22:13:36.252080019+00:00,4195974096,6682.25,6680.25,['0.00 USD'],0.0003,2.00 USD,True
BACKTESTER-001,OracleStrategy-000,MESM6.GLBX,GLBX-001,O-20260308-221336-001-000-136,O-20260308-221338-001-000-137,BUY,FLAT,0,1,1773008016252080019,2026-03-08 22:13:36.252080019+00:00,1773008018987781738,2026-03-08 22:13:38.987781738+00:00,2735701719,6680.25,6680.5,['0.00 USD'],4e-05,0.25 USD,True
BACKTESTER-001,OracleStrategy-000,MESM6.GLBX,GLBX-001,O-20260308-221338-001-000-138,O-20260308-221353-001-000-139,SELL,FLAT,0,1,1773008018987781738,2026-03-08 22:13:38.987781738+00:00,1773008033555443570,2026-03-08 22:13:53.555443570+00:00,14567661832,6680.5,6678.75,['0.00 USD'],0.00026,1.75 USD,True
BACKTESTER-001,OracleStrategy-000,MESM6.GLBX,GLBX-001,O-20260308-221353-001-000-140,O-20260308-221406-001-000-141,BUY,FLAT,0,1,1773008033555443570,2026-03-08 22:13:53.555443570+00:00,1773008046280886914,2026-03-08 22:14:06.280886914+00:00,12725443344,6678.75,6678.25,['0.00 USD'],-7e-05,-0.50 USD,True
BACKTESTER-001,OracleStrategy-000,MESM6.GLBX,GLBX-001,O-20260308-221406-001-000-142,O-20260308-221413-001-000-143,SELL,FLAT,0,1,1773008046280886914,2026-03-08 22:14:06.280886914+00:00,1773008053169005210,2026-03-08 22:14:13.169005210+00:00,6888118296,6678.25,6680.0,['0.00 USD'],-0.00026,-1.75 USD,True
BACKTESTER-001,OracleStrategy-000,MESM6.GLBX,GLBX-001,O-20260308-221417-001-000-145,O-20260308-221424-001-000-146,BUY,FLAT,0,1,1773008057112001391,2026-03-08 22:14:17.112001391+00:00,1773008064575823848,2026-03-08 22:14:24.575823848+00:00,7463822457,6681.25,6679.25,['0.00 USD'],-0.0003,-2.00 USD,True
BACKTESTER-001,OracleStrategy-000,MESM6.GLBX,GLBX-001,O-20260308-221424-001-000-147,O-20260308-221439-001-000-148,SELL,FLAT,0,1,1773008064575823848,2026-03-08 22:14:24.575823848+00:00,1773008079037369067,2026-03-08 22:14:39.037369067+00:00,14461545219,6679.25,6673.75,['0.00 USD'],0.00082,5.50 USD,True
BACKTESTER-001,OracleStrategy-000,MESM6.GLBX,GLBX-001,O-20260308-221439-001-000-149,O-20260308-221442-001-000-150,BUY,FLAT,0,1,1773008079037369067,2026-03-08 22:14:39.037369067+00:00,1773008082611930911,2026-03-08 22:14:42.611930911+00:00,3574561844,6673.75,6672.5,['0.00 USD'],-0.00019,-1.25 USD,True
BACKTESTER-001,OracleStrategy-000,MESM6.GLBX,GLBX-001,O-20260308-221456-001-000-152,O-20260308-221508-001-000-153,SELL,FLAT,0,1,1773008096496398031,2026-03-08 22:14:56.496398031+00:00,1773008108458162141,2026-03-08 22:15:08.458162141+00:00,11961764110,6677.0,6675.0,['0.00 USD'],0.0003,2.00 USD,True
BACKTESTER-001,OracleStrategy-000,MESM6.GLBX,GLBX-001,O-20260308-221508-001-000-154,O-20260308-221526-001-000-155,BUY,FLAT,0,1,1773008108458162141,2026-03-08 22:15:08.458162141+00:00,1773008126387389627,2026-03-08 22:15:26.387389627+00:00,17929227486,6675.0,6676.5,['0.00 USD'],0.00022,1.50 USD,True
BACKTESTER-001,OracleStrategy-000,MESM6.GLBX,GLBX-001,O-20260308-221526-001-000-156,O-20260308-221556-001-000-157,SELL,FLAT,0,1,1773008126387389627,2026-03-08 22:15:26.387389627+00:00,1773008156973836356,2026-03-08 22:15:56.973836356+00:00,30586446729,6676.5,6680.0,['0.00 USD'],-0.00052,-3.50 USD,True
BACKTESTER-001,OracleStrategy-000,MESM6.GLBX,GLBX-001,O-20260308-221556-001-000-158,O-20260308-221611-001-000-159,BUY,FLAT,0,1,1773008156973836356,2026-03-08 22:15:56.973836356+00:00,1773008171809371083,2026-03-08 22:16:11.809371083+00:00,14835534727,6680.0,6681.5,['0.00 USD'],0.00022,1.50 USD,True
BACKTESTER-001,OracleStrategy-000,MESM6.GLBX,GLBX-001,O-20260308-221611-001-000-160,O-20260308-221615-001-000-161,SELL,FLAT,0,1,1773008171809371083,2026-03-08 22:16:11.809371083+00:00,1773008175156340853,2026-03-08 22:16:15.156340853+00:00,3346969770,6681.5,6682.0,['0.00 USD'],-7e-05,-0.50 USD,True
BACKTESTER-001,OracleStrategy-000,MESM6.GLBX,GLBX-001,O-20260308-221615-001-000-162,O-20260308-221618-001-000-163,BUY,FLAT,0,1,1773008175156340853,2026-03-08 22:16:15.156340853+00:00,1773008178977488067,2026-03-08 22:16:18.977488067+00:00,3821147214,6682.0,6681.75,['0.00 USD'],-4e-05,-0.25 USD,True
BACKTESTER-001,OracleStrategy-000,MESM6.GLBX,GLBX-001,O-20260308-221618-001-000-164,O-20260308-221629-001-000-165,SELL,FLAT,0,1,1773008178977488067,2026-03-08 22:16:18.977488067+00:00,1773008189679424605,2026-03-08 22:16:29.679424605+00:00,10701936538,6681.75,6680.75,['0.00 USD'],0.00015,1.00 USD,True
BACKTESTER-001,OracleStrategy-000,MESM6.GLBX,GLBX-001,O-20260308-221629-001-000-166,O-20260308-221705-001-000-167,BUY,FLAT,0,1,1773008189679424605,2026-03-08 22:16:29.679424605+00:00,1773008225470709456,2026-03-08 22:17:05.470709456+00:00,35791284851,6680.75,6684.0,['0.00 USD'],0.00049,3.25 USD,True
BACKTESTER-001,OracleStrategy-000,MESM6.GLBX,GLBX-001,O-20260308-221705-001-000-168,O-20260308-221708-001-000-169,SELL,FLAT,0,1,1773008225470709456,2026-03-08 22:17:05.470709456+00:00,1773008228995810891,2026-03-08 22:17:08.995810891+00:00,3525101435,6684.0,6684.75,['0.00 USD'],-0.00011,-0.75 USD,True
BACKTESTER-001,OracleStrategy-000,MESM6.GLBX,GLBX-001,O-20260308-221708-001-000-170,O-20260308-221711-001-000-171,BUY,FLAT,0,1,1773008228995810891,2026-03-08 22:17:08.995810891+00:00,1773008231985464903,2026-03-08 22:17:11.985464903+00:00,2989654012,6684.75,6683.75,['0.00 USD'],-0.00015,-1.00 USD,True
BACKTESTER-001,OracleStrategy-000,MESM6.GLBX,GLBX-001,O-20260308-221711-001-000-172,O-20260308-221722-001-000-173,SELL,FLAT,0,1,1773008231985464903,2026-03-08 22:17:11.985464903+00:00,1773008242644388261,2026-03-08 22:17:22.644388261+00:00,10658923358,6683.75,6685.25,['0.00 USD'],-0.00022,-1.50 USD,True
BACKTESTER-001,OracleStrategy-000,MESM6.GLBX,GLBX-001,O-20260308-221722-001-000-174,O-20260308-221731-001-000-175,BUY,FLAT,0,1,1773008242644388261,2026-03-08 22:17:22.644388261+00:00,1773008251809771179,2026-03-08 22:17:31.809771179+00:00,9165382918,6685.25,6684.25,['0.00 USD'],-0.00015,-1.00 USD,True
BACKTESTER-001,OracleStrategy-000,MESM6.GLBX,GLBX-001,O-20260308-221731-001-000-176,O-20260308-221804-001-000-177,SELL,FLAT,0,1,1773008251809771179,2026-03-08 22:17:31.809771179+00:00,1773008284127558093,2026-03-08 22:18:04.127558093+00:00,32317786914,6684.25,6684.75,['0.00 USD'],-7e-05,-0.50 USD,True
BACKTESTER-001,OracleStrategy-000,MESM6.GLBX,GLBX-001,O-20260308-221804-001-000-178,O-20260308-221822-001-000-179,BUY,FLAT,0,1,1773008284127558093,2026-03-08 22:18:04.127558093+00:00,1773008302824278858,2026-03-08 22:18:22.824278858+00:00,18696720765,6684.75,6681.75,['0.00 USD'],-0.00045,-3.00 USD,True
BACKTESTER-001,OracleStrategy-000,MESM6.GLBX,GLBX-001,O-20260308-221824-001-000-181,O-20260308-221846-001-000-182,BUY,FLAT,0,1,1773008304584768667,2026-03-08 22:18:24.584768667+00:00,1773008326771348096,2026-03-08 22:18:46.771348096+00:00,22186579429,6683.0,6684.0,['0.00 USD'],0.00015,1.00 USD,True
BACKTESTER-001,OracleStrategy-000,MESM6.GLBX,GLBX-001,O-20260308-221846-001-000-183,O-20260308-221848-001-000-184,SELL,FLAT,0,1,1773008326771348096,2026-03-08 22:18:46.771348096+00:00,1773008328483518434,2026-03-08 22:18:48.483518434+00:00,1712170338,6684.0,6683.0,['0.00 USD'],0.00015,1.00 USD,True
BACKTESTER-001,OracleStrategy-000,MESM6.GLBX,GLBX-001,O-20260308-221848-001-000-185,O-20260308-221850-001-000-186,BUY,FLAT,0,1,1773008328483518434,2026-03-08 22:18:48.483518434+00:00,1773008330863781474,2026-03-08 22:18:50.863781474+00:00,2380263040,6683.0,6683.0,['0.00 USD'],0.0,0.00 USD,True
BACKTESTER-001,OracleStrategy-000,MESM6.GLBX,GLBX-001,O-20260308-221850-001-000-187,O-20260308-221915-001-000-188,SELL,FLAT,0,1,1773008330863781474,2026-03-08 22:18:50.863781474+00:00,1773008355185229104,2026-03-08 22:19:15.185229104+00:00,24321447630,6683.0,6684.0,['0.00 USD'],-0.00015,-1.00 USD,True
BACKTESTER-001,OracleStrategy-000,MESM6.GLBX,GLBX-001,O-20260308-221915-001-000-189,O-20260308-221922-001-000-190,BUY,FLAT,0,1,1773008355185229104,2026-03-08 22:19:15.185229104+00:00,1773008362847149464,2026-03-08 22:19:22.847149464+00:00,7661920360,6684.0,6684.5,['0.00 USD'],7e-05,0.50 USD,True
BACKTESTER-001,OracleStrategy-000,MESM6.GLBX,GLBX-001,O-20260308-221922-001-000-191,O-20260308-221931-001-000-192,SELL,FLAT,0,1,1773008362847149464,2026-03-08 22:19:22.847149464+00:00,1773008371789848363,2026-03-08 22:19:31.789848363+00:00,8942698899,6684.5,6684.25,['0.00 USD'],4e-05,0.25 USD,True
BACKTESTER-001,OracleStrategy-000,MESM6.GLBX,GLBX-001,O-20260308-221931-001-000-193,O-20260308-222008-001-000-194,BUY,FLAT,0,1,1773008371789848363,2026-03-08 22:19:31.789848363+00:00,1773008408359356232,2026-03-08 22:20:08.359356232+00:00,36569507869,6684.25,6685.0,['0.00 USD'],0.00011,0.75 USD,True
BACKTESTER-001,OracleStrategy-000,MESM6.GLBX,GLBX-001,O-20260308-222008-001-000-195,O-20260308-222021-001-000-196,SELL,FLAT,0,1,1773008408359356232,2026-03-08 22:20:08.359356232+00:00,1773008421089405919,2026-03-08 22:20:21.089405919+00:00,12730049687,6685.0,6686.25,['0.00 USD'],-0.00019,-1.25 USD,True
BACKTESTER-001,OracleStrategy-000,MESM6.GLBX,GLBX-001,O-20260308-222021-001-000-197,O-20260308-222024-001-000-198,BUY,FLAT,0,1,1773008421089405919,2026-03-08 22:20:21.089405919+00:00,1773008424662803951,2026-03-08 22:20:24.662803951+00:00,3573398032,6686.25,6686.75,['0.00 USD'],7e-05,0.50 USD,True
BACKTESTER-001,OracleStrategy-000,MESM6.GLBX,GLBX-001,O-20260308-222024-001-000-199,O-20260308-222028-001-000-200,SELL,FLAT,0,1,1773008424662803951,2026-03-08 22:20:24.662803951+00:00,1773008428222032682,2026-03-08 22:20:28.222032682+00:00,3559228731,6686.75,6687.75,['0.00 USD'],-0.00015,-1.00 USD,True
BACKTESTER-001,OracleStrategy-000,MESM6.GLBX,GLBX-001,O-20260308-222028-001-000-201,O-20260308-222035-001-000-202,BUY,FLAT,0,1,1773008428222032682,2026-03-08 22:20:28.222032682+00:00,1773008435111645470,2026-03-08 22:20:35.111645470+00:00,6889612788,6687.75,6692.0,['0.00 USD'],0.00064,4.25 USD,True
BACKTESTER-001,OracleStrategy-000,MESM6.GLBX,GLBX-001,O-20260308-222035-001-000-203,O-20260308-222038-001-000-204,SELL,FLAT,0,1,1773008435111645470,2026-03-08 22:20:35.111645470+00:00,1773008438377386490,2026-03-08 22:20:38.377386490+00:00,3265741020,6692.0,6688.0,['0.00 USD'],0.0006,4.00 USD,True
BACKTESTER-001,OracleStrategy-000,MESM6.GLBX,GLBX-001,O-20260308-222038-001-000-205,O-20260308-222043-001-000-206,BUY,FLAT,0,1,1773008438377386490,2026-03-08 22:20:38.377386490+00:00,1773008443572321008,2026-03-08 22:20:43.572321008+00:00,5194934518,6688.0,6686.25,['0.00 USD'],-0.00026,-1.75 USD,True
BACKTESTER-001,OracleStrategy-000,MESM6.GLBX,GLBX-001,O-20260308-222043-001-000-207,O-20260308-222057-001-000-208,SELL,FLAT,0,1,1773008443572321008,2026-03-08 22:20:43.572321008+00:00,1773008457668330156,2026-03-08 22:20:57.668330156+00:00,14096009148,6686.25,6686.5,['0.00 USD'],-4e-05,-0.25 USD,True
BACKTESTER-001,OracleStrategy-000,MESM6.GLBX,GLBX-001,O-20260308-222057-001-000-209,O-20260308-222102-001-000-210,BUY,FLAT,0,1,1773008457668330156,2026-03-08 22:20:57.668330156+00:00,1773008462592598407,2026-03-08 22:21:02.592598407+00:00,4924268251,6686.5,6687.0,['0.00 USD'],7e-05,0.50 USD,True
BACKTESTER-001,OracleStrategy-000,MESM6.GLBX,GLBX-001,O-20260308-222102-001-000-211,O-20260308-222104-001-000-212,SELL,FLAT,0,1,1773008462592598407,2026-03-08 22:21:02.592598407+00:00,1773008464202620706,2026-03-08 22:21:04.202620706+00:00,1610022299,6687.0,6692.0,['0.00 USD'],-0.00075,-5.00 USD,True
BACKTESTER-001,OracleStrategy-000,MESM6.GLBX,GLBX-001,O-20260308-222104-001-000-213,O-20260308-222106-001-000-214,BUY,FLAT,0,1,1773008464202620706,2026-03-08 22:21:04.202620706+00:00,1773008466960119349,2026-03-08 22:21:06.960119349+00:00,2757498643,6692.0,6688.0,['0.00 USD'],-0.0006,-4.00 USD,True
BACKTESTER-001,OracleStrategy-000,MESM6.GLBX,GLBX-001,O-20260308-222106-001-000-215,O-20260308-222109-001-000-216,SELL,FLAT,0,1,1773008466960119349,2026-03-08 22:21:06.960119349+00:00,1773008469835084069,2026-03-08 22:21:09.835084069+00:00,2874964720,6688.0,6686.75,['0.00 USD'],0.00019,1.25 USD,True
BACKTESTER-001,OracleStrategy-000,MESM6.GLBX,GLBX-001,O-20260308-222109-001-000-217,O-20260308-222129-001-000-218,BUY,FLAT,0,1,1773008469835084069,2026-03-08 22:21:09.835084069+00:00,1773008489913255823,2026-03-08 22:21:29.913255823+00:00,20078171754,6686.75,6686.5,['0.00 USD'],-4e-05,-0.25 USD,True
BACKTESTER-001,OracleStrategy-000,MESM6.GLBX,GLBX-001,O-20260308-222129-001-000-219,O-20260308-222204-001-000-220,SELL,FLAT,0,1,1773008489913255823,2026-03-08 22:21:29.913255823+00:00,1773008524710914834,2026-03-08 22:22:04.710914834+00:00,34797659011,6686.5,6688.25,['0.00 USD'],-0.00026,-1.75 USD,True
BACKTESTER-001,OracleStrategy-000,MESM6.GLBX,GLBX-001,O-20260308-222204-001-000-221,O-20260308-222216-001-000-222,BUY,FLAT,0,1,1773008524710914834,2026-03-08 22:22:04.710914834+00:00,1773008536736305693,2026-03-08 22:22:16.736305693+00:00,12025390859,6688.25,6686.0,['0.00 USD'],-0.00034,-2.25 USD,True
BACKTESTER-001,OracleStrategy-000,MESM6.GLBX,GLBX-001,O-20260308-222216-001-000-223,O-20260308-222223-001-000-224,SELL,FLAT,0,1,1773008536736305693,2026-03-08 22:22:16.736305693+00:00,1773008543437566888,2026-03-08 22:22:23.437566888+00:00,6701261195,6686.0,6685.5,['0.00 USD'],7e-05,0.50 USD,True
BACKTESTER-001,OracleStrategy-000,MESM6.GLBX,GLBX-001,O-20260308-222223-001-000-225,O-20260308-222237-001-000-226,BUY,FLAT,0,1,1773008543437566888,2026-03-08 22:22:23.437566888+00:00,1773008557135892755,2026-03-08 22:22:37.135892755+00:00,13698325867,6685.5,6685.0,['0.00 USD'],-7e-05,-0.50 USD,True
BACKTESTER-001,OracleStrategy-000,MESM6.GLBX,GLBX-001,O-20260308-222237-001-000-227,O-20260308-222256-001-000-228,SELL,FLAT,0,1,1773008557135892755,2026-03-08 22:22:37.135892755+00:00,1773008576304257738,2026-03-08 22:22:56.304257738+00:00,19168364983,6685.0,6684.75,['0.00 USD'],4e-05,0.25 USD,True
BACKTESTER-001,OracleStrategy-000,MESM6.GLBX,GLBX-001,O-20260308-222256-001-000-229,O-20260308-222305-001-000-230,BUY,FLAT,0,1,1773008576304257738,2026-03-08 22:22:56.304257738+00:00,1773008585410091213,2026-03-08 22:23:05.410091213+00:00,9105833475,6684.75,6683.75,['0.00 USD'],-0.00015,-1.00 USD,True
BACKTESTER-001,OracleStrategy-000,MESM6.GLBX,GLBX-001,O-20260308-222305-001-000-231,O-20260308-222424-001-000-232,SELL,FLAT,0,1,1773008585410091213,2026-03-08 22:23:05.410091213+00:00,1773008664824441305,2026-03-08 22:24:24.824441305+00:00,79414350092,6683.75,6677.25,['0.00 USD'],0.00097,6.50 USD,True
BACKTESTER-001,OracleStrategy-000,MESM6.GLBX,GLBX-001,O-20260308-222424-001-000-233,O-20260308-222447-001-000-234,BUY,FLAT,0,1,1773008664824441305,2026-03-08 22:24:24.824441305+00:00,1773008687558978289,2026-03-08 22:24:47.558978289+00:00,22734536984,6677.25,6677.25,['0.00 USD'],0.0,0.00 USD,True
BACKTESTER-001,OracleStrategy-000,MESM6.GLBX,GLBX-001,O-20260308-222447-001-000-235,O-20260308-222455-001-000-236,SELL,FLAT,0,1,1773008687558978289,2026-03-08 22:24:47.558978289+00:00,1773008695510952898,2026-03-08 22:24:55.510952898+00:00,7951974609,6677.25,6679.0,['0.00 USD'],-0.00026,-1.75 USD,True
BACKTESTER-001,OracleStrategy-000,MESM6.GLBX,GLBX-001,O-20260308-222501-001-000-238,O-20260308-222516-001-000-239,SELL,FLAT,0,1,1773008701038484024,2026-03-08 22:25:01.038484024+00:00,1773008716948380250,2026-03-08 22:25:16.948380250+00:00,15909896226,6678.5,6680.75,['0.00 USD'],-0.00034,-2.25 USD,True
BACKTESTER-001,OracleStrategy-000,MESM6.GLBX,GLBX-001,O-20260308-222516-001-000-240,O-20260308-222520-001-000-241,BUY,FLAT,0,1,1773008716948380250,2026-03-08 22:25:16.948380250+00:00,1773008720372967723,2026-03-08 22:25:20.372967723+00:00,3424587473,6680.75,6680.25,['0.00 USD'],-7e-05,-0.50 USD,True
BACKTESTER-001,OracleStrategy-000,MESM6.GLBX,GLBX-001,O-20260308-222520-001-000-242,O-20260308-222542-001-000-243,SELL,FLAT,0,1,1773008720372967723,2026-03-08 22:25:20.372967723+00:00,1773008742560633314,2026-03-08 22:25:42.560633314+00:00,22187665591,6680.25,6678.25,['0.00 USD'],0.0003,2.00 USD,True
BACKTESTER-001,OracleStrategy-000,MESM6.GLBX,GLBX-001,O-20260308-222542-001-000-244,O-20260308-222543-001-000-245,BUY,FLAT,0,1,1773008742560633314,2026-03-08 22:25:42.560633314+00:00,1773008743644395269,2026-03-08 22:25:43.644395269+00:00,1083761955,6678.25,6676.75,['0.00 USD'],-0.00022,-1.50 USD,True
BACKTESTER-001,OracleStrategy-000,MESM6.GLBX,GLBX-001,O-20260308-222543-001-000-246,O-20260308-222548-001-000-247,SELL,FLAT,0,1,1773008743644395269,2026-03-08 22:25:43.644395269+00:00,1773008748288101101,2026-03-08 22:25:48.288101101+00:00,4643705832,6676.75,6676.25,['0.00 USD'],7e-05,0.50 USD,True
BACKTESTER-001,OracleStrategy-000,MESM6.GLBX,GLBX-001,O-20260308-222548-001-000-248,O-20260308-222625-001-000-249,BUY,FLAT,0,1,1773008748288101101,2026-03-08 22:25:48.288101101+00:00,1773008785575297570,2026-03-08 22:26:25.575297570+00:00,37287196469,6676.25,6676.5,['0.00 USD'],4e-05,0.25 USD,True
BACKTESTER-001,OracleStrategy-000,MESM6.GLBX,GLBX-001,O-20260308-222625-001-000-250,O-20260308-222629-001-000-251,SELL,FLAT,0,1,1773008785575297570,2026-03-08 22:26:25.575297570+00:00,1773008789014607157,2026-03-08 22:26:29.014607157+00:00,3439309587,6676.5,6676.25,['0.00 USD'],4e-05,0.25 USD,True
BACKTESTER-001,OracleStrategy-000,MESM6.GLBX,GLBX-001,O-20260308-222629-001-000-252,O-20260308-222637-001-000-253,BUY,FLAT,0,1,1773008789014607157,2026-03-08 22:26:29.014607157+00:00,1773008797085225323,2026-03-08 22:26:37.085225323+00:00,8070618166,6676.25,6675.0,['0.00 USD'],-0.00019,-1.25 USD,True
BACKTESTER-001,OracleStrategy-000,MESM6.GLBX,GLBX-001,O-20260308-222637-001-000-254,O-20260308-222642-001-000-255,SELL,FLAT,0,1,1773008797085225323,2026-03-08 22:26:37.085225323+00:00,1773008802780422864,2026-03-08 22:26:42.780422864+00:00,5695197541,6675.0,6675.0,['0.00 USD'],0.0,0.00 USD,True
BACKTESTER-001,OracleStrategy-000,MESM6.GLBX,GLBX-001,O-20260308-222642-001-000-256,O-20260308-222652-001-000-257,BUY,FLAT,0,1,1773008802780422864,2026-03-08 22:26:42.780422864+00:00,1773008812702072045,2026-03-08 22:26:52.702072045+00:00,9921649181,6675.0,6675.75,['0.00 USD'],0.00011,0.75 USD,True
BACKTESTER-001,OracleStrategy-000,MESM6.GLBX,GLBX-001,O-20260308-222652-001-000-258,O-20260308-222700-001-000-259,SELL,FLAT,0,1,1773008812702072045,2026-03-08 22:26:52.702072045+00:00,1773008820259652477,2026-03-08 22:27:00.259652477+00:00,7557580432,6675.75,6676.0,['0.00 USD'],-4e-05,-0.25 USD,True
BACKTESTER-001,OracleStrategy-000,MESM6.GLBX,GLBX-001,O-20260308-222700-001-000-260,O-20260308-222703-001-000-261,BUY,FLAT,0,1,1773008820259652477,2026-03-08 22:27:00.259652477+00:00,1773008823908932054,2026-03-08 22:27:03.908932054+00:00,3649279577,6676.0,6675.0,['0.00 USD'],-0.00015,-1.00 USD,True
BACKTESTER-001,OracleStrategy-000,MESM6.GLBX,GLBX-001,O-20260308-222703-001-000-262,O-20260308-222737-001-000-263,SELL,FLAT,0,1,1773008823908932054,2026-03-08 22:27:03.908932054+00:00,1773008857324230949,2026-03-08 22:27:37.324230949+00:00,33415298895,6675.0,6674.75,['0.00 USD'],4e-05,0.25 USD,True
BACKTESTER-001,OracleStrategy-000,MESM6.GLBX,GLBX-001,O-20260308-222737-001-000-264,O-20260308-222740-001-000-265,BUY,FLAT,0,1,1773008857324230949,2026-03-08 22:27:37.324230949+00:00,1773008860401323701,2026-03-08 22:27:40.401323701+00:00,3077092752,6674.75,6673.25,['0.00 USD'],-0.00022,-1.50 USD,True
BACKTESTER-001,OracleStrategy-000,MESM6.GLBX,GLBX-001,O-20260308-222740-001-000-266,O-20260308-222743-001-000-267,SELL,FLAT,0,1,1773008860401323701,2026-03-08 22:27:40.401323701+00:00,1773008863605846026,2026-03-08 22:27:43.605846026+00:00,3204522325,6673.25,6673.0,['0.00 USD'],4e-05,0.25 USD,True
BACKTESTER-001,OracleStrategy-000,MESM6.GLBX,GLBX-001,O-20260308-222743-001-000-268,O-20260308-222747-001-000-269,BUY,FLAT,0,1,1773008863605846026,2026-03-08 22:27:43.605846026+00:00,1773008867043217172,2026-03-08 22:27:47.043217172+00:00,3437371146,6673.0,6672.75,['0.00 USD'],-4e-05,-0.25 USD,True
BACKTESTER-001,OracleStrategy-000,MESM6.GLBX,GLBX-001,O-20260308-222747-001-000-270,O-20260308-222752-001-000-271,SELL,FLAT,0,1,1773008867043217172,2026-03-08 22:27:47.043217172+00:00,1773008872663442277,2026-03-08 22:27:52.663442277+00:00,5620225105,6672.75,6671.75,['0.00 USD'],0.00015,1.00 USD,True
BACKTESTER-001,OracleStrategy-000,MESM6.GLBX,GLBX-001,O-20260308-222752-001-000-272,O-20260308-222757-001-000-273,BUY,FLAT,0,1,1773008872663442277,2026-03-08 22:27:52.663442277+00:00,1773008877519772571,2026-03-08 22:27:57.519772571+00:00,4856330294,6671.75,6674.0,['0.00 USD'],0.00034,2.25 USD,True
BACKTESTER-001,OracleStrategy-000,MESM6.GLBX,GLBX-001,O-20260308-222757-001-000-274,O-20260308-222801-001-000-275,SELL,FLAT,0,1,1773008877519772571,2026-03-08 22:27:57.519772571+00:00,1773008881649581089,2026-03-08 22:28:01.649581089+00:00,4129808518,6674.0,6674.0,['0.00 USD'],0.0,0.00 USD,True
BACKTESTER-001,OracleStrategy-000,MESM6.GLBX,GLBX-001,O-20260308-222801-001-000-276,O-20260308-222839-001-000-277,BUY,FLAT,0,1,1773008881649581089,2026-03-08 22:28:01.649581089+00:00,1773008919908827029,2026-03-08 22:28:39.908827029+00:00,38259245940,6674.0,6678.0,['0.00 USD'],0.0006,4.00 USD,True
BACKTESTER-001,OracleStrategy-000,MESM6.GLBX,GLBX-001,O-20260308-222839-001-000-278,O-20260308-222847-001-000-279,SELL,FLAT,0,1,1773008919908827029,2026-03-08 22:28:39.908827029+00:00,1773008927002741304,2026-03-08 22:28:47.002741304+00:00,7093914275,6678.0,6676.75,['0.00 USD'],0.00019,1.25 USD,True
BACKTESTER-001,OracleStrategy-000,MESM6.GLBX,GLBX-001,O-20260308-222847-001-000-280,O-20260308-222914-001-000-281,BUY,FLAT,0,1,1773008927002741304,2026-03-08 22:28:47.002741304+00:00,1773008954532894384,2026-03-08 22:29:14.532894384+00:00,27530153080,6676.75,6679.25,['0.00 USD'],0.00037,2.50 USD,True
BACKTESTER-001,OracleStrategy-000,MESM6.GLBX,GLBX-001,O-20260308-222914-001-000-282,O-20260308-222921-001-000-283,SELL,FLAT,0,1,1773008954532894384,2026-03-08 22:29:14.532894384+00:00,1773008961636670770,2026-03-08 22:29:21.636670770+00:00,7103776386,6679.25,6680.5,['0.00 USD'],-0.00019,-1.25 USD,True
BACKTESTER-001,OracleStrategy-000,MESM6.GLBX,GLBX-001,O-20260308-222937-001-000-285,O-20260308-223003-001-000-286,BUY,FLAT,0,1,1773008977932027083,2026-03-08 22:29:37.932027083+00:00,1773009003570036560,2026-03-08 22:30:03.570036560+00:00,25638009477,6680.75,6682.5,['0.00 USD'],0.00026,1.75 USD,True
BACKTESTER-001,OracleStrategy-000,MESM6.GLBX,GLBX-001,O-20260308-223003-001-000-287,O-20260308-223004-001-000-288,SELL,FLAT,0,1,1773009003570036560,2026-03-08 22:30:03.570036560+00:00,1773009004773173965,2026-03-08 22:30:04.773173965+00:00,1203137405,6682.5,6681.75,['0.00 USD'],0.00011,0.75 USD,True
BACKTESTER-001,OracleStrategy-000,MESM6.GLBX,GLBX-001,O-20260308-223004-001-000-289,O-20260308-223054-001-000-290,BUY,FLAT,0,1,1773009004773173965,2026-03-08 22:30:04.773173965+00:00,1773009054511612181,2026-03-08 22:30:54.511612181+00:00,49738438216,6681.75,6682.75,['0.00 USD'],0.00015,1.00 USD,True
BACKTESTER-001,OracleStrategy-000,MESM6.GLBX,GLBX-001,O-20260308-223054-001-000-291,O-20260308-223101-001-000-292,SELL,FLAT,0,1,1773009054511612181,2026-03-08 22:30:54.511612181+00:00,1773009061681602245,2026-03-08 22:31:01.681602245+00:00,7169990064,6682.75,6683.0,['0.00 USD'],-4e-05,-0.25 USD,True
BACKTESTER-001,OracleStrategy-000,MESM6.GLBX,GLBX-001,O-20260308-223101-001-000-293,O-20260308-223131-001-000-294,BUY,FLAT,0,1,1773009061681602245,2026-03-08 22:31:01.681602245+00:00,1773009091184415500,2026-03-08 22:31:31.184415500+00:00,29502813255,6683.0,6682.5,['0.00 USD'],-7e-05,-0.50 USD,True
BACKTESTER-001,OracleStrategy-000,MESM6.GLBX,GLBX-001,O-20260308-223131-001-000-295,O-20260308-223139-001-000-296,SELL,FLAT,0,1,1773009091184415500,2026-03-08 22:31:31.184415500+00:00,1773009099712221392,2026-03-08 22:31:39.712221392+00:00,8527805892,6682.5,6683.25,['0.00 USD'],-0.00011,-0.75 USD,True
BACKTESTER-001,OracleStrategy-000,MESM6.GLBX,GLBX-001,O-20260308-223139-001-000-297,O-20260308-223150-001-000-298,BUY,FLAT,0,1,1773009099712221392,2026-03-08 22:31:39.712221392+00:00,1773009110838014536,2026-03-08 22:31:50.838014536+00:00,11125793144,6683.25,6682.5,['0.00 USD'],-0.00011,-0.75 USD,True
BACKTESTER-001,OracleStrategy-000,MESM6.GLBX,GLBX-001,O-20260308-223150-001-000-299,O-20260308-223231-001-000-300,SELL,FLAT,0,1,1773009110838014536,2026-03-08 22:31:50.838014536+00:00,1773009151179617085,2026-03-08 22:32:31.179617085+00:00,40341602549,6682.5,6683.25,['0.00 USD'],-0.00011,-0.75 USD,True
BACKTESTER-001,OracleStrategy-000,MESM6.GLBX,GLBX-001,O-20260308-223231-001-000-301,O-20260308-223238-001-000-302,BUY,FLAT,0,1,1773009151179617085,2026-03-08 22:32:31.179617085+00:00,1773009158898400145,2026-03-08 22:32:38.898400145+00:00,7718783060,6683.25,6683.0,['0.00 USD'],-4e-05,-0.25 USD,True
BACKTESTER-001,OracleStrategy-000,MESM6.GLBX,GLBX-001,O-20260308-223238-001-000-303,O-20260308-223242-001-000-304,SELL,FLAT,0,1,1773009158898400145,2026-03-08 22:32:38.898400145+00:00,1773009162847291055,2026-03-08 22:32:42.847291055+00:00,3948890910,6683.0,6682.75,['0.00 USD'],4e-05,0.25 USD,True
BACKTESTER-001,OracleStrategy-000,MESM6.GLBX,GLBX-001,O-20260308-223242-001-000-305,O-20260308-223249-001-000-306,BUY,FLAT,0,1,1773009162847291055,2026-03-08 22:32:42.847291055+00:00,1773009169706159130,2026-03-08 22:32:49.706159130+00:00,6858868075,6682.75,6683.75,['0.00 USD'],0.00015,1.00 USD,True
BACKTESTER-001,OracleStrategy-000,MESM6.GLBX,GLBX-001,O-20260308-223249-001-000-307,O-20260308-223258-001-000-308,SELL,FLAT,0,1,1773009169706159130,2026-03-08 22:32:49.706159130+00:00,1773009178522434776,2026-03-08 22:32:58.522434776+00:00,8816275646,6683.75,6683.5,['0.00 USD'],4e-05,0.25 USD,True
BACKTESTER-001,OracleStrategy-000,MESM6.GLBX,GLBX-001,O-20260308-223258-001-000-309,O-20260308-223300-001-000-310,BUY,FLAT,0,1,1773009178522434776,2026-03-08 22:32:58.522434776+00:00,1773009180110882450,2026-03-08 22:33:00.110882450+00:00,1588447674,6683.5,6684.25,['0.00 USD'],0.00011,0.75 USD,True
BACKTESTER-001,OracleStrategy-000,MESM6.GLBX,GLBX-001,O-20260308-223300-001-000-311,O-20260308-223305-001-000-312,SELL,FLAT,0,1,1773009180110882450,2026-03-08 22:33:00.110882450+00:00,1773009185885651647,2026-03-08 22:33:05.885651647+00:00,5774769197,6684.25,6686.0,['0.00 USD'],-0.00026,-1.75 USD,True
BACKTESTER-001,OracleStrategy-000,MESM6.GLBX,GLBX-001,O-20260308-223305-001-000-313,O-20260308-223310-001-000-314,BUY,FLAT,0,1,1773009185885651647,2026-03-08 22:33:05.885651647+00:00,1773009190185359835,2026-03-08 22:33:10.185359835+00:00,4299708188,6686.0,6685.5,['0.00 USD'],-7e-05,-0.50 USD,True
BACKTESTER-001,OracleStrategy-000,MESM6.GLBX,GLBX-001,O-20260308-223310-001-000-315,O-20260308-223339-001-000-316,SELL,FLAT,0,1,1773009190185359835,2026-03-08 22:33:10.185359835+00:00,1773009219944381643,2026-03-08 22:33:39.944381643+00:00,29759021808,6685.5,6686.5,['0.00 USD'],-0.00015,-1.00 USD,True
BACKTESTER-001,OracleStrategy-000,MESM6.GLBX,GLBX-001,O-20260308-223339-001-000-317,O-20260308-223359-001-000-318,BUY,FLAT,0,1,1773009219944381643,2026-03-08 22:33:39.944381643+00:00,1773009239852168742,2026-03-08 22:33:59.852168742+00:00,19907787099,6686.5,6686.75,['0.00 USD'],4e-05,0.25 USD,True
BACKTESTER-001,OracleStrategy-000,MESM6.GLBX,GLBX-001,O-20260308-223359-001-000-319,O-20260308-223407-001-000-320,SELL,FLAT,0,1,1773009239852168742,2026-03-08 22:33:59.852168742+00:00,1773009247720502912,2026-03-08 22:34:07.720502912+00:00,7868334170,6686.75,6686.5,['0.00 USD'],4e-05,0.25 USD,True
BACKTESTER-001,OracleStrategy-000,MESM6.GLBX,GLBX-001,O-20260308-223407-001-000-321,O-20260308-223418-001-000-322,BUY,FLAT,0,1,1773009247720502912,2026-03-08 22:34:07.720502912+00:00,1773009258934309650,2026-03-08 22:34:18.934309650+00:00,11213806738,6686.5,6687.0,['0.00 USD'],7e-05,0.50 USD,True
BACKTESTER-001,OracleStrategy-000,MESM6.GLBX,GLBX-001,O-20260308-223418-001-000-323,O-20260308-223423-001-000-324,SELL,FLAT,0,1,1773009258934309650,2026-03-08 22:34:18.934309650+00:00,1773009263263460994,2026-03-08 22:34:23.263460994+00:00,4329151344,6687.0,6686.75,['0.00 USD'],4e-05,0.25 USD,True
BACKTESTER-001,OracleStrategy-000,MESM6.GLBX,GLBX-001,O-20260308-223423-001-000-325,O-20260308-223434-001-000-326,BUY,FLAT,0,1,1773009263263460994,2026-03-08 22:34:23.263460994+00:00,1773009274840949139,2026-03-08 22:34:34.840949139+00:00,11577488145,6686.75,6686.5,['0.00 USD'],-4e-05,-0.25 USD,True
BACKTESTER-001,OracleStrategy-000,MESM6.GLBX,GLBX-001,O-20260308-223434-001-000-327,O-20260308-223454-001-000-328,SELL,FLAT,0,1,1773009274840949139,2026-03-08 22:34:34.840949139+00:00,1773009294739812637,2026-03-08 22:34:54.739812637+00:00,19898863498,6686.5,6686.75,['0.00 USD'],-4e-05,-0.25 USD,True
BACKTESTER-001,OracleStrategy-000,MESM6.GLBX,GLBX-001,O-20260308-223454-001-000-329,O-20260308-223516-001-000-330,BUY,FLAT,0,1,1773009294739812637,2026-03-08 22:34:54.739812637+00:00,1773009316047955983,2026-03-08 22:35:16.047955983+00:00,21308143346,6686.75,6685.5,['0.00 USD'],-0.00019,-1.25 USD,True
BACKTESTER-001,OracleStrategy-000,MESM6.GLBX,GLBX-001,O-20260308-223516-001-000-331,O-20260308-223556-001-000-332,SELL,FLAT,0,1,1773009316047955983,2026-03-08 22:35:16.047955983+00:00,1773009356819279667,2026-03-08 22:35:56.819279667+00:00,40771323684,6685.5,6687.25,['0.00 USD'],-0.00026,-1.75 USD,True
BACKTESTER-001,OracleStrategy-000,MESM6.GLBX,GLBX-001,O-20260308-223556-001-000-333,O-20260308-223601-001-000-334,BUY,FLAT,0,1,1773009356819279667,2026-03-08 22:35:56.819279667+00:00,1773009361854635640,2026-03-08 22:36:01.854635640+00:00,5035355973,6687.25,6686.5,['0.00 USD'],-0.00011,-0.75 USD,True
BACKTESTER-001,OracleStrategy-000,MESM6.GLBX,GLBX-001,O-20260308-223601-001-000-335,O-20260308-223610-001-000-336,SELL,FLAT,0,1,1773009361854635640,2026-03-08 22:36:01.854635640+00:00,1773009370356615371,2026-03-08 22:36:10.356615371+00:00,8501979731,6686.5,6687.5,['0.00 USD'],-0.00015,-1.00 USD,True
BACKTESTER-001,OracleStrategy-000,MESM6.GLBX,GLBX-001,O-20260308-223610-001-000-337,O-20260308-223624-001-000-338,BUY,FLAT,0,1,1773009370356615371,2026-03-08 22:36:10.356615371+00:00,1773009384366094015,2026-03-08 22:36:24.366094015+00:00,14009478644,6687.5,6689.25,['0.00 USD'],0.00026,1.75 USD,True
BACKTESTER-001,OracleStrategy-000,MESM6.GLBX,GLBX-001,O-20260308-223624-001-000-339,O-20260308-223641-001-000-340,SELL,FLAT,0,1,1773009384366094015,2026-03-08 22:36:24.366094015+00:00,1773009401573204170,2026-03-08 22:36:41.573204170+00:00,17207110155,6689.25,6688.75,['0.00 USD'],7e-05,0.50 USD,True
BACKTESTER-001,OracleStrategy-000,MESM6.GLBX,GLBX-001,O-20260308-223641-001-000-341,O-20260308-223643-001-000-342,BUY,FLAT,0,1,1773009401573204170,2026-03-08 22:36:41.573204170+00:00,1773009403608544795,2026-03-08 22:36:43.608544795+00:00,2035340625,6688.75,6688.25,['0.00 USD'],-7e-05,-0.50 USD,True
BACKTESTER-001,OracleStrategy-000,MESM6.GLBX,GLBX-001,O-20260308-223643-001-000-343,O-20260308-223702-001-000-344,SELL,FLAT,0,1,1773009403608544795,2026-03-08 22:36:43.608544795+00:00,1773009422462724083,2026-03-08 22:37:02.462724083+00:00,18854179288,6688.25,6688.0,['0.00 USD'],4e-05,0.25 USD,True
BACKTESTER-001,OracleStrategy-000,MESM6.GLBX,GLBX-001,O-20260308-223702-001-000-345,O-20260308-223710-001-000-346,BUY,FLAT,0,1,1773009422462724083,2026-03-08 22:37:02.462724083+00:00,1773009430330196984,2026-03-08 22:37:10.330196984+00:00,7867472901,6688.0,6687.0,['0.00 USD'],-0.00015,-1.00 USD,True
BACKTESTER-001,OracleStrategy-000,MESM6.GLBX,GLBX-001,O-20260308-223710-001-000-347,O-20260308-223805-001-000-348,SELL,FLAT,0,1,1773009430330196984,2026-03-08 22:37:10.330196984+00:00,1773009485844122210,2026-03-08 22:38:05.844122210+00:00,55513925226,6687.0,6687.0,['0.00 USD'],0.0,0.00 USD,True
BACKTESTER-001,OracleStrategy-000,MESM6.GLBX,GLBX-001,O-20260308-223805-001-000-349,O-20260308-223847-001-000-350,BUY,FLAT,0,1,1773009485844122210,2026-03-08 22:38:05.844122210+00:00,1773009527009297704,2026-03-08 22:38:47.009297704+00:00,41165175494,6687.0,6686.0,['0.00 USD'],-0.00015,-1.00 USD,True
BACKTESTER-001,OracleStrategy-000,MESM6.GLBX,GLBX-001,O-20260308-223847-001-000-351,O-20260308-223901-001-000-352,SELL,FLAT,0,1,1773009527009297704,2026-03-08 22:38:47.009297704+00:00,1773009541216475691,2026-03-08 22:39:01.216475691+00:00,14207177987,6686.0,6685.0,['0.00 USD'],0.00015,1.00 USD,True
BACKTESTER-001,OracleStrategy-000,MESM6.GLBX,GLBX-001,O-20260308-223901-001-000-353,O-20260308-223907-001-000-354,BUY,FLAT,0,1,1773009541216475691,2026-03-08 22:39:01.216475691+00:00,1773009547974665549,2026-03-08 22:39:07.974665549+00:00,6758189858,6685.0,6684.5,['0.00 USD'],-7e-05,-0.50 USD,True
BACKTESTER-001,OracleStrategy-000,MESM6.GLBX,GLBX-001,O-20260308-223907-001-000-355,O-20260308-223941-001-000-356,SELL,FLAT,0,1,1773009547974665549,2026-03-08 22:39:07.974665549+00:00,1773009581817635800,2026-03-08 22:39:41.817635800+00:00,33842970251,6684.5,6688.25,['0.00 USD'],-0.00056,-3.75 USD,True
BACKTESTER-001,OracleStrategy-000,MESM6.GLBX,GLBX-001,O-20260308-224012-001-000-358,O-20260308-224042-001-000-359,BUY,FLAT,0,1,1773009612275126057,2026-03-08 22:40:12.275126057+00:00,1773009642963542450,2026-03-08 22:40:42.963542450+00:00,30688416393,6685.25,6686.5,['0.00 USD'],0.00019,1.25 USD,True
BACKTESTER-001,OracleStrategy-000,MESM6.GLBX,GLBX-001,O-20260308-224042-001-000-360,O-20260308-224054-001-000-361,SELL,FLAT,0,1,1773009642963542450,2026-03-08 22:40:42.963542450+00:00,1773009654965330079,2026-03-08 22:40:54.965330079+00:00,12001787629,6686.5,6686.0,['0.00 USD'],7e-05,0.50 USD,True
BACKTESTER-001,OracleStrategy-000,MESM6.GLBX,GLBX-001,O-20260308-224054-001-000-362,O-20260308-224056-001-000-363,BUY,FLAT,0,1,1773009654965330079,2026-03-08 22:40:54.965330079+00:00,1773009656204979458,2026-03-08 22:40:56.204979458+00:00,1239649379,6686.0,6685.75,['0.00 USD'],-4e-05,-0.25 USD,True
BACKTESTER-001,OracleStrategy-000,MESM6.GLBX,GLBX-001,O-20260308-224056-001-000-364,O-20260308-224121-001-000-365,SELL,FLAT,0,1,1773009656204979458,2026-03-08 22:40:56.204979458+00:00,1773009681309552976,2026-03-08 22:41:21.309552976+00:00,25104573518,6685.75,6684.75,['0.00 USD'],0.00015,1.00 USD,True
BACKTESTER-001,OracleStrategy-000,MESM6.GLBX,GLBX-001,O-20260308-224121-001-000-366,O-20260308-224144-001-000-367,BUY,FLAT,0,1,1773009681309552976,2026-03-08 22:41:21.309552976+00:00,1773009704194192848,2026-03-08 22:41:44.194192848+00:00,22884639872,6684.75,6685.0,['0.00 USD'],4e-05,0.25 USD,True
BACKTESTER-001,OracleStrategy-000,MESM6.GLBX,GLBX-001,O-20260308-224144-001-000-368,O-20260308-224226-001-000-369,SELL,FLAT,0,1,1773009704194192848,2026-03-08 22:41:44.194192848+00:00,1773009746222452933,2026-03-08 22:42:26.222452933+00:00,42028260085,6685.0,6682.5,['0.00 USD'],0.00037,2.50 USD,True
BACKTESTER-001,OracleStrategy-000,MESM6.GLBX,GLBX-001,O-20260308-224226-001-000-370,O-20260308-224335-001-000-371,BUY,FLAT,0,1,1773009746222452933,2026-03-08 22:42:26.222452933+00:00,1773009815658749048,2026-03-08 22:43:35.658749048+00:00,69436296115,6682.5,6686.0,['0.00 USD'],0.00052,3.50 USD,True
BACKTESTER-001,OracleStrategy-000,MESM6.GLBX,GLBX-001,O-20260308-224335-001-000-372,O-20260308-224422-001-000-373,SELL,FLAT,0,1,1773009815658749048,2026-03-08 22:43:35.658749048+00:00,1773009862061705061,2026-03-08 22:44:22.061705061+00:00,46402956013,6686.0,6682.5,['0.00 USD'],0.00052,3.50 USD,True
BACKTESTER-001,OracleStrategy-000,MESM6.GLBX,GLBX-001,O-20260308-224422-001-000-374,O-20260308-224455-001-000-375,BUY,FLAT,0,1,1773009862061705061,2026-03-08 22:44:22.061705061+00:00,1773009895633598618,2026-03-08 22:44:55.633598618+00:00,33571893557,6682.5,6681.25,['0.00 USD'],-0.00019,-1.25 USD,True
BACKTESTER-001,OracleStrategy-000,MESM6.GLBX,GLBX-001,O-20260308-224455-001-000-376,O-20260308-224555-001-000-377,SELL,FLAT,0,1,1773009895633598618,2026-03-08 22:44:55.633598618+00:00,1773009955583865728,2026-03-08 22:45:55.583865728+00:00,59950267110,6681.25,6688.75,['0.00 USD'],-0.00112,-7.50 USD,True
BACKTESTER-001,OracleStrategy-000,MESM6.GLBX,GLBX-001,O-20260308-224607-001-000-379,O-20260308-224619-001-000-380,BUY,FLAT,0,1,1773009967170107269,2026-03-08 22:46:07.170107269+00:00,1773009979544408488,2026-03-08 22:46:19.544408488+00:00,12374301219,6689.0,6688.25,['0.00 USD'],-0.00011,-0.75 USD,True
BACKTESTER-001,OracleStrategy-000,MESM6.GLBX,GLBX-001,O-20260308-224619-001-000-381,O-20260308-224621-001-000-382,SELL,FLAT,0,1,1773009979544408488,2026-03-08 22:46:19.544408488+00:00,1773009981825025461,2026-03-08 22:46:21.825025461+00:00,2280616973,6688.25,6687.75,['0.00 USD'],7e-05,0.50 USD,True
BACKTESTER-001,OracleStrategy-000,MESM6.GLBX,GLBX-001,O-20260308-224621-001-000-383,O-20260308-224631-001-000-384,BUY,FLAT,0,1,1773009981825025461,2026-03-08 22:46:21.825025461+00:00,1773009991570720003,2026-03-08 22:46:31.570720003+00:00,9745694542,6687.75,6688.5,['0.00 USD'],0.00011,0.75 USD,True
BACKTESTER-001,OracleStrategy-000,MESM6.GLBX,GLBX-001,O-20260308-224631-001-000-385,O-20260308-224742-001-000-386,SELL,FLAT,0,1,1773009991570720003,2026-03-08 22:46:31.570720003+00:00,1773010062873851839,2026-03-08 22:47:42.873851839+00:00,71303131836,6688.5,6688.25,['0.00 USD'],4e-05,0.25 USD,True
BACKTESTER-001,OracleStrategy-000,MESM6.GLBX,GLBX-001,O-20260308-224742-001-000-387,O-20260308-224826-001-000-388,BUY,FLAT,0,1,1773010062873851839,2026-03-08 22:47:42.873851839+00:00,1773010106324776315,2026-03-08 22:48:26.324776315+00:00,43450924476,6688.25,6689.5,['0.00 USD'],0.00019,1.25 USD,True
BACKTESTER-001,OracleStrategy-000,MESM6.GLBX,GLBX-001,O-20260308-224826-001-000-389,O-20260308-224840-001-000-390,SELL,FLAT,0,1,1773010106324776315,2026-03-08 22:48:26.324776315+00:00,1773010120110210511,2026-03-08 22:48:40.110210511+00:00,13785434196,6689.5,6689.0,['0.00 USD'],7e-05,0.50 USD,True
BACKTESTER-001,OracleStrategy-000,MESM6.GLBX,GLBX-001,O-20260308-224840-001-000-391,O-20260308-224841-001-000-392,BUY,FLAT,0,1,1773010120110210511,2026-03-08 22:48:40.110210511+00:00,1773010121441692250,2026-03-08 22:48:41.441692250+00:00,1331481739,6689.0,6690.0,['0.00 USD'],0.00015,1.00 USD,True
BACKTESTER-001,OracleStrategy-000,MESM6.GLBX,GLBX-001,O-20260308-224841-001-000-393,O-20260308-224903-001-000-394,SELL,FLAT,0,1,1773010121441692250,2026-03-08 22:48:41.441692250+00:00,1773010143067252951,2026-03-08 22:49:03.067252951+00:00,21625560701,6690.0,6690.0,['0.00 USD'],0.0,0.00 USD,True
BACKTESTER-001,OracleStrategy-000,MESM6.GLBX,GLBX-001,O-20260308-224903-001-000-395,O-20260308-224907-001-000-396,BUY,FLAT,0,1,1773010143067252951,2026-03-08 22:49:03.067252951+00:00,1773010147210109351,2026-03-08 22:49:07.210109351+00:00,4142856400,6690.0,6690.5,['0.00 USD'],7e-05,0.50 USD,True
BACKTESTER-001,OracleStrategy-000,MESM6.GLBX,GLBX-001,O-20260308-224907-001-000-397,O-20260308-224931-001-000-398,SELL,FLAT,0,1,1773010147210109351,2026-03-08 22:49:07.210109351+00:00,1773010171601506096,2026-03-08 22:49:31.601506096+00:00,24391396745,6690.5,6689.25,['0.00 USD'],0.00019,1.25 USD,True
BACKTESTER-001,OracleStrategy-000,MESM6.GLBX,GLBX-001,O-20260308-224931-001-000-399,O-20260308-224943-001-000-400,BUY,FLAT,0,1,1773010171601506096,2026-03-08 22:49:31.601506096+00:00,1773010183041084571,2026-03-08 22:49:43.041084571+00:00,11439578475,6689.25,6688.25,['0.00 USD'],-0.00015,-1.00 USD,True
BACKTESTER-001,OracleStrategy-000,MESM6.GLBX,GLBX-001,O-20260308-224943-001-000-401,O-20260308-225127-001-000-402,SELL,FLAT,0,1,1773010183041084571,2026-03-08 22:49:43.041084571+00:00,1773010287694579584,2026-03-08 22:51:27.694579584+00:00,104653495013,6688.25,6686.25,['0.00 USD'],0.0003,2.00 USD,True
BACKTESTER-001,OracleStrategy-000,MESM6.GLBX,GLBX-001,O-20260308-225127-001-000-403,O-20260308-225246-001-000-404,BUY,FLAT,0,1,1773010287694579584,2026-03-08 22:51:27.694579584+00:00,1773010366402007547,2026-03-08 22:52:46.402007547+00:00,78707427963,6686.25,6684.25,['0.00 USD'],-0.0003,-2.00 USD,True
BACKTESTER-001,OracleStrategy-000,MESM6.GLBX,GLBX-001,O-20260308-225247-001-000-406,O-20260308-225321-001-000-407,BUY,FLAT,0,1,1773010367535466688,2026-03-08 22:52:47.535466688+00:00,1773010401526510405,2026-03-08 22:53:21.526510405+00:00,33991043717,6684.25,6687.5,['0.00 USD'],0.00049,3.25 USD,True
BACKTESTER-001,OracleStrategy-000,MESM6.GLBX,GLBX-001,O-20260308-225321-001-000-408,O-20260308-225339-001-000-409,SELL,FLAT,0,1,1773010401526510405,2026-03-08 22:53:21.526510405+00:00,1773010419991394704,2026-03-08 22:53:39.991394704+00:00,18464884299,6687.5,6686.25,['0.00 USD'],0.00019,1.25 USD,True
BACKTESTER-001,OracleStrategy-000,MESM6.GLBX,GLBX-001,O-20260308-225339-001-000-410,O-20260308-225346-001-000-411,BUY,FLAT,0,1,1773010419991394704,2026-03-08 22:53:39.991394704+00:00,1773010426477184770,2026-03-08 22:53:46.477184770+00:00,6485790066,6686.25,6685.5,['0.00 USD'],-0.00011,-0.75 USD,True
BACKTESTER-001,OracleStrategy-000,MESM6.GLBX,GLBX-001,O-20260308-225346-001-000-412,O-20260308-225351-001-000-413,SELL,FLAT,0,1,1773010426477184770,2026-03-08 22:53:46.477184770+00:00,1773010431472853261,2026-03-08 22:53:51.472853261+00:00,4995668491,6685.5,6685.0,['0.00 USD'],7e-05,0.50 USD,True
BACKTESTER-001,OracleStrategy-000,MESM6.GLBX,GLBX-001,O-20260308-225351-001-000-414,O-20260308-225419-001-000-415,BUY,FLAT,0,1,1773010431472853261,2026-03-08 22:53:51.472853261+00:00,1773010459377962131,2026-03-08 22:54:19.377962131+00:00,27905108870,6685.0,6688.5,['0.00 USD'],0.00052,3.50 USD,True
BACKTESTER-001,OracleStrategy-000,MESM6.GLBX,GLBX-001,O-20260308-225419-001-000-416,O-20260308-225451-001-000-417,SELL,FLAT,0,1,1773010459377962131,2026-03-08 22:54:19.377962131+00:00,1773010491932607520,2026-03-08 22:54:51.932607520+00:00,32554645389,6688.5,6686.25,['0.00 USD'],0.00034,2.25 USD,True
BACKTESTER-001,OracleStrategy-000,MESM6.GLBX,GLBX-001,O-20260308-225456-001-000-419,O-20260308-225510-001-000-420,BUY,FLAT,0,1,1773010496066789931,2026-03-08 22:54:56.066789931+00:00,1773010510113903779,2026-03-08 22:55:10.113903779+00:00,14047113848,6688.25,6688.75,['0.00 USD'],7e-05,0.50 USD,True
BACKTESTER-001,OracleStrategy-000,MESM6.GLBX,GLBX-001,O-20260308-225510-001-000-421,O-20260308-225629-001-000-422,SELL,FLAT,0,1,1773010510113903779,2026-03-08 22:55:10.113903779+00:00,1773010589833486727,2026-03-08 22:56:29.833486727+00:00,79719582948,6688.75,6686.25,['0.00 USD'],0.00037,2.50 USD,True
BACKTESTER-001,OracleStrategy-000,MESM6.GLBX,GLBX-001,O-20260308-225629-001-000-423,O-20260308-225634-001-000-424,BUY,FLAT,0,1,1773010589833486727,2026-03-08 22:56:29.833486727+00:00,1773010594981532891,2026-03-08 22:56:34.981532891+00:00,5148046164,6686.25,6686.75,['0.00 USD'],7e-05,0.50 USD,True
BACKTESTER-001,OracleStrategy-000,MESM6.GLBX,GLBX-001,O-20260308-225634-001-000-425,O-20260308-225738-001-000-426,SELL,FLAT,0,1,1773010594981532891,2026-03-08 22:56:34.981532891+00:00,1773010658236324255,2026-03-08 22:57:38.236324255+00:00,63254791364,6686.75,6685.0,['0.00 USD'],0.00026,1.75 USD,True
BACKTESTER-001,OracleStrategy-000,MESM6.GLBX,GLBX-001,O-20260308-225738-001-000-427,O-20260308-225847-001-000-428,BUY,FLAT,0,1,1773010658236324255,2026-03-08 22:57:38.236324255+00:00,1773010727218678892,2026-03-08 22:58:47.218678892+00:00,68982354637,6685.0,6684.0,['0.00 USD'],-0.00015,-1.00 USD,True
BACKTESTER-001,OracleStrategy-000,MESM6.GLBX,GLBX-001,O-20260308-225906-001-000-430,O-20260308-230010-001-000-431,BUY,FLAT,0,1,1773010746188824728,2026-03-08 22:59:06.188824728+00:00,1773010810449335552,2026-03-08 23:00:10.449335552+00:00,64260510824,6684.75,6692.0,['0.00 USD'],0.00108,7.25 USD,True
BACKTESTER-001,OracleStrategy-000,MESM6.GLBX,GLBX-001,O-20260308-230010-001-000-432,O-20260308-230016-001-000-433,SELL,FLAT,0,1,1773010810449335552,2026-03-08 23:00:10.449335552+00:00,1773010816529674368,2026-03-08 23:00:16.529674368+00:00,6080338816,6692.0,6693.75,['0.00 USD'],-0.00026,-1.75 USD,True
BACKTESTER-001,OracleStrategy-000,MESM6.GLBX,GLBX-001,O-20260308-230016-001-000-434,O-20260308-230023-001-000-435,BUY,FLAT,0,1,1773010816529674368,2026-03-08 23:00:16.529674368+00:00,1773010823389858680,2026-03-08 23:00:23.389858680+00:00,6860184312,6693.75,6694.75,['0.00 USD'],0.00015,1.00 USD,True
BACKTESTER-001,OracleStrategy-000,MESM6.GLBX,GLBX-001,O-20260308-230023-001-000-436,O-20260308-230042-001-000-437,SELL,FLAT,0,1,1773010823389858680,2026-03-08 23:00:23.389858680+00:00,1773010842706578259,2026-03-08 23:00:42.706578259+00:00,19316719579,6694.75,6691.75,['0.00 USD'],0.00045,3.00 USD,True
BACKTESTER-001,OracleStrategy-000,MESM6.GLBX,GLBX-001,O-20260308-230042-001-000-438,O-20260308-230045-001-000-439,BUY,FLAT,0,1,1773010842706578259,2026-03-08 23:00:42.706578259+00:00,1773010845539320020,2026-03-08 23:00:45.539320020+00:00,2832741761,6691.75,6692.5,['0.00 USD'],0.00011,0.75 USD,True
BACKTESTER-001,OracleStrategy-000,MESM6.GLBX,GLBX-001,O-20260308-230045-001-000-440,O-20260308-230047-001-000-441,SELL,FLAT,0,1,1773010845539320020,2026-03-08 23:00:45.539320020+00:00,1773010847529199053,2026-03-08 23:00:47.529199053+00:00,1989879033,6692.5,6692.0,['0.00 USD'],7e-05,0.50 USD,True
BACKTESTER-001,OracleStrategy-000,MESM6.GLBX,GLBX-001,O-20260308-230047-001-000-442,O-20260308-230059-001-000-443,BUY,FLAT,0,1,1773010847529199053,2026-03-08 23:00:47.529199053+00:00,1773010859224407858,2026-03-08 23:00:59.224407858+00:00,11695208805,6692.0,6690.0,['0.00 USD'],-0.0003,-2.00 USD,True
BACKTESTER-001,OracleStrategy-000,MESM6.GLBX,GLBX-001,O-20260308-230059-001-000-444,O-20260308-230101-001-000-445,SELL,FLAT,0,1,1773010859224407858,2026-03-08 23:00:59.224407858+00:00,1773010861164365546,2026-03-08 23:01:01.164365546+00:00,1939957688,6690.0,6692.0,['0.00 USD'],-0.0003,-2.00 USD,True
BACKTESTER-001,OracleStrategy-000,MESM6.GLBX,GLBX-001,O-20260308-230101-001-000-446,O-20260308-230110-001-000-447,BUY,FLAT,0,1,1773010861164365546,2026-03-08 23:01:01.164365546+00:00,1773010870022265254,2026-03-08 23:01:10.022265254+00:00,8857899708,6692.0,6691.5,['0.00 USD'],-7e-05,-0.50 USD,True
BACKTESTER-001,OracleStrategy-000,MESM6.GLBX,GLBX-001,O-20260308-230110-001-000-448,O-20260308-230137-001-000-449,SELL,FLAT,0,1,1773010870022265254,2026-03-08 23:01:10.022265254+00:00,1773010897385673903,2026-03-08 23:01:37.385673903+00:00,27363408649,6691.5,6691.25,['0.00 USD'],4e-05,0.25 USD,True
BACKTESTER-001,OracleStrategy-000,MESM6.GLBX,GLBX-001,O-20260308-230137-001-000-450,O-20260308-230208-001-000-451,BUY,FLAT,0,1,1773010897385673903,2026-03-08 23:01:37.385673903+00:00,1773010928767360637,2026-03-08 23:02:08.767360637+00:00,31381686734,6691.25,6688.5,['0.00 USD'],-0.00041,-2.75 USD,True
BACKTESTER-001,OracleStrategy-000,MESM6.GLBX,GLBX-001,O-20260308-230208-001-000-452,O-20260308-230259-001-000-453,SELL,FLAT,0,1,1773010928767360637,2026-03-08 23:02:08.767360637+00:00,1773010979515555450,2026-03-08 23:02:59.515555450+00:00,50748194813,6688.5,6688.5,['0.00 USD'],0.0,0.00 USD,True
BACKTESTER-001,OracleStrategy-000,MESM6.GLBX,GLBX-001,O-20260308-230259-001-000-454,O-20260308-230325-001-000-455,BUY,FLAT,0,1,1773010979515555450,2026-03-08 23:02:59.515555450+00:00,1773011005137361099,2026-03-08 23:03:25.137361099+00:00,25621805649,6688.5,6688.25,['0.00 USD'],-4e-05,-0.25 USD,True
BACKTESTER-001,OracleStrategy-000,MESM6.GLBX,GLBX-001,O-20260308-230325-001-000-456,O-20260308-230410-001-000-457,SELL,FLAT,0,1,1773011005137361099,2026-03-08 23:03:25.137361099+00:00,1773011050678023310,2026-03-08 23:04:10.678023310+00:00,45540662211,6688.25,6692.5,['0.00 USD'],-0.00064,-4.25 USD,True
BACKTESTER-001,OracleStrategy-000,MESM6.GLBX,GLBX-001,O-20260308-230422-001-000-459,O-20260308-230425-001-000-460,SELL,FLAT,0,1,1773011062498297527,2026-03-08 23:04:22.498297527+00:00,1773011065630441946,2026-03-08 23:04:25.630441946+00:00,3132144419,6692.0,6692.0,['0.00 USD'],0.0,0.00 USD,True
BACKTESTER-001,OracleStrategy-000,MESM6.GLBX,GLBX-001,O-20260308-230425-001-000-461,O-20260308-230433-001-000-462,BUY,FLAT,0,1,1773011065630441946,2026-03-08 23:04:25.630441946+00:00,1773011073036130968,2026-03-08 23:04:33.036130968+00:00,7405689022,6692.0,6691.0,['0.00 USD'],-0.00015,-1.00 USD,True
BACKTESTER-001,OracleStrategy-000,MESM6.GLBX,GLBX-001,O-20260308-230433-001-000-463,O-20260308-230454-001-000-464,SELL,FLAT,0,1,1773011073036130968,2026-03-08 23:04:33.036130968+00:00,1773011094587562055,2026-03-08 23:04:54.587562055+00:00,21551431087,6691.0,6690.25,['0.00 USD'],0.00011,0.75 USD,True
BACKTESTER-001,OracleStrategy-000,MESM6.GLBX,GLBX-001,O-20260308-230454-001-000-465,O-20260308-230551-001-000-466,BUY,FLAT,0,1,1773011094587562055,2026-03-08 23:04:54.587562055+00:00,1773011151844479466,2026-03-08 23:05:51.844479466+00:00,57256917411,6690.25,6690.0,['0.00 USD'],-4e-05,-0.25 USD,True
BACKTESTER-001,OracleStrategy-000,MESM6.GLBX,GLBX-001,O-20260308-230551-001-000-467,O-20260308-230617-001-000-468,SELL,FLAT,0,1,1773011151844479466,2026-03-08 23:05:51.844479466+00:00,1773011177277501877,2026-03-08 23:06:17.277501877+00:00,25433022411,6690.0,6690.0,['0.00 USD'],0.0,0.00 USD,True
BACKTESTER-001,OracleStrategy-000,MESM6.GLBX,GLBX-001,O-20260308-230617-001-000-469,O-20260308-230624-001-000-470,BUY,FLAT,0,1,1773011177277501877,2026-03-08 23:06:17.277501877+00:00,1773011184918662779,2026-03-08 23:06:24.918662779+00:00,7641160902,6690.0,6689.75,['0.00 USD'],-4e-05,-0.25 USD,True
BACKTESTER-001,OracleStrategy-000,MESM6.GLBX,GLBX-001,O-20260308-230624-001-000-471,O-20260308-230652-001-000-472,SELL,FLAT,0,1,1773011184918662779,2026-03-08 23:06:24.918662779+00:00,1773011212346481536,2026-03-08 23:06:52.346481536+00:00,27427818757,6689.75,6686.0,['0.00 USD'],0.00056,3.75 USD,True
BACKTESTER-001,OracleStrategy-000,MESM6.GLBX,GLBX-001,O-20260308-230652-001-000-473,O-20260308-230745-001-000-474,BUY,FLAT,0,1,1773011212346481536,2026-03-08 23:06:52.346481536+00:00,1773011265397604867,2026-03-08 23:07:45.397604867+00:00,53051123331,6686.0,6684.75,['0.00 USD'],-0.00019,-1.25 USD,True
BACKTESTER-001,OracleStrategy-000,MESM6.GLBX,GLBX-001,O-20260308-230745-001-000-475,O-20260308-230814-001-000-476,SELL,FLAT,0,1,1773011265397604867,2026-03-08 23:07:45.397604867+00:00,1773011294425409820,2026-03-08 23:08:14.425409820+00:00,29027804953,6684.75,6688.25,['0.00 USD'],-0.00052,-3.50 USD,True
BACKTESTER-001,OracleStrategy-000,MESM6.GLBX,GLBX-001,O-20260308-230917-001-000-478,O-20260308-230939-001-000-479,SELL,FLAT,0,1,1773011357346365440,2026-03-08 23:09:17.346365440+00:00,1773011379321358019,2026-03-08 23:09:39.321358019+00:00,21974992579,6682.5,6680.25,['0.00 USD'],0.00034,2.25 USD,True
BACKTESTER-001,OracleStrategy-000,MESM6.GLBX,GLBX-001,O-20260308-230944-001-000-481,O-20260308-231002-001-000-482,SELL,FLAT,0,1,1773011384899699999,2026-03-08 23:09:44.899699999+00:00,1773011402472434549,2026-03-08 23:10:02.472434549+00:00,17572734550,6678.75,6681.0,['0.00 USD'],-0.00034,-2.25 USD,True
BACKTESTER-001,OracleStrategy-000,MESM6.GLBX,GLBX-001,O-20260308-231002-001-000-483,O-20260308-231004-001-000-484,BUY,FLAT,0,1,1773011402472434549,2026-03-08 23:10:02.472434549+00:00,1773011404142699642,2026-03-08 23:10:04.142699642+00:00,1670265093,6681.0,6679.0,['0.00 USD'],-0.0003,-2.00 USD,True
BACKTESTER-001,OracleStrategy-000,MESM6.GLBX,GLBX-001,O-20260308-231004-001-000-485,O-20260308-231029-001-000-486,SELL,FLAT,0,1,1773011404142699642,2026-03-08 23:10:04.142699642+00:00,1773011429100762872,2026-03-08 23:10:29.100762872+00:00,24958063230,6679.0,6679.75,['0.00 USD'],-0.00011,-0.75 USD,True
BACKTESTER-001,OracleStrategy-000,MESM6.GLBX,GLBX-001,O-20260308-231029-001-000-487,O-20260308-231035-001-000-488,BUY,FLAT,0,1,1773011429100762872,2026-03-08 23:10:29.100762872+00:00,1773011435934749778,2026-03-08 23:10:35.934749778+00:00,6833986906,6679.75,6680.0,['0.00 USD'],4e-05,0.25 USD,True
BACKTESTER-001,OracleStrategy-000,MESM6.GLBX,GLBX-001,O-20260308-231035-001-000-489,O-20260308-231042-001-000-490,SELL,FLAT,0,1,1773011435934749778,2026-03-08 23:10:35.934749778+00:00,1773011442050033864,2026-03-08 23:10:42.050033864+00:00,6115284086,6680.0,6678.0,['0.00 USD'],0.0003,2.00 USD,True
BACKTESTER-001,OracleStrategy-000,MESM6.GLBX,GLBX-001,O-20260308-231042-001-000-491,O-20260308-231048-001-000-492,BUY,FLAT,0,1,1773011442050033864,2026-03-08 23:10:42.050033864+00:00,1773011448488622661,2026-03-08 23:10:48.488622661+00:00,6438588797,6678.0,6680.75,['0.00 USD'],0.00041,2.75 USD,True
BACKTESTER-001,OracleStrategy-000,MESM6.GLBX,GLBX-001,O-20260308-231048-001-000-493,O-20260308-231050-001-000-494,SELL,FLAT,0,1,1773011448488622661,2026-03-08 23:10:48.488622661+00:00,1773011450024191632,2026-03-08 23:10:50.024191632+00:00,1535568971,6680.75,6680.0,['0.00 USD'],0.00011,0.75 USD,True
BACKTESTER-001,OracleStrategy-000,MESM6.GLBX,GLBX-001,O-20260308-231056-001-000-496,O-20260308-231104-001-000-497,SELL,FLAT,0,1,1773011456243062289,2026-03-08 23:10:56.243062289+00:00,1773011464065116960,2026-03-08 23:11:04.065116960+00:00,7822054671,6678.75,6678.75,['0.00 USD'],0.0,0.00 USD,True
BACKTESTER-001,OracleStrategy-000,MESM6.GLBX,GLBX-001,O-20260308-231104-001-000-498,O-20260308-231138-001-000-499,BUY,FLAT,0,1,1773011464065116960,2026-03-08 23:11:04.065116960+00:00,1773011498374888089,2026-03-08 23:11:38.374888089+00:00,34309771129,6678.75,6681.5,['0.00 USD'],0.00041,2.75 USD,True
BACKTESTER-001,OracleStrategy-000,MESM6.GLBX,GLBX-001,O-20260308-231138-001-000-500,O-20260308-231230-001-000-501,SELL,FLAT,0,1,1773011498374888089,2026-03-08 23:11:38.374888089+00:00,1773011550086323234,2026-03-08 23:12:30.086323234+00:00,51711435145,6681.5,6678.5,['0.00 USD'],0.00045,3.00 USD,True
BACKTESTER-001,OracleStrategy-000,MESM6.GLBX,GLBX-001,O-20260308-231230-001-000-502,O-20260308-231303-001-000-503,BUY,FLAT,0,1,1773011550086323234,2026-03-08 23:12:30.086323234+00:00,1773011583746979792,2026-03-08 23:13:03.746979792+00:00,33660656558,6678.5,6679.5,['0.00 USD'],0.00015,1.00 USD,True
BACKTESTER-001,OracleStrategy-000,MESM6.GLBX,GLBX-001,O-20260308-231303-001-000-504,O-20260308-231312-001-000-505,SELL,FLAT,0,1,1773011583746979792,2026-03-08 23:13:03.746979792+00:00,1773011592182773728,2026-03-08 23:13:12.182773728+00:00,8435793936,6679.5,6679.75,['0.00 USD'],-4e-05,-0.25 USD,True
BACKTESTER-001,OracleStrategy-000,MESM6.GLBX,GLBX-001,O-20260308-231312-001-000-506,O-20260308-231334-001-000-507,BUY,FLAT,0,1,1773011592182773728,2026-03-08 23:13:12.182773728+00:00,1773011614460214245,2026-03-08 23:13:34.460214245+00:00,22277440517,6679.75,6678.0,['0.00 USD'],-0.00026,-1.75 USD,True
BACKTESTER-001,OracleStrategy-000,MESM6.GLBX,GLBX-001,O-20260308-231334-001-000-508,O-20260308-231502-001-000-509,SELL,FLAT,0,1,1773011614460214245,2026-03-08 23:13:34.460214245+00:00,1773011702744464301,2026-03-08 23:15:02.744464301+00:00,88284250056,6678.0,6680.75,['0.00 USD'],-0.00041,-2.75 USD,True
BACKTESTER-001,OracleStrategy-000,MESM6.GLBX,GLBX-001,O-20260308-231502-001-000-510,O-20260308-231516-001-000-511,BUY,FLAT,0,1,1773011702744464301,2026-03-08 23:15:02.744464301+00:00,1773011716242294552,2026-03-08 23:15:16.242294552+00:00,13497830251,6680.75,6680.0,['0.00 USD'],-0.00011,-0.75 USD,True
BACKTESTER-001,OracleStrategy-000,MESM6.GLBX,GLBX-001,O-20260308-231516-001-000-512,O-20260308-231551-001-000-513,SELL,FLAT,0,1,1773011716242294552,2026-03-08 23:15:16.242294552+00:00,1773011751768551523,2026-03-08 23:15:51.768551523+00:00,35526256971,6680.0,6680.5,['0.00 USD'],-7e-05,-0.50 USD,True
BACKTESTER-001,OracleStrategy-000,MESM6.GLBX,GLBX-001,O-20260308-231551-001-000-514,O-20260308-231628-001-000-515,BUY,FLAT,0,1,1773011751768551523,2026-03-08 23:15:51.768551523+00:00,1773011788854466843,2026-03-08 23:16:28.854466843+00:00,37085915320,6680.5,6682.25,['0.00 USD'],0.00026,1.75 USD,True
BACKTESTER-001,OracleStrategy-000,MESM6.GLBX,GLBX-001,O-20260308-231628-001-000-516,O-20260308-231709-001-000-517,SELL,FLAT,0,1,1773011788854466843,2026-03-08 23:16:28.854466843+00:00,1773011829788696936,2026-03-08 23:17:09.788696936+00:00,40934230093,6682.25,6683.5,['0.00 USD'],-0.00019,-1.25 USD,True
BACKTESTER-001,OracleStrategy-000,MESM6.GLBX,GLBX-001,O-20260308-231709-001-000-518,O-20260308-231757-001-000-519,BUY,FLAT,0,1,1773011829788696936,2026-03-08 23:17:09.788696936+00:00,1773011877941459973,2026-03-08 23:17:57.941459973+00:00,48152763037,6683.5,6683.75,['0.00 USD'],4e-05,0.25 USD,True
BACKTESTER-001,OracleStrategy-000,MESM6.GLBX,GLBX-001,O-20260308-231757-001-000-520,O-20260308-231800-001-000-521,SELL,FLAT,0,1,1773011877941459973,2026-03-08 23:17:57.941459973+00:00,1773011880053955095,2026-03-08 23:18:00.053955095+00:00,2112495122,6683.75,6684.0,['0.00 USD'],-4e-05,-0.25 USD,True
BACKTESTER-001,OracleStrategy-000,MESM6.GLBX,GLBX-001,O-20260308-231800-001-000-522,O-20260308-231905-001-000-523,BUY,FLAT,0,1,1773011880053955095,2026-03-08 23:18:00.053955095+00:00,1773011945514889264,2026-03-08 23:19:05.514889264+00:00,65460934169,6684.0,6684.25,['0.00 USD'],4e-05,0.25 USD,True
BACKTESTER-001,OracleStrategy-000,MESM6.GLBX,GLBX-001,O-20260308-231905-001-000-524,O-20260308-231949-001-000-525,SELL,FLAT,0,1,1773011945514889264,2026-03-08 23:19:05.514889264+00:00,1773011989253008699,2026-03-08 23:19:49.253008699+00:00,43738119435,6684.25,6685.0,['0.00 USD'],-0.00011,-0.75 USD,True
BACKTESTER-001,OracleStrategy-000,MESM6.GLBX,GLBX-001,O-20260308-231949-001-000-526,O-20260308-232108-001-000-527,BUY,FLAT,0,1,1773011989253008699,2026-03-08 23:19:49.253008699+00:00,1773012068009104659,2026-03-08 23:21:08.009104659+00:00,78756095960,6685.0,6685.25,['0.00 USD'],4e-05,0.25 USD,True
BACKTESTER-001,OracleStrategy-000,MESM6.GLBX,GLBX-001,O-20260308-232108-001-000-528,O-20260308-232326-001-000-529,SELL,FLAT,0,1,1773012068009104659,2026-03-08 23:21:08.009104659+00:00,1773012206527679064,2026-03-08 23:23:26.527679064+00:00,138518574405,6685.25,6685.25,['0.00 USD'],0.0,0.00 USD,True
BACKTESTER-001,OracleStrategy-000,MESM6.GLBX,GLBX-001,O-20260308-232326-001-000-530,O-20260308-232403-001-000-531,BUY,FLAT,0,1,1773012206527679064,2026-03-08 23:23:26.527679064+00:00,1773012243010174267,2026-03-08 23:24:03.010174267+00:00,36482495203,6685.25,6685.25,['0.00 USD'],0.0,0.00 USD,True
BACKTESTER-001,OracleStrategy-000,MESM6.GLBX,GLBX-001,O-20260308-232403-001-000-532,O-20260308-232424-001-000-533,SELL,FLAT,0,1,1773012243010174267,2026-03-08 23:24:03.010174267+00:00,1773012264839189915,2026-03-08 23:24:24.839189915+00:00,21829015648,6685.25,6685.0,['0.00 USD'],4e-05,0.25 USD,True
BACKTESTER-001,OracleStrategy-000,MESM6.GLBX,GLBX-001,O-20260308-232424-001-000-534,O-20260308-232431-001-000-535,BUY,FLAT,0,1,1773012264839189915,2026-03-08 23:24:24.839189915+00:00,1773012271563558706,2026-03-08 23:24:31.563558706+00:00,6724368791,6685.0,6684.0,['0.00 USD'],-0.00015,-1.00 USD,True
BACKTESTER-001,OracleStrategy-000,MESM6.GLBX,GLBX-001,O-20260308-232431-001-000-536,O-20260308-232500-001-000-537,SELL,FLAT,0,1,1773012271563558706,2026-03-08 23:24:31.563558706+00:00,1773012300380797693,2026-03-08 23:25:00.380797693+00:00,28817238987,6684.0,6684.0,['0.00 USD'],0.0,0.00 USD,True
BACKTESTER-001,OracleStrategy-000,MESM6.GLBX,GLBX-001,O-20260308-232500-001-000-538,O-20260308-232530-001-000-539,BUY,FLAT,0,1,1773012300380797693,2026-03-08 23:25:00.380797693+00:00,1773012330826558288,2026-03-08 23:25:30.826558288+00:00,30445760595,6684.0,6682.0,['0.00 USD'],-0.0003,-2.00 USD,True
BACKTESTER-001,OracleStrategy-000,MESM6.GLBX,GLBX-001,O-20260308-232534-001-000-541,O-20260308-232608-001-000-542,SELL,FLAT,0,1,1773012334271204803,2026-03-08 23:25:34.271204803+00:00,1773012368968035467,2026-03-08 23:26:08.968035467+00:00,34696830664,6683.75,6683.5,['0.00 USD'],4e-05,0.25 USD,True
BACKTESTER-001,OracleStrategy-000,MESM6.GLBX,GLBX-001,O-20260308-232608-001-000-543,O-20260308-232619-001-000-544,BUY,FLAT,0,1,1773012368968035467,2026-03-08 23:26:08.968035467+00:00,1773012379918149527,2026-03-08 23:26:19.918149527+00:00,10950114060,6683.5,6683.0,['0.00 USD'],-7e-05,-0.50 USD,True
BACKTESTER-001,OracleStrategy-000,MESM6.GLBX,GLBX-001,O-20260308-232619-001-000-545,O-20260308-232653-001-000-546,SELL,FLAT,0,1,1773012379918149527,2026-03-08 23:26:19.918149527+00:00,1773012413635605947,2026-03-08 23:26:53.635605947+00:00,33717456420,6683.0,6683.25,['0.00 USD'],-4e-05,-0.25 USD,True
BACKTESTER-001,OracleStrategy-000,MESM6.GLBX,GLBX-001,O-20260308-232701-001-000-548,O-20260308-232747-001-000-549,SELL,FLAT,0,1,1773012421111527631,2026-03-08 23:27:01.111527631+00:00,1773012467260663013,2026-03-08 23:27:47.260663013+00:00,46149135382,6682.5,6681.0,['0.00 USD'],0.00022,1.50 USD,True
BACKTESTER-001,OracleStrategy-000,MESM6.GLBX,GLBX-001,O-20260308-232747-001-000-550,O-20260308-233003-001-000-551,BUY,FLAT,0,1,1773012467260663013,2026-03-08 23:27:47.260663013+00:00,1773012603429852127,2026-03-08 23:30:03.429852127+00:00,136169189114,6681.0,6684.25,['0.00 USD'],0.00049,3.25 USD,True
BACKTESTER-001,OracleStrategy-000,MESM6.GLBX,GLBX-001,O-20260308-233003-001-000-552,O-20260308-233031-001-000-553,SELL,FLAT,0,1,1773012603429852127,2026-03-08 23:30:03.429852127+00:00,1773012631092544043,2026-03-08 23:30:31.092544043+00:00,27662691916,6684.25,6683.25,['0.00 USD'],0.00015,1.00 USD,True
BACKTESTER-001,OracleStrategy-000,MESM6.GLBX,GLBX-001,O-20260308-233031-001-000-554,O-20260308-233147-001-000-555,BUY,FLAT,0,1,1773012631092544043,2026-03-08 23:30:31.092544043+00:00,1773012707705700951,2026-03-08 23:31:47.705700951+00:00,76613156908,6683.25,6683.0,['0.00 USD'],-4e-05,-0.25 USD,True
BACKTESTER-001,OracleStrategy-000,MESM6.GLBX,GLBX-001,O-20260308-233147-001-000-556,O-20260308-233149-001-000-557,SELL,FLAT,0,1,1773012707705700951,2026-03-08 23:31:47.705700951+00:00,1773012709709694504,2026-03-08 23:31:49.709694504+00:00,2003993553,6683.0,6683.25,['0.00 USD'],-4e-05,-0.25 USD,True
BACKTESTER-001,OracleStrategy-000,MESM6.GLBX,GLBX-001,O-20260308-233149-001-000-558,O-20260308-233209-001-000-559,BUY,FLAT,0,1,1773012709709694504,2026-03-08 23:31:49.709694504+00:00,1773012729587186030,2026-03-08 23:32:09.587186030+00:00,19877491526,6683.25,6683.75,['0.00 USD'],7e-05,0.50 USD,True
BACKTESTER-001,OracleStrategy-000,MESM6.GLBX,GLBX-001,O-20260308-233209-001-000-560,O-20260308-233230-001-000-561,SELL,FLAT,0,1,1773012729587186030,2026-03-08 23:32:09.587186030+00:00,1773012750712196592,2026-03-08 23:32:30.712196592+00:00,21125010562,6683.75,6681.0,['0.00 USD'],0.00041,2.75 USD,True
BACKTESTER-001,OracleStrategy-000,MESM6.GLBX,GLBX-001,O-20260308-233230-001-000-562,O-20260308-233303-001-000-563,BUY,FLAT,0,1,1773012750712196592,2026-03-08 23:32:30.712196592+00:00,1773012783772219117,2026-03-08 23:33:03.772219117+00:00,33060022525,6681.0,6678.0,['0.00 USD'],-0.00045,-3.00 USD,True
BACKTESTER-001,OracleStrategy-000,MESM6.GLBX,GLBX-001,O-20260308-233306-001-000-565,O-20260308-233318-001-000-566,BUY,FLAT,0,1,1773012786852330306,2026-03-08 23:33:06.852330306+00:00,1773012798482379288,2026-03-08 23:33:18.482379288+00:00,11630048982,6678.25,6679.5,['0.00 USD'],0.00019,1.25 USD,True
BACKTESTER-001,OracleStrategy-000,MESM6.GLBX,GLBX-001,O-20260308-233318-001-000-567,O-20260308-233339-001-000-568,SELL,FLAT,0,1,1773012798482379288,2026-03-08 23:33:18.482379288+00:00,1773012819031982574,2026-03-08 23:33:39.031982574+00:00,20549603286,6679.5,6678.25,['0.00 USD'],0.00019,1.25 USD,True
BACKTESTER-001,OracleStrategy-000,MESM6.GLBX,GLBX-001,O-20260308-233339-001-000-569,O-20260308-233427-001-000-570,BUY,FLAT,0,1,1773012819031982574,2026-03-08 23:33:39.031982574+00:00,1773012867754573883,2026-03-08 23:34:27.754573883+00:00,48722591309,6678.25,6679.75,['0.00 USD'],0.00022,1.50 USD,True
BACKTESTER-001,OracleStrategy-000,MESM6.GLBX,GLBX-001,O-20260308-233427-001-000-571,O-20260308-233532-001-000-572,SELL,FLAT,0,1,1773012867754573883,2026-03-08 23:34:27.754573883+00:00,1773012932665604360,2026-03-08 23:35:32.665604360+00:00,64911030477,6679.75,6679.25,['0.00 USD'],7e-05,0.50 USD,True
BACKTESTER-001,OracleStrategy-000,MESM6.GLBX,GLBX-001,O-20260308-233532-001-000-573,O-20260308-233547-001-000-574,BUY,FLAT,0,1,1773012932665604360,2026-03-08 23:35:32.665604360+00:00,1773012947877457050,2026-03-08 23:35:47.877457050+00:00,15211852690,6679.25,6679.25,['0.00 USD'],0.0,0.00 USD,True
BACKTESTER-001,OracleStrategy-000,MESM6.GLBX,GLBX-001,O-20260308-233547-001-000-575,O-20260308-233558-001-000-576,SELL,FLAT,0,1,1773012947877457050,2026-03-08 23:35:47.877457050+00:00,1773012958396706769,2026-03-08 23:35:58.396706769+00:00,10519249719,6679.25,6680.0,['0.00 USD'],-0.00011,-0.75 USD,True
BACKTESTER-001,OracleStrategy-000,MESM6.GLBX,GLBX-001,O-20260308-233558-001-000-577,O-20260308-233622-001-000-578,BUY,FLAT,0,1,1773012958396706769,2026-03-08 23:35:58.396706769+00:00,1773012982057157656,2026-03-08 23:36:22.057157656+00:00,23660450887,6680.0,6679.75,['0.00 USD'],-4e-05,-0.25 USD,True
BACKTESTER-001,OracleStrategy-000,MESM6.GLBX,GLBX-001,O-20260308-233622-001-000-579,O-20260308-233641-001-000-580,SELL,FLAT,0,1,1773012982057157656,2026-03-08 23:36:22.057157656+00:00,1773013001032910407,2026-03-08 23:36:41.032910407+00:00,18975752751,6679.75,6679.75,['0.00 USD'],0.0,0.00 USD,True
BACKTESTER-001,OracleStrategy-000,MESM6.GLBX,GLBX-001,O-20260308-233641-001-000-581,O-20260308-233656-001-000-582,BUY,FLAT,0,1,1773013001032910407,2026-03-08 23:36:41.032910407+00:00,1773013016209360971,2026-03-08 23:36:56.209360971+00:00,15176450564,6679.75,6679.75,['0.00 USD'],0.0,0.00 USD,True
BACKTESTER-001,OracleStrategy-000,MESM6.GLBX,GLBX-001,O-20260308-233656-001-000-583,O-20260308-233704-001-000-584,SELL,FLAT,0,1,1773013016209360971,2026-03-08 23:36:56.209360971+00:00,1773013024742350942,2026-03-08 23:37:04.742350942+00:00,8532989971,6679.75,6680.0,['0.00 USD'],-4e-05,-0.25 USD,True
BACKTESTER-001,OracleStrategy-000,MESM6.GLBX,GLBX-001,O-20260308-233704-001-000-585,O-20260308-233721-001-000-586,BUY,FLAT,0,1,1773013024742350942,2026-03-08 23:37:04.742350942+00:00,1773013041532125559,2026-03-08 23:37:21.532125559+00:00,16789774617,6680.0,6678.5,['0.00 USD'],-0.00022,-1.50 USD,True
BACKTESTER-001,OracleStrategy-000,MESM6.GLBX,GLBX-001,O-20260308-233721-001-000-587,O-20260308-233739-001-000-588,SELL,FLAT,0,1,1773013041532125559,2026-03-08 23:37:21.532125559+00:00,1773013059242199235,2026-03-08 23:37:39.242199235+00:00,17710073676,6678.5,6679.0,['0.00 USD'],-7e-05,-0.50 USD,True
BACKTESTER-001,OracleStrategy-000,MESM6.GLBX,GLBX-001,O-20260308-233739-001-000-589,O-20260308-233753-001-000-590,BUY,FLAT,0,1,1773013059242199235,2026-03-08 23:37:39.242199235+00:00,1773013073472714229,2026-03-08 23:37:53.472714229+00:00,14230514994,6679.0,6678.25,['0.00 USD'],-0.00011,-0.75 USD,True
BACKTESTER-001,OracleStrategy-000,MESM6.GLBX,GLBX-001,O-20260308-233753-001-000-591,O-20260308-233825-001-000-592,SELL,FLAT,0,1,1773013073472714229,2026-03-08 23:37:53.472714229+00:00,1773013105646937082,2026-03-08 23:38:25.646937082+00:00,32174222853,6678.25,6674.75,['0.00 USD'],0.00052,3.50 USD,True
BACKTESTER-001,OracleStrategy-000,MESM6.GLBX,GLBX-001,O-20260308-233825-001-000-593,O-20260308-233830-001-000-594,BUY,FLAT,0,1,1773013105646937082,2026-03-08 23:38:25.646937082+00:00,1773013110489925352,2026-03-08 23:38:30.489925352+00:00,4842988270,6674.75,6677.5,['0.00 USD'],0.00041,2.75 USD,True
BACKTESTER-001,OracleStrategy-000,MESM6.GLBX,GLBX-001,O-20260308-233830-001-000-595,O-20260308-233930-001-000-596,SELL,FLAT,0,1,1773013110489925352,2026-03-08 23:38:30.489925352+00:00,1773013170987523055,2026-03-08 23:39:30.987523055+00:00,60497597703,6677.5,6674.0,['0.00 USD'],0.00052,3.50 USD,True
BACKTESTER-001,OracleStrategy-000,MESM6.GLBX,GLBX-001,O-20260308-233930-001-000-597,O-20260308-234001-001-000-598,BUY,FLAT,0,1,1773013170987523055,2026-03-08 23:39:30.987523055+00:00,1773013201972845415,2026-03-08 23:40:01.972845415+00:00,30985322360,6674.0,6675.25,['0.00 USD'],0.00019,1.25 USD,True
BACKTESTER-001,OracleStrategy-000,MESM6.GLBX,GLBX-001,O-20260308-234001-001-000-599,O-20260308-234004-001-000-600,SELL,FLAT,0,1,1773013201972845415,2026-03-08 23:40:01.972845415+00:00,1773013204009604227,2026-03-08 23:40:04.009604227+00:00,2036758812,6675.25,6673.75,['0.00 USD'],0.00022,1.50 USD,True
BACKTESTER-001,OracleStrategy-000,MESM6.GLBX,GLBX-001,O-20260308-234013-001-000-602,O-20260308-234016-001-000-603,BUY,FLAT,0,1,1773013213022352427,2026-03-08 23:40:13.022352427+00:00,1773013216097144837,2026-03-08 23:40:16.097144837+00:00,3074792410,6675.0,6675.5,['0.00 USD'],7e-05,0.50 USD,True
BACKTESTER-001,OracleStrategy-000,MESM6.GLBX,GLBX-001,O-20260308-234023-001-000-605,O-20260308-234100-001-000-606,BUY,FLAT,0,1,1773013223453814245,2026-03-08 23:40:23.453814245+00:00,1773013260678637640,2026-03-08 23:41:00.678637640+00:00,37224823395,6674.75,6675.0,['0.00 USD'],4e-05,0.25 USD,True
BACKTESTER-001,OracleStrategy-000,MESM6.GLBX,GLBX-001,O-20260308-234100-001-000-607,O-20260308-234106-001-000-608,SELL,FLAT,0,1,1773013260678637640,2026-03-08 23:41:00.678637640+00:00,1773013266066678498,2026-03-08 23:41:06.066678498+00:00,5388040858,6675.0,6675.0,['0.00 USD'],0.0,0.00 USD,True
BACKTESTER-001,OracleStrategy-000,MESM6.GLBX,GLBX-001,O-20260308-234106-001-000-609,O-20260308-234114-001-000-610,BUY,FLAT,0,1,1773013266066678498,2026-03-08 23:41:06.066678498+00:00,1773013274202164563,2026-03-08 23:41:14.202164563+00:00,8135486065,6675.0,6677.25,['0.00 USD'],0.00034,2.25 USD,True
BACKTESTER-001,OracleStrategy-000,MESM6.GLBX,GLBX-001,O-20260308-234114-001-000-611,O-20260308-234145-001-000-612,SELL,FLAT,0,1,1773013274202164563,2026-03-08 23:41:14.202164563+00:00,1773013305212469658,2026-03-08 23:41:45.212469658+00:00,31010305095,6677.25,6675.5,['0.00 USD'],0.00026,1.75 USD,True
BACKTESTER-001,OracleStrategy-000,MESM6.GLBX,GLBX-001,O-20260308-234145-001-000-613,O-20260308-234238-001-000-614,BUY,FLAT,0,1,1773013305212469658,2026-03-08 23:41:45.212469658+00:00,1773013358576469227,2026-03-08 23:42:38.576469227+00:00,53363999569,6675.5,6676.75,['0.00 USD'],0.00019,1.25 USD,True
BACKTESTER-001,OracleStrategy-000,MESM6.GLBX,GLBX-001,O-20260308-234322-001-000-616,O-20260308-234349-001-000-617,SELL,FLAT,0,1,1773013402084350807,2026-03-08 23:43:22.084350807+00:00,1773013429992335851,2026-03-08 23:43:49.992335851+00:00,27907985044,6679.0,6679.25,['0.00 USD'],-4e-05,-0.25 USD,True
BACKTESTER-001,OracleStrategy-000,MESM6.GLBX,GLBX-001,O-20260308-234349-001-000-618,O-20260308-234402-001-000-619,BUY,FLAT,0,1,1773013429992335851,2026-03-08 23:43:49.992335851+00:00,1773013442170833199,2026-03-08 23:44:02.170833199+00:00,12178497348,6679.25,6679.0,['0.00 USD'],-4e-05,-0.25 USD,True
BACKTESTER-001,OracleStrategy-000,MESM6.GLBX,GLBX-001,O-20260308-234402-001-000-620,O-20260308-234415-001-000-621,SELL,FLAT,0,1,1773013442170833199,2026-03-08 23:44:02.170833199+00:00,1773013455550325107,2026-03-08 23:44:15.550325107+00:00,13379491908,6679.0,6680.0,['0.00 USD'],-0.00015,-1.00 USD,True
BACKTESTER-001,OracleStrategy-000,MESM6.GLBX,GLBX-001,O-20260308-234415-001-000-622,O-20260308-234449-001-000-623,BUY,FLAT,0,1,1773013455550325107,2026-03-08 23:44:15.550325107+00:00,1773013489094058642,2026-03-08 23:44:49.094058642+00:00,33543733535,6680.0,6678.5,['0.00 USD'],-0.00022,-1.50 USD,True
BACKTESTER-001,OracleStrategy-000,MESM6.GLBX,GLBX-001,O-20260308-234449-001-000-624,O-20260308-234605-001-000-625,SELL,FLAT,0,1,1773013489094058642,2026-03-08 23:44:49.094058642+00:00,1773013565207776472,2026-03-08 23:46:05.207776472+00:00,76113717830,6678.5,6676.75,['0.00 USD'],0.00026,1.75 USD,True
BACKTESTER-001,OracleStrategy-000,MESM6.GLBX,GLBX-001,O-20260308-234605-001-000-626,O-20260308-234636-001-000-627,BUY,FLAT,0,1,1773013565207776472,2026-03-08 23:46:05.207776472+00:00,1773013596761447779,2026-03-08 23:46:36.761447779+00:00,31553671307,6676.75,6675.5,['0.00 USD'],-0.00019,-1.25 USD,True
BACKTESTER-001,OracleStrategy-000,MESM6.GLBX,GLBX-001,O-20260308-234636-001-000-628,O-20260308-234638-001-000-629,SELL,FLAT,0,1,1773013596761447779,2026-03-08 23:46:36.761447779+00:00,1773013598869921647,2026-03-08 23:46:38.869921647+00:00,2108473868,6675.5,6675.5,['0.00 USD'],0.0,0.00 USD,True
BACKTESTER-001,OracleStrategy-000,MESM6.GLBX,GLBX-001,O-20260308-234638-001-000-630,O-20260308-234649-001-000-631,BUY,FLAT,0,1,1773013598869921647,2026-03-08 23:46:38.869921647+00:00,1773013609405687384,2026-03-08 23:46:49.405687384+00:00,10535765737,6675.5,6674.25,['0.00 USD'],-0.00019,-1.25 USD,True
BACKTESTER-001,OracleStrategy-000,MESM6.GLBX,GLBX-001,O-20260308-234649-001-000-632,O-20260308-234849-001-000-633,SELL,FLAT,0,1,1773013609405687384,2026-03-08 23:46:49.405687384+00:00,1773013729722622215,2026-03-08 23:48:49.722622215+00:00,120316934831,6674.25,6670.0,['0.00 USD'],0.00064,4.25 USD,True
BACKTESTER-001,OracleStrategy-000,MESM6.GLBX,GLBX-001,O-20260308-234849-001-000-634,O-20260308-234923-001-000-635,BUY,FLAT,0,1,1773013729722622215,2026-03-08 23:48:49.722622215+00:00,1773013763182465235,2026-03-08 23:49:23.182465235+00:00,33459843020,6670.0,6674.75,['0.00 USD'],0.00071,4.75 USD,True
BACKTESTER-001,OracleStrategy-000,MESM6.GLBX,GLBX-001,O-20260308-234923-001-000-636,O-20260308-234934-001-000-637,SELL,FLAT,0,1,1773013763182465235,2026-03-08 23:49:23.182465235+00:00,1773013774039803482,2026-03-08 23:49:34.039803482+00:00,10857338247,6674.75,6675.75,['0.00 USD'],-0.00015,-1.00 USD,True
BACKTESTER-001,OracleStrategy-000,MESM6.GLBX,GLBX-001,O-20260308-234934-001-000-638,O-20260308-234936-001-000-639,BUY,FLAT,0,1,1773013774039803482,2026-03-08 23:49:34.039803482+00:00,1773013776044411944,2026-03-08 23:49:36.044411944+00:00,2004608462,6675.75,6673.75,['0.00 USD'],-0.0003,-2.00 USD,True
BACKTESTER-001,OracleStrategy-000,MESM6.GLBX,GLBX-001,O-20260308-234936-001-000-640,O-20260308-235005-001-000-641,SELL,FLAT,0,1,1773013776044411944,2026-03-08 23:49:36.044411944+00:00,1773013805837402831,2026-03-08 23:50:05.837402831+00:00,29792990887,6673.75,6675.25,['0.00 USD'],-0.00022,-1.50 USD,True
BACKTESTER-001,OracleStrategy-000,MESM6.GLBX,GLBX-001,O-20260308-235005-001-000-642,O-20260308-235009-001-000-643,BUY,FLAT,0,1,1773013805837402831,2026-03-08 23:50:05.837402831+00:00,1773013809386959319,2026-03-08 23:50:09.386959319+00:00,3549556488,6675.25,6675.75,['0.00 USD'],7e-05,0.50 USD,True
BACKTESTER-001,OracleStrategy-000,MESM6.GLBX,GLBX-001,O-20260308-235009-001-000-644,O-20260308-235013-001-000-645,SELL,FLAT,0,1,1773013809386959319,2026-03-08 23:50:09.386959319+00:00,1773013813074497188,2026-03-08 23:50:13.074497188+00:00,3687537869,6675.75,6678.0,['0.00 USD'],-0.00034,-2.25 USD,True
BACKTESTER-001,OracleStrategy-000,MESM6.GLBX,GLBX-001,O-20260308-235013-001-000-646,O-20260308-235017-001-000-647,BUY,FLAT,0,1,1773013813074497188,2026-03-08 23:50:13.074497188+00:00,1773013817985754767,2026-03-08 23:50:17.985754767+00:00,4911257579,6678.0,6677.5,['0.00 USD'],-7e-05,-0.50 USD,True
BACKTESTER-001,OracleStrategy-000,MESM6.GLBX,GLBX-001,O-20260308-235017-001-000-648,O-20260308-235108-001-000-649,SELL,FLAT,0,1,1773013817985754767,2026-03-08 23:50:17.985754767+00:00,1773013868711215517,2026-03-08 23:51:08.711215517+00:00,50725460750,6677.5,6678.5,['0.00 USD'],-0.00015,-1.00 USD,True
BACKTESTER-001,OracleStrategy-000,MESM6.GLBX,GLBX-001,O-20260308-235108-001-000-650,O-20260308-235116-001-000-651,BUY,FLAT,0,1,1773013868711215517,2026-03-08 23:51:08.711215517+00:00,1773013876174904837,2026-03-08 23:51:16.174904837+00:00,7463689320,6678.5,6676.0,['0.00 USD'],-0.00037,-2.50 USD,True
BACKTESTER-001,OracleStrategy-000,MESM6.GLBX,GLBX-001,O-20260308-235116-001-000-652,O-20260308-235342-001-000-653,SELL,FLAT,0,1,1773013876174904837,2026-03-08 23:51:16.174904837+00:00,1773014022030540724,2026-03-08 23:53:42.030540724+00:00,145855635887,6676.0,6670.5,['0.00 USD'],0.00082,5.50 USD,True
BACKTESTER-001,OracleStrategy-000,MESM6.GLBX,GLBX-001,O-20260308-235342-001-000-654,O-20260308-235344-001-000-655,BUY,FLAT,0,1,1773014022030540724,2026-03-08 23:53:42.030540724+00:00,1773014024876659455,2026-03-08 23:53:44.876659455+00:00,2846118731,6670.5,6670.75,['0.00 USD'],4e-05,0.25 USD,True
BACKTESTER-001,OracleStrategy-000,MESM6.GLBX,GLBX-001,O-20260308-235344-001-000-656,O-20260308-235356-001-000-657,SELL,FLAT,0,1,1773014024876659455,2026-03-08 23:53:44.876659455+00:00,1773014036569296413,2026-03-08 23:53:56.569296413+00:00,11692636958,6670.75,6670.5,['0.00 USD'],4e-05,0.25 USD,True
BACKTESTER-001,OracleStrategy-000,MESM6.GLBX,GLBX-001,O-20260308-235356-001-000-658,O-20260308-235400-001-000-659,BUY,FLAT,0,1,1773014036569296413,2026-03-08 23:53:56.569296413+00:00,1773014040056713826,2026-03-08 23:54:00.056713826+00:00,3487417413,6670.5,6673.25,['0.00 USD'],0.00041,2.75 USD,True
BACKTESTER-001,OracleStrategy-000,MESM6.GLBX,GLBX-001,O-20260308-235400-001-000-660,O-20260308-235404-001-000-661,SELL,FLAT,0,1,1773014040056713826,2026-03-08 23:54:00.056713826+00:00,1773014044532157042,2026-03-08 23:54:04.532157042+00:00,4475443216,6673.25,6674.0,['0.00 USD'],-0.00011,-0.75 USD,True
BACKTESTER-001,OracleStrategy-000,MESM6.GLBX,GLBX-001,O-20260308-235404-001-000-662,O-20260308-235416-001-000-663,BUY,FLAT,0,1,1773014044532157042,2026-03-08 23:54:04.532157042+00:00,1773014056632774855,2026-03-08 23:54:16.632774855+00:00,12100617813,6674.0,6673.0,['0.00 USD'],-0.00015,-1.00 USD,True
BACKTESTER-001,OracleStrategy-000,MESM6.GLBX,GLBX-001,O-20260308-235416-001-000-664,O-20260308-235420-001-000-665,SELL,FLAT,0,1,1773014056632774855,2026-03-08 23:54:16.632774855+00:00,1773014060942292760,2026-03-08 23:54:20.942292760+00:00,4309517905,6673.0,6673.0,['0.00 USD'],0.0,0.00 USD,True
BACKTESTER-001,OracleStrategy-000,MESM6.GLBX,GLBX-001,O-20260308-235420-001-000-666,O-20260308-235423-001-000-667,BUY,FLAT,0,1,1773014060942292760,2026-03-08 23:54:20.942292760+00:00,1773014063510327219,2026-03-08 23:54:23.510327219+00:00,2568034459,6673.0,6671.75,['0.00 USD'],-0.00019,-1.25 USD,True
BACKTESTER-001,OracleStrategy-000,MESM6.GLBX,GLBX-001,O-20260308-235425-001-000-669,O-20260308-235427-001-000-670,SELL,FLAT,0,1,1773014065035342994,2026-03-08 23:54:25.035342994+00:00,1773014067838990013,2026-03-08 23:54:27.838990013+00:00,2803647019,6672.25,6672.5,['0.00 USD'],-4e-05,-0.25 USD,True
BACKTESTER-001,OracleStrategy-000,MESM6.GLBX,GLBX-001,O-20260308-235427-001-000-671,O-20260308-235554-001-000-672,BUY,FLAT,0,1,1773014067838990013,2026-03-08 23:54:27.838990013+00:00,1773014154173732846,2026-03-08 23:55:54.173732846+00:00,86334742833,6672.5,6674.25,['0.00 USD'],0.00026,1.75 USD,True
BACKTESTER-001,OracleStrategy-000,MESM6.GLBX,GLBX-001,O-20260308-235554-001-000-673,O-20260308-235556-001-000-674,SELL,FLAT,0,1,1773014154173732846,2026-03-08 23:55:54.173732846+00:00,1773014156626573683,2026-03-08 23:55:56.626573683+00:00,2452840837,6674.25,6675.25,['0.00 USD'],-0.00015,-1.00 USD,True
BACKTESTER-001,OracleStrategy-000,MESM6.GLBX,GLBX-001,O-20260308-235600-001-000-676,O-20260308-235606-001-000-677,SELL,FLAT,0,1,1773014160177749226,2026-03-08 23:56:00.177749226+00:00,1773014166405854639,2026-03-08 23:56:06.405854639+00:00,6228105413,6674.5,6674.75,['0.00 USD'],-4e-05,-0.25 USD,True
BACKTESTER-001,OracleStrategy-000,MESM6.GLBX,GLBX-001,O-20260308-235606-001-000-678,O-20260308-235635-001-000-679,BUY,FLAT,0,1,1773014166405854639,2026-03-08 23:56:06.405854639+00:00,1773014195756376698,2026-03-08 23:56:35.756376698+00:00,29350522059,6674.75,6675.75,['0.00 USD'],0.00015,1.00 USD,True
BACKTESTER-001,OracleStrategy-000,MESM6.GLBX,GLBX-001,O-20260308-235635-001-000-680,O-20260308-235651-001-000-681,SELL,FLAT,0,1,1773014195756376698,2026-03-08 23:56:35.756376698+00:00,1773014211837816128,2026-03-08 23:56:51.837816128+00:00,16081439430,6675.75,6677.25,['0.00 USD'],-0.00022,-1.50 USD,True
BACKTESTER-001,OracleStrategy-000,MESM6.GLBX,GLBX-001,O-20260308-235651-001-000-682,O-20260308-235655-001-000-683,BUY,FLAT,0,1,1773014211837816128,2026-03-08 23:56:51.837816128+00:00,1773014215388353920,2026-03-08 23:56:55.388353920+00:00,3550537792,6677.25,6678.75,['0.00 USD'],0.00022,1.50 USD,True
BACKTESTER-001,OracleStrategy-000,MESM6.GLBX,GLBX-001,O-20260308-235655-001-000-684,O-20260308-235726-001-000-685,SELL,FLAT,0,1,1773014215388353920,2026-03-08 23:56:55.388353920+00:00,1773014246805891371,2026-03-08 23:57:26.805891371+00:00,31417537451,6678.75,6672.0,['0.00 USD'],0.00101,6.75 USD,True
BACKTESTER-001,OracleStrategy-000,MESM6.GLBX,GLBX-001,O-20260308-235726-001-000-686,O-20260308-235727-001-000-687,BUY,FLAT,0,1,1773014246805891371,2026-03-08 23:57:26.805891371+00:00,1773014247848523720,2026-03-08 23:57:27.848523720+00:00,1042632349,6672.0,6672.0,['0.00 USD'],0.0,0.00 USD,True
BACKTESTER-001,OracleStrategy-000,MESM6.GLBX,GLBX-001,O-20260308-235727-001-000-688,O-20260308-235729-001-000-689,SELL,FLAT,0,1,1773014247848523720,2026-03-08 23:57:27.848523720+00:00,1773014249954377366,2026-03-08 23:57:29.954377366+00:00,2105853646,6672.0,6670.75,['0.00 USD'],0.00019,1.25 USD,True
BACKTESTER-001,OracleStrategy-000,MESM6.GLBX,GLBX-001,O-20260308-235729-001-000-690,O-20260308-235811-001-000-691,BUY,FLAT,0,1,1773014249954377366,2026-03-08 23:57:29.954377366+00:00,1773014291533932794,2026-03-08 23:58:11.533932794+00:00,41579555428,6670.75,6671.25,['0.00 USD'],7e-05,0.50 USD,True
BACKTESTER-001,OracleStrategy-000,MESM6.GLBX,GLBX-001,O-20260308-235811-001-000-692,O-20260308-235825-001-000-693,SELL,FLAT,0,1,1773014291533932794,2026-03-08 23:58:11.533932794+00:00,1773014305164399455,2026-03-08 23:58:25.164399455+00:00,13630466661,6671.25,6673.0,['0.00 USD'],-0.00026,-1.75 USD,True
BACKTESTER-001,OracleStrategy-000,MESM6.GLBX,GLBX-001,O-20260308-235825-001-000-694,O-20260308-235844-001-000-695,BUY,FLAT,0,1,1773014305164399455,2026-03-08 23:58:25.164399455+00:00,1773014324831609080,2026-03-08 23:58:44.831609080+00:00,19667209625,6673.0,6673.0,['0.00 USD'],0.0,0.00 USD,True
BACKTESTER-001,OracleStrategy-000,MESM6.GLBX,GLBX-001,O-20260308-235844-001-000-696,O-20260308-235851-001-000-697,SELL,FLAT,0,1,1773014324831609080,2026-03-08 23:58:44.831609080+00:00,1773014331569842282,2026-03-08 23:58:51.569842282+00:00,6738233202,6673.0,6673.0,['0.00 USD'],0.0,0.00 USD,True
BACKTESTER-001,OracleStrategy-000,MESM6.GLBX,GLBX-001,O-20260308-235851-001-000-698,O-20260308-235908-001-000-699,BUY,FLAT,0,1,1773014331569842282,2026-03-08 23:58:51.569842282+00:00,1773014348204917370,2026-03-08 23:59:08.204917370+00:00,16635075088,6673.0,6674.75,['0.00 USD'],0.00026,1.75 USD,True
BACKTESTER-001,OracleStrategy-000,MESM6.GLBX,GLBX-001,O-20260308-235908-001-000-700,O-20260308-235959-001-000-701,SELL,FLAT,0,1,1773014348204917370,2026-03-08 23:59:08.204917370+00:00,1773014399269426645,2026-03-08 23:59:59.269426645+00:00,51064509275,6674.75,6677.0,['0.00 USD'],-0.00034,-2.25 USD,False
