{
  "starting_balance": 1000000.0,
  "final_equity": 1002372.25,
  "total_return_pct": 0.237225,
  "realized_pnl": 2372.25,
  "max_drawdown_pct": -0.0002246482009173634,
  "sharpe_ratio": 467.9217220461485,
  "trade_count": 1607,
  "winners": 1323,
  "losers": 150,
  "win_rate": 0.8232731798382078,
  "long_count": 797,
  "short_count": 810,
  "order_count": 4820,
  "fill_count": 3213,
  "total_commissions": 0.0,
  "mean_slippage": 0.0,
  "max_abs_slippage": 0.0
}