{
  "starting_balance": 1000000.0,
  "final_equity": 1002905.67,
  "total_return_pct": 0.2905670000000042,
  "realized_pnl": 2905.67,
  "max_drawdown_pct": -0.000552455825490128,
  "sharpe_ratio": 473.5455339885276,
  "trade_count": 3564,
  "winners": 2359,
  "losers": 754,
  "win_rate": 0.6618967452300786,
  "long_count": 1779,
  "short_count": 1785,
  "order_count": 9023,
  "fill_count": 7128,
  "total_commissions": 0.0,
  "mean_slippage": 0.0,
  "max_abs_slippage": 0.0
}