{
  "starting_balance": 1000000.0,
  "final_equity": 1002059.25,
  "total_return_pct": 0.205925,
  "realized_pnl": 2059.25,
  "max_drawdown_pct": -0.000274761575642736,
  "sharpe_ratio": 566.3017285197658,
  "trade_count": 3358,
  "winners": 2383,
  "losers": 390,
  "win_rate": 0.7096486003573556,
  "long_count": 1689,
  "short_count": 1669,
  "order_count": 9537,
  "fill_count": 6716,
  "total_commissions": 0.0,
  "mean_slippage": 0.0,
  "max_abs_slippage": 0.0
}