{
  "starting_balance": 1000000.0,
  "final_equity": 1002540.0,
  "total_return_pct": 0.254,
  "realized_pnl": 2540.0,
  "max_drawdown_pct": -0.00022469104980651604,
  "sharpe_ratio": 513.3747104835103,
  "trade_count": 3707,
  "winners": 2676,
  "losers": 411,
  "win_rate": 0.7218775289991907,
  "long_count": 1853,
  "short_count": 1854,
  "order_count": 9807,
  "fill_count": 7414,
  "total_commissions": 0.0,
  "mean_slippage": 0.0,
  "max_abs_slippage": 0.0
}