{
  "starting_balance": 1000000.0,
  "final_equity": 1002114.25,
  "total_return_pct": 0.21142499999999997,
  "realized_pnl": 2114.25,
  "max_drawdown_pct": -0.00047402741425280683,
  "sharpe_ratio": 437.4934699949413,
  "trade_count": 4359,
  "winners": 2563,
  "losers": 821,
  "win_rate": 0.5879788942417986,
  "long_count": 2179,
  "short_count": 2180,
  "order_count": 8718,
  "fill_count": 8718,
  "total_commissions": 0.0,
  "mean_slippage": 0.0,
  "max_abs_slippage": 0.0
}