{
  "starting_balance": 1000000.0,
  "final_equity": 1003092.0,
  "total_return_pct": 0.30920000000000003,
  "realized_pnl": 3092.0,
  "max_drawdown_pct": -0.0004742298507224268,
  "sharpe_ratio": 382.72506550583904,
  "trade_count": 1194,
  "winners": 1010,
  "losers": 133,
  "win_rate": 0.8458961474036851,
  "long_count": 597,
  "short_count": 597,
  "order_count": 2388,
  "fill_count": 2388,
  "total_commissions": 0.0,
  "mean_slippage": 0.0,
  "max_abs_slippage": 0.0
}