{
  "starting_balance": 1000000.0,
  "final_equity": 1000042.71,
  "total_return_pct": 0.004270999999996274,
  "realized_pnl": 42.71,
  "max_drawdown_pct": -4.9998975520991574e-05,
  "sharpe_ratio": 46.03327006069565,
  "trade_count": 15,
  "winners": 12,
  "losers": 3,
  "win_rate": 0.8,
  "long_count": 12,
  "short_count": 3,
  "order_count": 5721,
  "fill_count": 30,
  "total_commissions": 0.0,
  "mean_slippage": 0.0,
  "max_abs_slippage": 0.0
}