{
  "starting_balance": 1000000.0,
  "final_equity": 1002520.75,
  "total_return_pct": 0.252075,
  "realized_pnl": 2520.75,
  "max_drawdown_pct": -0.00027459833129090424,
  "sharpe_ratio": 503.5734327485716,
  "trade_count": 4396,
  "winners": 2964,
  "losers": 590,
  "win_rate": 0.6742493175614195,
  "long_count": 2198,
  "short_count": 2198,
  "order_count": 8792,
  "fill_count": 8792,
  "total_commissions": 0.0,
  "mean_slippage": 0.0,
  "max_abs_slippage": 0.0
}