{
  "starting_balance": 1000000.0,
  "final_equity": 999946.75,
  "total_return_pct": -0.005325,
  "realized_pnl": -53.25,
  "max_drawdown_pct": -0.011099450577196428,
  "sharpe_ratio": -17.34543450708319,
  "trade_count": 60,
  "winners": 16,
  "losers": 44,
  "win_rate": 0.26666666666666666,
  "long_count": 30,
  "short_count": 30,
  "order_count": 120,
  "fill_count": 120,
  "total_commissions": 0.0,
  "mean_slippage": 0.0,
  "max_abs_slippage": 0.0,
  "arrival_mid_captured": 120,
  "arrival_mid_total": 120,
  "is_mean_bps": 0.22767033640337417,
  "is_weighted_bps": 0.22767033640337417,
  "is_max_bps": 0.3787878787878788,
  "is_min_bps": 0.18788869473723765,
  "is_total_price": 18.125
}